source_organisation,dataset,period,sheet_name,column_position,original_column_name,inferred_role,example_value,notes
NBS,NBS Selected Food Price Watch,2025-09,Selected Food Sept 2025,1,Item Label,product,"Agric hen eggs,",
NBS,NBS Selected Food Price Watch,2025-09,Selected Food Sept 2025,2,Average of September-24,unknown,219.63850517306676,
NBS,NBS Selected Food Price Watch,2025-09,Selected Food Sept 2025,3,Average of August-25,unknown,254.696751969535,
NBS,NBS Selected Food Price Watch,2025-09,Selected Food Sept 2025,4,Average of September-25,unknown,248.215446160356,
NBS,NBS Selected Food Price Watch,2025-09,Selected Food Sept 2025,5,MoM,percentage,-2.544714747659695,
NBS,NBS Selected Food Price Watch,2025-09,Selected Food Sept 2025,6,YoY,percentage,13.010897595014914,
NBS,NBS Selected Food Price Watch,2025-09,Selected Food Sept 2025,7,Highest,geography,Enugu (325.88), | detected as the geography column
NBS,NBS Selected Food Price Watch,2025-09,Selected Food Sept 2025,8,Lowest,metadata,Yobe (213.13),
NBS,NBS Selected Food Price Watch,2025-09,Selected Food Sept 2025,9,,unknown,,blank header cell
NBS,NBS Selected Food Price Watch,2025-09,Zone All item,1,Item Label,product,"Agric hen eggs,",
NBS,NBS Selected Food Price Watch,2025-09,Zone All item,2,NORTH CENTRAL,unknown,254.71726193263,
NBS,NBS Selected Food Price Watch,2025-09,Zone All item,3,NORTH EAST,unknown,233.09346180555553,
NBS,NBS Selected Food Price Watch,2025-09,Zone All item,4,NORTH WEST,unknown,239.76733996598634,
NBS,NBS Selected Food Price Watch,2025-09,Zone All item,5,SOUTH EAST,unknown,268.8533333333333,
NBS,NBS Selected Food Price Watch,2025-09,Zone All item,6,SOUTH SOUTH,unknown,248.40924801587303,
NBS,NBS Selected Food Price Watch,2025-09,Zone All item,7,SOUTH WEST,unknown,248.2160615079365,
NBS,NBS Selected Food Price Watch,2025-08,Selected Food August 2025,1,Item Label,product,"Agric hen eggs,",
NBS,NBS Selected Food Price Watch,2025-08,Selected Food August 2025,2,Average of August-24,unknown,198.63494048738735,
NBS,NBS Selected Food Price Watch,2025-08,Selected Food August 2025,3,Average of July-25,unknown,270.7705925485273,
NBS,NBS Selected Food Price Watch,2025-08,Selected Food August 2025,4,Average of August-25,unknown,254.696751969535,
NBS,NBS Selected Food Price Watch,2025-08,Selected Food August 2025,5,MoM,percentage,-5.936331721884296,
NBS,NBS Selected Food Price Watch,2025-08,Selected Food August 2025,6,YoY,percentage,28.22353979848142,
NBS,NBS Selected Food Price Watch,2025-08,Selected Food August 2025,7,Highest,geography,Enugu (326), | detected as the geography column
NBS,NBS Selected Food Price Watch,2025-08,Selected Food August 2025,8,Lowest,metadata,Gombe (233.99),
NBS,NBS Selected Food Price Watch,2025-08,Selected Food August 2025,9,,unknown,,blank header cell
NBS,NBS Selected Food Price Watch,2025-08,Selected Food August 2025,10,,unknown,,blank header cell
NBS,NBS Selected Food Price Watch,2025-08,Selected Food August 2025,11,,unknown,,blank header cell
NBS,NBS Selected Food Price Watch,2025-08,Selected Food August 2025,12,,unknown,,blank header cell
NBS,NBS Selected Food Price Watch,2025-08,Zone All item,1,Item Label,product,"Agric hen eggs,",
NBS,NBS Selected Food Price Watch,2025-08,Zone All item,2,NORTH CENTRAL,unknown,255.65914391380184,
NBS,NBS Selected Food Price Watch,2025-08,Zone All item,3,NORTH EAST,unknown,243.74909722222228,
NBS,NBS Selected Food Price Watch,2025-08,Zone All item,4,NORTH WEST,unknown,243.7046462585024,
NBS,NBS Selected Food Price Watch,2025-08,Zone All item,5,SOUTH EAST,unknown,280.55,
NBS,NBS Selected Food Price Watch,2025-08,Zone All item,6,SOUTH SOUTH,unknown,261.78567460317464,
NBS,NBS Selected Food Price Watch,2025-08,Zone All item,7,SOUTH WEST,unknown,248.71244345238097,
NBS,NBS Selected Food Price Watch,2025-10,Selected Food October 2025,1,Item Label,product,"Agric hen eggs,",
NBS,NBS Selected Food Price Watch,2025-10,Selected Food October 2025,2,Average of October-24,unknown,235.67349814172533,
NBS,NBS Selected Food Price Watch,2025-10,Selected Food October 2025,3,Average of September-25,unknown,248.215446160356,
NBS,NBS Selected Food Price Watch,2025-10,Selected Food October 2025,4,Average of October-25,unknown,252.79055205869216,
NBS,NBS Selected Food Price Watch,2025-10,Selected Food October 2025,5,MoM,percentage,1.8431995144171913,
NBS,NBS Selected Food Price Watch,2025-10,Selected Food October 2025,6,YoY,percentage,7.263037232414337,
NBS,NBS Selected Food Price Watch,2025-10,Selected Food October 2025,7,Highest,geography,Enugu (300), | detected as the geography column
NBS,NBS Selected Food Price Watch,2025-10,Selected Food October 2025,8,Lowest,metadata,Gombe (229.44),
NBS,NBS Selected Food Price Watch,2025-10,Selected Food October 2025,9,,unknown,,blank header cell
NBS,NBS Selected Food Price Watch,2025-10,Selected Food October 2025,10,,unknown,,blank header cell
NBS,NBS Selected Food Price Watch,2025-10,Selected Food October 2025,11,,unknown,,blank header cell
NBS,NBS Selected Food Price Watch,2025-10,Zone All item,1,Item Label,product,"Agric hen eggs,",
NBS,NBS Selected Food Price Watch,2025-10,Zone All item,2,NORTH CENTRAL,unknown,245.6897219066734,
NBS,NBS Selected Food Price Watch,2025-10,Zone All item,3,NORTH EAST,unknown,269.61710484994165,
NBS,NBS Selected Food Price Watch,2025-10,Zone All item,4,NORTH WEST,unknown,241.5941162494208,
NBS,NBS Selected Food Price Watch,2025-10,Zone All item,5,SOUTH EAST,unknown,271.6457979006226,
NBS,NBS Selected Food Price Watch,2025-10,Zone All item,6,SOUTH SOUTH,unknown,246.61326190476186,
NBS,NBS Selected Food Price Watch,2025-10,Zone All item,7,SOUTH WEST,unknown,247.7753948412698,
NBS,NBS Selected Food Price Watch,2026-04,Selected Food April 2026,1,Item Label,product,"Agric hen eggs,",
NBS,NBS Selected Food Price Watch,2026-04,Selected Food April 2026,2,Average of April-25,unknown,259.31615245998495,
NBS,NBS Selected Food Price Watch,2026-04,Selected Food April 2026,3,Average of March-26,unknown,256.48492026575803,
NBS,NBS Selected Food Price Watch,2026-04,Selected Food April 2026,4,Average of April-26,unknown,259.21819457952904,
NBS,NBS Selected Food Price Watch,2026-04,Selected Food April 2026,5,MoM,percentage,1.0656666719193122,
NBS,NBS Selected Food Price Watch,2026-04,Selected Food April 2026,6,YoY,percentage,-0.037775464245723804,
NBS,NBS Selected Food Price Watch,2026-04,Selected Food April 2026,7,Highest,geography,Abia (284.42), | detected as the geography column
NBS,NBS Selected Food Price Watch,2026-04,Selected Food April 2026,8,Lowest,metadata,Plateau (243.38),
NBS,NBS Selected Food Price Watch,2026-04,Selected Food April 2026,9,,unknown,,blank header cell
NBS,NBS Selected Food Price Watch,2026-04,Selected Food April 2026,10,,unknown,,blank header cell
NBS,NBS Selected Food Price Watch,2026-04,Selected Food April 2026,11,,unknown,,blank header cell
NBS,NBS Selected Food Price Watch,2026-04,Zone All item,1,Item Label,product,"Agric hen eggs,",
NBS,NBS Selected Food Price Watch,2026-04,Zone All item,2,NORTH CENTRAL,unknown,255.67327666897953,
NBS,NBS Selected Food Price Watch,2026-04,Zone All item,3,NORTH EAST,unknown,269.00945191019986,
NBS,NBS Selected Food Price Watch,2026-04,Zone All item,4,NORTH WEST,unknown,255.68165441777242,
NBS,NBS Selected Food Price Watch,2026-04,Zone All item,5,SOUTH EAST,unknown,263.5395745195204,
NBS,NBS Selected Food Price Watch,2026-04,Zone All item,6,SOUTH SOUTH,unknown,257.2693739023968,
NBS,NBS Selected Food Price Watch,2026-04,Zone All item,7,SOUTH WEST,unknown,256.0363090603548,
NBS,NBS Selected Food Price Watch,2025-12,Selected Food December 2025,1,Item Label,product,"Agric hen eggs,",
NBS,NBS Selected Food Price Watch,2025-12,Selected Food December 2025,2,Average of December-24,unknown,252.17,
NBS,NBS Selected Food Price Watch,2025-12,Selected Food December 2025,3,Average of November-25,unknown,244.9653384010952,
NBS,NBS Selected Food Price Watch,2025-12,Selected Food December 2025,4,Average of December-25,unknown,240.95684693717112,
NBS,NBS Selected Food Price Watch,2025-12,Selected Food December 2025,5,MoM,percentage,-1.6363504690450388,
NBS,NBS Selected Food Price Watch,2025-12,Selected Food December 2025,6,YoY,percentage,-4.446664180048724,
NBS,NBS Selected Food Price Watch,2025-12,Selected Food December 2025,7,Highest,geography,Borno (270.44), | detected as the geography column
NBS,NBS Selected Food Price Watch,2025-12,Selected Food December 2025,8,Lowest,metadata,Gombe (222.37),
NBS,NBS Selected Food Price Watch,2025-12,Selected Food December 2025,9,,unknown,,blank header cell
NBS,NBS Selected Food Price Watch,2025-12,Selected Food December 2025,10,,unknown,,blank header cell
NBS,NBS Selected Food Price Watch,2025-12,Selected Food December 2025,11,,unknown,,blank header cell
NBS,NBS Selected Food Price Watch,2025-12,Zone All item,1,Item Label,product,"Agric hen eggs,",
NBS,NBS Selected Food Price Watch,2025-12,Zone All item,2,NORTH CENTRAL,unknown,241.86444322216923,
NBS,NBS Selected Food Price Watch,2025-12,Zone All item,3,NORTH EAST,unknown,244.540497737585,
NBS,NBS Selected Food Price Watch,2025-12,Zone All item,4,NORTH WEST,unknown,238.10980095356874,
NBS,NBS Selected Food Price Watch,2025-12,Zone All item,5,SOUTH EAST,unknown,241.81906475335478,
NBS,NBS Selected Food Price Watch,2025-12,Zone All item,6,SOUTH SOUTH,unknown,238.1360405690635,
NBS,NBS Selected Food Price Watch,2025-12,Zone All item,7,SOUTH WEST,unknown,241.73817897308334,
NBS,NBS Selected Food Price Watch,2026-02,Selected Food February 2026,1,Item Label,product,"Agric hen eggs,",
NBS,NBS Selected Food Price Watch,2026-02,Selected Food February 2026,2,Average of February-25,unknown,251.94051654054056,
NBS,NBS Selected Food Price Watch,2026-02,Selected Food February 2026,3,Average of January-26,unknown,240.1632790829544,
NBS,NBS Selected Food Price Watch,2026-02,Selected Food February 2026,4,Average of February-26,unknown,248.34928079654358,
NBS,NBS Selected Food Price Watch,2026-02,Selected Food February 2026,5,MoM,percentage,3.4085151338900834,
NBS,NBS Selected Food Price Watch,2026-02,Selected Food February 2026,6,YoY,percentage,-1.4254300155088784,
NBS,NBS Selected Food Price Watch,2026-02,Selected Food February 2026,7,Highest,geography,Abia (282.17), | detected as the geography column
NBS,NBS Selected Food Price Watch,2026-02,Selected Food February 2026,8,Lowest,metadata,Niger (230.17),
NBS,NBS Selected Food Price Watch,2026-02,Selected Food February 2026,9,,unknown,,blank header cell
NBS,NBS Selected Food Price Watch,2026-02,Selected Food February 2026,10,,unknown,,blank header cell
NBS,NBS Selected Food Price Watch,2026-02,Selected Food February 2026,11,,unknown,,blank header cell
NBS,NBS Selected Food Price Watch,2026-02,Zone All item,1,Item Label,product,"Agric hen eggs,",
NBS,NBS Selected Food Price Watch,2026-02,Zone All item,2,NORTH CENTRAL,unknown,244.3424543787253,
NBS,NBS Selected Food Price Watch,2026-02,Zone All item,3,NORTH EAST,unknown,251.5444756729515,
NBS,NBS Selected Food Price Watch,2026-02,Zone All item,4,NORTH WEST,unknown,244.71871459416056,
NBS,NBS Selected Food Price Watch,2026-02,Zone All item,5,SOUTH EAST,unknown,258.1826070742642,
NBS,NBS Selected Food Price Watch,2026-02,Zone All item,6,SOUTH SOUTH,unknown,251.26937390239684,
NBS,NBS Selected Food Price Watch,2026-02,Zone All item,7,SOUTH WEST,unknown,242.94984563975,
NBS,NBS Selected Food Price Watch,2026-01,Selected Food January 2026,1,Item Label,product,"Agric hen eggs,",
NBS,NBS Selected Food Price Watch,2026-01,Selected Food January 2026,2,Average of January-25,unknown,248.04139052252253,
NBS,NBS Selected Food Price Watch,2026-01,Selected Food January 2026,3,Average of December-25,unknown,240.68657666690086,
NBS,NBS Selected Food Price Watch,2026-01,Selected Food January 2026,4,Average of January-26,unknown,240.1632790829544,
NBS,NBS Selected Food Price Watch,2026-01,Selected Food January 2026,5,MoM,percentage,-0.21741868250121751,
NBS,NBS Selected Food Price Watch,2026-01,Selected Food January 2026,6,YoY,percentage,-3.176127751490244,
NBS,NBS Selected Food Price Watch,2026-01,Selected Food January 2026,7,Highest,geography,Benue (260.97), | detected as the geography column
NBS,NBS Selected Food Price Watch,2026-01,Selected Food January 2026,8,Lowest,metadata,Gombe (222.64),
NBS,NBS Selected Food Price Watch,2026-01,Selected Food January 2026,9,,unknown,,blank header cell
NBS,NBS Selected Food Price Watch,2026-01,Selected Food January 2026,10,,unknown,,blank header cell
NBS,NBS Selected Food Price Watch,2026-01,Selected Food January 2026,11,,unknown,,blank header cell
NBS,NBS Selected Food Price Watch,2026-01,Zone All item,1,Item Label,product,"Agric hen eggs,",
NBS,NBS Selected Food Price Watch,2026-01,Zone All item,2,NORTH CENTRAL,unknown,241.93313484264232,
NBS,NBS Selected Food Price Watch,2026-01,Zone All item,3,NORTH EAST,unknown,241.71114233961816,
NBS,NBS Selected Food Price Watch,2026-01,Zone All item,4,NORTH WEST,unknown,236.24756498288974,
NBS,NBS Selected Food Price Watch,2026-01,Zone All item,5,SOUTH EAST,unknown,245.8928512,
NBS,NBS Selected Food Price Watch,2026-01,Zone All item,6,SOUTH SOUTH,unknown,238.10270723573015,
NBS,NBS Selected Food Price Watch,2026-01,Zone All item,7,SOUTH WEST,unknown,238.40484563975,
NBS,NBS Selected Food Price Watch,2025-07,Selected Food July 2025,1,Item Label,product,"Agric hen eggs,",
NBS,NBS Selected Food Price Watch,2025-07,Selected Food July 2025,2,Average of July-24,unknown,185.1027163063961,
NBS,NBS Selected Food Price Watch,2025-07,Selected Food July 2025,3,Average of June-25,unknown,268.1321911996009,
NBS,NBS Selected Food Price Watch,2025-07,Selected Food July 2025,4,Average of July-25,unknown,270.7705925485273,
NBS,NBS Selected Food Price Watch,2025-07,Selected Food July 2025,5,MoM,percentage,0.9839927601092554,
NBS,NBS Selected Food Price Watch,2025-07,Selected Food July 2025,6,YoY,percentage,46.28126369595096,
NBS,NBS Selected Food Price Watch,2025-07,Selected Food July 2025,7,Highest,geography,Enugu (374.66), | detected as the geography column
NBS,NBS Selected Food Price Watch,2025-07,Selected Food July 2025,8,Lowest,metadata,Gombe (230),
NBS,NBS Selected Food Price Watch,2025-07,Selected Food July 2025,9,,unknown,,blank header cell
NBS,NBS Selected Food Price Watch,2025-07,Selected Food July 2025,10,,unknown,,blank header cell
NBS,NBS Selected Food Price Watch,2025-07,Selected Food July 2025,11,,unknown,,blank header cell
NBS,NBS Selected Food Price Watch,2025-07,Selected Food July 2025,12,,unknown,,blank header cell
NBS,NBS Selected Food Price Watch,2025-07,Zone All item,1,Item Label,product,"Agric hen eggs,",
NBS,NBS Selected Food Price Watch,2025-07,Zone All item,2,NORTH CENTRAL,unknown,255.85216486810845,
NBS,NBS Selected Food Price Watch,2025-07,Zone All item,3,NORTH EAST,unknown,279.36753445,
NBS,NBS Selected Food Price Watch,2025-07,Zone All item,4,NORTH WEST,unknown,249.03635328881677,
NBS,NBS Selected Food Price Watch,2025-07,Zone All item,5,SOUTH EAST,unknown,312.8573458723987,
NBS,NBS Selected Food Price Watch,2025-07,Zone All item,6,SOUTH SOUTH,unknown,276.80006018917345,
NBS,NBS Selected Food Price Watch,2025-07,Zone All item,7,SOUTH WEST,unknown,263.8333333333333,
NBS,NBS Selected Food Price Watch,2025-06,Selected Food June 2025,1,Item Label,product,"Agric hen eggs,",
NBS,NBS Selected Food Price Watch,2025-06,Selected Food June 2025,2,Average of June-24,unknown,168.51178745247913,
NBS,NBS Selected Food Price Watch,2025-06,Selected Food June 2025,3,Average of May-25,date,265.72525010413347,
NBS,NBS Selected Food Price Watch,2025-06,Selected Food June 2025,4,Average of June-25,unknown,268.1321911996009,
NBS,NBS Selected Food Price Watch,2025-06,Selected Food June 2025,5,MoM,percentage,0.905800669873946,
NBS,NBS Selected Food Price Watch,2025-06,Selected Food June 2025,6,YoY,percentage,59.11776573802891,
NBS,NBS Selected Food Price Watch,2025-06,Selected Food June 2025,7,Highest,geography,Enugu (374.66), | detected as the geography column
NBS,NBS Selected Food Price Watch,2025-06,Selected Food June 2025,8,Lowest,metadata,Gombe (240),
NBS,NBS Selected Food Price Watch,2025-06,Selected Food June 2025,9,,unknown,,blank header cell
NBS,NBS Selected Food Price Watch,2025-06,Selected Food June 2025,10,,unknown,,blank header cell
NBS,NBS Selected Food Price Watch,2025-06,Selected Food June 2025,11,,unknown,,blank header cell
NBS,NBS Selected Food Price Watch,2025-06,Selected Food June 2025,12,,unknown,,blank header cell
NBS,NBS Selected Food Price Watch,2025-06,Zone All item,1,Item Label,product,"Agric hen eggs,",
NBS,NBS Selected Food Price Watch,2025-06,Zone All item,2,NORTH CENTRAL,unknown,255.34223631478253,
NBS,NBS Selected Food Price Watch,2025-06,Zone All item,3,NORTH EAST,unknown,263.7083333333333,
NBS,NBS Selected Food Price Watch,2025-06,Zone All item,4,NORTH WEST,unknown,249.64600013340552,
NBS,NBS Selected Food Price Watch,2025-06,Zone All item,5,SOUTH EAST,unknown,310.45891768448,
NBS,NBS Selected Food Price Watch,2025-06,Zone All item,6,SOUTH SOUTH,unknown,274.37168688361834,
NBS,NBS Selected Food Price Watch,2025-06,Zone All item,7,SOUTH WEST,unknown,267.53311825396827,
NBS,NBS Selected Food Price Watch,2026-03,Selected Food March 2026,1,Item Label,product,"Agric hen eggs,",
NBS,NBS Selected Food Price Watch,2026-03,Selected Food March 2026,2,Average of March-25,unknown,261.1823462867568,
NBS,NBS Selected Food Price Watch,2026-03,Selected Food March 2026,3,Average of February-26,unknown,248.34928079654358,
NBS,NBS Selected Food Price Watch,2026-03,Selected Food March 2026,4,Average of March-26,unknown,256.48492026575803,
NBS,NBS Selected Food Price Watch,2026-03,Selected Food March 2026,5,MoM,percentage,3.2758860597947344,
NBS,NBS Selected Food Price Watch,2026-03,Selected Food March 2026,6,YoY,percentage,-1.7985235555857109,
NBS,NBS Selected Food Price Watch,2026-03,Selected Food March 2026,7,Highest,geography,Abia (284.06), | detected as the geography column
NBS,NBS Selected Food Price Watch,2026-03,Selected Food March 2026,8,Lowest,metadata,Plateau (240.75),
NBS,NBS Selected Food Price Watch,2026-03,Selected Food March 2026,9,,unknown,,blank header cell
NBS,NBS Selected Food Price Watch,2026-03,Selected Food March 2026,10,,unknown,,blank header cell
NBS,NBS Selected Food Price Watch,2026-03,Selected Food March 2026,11,,unknown,,blank header cell
NBS,NBS Selected Food Price Watch,2026-03,Zone All item,1,Item Label,product,"Agric hen eggs,",
NBS,NBS Selected Food Price Watch,2026-03,Zone All item,2,NORTH CENTRAL,unknown,251.52681517534344,
NBS,NBS Selected Food Price Watch,2026-03,Zone All item,3,NORTH EAST,unknown,266.00945191019986,
NBS,NBS Selected Food Price Watch,2026-03,Zone All item,4,NORTH WEST,unknown,253.07972174011,
NBS,NBS Selected Food Price Watch,2026-03,Zone All item,5,SOUTH EAST,unknown,262.789945823372,
NBS,NBS Selected Food Price Watch,2026-03,Zone All item,6,SOUTH SOUTH,unknown,254.76937390239684,
NBS,NBS Selected Food Price Watch,2026-03,Zone All item,7,SOUTH WEST,unknown,253.1789345720722,
NBS,NBS Selected Food Price Watch,2026-05,Selected Food May 2026,1,Item Label,product,"Agric hen eggs,",
NBS,NBS Selected Food Price Watch,2026-05,Selected Food May 2026,2,Average of May-25,date,265.72525010413347,
NBS,NBS Selected Food Price Watch,2026-05,Selected Food May 2026,3,Average of April-26,unknown,259.21819457952904,
NBS,NBS Selected Food Price Watch,2026-05,Selected Food May 2026,4,Average of May-26,date,261.14176246330453,
NBS,NBS Selected Food Price Watch,2026-05,Selected Food May 2026,5,MoM,percentage,0.7420651497460118,
NBS,NBS Selected Food Price Watch,2026-05,Selected Food May 2026,6,YoY,percentage,-1.7248972911052824,
NBS,NBS Selected Food Price Watch,2026-05,Selected Food May 2026,7,Highest,geography,Abia (285.69), | detected as the geography column
NBS,NBS Selected Food Price Watch,2026-05,Selected Food May 2026,8,Lowest,metadata,Plateau (245.56),
NBS,NBS Selected Food Price Watch,2026-05,Selected Food May 2026,9,,unknown,,blank header cell
NBS,NBS Selected Food Price Watch,2026-05,Selected Food May 2026,10,,unknown,,blank header cell
NBS,NBS Selected Food Price Watch,2026-05,Selected Food May 2026,11,,unknown,,blank header cell
NBS,NBS Selected Food Price Watch,2026-05,Zone All item,1,Item Label,product,"Agric hen eggs,",
NBS,NBS Selected Food Price Watch,2026-05,Zone All item,2,NORTH CENTRAL,unknown,258.26239902259675,
NBS,NBS Selected Food Price Watch,2026-05,Zone All item,3,NORTH EAST,unknown,271.84278524353317,
NBS,NBS Selected Food Price Watch,2026-05,Zone All item,4,NORTH WEST,unknown,256.7818736850174,
NBS,NBS Selected Food Price Watch,2026-05,Zone All item,5,SOUTH EAST,unknown,264.04281113281036,
NBS,NBS Selected Food Price Watch,2026-05,Zone All item,6,SOUTH SOUTH,unknown,260.9360405690635,
NBS,NBS Selected Food Price Watch,2026-05,Zone All item,7,SOUTH WEST,unknown,256.6747152748895,
NBS,NBS Selected Food Price Watch,2025-05,Selected Food May 2025,1,Item Label,product,"Agric hen eggs,",
NBS,NBS Selected Food Price Watch,2025-05,Selected Food May 2025,2,Average of May-24,date,160.31,
NBS,NBS Selected Food Price Watch,2025-05,Selected Food May 2025,3,Average of Apr-25,date,259.31615245998495,
NBS,NBS Selected Food Price Watch,2025-05,Selected Food May 2025,4,Average of May-25,date,265.72525010413347,
NBS,NBS Selected Food Price Watch,2025-05,Selected Food May 2025,5,MoM,percentage,2.4715381526947127,
NBS,NBS Selected Food Price Watch,2025-05,Selected Food May 2025,6,YoY,percentage,65.75712688175003,
NBS,NBS Selected Food Price Watch,2025-05,Selected Food May 2025,7,Highest,geography,Enugu (364.62), | detected as the geography column
NBS,NBS Selected Food Price Watch,2025-05,Selected Food May 2025,8,Lowest,metadata,Kaduna (230),
NBS,NBS Selected Food Price Watch,2025-05,Selected Food May 2025,9,,unknown,,blank header cell
NBS,NBS Selected Food Price Watch,2025-05,Selected Food May 2025,10,,unknown,,blank header cell
NBS,NBS Selected Food Price Watch,2025-05,Selected Food May 2025,11,,unknown,,blank header cell
NBS,NBS Selected Food Price Watch,2025-05,Selected Food May 2025,12,,unknown,,blank header cell
NBS,NBS Selected Food Price Watch,2025-05,Zone All item,1,Item Label,product,"Agric hen eggs,",
NBS,NBS Selected Food Price Watch,2025-05,Zone All item,2,NORTH CENTRAL,unknown,255.1287619047619,
NBS,NBS Selected Food Price Watch,2025-05,Zone All item,3,NORTH EAST,unknown,259.15708333333333,
NBS,NBS Selected Food Price Watch,2025-05,Zone All item,4,NORTH WEST,unknown,245.61825396825571,
NBS,NBS Selected Food Price Watch,2025-05,Zone All item,5,SOUTH EAST,unknown,308.02200000000005,
NBS,NBS Selected Food Price Watch,2025-05,Zone All item,6,SOUTH SOUTH,unknown,269.0525436315722,
NBS,NBS Selected Food Price Watch,2025-05,Zone All item,7,SOUTH WEST,unknown,269.5395634920635,
NBS,NBS Selected Food Price Watch,2025-11,Selected Food November 2025,1,Item Label,product,"Agric hen eggs,",
NBS,NBS Selected Food Price Watch,2025-11,Selected Food November 2025,2,Average of November-24,unknown,247.26,
NBS,NBS Selected Food Price Watch,2025-11,Selected Food November 2025,3,Average of October-25,unknown,252.79055205869216,
NBS,NBS Selected Food Price Watch,2025-11,Selected Food November 2025,4,Average of November-25,unknown,244.9653384010952,
NBS,NBS Selected Food Price Watch,2025-11,Selected Food November 2025,5,MoM,percentage,-3.0955324848454433,
NBS,NBS Selected Food Price Watch,2025-11,Selected Food November 2025,6,YoY,percentage,-0.9280359131702587,
NBS,NBS Selected Food Price Watch,2025-11,Selected Food November 2025,7,Highest,geography,Taraba (287.56), | detected as the geography column
NBS,NBS Selected Food Price Watch,2025-11,Selected Food November 2025,8,Lowest,metadata,Gombe (224.65),
NBS,NBS Selected Food Price Watch,2025-11,Selected Food November 2025,9,,unknown,,blank header cell
NBS,NBS Selected Food Price Watch,2025-11,Selected Food November 2025,10,,unknown,,blank header cell
NBS,NBS Selected Food Price Watch,2025-11,Selected Food November 2025,11,,unknown,,blank header cell
NBS,NBS Selected Food Price Watch,2025-11,Zone All item,1,Item Label,product,"Agric hen eggs,",
NBS,NBS Selected Food Price Watch,2025-11,Zone All item,2,NORTH CENTRAL,unknown,242.7783547883934,
NBS,NBS Selected Food Price Watch,2025-11,Zone All item,3,NORTH EAST,unknown,253.9282557952134,
NBS,NBS Selected Food Price Watch,2025-11,Zone All item,4,NORTH WEST,unknown,237.51593527013202,
NBS,NBS Selected Food Price Watch,2025-11,Zone All item,5,SOUTH EAST,unknown,250.83840515595503,
NBS,NBS Selected Food Price Watch,2025-11,Zone All item,6,SOUTH SOUTH,unknown,244.80270723573017,
NBS,NBS Selected Food Price Watch,2025-11,Zone All item,7,SOUTH WEST,unknown,242.5132810775685,
NBS,NBS Selected Food Price Watch,2025-01,Selected Food Jan 2025,1,Item Label,product,Agric hen eggs,
NBS,NBS Selected Food Price Watch,2025-01,Selected Food Jan 2025,2,Average of Jan-24,date,116.41,
NBS,NBS Selected Food Price Watch,2025-01,Selected Food Jan 2025,3,Average of Dec-24,date,252.16549790250127,
NBS,NBS Selected Food Price Watch,2025-01,Selected Food Jan 2025,4,Average of Jan-25,date,248.04139052252253,
NBS,NBS Selected Food Price Watch,2025-01,Selected Food Jan 2025,5,MoM,percentage,-1.6354764685426186,
NBS,NBS Selected Food Price Watch,2025-01,Selected Food Jan 2025,6,YoY,percentage,113.0756726419745,
NBS,NBS Selected Food Price Watch,2025-01,Selected Food Jan 2025,7,Highest,geography,Enugu (325), | detected as the geography column
NBS,NBS Selected Food Price Watch,2025-01,Selected Food Jan 2025,8,Lowest,metadata,Adamawa (200),
NBS,NBS Selected Food Price Watch,2025-01,Selected Food Jan 2025,9,,unknown,,blank header cell
NBS,NBS Selected Food Price Watch,2025-01,Selected Food Jan 2025,10,,unknown,,blank header cell
NBS,NBS Selected Food Price Watch,2025-01,Selected Food Jan 2025,11,,unknown,,blank header cell
NBS,NBS Selected Food Price Watch,2025-01,Zone All item,1,Item Label,product,"Agric hen eggs,",
NBS,NBS Selected Food Price Watch,2025-01,Zone All item,2,NORTH CENTRAL,unknown,237.39283071428574,
NBS,NBS Selected Food Price Watch,2025-01,Zone All item,3,NORTH EAST,unknown,231.66666666666666,
NBS,NBS Selected Food Price Watch,2025-01,Zone All item,4,NORTH WEST,unknown,239.1904761904762,
NBS,NBS Selected Food Price Watch,2025-01,Zone All item,5,SOUTH EAST,unknown,280.28966019999996,
NBS,NBS Selected Food Price Watch,2025-01,Zone All item,6,SOUTH SOUTH,unknown,257.5,
NBS,NBS Selected Food Price Watch,2025-01,Zone All item,7,SOUTH WEST,unknown,250.83333333333334,
NBS,NBS Selected Food Price Watch,2025-04,Selected Food Dec 2024,1,Item Label,product,"Agric hen eggs,",
NBS,NBS Selected Food Price Watch,2025-04,Selected Food Dec 2024,2,Average of Apr-24,date,150.84890993392594,
NBS,NBS Selected Food Price Watch,2025-04,Selected Food Dec 2024,3,Average of Mar-25,date,261.1823462867568,
NBS,NBS Selected Food Price Watch,2025-04,Selected Food Dec 2024,4,Average of Apr-25,date,259.31615245998495,
NBS,NBS Selected Food Price Watch,2025-04,Selected Food Dec 2024,5,MoM,percentage,-0.7145175978788859,
NBS,NBS Selected Food Price Watch,2025-04,Selected Food Dec 2024,6,YoY,percentage,71.90455839128653,
NBS,NBS Selected Food Price Watch,2025-04,Selected Food Dec 2024,7,Highest,geography,Enugu (356.73), | detected as the geography column
NBS,NBS Selected Food Price Watch,2025-04,Selected Food Dec 2024,8,Lowest,metadata,Kaduna (220),
NBS,NBS Selected Food Price Watch,2025-04,Selected Food Dec 2024,9,,unknown,,blank header cell
NBS,NBS Selected Food Price Watch,2025-04,Selected Food Dec 2024,10,,unknown,,blank header cell
NBS,NBS Selected Food Price Watch,2025-04,Selected Food Dec 2024,11,,unknown,,blank header cell
NBS,NBS Selected Food Price Watch,2025-04,Selected Food Dec 2024,12,,unknown,,blank header cell
NBS,NBS Selected Food Price Watch,2025-04,Zone All item,1,Item Label,product,"Agric hen eggs,",
NBS,NBS Selected Food Price Watch,2025-04,Zone All item,2,NORTH CENTRAL,unknown,253.28571428571428,
NBS,NBS Selected Food Price Watch,2025-04,Zone All item,3,NORTH EAST,unknown,247.5,
NBS,NBS Selected Food Price Watch,2025-04,Zone All item,4,NORTH WEST,unknown,242.78968253968256,
NBS,NBS Selected Food Price Watch,2025-04,Zone All item,5,SOUTH EAST,unknown,300.2039726483334,
NBS,NBS Selected Food Price Watch,2025-04,Zone All item,6,SOUTH SOUTH,unknown,264.52500000000003,
NBS,NBS Selected Food Price Watch,2025-04,Zone All item,7,SOUTH WEST,unknown,258.1666666666667,
NBS,NBS Selected Food Price Watch,2025-02,Selected Food Feb. 2025,1,Item Labels,unknown,"Agric hen eggs,",
NBS,NBS Selected Food Price Watch,2025-02,Selected Food Feb. 2025,2,Average of feb-24,date,139.28021228988646,
NBS,NBS Selected Food Price Watch,2025-02,Selected Food Feb. 2025,3,Average of Jan-25,date,248.04139052252253,
NBS,NBS Selected Food Price Watch,2025-02,Selected Food Feb. 2025,4,Average of Feb-25,date,251.94051654054056,
NBS,NBS Selected Food Price Watch,2025-02,Selected Food Feb. 2025,5,MoM,percentage,1.5719658762612756,
NBS,NBS Selected Food Price Watch,2025-02,Selected Food Feb. 2025,6,YoY,percentage,80.88751617937811,
NBS,NBS Selected Food Price Watch,2025-02,Selected Food Feb. 2025,7,Highest,geography,Enugu (325), | detected as the geography column
NBS,NBS Selected Food Price Watch,2025-02,Selected Food Feb. 2025,8,Lowest,metadata,Adamawa (200),
NBS,NBS Selected Food Price Watch,2025-02,Zone All item,1,Item Label,product,"Agric hen eggs,",
NBS,NBS Selected Food Price Watch,2025-02,Zone All item,2,NORTH CENTRAL,unknown,244.880797,
NBS,NBS Selected Food Price Watch,2025-02,Zone All item,3,NORTH EAST,unknown,239.16666666666666,
NBS,NBS Selected Food Price Watch,2025-02,Zone All item,4,NORTH WEST,unknown,238.57142857142858,
NBS,NBS Selected Food Price Watch,2025-02,Zone All item,5,SOUTH EAST,unknown,280.3124209,
NBS,NBS Selected Food Price Watch,2025-02,Zone All item,6,SOUTH SOUTH,unknown,259.3452380833333,
NBS,NBS Selected Food Price Watch,2025-02,Zone All item,7,SOUTH WEST,unknown,257.5,
NBS,NBS Selected Food Price Watch,2025-03,Selected Food Dec 2024,1,Item Label,product,"Agric hen eggs,",
NBS,NBS Selected Food Price Watch,2025-03,Selected Food Dec 2024,2,Average of Mar-24,date,147.92333733834465,
NBS,NBS Selected Food Price Watch,2025-03,Selected Food Dec 2024,3,Average of Feb-25,date,251.94051654054056,
NBS,NBS Selected Food Price Watch,2025-03,Selected Food Dec 2024,4,Average of Mar-25,date,261.1823462867568,
NBS,NBS Selected Food Price Watch,2025-03,Selected Food Dec 2024,5,MoM,percentage,3.668258632282794,
NBS,NBS Selected Food Price Watch,2025-03,Selected Food Dec 2024,6,YoY,percentage,76.56601790247277,
NBS,NBS Selected Food Price Watch,2025-03,Selected Food Dec 2024,7,Highest,geography,Enugu (354.75), | detected as the geography column
NBS,NBS Selected Food Price Watch,2025-03,Selected Food Dec 2024,8,Lowest,metadata,Kaduna (210),
NBS,NBS Selected Food Price Watch,2025-03,Zone All item,1,Item Label,product,"Agric hen eggs,",
NBS,NBS Selected Food Price Watch,2025-03,Zone All item,2,NORTH CENTRAL,unknown,251.09508271428572,
NBS,NBS Selected Food Price Watch,2025-03,Zone All item,3,NORTH EAST,unknown,254.48333333333335,
NBS,NBS Selected Food Price Watch,2025-03,Zone All item,4,NORTH WEST,unknown,242.85,
NBS,NBS Selected Food Price Watch,2025-03,Zone All item,5,SOUTH EAST,unknown,292.515532453,
NBS,NBS Selected Food Price Watch,2025-03,Zone All item,6,SOUTH SOUTH,unknown,267.4422618908333,
NBS,NBS Selected Food Price Watch,2025-03,Zone All item,7,SOUTH WEST,unknown,268.6666666666667,
NBS,NBS PMS (Petrol) Price Watch,2025-04,Fuel April 2025,1,State,geography,Abia, | detected as the geography column
NBS,NBS PMS (Petrol) Price Watch,2025-04,Fuel April 2025,2,2024-04-01 00:00:00,date,706,
NBS,NBS PMS (Petrol) Price Watch,2025-04,Fuel April 2025,3,2025-03-01 00:00:00,date,1305,
NBS,NBS PMS (Petrol) Price Watch,2025-04,Fuel April 2025,4,2025-04-01 00:00:00,date,1227.1512500000001,
NBS,NBS PMS (Petrol) Price Watch,2025-04,Fuel April 2025,5,,unknown,,blank header cell
NBS,NBS PMS (Petrol) Price Watch,2025-04,Fuel April 2025,6,Zone,geography,South East,
NBS,NBS PMS (Petrol) Price Watch,2025-04,Fuel April 2025,7,Average Price,price,1341.7088963150181,
NBS,NBS PMS (Petrol) Price Watch,2025-04,Fuel April 2025,8,,unknown,,blank header cell
NBS,NBS PMS (Petrol) Price Watch,2025-04,Fuel April 2025,9,,unknown,,blank header cell
NBS,NBS PMS (Petrol) Price Watch,2025-04,Fuel April 2025,10,,unknown,,blank header cell
NBS,NBS PMS (Petrol) Price Watch,2025-05,Fuel May 2025,1,State,geography,Abia, | detected as the geography column
NBS,NBS PMS (Petrol) Price Watch,2025-05,Fuel May 2025,2,2024-05-01 00:00:00,date,770,
NBS,NBS PMS (Petrol) Price Watch,2025-05,Fuel May 2025,3,2025-04-01 00:00:00,date,1227.1512500000001,
NBS,NBS PMS (Petrol) Price Watch,2025-05,Fuel May 2025,4,2025-05-01 00:00:00,date,1059.0165,
NBS,NBS PMS (Petrol) Price Watch,2025-05,Fuel May 2025,5,,unknown,,blank header cell
NBS,NBS PMS (Petrol) Price Watch,2025-05,Fuel May 2025,6,Zone,geography,South East,
NBS,NBS PMS (Petrol) Price Watch,2025-05,Fuel May 2025,7,Average Price,price,1049.1546758857144,
NBS,NBS PMS (Petrol) Price Watch,2025-05,Fuel May 2025,8,,unknown,,blank header cell
NBS,NBS PMS (Petrol) Price Watch,2025-05,Fuel May 2025,9,,unknown,,blank header cell
NBS,NBS PMS (Petrol) Price Watch,2025-05,Fuel May 2025,10,,unknown,,blank header cell
NBS,NBS PMS (Petrol) Price Watch,2025-03,Fuel March 2025,1,State,geography,Abia, | detected as the geography column
NBS,NBS PMS (Petrol) Price Watch,2025-03,Fuel March 2025,2,2024-03-01 00:00:00,date,710.833333333333,
NBS,NBS PMS (Petrol) Price Watch,2025-03,Fuel March 2025,3,2025-02-01 00:00:00,date,1272,
NBS,NBS PMS (Petrol) Price Watch,2025-03,Fuel March 2025,4,2025-03-01 00:00:00,date,1305,
NBS,NBS PMS (Petrol) Price Watch,2025-03,Fuel March 2025,5,,unknown,,blank header cell
NBS,NBS PMS (Petrol) Price Watch,2025-03,Fuel March 2025,6,Zone,geography,South East,
NBS,NBS PMS (Petrol) Price Watch,2025-03,Fuel March 2025,7,Average Price,price,1331.59056666667,
NBS,NBS PMS (Petrol) Price Watch,2025-03,Fuel March 2025,8,,unknown,,blank header cell
NBS,NBS PMS (Petrol) Price Watch,2025-03,Fuel March 2025,9,,unknown,,blank header cell
NBS,NBS PMS (Petrol) Price Watch,2025-03,Fuel March 2025,10,,unknown,,blank header cell
NBS,NBS PMS (Petrol) Price Watch,2025-10,PMS_OCT_2025,1,State,geography,Abia, | detected as the geography column
NBS,NBS PMS (Petrol) Price Watch,2025-10,PMS_OCT_2025,2,2024-10-01 00:00:00,date,1278.125,
NBS,NBS PMS (Petrol) Price Watch,2025-10,PMS_OCT_2025,3,2025-09-01 00:00:00,date,1000.25,
NBS,NBS PMS (Petrol) Price Watch,2025-10,PMS_OCT_2025,4,2025-10-01 00:00:00,date,1012.5,
NBS,NBS PMS (Petrol) Price Watch,2025-10,PMS_OCT_2025,5,,unknown,,blank header cell
NBS,NBS PMS (Petrol) Price Watch,2025-10,PMS_OCT_2025,6,Zone,geography,South East,
NBS,NBS PMS (Petrol) Price Watch,2025-10,PMS_OCT_2025,7,Average Price,price,1047.1551516190477,
NBS,NBS PMS (Petrol) Price Watch,2025-10,PMS_OCT_2025,8,,unknown,,blank header cell
NBS,NBS PMS (Petrol) Price Watch,2026-04,Fuel APRIL 2026,1,State,geography,Abia, | detected as the geography column
NBS,NBS PMS (Petrol) Price Watch,2026-04,Fuel APRIL 2026,2,2025-04-01 00:00:00,date,1227.15125,
NBS,NBS PMS (Petrol) Price Watch,2026-04,Fuel APRIL 2026,3,2026-03-01 00:00:00,date,1247.83832127814,
NBS,NBS PMS (Petrol) Price Watch,2026-04,Fuel APRIL 2026,4,2026-04-01 00:00:00,date,1557.39273955503,
NBS,NBS PMS (Petrol) Price Watch,2026-04,Fuel APRIL 2026,5,,unknown,,blank header cell
NBS,NBS PMS (Petrol) Price Watch,2026-04,Fuel APRIL 2026,6,Zone,geography,South East,
NBS,NBS PMS (Petrol) Price Watch,2026-04,Fuel APRIL 2026,7,Average Price,price,1522.77291783771,
NBS,NBS PMS (Petrol) Price Watch,2026-04,Fuel APRIL 2026,8,,unknown,,blank header cell
NBS,NBS PMS (Petrol) Price Watch,2026-04,Fuel APRIL 2026,9,,unknown,,blank header cell
NBS,NBS PMS (Petrol) Price Watch,2026-04,Fuel APRIL 2026,10,,unknown,,blank header cell
NBS,NBS PMS (Petrol) Price Watch,2025-12,Fuel December 2025,1,State,geography,Abia, | detected as the geography column
NBS,NBS PMS (Petrol) Price Watch,2025-12,Fuel December 2025,2,2024-12-01 00:00:00,date,1224.671875,
NBS,NBS PMS (Petrol) Price Watch,2025-12,Fuel December 2025,3,2025-11-01 00:00:00,date,1040.4225000000001,
NBS,NBS PMS (Petrol) Price Watch,2025-12,Fuel December 2025,4,2025-12-01 00:00:00,date,1032.1181125000003,
NBS,NBS PMS (Petrol) Price Watch,2025-12,Fuel December 2025,5,,unknown,,blank header cell
NBS,NBS PMS (Petrol) Price Watch,2025-12,Fuel December 2025,6,Zone,geography,South East,
NBS,NBS PMS (Petrol) Price Watch,2025-12,Fuel December 2025,7,Average Price,price,1049.2567838414284,
NBS,NBS PMS (Petrol) Price Watch,2025-12,Fuel December 2025,8,,unknown,,blank header cell
NBS,NBS PMS (Petrol) Price Watch,2025-12,Fuel December 2025,9,,unknown,,blank header cell
NBS,NBS PMS (Petrol) Price Watch,2025-12,Fuel December 2025,10,,unknown,,blank header cell
NBS,NBS PMS (Petrol) Price Watch,2025-02,Fuel February 2025,1,State,geography,Abia, | detected as the geography column
NBS,NBS PMS (Petrol) Price Watch,2025-02,Fuel February 2025,2,2024-02-01 00:00:00,date,688.62,
NBS,NBS PMS (Petrol) Price Watch,2025-02,Fuel February 2025,3,2025-01-01 00:00:00,date,1308.2604734,
NBS,NBS PMS (Petrol) Price Watch,2025-02,Fuel February 2025,4,2025-02-01 00:00:00,date,1272,
NBS,NBS PMS (Petrol) Price Watch,2025-02,Fuel February 2025,5,,unknown,,blank header cell
NBS,NBS PMS (Petrol) Price Watch,2025-02,Fuel February 2025,6,Zone,geography,South East,
NBS,NBS PMS (Petrol) Price Watch,2025-02,Fuel February 2025,7,Average Price,price,1286.73333333333,
NBS,NBS PMS (Petrol) Price Watch,2025-02,Fuel February 2025,8,,unknown,,blank header cell
NBS,NBS PMS (Petrol) Price Watch,2025-02,Fuel February 2025,9,,unknown,,blank header cell
NBS,NBS PMS (Petrol) Price Watch,2025-02,Fuel February 2025,10,,unknown,,blank header cell
NBS,NBS PMS (Petrol) Price Watch,2025-01,Fuel January 2025,1,State,geography,Abia, | detected as the geography column
NBS,NBS PMS (Petrol) Price Watch,2025-01,Fuel January 2025,2,2024-01-01 00:00:00,date,687.5,
NBS,NBS PMS (Petrol) Price Watch,2025-01,Fuel January 2025,3,2024-12-01 00:00:00,date,1224.671875,
NBS,NBS PMS (Petrol) Price Watch,2025-01,Fuel January 2025,4,2025-01-01 00:00:00,date,1308.2604734,
NBS,NBS PMS (Petrol) Price Watch,2025-01,Fuel January 2025,5,,unknown,,blank header cell
NBS,NBS PMS (Petrol) Price Watch,2025-01,Fuel January 2025,6,Zone,geography,South East,
NBS,NBS PMS (Petrol) Price Watch,2025-01,Fuel January 2025,7,Average Price,price,1284.32,
NBS,NBS PMS (Petrol) Price Watch,2025-01,Fuel January 2025,8,,unknown,,blank header cell
NBS,NBS PMS (Petrol) Price Watch,2025-01,Fuel January 2025,9,,unknown,,blank header cell
NBS,NBS PMS (Petrol) Price Watch,2025-01,Fuel January 2025,10,,unknown,,blank header cell
NBS,NBS PMS (Petrol) Price Watch,2025-01,Fuel January 2025,11,,unknown,,blank header cell
NBS,NBS PMS (Petrol) Price Watch,2025-11,Fuel November 2025,1,State,geography,Abia, | detected as the geography column
NBS,NBS PMS (Petrol) Price Watch,2025-11,Fuel November 2025,2,2024-11-01 00:00:00,date,1260.65625,
NBS,NBS PMS (Petrol) Price Watch,2025-11,Fuel November 2025,3,2025-10-01 00:00:00,date,1012.5,
NBS,NBS PMS (Petrol) Price Watch,2025-11,Fuel November 2025,4,2025-11-01 00:00:00,date,1040.4225000000001,
NBS,NBS PMS (Petrol) Price Watch,2025-11,Fuel November 2025,5,,unknown,,blank header cell
NBS,NBS PMS (Petrol) Price Watch,2025-11,Fuel November 2025,6,Zone,geography,South East,
NBS,NBS PMS (Petrol) Price Watch,2025-11,Fuel November 2025,7,Average Price,price,1059.1077497142855,
NBS,NBS PMS (Petrol) Price Watch,2025-11,Fuel November 2025,8,,unknown,,blank header cell
NBS,NBS PMS (Petrol) Price Watch,2025-11,Fuel November 2025,9,,unknown,,blank header cell
NBS,NBS PMS (Petrol) Price Watch,2025-11,Fuel November 2025,10,,unknown,,blank header cell
NBS,NBS PMS (Petrol) Price Watch,2025-09,PMS SEPTEMBER 2025,1,State,geography,Abia, | detected as the geography column
NBS,NBS PMS (Petrol) Price Watch,2025-09,PMS SEPTEMBER 2025,2,2024-09-01 00:00:00,date,1009,
NBS,NBS PMS (Petrol) Price Watch,2025-09,PMS SEPTEMBER 2025,3,2025-08-01 00:00:00,date,975,
NBS,NBS PMS (Petrol) Price Watch,2025-09,PMS SEPTEMBER 2025,4,2025-09-01 00:00:00,date,1000.25,
NBS,NBS PMS (Petrol) Price Watch,2025-09,PMS SEPTEMBER 2025,5,,unknown,,blank header cell
NBS,NBS PMS (Petrol) Price Watch,2025-09,PMS SEPTEMBER 2025,6,Zone,geography,South East,
NBS,NBS PMS (Petrol) Price Watch,2025-09,PMS SEPTEMBER 2025,7,Average Price,price,1006.3384154135083,
NBS,NBS PMS (Petrol) Price Watch,2025-09,PMS SEPTEMBER 2025,8,,unknown,,blank header cell
NBS,NBS PMS (Petrol) Price Watch,2025-09,PMS SEPTEMBER 2025,9,,unknown,,blank header cell
NBS,NBS PMS (Petrol) Price Watch,2025-09,PMS SEPTEMBER 2025,10,,unknown,,blank header cell
NBS,NBS PMS (Petrol) Price Watch,2025-08,PMS AUGUST 2025,1,State,geography,Abia, | detected as the geography column
NBS,NBS PMS (Petrol) Price Watch,2025-08,PMS AUGUST 2025,2,2024-08-01 00:00:00,date,887.7230788010818,
NBS,NBS PMS (Petrol) Price Watch,2025-08,PMS AUGUST 2025,3,2025-07-01 00:00:00,date,1025.75,
NBS,NBS PMS (Petrol) Price Watch,2025-08,PMS AUGUST 2025,4,2025-08-01 00:00:00,date,975,
NBS,NBS PMS (Petrol) Price Watch,2025-08,PMS AUGUST 2025,5,,unknown,,blank header cell
NBS,NBS PMS (Petrol) Price Watch,2025-08,PMS AUGUST 2025,6,Zone,geography,South East,
NBS,NBS PMS (Petrol) Price Watch,2025-08,PMS AUGUST 2025,7,Average Price,price,1024.725971567648,
NBS,NBS PMS (Petrol) Price Watch,2025-08,PMS AUGUST 2025,8,,unknown,,blank header cell
NBS,NBS PMS (Petrol) Price Watch,2025-08,PMS AUGUST 2025,9,,unknown,,blank header cell
NBS,NBS PMS (Petrol) Price Watch,2025-08,PMS AUGUST 2025,10,,unknown,,blank header cell
NBS,NBS PMS (Petrol) Price Watch,2026-02,Fuel FEBRUARY 2026,1,State,geography,Abia, | detected as the geography column
NBS,NBS PMS (Petrol) Price Watch,2026-02,Fuel FEBRUARY 2026,2,2025-02-01 00:00:00,date,1272,
NBS,NBS PMS (Petrol) Price Watch,2026-02,Fuel FEBRUARY 2026,3,2026-01-01 00:00:00,date,1054.25,
NBS,NBS PMS (Petrol) Price Watch,2026-02,Fuel FEBRUARY 2026,4,2026-02-01 00:00:00,date,1095.1941456475688,
NBS,NBS PMS (Petrol) Price Watch,2026-02,Fuel FEBRUARY 2026,5,,unknown,,blank header cell
NBS,NBS PMS (Petrol) Price Watch,2026-02,Fuel FEBRUARY 2026,6,Zone,geography,South East,
NBS,NBS PMS (Petrol) Price Watch,2026-02,Fuel FEBRUARY 2026,7,Average Price,price,1058.7482499138364,
NBS,NBS PMS (Petrol) Price Watch,2026-02,Fuel FEBRUARY 2026,8,,unknown,,blank header cell
NBS,NBS PMS (Petrol) Price Watch,2026-02,Fuel FEBRUARY 2026,9,,unknown,,blank header cell
NBS,NBS PMS (Petrol) Price Watch,2026-02,Fuel FEBRUARY 2026,10,,unknown,,blank header cell
NBS,NBS PMS (Petrol) Price Watch,2025-01,Sheet1,1,State,geography,Abia, | detected as the geography column
NBS,NBS PMS (Petrol) Price Watch,2025-01,Sheet1,2,2025-01-01 00:00:00,date,1308.2604734,
NBS,NBS PMS (Petrol) Price Watch,2025-01,Sheet1,3,2025-12-01 00:00:00,date,1032.1181125000003,
NBS,NBS PMS (Petrol) Price Watch,2025-01,Sheet1,4,2026-01-01 00:00:00,date,1054.25,
NBS,NBS PMS (Petrol) Price Watch,2025-01,Sheet1,5,,unknown,,blank header cell
NBS,NBS PMS (Petrol) Price Watch,2025-01,Sheet1,6,,unknown,,blank header cell
NBS,NBS PMS (Petrol) Price Watch,2025-01,Sheet1,7,,unknown,,blank header cell
NBS,NBS PMS (Petrol) Price Watch,2025-01,Sheet1,8,,unknown,,blank header cell
NBS,NBS PMS (Petrol) Price Watch,2025-07,Fuel JULY 2025,1,State,geography,Abia, | detected as the geography column
NBS,NBS PMS (Petrol) Price Watch,2025-07,Fuel JULY 2025,2,2024-07-01 00:00:00,date,797.4205860811121,
NBS,NBS PMS (Petrol) Price Watch,2025-07,Fuel JULY 2025,3,2025-06-01 00:00:00,date,1041.28375,
NBS,NBS PMS (Petrol) Price Watch,2025-07,Fuel JULY 2025,4,2025-07-01 00:00:00,date,1025.75,
NBS,NBS PMS (Petrol) Price Watch,2025-07,Fuel JULY 2025,5,,unknown,,blank header cell
NBS,NBS PMS (Petrol) Price Watch,2025-07,Fuel JULY 2025,6,Zone,geography,South East,
NBS,NBS PMS (Petrol) Price Watch,2025-07,Fuel JULY 2025,7,Average Price,price,1025.7376793142857,
NBS,NBS PMS (Petrol) Price Watch,2025-07,Fuel JULY 2025,8,,unknown,,blank header cell
NBS,NBS PMS (Petrol) Price Watch,2025-07,Fuel JULY 2025,9,,unknown,MAX,blank header cell
NBS,NBS PMS (Petrol) Price Watch,2025-07,Fuel JULY 2025,10,,unknown,1035.848291695879,blank header cell
NBS,NBS PMS (Petrol) Price Watch,2025-06,Fuel June 2025,1,State,geography,Abia, | detected as the geography column
NBS,NBS PMS (Petrol) Price Watch,2025-06,Fuel June 2025,2,2024-06-01 00:00:00,date,794.9090909090909,
NBS,NBS PMS (Petrol) Price Watch,2025-06,Fuel June 2025,3,2025-05-01 00:00:00,date,1059.0165,
NBS,NBS PMS (Petrol) Price Watch,2025-06,Fuel June 2025,4,2025-06-01 00:00:00,date,1041.28375,
NBS,NBS PMS (Petrol) Price Watch,2025-06,Fuel June 2025,5,,unknown,,blank header cell
NBS,NBS PMS (Petrol) Price Watch,2025-06,Fuel June 2025,6,Zone,geography,South East,
NBS,NBS PMS (Petrol) Price Watch,2025-06,Fuel June 2025,7,Average Price,price,1043.1777626476191,
NBS,NBS PMS (Petrol) Price Watch,2025-06,Fuel June 2025,8,,unknown,,blank header cell
NBS,NBS PMS (Petrol) Price Watch,2025-06,Fuel June 2025,9,,unknown,,blank header cell
NBS,NBS PMS (Petrol) Price Watch,2025-06,Fuel June 2025,10,,unknown,,blank header cell
NBS,NBS PMS (Petrol) Price Watch,2026-03,Fuel MARCH 2026,1,State,geography,Abia, | detected as the geography column
NBS,NBS PMS (Petrol) Price Watch,2026-03,Fuel MARCH 2026,2,2025-03-01 00:00:00,date,1305,
NBS,NBS PMS (Petrol) Price Watch,2026-03,Fuel MARCH 2026,3,2026-02-01 00:00:00,date,1095.1941456475688,
NBS,NBS PMS (Petrol) Price Watch,2026-03,Fuel MARCH 2026,4,2026-03-01 00:00:00,date,1247.8383212781428,
NBS,NBS PMS (Petrol) Price Watch,2026-03,Fuel MARCH 2026,5,,unknown,,blank header cell
NBS,NBS PMS (Petrol) Price Watch,2026-03,Fuel MARCH 2026,6,Zone,geography,South East,
NBS,NBS PMS (Petrol) Price Watch,2026-03,Fuel MARCH 2026,7,Average Price,price,1315.2604498060532,
NBS,NBS PMS (Petrol) Price Watch,2026-03,Fuel MARCH 2026,8,,unknown,,blank header cell
NBS,NBS PMS (Petrol) Price Watch,2026-03,Fuel MARCH 2026,9,,unknown,,blank header cell
NBS,NBS PMS (Petrol) Price Watch,2026-03,Fuel MARCH 2026,10,,unknown,,blank header cell
NBS,NBS PMS (Petrol) Price Watch,2026-05,Fuel MAY 2026,1,State,geography,Abia, | detected as the geography column
NBS,NBS PMS (Petrol) Price Watch,2026-05,Fuel MAY 2026,2,2025-05-01 00:00:00,date,1059.0165,
NBS,NBS PMS (Petrol) Price Watch,2026-05,Fuel MAY 2026,3,2026-04-01 00:00:00,date,1557.3927395550345,
NBS,NBS PMS (Petrol) Price Watch,2026-05,Fuel MAY 2026,4,2026-05-01 00:00:00,date,1653.9100201599535,
NBS,NBS PMS (Petrol) Price Watch,2026-05,Fuel MAY 2026,5,,unknown,,blank header cell
NBS,NBS PMS (Petrol) Price Watch,2026-05,Fuel MAY 2026,6,Zone,geography,South East,
NBS,NBS PMS (Petrol) Price Watch,2026-05,Fuel MAY 2026,7,Average Price,price,1593.913784252204,
NBS,NBS PMS (Petrol) Price Watch,2026-05,Fuel MAY 2026,8,,unknown,,blank header cell
NBS,NBS PMS (Petrol) Price Watch,2026-05,Fuel MAY 2026,9,,unknown,,blank header cell
NBS,NBS PMS (Petrol) Price Watch,2026-05,Fuel MAY 2026,10,,unknown,,blank header cell
NBS,NBS AGO (Diesel) Price Watch,2026-04,DIESEL APRIL 2026,1,,geography,NORTH CENTRAL,blank header cell | detected as the geography column
NBS,NBS AGO (Diesel) Price Watch,2026-04,DIESEL APRIL 2026,2,2025-04-14 00:00:00,date,1867.9676395942708,
NBS,NBS AGO (Diesel) Price Watch,2026-04,DIESEL APRIL 2026,3,2026-03-14 00:00:00,date,1593.105716404951,
NBS,NBS AGO (Diesel) Price Watch,2026-04,DIESEL APRIL 2026,4,2026-04-14 00:00:00,date,2454.2534496860703,
NBS,NBS AGO (Diesel) Price Watch,2026-04,DIESEL APRIL 2026,5,YoY,percentage,31.386293727183777,
NBS,NBS AGO (Diesel) Price Watch,2026-04,DIESEL APRIL 2026,6,MoM,percentage,54.05465088810368,
NBS,NBS AGO (Diesel) Price Watch,2026-04,DIESEL APRIL 2026,7,,unknown,,blank header cell
NBS,NBS AGO (Diesel) Price Watch,2026-04,DIESEL APRIL 2026,8,Zone,geography,South East,
NBS,NBS AGO (Diesel) Price Watch,2026-04,DIESEL APRIL 2026,9,,unknown,2516.347622347147,blank header cell
NBS,NBS AGO (Diesel) Price Watch,2026-04,DIESEL APRIL 2026,10,,unknown,,blank header cell
NBS,NBS AGO (Diesel) Price Watch,2026-04,DIESEL APRIL 2026,11,,unknown,,blank header cell
NBS,NBS AGO (Diesel) Price Watch,2026-04,DIESEL APRIL 2026,12,,unknown,,blank header cell
NBS,NBS AGO (Diesel) Price Watch,2026-04,DIESEL APRIL 2026,13,,unknown,,blank header cell
NBS,NBS AGO (Diesel) Price Watch,2026-04,DIESEL APRIL 2026,14,,unknown,,blank header cell
NBS,NBS AGO (Diesel) Price Watch,2026-04,DIESEL APRIL 2026,15,,unknown,,blank header cell
NBS,NBS AGO (Diesel) Price Watch,2026-04,DIESEL APRIL 2026,16,,unknown,,blank header cell
NBS,NBS AGO (Diesel) Price Watch,2026-04,DIESEL APRIL 2026,17,,unknown,,blank header cell
NBS,NBS AGO (Diesel) Price Watch,2025-12,DIESEL DECEMBER 2025,1,,geography,NORTH CENTRAL,blank header cell | detected as the geography column
NBS,NBS AGO (Diesel) Price Watch,2025-12,DIESEL DECEMBER 2025,2,2024-12-14 00:00:00,date,1500.2976190476188,
NBS,NBS AGO (Diesel) Price Watch,2025-12,DIESEL DECEMBER 2025,3,2025-11-14 00:00:00,date,1406.1550302594103,
NBS,NBS AGO (Diesel) Price Watch,2025-12,DIESEL DECEMBER 2025,4,2025-12-14 00:00:00,date,1391.938815047075,
NBS,NBS AGO (Diesel) Price Watch,2025-12,DIESEL DECEMBER 2025,5,YoY,percentage,-6.091278932860756,
NBS,NBS AGO (Diesel) Price Watch,2025-12,DIESEL DECEMBER 2025,6,MoM,percentage,-0.9864228080347667,
NBS,NBS AGO (Diesel) Price Watch,2025-12,DIESEL DECEMBER 2025,7,,unknown,,blank header cell
NBS,NBS AGO (Diesel) Price Watch,2025-12,DIESEL DECEMBER 2025,8,Zone,geography,South East,
NBS,NBS AGO (Diesel) Price Watch,2025-12,DIESEL DECEMBER 2025,9,,unknown,1414.291678926143,blank header cell
NBS,NBS AGO (Diesel) Price Watch,2025-02,DIESEL FEBRUARY 2025,1,,geography,NORTH CENTRAL,blank header cell | detected as the geography column
NBS,NBS AGO (Diesel) Price Watch,2025-02,DIESEL FEBRUARY 2025,2,2024-02-14 00:00:00,date,1263.79365079365,
NBS,NBS AGO (Diesel) Price Watch,2025-02,DIESEL FEBRUARY 2025,3,2025-01-14 00:00:00,date,1680.39386690612,
NBS,NBS AGO (Diesel) Price Watch,2025-02,DIESEL FEBRUARY 2025,4,2025-02-14 00:00:00,date,1674.3024577551,
NBS,NBS AGO (Diesel) Price Watch,2025-02,DIESEL FEBRUARY 2025,5,YoY,percentage,33.7135802989582,
NBS,NBS AGO (Diesel) Price Watch,2025-02,DIESEL FEBRUARY 2025,6,MoM,percentage,-0.46732568251044,
NBS,NBS AGO (Diesel) Price Watch,2025-02,DIESEL FEBRUARY 2025,7,,unknown,,blank header cell
NBS,NBS AGO (Diesel) Price Watch,2025-02,DIESEL FEBRUARY 2025,8,Zone,geography,South East,
NBS,NBS AGO (Diesel) Price Watch,2025-02,DIESEL FEBRUARY 2025,9,,unknown,1380.89816536667,blank header cell
NBS,NBS AGO (Diesel) Price Watch,2025-02,DIESEL FEBRUARY 2025,10,,unknown,,blank header cell
NBS,NBS AGO (Diesel) Price Watch,2025-02,DIESEL FEBRUARY 2025,11,,unknown,,blank header cell
NBS,NBS AGO (Diesel) Price Watch,2025-02,DIESEL FEBRUARY 2025,12,,unknown,,blank header cell
NBS,NBS AGO (Diesel) Price Watch,2025-02,DIESEL FEBRUARY 2025,13,,unknown,,blank header cell
NBS,NBS AGO (Diesel) Price Watch,2025-02,DIESEL FEBRUARY 2025,14,,unknown,,blank header cell
NBS,NBS AGO (Diesel) Price Watch,2025-02,DIESEL FEBRUARY 2025,15,,unknown,,blank header cell
NBS,NBS AGO (Diesel) Price Watch,2025-02,DIESEL FEBRUARY 2025,16,,unknown,,blank header cell
NBS,NBS AGO (Diesel) Price Watch,2025-02,DIESEL FEBRUARY 2025,17,,unknown,,blank header cell
NBS,NBS AGO (Diesel) Price Watch,2025-01,DIESEL JANUARY 2025 ,1,,geography,NORTH CENTRAL,blank header cell | detected as the geography column
NBS,NBS AGO (Diesel) Price Watch,2025-01,DIESEL JANUARY 2025 ,2,2024-01-14 00:00:00,date,1205.1112244898,
NBS,NBS AGO (Diesel) Price Watch,2025-01,DIESEL JANUARY 2025 ,3,2024-12-14 00:00:00,date,1500.29761904762,
NBS,NBS AGO (Diesel) Price Watch,2025-01,DIESEL JANUARY 2025 ,4,2025-01-14 00:00:00,date,1680.39386690612,
NBS,NBS AGO (Diesel) Price Watch,2025-01,DIESEL JANUARY 2025 ,5,YoY,percentage,39.9395750703466,
NBS,NBS AGO (Diesel) Price Watch,2025-01,DIESEL JANUARY 2025 ,6,MoM,percentage,12.1060108577618,
NBS,NBS AGO (Diesel) Price Watch,2025-01,DIESEL JANUARY 2025 ,7,,unknown,,blank header cell
NBS,NBS AGO (Diesel) Price Watch,2025-01,DIESEL JANUARY 2025 ,8,Zone,geography,South East,
NBS,NBS AGO (Diesel) Price Watch,2025-01,DIESEL JANUARY 2025 ,9,,unknown,1377.29496956667,blank header cell
NBS,NBS AGO (Diesel) Price Watch,2025-01,DIESEL JANUARY 2025 ,10,,unknown,,blank header cell
NBS,NBS AGO (Diesel) Price Watch,2025-01,DIESEL JANUARY 2025 ,11,,unknown,,blank header cell
NBS,NBS AGO (Diesel) Price Watch,2025-01,DIESEL JANUARY 2025 ,12,,unknown,,blank header cell
NBS,NBS AGO (Diesel) Price Watch,2025-01,DIESEL JANUARY 2025 ,13,,unknown,,blank header cell
NBS,NBS AGO (Diesel) Price Watch,2025-01,DIESEL JANUARY 2025 ,14,,unknown,,blank header cell
NBS,NBS AGO (Diesel) Price Watch,2025-01,DIESEL JANUARY 2025 ,15,,unknown,,blank header cell
NBS,NBS AGO (Diesel) Price Watch,2025-01,DIESEL JANUARY 2025 ,16,,unknown,,blank header cell
NBS,NBS AGO (Diesel) Price Watch,2025-01,DIESEL JANUARY 2025 ,17,,unknown,,blank header cell
NBS,NBS AGO (Diesel) Price Watch,2025-11,Sheet1,1,,geography,NORTH CENTRAL,blank header cell | detected as the geography column
NBS,NBS AGO (Diesel) Price Watch,2025-11,Sheet1,2,2024-11-14 00:00:00,date,1515.1109514716534,
NBS,NBS AGO (Diesel) Price Watch,2025-11,Sheet1,3,2025-10-25 00:00:00,date,1395.768208898866,
NBS,NBS AGO (Diesel) Price Watch,2025-11,Sheet1,4,2025-11-14 00:00:00,date,1406.1550302594103,
NBS,NBS AGO (Diesel) Price Watch,2025-11,Sheet1,5,YoY,percentage,-6.4038765365726436,
NBS,NBS AGO (Diesel) Price Watch,2025-11,Sheet1,6,MoM,percentage,0.74546917722339,
NBS,NBS AGO (Diesel) Price Watch,2025-11,Sheet1,7,,unknown,,blank header cell
NBS,NBS AGO (Diesel) Price Watch,2025-11,Sheet1,8,Zone,geography,South East,
NBS,NBS AGO (Diesel) Price Watch,2025-11,Sheet1,9,,unknown,1419.3404343142859,blank header cell
NBS,NBS AGO (Diesel) Price Watch,2025-11,Sheet1,10,,unknown,,blank header cell
NBS,NBS AGO (Diesel) Price Watch,2025-09,Sheet1,1,,geography,NORTH CENTRAL,blank header cell | detected as the geography column
NBS,NBS AGO (Diesel) Price Watch,2025-09,Sheet1,2,2024-09-14 00:00:00,date,1400.0523728005198,
NBS,NBS AGO (Diesel) Price Watch,2025-09,Sheet1,3,2025-08-14 00:00:00,date,1597.4023937650943,
NBS,NBS AGO (Diesel) Price Watch,2025-09,Sheet1,4,2025-09-14 00:00:00,date,1297.6196512775846,
NBS,NBS AGO (Diesel) Price Watch,2025-09,Sheet1,5,YoY,percentage,-6.844969722316563,
NBS,NBS AGO (Diesel) Price Watch,2025-09,Sheet1,6,MoM,percentage,-18.288596907608138,
NBS,NBS AGO (Diesel) Price Watch,2025-09,Sheet1,7,,unknown,,blank header cell
NBS,NBS AGO (Diesel) Price Watch,2025-09,Sheet1,8,Zone,geography,South East,
NBS,NBS AGO (Diesel) Price Watch,2025-09,Sheet1,9,,unknown,1275.408951107716,blank header cell
NBS,NBS AGO (Diesel) Price Watch,2025-09,Sheet1,10,,unknown,,blank header cell
NBS,NBS AGO (Diesel) Price Watch,2025-08,Sheet1,1,,geography,NORTH CENTRAL,blank header cell | detected as the geography column
NBS,NBS AGO (Diesel) Price Watch,2025-08,Sheet1,2,2024-08-14 00:00:00,date,1357.0713808505168,
NBS,NBS AGO (Diesel) Price Watch,2025-08,Sheet1,3,2025-07-14 00:00:00,date,1873.9397274861299,
NBS,NBS AGO (Diesel) Price Watch,2025-08,Sheet1,4,2025-08-14 00:00:00,date,1597.4023937650943,
NBS,NBS AGO (Diesel) Price Watch,2025-08,Sheet1,5,YoY,percentage,17.537790336282487,
NBS,NBS AGO (Diesel) Price Watch,2025-08,Sheet1,6,MoM,percentage,-14.214638944716171,
NBS,NBS AGO (Diesel) Price Watch,2025-08,Sheet1,7,,unknown,,blank header cell
NBS,NBS AGO (Diesel) Price Watch,2025-08,Sheet1,8,Zone,geography,South East,
NBS,NBS AGO (Diesel) Price Watch,2025-08,Sheet1,9,,unknown,1539.9788357524822,blank header cell
NBS,NBS AGO (Diesel) Price Watch,2025-08,Sheet1,10,,unknown,,blank header cell
NBS,NBS AGO (Diesel) Price Watch,2026-02,Sheet1,1,,geography,NORTH CENTRAL,blank header cell | detected as the geography column
NBS,NBS AGO (Diesel) Price Watch,2026-02,Sheet1,2,2025-02-14 00:00:00,date,1674.302457755102,
NBS,NBS AGO (Diesel) Price Watch,2026-02,Sheet1,3,2026-01-14 00:00:00,date,1334.9231464149664,
NBS,NBS AGO (Diesel) Price Watch,2026-02,Sheet1,4,2026-02-14 00:00:00,date,1382.1663798577308,
NBS,NBS AGO (Diesel) Price Watch,2026-02,Sheet1,5,YoY,percentage,-15.335562357368769,
NBS,NBS AGO (Diesel) Price Watch,2026-02,Sheet1,6,MoM,percentage,3.5837221750995445,
NBS,NBS AGO (Diesel) Price Watch,2026-02,Sheet1,7,,unknown,,blank header cell
NBS,NBS AGO (Diesel) Price Watch,2026-02,Sheet1,8,Zone,geography,South East,
NBS,NBS AGO (Diesel) Price Watch,2026-02,Sheet1,9,,unknown,1383.7686593824135,blank header cell
NBS,NBS AGO (Diesel) Price Watch,2026-02,Sheet1,10,,unknown,,blank header cell
NBS,NBS AGO (Diesel) Price Watch,2026-02,Sheet1,11,,unknown,,blank header cell
NBS,NBS AGO (Diesel) Price Watch,2026-02,Sheet1,12,,unknown,,blank header cell
NBS,NBS AGO (Diesel) Price Watch,2026-02,Sheet1,13,,unknown,,blank header cell
NBS,NBS AGO (Diesel) Price Watch,2026-02,Sheet1,14,,unknown,,blank header cell
NBS,NBS AGO (Diesel) Price Watch,2026-02,Sheet1,15,,unknown,,blank header cell
NBS,NBS AGO (Diesel) Price Watch,2026-01,DIESEL JANUARY 2026,1,,geography,NORTH CENTRAL,blank header cell | detected as the geography column
NBS,NBS AGO (Diesel) Price Watch,2026-01,DIESEL JANUARY 2026,2,2025-01-14 00:00:00,date,1680.39386690612,
NBS,NBS AGO (Diesel) Price Watch,2026-01,DIESEL JANUARY 2026,3,2025-12-14 00:00:00,date,1391.938815047075,
NBS,NBS AGO (Diesel) Price Watch,2026-01,DIESEL JANUARY 2026,4,2026-01-14 00:00:00,date,1334.9231464149664,
NBS,NBS AGO (Diesel) Price Watch,2026-01,DIESEL JANUARY 2026,5,YoY,percentage,-18.601260523000565,
NBS,NBS AGO (Diesel) Price Watch,2026-01,DIESEL JANUARY 2026,6,MoM,percentage,-3.9924629245683496,
NBS,NBS AGO (Diesel) Price Watch,2026-01,DIESEL JANUARY 2026,7,,unknown,,blank header cell
NBS,NBS AGO (Diesel) Price Watch,2026-01,DIESEL JANUARY 2026,8,Zone,geography,South East,
NBS,NBS AGO (Diesel) Price Watch,2026-01,DIESEL JANUARY 2026,9,,unknown,1288.1992978304286,blank header cell
NBS,NBS AGO (Diesel) Price Watch,2026-01,DIESEL JANUARY 2026,10,,unknown,,blank header cell
NBS,NBS AGO (Diesel) Price Watch,2026-01,DIESEL JANUARY 2026,11,,unknown,,blank header cell
NBS,NBS AGO (Diesel) Price Watch,2026-01,DIESEL JANUARY 2026,12,,unknown,,blank header cell
NBS,NBS AGO (Diesel) Price Watch,2026-01,DIESEL JANUARY 2026,13,,unknown,,blank header cell
NBS,NBS AGO (Diesel) Price Watch,2026-01,DIESEL JANUARY 2026,14,,unknown,,blank header cell
NBS,NBS AGO (Diesel) Price Watch,2026-01,DIESEL JANUARY 2026,15,,unknown,,blank header cell
NBS,NBS AGO (Diesel) Price Watch,2026-01,DIESEL JANUARY 2026,16,,unknown,,blank header cell
NBS,NBS AGO (Diesel) Price Watch,2026-01,DIESEL JANUARY 2026,17,,unknown,,blank header cell
NBS,NBS AGO (Diesel) Price Watch,2025-07,DIESEL JULY 2025,1,,geography,NORTH CENTRAL,blank header cell | detected as the geography column
NBS,NBS AGO (Diesel) Price Watch,2025-07,DIESEL JULY 2025,2,2024-07-14 00:00:00,date,1325.6280752515027,
NBS,NBS AGO (Diesel) Price Watch,2025-07,DIESEL JULY 2025,3,2025-06-14 00:00:00,date,1958.3847938358808,
NBS,NBS AGO (Diesel) Price Watch,2025-07,DIESEL JULY 2025,4,2025-07-14 00:00:00,date,1873.9397274861299,
NBS,NBS AGO (Diesel) Price Watch,2025-07,DIESEL JULY 2025,5,YoY,percentage,41.16902347202988,
NBS,NBS AGO (Diesel) Price Watch,2025-07,DIESEL JULY 2025,6,MoM,percentage,-3.509881058191223,
NBS,NBS AGO (Diesel) Price Watch,2025-07,DIESEL JULY 2025,7,,unknown,,blank header cell
NBS,NBS AGO (Diesel) Price Watch,2025-07,DIESEL JULY 2025,8,Zone,geography,South East,
NBS,NBS AGO (Diesel) Price Watch,2025-07,DIESEL JULY 2025,9,,unknown,1753.1330025135508,blank header cell
NBS,NBS AGO (Diesel) Price Watch,2025-07,DIESEL JULY 2025,10,,unknown,,blank header cell
NBS,NBS AGO (Diesel) Price Watch,2025-07,DIESEL JULY 2025,11,1941.9754403195839,unknown,,
NBS,NBS AGO (Diesel) Price Watch,2025-07,DIESEL JULY 2025,12,1619.0598316666667,unknown,,
NBS,NBS AGO (Diesel) Price Watch,2025-07,DIESEL JULY 2025,13,,unknown,,blank header cell
NBS,NBS AGO (Diesel) Price Watch,2025-07,DIESEL JULY 2025,14,,unknown,,blank header cell
NBS,NBS AGO (Diesel) Price Watch,2025-07,DIESEL JULY 2025,15,,unknown,,blank header cell
NBS,NBS AGO (Diesel) Price Watch,2025-07,DIESEL JULY 2025,16,,unknown,,blank header cell
NBS,NBS AGO (Diesel) Price Watch,2025-07,DIESEL JULY 2025,17,,unknown,,blank header cell
NBS,NBS AGO (Diesel) Price Watch,2026-05,DIESEL MAY 2026,1,,geography,NORTH CENTRAL,blank header cell | detected as the geography column
NBS,NBS AGO (Diesel) Price Watch,2026-05,DIESEL MAY 2026,2,2025-05-14 00:00:00,date,1920.4733508808815,
NBS,NBS AGO (Diesel) Price Watch,2026-05,DIESEL MAY 2026,3,2026-04-14 00:00:00,date,2454.2534496860703,
NBS,NBS AGO (Diesel) Price Watch,2026-05,DIESEL MAY 2026,4,2026-05-14 00:00:00,date,3252.915776639667,
NBS,NBS AGO (Diesel) Price Watch,2026-05,DIESEL MAY 2026,5,YoY,percentage,69.380938045697,
NBS,NBS AGO (Diesel) Price Watch,2026-05,DIESEL MAY 2026,6,MoM,percentage,32.54196615495256,
NBS,NBS AGO (Diesel) Price Watch,2026-05,DIESEL MAY 2026,7,,unknown,,blank header cell
NBS,NBS AGO (Diesel) Price Watch,2026-05,DIESEL MAY 2026,8,Zone,geography,South East,
NBS,NBS AGO (Diesel) Price Watch,2026-05,DIESEL MAY 2026,9,,unknown,3297.004046573781,blank header cell
NBS,NBS AGO (Diesel) Price Watch,2026-05,DIESEL MAY 2026,10,,unknown,,blank header cell
NBS,NBS AGO (Diesel) Price Watch,2026-05,DIESEL MAY 2026,11,,unknown,,blank header cell
NBS,NBS AGO (Diesel) Price Watch,2026-03,DIESEL MARCH 2026,1,,geography,NORTH CENTRAL,blank header cell | detected as the geography column
NBS,NBS AGO (Diesel) Price Watch,2026-03,DIESEL MARCH 2026,2,2025-03-14 00:00:00,date,1775.96464780207,
NBS,NBS AGO (Diesel) Price Watch,2026-03,DIESEL MARCH 2026,3,2026-02-14 00:00:00,date,1382.16637985773,
NBS,NBS AGO (Diesel) Price Watch,2026-03,DIESEL MARCH 2026,4,2026-03-14 00:00:00,date,1593.10571640495,
NBS,NBS AGO (Diesel) Price Watch,2026-03,DIESEL MARCH 2026,5,YoY,percentage,-10.2963159555807,
NBS,NBS AGO (Diesel) Price Watch,2026-03,DIESEL MARCH 2026,6,MoM,percentage,15.2615010480093,
NBS,NBS AGO (Diesel) Price Watch,2026-03,DIESEL MARCH 2026,7,,unknown,,blank header cell
NBS,NBS AGO (Diesel) Price Watch,2026-03,DIESEL MARCH 2026,8,Zone,geography,South East,
NBS,NBS AGO (Diesel) Price Watch,2026-03,DIESEL MARCH 2026,9,,unknown,1730.1417845692,blank header cell
NBS,NBS AGO (Diesel) Price Watch,2026-03,DIESEL MARCH 2026,10,,unknown,,blank header cell
NBS,NBS AGO (Diesel) Price Watch,2026-03,DIESEL MARCH 2026,11,,unknown,,blank header cell
NBS,NBS AGO (Diesel) Price Watch,2026-03,DIESEL MARCH 2026,12,,unknown,,blank header cell
NBS,NBS AGO (Diesel) Price Watch,2026-03,DIESEL MARCH 2026,13,,unknown,,blank header cell
NBS,NBS AGO (Diesel) Price Watch,2026-03,DIESEL MARCH 2026,14,,unknown,,blank header cell
NBS,NBS AGO (Diesel) Price Watch,2026-03,DIESEL MARCH 2026,15,,unknown,,blank header cell
NBS,NBS AGO (Diesel) Price Watch,2026-03,DIESEL MARCH 2026,16,,unknown,,blank header cell
NBS,NBS AGO (Diesel) Price Watch,2026-03,DIESEL MARCH 2026,17,,unknown,,blank header cell
NBS,NBS AGO (Diesel) Price Watch,2025-10,DIESEL OCTOBER 2025,1,,geography,NORTH CENTRAL,blank header cell | detected as the geography column
NBS,NBS AGO (Diesel) Price Watch,2025-10,DIESEL OCTOBER 2025,2,2024-10-14 00:00:00,date,1501.166926086841,
NBS,NBS AGO (Diesel) Price Watch,2025-10,DIESEL OCTOBER 2025,3,2025-09-14 00:00:00,date,1297.6196512775846,
NBS,NBS AGO (Diesel) Price Watch,2025-10,DIESEL OCTOBER 2025,4,2025-10-14 00:00:00,date,1395.768208898866,
NBS,NBS AGO (Diesel) Price Watch,2025-10,DIESEL OCTOBER 2025,5,YoY,percentage,-7.021119061204099,
NBS,NBS AGO (Diesel) Price Watch,2025-10,DIESEL OCTOBER 2025,6,MoM,percentage,7.563738536530973,
NBS,NBS AGO (Diesel) Price Watch,2025-10,DIESEL OCTOBER 2025,7,,unknown,,blank header cell
NBS,NBS AGO (Diesel) Price Watch,2025-10,DIESEL OCTOBER 2025,8,Zone,geography,South East,
NBS,NBS AGO (Diesel) Price Watch,2025-10,DIESEL OCTOBER 2025,9,,unknown,1415.847485742857,blank header cell
NBS,NBS AGO (Diesel) Price Watch,2025-10,DIESEL OCTOBER 2025,10,,unknown,,blank header cell
NBS,NBS AGO (Diesel) Price Watch,2025-10,DIESEL OCTOBER 2025,11,,unknown,,blank header cell
NBS,NBS AGO (Diesel) Price Watch,2025-10,DIESEL OCTOBER 2025,12,,unknown,,blank header cell
NBS,NBS AGO (Diesel) Price Watch,2025-10,DIESEL OCTOBER 2025,13,,unknown,,blank header cell
NBS,NBS AGO (Diesel) Price Watch,2025-10,DIESEL OCTOBER 2025,14,,unknown,,blank header cell
NBS,NBS AGO (Diesel) Price Watch,2025-10,DIESEL OCTOBER 2025,15,,unknown,,blank header cell
NBS,NBS AGO (Diesel) Price Watch,2025-10,DIESEL OCTOBER 2025,16,,unknown,,blank header cell
NBS,NBS AGO (Diesel) Price Watch,2025-10,DIESEL OCTOBER 2025,17,,unknown,,blank header cell
NBS,NBS AGO (Diesel) Price Watch,2025-03,DIESEL MARCH 2025,1,,geography,NORTH CENTRAL,blank header cell | detected as the geography column
NBS,NBS AGO (Diesel) Price Watch,2025-03,DIESEL MARCH 2025,2,2024-03-14 00:00:00,date,1230.98008241758,
NBS,NBS AGO (Diesel) Price Watch,2025-03,DIESEL MARCH 2025,3,2025-02-14 00:00:00,date,1674.3024577551,
NBS,NBS AGO (Diesel) Price Watch,2025-03,DIESEL MARCH 2025,4,2025-03-14 00:00:00,date,1775.96464780207,
NBS,NBS AGO (Diesel) Price Watch,2025-03,DIESEL MARCH 2025,5,YoY,percentage,45.4742222859744,
NBS,NBS AGO (Diesel) Price Watch,2025-03,DIESEL MARCH 2025,6,MoM,percentage,6.48526852529119,
NBS,NBS AGO (Diesel) Price Watch,2025-03,DIESEL MARCH 2025,7,,unknown,,blank header cell
NBS,NBS AGO (Diesel) Price Watch,2025-03,DIESEL MARCH 2025,8,Zone,geography,South East,
NBS,NBS AGO (Diesel) Price Watch,2025-03,DIESEL MARCH 2025,9,,unknown,1493.68124166111,blank header cell
NBS,NBS AGO (Diesel) Price Watch,2025-03,DIESEL MARCH 2025,10,,unknown,,blank header cell
NBS,NBS AGO (Diesel) Price Watch,2025-03,DIESEL MARCH 2025,11,,unknown,,blank header cell
NBS,NBS AGO (Diesel) Price Watch,2025-03,DIESEL MARCH 2025,12,,unknown,,blank header cell
NBS,NBS AGO (Diesel) Price Watch,2025-03,DIESEL MARCH 2025,13,,unknown,,blank header cell
NBS,NBS AGO (Diesel) Price Watch,2025-03,DIESEL MARCH 2025,14,,unknown,,blank header cell
NBS,NBS AGO (Diesel) Price Watch,2025-03,DIESEL MARCH 2025,15,,unknown,,blank header cell
NBS,NBS AGO (Diesel) Price Watch,2025-03,DIESEL MARCH 2025,16,,unknown,,blank header cell
NBS,NBS AGO (Diesel) Price Watch,2025-03,DIESEL MARCH 2025,17,,unknown,,blank header cell
NBS,NBS AGO (Diesel) Price Watch,2025-04,DIESEL APRIL 2025,1,,geography,NORTH CENTRAL,blank header cell | detected as the geography column
NBS,NBS AGO (Diesel) Price Watch,2025-04,DIESEL APRIL 2025,2,2024-04-14 00:00:00,date,1307.2091836734694,
NBS,NBS AGO (Diesel) Price Watch,2025-04,DIESEL APRIL 2025,3,2025-03-14 00:00:00,date,1775.9646478020677,
NBS,NBS AGO (Diesel) Price Watch,2025-04,DIESEL APRIL 2025,4,2025-04-14 00:00:00,date,1867.9676395942708,
NBS,NBS AGO (Diesel) Price Watch,2025-04,DIESEL APRIL 2025,5,YoY,percentage,43.93025694775175,
NBS,NBS AGO (Diesel) Price Watch,2025-04,DIESEL APRIL 2025,6,MoM,percentage,5.586047209461505,
NBS,NBS AGO (Diesel) Price Watch,2025-04,DIESEL APRIL 2025,7,,unknown,,blank header cell
NBS,NBS AGO (Diesel) Price Watch,2025-04,DIESEL APRIL 2025,8,Zone,geography,South East,
NBS,NBS AGO (Diesel) Price Watch,2025-04,DIESEL APRIL 2025,9,,unknown,1631.0829184477939,blank header cell
NBS,NBS AGO (Diesel) Price Watch,2025-04,DIESEL APRIL 2025,10,,unknown,,blank header cell
NBS,NBS AGO (Diesel) Price Watch,2025-04,DIESEL APRIL 2025,11,,unknown,,blank header cell
NBS,NBS AGO (Diesel) Price Watch,2025-04,DIESEL APRIL 2025,12,,unknown,,blank header cell
NBS,NBS AGO (Diesel) Price Watch,2025-04,DIESEL APRIL 2025,13,,unknown,,blank header cell
NBS,NBS AGO (Diesel) Price Watch,2025-04,DIESEL APRIL 2025,14,,unknown,,blank header cell
NBS,NBS AGO (Diesel) Price Watch,2025-04,DIESEL APRIL 2025,15,,unknown,,blank header cell
NBS,NBS AGO (Diesel) Price Watch,2025-04,DIESEL APRIL 2025,16,,unknown,,blank header cell
NBS,NBS AGO (Diesel) Price Watch,2025-04,DIESEL APRIL 2025,17,,unknown,,blank header cell
NBS,NBS AGO (Diesel) Price Watch,2025-06,DIESEL JUNE 2025,1,,geography,NORTH CENTRAL,blank header cell | detected as the geography column
NBS,NBS AGO (Diesel) Price Watch,2025-06,DIESEL JUNE 2025,2,2024-06-14 00:00:00,date,1447.8350078492936,
NBS,NBS AGO (Diesel) Price Watch,2025-06,DIESEL JUNE 2025,3,2025-05-14 00:00:00,date,1920.4733508808815,
NBS,NBS AGO (Diesel) Price Watch,2025-06,DIESEL JUNE 2025,4,2025-06-14 00:00:00,date,1958.3847938358808,
NBS,NBS AGO (Diesel) Price Watch,2025-06,DIESEL JUNE 2025,5,YoY,percentage,37.350633665194955,
NBS,NBS AGO (Diesel) Price Watch,2025-06,DIESEL JUNE 2025,6,MoM,percentage,1.932754827762245,
NBS,NBS AGO (Diesel) Price Watch,2025-06,DIESEL JUNE 2025,7,,unknown,,blank header cell
NBS,NBS AGO (Diesel) Price Watch,2025-06,DIESEL JUNE 2025,8,Zone,geography,South East,
NBS,NBS AGO (Diesel) Price Watch,2025-06,DIESEL JUNE 2025,9,,unknown,1691.1677601070762,blank header cell
NBS,NBS AGO (Diesel) Price Watch,2025-06,DIESEL JUNE 2025,10,,unknown,,blank header cell
NBS,NBS AGO (Diesel) Price Watch,2025-06,DIESEL JUNE 2025,11,,unknown,,blank header cell
NBS,NBS AGO (Diesel) Price Watch,2025-06,DIESEL JUNE 2025,12,,unknown,,blank header cell
NBS,NBS AGO (Diesel) Price Watch,2025-06,DIESEL JUNE 2025,13,,unknown,,blank header cell
NBS,NBS AGO (Diesel) Price Watch,2025-06,DIESEL JUNE 2025,14,,unknown,,blank header cell
NBS,NBS AGO (Diesel) Price Watch,2025-06,DIESEL JUNE 2025,15,,unknown,,blank header cell
NBS,NBS AGO (Diesel) Price Watch,2025-06,DIESEL JUNE 2025,16,,unknown,,blank header cell
NBS,NBS AGO (Diesel) Price Watch,2025-06,DIESEL JUNE 2025,17,,unknown,,blank header cell
NBS,NBS AGO (Diesel) Price Watch,2025-05,DIESEL MAY 2025,1,,geography,NORTH CENTRAL,blank header cell | detected as the geography column
NBS,NBS AGO (Diesel) Price Watch,2025-05,DIESEL MAY 2025,2,2024-05-14 00:00:00,date,1312.0583071690216,
NBS,NBS AGO (Diesel) Price Watch,2025-05,DIESEL MAY 2025,3,2025-04-14 00:00:00,date,1867.9676395942708,
NBS,NBS AGO (Diesel) Price Watch,2025-05,DIESEL MAY 2025,4,2025-05-14 00:00:00,date,1920.4733508808815,
NBS,NBS AGO (Diesel) Price Watch,2025-05,DIESEL MAY 2025,5,YoY,percentage,46.355756991940844,
NBS,NBS AGO (Diesel) Price Watch,2025-05,DIESEL MAY 2025,6,MoM,percentage,3.1840088232035746,
NBS,NBS AGO (Diesel) Price Watch,2025-05,DIESEL MAY 2025,7,,unknown,,blank header cell
NBS,NBS AGO (Diesel) Price Watch,2025-05,DIESEL MAY 2025,8,Zone,geography,South East,
NBS,NBS AGO (Diesel) Price Watch,2025-05,DIESEL MAY 2025,9,,unknown,1632.330266209332,blank header cell
NBS,NBS AGO (Diesel) Price Watch,2025-05,DIESEL MAY 2025,10,,unknown,,blank header cell
NBS,NBS AGO (Diesel) Price Watch,2025-05,DIESEL MAY 2025,11,,unknown,,blank header cell
NBS,NBS AGO (Diesel) Price Watch,2025-05,DIESEL MAY 2025,12,,unknown,,blank header cell
NBS,NBS AGO (Diesel) Price Watch,2025-05,DIESEL MAY 2025,13,,unknown,,blank header cell
NBS,NBS AGO (Diesel) Price Watch,2025-05,DIESEL MAY 2025,14,,unknown,,blank header cell
NBS,NBS AGO (Diesel) Price Watch,2025-05,DIESEL MAY 2025,15,,unknown,,blank header cell
NBS,NBS AGO (Diesel) Price Watch,2025-05,DIESEL MAY 2025,16,,unknown,,blank header cell
NBS,NBS AGO (Diesel) Price Watch,2025-05,DIESEL MAY 2025,17,,unknown,,blank header cell
NBS,NBS LPG (Cooking Gas) Price Watch,2025-04,LPG APR 2025,1,,geography,NORTH CENTRAL,blank header cell | detected as the geography column
NBS,NBS LPG (Cooking Gas) Price Watch,2025-04,LPG APR 2025,2,Average of Apr-24,date,6544.471243042672,
NBS,NBS LPG (Cooking Gas) Price Watch,2025-04,LPG APR 2025,3,Average of Mar-25,date,7047.232459538007,
NBS,NBS LPG (Cooking Gas) Price Watch,2025-04,LPG APR 2025,4,Average of Apr-25,date,7432.218771930892,
NBS,NBS LPG (Cooking Gas) Price Watch,2025-04,LPG APR 2025,5,MoM,percentage,5.462943284520577,
NBS,NBS LPG (Cooking Gas) Price Watch,2025-04,LPG APR 2025,6,YoY,percentage,13.564847272145514,
NBS,NBS LPG (Cooking Gas) Price Watch,2025-04,LPG APR 2025,7,,unknown,,blank header cell
NBS,NBS LPG (Cooking Gas) Price Watch,2025-04,LPG APR 2025,8,,unknown,,blank header cell
NBS,NBS LPG (Cooking Gas) Price Watch,2025-04,LPG APR 2025,9,,unknown,NORTH CENTRAL,blank header cell
NBS,NBS LPG (Cooking Gas) Price Watch,2025-04,LPG APR 2025,10,Average of Apr-24,date,15038.87095047809,
NBS,NBS LPG (Cooking Gas) Price Watch,2025-04,LPG APR 2025,11,Average of Mar-25,date,17296.652577416444,
NBS,NBS LPG (Cooking Gas) Price Watch,2025-04,LPG APR 2025,12,Average of Apr-25,date,19330.54692982723,
NBS,NBS LPG (Cooking Gas) Price Watch,2025-04,LPG APR 2025,13,MoM,percentage,11.758890012431422,
NBS,NBS LPG (Cooking Gas) Price Watch,2025-04,LPG APR 2025,14,YoY,percentage,28.537221932958374,
NBS,NBS LPG (Cooking Gas) Price Watch,2025-04,LPG APR 2025,15,,unknown,,blank header cell
NBS,NBS LPG (Cooking Gas) Price Watch,2025-02,LPG FEB 2025,1,,geography,NORTH CENTRAL,blank header cell | detected as the geography column
NBS,NBS LPG (Cooking Gas) Price Watch,2025-02,LPG FEB 2025,2,Average of Feb-24,date,5723.015873015873,
NBS,NBS LPG (Cooking Gas) Price Watch,2025-02,LPG FEB 2025,3,Average of Jan-25,date,7016.0103433333325,
NBS,NBS LPG (Cooking Gas) Price Watch,2025-02,LPG FEB 2025,4,Average of Feb-25,date,6963.809523809524,
NBS,NBS LPG (Cooking Gas) Price Watch,2025-02,LPG FEB 2025,5,MoM,percentage,-0.7440242669170374,
NBS,NBS LPG (Cooking Gas) Price Watch,2025-02,LPG FEB 2025,6,YoY,percentage,21.68076549715711,
NBS,NBS LPG (Cooking Gas) Price Watch,2025-02,LPG FEB 2025,7,,unknown,,blank header cell
NBS,NBS LPG (Cooking Gas) Price Watch,2025-02,LPG FEB 2025,8,,unknown,,blank header cell
NBS,NBS LPG (Cooking Gas) Price Watch,2025-02,LPG FEB 2025,9,,unknown,NORTH CENTRAL,blank header cell
NBS,NBS LPG (Cooking Gas) Price Watch,2025-02,LPG FEB 2025,10,Average of Feb-24,date,14823.788265306122,
NBS,NBS LPG (Cooking Gas) Price Watch,2025-02,LPG FEB 2025,11,Average of Jan-25,date,17197.883001190472,
NBS,NBS LPG (Cooking Gas) Price Watch,2025-02,LPG FEB 2025,12,Average of Feb-25,date,17166.666666666664,
NBS,NBS LPG (Cooking Gas) Price Watch,2025-02,LPG FEB 2025,13,MoM,percentage,-0.18151265781752102,
NBS,NBS LPG (Cooking Gas) Price Watch,2025-02,LPG FEB 2025,14,YoY,percentage,15.804856082866877,
NBS,NBS LPG (Cooking Gas) Price Watch,2025-02,LPG FEB 2025,15,,unknown,,blank header cell
NBS,NBS LPG (Cooking Gas) Price Watch,2025-02,LPG FEB 2025,16,,unknown,,blank header cell
NBS,NBS LPG (Cooking Gas) Price Watch,2025-02,LPG FEB 2025,17,,unknown,,blank header cell
NBS,NBS LPG (Cooking Gas) Price Watch,2025-01,LPG JAN 2025,1,,geography,NORTH CENTRAL,blank header cell | detected as the geography column
NBS,NBS LPG (Cooking Gas) Price Watch,2025-01,LPG JAN 2025,2,Average of Jan-24,date,5240.357142857143,
NBS,NBS LPG (Cooking Gas) Price Watch,2025-01,LPG JAN 2025,3,Average of Dec-24,date,7352.317176870748,
NBS,NBS LPG (Cooking Gas) Price Watch,2025-01,LPG JAN 2025,4,Average of Jan-25,date,7016.0103433333325,
NBS,NBS LPG (Cooking Gas) Price Watch,2025-01,LPG JAN 2025,5,MoM,percentage,-4.574161117468989,
NBS,NBS LPG (Cooking Gas) Price Watch,2025-01,LPG JAN 2025,6,YoY,percentage,33.88420201276719,
NBS,NBS LPG (Cooking Gas) Price Watch,2025-01,LPG JAN 2025,7,,unknown,,blank header cell
NBS,NBS LPG (Cooking Gas) Price Watch,2025-01,LPG JAN 2025,8,,unknown,,blank header cell
NBS,NBS LPG (Cooking Gas) Price Watch,2025-01,LPG JAN 2025,9,,unknown,NORTH CENTRAL,blank header cell
NBS,NBS LPG (Cooking Gas) Price Watch,2025-01,LPG JAN 2025,10,Average of Jan-24,date,11304.081632653062,
NBS,NBS LPG (Cooking Gas) Price Watch,2025-01,LPG JAN 2025,11,Average of Dec-24,date,16482.47023809524,
NBS,NBS LPG (Cooking Gas) Price Watch,2025-01,LPG JAN 2025,12,Average of Jan-25,date,17197.883001190472,
NBS,NBS LPG (Cooking Gas) Price Watch,2025-01,LPG JAN 2025,13,MoM,percentage,4.340446260547324,
NBS,NBS LPG (Cooking Gas) Price Watch,2025-01,LPG JAN 2025,14,YoY,percentage,52.138701400673966,
NBS,NBS LPG (Cooking Gas) Price Watch,2025-01,LPG JAN 2025,15,,unknown,,blank header cell
NBS,NBS LPG (Cooking Gas) Price Watch,2025-01,LPG JAN 2025,16,,unknown,,blank header cell
NBS,NBS LPG (Cooking Gas) Price Watch,2025-01,LPG JAN 2025,17,,unknown,,blank header cell
NBS,NBS LPG (Cooking Gas) Price Watch,2025-03,LPG MAR 2025,1,,geography,NORTH CENTRAL,blank header cell | detected as the geography column
NBS,NBS LPG (Cooking Gas) Price Watch,2025-03,LPG MAR 2025,2,Average of Mar-24,date,6442.522239665096,
NBS,NBS LPG (Cooking Gas) Price Watch,2025-03,LPG MAR 2025,3,Average of Feb-25,date,6963.809523809524,
NBS,NBS LPG (Cooking Gas) Price Watch,2025-03,LPG MAR 2025,4,Average of Mar-25,date,7047.232459538007,
NBS,NBS LPG (Cooking Gas) Price Watch,2025-03,LPG MAR 2025,5,MoM,percentage,1.1979497061666677,
NBS,NBS LPG (Cooking Gas) Price Watch,2025-03,LPG MAR 2025,6,YoY,percentage,9.386234107968633,
NBS,NBS LPG (Cooking Gas) Price Watch,2025-03,LPG MAR 2025,7,,unknown,,blank header cell
NBS,NBS LPG (Cooking Gas) Price Watch,2025-03,LPG MAR 2025,8,,unknown,,blank header cell
NBS,NBS LPG (Cooking Gas) Price Watch,2025-03,LPG MAR 2025,9,,unknown,NORTH CENTRAL,blank header cell
NBS,NBS LPG (Cooking Gas) Price Watch,2025-03,LPG MAR 2025,10,Average of Mar-24,date,15957.81462585034,
NBS,NBS LPG (Cooking Gas) Price Watch,2025-03,LPG MAR 2025,11,Average of Feb-25,date,17166.666666666664,
NBS,NBS LPG (Cooking Gas) Price Watch,2025-03,LPG MAR 2025,12,Average of Mar-25,date,17296.652577416444,
NBS,NBS LPG (Cooking Gas) Price Watch,2025-03,LPG MAR 2025,13,MoM,percentage,0.7571994800958066,
NBS,NBS LPG (Cooking Gas) Price Watch,2025-03,LPG MAR 2025,14,YoY,percentage,8.38985777787704,
NBS,NBS LPG (Cooking Gas) Price Watch,2025-03,LPG MAR 2025,15,,unknown,,blank header cell
NBS,NBS LPG (Cooking Gas) Price Watch,2025-03,LPG MAR 2025,16,,unknown,,blank header cell
NBS,NBS LPG (Cooking Gas) Price Watch,2025-03,LPG MAR 2025,17,,unknown,,blank header cell
NBS,NBS LPG (Cooking Gas) Price Watch,2025-05,LPG MAY 2025,1,,geography,NORTH CENTRAL,blank header cell | detected as the geography column
NBS,NBS LPG (Cooking Gas) Price Watch,2025-05,LPG MAY 2025,2,Average of May-24,date,7500.299185928573,
NBS,NBS LPG (Cooking Gas) Price Watch,2025-05,LPG MAY 2025,3,Average of Apr-25,date,7432.218771930892,
NBS,NBS LPG (Cooking Gas) Price Watch,2025-05,LPG MAY 2025,4,Average of May-25,date,7759.3834558524,
NBS,NBS LPG (Cooking Gas) Price Watch,2025-05,LPG MAY 2025,5,MoM,percentage,4.401978654841329,
NBS,NBS LPG (Cooking Gas) Price Watch,2025-05,LPG MAY 2025,6,YoY,percentage,3.4543191344939856,
NBS,NBS LPG (Cooking Gas) Price Watch,2025-05,LPG MAY 2025,7,,unknown,,blank header cell
NBS,NBS LPG (Cooking Gas) Price Watch,2025-05,LPG MAY 2025,8,,unknown,,blank header cell
NBS,NBS LPG (Cooking Gas) Price Watch,2025-05,LPG MAY 2025,9,,unknown,NORTH CENTRAL,blank header cell
NBS,NBS LPG (Cooking Gas) Price Watch,2025-05,LPG MAY 2025,10,Average of May-24,date,15329.107499714288,
NBS,NBS LPG (Cooking Gas) Price Watch,2025-05,LPG MAY 2025,11,Average of Apr-25,date,19330.54692982723,
NBS,NBS LPG (Cooking Gas) Price Watch,2025-05,LPG MAY 2025,12,Average of May-25,date,20112.74435391671,
NBS,NBS LPG (Cooking Gas) Price Watch,2025-05,LPG MAY 2025,13,MoM,percentage,4.046431934538504,
NBS,NBS LPG (Cooking Gas) Price Watch,2025-05,LPG MAY 2025,14,YoY,percentage,31.2062320281307,
NBS,NBS LPG (Cooking Gas) Price Watch,2025-05,LPG MAY 2025,15,,unknown,,blank header cell
NBS,NBS LPG (Cooking Gas) Price Watch,2025-05,LPG MAY 2025,16,,unknown,,blank header cell
NBS,NBS LPG (Cooking Gas) Price Watch,2025-05,LPG MAY 2025,17,,unknown,,blank header cell
NBS,NBS LPG (Cooking Gas) Price Watch,2025-06,LPG JUNE 2025,1,,geography,NORTH CENTRAL,blank header cell | detected as the geography column
NBS,NBS LPG (Cooking Gas) Price Watch,2025-06,LPG JUNE 2025,2,Average of Jun-24,date,7096.508900226757,
NBS,NBS LPG (Cooking Gas) Price Watch,2025-06,LPG JUNE 2025,3,Average of May-25,date,7759.3834558524,
NBS,NBS LPG (Cooking Gas) Price Watch,2025-06,LPG JUNE 2025,4,Average of Jun-25,date,8072.905026148504,
NBS,NBS LPG (Cooking Gas) Price Watch,2025-06,LPG JUNE 2025,5,MoM,percentage,4.040547449161494,
NBS,NBS LPG (Cooking Gas) Price Watch,2025-06,LPG JUNE 2025,6,YoY,percentage,13.758823382727627,
NBS,NBS LPG (Cooking Gas) Price Watch,2025-06,LPG JUNE 2025,7,,unknown,,blank header cell
NBS,NBS LPG (Cooking Gas) Price Watch,2025-06,LPG JUNE 2025,8,,unknown,,blank header cell
NBS,NBS LPG (Cooking Gas) Price Watch,2025-06,LPG JUNE 2025,9,,unknown,NORTH CENTRAL,blank header cell
NBS,NBS LPG (Cooking Gas) Price Watch,2025-06,LPG JUNE 2025,10,Average of Jun-24,date,15593.28214940983,
NBS,NBS LPG (Cooking Gas) Price Watch,2025-06,LPG JUNE 2025,11,Average of May-25,date,20112.74435391671,
NBS,NBS LPG (Cooking Gas) Price Watch,2025-06,LPG JUNE 2025,12,Average of Jun-25,date,20491.80274452816,
NBS,NBS LPG (Cooking Gas) Price Watch,2025-06,LPG JUNE 2025,13,MoM,percentage,1.8846676711108898,
NBS,NBS LPG (Cooking Gas) Price Watch,2025-06,LPG JUNE 2025,14,YoY,percentage,31.41430103157421,
NBS,NBS LPG (Cooking Gas) Price Watch,2025-06,LPG JUNE 2025,15,,unknown,,blank header cell
NBS,NBS LPG (Cooking Gas) Price Watch,2025-06,LPG JUNE 2025,16,,unknown,,blank header cell
NBS,NBS LPG (Cooking Gas) Price Watch,2025-06,LPG JUNE 2025,17,,unknown,,blank header cell
NBS,NBS LPG (Cooking Gas) Price Watch,2025-08,LPG AUGUST 2025,1,,geography,NORTH CENTRAL,blank header cell | detected as the geography column
NBS,NBS LPG (Cooking Gas) Price Watch,2025-08,LPG AUGUST 2025,2,Average of Aug-24,date,6344.290732582847,
NBS,NBS LPG (Cooking Gas) Price Watch,2025-08,LPG AUGUST 2025,3,Average of Jul-25,date,8078.830141552423,
NBS,NBS LPG (Cooking Gas) Price Watch,2025-08,LPG AUGUST 2025,4,Average of Aug-25,date,6387.148336734691,
NBS,NBS LPG (Cooking Gas) Price Watch,2025-08,LPG AUGUST 2025,5,MoM,percentage,-20.939687741629626,
NBS,NBS LPG (Cooking Gas) Price Watch,2025-08,LPG AUGUST 2025,6,YoY,percentage,0.6755302674219479,
NBS,NBS LPG (Cooking Gas) Price Watch,2025-08,LPG AUGUST 2025,7,,unknown,,blank header cell
NBS,NBS LPG (Cooking Gas) Price Watch,2025-08,LPG AUGUST 2025,8,,unknown,,blank header cell
NBS,NBS LPG (Cooking Gas) Price Watch,2025-08,LPG AUGUST 2025,9,,unknown,NORTH CENTRAL,blank header cell
NBS,NBS LPG (Cooking Gas) Price Watch,2025-08,LPG AUGUST 2025,10,Average of Aug-24,date,14767.407776654149,
NBS,NBS LPG (Cooking Gas) Price Watch,2025-08,LPG AUGUST 2025,11,Average of Jul-25,date,20197.075353881057,
NBS,NBS LPG (Cooking Gas) Price Watch,2025-08,LPG AUGUST 2025,12,Average of Aug-25,date,16064.656556122443,
NBS,NBS LPG (Cooking Gas) Price Watch,2025-08,LPG AUGUST 2025,13,MoM,percentage,-20.460481160528673,
NBS,NBS LPG (Cooking Gas) Price Watch,2025-08,LPG AUGUST 2025,14,YoY,percentage,8.784539569084828,
NBS,NBS LPG (Cooking Gas) Price Watch,2025-08,LPG AUGUST 2025,15,,unknown,,blank header cell
NBS,NBS LPG (Cooking Gas) Price Watch,2025-08,LPG AUGUST 2025,16,,unknown,,blank header cell
NBS,NBS LPG (Cooking Gas) Price Watch,2025-08,LPG AUGUST 2025,17,,unknown,,blank header cell
NBS,NBS LPG (Cooking Gas) Price Watch,2025-07,LPG_JULY_2025,1,,geography,NORTH CENTRAL,blank header cell | detected as the geography column
NBS,NBS LPG (Cooking Gas) Price Watch,2025-07,LPG_JULY_2025,2,Average of Jul-24,date,6042.332931619161,
NBS,NBS LPG (Cooking Gas) Price Watch,2025-07,LPG_JULY_2025,3,Average of Jun-25,date,8072.905026148504,
NBS,NBS LPG (Cooking Gas) Price Watch,2025-07,LPG_JULY_2025,4,Average of Jul-25,date,8078.830141552423,
NBS,NBS LPG (Cooking Gas) Price Watch,2025-07,LPG_JULY_2025,5,MoM,percentage,0.07339508373662795,
NBS,NBS LPG (Cooking Gas) Price Watch,2025-07,LPG_JULY_2025,6,YoY,percentage,33.703823224906984,
NBS,NBS LPG (Cooking Gas) Price Watch,2025-07,LPG_JULY_2025,7,,unknown,,blank header cell
NBS,NBS LPG (Cooking Gas) Price Watch,2025-07,LPG_JULY_2025,8,,unknown,,blank header cell
NBS,NBS LPG (Cooking Gas) Price Watch,2025-07,LPG_JULY_2025,9,,unknown,NORTH CENTRAL,blank header cell
NBS,NBS LPG (Cooking Gas) Price Watch,2025-07,LPG_JULY_2025,10,Average of Jul-24,date,13611.682851363203,
NBS,NBS LPG (Cooking Gas) Price Watch,2025-07,LPG_JULY_2025,11,Average of Jun-25,date,20491.80274452816,
NBS,NBS LPG (Cooking Gas) Price Watch,2025-07,LPG_JULY_2025,12,Average of Jul-25,date,20197.075353881057,
NBS,NBS LPG (Cooking Gas) Price Watch,2025-07,LPG_JULY_2025,13,MoM,percentage,-1.4382697038492722,
NBS,NBS LPG (Cooking Gas) Price Watch,2025-07,LPG_JULY_2025,14,YoY,percentage,48.380443288526436,
NBS,NBS LPG (Cooking Gas) Price Watch,2025-07,LPG_JULY_2025,15,,unknown,,blank header cell
NBS,NBS LPG (Cooking Gas) Price Watch,2025-07,LPG_JULY_2025,16,,unknown,,blank header cell
NBS,NBS LPG (Cooking Gas) Price Watch,2025-07,LPG_JULY_2025,17,,unknown,,blank header cell
NBS,NBS LPG (Cooking Gas) Price Watch,2025-12,LPG DECEMBER 2025,1,,geography,NORTH CENTRAL,blank header cell | detected as the geography column
NBS,NBS LPG (Cooking Gas) Price Watch,2025-12,LPG DECEMBER 2025,2,Average of Dec-24,date,7352.317176870748,
NBS,NBS LPG (Cooking Gas) Price Watch,2025-12,LPG DECEMBER 2025,3,Average of Nov-25,date,5506.887558664285,
NBS,NBS LPG (Cooking Gas) Price Watch,2025-12,LPG DECEMBER 2025,4,Average of Dec-25,date,5304.384028977811,
NBS,NBS LPG (Cooking Gas) Price Watch,2025-12,LPG DECEMBER 2025,5,MoM,percentage,-3.6772773645589325,
NBS,NBS LPG (Cooking Gas) Price Watch,2025-12,LPG DECEMBER 2025,6,YoY,percentage,-27.854254633293266,
NBS,NBS LPG (Cooking Gas) Price Watch,2025-12,LPG DECEMBER 2025,7,,unknown,,blank header cell
NBS,NBS LPG (Cooking Gas) Price Watch,2025-12,LPG DECEMBER 2025,8,,unknown,,blank header cell
NBS,NBS LPG (Cooking Gas) Price Watch,2025-12,LPG DECEMBER 2025,9,,unknown,NORTH CENTRAL,blank header cell
NBS,NBS LPG (Cooking Gas) Price Watch,2025-12,LPG DECEMBER 2025,10,Average of Dec-24,date,16482.47023809524,
NBS,NBS LPG (Cooking Gas) Price Watch,2025-12,LPG DECEMBER 2025,11,Average of Nov-25,date,13702.933182374998,
NBS,NBS LPG (Cooking Gas) Price Watch,2025-12,LPG DECEMBER 2025,12,Average of Dec-25,date,13403.817215301673,
NBS,NBS LPG (Cooking Gas) Price Watch,2025-12,LPG DECEMBER 2025,13,MoM,percentage,-2.182860874327659,
NBS,NBS LPG (Cooking Gas) Price Watch,2025-12,LPG DECEMBER 2025,14,YoY,percentage,-18.678347227820296,
NBS,NBS LPG (Cooking Gas) Price Watch,2025-12,LPG DECEMBER 2025,15,,unknown,,blank header cell
NBS,NBS LPG (Cooking Gas) Price Watch,2025-12,LPG DECEMBER 2025,16,,unknown,,blank header cell
NBS,NBS LPG (Cooking Gas) Price Watch,2025-12,LPG DECEMBER 2025,17,,unknown,,blank header cell
NBS,NBS LPG (Cooking Gas) Price Watch,2025-11,LPG NOVEMBER 2025,1,,geography,NORTH CENTRAL,blank header cell | detected as the geography column
NBS,NBS LPG (Cooking Gas) Price Watch,2025-11,LPG NOVEMBER 2025,2,Average of Nov-24,date,7079.309324511053,
NBS,NBS LPG (Cooking Gas) Price Watch,2025-11,LPG NOVEMBER 2025,3,Average of Oct-25,date,8153.212452226165,
NBS,NBS LPG (Cooking Gas) Price Watch,2025-11,LPG NOVEMBER 2025,4,Average of Nov-25,date,5506.887558664285,
NBS,NBS LPG (Cooking Gas) Price Watch,2025-11,LPG NOVEMBER 2025,5,MoM,percentage,-32.457450472044584,
NBS,NBS LPG (Cooking Gas) Price Watch,2025-11,LPG NOVEMBER 2025,6,YoY,percentage,-22.211513775821217,
NBS,NBS LPG (Cooking Gas) Price Watch,2025-11,LPG NOVEMBER 2025,7,,unknown,,blank header cell
NBS,NBS LPG (Cooking Gas) Price Watch,2025-11,LPG NOVEMBER 2025,8,,unknown,,blank header cell
NBS,NBS LPG (Cooking Gas) Price Watch,2025-11,LPG NOVEMBER 2025,9,,unknown,NORTH CENTRAL,blank header cell
NBS,NBS LPG (Cooking Gas) Price Watch,2025-11,LPG NOVEMBER 2025,10,Average of Nov-24,date,17333.093857122927,
NBS,NBS LPG (Cooking Gas) Price Watch,2025-11,LPG NOVEMBER 2025,11,Average of Oct-25,date,18762.059115277785,
NBS,NBS LPG (Cooking Gas) Price Watch,2025-11,LPG NOVEMBER 2025,12,Average of Nov-25,date,13702.933182374998,
NBS,NBS LPG (Cooking Gas) Price Watch,2025-11,LPG NOVEMBER 2025,13,MoM,percentage,-26.964662576844688,
NBS,NBS LPG (Cooking Gas) Price Watch,2025-11,LPG NOVEMBER 2025,14,YoY,percentage,-20.943524016378277,
NBS,NBS LPG (Cooking Gas) Price Watch,2025-11,LPG NOVEMBER 2025,15,,unknown,,blank header cell
NBS,NBS LPG (Cooking Gas) Price Watch,2025-11,LPG NOVEMBER 2025,16,,unknown,,blank header cell
NBS,NBS LPG (Cooking Gas) Price Watch,2025-11,LPG NOVEMBER 2025,17,,unknown,,blank header cell
NBS,NBS LPG (Cooking Gas) Price Watch,2026-04,Sheet1,1,,unknown,,blank header cell
NBS,NBS LPG (Cooking Gas) Price Watch,2026-04,Sheet1,2,,unknown,,blank header cell
NBS,NBS LPG (Cooking Gas) Price Watch,2026-04,Sheet1,3,STATES,geography,NORTH CENTRAL, | detected as the geography column
NBS,NBS LPG (Cooking Gas) Price Watch,2026-04,Sheet1,4,Average of Apr-25,date,7432.218771930892,
NBS,NBS LPG (Cooking Gas) Price Watch,2026-04,Sheet1,5,Average of Mar-26,date,7665.030263593456,
NBS,NBS LPG (Cooking Gas) Price Watch,2026-04,Sheet1,6,Average of Apr-26,date,8774.687496918155,
NBS,NBS LPG (Cooking Gas) Price Watch,2026-04,Sheet1,7,MOM,percentage,14.476880001312338,
NBS,NBS LPG (Cooking Gas) Price Watch,2026-04,Sheet1,8,YOY,percentage,18.062825734588657,
NBS,NBS LPG (Cooking Gas) Price Watch,2026-04,Sheet1,9,,unknown,,blank header cell
NBS,NBS LPG (Cooking Gas) Price Watch,2026-04,Sheet1,10,,unknown,,blank header cell
NBS,NBS LPG (Cooking Gas) Price Watch,2026-04,Sheet1,11,STATES,geography,NORTH CENTRAL,
NBS,NBS LPG (Cooking Gas) Price Watch,2026-04,Sheet1,12,Average of Apr-25,date,19330.54692982723,
NBS,NBS LPG (Cooking Gas) Price Watch,2026-04,Sheet1,13,Average of Mar-26,date,19984.00423041221,
NBS,NBS LPG (Cooking Gas) Price Watch,2026-04,Sheet1,14,Average of Apr-26,date,22865.290170866818,
NBS,NBS LPG (Cooking Gas) Price Watch,2026-04,Sheet1,15,MOM,percentage,14.417961021394234,
NBS,NBS LPG (Cooking Gas) Price Watch,2026-04,Sheet1,16,YOY,percentage,18.285790122086226,
NBS,NBS LPG (Cooking Gas) Price Watch,2026-03,Sheet1,1,,unknown,,blank header cell
NBS,NBS LPG (Cooking Gas) Price Watch,2026-03,Sheet1,2,,unknown,,blank header cell
NBS,NBS LPG (Cooking Gas) Price Watch,2026-03,Sheet1,3,STATES,geography,NORTH CENTRAL, | detected as the geography column
NBS,NBS LPG (Cooking Gas) Price Watch,2026-03,Sheet1,4,Average of Mar-25,date,7047.23245953801,
NBS,NBS LPG (Cooking Gas) Price Watch,2026-03,Sheet1,5,Average of Feb-26,date,6816.17942857143,
NBS,NBS LPG (Cooking Gas) Price Watch,2026-03,Sheet1,6,Average of Mar-26,date,7665.03026359346,
NBS,NBS LPG (Cooking Gas) Price Watch,2026-03,Sheet1,7,MOM,percentage,12.4534696293923,
NBS,NBS LPG (Cooking Gas) Price Watch,2026-03,Sheet1,8,YOY,percentage,8.76653079918339,
NBS,NBS LPG (Cooking Gas) Price Watch,2026-03,Sheet1,9,,unknown,,blank header cell
NBS,NBS LPG (Cooking Gas) Price Watch,2026-03,Sheet1,10,,unknown,,blank header cell
NBS,NBS LPG (Cooking Gas) Price Watch,2026-03,Sheet1,11,STATES,geography,NORTH CENTRAL,
NBS,NBS LPG (Cooking Gas) Price Watch,2026-03,Sheet1,12,Average of Mar-25,date,17296.6525774164,
NBS,NBS LPG (Cooking Gas) Price Watch,2026-03,Sheet1,13,Average of Feb-26,date,17040.4485714286,
NBS,NBS LPG (Cooking Gas) Price Watch,2026-03,Sheet1,14,Average of Mar-26,date,19984.0042304122,
NBS,NBS LPG (Cooking Gas) Price Watch,2026-03,Sheet1,15,MOM,percentage,17.2739329404688,
NBS,NBS LPG (Cooking Gas) Price Watch,2026-03,Sheet1,16,YOY,percentage,15.5368308461288,
NBS,NBS LPG (Cooking Gas) Price Watch,2026-02,LPG FEBRUARY 2026,1,,unknown,,blank header cell
NBS,NBS LPG (Cooking Gas) Price Watch,2026-02,LPG FEBRUARY 2026,2,,unknown,,blank header cell
NBS,NBS LPG (Cooking Gas) Price Watch,2026-02,LPG FEBRUARY 2026,3,STATES,geography,NORTH CENTRAL, | detected as the geography column
NBS,NBS LPG (Cooking Gas) Price Watch,2026-02,LPG FEBRUARY 2026,4,Average of Feb-25,date,6963.809523809524,
NBS,NBS LPG (Cooking Gas) Price Watch,2026-02,LPG FEBRUARY 2026,5,Average of Jan-26,date,5427.508377563778,
NBS,NBS LPG (Cooking Gas) Price Watch,2026-02,LPG FEBRUARY 2026,6,Average of Feb-26,date,6816.179428571428,
NBS,NBS LPG (Cooking Gas) Price Watch,2026-02,LPG FEBRUARY 2026,7,MOM,percentage,25.585792861198243,
NBS,NBS LPG (Cooking Gas) Price Watch,2026-02,LPG FEBRUARY 2026,8,YOY,percentage,-2.1199617067833856,
NBS,NBS LPG (Cooking Gas) Price Watch,2026-02,LPG FEBRUARY 2026,9,,unknown,,blank header cell
NBS,NBS LPG (Cooking Gas) Price Watch,2026-02,LPG FEBRUARY 2026,10,,unknown,,blank header cell
NBS,NBS LPG (Cooking Gas) Price Watch,2026-02,LPG FEBRUARY 2026,11,STATES,geography,NORTH CENTRAL,
NBS,NBS LPG (Cooking Gas) Price Watch,2026-02,LPG FEBRUARY 2026,12,Average of Feb-25,date,17166.666666666664,
NBS,NBS LPG (Cooking Gas) Price Watch,2026-02,LPG FEBRUARY 2026,13,Average of Jan-26,date,13640.199515338014,
NBS,NBS LPG (Cooking Gas) Price Watch,2026-02,LPG FEBRUARY 2026,14,Average of Feb-26,date,17040.44857142857,
NBS,NBS LPG (Cooking Gas) Price Watch,2026-02,LPG FEBRUARY 2026,15,MOM,percentage,24.92814751182395,
NBS,NBS LPG (Cooking Gas) Price Watch,2026-02,LPG FEBRUARY 2026,16,YOY,percentage,-0.7352510402219252,
NBS,NBS LPG (Cooking Gas) Price Watch,2025-10,LPG OCTOBER_2025,1,,geography,NORTH CENTRAL,blank header cell | detected as the geography column
NBS,NBS LPG (Cooking Gas) Price Watch,2025-10,LPG OCTOBER_2025,2,Average of Oct-24,date,6808.996309878118,
NBS,NBS LPG (Cooking Gas) Price Watch,2025-10,LPG OCTOBER_2025,3,Average of Sept-25,unknown,6335.717033968249,
NBS,NBS LPG (Cooking Gas) Price Watch,2025-10,LPG OCTOBER_2025,4,Average of Oct-25,date,8153.212452226165,
NBS,NBS LPG (Cooking Gas) Price Watch,2025-10,LPG OCTOBER_2025,5,MoM,percentage,28.68649923147791,
NBS,NBS LPG (Cooking Gas) Price Watch,2025-10,LPG OCTOBER_2025,6,YoY,percentage,19.741766351054295,
NBS,NBS LPG (Cooking Gas) Price Watch,2025-10,LPG OCTOBER_2025,7,,unknown,,blank header cell
NBS,NBS LPG (Cooking Gas) Price Watch,2025-10,LPG OCTOBER_2025,8,,unknown,,blank header cell
NBS,NBS LPG (Cooking Gas) Price Watch,2025-10,LPG OCTOBER_2025,9,,unknown,NORTH CENTRAL,blank header cell
NBS,NBS LPG (Cooking Gas) Price Watch,2025-10,LPG OCTOBER_2025,10,Average of Oct-24,date,16411.18511749752,
NBS,NBS LPG (Cooking Gas) Price Watch,2025-10,LPG OCTOBER_2025,11,Average of Sept-25,unknown,15992.7211563492,
NBS,NBS LPG (Cooking Gas) Price Watch,2025-10,LPG OCTOBER_2025,12,Average of Oct-25,date,18762.059115277785,
NBS,NBS LPG (Cooking Gas) Price Watch,2025-10,LPG OCTOBER_2025,13,MoM,percentage,17.316239880973242,
NBS,NBS LPG (Cooking Gas) Price Watch,2025-10,LPG OCTOBER_2025,14,YoY,percentage,14.3248277376006,
NBS,NBS LPG (Cooking Gas) Price Watch,2025-10,LPG OCTOBER_2025,15,,unknown,,blank header cell
NBS,NBS LPG (Cooking Gas) Price Watch,2025-10,LPG OCTOBER_2025,16,,unknown,,blank header cell
NBS,NBS LPG (Cooking Gas) Price Watch,2025-10,LPG OCTOBER_2025,17,,unknown,,blank header cell
NBS,NBS LPG (Cooking Gas) Price Watch,2026-01,LPG JANUARY 2026,1,STATES,geography,NORTH CENTRAL, | detected as the geography column
NBS,NBS LPG (Cooking Gas) Price Watch,2026-01,LPG JANUARY 2026,2,Average of Jan-25,date,7016.0103433333325,
NBS,NBS LPG (Cooking Gas) Price Watch,2026-01,LPG JANUARY 2026,3,Average of Dec-25,date,5304.384028977811,
NBS,NBS LPG (Cooking Gas) Price Watch,2026-01,LPG JANUARY 2026,4,Average of Jan-26,date,5427.508377563778,
NBS,NBS LPG (Cooking Gas) Price Watch,2026-01,LPG JANUARY 2026,5,MOM,percentage,2.321180893263744,
NBS,NBS LPG (Cooking Gas) Price Watch,2026-01,LPG JANUARY 2026,6,YOY,percentage,-22.641100683082115,
NBS,NBS LPG (Cooking Gas) Price Watch,2026-01,LPG JANUARY 2026,7,,unknown,,blank header cell
NBS,NBS LPG (Cooking Gas) Price Watch,2026-01,LPG JANUARY 2026,8,,unknown,,blank header cell
NBS,NBS LPG (Cooking Gas) Price Watch,2026-01,LPG JANUARY 2026,9,STATES,geography,NORTH CENTRAL,
NBS,NBS LPG (Cooking Gas) Price Watch,2026-01,LPG JANUARY 2026,10,Average of Jan-25,date,17197.883001190472,
NBS,NBS LPG (Cooking Gas) Price Watch,2026-01,LPG JANUARY 2026,11,Average of Dec-25,date,13403.817215301673,
NBS,NBS LPG (Cooking Gas) Price Watch,2026-01,LPG JANUARY 2026,12,Average of Jan-26,date,13640.199515338014,
NBS,NBS LPG (Cooking Gas) Price Watch,2026-01,LPG JANUARY 2026,13,MOM,percentage,1.7635446398544445,
NBS,NBS LPG (Cooking Gas) Price Watch,2026-01,LPG JANUARY 2026,14,YOY,percentage,-20.68675246602264,
NBS,NBS LPG (Cooking Gas) Price Watch,2026-01,LPG JANUARY 2026,15,,unknown,,blank header cell
NBS,NBS LPG (Cooking Gas) Price Watch,2026-01,LPG JANUARY 2026,16,,unknown,,blank header cell
NBS,NBS LPG (Cooking Gas) Price Watch,2026-01,LPG JANUARY 2026,17,,unknown,,blank header cell
NBS,NBS LPG (Cooking Gas) Price Watch,2025-09,LPG_SEPTEMBER_2025,1,,geography,NORTH CENTRAL,blank header cell | detected as the geography column
NBS,NBS LPG (Cooking Gas) Price Watch,2025-09,LPG_SEPTEMBER_2025,2,Average of Sept-24,unknown,6559.941809678417,
NBS,NBS LPG (Cooking Gas) Price Watch,2025-09,LPG_SEPTEMBER_2025,3,Average of Aug-25,date,6387.148336734691,
NBS,NBS LPG (Cooking Gas) Price Watch,2025-09,LPG_SEPTEMBER_2025,4,Average of Sept-25,unknown,6335.717033968249,
NBS,NBS LPG (Cooking Gas) Price Watch,2025-09,LPG_SEPTEMBER_2025,5,MoM,percentage,-0.8052310679970134,
NBS,NBS LPG (Cooking Gas) Price Watch,2025-09,LPG_SEPTEMBER_2025,6,YoY,percentage,-3.4180909254309455,
NBS,NBS LPG (Cooking Gas) Price Watch,2025-09,LPG_SEPTEMBER_2025,7,,unknown,,blank header cell
NBS,NBS LPG (Cooking Gas) Price Watch,2025-09,LPG_SEPTEMBER_2025,8,,unknown,,blank header cell
NBS,NBS LPG (Cooking Gas) Price Watch,2025-09,LPG_SEPTEMBER_2025,9,,unknown,NORTH CENTRAL,blank header cell
NBS,NBS LPG (Cooking Gas) Price Watch,2025-09,LPG_SEPTEMBER_2025,10,Average of Sept-24,unknown,16027.161217514351,
NBS,NBS LPG (Cooking Gas) Price Watch,2025-09,LPG_SEPTEMBER_2025,11,Average of Aug-25,date,16064.656556122443,
NBS,NBS LPG (Cooking Gas) Price Watch,2025-09,LPG_SEPTEMBER_2025,12,Average of Sept-25,unknown,15992.7211563492,
NBS,NBS LPG (Cooking Gas) Price Watch,2025-09,LPG_SEPTEMBER_2025,13,MoM,percentage,-0.44778672685554,
NBS,NBS LPG (Cooking Gas) Price Watch,2025-09,LPG_SEPTEMBER_2025,14,YoY,percentage,-0.21488559762858017,
NBS,NBS LPG (Cooking Gas) Price Watch,2025-09,LPG_SEPTEMBER_2025,15,,unknown,,blank header cell
NBS,NBS LPG (Cooking Gas) Price Watch,2025-09,LPG_SEPTEMBER_2025,16,,unknown,,blank header cell
NBS,NBS LPG (Cooking Gas) Price Watch,2025-09,LPG_SEPTEMBER_2025,17,,unknown,,blank header cell
NBS,NBS Transport Fare Watch,2025-04,Transport April 2025,1,Zone,geography,Air fare charg.for specified routes single journey,
NBS,NBS Transport Fare Watch,2025-04,Transport April 2025,2,Average of Apr-24,date,89189.18918918919,
NBS,NBS Transport Fare Watch,2025-04,Transport April 2025,3,Average of Mar-25,date,128432.80177064867,
NBS,NBS Transport Fare Watch,2025-04,Transport April 2025,4,Average of Apr-25,date,130243.90022074325,
NBS,NBS Transport Fare Watch,2025-04,Transport April 2025,5,MoM,percentage,1.4101525662647938,
NBS,NBS Transport Fare Watch,2025-04,Transport April 2025,6,YoY,percentage,46.031039641439406,
NBS,NBS Transport Fare Watch,2025-04,State Transport,1,State,geography,ABIA, | detected as the geography column
NBS,NBS Transport Fare Watch,2025-04,State Transport,2,Air fare charg.for specified routes single journey,price,127530,
NBS,NBS Transport Fare Watch,2025-04,State Transport,3,"Bus journey intercity, state route, charg. per per",geography,8706.97550770297,
NBS,NBS Transport Fare Watch,2025-04,State Transport,4,"Bus journey within  city , per  drop constant  rou",unknown,489.388051806387,
NBS,NBS Transport Fare Watch,2025-04,State Transport,5,Journey by motorcycle (okada) per drop,unknown,671.8168099601498,
NBS,NBS Transport Fare Watch,2025-04,State Transport,6,Water transport : water way passenger  transportat,unknown,850,
NBS,NBS Transport Fare Watch,2025-02,Transport February 2025,1,Zone,geography,Air fare charg.for specified routes single journey,
NBS,NBS Transport Fare Watch,2025-02,Transport February 2025,2,Average of Feb-24,date,88000,
NBS,NBS Transport Fare Watch,2025-02,Transport February 2025,3,Average of Jan-25,date,126907.709171982,
NBS,NBS Transport Fare Watch,2025-02,Transport February 2025,4,Average of Feb-25,date,126586.38375263065,
NBS,NBS Transport Fare Watch,2025-02,Transport February 2025,5,MoM,percentage,-0.25319613871203434,
NBS,NBS Transport Fare Watch,2025-02,Transport February 2025,6,YoY,percentage,43.8481633552621,
NBS,NBS Transport Fare Watch,2025-02,Transport February 2025,7,,unknown,,blank header cell
NBS,NBS Transport Fare Watch,2025-02,Transport February 2025,8,,unknown,,blank header cell
NBS,NBS Transport Fare Watch,2025-02,Transport February 2025,9,,unknown,,blank header cell
NBS,NBS Transport Fare Watch,2025-02,Transport February 2025,10,,unknown,,blank header cell
NBS,NBS Transport Fare Watch,2025-02,Transport February 2025,11,,unknown,,blank header cell
NBS,NBS Transport Fare Watch,2025-02,State Transport,1,State,geography,ABIA, | detected as the geography column
NBS,NBS Transport Fare Watch,2025-02,State Transport,2,Air fare charg.for specified routes single journey,price,126700,
NBS,NBS Transport Fare Watch,2025-02,State Transport,3,"Bus journey intercity, state route, charg. per per",geography,8657.6169832,
NBS,NBS Transport Fare Watch,2025-02,State Transport,4,"Bus journey within  city , per  drop constant  rou",unknown,475,
NBS,NBS Transport Fare Watch,2025-02,State Transport,5,Journey by motorcycle (okada) per drop,unknown,530.5869605,
NBS,NBS Transport Fare Watch,2025-02,State Transport,6,Water transport : water way passenger  transportat,unknown,800,
NBS,NBS Transport Fare Watch,2025-01,Transport January 2025,1,Zone,geography,Air fare charg.for specified routes single journey,
NBS,NBS Transport Fare Watch,2025-01,Transport January 2025,2,Average of Jan-24,date,89975.67567567568,
NBS,NBS Transport Fare Watch,2025-01,Transport January 2025,3,Average of Dec-24,date,126514.82263772083,
NBS,NBS Transport Fare Watch,2025-01,Transport January 2025,4,Average of Jan-25,date,126907.709171982,
NBS,NBS Transport Fare Watch,2025-01,Transport January 2025,5,MoM,percentage,0.3105458523118757,
NBS,NBS Transport Fare Watch,2025-01,Transport January 2025,6,YoY,percentage,41.04668647272037,
NBS,NBS Transport Fare Watch,2025-01,State Transport,1,State,geography,ABIA, | detected as the geography column
NBS,NBS Transport Fare Watch,2025-01,State Transport,2,Air fare charg.for specified routes single journey,price,126550,
NBS,NBS Transport Fare Watch,2025-01,State Transport,3,"Bus journey intercity, state route, charg. per per",geography,8551.686624,
NBS,NBS Transport Fare Watch,2025-01,State Transport,4,"Bus journey within  city , per  drop constant  rou",unknown,470,
NBS,NBS Transport Fare Watch,2025-01,State Transport,5,Journey by motorcycle (okada) per drop,unknown,509.49204,
NBS,NBS Transport Fare Watch,2025-01,State Transport,6,Water transport : water way passenger  transportat,unknown,780,
NBS,NBS Transport Fare Watch,2025-03,Transport March 2025,1,Zone,geography,Air fare charg.for specified routes single journey,
NBS,NBS Transport Fare Watch,2025-03,Transport March 2025,2,Average of Mar-24,date,88964.86486486487,
NBS,NBS Transport Fare Watch,2025-03,Transport March 2025,3,Average of Feb-25,date,126586.38375263065,
NBS,NBS Transport Fare Watch,2025-03,Transport March 2025,4,Average of Mar-24,date,128432.80177064867,
NBS,NBS Transport Fare Watch,2025-03,Transport March 2025,5,MoM,percentage,1.4586229286920878,
NBS,NBS Transport Fare Watch,2025-03,Transport March 2025,6,YoY,percentage,44.3635102079169,
NBS,NBS Transport Fare Watch,2025-03,State Transport,1,State,geography,ABIA, | detected as the geography column
NBS,NBS Transport Fare Watch,2025-03,State Transport,2,Air fare charg.for specified routes single journey,price,127432,
NBS,NBS Transport Fare Watch,2025-03,State Transport,3,"Bus journey intercity, state route, charg. per per",geography,8680.22801326952,
NBS,NBS Transport Fare Watch,2025-03,State Transport,4,"Bus journey within  city , per  drop constant  rou",unknown,477,
NBS,NBS Transport Fare Watch,2025-03,State Transport,5,Journey by motorcycle (okada) per drop,unknown,550,
NBS,NBS Transport Fare Watch,2025-03,State Transport,6,Water transport : water way passenger  transportat,unknown,840,
NBS,NBS Transport Fare Watch,2025-11,Transport November 2025,1,Zone,geography,Air fare charg.for specified routes single journey,
NBS,NBS Transport Fare Watch,2025-11,Transport November 2025,2,Average of Nov-24,date,126146.31378378377,
NBS,NBS Transport Fare Watch,2025-11,Transport November 2025,3,Average of Oct-25,date,131557.53303485893,
NBS,NBS Transport Fare Watch,2025-11,Transport November 2025,4,Average of Nov-25,date,133415.03043487915,
NBS,NBS Transport Fare Watch,2025-11,Transport November 2025,5,MoM,percentage,1.4119278137634559,
NBS,NBS Transport Fare Watch,2025-11,Transport November 2025,6,YoY,percentage,5.762131633552168,
NBS,NBS Transport Fare Watch,2025-11,State Transport,1,State,geography,ABIA, | detected as the geography column
NBS,NBS Transport Fare Watch,2025-11,State Transport,2,Air fare charg.for specified routes single journey,price,130406.455,
NBS,NBS Transport Fare Watch,2025-11,State Transport,3,"Bus journey intercity, state route, charg. per per",geography,9087.128072,
NBS,NBS Transport Fare Watch,2025-11,State Transport,4,"Bus journey within  city , per  drop constant  rou",unknown,577.128072,
NBS,NBS Transport Fare Watch,2025-11,State Transport,5,Journey by motorcycle (okada) per drop,unknown,702.25712,
NBS,NBS Transport Fare Watch,2025-11,State Transport,6,Water transport : water way passenger  transportat,unknown,1000,
NBS,NBS Transport Fare Watch,2025-12,Transport December 2025,1,Zone,geography,Air fare charg.for specified routes single journey,
NBS,NBS Transport Fare Watch,2025-12,Transport December 2025,2,Average of Dec-24,date,126514.82263772083,
NBS,NBS Transport Fare Watch,2025-12,Transport December 2025,3,Average of Nov-25,date,133415.03043487915,
NBS,NBS Transport Fare Watch,2025-12,Transport December 2025,4,Average of Dec-25,date,243744.59323457116,
NBS,NBS Transport Fare Watch,2025-12,Transport December 2025,5,MoM,percentage,82.6965016160939,
NBS,NBS Transport Fare Watch,2025-12,Transport December 2025,6,YoY,percentage,92.66089787166003,
NBS,NBS Transport Fare Watch,2025-12,State Transport,1,State,geography,ABIA, | detected as the geography column
NBS,NBS Transport Fare Watch,2025-12,State Transport,2,Air fare charg.for specified routes single journey,price,310072.65022500005,
NBS,NBS Transport Fare Watch,2025-12,State Transport,3,"Bus journey intercity, state route, charg. per per",geography,9524.48508364,
NBS,NBS Transport Fare Watch,2025-12,State Transport,4,"Bus journey within  city , per  drop constant  rou",unknown,640.08899148,
NBS,NBS Transport Fare Watch,2025-12,State Transport,5,Journey by motorcycle (okada) per drop,unknown,780.96354,
NBS,NBS Transport Fare Watch,2025-12,State Transport,6,Water transport : water way passenger  transportat,unknown,1100,
NBS,NBS Transport Fare Watch,2026-04,Transport April 2026,1,Zone,geography,Air fare charg.for specified routes single journey,
NBS,NBS Transport Fare Watch,2026-04,Transport April 2026,2,Average of Apr-25,date,130243.90022074325,
NBS,NBS Transport Fare Watch,2026-04,Transport April 2026,3,Average of Mar-26,date,157224.05184667662,
NBS,NBS Transport Fare Watch,2026-04,Transport April 2026,4,Average of Apr-26,date,157355.8675448459,
NBS,NBS Transport Fare Watch,2026-04,Transport April 2026,5,MoM,percentage,0.0838393977391154,
NBS,NBS Transport Fare Watch,2026-04,Transport April 2026,6,YoY,percentage,20.816304854317224,
NBS,NBS Transport Fare Watch,2026-04,State Transport,1,State,geography,ABIA, | detected as the geography column
NBS,NBS Transport Fare Watch,2026-04,State Transport,2,Air fare charg.for specified routes single journey,price,167450.458709,
NBS,NBS Transport Fare Watch,2026-04,State Transport,3,"Bus journey intercity, state route, charg. per per",geography,10998.8863085902,
NBS,NBS Transport Fare Watch,2026-04,State Transport,4,"Bus journey within  city , per  drop constant  rou",unknown,850.9771314267,
NBS,NBS Transport Fare Watch,2026-04,State Transport,5,Journey by motorcycle (okada) per drop,unknown,1560.4457008964,
NBS,NBS Transport Fare Watch,2026-04,State Transport,6,Water transport : water way passenger  transportat,unknown,1280.09343,
NBS,NBS Transport Fare Watch,2025-06,Transport June 2025,1,Zone,geography,Air fare charg.for specified routes single journey,
NBS,NBS Transport Fare Watch,2025-06,Transport June 2025,2,Average of Jun-24,date,89886.84396396395,
NBS,NBS Transport Fare Watch,2025-06,Transport June 2025,3,Average of May-25,date,130361.8462114865,
NBS,NBS Transport Fare Watch,2025-06,Transport June 2025,4,Average of Jun-25,date,130345.36452396896,
NBS,NBS Transport Fare Watch,2025-06,Transport June 2025,5,MoM,percentage,-0.012643030147634453,
NBS,NBS Transport Fare Watch,2025-06,Transport June 2025,6,YoY,percentage,45.010502956611774,
NBS,NBS Transport Fare Watch,2025-06,Transport June 2025,7,,unknown,,blank header cell
NBS,NBS Transport Fare Watch,2025-06,Transport June 2025,8,,unknown,,blank header cell
NBS,NBS Transport Fare Watch,2025-06,Transport June 2025,9,,unknown,,blank header cell
NBS,NBS Transport Fare Watch,2025-06,State Transport,1,State,geography,ABIA, | detected as the geography column
NBS,NBS Transport Fare Watch,2025-06,State Transport,2,Air fare charg.for specified routes single journey,price,127608.15,
NBS,NBS Transport Fare Watch,2025-06,State Transport,3,"Bus journey intercity, state route, charg. per per",geography,8754.34818930311,
NBS,NBS Transport Fare Watch,2025-06,State Transport,4,"Bus journey within  city , per  drop constant  rou",unknown,504.89309647987,
NBS,NBS Transport Fare Watch,2025-06,State Transport,5,Journey by motorcycle (okada) per drop,unknown,675.967134284896,
NBS,NBS Transport Fare Watch,2025-06,State Transport,6,Water transport : water way passenger  transportation,unknown,856.05,
NBS,NBS Transport Fare Watch,2025-07,Transport July 2025,1,Zone,geography,Air fare charg.for specified routes single journey,
NBS,NBS Transport Fare Watch,2025-07,Transport July 2025,2,Average of Jul-24,date,98561.73993693676,
NBS,NBS Transport Fare Watch,2025-07,Transport July 2025,3,Average of Jun-25,date,130345.36452396896,
NBS,NBS Transport Fare Watch,2025-07,Transport July 2025,4,Average of Jul-25,date,130572.55248014219,
NBS,NBS Transport Fare Watch,2025-07,Transport July 2025,5,MoM,percentage,0.17429692034153094,
NBS,NBS Transport Fare Watch,2025-07,Transport July 2025,6,YoY,percentage,32.47792963444746,
NBS,NBS Transport Fare Watch,2025-07,State Transport,1,State,geography,ABIA, | detected as the geography column
NBS,NBS Transport Fare Watch,2025-07,State Transport,2,Air fare charg.for specified routes single journey,price,127665.783943,
NBS,NBS Transport Fare Watch,2025-07,State Transport,3,"Bus journey intercity, state route, charg. per per",geography,8845.126094094057,
NBS,NBS Transport Fare Watch,2025-07,State Transport,4,"Bus journey within  city , per  drop constant  rou",unknown,507.51150605757545,
NBS,NBS Transport Fare Watch,2025-07,State Transport,5,Journey by motorcycle (okada) per drop,unknown,680.797914188723,
NBS,NBS Transport Fare Watch,2025-07,State Transport,6,Water transport : water way passenger  transportat,unknown,862.100481,
NBS,NBS Transport Fare Watch,2025-05,Transport May 2025,1,Zone,geography,Air fare charg.for specified routes single journey,
NBS,NBS Transport Fare Watch,2025-05,Transport May 2025,2,Average of May-24,date,89432.43243243243,
NBS,NBS Transport Fare Watch,2025-05,Transport May 2025,3,Average of Apr-25,date,130243.90022074325,
NBS,NBS Transport Fare Watch,2025-05,Transport May 2025,4,Average of May-25,date,130361.8462114865,
NBS,NBS Transport Fare Watch,2025-05,Transport May 2025,5,MoM,percentage,0.09055778469728434,
NBS,NBS Transport Fare Watch,2025-05,Transport May 2025,6,YoY,percentage,45.76573919084318,
NBS,NBS Transport Fare Watch,2025-05,State Transport,1,State,geography,ABIA, | detected as the geography column
NBS,NBS Transport Fare Watch,2025-05,State Transport,2,Air fare charg.for specified routes single journey,price,127550,
NBS,NBS Transport Fare Watch,2025-05,State Transport,3,"Bus journey intercity, state route, charg. per per",geography,8720.97550770297,
NBS,NBS Transport Fare Watch,2025-05,State Transport,4,"Bus journey within  city , per  drop constant  rou",unknown,500.388051806387,
NBS,NBS Transport Fare Watch,2025-05,State Transport,5,Journey by motorcycle (okada) per drop,unknown,672.228168099601,
NBS,NBS Transport Fare Watch,2025-05,State Transport,6,Water transport : water way passenger  transportat,unknown,850,
NBS,NBS Transport Fare Watch,2025-08,Transport August 2025,1,Zone,geography,Air fare charg.for specified routes single journey,
NBS,NBS Transport Fare Watch,2025-08,Transport August 2025,2,Average of Aug-24,date,123700.14057957908,
NBS,NBS Transport Fare Watch,2025-08,Transport August 2025,3,Average of Jul-25,date,130572.55248014219,
NBS,NBS Transport Fare Watch,2025-08,Transport August 2025,4,Average of Aug-25,date,129907.13541658364,
NBS,NBS Transport Fare Watch,2025-08,Transport August 2025,5,MoM,percentage,-0.509614808716974,
NBS,NBS Transport Fare Watch,2025-08,Transport August 2025,6,YoY,percentage,5.017775087338289,
NBS,NBS Transport Fare Watch,2025-08,State Transport,1,State,geography,ABIA, | detected as the geography column
NBS,NBS Transport Fare Watch,2025-08,State Transport,2,Air fare charg.for specified routes single journey,price,127681.659088916,
NBS,NBS Transport Fare Watch,2025-08,State Transport,3,"Bus journey intercity, state route, charg. per per",geography,9064.698518676338,
NBS,NBS Transport Fare Watch,2025-08,State Transport,4,"Bus journey within  city , per  drop constant  rou",unknown,512.9566127492405,
NBS,NBS Transport Fare Watch,2025-08,State Transport,5,Journey by motorcycle (okada) per drop,unknown,681.605107681358,
NBS,NBS Transport Fare Watch,2025-08,State Transport,6,Water transport : water way passenger  transportat,unknown,866.205458629643,
NBS,NBS Transport Fare Watch,2025-09,Transport September 2025,1,Zone,geography,Air fare charg.for specified routes single journey,
NBS,NBS Transport Fare Watch,2025-09,Transport September 2025,2,Average of Sept-24,unknown,124693.40117917885,
NBS,NBS Transport Fare Watch,2025-09,Transport September 2025,3,Average of Aug-25,date,129907.13541658364,
NBS,NBS Transport Fare Watch,2025-09,Transport September 2025,4,Average of Sept-25,unknown,129848.70790341613,
NBS,NBS Transport Fare Watch,2025-09,Transport September 2025,5,MoM,percentage,-0.044976369450488815,
NBS,NBS Transport Fare Watch,2025-09,Transport September 2025,6,YoY,percentage,4.134386162768415,
NBS,NBS Transport Fare Watch,2025-09,State Transport,1,State,geography,ABIA, | detected as the geography column
NBS,NBS Transport Fare Watch,2025-09,State Transport,2,Air fare charg.for specified routes single journey,price,127700.178965908,
NBS,NBS Transport Fare Watch,2025-09,State Transport,3,"Bus journey intercity, state route, charg. per per",geography,9066.82698518676,
NBS,NBS Transport Fare Watch,2025-09,State Transport,4,"Bus journey within  city , per  drop constant  rou",unknown,542.439566127492,
NBS,NBS Transport Fare Watch,2025-09,State Transport,5,Journey by motorcycle (okada) per drop,unknown,687.178605107681,
NBS,NBS Transport Fare Watch,2025-09,State Transport,6,Water transport : water way passenger  transportat,unknown,868.566720545862,
NBS,NBS Transport Fare Watch,2026-03,Transport March 2026,1,Zone,geography,Air fare charg.for specified routes single journey,
NBS,NBS Transport Fare Watch,2026-03,Transport March 2026,2,Average of Mar-25,date,128432.80177064867,
NBS,NBS Transport Fare Watch,2026-03,Transport March 2026,3,Average of Feb-26,date,153647.9477619122,
NBS,NBS Transport Fare Watch,2026-03,Transport March 2026,4,Average of Mar-26,date,157224.05184667662,
NBS,NBS Transport Fare Watch,2026-03,Transport March 2026,5,MoM,percentage,2.3274662218761595,
NBS,NBS Transport Fare Watch,2026-03,Transport March 2026,6,YoY,percentage,22.417365096062046,
NBS,NBS Transport Fare Watch,2026-03,State Transport,1,State,geography,ABIA, | detected as the geography column
NBS,NBS Transport Fare Watch,2026-03,State Transport,2,Air fare charg.for specified routes single journey,price,167400.09,
NBS,NBS Transport Fare Watch,2026-03,State Transport,3,"Bus journey intercity, state route, charg. per per",geography,10996.1730859021,
NBS,NBS Transport Fare Watch,2026-03,State Transport,4,"Bus journey within  city , per  drop constant  rou",unknown,850.1771314267,
NBS,NBS Transport Fare Watch,2026-03,State Transport,5,Journey by motorcycle (okada) per drop,unknown,1559.9445700896426,
NBS,NBS Transport Fare Watch,2026-03,State Transport,6,Water transport : water way passenger  transportat,unknown,1265.09343,
NBS,NBS Transport Fare Watch,2026-05,Transport May 2026,1,Zone,geography,Air fare charg.for specified routes single journey,
NBS,NBS Transport Fare Watch,2026-05,Transport May 2026,2,Average of May-25,date,130361.8462114865,
NBS,NBS Transport Fare Watch,2026-05,Transport May 2026,3,Average of Apr-26,date,157355.8675448459,
NBS,NBS Transport Fare Watch,2026-05,Transport May 2026,4,Average of May-26,date,157552.18763797908,
NBS,NBS Transport Fare Watch,2026-05,Transport May 2026,5,MoM,percentage,0.12476185108077782,
NBS,NBS Transport Fare Watch,2026-05,Transport May 2026,6,YoY,percentage,20.857591555110066,
NBS,NBS Transport Fare Watch,2026-05,State Transport,1,State,geography,ABIA, | detected as the geography column
NBS,NBS Transport Fare Watch,2026-05,State Transport,2,Air fare charg.for specified routes single journey,price,167755.904,
NBS,NBS Transport Fare Watch,2026-05,State Transport,3,"Bus journey intercity, state route, charg. per per",geography,11066.1266587633,
NBS,NBS Transport Fare Watch,2026-05,State Transport,4,"Bus journey within  city , per  drop constant  rou",unknown,890.04794993408,
NBS,NBS Transport Fare Watch,2026-05,State Transport,5,Journey by motorcycle (okada) per drop,unknown,1562.00201895987,
NBS,NBS Transport Fare Watch,2026-05,State Transport,6,Water transport : water way passenger  transportat,unknown,1280.89343,
NBS,NBS Transport Fare Watch,2025-10,Transport October 2025,1,Zone,geography,Air fare charg.for specified routes single journey,
NBS,NBS Transport Fare Watch,2025-10,Transport October 2025,2,Average of Oct-24,date,126293.05095945905,
NBS,NBS Transport Fare Watch,2025-10,Transport October 2025,3,Average of Sept-25,unknown,129848.70790341613,
NBS,NBS Transport Fare Watch,2025-10,Transport October 2025,4,Average of Oct-25,date,131557.53303485893,
NBS,NBS Transport Fare Watch,2025-10,Transport October 2025,5,MoM,percentage,1.316012426333777,
NBS,NBS Transport Fare Watch,2025-10,Transport October 2025,6,YoY,percentage,4.168465355302735,
NBS,NBS Transport Fare Watch,2025-10,State Transport,1,State,geography,ABIA, | detected as the geography column
NBS,NBS Transport Fare Watch,2025-10,State Transport,2,Air fare charg.for specified routes single journey,price,129900.178965908,
NBS,NBS Transport Fare Watch,2025-10,State Transport,3,"Bus journey intercity, state route, charg. per per",geography,9071.08269851867,
NBS,NBS Transport Fare Watch,2025-10,State Transport,4,"Bus journey within  city , per  drop constant  rou",unknown,548.443956612749,
NBS,NBS Transport Fare Watch,2025-10,State Transport,5,Journey by motorcycle (okada) per drop,unknown,690.661786051076,
NBS,NBS Transport Fare Watch,2025-10,State Transport,6,Water transport : water way passenger  transportat,unknown,870.745667205458,
NBS,NBS Transport Fare Watch,2026-02,Transport February 2026,1,Zone,geography,Air fare charg.for specified routes single journey,
NBS,NBS Transport Fare Watch,2026-02,Transport February 2026,2,Average of Feb-25,date,126586.38375263065,
NBS,NBS Transport Fare Watch,2026-02,Transport February 2026,3,Average of Jan-26,date,151355.55058112144,
NBS,NBS Transport Fare Watch,2026-02,Transport February 2026,4,Average of Feb-26,date,153647.9477619122,
NBS,NBS Transport Fare Watch,2026-02,Transport February 2026,5,MoM,percentage,1.5145775440604696,
NBS,NBS Transport Fare Watch,2026-02,Transport February 2026,6,YoY,percentage,21.377942245481965,
NBS,NBS Transport Fare Watch,2026-02,State Transport,1,State,geography,ABIA, | detected as the geography column
NBS,NBS Transport Fare Watch,2026-02,State Transport,2,Air fare charg.for specified routes single journey,price,165000,
NBS,NBS Transport Fare Watch,2026-02,State Transport,3,"Bus journey intercity, state route, charg. per per",geography,9490.94540378444,
NBS,NBS Transport Fare Watch,2026-02,State Transport,4,"Bus journey within  city , per  drop constant  rou",unknown,699.16633371879,
NBS,NBS Transport Fare Watch,2026-02,State Transport,5,Journey by motorcycle (okada) per drop,unknown,1409.1640199545104,
NBS,NBS Transport Fare Watch,2026-02,State Transport,6,Water transport : water way passenger  transportat,unknown,1200,
NBS,NBS Transport Fare Watch,2026-01,Transport January 2026,1,Zone,geography,Air fare charg.for specified routes single journey,
NBS,NBS Transport Fare Watch,2026-01,Transport January 2026,2,Average of Jan-25,date,126907.709171982,
NBS,NBS Transport Fare Watch,2026-01,Transport January 2026,3,Average of Dec-25,date,243744.59323457116,
NBS,NBS Transport Fare Watch,2026-01,Transport January 2026,4,Average of Jan-26,date,151355.55058112144,
NBS,NBS Transport Fare Watch,2026-01,Transport January 2026,5,MoM,percentage,-37.90403775830128,
NBS,NBS Transport Fare Watch,2026-01,Transport January 2026,6,YoY,percentage,19.264268158846335,
NBS,NBS Transport Fare Watch,2026-01,State Transport,1,State,geography,ABIA, | detected as the geography column
NBS,NBS Transport Fare Watch,2026-01,State Transport,2,Air fare charg.for specified routes single journey,price,163000,
NBS,NBS Transport Fare Watch,2026-01,State Transport,3,"Bus journey intercity, state route, charg. per per",geography,9464.08879223856,
NBS,NBS Transport Fare Watch,2026-01,State Transport,4,"Bus journey within  city , per  drop constant  rou",unknown,649,
NBS,NBS Transport Fare Watch,2026-01,State Transport,5,Journey by motorcycle (okada) per drop,unknown,785,
NBS,NBS Transport Fare Watch,2026-01,State Transport,6,Water transport : water way passenger  transportat,unknown,1150,
NBS,NBS Consumer Price Index and Inflation,2026-04,Table1,1,,unknown,Weights,blank header cell
NBS,NBS Consumer Price Index and Inflation,2026-04,Table1,2,,unknown,,blank header cell
NBS,NBS Consumer Price Index and Inflation,2026-04,Table1,3,Monthly,price,100,
NBS,NBS Consumer Price Index and Inflation,2026-04,Table1,4,12-Month Average,price,,
NBS,NBS Consumer Price Index and Inflation,2026-04,Table1,5,Month-on change (%),date,,
NBS,NBS Consumer Price Index and Inflation,2026-04,Table1,6,Year-on change (%),date,,
NBS,NBS Consumer Price Index and Inflation,2026-04,Table1,7,12-Month average change (%),percentage,,
NBS,NBS Consumer Price Index and Inflation,2026-04,Table1,8,Monthly,price,73.41,
NBS,NBS Consumer Price Index and Inflation,2026-04,Table1,9,12-Month Average,price,,
NBS,NBS Consumer Price Index and Inflation,2026-04,Table1,10,Month-on change (%),date,,
NBS,NBS Consumer Price Index and Inflation,2026-04,Table1,11,Year-on change (%),date,,
NBS,NBS Consumer Price Index and Inflation,2026-04,Table1,12,12-Month average change (%),percentage,,
NBS,NBS Consumer Price Index and Inflation,2026-04,Table1,13,Monthly,price,27.98,
NBS,NBS Consumer Price Index and Inflation,2026-04,Table1,14,12-Month Average,price,,
NBS,NBS Consumer Price Index and Inflation,2026-04,Table1,15,Month-on change (%),date,,
NBS,NBS Consumer Price Index and Inflation,2026-04,Table1,16,Year-on change (%),date,,
NBS,NBS Consumer Price Index and Inflation,2026-04,Table1,17,12-Month average change (%),percentage,,
NBS,NBS Consumer Price Index and Inflation,2026-04,Table1,18,Monthly,price,66.99,
NBS,NBS Consumer Price Index and Inflation,2026-04,Table1,19,12-Month Average,price,,
NBS,NBS Consumer Price Index and Inflation,2026-04,Table1,20,Month-on change (%),date,,
NBS,NBS Consumer Price Index and Inflation,2026-04,Table1,21,Year-on change (%),date,,
NBS,NBS Consumer Price Index and Inflation,2026-04,Table1,22,12-Month average change (%),percentage,,
NBS,NBS Consumer Price Index and Inflation,2026-04,Table1,23,,unknown,,blank header cell
NBS,NBS Consumer Price Index and Inflation,2026-04,Table1 (2),1,,unknown,Weights,blank header cell
NBS,NBS Consumer Price Index and Inflation,2026-04,Table1 (2),2,,unknown,,blank header cell
NBS,NBS Consumer Price Index and Inflation,2026-04,Table1 (2),3,Monthly,price,1000,
NBS,NBS Consumer Price Index and Inflation,2026-04,Table1 (2),4,Monthly,price,100,
NBS,NBS Consumer Price Index and Inflation,2026-04,Table1 (2),5,12-Month Average,price,,
NBS,NBS Consumer Price Index and Inflation,2026-04,Table1 (2),6,12-Month Average,price,,
NBS,NBS Consumer Price Index and Inflation,2026-04,Table1 (2),7,Month-on change (%),date,,
NBS,NBS Consumer Price Index and Inflation,2026-04,Table1 (2),8,Month-on change (%),date,,
NBS,NBS Consumer Price Index and Inflation,2026-04,Table1 (2),9,Year-on change (%),date,,
NBS,NBS Consumer Price Index and Inflation,2026-04,Table1 (2),10,Year-on change (%),date,,
NBS,NBS Consumer Price Index and Inflation,2026-04,Table1 (2),11,12-Month average change (%),percentage,,
NBS,NBS Consumer Price Index and Inflation,2026-04,Table1 (2),12,12-Month average change (%),percentage,,
NBS,NBS Consumer Price Index and Inflation,2026-04,Table1 (2),13,Monthly,price,513.1043122747834,
NBS,NBS Consumer Price Index and Inflation,2026-04,Table1 (2),14,Monthly,price,73.41,
NBS,NBS Consumer Price Index and Inflation,2026-04,Table1 (2),15,12-Month Average,price,,
NBS,NBS Consumer Price Index and Inflation,2026-04,Table1 (2),16,12-Month Average,price,,
NBS,NBS Consumer Price Index and Inflation,2026-04,Table1 (2),17,Month-on change (%),date,,
NBS,NBS Consumer Price Index and Inflation,2026-04,Table1 (2),18,Month-on change (%),date,,
NBS,NBS Consumer Price Index and Inflation,2026-04,Table1 (2),19,Year-on change (%),date,,
NBS,NBS Consumer Price Index and Inflation,2026-04,Table1 (2),20,Year-on change (%),date,,
NBS,NBS Consumer Price Index and Inflation,2026-04,Table1 (2),21,12-Month average change (%),percentage,,
NBS,NBS Consumer Price Index and Inflation,2026-04,Table1 (2),22,12-Month average change (%),percentage,,
NBS,NBS Consumer Price Index and Inflation,2026-04,Table1 (2),23,Monthly,price,507.0588900812485,
NBS,NBS Consumer Price Index and Inflation,2026-04,Table1 (2),24,Monthly,price,27.98,
NBS,NBS Consumer Price Index and Inflation,2026-04,Table1 (2),25,12-Month Average,price,,
NBS,NBS Consumer Price Index and Inflation,2026-04,Table1 (2),26,12-Month Average,price,,
NBS,NBS Consumer Price Index and Inflation,2026-04,Table1 (2),27,Month-on change (%),date,,
NBS,NBS Consumer Price Index and Inflation,2026-04,Table1 (2),28,Month-on change (%),date,,
NBS,NBS Consumer Price Index and Inflation,2026-04,Table1 (2),29,Year-on change (%),date,,
NBS,NBS Consumer Price Index and Inflation,2026-04,Table1 (2),30,Year-on change (%),date,,
NBS,NBS Consumer Price Index and Inflation,2026-04,Table1 (2),31,12-Month average change (%),percentage,,
NBS,NBS Consumer Price Index and Inflation,2026-04,Table1 (2),32,12-Month average change (%),percentage,,
NBS,NBS Consumer Price Index and Inflation,2026-04,Table1 (2),33,Monthly,price,#REF!,
NBS,NBS Consumer Price Index and Inflation,2026-04,Table1 (2),34,Monthly,price,66.99,
NBS,NBS Consumer Price Index and Inflation,2026-04,Table1 (2),35,12-Month Average,price,,
NBS,NBS Consumer Price Index and Inflation,2026-04,Table1 (2),36,12-Month Average,price,,
NBS,NBS Consumer Price Index and Inflation,2026-04,Table1 (2),37,Month-on change (%),date,,
NBS,NBS Consumer Price Index and Inflation,2026-04,Table1 (2),38,Month-on change (%),date,,
NBS,NBS Consumer Price Index and Inflation,2026-04,Table1 (2),39,Year-on change (%),date,,
NBS,NBS Consumer Price Index and Inflation,2026-04,Table1 (2),40,Year-on change (%),date,,
NBS,NBS Consumer Price Index and Inflation,2026-04,Table1 (2),41,12-Month average change (%),percentage,,
NBS,NBS Consumer Price Index and Inflation,2026-04,Table1 (2),42,12-Month average change (%),percentage,,
NBS,NBS Consumer Price Index and Inflation,2026-04,Table1 (2),43,,unknown,,blank header cell
NBS,NBS Consumer Price Index and Inflation,2026-04,Table1 (2),44,,unknown,,blank header cell
NBS,NBS Consumer Price Index and Inflation,2026-04,Table1 (2),45,,unknown,,blank header cell
NBS,NBS Consumer Price Index and Inflation,2026-04,Table1 (2),46,,unknown,,blank header cell
NBS,NBS Consumer Price Index and Inflation,2026-04,Table1 (2),47,,unknown,,blank header cell
NBS,NBS Consumer Price Index and Inflation,2026-04,Table1 (2),48,,unknown,,blank header cell
NBS,NBS Consumer Price Index and Inflation,2026-04,Table2,1,,unknown,Weights,blank header cell
NBS,NBS Consumer Price Index and Inflation,2026-04,Table2,2,,unknown,,blank header cell
NBS,NBS Consumer Price Index and Inflation,2026-04,Table2,3,All Items,price,100,
NBS,NBS Consumer Price Index and Inflation,2026-04,Table2,4,All Items Less Farm Produce,price,73.41,
NBS,NBS Consumer Price Index and Inflation,2026-04,Table2,5,Core Index (All Items Less Farm Produce And Energy),price,66.99,
NBS,NBS Consumer Price Index and Inflation,2026-04,Table2,6,Imported Food,price,17.33,
NBS,NBS Consumer Price Index and Inflation,2026-04,Table2,7,Food,price,27.98,
NBS,NBS Consumer Price Index and Inflation,2026-04,Table2,8,Farm Produce,price,26.61,
NBS,NBS Consumer Price Index and Inflation,2026-04,Table2,9,Energy,price,6.42,
NBS,NBS Consumer Price Index and Inflation,2026-04,Table2,10,Services,price,37.55,
NBS,NBS Consumer Price Index and Inflation,2026-04,Table2,11,Goods,price,62.48,
NBS,NBS Consumer Price Index and Inflation,2026-04,Table2,12,"ALL ITEMS LESS FOOD
 (NONFOOD INDEX)",price,,
NBS,NBS Consumer Price Index and Inflation,2026-04,Table2,13,ALLITEMS LESS FOOD AND NON ALCOHOLIC BEVERAGES INDEX,price,,
NBS,NBS Consumer Price Index and Inflation,2026-04,Table2,14,HOUSING (RENT) INDEX,price,,
NBS,NBS Consumer Price Index and Inflation,2026-04,Table2,15,Food And Non-Alcoholic Beverages,price,40.02,
NBS,NBS Consumer Price Index and Inflation,2026-04,Table2,16,"Alcoholic Beverages, Tobacco And  Narcotics",unknown,0.37,
NBS,NBS Consumer Price Index and Inflation,2026-04,Table2,17,Clothing And Footwear,unknown,5.04,
NBS,NBS Consumer Price Index and Inflation,2026-04,Table2,18,"Housing, Water, Electricity, Gas And Other Fuels",price,8.42,
NBS,NBS Consumer Price Index and Inflation,2026-04,Table2,19,"Furnishings, Household Equipment And Routine Household Maintenance",unknown,2.96,
NBS,NBS Consumer Price Index and Inflation,2026-04,Table2,20,Health.,unknown,6.06,
NBS,NBS Consumer Price Index and Inflation,2026-04,Table2,21,Transport,unknown,10.66,
NBS,NBS Consumer Price Index and Inflation,2026-04,Table2,22,Information And Communication,unknown,3.29,
NBS,NBS Consumer Price Index and Inflation,2026-04,Table2,23,"Recreation, Sport And Culture",unknown,0.31,
NBS,NBS Consumer Price Index and Inflation,2026-04,Table2,24,Education Services,unknown,6.2,
NBS,NBS Consumer Price Index and Inflation,2026-04,Table2,25,Restaurants And Accomodation Services,unknown,12.92,
NBS,NBS Consumer Price Index and Inflation,2026-04,Table2,26,Insurance and Financial Services,unknown,0.47,
NBS,NBS Consumer Price Index and Inflation,2026-04,Table2,27,"Personal Care, Social Protection And Miscellaneous Goods And Services",unknown,3.29,
NBS,NBS Consumer Price Index and Inflation,2026-04,Table2,28,Month-on (%),date,,
NBS,NBS Consumer Price Index and Inflation,2026-04,Table2,29,Year-on (%),date,,
NBS,NBS Consumer Price Index and Inflation,2026-04,Table2,30,12-month average (%),percentage,,
NBS,NBS Consumer Price Index and Inflation,2026-04,Table2,31,,unknown,,blank header cell
NBS,NBS Consumer Price Index and Inflation,2026-04,Table2,32,,unknown,,blank header cell
NBS,NBS Consumer Price Index and Inflation,2026-04,Table2,33,,unknown,,blank header cell
NBS,NBS Consumer Price Index and Inflation,2026-04,Table2,34,,unknown,,blank header cell
NBS,NBS Consumer Price Index and Inflation,2026-04,Table2 (2),1,,unknown,Weights,blank header cell
NBS,NBS Consumer Price Index and Inflation,2026-04,Table2 (2),2,,unknown,,blank header cell
NBS,NBS Consumer Price Index and Inflation,2026-04,Table2 (2),3,All Items,price,999.9999999999999,
NBS,NBS Consumer Price Index and Inflation,2026-04,Table2 (2),4,All Items,price,100,
NBS,NBS Consumer Price Index and Inflation,2026-04,Table2 (2),5,All Items less Farm Produce.,price,513.1043122747834,
NBS,NBS Consumer Price Index and Inflation,2026-04,Table2 (2),6,All Items Less Farm Produce,price,73.41,
NBS,NBS Consumer Price Index and Inflation,2026-04,Table2 (2),7,All Items less Farm Produce. and Energy,price,405.55493225171676,
NBS,NBS Consumer Price Index and Inflation,2026-04,Table2 (2),8,Core Index (All Items Less Farm Produce And Energy),price,66.99,
NBS,NBS Consumer Price Index and Inflation,2026-04,Table2 (2),9,Imported Food,price,132.8786430845212,
NBS,NBS Consumer Price Index and Inflation,2026-04,Table2 (2),10,Imported Food,price,17.33,
NBS,NBS Consumer Price Index and Inflation,2026-04,Table2 (2),11,Food,price,507.0588900812485,
NBS,NBS Consumer Price Index and Inflation,2026-04,Table2 (2),12,Food,price,27.98,
NBS,NBS Consumer Price Index and Inflation,2026-04,Table2 (2),13,Farm Produce,price,26.61,
NBS,NBS Consumer Price Index and Inflation,2026-04,Table2 (2),14,Energy,price,6.42,
NBS,NBS Consumer Price Index and Inflation,2026-04,Table2 (2),15,Services,price,37.55,
NBS,NBS Consumer Price Index and Inflation,2026-04,Table2 (2),16,Goods,price,62.48,
NBS,NBS Consumer Price Index and Inflation,2026-04,Table2 (2),17,Food &  Non Alcoholic Bev.,price,518.0035159781029,
NBS,NBS Consumer Price Index and Inflation,2026-04,Table2 (2),18,Food And Non-Alcoholic Beverages,price,40.02,
NBS,NBS Consumer Price Index and Inflation,2026-04,Table2 (2),19,Alcoholic Beverage. Tobacco and Kola,unknown,10.870023422874887,
NBS,NBS Consumer Price Index and Inflation,2026-04,Table2 (2),20,"Alcoholic Beverages, Tobacco And  Narcotics",unknown,0.37,
NBS,NBS Consumer Price Index and Inflation,2026-04,Table2 (2),21,Clothing and Footwear,unknown,76.50177479764076,
NBS,NBS Consumer Price Index and Inflation,2026-04,Table2 (2),22,Clothing And Footwear,unknown,5.04,
NBS,NBS Consumer Price Index and Inflation,2026-04,Table2 (2),23,"Housing Water, Electricity. Gas and Other  Fuel",price,167.3417670918405,
NBS,NBS Consumer Price Index and Inflation,2026-04,Table2 (2),24,"Housing, Water, Electricity, Gas And Other Fuels",price,8.42,
NBS,NBS Consumer Price Index and Inflation,2026-04,Table2 (2),25,Furnishings & Household Equipment Maintenance.,unknown,50.30429132112485,
NBS,NBS Consumer Price Index and Inflation,2026-04,Table2 (2),26,"Furnishings, Household Equipment And Routine Household Maintenance",unknown,2.96,
NBS,NBS Consumer Price Index and Inflation,2026-04,Table2 (2),27,Health.,unknown,30.041719595344983,
NBS,NBS Consumer Price Index and Inflation,2026-04,Table2 (2),28,Health.,unknown,6.06,
NBS,NBS Consumer Price Index and Inflation,2026-04,Table2 (2),29,Transport,unknown,65.08383943029551,
NBS,NBS Consumer Price Index and Inflation,2026-04,Table2 (2),30,Transport,unknown,10.66,
NBS,NBS Consumer Price Index and Inflation,2026-04,Table2 (2),31,Communication,unknown,6.798146513600633,
NBS,NBS Consumer Price Index and Inflation,2026-04,Table2 (2),32,Information And Communication,unknown,3.29,
NBS,NBS Consumer Price Index and Inflation,2026-04,Table2 (2),33,Recreation & Culture.,unknown,6.8692556920957415,
NBS,NBS Consumer Price Index and Inflation,2026-04,Table2 (2),34,"Recreation, Sport And Culture",unknown,0.31,
NBS,NBS Consumer Price Index and Inflation,2026-04,Table2 (2),35,Education,unknown,39.43545584224773,
NBS,NBS Consumer Price Index and Inflation,2026-04,Table2 (2),36,Education Services,unknown,6.2,
NBS,NBS Consumer Price Index and Inflation,2026-04,Table2 (2),37,Restaurant &  Hotels,unknown,12.116896655754124,
NBS,NBS Consumer Price Index and Inflation,2026-04,Table2 (2),38,Restaurants And Accomodation Services,unknown,12.92,
NBS,NBS Consumer Price Index and Inflation,2026-04,Table2 (2),39,Insurance and Financial Services,unknown,0.47,
NBS,NBS Consumer Price Index and Inflation,2026-04,Table2 (2),40,Miscellaneous Goods & Services,unknown,16.633313659077338,
NBS,NBS Consumer Price Index and Inflation,2026-04,Table2 (2),41,"Personal Care, Social Protection And Miscellaneous Goods And Services",unknown,3.29,
NBS,NBS Consumer Price Index and Inflation,2026-04,Table2 (2),42,Month-on (%),date,,
NBS,NBS Consumer Price Index and Inflation,2026-04,Table2 (2),43,Month-on (%),date,,
NBS,NBS Consumer Price Index and Inflation,2026-04,Table2 (2),44,Year-on (%),date,,
NBS,NBS Consumer Price Index and Inflation,2026-04,Table2 (2),45,Year-on (%),date,,
NBS,NBS Consumer Price Index and Inflation,2026-04,Table2 (2),46,12-month average (%),percentage,,
NBS,NBS Consumer Price Index and Inflation,2026-04,Table2 (2),47,12-month average (%),percentage,,
NBS,NBS Consumer Price Index and Inflation,2026-04,Table2 (2),48,,unknown,,blank header cell
NBS,NBS Consumer Price Index and Inflation,2026-04,Table2 (2),49,,unknown,,blank header cell
NBS,NBS Consumer Price Index and Inflation,2026-04,Table2 (2),50,,unknown,,blank header cell
NBS,NBS Consumer Price Index and Inflation,2026-04,Table2 (2),51,,unknown,,blank header cell
NBS,NBS Consumer Price Index and Inflation,2026-04,Table2 (2),52,,unknown,,blank header cell
NBS,NBS Consumer Price Index and Inflation,2026-04,Table2 (2),53,,unknown,,blank header cell
NBS,NBS Consumer Price Index and Inflation,2026-04,Table2 (2),54,,unknown,,blank header cell
NBS,NBS Consumer Price Index and Inflation,2026-04,Table2 (2),55,,unknown,,blank header cell
NBS,NBS Consumer Price Index and Inflation,2026-04,Table2 (2),56,,unknown,,blank header cell
NBS,NBS Consumer Price Index and Inflation,2026-04,Table2 (2),57,,unknown,,blank header cell
NBS,NBS Consumer Price Index and Inflation,2026-04,Table2 (2),58,,unknown,,blank header cell
NBS,NBS Consumer Price Index and Inflation,2026-04,Table2 (2),59,,unknown,,blank header cell
NBS,NBS Consumer Price Index and Inflation,2026-04,Table2 (2),60,,unknown,,blank header cell
NBS,NBS Consumer Price Index and Inflation,2026-04,Table2 (2),61,,unknown,,blank header cell
NBS,NBS Consumer Price Index and Inflation,2026-04,Table2 (2),62,,unknown,,blank header cell
NBS,NBS Consumer Price Index and Inflation,2026-04,Table2 (2),63,,unknown,,blank header cell
NBS,NBS Consumer Price Index and Inflation,2026-04,Table2 (2),64,,unknown,,blank header cell
NBS,NBS Consumer Price Index and Inflation,2026-04,Table2 (2),65,,unknown,,blank header cell
NBS,NBS Consumer Price Index and Inflation,2026-04,Table3,1,,unknown,Weights,blank header cell
NBS,NBS Consumer Price Index and Inflation,2026-04,Table3,2,,unknown,,blank header cell
NBS,NBS Consumer Price Index and Inflation,2026-04,Table3,3,All Items,price,70.6231,
NBS,NBS Consumer Price Index and Inflation,2026-04,Table3,4,All Items Less Farm Produce,price,53.3066,
NBS,NBS Consumer Price Index and Inflation,2026-04,Table3,5,Core Index (All Items Less Farm Produce And Energy),price,48.31903,
NBS,NBS Consumer Price Index and Inflation,2026-04,Table3,6,Imported Food,price,11.22541,
NBS,NBS Consumer Price Index and Inflation,2026-04,Table3,7,Food,price,18.64926,
NBS,NBS Consumer Price Index and Inflation,2026-04,Table3,8,Farm Produce,price,17.34714,
NBS,NBS Consumer Price Index and Inflation,2026-04,Table3,9,Energy,price,4.987569,
NBS,NBS Consumer Price Index and Inflation,2026-04,Table3,10,Services,price,28.35985,
NBS,NBS Consumer Price Index and Inflation,2026-04,Table3,11,Goods,price,42.29389,
NBS,NBS Consumer Price Index and Inflation,2026-04,Table3,12,Food And Non-Alcoholic Beverages,price,26.7595,
NBS,NBS Consumer Price Index and Inflation,2026-04,Table3,13,"Alcoholic Beverages, Tobacco And  Narcotics",unknown,0.254247,
NBS,NBS Consumer Price Index and Inflation,2026-04,Table3,14,Clothing And Footwear,unknown,3.333754,
NBS,NBS Consumer Price Index and Inflation,2026-04,Table3,15,"Housing, Water, Electricity, Gas And Other Fuels",price,7.213081,
NBS,NBS Consumer Price Index and Inflation,2026-04,Table3,16,"Furnishings, Household Equipment And Routine Household Maintenance",unknown,1.984745,
NBS,NBS Consumer Price Index and Inflation,2026-04,Table3,17,Health.,unknown,3.459399,
NBS,NBS Consumer Price Index and Inflation,2026-04,Table3,18,Transport,unknown,7.946328,
NBS,NBS Consumer Price Index and Inflation,2026-04,Table3,19,Information And Communication,unknown,2.530358,
NBS,NBS Consumer Price Index and Inflation,2026-04,Table3,20,"Recreation, Sport And Culture",unknown,0.254938,
NBS,NBS Consumer Price Index and Inflation,2026-04,Table3,21,Education Services,unknown,5.112391,
NBS,NBS Consumer Price Index and Inflation,2026-04,Table3,22,Restaurants And Accomodation Services,unknown,9.216351,
NBS,NBS Consumer Price Index and Inflation,2026-04,Table3,23,Insurance and Financial Services,unknown,0.34374,
NBS,NBS Consumer Price Index and Inflation,2026-04,Table3,24,"Personal Care, Social Protection And Miscellaneous Goods And Services",unknown,2.21427,
NBS,NBS Consumer Price Index and Inflation,2026-04,Table3,25,Month-on (%),date,,
NBS,NBS Consumer Price Index and Inflation,2026-04,Table3,26,Year-on (%),date,,
NBS,NBS Consumer Price Index and Inflation,2026-04,Table3,27,12-month average (%),percentage,,
NBS,NBS Consumer Price Index and Inflation,2026-04,Table3,28,,unknown,,blank header cell
NBS,NBS Consumer Price Index and Inflation,2026-04,Table3,29,,unknown,,blank header cell
NBS,NBS Consumer Price Index and Inflation,2026-04,Table3,30,,unknown,,blank header cell
NBS,NBS Consumer Price Index and Inflation,2026-04,Table3,31,,unknown,,blank header cell
NBS,NBS Consumer Price Index and Inflation,2026-04,Table3 (2),1,,unknown,Weights,blank header cell
NBS,NBS Consumer Price Index and Inflation,2026-04,Table3 (2),2,,unknown,,blank header cell
NBS,NBS Consumer Price Index and Inflation,2026-04,Table3 (2),3,All Items,price,999.9999999999998,
NBS,NBS Consumer Price Index and Inflation,2026-04,Table3 (2),4,All Items,price,70.6231,
NBS,NBS Consumer Price Index and Inflation,2026-04,Table3 (2),5,All Items less Farm Produce.,price,552.6438747349832,
NBS,NBS Consumer Price Index and Inflation,2026-04,Table3 (2),6,All Items Less Farm Produce,price,53.3066,
NBS,NBS Consumer Price Index and Inflation,2026-04,Table3 (2),7,All Items less Farm Produce. and Energy,price,418.66977694768946,
NBS,NBS Consumer Price Index and Inflation,2026-04,Table3 (2),8,Core Index (All Items Less Farm Produce And Energy),price,48.31903,
NBS,NBS Consumer Price Index and Inflation,2026-04,Table3 (2),9,Imported Food,price,155.45143810593527,
NBS,NBS Consumer Price Index and Inflation,2026-04,Table3 (2),10,Imported Food,price,11.22541,
NBS,NBS Consumer Price Index and Inflation,2026-04,Table3 (2),11,Food,price,476.8847287905714,
NBS,NBS Consumer Price Index and Inflation,2026-04,Table3 (2),12,Food,price,18.64926,
NBS,NBS Consumer Price Index and Inflation,2026-04,Table3 (2),13,Farm Produce,price,17.34714,
NBS,NBS Consumer Price Index and Inflation,2026-04,Table3 (2),14,Energy,price,4.987569,
NBS,NBS Consumer Price Index and Inflation,2026-04,Table3 (2),15,Services,price,28.35985,
NBS,NBS Consumer Price Index and Inflation,2026-04,Table3 (2),16,Goods,price,42.29389,
NBS,NBS Consumer Price Index and Inflation,2026-04,Table3 (2),17,Food &  Non Alcoholic Bev.,price,490.58603344696826,
NBS,NBS Consumer Price Index and Inflation,2026-04,Table3 (2),18,Food And Non-Alcoholic Beverages,price,26.7595,
NBS,NBS Consumer Price Index and Inflation,2026-04,Table3 (2),19,Alcoholic Beverage. Tobacco and Kola,unknown,11.185908197369981,
NBS,NBS Consumer Price Index and Inflation,2026-04,Table3 (2),20,"Alcoholic Beverages, Tobacco And  Narcotics",unknown,0.254247,
NBS,NBS Consumer Price Index and Inflation,2026-04,Table3 (2),21,Clothing and Footwear,unknown,65.50403131243718,
NBS,NBS Consumer Price Index and Inflation,2026-04,Table3 (2),22,Clothing And Footwear,unknown,3.333754,
NBS,NBS Consumer Price Index and Inflation,2026-04,Table3 (2),23,"Housing Water, Electricity. Gas and Other  Fuel",price,191.5102585444788,
NBS,NBS Consumer Price Index and Inflation,2026-04,Table3 (2),24,"Housing, Water, Electricity, Gas And Other Fuels",price,7.213081,
NBS,NBS Consumer Price Index and Inflation,2026-04,Table3 (2),25,Furnishings & Household Equipment Maintenance.,unknown,49.80621275080386,
NBS,NBS Consumer Price Index and Inflation,2026-04,Table3 (2),26,"Furnishings, Household Equipment And Routine Household Maintenance",unknown,1.984745,
NBS,NBS Consumer Price Index and Inflation,2026-04,Table3 (2),27,Health.,unknown,27.401177978203123,
NBS,NBS Consumer Price Index and Inflation,2026-04,Table3 (2),28,Health.,unknown,3.459399,
NBS,NBS Consumer Price Index and Inflation,2026-04,Table3 (2),29,Transport,unknown,74.5434081193025,
NBS,NBS Consumer Price Index and Inflation,2026-04,Table3 (2),30,Transport,unknown,7.946328,
NBS,NBS Consumer Price Index and Inflation,2026-04,Table3 (2),31,Communication,unknown,10.142667529244841,
NBS,NBS Consumer Price Index and Inflation,2026-04,Table3 (2),32,Information And Communication,unknown,2.530358,
NBS,NBS Consumer Price Index and Inflation,2026-04,Table3 (2),33,Recreation & Culture.,unknown,7.135934731470604,
NBS,NBS Consumer Price Index and Inflation,2026-04,Table3 (2),34,"Recreation, Sport And Culture",unknown,0.254938,
NBS,NBS Consumer Price Index and Inflation,2026-04,Table3 (2),35,Education,unknown,40.046464015609814,
NBS,NBS Consumer Price Index and Inflation,2026-04,Table3 (2),36,Education Services,unknown,5.112391,
NBS,NBS Consumer Price Index and Inflation,2026-04,Table3 (2),37,Restaurant &  Hotels,unknown,14.485013990566927,
NBS,NBS Consumer Price Index and Inflation,2026-04,Table3 (2),38,Restaurants And Accomodation Services,unknown,9.216351,
NBS,NBS Consumer Price Index and Inflation,2026-04,Table3 (2),39,Insurance and Financial Services,unknown,0.34374,
NBS,NBS Consumer Price Index and Inflation,2026-04,Table3 (2),40,Miscellaneous Goods & Services,unknown,17.652889383544117,
NBS,NBS Consumer Price Index and Inflation,2026-04,Table3 (2),41,"Personal Care, Social Protection And Miscellaneous Goods And Services",unknown,2.21427,
NBS,NBS Consumer Price Index and Inflation,2026-04,Table3 (2),42,Month-on (%),date,,
NBS,NBS Consumer Price Index and Inflation,2026-04,Table3 (2),43,Month-on (%),date,,
NBS,NBS Consumer Price Index and Inflation,2026-04,Table3 (2),44,Year-on (%),date,,
NBS,NBS Consumer Price Index and Inflation,2026-04,Table3 (2),45,Year-on (%),date,,
NBS,NBS Consumer Price Index and Inflation,2026-04,Table3 (2),46,12-month average (%),percentage,,
NBS,NBS Consumer Price Index and Inflation,2026-04,Table3 (2),47,12-month average (%),percentage,,
NBS,NBS Consumer Price Index and Inflation,2026-04,Table3 (2),48,,unknown,,blank header cell
NBS,NBS Consumer Price Index and Inflation,2026-04,Table3 (2),49,,unknown,,blank header cell
NBS,NBS Consumer Price Index and Inflation,2026-04,Table3 (2),50,,unknown,,blank header cell
NBS,NBS Consumer Price Index and Inflation,2026-04,Table3 (2),51,,unknown,,blank header cell
NBS,NBS Consumer Price Index and Inflation,2026-04,Table3 (3),1,,unknown,Weights,blank header cell
NBS,NBS Consumer Price Index and Inflation,2026-04,Table3 (3),2,,unknown,,blank header cell
NBS,NBS Consumer Price Index and Inflation,2026-04,Table3 (3),3,All Items,price,999.9999999999998,
NBS,NBS Consumer Price Index and Inflation,2026-04,Table3 (3),4,All Items,price,70.6231,
NBS,NBS Consumer Price Index and Inflation,2026-04,Table3 (3),5,All Items less Farm Produce.,price,552.6438747349832,
NBS,NBS Consumer Price Index and Inflation,2026-04,Table3 (3),6,All Items Less Farm Produce,price,53.3066,
NBS,NBS Consumer Price Index and Inflation,2026-04,Table3 (3),7,All Items less Farm Produce. and Energy,price,418.66977694768946,
NBS,NBS Consumer Price Index and Inflation,2026-04,Table3 (3),8,Core Index (All Items Less Farm Produce And Energy),price,48.31903,
NBS,NBS Consumer Price Index and Inflation,2026-04,Table3 (3),9,Imported Food,price,155.45143810593527,
NBS,NBS Consumer Price Index and Inflation,2026-04,Table3 (3),10,Imported Food,price,11.22541,
NBS,NBS Consumer Price Index and Inflation,2026-04,Table3 (3),11,Food,price,476.8847287905714,
NBS,NBS Consumer Price Index and Inflation,2026-04,Table3 (3),12,Food,price,18.64926,
NBS,NBS Consumer Price Index and Inflation,2026-04,Table3 (3),13,Farm Produce,price,17.34714,
NBS,NBS Consumer Price Index and Inflation,2026-04,Table3 (3),14,Energy,price,4.987569,
NBS,NBS Consumer Price Index and Inflation,2026-04,Table3 (3),15,Services,price,28.35985,
NBS,NBS Consumer Price Index and Inflation,2026-04,Table3 (3),16,Goods,price,42.29389,
NBS,NBS Consumer Price Index and Inflation,2026-04,Table3 (3),17,Food &  Non Alcoholic Bev.,price,490.58603344696826,
NBS,NBS Consumer Price Index and Inflation,2026-04,Table3 (3),18,Food And Non-Alcoholic Beverages,price,26.7595,
NBS,NBS Consumer Price Index and Inflation,2026-04,Table3 (3),19,Alcoholic Beverage. Tobacco and Kola,unknown,11.185908197369981,
NBS,NBS Consumer Price Index and Inflation,2026-04,Table3 (3),20,"Alcoholic Beverages, Tobacco And  Narcotics",unknown,0.254247,
NBS,NBS Consumer Price Index and Inflation,2026-04,Table3 (3),21,Clothing and Footwear,unknown,65.50403131243718,
NBS,NBS Consumer Price Index and Inflation,2026-04,Table3 (3),22,Clothing And Footwear,unknown,3.333754,
NBS,NBS Consumer Price Index and Inflation,2026-04,Table3 (3),23,"Housing Water, Electricity. Gas and Other  Fuel",price,191.5102585444788,
NBS,NBS Consumer Price Index and Inflation,2026-04,Table3 (3),24,"Housing, Water, Electricity, Gas And Other Fuels",price,7.213081,
NBS,NBS Consumer Price Index and Inflation,2026-04,Table3 (3),25,Furnishings & Household Equipment Maintenance.,unknown,49.80621275080386,
NBS,NBS Consumer Price Index and Inflation,2026-04,Table3 (3),26,"Furnishings, Household Equipment And Routine Household Maintenance",unknown,1.984745,
NBS,NBS Consumer Price Index and Inflation,2026-04,Table3 (3),27,Health.,unknown,27.401177978203123,
NBS,NBS Consumer Price Index and Inflation,2026-04,Table3 (3),28,Health.,unknown,3.459399,
NBS,NBS Consumer Price Index and Inflation,2026-04,Table3 (3),29,Transport,unknown,74.5434081193025,
NBS,NBS Consumer Price Index and Inflation,2026-04,Table3 (3),30,Transport,unknown,7.946328,
NBS,NBS Consumer Price Index and Inflation,2026-04,Table3 (3),31,Communication,unknown,10.142667529244841,
NBS,NBS Consumer Price Index and Inflation,2026-04,Table3 (3),32,Information And Communication,unknown,2.530358,
NBS,NBS Consumer Price Index and Inflation,2026-04,Table3 (3),33,Recreation & Culture.,unknown,7.135934731470604,
NBS,NBS Consumer Price Index and Inflation,2026-04,Table3 (3),34,"Recreation, Sport And Culture",unknown,0.254938,
NBS,NBS Consumer Price Index and Inflation,2026-04,Table3 (3),35,Education,unknown,40.046464015609814,
NBS,NBS Consumer Price Index and Inflation,2026-04,Table3 (3),36,Education Services,unknown,5.112391,
NBS,NBS Consumer Price Index and Inflation,2026-04,Table3 (3),37,Restaurant &  Hotels,unknown,14.485013990566927,
NBS,NBS Consumer Price Index and Inflation,2026-04,Table3 (3),38,Restaurants And Accomodation Services,unknown,9.216351,
NBS,NBS Consumer Price Index and Inflation,2026-04,Table3 (3),39,Insurance and Financial Services,unknown,0.34374,
NBS,NBS Consumer Price Index and Inflation,2026-04,Table3 (3),40,Miscellaneous Goods & Services,unknown,17.652889383544117,
NBS,NBS Consumer Price Index and Inflation,2026-04,Table3 (3),41,"Personal Care, Social Protection And Miscellaneous Goods And Services",unknown,2.21427,
NBS,NBS Consumer Price Index and Inflation,2026-04,Table3 (3),42,Month-on (%),date,,
NBS,NBS Consumer Price Index and Inflation,2026-04,Table3 (3),43,Month-on (%),date,,
NBS,NBS Consumer Price Index and Inflation,2026-04,Table3 (3),44,Year-on (%),date,,
NBS,NBS Consumer Price Index and Inflation,2026-04,Table3 (3),45,Year-on (%),date,,
NBS,NBS Consumer Price Index and Inflation,2026-04,Table3 (3),46,12-month average (%),percentage,,
NBS,NBS Consumer Price Index and Inflation,2026-04,Table3 (3),47,12-month average (%),percentage,,
NBS,NBS Consumer Price Index and Inflation,2026-04,Table3 (3),48,,unknown,,blank header cell
NBS,NBS Consumer Price Index and Inflation,2026-04,Table3 (3),49,,unknown,,blank header cell
NBS,NBS Consumer Price Index and Inflation,2026-04,Table3 (3),50,,unknown,,blank header cell
NBS,NBS Consumer Price Index and Inflation,2026-04,Table3 (3),51,,unknown,,blank header cell
NBS,NBS Consumer Price Index and Inflation,2026-04,Table4,1,,unknown,Weights,blank header cell
NBS,NBS Consumer Price Index and Inflation,2026-04,Table4,2,,unknown,,blank header cell
NBS,NBS Consumer Price Index and Inflation,2026-04,Table4,3,All Items,price,29.3769,
NBS,NBS Consumer Price Index and Inflation,2026-04,Table4,4,All Items Less Farm Produce,price,20.10814,
NBS,NBS Consumer Price Index and Inflation,2026-04,Table4,5,Core Index (All Items Less Farm Produce And Energy),price,18.67631,
NBS,NBS Consumer Price Index and Inflation,2026-04,Table4,6,Imported Food,price,6.100216,
NBS,NBS Consumer Price Index and Inflation,2026-04,Table4,7,Food,price,9.329656,
NBS,NBS Consumer Price Index and Inflation,2026-04,Table4,8,Farm Produce,price,9.263144,
NBS,NBS Consumer Price Index and Inflation,2026-04,Table4,9,Energy,price,1.431826,
NBS,NBS Consumer Price Index and Inflation,2026-04,Table4,10,Services,price,9.187077,
NBS,NBS Consumer Price Index and Inflation,2026-04,Table4,11,Goods,price,20.18421,
NBS,NBS Consumer Price Index and Inflation,2026-04,Table4,12,Food And Non-Alcoholic Beverages,price,13.25875,
NBS,NBS Consumer Price Index and Inflation,2026-04,Table4,13,"Alcoholic Beverages, Tobacco And  Narcotics",unknown,0.119333,
NBS,NBS Consumer Price Index and Inflation,2026-04,Table4,14,Clothing And Footwear,unknown,1.704374,
NBS,NBS Consumer Price Index and Inflation,2026-04,Table4,15,"Housing, Water, Electricity, Gas And Other Fuels",price,1.203269,
NBS,NBS Consumer Price Index and Inflation,2026-04,Table4,16,"Furnishings, Household Equipment And Routine Household Maintenance",unknown,0.973242,
NBS,NBS Consumer Price Index and Inflation,2026-04,Table4,17,Health.,unknown,2.598754,
NBS,NBS Consumer Price Index and Inflation,2026-04,Table4,18,Transport,unknown,2.712839,
NBS,NBS Consumer Price Index and Inflation,2026-04,Table4,19,Information And Communication,unknown,0.761959,
NBS,NBS Consumer Price Index and Inflation,2026-04,Table4,20,"Recreation, Sport And Culture",unknown,0.055278,
NBS,NBS Consumer Price Index and Inflation,2026-04,Table4,21,Education Services,unknown,1.086559,
NBS,NBS Consumer Price Index and Inflation,2026-04,Table4,22,Restaurants And Accomodation Services,unknown,3.700029,
NBS,NBS Consumer Price Index and Inflation,2026-04,Table4,23,Insurance and Financial Services,unknown,0.128843,
NBS,NBS Consumer Price Index and Inflation,2026-04,Table4,24,"Personal Care, Social Protection And Miscellaneous Goods And Services",unknown,1.073677,
NBS,NBS Consumer Price Index and Inflation,2026-04,Table4,25,Month-on (%),date,,
NBS,NBS Consumer Price Index and Inflation,2026-04,Table4,26,Year-on (%),date,,
NBS,NBS Consumer Price Index and Inflation,2026-04,Table4,27,12-month average (%),percentage,,
NBS,NBS Consumer Price Index and Inflation,2026-04,Table4,28,,unknown,,blank header cell
NBS,NBS Consumer Price Index and Inflation,2026-04,Table4,29,,unknown,,blank header cell
NBS,NBS Consumer Price Index and Inflation,2026-04,Table4,30,,unknown,,blank header cell
NBS,NBS Consumer Price Index and Inflation,2026-04,Table4,31,,unknown,,blank header cell
NBS,NBS Consumer Price Index and Inflation,2026-04,Table4,32,,unknown,,blank header cell
NBS,NBS Consumer Price Index and Inflation,2026-04,Table4,33,,unknown,,blank header cell
NBS,NBS Consumer Price Index and Inflation,2026-04,Table4,34,,unknown,,blank header cell
NBS,NBS Consumer Price Index and Inflation,2026-04,Table4,35,,unknown,,blank header cell
NBS,NBS Consumer Price Index and Inflation,2026-04,Table-5,1,,unknown,,blank header cell
NBS,NBS Consumer Price Index and Inflation,2026-04,Table-5,2,State,geography,Abia, | detected as the geography column
NBS,NBS Consumer Price Index and Inflation,2026-04,Table-5,3,Food,price,114.016451,
NBS,NBS Consumer Price Index and Inflation,2026-04,Table-5,4,All Items,price,120.771753,
NBS,NBS Consumer Price Index and Inflation,2026-04,Table-5,5,Food,price,131.731763078879,
NBS,NBS Consumer Price Index and Inflation,2026-04,Table-5,6,All Items,price,135.99596876325367,
NBS,NBS Consumer Price Index and Inflation,2026-04,Table-5,7,Food,price,134.9698552036509,
NBS,NBS Consumer Price Index and Inflation,2026-04,Table-5,8,All Items,price,139.6376484593503,
NBS,NBS Consumer Price Index and Inflation,2026-04,Table-5,9,Food,price,18.37752711988105,
NBS,NBS Consumer Price Index and Inflation,2026-04,Table-5,10,All Items,price,15.621115857571667,
NBS,NBS Consumer Price Index and Inflation,2026-04,Table-5,11,Food,price,2.4580951845554466,
NBS,NBS Consumer Price Index and Inflation,2026-04,Table-5,12,All Items,price,2.677785032316791,
NBS,NBS Consumer Price Index and Inflation,2026-04,Table-5,13,,unknown,,blank header cell
NBS,NBS Consumer Price Index and Inflation,2026-04,Table4 (2),1,,unknown,Weights,blank header cell
NBS,NBS Consumer Price Index and Inflation,2026-04,Table4 (2),2,,unknown,,blank header cell
NBS,NBS Consumer Price Index and Inflation,2026-04,Table4 (2),3,All Items,price,999.9999999999999,
NBS,NBS Consumer Price Index and Inflation,2026-04,Table4 (2),4,All Items,price,29.3769,
NBS,NBS Consumer Price Index and Inflation,2026-04,Table4 (2),5,All Items less Farm Produce.,price,480.0942188447083,
NBS,NBS Consumer Price Index and Inflation,2026-04,Table4 (2),6,All Items Less Farm Produce,price,20.10814,
NBS,NBS Consumer Price Index and Inflation,2026-04,Table4 (2),7,All Items less Farm Produce. and Energy,price,394.6058417257211,
NBS,NBS Consumer Price Index and Inflation,2026-04,Table4 (2),8,Core Index (All Items Less Farm Produce And Energy),price,18.67631,
NBS,NBS Consumer Price Index and Inflation,2026-04,Table4 (2),9,Imported Food,price,114.03346558957918,
NBS,NBS Consumer Price Index and Inflation,2026-04,Table4 (2),10,Imported Food,price,6.100216,
NBS,NBS Consumer Price Index and Inflation,2026-04,Table4 (2),11,Food,price,532.2501623514466,
NBS,NBS Consumer Price Index and Inflation,2026-04,Table4 (2),12,Food,price,9.329656,
NBS,NBS Consumer Price Index and Inflation,2026-04,Table4 (2),13,Farm Produce,price,9.263144,
NBS,NBS Consumer Price Index and Inflation,2026-04,Table4 (2),14,Energy,price,1.431826,
NBS,NBS Consumer Price Index and Inflation,2026-04,Table4 (2),15,Services,price,9.187077,
NBS,NBS Consumer Price Index and Inflation,2026-04,Table4 (2),16,Goods,price,20.18421,
NBS,NBS Consumer Price Index and Inflation,2026-04,Table4 (2),17,Food &  Non Alcoholic Bev.,price,540.8933408435455,
NBS,NBS Consumer Price Index and Inflation,2026-04,Table4 (2),18,Food And Non-Alcoholic Beverages,price,13.25875,
NBS,NBS Consumer Price Index and Inflation,2026-04,Table4 (2),19,Alcoholic Beverage. Tobacco and Kola,unknown,10.606303106553293,
NBS,NBS Consumer Price Index and Inflation,2026-04,Table4 (2),20,"Alcoholic Beverages, Tobacco And  Narcotics",unknown,0.119333,
NBS,NBS Consumer Price Index and Inflation,2026-04,Table4 (2),21,Clothing and Footwear,unknown,85.68337715684741,
NBS,NBS Consumer Price Index and Inflation,2026-04,Table4 (2),22,Clothing And Footwear,unknown,1.704374,
NBS,NBS Consumer Price Index and Inflation,2026-04,Table4 (2),23,"Housing Water, Electricity. Gas and Other  Fuel",price,147.16440266807825,
NBS,NBS Consumer Price Index and Inflation,2026-04,Table4 (2),24,"Housing, Water, Electricity, Gas And Other Fuels",price,1.203269,
NBS,NBS Consumer Price Index and Inflation,2026-04,Table4 (2),25,Furnishings & Household Equipment Maintenance.,unknown,50.72011838442036,
NBS,NBS Consumer Price Index and Inflation,2026-04,Table4 (2),26,"Furnishings, Household Equipment And Routine Household Maintenance",unknown,0.973242,
NBS,NBS Consumer Price Index and Inflation,2026-04,Table4 (2),27,Health.,unknown,32.24620846837167,
NBS,NBS Consumer Price Index and Inflation,2026-04,Table4 (2),28,Health.,unknown,2.598754,
NBS,NBS Consumer Price Index and Inflation,2026-04,Table4 (2),29,Transport,unknown,57.18640135048233,
NBS,NBS Consumer Price Index and Inflation,2026-04,Table4 (2),30,Transport,unknown,2.712839,
NBS,NBS Consumer Price Index and Inflation,2026-04,Table4 (2),31,Communication,unknown,4.005931720723357,
NBS,NBS Consumer Price Index and Inflation,2026-04,Table4 (2),32,Information And Communication,unknown,0.761959,
NBS,NBS Consumer Price Index and Inflation,2026-04,Table4 (2),33,Recreation & Culture.,unknown,6.646615393168104,
NBS,NBS Consumer Price Index and Inflation,2026-04,Table4 (2),34,"Recreation, Sport And Culture",unknown,0.055278,
NBS,NBS Consumer Price Index and Inflation,2026-04,Table4 (2),35,Education,unknown,38.925348101183964,
NBS,NBS Consumer Price Index and Inflation,2026-04,Table4 (2),36,Education Services,unknown,1.086559,
NBS,NBS Consumer Price Index and Inflation,2026-04,Table4 (2),37,Restaurant &  Hotels,unknown,10.139844568892057,
NBS,NBS Consumer Price Index and Inflation,2026-04,Table4 (2),38,Restaurants And Accomodation Services,unknown,3.700029,
NBS,NBS Consumer Price Index and Inflation,2026-04,Table4 (2),39,Insurance and Financial Services,unknown,0.128843,
NBS,NBS Consumer Price Index and Inflation,2026-04,Table4 (2),40,Miscellaneous Goods & Services,unknown,15.78210823773351,
NBS,NBS Consumer Price Index and Inflation,2026-04,Table4 (2),41,"Personal Care, Social Protection And Miscellaneous Goods And Services",unknown,1.073677,
NBS,NBS Consumer Price Index and Inflation,2026-04,Table4 (2),42,Month-on (%),date,,
NBS,NBS Consumer Price Index and Inflation,2026-04,Table4 (2),43,Month-on (%),date,,
NBS,NBS Consumer Price Index and Inflation,2026-04,Table4 (2),44,Year-on (%),date,,
NBS,NBS Consumer Price Index and Inflation,2026-04,Table4 (2),45,Year-on (%),date,,
NBS,NBS Consumer Price Index and Inflation,2026-04,Table4 (2),46,12-month average (%),percentage,,
NBS,NBS Consumer Price Index and Inflation,2026-04,Table4 (2),47,12-month average (%),percentage,,
NBS,NBS Consumer Price Index and Inflation,2026-04,Table4 (2),48,,unknown,,blank header cell
NBS,NBS Consumer Price Index and Inflation,2026-04,Table4 (2),49,,unknown,,blank header cell
NBS,NBS Consumer Price Index and Inflation,2026-04,Table4 (2),50,,unknown,,blank header cell
NBS,NBS Consumer Price Index and Inflation,2026-04,Table4 (2),51,,unknown,,blank header cell
NBS,NBS Consumer Price Index and Inflation,2026-04,Table4 (2),52,,unknown,,blank header cell
NBS,NBS Consumer Price Index and Inflation,2026-04,Table4 (2),53,,unknown,,blank header cell
NBS,NBS Consumer Price Index and Inflation,2026-04,Table4 (2),54,,unknown,,blank header cell
NBS,NBS Consumer Price Index and Inflation,2026-04,Table4 (2),55,,unknown,,blank header cell
NBS,NBS Consumer Price Index and Inflation,2026-04,Table4 (2),56,,unknown,,blank header cell
NBS,NBS Consumer Price Index and Inflation,2025-08,Table1,1,,unknown,,blank header cell
NBS,NBS Consumer Price Index and Inflation,2025-08,Table1,2,,unknown,Weights,blank header cell
NBS,NBS Consumer Price Index and Inflation,2025-08,Table1,3,Monthly,price,100,
NBS,NBS Consumer Price Index and Inflation,2025-08,Table1,4,12-Month Average,price,,
NBS,NBS Consumer Price Index and Inflation,2025-08,Table1,5,Month-on change (%),date,,
NBS,NBS Consumer Price Index and Inflation,2025-08,Table1,6,Year-on change (%),date,,
NBS,NBS Consumer Price Index and Inflation,2025-08,Table1,7,12-Month average change (%),percentage,,
NBS,NBS Consumer Price Index and Inflation,2025-08,Table1,8,Monthly,price,73.41474,
NBS,NBS Consumer Price Index and Inflation,2025-08,Table1,9,12-Month Average,price,,
NBS,NBS Consumer Price Index and Inflation,2025-08,Table1,10,Month-on change (%),date,,
NBS,NBS Consumer Price Index and Inflation,2025-08,Table1,11,Year-on change (%),date,,
NBS,NBS Consumer Price Index and Inflation,2025-08,Table1,12,12-Month average change (%),percentage,,
NBS,NBS Consumer Price Index and Inflation,2025-08,Table1,13,Monthly,price,27.97892,
NBS,NBS Consumer Price Index and Inflation,2025-08,Table1,14,12-Month Average,price,,
NBS,NBS Consumer Price Index and Inflation,2025-08,Table1,15,Month-on change (%),date,,
NBS,NBS Consumer Price Index and Inflation,2025-08,Table1,16,Year-on change (%),date,,
NBS,NBS Consumer Price Index and Inflation,2025-08,Table1,17,12-Month average change (%),percentage,,
NBS,NBS Consumer Price Index and Inflation,2025-08,Table1,18,Monthly,price,66.99535,
NBS,NBS Consumer Price Index and Inflation,2025-08,Table1,19,12-Month Average,price,,
NBS,NBS Consumer Price Index and Inflation,2025-08,Table1,20,Month-on change (%),date,,
NBS,NBS Consumer Price Index and Inflation,2025-08,Table1,21,Year-on change (%),date,,
NBS,NBS Consumer Price Index and Inflation,2025-08,Table1,22,12-Month average change (%),percentage,,
NBS,NBS Consumer Price Index and Inflation,2025-08,Table1,23,,unknown,,blank header cell
NBS,NBS Consumer Price Index and Inflation,2025-08,Table2,1,,unknown,,blank header cell
NBS,NBS Consumer Price Index and Inflation,2025-08,Table2,2,All Items,price,100,
NBS,NBS Consumer Price Index and Inflation,2025-08,Table2,3,All Items less Farm Produce.,price,73.41,
NBS,NBS Consumer Price Index and Inflation,2025-08,Table2,4,All Items less Farm Produce. and Energy,price,66.99,
NBS,NBS Consumer Price Index and Inflation,2025-08,Table2,5,Imported Food,price,17.33,
NBS,NBS Consumer Price Index and Inflation,2025-08,Table2,6,Food,price,27.98,
NBS,NBS Consumer Price Index and Inflation,2025-08,Table2,7,FARM PRODUCE,price,26.61,
NBS,NBS Consumer Price Index and Inflation,2025-08,Table2,8,ENERGY,price,6.42,
NBS,NBS Consumer Price Index and Inflation,2025-08,Table2,9,SERVICES,price,37.55,
NBS,NBS Consumer Price Index and Inflation,2025-08,Table2,10,GOODS,price,62.48,
NBS,NBS Consumer Price Index and Inflation,2025-08,Table2,11,Food &  Non Alcoholic Bev.,price,40.02,
NBS,NBS Consumer Price Index and Inflation,2025-08,Table2,12,"ALCOHOLIC BEVERAGES, TOBACCO AND  NARCOTICS",unknown,0.37,
NBS,NBS Consumer Price Index and Inflation,2025-08,Table2,13,Clothing and Footwear,unknown,5.04,
NBS,NBS Consumer Price Index and Inflation,2025-08,Table2,14,"HOUSING, WATER, ELECTRICITY, GAS AND OTHER FUELS",price,8.42,
NBS,NBS Consumer Price Index and Inflation,2025-08,Table2,15,"FURNISHINGS, HOUSEHOLD EQUIPMENT AND ROUTINE HOUSEHOLD MAINTENANCE",unknown,2.96,
NBS,NBS Consumer Price Index and Inflation,2025-08,Table2,16,Health.,unknown,6.06,
NBS,NBS Consumer Price Index and Inflation,2025-08,Table2,17,Transport,unknown,10.66,
NBS,NBS Consumer Price Index and Inflation,2025-08,Table2,18,INFORMATION AND COMMUNICATION,unknown,3.29,
NBS,NBS Consumer Price Index and Inflation,2025-08,Table2,19,"RECREATION, SPORT AND CULTURE",unknown,0.31,
NBS,NBS Consumer Price Index and Inflation,2025-08,Table2,20,EDUCATION SERVICES,unknown,6.2,
NBS,NBS Consumer Price Index and Inflation,2025-08,Table2,21,RESTAURANTS AND ACCOMODATION SERVICES,unknown,12.92,
NBS,NBS Consumer Price Index and Inflation,2025-08,Table2,22,Insurance and Financial Services,unknown,0.47,
NBS,NBS Consumer Price Index and Inflation,2025-08,Table2,23,"PERSONAL CARE, SOCIAL PROTECTION AND MISCELLANEOUS GOODS AND SERVICES",unknown,3.29,
NBS,NBS Consumer Price Index and Inflation,2025-08,Table2,24,Month-on (%),date,,
NBS,NBS Consumer Price Index and Inflation,2025-08,Table2,25,Year-on (%),date,,
NBS,NBS Consumer Price Index and Inflation,2025-08,Table2,26,12-month average (%),percentage,,
NBS,NBS Consumer Price Index and Inflation,2025-08,Table2,27,,unknown,,blank header cell
NBS,NBS Consumer Price Index and Inflation,2025-08,Table2,28,,unknown,,blank header cell
NBS,NBS Consumer Price Index and Inflation,2025-08,Table2,29,,unknown,,blank header cell
NBS,NBS Consumer Price Index and Inflation,2025-08,Table2,30,,unknown,,blank header cell
NBS,NBS Consumer Price Index and Inflation,2025-08,Table3,1,,unknown,Weights,blank header cell
NBS,NBS Consumer Price Index and Inflation,2025-08,Table3,2,,unknown,,blank header cell
NBS,NBS Consumer Price Index and Inflation,2025-08,Table3,3,All Items,price,70.6231,
NBS,NBS Consumer Price Index and Inflation,2025-08,Table3,4,All Items less Farm Produce.,price,53.3066,
NBS,NBS Consumer Price Index and Inflation,2025-08,Table3,5,All Items less Farm Produce. and Energy,price,48.31903,
NBS,NBS Consumer Price Index and Inflation,2025-08,Table3,6,Imported Food,price,11.22541,
NBS,NBS Consumer Price Index and Inflation,2025-08,Table3,7,Food,price,18.64926,
NBS,NBS Consumer Price Index and Inflation,2025-08,Table3,8,FARM PRODUCE,price,17.34714,
NBS,NBS Consumer Price Index and Inflation,2025-08,Table3,9,ENERGY,price,4.987569,
NBS,NBS Consumer Price Index and Inflation,2025-08,Table3,10,SERVICES,price,28.35985,
NBS,NBS Consumer Price Index and Inflation,2025-08,Table3,11,GOODS,price,42.29389,
NBS,NBS Consumer Price Index and Inflation,2025-08,Table3,12,Food &  Non Alcoholic Bev.,price,26.7595,
NBS,NBS Consumer Price Index and Inflation,2025-08,Table3,13,"ALCOHOLIC BEVERAGES, TOBACCO AND  NARCOTICS",unknown,0.254247,
NBS,NBS Consumer Price Index and Inflation,2025-08,Table3,14,Clothing and Footwear,unknown,3.333754,
NBS,NBS Consumer Price Index and Inflation,2025-08,Table3,15,"HOUSING, WATER, ELECTRICITY, GAS AND OTHER FUELS",price,7.213081,
NBS,NBS Consumer Price Index and Inflation,2025-08,Table3,16,"FURNISHINGS, HOUSEHOLD EQUIPMENT AND ROUTINE HOUSEHOLD MAINTENANCE",unknown,1.984745,
NBS,NBS Consumer Price Index and Inflation,2025-08,Table3,17,Health.,unknown,3.459399,
NBS,NBS Consumer Price Index and Inflation,2025-08,Table3,18,Transport,unknown,7.946328,
NBS,NBS Consumer Price Index and Inflation,2025-08,Table3,19,INFORMATION AND COMMUNICATION,unknown,2.530358,
NBS,NBS Consumer Price Index and Inflation,2025-08,Table3,20,"RECREATION, SPORT AND CULTURE",unknown,0.254938,
NBS,NBS Consumer Price Index and Inflation,2025-08,Table3,21,EDUCATION SERVICES,unknown,5.112391,
NBS,NBS Consumer Price Index and Inflation,2025-08,Table3,22,RESTAURANTS AND ACCOMODATION SERVICES,unknown,9.216351,
NBS,NBS Consumer Price Index and Inflation,2025-08,Table3,23,Insurance and Financial Services,unknown,0.34374,
NBS,NBS Consumer Price Index and Inflation,2025-08,Table3,24,"PERSONAL CARE, SOCIAL PROTECTION AND MISCELLANEOUS GOODS AND SERVICES",unknown,2.21427,
NBS,NBS Consumer Price Index and Inflation,2025-08,Table3,25,Month-on (%),date,,
NBS,NBS Consumer Price Index and Inflation,2025-08,Table3,26,Year-on (%),date,,
NBS,NBS Consumer Price Index and Inflation,2025-08,Table3,27,12-month average (%),percentage,,
NBS,NBS Consumer Price Index and Inflation,2025-08,Table3,28,,unknown,,blank header cell
NBS,NBS Consumer Price Index and Inflation,2025-08,Table3,29,,unknown,,blank header cell
NBS,NBS Consumer Price Index and Inflation,2025-08,Table3,30,,unknown,,blank header cell
NBS,NBS Consumer Price Index and Inflation,2025-08,Table3,31,,unknown,,blank header cell
NBS,NBS Consumer Price Index and Inflation,2025-08,Table4,1,,unknown,Weights,blank header cell
NBS,NBS Consumer Price Index and Inflation,2025-08,Table4,2,All Items,price,29.3769,
NBS,NBS Consumer Price Index and Inflation,2025-08,Table4,3,All Items less Farm Produce.,price,20.10814,
NBS,NBS Consumer Price Index and Inflation,2025-08,Table4,4,All Items less Farm Produce. and Energy,price,18.67631,
NBS,NBS Consumer Price Index and Inflation,2025-08,Table4,5,Imported Food,price,6.100216,
NBS,NBS Consumer Price Index and Inflation,2025-08,Table4,6,Food,price,9.329656,
NBS,NBS Consumer Price Index and Inflation,2025-08,Table4,7,FARM PRODUCE,price,9.263144,
NBS,NBS Consumer Price Index and Inflation,2025-08,Table4,8,ENERGY,price,1.431826,
NBS,NBS Consumer Price Index and Inflation,2025-08,Table4,9,SERVICES,price,9.187077,
NBS,NBS Consumer Price Index and Inflation,2025-08,Table4,10,GOODS,price,20.18421,
NBS,NBS Consumer Price Index and Inflation,2025-08,Table4,11,Food &  Non Alcoholic Bev.,price,13.25875,
NBS,NBS Consumer Price Index and Inflation,2025-08,Table4,12,"ALCOHOLIC BEVERAGES, TOBACCO AND  NARCOTICS",unknown,0.119333,
NBS,NBS Consumer Price Index and Inflation,2025-08,Table4,13,Clothing and Footwear,unknown,1.704374,
NBS,NBS Consumer Price Index and Inflation,2025-08,Table4,14,"Housing Water, Electricity. Gas and Other  Fuels",price,1.203269,
NBS,NBS Consumer Price Index and Inflation,2025-08,Table4,15,"FURNISHINGS, HOUSEHOLD EQUIPMENT AND ROUTINE HOUSEHOLD MAINTENANCE",unknown,0.973242,
NBS,NBS Consumer Price Index and Inflation,2025-08,Table4,16,Health.,unknown,2.598754,
NBS,NBS Consumer Price Index and Inflation,2025-08,Table4,17,Transport,unknown,2.712839,
NBS,NBS Consumer Price Index and Inflation,2025-08,Table4,18,INFORMATION AND COMMUNICATION,unknown,0.761959,
NBS,NBS Consumer Price Index and Inflation,2025-08,Table4,19,"RECREATION, SPORT AND CULTURE",unknown,0.055278,
NBS,NBS Consumer Price Index and Inflation,2025-08,Table4,20,EDUCATION SERVICES,unknown,1.086559,
NBS,NBS Consumer Price Index and Inflation,2025-08,Table4,21,RESTAURANTS AND ACCOMODATION SERVICES,unknown,3.700029,
NBS,NBS Consumer Price Index and Inflation,2025-08,Table4,22,Insurance and Financial Services,unknown,0.128843,
NBS,NBS Consumer Price Index and Inflation,2025-08,Table4,23,"PERSONAL CARE, SOCIAL PROTECTION AND MISCELLANEOUS GOODS AND SERVICES",unknown,1.073677,
NBS,NBS Consumer Price Index and Inflation,2025-08,Table4,24,Month-on (%),date,,
NBS,NBS Consumer Price Index and Inflation,2025-08,Table4,25,Year-on (%),date,,
NBS,NBS Consumer Price Index and Inflation,2025-08,Table4,26,12-month average (%),percentage,,
NBS,NBS Consumer Price Index and Inflation,2025-08,Table4,27,,unknown,,blank header cell
NBS,NBS Consumer Price Index and Inflation,2025-08,Table4,28,,unknown,,blank header cell
NBS,NBS Consumer Price Index and Inflation,2025-08,Table4,29,,unknown,,blank header cell
NBS,NBS Consumer Price Index and Inflation,2025-08,Table4,30,,unknown,,blank header cell
NBS,NBS Consumer Price Index and Inflation,2025-08,Table4,31,,unknown,,blank header cell
NBS,NBS Consumer Price Index and Inflation,2025-08,Table4,32,,unknown,,blank header cell
NBS,NBS Consumer Price Index and Inflation,2025-08,Table4,33,,unknown,,blank header cell
NBS,NBS Consumer Price Index and Inflation,2025-08,Table4,34,,unknown,,blank header cell
NBS,NBS Consumer Price Index and Inflation,2025-08,Table-5,1,,unknown,,blank header cell
NBS,NBS Consumer Price Index and Inflation,2025-08,Table-5,2,State,geography,Abia, | detected as the geography column
NBS,NBS Consumer Price Index and Inflation,2025-08,Table-5,3,Food,price,106.5291281183785,
NBS,NBS Consumer Price Index and Inflation,2025-08,Table-5,4,All Items,price,105.9260911430141,
NBS,NBS Consumer Price Index and Inflation,2025-08,Table-5,5,Food,price,125.19975770926418,
NBS,NBS Consumer Price Index and Inflation,2025-08,Table-5,6,All Items,price,126.59868006925886,
NBS,NBS Consumer Price Index and Inflation,2025-08,Table-5,7,Food,price,133.94395504194605,
NBS,NBS Consumer Price Index and Inflation,2025-08,Table-5,8,All Items,price,129.24799235622154,
NBS,NBS Consumer Price Index and Inflation,2025-08,Table-5,9,Food,price,25.73458302700398,
NBS,NBS Consumer Price Index and Inflation,2025-08,Table-5,10,All Items,price,22.017145125953746,
NBS,NBS Consumer Price Index and Inflation,2025-08,Table-5,11,Food,price,6.984196689092201,
NBS,NBS Consumer Price Index and Inflation,2025-08,Table-5,12,All Items,price,2.0926855521031626,
NBS,NBS Consumer Price Index and Inflation,2025-12,Table1,1,,unknown,Weights,blank header cell
NBS,NBS Consumer Price Index and Inflation,2025-12,Table1,2,,unknown,,blank header cell
NBS,NBS Consumer Price Index and Inflation,2025-12,Table1,3,Monthly,price,100,
NBS,NBS Consumer Price Index and Inflation,2025-12,Table1,4,12-Month Average,price,,
NBS,NBS Consumer Price Index and Inflation,2025-12,Table1,5,Month-on change (%),date,,
NBS,NBS Consumer Price Index and Inflation,2025-12,Table1,6,Year-on change (%),date,,
NBS,NBS Consumer Price Index and Inflation,2025-12,Table1,7,12-Month average change (%),percentage,,
NBS,NBS Consumer Price Index and Inflation,2025-12,Table1,8,Monthly,price,73.41,
NBS,NBS Consumer Price Index and Inflation,2025-12,Table1,9,12-Month Average,price,,
NBS,NBS Consumer Price Index and Inflation,2025-12,Table1,10,Month-on change (%),date,,
NBS,NBS Consumer Price Index and Inflation,2025-12,Table1,11,Year-on change (%),date,,
NBS,NBS Consumer Price Index and Inflation,2025-12,Table1,12,12-Month average change (%),percentage,,
NBS,NBS Consumer Price Index and Inflation,2025-12,Table1,13,Monthly,price,27.98,
NBS,NBS Consumer Price Index and Inflation,2025-12,Table1,14,12-Month Average,price,,
NBS,NBS Consumer Price Index and Inflation,2025-12,Table1,15,Month-on change (%),date,,
NBS,NBS Consumer Price Index and Inflation,2025-12,Table1,16,Year-on change (%),date,,
NBS,NBS Consumer Price Index and Inflation,2025-12,Table1,17,12-Month average change (%),percentage,,
NBS,NBS Consumer Price Index and Inflation,2025-12,Table1,18,Monthly,price,66.99,
NBS,NBS Consumer Price Index and Inflation,2025-12,Table1,19,12-Month Average,price,,
NBS,NBS Consumer Price Index and Inflation,2025-12,Table1,20,Month-on change (%),date,,
NBS,NBS Consumer Price Index and Inflation,2025-12,Table1,21,Year-on change (%),date,,
NBS,NBS Consumer Price Index and Inflation,2025-12,Table1,22,12-Month average change (%),percentage,,
NBS,NBS Consumer Price Index and Inflation,2025-12,Table1,23,,unknown,,blank header cell
NBS,NBS Consumer Price Index and Inflation,2025-12,Table1 (2),1,,unknown,Weights,blank header cell
NBS,NBS Consumer Price Index and Inflation,2025-12,Table1 (2),2,,unknown,,blank header cell
NBS,NBS Consumer Price Index and Inflation,2025-12,Table1 (2),3,Monthly,price,1000,
NBS,NBS Consumer Price Index and Inflation,2025-12,Table1 (2),4,Monthly,price,100,
NBS,NBS Consumer Price Index and Inflation,2025-12,Table1 (2),5,12-Month Average,price,,
NBS,NBS Consumer Price Index and Inflation,2025-12,Table1 (2),6,12-Month Average,price,,
NBS,NBS Consumer Price Index and Inflation,2025-12,Table1 (2),7,Month-on change (%),date,,
NBS,NBS Consumer Price Index and Inflation,2025-12,Table1 (2),8,Month-on change (%),date,,
NBS,NBS Consumer Price Index and Inflation,2025-12,Table1 (2),9,Year-on change (%),date,,
NBS,NBS Consumer Price Index and Inflation,2025-12,Table1 (2),10,Year-on change (%),date,,
NBS,NBS Consumer Price Index and Inflation,2025-12,Table1 (2),11,12-Month average change (%),percentage,,
NBS,NBS Consumer Price Index and Inflation,2025-12,Table1 (2),12,12-Month average change (%),percentage,,
NBS,NBS Consumer Price Index and Inflation,2025-12,Table1 (2),13,Monthly,price,513.1043122747834,
NBS,NBS Consumer Price Index and Inflation,2025-12,Table1 (2),14,Monthly,price,73.41,
NBS,NBS Consumer Price Index and Inflation,2025-12,Table1 (2),15,12-Month Average,price,,
NBS,NBS Consumer Price Index and Inflation,2025-12,Table1 (2),16,12-Month Average,price,,
NBS,NBS Consumer Price Index and Inflation,2025-12,Table1 (2),17,Month-on change (%),date,,
NBS,NBS Consumer Price Index and Inflation,2025-12,Table1 (2),18,Month-on change (%),date,,
NBS,NBS Consumer Price Index and Inflation,2025-12,Table1 (2),19,Year-on change (%),date,,
NBS,NBS Consumer Price Index and Inflation,2025-12,Table1 (2),20,Year-on change (%),date,,
NBS,NBS Consumer Price Index and Inflation,2025-12,Table1 (2),21,12-Month average change (%),percentage,,
NBS,NBS Consumer Price Index and Inflation,2025-12,Table1 (2),22,12-Month average change (%),percentage,,
NBS,NBS Consumer Price Index and Inflation,2025-12,Table1 (2),23,Monthly,price,507.0588900812485,
NBS,NBS Consumer Price Index and Inflation,2025-12,Table1 (2),24,Monthly,price,27.98,
NBS,NBS Consumer Price Index and Inflation,2025-12,Table1 (2),25,12-Month Average,price,,
NBS,NBS Consumer Price Index and Inflation,2025-12,Table1 (2),26,12-Month Average,price,,
NBS,NBS Consumer Price Index and Inflation,2025-12,Table1 (2),27,Month-on change (%),date,,
NBS,NBS Consumer Price Index and Inflation,2025-12,Table1 (2),28,Month-on change (%),date,,
NBS,NBS Consumer Price Index and Inflation,2025-12,Table1 (2),29,Year-on change (%),date,,
NBS,NBS Consumer Price Index and Inflation,2025-12,Table1 (2),30,Year-on change (%),date,,
NBS,NBS Consumer Price Index and Inflation,2025-12,Table1 (2),31,12-Month average change (%),percentage,,
NBS,NBS Consumer Price Index and Inflation,2025-12,Table1 (2),32,12-Month average change (%),percentage,,
NBS,NBS Consumer Price Index and Inflation,2025-12,Table1 (2),33,Monthly,price,#REF!,
NBS,NBS Consumer Price Index and Inflation,2025-12,Table1 (2),34,Monthly,price,66.99,
NBS,NBS Consumer Price Index and Inflation,2025-12,Table1 (2),35,12-Month Average,price,,
NBS,NBS Consumer Price Index and Inflation,2025-12,Table1 (2),36,12-Month Average,price,,
NBS,NBS Consumer Price Index and Inflation,2025-12,Table1 (2),37,Month-on change (%),date,,
NBS,NBS Consumer Price Index and Inflation,2025-12,Table1 (2),38,Month-on change (%),date,,
NBS,NBS Consumer Price Index and Inflation,2025-12,Table1 (2),39,Year-on change (%),date,,
NBS,NBS Consumer Price Index and Inflation,2025-12,Table1 (2),40,Year-on change (%),date,,
NBS,NBS Consumer Price Index and Inflation,2025-12,Table1 (2),41,12-Month average change (%),percentage,,
NBS,NBS Consumer Price Index and Inflation,2025-12,Table1 (2),42,12-Month average change (%),percentage,,
NBS,NBS Consumer Price Index and Inflation,2025-12,Table1 (2),43,,unknown,,blank header cell
NBS,NBS Consumer Price Index and Inflation,2025-12,Table1 (2),44,,unknown,,blank header cell
NBS,NBS Consumer Price Index and Inflation,2025-12,Table1 (2),45,,unknown,,blank header cell
NBS,NBS Consumer Price Index and Inflation,2025-12,Table1 (2),46,,unknown,,blank header cell
NBS,NBS Consumer Price Index and Inflation,2025-12,Table1 (2),47,,unknown,,blank header cell
NBS,NBS Consumer Price Index and Inflation,2025-12,Table1 (2),48,,unknown,,blank header cell
NBS,NBS Consumer Price Index and Inflation,2025-12,Table2,1,,unknown,Weights,blank header cell
NBS,NBS Consumer Price Index and Inflation,2025-12,Table2,2,,unknown,,blank header cell
NBS,NBS Consumer Price Index and Inflation,2025-12,Table2,3,All Items,price,100,
NBS,NBS Consumer Price Index and Inflation,2025-12,Table2,4,All Items Less Farm Produce,price,73.41,
NBS,NBS Consumer Price Index and Inflation,2025-12,Table2,5,Core Index (All Items Less Farm Produce And Energy),price,66.99,
NBS,NBS Consumer Price Index and Inflation,2025-12,Table2,6,Imported Food,price,17.33,
NBS,NBS Consumer Price Index and Inflation,2025-12,Table2,7,Food,price,27.98,
NBS,NBS Consumer Price Index and Inflation,2025-12,Table2,8,Farm Produce,price,26.61,
NBS,NBS Consumer Price Index and Inflation,2025-12,Table2,9,Energy,price,6.42,
NBS,NBS Consumer Price Index and Inflation,2025-12,Table2,10,Services,price,37.55,
NBS,NBS Consumer Price Index and Inflation,2025-12,Table2,11,Goods,price,62.48,
NBS,NBS Consumer Price Index and Inflation,2025-12,Table2,12,"ALL ITEMS LESS FOOD
 (NONFOOD INDEX)",price,,
NBS,NBS Consumer Price Index and Inflation,2025-12,Table2,13,ALLITEMS LESS FOOD AND NON ALCOHOLIC BEVERAGES INDEX,price,,
NBS,NBS Consumer Price Index and Inflation,2025-12,Table2,14,HOUSING (RENT) INDEX,price,,
NBS,NBS Consumer Price Index and Inflation,2025-12,Table2,15,Food And Non-Alcoholic Beverages,price,40.02,
NBS,NBS Consumer Price Index and Inflation,2025-12,Table2,16,"Alcoholic Beverages, Tobacco And  Narcotics",unknown,0.37,
NBS,NBS Consumer Price Index and Inflation,2025-12,Table2,17,Clothing And Footwear,unknown,5.04,
NBS,NBS Consumer Price Index and Inflation,2025-12,Table2,18,"Housing, Water, Electricity, Gas And Other Fuels",price,8.42,
NBS,NBS Consumer Price Index and Inflation,2025-12,Table2,19,"Furnishings, Household Equipment And Routine Household Maintenance",unknown,2.96,
NBS,NBS Consumer Price Index and Inflation,2025-12,Table2,20,Health.,unknown,6.06,
NBS,NBS Consumer Price Index and Inflation,2025-12,Table2,21,Transport,unknown,10.66,
NBS,NBS Consumer Price Index and Inflation,2025-12,Table2,22,Information And Communication,unknown,3.29,
NBS,NBS Consumer Price Index and Inflation,2025-12,Table2,23,"Recreation, Sport And Culture",unknown,0.31,
NBS,NBS Consumer Price Index and Inflation,2025-12,Table2,24,Education Services,unknown,6.2,
NBS,NBS Consumer Price Index and Inflation,2025-12,Table2,25,Restaurants And Accomodation Services,unknown,12.92,
NBS,NBS Consumer Price Index and Inflation,2025-12,Table2,26,Insurance and Financial Services,unknown,0.47,
NBS,NBS Consumer Price Index and Inflation,2025-12,Table2,27,"Personal Care, Social Protection And Miscellaneous Goods And Services",unknown,3.29,
NBS,NBS Consumer Price Index and Inflation,2025-12,Table2,28,Month-on (%),date,,
NBS,NBS Consumer Price Index and Inflation,2025-12,Table2,29,Year-on (%),date,,
NBS,NBS Consumer Price Index and Inflation,2025-12,Table2,30,12-month average (%),percentage,,
NBS,NBS Consumer Price Index and Inflation,2025-12,Table2,31,,unknown,,blank header cell
NBS,NBS Consumer Price Index and Inflation,2025-12,Table2,32,,unknown,,blank header cell
NBS,NBS Consumer Price Index and Inflation,2025-12,Table2,33,,unknown,,blank header cell
NBS,NBS Consumer Price Index and Inflation,2025-12,Table2,34,,unknown,,blank header cell
NBS,NBS Consumer Price Index and Inflation,2025-12,Table2 (2),1,,unknown,Weights,blank header cell
NBS,NBS Consumer Price Index and Inflation,2025-12,Table2 (2),2,,unknown,,blank header cell
NBS,NBS Consumer Price Index and Inflation,2025-12,Table2 (2),3,All Items,price,999.9999999999999,
NBS,NBS Consumer Price Index and Inflation,2025-12,Table2 (2),4,All Items,price,100,
NBS,NBS Consumer Price Index and Inflation,2025-12,Table2 (2),5,All Items less Farm Produce.,price,513.1043122747834,
NBS,NBS Consumer Price Index and Inflation,2025-12,Table2 (2),6,All Items Less Farm Produce,price,73.41,
NBS,NBS Consumer Price Index and Inflation,2025-12,Table2 (2),7,All Items less Farm Produce. and Energy,price,405.55493225171676,
NBS,NBS Consumer Price Index and Inflation,2025-12,Table2 (2),8,Core Index (All Items Less Farm Produce And Energy),price,66.99,
NBS,NBS Consumer Price Index and Inflation,2025-12,Table2 (2),9,Imported Food,price,132.8786430845212,
NBS,NBS Consumer Price Index and Inflation,2025-12,Table2 (2),10,Imported Food,price,17.33,
NBS,NBS Consumer Price Index and Inflation,2025-12,Table2 (2),11,Food,price,507.0588900812485,
NBS,NBS Consumer Price Index and Inflation,2025-12,Table2 (2),12,Food,price,27.98,
NBS,NBS Consumer Price Index and Inflation,2025-12,Table2 (2),13,Farm Produce,price,26.61,
NBS,NBS Consumer Price Index and Inflation,2025-12,Table2 (2),14,Energy,price,6.42,
NBS,NBS Consumer Price Index and Inflation,2025-12,Table2 (2),15,Services,price,37.55,
NBS,NBS Consumer Price Index and Inflation,2025-12,Table2 (2),16,Goods,price,62.48,
NBS,NBS Consumer Price Index and Inflation,2025-12,Table2 (2),17,Food &  Non Alcoholic Bev.,price,518.0035159781029,
NBS,NBS Consumer Price Index and Inflation,2025-12,Table2 (2),18,Food And Non-Alcoholic Beverages,price,40.02,
NBS,NBS Consumer Price Index and Inflation,2025-12,Table2 (2),19,Alcoholic Beverage. Tobacco and Kola,unknown,10.870023422874887,
NBS,NBS Consumer Price Index and Inflation,2025-12,Table2 (2),20,"Alcoholic Beverages, Tobacco And  Narcotics",unknown,0.37,
NBS,NBS Consumer Price Index and Inflation,2025-12,Table2 (2),21,Clothing and Footwear,unknown,76.50177479764076,
NBS,NBS Consumer Price Index and Inflation,2025-12,Table2 (2),22,Clothing And Footwear,unknown,5.04,
NBS,NBS Consumer Price Index and Inflation,2025-12,Table2 (2),23,"Housing Water, Electricity. Gas and Other  Fuel",price,167.3417670918405,
NBS,NBS Consumer Price Index and Inflation,2025-12,Table2 (2),24,"Housing, Water, Electricity, Gas And Other Fuels",price,8.42,
NBS,NBS Consumer Price Index and Inflation,2025-12,Table2 (2),25,Furnishings & Household Equipment Maintenance.,unknown,50.30429132112485,
NBS,NBS Consumer Price Index and Inflation,2025-12,Table2 (2),26,"Furnishings, Household Equipment And Routine Household Maintenance",unknown,2.96,
NBS,NBS Consumer Price Index and Inflation,2025-12,Table2 (2),27,Health.,unknown,30.041719595344983,
NBS,NBS Consumer Price Index and Inflation,2025-12,Table2 (2),28,Health.,unknown,6.06,
NBS,NBS Consumer Price Index and Inflation,2025-12,Table2 (2),29,Transport,unknown,65.08383943029551,
NBS,NBS Consumer Price Index and Inflation,2025-12,Table2 (2),30,Transport,unknown,10.66,
NBS,NBS Consumer Price Index and Inflation,2025-12,Table2 (2),31,Communication,unknown,6.798146513600633,
NBS,NBS Consumer Price Index and Inflation,2025-12,Table2 (2),32,Information And Communication,unknown,3.29,
NBS,NBS Consumer Price Index and Inflation,2025-12,Table2 (2),33,Recreation & Culture.,unknown,6.8692556920957415,
NBS,NBS Consumer Price Index and Inflation,2025-12,Table2 (2),34,"Recreation, Sport And Culture",unknown,0.31,
NBS,NBS Consumer Price Index and Inflation,2025-12,Table2 (2),35,Education,unknown,39.43545584224773,
NBS,NBS Consumer Price Index and Inflation,2025-12,Table2 (2),36,Education Services,unknown,6.2,
NBS,NBS Consumer Price Index and Inflation,2025-12,Table2 (2),37,Restaurant &  Hotels,unknown,12.116896655754124,
NBS,NBS Consumer Price Index and Inflation,2025-12,Table2 (2),38,Restaurants And Accomodation Services,unknown,12.92,
NBS,NBS Consumer Price Index and Inflation,2025-12,Table2 (2),39,Insurance and Financial Services,unknown,0.47,
NBS,NBS Consumer Price Index and Inflation,2025-12,Table2 (2),40,Miscellaneous Goods & Services,unknown,16.633313659077338,
NBS,NBS Consumer Price Index and Inflation,2025-12,Table2 (2),41,"Personal Care, Social Protection And Miscellaneous Goods And Services",unknown,3.29,
NBS,NBS Consumer Price Index and Inflation,2025-12,Table2 (2),42,Month-on (%),date,,
NBS,NBS Consumer Price Index and Inflation,2025-12,Table2 (2),43,Month-on (%),date,,
NBS,NBS Consumer Price Index and Inflation,2025-12,Table2 (2),44,Year-on (%),date,,
NBS,NBS Consumer Price Index and Inflation,2025-12,Table2 (2),45,Year-on (%),date,,
NBS,NBS Consumer Price Index and Inflation,2025-12,Table2 (2),46,12-month average (%),percentage,,
NBS,NBS Consumer Price Index and Inflation,2025-12,Table2 (2),47,12-month average (%),percentage,,
NBS,NBS Consumer Price Index and Inflation,2025-12,Table2 (2),48,,unknown,,blank header cell
NBS,NBS Consumer Price Index and Inflation,2025-12,Table2 (2),49,,unknown,,blank header cell
NBS,NBS Consumer Price Index and Inflation,2025-12,Table2 (2),50,,unknown,,blank header cell
NBS,NBS Consumer Price Index and Inflation,2025-12,Table2 (2),51,,unknown,,blank header cell
NBS,NBS Consumer Price Index and Inflation,2025-12,Table2 (2),52,,unknown,,blank header cell
NBS,NBS Consumer Price Index and Inflation,2025-12,Table2 (2),53,,unknown,,blank header cell
NBS,NBS Consumer Price Index and Inflation,2025-12,Table2 (2),54,,unknown,,blank header cell
NBS,NBS Consumer Price Index and Inflation,2025-12,Table2 (2),55,,unknown,,blank header cell
NBS,NBS Consumer Price Index and Inflation,2025-12,Table2 (2),56,,unknown,,blank header cell
NBS,NBS Consumer Price Index and Inflation,2025-12,Table2 (2),57,,unknown,,blank header cell
NBS,NBS Consumer Price Index and Inflation,2025-12,Table2 (2),58,,unknown,,blank header cell
NBS,NBS Consumer Price Index and Inflation,2025-12,Table2 (2),59,,unknown,,blank header cell
NBS,NBS Consumer Price Index and Inflation,2025-12,Table2 (2),60,,unknown,,blank header cell
NBS,NBS Consumer Price Index and Inflation,2025-12,Table2 (2),61,,unknown,,blank header cell
NBS,NBS Consumer Price Index and Inflation,2025-12,Table2 (2),62,,unknown,,blank header cell
NBS,NBS Consumer Price Index and Inflation,2025-12,Table2 (2),63,,unknown,,blank header cell
NBS,NBS Consumer Price Index and Inflation,2025-12,Table2 (2),64,,unknown,,blank header cell
NBS,NBS Consumer Price Index and Inflation,2025-12,Table2 (2),65,,unknown,,blank header cell
NBS,NBS Consumer Price Index and Inflation,2025-12,Table3,1,,unknown,Weights,blank header cell
NBS,NBS Consumer Price Index and Inflation,2025-12,Table3,2,,unknown,,blank header cell
NBS,NBS Consumer Price Index and Inflation,2025-12,Table3,3,All Items,price,70.6231,
NBS,NBS Consumer Price Index and Inflation,2025-12,Table3,4,All Items Less Farm Produce,price,53.3066,
NBS,NBS Consumer Price Index and Inflation,2025-12,Table3,5,Core Index (All Items Less Farm Produce And Energy),price,48.31903,
NBS,NBS Consumer Price Index and Inflation,2025-12,Table3,6,Imported Food,price,11.22541,
NBS,NBS Consumer Price Index and Inflation,2025-12,Table3,7,Food,price,18.64926,
NBS,NBS Consumer Price Index and Inflation,2025-12,Table3,8,Farm Produce,price,17.34714,
NBS,NBS Consumer Price Index and Inflation,2025-12,Table3,9,Energy,price,4.987569,
NBS,NBS Consumer Price Index and Inflation,2025-12,Table3,10,Services,price,28.35985,
NBS,NBS Consumer Price Index and Inflation,2025-12,Table3,11,Goods,price,42.29389,
NBS,NBS Consumer Price Index and Inflation,2025-12,Table3,12,Food And Non-Alcoholic Beverages,price,26.7595,
NBS,NBS Consumer Price Index and Inflation,2025-12,Table3,13,"Alcoholic Beverages, Tobacco And  Narcotics",unknown,0.254247,
NBS,NBS Consumer Price Index and Inflation,2025-12,Table3,14,Clothing And Footwear,unknown,3.333754,
NBS,NBS Consumer Price Index and Inflation,2025-12,Table3,15,"Housing, Water, Electricity, Gas And Other Fuels",price,7.213081,
NBS,NBS Consumer Price Index and Inflation,2025-12,Table3,16,"Furnishings, Household Equipment And Routine Household Maintenance",unknown,1.984745,
NBS,NBS Consumer Price Index and Inflation,2025-12,Table3,17,Health.,unknown,3.459399,
NBS,NBS Consumer Price Index and Inflation,2025-12,Table3,18,Transport,unknown,7.946328,
NBS,NBS Consumer Price Index and Inflation,2025-12,Table3,19,Information And Communication,unknown,2.530358,
NBS,NBS Consumer Price Index and Inflation,2025-12,Table3,20,"Recreation, Sport And Culture",unknown,0.254938,
NBS,NBS Consumer Price Index and Inflation,2025-12,Table3,21,Education Services,unknown,5.112391,
NBS,NBS Consumer Price Index and Inflation,2025-12,Table3,22,Restaurants And Accomodation Services,unknown,9.216351,
NBS,NBS Consumer Price Index and Inflation,2025-12,Table3,23,Insurance and Financial Services,unknown,0.34374,
NBS,NBS Consumer Price Index and Inflation,2025-12,Table3,24,"Personal Care, Social Protection And Miscellaneous Goods And Services",unknown,2.21427,
NBS,NBS Consumer Price Index and Inflation,2025-12,Table3,25,Month-on (%),date,,
NBS,NBS Consumer Price Index and Inflation,2025-12,Table3,26,Year-on (%),date,,
NBS,NBS Consumer Price Index and Inflation,2025-12,Table3,27,12-month average (%),percentage,,
NBS,NBS Consumer Price Index and Inflation,2025-12,Table3,28,,unknown,,blank header cell
NBS,NBS Consumer Price Index and Inflation,2025-12,Table3,29,,unknown,,blank header cell
NBS,NBS Consumer Price Index and Inflation,2025-12,Table3,30,,unknown,,blank header cell
NBS,NBS Consumer Price Index and Inflation,2025-12,Table3,31,,unknown,,blank header cell
NBS,NBS Consumer Price Index and Inflation,2025-12,Table3 (2),1,,unknown,Weights,blank header cell
NBS,NBS Consumer Price Index and Inflation,2025-12,Table3 (2),2,,unknown,,blank header cell
NBS,NBS Consumer Price Index and Inflation,2025-12,Table3 (2),3,All Items,price,999.9999999999998,
NBS,NBS Consumer Price Index and Inflation,2025-12,Table3 (2),4,All Items,price,70.6231,
NBS,NBS Consumer Price Index and Inflation,2025-12,Table3 (2),5,All Items less Farm Produce.,price,552.6438747349832,
NBS,NBS Consumer Price Index and Inflation,2025-12,Table3 (2),6,All Items Less Farm Produce,price,53.3066,
NBS,NBS Consumer Price Index and Inflation,2025-12,Table3 (2),7,All Items less Farm Produce. and Energy,price,418.66977694768946,
NBS,NBS Consumer Price Index and Inflation,2025-12,Table3 (2),8,Core Index (All Items Less Farm Produce And Energy),price,48.31903,
NBS,NBS Consumer Price Index and Inflation,2025-12,Table3 (2),9,Imported Food,price,155.45143810593527,
NBS,NBS Consumer Price Index and Inflation,2025-12,Table3 (2),10,Imported Food,price,11.22541,
NBS,NBS Consumer Price Index and Inflation,2025-12,Table3 (2),11,Food,price,476.8847287905714,
NBS,NBS Consumer Price Index and Inflation,2025-12,Table3 (2),12,Food,price,18.64926,
NBS,NBS Consumer Price Index and Inflation,2025-12,Table3 (2),13,Farm Produce,price,17.34714,
NBS,NBS Consumer Price Index and Inflation,2025-12,Table3 (2),14,Energy,price,4.987569,
NBS,NBS Consumer Price Index and Inflation,2025-12,Table3 (2),15,Services,price,28.35985,
NBS,NBS Consumer Price Index and Inflation,2025-12,Table3 (2),16,Goods,price,42.29389,
NBS,NBS Consumer Price Index and Inflation,2025-12,Table3 (2),17,Food &  Non Alcoholic Bev.,price,490.58603344696826,
NBS,NBS Consumer Price Index and Inflation,2025-12,Table3 (2),18,Food And Non-Alcoholic Beverages,price,26.7595,
NBS,NBS Consumer Price Index and Inflation,2025-12,Table3 (2),19,Alcoholic Beverage. Tobacco and Kola,unknown,11.185908197369981,
NBS,NBS Consumer Price Index and Inflation,2025-12,Table3 (2),20,"Alcoholic Beverages, Tobacco And  Narcotics",unknown,0.254247,
NBS,NBS Consumer Price Index and Inflation,2025-12,Table3 (2),21,Clothing and Footwear,unknown,65.50403131243718,
NBS,NBS Consumer Price Index and Inflation,2025-12,Table3 (2),22,Clothing And Footwear,unknown,3.333754,
NBS,NBS Consumer Price Index and Inflation,2025-12,Table3 (2),23,"Housing Water, Electricity. Gas and Other  Fuel",price,191.5102585444788,
NBS,NBS Consumer Price Index and Inflation,2025-12,Table3 (2),24,"Housing, Water, Electricity, Gas And Other Fuels",price,7.213081,
NBS,NBS Consumer Price Index and Inflation,2025-12,Table3 (2),25,Furnishings & Household Equipment Maintenance.,unknown,49.80621275080386,
NBS,NBS Consumer Price Index and Inflation,2025-12,Table3 (2),26,"Furnishings, Household Equipment And Routine Household Maintenance",unknown,1.984745,
NBS,NBS Consumer Price Index and Inflation,2025-12,Table3 (2),27,Health.,unknown,27.401177978203123,
NBS,NBS Consumer Price Index and Inflation,2025-12,Table3 (2),28,Health.,unknown,3.459399,
NBS,NBS Consumer Price Index and Inflation,2025-12,Table3 (2),29,Transport,unknown,74.5434081193025,
NBS,NBS Consumer Price Index and Inflation,2025-12,Table3 (2),30,Transport,unknown,7.946328,
NBS,NBS Consumer Price Index and Inflation,2025-12,Table3 (2),31,Communication,unknown,10.142667529244841,
NBS,NBS Consumer Price Index and Inflation,2025-12,Table3 (2),32,Information And Communication,unknown,2.530358,
NBS,NBS Consumer Price Index and Inflation,2025-12,Table3 (2),33,Recreation & Culture.,unknown,7.135934731470604,
NBS,NBS Consumer Price Index and Inflation,2025-12,Table3 (2),34,"Recreation, Sport And Culture",unknown,0.254938,
NBS,NBS Consumer Price Index and Inflation,2025-12,Table3 (2),35,Education,unknown,40.046464015609814,
NBS,NBS Consumer Price Index and Inflation,2025-12,Table3 (2),36,Education Services,unknown,5.112391,
NBS,NBS Consumer Price Index and Inflation,2025-12,Table3 (2),37,Restaurant &  Hotels,unknown,14.485013990566927,
NBS,NBS Consumer Price Index and Inflation,2025-12,Table3 (2),38,Restaurants And Accomodation Services,unknown,9.216351,
NBS,NBS Consumer Price Index and Inflation,2025-12,Table3 (2),39,Insurance and Financial Services,unknown,0.34374,
NBS,NBS Consumer Price Index and Inflation,2025-12,Table3 (2),40,Miscellaneous Goods & Services,unknown,17.652889383544117,
NBS,NBS Consumer Price Index and Inflation,2025-12,Table3 (2),41,"Personal Care, Social Protection And Miscellaneous Goods And Services",unknown,2.21427,
NBS,NBS Consumer Price Index and Inflation,2025-12,Table3 (2),42,Month-on (%),date,,
NBS,NBS Consumer Price Index and Inflation,2025-12,Table3 (2),43,Month-on (%),date,,
NBS,NBS Consumer Price Index and Inflation,2025-12,Table3 (2),44,Year-on (%),date,,
NBS,NBS Consumer Price Index and Inflation,2025-12,Table3 (2),45,Year-on (%),date,,
NBS,NBS Consumer Price Index and Inflation,2025-12,Table3 (2),46,12-month average (%),percentage,,
NBS,NBS Consumer Price Index and Inflation,2025-12,Table3 (2),47,12-month average (%),percentage,,
NBS,NBS Consumer Price Index and Inflation,2025-12,Table3 (2),48,,unknown,,blank header cell
NBS,NBS Consumer Price Index and Inflation,2025-12,Table3 (2),49,,unknown,,blank header cell
NBS,NBS Consumer Price Index and Inflation,2025-12,Table3 (2),50,,unknown,,blank header cell
NBS,NBS Consumer Price Index and Inflation,2025-12,Table3 (2),51,,unknown,,blank header cell
NBS,NBS Consumer Price Index and Inflation,2025-12,Table3 (3),1,,unknown,Weights,blank header cell
NBS,NBS Consumer Price Index and Inflation,2025-12,Table3 (3),2,,unknown,,blank header cell
NBS,NBS Consumer Price Index and Inflation,2025-12,Table3 (3),3,All Items,price,999.9999999999998,
NBS,NBS Consumer Price Index and Inflation,2025-12,Table3 (3),4,All Items,price,70.6231,
NBS,NBS Consumer Price Index and Inflation,2025-12,Table3 (3),5,All Items less Farm Produce.,price,552.6438747349832,
NBS,NBS Consumer Price Index and Inflation,2025-12,Table3 (3),6,All Items Less Farm Produce,price,53.3066,
NBS,NBS Consumer Price Index and Inflation,2025-12,Table3 (3),7,All Items less Farm Produce. and Energy,price,418.66977694768946,
NBS,NBS Consumer Price Index and Inflation,2025-12,Table3 (3),8,Core Index (All Items Less Farm Produce And Energy),price,48.31903,
NBS,NBS Consumer Price Index and Inflation,2025-12,Table3 (3),9,Imported Food,price,155.45143810593527,
NBS,NBS Consumer Price Index and Inflation,2025-12,Table3 (3),10,Imported Food,price,11.22541,
NBS,NBS Consumer Price Index and Inflation,2025-12,Table3 (3),11,Food,price,476.8847287905714,
NBS,NBS Consumer Price Index and Inflation,2025-12,Table3 (3),12,Food,price,18.64926,
NBS,NBS Consumer Price Index and Inflation,2025-12,Table3 (3),13,Farm Produce,price,17.34714,
NBS,NBS Consumer Price Index and Inflation,2025-12,Table3 (3),14,Energy,price,4.987569,
NBS,NBS Consumer Price Index and Inflation,2025-12,Table3 (3),15,Services,price,28.35985,
NBS,NBS Consumer Price Index and Inflation,2025-12,Table3 (3),16,Goods,price,42.29389,
NBS,NBS Consumer Price Index and Inflation,2025-12,Table3 (3),17,Food &  Non Alcoholic Bev.,price,490.58603344696826,
NBS,NBS Consumer Price Index and Inflation,2025-12,Table3 (3),18,Food And Non-Alcoholic Beverages,price,26.7595,
NBS,NBS Consumer Price Index and Inflation,2025-12,Table3 (3),19,Alcoholic Beverage. Tobacco and Kola,unknown,11.185908197369981,
NBS,NBS Consumer Price Index and Inflation,2025-12,Table3 (3),20,"Alcoholic Beverages, Tobacco And  Narcotics",unknown,0.254247,
NBS,NBS Consumer Price Index and Inflation,2025-12,Table3 (3),21,Clothing and Footwear,unknown,65.50403131243718,
NBS,NBS Consumer Price Index and Inflation,2025-12,Table3 (3),22,Clothing And Footwear,unknown,3.333754,
NBS,NBS Consumer Price Index and Inflation,2025-12,Table3 (3),23,"Housing Water, Electricity. Gas and Other  Fuel",price,191.5102585444788,
NBS,NBS Consumer Price Index and Inflation,2025-12,Table3 (3),24,"Housing, Water, Electricity, Gas And Other Fuels",price,7.213081,
NBS,NBS Consumer Price Index and Inflation,2025-12,Table3 (3),25,Furnishings & Household Equipment Maintenance.,unknown,49.80621275080386,
NBS,NBS Consumer Price Index and Inflation,2025-12,Table3 (3),26,"Furnishings, Household Equipment And Routine Household Maintenance",unknown,1.984745,
NBS,NBS Consumer Price Index and Inflation,2025-12,Table3 (3),27,Health.,unknown,27.401177978203123,
NBS,NBS Consumer Price Index and Inflation,2025-12,Table3 (3),28,Health.,unknown,3.459399,
NBS,NBS Consumer Price Index and Inflation,2025-12,Table3 (3),29,Transport,unknown,74.5434081193025,
NBS,NBS Consumer Price Index and Inflation,2025-12,Table3 (3),30,Transport,unknown,7.946328,
NBS,NBS Consumer Price Index and Inflation,2025-12,Table3 (3),31,Communication,unknown,10.142667529244841,
NBS,NBS Consumer Price Index and Inflation,2025-12,Table3 (3),32,Information And Communication,unknown,2.530358,
NBS,NBS Consumer Price Index and Inflation,2025-12,Table3 (3),33,Recreation & Culture.,unknown,7.135934731470604,
NBS,NBS Consumer Price Index and Inflation,2025-12,Table3 (3),34,"Recreation, Sport And Culture",unknown,0.254938,
NBS,NBS Consumer Price Index and Inflation,2025-12,Table3 (3),35,Education,unknown,40.046464015609814,
NBS,NBS Consumer Price Index and Inflation,2025-12,Table3 (3),36,Education Services,unknown,5.112391,
NBS,NBS Consumer Price Index and Inflation,2025-12,Table3 (3),37,Restaurant &  Hotels,unknown,14.485013990566927,
NBS,NBS Consumer Price Index and Inflation,2025-12,Table3 (3),38,Restaurants And Accomodation Services,unknown,9.216351,
NBS,NBS Consumer Price Index and Inflation,2025-12,Table3 (3),39,Insurance and Financial Services,unknown,0.34374,
NBS,NBS Consumer Price Index and Inflation,2025-12,Table3 (3),40,Miscellaneous Goods & Services,unknown,17.652889383544117,
NBS,NBS Consumer Price Index and Inflation,2025-12,Table3 (3),41,"Personal Care, Social Protection And Miscellaneous Goods And Services",unknown,2.21427,
NBS,NBS Consumer Price Index and Inflation,2025-12,Table3 (3),42,Month-on (%),date,,
NBS,NBS Consumer Price Index and Inflation,2025-12,Table3 (3),43,Month-on (%),date,,
NBS,NBS Consumer Price Index and Inflation,2025-12,Table3 (3),44,Year-on (%),date,,
NBS,NBS Consumer Price Index and Inflation,2025-12,Table3 (3),45,Year-on (%),date,,
NBS,NBS Consumer Price Index and Inflation,2025-12,Table3 (3),46,12-month average (%),percentage,,
NBS,NBS Consumer Price Index and Inflation,2025-12,Table3 (3),47,12-month average (%),percentage,,
NBS,NBS Consumer Price Index and Inflation,2025-12,Table3 (3),48,,unknown,,blank header cell
NBS,NBS Consumer Price Index and Inflation,2025-12,Table3 (3),49,,unknown,,blank header cell
NBS,NBS Consumer Price Index and Inflation,2025-12,Table3 (3),50,,unknown,,blank header cell
NBS,NBS Consumer Price Index and Inflation,2025-12,Table3 (3),51,,unknown,,blank header cell
NBS,NBS Consumer Price Index and Inflation,2025-12,Table4,1,,unknown,Weights,blank header cell
NBS,NBS Consumer Price Index and Inflation,2025-12,Table4,2,,unknown,,blank header cell
NBS,NBS Consumer Price Index and Inflation,2025-12,Table4,3,All Items,price,29.3769,
NBS,NBS Consumer Price Index and Inflation,2025-12,Table4,4,All Items Less Farm Produce,price,20.10814,
NBS,NBS Consumer Price Index and Inflation,2025-12,Table4,5,Core Index (All Items Less Farm Produce And Energy),price,18.67631,
NBS,NBS Consumer Price Index and Inflation,2025-12,Table4,6,Imported Food,price,6.100216,
NBS,NBS Consumer Price Index and Inflation,2025-12,Table4,7,Food,price,9.329656,
NBS,NBS Consumer Price Index and Inflation,2025-12,Table4,8,Farm Produce,price,9.263144,
NBS,NBS Consumer Price Index and Inflation,2025-12,Table4,9,Energy,price,1.431826,
NBS,NBS Consumer Price Index and Inflation,2025-12,Table4,10,Services,price,9.187077,
NBS,NBS Consumer Price Index and Inflation,2025-12,Table4,11,Goods,price,20.18421,
NBS,NBS Consumer Price Index and Inflation,2025-12,Table4,12,Food And Non-Alcoholic Beverages,price,13.25875,
NBS,NBS Consumer Price Index and Inflation,2025-12,Table4,13,"Alcoholic Beverages, Tobacco And  Narcotics",unknown,0.119333,
NBS,NBS Consumer Price Index and Inflation,2025-12,Table4,14,Clothing And Footwear,unknown,1.704374,
NBS,NBS Consumer Price Index and Inflation,2025-12,Table4,15,"Housing, Water, Electricity, Gas And Other Fuels",price,1.203269,
NBS,NBS Consumer Price Index and Inflation,2025-12,Table4,16,"Furnishings, Household Equipment And Routine Household Maintenance",unknown,0.973242,
NBS,NBS Consumer Price Index and Inflation,2025-12,Table4,17,Health.,unknown,2.598754,
NBS,NBS Consumer Price Index and Inflation,2025-12,Table4,18,Transport,unknown,2.712839,
NBS,NBS Consumer Price Index and Inflation,2025-12,Table4,19,Information And Communication,unknown,0.761959,
NBS,NBS Consumer Price Index and Inflation,2025-12,Table4,20,"Recreation, Sport And Culture",unknown,0.055278,
NBS,NBS Consumer Price Index and Inflation,2025-12,Table4,21,Education Services,unknown,1.086559,
NBS,NBS Consumer Price Index and Inflation,2025-12,Table4,22,Restaurants And Accomodation Services,unknown,3.700029,
NBS,NBS Consumer Price Index and Inflation,2025-12,Table4,23,Insurance and Financial Services,unknown,0.128843,
NBS,NBS Consumer Price Index and Inflation,2025-12,Table4,24,"Personal Care, Social Protection And Miscellaneous Goods And Services",unknown,1.073677,
NBS,NBS Consumer Price Index and Inflation,2025-12,Table4,25,Month-on (%),date,,
NBS,NBS Consumer Price Index and Inflation,2025-12,Table4,26,Year-on (%),date,,
NBS,NBS Consumer Price Index and Inflation,2025-12,Table4,27,12-month average (%),percentage,,
NBS,NBS Consumer Price Index and Inflation,2025-12,Table4,28,,unknown,,blank header cell
NBS,NBS Consumer Price Index and Inflation,2025-12,Table4,29,,unknown,,blank header cell
NBS,NBS Consumer Price Index and Inflation,2025-12,Table4,30,,unknown,,blank header cell
NBS,NBS Consumer Price Index and Inflation,2025-12,Table4,31,,unknown,,blank header cell
NBS,NBS Consumer Price Index and Inflation,2025-12,Table4,32,,unknown,,blank header cell
NBS,NBS Consumer Price Index and Inflation,2025-12,Table4,33,,unknown,,blank header cell
NBS,NBS Consumer Price Index and Inflation,2025-12,Table4,34,,unknown,,blank header cell
NBS,NBS Consumer Price Index and Inflation,2025-12,Table4,35,,unknown,,blank header cell
NBS,NBS Consumer Price Index and Inflation,2025-12,Table-5,1,,unknown,,blank header cell
NBS,NBS Consumer Price Index and Inflation,2025-12,Table-5,2,State,geography,Abia, | detected as the geography column
NBS,NBS Consumer Price Index and Inflation,2025-12,Table-5,3,Food,price,115.74572723393011,
NBS,NBS Consumer Price Index and Inflation,2025-12,Table-5,4,All Items,price,113.55828474635956,
NBS,NBS Consumer Price Index and Inflation,2025-12,Table-5,5,Food,price,129.53433478667563,
NBS,NBS Consumer Price Index and Inflation,2025-12,Table-5,6,All Items,price,131.71164561801717,
NBS,NBS Consumer Price Index and Inflation,2025-12,Table-5,7,Food,price,127.50019772353781,
NBS,NBS Consumer Price Index and Inflation,2025-12,Table-5,8,All Items,price,135.17303447625702,
NBS,NBS Consumer Price Index and Inflation,2025-12,Table-5,9,Food,price,10.155424973788541,
NBS,NBS Consumer Price Index and Inflation,2025-12,Table-5,10,All Items,price,19.03405795374202,
NBS,NBS Consumer Price Index and Inflation,2025-12,Table-5,11,Food,price,-1.5703458596423587,
NBS,NBS Consumer Price Index and Inflation,2025-12,Table-5,12,All Items,price,2.628005171447299,
NBS,NBS Consumer Price Index and Inflation,2025-12,Table4 (2),1,,unknown,Weights,blank header cell
NBS,NBS Consumer Price Index and Inflation,2025-12,Table4 (2),2,,unknown,,blank header cell
NBS,NBS Consumer Price Index and Inflation,2025-12,Table4 (2),3,All Items,price,999.9999999999999,
NBS,NBS Consumer Price Index and Inflation,2025-12,Table4 (2),4,All Items,price,29.3769,
NBS,NBS Consumer Price Index and Inflation,2025-12,Table4 (2),5,All Items less Farm Produce.,price,480.0942188447083,
NBS,NBS Consumer Price Index and Inflation,2025-12,Table4 (2),6,All Items Less Farm Produce,price,20.10814,
NBS,NBS Consumer Price Index and Inflation,2025-12,Table4 (2),7,All Items less Farm Produce. and Energy,price,394.6058417257211,
NBS,NBS Consumer Price Index and Inflation,2025-12,Table4 (2),8,Core Index (All Items Less Farm Produce And Energy),price,18.67631,
NBS,NBS Consumer Price Index and Inflation,2025-12,Table4 (2),9,Imported Food,price,114.03346558957918,
NBS,NBS Consumer Price Index and Inflation,2025-12,Table4 (2),10,Imported Food,price,6.100216,
NBS,NBS Consumer Price Index and Inflation,2025-12,Table4 (2),11,Food,price,532.2501623514466,
NBS,NBS Consumer Price Index and Inflation,2025-12,Table4 (2),12,Food,price,9.329656,
NBS,NBS Consumer Price Index and Inflation,2025-12,Table4 (2),13,Farm Produce,price,9.263144,
NBS,NBS Consumer Price Index and Inflation,2025-12,Table4 (2),14,Energy,price,1.431826,
NBS,NBS Consumer Price Index and Inflation,2025-12,Table4 (2),15,Services,price,9.187077,
NBS,NBS Consumer Price Index and Inflation,2025-12,Table4 (2),16,Goods,price,20.18421,
NBS,NBS Consumer Price Index and Inflation,2025-12,Table4 (2),17,Food &  Non Alcoholic Bev.,price,540.8933408435455,
NBS,NBS Consumer Price Index and Inflation,2025-12,Table4 (2),18,Food And Non-Alcoholic Beverages,price,13.25875,
NBS,NBS Consumer Price Index and Inflation,2025-12,Table4 (2),19,Alcoholic Beverage. Tobacco and Kola,unknown,10.606303106553293,
NBS,NBS Consumer Price Index and Inflation,2025-12,Table4 (2),20,"Alcoholic Beverages, Tobacco And  Narcotics",unknown,0.119333,
NBS,NBS Consumer Price Index and Inflation,2025-12,Table4 (2),21,Clothing and Footwear,unknown,85.68337715684741,
NBS,NBS Consumer Price Index and Inflation,2025-12,Table4 (2),22,Clothing And Footwear,unknown,1.704374,
NBS,NBS Consumer Price Index and Inflation,2025-12,Table4 (2),23,"Housing Water, Electricity. Gas and Other  Fuel",price,147.16440266807825,
NBS,NBS Consumer Price Index and Inflation,2025-12,Table4 (2),24,"Housing, Water, Electricity, Gas And Other Fuels",price,1.203269,
NBS,NBS Consumer Price Index and Inflation,2025-12,Table4 (2),25,Furnishings & Household Equipment Maintenance.,unknown,50.72011838442036,
NBS,NBS Consumer Price Index and Inflation,2025-12,Table4 (2),26,"Furnishings, Household Equipment And Routine Household Maintenance",unknown,0.973242,
NBS,NBS Consumer Price Index and Inflation,2025-12,Table4 (2),27,Health.,unknown,32.24620846837167,
NBS,NBS Consumer Price Index and Inflation,2025-12,Table4 (2),28,Health.,unknown,2.598754,
NBS,NBS Consumer Price Index and Inflation,2025-12,Table4 (2),29,Transport,unknown,57.18640135048233,
NBS,NBS Consumer Price Index and Inflation,2025-12,Table4 (2),30,Transport,unknown,2.712839,
NBS,NBS Consumer Price Index and Inflation,2025-12,Table4 (2),31,Communication,unknown,4.005931720723357,
NBS,NBS Consumer Price Index and Inflation,2025-12,Table4 (2),32,Information And Communication,unknown,0.761959,
NBS,NBS Consumer Price Index and Inflation,2025-12,Table4 (2),33,Recreation & Culture.,unknown,6.646615393168104,
NBS,NBS Consumer Price Index and Inflation,2025-12,Table4 (2),34,"Recreation, Sport And Culture",unknown,0.055278,
NBS,NBS Consumer Price Index and Inflation,2025-12,Table4 (2),35,Education,unknown,38.925348101183964,
NBS,NBS Consumer Price Index and Inflation,2025-12,Table4 (2),36,Education Services,unknown,1.086559,
NBS,NBS Consumer Price Index and Inflation,2025-12,Table4 (2),37,Restaurant &  Hotels,unknown,10.139844568892057,
NBS,NBS Consumer Price Index and Inflation,2025-12,Table4 (2),38,Restaurants And Accomodation Services,unknown,3.700029,
NBS,NBS Consumer Price Index and Inflation,2025-12,Table4 (2),39,Insurance and Financial Services,unknown,0.128843,
NBS,NBS Consumer Price Index and Inflation,2025-12,Table4 (2),40,Miscellaneous Goods & Services,unknown,15.78210823773351,
NBS,NBS Consumer Price Index and Inflation,2025-12,Table4 (2),41,"Personal Care, Social Protection And Miscellaneous Goods And Services",unknown,1.073677,
NBS,NBS Consumer Price Index and Inflation,2025-12,Table4 (2),42,Month-on (%),date,,
NBS,NBS Consumer Price Index and Inflation,2025-12,Table4 (2),43,Month-on (%),date,,
NBS,NBS Consumer Price Index and Inflation,2025-12,Table4 (2),44,Year-on (%),date,,
NBS,NBS Consumer Price Index and Inflation,2025-12,Table4 (2),45,Year-on (%),date,,
NBS,NBS Consumer Price Index and Inflation,2025-12,Table4 (2),46,12-month average (%),percentage,,
NBS,NBS Consumer Price Index and Inflation,2025-12,Table4 (2),47,12-month average (%),percentage,,
NBS,NBS Consumer Price Index and Inflation,2025-12,Table4 (2),48,,unknown,,blank header cell
NBS,NBS Consumer Price Index and Inflation,2025-12,Table4 (2),49,,unknown,,blank header cell
NBS,NBS Consumer Price Index and Inflation,2025-12,Table4 (2),50,,unknown,,blank header cell
NBS,NBS Consumer Price Index and Inflation,2025-12,Table4 (2),51,,unknown,,blank header cell
NBS,NBS Consumer Price Index and Inflation,2025-12,Table4 (2),52,,unknown,,blank header cell
NBS,NBS Consumer Price Index and Inflation,2025-12,Table4 (2),53,,unknown,,blank header cell
NBS,NBS Consumer Price Index and Inflation,2025-12,Table4 (2),54,,unknown,,blank header cell
NBS,NBS Consumer Price Index and Inflation,2025-12,Table4 (2),55,,unknown,,blank header cell
NBS,NBS Consumer Price Index and Inflation,2025-12,Table4 (2),56,,unknown,,blank header cell
NBS,NBS Consumer Price Index and Inflation,2026-05,Table1,1,,unknown,,blank header cell
NBS,NBS Consumer Price Index and Inflation,2026-05,Table1,2,,unknown,Weights,blank header cell
NBS,NBS Consumer Price Index and Inflation,2026-05,Table1,3,Monthly,price,100,
NBS,NBS Consumer Price Index and Inflation,2026-05,Table1,4,12-Month Average,price,,
NBS,NBS Consumer Price Index and Inflation,2026-05,Table1,5,Month-on change (%),date,,
NBS,NBS Consumer Price Index and Inflation,2026-05,Table1,6,Year-on change (%),date,,
NBS,NBS Consumer Price Index and Inflation,2026-05,Table1,7,12-Month average change (%),percentage,,
NBS,NBS Consumer Price Index and Inflation,2026-05,Table1,8,Monthly,price,73.41,
NBS,NBS Consumer Price Index and Inflation,2026-05,Table1,9,12-Month Average,price,,
NBS,NBS Consumer Price Index and Inflation,2026-05,Table1,10,Month-on change (%),date,,
NBS,NBS Consumer Price Index and Inflation,2026-05,Table1,11,Year-on change (%),date,,
NBS,NBS Consumer Price Index and Inflation,2026-05,Table1,12,12-Month average change (%),percentage,,
NBS,NBS Consumer Price Index and Inflation,2026-05,Table1,13,Monthly,price,27.98,
NBS,NBS Consumer Price Index and Inflation,2026-05,Table1,14,12-Month Average,price,,
NBS,NBS Consumer Price Index and Inflation,2026-05,Table1,15,Month-on change (%),date,,
NBS,NBS Consumer Price Index and Inflation,2026-05,Table1,16,Year-on change (%),date,,
NBS,NBS Consumer Price Index and Inflation,2026-05,Table1,17,12-Month average change (%),percentage,,
NBS,NBS Consumer Price Index and Inflation,2026-05,Table1,18,Monthly,price,66.99,
NBS,NBS Consumer Price Index and Inflation,2026-05,Table1,19,12-Month Average,price,,
NBS,NBS Consumer Price Index and Inflation,2026-05,Table1,20,Month-on change (%),date,,
NBS,NBS Consumer Price Index and Inflation,2026-05,Table1,21,Year-on change (%),date,,
NBS,NBS Consumer Price Index and Inflation,2026-05,Table1,22,12-Month average change (%),percentage,,
NBS,NBS Consumer Price Index and Inflation,2026-05,Table1,23,,unknown,,blank header cell
NBS,NBS Consumer Price Index and Inflation,2026-05,Table1 (2),1,,unknown,Weights,blank header cell
NBS,NBS Consumer Price Index and Inflation,2026-05,Table1 (2),2,,unknown,,blank header cell
NBS,NBS Consumer Price Index and Inflation,2026-05,Table1 (2),3,Monthly,price,1000,
NBS,NBS Consumer Price Index and Inflation,2026-05,Table1 (2),4,Monthly,price,100,
NBS,NBS Consumer Price Index and Inflation,2026-05,Table1 (2),5,12-Month Average,price,,
NBS,NBS Consumer Price Index and Inflation,2026-05,Table1 (2),6,12-Month Average,price,,
NBS,NBS Consumer Price Index and Inflation,2026-05,Table1 (2),7,Month-on change (%),date,,
NBS,NBS Consumer Price Index and Inflation,2026-05,Table1 (2),8,Month-on change (%),date,,
NBS,NBS Consumer Price Index and Inflation,2026-05,Table1 (2),9,Year-on change (%),date,,
NBS,NBS Consumer Price Index and Inflation,2026-05,Table1 (2),10,Year-on change (%),date,,
NBS,NBS Consumer Price Index and Inflation,2026-05,Table1 (2),11,12-Month average change (%),percentage,,
NBS,NBS Consumer Price Index and Inflation,2026-05,Table1 (2),12,12-Month average change (%),percentage,,
NBS,NBS Consumer Price Index and Inflation,2026-05,Table1 (2),13,Monthly,price,513.1043122747834,
NBS,NBS Consumer Price Index and Inflation,2026-05,Table1 (2),14,Monthly,price,73.41,
NBS,NBS Consumer Price Index and Inflation,2026-05,Table1 (2),15,12-Month Average,price,,
NBS,NBS Consumer Price Index and Inflation,2026-05,Table1 (2),16,12-Month Average,price,,
NBS,NBS Consumer Price Index and Inflation,2026-05,Table1 (2),17,Month-on change (%),date,,
NBS,NBS Consumer Price Index and Inflation,2026-05,Table1 (2),18,Month-on change (%),date,,
NBS,NBS Consumer Price Index and Inflation,2026-05,Table1 (2),19,Year-on change (%),date,,
NBS,NBS Consumer Price Index and Inflation,2026-05,Table1 (2),20,Year-on change (%),date,,
NBS,NBS Consumer Price Index and Inflation,2026-05,Table1 (2),21,12-Month average change (%),percentage,,
NBS,NBS Consumer Price Index and Inflation,2026-05,Table1 (2),22,12-Month average change (%),percentage,,
NBS,NBS Consumer Price Index and Inflation,2026-05,Table1 (2),23,Monthly,price,507.0588900812485,
NBS,NBS Consumer Price Index and Inflation,2026-05,Table1 (2),24,Monthly,price,27.98,
NBS,NBS Consumer Price Index and Inflation,2026-05,Table1 (2),25,12-Month Average,price,,
NBS,NBS Consumer Price Index and Inflation,2026-05,Table1 (2),26,12-Month Average,price,,
NBS,NBS Consumer Price Index and Inflation,2026-05,Table1 (2),27,Month-on change (%),date,,
NBS,NBS Consumer Price Index and Inflation,2026-05,Table1 (2),28,Month-on change (%),date,,
NBS,NBS Consumer Price Index and Inflation,2026-05,Table1 (2),29,Year-on change (%),date,,
NBS,NBS Consumer Price Index and Inflation,2026-05,Table1 (2),30,Year-on change (%),date,,
NBS,NBS Consumer Price Index and Inflation,2026-05,Table1 (2),31,12-Month average change (%),percentage,,
NBS,NBS Consumer Price Index and Inflation,2026-05,Table1 (2),32,12-Month average change (%),percentage,,
NBS,NBS Consumer Price Index and Inflation,2026-05,Table1 (2),33,Monthly,price,#REF!,
NBS,NBS Consumer Price Index and Inflation,2026-05,Table1 (2),34,Monthly,price,66.99,
NBS,NBS Consumer Price Index and Inflation,2026-05,Table1 (2),35,12-Month Average,price,,
NBS,NBS Consumer Price Index and Inflation,2026-05,Table1 (2),36,12-Month Average,price,,
NBS,NBS Consumer Price Index and Inflation,2026-05,Table1 (2),37,Month-on change (%),date,,
NBS,NBS Consumer Price Index and Inflation,2026-05,Table1 (2),38,Month-on change (%),date,,
NBS,NBS Consumer Price Index and Inflation,2026-05,Table1 (2),39,Year-on change (%),date,,
NBS,NBS Consumer Price Index and Inflation,2026-05,Table1 (2),40,Year-on change (%),date,,
NBS,NBS Consumer Price Index and Inflation,2026-05,Table1 (2),41,12-Month average change (%),percentage,,
NBS,NBS Consumer Price Index and Inflation,2026-05,Table1 (2),42,12-Month average change (%),percentage,,
NBS,NBS Consumer Price Index and Inflation,2026-05,Table1 (2),43,,unknown,,blank header cell
NBS,NBS Consumer Price Index and Inflation,2026-05,Table1 (2),44,,unknown,,blank header cell
NBS,NBS Consumer Price Index and Inflation,2026-05,Table1 (2),45,,unknown,,blank header cell
NBS,NBS Consumer Price Index and Inflation,2026-05,Table1 (2),46,,unknown,,blank header cell
NBS,NBS Consumer Price Index and Inflation,2026-05,Table1 (2),47,,unknown,,blank header cell
NBS,NBS Consumer Price Index and Inflation,2026-05,Table1 (2),48,,unknown,,blank header cell
NBS,NBS Consumer Price Index and Inflation,2026-05,Table2,1,,unknown,Weights,blank header cell
NBS,NBS Consumer Price Index and Inflation,2026-05,Table2,2,,unknown,,blank header cell
NBS,NBS Consumer Price Index and Inflation,2026-05,Table2,3,All Items,price,100,
NBS,NBS Consumer Price Index and Inflation,2026-05,Table2,4,All Items Less Farm Produce,price,73.41,
NBS,NBS Consumer Price Index and Inflation,2026-05,Table2,5,"Core Index 
(All Items Less Farm Produce And Energy)",price,66.99,
NBS,NBS Consumer Price Index and Inflation,2026-05,Table2,6,Imported Food,price,17.33,
NBS,NBS Consumer Price Index and Inflation,2026-05,Table2,7,Food,price,27.98,
NBS,NBS Consumer Price Index and Inflation,2026-05,Table2,8,Farm Produce,price,26.61,
NBS,NBS Consumer Price Index and Inflation,2026-05,Table2,9,Energy,price,6.42,
NBS,NBS Consumer Price Index and Inflation,2026-05,Table2,10,Services,price,37.55,
NBS,NBS Consumer Price Index and Inflation,2026-05,Table2,11,Goods,price,62.48,
NBS,NBS Consumer Price Index and Inflation,2026-05,Table2,12,"ALL ITEMS LESS FOOD
 (NONFOOD INDEX)",price,72.02,
NBS,NBS Consumer Price Index and Inflation,2026-05,Table2,13,ALLITEMS LESS FOOD AND NON ALCOHOLIC BEVERAGES INDEX,price,60.08,
NBS,NBS Consumer Price Index and Inflation,2026-05,Table2,14,HOUSING (RENT) INDEX,price,4.23,
NBS,NBS Consumer Price Index and Inflation,2026-05,Table2,15,Food And Non-Alcoholic Beverages,price,40.02,
NBS,NBS Consumer Price Index and Inflation,2026-05,Table2,16,"Alcoholic Beverages, Tobacco And  Narcotics",unknown,0.37,
NBS,NBS Consumer Price Index and Inflation,2026-05,Table2,17,Clothing And Footwear,unknown,5.04,
NBS,NBS Consumer Price Index and Inflation,2026-05,Table2,18,"Housing, Water, Electricity, Gas And Other Fuels",price,8.42,
NBS,NBS Consumer Price Index and Inflation,2026-05,Table2,19,"Furnishings, Household Equipment And Routine Household Maintenance",unknown,2.96,
NBS,NBS Consumer Price Index and Inflation,2026-05,Table2,20,Health.,unknown,6.06,
NBS,NBS Consumer Price Index and Inflation,2026-05,Table2,21,Transport,unknown,10.66,
NBS,NBS Consumer Price Index and Inflation,2026-05,Table2,22,Information And Communication,unknown,3.29,
NBS,NBS Consumer Price Index and Inflation,2026-05,Table2,23,"Recreation, Sport And Culture",unknown,0.31,
NBS,NBS Consumer Price Index and Inflation,2026-05,Table2,24,Education Services,unknown,6.2,
NBS,NBS Consumer Price Index and Inflation,2026-05,Table2,25,Restaurants And Accomodation Services,unknown,12.92,
NBS,NBS Consumer Price Index and Inflation,2026-05,Table2,26,Insurance and Financial Services,unknown,0.47,
NBS,NBS Consumer Price Index and Inflation,2026-05,Table2,27,"Personal Care, Social Protection And Miscellaneous Goods And Services",unknown,3.29,
NBS,NBS Consumer Price Index and Inflation,2026-05,Table2,28,Month-on (%),date,,
NBS,NBS Consumer Price Index and Inflation,2026-05,Table2,29,Year-on (%),date,,
NBS,NBS Consumer Price Index and Inflation,2026-05,Table2,30,12-month average (%),percentage,,
NBS,NBS Consumer Price Index and Inflation,2026-05,Table2,31,,unknown,,blank header cell
NBS,NBS Consumer Price Index and Inflation,2026-05,Table2,32,,unknown,,blank header cell
NBS,NBS Consumer Price Index and Inflation,2026-05,Table2,33,,unknown,,blank header cell
NBS,NBS Consumer Price Index and Inflation,2026-05,Table2,34,,unknown,,blank header cell
NBS,NBS Consumer Price Index and Inflation,2026-05,Table2 (2),1,,unknown,Weights,blank header cell
NBS,NBS Consumer Price Index and Inflation,2026-05,Table2 (2),2,,unknown,,blank header cell
NBS,NBS Consumer Price Index and Inflation,2026-05,Table2 (2),3,All Items,price,999.9999999999999,
NBS,NBS Consumer Price Index and Inflation,2026-05,Table2 (2),4,All Items,price,100,
NBS,NBS Consumer Price Index and Inflation,2026-05,Table2 (2),5,All Items less Farm Produce.,price,513.1043122747834,
NBS,NBS Consumer Price Index and Inflation,2026-05,Table2 (2),6,All Items Less Farm Produce,price,73.41,
NBS,NBS Consumer Price Index and Inflation,2026-05,Table2 (2),7,All Items less Farm Produce. and Energy,price,405.55493225171676,
NBS,NBS Consumer Price Index and Inflation,2026-05,Table2 (2),8,Core Index (All Items Less Farm Produce And Energy),price,66.99,
NBS,NBS Consumer Price Index and Inflation,2026-05,Table2 (2),9,Imported Food,price,132.8786430845212,
NBS,NBS Consumer Price Index and Inflation,2026-05,Table2 (2),10,Imported Food,price,17.33,
NBS,NBS Consumer Price Index and Inflation,2026-05,Table2 (2),11,Food,price,507.0588900812485,
NBS,NBS Consumer Price Index and Inflation,2026-05,Table2 (2),12,Food,price,27.98,
NBS,NBS Consumer Price Index and Inflation,2026-05,Table2 (2),13,Farm Produce,price,26.61,
NBS,NBS Consumer Price Index and Inflation,2026-05,Table2 (2),14,Energy,price,6.42,
NBS,NBS Consumer Price Index and Inflation,2026-05,Table2 (2),15,Services,price,37.55,
NBS,NBS Consumer Price Index and Inflation,2026-05,Table2 (2),16,Goods,price,62.48,
NBS,NBS Consumer Price Index and Inflation,2026-05,Table2 (2),17,Food &  Non Alcoholic Bev.,price,518.0035159781029,
NBS,NBS Consumer Price Index and Inflation,2026-05,Table2 (2),18,Food And Non-Alcoholic Beverages,price,40.02,
NBS,NBS Consumer Price Index and Inflation,2026-05,Table2 (2),19,Alcoholic Beverage. Tobacco and Kola,unknown,10.870023422874887,
NBS,NBS Consumer Price Index and Inflation,2026-05,Table2 (2),20,"Alcoholic Beverages, Tobacco And  Narcotics",unknown,0.37,
NBS,NBS Consumer Price Index and Inflation,2026-05,Table2 (2),21,Clothing and Footwear,unknown,76.50177479764076,
NBS,NBS Consumer Price Index and Inflation,2026-05,Table2 (2),22,Clothing And Footwear,unknown,5.04,
NBS,NBS Consumer Price Index and Inflation,2026-05,Table2 (2),23,"Housing Water, Electricity. Gas and Other  Fuel",price,167.3417670918405,
NBS,NBS Consumer Price Index and Inflation,2026-05,Table2 (2),24,"Housing, Water, Electricity, Gas And Other Fuels",price,8.42,
NBS,NBS Consumer Price Index and Inflation,2026-05,Table2 (2),25,Furnishings & Household Equipment Maintenance.,unknown,50.30429132112485,
NBS,NBS Consumer Price Index and Inflation,2026-05,Table2 (2),26,"Furnishings, Household Equipment And Routine Household Maintenance",unknown,2.96,
NBS,NBS Consumer Price Index and Inflation,2026-05,Table2 (2),27,Health.,unknown,30.041719595344983,
NBS,NBS Consumer Price Index and Inflation,2026-05,Table2 (2),28,Health.,unknown,6.06,
NBS,NBS Consumer Price Index and Inflation,2026-05,Table2 (2),29,Transport,unknown,65.08383943029551,
NBS,NBS Consumer Price Index and Inflation,2026-05,Table2 (2),30,Transport,unknown,10.66,
NBS,NBS Consumer Price Index and Inflation,2026-05,Table2 (2),31,Communication,unknown,6.798146513600633,
NBS,NBS Consumer Price Index and Inflation,2026-05,Table2 (2),32,Information And Communication,unknown,3.29,
NBS,NBS Consumer Price Index and Inflation,2026-05,Table2 (2),33,Recreation & Culture.,unknown,6.8692556920957415,
NBS,NBS Consumer Price Index and Inflation,2026-05,Table2 (2),34,"Recreation, Sport And Culture",unknown,0.31,
NBS,NBS Consumer Price Index and Inflation,2026-05,Table2 (2),35,Education,unknown,39.43545584224773,
NBS,NBS Consumer Price Index and Inflation,2026-05,Table2 (2),36,Education Services,unknown,6.2,
NBS,NBS Consumer Price Index and Inflation,2026-05,Table2 (2),37,Restaurant &  Hotels,unknown,12.116896655754124,
NBS,NBS Consumer Price Index and Inflation,2026-05,Table2 (2),38,Restaurants And Accomodation Services,unknown,12.92,
NBS,NBS Consumer Price Index and Inflation,2026-05,Table2 (2),39,Insurance and Financial Services,unknown,0.47,
NBS,NBS Consumer Price Index and Inflation,2026-05,Table2 (2),40,Miscellaneous Goods & Services,unknown,16.633313659077338,
NBS,NBS Consumer Price Index and Inflation,2026-05,Table2 (2),41,"Personal Care, Social Protection And Miscellaneous Goods And Services",unknown,3.29,
NBS,NBS Consumer Price Index and Inflation,2026-05,Table2 (2),42,Month-on (%),date,,
NBS,NBS Consumer Price Index and Inflation,2026-05,Table2 (2),43,Month-on (%),date,,
NBS,NBS Consumer Price Index and Inflation,2026-05,Table2 (2),44,Year-on (%),date,,
NBS,NBS Consumer Price Index and Inflation,2026-05,Table2 (2),45,Year-on (%),date,,
NBS,NBS Consumer Price Index and Inflation,2026-05,Table2 (2),46,12-month average (%),percentage,,
NBS,NBS Consumer Price Index and Inflation,2026-05,Table2 (2),47,12-month average (%),percentage,,
NBS,NBS Consumer Price Index and Inflation,2026-05,Table2 (2),48,,unknown,,blank header cell
NBS,NBS Consumer Price Index and Inflation,2026-05,Table2 (2),49,,unknown,,blank header cell
NBS,NBS Consumer Price Index and Inflation,2026-05,Table2 (2),50,,unknown,,blank header cell
NBS,NBS Consumer Price Index and Inflation,2026-05,Table2 (2),51,,unknown,,blank header cell
NBS,NBS Consumer Price Index and Inflation,2026-05,Table2 (2),52,,unknown,,blank header cell
NBS,NBS Consumer Price Index and Inflation,2026-05,Table2 (2),53,,unknown,,blank header cell
NBS,NBS Consumer Price Index and Inflation,2026-05,Table2 (2),54,,unknown,,blank header cell
NBS,NBS Consumer Price Index and Inflation,2026-05,Table2 (2),55,,unknown,,blank header cell
NBS,NBS Consumer Price Index and Inflation,2026-05,Table2 (2),56,,unknown,,blank header cell
NBS,NBS Consumer Price Index and Inflation,2026-05,Table2 (2),57,,unknown,,blank header cell
NBS,NBS Consumer Price Index and Inflation,2026-05,Table2 (2),58,,unknown,,blank header cell
NBS,NBS Consumer Price Index and Inflation,2026-05,Table2 (2),59,,unknown,,blank header cell
NBS,NBS Consumer Price Index and Inflation,2026-05,Table2 (2),60,,unknown,,blank header cell
NBS,NBS Consumer Price Index and Inflation,2026-05,Table2 (2),61,,unknown,,blank header cell
NBS,NBS Consumer Price Index and Inflation,2026-05,Table2 (2),62,,unknown,,blank header cell
NBS,NBS Consumer Price Index and Inflation,2026-05,Table2 (2),63,,unknown,,blank header cell
NBS,NBS Consumer Price Index and Inflation,2026-05,Table2 (2),64,,unknown,,blank header cell
NBS,NBS Consumer Price Index and Inflation,2026-05,Table2 (2),65,,unknown,,blank header cell
NBS,NBS Consumer Price Index and Inflation,2026-05,Table3,1,,unknown,Weights,blank header cell
NBS,NBS Consumer Price Index and Inflation,2026-05,Table3,2,,unknown,,blank header cell
NBS,NBS Consumer Price Index and Inflation,2026-05,Table3,3,All Items,price,70.6231,
NBS,NBS Consumer Price Index and Inflation,2026-05,Table3,4,All Items Less Farm Produce,price,53.3066,
NBS,NBS Consumer Price Index and Inflation,2026-05,Table3,5,"Core Index 
(All Items Less Farm Produce And Energy)",price,48.31903,
NBS,NBS Consumer Price Index and Inflation,2026-05,Table3,6,Imported Food,price,11.22541,
NBS,NBS Consumer Price Index and Inflation,2026-05,Table3,7,Food,price,18.64926,
NBS,NBS Consumer Price Index and Inflation,2026-05,Table3,8,Farm Produce,price,17.34714,
NBS,NBS Consumer Price Index and Inflation,2026-05,Table3,9,Energy,price,4.987569,
NBS,NBS Consumer Price Index and Inflation,2026-05,Table3,10,Services,price,28.35985,
NBS,NBS Consumer Price Index and Inflation,2026-05,Table3,11,Goods,price,42.29389,
NBS,NBS Consumer Price Index and Inflation,2026-05,Table3,12,Food And Non-Alcoholic Beverages,price,26.7595,
NBS,NBS Consumer Price Index and Inflation,2026-05,Table3,13,"Alcoholic Beverages, 
Tobacco And  Narcotics",unknown,0.254247,
NBS,NBS Consumer Price Index and Inflation,2026-05,Table3,14,Clothing And Footwear,unknown,3.333754,
NBS,NBS Consumer Price Index and Inflation,2026-05,Table3,15,"Housing, Water, Electricity, Gas And Other Fuels",price,7.213081,
NBS,NBS Consumer Price Index and Inflation,2026-05,Table3,16,"Furnishings, 
Household Equipment 
And 
Routine Household Maintenance",unknown,1.984745,
NBS,NBS Consumer Price Index and Inflation,2026-05,Table3,17,Health.,unknown,3.459399,
NBS,NBS Consumer Price Index and Inflation,2026-05,Table3,18,Transport,unknown,7.946328,
NBS,NBS Consumer Price Index and Inflation,2026-05,Table3,19,Information And Communication,unknown,2.530358,
NBS,NBS Consumer Price Index and Inflation,2026-05,Table3,20,"Recreation, Sport And Culture",unknown,0.254938,
NBS,NBS Consumer Price Index and Inflation,2026-05,Table3,21,Education Services,unknown,5.112391,
NBS,NBS Consumer Price Index and Inflation,2026-05,Table3,22,Restaurants And Accomodation Services,unknown,9.216351,
NBS,NBS Consumer Price Index and Inflation,2026-05,Table3,23,Insurance and Financial Services,unknown,0.34374,
NBS,NBS Consumer Price Index and Inflation,2026-05,Table3,24,"Personal Care, Social Protection And Miscellaneous Goods And Services",unknown,2.21427,
NBS,NBS Consumer Price Index and Inflation,2026-05,Table3,25,"Month-on 
(%)",date,,
NBS,NBS Consumer Price Index and Inflation,2026-05,Table3,26,"Year-on
 (%)",date,,
NBS,NBS Consumer Price Index and Inflation,2026-05,Table3,27,12-month average (%),percentage,,
NBS,NBS Consumer Price Index and Inflation,2026-05,Table3,28,,unknown,,blank header cell
NBS,NBS Consumer Price Index and Inflation,2026-05,Table3,29,,unknown,,blank header cell
NBS,NBS Consumer Price Index and Inflation,2026-05,Table3,30,,unknown,,blank header cell
NBS,NBS Consumer Price Index and Inflation,2026-05,Table3,31,,unknown,,blank header cell
NBS,NBS Consumer Price Index and Inflation,2026-05,Table3 (2),1,,unknown,Weights,blank header cell
NBS,NBS Consumer Price Index and Inflation,2026-05,Table3 (2),2,,unknown,,blank header cell
NBS,NBS Consumer Price Index and Inflation,2026-05,Table3 (2),3,All Items,price,999.9999999999998,
NBS,NBS Consumer Price Index and Inflation,2026-05,Table3 (2),4,All Items,price,70.6231,
NBS,NBS Consumer Price Index and Inflation,2026-05,Table3 (2),5,All Items less Farm Produce.,price,552.6438747349832,
NBS,NBS Consumer Price Index and Inflation,2026-05,Table3 (2),6,All Items Less Farm Produce,price,53.3066,
NBS,NBS Consumer Price Index and Inflation,2026-05,Table3 (2),7,All Items less Farm Produce. and Energy,price,418.66977694768946,
NBS,NBS Consumer Price Index and Inflation,2026-05,Table3 (2),8,Core Index (All Items Less Farm Produce And Energy),price,48.31903,
NBS,NBS Consumer Price Index and Inflation,2026-05,Table3 (2),9,Imported Food,price,155.45143810593527,
NBS,NBS Consumer Price Index and Inflation,2026-05,Table3 (2),10,Imported Food,price,11.22541,
NBS,NBS Consumer Price Index and Inflation,2026-05,Table3 (2),11,Food,price,476.8847287905714,
NBS,NBS Consumer Price Index and Inflation,2026-05,Table3 (2),12,Food,price,18.64926,
NBS,NBS Consumer Price Index and Inflation,2026-05,Table3 (2),13,Farm Produce,price,17.34714,
NBS,NBS Consumer Price Index and Inflation,2026-05,Table3 (2),14,Energy,price,4.987569,
NBS,NBS Consumer Price Index and Inflation,2026-05,Table3 (2),15,Services,price,28.35985,
NBS,NBS Consumer Price Index and Inflation,2026-05,Table3 (2),16,Goods,price,42.29389,
NBS,NBS Consumer Price Index and Inflation,2026-05,Table3 (2),17,Food &  Non Alcoholic Bev.,price,490.58603344696826,
NBS,NBS Consumer Price Index and Inflation,2026-05,Table3 (2),18,Food And Non-Alcoholic Beverages,price,26.7595,
NBS,NBS Consumer Price Index and Inflation,2026-05,Table3 (2),19,Alcoholic Beverage. Tobacco and Kola,unknown,11.185908197369981,
NBS,NBS Consumer Price Index and Inflation,2026-05,Table3 (2),20,"Alcoholic Beverages, Tobacco And  Narcotics",unknown,0.254247,
NBS,NBS Consumer Price Index and Inflation,2026-05,Table3 (2),21,Clothing and Footwear,unknown,65.50403131243718,
NBS,NBS Consumer Price Index and Inflation,2026-05,Table3 (2),22,Clothing And Footwear,unknown,3.333754,
NBS,NBS Consumer Price Index and Inflation,2026-05,Table3 (2),23,"Housing Water, Electricity. Gas and Other  Fuel",price,191.5102585444788,
NBS,NBS Consumer Price Index and Inflation,2026-05,Table3 (2),24,"Housing, Water, Electricity, Gas And Other Fuels",price,7.213081,
NBS,NBS Consumer Price Index and Inflation,2026-05,Table3 (2),25,Furnishings & Household Equipment Maintenance.,unknown,49.80621275080386,
NBS,NBS Consumer Price Index and Inflation,2026-05,Table3 (2),26,"Furnishings, Household Equipment And Routine Household Maintenance",unknown,1.984745,
NBS,NBS Consumer Price Index and Inflation,2026-05,Table3 (2),27,Health.,unknown,27.401177978203123,
NBS,NBS Consumer Price Index and Inflation,2026-05,Table3 (2),28,Health.,unknown,3.459399,
NBS,NBS Consumer Price Index and Inflation,2026-05,Table3 (2),29,Transport,unknown,74.5434081193025,
NBS,NBS Consumer Price Index and Inflation,2026-05,Table3 (2),30,Transport,unknown,7.946328,
NBS,NBS Consumer Price Index and Inflation,2026-05,Table3 (2),31,Communication,unknown,10.142667529244841,
NBS,NBS Consumer Price Index and Inflation,2026-05,Table3 (2),32,Information And Communication,unknown,2.530358,
NBS,NBS Consumer Price Index and Inflation,2026-05,Table3 (2),33,Recreation & Culture.,unknown,7.135934731470604,
NBS,NBS Consumer Price Index and Inflation,2026-05,Table3 (2),34,"Recreation, Sport And Culture",unknown,0.254938,
NBS,NBS Consumer Price Index and Inflation,2026-05,Table3 (2),35,Education,unknown,40.046464015609814,
NBS,NBS Consumer Price Index and Inflation,2026-05,Table3 (2),36,Education Services,unknown,5.112391,
NBS,NBS Consumer Price Index and Inflation,2026-05,Table3 (2),37,Restaurant &  Hotels,unknown,14.485013990566927,
NBS,NBS Consumer Price Index and Inflation,2026-05,Table3 (2),38,Restaurants And Accomodation Services,unknown,9.216351,
NBS,NBS Consumer Price Index and Inflation,2026-05,Table3 (2),39,Insurance and Financial Services,unknown,0.34374,
NBS,NBS Consumer Price Index and Inflation,2026-05,Table3 (2),40,Miscellaneous Goods & Services,unknown,17.652889383544117,
NBS,NBS Consumer Price Index and Inflation,2026-05,Table3 (2),41,"Personal Care, Social Protection And Miscellaneous Goods And Services",unknown,2.21427,
NBS,NBS Consumer Price Index and Inflation,2026-05,Table3 (2),42,Month-on (%),date,,
NBS,NBS Consumer Price Index and Inflation,2026-05,Table3 (2),43,Month-on (%),date,,
NBS,NBS Consumer Price Index and Inflation,2026-05,Table3 (2),44,Year-on (%),date,,
NBS,NBS Consumer Price Index and Inflation,2026-05,Table3 (2),45,Year-on (%),date,,
NBS,NBS Consumer Price Index and Inflation,2026-05,Table3 (2),46,12-month average (%),percentage,,
NBS,NBS Consumer Price Index and Inflation,2026-05,Table3 (2),47,12-month average (%),percentage,,
NBS,NBS Consumer Price Index and Inflation,2026-05,Table3 (2),48,,unknown,,blank header cell
NBS,NBS Consumer Price Index and Inflation,2026-05,Table3 (2),49,,unknown,,blank header cell
NBS,NBS Consumer Price Index and Inflation,2026-05,Table3 (2),50,,unknown,,blank header cell
NBS,NBS Consumer Price Index and Inflation,2026-05,Table3 (2),51,,unknown,,blank header cell
NBS,NBS Consumer Price Index and Inflation,2026-05,Table3 (3),1,,unknown,Weights,blank header cell
NBS,NBS Consumer Price Index and Inflation,2026-05,Table3 (3),2,,unknown,,blank header cell
NBS,NBS Consumer Price Index and Inflation,2026-05,Table3 (3),3,All Items,price,999.9999999999998,
NBS,NBS Consumer Price Index and Inflation,2026-05,Table3 (3),4,All Items,price,70.6231,
NBS,NBS Consumer Price Index and Inflation,2026-05,Table3 (3),5,All Items less Farm Produce.,price,552.6438747349832,
NBS,NBS Consumer Price Index and Inflation,2026-05,Table3 (3),6,All Items Less Farm Produce,price,53.3066,
NBS,NBS Consumer Price Index and Inflation,2026-05,Table3 (3),7,All Items less Farm Produce. and Energy,price,418.66977694768946,
NBS,NBS Consumer Price Index and Inflation,2026-05,Table3 (3),8,Core Index (All Items Less Farm Produce And Energy),price,48.31903,
NBS,NBS Consumer Price Index and Inflation,2026-05,Table3 (3),9,Imported Food,price,155.45143810593527,
NBS,NBS Consumer Price Index and Inflation,2026-05,Table3 (3),10,Imported Food,price,11.22541,
NBS,NBS Consumer Price Index and Inflation,2026-05,Table3 (3),11,Food,price,476.8847287905714,
NBS,NBS Consumer Price Index and Inflation,2026-05,Table3 (3),12,Food,price,18.64926,
NBS,NBS Consumer Price Index and Inflation,2026-05,Table3 (3),13,Farm Produce,price,17.34714,
NBS,NBS Consumer Price Index and Inflation,2026-05,Table3 (3),14,Energy,price,4.987569,
NBS,NBS Consumer Price Index and Inflation,2026-05,Table3 (3),15,Services,price,28.35985,
NBS,NBS Consumer Price Index and Inflation,2026-05,Table3 (3),16,Goods,price,42.29389,
NBS,NBS Consumer Price Index and Inflation,2026-05,Table3 (3),17,Food &  Non Alcoholic Bev.,price,490.58603344696826,
NBS,NBS Consumer Price Index and Inflation,2026-05,Table3 (3),18,Food And Non-Alcoholic Beverages,price,26.7595,
NBS,NBS Consumer Price Index and Inflation,2026-05,Table3 (3),19,Alcoholic Beverage. Tobacco and Kola,unknown,11.185908197369981,
NBS,NBS Consumer Price Index and Inflation,2026-05,Table3 (3),20,"Alcoholic Beverages, Tobacco And  Narcotics",unknown,0.254247,
NBS,NBS Consumer Price Index and Inflation,2026-05,Table3 (3),21,Clothing and Footwear,unknown,65.50403131243718,
NBS,NBS Consumer Price Index and Inflation,2026-05,Table3 (3),22,Clothing And Footwear,unknown,3.333754,
NBS,NBS Consumer Price Index and Inflation,2026-05,Table3 (3),23,"Housing Water, Electricity. Gas and Other  Fuel",price,191.5102585444788,
NBS,NBS Consumer Price Index and Inflation,2026-05,Table3 (3),24,"Housing, Water, Electricity, Gas And Other Fuels",price,7.213081,
NBS,NBS Consumer Price Index and Inflation,2026-05,Table3 (3),25,Furnishings & Household Equipment Maintenance.,unknown,49.80621275080386,
NBS,NBS Consumer Price Index and Inflation,2026-05,Table3 (3),26,"Furnishings, Household Equipment And Routine Household Maintenance",unknown,1.984745,
NBS,NBS Consumer Price Index and Inflation,2026-05,Table3 (3),27,Health.,unknown,27.401177978203123,
NBS,NBS Consumer Price Index and Inflation,2026-05,Table3 (3),28,Health.,unknown,3.459399,
NBS,NBS Consumer Price Index and Inflation,2026-05,Table3 (3),29,Transport,unknown,74.5434081193025,
NBS,NBS Consumer Price Index and Inflation,2026-05,Table3 (3),30,Transport,unknown,7.946328,
NBS,NBS Consumer Price Index and Inflation,2026-05,Table3 (3),31,Communication,unknown,10.142667529244841,
NBS,NBS Consumer Price Index and Inflation,2026-05,Table3 (3),32,Information And Communication,unknown,2.530358,
NBS,NBS Consumer Price Index and Inflation,2026-05,Table3 (3),33,Recreation & Culture.,unknown,7.135934731470604,
NBS,NBS Consumer Price Index and Inflation,2026-05,Table3 (3),34,"Recreation, Sport And Culture",unknown,0.254938,
NBS,NBS Consumer Price Index and Inflation,2026-05,Table3 (3),35,Education,unknown,40.046464015609814,
NBS,NBS Consumer Price Index and Inflation,2026-05,Table3 (3),36,Education Services,unknown,5.112391,
NBS,NBS Consumer Price Index and Inflation,2026-05,Table3 (3),37,Restaurant &  Hotels,unknown,14.485013990566927,
NBS,NBS Consumer Price Index and Inflation,2026-05,Table3 (3),38,Restaurants And Accomodation Services,unknown,9.216351,
NBS,NBS Consumer Price Index and Inflation,2026-05,Table3 (3),39,Insurance and Financial Services,unknown,0.34374,
NBS,NBS Consumer Price Index and Inflation,2026-05,Table3 (3),40,Miscellaneous Goods & Services,unknown,17.652889383544117,
NBS,NBS Consumer Price Index and Inflation,2026-05,Table3 (3),41,"Personal Care, Social Protection And Miscellaneous Goods And Services",unknown,2.21427,
NBS,NBS Consumer Price Index and Inflation,2026-05,Table3 (3),42,Month-on (%),date,,
NBS,NBS Consumer Price Index and Inflation,2026-05,Table3 (3),43,Month-on (%),date,,
NBS,NBS Consumer Price Index and Inflation,2026-05,Table3 (3),44,Year-on (%),date,,
NBS,NBS Consumer Price Index and Inflation,2026-05,Table3 (3),45,Year-on (%),date,,
NBS,NBS Consumer Price Index and Inflation,2026-05,Table3 (3),46,12-month average (%),percentage,,
NBS,NBS Consumer Price Index and Inflation,2026-05,Table3 (3),47,12-month average (%),percentage,,
NBS,NBS Consumer Price Index and Inflation,2026-05,Table3 (3),48,,unknown,,blank header cell
NBS,NBS Consumer Price Index and Inflation,2026-05,Table3 (3),49,,unknown,,blank header cell
NBS,NBS Consumer Price Index and Inflation,2026-05,Table3 (3),50,,unknown,,blank header cell
NBS,NBS Consumer Price Index and Inflation,2026-05,Table3 (3),51,,unknown,,blank header cell
NBS,NBS Consumer Price Index and Inflation,2026-05,Table4,1,,unknown,Weights,blank header cell
NBS,NBS Consumer Price Index and Inflation,2026-05,Table4,2,,unknown,,blank header cell
NBS,NBS Consumer Price Index and Inflation,2026-05,Table4,3,All Items,price,29.3769,
NBS,NBS Consumer Price Index and Inflation,2026-05,Table4,4,All Items Less Farm Produce,price,20.10814,
NBS,NBS Consumer Price Index and Inflation,2026-05,Table4,5,Core Index (All Items Less Farm Produce And Energy),price,18.67631,
NBS,NBS Consumer Price Index and Inflation,2026-05,Table4,6,Imported Food,price,6.100216,
NBS,NBS Consumer Price Index and Inflation,2026-05,Table4,7,Food,price,9.329656,
NBS,NBS Consumer Price Index and Inflation,2026-05,Table4,8,Farm Produce,price,9.263144,
NBS,NBS Consumer Price Index and Inflation,2026-05,Table4,9,Energy,price,1.431826,
NBS,NBS Consumer Price Index and Inflation,2026-05,Table4,10,Services,price,9.187077,
NBS,NBS Consumer Price Index and Inflation,2026-05,Table4,11,Goods,price,20.18421,
NBS,NBS Consumer Price Index and Inflation,2026-05,Table4,12,Food And Non-Alcoholic Beverages,price,13.25875,
NBS,NBS Consumer Price Index and Inflation,2026-05,Table4,13,"Alcoholic Beverages, Tobacco And  Narcotics",unknown,0.119333,
NBS,NBS Consumer Price Index and Inflation,2026-05,Table4,14,Clothing And Footwear,unknown,1.704374,
NBS,NBS Consumer Price Index and Inflation,2026-05,Table4,15,"Housing, Water, Electricity, Gas And Other Fuels",price,1.203269,
NBS,NBS Consumer Price Index and Inflation,2026-05,Table4,16,"Furnishings, Household Equipment And Routine Household Maintenance",unknown,0.973242,
NBS,NBS Consumer Price Index and Inflation,2026-05,Table4,17,Health.,unknown,2.598754,
NBS,NBS Consumer Price Index and Inflation,2026-05,Table4,18,Transport,unknown,2.712839,
NBS,NBS Consumer Price Index and Inflation,2026-05,Table4,19,Information And Communication,unknown,0.761959,
NBS,NBS Consumer Price Index and Inflation,2026-05,Table4,20,"Recreation, Sport And Culture",unknown,0.055278,
NBS,NBS Consumer Price Index and Inflation,2026-05,Table4,21,Education Services,unknown,1.086559,
NBS,NBS Consumer Price Index and Inflation,2026-05,Table4,22,Restaurants And Accomodation Services,unknown,3.700029,
NBS,NBS Consumer Price Index and Inflation,2026-05,Table4,23,Insurance and Financial Services,unknown,0.128843,
NBS,NBS Consumer Price Index and Inflation,2026-05,Table4,24,"Personal Care, Social Protection And Miscellaneous Goods And Services",unknown,1.073677,
NBS,NBS Consumer Price Index and Inflation,2026-05,Table4,25,Month-on (%),date,,
NBS,NBS Consumer Price Index and Inflation,2026-05,Table4,26,Year-on (%),date,,
NBS,NBS Consumer Price Index and Inflation,2026-05,Table4,27,12-month average (%),percentage,,
NBS,NBS Consumer Price Index and Inflation,2026-05,Table4,28,,unknown,,blank header cell
NBS,NBS Consumer Price Index and Inflation,2026-05,Table4,29,,unknown,,blank header cell
NBS,NBS Consumer Price Index and Inflation,2026-05,Table4,30,,unknown,,blank header cell
NBS,NBS Consumer Price Index and Inflation,2026-05,Table4,31,,unknown,,blank header cell
NBS,NBS Consumer Price Index and Inflation,2026-05,Table4,32,,unknown,,blank header cell
NBS,NBS Consumer Price Index and Inflation,2026-05,Table4,33,,unknown,,blank header cell
NBS,NBS Consumer Price Index and Inflation,2026-05,Table4,34,,unknown,,blank header cell
NBS,NBS Consumer Price Index and Inflation,2026-05,Table4,35,,unknown,,blank header cell
NBS,NBS Consumer Price Index and Inflation,2026-05,Table-5,1,,unknown,,blank header cell
NBS,NBS Consumer Price Index and Inflation,2026-05,Table-5,2,State,geography,Abia, | detected as the geography column
NBS,NBS Consumer Price Index and Inflation,2026-05,Table-5,3,Food,price,121.304639,
NBS,NBS Consumer Price Index and Inflation,2026-05,Table-5,4,All Items,price,119.937027,
NBS,NBS Consumer Price Index and Inflation,2026-05,Table-5,5,Food,price,134.9698552036509,
NBS,NBS Consumer Price Index and Inflation,2026-05,Table-5,6,All Items,price,139.6376484593503,
NBS,NBS Consumer Price Index and Inflation,2026-05,Table-5,7,Food,price,142.83306042860238,
NBS,NBS Consumer Price Index and Inflation,2026-05,Table-5,8,All Items,price,146.51124608741446,
NBS,NBS Consumer Price Index and Inflation,2026-05,Table-5,9,Food,price,17.747401588328685,
NBS,NBS Consumer Price Index and Inflation,2026-05,Table-5,10,All Items,price,22.156809912767358,
NBS,NBS Consumer Price Index and Inflation,2026-05,Table-5,11,Food,price,5.825897355440588,
NBS,NBS Consumer Price Index and Inflation,2026-05,Table-5,12,All Items,price,4.922453008842481,
NBS,NBS Consumer Price Index and Inflation,2026-05,Table4 (2),1,,unknown,Weights,blank header cell
NBS,NBS Consumer Price Index and Inflation,2026-05,Table4 (2),2,,unknown,,blank header cell
NBS,NBS Consumer Price Index and Inflation,2026-05,Table4 (2),3,All Items,price,999.9999999999999,
NBS,NBS Consumer Price Index and Inflation,2026-05,Table4 (2),4,All Items,price,29.3769,
NBS,NBS Consumer Price Index and Inflation,2026-05,Table4 (2),5,All Items less Farm Produce.,price,480.0942188447083,
NBS,NBS Consumer Price Index and Inflation,2026-05,Table4 (2),6,All Items Less Farm Produce,price,20.10814,
NBS,NBS Consumer Price Index and Inflation,2026-05,Table4 (2),7,All Items less Farm Produce. and Energy,price,394.6058417257211,
NBS,NBS Consumer Price Index and Inflation,2026-05,Table4 (2),8,Core Index (All Items Less Farm Produce And Energy),price,18.67631,
NBS,NBS Consumer Price Index and Inflation,2026-05,Table4 (2),9,Imported Food,price,114.03346558957918,
NBS,NBS Consumer Price Index and Inflation,2026-05,Table4 (2),10,Imported Food,price,6.100216,
NBS,NBS Consumer Price Index and Inflation,2026-05,Table4 (2),11,Food,price,532.2501623514466,
NBS,NBS Consumer Price Index and Inflation,2026-05,Table4 (2),12,Food,price,9.329656,
NBS,NBS Consumer Price Index and Inflation,2026-05,Table4 (2),13,Farm Produce,price,9.263144,
NBS,NBS Consumer Price Index and Inflation,2026-05,Table4 (2),14,Energy,price,1.431826,
NBS,NBS Consumer Price Index and Inflation,2026-05,Table4 (2),15,Services,price,9.187077,
NBS,NBS Consumer Price Index and Inflation,2026-05,Table4 (2),16,Goods,price,20.18421,
NBS,NBS Consumer Price Index and Inflation,2026-05,Table4 (2),17,Food &  Non Alcoholic Bev.,price,540.8933408435455,
NBS,NBS Consumer Price Index and Inflation,2026-05,Table4 (2),18,Food And Non-Alcoholic Beverages,price,13.25875,
NBS,NBS Consumer Price Index and Inflation,2026-05,Table4 (2),19,Alcoholic Beverage. Tobacco and Kola,unknown,10.606303106553293,
NBS,NBS Consumer Price Index and Inflation,2026-05,Table4 (2),20,"Alcoholic Beverages, Tobacco And  Narcotics",unknown,0.119333,
NBS,NBS Consumer Price Index and Inflation,2026-05,Table4 (2),21,Clothing and Footwear,unknown,85.68337715684741,
NBS,NBS Consumer Price Index and Inflation,2026-05,Table4 (2),22,Clothing And Footwear,unknown,1.704374,
NBS,NBS Consumer Price Index and Inflation,2026-05,Table4 (2),23,"Housing Water, Electricity. Gas and Other  Fuel",price,147.16440266807825,
NBS,NBS Consumer Price Index and Inflation,2026-05,Table4 (2),24,"Housing, Water, Electricity, Gas And Other Fuels",price,1.203269,
NBS,NBS Consumer Price Index and Inflation,2026-05,Table4 (2),25,Furnishings & Household Equipment Maintenance.,unknown,50.72011838442036,
NBS,NBS Consumer Price Index and Inflation,2026-05,Table4 (2),26,"Furnishings, Household Equipment And Routine Household Maintenance",unknown,0.973242,
NBS,NBS Consumer Price Index and Inflation,2026-05,Table4 (2),27,Health.,unknown,32.24620846837167,
NBS,NBS Consumer Price Index and Inflation,2026-05,Table4 (2),28,Health.,unknown,2.598754,
NBS,NBS Consumer Price Index and Inflation,2026-05,Table4 (2),29,Transport,unknown,57.18640135048233,
NBS,NBS Consumer Price Index and Inflation,2026-05,Table4 (2),30,Transport,unknown,2.712839,
NBS,NBS Consumer Price Index and Inflation,2026-05,Table4 (2),31,Communication,unknown,4.005931720723357,
NBS,NBS Consumer Price Index and Inflation,2026-05,Table4 (2),32,Information And Communication,unknown,0.761959,
NBS,NBS Consumer Price Index and Inflation,2026-05,Table4 (2),33,Recreation & Culture.,unknown,6.646615393168104,
NBS,NBS Consumer Price Index and Inflation,2026-05,Table4 (2),34,"Recreation, Sport And Culture",unknown,0.055278,
NBS,NBS Consumer Price Index and Inflation,2026-05,Table4 (2),35,Education,unknown,38.925348101183964,
NBS,NBS Consumer Price Index and Inflation,2026-05,Table4 (2),36,Education Services,unknown,1.086559,
NBS,NBS Consumer Price Index and Inflation,2026-05,Table4 (2),37,Restaurant &  Hotels,unknown,10.139844568892057,
NBS,NBS Consumer Price Index and Inflation,2026-05,Table4 (2),38,Restaurants And Accomodation Services,unknown,3.700029,
NBS,NBS Consumer Price Index and Inflation,2026-05,Table4 (2),39,Insurance and Financial Services,unknown,0.128843,
NBS,NBS Consumer Price Index and Inflation,2026-05,Table4 (2),40,Miscellaneous Goods & Services,unknown,15.78210823773351,
NBS,NBS Consumer Price Index and Inflation,2026-05,Table4 (2),41,"Personal Care, Social Protection And Miscellaneous Goods And Services",unknown,1.073677,
NBS,NBS Consumer Price Index and Inflation,2026-05,Table4 (2),42,Month-on (%),date,,
NBS,NBS Consumer Price Index and Inflation,2026-05,Table4 (2),43,Month-on (%),date,,
NBS,NBS Consumer Price Index and Inflation,2026-05,Table4 (2),44,Year-on (%),date,,
NBS,NBS Consumer Price Index and Inflation,2026-05,Table4 (2),45,Year-on (%),date,,
NBS,NBS Consumer Price Index and Inflation,2026-05,Table4 (2),46,12-month average (%),percentage,,
NBS,NBS Consumer Price Index and Inflation,2026-05,Table4 (2),47,12-month average (%),percentage,,
NBS,NBS Consumer Price Index and Inflation,2026-05,Table4 (2),48,,unknown,,blank header cell
NBS,NBS Consumer Price Index and Inflation,2026-05,Table4 (2),49,,unknown,,blank header cell
NBS,NBS Consumer Price Index and Inflation,2026-05,Table4 (2),50,,unknown,,blank header cell
NBS,NBS Consumer Price Index and Inflation,2026-05,Table4 (2),51,,unknown,,blank header cell
NBS,NBS Consumer Price Index and Inflation,2026-05,Table4 (2),52,,unknown,,blank header cell
NBS,NBS Consumer Price Index and Inflation,2026-05,Table4 (2),53,,unknown,,blank header cell
NBS,NBS Consumer Price Index and Inflation,2026-05,Table4 (2),54,,unknown,,blank header cell
NBS,NBS Consumer Price Index and Inflation,2026-05,Table4 (2),55,,unknown,,blank header cell
NBS,NBS Consumer Price Index and Inflation,2026-05,Table4 (2),56,,unknown,,blank header cell
NBS,NBS Consumer Price Index and Inflation,2025-11,Table1,1,,unknown,,blank header cell
NBS,NBS Consumer Price Index and Inflation,2025-11,Table1,2,,unknown,Weights,blank header cell
NBS,NBS Consumer Price Index and Inflation,2025-11,Table1,3,Monthly,price,100,
NBS,NBS Consumer Price Index and Inflation,2025-11,Table1,4,12-Month Average,price,,
NBS,NBS Consumer Price Index and Inflation,2025-11,Table1,5,Month-on change (%),date,,
NBS,NBS Consumer Price Index and Inflation,2025-11,Table1,6,Year-on change (%),date,,
NBS,NBS Consumer Price Index and Inflation,2025-11,Table1,7,12-Month average change (%),percentage,,
NBS,NBS Consumer Price Index and Inflation,2025-11,Table1,8,Monthly,price,73.41474,
NBS,NBS Consumer Price Index and Inflation,2025-11,Table1,9,12-Month Average,price,,
NBS,NBS Consumer Price Index and Inflation,2025-11,Table1,10,Month-on change (%),date,,
NBS,NBS Consumer Price Index and Inflation,2025-11,Table1,11,Year-on change (%),date,,
NBS,NBS Consumer Price Index and Inflation,2025-11,Table1,12,12-Month average change (%),percentage,,
NBS,NBS Consumer Price Index and Inflation,2025-11,Table1,13,Monthly,price,27.97892,
NBS,NBS Consumer Price Index and Inflation,2025-11,Table1,14,12-Month Average,price,,
NBS,NBS Consumer Price Index and Inflation,2025-11,Table1,15,Month-on change (%),date,,
NBS,NBS Consumer Price Index and Inflation,2025-11,Table1,16,Year-on change (%),date,,
NBS,NBS Consumer Price Index and Inflation,2025-11,Table1,17,12-Month average change (%),percentage,,
NBS,NBS Consumer Price Index and Inflation,2025-11,Table1,18,Monthly,price,66.99535,
NBS,NBS Consumer Price Index and Inflation,2025-11,Table1,19,12-Month Average,price,,
NBS,NBS Consumer Price Index and Inflation,2025-11,Table1,20,Month-on change (%),date,,
NBS,NBS Consumer Price Index and Inflation,2025-11,Table1,21,Year-on change (%),date,,
NBS,NBS Consumer Price Index and Inflation,2025-11,Table1,22,12-Month average change (%),percentage,,
NBS,NBS Consumer Price Index and Inflation,2025-11,Table1,23,,unknown,,blank header cell
NBS,NBS Consumer Price Index and Inflation,2025-11,Table2,1,,unknown,,blank header cell
NBS,NBS Consumer Price Index and Inflation,2025-11,Table2,2,All Items,price,100,
NBS,NBS Consumer Price Index and Inflation,2025-11,Table2,3,All Items less Farm Produce.,price,73.41,
NBS,NBS Consumer Price Index and Inflation,2025-11,Table2,4,All Items less Farm Produce. and Energy,price,66.99,
NBS,NBS Consumer Price Index and Inflation,2025-11,Table2,5,Imported Food,price,17.33,
NBS,NBS Consumer Price Index and Inflation,2025-11,Table2,6,Food,price,27.98,
NBS,NBS Consumer Price Index and Inflation,2025-11,Table2,7,FARM PRODUCE,price,26.61,
NBS,NBS Consumer Price Index and Inflation,2025-11,Table2,8,ENERGY,price,6.42,
NBS,NBS Consumer Price Index and Inflation,2025-11,Table2,9,SERVICES,price,37.55,
NBS,NBS Consumer Price Index and Inflation,2025-11,Table2,10,GOODS,price,62.48,
NBS,NBS Consumer Price Index and Inflation,2025-11,Table2,11,"ALL ITEMS LESS FOOD
 (NONFOOD INDEX)",price,72.02,
NBS,NBS Consumer Price Index and Inflation,2025-11,Table2,12,ALLITEMS LESS FOOD AND NON ALCOHOLIC BEVERAGES INDEX,price,60.08,
NBS,NBS Consumer Price Index and Inflation,2025-11,Table2,13,HOUSING (RENT) INDEX,price,4.23,
NBS,NBS Consumer Price Index and Inflation,2025-11,Table2,14,Food &  Non Alcoholic Bev.,price,40.02,
NBS,NBS Consumer Price Index and Inflation,2025-11,Table2,15,"ALCOHOLIC BEVERAGES, TOBACCO AND  NARCOTICS",unknown,0.37,
NBS,NBS Consumer Price Index and Inflation,2025-11,Table2,16,Clothing and Footwear,unknown,5.04,
NBS,NBS Consumer Price Index and Inflation,2025-11,Table2,17,"HOUSING, WATER, ELECTRICITY, GAS AND OTHER FUELS",price,8.42,
NBS,NBS Consumer Price Index and Inflation,2025-11,Table2,18,"FURNISHINGS, HOUSEHOLD EQUIPMENT AND ROUTINE HOUSEHOLD MAINTENANCE",unknown,2.96,
NBS,NBS Consumer Price Index and Inflation,2025-11,Table2,19,Health.,unknown,6.06,
NBS,NBS Consumer Price Index and Inflation,2025-11,Table2,20,Transport,unknown,10.66,
NBS,NBS Consumer Price Index and Inflation,2025-11,Table2,21,INFORMATION AND COMMUNICATION,unknown,3.29,
NBS,NBS Consumer Price Index and Inflation,2025-11,Table2,22,"RECREATION, SPORT AND CULTURE",unknown,0.31,
NBS,NBS Consumer Price Index and Inflation,2025-11,Table2,23,EDUCATION SERVICES,unknown,6.2,
NBS,NBS Consumer Price Index and Inflation,2025-11,Table2,24,RESTAURANTS AND ACCOMODATION SERVICES,unknown,12.92,
NBS,NBS Consumer Price Index and Inflation,2025-11,Table2,25,Insurance and Financial Services,unknown,0.47,
NBS,NBS Consumer Price Index and Inflation,2025-11,Table2,26,"PERSONAL CARE, SOCIAL PROTECTION AND MISCELLANEOUS GOODS AND SERVICES",unknown,3.29,
NBS,NBS Consumer Price Index and Inflation,2025-11,Table2,27,Month-on (%),date,,
NBS,NBS Consumer Price Index and Inflation,2025-11,Table2,28,Year-on (%),date,,
NBS,NBS Consumer Price Index and Inflation,2025-11,Table2,29,12-month average (%),percentage,,
NBS,NBS Consumer Price Index and Inflation,2025-11,Table2,30,,unknown,,blank header cell
NBS,NBS Consumer Price Index and Inflation,2025-11,Table2,31,,unknown,,blank header cell
NBS,NBS Consumer Price Index and Inflation,2025-11,Table2,32,,unknown,,blank header cell
NBS,NBS Consumer Price Index and Inflation,2025-11,Table2,33,,unknown,,blank header cell
NBS,NBS Consumer Price Index and Inflation,2025-11,Table2,34,,unknown,,blank header cell
NBS,NBS Consumer Price Index and Inflation,2025-11,Table2,35,,unknown,,blank header cell
NBS,NBS Consumer Price Index and Inflation,2025-11,Table2,36,,unknown,,blank header cell
NBS,NBS Consumer Price Index and Inflation,2025-11,Table2,37,,unknown,,blank header cell
NBS,NBS Consumer Price Index and Inflation,2025-11,Table2,38,,unknown,,blank header cell
NBS,NBS Consumer Price Index and Inflation,2025-11,Table2,39,,unknown,,blank header cell
NBS,NBS Consumer Price Index and Inflation,2025-11,Table2,40,,unknown,,blank header cell
NBS,NBS Consumer Price Index and Inflation,2025-11,Table2,41,,unknown,,blank header cell
NBS,NBS Consumer Price Index and Inflation,2025-11,Table2,42,,unknown,,blank header cell
NBS,NBS Consumer Price Index and Inflation,2025-11,Table2,43,,unknown,,blank header cell
NBS,NBS Consumer Price Index and Inflation,2025-11,Table2,44,,unknown,,blank header cell
NBS,NBS Consumer Price Index and Inflation,2025-11,Table2,45,,unknown,,blank header cell
NBS,NBS Consumer Price Index and Inflation,2025-11,Table2,46,,unknown,,blank header cell
NBS,NBS Consumer Price Index and Inflation,2025-11,Table2,47,,unknown,,blank header cell
NBS,NBS Consumer Price Index and Inflation,2025-11,Table3,1,,unknown,Weights,blank header cell
NBS,NBS Consumer Price Index and Inflation,2025-11,Table3,2,,unknown,,blank header cell
NBS,NBS Consumer Price Index and Inflation,2025-11,Table3,3,All Items,price,70.6231,
NBS,NBS Consumer Price Index and Inflation,2025-11,Table3,4,All Items less Farm Produce.,price,53.3066,
NBS,NBS Consumer Price Index and Inflation,2025-11,Table3,5,All Items less Farm Produce. and Energy,price,48.31903,
NBS,NBS Consumer Price Index and Inflation,2025-11,Table3,6,Imported Food,price,11.22541,
NBS,NBS Consumer Price Index and Inflation,2025-11,Table3,7,Food,price,18.64926,
NBS,NBS Consumer Price Index and Inflation,2025-11,Table3,8,FARM PRODUCE,price,17.34714,
NBS,NBS Consumer Price Index and Inflation,2025-11,Table3,9,ENERGY,price,4.987569,
NBS,NBS Consumer Price Index and Inflation,2025-11,Table3,10,SERVICES,price,28.35985,
NBS,NBS Consumer Price Index and Inflation,2025-11,Table3,11,GOODS,price,42.29389,
NBS,NBS Consumer Price Index and Inflation,2025-11,Table3,12,Food &  Non Alcoholic Bev.,price,26.7595,
NBS,NBS Consumer Price Index and Inflation,2025-11,Table3,13,"ALCOHOLIC BEVERAGES, TOBACCO AND  NARCOTICS",unknown,0.254247,
NBS,NBS Consumer Price Index and Inflation,2025-11,Table3,14,Clothing and Footwear,unknown,3.333754,
NBS,NBS Consumer Price Index and Inflation,2025-11,Table3,15,"HOUSING, WATER, ELECTRICITY, GAS AND OTHER FUELS",price,7.213081,
NBS,NBS Consumer Price Index and Inflation,2025-11,Table3,16,"FURNISHINGS, HOUSEHOLD EQUIPMENT AND ROUTINE HOUSEHOLD MAINTENANCE",unknown,1.984745,
NBS,NBS Consumer Price Index and Inflation,2025-11,Table3,17,Health.,unknown,3.459399,
NBS,NBS Consumer Price Index and Inflation,2025-11,Table3,18,Transport,unknown,7.946328,
NBS,NBS Consumer Price Index and Inflation,2025-11,Table3,19,INFORMATION AND COMMUNICATION,unknown,2.530358,
NBS,NBS Consumer Price Index and Inflation,2025-11,Table3,20,"RECREATION, SPORT AND CULTURE",unknown,0.254938,
NBS,NBS Consumer Price Index and Inflation,2025-11,Table3,21,EDUCATION SERVICES,unknown,5.112391,
NBS,NBS Consumer Price Index and Inflation,2025-11,Table3,22,RESTAURANTS AND ACCOMODATION SERVICES,unknown,9.216351,
NBS,NBS Consumer Price Index and Inflation,2025-11,Table3,23,Insurance and Financial Services,unknown,0.34374,
NBS,NBS Consumer Price Index and Inflation,2025-11,Table3,24,"PERSONAL CARE, SOCIAL PROTECTION AND MISCELLANEOUS GOODS AND SERVICES",unknown,2.21427,
NBS,NBS Consumer Price Index and Inflation,2025-11,Table3,25,Month-on (%),date,,
NBS,NBS Consumer Price Index and Inflation,2025-11,Table3,26,Year-on (%),date,,
NBS,NBS Consumer Price Index and Inflation,2025-11,Table3,27,12-month average (%),percentage,,
NBS,NBS Consumer Price Index and Inflation,2025-11,Table3,28,,unknown,,blank header cell
NBS,NBS Consumer Price Index and Inflation,2025-11,Table3,29,,unknown,,blank header cell
NBS,NBS Consumer Price Index and Inflation,2025-11,Table3,30,,unknown,,blank header cell
NBS,NBS Consumer Price Index and Inflation,2025-11,Table3,31,,unknown,,blank header cell
NBS,NBS Consumer Price Index and Inflation,2025-11,Table4,1,,unknown,Weights,blank header cell
NBS,NBS Consumer Price Index and Inflation,2025-11,Table4,2,All Items,price,29.3769,
NBS,NBS Consumer Price Index and Inflation,2025-11,Table4,3,All Items less Farm Produce.,price,20.10814,
NBS,NBS Consumer Price Index and Inflation,2025-11,Table4,4,All Items less Farm Produce. and Energy,price,18.67631,
NBS,NBS Consumer Price Index and Inflation,2025-11,Table4,5,Imported Food,price,6.100216,
NBS,NBS Consumer Price Index and Inflation,2025-11,Table4,6,Food,price,9.329656,
NBS,NBS Consumer Price Index and Inflation,2025-11,Table4,7,FARM PRODUCE,price,9.263144,
NBS,NBS Consumer Price Index and Inflation,2025-11,Table4,8,ENERGY,price,1.431826,
NBS,NBS Consumer Price Index and Inflation,2025-11,Table4,9,SERVICES,price,9.187077,
NBS,NBS Consumer Price Index and Inflation,2025-11,Table4,10,GOODS,price,20.18421,
NBS,NBS Consumer Price Index and Inflation,2025-11,Table4,11,Food &  Non Alcoholic Bev.,price,13.25875,
NBS,NBS Consumer Price Index and Inflation,2025-11,Table4,12,"ALCOHOLIC BEVERAGES, TOBACCO AND  NARCOTICS",unknown,0.119333,
NBS,NBS Consumer Price Index and Inflation,2025-11,Table4,13,Clothing and Footwear,unknown,1.704374,
NBS,NBS Consumer Price Index and Inflation,2025-11,Table4,14,"Housing Water, Electricity. Gas and Other  Fuels",price,1.203269,
NBS,NBS Consumer Price Index and Inflation,2025-11,Table4,15,"FURNISHINGS, HOUSEHOLD EQUIPMENT AND ROUTINE HOUSEHOLD MAINTENANCE",unknown,0.973242,
NBS,NBS Consumer Price Index and Inflation,2025-11,Table4,16,Health.,unknown,2.598754,
NBS,NBS Consumer Price Index and Inflation,2025-11,Table4,17,Transport,unknown,2.712839,
NBS,NBS Consumer Price Index and Inflation,2025-11,Table4,18,INFORMATION AND COMMUNICATION,unknown,0.761959,
NBS,NBS Consumer Price Index and Inflation,2025-11,Table4,19,"RECREATION, SPORT AND CULTURE",unknown,0.055278,
NBS,NBS Consumer Price Index and Inflation,2025-11,Table4,20,EDUCATION SERVICES,unknown,1.086559,
NBS,NBS Consumer Price Index and Inflation,2025-11,Table4,21,RESTAURANTS AND ACCOMODATION SERVICES,unknown,3.700029,
NBS,NBS Consumer Price Index and Inflation,2025-11,Table4,22,Insurance and Financial Services,unknown,0.128843,
NBS,NBS Consumer Price Index and Inflation,2025-11,Table4,23,"PERSONAL CARE, SOCIAL PROTECTION AND MISCELLANEOUS GOODS AND SERVICES",unknown,1.073677,
NBS,NBS Consumer Price Index and Inflation,2025-11,Table4,24,Month-on (%),date,,
NBS,NBS Consumer Price Index and Inflation,2025-11,Table4,25,Year-on (%),date,,
NBS,NBS Consumer Price Index and Inflation,2025-11,Table4,26,12-month average (%),percentage,,
NBS,NBS Consumer Price Index and Inflation,2025-11,Table4,27,,unknown,,blank header cell
NBS,NBS Consumer Price Index and Inflation,2025-11,Table4,28,,unknown,,blank header cell
NBS,NBS Consumer Price Index and Inflation,2025-11,Table4,29,,unknown,,blank header cell
NBS,NBS Consumer Price Index and Inflation,2025-11,Table4,30,,unknown,,blank header cell
NBS,NBS Consumer Price Index and Inflation,2025-11,Table4,31,,unknown,,blank header cell
NBS,NBS Consumer Price Index and Inflation,2025-11,Table4,32,,unknown,,blank header cell
NBS,NBS Consumer Price Index and Inflation,2025-11,Table4,33,,unknown,,blank header cell
NBS,NBS Consumer Price Index and Inflation,2025-11,Table4,34,,unknown,,blank header cell
NBS,NBS Consumer Price Index and Inflation,2025-11,Table-5,1,,unknown,,blank header cell
NBS,NBS Consumer Price Index and Inflation,2025-11,Table-5,2,State,geography,Abia, | detected as the geography column
NBS,NBS Consumer Price Index and Inflation,2025-11,Table-5,3,Food,price,118.11236190193839,
NBS,NBS Consumer Price Index and Inflation,2025-11,Table-5,4,All Items,price,115.72475397261464,
NBS,NBS Consumer Price Index and Inflation,2025-11,Table-5,5,Food,price,127.2761206850975,
NBS,NBS Consumer Price Index and Inflation,2025-11,Table-5,6,All Items,price,130.48361820484388,
NBS,NBS Consumer Price Index and Inflation,2025-11,Table-5,7,Food,price,129.53433478667563,
NBS,NBS Consumer Price Index and Inflation,2025-11,Table-5,8,All Items,price,131.71164561801717,
NBS,NBS Consumer Price Index and Inflation,2025-11,Table-5,9,Food,price,9.670429666134538,
NBS,NBS Consumer Price Index and Inflation,2025-11,Table-5,10,All Items,price,13.814582530186854,
NBS,NBS Consumer Price Index and Inflation,2025-11,Table-5,11,Food,price,1.7742637734578182,
NBS,NBS Consumer Price Index and Inflation,2025-11,Table-5,12,All Items,price,0.9411353165003788,
NBS,NBS Consumer Price Index and Inflation,2025-10,Table1,1,,unknown,,blank header cell
NBS,NBS Consumer Price Index and Inflation,2025-10,Table1,2,,unknown,Weights,blank header cell
NBS,NBS Consumer Price Index and Inflation,2025-10,Table1,3,Monthly,price,100,
NBS,NBS Consumer Price Index and Inflation,2025-10,Table1,4,12-Month Average,price,,
NBS,NBS Consumer Price Index and Inflation,2025-10,Table1,5,Month-on change (%),date,,
NBS,NBS Consumer Price Index and Inflation,2025-10,Table1,6,Year-on change (%),date,,
NBS,NBS Consumer Price Index and Inflation,2025-10,Table1,7,12-Month average change (%),percentage,,
NBS,NBS Consumer Price Index and Inflation,2025-10,Table1,8,Monthly,price,73.41474,
NBS,NBS Consumer Price Index and Inflation,2025-10,Table1,9,12-Month Average,price,,
NBS,NBS Consumer Price Index and Inflation,2025-10,Table1,10,Month-on change (%),date,,
NBS,NBS Consumer Price Index and Inflation,2025-10,Table1,11,Year-on change (%),date,,
NBS,NBS Consumer Price Index and Inflation,2025-10,Table1,12,12-Month average change (%),percentage,,
NBS,NBS Consumer Price Index and Inflation,2025-10,Table1,13,Monthly,price,27.97892,
NBS,NBS Consumer Price Index and Inflation,2025-10,Table1,14,12-Month Average,price,,
NBS,NBS Consumer Price Index and Inflation,2025-10,Table1,15,Month-on change (%),date,,
NBS,NBS Consumer Price Index and Inflation,2025-10,Table1,16,Year-on change (%),date,,
NBS,NBS Consumer Price Index and Inflation,2025-10,Table1,17,12-Month average change (%),percentage,,
NBS,NBS Consumer Price Index and Inflation,2025-10,Table1,18,Monthly,price,66.99535,
NBS,NBS Consumer Price Index and Inflation,2025-10,Table1,19,12-Month Average,price,,
NBS,NBS Consumer Price Index and Inflation,2025-10,Table1,20,Month-on change (%),date,,
NBS,NBS Consumer Price Index and Inflation,2025-10,Table1,21,Year-on change (%),date,,
NBS,NBS Consumer Price Index and Inflation,2025-10,Table1,22,12-Month average change (%),percentage,,
NBS,NBS Consumer Price Index and Inflation,2025-10,Table1,23,,unknown,,blank header cell
NBS,NBS Consumer Price Index and Inflation,2025-10,Table2,1,,unknown,,blank header cell
NBS,NBS Consumer Price Index and Inflation,2025-10,Table2,2,All Items,price,100,
NBS,NBS Consumer Price Index and Inflation,2025-10,Table2,3,All Items less Farm Produce.,price,73.41,
NBS,NBS Consumer Price Index and Inflation,2025-10,Table2,4,All Items less Farm Produce. and Energy,price,66.99,
NBS,NBS Consumer Price Index and Inflation,2025-10,Table2,5,Imported Food,price,17.33,
NBS,NBS Consumer Price Index and Inflation,2025-10,Table2,6,Food,price,27.98,
NBS,NBS Consumer Price Index and Inflation,2025-10,Table2,7,FARM PRODUCE,price,26.61,
NBS,NBS Consumer Price Index and Inflation,2025-10,Table2,8,ENERGY,price,6.42,
NBS,NBS Consumer Price Index and Inflation,2025-10,Table2,9,SERVICES,price,37.55,
NBS,NBS Consumer Price Index and Inflation,2025-10,Table2,10,GOODS,price,62.48,
NBS,NBS Consumer Price Index and Inflation,2025-10,Table2,11,"ALL ITEMS LESS FOOD
 (NONFOOD INDEX)",price,72.02,
NBS,NBS Consumer Price Index and Inflation,2025-10,Table2,12,ALLITEMS LESS FOOD AND NON ALCOHOLIC BEVERAGES INDEX,price,60.08,
NBS,NBS Consumer Price Index and Inflation,2025-10,Table2,13,HOUSING (RENT) INDEX,price,4.23,
NBS,NBS Consumer Price Index and Inflation,2025-10,Table2,14,Food &  Non Alcoholic Bev.,price,40.02,
NBS,NBS Consumer Price Index and Inflation,2025-10,Table2,15,"ALCOHOLIC BEVERAGES, TOBACCO AND  NARCOTICS",unknown,0.37,
NBS,NBS Consumer Price Index and Inflation,2025-10,Table2,16,Clothing and Footwear,unknown,5.04,
NBS,NBS Consumer Price Index and Inflation,2025-10,Table2,17,"HOUSING, WATER, ELECTRICITY, GAS AND OTHER FUELS",price,8.42,
NBS,NBS Consumer Price Index and Inflation,2025-10,Table2,18,"FURNISHINGS, HOUSEHOLD EQUIPMENT AND ROUTINE HOUSEHOLD MAINTENANCE",unknown,2.96,
NBS,NBS Consumer Price Index and Inflation,2025-10,Table2,19,Health.,unknown,6.06,
NBS,NBS Consumer Price Index and Inflation,2025-10,Table2,20,Transport,unknown,10.66,
NBS,NBS Consumer Price Index and Inflation,2025-10,Table2,21,INFORMATION AND COMMUNICATION,unknown,3.29,
NBS,NBS Consumer Price Index and Inflation,2025-10,Table2,22,"RECREATION, SPORT AND CULTURE",unknown,0.31,
NBS,NBS Consumer Price Index and Inflation,2025-10,Table2,23,EDUCATION SERVICES,unknown,6.2,
NBS,NBS Consumer Price Index and Inflation,2025-10,Table2,24,RESTAURANTS AND ACCOMODATION SERVICES,unknown,12.92,
NBS,NBS Consumer Price Index and Inflation,2025-10,Table2,25,Insurance and Financial Services,unknown,0.47,
NBS,NBS Consumer Price Index and Inflation,2025-10,Table2,26,"PERSONAL CARE, SOCIAL PROTECTION AND MISCELLANEOUS GOODS AND SERVICES",unknown,3.29,
NBS,NBS Consumer Price Index and Inflation,2025-10,Table2,27,Month-on (%),date,,
NBS,NBS Consumer Price Index and Inflation,2025-10,Table2,28,Year-on (%),date,,
NBS,NBS Consumer Price Index and Inflation,2025-10,Table2,29,12-month average (%),percentage,,
NBS,NBS Consumer Price Index and Inflation,2025-10,Table2,30,,unknown,,blank header cell
NBS,NBS Consumer Price Index and Inflation,2025-10,Table2,31,,unknown,,blank header cell
NBS,NBS Consumer Price Index and Inflation,2025-10,Table2,32,,unknown,,blank header cell
NBS,NBS Consumer Price Index and Inflation,2025-10,Table2,33,,unknown,,blank header cell
NBS,NBS Consumer Price Index and Inflation,2025-10,Table2,34,,unknown,,blank header cell
NBS,NBS Consumer Price Index and Inflation,2025-10,Table2,35,,unknown,,blank header cell
NBS,NBS Consumer Price Index and Inflation,2025-10,Table2,36,,unknown,,blank header cell
NBS,NBS Consumer Price Index and Inflation,2025-10,Table2,37,,unknown,,blank header cell
NBS,NBS Consumer Price Index and Inflation,2025-10,Table2,38,,unknown,,blank header cell
NBS,NBS Consumer Price Index and Inflation,2025-10,Table2,39,,unknown,,blank header cell
NBS,NBS Consumer Price Index and Inflation,2025-10,Table2,40,,unknown,,blank header cell
NBS,NBS Consumer Price Index and Inflation,2025-10,Table2,41,,unknown,,blank header cell
NBS,NBS Consumer Price Index and Inflation,2025-10,Table2,42,,unknown,,blank header cell
NBS,NBS Consumer Price Index and Inflation,2025-10,Table2,43,,unknown,,blank header cell
NBS,NBS Consumer Price Index and Inflation,2025-10,Table2,44,,unknown,,blank header cell
NBS,NBS Consumer Price Index and Inflation,2025-10,Table2,45,,unknown,,blank header cell
NBS,NBS Consumer Price Index and Inflation,2025-10,Table2,46,,unknown,,blank header cell
NBS,NBS Consumer Price Index and Inflation,2025-10,Table2,47,,unknown,,blank header cell
NBS,NBS Consumer Price Index and Inflation,2025-10,Table3,1,,unknown,Weights,blank header cell
NBS,NBS Consumer Price Index and Inflation,2025-10,Table3,2,,unknown,,blank header cell
NBS,NBS Consumer Price Index and Inflation,2025-10,Table3,3,All Items,price,70.6231,
NBS,NBS Consumer Price Index and Inflation,2025-10,Table3,4,All Items less Farm Produce.,price,53.3066,
NBS,NBS Consumer Price Index and Inflation,2025-10,Table3,5,All Items less Farm Produce. and Energy,price,48.31903,
NBS,NBS Consumer Price Index and Inflation,2025-10,Table3,6,Imported Food,price,11.22541,
NBS,NBS Consumer Price Index and Inflation,2025-10,Table3,7,Food,price,18.64926,
NBS,NBS Consumer Price Index and Inflation,2025-10,Table3,8,FARM PRODUCE,price,17.34714,
NBS,NBS Consumer Price Index and Inflation,2025-10,Table3,9,ENERGY,price,4.987569,
NBS,NBS Consumer Price Index and Inflation,2025-10,Table3,10,SERVICES,price,28.35985,
NBS,NBS Consumer Price Index and Inflation,2025-10,Table3,11,GOODS,price,42.29389,
NBS,NBS Consumer Price Index and Inflation,2025-10,Table3,12,Food &  Non Alcoholic Bev.,price,26.7595,
NBS,NBS Consumer Price Index and Inflation,2025-10,Table3,13,"ALCOHOLIC BEVERAGES, TOBACCO AND  NARCOTICS",unknown,0.254247,
NBS,NBS Consumer Price Index and Inflation,2025-10,Table3,14,Clothing and Footwear,unknown,3.333754,
NBS,NBS Consumer Price Index and Inflation,2025-10,Table3,15,"HOUSING, WATER, ELECTRICITY, GAS AND OTHER FUELS",price,7.213081,
NBS,NBS Consumer Price Index and Inflation,2025-10,Table3,16,"FURNISHINGS, HOUSEHOLD EQUIPMENT AND ROUTINE HOUSEHOLD MAINTENANCE",unknown,1.984745,
NBS,NBS Consumer Price Index and Inflation,2025-10,Table3,17,Health.,unknown,3.459399,
NBS,NBS Consumer Price Index and Inflation,2025-10,Table3,18,Transport,unknown,7.946328,
NBS,NBS Consumer Price Index and Inflation,2025-10,Table3,19,INFORMATION AND COMMUNICATION,unknown,2.530358,
NBS,NBS Consumer Price Index and Inflation,2025-10,Table3,20,"RECREATION, SPORT AND CULTURE",unknown,0.254938,
NBS,NBS Consumer Price Index and Inflation,2025-10,Table3,21,EDUCATION SERVICES,unknown,5.112391,
NBS,NBS Consumer Price Index and Inflation,2025-10,Table3,22,RESTAURANTS AND ACCOMODATION SERVICES,unknown,9.216351,
NBS,NBS Consumer Price Index and Inflation,2025-10,Table3,23,Insurance and Financial Services,unknown,0.34374,
NBS,NBS Consumer Price Index and Inflation,2025-10,Table3,24,"PERSONAL CARE, SOCIAL PROTECTION AND MISCELLANEOUS GOODS AND SERVICES",unknown,2.21427,
NBS,NBS Consumer Price Index and Inflation,2025-10,Table3,25,Month-on (%),date,,
NBS,NBS Consumer Price Index and Inflation,2025-10,Table3,26,Year-on (%),date,,
NBS,NBS Consumer Price Index and Inflation,2025-10,Table3,27,12-month average (%),percentage,,
NBS,NBS Consumer Price Index and Inflation,2025-10,Table3,28,,unknown,,blank header cell
NBS,NBS Consumer Price Index and Inflation,2025-10,Table3,29,,unknown,,blank header cell
NBS,NBS Consumer Price Index and Inflation,2025-10,Table3,30,,unknown,,blank header cell
NBS,NBS Consumer Price Index and Inflation,2025-10,Table3,31,,unknown,,blank header cell
NBS,NBS Consumer Price Index and Inflation,2025-10,Table4,1,,unknown,Weights,blank header cell
NBS,NBS Consumer Price Index and Inflation,2025-10,Table4,2,All Items,price,29.3769,
NBS,NBS Consumer Price Index and Inflation,2025-10,Table4,3,All Items less Farm Produce.,price,20.10814,
NBS,NBS Consumer Price Index and Inflation,2025-10,Table4,4,All Items less Farm Produce. and Energy,price,18.67631,
NBS,NBS Consumer Price Index and Inflation,2025-10,Table4,5,Imported Food,price,6.100216,
NBS,NBS Consumer Price Index and Inflation,2025-10,Table4,6,Food,price,9.329656,
NBS,NBS Consumer Price Index and Inflation,2025-10,Table4,7,FARM PRODUCE,price,9.263144,
NBS,NBS Consumer Price Index and Inflation,2025-10,Table4,8,ENERGY,price,1.431826,
NBS,NBS Consumer Price Index and Inflation,2025-10,Table4,9,SERVICES,price,9.187077,
NBS,NBS Consumer Price Index and Inflation,2025-10,Table4,10,GOODS,price,20.18421,
NBS,NBS Consumer Price Index and Inflation,2025-10,Table4,11,Food &  Non Alcoholic Bev.,price,13.25875,
NBS,NBS Consumer Price Index and Inflation,2025-10,Table4,12,"ALCOHOLIC BEVERAGES, TOBACCO AND  NARCOTICS",unknown,0.119333,
NBS,NBS Consumer Price Index and Inflation,2025-10,Table4,13,Clothing and Footwear,unknown,1.704374,
NBS,NBS Consumer Price Index and Inflation,2025-10,Table4,14,"Housing Water, Electricity. Gas and Other  Fuels",price,1.203269,
NBS,NBS Consumer Price Index and Inflation,2025-10,Table4,15,"FURNISHINGS, HOUSEHOLD EQUIPMENT AND ROUTINE HOUSEHOLD MAINTENANCE",unknown,0.973242,
NBS,NBS Consumer Price Index and Inflation,2025-10,Table4,16,Health.,unknown,2.598754,
NBS,NBS Consumer Price Index and Inflation,2025-10,Table4,17,Transport,unknown,2.712839,
NBS,NBS Consumer Price Index and Inflation,2025-10,Table4,18,INFORMATION AND COMMUNICATION,unknown,0.761959,
NBS,NBS Consumer Price Index and Inflation,2025-10,Table4,19,"RECREATION, SPORT AND CULTURE",unknown,0.055278,
NBS,NBS Consumer Price Index and Inflation,2025-10,Table4,20,EDUCATION SERVICES,unknown,1.086559,
NBS,NBS Consumer Price Index and Inflation,2025-10,Table4,21,RESTAURANTS AND ACCOMODATION SERVICES,unknown,3.700029,
NBS,NBS Consumer Price Index and Inflation,2025-10,Table4,22,Insurance and Financial Services,unknown,0.128843,
NBS,NBS Consumer Price Index and Inflation,2025-10,Table4,23,"PERSONAL CARE, SOCIAL PROTECTION AND MISCELLANEOUS GOODS AND SERVICES",unknown,1.073677,
NBS,NBS Consumer Price Index and Inflation,2025-10,Table4,24,Month-on (%),date,,
NBS,NBS Consumer Price Index and Inflation,2025-10,Table4,25,Year-on (%),date,,
NBS,NBS Consumer Price Index and Inflation,2025-10,Table4,26,12-month average (%),percentage,,
NBS,NBS Consumer Price Index and Inflation,2025-10,Table4,27,,unknown,,blank header cell
NBS,NBS Consumer Price Index and Inflation,2025-10,Table4,28,,unknown,,blank header cell
NBS,NBS Consumer Price Index and Inflation,2025-10,Table4,29,,unknown,,blank header cell
NBS,NBS Consumer Price Index and Inflation,2025-10,Table4,30,,unknown,,blank header cell
NBS,NBS Consumer Price Index and Inflation,2025-10,Table4,31,,unknown,,blank header cell
NBS,NBS Consumer Price Index and Inflation,2025-10,Table4,32,,unknown,,blank header cell
NBS,NBS Consumer Price Index and Inflation,2025-10,Table4,33,,unknown,,blank header cell
NBS,NBS Consumer Price Index and Inflation,2025-10,Table4,34,,unknown,,blank header cell
NBS,NBS Consumer Price Index and Inflation,2025-10,Table-5,1,,unknown,,blank header cell
NBS,NBS Consumer Price Index and Inflation,2025-10,Table-5,2,State,geography,Abia, | detected as the geography column
NBS,NBS Consumer Price Index and Inflation,2025-10,Table-5,3,Food,price,113.6653209281236,
NBS,NBS Consumer Price Index and Inflation,2025-10,Table-5,4,All Items,price,111.9554349067843,
NBS,NBS Consumer Price Index and Inflation,2025-10,Table-5,5,Food,price,126.54084979305503,
NBS,NBS Consumer Price Index and Inflation,2025-10,Table-5,6,All Items,price,130.5044342469027,
NBS,NBS Consumer Price Index and Inflation,2025-10,Table-5,7,Food,price,127.2761206850975,
NBS,NBS Consumer Price Index and Inflation,2025-10,Table-5,8,All Items,price,130.48361820484388,
NBS,NBS Consumer Price Index and Inflation,2025-10,Table-5,9,Food,price,11.974452406271467,
NBS,NBS Consumer Price Index and Inflation,2025-10,Table-5,10,All Items,price,16.549605933366607,
NBS,NBS Consumer Price Index and Inflation,2025-10,Table-5,11,Food,price,0.5810541759794603,
NBS,NBS Consumer Price Index and Inflation,2025-10,Table-5,12,All Items,price,-0.015950448104646853,
NBS,NBS Consumer Price Index and Inflation,2026-02,Table1,1,,unknown,Weights,blank header cell
NBS,NBS Consumer Price Index and Inflation,2026-02,Table1,2,,unknown,,blank header cell
NBS,NBS Consumer Price Index and Inflation,2026-02,Table1,3,Monthly,price,100,
NBS,NBS Consumer Price Index and Inflation,2026-02,Table1,4,12-Month Average,price,,
NBS,NBS Consumer Price Index and Inflation,2026-02,Table1,5,Month-on change (%),date,,
NBS,NBS Consumer Price Index and Inflation,2026-02,Table1,6,Year-on change (%),date,,
NBS,NBS Consumer Price Index and Inflation,2026-02,Table1,7,12-Month average change (%),percentage,,
NBS,NBS Consumer Price Index and Inflation,2026-02,Table1,8,Monthly,price,73.41,
NBS,NBS Consumer Price Index and Inflation,2026-02,Table1,9,12-Month Average,price,,
NBS,NBS Consumer Price Index and Inflation,2026-02,Table1,10,Month-on change (%),date,,
NBS,NBS Consumer Price Index and Inflation,2026-02,Table1,11,Year-on change (%),date,,
NBS,NBS Consumer Price Index and Inflation,2026-02,Table1,12,12-Month average change (%),percentage,,
NBS,NBS Consumer Price Index and Inflation,2026-02,Table1,13,Monthly,price,27.98,
NBS,NBS Consumer Price Index and Inflation,2026-02,Table1,14,12-Month Average,price,,
NBS,NBS Consumer Price Index and Inflation,2026-02,Table1,15,Month-on change (%),date,,
NBS,NBS Consumer Price Index and Inflation,2026-02,Table1,16,Year-on change (%),date,,
NBS,NBS Consumer Price Index and Inflation,2026-02,Table1,17,12-Month average change (%),percentage,,
NBS,NBS Consumer Price Index and Inflation,2026-02,Table1,18,Monthly,price,66.99,
NBS,NBS Consumer Price Index and Inflation,2026-02,Table1,19,12-Month Average,price,,
NBS,NBS Consumer Price Index and Inflation,2026-02,Table1,20,Month-on change (%),date,,
NBS,NBS Consumer Price Index and Inflation,2026-02,Table1,21,Year-on change (%),date,,
NBS,NBS Consumer Price Index and Inflation,2026-02,Table1,22,12-Month average change (%),percentage,,
NBS,NBS Consumer Price Index and Inflation,2026-02,Table1,23,,unknown,,blank header cell
NBS,NBS Consumer Price Index and Inflation,2026-02,Table1 (2),1,,unknown,Weights,blank header cell
NBS,NBS Consumer Price Index and Inflation,2026-02,Table1 (2),2,,unknown,,blank header cell
NBS,NBS Consumer Price Index and Inflation,2026-02,Table1 (2),3,Monthly,price,1000,
NBS,NBS Consumer Price Index and Inflation,2026-02,Table1 (2),4,Monthly,price,100,
NBS,NBS Consumer Price Index and Inflation,2026-02,Table1 (2),5,12-Month Average,price,,
NBS,NBS Consumer Price Index and Inflation,2026-02,Table1 (2),6,12-Month Average,price,,
NBS,NBS Consumer Price Index and Inflation,2026-02,Table1 (2),7,Month-on change (%),date,,
NBS,NBS Consumer Price Index and Inflation,2026-02,Table1 (2),8,Month-on change (%),date,,
NBS,NBS Consumer Price Index and Inflation,2026-02,Table1 (2),9,Year-on change (%),date,,
NBS,NBS Consumer Price Index and Inflation,2026-02,Table1 (2),10,Year-on change (%),date,,
NBS,NBS Consumer Price Index and Inflation,2026-02,Table1 (2),11,12-Month average change (%),percentage,,
NBS,NBS Consumer Price Index and Inflation,2026-02,Table1 (2),12,12-Month average change (%),percentage,,
NBS,NBS Consumer Price Index and Inflation,2026-02,Table1 (2),13,Monthly,price,513.1043122747834,
NBS,NBS Consumer Price Index and Inflation,2026-02,Table1 (2),14,Monthly,price,73.41,
NBS,NBS Consumer Price Index and Inflation,2026-02,Table1 (2),15,12-Month Average,price,,
NBS,NBS Consumer Price Index and Inflation,2026-02,Table1 (2),16,12-Month Average,price,,
NBS,NBS Consumer Price Index and Inflation,2026-02,Table1 (2),17,Month-on change (%),date,,
NBS,NBS Consumer Price Index and Inflation,2026-02,Table1 (2),18,Month-on change (%),date,,
NBS,NBS Consumer Price Index and Inflation,2026-02,Table1 (2),19,Year-on change (%),date,,
NBS,NBS Consumer Price Index and Inflation,2026-02,Table1 (2),20,Year-on change (%),date,,
NBS,NBS Consumer Price Index and Inflation,2026-02,Table1 (2),21,12-Month average change (%),percentage,,
NBS,NBS Consumer Price Index and Inflation,2026-02,Table1 (2),22,12-Month average change (%),percentage,,
NBS,NBS Consumer Price Index and Inflation,2026-02,Table1 (2),23,Monthly,price,507.0588900812485,
NBS,NBS Consumer Price Index and Inflation,2026-02,Table1 (2),24,Monthly,price,27.98,
NBS,NBS Consumer Price Index and Inflation,2026-02,Table1 (2),25,12-Month Average,price,,
NBS,NBS Consumer Price Index and Inflation,2026-02,Table1 (2),26,12-Month Average,price,,
NBS,NBS Consumer Price Index and Inflation,2026-02,Table1 (2),27,Month-on change (%),date,,
NBS,NBS Consumer Price Index and Inflation,2026-02,Table1 (2),28,Month-on change (%),date,,
NBS,NBS Consumer Price Index and Inflation,2026-02,Table1 (2),29,Year-on change (%),date,,
NBS,NBS Consumer Price Index and Inflation,2026-02,Table1 (2),30,Year-on change (%),date,,
NBS,NBS Consumer Price Index and Inflation,2026-02,Table1 (2),31,12-Month average change (%),percentage,,
NBS,NBS Consumer Price Index and Inflation,2026-02,Table1 (2),32,12-Month average change (%),percentage,,
NBS,NBS Consumer Price Index and Inflation,2026-02,Table1 (2),33,Monthly,price,#REF!,
NBS,NBS Consumer Price Index and Inflation,2026-02,Table1 (2),34,Monthly,price,66.99,
NBS,NBS Consumer Price Index and Inflation,2026-02,Table1 (2),35,12-Month Average,price,,
NBS,NBS Consumer Price Index and Inflation,2026-02,Table1 (2),36,12-Month Average,price,,
NBS,NBS Consumer Price Index and Inflation,2026-02,Table1 (2),37,Month-on change (%),date,,
NBS,NBS Consumer Price Index and Inflation,2026-02,Table1 (2),38,Month-on change (%),date,,
NBS,NBS Consumer Price Index and Inflation,2026-02,Table1 (2),39,Year-on change (%),date,,
NBS,NBS Consumer Price Index and Inflation,2026-02,Table1 (2),40,Year-on change (%),date,,
NBS,NBS Consumer Price Index and Inflation,2026-02,Table1 (2),41,12-Month average change (%),percentage,,
NBS,NBS Consumer Price Index and Inflation,2026-02,Table1 (2),42,12-Month average change (%),percentage,,
NBS,NBS Consumer Price Index and Inflation,2026-02,Table1 (2),43,,unknown,,blank header cell
NBS,NBS Consumer Price Index and Inflation,2026-02,Table1 (2),44,,unknown,,blank header cell
NBS,NBS Consumer Price Index and Inflation,2026-02,Table1 (2),45,,unknown,,blank header cell
NBS,NBS Consumer Price Index and Inflation,2026-02,Table1 (2),46,,unknown,,blank header cell
NBS,NBS Consumer Price Index and Inflation,2026-02,Table1 (2),47,,unknown,,blank header cell
NBS,NBS Consumer Price Index and Inflation,2026-02,Table1 (2),48,,unknown,,blank header cell
NBS,NBS Consumer Price Index and Inflation,2026-02,Table2,1,,unknown,Weights,blank header cell
NBS,NBS Consumer Price Index and Inflation,2026-02,Table2,2,,unknown,,blank header cell
NBS,NBS Consumer Price Index and Inflation,2026-02,Table2,3,All Items,price,100,
NBS,NBS Consumer Price Index and Inflation,2026-02,Table2,4,All Items Less Farm Produce,price,73.41,
NBS,NBS Consumer Price Index and Inflation,2026-02,Table2,5,Core Index (All Items Less Farm Produce And Energy),price,66.99,
NBS,NBS Consumer Price Index and Inflation,2026-02,Table2,6,Imported Food,price,17.33,
NBS,NBS Consumer Price Index and Inflation,2026-02,Table2,7,Food,price,27.98,
NBS,NBS Consumer Price Index and Inflation,2026-02,Table2,8,Farm Produce,price,26.61,
NBS,NBS Consumer Price Index and Inflation,2026-02,Table2,9,Energy,price,6.42,
NBS,NBS Consumer Price Index and Inflation,2026-02,Table2,10,Services,price,37.55,
NBS,NBS Consumer Price Index and Inflation,2026-02,Table2,11,Goods,price,62.48,
NBS,NBS Consumer Price Index and Inflation,2026-02,Table2,12,"ALL ITEMS LESS FOOD
 (NONFOOD INDEX)",price,,
NBS,NBS Consumer Price Index and Inflation,2026-02,Table2,13,ALLITEMS LESS FOOD AND NON ALCOHOLIC BEVERAGES INDEX,price,,
NBS,NBS Consumer Price Index and Inflation,2026-02,Table2,14,HOUSING (RENT) INDEX,price,,
NBS,NBS Consumer Price Index and Inflation,2026-02,Table2,15,Food And Non-Alcoholic Beverages,price,40.02,
NBS,NBS Consumer Price Index and Inflation,2026-02,Table2,16,"Alcoholic Beverages, Tobacco And  Narcotics",unknown,0.37,
NBS,NBS Consumer Price Index and Inflation,2026-02,Table2,17,Clothing And Footwear,unknown,5.04,
NBS,NBS Consumer Price Index and Inflation,2026-02,Table2,18,"Housing, Water, Electricity, Gas And Other Fuels",price,8.42,
NBS,NBS Consumer Price Index and Inflation,2026-02,Table2,19,"Furnishings, Household Equipment And Routine Household Maintenance",unknown,2.96,
NBS,NBS Consumer Price Index and Inflation,2026-02,Table2,20,Health.,unknown,6.06,
NBS,NBS Consumer Price Index and Inflation,2026-02,Table2,21,Transport,unknown,10.66,
NBS,NBS Consumer Price Index and Inflation,2026-02,Table2,22,Information And Communication,unknown,3.29,
NBS,NBS Consumer Price Index and Inflation,2026-02,Table2,23,"Recreation, Sport And Culture",unknown,0.31,
NBS,NBS Consumer Price Index and Inflation,2026-02,Table2,24,Education Services,unknown,6.2,
NBS,NBS Consumer Price Index and Inflation,2026-02,Table2,25,Restaurants And Accomodation Services,unknown,12.92,
NBS,NBS Consumer Price Index and Inflation,2026-02,Table2,26,Insurance and Financial Services,unknown,0.47,
NBS,NBS Consumer Price Index and Inflation,2026-02,Table2,27,"Personal Care, Social Protection And Miscellaneous Goods And Services",unknown,3.29,
NBS,NBS Consumer Price Index and Inflation,2026-02,Table2,28,Month-on (%),date,,
NBS,NBS Consumer Price Index and Inflation,2026-02,Table2,29,Year-on (%),date,,
NBS,NBS Consumer Price Index and Inflation,2026-02,Table2,30,12-month average (%),percentage,,
NBS,NBS Consumer Price Index and Inflation,2026-02,Table2,31,,unknown,,blank header cell
NBS,NBS Consumer Price Index and Inflation,2026-02,Table2,32,,unknown,,blank header cell
NBS,NBS Consumer Price Index and Inflation,2026-02,Table2,33,,unknown,,blank header cell
NBS,NBS Consumer Price Index and Inflation,2026-02,Table2,34,,unknown,,blank header cell
NBS,NBS Consumer Price Index and Inflation,2026-02,Table2 (2),1,,unknown,Weights,blank header cell
NBS,NBS Consumer Price Index and Inflation,2026-02,Table2 (2),2,,unknown,,blank header cell
NBS,NBS Consumer Price Index and Inflation,2026-02,Table2 (2),3,All Items,price,999.9999999999999,
NBS,NBS Consumer Price Index and Inflation,2026-02,Table2 (2),4,All Items,price,100,
NBS,NBS Consumer Price Index and Inflation,2026-02,Table2 (2),5,All Items less Farm Produce.,price,513.1043122747834,
NBS,NBS Consumer Price Index and Inflation,2026-02,Table2 (2),6,All Items Less Farm Produce,price,73.41,
NBS,NBS Consumer Price Index and Inflation,2026-02,Table2 (2),7,All Items less Farm Produce. and Energy,price,405.55493225171676,
NBS,NBS Consumer Price Index and Inflation,2026-02,Table2 (2),8,Core Index (All Items Less Farm Produce And Energy),price,66.99,
NBS,NBS Consumer Price Index and Inflation,2026-02,Table2 (2),9,Imported Food,price,132.8786430845212,
NBS,NBS Consumer Price Index and Inflation,2026-02,Table2 (2),10,Imported Food,price,17.33,
NBS,NBS Consumer Price Index and Inflation,2026-02,Table2 (2),11,Food,price,507.0588900812485,
NBS,NBS Consumer Price Index and Inflation,2026-02,Table2 (2),12,Food,price,27.98,
NBS,NBS Consumer Price Index and Inflation,2026-02,Table2 (2),13,Farm Produce,price,26.61,
NBS,NBS Consumer Price Index and Inflation,2026-02,Table2 (2),14,Energy,price,6.42,
NBS,NBS Consumer Price Index and Inflation,2026-02,Table2 (2),15,Services,price,37.55,
NBS,NBS Consumer Price Index and Inflation,2026-02,Table2 (2),16,Goods,price,62.48,
NBS,NBS Consumer Price Index and Inflation,2026-02,Table2 (2),17,Food &  Non Alcoholic Bev.,price,518.0035159781029,
NBS,NBS Consumer Price Index and Inflation,2026-02,Table2 (2),18,Food And Non-Alcoholic Beverages,price,40.02,
NBS,NBS Consumer Price Index and Inflation,2026-02,Table2 (2),19,Alcoholic Beverage. Tobacco and Kola,unknown,10.870023422874887,
NBS,NBS Consumer Price Index and Inflation,2026-02,Table2 (2),20,"Alcoholic Beverages, Tobacco And  Narcotics",unknown,0.37,
NBS,NBS Consumer Price Index and Inflation,2026-02,Table2 (2),21,Clothing and Footwear,unknown,76.50177479764076,
NBS,NBS Consumer Price Index and Inflation,2026-02,Table2 (2),22,Clothing And Footwear,unknown,5.04,
NBS,NBS Consumer Price Index and Inflation,2026-02,Table2 (2),23,"Housing Water, Electricity. Gas and Other  Fuel",price,167.3417670918405,
NBS,NBS Consumer Price Index and Inflation,2026-02,Table2 (2),24,"Housing, Water, Electricity, Gas And Other Fuels",price,8.42,
NBS,NBS Consumer Price Index and Inflation,2026-02,Table2 (2),25,Furnishings & Household Equipment Maintenance.,unknown,50.30429132112485,
NBS,NBS Consumer Price Index and Inflation,2026-02,Table2 (2),26,"Furnishings, Household Equipment And Routine Household Maintenance",unknown,2.96,
NBS,NBS Consumer Price Index and Inflation,2026-02,Table2 (2),27,Health.,unknown,30.041719595344983,
NBS,NBS Consumer Price Index and Inflation,2026-02,Table2 (2),28,Health.,unknown,6.06,
NBS,NBS Consumer Price Index and Inflation,2026-02,Table2 (2),29,Transport,unknown,65.08383943029551,
NBS,NBS Consumer Price Index and Inflation,2026-02,Table2 (2),30,Transport,unknown,10.66,
NBS,NBS Consumer Price Index and Inflation,2026-02,Table2 (2),31,Communication,unknown,6.798146513600633,
NBS,NBS Consumer Price Index and Inflation,2026-02,Table2 (2),32,Information And Communication,unknown,3.29,
NBS,NBS Consumer Price Index and Inflation,2026-02,Table2 (2),33,Recreation & Culture.,unknown,6.8692556920957415,
NBS,NBS Consumer Price Index and Inflation,2026-02,Table2 (2),34,"Recreation, Sport And Culture",unknown,0.31,
NBS,NBS Consumer Price Index and Inflation,2026-02,Table2 (2),35,Education,unknown,39.43545584224773,
NBS,NBS Consumer Price Index and Inflation,2026-02,Table2 (2),36,Education Services,unknown,6.2,
NBS,NBS Consumer Price Index and Inflation,2026-02,Table2 (2),37,Restaurant &  Hotels,unknown,12.116896655754124,
NBS,NBS Consumer Price Index and Inflation,2026-02,Table2 (2),38,Restaurants And Accomodation Services,unknown,12.92,
NBS,NBS Consumer Price Index and Inflation,2026-02,Table2 (2),39,Insurance and Financial Services,unknown,0.47,
NBS,NBS Consumer Price Index and Inflation,2026-02,Table2 (2),40,Miscellaneous Goods & Services,unknown,16.633313659077338,
NBS,NBS Consumer Price Index and Inflation,2026-02,Table2 (2),41,"Personal Care, Social Protection And Miscellaneous Goods And Services",unknown,3.29,
NBS,NBS Consumer Price Index and Inflation,2026-02,Table2 (2),42,Month-on (%),date,,
NBS,NBS Consumer Price Index and Inflation,2026-02,Table2 (2),43,Month-on (%),date,,
NBS,NBS Consumer Price Index and Inflation,2026-02,Table2 (2),44,Year-on (%),date,,
NBS,NBS Consumer Price Index and Inflation,2026-02,Table2 (2),45,Year-on (%),date,,
NBS,NBS Consumer Price Index and Inflation,2026-02,Table2 (2),46,12-month average (%),percentage,,
NBS,NBS Consumer Price Index and Inflation,2026-02,Table2 (2),47,12-month average (%),percentage,,
NBS,NBS Consumer Price Index and Inflation,2026-02,Table2 (2),48,,unknown,,blank header cell
NBS,NBS Consumer Price Index and Inflation,2026-02,Table2 (2),49,,unknown,,blank header cell
NBS,NBS Consumer Price Index and Inflation,2026-02,Table2 (2),50,,unknown,,blank header cell
NBS,NBS Consumer Price Index and Inflation,2026-02,Table2 (2),51,,unknown,,blank header cell
NBS,NBS Consumer Price Index and Inflation,2026-02,Table2 (2),52,,unknown,,blank header cell
NBS,NBS Consumer Price Index and Inflation,2026-02,Table2 (2),53,,unknown,,blank header cell
NBS,NBS Consumer Price Index and Inflation,2026-02,Table2 (2),54,,unknown,,blank header cell
NBS,NBS Consumer Price Index and Inflation,2026-02,Table2 (2),55,,unknown,,blank header cell
NBS,NBS Consumer Price Index and Inflation,2026-02,Table2 (2),56,,unknown,,blank header cell
NBS,NBS Consumer Price Index and Inflation,2026-02,Table2 (2),57,,unknown,,blank header cell
NBS,NBS Consumer Price Index and Inflation,2026-02,Table2 (2),58,,unknown,,blank header cell
NBS,NBS Consumer Price Index and Inflation,2026-02,Table2 (2),59,,unknown,,blank header cell
NBS,NBS Consumer Price Index and Inflation,2026-02,Table2 (2),60,,unknown,,blank header cell
NBS,NBS Consumer Price Index and Inflation,2026-02,Table2 (2),61,,unknown,,blank header cell
NBS,NBS Consumer Price Index and Inflation,2026-02,Table2 (2),62,,unknown,,blank header cell
NBS,NBS Consumer Price Index and Inflation,2026-02,Table2 (2),63,,unknown,,blank header cell
NBS,NBS Consumer Price Index and Inflation,2026-02,Table2 (2),64,,unknown,,blank header cell
NBS,NBS Consumer Price Index and Inflation,2026-02,Table2 (2),65,,unknown,,blank header cell
NBS,NBS Consumer Price Index and Inflation,2026-02,Table3,1,,unknown,Weights,blank header cell
NBS,NBS Consumer Price Index and Inflation,2026-02,Table3,2,,unknown,,blank header cell
NBS,NBS Consumer Price Index and Inflation,2026-02,Table3,3,All Items,price,70.6231,
NBS,NBS Consumer Price Index and Inflation,2026-02,Table3,4,All Items Less Farm Produce,price,53.3066,
NBS,NBS Consumer Price Index and Inflation,2026-02,Table3,5,Core Index (All Items Less Farm Produce And Energy),price,48.31903,
NBS,NBS Consumer Price Index and Inflation,2026-02,Table3,6,Imported Food,price,11.22541,
NBS,NBS Consumer Price Index and Inflation,2026-02,Table3,7,Food,price,18.64926,
NBS,NBS Consumer Price Index and Inflation,2026-02,Table3,8,Farm Produce,price,17.34714,
NBS,NBS Consumer Price Index and Inflation,2026-02,Table3,9,Energy,price,4.987569,
NBS,NBS Consumer Price Index and Inflation,2026-02,Table3,10,Services,price,28.35985,
NBS,NBS Consumer Price Index and Inflation,2026-02,Table3,11,Goods,price,42.29389,
NBS,NBS Consumer Price Index and Inflation,2026-02,Table3,12,Food And Non-Alcoholic Beverages,price,26.7595,
NBS,NBS Consumer Price Index and Inflation,2026-02,Table3,13,"Alcoholic Beverages, Tobacco And  Narcotics",unknown,0.254247,
NBS,NBS Consumer Price Index and Inflation,2026-02,Table3,14,Clothing And Footwear,unknown,3.333754,
NBS,NBS Consumer Price Index and Inflation,2026-02,Table3,15,"Housing, Water, Electricity, Gas And Other Fuels",price,7.213081,
NBS,NBS Consumer Price Index and Inflation,2026-02,Table3,16,"Furnishings, Household Equipment And Routine Household Maintenance",unknown,1.984745,
NBS,NBS Consumer Price Index and Inflation,2026-02,Table3,17,Health.,unknown,3.459399,
NBS,NBS Consumer Price Index and Inflation,2026-02,Table3,18,Transport,unknown,7.946328,
NBS,NBS Consumer Price Index and Inflation,2026-02,Table3,19,Information And Communication,unknown,2.530358,
NBS,NBS Consumer Price Index and Inflation,2026-02,Table3,20,"Recreation, Sport And Culture",unknown,0.254938,
NBS,NBS Consumer Price Index and Inflation,2026-02,Table3,21,Education Services,unknown,5.112391,
NBS,NBS Consumer Price Index and Inflation,2026-02,Table3,22,Restaurants And Accomodation Services,unknown,9.216351,
NBS,NBS Consumer Price Index and Inflation,2026-02,Table3,23,Insurance and Financial Services,unknown,0.34374,
NBS,NBS Consumer Price Index and Inflation,2026-02,Table3,24,"Personal Care, Social Protection And Miscellaneous Goods And Services",unknown,2.21427,
NBS,NBS Consumer Price Index and Inflation,2026-02,Table3,25,Month-on (%),date,,
NBS,NBS Consumer Price Index and Inflation,2026-02,Table3,26,Year-on (%),date,,
NBS,NBS Consumer Price Index and Inflation,2026-02,Table3,27,12-month average (%),percentage,,
NBS,NBS Consumer Price Index and Inflation,2026-02,Table3,28,,unknown,,blank header cell
NBS,NBS Consumer Price Index and Inflation,2026-02,Table3,29,,unknown,,blank header cell
NBS,NBS Consumer Price Index and Inflation,2026-02,Table3,30,,unknown,,blank header cell
NBS,NBS Consumer Price Index and Inflation,2026-02,Table3,31,,unknown,,blank header cell
NBS,NBS Consumer Price Index and Inflation,2026-02,Table3 (2),1,,unknown,Weights,blank header cell
NBS,NBS Consumer Price Index and Inflation,2026-02,Table3 (2),2,,unknown,,blank header cell
NBS,NBS Consumer Price Index and Inflation,2026-02,Table3 (2),3,All Items,price,999.9999999999998,
NBS,NBS Consumer Price Index and Inflation,2026-02,Table3 (2),4,All Items,price,70.6231,
NBS,NBS Consumer Price Index and Inflation,2026-02,Table3 (2),5,All Items less Farm Produce.,price,552.6438747349832,
NBS,NBS Consumer Price Index and Inflation,2026-02,Table3 (2),6,All Items Less Farm Produce,price,53.3066,
NBS,NBS Consumer Price Index and Inflation,2026-02,Table3 (2),7,All Items less Farm Produce. and Energy,price,418.66977694768946,
NBS,NBS Consumer Price Index and Inflation,2026-02,Table3 (2),8,Core Index (All Items Less Farm Produce And Energy),price,48.31903,
NBS,NBS Consumer Price Index and Inflation,2026-02,Table3 (2),9,Imported Food,price,155.45143810593527,
NBS,NBS Consumer Price Index and Inflation,2026-02,Table3 (2),10,Imported Food,price,11.22541,
NBS,NBS Consumer Price Index and Inflation,2026-02,Table3 (2),11,Food,price,476.8847287905714,
NBS,NBS Consumer Price Index and Inflation,2026-02,Table3 (2),12,Food,price,18.64926,
NBS,NBS Consumer Price Index and Inflation,2026-02,Table3 (2),13,Farm Produce,price,17.34714,
NBS,NBS Consumer Price Index and Inflation,2026-02,Table3 (2),14,Energy,price,4.987569,
NBS,NBS Consumer Price Index and Inflation,2026-02,Table3 (2),15,Services,price,28.35985,
NBS,NBS Consumer Price Index and Inflation,2026-02,Table3 (2),16,Goods,price,42.29389,
NBS,NBS Consumer Price Index and Inflation,2026-02,Table3 (2),17,Food &  Non Alcoholic Bev.,price,490.58603344696826,
NBS,NBS Consumer Price Index and Inflation,2026-02,Table3 (2),18,Food And Non-Alcoholic Beverages,price,26.7595,
NBS,NBS Consumer Price Index and Inflation,2026-02,Table3 (2),19,Alcoholic Beverage. Tobacco and Kola,unknown,11.185908197369981,
NBS,NBS Consumer Price Index and Inflation,2026-02,Table3 (2),20,"Alcoholic Beverages, Tobacco And  Narcotics",unknown,0.254247,
NBS,NBS Consumer Price Index and Inflation,2026-02,Table3 (2),21,Clothing and Footwear,unknown,65.50403131243718,
NBS,NBS Consumer Price Index and Inflation,2026-02,Table3 (2),22,Clothing And Footwear,unknown,3.333754,
NBS,NBS Consumer Price Index and Inflation,2026-02,Table3 (2),23,"Housing Water, Electricity. Gas and Other  Fuel",price,191.5102585444788,
NBS,NBS Consumer Price Index and Inflation,2026-02,Table3 (2),24,"Housing, Water, Electricity, Gas And Other Fuels",price,7.213081,
NBS,NBS Consumer Price Index and Inflation,2026-02,Table3 (2),25,Furnishings & Household Equipment Maintenance.,unknown,49.80621275080386,
NBS,NBS Consumer Price Index and Inflation,2026-02,Table3 (2),26,"Furnishings, Household Equipment And Routine Household Maintenance",unknown,1.984745,
NBS,NBS Consumer Price Index and Inflation,2026-02,Table3 (2),27,Health.,unknown,27.401177978203123,
NBS,NBS Consumer Price Index and Inflation,2026-02,Table3 (2),28,Health.,unknown,3.459399,
NBS,NBS Consumer Price Index and Inflation,2026-02,Table3 (2),29,Transport,unknown,74.5434081193025,
NBS,NBS Consumer Price Index and Inflation,2026-02,Table3 (2),30,Transport,unknown,7.946328,
NBS,NBS Consumer Price Index and Inflation,2026-02,Table3 (2),31,Communication,unknown,10.142667529244841,
NBS,NBS Consumer Price Index and Inflation,2026-02,Table3 (2),32,Information And Communication,unknown,2.530358,
NBS,NBS Consumer Price Index and Inflation,2026-02,Table3 (2),33,Recreation & Culture.,unknown,7.135934731470604,
NBS,NBS Consumer Price Index and Inflation,2026-02,Table3 (2),34,"Recreation, Sport And Culture",unknown,0.254938,
NBS,NBS Consumer Price Index and Inflation,2026-02,Table3 (2),35,Education,unknown,40.046464015609814,
NBS,NBS Consumer Price Index and Inflation,2026-02,Table3 (2),36,Education Services,unknown,5.112391,
NBS,NBS Consumer Price Index and Inflation,2026-02,Table3 (2),37,Restaurant &  Hotels,unknown,14.485013990566927,
NBS,NBS Consumer Price Index and Inflation,2026-02,Table3 (2),38,Restaurants And Accomodation Services,unknown,9.216351,
NBS,NBS Consumer Price Index and Inflation,2026-02,Table3 (2),39,Insurance and Financial Services,unknown,0.34374,
NBS,NBS Consumer Price Index and Inflation,2026-02,Table3 (2),40,Miscellaneous Goods & Services,unknown,17.652889383544117,
NBS,NBS Consumer Price Index and Inflation,2026-02,Table3 (2),41,"Personal Care, Social Protection And Miscellaneous Goods And Services",unknown,2.21427,
NBS,NBS Consumer Price Index and Inflation,2026-02,Table3 (2),42,Month-on (%),date,,
NBS,NBS Consumer Price Index and Inflation,2026-02,Table3 (2),43,Month-on (%),date,,
NBS,NBS Consumer Price Index and Inflation,2026-02,Table3 (2),44,Year-on (%),date,,
NBS,NBS Consumer Price Index and Inflation,2026-02,Table3 (2),45,Year-on (%),date,,
NBS,NBS Consumer Price Index and Inflation,2026-02,Table3 (2),46,12-month average (%),percentage,,
NBS,NBS Consumer Price Index and Inflation,2026-02,Table3 (2),47,12-month average (%),percentage,,
NBS,NBS Consumer Price Index and Inflation,2026-02,Table3 (2),48,,unknown,,blank header cell
NBS,NBS Consumer Price Index and Inflation,2026-02,Table3 (2),49,,unknown,,blank header cell
NBS,NBS Consumer Price Index and Inflation,2026-02,Table3 (2),50,,unknown,,blank header cell
NBS,NBS Consumer Price Index and Inflation,2026-02,Table3 (2),51,,unknown,,blank header cell
NBS,NBS Consumer Price Index and Inflation,2026-02,Table3 (3),1,,unknown,Weights,blank header cell
NBS,NBS Consumer Price Index and Inflation,2026-02,Table3 (3),2,,unknown,,blank header cell
NBS,NBS Consumer Price Index and Inflation,2026-02,Table3 (3),3,All Items,price,999.9999999999998,
NBS,NBS Consumer Price Index and Inflation,2026-02,Table3 (3),4,All Items,price,70.6231,
NBS,NBS Consumer Price Index and Inflation,2026-02,Table3 (3),5,All Items less Farm Produce.,price,552.6438747349832,
NBS,NBS Consumer Price Index and Inflation,2026-02,Table3 (3),6,All Items Less Farm Produce,price,53.3066,
NBS,NBS Consumer Price Index and Inflation,2026-02,Table3 (3),7,All Items less Farm Produce. and Energy,price,418.66977694768946,
NBS,NBS Consumer Price Index and Inflation,2026-02,Table3 (3),8,Core Index (All Items Less Farm Produce And Energy),price,48.31903,
NBS,NBS Consumer Price Index and Inflation,2026-02,Table3 (3),9,Imported Food,price,155.45143810593527,
NBS,NBS Consumer Price Index and Inflation,2026-02,Table3 (3),10,Imported Food,price,11.22541,
NBS,NBS Consumer Price Index and Inflation,2026-02,Table3 (3),11,Food,price,476.8847287905714,
NBS,NBS Consumer Price Index and Inflation,2026-02,Table3 (3),12,Food,price,18.64926,
NBS,NBS Consumer Price Index and Inflation,2026-02,Table3 (3),13,Farm Produce,price,17.34714,
NBS,NBS Consumer Price Index and Inflation,2026-02,Table3 (3),14,Energy,price,4.987569,
NBS,NBS Consumer Price Index and Inflation,2026-02,Table3 (3),15,Services,price,28.35985,
NBS,NBS Consumer Price Index and Inflation,2026-02,Table3 (3),16,Goods,price,42.29389,
NBS,NBS Consumer Price Index and Inflation,2026-02,Table3 (3),17,Food &  Non Alcoholic Bev.,price,490.58603344696826,
NBS,NBS Consumer Price Index and Inflation,2026-02,Table3 (3),18,Food And Non-Alcoholic Beverages,price,26.7595,
NBS,NBS Consumer Price Index and Inflation,2026-02,Table3 (3),19,Alcoholic Beverage. Tobacco and Kola,unknown,11.185908197369981,
NBS,NBS Consumer Price Index and Inflation,2026-02,Table3 (3),20,"Alcoholic Beverages, Tobacco And  Narcotics",unknown,0.254247,
NBS,NBS Consumer Price Index and Inflation,2026-02,Table3 (3),21,Clothing and Footwear,unknown,65.50403131243718,
NBS,NBS Consumer Price Index and Inflation,2026-02,Table3 (3),22,Clothing And Footwear,unknown,3.333754,
NBS,NBS Consumer Price Index and Inflation,2026-02,Table3 (3),23,"Housing Water, Electricity. Gas and Other  Fuel",price,191.5102585444788,
NBS,NBS Consumer Price Index and Inflation,2026-02,Table3 (3),24,"Housing, Water, Electricity, Gas And Other Fuels",price,7.213081,
NBS,NBS Consumer Price Index and Inflation,2026-02,Table3 (3),25,Furnishings & Household Equipment Maintenance.,unknown,49.80621275080386,
NBS,NBS Consumer Price Index and Inflation,2026-02,Table3 (3),26,"Furnishings, Household Equipment And Routine Household Maintenance",unknown,1.984745,
NBS,NBS Consumer Price Index and Inflation,2026-02,Table3 (3),27,Health.,unknown,27.401177978203123,
NBS,NBS Consumer Price Index and Inflation,2026-02,Table3 (3),28,Health.,unknown,3.459399,
NBS,NBS Consumer Price Index and Inflation,2026-02,Table3 (3),29,Transport,unknown,74.5434081193025,
NBS,NBS Consumer Price Index and Inflation,2026-02,Table3 (3),30,Transport,unknown,7.946328,
NBS,NBS Consumer Price Index and Inflation,2026-02,Table3 (3),31,Communication,unknown,10.142667529244841,
NBS,NBS Consumer Price Index and Inflation,2026-02,Table3 (3),32,Information And Communication,unknown,2.530358,
NBS,NBS Consumer Price Index and Inflation,2026-02,Table3 (3),33,Recreation & Culture.,unknown,7.135934731470604,
NBS,NBS Consumer Price Index and Inflation,2026-02,Table3 (3),34,"Recreation, Sport And Culture",unknown,0.254938,
NBS,NBS Consumer Price Index and Inflation,2026-02,Table3 (3),35,Education,unknown,40.046464015609814,
NBS,NBS Consumer Price Index and Inflation,2026-02,Table3 (3),36,Education Services,unknown,5.112391,
NBS,NBS Consumer Price Index and Inflation,2026-02,Table3 (3),37,Restaurant &  Hotels,unknown,14.485013990566927,
NBS,NBS Consumer Price Index and Inflation,2026-02,Table3 (3),38,Restaurants And Accomodation Services,unknown,9.216351,
NBS,NBS Consumer Price Index and Inflation,2026-02,Table3 (3),39,Insurance and Financial Services,unknown,0.34374,
NBS,NBS Consumer Price Index and Inflation,2026-02,Table3 (3),40,Miscellaneous Goods & Services,unknown,17.652889383544117,
NBS,NBS Consumer Price Index and Inflation,2026-02,Table3 (3),41,"Personal Care, Social Protection And Miscellaneous Goods And Services",unknown,2.21427,
NBS,NBS Consumer Price Index and Inflation,2026-02,Table3 (3),42,Month-on (%),date,,
NBS,NBS Consumer Price Index and Inflation,2026-02,Table3 (3),43,Month-on (%),date,,
NBS,NBS Consumer Price Index and Inflation,2026-02,Table3 (3),44,Year-on (%),date,,
NBS,NBS Consumer Price Index and Inflation,2026-02,Table3 (3),45,Year-on (%),date,,
NBS,NBS Consumer Price Index and Inflation,2026-02,Table3 (3),46,12-month average (%),percentage,,
NBS,NBS Consumer Price Index and Inflation,2026-02,Table3 (3),47,12-month average (%),percentage,,
NBS,NBS Consumer Price Index and Inflation,2026-02,Table3 (3),48,,unknown,,blank header cell
NBS,NBS Consumer Price Index and Inflation,2026-02,Table3 (3),49,,unknown,,blank header cell
NBS,NBS Consumer Price Index and Inflation,2026-02,Table3 (3),50,,unknown,,blank header cell
NBS,NBS Consumer Price Index and Inflation,2026-02,Table3 (3),51,,unknown,,blank header cell
NBS,NBS Consumer Price Index and Inflation,2026-02,Table4,1,,unknown,Weights,blank header cell
NBS,NBS Consumer Price Index and Inflation,2026-02,Table4,2,,unknown,,blank header cell
NBS,NBS Consumer Price Index and Inflation,2026-02,Table4,3,All Items,price,29.3769,
NBS,NBS Consumer Price Index and Inflation,2026-02,Table4,4,All Items Less Farm Produce,price,20.10814,
NBS,NBS Consumer Price Index and Inflation,2026-02,Table4,5,Core Index (All Items Less Farm Produce And Energy),price,18.67631,
NBS,NBS Consumer Price Index and Inflation,2026-02,Table4,6,Imported Food,price,6.100216,
NBS,NBS Consumer Price Index and Inflation,2026-02,Table4,7,Food,price,9.329656,
NBS,NBS Consumer Price Index and Inflation,2026-02,Table4,8,Farm Produce,price,9.263144,
NBS,NBS Consumer Price Index and Inflation,2026-02,Table4,9,Energy,price,1.431826,
NBS,NBS Consumer Price Index and Inflation,2026-02,Table4,10,Services,price,9.187077,
NBS,NBS Consumer Price Index and Inflation,2026-02,Table4,11,Goods,price,20.18421,
NBS,NBS Consumer Price Index and Inflation,2026-02,Table4,12,Food And Non-Alcoholic Beverages,price,13.25875,
NBS,NBS Consumer Price Index and Inflation,2026-02,Table4,13,"Alcoholic Beverages, Tobacco And  Narcotics",unknown,0.119333,
NBS,NBS Consumer Price Index and Inflation,2026-02,Table4,14,Clothing And Footwear,unknown,1.704374,
NBS,NBS Consumer Price Index and Inflation,2026-02,Table4,15,"Housing, Water, Electricity, Gas And Other Fuels",price,1.203269,
NBS,NBS Consumer Price Index and Inflation,2026-02,Table4,16,"Furnishings, Household Equipment And Routine Household Maintenance",unknown,0.973242,
NBS,NBS Consumer Price Index and Inflation,2026-02,Table4,17,Health.,unknown,2.598754,
NBS,NBS Consumer Price Index and Inflation,2026-02,Table4,18,Transport,unknown,2.712839,
NBS,NBS Consumer Price Index and Inflation,2026-02,Table4,19,Information And Communication,unknown,0.761959,
NBS,NBS Consumer Price Index and Inflation,2026-02,Table4,20,"Recreation, Sport And Culture",unknown,0.055278,
NBS,NBS Consumer Price Index and Inflation,2026-02,Table4,21,Education Services,unknown,1.086559,
NBS,NBS Consumer Price Index and Inflation,2026-02,Table4,22,Restaurants And Accomodation Services,unknown,3.700029,
NBS,NBS Consumer Price Index and Inflation,2026-02,Table4,23,Insurance and Financial Services,unknown,0.128843,
NBS,NBS Consumer Price Index and Inflation,2026-02,Table4,24,"Personal Care, Social Protection And Miscellaneous Goods And Services",unknown,1.073677,
NBS,NBS Consumer Price Index and Inflation,2026-02,Table4,25,Month-on (%),date,,
NBS,NBS Consumer Price Index and Inflation,2026-02,Table4,26,Year-on (%),date,,
NBS,NBS Consumer Price Index and Inflation,2026-02,Table4,27,12-month average (%),percentage,,
NBS,NBS Consumer Price Index and Inflation,2026-02,Table4,28,,unknown,,blank header cell
NBS,NBS Consumer Price Index and Inflation,2026-02,Table4,29,,unknown,,blank header cell
NBS,NBS Consumer Price Index and Inflation,2026-02,Table4,30,,unknown,,blank header cell
NBS,NBS Consumer Price Index and Inflation,2026-02,Table4,31,,unknown,,blank header cell
NBS,NBS Consumer Price Index and Inflation,2026-02,Table4,32,,unknown,,blank header cell
NBS,NBS Consumer Price Index and Inflation,2026-02,Table4,33,,unknown,,blank header cell
NBS,NBS Consumer Price Index and Inflation,2026-02,Table4,34,,unknown,,blank header cell
NBS,NBS Consumer Price Index and Inflation,2026-02,Table4,35,,unknown,,blank header cell
NBS,NBS Consumer Price Index and Inflation,2026-02,Table-5,1,,unknown,,blank header cell
NBS,NBS Consumer Price Index and Inflation,2026-02,Table-5,2,State,geography,Abia, | detected as the geography column
NBS,NBS Consumer Price Index and Inflation,2026-02,Table-5,3,Food,price,115.21,
NBS,NBS Consumer Price Index and Inflation,2026-02,Table-5,4,All Items,price,115.38,
NBS,NBS Consumer Price Index and Inflation,2026-02,Table-5,5,Food,price,118.93667575695787,
NBS,NBS Consumer Price Index and Inflation,2026-02,Table-5,6,All Items,price,128.8457604471531,
NBS,NBS Consumer Price Index and Inflation,2026-02,Table-5,7,Food,price,127.44560303695377,
NBS,NBS Consumer Price Index and Inflation,2026-02,Table-5,8,All Items,price,132.32197221674366,
NBS,NBS Consumer Price Index and Inflation,2026-02,Table-5,9,Food,price,10.620261294118365,
NBS,NBS Consumer Price Index and Inflation,2026-02,Table-5,10,All Items,price,14.683629933041843,
NBS,NBS Consumer Price Index and Inflation,2026-02,Table-5,11,Food,price,7.154166051675716,
NBS,NBS Consumer Price Index and Inflation,2026-02,Table-5,12,All Items,price,2.69796364081094,
NBS,NBS Consumer Price Index and Inflation,2026-02,Table-5,13,,unknown,,blank header cell
NBS,NBS Consumer Price Index and Inflation,2026-02,Table-5,14,,unknown,,blank header cell
NBS,NBS Consumer Price Index and Inflation,2026-02,Table-5,15,,unknown,,blank header cell
NBS,NBS Consumer Price Index and Inflation,2026-02,Table-5,16,,unknown,,blank header cell
NBS,NBS Consumer Price Index and Inflation,2026-02,Table4 (2),1,,unknown,Weights,blank header cell
NBS,NBS Consumer Price Index and Inflation,2026-02,Table4 (2),2,,unknown,,blank header cell
NBS,NBS Consumer Price Index and Inflation,2026-02,Table4 (2),3,All Items,price,999.9999999999999,
NBS,NBS Consumer Price Index and Inflation,2026-02,Table4 (2),4,All Items,price,29.3769,
NBS,NBS Consumer Price Index and Inflation,2026-02,Table4 (2),5,All Items less Farm Produce.,price,480.0942188447083,
NBS,NBS Consumer Price Index and Inflation,2026-02,Table4 (2),6,All Items Less Farm Produce,price,20.10814,
NBS,NBS Consumer Price Index and Inflation,2026-02,Table4 (2),7,All Items less Farm Produce. and Energy,price,394.6058417257211,
NBS,NBS Consumer Price Index and Inflation,2026-02,Table4 (2),8,Core Index (All Items Less Farm Produce And Energy),price,18.67631,
NBS,NBS Consumer Price Index and Inflation,2026-02,Table4 (2),9,Imported Food,price,114.03346558957918,
NBS,NBS Consumer Price Index and Inflation,2026-02,Table4 (2),10,Imported Food,price,6.100216,
NBS,NBS Consumer Price Index and Inflation,2026-02,Table4 (2),11,Food,price,532.2501623514466,
NBS,NBS Consumer Price Index and Inflation,2026-02,Table4 (2),12,Food,price,9.329656,
NBS,NBS Consumer Price Index and Inflation,2026-02,Table4 (2),13,Farm Produce,price,9.263144,
NBS,NBS Consumer Price Index and Inflation,2026-02,Table4 (2),14,Energy,price,1.431826,
NBS,NBS Consumer Price Index and Inflation,2026-02,Table4 (2),15,Services,price,9.187077,
NBS,NBS Consumer Price Index and Inflation,2026-02,Table4 (2),16,Goods,price,20.18421,
NBS,NBS Consumer Price Index and Inflation,2026-02,Table4 (2),17,Food &  Non Alcoholic Bev.,price,540.8933408435455,
NBS,NBS Consumer Price Index and Inflation,2026-02,Table4 (2),18,Food And Non-Alcoholic Beverages,price,13.25875,
NBS,NBS Consumer Price Index and Inflation,2026-02,Table4 (2),19,Alcoholic Beverage. Tobacco and Kola,unknown,10.606303106553293,
NBS,NBS Consumer Price Index and Inflation,2026-02,Table4 (2),20,"Alcoholic Beverages, Tobacco And  Narcotics",unknown,0.119333,
NBS,NBS Consumer Price Index and Inflation,2026-02,Table4 (2),21,Clothing and Footwear,unknown,85.68337715684741,
NBS,NBS Consumer Price Index and Inflation,2026-02,Table4 (2),22,Clothing And Footwear,unknown,1.704374,
NBS,NBS Consumer Price Index and Inflation,2026-02,Table4 (2),23,"Housing Water, Electricity. Gas and Other  Fuel",price,147.16440266807825,
NBS,NBS Consumer Price Index and Inflation,2026-02,Table4 (2),24,"Housing, Water, Electricity, Gas And Other Fuels",price,1.203269,
NBS,NBS Consumer Price Index and Inflation,2026-02,Table4 (2),25,Furnishings & Household Equipment Maintenance.,unknown,50.72011838442036,
NBS,NBS Consumer Price Index and Inflation,2026-02,Table4 (2),26,"Furnishings, Household Equipment And Routine Household Maintenance",unknown,0.973242,
NBS,NBS Consumer Price Index and Inflation,2026-02,Table4 (2),27,Health.,unknown,32.24620846837167,
NBS,NBS Consumer Price Index and Inflation,2026-02,Table4 (2),28,Health.,unknown,2.598754,
NBS,NBS Consumer Price Index and Inflation,2026-02,Table4 (2),29,Transport,unknown,57.18640135048233,
NBS,NBS Consumer Price Index and Inflation,2026-02,Table4 (2),30,Transport,unknown,2.712839,
NBS,NBS Consumer Price Index and Inflation,2026-02,Table4 (2),31,Communication,unknown,4.005931720723357,
NBS,NBS Consumer Price Index and Inflation,2026-02,Table4 (2),32,Information And Communication,unknown,0.761959,
NBS,NBS Consumer Price Index and Inflation,2026-02,Table4 (2),33,Recreation & Culture.,unknown,6.646615393168104,
NBS,NBS Consumer Price Index and Inflation,2026-02,Table4 (2),34,"Recreation, Sport And Culture",unknown,0.055278,
NBS,NBS Consumer Price Index and Inflation,2026-02,Table4 (2),35,Education,unknown,38.925348101183964,
NBS,NBS Consumer Price Index and Inflation,2026-02,Table4 (2),36,Education Services,unknown,1.086559,
NBS,NBS Consumer Price Index and Inflation,2026-02,Table4 (2),37,Restaurant &  Hotels,unknown,10.139844568892057,
NBS,NBS Consumer Price Index and Inflation,2026-02,Table4 (2),38,Restaurants And Accomodation Services,unknown,3.700029,
NBS,NBS Consumer Price Index and Inflation,2026-02,Table4 (2),39,Insurance and Financial Services,unknown,0.128843,
NBS,NBS Consumer Price Index and Inflation,2026-02,Table4 (2),40,Miscellaneous Goods & Services,unknown,15.78210823773351,
NBS,NBS Consumer Price Index and Inflation,2026-02,Table4 (2),41,"Personal Care, Social Protection And Miscellaneous Goods And Services",unknown,1.073677,
NBS,NBS Consumer Price Index and Inflation,2026-02,Table4 (2),42,Month-on (%),date,,
NBS,NBS Consumer Price Index and Inflation,2026-02,Table4 (2),43,Month-on (%),date,,
NBS,NBS Consumer Price Index and Inflation,2026-02,Table4 (2),44,Year-on (%),date,,
NBS,NBS Consumer Price Index and Inflation,2026-02,Table4 (2),45,Year-on (%),date,,
NBS,NBS Consumer Price Index and Inflation,2026-02,Table4 (2),46,12-month average (%),percentage,,
NBS,NBS Consumer Price Index and Inflation,2026-02,Table4 (2),47,12-month average (%),percentage,,
NBS,NBS Consumer Price Index and Inflation,2026-02,Table4 (2),48,,unknown,,blank header cell
NBS,NBS Consumer Price Index and Inflation,2026-02,Table4 (2),49,,unknown,,blank header cell
NBS,NBS Consumer Price Index and Inflation,2026-02,Table4 (2),50,,unknown,,blank header cell
NBS,NBS Consumer Price Index and Inflation,2026-02,Table4 (2),51,,unknown,,blank header cell
NBS,NBS Consumer Price Index and Inflation,2026-02,Table4 (2),52,,unknown,,blank header cell
NBS,NBS Consumer Price Index and Inflation,2026-02,Table4 (2),53,,unknown,,blank header cell
NBS,NBS Consumer Price Index and Inflation,2026-02,Table4 (2),54,,unknown,,blank header cell
NBS,NBS Consumer Price Index and Inflation,2026-02,Table4 (2),55,,unknown,,blank header cell
NBS,NBS Consumer Price Index and Inflation,2026-02,Table4 (2),56,,unknown,,blank header cell
NBS,NBS Consumer Price Index and Inflation,2026-01,Table1,1,,unknown,Weights,blank header cell
NBS,NBS Consumer Price Index and Inflation,2026-01,Table1,2,,unknown,,blank header cell
NBS,NBS Consumer Price Index and Inflation,2026-01,Table1,3,Monthly,price,100,
NBS,NBS Consumer Price Index and Inflation,2026-01,Table1,4,12-Month Average,price,,
NBS,NBS Consumer Price Index and Inflation,2026-01,Table1,5,Month-on change (%),date,,
NBS,NBS Consumer Price Index and Inflation,2026-01,Table1,6,Year-on change (%),date,,
NBS,NBS Consumer Price Index and Inflation,2026-01,Table1,7,12-Month average change (%),percentage,,
NBS,NBS Consumer Price Index and Inflation,2026-01,Table1,8,Monthly,price,73.41,
NBS,NBS Consumer Price Index and Inflation,2026-01,Table1,9,12-Month Average,price,,
NBS,NBS Consumer Price Index and Inflation,2026-01,Table1,10,Month-on change (%),date,,
NBS,NBS Consumer Price Index and Inflation,2026-01,Table1,11,Year-on change (%),date,,
NBS,NBS Consumer Price Index and Inflation,2026-01,Table1,12,12-Month average change (%),percentage,,
NBS,NBS Consumer Price Index and Inflation,2026-01,Table1,13,Monthly,price,27.98,
NBS,NBS Consumer Price Index and Inflation,2026-01,Table1,14,12-Month Average,price,,
NBS,NBS Consumer Price Index and Inflation,2026-01,Table1,15,Month-on change (%),date,,
NBS,NBS Consumer Price Index and Inflation,2026-01,Table1,16,Year-on change (%),date,,
NBS,NBS Consumer Price Index and Inflation,2026-01,Table1,17,12-Month average change (%),percentage,,
NBS,NBS Consumer Price Index and Inflation,2026-01,Table1,18,Monthly,price,66.99,
NBS,NBS Consumer Price Index and Inflation,2026-01,Table1,19,12-Month Average,price,,
NBS,NBS Consumer Price Index and Inflation,2026-01,Table1,20,Month-on change (%),date,,
NBS,NBS Consumer Price Index and Inflation,2026-01,Table1,21,Year-on change (%),date,,
NBS,NBS Consumer Price Index and Inflation,2026-01,Table1,22,12-Month average change (%),percentage,,
NBS,NBS Consumer Price Index and Inflation,2026-01,Table1,23,,unknown,,blank header cell
NBS,NBS Consumer Price Index and Inflation,2026-01,Table1 (2),1,,unknown,Weights,blank header cell
NBS,NBS Consumer Price Index and Inflation,2026-01,Table1 (2),2,,unknown,,blank header cell
NBS,NBS Consumer Price Index and Inflation,2026-01,Table1 (2),3,Monthly,price,1000,
NBS,NBS Consumer Price Index and Inflation,2026-01,Table1 (2),4,Monthly,price,100,
NBS,NBS Consumer Price Index and Inflation,2026-01,Table1 (2),5,12-Month Average,price,,
NBS,NBS Consumer Price Index and Inflation,2026-01,Table1 (2),6,12-Month Average,price,,
NBS,NBS Consumer Price Index and Inflation,2026-01,Table1 (2),7,Month-on change (%),date,,
NBS,NBS Consumer Price Index and Inflation,2026-01,Table1 (2),8,Month-on change (%),date,,
NBS,NBS Consumer Price Index and Inflation,2026-01,Table1 (2),9,Year-on change (%),date,,
NBS,NBS Consumer Price Index and Inflation,2026-01,Table1 (2),10,Year-on change (%),date,,
NBS,NBS Consumer Price Index and Inflation,2026-01,Table1 (2),11,12-Month average change (%),percentage,,
NBS,NBS Consumer Price Index and Inflation,2026-01,Table1 (2),12,12-Month average change (%),percentage,,
NBS,NBS Consumer Price Index and Inflation,2026-01,Table1 (2),13,Monthly,price,513.1043122747834,
NBS,NBS Consumer Price Index and Inflation,2026-01,Table1 (2),14,Monthly,price,73.41,
NBS,NBS Consumer Price Index and Inflation,2026-01,Table1 (2),15,12-Month Average,price,,
NBS,NBS Consumer Price Index and Inflation,2026-01,Table1 (2),16,12-Month Average,price,,
NBS,NBS Consumer Price Index and Inflation,2026-01,Table1 (2),17,Month-on change (%),date,,
NBS,NBS Consumer Price Index and Inflation,2026-01,Table1 (2),18,Month-on change (%),date,,
NBS,NBS Consumer Price Index and Inflation,2026-01,Table1 (2),19,Year-on change (%),date,,
NBS,NBS Consumer Price Index and Inflation,2026-01,Table1 (2),20,Year-on change (%),date,,
NBS,NBS Consumer Price Index and Inflation,2026-01,Table1 (2),21,12-Month average change (%),percentage,,
NBS,NBS Consumer Price Index and Inflation,2026-01,Table1 (2),22,12-Month average change (%),percentage,,
NBS,NBS Consumer Price Index and Inflation,2026-01,Table1 (2),23,Monthly,price,507.0588900812485,
NBS,NBS Consumer Price Index and Inflation,2026-01,Table1 (2),24,Monthly,price,27.98,
NBS,NBS Consumer Price Index and Inflation,2026-01,Table1 (2),25,12-Month Average,price,,
NBS,NBS Consumer Price Index and Inflation,2026-01,Table1 (2),26,12-Month Average,price,,
NBS,NBS Consumer Price Index and Inflation,2026-01,Table1 (2),27,Month-on change (%),date,,
NBS,NBS Consumer Price Index and Inflation,2026-01,Table1 (2),28,Month-on change (%),date,,
NBS,NBS Consumer Price Index and Inflation,2026-01,Table1 (2),29,Year-on change (%),date,,
NBS,NBS Consumer Price Index and Inflation,2026-01,Table1 (2),30,Year-on change (%),date,,
NBS,NBS Consumer Price Index and Inflation,2026-01,Table1 (2),31,12-Month average change (%),percentage,,
NBS,NBS Consumer Price Index and Inflation,2026-01,Table1 (2),32,12-Month average change (%),percentage,,
NBS,NBS Consumer Price Index and Inflation,2026-01,Table1 (2),33,Monthly,price,#REF!,
NBS,NBS Consumer Price Index and Inflation,2026-01,Table1 (2),34,Monthly,price,66.99,
NBS,NBS Consumer Price Index and Inflation,2026-01,Table1 (2),35,12-Month Average,price,,
NBS,NBS Consumer Price Index and Inflation,2026-01,Table1 (2),36,12-Month Average,price,,
NBS,NBS Consumer Price Index and Inflation,2026-01,Table1 (2),37,Month-on change (%),date,,
NBS,NBS Consumer Price Index and Inflation,2026-01,Table1 (2),38,Month-on change (%),date,,
NBS,NBS Consumer Price Index and Inflation,2026-01,Table1 (2),39,Year-on change (%),date,,
NBS,NBS Consumer Price Index and Inflation,2026-01,Table1 (2),40,Year-on change (%),date,,
NBS,NBS Consumer Price Index and Inflation,2026-01,Table1 (2),41,12-Month average change (%),percentage,,
NBS,NBS Consumer Price Index and Inflation,2026-01,Table1 (2),42,12-Month average change (%),percentage,,
NBS,NBS Consumer Price Index and Inflation,2026-01,Table1 (2),43,,unknown,,blank header cell
NBS,NBS Consumer Price Index and Inflation,2026-01,Table1 (2),44,,unknown,,blank header cell
NBS,NBS Consumer Price Index and Inflation,2026-01,Table1 (2),45,,unknown,,blank header cell
NBS,NBS Consumer Price Index and Inflation,2026-01,Table1 (2),46,,unknown,,blank header cell
NBS,NBS Consumer Price Index and Inflation,2026-01,Table1 (2),47,,unknown,,blank header cell
NBS,NBS Consumer Price Index and Inflation,2026-01,Table1 (2),48,,unknown,,blank header cell
NBS,NBS Consumer Price Index and Inflation,2026-01,Table2,1,,unknown,Weights,blank header cell
NBS,NBS Consumer Price Index and Inflation,2026-01,Table2,2,,unknown,,blank header cell
NBS,NBS Consumer Price Index and Inflation,2026-01,Table2,3,All Items,price,100,
NBS,NBS Consumer Price Index and Inflation,2026-01,Table2,4,All Items Less Farm Produce,price,73.41,
NBS,NBS Consumer Price Index and Inflation,2026-01,Table2,5,Core Index (All Items Less Farm Produce And Energy),price,66.99,
NBS,NBS Consumer Price Index and Inflation,2026-01,Table2,6,Imported Food,price,17.33,
NBS,NBS Consumer Price Index and Inflation,2026-01,Table2,7,Food,price,27.98,
NBS,NBS Consumer Price Index and Inflation,2026-01,Table2,8,Farm Produce,price,26.61,
NBS,NBS Consumer Price Index and Inflation,2026-01,Table2,9,Energy,price,6.42,
NBS,NBS Consumer Price Index and Inflation,2026-01,Table2,10,Services,price,37.55,
NBS,NBS Consumer Price Index and Inflation,2026-01,Table2,11,Goods,price,62.48,
NBS,NBS Consumer Price Index and Inflation,2026-01,Table2,12,"ALL ITEMS LESS FOOD
 (NONFOOD INDEX)",price,,
NBS,NBS Consumer Price Index and Inflation,2026-01,Table2,13,ALLITEMS LESS FOOD AND NON ALCOHOLIC BEVERAGES INDEX,price,,
NBS,NBS Consumer Price Index and Inflation,2026-01,Table2,14,HOUSING (RENT) INDEX,price,,
NBS,NBS Consumer Price Index and Inflation,2026-01,Table2,15,Food And Non-Alcoholic Beverages,price,40.02,
NBS,NBS Consumer Price Index and Inflation,2026-01,Table2,16,"Alcoholic Beverages, Tobacco And  Narcotics",unknown,0.37,
NBS,NBS Consumer Price Index and Inflation,2026-01,Table2,17,Clothing And Footwear,unknown,5.04,
NBS,NBS Consumer Price Index and Inflation,2026-01,Table2,18,"Housing, Water, Electricity, Gas And Other Fuels",price,8.42,
NBS,NBS Consumer Price Index and Inflation,2026-01,Table2,19,"Furnishings, Household Equipment And Routine Household Maintenance",unknown,2.96,
NBS,NBS Consumer Price Index and Inflation,2026-01,Table2,20,Health.,unknown,6.06,
NBS,NBS Consumer Price Index and Inflation,2026-01,Table2,21,Transport,unknown,10.66,
NBS,NBS Consumer Price Index and Inflation,2026-01,Table2,22,Information And Communication,unknown,3.29,
NBS,NBS Consumer Price Index and Inflation,2026-01,Table2,23,"Recreation, Sport And Culture",unknown,0.31,
NBS,NBS Consumer Price Index and Inflation,2026-01,Table2,24,Education Services,unknown,6.2,
NBS,NBS Consumer Price Index and Inflation,2026-01,Table2,25,Restaurants And Accomodation Services,unknown,12.92,
NBS,NBS Consumer Price Index and Inflation,2026-01,Table2,26,Insurance and Financial Services,unknown,0.47,
NBS,NBS Consumer Price Index and Inflation,2026-01,Table2,27,"Personal Care, Social Protection And Miscellaneous Goods And Services",unknown,3.29,
NBS,NBS Consumer Price Index and Inflation,2026-01,Table2,28,Month-on (%),date,,
NBS,NBS Consumer Price Index and Inflation,2026-01,Table2,29,Year-on (%),date,,
NBS,NBS Consumer Price Index and Inflation,2026-01,Table2,30,12-month average (%),percentage,,
NBS,NBS Consumer Price Index and Inflation,2026-01,Table2,31,,unknown,,blank header cell
NBS,NBS Consumer Price Index and Inflation,2026-01,Table2,32,,unknown,,blank header cell
NBS,NBS Consumer Price Index and Inflation,2026-01,Table2,33,,unknown,,blank header cell
NBS,NBS Consumer Price Index and Inflation,2026-01,Table2,34,,unknown,,blank header cell
NBS,NBS Consumer Price Index and Inflation,2026-01,Table2 (2),1,,unknown,Weights,blank header cell
NBS,NBS Consumer Price Index and Inflation,2026-01,Table2 (2),2,,unknown,,blank header cell
NBS,NBS Consumer Price Index and Inflation,2026-01,Table2 (2),3,All Items,price,999.9999999999999,
NBS,NBS Consumer Price Index and Inflation,2026-01,Table2 (2),4,All Items,price,100,
NBS,NBS Consumer Price Index and Inflation,2026-01,Table2 (2),5,All Items less Farm Produce.,price,513.1043122747834,
NBS,NBS Consumer Price Index and Inflation,2026-01,Table2 (2),6,All Items Less Farm Produce,price,73.41,
NBS,NBS Consumer Price Index and Inflation,2026-01,Table2 (2),7,All Items less Farm Produce. and Energy,price,405.55493225171676,
NBS,NBS Consumer Price Index and Inflation,2026-01,Table2 (2),8,Core Index (All Items Less Farm Produce And Energy),price,66.99,
NBS,NBS Consumer Price Index and Inflation,2026-01,Table2 (2),9,Imported Food,price,132.8786430845212,
NBS,NBS Consumer Price Index and Inflation,2026-01,Table2 (2),10,Imported Food,price,17.33,
NBS,NBS Consumer Price Index and Inflation,2026-01,Table2 (2),11,Food,price,507.0588900812485,
NBS,NBS Consumer Price Index and Inflation,2026-01,Table2 (2),12,Food,price,27.98,
NBS,NBS Consumer Price Index and Inflation,2026-01,Table2 (2),13,Farm Produce,price,26.61,
NBS,NBS Consumer Price Index and Inflation,2026-01,Table2 (2),14,Energy,price,6.42,
NBS,NBS Consumer Price Index and Inflation,2026-01,Table2 (2),15,Services,price,37.55,
NBS,NBS Consumer Price Index and Inflation,2026-01,Table2 (2),16,Goods,price,62.48,
NBS,NBS Consumer Price Index and Inflation,2026-01,Table2 (2),17,Food &  Non Alcoholic Bev.,price,518.0035159781029,
NBS,NBS Consumer Price Index and Inflation,2026-01,Table2 (2),18,Food And Non-Alcoholic Beverages,price,40.02,
NBS,NBS Consumer Price Index and Inflation,2026-01,Table2 (2),19,Alcoholic Beverage. Tobacco and Kola,unknown,10.870023422874887,
NBS,NBS Consumer Price Index and Inflation,2026-01,Table2 (2),20,"Alcoholic Beverages, Tobacco And  Narcotics",unknown,0.37,
NBS,NBS Consumer Price Index and Inflation,2026-01,Table2 (2),21,Clothing and Footwear,unknown,76.50177479764076,
NBS,NBS Consumer Price Index and Inflation,2026-01,Table2 (2),22,Clothing And Footwear,unknown,5.04,
NBS,NBS Consumer Price Index and Inflation,2026-01,Table2 (2),23,"Housing Water, Electricity. Gas and Other  Fuel",price,167.3417670918405,
NBS,NBS Consumer Price Index and Inflation,2026-01,Table2 (2),24,"Housing, Water, Electricity, Gas And Other Fuels",price,8.42,
NBS,NBS Consumer Price Index and Inflation,2026-01,Table2 (2),25,Furnishings & Household Equipment Maintenance.,unknown,50.30429132112485,
NBS,NBS Consumer Price Index and Inflation,2026-01,Table2 (2),26,"Furnishings, Household Equipment And Routine Household Maintenance",unknown,2.96,
NBS,NBS Consumer Price Index and Inflation,2026-01,Table2 (2),27,Health.,unknown,30.041719595344983,
NBS,NBS Consumer Price Index and Inflation,2026-01,Table2 (2),28,Health.,unknown,6.06,
NBS,NBS Consumer Price Index and Inflation,2026-01,Table2 (2),29,Transport,unknown,65.08383943029551,
NBS,NBS Consumer Price Index and Inflation,2026-01,Table2 (2),30,Transport,unknown,10.66,
NBS,NBS Consumer Price Index and Inflation,2026-01,Table2 (2),31,Communication,unknown,6.798146513600633,
NBS,NBS Consumer Price Index and Inflation,2026-01,Table2 (2),32,Information And Communication,unknown,3.29,
NBS,NBS Consumer Price Index and Inflation,2026-01,Table2 (2),33,Recreation & Culture.,unknown,6.8692556920957415,
NBS,NBS Consumer Price Index and Inflation,2026-01,Table2 (2),34,"Recreation, Sport And Culture",unknown,0.31,
NBS,NBS Consumer Price Index and Inflation,2026-01,Table2 (2),35,Education,unknown,39.43545584224773,
NBS,NBS Consumer Price Index and Inflation,2026-01,Table2 (2),36,Education Services,unknown,6.2,
NBS,NBS Consumer Price Index and Inflation,2026-01,Table2 (2),37,Restaurant &  Hotels,unknown,12.116896655754124,
NBS,NBS Consumer Price Index and Inflation,2026-01,Table2 (2),38,Restaurants And Accomodation Services,unknown,12.92,
NBS,NBS Consumer Price Index and Inflation,2026-01,Table2 (2),39,Insurance and Financial Services,unknown,0.47,
NBS,NBS Consumer Price Index and Inflation,2026-01,Table2 (2),40,Miscellaneous Goods & Services,unknown,16.633313659077338,
NBS,NBS Consumer Price Index and Inflation,2026-01,Table2 (2),41,"Personal Care, Social Protection And Miscellaneous Goods And Services",unknown,3.29,
NBS,NBS Consumer Price Index and Inflation,2026-01,Table2 (2),42,Month-on (%),date,,
NBS,NBS Consumer Price Index and Inflation,2026-01,Table2 (2),43,Month-on (%),date,,
NBS,NBS Consumer Price Index and Inflation,2026-01,Table2 (2),44,Year-on (%),date,,
NBS,NBS Consumer Price Index and Inflation,2026-01,Table2 (2),45,Year-on (%),date,,
NBS,NBS Consumer Price Index and Inflation,2026-01,Table2 (2),46,12-month average (%),percentage,,
NBS,NBS Consumer Price Index and Inflation,2026-01,Table2 (2),47,12-month average (%),percentage,,
NBS,NBS Consumer Price Index and Inflation,2026-01,Table2 (2),48,,unknown,,blank header cell
NBS,NBS Consumer Price Index and Inflation,2026-01,Table2 (2),49,,unknown,,blank header cell
NBS,NBS Consumer Price Index and Inflation,2026-01,Table2 (2),50,,unknown,,blank header cell
NBS,NBS Consumer Price Index and Inflation,2026-01,Table2 (2),51,,unknown,,blank header cell
NBS,NBS Consumer Price Index and Inflation,2026-01,Table2 (2),52,,unknown,,blank header cell
NBS,NBS Consumer Price Index and Inflation,2026-01,Table2 (2),53,,unknown,,blank header cell
NBS,NBS Consumer Price Index and Inflation,2026-01,Table2 (2),54,,unknown,,blank header cell
NBS,NBS Consumer Price Index and Inflation,2026-01,Table2 (2),55,,unknown,,blank header cell
NBS,NBS Consumer Price Index and Inflation,2026-01,Table2 (2),56,,unknown,,blank header cell
NBS,NBS Consumer Price Index and Inflation,2026-01,Table2 (2),57,,unknown,,blank header cell
NBS,NBS Consumer Price Index and Inflation,2026-01,Table2 (2),58,,unknown,,blank header cell
NBS,NBS Consumer Price Index and Inflation,2026-01,Table2 (2),59,,unknown,,blank header cell
NBS,NBS Consumer Price Index and Inflation,2026-01,Table2 (2),60,,unknown,,blank header cell
NBS,NBS Consumer Price Index and Inflation,2026-01,Table2 (2),61,,unknown,,blank header cell
NBS,NBS Consumer Price Index and Inflation,2026-01,Table2 (2),62,,unknown,,blank header cell
NBS,NBS Consumer Price Index and Inflation,2026-01,Table2 (2),63,,unknown,,blank header cell
NBS,NBS Consumer Price Index and Inflation,2026-01,Table2 (2),64,,unknown,,blank header cell
NBS,NBS Consumer Price Index and Inflation,2026-01,Table2 (2),65,,unknown,,blank header cell
NBS,NBS Consumer Price Index and Inflation,2026-01,Table3,1,,unknown,Weights,blank header cell
NBS,NBS Consumer Price Index and Inflation,2026-01,Table3,2,,unknown,,blank header cell
NBS,NBS Consumer Price Index and Inflation,2026-01,Table3,3,All Items,price,70.6231,
NBS,NBS Consumer Price Index and Inflation,2026-01,Table3,4,All Items Less Farm Produce,price,53.3066,
NBS,NBS Consumer Price Index and Inflation,2026-01,Table3,5,Core Index (All Items Less Farm Produce And Energy),price,48.31903,
NBS,NBS Consumer Price Index and Inflation,2026-01,Table3,6,Imported Food,price,11.22541,
NBS,NBS Consumer Price Index and Inflation,2026-01,Table3,7,Food,price,18.64926,
NBS,NBS Consumer Price Index and Inflation,2026-01,Table3,8,Farm Produce,price,17.34714,
NBS,NBS Consumer Price Index and Inflation,2026-01,Table3,9,Energy,price,4.987569,
NBS,NBS Consumer Price Index and Inflation,2026-01,Table3,10,Services,price,28.35985,
NBS,NBS Consumer Price Index and Inflation,2026-01,Table3,11,Goods,price,42.29389,
NBS,NBS Consumer Price Index and Inflation,2026-01,Table3,12,Food And Non-Alcoholic Beverages,price,26.7595,
NBS,NBS Consumer Price Index and Inflation,2026-01,Table3,13,"Alcoholic Beverages, Tobacco And  Narcotics",unknown,0.254247,
NBS,NBS Consumer Price Index and Inflation,2026-01,Table3,14,Clothing And Footwear,unknown,3.333754,
NBS,NBS Consumer Price Index and Inflation,2026-01,Table3,15,"Housing, Water, Electricity, Gas And Other Fuels",price,7.213081,
NBS,NBS Consumer Price Index and Inflation,2026-01,Table3,16,"Furnishings, Household Equipment And Routine Household Maintenance",unknown,1.984745,
NBS,NBS Consumer Price Index and Inflation,2026-01,Table3,17,Health.,unknown,3.459399,
NBS,NBS Consumer Price Index and Inflation,2026-01,Table3,18,Transport,unknown,7.946328,
NBS,NBS Consumer Price Index and Inflation,2026-01,Table3,19,Information And Communication,unknown,2.530358,
NBS,NBS Consumer Price Index and Inflation,2026-01,Table3,20,"Recreation, Sport And Culture",unknown,0.254938,
NBS,NBS Consumer Price Index and Inflation,2026-01,Table3,21,Education Services,unknown,5.112391,
NBS,NBS Consumer Price Index and Inflation,2026-01,Table3,22,Restaurants And Accomodation Services,unknown,9.216351,
NBS,NBS Consumer Price Index and Inflation,2026-01,Table3,23,Insurance and Financial Services,unknown,0.34374,
NBS,NBS Consumer Price Index and Inflation,2026-01,Table3,24,"Personal Care, Social Protection And Miscellaneous Goods And Services",unknown,2.21427,
NBS,NBS Consumer Price Index and Inflation,2026-01,Table3,25,Month-on (%),date,,
NBS,NBS Consumer Price Index and Inflation,2026-01,Table3,26,Year-on (%),date,,
NBS,NBS Consumer Price Index and Inflation,2026-01,Table3,27,12-month average (%),percentage,,
NBS,NBS Consumer Price Index and Inflation,2026-01,Table3,28,,unknown,,blank header cell
NBS,NBS Consumer Price Index and Inflation,2026-01,Table3,29,,unknown,,blank header cell
NBS,NBS Consumer Price Index and Inflation,2026-01,Table3,30,,unknown,,blank header cell
NBS,NBS Consumer Price Index and Inflation,2026-01,Table3,31,,unknown,,blank header cell
NBS,NBS Consumer Price Index and Inflation,2026-01,Table3 (2),1,,unknown,Weights,blank header cell
NBS,NBS Consumer Price Index and Inflation,2026-01,Table3 (2),2,,unknown,,blank header cell
NBS,NBS Consumer Price Index and Inflation,2026-01,Table3 (2),3,All Items,price,999.9999999999998,
NBS,NBS Consumer Price Index and Inflation,2026-01,Table3 (2),4,All Items,price,70.6231,
NBS,NBS Consumer Price Index and Inflation,2026-01,Table3 (2),5,All Items less Farm Produce.,price,552.6438747349832,
NBS,NBS Consumer Price Index and Inflation,2026-01,Table3 (2),6,All Items Less Farm Produce,price,53.3066,
NBS,NBS Consumer Price Index and Inflation,2026-01,Table3 (2),7,All Items less Farm Produce. and Energy,price,418.66977694768946,
NBS,NBS Consumer Price Index and Inflation,2026-01,Table3 (2),8,Core Index (All Items Less Farm Produce And Energy),price,48.31903,
NBS,NBS Consumer Price Index and Inflation,2026-01,Table3 (2),9,Imported Food,price,155.45143810593527,
NBS,NBS Consumer Price Index and Inflation,2026-01,Table3 (2),10,Imported Food,price,11.22541,
NBS,NBS Consumer Price Index and Inflation,2026-01,Table3 (2),11,Food,price,476.8847287905714,
NBS,NBS Consumer Price Index and Inflation,2026-01,Table3 (2),12,Food,price,18.64926,
NBS,NBS Consumer Price Index and Inflation,2026-01,Table3 (2),13,Farm Produce,price,17.34714,
NBS,NBS Consumer Price Index and Inflation,2026-01,Table3 (2),14,Energy,price,4.987569,
NBS,NBS Consumer Price Index and Inflation,2026-01,Table3 (2),15,Services,price,28.35985,
NBS,NBS Consumer Price Index and Inflation,2026-01,Table3 (2),16,Goods,price,42.29389,
NBS,NBS Consumer Price Index and Inflation,2026-01,Table3 (2),17,Food &  Non Alcoholic Bev.,price,490.58603344696826,
NBS,NBS Consumer Price Index and Inflation,2026-01,Table3 (2),18,Food And Non-Alcoholic Beverages,price,26.7595,
NBS,NBS Consumer Price Index and Inflation,2026-01,Table3 (2),19,Alcoholic Beverage. Tobacco and Kola,unknown,11.185908197369981,
NBS,NBS Consumer Price Index and Inflation,2026-01,Table3 (2),20,"Alcoholic Beverages, Tobacco And  Narcotics",unknown,0.254247,
NBS,NBS Consumer Price Index and Inflation,2026-01,Table3 (2),21,Clothing and Footwear,unknown,65.50403131243718,
NBS,NBS Consumer Price Index and Inflation,2026-01,Table3 (2),22,Clothing And Footwear,unknown,3.333754,
NBS,NBS Consumer Price Index and Inflation,2026-01,Table3 (2),23,"Housing Water, Electricity. Gas and Other  Fuel",price,191.5102585444788,
NBS,NBS Consumer Price Index and Inflation,2026-01,Table3 (2),24,"Housing, Water, Electricity, Gas And Other Fuels",price,7.213081,
NBS,NBS Consumer Price Index and Inflation,2026-01,Table3 (2),25,Furnishings & Household Equipment Maintenance.,unknown,49.80621275080386,
NBS,NBS Consumer Price Index and Inflation,2026-01,Table3 (2),26,"Furnishings, Household Equipment And Routine Household Maintenance",unknown,1.984745,
NBS,NBS Consumer Price Index and Inflation,2026-01,Table3 (2),27,Health.,unknown,27.401177978203123,
NBS,NBS Consumer Price Index and Inflation,2026-01,Table3 (2),28,Health.,unknown,3.459399,
NBS,NBS Consumer Price Index and Inflation,2026-01,Table3 (2),29,Transport,unknown,74.5434081193025,
NBS,NBS Consumer Price Index and Inflation,2026-01,Table3 (2),30,Transport,unknown,7.946328,
NBS,NBS Consumer Price Index and Inflation,2026-01,Table3 (2),31,Communication,unknown,10.142667529244841,
NBS,NBS Consumer Price Index and Inflation,2026-01,Table3 (2),32,Information And Communication,unknown,2.530358,
NBS,NBS Consumer Price Index and Inflation,2026-01,Table3 (2),33,Recreation & Culture.,unknown,7.135934731470604,
NBS,NBS Consumer Price Index and Inflation,2026-01,Table3 (2),34,"Recreation, Sport And Culture",unknown,0.254938,
NBS,NBS Consumer Price Index and Inflation,2026-01,Table3 (2),35,Education,unknown,40.046464015609814,
NBS,NBS Consumer Price Index and Inflation,2026-01,Table3 (2),36,Education Services,unknown,5.112391,
NBS,NBS Consumer Price Index and Inflation,2026-01,Table3 (2),37,Restaurant &  Hotels,unknown,14.485013990566927,
NBS,NBS Consumer Price Index and Inflation,2026-01,Table3 (2),38,Restaurants And Accomodation Services,unknown,9.216351,
NBS,NBS Consumer Price Index and Inflation,2026-01,Table3 (2),39,Insurance and Financial Services,unknown,0.34374,
NBS,NBS Consumer Price Index and Inflation,2026-01,Table3 (2),40,Miscellaneous Goods & Services,unknown,17.652889383544117,
NBS,NBS Consumer Price Index and Inflation,2026-01,Table3 (2),41,"Personal Care, Social Protection And Miscellaneous Goods And Services",unknown,2.21427,
NBS,NBS Consumer Price Index and Inflation,2026-01,Table3 (2),42,Month-on (%),date,,
NBS,NBS Consumer Price Index and Inflation,2026-01,Table3 (2),43,Month-on (%),date,,
NBS,NBS Consumer Price Index and Inflation,2026-01,Table3 (2),44,Year-on (%),date,,
NBS,NBS Consumer Price Index and Inflation,2026-01,Table3 (2),45,Year-on (%),date,,
NBS,NBS Consumer Price Index and Inflation,2026-01,Table3 (2),46,12-month average (%),percentage,,
NBS,NBS Consumer Price Index and Inflation,2026-01,Table3 (2),47,12-month average (%),percentage,,
NBS,NBS Consumer Price Index and Inflation,2026-01,Table3 (2),48,,unknown,,blank header cell
NBS,NBS Consumer Price Index and Inflation,2026-01,Table3 (2),49,,unknown,,blank header cell
NBS,NBS Consumer Price Index and Inflation,2026-01,Table3 (2),50,,unknown,,blank header cell
NBS,NBS Consumer Price Index and Inflation,2026-01,Table3 (2),51,,unknown,,blank header cell
NBS,NBS Consumer Price Index and Inflation,2026-01,Table3 (3),1,,unknown,Weights,blank header cell
NBS,NBS Consumer Price Index and Inflation,2026-01,Table3 (3),2,,unknown,,blank header cell
NBS,NBS Consumer Price Index and Inflation,2026-01,Table3 (3),3,All Items,price,999.9999999999998,
NBS,NBS Consumer Price Index and Inflation,2026-01,Table3 (3),4,All Items,price,70.6231,
NBS,NBS Consumer Price Index and Inflation,2026-01,Table3 (3),5,All Items less Farm Produce.,price,552.6438747349832,
NBS,NBS Consumer Price Index and Inflation,2026-01,Table3 (3),6,All Items Less Farm Produce,price,53.3066,
NBS,NBS Consumer Price Index and Inflation,2026-01,Table3 (3),7,All Items less Farm Produce. and Energy,price,418.66977694768946,
NBS,NBS Consumer Price Index and Inflation,2026-01,Table3 (3),8,Core Index (All Items Less Farm Produce And Energy),price,48.31903,
NBS,NBS Consumer Price Index and Inflation,2026-01,Table3 (3),9,Imported Food,price,155.45143810593527,
NBS,NBS Consumer Price Index and Inflation,2026-01,Table3 (3),10,Imported Food,price,11.22541,
NBS,NBS Consumer Price Index and Inflation,2026-01,Table3 (3),11,Food,price,476.8847287905714,
NBS,NBS Consumer Price Index and Inflation,2026-01,Table3 (3),12,Food,price,18.64926,
NBS,NBS Consumer Price Index and Inflation,2026-01,Table3 (3),13,Farm Produce,price,17.34714,
NBS,NBS Consumer Price Index and Inflation,2026-01,Table3 (3),14,Energy,price,4.987569,
NBS,NBS Consumer Price Index and Inflation,2026-01,Table3 (3),15,Services,price,28.35985,
NBS,NBS Consumer Price Index and Inflation,2026-01,Table3 (3),16,Goods,price,42.29389,
NBS,NBS Consumer Price Index and Inflation,2026-01,Table3 (3),17,Food &  Non Alcoholic Bev.,price,490.58603344696826,
NBS,NBS Consumer Price Index and Inflation,2026-01,Table3 (3),18,Food And Non-Alcoholic Beverages,price,26.7595,
NBS,NBS Consumer Price Index and Inflation,2026-01,Table3 (3),19,Alcoholic Beverage. Tobacco and Kola,unknown,11.185908197369981,
NBS,NBS Consumer Price Index and Inflation,2026-01,Table3 (3),20,"Alcoholic Beverages, Tobacco And  Narcotics",unknown,0.254247,
NBS,NBS Consumer Price Index and Inflation,2026-01,Table3 (3),21,Clothing and Footwear,unknown,65.50403131243718,
NBS,NBS Consumer Price Index and Inflation,2026-01,Table3 (3),22,Clothing And Footwear,unknown,3.333754,
NBS,NBS Consumer Price Index and Inflation,2026-01,Table3 (3),23,"Housing Water, Electricity. Gas and Other  Fuel",price,191.5102585444788,
NBS,NBS Consumer Price Index and Inflation,2026-01,Table3 (3),24,"Housing, Water, Electricity, Gas And Other Fuels",price,7.213081,
NBS,NBS Consumer Price Index and Inflation,2026-01,Table3 (3),25,Furnishings & Household Equipment Maintenance.,unknown,49.80621275080386,
NBS,NBS Consumer Price Index and Inflation,2026-01,Table3 (3),26,"Furnishings, Household Equipment And Routine Household Maintenance",unknown,1.984745,
NBS,NBS Consumer Price Index and Inflation,2026-01,Table3 (3),27,Health.,unknown,27.401177978203123,
NBS,NBS Consumer Price Index and Inflation,2026-01,Table3 (3),28,Health.,unknown,3.459399,
NBS,NBS Consumer Price Index and Inflation,2026-01,Table3 (3),29,Transport,unknown,74.5434081193025,
NBS,NBS Consumer Price Index and Inflation,2026-01,Table3 (3),30,Transport,unknown,7.946328,
NBS,NBS Consumer Price Index and Inflation,2026-01,Table3 (3),31,Communication,unknown,10.142667529244841,
NBS,NBS Consumer Price Index and Inflation,2026-01,Table3 (3),32,Information And Communication,unknown,2.530358,
NBS,NBS Consumer Price Index and Inflation,2026-01,Table3 (3),33,Recreation & Culture.,unknown,7.135934731470604,
NBS,NBS Consumer Price Index and Inflation,2026-01,Table3 (3),34,"Recreation, Sport And Culture",unknown,0.254938,
NBS,NBS Consumer Price Index and Inflation,2026-01,Table3 (3),35,Education,unknown,40.046464015609814,
NBS,NBS Consumer Price Index and Inflation,2026-01,Table3 (3),36,Education Services,unknown,5.112391,
NBS,NBS Consumer Price Index and Inflation,2026-01,Table3 (3),37,Restaurant &  Hotels,unknown,14.485013990566927,
NBS,NBS Consumer Price Index and Inflation,2026-01,Table3 (3),38,Restaurants And Accomodation Services,unknown,9.216351,
NBS,NBS Consumer Price Index and Inflation,2026-01,Table3 (3),39,Insurance and Financial Services,unknown,0.34374,
NBS,NBS Consumer Price Index and Inflation,2026-01,Table3 (3),40,Miscellaneous Goods & Services,unknown,17.652889383544117,
NBS,NBS Consumer Price Index and Inflation,2026-01,Table3 (3),41,"Personal Care, Social Protection And Miscellaneous Goods And Services",unknown,2.21427,
NBS,NBS Consumer Price Index and Inflation,2026-01,Table3 (3),42,Month-on (%),date,,
NBS,NBS Consumer Price Index and Inflation,2026-01,Table3 (3),43,Month-on (%),date,,
NBS,NBS Consumer Price Index and Inflation,2026-01,Table3 (3),44,Year-on (%),date,,
NBS,NBS Consumer Price Index and Inflation,2026-01,Table3 (3),45,Year-on (%),date,,
NBS,NBS Consumer Price Index and Inflation,2026-01,Table3 (3),46,12-month average (%),percentage,,
NBS,NBS Consumer Price Index and Inflation,2026-01,Table3 (3),47,12-month average (%),percentage,,
NBS,NBS Consumer Price Index and Inflation,2026-01,Table3 (3),48,,unknown,,blank header cell
NBS,NBS Consumer Price Index and Inflation,2026-01,Table3 (3),49,,unknown,,blank header cell
NBS,NBS Consumer Price Index and Inflation,2026-01,Table3 (3),50,,unknown,,blank header cell
NBS,NBS Consumer Price Index and Inflation,2026-01,Table3 (3),51,,unknown,,blank header cell
NBS,NBS Consumer Price Index and Inflation,2026-01,Table4,1,,unknown,Weights,blank header cell
NBS,NBS Consumer Price Index and Inflation,2026-01,Table4,2,,unknown,,blank header cell
NBS,NBS Consumer Price Index and Inflation,2026-01,Table4,3,All Items,price,29.3769,
NBS,NBS Consumer Price Index and Inflation,2026-01,Table4,4,All Items Less Farm Produce,price,20.10814,
NBS,NBS Consumer Price Index and Inflation,2026-01,Table4,5,Core Index (All Items Less Farm Produce And Energy),price,18.67631,
NBS,NBS Consumer Price Index and Inflation,2026-01,Table4,6,Imported Food,price,6.100216,
NBS,NBS Consumer Price Index and Inflation,2026-01,Table4,7,Food,price,9.329656,
NBS,NBS Consumer Price Index and Inflation,2026-01,Table4,8,Farm Produce,price,9.263144,
NBS,NBS Consumer Price Index and Inflation,2026-01,Table4,9,Energy,price,1.431826,
NBS,NBS Consumer Price Index and Inflation,2026-01,Table4,10,Services,price,9.187077,
NBS,NBS Consumer Price Index and Inflation,2026-01,Table4,11,Goods,price,20.18421,
NBS,NBS Consumer Price Index and Inflation,2026-01,Table4,12,Food And Non-Alcoholic Beverages,price,13.25875,
NBS,NBS Consumer Price Index and Inflation,2026-01,Table4,13,"Alcoholic Beverages, Tobacco And  Narcotics",unknown,0.119333,
NBS,NBS Consumer Price Index and Inflation,2026-01,Table4,14,Clothing And Footwear,unknown,1.704374,
NBS,NBS Consumer Price Index and Inflation,2026-01,Table4,15,"Housing, Water, Electricity, Gas And Other Fuels",price,1.203269,
NBS,NBS Consumer Price Index and Inflation,2026-01,Table4,16,"Furnishings, Household Equipment And Routine Household Maintenance",unknown,0.973242,
NBS,NBS Consumer Price Index and Inflation,2026-01,Table4,17,Health.,unknown,2.598754,
NBS,NBS Consumer Price Index and Inflation,2026-01,Table4,18,Transport,unknown,2.712839,
NBS,NBS Consumer Price Index and Inflation,2026-01,Table4,19,Information And Communication,unknown,0.761959,
NBS,NBS Consumer Price Index and Inflation,2026-01,Table4,20,"Recreation, Sport And Culture",unknown,0.055278,
NBS,NBS Consumer Price Index and Inflation,2026-01,Table4,21,Education Services,unknown,1.086559,
NBS,NBS Consumer Price Index and Inflation,2026-01,Table4,22,Restaurants And Accomodation Services,unknown,3.700029,
NBS,NBS Consumer Price Index and Inflation,2026-01,Table4,23,Insurance and Financial Services,unknown,0.128843,
NBS,NBS Consumer Price Index and Inflation,2026-01,Table4,24,"Personal Care, Social Protection And Miscellaneous Goods And Services",unknown,1.073677,
NBS,NBS Consumer Price Index and Inflation,2026-01,Table4,25,Month-on (%),date,,
NBS,NBS Consumer Price Index and Inflation,2026-01,Table4,26,Year-on (%),date,,
NBS,NBS Consumer Price Index and Inflation,2026-01,Table4,27,12-month average (%),percentage,,
NBS,NBS Consumer Price Index and Inflation,2026-01,Table4,28,,unknown,,blank header cell
NBS,NBS Consumer Price Index and Inflation,2026-01,Table4,29,,unknown,,blank header cell
NBS,NBS Consumer Price Index and Inflation,2026-01,Table4,30,,unknown,,blank header cell
NBS,NBS Consumer Price Index and Inflation,2026-01,Table4,31,,unknown,,blank header cell
NBS,NBS Consumer Price Index and Inflation,2026-01,Table4,32,,unknown,,blank header cell
NBS,NBS Consumer Price Index and Inflation,2026-01,Table4,33,,unknown,,blank header cell
NBS,NBS Consumer Price Index and Inflation,2026-01,Table4,34,,unknown,,blank header cell
NBS,NBS Consumer Price Index and Inflation,2026-01,Table4,35,,unknown,,blank header cell
NBS,NBS Consumer Price Index and Inflation,2026-01,Table-5,1,,unknown,,blank header cell
NBS,NBS Consumer Price Index and Inflation,2026-01,Table-5,2,State,geography,Abia, | detected as the geography column
NBS,NBS Consumer Price Index and Inflation,2026-01,Table-5,3,Food,price,115.21,
NBS,NBS Consumer Price Index and Inflation,2026-01,Table-5,4,All Items,price,115.38,
NBS,NBS Consumer Price Index and Inflation,2026-01,Table-5,5,Food,price,127.50019772353781,
NBS,NBS Consumer Price Index and Inflation,2026-01,Table-5,6,All Items,price,135.17303447625702,
NBS,NBS Consumer Price Index and Inflation,2026-01,Table-5,7,Food,price,118.93667575695787,
NBS,NBS Consumer Price Index and Inflation,2026-01,Table-5,8,All Items,price,128.8457604471531,
NBS,NBS Consumer Price Index and Inflation,2026-01,Table-5,9,Food,price,3.2346808063170585,
NBS,NBS Consumer Price Index and Inflation,2026-01,Table-5,10,All Items,price,11.67079255256813,
NBS,NBS Consumer Price Index and Inflation,2026-01,Table-5,11,Food,price,-6.71647740119468,
NBS,NBS Consumer Price Index and Inflation,2026-01,Table-5,12,All Items,price,-4.6808700075570755,
NBS,NBS Consumer Price Index and Inflation,2026-01,Table4 (2),1,,unknown,Weights,blank header cell
NBS,NBS Consumer Price Index and Inflation,2026-01,Table4 (2),2,,unknown,,blank header cell
NBS,NBS Consumer Price Index and Inflation,2026-01,Table4 (2),3,All Items,price,999.9999999999999,
NBS,NBS Consumer Price Index and Inflation,2026-01,Table4 (2),4,All Items,price,29.3769,
NBS,NBS Consumer Price Index and Inflation,2026-01,Table4 (2),5,All Items less Farm Produce.,price,480.0942188447083,
NBS,NBS Consumer Price Index and Inflation,2026-01,Table4 (2),6,All Items Less Farm Produce,price,20.10814,
NBS,NBS Consumer Price Index and Inflation,2026-01,Table4 (2),7,All Items less Farm Produce. and Energy,price,394.6058417257211,
NBS,NBS Consumer Price Index and Inflation,2026-01,Table4 (2),8,Core Index (All Items Less Farm Produce And Energy),price,18.67631,
NBS,NBS Consumer Price Index and Inflation,2026-01,Table4 (2),9,Imported Food,price,114.03346558957918,
NBS,NBS Consumer Price Index and Inflation,2026-01,Table4 (2),10,Imported Food,price,6.100216,
NBS,NBS Consumer Price Index and Inflation,2026-01,Table4 (2),11,Food,price,532.2501623514466,
NBS,NBS Consumer Price Index and Inflation,2026-01,Table4 (2),12,Food,price,9.329656,
NBS,NBS Consumer Price Index and Inflation,2026-01,Table4 (2),13,Farm Produce,price,9.263144,
NBS,NBS Consumer Price Index and Inflation,2026-01,Table4 (2),14,Energy,price,1.431826,
NBS,NBS Consumer Price Index and Inflation,2026-01,Table4 (2),15,Services,price,9.187077,
NBS,NBS Consumer Price Index and Inflation,2026-01,Table4 (2),16,Goods,price,20.18421,
NBS,NBS Consumer Price Index and Inflation,2026-01,Table4 (2),17,Food &  Non Alcoholic Bev.,price,540.8933408435455,
NBS,NBS Consumer Price Index and Inflation,2026-01,Table4 (2),18,Food And Non-Alcoholic Beverages,price,13.25875,
NBS,NBS Consumer Price Index and Inflation,2026-01,Table4 (2),19,Alcoholic Beverage. Tobacco and Kola,unknown,10.606303106553293,
NBS,NBS Consumer Price Index and Inflation,2026-01,Table4 (2),20,"Alcoholic Beverages, Tobacco And  Narcotics",unknown,0.119333,
NBS,NBS Consumer Price Index and Inflation,2026-01,Table4 (2),21,Clothing and Footwear,unknown,85.68337715684741,
NBS,NBS Consumer Price Index and Inflation,2026-01,Table4 (2),22,Clothing And Footwear,unknown,1.704374,
NBS,NBS Consumer Price Index and Inflation,2026-01,Table4 (2),23,"Housing Water, Electricity. Gas and Other  Fuel",price,147.16440266807825,
NBS,NBS Consumer Price Index and Inflation,2026-01,Table4 (2),24,"Housing, Water, Electricity, Gas And Other Fuels",price,1.203269,
NBS,NBS Consumer Price Index and Inflation,2026-01,Table4 (2),25,Furnishings & Household Equipment Maintenance.,unknown,50.72011838442036,
NBS,NBS Consumer Price Index and Inflation,2026-01,Table4 (2),26,"Furnishings, Household Equipment And Routine Household Maintenance",unknown,0.973242,
NBS,NBS Consumer Price Index and Inflation,2026-01,Table4 (2),27,Health.,unknown,32.24620846837167,
NBS,NBS Consumer Price Index and Inflation,2026-01,Table4 (2),28,Health.,unknown,2.598754,
NBS,NBS Consumer Price Index and Inflation,2026-01,Table4 (2),29,Transport,unknown,57.18640135048233,
NBS,NBS Consumer Price Index and Inflation,2026-01,Table4 (2),30,Transport,unknown,2.712839,
NBS,NBS Consumer Price Index and Inflation,2026-01,Table4 (2),31,Communication,unknown,4.005931720723357,
NBS,NBS Consumer Price Index and Inflation,2026-01,Table4 (2),32,Information And Communication,unknown,0.761959,
NBS,NBS Consumer Price Index and Inflation,2026-01,Table4 (2),33,Recreation & Culture.,unknown,6.646615393168104,
NBS,NBS Consumer Price Index and Inflation,2026-01,Table4 (2),34,"Recreation, Sport And Culture",unknown,0.055278,
NBS,NBS Consumer Price Index and Inflation,2026-01,Table4 (2),35,Education,unknown,38.925348101183964,
NBS,NBS Consumer Price Index and Inflation,2026-01,Table4 (2),36,Education Services,unknown,1.086559,
NBS,NBS Consumer Price Index and Inflation,2026-01,Table4 (2),37,Restaurant &  Hotels,unknown,10.139844568892057,
NBS,NBS Consumer Price Index and Inflation,2026-01,Table4 (2),38,Restaurants And Accomodation Services,unknown,3.700029,
NBS,NBS Consumer Price Index and Inflation,2026-01,Table4 (2),39,Insurance and Financial Services,unknown,0.128843,
NBS,NBS Consumer Price Index and Inflation,2026-01,Table4 (2),40,Miscellaneous Goods & Services,unknown,15.78210823773351,
NBS,NBS Consumer Price Index and Inflation,2026-01,Table4 (2),41,"Personal Care, Social Protection And Miscellaneous Goods And Services",unknown,1.073677,
NBS,NBS Consumer Price Index and Inflation,2026-01,Table4 (2),42,Month-on (%),date,,
NBS,NBS Consumer Price Index and Inflation,2026-01,Table4 (2),43,Month-on (%),date,,
NBS,NBS Consumer Price Index and Inflation,2026-01,Table4 (2),44,Year-on (%),date,,
NBS,NBS Consumer Price Index and Inflation,2026-01,Table4 (2),45,Year-on (%),date,,
NBS,NBS Consumer Price Index and Inflation,2026-01,Table4 (2),46,12-month average (%),percentage,,
NBS,NBS Consumer Price Index and Inflation,2026-01,Table4 (2),47,12-month average (%),percentage,,
NBS,NBS Consumer Price Index and Inflation,2026-01,Table4 (2),48,,unknown,,blank header cell
NBS,NBS Consumer Price Index and Inflation,2026-01,Table4 (2),49,,unknown,,blank header cell
NBS,NBS Consumer Price Index and Inflation,2026-01,Table4 (2),50,,unknown,,blank header cell
NBS,NBS Consumer Price Index and Inflation,2026-01,Table4 (2),51,,unknown,,blank header cell
NBS,NBS Consumer Price Index and Inflation,2026-01,Table4 (2),52,,unknown,,blank header cell
NBS,NBS Consumer Price Index and Inflation,2026-01,Table4 (2),53,,unknown,,blank header cell
NBS,NBS Consumer Price Index and Inflation,2026-01,Table4 (2),54,,unknown,,blank header cell
NBS,NBS Consumer Price Index and Inflation,2026-01,Table4 (2),55,,unknown,,blank header cell
NBS,NBS Consumer Price Index and Inflation,2026-01,Table4 (2),56,,unknown,,blank header cell
NBS,NBS Consumer Price Index and Inflation,2025-09,Table1,1,,unknown,,blank header cell
NBS,NBS Consumer Price Index and Inflation,2025-09,Table1,2,,unknown,Weights,blank header cell
NBS,NBS Consumer Price Index and Inflation,2025-09,Table1,3,Monthly,price,100,
NBS,NBS Consumer Price Index and Inflation,2025-09,Table1,4,12-Month Average,price,,
NBS,NBS Consumer Price Index and Inflation,2025-09,Table1,5,Month-on change (%),date,,
NBS,NBS Consumer Price Index and Inflation,2025-09,Table1,6,Year-on change (%),date,,
NBS,NBS Consumer Price Index and Inflation,2025-09,Table1,7,12-Month average change (%),percentage,,
NBS,NBS Consumer Price Index and Inflation,2025-09,Table1,8,Monthly,price,73.41474,
NBS,NBS Consumer Price Index and Inflation,2025-09,Table1,9,12-Month Average,price,,
NBS,NBS Consumer Price Index and Inflation,2025-09,Table1,10,Month-on change (%),date,,
NBS,NBS Consumer Price Index and Inflation,2025-09,Table1,11,Year-on change (%),date,,
NBS,NBS Consumer Price Index and Inflation,2025-09,Table1,12,12-Month average change (%),percentage,,
NBS,NBS Consumer Price Index and Inflation,2025-09,Table1,13,Monthly,price,27.97892,
NBS,NBS Consumer Price Index and Inflation,2025-09,Table1,14,12-Month Average,price,,
NBS,NBS Consumer Price Index and Inflation,2025-09,Table1,15,Month-on change (%),date,,
NBS,NBS Consumer Price Index and Inflation,2025-09,Table1,16,Year-on change (%),date,,
NBS,NBS Consumer Price Index and Inflation,2025-09,Table1,17,12-Month average change (%),percentage,,
NBS,NBS Consumer Price Index and Inflation,2025-09,Table1,18,Monthly,price,66.99535,
NBS,NBS Consumer Price Index and Inflation,2025-09,Table1,19,12-Month Average,price,,
NBS,NBS Consumer Price Index and Inflation,2025-09,Table1,20,Month-on change (%),date,,
NBS,NBS Consumer Price Index and Inflation,2025-09,Table1,21,Year-on change (%),date,,
NBS,NBS Consumer Price Index and Inflation,2025-09,Table1,22,12-Month average change (%),percentage,,
NBS,NBS Consumer Price Index and Inflation,2025-09,Table1,23,,unknown,,blank header cell
NBS,NBS Consumer Price Index and Inflation,2025-09,Table2,1,,unknown,,blank header cell
NBS,NBS Consumer Price Index and Inflation,2025-09,Table2,2,All Items,price,100,
NBS,NBS Consumer Price Index and Inflation,2025-09,Table2,3,All Items less Farm Produce.,price,73.41,
NBS,NBS Consumer Price Index and Inflation,2025-09,Table2,4,All Items less Farm Produce. and Energy,price,66.99,
NBS,NBS Consumer Price Index and Inflation,2025-09,Table2,5,Imported Food,price,17.33,
NBS,NBS Consumer Price Index and Inflation,2025-09,Table2,6,Food,price,27.98,
NBS,NBS Consumer Price Index and Inflation,2025-09,Table2,7,FARM PRODUCE,price,26.61,
NBS,NBS Consumer Price Index and Inflation,2025-09,Table2,8,ENERGY,price,6.42,
NBS,NBS Consumer Price Index and Inflation,2025-09,Table2,9,SERVICES,price,37.55,
NBS,NBS Consumer Price Index and Inflation,2025-09,Table2,10,GOODS,price,62.48,
NBS,NBS Consumer Price Index and Inflation,2025-09,Table2,11,Food &  Non Alcoholic Bev.,price,40.02,
NBS,NBS Consumer Price Index and Inflation,2025-09,Table2,12,"ALCOHOLIC BEVERAGES, TOBACCO AND  NARCOTICS",unknown,0.37,
NBS,NBS Consumer Price Index and Inflation,2025-09,Table2,13,Clothing and Footwear,unknown,5.04,
NBS,NBS Consumer Price Index and Inflation,2025-09,Table2,14,"HOUSING, WATER, ELECTRICITY, GAS AND OTHER FUELS",price,8.42,
NBS,NBS Consumer Price Index and Inflation,2025-09,Table2,15,"FURNISHINGS, HOUSEHOLD EQUIPMENT AND ROUTINE HOUSEHOLD MAINTENANCE",unknown,2.96,
NBS,NBS Consumer Price Index and Inflation,2025-09,Table2,16,Health.,unknown,6.06,
NBS,NBS Consumer Price Index and Inflation,2025-09,Table2,17,Transport,unknown,10.66,
NBS,NBS Consumer Price Index and Inflation,2025-09,Table2,18,INFORMATION AND COMMUNICATION,unknown,3.29,
NBS,NBS Consumer Price Index and Inflation,2025-09,Table2,19,"RECREATION, SPORT AND CULTURE",unknown,0.31,
NBS,NBS Consumer Price Index and Inflation,2025-09,Table2,20,EDUCATION SERVICES,unknown,6.2,
NBS,NBS Consumer Price Index and Inflation,2025-09,Table2,21,RESTAURANTS AND ACCOMODATION SERVICES,unknown,12.92,
NBS,NBS Consumer Price Index and Inflation,2025-09,Table2,22,Insurance and Financial Services,unknown,0.47,
NBS,NBS Consumer Price Index and Inflation,2025-09,Table2,23,"PERSONAL CARE, SOCIAL PROTECTION AND MISCELLANEOUS GOODS AND SERVICES",unknown,3.29,
NBS,NBS Consumer Price Index and Inflation,2025-09,Table2,24,Month-on (%),date,,
NBS,NBS Consumer Price Index and Inflation,2025-09,Table2,25,Year-on (%),date,,
NBS,NBS Consumer Price Index and Inflation,2025-09,Table2,26,12-month average (%),percentage,,
NBS,NBS Consumer Price Index and Inflation,2025-09,Table2,27,,unknown,,blank header cell
NBS,NBS Consumer Price Index and Inflation,2025-09,Table2,28,,unknown,,blank header cell
NBS,NBS Consumer Price Index and Inflation,2025-09,Table2,29,,unknown,,blank header cell
NBS,NBS Consumer Price Index and Inflation,2025-09,Table2,30,,unknown,,blank header cell
NBS,NBS Consumer Price Index and Inflation,2025-09,Table3,1,,unknown,Weights,blank header cell
NBS,NBS Consumer Price Index and Inflation,2025-09,Table3,2,,unknown,,blank header cell
NBS,NBS Consumer Price Index and Inflation,2025-09,Table3,3,All Items,price,70.6231,
NBS,NBS Consumer Price Index and Inflation,2025-09,Table3,4,All Items less Farm Produce.,price,53.3066,
NBS,NBS Consumer Price Index and Inflation,2025-09,Table3,5,All Items less Farm Produce. and Energy,price,48.31903,
NBS,NBS Consumer Price Index and Inflation,2025-09,Table3,6,Imported Food,price,11.22541,
NBS,NBS Consumer Price Index and Inflation,2025-09,Table3,7,Food,price,18.64926,
NBS,NBS Consumer Price Index and Inflation,2025-09,Table3,8,FARM PRODUCE,price,17.34714,
NBS,NBS Consumer Price Index and Inflation,2025-09,Table3,9,ENERGY,price,4.987569,
NBS,NBS Consumer Price Index and Inflation,2025-09,Table3,10,SERVICES,price,28.35985,
NBS,NBS Consumer Price Index and Inflation,2025-09,Table3,11,GOODS,price,42.29389,
NBS,NBS Consumer Price Index and Inflation,2025-09,Table3,12,Food &  Non Alcoholic Bev.,price,26.7595,
NBS,NBS Consumer Price Index and Inflation,2025-09,Table3,13,"ALCOHOLIC BEVERAGES, TOBACCO AND  NARCOTICS",unknown,0.254247,
NBS,NBS Consumer Price Index and Inflation,2025-09,Table3,14,Clothing and Footwear,unknown,3.333754,
NBS,NBS Consumer Price Index and Inflation,2025-09,Table3,15,"HOUSING, WATER, ELECTRICITY, GAS AND OTHER FUELS",price,7.213081,
NBS,NBS Consumer Price Index and Inflation,2025-09,Table3,16,"FURNISHINGS, HOUSEHOLD EQUIPMENT AND ROUTINE HOUSEHOLD MAINTENANCE",unknown,1.984745,
NBS,NBS Consumer Price Index and Inflation,2025-09,Table3,17,Health.,unknown,3.459399,
NBS,NBS Consumer Price Index and Inflation,2025-09,Table3,18,Transport,unknown,7.946328,
NBS,NBS Consumer Price Index and Inflation,2025-09,Table3,19,INFORMATION AND COMMUNICATION,unknown,2.530358,
NBS,NBS Consumer Price Index and Inflation,2025-09,Table3,20,"RECREATION, SPORT AND CULTURE",unknown,0.254938,
NBS,NBS Consumer Price Index and Inflation,2025-09,Table3,21,EDUCATION SERVICES,unknown,5.112391,
NBS,NBS Consumer Price Index and Inflation,2025-09,Table3,22,RESTAURANTS AND ACCOMODATION SERVICES,unknown,9.216351,
NBS,NBS Consumer Price Index and Inflation,2025-09,Table3,23,Insurance and Financial Services,unknown,0.34374,
NBS,NBS Consumer Price Index and Inflation,2025-09,Table3,24,"PERSONAL CARE, SOCIAL PROTECTION AND MISCELLANEOUS GOODS AND SERVICES",unknown,2.21427,
NBS,NBS Consumer Price Index and Inflation,2025-09,Table3,25,Month-on (%),date,,
NBS,NBS Consumer Price Index and Inflation,2025-09,Table3,26,Year-on (%),date,,
NBS,NBS Consumer Price Index and Inflation,2025-09,Table3,27,12-month average (%),percentage,,
NBS,NBS Consumer Price Index and Inflation,2025-09,Table3,28,,unknown,,blank header cell
NBS,NBS Consumer Price Index and Inflation,2025-09,Table3,29,,unknown,,blank header cell
NBS,NBS Consumer Price Index and Inflation,2025-09,Table3,30,,unknown,,blank header cell
NBS,NBS Consumer Price Index and Inflation,2025-09,Table3,31,,unknown,,blank header cell
NBS,NBS Consumer Price Index and Inflation,2025-09,Table4,1,,unknown,Weights,blank header cell
NBS,NBS Consumer Price Index and Inflation,2025-09,Table4,2,All Items,price,29.3769,
NBS,NBS Consumer Price Index and Inflation,2025-09,Table4,3,All Items less Farm Produce.,price,20.10814,
NBS,NBS Consumer Price Index and Inflation,2025-09,Table4,4,All Items less Farm Produce. and Energy,price,18.67631,
NBS,NBS Consumer Price Index and Inflation,2025-09,Table4,5,Imported Food,price,6.100216,
NBS,NBS Consumer Price Index and Inflation,2025-09,Table4,6,Food,price,9.329656,
NBS,NBS Consumer Price Index and Inflation,2025-09,Table4,7,FARM PRODUCE,price,9.263144,
NBS,NBS Consumer Price Index and Inflation,2025-09,Table4,8,ENERGY,price,1.431826,
NBS,NBS Consumer Price Index and Inflation,2025-09,Table4,9,SERVICES,price,9.187077,
NBS,NBS Consumer Price Index and Inflation,2025-09,Table4,10,GOODS,price,20.18421,
NBS,NBS Consumer Price Index and Inflation,2025-09,Table4,11,Food &  Non Alcoholic Bev.,price,13.25875,
NBS,NBS Consumer Price Index and Inflation,2025-09,Table4,12,"ALCOHOLIC BEVERAGES, TOBACCO AND  NARCOTICS",unknown,0.119333,
NBS,NBS Consumer Price Index and Inflation,2025-09,Table4,13,Clothing and Footwear,unknown,1.704374,
NBS,NBS Consumer Price Index and Inflation,2025-09,Table4,14,"Housing Water, Electricity. Gas and Other  Fuels",price,1.203269,
NBS,NBS Consumer Price Index and Inflation,2025-09,Table4,15,"FURNISHINGS, HOUSEHOLD EQUIPMENT AND ROUTINE HOUSEHOLD MAINTENANCE",unknown,0.973242,
NBS,NBS Consumer Price Index and Inflation,2025-09,Table4,16,Health.,unknown,2.598754,
NBS,NBS Consumer Price Index and Inflation,2025-09,Table4,17,Transport,unknown,2.712839,
NBS,NBS Consumer Price Index and Inflation,2025-09,Table4,18,INFORMATION AND COMMUNICATION,unknown,0.761959,
NBS,NBS Consumer Price Index and Inflation,2025-09,Table4,19,"RECREATION, SPORT AND CULTURE",unknown,0.055278,
NBS,NBS Consumer Price Index and Inflation,2025-09,Table4,20,EDUCATION SERVICES,unknown,1.086559,
NBS,NBS Consumer Price Index and Inflation,2025-09,Table4,21,RESTAURANTS AND ACCOMODATION SERVICES,unknown,3.700029,
NBS,NBS Consumer Price Index and Inflation,2025-09,Table4,22,Insurance and Financial Services,unknown,0.128843,
NBS,NBS Consumer Price Index and Inflation,2025-09,Table4,23,"PERSONAL CARE, SOCIAL PROTECTION AND MISCELLANEOUS GOODS AND SERVICES",unknown,1.073677,
NBS,NBS Consumer Price Index and Inflation,2025-09,Table4,24,Month-on (%),date,,
NBS,NBS Consumer Price Index and Inflation,2025-09,Table4,25,Year-on (%),date,,
NBS,NBS Consumer Price Index and Inflation,2025-09,Table4,26,12-month average (%),percentage,,
NBS,NBS Consumer Price Index and Inflation,2025-09,Table4,27,,unknown,,blank header cell
NBS,NBS Consumer Price Index and Inflation,2025-09,Table4,28,,unknown,,blank header cell
NBS,NBS Consumer Price Index and Inflation,2025-09,Table4,29,,unknown,,blank header cell
NBS,NBS Consumer Price Index and Inflation,2025-09,Table4,30,,unknown,,blank header cell
NBS,NBS Consumer Price Index and Inflation,2025-09,Table4,31,,unknown,,blank header cell
NBS,NBS Consumer Price Index and Inflation,2025-09,Table4,32,,unknown,,blank header cell
NBS,NBS Consumer Price Index and Inflation,2025-09,Table4,33,,unknown,,blank header cell
NBS,NBS Consumer Price Index and Inflation,2025-09,Table4,34,,unknown,,blank header cell
NBS,NBS Consumer Price Index and Inflation,2025-09,Table-5,1,,unknown,,blank header cell
NBS,NBS Consumer Price Index and Inflation,2025-09,Table-5,2,State,geography,Abia, | detected as the geography column
NBS,NBS Consumer Price Index and Inflation,2025-09,Table-5,3,Food,price,109.71844126854025,
NBS,NBS Consumer Price Index and Inflation,2025-09,Table-5,4,All Items,price,108.87156527273814,
NBS,NBS Consumer Price Index and Inflation,2025-09,Table-5,5,Food,price,133.94395504194605,
NBS,NBS Consumer Price Index and Inflation,2025-09,Table-5,6,All Items,price,129.24799235622154,
NBS,NBS Consumer Price Index and Inflation,2025-09,Table-5,7,Food,price,126.54084979305503,
NBS,NBS Consumer Price Index and Inflation,2025-09,Table-5,8,All Items,price,130.5044342469027,
NBS,NBS Consumer Price Index and Inflation,2025-09,Table-5,9,Food,price,15.332343706324878,
NBS,NBS Consumer Price Index and Inflation,2025-09,Table-5,10,All Items,price,19.87008170588092,
NBS,NBS Consumer Price Index and Inflation,2025-09,Table-5,11,Food,price,-5.527017062153092,
NBS,NBS Consumer Price Index and Inflation,2025-09,Table-5,12,All Items,price,0.9721171430023219,
NBS,NBS Consumer Price Index and Inflation,2025-07,Table1,1,,unknown,,blank header cell
NBS,NBS Consumer Price Index and Inflation,2025-07,Table1,2,,unknown,Weights,blank header cell
NBS,NBS Consumer Price Index and Inflation,2025-07,Table1,3,Monthly,price,100,
NBS,NBS Consumer Price Index and Inflation,2025-07,Table1,4,12-Month Average,price,,
NBS,NBS Consumer Price Index and Inflation,2025-07,Table1,5,Month-on change (%),date,,
NBS,NBS Consumer Price Index and Inflation,2025-07,Table1,6,Year-on change (%),date,,
NBS,NBS Consumer Price Index and Inflation,2025-07,Table1,7,12-Month average change (%),percentage,,
NBS,NBS Consumer Price Index and Inflation,2025-07,Table1,8,Monthly,price,73.41474,
NBS,NBS Consumer Price Index and Inflation,2025-07,Table1,9,12-Month Average,price,,
NBS,NBS Consumer Price Index and Inflation,2025-07,Table1,10,Month-on change (%),date,,
NBS,NBS Consumer Price Index and Inflation,2025-07,Table1,11,Year-on change (%),date,,
NBS,NBS Consumer Price Index and Inflation,2025-07,Table1,12,12-Month average change (%),percentage,,
NBS,NBS Consumer Price Index and Inflation,2025-07,Table1,13,Monthly,price,27.97892,
NBS,NBS Consumer Price Index and Inflation,2025-07,Table1,14,12-Month Average,price,,
NBS,NBS Consumer Price Index and Inflation,2025-07,Table1,15,Month-on change (%),date,,
NBS,NBS Consumer Price Index and Inflation,2025-07,Table1,16,Year-on change (%),date,,
NBS,NBS Consumer Price Index and Inflation,2025-07,Table1,17,12-Month average change (%),percentage,,
NBS,NBS Consumer Price Index and Inflation,2025-07,Table1,18,Monthly,price,66.99535,
NBS,NBS Consumer Price Index and Inflation,2025-07,Table1,19,12-Month Average,price,,
NBS,NBS Consumer Price Index and Inflation,2025-07,Table1,20,Month-on change (%),date,,
NBS,NBS Consumer Price Index and Inflation,2025-07,Table1,21,Year-on change (%),date,,
NBS,NBS Consumer Price Index and Inflation,2025-07,Table1,22,12-Month average change (%),percentage,,
NBS,NBS Consumer Price Index and Inflation,2025-07,Table1,23,,unknown,,blank header cell
NBS,NBS Consumer Price Index and Inflation,2025-07,Table2,1,,unknown,,blank header cell
NBS,NBS Consumer Price Index and Inflation,2025-07,Table2,2,All Items,price,100,
NBS,NBS Consumer Price Index and Inflation,2025-07,Table2,3,All Items less Farm Produce.,price,73.41,
NBS,NBS Consumer Price Index and Inflation,2025-07,Table2,4,All Items less Farm Produce. and Energy,price,66.99,
NBS,NBS Consumer Price Index and Inflation,2025-07,Table2,5,Imported Food,price,17.33,
NBS,NBS Consumer Price Index and Inflation,2025-07,Table2,6,Food,price,27.98,
NBS,NBS Consumer Price Index and Inflation,2025-07,Table2,7,FARM PRODUCE,price,26.61,
NBS,NBS Consumer Price Index and Inflation,2025-07,Table2,8,ENERGY,price,6.42,
NBS,NBS Consumer Price Index and Inflation,2025-07,Table2,9,SERVICES,price,37.55,
NBS,NBS Consumer Price Index and Inflation,2025-07,Table2,10,GOODS,price,62.48,
NBS,NBS Consumer Price Index and Inflation,2025-07,Table2,11,Food &  Non Alcoholic Bev.,price,40.02,
NBS,NBS Consumer Price Index and Inflation,2025-07,Table2,12,"ALCOHOLIC BEVERAGES, TOBACCO AND  NARCOTICS",unknown,0.37,
NBS,NBS Consumer Price Index and Inflation,2025-07,Table2,13,Clothing and Footwear,unknown,5.04,
NBS,NBS Consumer Price Index and Inflation,2025-07,Table2,14,"HOUSING, WATER, ELECTRICITY, GAS AND OTHER FUELS",price,8.42,
NBS,NBS Consumer Price Index and Inflation,2025-07,Table2,15,"FURNISHINGS, HOUSEHOLD EQUIPMENT AND ROUTINE HOUSEHOLD MAINTENANCE",unknown,2.96,
NBS,NBS Consumer Price Index and Inflation,2025-07,Table2,16,Health.,unknown,6.06,
NBS,NBS Consumer Price Index and Inflation,2025-07,Table2,17,Transport,unknown,10.66,
NBS,NBS Consumer Price Index and Inflation,2025-07,Table2,18,INFORMATION AND COMMUNICATION,unknown,3.29,
NBS,NBS Consumer Price Index and Inflation,2025-07,Table2,19,"RECREATION, SPORT AND CULTURE",unknown,0.31,
NBS,NBS Consumer Price Index and Inflation,2025-07,Table2,20,EDUCATION SERVICES,unknown,6.2,
NBS,NBS Consumer Price Index and Inflation,2025-07,Table2,21,RESTAURANTS AND ACCOMODATION SERVICES,unknown,12.92,
NBS,NBS Consumer Price Index and Inflation,2025-07,Table2,22,Insurance and Financial Services,unknown,0.47,
NBS,NBS Consumer Price Index and Inflation,2025-07,Table2,23,"PERSONAL CARE, SOCIAL PROTECTION AND MISCELLANEOUS GOODS AND SERVICES",unknown,3.29,
NBS,NBS Consumer Price Index and Inflation,2025-07,Table2,24,Month-on (%),date,,
NBS,NBS Consumer Price Index and Inflation,2025-07,Table2,25,Year-on (%),date,,
NBS,NBS Consumer Price Index and Inflation,2025-07,Table2,26,12-month average (%),percentage,,
NBS,NBS Consumer Price Index and Inflation,2025-07,Table2,27,,unknown,,blank header cell
NBS,NBS Consumer Price Index and Inflation,2025-07,Table2,28,,unknown,,blank header cell
NBS,NBS Consumer Price Index and Inflation,2025-07,Table2,29,,unknown,,blank header cell
NBS,NBS Consumer Price Index and Inflation,2025-07,Table2,30,,unknown,,blank header cell
NBS,NBS Consumer Price Index and Inflation,2025-07,Table3,1,,unknown,Weights,blank header cell
NBS,NBS Consumer Price Index and Inflation,2025-07,Table3,2,,unknown,,blank header cell
NBS,NBS Consumer Price Index and Inflation,2025-07,Table3,3,All Items,price,70.6231,
NBS,NBS Consumer Price Index and Inflation,2025-07,Table3,4,All Items less Farm Produce.,price,53.3066,
NBS,NBS Consumer Price Index and Inflation,2025-07,Table3,5,All Items less Farm Produce. and Energy,price,48.31903,
NBS,NBS Consumer Price Index and Inflation,2025-07,Table3,6,Imported Food,price,11.22541,
NBS,NBS Consumer Price Index and Inflation,2025-07,Table3,7,Food,price,18.64926,
NBS,NBS Consumer Price Index and Inflation,2025-07,Table3,8,FARM PRODUCE,price,17.34714,
NBS,NBS Consumer Price Index and Inflation,2025-07,Table3,9,ENERGY,price,4.987569,
NBS,NBS Consumer Price Index and Inflation,2025-07,Table3,10,SERVICES,price,28.35985,
NBS,NBS Consumer Price Index and Inflation,2025-07,Table3,11,GOODS,price,42.29389,
NBS,NBS Consumer Price Index and Inflation,2025-07,Table3,12,Food &  Non Alcoholic Bev.,price,26.7595,
NBS,NBS Consumer Price Index and Inflation,2025-07,Table3,13,"ALCOHOLIC BEVERAGES, TOBACCO AND  NARCOTICS",unknown,0.254247,
NBS,NBS Consumer Price Index and Inflation,2025-07,Table3,14,Clothing and Footwear,unknown,3.333754,
NBS,NBS Consumer Price Index and Inflation,2025-07,Table3,15,"HOUSING, WATER, ELECTRICITY, GAS AND OTHER FUELS",price,7.213081,
NBS,NBS Consumer Price Index and Inflation,2025-07,Table3,16,"FURNISHINGS, HOUSEHOLD EQUIPMENT AND ROUTINE HOUSEHOLD MAINTENANCE",unknown,1.984745,
NBS,NBS Consumer Price Index and Inflation,2025-07,Table3,17,Health.,unknown,3.459399,
NBS,NBS Consumer Price Index and Inflation,2025-07,Table3,18,Transport,unknown,7.946328,
NBS,NBS Consumer Price Index and Inflation,2025-07,Table3,19,INFORMATION AND COMMUNICATION,unknown,2.530358,
NBS,NBS Consumer Price Index and Inflation,2025-07,Table3,20,"RECREATION, SPORT AND CULTURE",unknown,0.254938,
NBS,NBS Consumer Price Index and Inflation,2025-07,Table3,21,EDUCATION SERVICES,unknown,5.112391,
NBS,NBS Consumer Price Index and Inflation,2025-07,Table3,22,RESTAURANTS AND ACCOMODATION SERVICES,unknown,9.216351,
NBS,NBS Consumer Price Index and Inflation,2025-07,Table3,23,Insurance and Financial Services,unknown,0.34374,
NBS,NBS Consumer Price Index and Inflation,2025-07,Table3,24,"PERSONAL CARE, SOCIAL PROTECTION AND MISCELLANEOUS GOODS AND SERVICES",unknown,2.21427,
NBS,NBS Consumer Price Index and Inflation,2025-07,Table3,25,Month-on (%),date,,
NBS,NBS Consumer Price Index and Inflation,2025-07,Table3,26,Year-on (%),date,,
NBS,NBS Consumer Price Index and Inflation,2025-07,Table3,27,12-month average (%),percentage,,
NBS,NBS Consumer Price Index and Inflation,2025-07,Table3,28,,unknown,,blank header cell
NBS,NBS Consumer Price Index and Inflation,2025-07,Table3,29,,unknown,,blank header cell
NBS,NBS Consumer Price Index and Inflation,2025-07,Table3,30,,unknown,,blank header cell
NBS,NBS Consumer Price Index and Inflation,2025-07,Table3,31,,unknown,,blank header cell
NBS,NBS Consumer Price Index and Inflation,2025-07,Table4,1,,unknown,Weights,blank header cell
NBS,NBS Consumer Price Index and Inflation,2025-07,Table4,2,All Items,price,29.3769,
NBS,NBS Consumer Price Index and Inflation,2025-07,Table4,3,All Items less Farm Produce.,price,20.10814,
NBS,NBS Consumer Price Index and Inflation,2025-07,Table4,4,All Items less Farm Produce. and Energy,price,18.67631,
NBS,NBS Consumer Price Index and Inflation,2025-07,Table4,5,Imported Food,price,6.100216,
NBS,NBS Consumer Price Index and Inflation,2025-07,Table4,6,Food,price,9.329656,
NBS,NBS Consumer Price Index and Inflation,2025-07,Table4,7,FARM PRODUCE,price,9.263144,
NBS,NBS Consumer Price Index and Inflation,2025-07,Table4,8,ENERGY,price,1.431826,
NBS,NBS Consumer Price Index and Inflation,2025-07,Table4,9,SERVICES,price,9.187077,
NBS,NBS Consumer Price Index and Inflation,2025-07,Table4,10,GOODS,price,20.18421,
NBS,NBS Consumer Price Index and Inflation,2025-07,Table4,11,Food &  Non Alcoholic Bev.,price,13.25875,
NBS,NBS Consumer Price Index and Inflation,2025-07,Table4,12,"ALCOHOLIC BEVERAGES, TOBACCO AND  NARCOTICS",unknown,0.119333,
NBS,NBS Consumer Price Index and Inflation,2025-07,Table4,13,Clothing and Footwear,unknown,1.704374,
NBS,NBS Consumer Price Index and Inflation,2025-07,Table4,14,"Housing Water, Electricity. Gas and Other  Fuels",price,1.203269,
NBS,NBS Consumer Price Index and Inflation,2025-07,Table4,15,"FURNISHINGS, HOUSEHOLD EQUIPMENT AND ROUTINE HOUSEHOLD MAINTENANCE",unknown,0.973242,
NBS,NBS Consumer Price Index and Inflation,2025-07,Table4,16,Health.,unknown,2.598754,
NBS,NBS Consumer Price Index and Inflation,2025-07,Table4,17,Transport,unknown,2.712839,
NBS,NBS Consumer Price Index and Inflation,2025-07,Table4,18,INFORMATION AND COMMUNICATION,unknown,0.761959,
NBS,NBS Consumer Price Index and Inflation,2025-07,Table4,19,"RECREATION, SPORT AND CULTURE",unknown,0.055278,
NBS,NBS Consumer Price Index and Inflation,2025-07,Table4,20,EDUCATION SERVICES,unknown,1.086559,
NBS,NBS Consumer Price Index and Inflation,2025-07,Table4,21,RESTAURANTS AND ACCOMODATION SERVICES,unknown,3.700029,
NBS,NBS Consumer Price Index and Inflation,2025-07,Table4,22,Insurance and Financial Services,unknown,0.128843,
NBS,NBS Consumer Price Index and Inflation,2025-07,Table4,23,"PERSONAL CARE, SOCIAL PROTECTION AND MISCELLANEOUS GOODS AND SERVICES",unknown,1.073677,
NBS,NBS Consumer Price Index and Inflation,2025-07,Table4,24,Month-on (%),date,,
NBS,NBS Consumer Price Index and Inflation,2025-07,Table4,25,Year-on (%),date,,
NBS,NBS Consumer Price Index and Inflation,2025-07,Table4,26,12-month average (%),percentage,,
NBS,NBS Consumer Price Index and Inflation,2025-07,Table4,27,,unknown,,blank header cell
NBS,NBS Consumer Price Index and Inflation,2025-07,Table4,28,,unknown,,blank header cell
NBS,NBS Consumer Price Index and Inflation,2025-07,Table4,29,,unknown,,blank header cell
NBS,NBS Consumer Price Index and Inflation,2025-07,Table4,30,,unknown,,blank header cell
NBS,NBS Consumer Price Index and Inflation,2025-07,Table4,31,,unknown,,blank header cell
NBS,NBS Consumer Price Index and Inflation,2025-07,Table4,32,,unknown,,blank header cell
NBS,NBS Consumer Price Index and Inflation,2025-07,Table4,33,,unknown,,blank header cell
NBS,NBS Consumer Price Index and Inflation,2025-07,Table4,34,,unknown,,blank header cell
NBS,NBS Consumer Price Index and Inflation,2025-07,Table-5,1,,unknown,,blank header cell
NBS,NBS Consumer Price Index and Inflation,2025-07,Table-5,2,State,geography,Abia, | detected as the geography column
NBS,NBS Consumer Price Index and Inflation,2025-07,Table-5,3,Food,price,104.42175387808132,
NBS,NBS Consumer Price Index and Inflation,2025-07,Table-5,4,All Items,price,104.03555632925507,
NBS,NBS Consumer Price Index and Inflation,2025-07,Table-5,5,Food,price,126.54469088494079,
NBS,NBS Consumer Price Index and Inflation,2025-07,Table-5,6,All Items,price,125.49891201039063,
NBS,NBS Consumer Price Index and Inflation,2025-07,Table-5,7,Food,price,125.19975770926418,
NBS,NBS Consumer Price Index and Inflation,2025-07,Table-5,8,All Items,price,126.59868006925886,
NBS,NBS Consumer Price Index and Inflation,2025-07,Table-5,9,Food,price,19.898156331909945,
NBS,NBS Consumer Price Index and Inflation,2025-07,Table-5,10,All Items,price,21.687896461662874,
NBS,NBS Consumer Price Index and Inflation,2025-07,Table-5,11,Food,price,-1.0628128025532675,
NBS,NBS Consumer Price Index and Inflation,2025-07,Table-5,12,All Items,price,0.8763168072542129,
NBS,NBS Consumer Price Index and Inflation,2025-04,Table1,1,,unknown,,blank header cell
NBS,NBS Consumer Price Index and Inflation,2025-04,Table1,2,,unknown,Weights,blank header cell
NBS,NBS Consumer Price Index and Inflation,2025-04,Table1,3,Monthly,price,100,
NBS,NBS Consumer Price Index and Inflation,2025-04,Table1,4,12-Month Average,price,,
NBS,NBS Consumer Price Index and Inflation,2025-04,Table1,5,Month-on change (%),date,,
NBS,NBS Consumer Price Index and Inflation,2025-04,Table1,6,Year-on change (%),date,,
NBS,NBS Consumer Price Index and Inflation,2025-04,Table1,7,12-Month average change (%),percentage,,
NBS,NBS Consumer Price Index and Inflation,2025-04,Table1,8,Monthly,price,73.41474,
NBS,NBS Consumer Price Index and Inflation,2025-04,Table1,9,12-Month Average,price,,
NBS,NBS Consumer Price Index and Inflation,2025-04,Table1,10,Month-on change (%),date,,
NBS,NBS Consumer Price Index and Inflation,2025-04,Table1,11,Year-on change (%),date,,
NBS,NBS Consumer Price Index and Inflation,2025-04,Table1,12,12-Month average change (%),percentage,,
NBS,NBS Consumer Price Index and Inflation,2025-04,Table1,13,Monthly,price,27.97892,
NBS,NBS Consumer Price Index and Inflation,2025-04,Table1,14,12-Month Average,price,,
NBS,NBS Consumer Price Index and Inflation,2025-04,Table1,15,Month-on change (%),date,,
NBS,NBS Consumer Price Index and Inflation,2025-04,Table1,16,Year-on change (%),date,,
NBS,NBS Consumer Price Index and Inflation,2025-04,Table1,17,12-Month average change (%),percentage,,
NBS,NBS Consumer Price Index and Inflation,2025-04,Table1,18,Monthly,price,66.99535,
NBS,NBS Consumer Price Index and Inflation,2025-04,Table1,19,12-Month Average,price,,
NBS,NBS Consumer Price Index and Inflation,2025-04,Table1,20,Month-on change (%),date,,
NBS,NBS Consumer Price Index and Inflation,2025-04,Table1,21,Year-on change (%),date,,
NBS,NBS Consumer Price Index and Inflation,2025-04,Table1,22,12-Month average change (%),percentage,,
NBS,NBS Consumer Price Index and Inflation,2025-04,Table1,23,,unknown,,blank header cell
NBS,NBS Consumer Price Index and Inflation,2025-04,Table2,1,,unknown,,blank header cell
NBS,NBS Consumer Price Index and Inflation,2025-04,Table2,2,All Items,price,100,
NBS,NBS Consumer Price Index and Inflation,2025-04,Table2,3,All Items less Farm Produce.,price,73.41,
NBS,NBS Consumer Price Index and Inflation,2025-04,Table2,4,All Items less Farm Produce. and Energy,price,66.99,
NBS,NBS Consumer Price Index and Inflation,2025-04,Table2,5,Imported Food,price,17.33,
NBS,NBS Consumer Price Index and Inflation,2025-04,Table2,6,Food,price,27.98,
NBS,NBS Consumer Price Index and Inflation,2025-04,Table2,7,FARM PRODUCE,price,26.61,
NBS,NBS Consumer Price Index and Inflation,2025-04,Table2,8,ENERGY,price,6.42,
NBS,NBS Consumer Price Index and Inflation,2025-04,Table2,9,SERVICES,price,37.55,
NBS,NBS Consumer Price Index and Inflation,2025-04,Table2,10,GOODS,price,62.48,
NBS,NBS Consumer Price Index and Inflation,2025-04,Table2,11,Food &  Non Alcoholic Bev.,price,40.02,
NBS,NBS Consumer Price Index and Inflation,2025-04,Table2,12,"ALCOHOLIC BEVERAGES, TOBACCO AND  NARCOTICS",unknown,0.37,
NBS,NBS Consumer Price Index and Inflation,2025-04,Table2,13,Clothing and Footwear,unknown,5.04,
NBS,NBS Consumer Price Index and Inflation,2025-04,Table2,14,"HOUSING, WATER, ELECTRICITY, GAS AND OTHER FUELS",price,8.42,
NBS,NBS Consumer Price Index and Inflation,2025-04,Table2,15,"FURNISHINGS, HOUSEHOLD EQUIPMENT AND ROUTINE HOUSEHOLD MAINTENANCE",unknown,2.96,
NBS,NBS Consumer Price Index and Inflation,2025-04,Table2,16,Health.,unknown,6.06,
NBS,NBS Consumer Price Index and Inflation,2025-04,Table2,17,Transport,unknown,10.66,
NBS,NBS Consumer Price Index and Inflation,2025-04,Table2,18,INFORMATION AND COMMUNICATION,unknown,3.29,
NBS,NBS Consumer Price Index and Inflation,2025-04,Table2,19,"RECREATION, SPORT AND CULTURE",unknown,0.31,
NBS,NBS Consumer Price Index and Inflation,2025-04,Table2,20,EDUCATION SERVICES,unknown,6.2,
NBS,NBS Consumer Price Index and Inflation,2025-04,Table2,21,RESTAURANTS AND ACCOMODATION SERVICES,unknown,12.92,
NBS,NBS Consumer Price Index and Inflation,2025-04,Table2,22,Insurance and Financial Services,unknown,0.47,
NBS,NBS Consumer Price Index and Inflation,2025-04,Table2,23,"PERSONAL CARE, SOCIAL PROTECTION AND MISCELLANEOUS GOODS AND SERVICES",unknown,3.29,
NBS,NBS Consumer Price Index and Inflation,2025-04,Table2,24,Month-on (%),date,,
NBS,NBS Consumer Price Index and Inflation,2025-04,Table2,25,Year-on (%),date,,
NBS,NBS Consumer Price Index and Inflation,2025-04,Table2,26,12-month average (%),percentage,,
NBS,NBS Consumer Price Index and Inflation,2025-04,Table2,27,,unknown,,blank header cell
NBS,NBS Consumer Price Index and Inflation,2025-04,Table2,28,,unknown,,blank header cell
NBS,NBS Consumer Price Index and Inflation,2025-04,Table2,29,,unknown,,blank header cell
NBS,NBS Consumer Price Index and Inflation,2025-04,Table2,30,,unknown,,blank header cell
NBS,NBS Consumer Price Index and Inflation,2025-04,Table3,1,,unknown,Weights,blank header cell
NBS,NBS Consumer Price Index and Inflation,2025-04,Table3,2,,unknown,,blank header cell
NBS,NBS Consumer Price Index and Inflation,2025-04,Table3,3,All Items,price,70.6231,
NBS,NBS Consumer Price Index and Inflation,2025-04,Table3,4,All Items less Farm Produce.,price,53.3066,
NBS,NBS Consumer Price Index and Inflation,2025-04,Table3,5,All Items less Farm Produce. and Energy,price,48.31903,
NBS,NBS Consumer Price Index and Inflation,2025-04,Table3,6,Imported Food,price,11.22541,
NBS,NBS Consumer Price Index and Inflation,2025-04,Table3,7,Food,price,18.64926,
NBS,NBS Consumer Price Index and Inflation,2025-04,Table3,8,FARM PRODUCE,price,17.34714,
NBS,NBS Consumer Price Index and Inflation,2025-04,Table3,9,ENERGY,price,4.987569,
NBS,NBS Consumer Price Index and Inflation,2025-04,Table3,10,SERVICES,price,28.35985,
NBS,NBS Consumer Price Index and Inflation,2025-04,Table3,11,GOODS,price,42.29389,
NBS,NBS Consumer Price Index and Inflation,2025-04,Table3,12,Food &  Non Alcoholic Bev.,price,26.7595,
NBS,NBS Consumer Price Index and Inflation,2025-04,Table3,13,"ALCOHOLIC BEVERAGES, TOBACCO AND  NARCOTICS",unknown,0.254247,
NBS,NBS Consumer Price Index and Inflation,2025-04,Table3,14,Clothing and Footwear,unknown,3.333754,
NBS,NBS Consumer Price Index and Inflation,2025-04,Table3,15,"HOUSING, WATER, ELECTRICITY, GAS AND OTHER FUELS",price,7.213081,
NBS,NBS Consumer Price Index and Inflation,2025-04,Table3,16,"FURNISHINGS, HOUSEHOLD EQUIPMENT AND ROUTINE HOUSEHOLD MAINTENANCE",unknown,1.984745,
NBS,NBS Consumer Price Index and Inflation,2025-04,Table3,17,Health.,unknown,3.459399,
NBS,NBS Consumer Price Index and Inflation,2025-04,Table3,18,Transport,unknown,7.946328,
NBS,NBS Consumer Price Index and Inflation,2025-04,Table3,19,INFORMATION AND COMMUNICATION,unknown,2.530358,
NBS,NBS Consumer Price Index and Inflation,2025-04,Table3,20,"RECREATION, SPORT AND CULTURE",unknown,0.254938,
NBS,NBS Consumer Price Index and Inflation,2025-04,Table3,21,EDUCATION SERVICES,unknown,5.112391,
NBS,NBS Consumer Price Index and Inflation,2025-04,Table3,22,RESTAURANTS AND ACCOMODATION SERVICES,unknown,9.216351,
NBS,NBS Consumer Price Index and Inflation,2025-04,Table3,23,Insurance and Financial Services,unknown,0.34374,
NBS,NBS Consumer Price Index and Inflation,2025-04,Table3,24,"PERSONAL CARE, SOCIAL PROTECTION AND MISCELLANEOUS GOODS AND SERVICES",unknown,2.21427,
NBS,NBS Consumer Price Index and Inflation,2025-04,Table3,25,Month-on (%),date,,
NBS,NBS Consumer Price Index and Inflation,2025-04,Table3,26,Year-on (%),date,,
NBS,NBS Consumer Price Index and Inflation,2025-04,Table3,27,12-month average (%),percentage,,
NBS,NBS Consumer Price Index and Inflation,2025-04,Table3,28,,unknown,,blank header cell
NBS,NBS Consumer Price Index and Inflation,2025-04,Table3,29,,unknown,,blank header cell
NBS,NBS Consumer Price Index and Inflation,2025-04,Table3,30,,unknown,,blank header cell
NBS,NBS Consumer Price Index and Inflation,2025-04,Table3,31,,unknown,,blank header cell
NBS,NBS Consumer Price Index and Inflation,2025-04,Table4,1,,unknown,Weights,blank header cell
NBS,NBS Consumer Price Index and Inflation,2025-04,Table4,2,All Items,price,29.3769,
NBS,NBS Consumer Price Index and Inflation,2025-04,Table4,3,All Items less Farm Produce.,price,20.10814,
NBS,NBS Consumer Price Index and Inflation,2025-04,Table4,4,All Items less Farm Produce. and Energy,price,18.67631,
NBS,NBS Consumer Price Index and Inflation,2025-04,Table4,5,Imported Food,price,6.100216,
NBS,NBS Consumer Price Index and Inflation,2025-04,Table4,6,Food,price,9.329656,
NBS,NBS Consumer Price Index and Inflation,2025-04,Table4,7,FARM PRODUCE,price,9.263144,
NBS,NBS Consumer Price Index and Inflation,2025-04,Table4,8,ENERGY,price,1.431826,
NBS,NBS Consumer Price Index and Inflation,2025-04,Table4,9,SERVICES,price,9.187077,
NBS,NBS Consumer Price Index and Inflation,2025-04,Table4,10,GOODS,price,20.18421,
NBS,NBS Consumer Price Index and Inflation,2025-04,Table4,11,Food &  Non Alcoholic Bev.,price,13.25875,
NBS,NBS Consumer Price Index and Inflation,2025-04,Table4,12,"ALCOHOLIC BEVERAGES, TOBACCO AND  NARCOTICS",unknown,0.119333,
NBS,NBS Consumer Price Index and Inflation,2025-04,Table4,13,Clothing and Footwear,unknown,1.704374,
NBS,NBS Consumer Price Index and Inflation,2025-04,Table4,14,"Housing Water, Electricity. Gas and Other  Fuels",price,1.203269,
NBS,NBS Consumer Price Index and Inflation,2025-04,Table4,15,"FURNISHINGS, HOUSEHOLD EQUIPMENT AND ROUTINE HOUSEHOLD MAINTENANCE",unknown,0.973242,
NBS,NBS Consumer Price Index and Inflation,2025-04,Table4,16,Health.,unknown,2.598754,
NBS,NBS Consumer Price Index and Inflation,2025-04,Table4,17,Transport,unknown,2.712839,
NBS,NBS Consumer Price Index and Inflation,2025-04,Table4,18,INFORMATION AND COMMUNICATION,unknown,0.761959,
NBS,NBS Consumer Price Index and Inflation,2025-04,Table4,19,"RECREATION, SPORT AND CULTURE",unknown,0.055278,
NBS,NBS Consumer Price Index and Inflation,2025-04,Table4,20,EDUCATION SERVICES,unknown,1.086559,
NBS,NBS Consumer Price Index and Inflation,2025-04,Table4,21,RESTAURANTS AND ACCOMODATION SERVICES,unknown,3.700029,
NBS,NBS Consumer Price Index and Inflation,2025-04,Table4,22,Insurance and Financial Services,unknown,0.128843,
NBS,NBS Consumer Price Index and Inflation,2025-04,Table4,23,"PERSONAL CARE, SOCIAL PROTECTION AND MISCELLANEOUS GOODS AND SERVICES",unknown,1.073677,
NBS,NBS Consumer Price Index and Inflation,2025-04,Table4,24,Month-on (%),date,,
NBS,NBS Consumer Price Index and Inflation,2025-04,Table4,25,Year-on (%),date,,
NBS,NBS Consumer Price Index and Inflation,2025-04,Table4,26,12-month average (%),percentage,,
NBS,NBS Consumer Price Index and Inflation,2025-04,Table4,27,,unknown,,blank header cell
NBS,NBS Consumer Price Index and Inflation,2025-04,Table4,28,,unknown,,blank header cell
NBS,NBS Consumer Price Index and Inflation,2025-04,Table4,29,,unknown,,blank header cell
NBS,NBS Consumer Price Index and Inflation,2025-04,Table4,30,,unknown,,blank header cell
NBS,NBS Consumer Price Index and Inflation,2025-04,Table4,31,,unknown,,blank header cell
NBS,NBS Consumer Price Index and Inflation,2025-04,Table4,32,,unknown,,blank header cell
NBS,NBS Consumer Price Index and Inflation,2025-04,Table4,33,,unknown,,blank header cell
NBS,NBS Consumer Price Index and Inflation,2025-04,Table4,34,,unknown,,blank header cell
NBS,NBS Consumer Price Index and Inflation,2025-04,Table-5,1,,unknown,,blank header cell
NBS,NBS Consumer Price Index and Inflation,2025-04,Table-5,2,State,geography,Abia, | detected as the geography column
NBS,NBS Consumer Price Index and Inflation,2025-04,Table-5,3,Food,price,96.1272376899802,
NBS,NBS Consumer Price Index and Inflation,2025-04,Table-5,4,All Items,price,96.40813617595376,
NBS,NBS Consumer Price Index and Inflation,2025-04,Table-5,5,Food,price,116.128879,
NBS,NBS Consumer Price Index and Inflation,2025-04,Table-5,6,All Items,price,117.904924,
NBS,NBS Consumer Price Index and Inflation,2025-04,Table-5,7,Food,price,114.016451,
NBS,NBS Consumer Price Index and Inflation,2025-04,Table-5,8,All Items,price,120.77175269418935,
NBS,NBS Consumer Price Index and Inflation,2025-04,Table-5,9,Food,price,18.609931732059408,
NBS,NBS Consumer Price Index and Inflation,2025-04,Table-5,10,All Items,price,25.271328214218073,
NBS,NBS Consumer Price Index and Inflation,2025-04,Table-5,11,Food,price,-1.8190376228465936,
NBS,NBS Consumer Price Index and Inflation,2025-04,Table-5,12,All Items,price,2.43147495196159,
NBS,NBS Consumer Price Index and Inflation,2025-02,Table1,1,,unknown,,blank header cell
NBS,NBS Consumer Price Index and Inflation,2025-02,Table1,2,,unknown,Weights,blank header cell
NBS,NBS Consumer Price Index and Inflation,2025-02,Table1,3,Monthly,price,100,
NBS,NBS Consumer Price Index and Inflation,2025-02,Table1,4,12-Month Average,price,,
NBS,NBS Consumer Price Index and Inflation,2025-02,Table1,5,Month-on change (%),date,,
NBS,NBS Consumer Price Index and Inflation,2025-02,Table1,6,Year-on change (%),date,,
NBS,NBS Consumer Price Index and Inflation,2025-02,Table1,7,12-Month average change (%),percentage,,
NBS,NBS Consumer Price Index and Inflation,2025-02,Table1,8,Monthly,price,73.41474,
NBS,NBS Consumer Price Index and Inflation,2025-02,Table1,9,12-Month Average,price,,
NBS,NBS Consumer Price Index and Inflation,2025-02,Table1,10,Month-on change (%),date,,
NBS,NBS Consumer Price Index and Inflation,2025-02,Table1,11,Year-on change (%),date,,
NBS,NBS Consumer Price Index and Inflation,2025-02,Table1,12,12-Month average change (%),percentage,,
NBS,NBS Consumer Price Index and Inflation,2025-02,Table1,13,Monthly,price,27.97892,
NBS,NBS Consumer Price Index and Inflation,2025-02,Table1,14,12-Month Average,price,,
NBS,NBS Consumer Price Index and Inflation,2025-02,Table1,15,Month-on change (%),date,,
NBS,NBS Consumer Price Index and Inflation,2025-02,Table1,16,Year-on change (%),date,,
NBS,NBS Consumer Price Index and Inflation,2025-02,Table1,17,12-Month average change (%),percentage,,
NBS,NBS Consumer Price Index and Inflation,2025-02,Table1,18,Monthly,price,66.99535,
NBS,NBS Consumer Price Index and Inflation,2025-02,Table1,19,12-Month Average,price,,
NBS,NBS Consumer Price Index and Inflation,2025-02,Table1,20,Month-on change (%),date,,
NBS,NBS Consumer Price Index and Inflation,2025-02,Table1,21,Year-on change (%),date,,
NBS,NBS Consumer Price Index and Inflation,2025-02,Table1,22,12-Month average change (%),percentage,,
NBS,NBS Consumer Price Index and Inflation,2025-02,Table1,23,,unknown,,blank header cell
NBS,NBS Consumer Price Index and Inflation,2025-02,Table2,1,,unknown,,blank header cell
NBS,NBS Consumer Price Index and Inflation,2025-02,Table2,2,All Items,price,100,
NBS,NBS Consumer Price Index and Inflation,2025-02,Table2,3,All Items less Farm Produce.,price,73.41,
NBS,NBS Consumer Price Index and Inflation,2025-02,Table2,4,All Items less Farm Produce. and Energy,price,66.99,
NBS,NBS Consumer Price Index and Inflation,2025-02,Table2,5,Imported Food,price,17.33,
NBS,NBS Consumer Price Index and Inflation,2025-02,Table2,6,Food,price,27.98,
NBS,NBS Consumer Price Index and Inflation,2025-02,Table2,7,FARM PRODUCE,price,26.61,
NBS,NBS Consumer Price Index and Inflation,2025-02,Table2,8,ENERGY,price,6.42,
NBS,NBS Consumer Price Index and Inflation,2025-02,Table2,9,SERVICES,price,37.55,
NBS,NBS Consumer Price Index and Inflation,2025-02,Table2,10,GOODS,price,62.48,
NBS,NBS Consumer Price Index and Inflation,2025-02,Table2,11,Food &  Non Alcoholic Bev.,price,40.02,
NBS,NBS Consumer Price Index and Inflation,2025-02,Table2,12,"ALCOHOLIC BEVERAGES, TOBACCO AND  NARCOTICS",unknown,0.37,
NBS,NBS Consumer Price Index and Inflation,2025-02,Table2,13,Clothing and Footwear,unknown,5.04,
NBS,NBS Consumer Price Index and Inflation,2025-02,Table2,14,"HOUSING, WATER, ELECTRICITY, GAS AND OTHER FUELS",price,8.42,
NBS,NBS Consumer Price Index and Inflation,2025-02,Table2,15,"FURNISHINGS, HOUSEHOLD EQUIPMENT AND ROUTINE HOUSEHOLD MAINTENANCE",unknown,2.96,
NBS,NBS Consumer Price Index and Inflation,2025-02,Table2,16,Health.,unknown,6.06,
NBS,NBS Consumer Price Index and Inflation,2025-02,Table2,17,Transport,unknown,10.66,
NBS,NBS Consumer Price Index and Inflation,2025-02,Table2,18,INFORMATION AND COMMUNICATION,unknown,3.29,
NBS,NBS Consumer Price Index and Inflation,2025-02,Table2,19,"RECREATION, SPORT AND CULTURE",unknown,0.31,
NBS,NBS Consumer Price Index and Inflation,2025-02,Table2,20,EDUCATION SERVICES,unknown,6.2,
NBS,NBS Consumer Price Index and Inflation,2025-02,Table2,21,RESTAURANTS AND ACCOMODATION SERVICES,unknown,12.92,
NBS,NBS Consumer Price Index and Inflation,2025-02,Table2,22,Insurance and Financial Services,unknown,0.47,
NBS,NBS Consumer Price Index and Inflation,2025-02,Table2,23,"PERSONAL CARE, SOCIAL PROTECTION AND MISCELLANEOUS GOODS AND SERVICES",unknown,3.29,
NBS,NBS Consumer Price Index and Inflation,2025-02,Table2,24,Month-on (%),date,,
NBS,NBS Consumer Price Index and Inflation,2025-02,Table2,25,Year-on (%),date,,
NBS,NBS Consumer Price Index and Inflation,2025-02,Table2,26,12-month average (%),percentage,,
NBS,NBS Consumer Price Index and Inflation,2025-02,Table2,27,,unknown,,blank header cell
NBS,NBS Consumer Price Index and Inflation,2025-02,Table2,28,,unknown,,blank header cell
NBS,NBS Consumer Price Index and Inflation,2025-02,Table2,29,,unknown,,blank header cell
NBS,NBS Consumer Price Index and Inflation,2025-02,Table2,30,,unknown,,blank header cell
NBS,NBS Consumer Price Index and Inflation,2025-02,Table3,1,,unknown,Weights,blank header cell
NBS,NBS Consumer Price Index and Inflation,2025-02,Table3,2,,unknown,,blank header cell
NBS,NBS Consumer Price Index and Inflation,2025-02,Table3,3,All Items,price,70.6231,
NBS,NBS Consumer Price Index and Inflation,2025-02,Table3,4,All Items less Farm Produce.,price,53.3066,
NBS,NBS Consumer Price Index and Inflation,2025-02,Table3,5,All Items less Farm Produce. and Energy,price,48.31903,
NBS,NBS Consumer Price Index and Inflation,2025-02,Table3,6,Imported Food,price,11.22541,
NBS,NBS Consumer Price Index and Inflation,2025-02,Table3,7,Food,price,18.64926,
NBS,NBS Consumer Price Index and Inflation,2025-02,Table3,8,FARM PRODUCE,price,17.34714,
NBS,NBS Consumer Price Index and Inflation,2025-02,Table3,9,ENERGY,price,4.987569,
NBS,NBS Consumer Price Index and Inflation,2025-02,Table3,10,SERVICES,price,28.35985,
NBS,NBS Consumer Price Index and Inflation,2025-02,Table3,11,GOODS,price,42.29389,
NBS,NBS Consumer Price Index and Inflation,2025-02,Table3,12,Food &  Non Alcoholic Bev.,price,26.7595,
NBS,NBS Consumer Price Index and Inflation,2025-02,Table3,13,"ALCOHOLIC BEVERAGES, TOBACCO AND  NARCOTICS",unknown,0.254247,
NBS,NBS Consumer Price Index and Inflation,2025-02,Table3,14,Clothing and Footwear,unknown,3.333754,
NBS,NBS Consumer Price Index and Inflation,2025-02,Table3,15,"HOUSING, WATER, ELECTRICITY, GAS AND OTHER FUELS",price,7.213081,
NBS,NBS Consumer Price Index and Inflation,2025-02,Table3,16,"FURNISHINGS, HOUSEHOLD EQUIPMENT AND ROUTINE HOUSEHOLD MAINTENANCE",unknown,1.984745,
NBS,NBS Consumer Price Index and Inflation,2025-02,Table3,17,Health.,unknown,3.459399,
NBS,NBS Consumer Price Index and Inflation,2025-02,Table3,18,Transport,unknown,7.946328,
NBS,NBS Consumer Price Index and Inflation,2025-02,Table3,19,INFORMATION AND COMMUNICATION,unknown,2.530358,
NBS,NBS Consumer Price Index and Inflation,2025-02,Table3,20,"RECREATION, SPORT AND CULTURE",unknown,0.254938,
NBS,NBS Consumer Price Index and Inflation,2025-02,Table3,21,EDUCATION SERVICES,unknown,5.112391,
NBS,NBS Consumer Price Index and Inflation,2025-02,Table3,22,RESTAURANTS AND ACCOMODATION SERVICES,unknown,9.216351,
NBS,NBS Consumer Price Index and Inflation,2025-02,Table3,23,Insurance and Financial Services,unknown,0.34374,
NBS,NBS Consumer Price Index and Inflation,2025-02,Table3,24,"PERSONAL CARE, SOCIAL PROTECTION AND MISCELLANEOUS GOODS AND SERVICES",unknown,2.21427,
NBS,NBS Consumer Price Index and Inflation,2025-02,Table3,25,Month-on (%),date,,
NBS,NBS Consumer Price Index and Inflation,2025-02,Table3,26,Year-on (%),date,,
NBS,NBS Consumer Price Index and Inflation,2025-02,Table3,27,12-month average (%),percentage,,
NBS,NBS Consumer Price Index and Inflation,2025-02,Table3,28,,unknown,,blank header cell
NBS,NBS Consumer Price Index and Inflation,2025-02,Table3,29,,unknown,,blank header cell
NBS,NBS Consumer Price Index and Inflation,2025-02,Table3,30,,unknown,,blank header cell
NBS,NBS Consumer Price Index and Inflation,2025-02,Table3,31,,unknown,,blank header cell
NBS,NBS Consumer Price Index and Inflation,2025-02,Table4,1,,unknown,Weights,blank header cell
NBS,NBS Consumer Price Index and Inflation,2025-02,Table4,2,All Items,price,29.3769,
NBS,NBS Consumer Price Index and Inflation,2025-02,Table4,3,All Items less Farm Produce.,price,20.10814,
NBS,NBS Consumer Price Index and Inflation,2025-02,Table4,4,All Items less Farm Produce. and Energy,price,18.67631,
NBS,NBS Consumer Price Index and Inflation,2025-02,Table4,5,Imported Food,price,6.100216,
NBS,NBS Consumer Price Index and Inflation,2025-02,Table4,6,Food,price,9.329656,
NBS,NBS Consumer Price Index and Inflation,2025-02,Table4,7,FARM PRODUCE,price,9.263144,
NBS,NBS Consumer Price Index and Inflation,2025-02,Table4,8,ENERGY,price,1.431826,
NBS,NBS Consumer Price Index and Inflation,2025-02,Table4,9,SERVICES,price,9.187077,
NBS,NBS Consumer Price Index and Inflation,2025-02,Table4,10,GOODS,price,20.18421,
NBS,NBS Consumer Price Index and Inflation,2025-02,Table4,11,Food &  Non Alcoholic Bev.,price,13.25875,
NBS,NBS Consumer Price Index and Inflation,2025-02,Table4,12,"ALCOHOLIC BEVERAGES, TOBACCO AND  NARCOTICS",unknown,0.119333,
NBS,NBS Consumer Price Index and Inflation,2025-02,Table4,13,Clothing and Footwear,unknown,1.704374,
NBS,NBS Consumer Price Index and Inflation,2025-02,Table4,14,"Housing Water, Electricity. Gas and Other  Fuels",price,1.203269,
NBS,NBS Consumer Price Index and Inflation,2025-02,Table4,15,"FURNISHINGS, HOUSEHOLD EQUIPMENT AND ROUTINE HOUSEHOLD MAINTENANCE",unknown,0.973242,
NBS,NBS Consumer Price Index and Inflation,2025-02,Table4,16,Health.,unknown,2.598754,
NBS,NBS Consumer Price Index and Inflation,2025-02,Table4,17,Transport,unknown,2.712839,
NBS,NBS Consumer Price Index and Inflation,2025-02,Table4,18,INFORMATION AND COMMUNICATION,unknown,0.761959,
NBS,NBS Consumer Price Index and Inflation,2025-02,Table4,19,"RECREATION, SPORT AND CULTURE",unknown,0.055278,
NBS,NBS Consumer Price Index and Inflation,2025-02,Table4,20,EDUCATION SERVICES,unknown,1.086559,
NBS,NBS Consumer Price Index and Inflation,2025-02,Table4,21,RESTAURANTS AND ACCOMODATION SERVICES,unknown,3.700029,
NBS,NBS Consumer Price Index and Inflation,2025-02,Table4,22,Insurance and Financial Services,unknown,0.128843,
NBS,NBS Consumer Price Index and Inflation,2025-02,Table4,23,"PERSONAL CARE, SOCIAL PROTECTION AND MISCELLANEOUS GOODS AND SERVICES",unknown,1.073677,
NBS,NBS Consumer Price Index and Inflation,2025-02,Table4,24,Month-on (%),date,,
NBS,NBS Consumer Price Index and Inflation,2025-02,Table4,25,Year-on (%),date,,
NBS,NBS Consumer Price Index and Inflation,2025-02,Table4,26,12-month average (%),percentage,,
NBS,NBS Consumer Price Index and Inflation,2025-02,Table4,27,,unknown,,blank header cell
NBS,NBS Consumer Price Index and Inflation,2025-02,Table4,28,,unknown,,blank header cell
NBS,NBS Consumer Price Index and Inflation,2025-02,Table4,29,,unknown,,blank header cell
NBS,NBS Consumer Price Index and Inflation,2025-02,Table4,30,,unknown,,blank header cell
NBS,NBS Consumer Price Index and Inflation,2025-02,Table4,31,,unknown,,blank header cell
NBS,NBS Consumer Price Index and Inflation,2025-02,Table4,32,,unknown,,blank header cell
NBS,NBS Consumer Price Index and Inflation,2025-02,Table4,33,,unknown,,blank header cell
NBS,NBS Consumer Price Index and Inflation,2025-02,Table4,34,,unknown,,blank header cell
NBS,NBS Consumer Price Index and Inflation,2025-02,Table-5,1,,unknown,,blank header cell
NBS,NBS Consumer Price Index and Inflation,2025-02,Table-5,2,State,geography,Abia, | detected as the geography column
NBS,NBS Consumer Price Index and Inflation,2025-02,Table-5,3,Food,price,89.33111271940916,
NBS,NBS Consumer Price Index and Inflation,2025-02,Table-5,4,All Items,price,90.70128004961347,
NBS,NBS Consumer Price Index and Inflation,2025-02,Table-5,5,Food,price,115.21,
NBS,NBS Consumer Price Index and Inflation,2025-02,Table-5,6,All Items,price,115.38,
NBS,NBS Consumer Price Index and Inflation,2025-02,Table-5,7,Food,price,117.850536,
NBS,NBS Consumer Price Index and Inflation,2025-02,Table-5,8,All Items,price,117.18,
NBS,NBS Consumer Price Index and Inflation,2025-02,Table-5,9,Food,price,31.925521145326968,
NBS,NBS Consumer Price Index and Inflation,2025-02,Table-5,10,All Items,price,29.193325536202707,
NBS,NBS Consumer Price Index and Inflation,2025-02,Table-5,11,Food,price,2.2919329919278084,
NBS,NBS Consumer Price Index and Inflation,2025-02,Table-5,12,All Items,price,1.560062402496115,
NBS,NBS Consumer Price Index and Inflation,2025-06,Table1,1,,unknown,,blank header cell
NBS,NBS Consumer Price Index and Inflation,2025-06,Table1,2,,unknown,Weights,blank header cell
NBS,NBS Consumer Price Index and Inflation,2025-06,Table1,3,Monthly,price,100,
NBS,NBS Consumer Price Index and Inflation,2025-06,Table1,4,12-Month Average,price,,
NBS,NBS Consumer Price Index and Inflation,2025-06,Table1,5,Month-on change (%),date,,
NBS,NBS Consumer Price Index and Inflation,2025-06,Table1,6,Year-on change (%),date,,
NBS,NBS Consumer Price Index and Inflation,2025-06,Table1,7,12-Month average change (%),percentage,,
NBS,NBS Consumer Price Index and Inflation,2025-06,Table1,8,Monthly,price,73.41474,
NBS,NBS Consumer Price Index and Inflation,2025-06,Table1,9,12-Month Average,price,,
NBS,NBS Consumer Price Index and Inflation,2025-06,Table1,10,Month-on change (%),date,,
NBS,NBS Consumer Price Index and Inflation,2025-06,Table1,11,Year-on change (%),date,,
NBS,NBS Consumer Price Index and Inflation,2025-06,Table1,12,12-Month average change (%),percentage,,
NBS,NBS Consumer Price Index and Inflation,2025-06,Table1,13,Monthly,price,27.97892,
NBS,NBS Consumer Price Index and Inflation,2025-06,Table1,14,12-Month Average,price,,
NBS,NBS Consumer Price Index and Inflation,2025-06,Table1,15,Month-on change (%),date,,
NBS,NBS Consumer Price Index and Inflation,2025-06,Table1,16,Year-on change (%),date,,
NBS,NBS Consumer Price Index and Inflation,2025-06,Table1,17,12-Month average change (%),percentage,,
NBS,NBS Consumer Price Index and Inflation,2025-06,Table1,18,Monthly,price,66.99535,
NBS,NBS Consumer Price Index and Inflation,2025-06,Table1,19,12-Month Average,price,,
NBS,NBS Consumer Price Index and Inflation,2025-06,Table1,20,Month-on change (%),date,,
NBS,NBS Consumer Price Index and Inflation,2025-06,Table1,21,Year-on change (%),date,,
NBS,NBS Consumer Price Index and Inflation,2025-06,Table1,22,12-Month average change (%),percentage,,
NBS,NBS Consumer Price Index and Inflation,2025-06,Table1,23,,unknown,,blank header cell
NBS,NBS Consumer Price Index and Inflation,2025-06,Table2,1,,unknown,,blank header cell
NBS,NBS Consumer Price Index and Inflation,2025-06,Table2,2,All Items,price,100,
NBS,NBS Consumer Price Index and Inflation,2025-06,Table2,3,All Items less Farm Produce.,price,73.41,
NBS,NBS Consumer Price Index and Inflation,2025-06,Table2,4,All Items less Farm Produce. and Energy,price,66.99,
NBS,NBS Consumer Price Index and Inflation,2025-06,Table2,5,Imported Food,price,17.33,
NBS,NBS Consumer Price Index and Inflation,2025-06,Table2,6,Food,price,27.98,
NBS,NBS Consumer Price Index and Inflation,2025-06,Table2,7,FARM PRODUCE,price,26.61,
NBS,NBS Consumer Price Index and Inflation,2025-06,Table2,8,ENERGY,price,6.42,
NBS,NBS Consumer Price Index and Inflation,2025-06,Table2,9,SERVICES,price,37.55,
NBS,NBS Consumer Price Index and Inflation,2025-06,Table2,10,GOODS,price,62.48,
NBS,NBS Consumer Price Index and Inflation,2025-06,Table2,11,Food &  Non Alcoholic Bev.,price,40.02,
NBS,NBS Consumer Price Index and Inflation,2025-06,Table2,12,"ALCOHOLIC BEVERAGES, TOBACCO AND  NARCOTICS",unknown,0.37,
NBS,NBS Consumer Price Index and Inflation,2025-06,Table2,13,Clothing and Footwear,unknown,5.04,
NBS,NBS Consumer Price Index and Inflation,2025-06,Table2,14,"HOUSING, WATER, ELECTRICITY, GAS AND OTHER FUELS",price,8.42,
NBS,NBS Consumer Price Index and Inflation,2025-06,Table2,15,"FURNISHINGS, HOUSEHOLD EQUIPMENT AND ROUTINE HOUSEHOLD MAINTENANCE",unknown,2.96,
NBS,NBS Consumer Price Index and Inflation,2025-06,Table2,16,Health.,unknown,6.06,
NBS,NBS Consumer Price Index and Inflation,2025-06,Table2,17,Transport,unknown,10.66,
NBS,NBS Consumer Price Index and Inflation,2025-06,Table2,18,INFORMATION AND COMMUNICATION,unknown,3.29,
NBS,NBS Consumer Price Index and Inflation,2025-06,Table2,19,"RECREATION, SPORT AND CULTURE",unknown,0.31,
NBS,NBS Consumer Price Index and Inflation,2025-06,Table2,20,EDUCATION SERVICES,unknown,6.2,
NBS,NBS Consumer Price Index and Inflation,2025-06,Table2,21,RESTAURANTS AND ACCOMODATION SERVICES,unknown,12.92,
NBS,NBS Consumer Price Index and Inflation,2025-06,Table2,22,Insurance and Financial Services,unknown,0.47,
NBS,NBS Consumer Price Index and Inflation,2025-06,Table2,23,"PERSONAL CARE, SOCIAL PROTECTION AND MISCELLANEOUS GOODS AND SERVICES",unknown,3.29,
NBS,NBS Consumer Price Index and Inflation,2025-06,Table2,24,Month-on (%),date,,
NBS,NBS Consumer Price Index and Inflation,2025-06,Table2,25,Year-on (%),date,,
NBS,NBS Consumer Price Index and Inflation,2025-06,Table2,26,12-month average (%),percentage,,
NBS,NBS Consumer Price Index and Inflation,2025-06,Table2,27,,unknown,,blank header cell
NBS,NBS Consumer Price Index and Inflation,2025-06,Table2,28,,unknown,,blank header cell
NBS,NBS Consumer Price Index and Inflation,2025-06,Table2,29,,unknown,,blank header cell
NBS,NBS Consumer Price Index and Inflation,2025-06,Table2,30,,unknown,,blank header cell
NBS,NBS Consumer Price Index and Inflation,2025-06,Table3,1,,unknown,Weights,blank header cell
NBS,NBS Consumer Price Index and Inflation,2025-06,Table3,2,,unknown,,blank header cell
NBS,NBS Consumer Price Index and Inflation,2025-06,Table3,3,All Items,price,70.6231,
NBS,NBS Consumer Price Index and Inflation,2025-06,Table3,4,All Items less Farm Produce.,price,53.3066,
NBS,NBS Consumer Price Index and Inflation,2025-06,Table3,5,All Items less Farm Produce. and Energy,price,48.31903,
NBS,NBS Consumer Price Index and Inflation,2025-06,Table3,6,Imported Food,price,11.22541,
NBS,NBS Consumer Price Index and Inflation,2025-06,Table3,7,Food,price,18.64926,
NBS,NBS Consumer Price Index and Inflation,2025-06,Table3,8,FARM PRODUCE,price,17.34714,
NBS,NBS Consumer Price Index and Inflation,2025-06,Table3,9,ENERGY,price,4.987569,
NBS,NBS Consumer Price Index and Inflation,2025-06,Table3,10,SERVICES,price,28.35985,
NBS,NBS Consumer Price Index and Inflation,2025-06,Table3,11,GOODS,price,42.29389,
NBS,NBS Consumer Price Index and Inflation,2025-06,Table3,12,Food &  Non Alcoholic Bev.,price,26.7595,
NBS,NBS Consumer Price Index and Inflation,2025-06,Table3,13,"ALCOHOLIC BEVERAGES, TOBACCO AND  NARCOTICS",unknown,0.254247,
NBS,NBS Consumer Price Index and Inflation,2025-06,Table3,14,Clothing and Footwear,unknown,3.333754,
NBS,NBS Consumer Price Index and Inflation,2025-06,Table3,15,"HOUSING, WATER, ELECTRICITY, GAS AND OTHER FUELS",price,7.213081,
NBS,NBS Consumer Price Index and Inflation,2025-06,Table3,16,"FURNISHINGS, HOUSEHOLD EQUIPMENT AND ROUTINE HOUSEHOLD MAINTENANCE",unknown,1.984745,
NBS,NBS Consumer Price Index and Inflation,2025-06,Table3,17,Health.,unknown,3.459399,
NBS,NBS Consumer Price Index and Inflation,2025-06,Table3,18,Transport,unknown,7.946328,
NBS,NBS Consumer Price Index and Inflation,2025-06,Table3,19,INFORMATION AND COMMUNICATION,unknown,2.530358,
NBS,NBS Consumer Price Index and Inflation,2025-06,Table3,20,"RECREATION, SPORT AND CULTURE",unknown,0.254938,
NBS,NBS Consumer Price Index and Inflation,2025-06,Table3,21,EDUCATION SERVICES,unknown,5.112391,
NBS,NBS Consumer Price Index and Inflation,2025-06,Table3,22,RESTAURANTS AND ACCOMODATION SERVICES,unknown,9.216351,
NBS,NBS Consumer Price Index and Inflation,2025-06,Table3,23,Insurance and Financial Services,unknown,0.34374,
NBS,NBS Consumer Price Index and Inflation,2025-06,Table3,24,"PERSONAL CARE, SOCIAL PROTECTION AND MISCELLANEOUS GOODS AND SERVICES",unknown,2.21427,
NBS,NBS Consumer Price Index and Inflation,2025-06,Table3,25,Month-on (%),date,,
NBS,NBS Consumer Price Index and Inflation,2025-06,Table3,26,Year-on (%),date,,
NBS,NBS Consumer Price Index and Inflation,2025-06,Table3,27,12-month average (%),percentage,,
NBS,NBS Consumer Price Index and Inflation,2025-06,Table3,28,,unknown,,blank header cell
NBS,NBS Consumer Price Index and Inflation,2025-06,Table3,29,,unknown,,blank header cell
NBS,NBS Consumer Price Index and Inflation,2025-06,Table3,30,,unknown,,blank header cell
NBS,NBS Consumer Price Index and Inflation,2025-06,Table3,31,,unknown,,blank header cell
NBS,NBS Consumer Price Index and Inflation,2025-06,Table4,1,,unknown,Weights,blank header cell
NBS,NBS Consumer Price Index and Inflation,2025-06,Table4,2,All Items,price,29.3769,
NBS,NBS Consumer Price Index and Inflation,2025-06,Table4,3,All Items less Farm Produce.,price,20.10814,
NBS,NBS Consumer Price Index and Inflation,2025-06,Table4,4,All Items less Farm Produce. and Energy,price,18.67631,
NBS,NBS Consumer Price Index and Inflation,2025-06,Table4,5,Imported Food,price,6.100216,
NBS,NBS Consumer Price Index and Inflation,2025-06,Table4,6,Food,price,9.329656,
NBS,NBS Consumer Price Index and Inflation,2025-06,Table4,7,FARM PRODUCE,price,9.263144,
NBS,NBS Consumer Price Index and Inflation,2025-06,Table4,8,ENERGY,price,1.431826,
NBS,NBS Consumer Price Index and Inflation,2025-06,Table4,9,SERVICES,price,9.187077,
NBS,NBS Consumer Price Index and Inflation,2025-06,Table4,10,GOODS,price,20.18421,
NBS,NBS Consumer Price Index and Inflation,2025-06,Table4,11,Food &  Non Alcoholic Bev.,price,13.25875,
NBS,NBS Consumer Price Index and Inflation,2025-06,Table4,12,"ALCOHOLIC BEVERAGES, TOBACCO AND  NARCOTICS",unknown,0.119333,
NBS,NBS Consumer Price Index and Inflation,2025-06,Table4,13,Clothing and Footwear,unknown,1.704374,
NBS,NBS Consumer Price Index and Inflation,2025-06,Table4,14,"Housing Water, Electricity. Gas and Other  Fuels",price,1.203269,
NBS,NBS Consumer Price Index and Inflation,2025-06,Table4,15,"FURNISHINGS, HOUSEHOLD EQUIPMENT AND ROUTINE HOUSEHOLD MAINTENANCE",unknown,0.973242,
NBS,NBS Consumer Price Index and Inflation,2025-06,Table4,16,Health.,unknown,2.598754,
NBS,NBS Consumer Price Index and Inflation,2025-06,Table4,17,Transport,unknown,2.712839,
NBS,NBS Consumer Price Index and Inflation,2025-06,Table4,18,INFORMATION AND COMMUNICATION,unknown,0.761959,
NBS,NBS Consumer Price Index and Inflation,2025-06,Table4,19,"RECREATION, SPORT AND CULTURE",unknown,0.055278,
NBS,NBS Consumer Price Index and Inflation,2025-06,Table4,20,EDUCATION SERVICES,unknown,1.086559,
NBS,NBS Consumer Price Index and Inflation,2025-06,Table4,21,RESTAURANTS AND ACCOMODATION SERVICES,unknown,3.700029,
NBS,NBS Consumer Price Index and Inflation,2025-06,Table4,22,Insurance and Financial Services,unknown,0.128843,
NBS,NBS Consumer Price Index and Inflation,2025-06,Table4,23,"PERSONAL CARE, SOCIAL PROTECTION AND MISCELLANEOUS GOODS AND SERVICES",unknown,1.073677,
NBS,NBS Consumer Price Index and Inflation,2025-06,Table4,24,Month-on (%),date,,
NBS,NBS Consumer Price Index and Inflation,2025-06,Table4,25,Year-on (%),date,,
NBS,NBS Consumer Price Index and Inflation,2025-06,Table4,26,12-month average (%),percentage,,
NBS,NBS Consumer Price Index and Inflation,2025-06,Table4,27,,unknown,,blank header cell
NBS,NBS Consumer Price Index and Inflation,2025-06,Table4,28,,unknown,,blank header cell
NBS,NBS Consumer Price Index and Inflation,2025-06,Table4,29,,unknown,,blank header cell
NBS,NBS Consumer Price Index and Inflation,2025-06,Table4,30,,unknown,,blank header cell
NBS,NBS Consumer Price Index and Inflation,2025-06,Table4,31,,unknown,,blank header cell
NBS,NBS Consumer Price Index and Inflation,2025-06,Table4,32,,unknown,,blank header cell
NBS,NBS Consumer Price Index and Inflation,2025-06,Table4,33,,unknown,,blank header cell
NBS,NBS Consumer Price Index and Inflation,2025-06,Table4,34,,unknown,,blank header cell
NBS,NBS Consumer Price Index and Inflation,2025-06,Table-5,1,,unknown,,blank header cell
NBS,NBS Consumer Price Index and Inflation,2025-06,Table-5,2,State,geography,Abia, | detected as the geography column
NBS,NBS Consumer Price Index and Inflation,2025-06,Table-5,3,Food,price,100.7071667117184,
NBS,NBS Consumer Price Index and Inflation,2025-06,Table-5,4,All Items,price,100.74931591058692,
NBS,NBS Consumer Price Index and Inflation,2025-06,Table-5,5,Food,price,121.304639,
NBS,NBS Consumer Price Index and Inflation,2025-06,Table-5,6,All Items,price,119.937027,
NBS,NBS Consumer Price Index and Inflation,2025-06,Table-5,7,Food,price,126.54469088494079,
NBS,NBS Consumer Price Index and Inflation,2025-06,Table-5,8,All Items,price,125.49891201039063,
NBS,NBS Consumer Price Index and Inflation,2025-06,Table-5,9,Food,price,25.65609282523475,
NBS,NBS Consumer Price Index and Inflation,2025-06,Table-5,10,All Items,price,24.565522729472917,
NBS,NBS Consumer Price Index and Inflation,2025-06,Table-5,11,Food,price,4.319745665242692,
NBS,NBS Consumer Price Index and Inflation,2025-06,Table-5,12,All Items,price,4.637337734235004,
NBS,NBS Consumer Price Index and Inflation,2025-03,Table1,1,,unknown,,blank header cell
NBS,NBS Consumer Price Index and Inflation,2025-03,Table1,2,,unknown,Weights,blank header cell
NBS,NBS Consumer Price Index and Inflation,2025-03,Table1,3,Monthly,price,100,
NBS,NBS Consumer Price Index and Inflation,2025-03,Table1,4,12-Month Average,price,,
NBS,NBS Consumer Price Index and Inflation,2025-03,Table1,5,Month-on change (%),date,,
NBS,NBS Consumer Price Index and Inflation,2025-03,Table1,6,Year-on change (%),date,,
NBS,NBS Consumer Price Index and Inflation,2025-03,Table1,7,12-Month average change (%),percentage,,
NBS,NBS Consumer Price Index and Inflation,2025-03,Table1,8,Monthly,price,73.41474,
NBS,NBS Consumer Price Index and Inflation,2025-03,Table1,9,12-Month Average,price,,
NBS,NBS Consumer Price Index and Inflation,2025-03,Table1,10,Month-on change (%),date,,
NBS,NBS Consumer Price Index and Inflation,2025-03,Table1,11,Year-on change (%),date,,
NBS,NBS Consumer Price Index and Inflation,2025-03,Table1,12,12-Month average change (%),percentage,,
NBS,NBS Consumer Price Index and Inflation,2025-03,Table1,13,Monthly,price,27.97892,
NBS,NBS Consumer Price Index and Inflation,2025-03,Table1,14,12-Month Average,price,,
NBS,NBS Consumer Price Index and Inflation,2025-03,Table1,15,Month-on change (%),date,,
NBS,NBS Consumer Price Index and Inflation,2025-03,Table1,16,Year-on change (%),date,,
NBS,NBS Consumer Price Index and Inflation,2025-03,Table1,17,12-Month average change (%),percentage,,
NBS,NBS Consumer Price Index and Inflation,2025-03,Table1,18,Monthly,price,66.99535,
NBS,NBS Consumer Price Index and Inflation,2025-03,Table1,19,12-Month Average,price,,
NBS,NBS Consumer Price Index and Inflation,2025-03,Table1,20,Month-on change (%),date,,
NBS,NBS Consumer Price Index and Inflation,2025-03,Table1,21,Year-on change (%),date,,
NBS,NBS Consumer Price Index and Inflation,2025-03,Table1,22,12-Month average change (%),percentage,,
NBS,NBS Consumer Price Index and Inflation,2025-03,Table1,23,,unknown,,blank header cell
NBS,NBS Consumer Price Index and Inflation,2025-03,Table2,1,,unknown,,blank header cell
NBS,NBS Consumer Price Index and Inflation,2025-03,Table2,2,All Items,price,100,
NBS,NBS Consumer Price Index and Inflation,2025-03,Table2,3,All Items less Farm Produce.,price,73.41,
NBS,NBS Consumer Price Index and Inflation,2025-03,Table2,4,All Items less Farm Produce. and Energy,price,66.99,
NBS,NBS Consumer Price Index and Inflation,2025-03,Table2,5,Imported Food,price,17.33,
NBS,NBS Consumer Price Index and Inflation,2025-03,Table2,6,Food,price,27.98,
NBS,NBS Consumer Price Index and Inflation,2025-03,Table2,7,FARM PRODUCE,price,26.61,
NBS,NBS Consumer Price Index and Inflation,2025-03,Table2,8,ENERGY,price,6.42,
NBS,NBS Consumer Price Index and Inflation,2025-03,Table2,9,SERVICES,price,37.55,
NBS,NBS Consumer Price Index and Inflation,2025-03,Table2,10,GOODS,price,62.48,
NBS,NBS Consumer Price Index and Inflation,2025-03,Table2,11,Food &  Non Alcoholic Bev.,price,40.02,
NBS,NBS Consumer Price Index and Inflation,2025-03,Table2,12,"ALCOHOLIC BEVERAGES, TOBACCO AND  NARCOTICS",unknown,0.37,
NBS,NBS Consumer Price Index and Inflation,2025-03,Table2,13,Clothing and Footwear,unknown,5.04,
NBS,NBS Consumer Price Index and Inflation,2025-03,Table2,14,"HOUSING, WATER, ELECTRICITY, GAS AND OTHER FUELS",price,8.42,
NBS,NBS Consumer Price Index and Inflation,2025-03,Table2,15,"FURNISHINGS, HOUSEHOLD EQUIPMENT AND ROUTINE HOUSEHOLD MAINTENANCE",unknown,2.96,
NBS,NBS Consumer Price Index and Inflation,2025-03,Table2,16,Health.,unknown,6.06,
NBS,NBS Consumer Price Index and Inflation,2025-03,Table2,17,Transport,unknown,10.66,
NBS,NBS Consumer Price Index and Inflation,2025-03,Table2,18,INFORMATION AND COMMUNICATION,unknown,3.29,
NBS,NBS Consumer Price Index and Inflation,2025-03,Table2,19,"RECREATION, SPORT AND CULTURE",unknown,0.31,
NBS,NBS Consumer Price Index and Inflation,2025-03,Table2,20,EDUCATION SERVICES,unknown,6.2,
NBS,NBS Consumer Price Index and Inflation,2025-03,Table2,21,RESTAURANTS AND ACCOMODATION SERVICES,unknown,12.92,
NBS,NBS Consumer Price Index and Inflation,2025-03,Table2,22,Insurance and Financial Services,unknown,0.47,
NBS,NBS Consumer Price Index and Inflation,2025-03,Table2,23,"PERSONAL CARE, SOCIAL PROTECTION AND MISCELLANEOUS GOODS AND SERVICES",unknown,3.29,
NBS,NBS Consumer Price Index and Inflation,2025-03,Table2,24,Month-on (%),date,,
NBS,NBS Consumer Price Index and Inflation,2025-03,Table2,25,Year-on (%),date,,
NBS,NBS Consumer Price Index and Inflation,2025-03,Table2,26,12-month average (%),percentage,,
NBS,NBS Consumer Price Index and Inflation,2025-03,Table2,27,,unknown,,blank header cell
NBS,NBS Consumer Price Index and Inflation,2025-03,Table2,28,,unknown,,blank header cell
NBS,NBS Consumer Price Index and Inflation,2025-03,Table2,29,,unknown,,blank header cell
NBS,NBS Consumer Price Index and Inflation,2025-03,Table2,30,,unknown,,blank header cell
NBS,NBS Consumer Price Index and Inflation,2025-03,Table3,1,,unknown,Weights,blank header cell
NBS,NBS Consumer Price Index and Inflation,2025-03,Table3,2,,unknown,,blank header cell
NBS,NBS Consumer Price Index and Inflation,2025-03,Table3,3,All Items,price,70.6231,
NBS,NBS Consumer Price Index and Inflation,2025-03,Table3,4,All Items less Farm Produce.,price,53.3066,
NBS,NBS Consumer Price Index and Inflation,2025-03,Table3,5,All Items less Farm Produce. and Energy,price,48.31903,
NBS,NBS Consumer Price Index and Inflation,2025-03,Table3,6,Imported Food,price,11.22541,
NBS,NBS Consumer Price Index and Inflation,2025-03,Table3,7,Food,price,18.64926,
NBS,NBS Consumer Price Index and Inflation,2025-03,Table3,8,FARM PRODUCE,price,17.34714,
NBS,NBS Consumer Price Index and Inflation,2025-03,Table3,9,ENERGY,price,4.987569,
NBS,NBS Consumer Price Index and Inflation,2025-03,Table3,10,SERVICES,price,28.35985,
NBS,NBS Consumer Price Index and Inflation,2025-03,Table3,11,GOODS,price,42.29389,
NBS,NBS Consumer Price Index and Inflation,2025-03,Table3,12,Food &  Non Alcoholic Bev.,price,26.7595,
NBS,NBS Consumer Price Index and Inflation,2025-03,Table3,13,"ALCOHOLIC BEVERAGES, TOBACCO AND  NARCOTICS",unknown,0.254247,
NBS,NBS Consumer Price Index and Inflation,2025-03,Table3,14,Clothing and Footwear,unknown,3.333754,
NBS,NBS Consumer Price Index and Inflation,2025-03,Table3,15,"HOUSING, WATER, ELECTRICITY, GAS AND OTHER FUELS",price,7.213081,
NBS,NBS Consumer Price Index and Inflation,2025-03,Table3,16,"FURNISHINGS, HOUSEHOLD EQUIPMENT AND ROUTINE HOUSEHOLD MAINTENANCE",unknown,1.984745,
NBS,NBS Consumer Price Index and Inflation,2025-03,Table3,17,Health.,unknown,3.459399,
NBS,NBS Consumer Price Index and Inflation,2025-03,Table3,18,Transport,unknown,7.946328,
NBS,NBS Consumer Price Index and Inflation,2025-03,Table3,19,INFORMATION AND COMMUNICATION,unknown,2.530358,
NBS,NBS Consumer Price Index and Inflation,2025-03,Table3,20,"RECREATION, SPORT AND CULTURE",unknown,0.254938,
NBS,NBS Consumer Price Index and Inflation,2025-03,Table3,21,EDUCATION SERVICES,unknown,5.112391,
NBS,NBS Consumer Price Index and Inflation,2025-03,Table3,22,RESTAURANTS AND ACCOMODATION SERVICES,unknown,9.216351,
NBS,NBS Consumer Price Index and Inflation,2025-03,Table3,23,Insurance and Financial Services,unknown,0.34374,
NBS,NBS Consumer Price Index and Inflation,2025-03,Table3,24,"PERSONAL CARE, SOCIAL PROTECTION AND MISCELLANEOUS GOODS AND SERVICES",unknown,2.21427,
NBS,NBS Consumer Price Index and Inflation,2025-03,Table3,25,Month-on (%),date,,
NBS,NBS Consumer Price Index and Inflation,2025-03,Table3,26,Year-on (%),date,,
NBS,NBS Consumer Price Index and Inflation,2025-03,Table3,27,12-month average (%),percentage,,
NBS,NBS Consumer Price Index and Inflation,2025-03,Table3,28,,unknown,,blank header cell
NBS,NBS Consumer Price Index and Inflation,2025-03,Table3,29,,unknown,,blank header cell
NBS,NBS Consumer Price Index and Inflation,2025-03,Table3,30,,unknown,,blank header cell
NBS,NBS Consumer Price Index and Inflation,2025-03,Table3,31,,unknown,,blank header cell
NBS,NBS Consumer Price Index and Inflation,2025-03,Table4,1,,unknown,Weights,blank header cell
NBS,NBS Consumer Price Index and Inflation,2025-03,Table4,2,All Items,price,29.3769,
NBS,NBS Consumer Price Index and Inflation,2025-03,Table4,3,All Items less Farm Produce.,price,20.10814,
NBS,NBS Consumer Price Index and Inflation,2025-03,Table4,4,All Items less Farm Produce. and Energy,price,18.67631,
NBS,NBS Consumer Price Index and Inflation,2025-03,Table4,5,Imported Food,price,6.100216,
NBS,NBS Consumer Price Index and Inflation,2025-03,Table4,6,Food,price,9.329656,
NBS,NBS Consumer Price Index and Inflation,2025-03,Table4,7,FARM PRODUCE,price,9.263144,
NBS,NBS Consumer Price Index and Inflation,2025-03,Table4,8,ENERGY,price,1.431826,
NBS,NBS Consumer Price Index and Inflation,2025-03,Table4,9,SERVICES,price,9.187077,
NBS,NBS Consumer Price Index and Inflation,2025-03,Table4,10,GOODS,price,20.18421,
NBS,NBS Consumer Price Index and Inflation,2025-03,Table4,11,Food &  Non Alcoholic Bev.,price,13.25875,
NBS,NBS Consumer Price Index and Inflation,2025-03,Table4,12,"ALCOHOLIC BEVERAGES, TOBACCO AND  NARCOTICS",unknown,0.119333,
NBS,NBS Consumer Price Index and Inflation,2025-03,Table4,13,Clothing and Footwear,unknown,1.704374,
NBS,NBS Consumer Price Index and Inflation,2025-03,Table4,14,"Housing Water, Electricity. Gas and Other  Fuels",price,1.203269,
NBS,NBS Consumer Price Index and Inflation,2025-03,Table4,15,"FURNISHINGS, HOUSEHOLD EQUIPMENT AND ROUTINE HOUSEHOLD MAINTENANCE",unknown,0.973242,
NBS,NBS Consumer Price Index and Inflation,2025-03,Table4,16,Health.,unknown,2.598754,
NBS,NBS Consumer Price Index and Inflation,2025-03,Table4,17,Transport,unknown,2.712839,
NBS,NBS Consumer Price Index and Inflation,2025-03,Table4,18,INFORMATION AND COMMUNICATION,unknown,0.761959,
NBS,NBS Consumer Price Index and Inflation,2025-03,Table4,19,"RECREATION, SPORT AND CULTURE",unknown,0.055278,
NBS,NBS Consumer Price Index and Inflation,2025-03,Table4,20,EDUCATION SERVICES,unknown,1.086559,
NBS,NBS Consumer Price Index and Inflation,2025-03,Table4,21,RESTAURANTS AND ACCOMODATION SERVICES,unknown,3.700029,
NBS,NBS Consumer Price Index and Inflation,2025-03,Table4,22,Insurance and Financial Services,unknown,0.128843,
NBS,NBS Consumer Price Index and Inflation,2025-03,Table4,23,"PERSONAL CARE, SOCIAL PROTECTION AND MISCELLANEOUS GOODS AND SERVICES",unknown,1.073677,
NBS,NBS Consumer Price Index and Inflation,2025-03,Table4,24,Month-on (%),date,,
NBS,NBS Consumer Price Index and Inflation,2025-03,Table4,25,Year-on (%),date,,
NBS,NBS Consumer Price Index and Inflation,2025-03,Table4,26,12-month average (%),percentage,,
NBS,NBS Consumer Price Index and Inflation,2025-03,Table4,27,,unknown,,blank header cell
NBS,NBS Consumer Price Index and Inflation,2025-03,Table4,28,,unknown,,blank header cell
NBS,NBS Consumer Price Index and Inflation,2025-03,Table4,29,,unknown,,blank header cell
NBS,NBS Consumer Price Index and Inflation,2025-03,Table4,30,,unknown,,blank header cell
NBS,NBS Consumer Price Index and Inflation,2025-03,Table4,31,,unknown,,blank header cell
NBS,NBS Consumer Price Index and Inflation,2025-03,Table4,32,,unknown,,blank header cell
NBS,NBS Consumer Price Index and Inflation,2025-03,Table4,33,,unknown,,blank header cell
NBS,NBS Consumer Price Index and Inflation,2025-03,Table4,34,,unknown,,blank header cell
NBS,NBS Consumer Price Index and Inflation,2025-03,Table-5,1,,unknown,,blank header cell
NBS,NBS Consumer Price Index and Inflation,2025-03,Table-5,2,State,geography,Abia, | detected as the geography column
NBS,NBS Consumer Price Index and Inflation,2025-03,Table-5,3,Food,price,93.95184988184823,
NBS,NBS Consumer Price Index and Inflation,2025-03,Table-5,4,All Items,price,94.23036540982802,
NBS,NBS Consumer Price Index and Inflation,2025-03,Table-5,5,Food,price,117.850536,
NBS,NBS Consumer Price Index and Inflation,2025-03,Table-5,6,All Items,price,117.18,
NBS,NBS Consumer Price Index and Inflation,2025-03,Table-5,7,Food,price,116.128879,
NBS,NBS Consumer Price Index and Inflation,2025-03,Table-5,8,All Items,price,117.904924,
NBS,NBS Consumer Price Index and Inflation,2025-03,Table-5,9,Food,price,23.604675316176426,
NBS,NBS Consumer Price Index and Inflation,2025-03,Table-5,10,All Items,price,25.124129029115252,
NBS,NBS Consumer Price Index and Inflation,2025-03,Table-5,11,Food,price,-1.4608817731639334,
NBS,NBS Consumer Price Index and Inflation,2025-03,Table-5,12,All Items,price,0.6186414063833183,
NBS,NBS Consumer Price Index and Inflation,2025-05,Table1,1,,unknown,,blank header cell
NBS,NBS Consumer Price Index and Inflation,2025-05,Table1,2,,unknown,Weights,blank header cell
NBS,NBS Consumer Price Index and Inflation,2025-05,Table1,3,Monthly,price,100,
NBS,NBS Consumer Price Index and Inflation,2025-05,Table1,4,12-Month Average,price,,
NBS,NBS Consumer Price Index and Inflation,2025-05,Table1,5,Month-on change (%),date,,
NBS,NBS Consumer Price Index and Inflation,2025-05,Table1,6,Year-on change (%),date,,
NBS,NBS Consumer Price Index and Inflation,2025-05,Table1,7,12-Month average change (%),percentage,,
NBS,NBS Consumer Price Index and Inflation,2025-05,Table1,8,Monthly,price,73.41474,
NBS,NBS Consumer Price Index and Inflation,2025-05,Table1,9,12-Month Average,price,,
NBS,NBS Consumer Price Index and Inflation,2025-05,Table1,10,Month-on change (%),date,,
NBS,NBS Consumer Price Index and Inflation,2025-05,Table1,11,Year-on change (%),date,,
NBS,NBS Consumer Price Index and Inflation,2025-05,Table1,12,12-Month average change (%),percentage,,
NBS,NBS Consumer Price Index and Inflation,2025-05,Table1,13,Monthly,price,27.97892,
NBS,NBS Consumer Price Index and Inflation,2025-05,Table1,14,12-Month Average,price,,
NBS,NBS Consumer Price Index and Inflation,2025-05,Table1,15,Month-on change (%),date,,
NBS,NBS Consumer Price Index and Inflation,2025-05,Table1,16,Year-on change (%),date,,
NBS,NBS Consumer Price Index and Inflation,2025-05,Table1,17,12-Month average change (%),percentage,,
NBS,NBS Consumer Price Index and Inflation,2025-05,Table1,18,Monthly,price,66.99535,
NBS,NBS Consumer Price Index and Inflation,2025-05,Table1,19,12-Month Average,price,,
NBS,NBS Consumer Price Index and Inflation,2025-05,Table1,20,Month-on change (%),date,,
NBS,NBS Consumer Price Index and Inflation,2025-05,Table1,21,Year-on change (%),date,,
NBS,NBS Consumer Price Index and Inflation,2025-05,Table1,22,12-Month average change (%),percentage,,
NBS,NBS Consumer Price Index and Inflation,2025-05,Table1,23,,unknown,,blank header cell
NBS,NBS Consumer Price Index and Inflation,2025-05,Table2,1,,unknown,,blank header cell
NBS,NBS Consumer Price Index and Inflation,2025-05,Table2,2,All Items,price,100,
NBS,NBS Consumer Price Index and Inflation,2025-05,Table2,3,All Items less Farm Produce.,price,73.41,
NBS,NBS Consumer Price Index and Inflation,2025-05,Table2,4,All Items less Farm Produce. and Energy,price,66.99,
NBS,NBS Consumer Price Index and Inflation,2025-05,Table2,5,Imported Food,price,17.33,
NBS,NBS Consumer Price Index and Inflation,2025-05,Table2,6,Food,price,27.98,
NBS,NBS Consumer Price Index and Inflation,2025-05,Table2,7,FARM PRODUCE,price,26.61,
NBS,NBS Consumer Price Index and Inflation,2025-05,Table2,8,ENERGY,price,6.42,
NBS,NBS Consumer Price Index and Inflation,2025-05,Table2,9,SERVICES,price,37.55,
NBS,NBS Consumer Price Index and Inflation,2025-05,Table2,10,GOODS,price,62.48,
NBS,NBS Consumer Price Index and Inflation,2025-05,Table2,11,Food &  Non Alcoholic Bev.,price,40.02,
NBS,NBS Consumer Price Index and Inflation,2025-05,Table2,12,"ALCOHOLIC BEVERAGES, TOBACCO AND  NARCOTICS",unknown,0.37,
NBS,NBS Consumer Price Index and Inflation,2025-05,Table2,13,Clothing and Footwear,unknown,5.04,
NBS,NBS Consumer Price Index and Inflation,2025-05,Table2,14,"HOUSING, WATER, ELECTRICITY, GAS AND OTHER FUELS",price,8.42,
NBS,NBS Consumer Price Index and Inflation,2025-05,Table2,15,"FURNISHINGS, HOUSEHOLD EQUIPMENT AND ROUTINE HOUSEHOLD MAINTENANCE",unknown,2.96,
NBS,NBS Consumer Price Index and Inflation,2025-05,Table2,16,Health.,unknown,6.06,
NBS,NBS Consumer Price Index and Inflation,2025-05,Table2,17,Transport,unknown,10.66,
NBS,NBS Consumer Price Index and Inflation,2025-05,Table2,18,INFORMATION AND COMMUNICATION,unknown,3.29,
NBS,NBS Consumer Price Index and Inflation,2025-05,Table2,19,"RECREATION, SPORT AND CULTURE",unknown,0.31,
NBS,NBS Consumer Price Index and Inflation,2025-05,Table2,20,EDUCATION SERVICES,unknown,6.2,
NBS,NBS Consumer Price Index and Inflation,2025-05,Table2,21,RESTAURANTS AND ACCOMODATION SERVICES,unknown,12.92,
NBS,NBS Consumer Price Index and Inflation,2025-05,Table2,22,Insurance and Financial Services,unknown,0.47,
NBS,NBS Consumer Price Index and Inflation,2025-05,Table2,23,"PERSONAL CARE, SOCIAL PROTECTION AND MISCELLANEOUS GOODS AND SERVICES",unknown,3.29,
NBS,NBS Consumer Price Index and Inflation,2025-05,Table2,24,Month-on (%),date,,
NBS,NBS Consumer Price Index and Inflation,2025-05,Table2,25,Year-on (%),date,,
NBS,NBS Consumer Price Index and Inflation,2025-05,Table2,26,12-month average (%),percentage,,
NBS,NBS Consumer Price Index and Inflation,2025-05,Table2,27,,unknown,,blank header cell
NBS,NBS Consumer Price Index and Inflation,2025-05,Table2,28,,unknown,,blank header cell
NBS,NBS Consumer Price Index and Inflation,2025-05,Table2,29,,unknown,,blank header cell
NBS,NBS Consumer Price Index and Inflation,2025-05,Table2,30,,unknown,,blank header cell
NBS,NBS Consumer Price Index and Inflation,2025-05,Table3,1,,unknown,Weights,blank header cell
NBS,NBS Consumer Price Index and Inflation,2025-05,Table3,2,,unknown,,blank header cell
NBS,NBS Consumer Price Index and Inflation,2025-05,Table3,3,All Items,price,70.6231,
NBS,NBS Consumer Price Index and Inflation,2025-05,Table3,4,All Items less Farm Produce.,price,53.3066,
NBS,NBS Consumer Price Index and Inflation,2025-05,Table3,5,All Items less Farm Produce. and Energy,price,48.31903,
NBS,NBS Consumer Price Index and Inflation,2025-05,Table3,6,Imported Food,price,11.22541,
NBS,NBS Consumer Price Index and Inflation,2025-05,Table3,7,Food,price,18.64926,
NBS,NBS Consumer Price Index and Inflation,2025-05,Table3,8,FARM PRODUCE,price,17.34714,
NBS,NBS Consumer Price Index and Inflation,2025-05,Table3,9,ENERGY,price,4.987569,
NBS,NBS Consumer Price Index and Inflation,2025-05,Table3,10,SERVICES,price,28.35985,
NBS,NBS Consumer Price Index and Inflation,2025-05,Table3,11,GOODS,price,42.29389,
NBS,NBS Consumer Price Index and Inflation,2025-05,Table3,12,Food &  Non Alcoholic Bev.,price,26.7595,
NBS,NBS Consumer Price Index and Inflation,2025-05,Table3,13,"ALCOHOLIC BEVERAGES, TOBACCO AND  NARCOTICS",unknown,0.254247,
NBS,NBS Consumer Price Index and Inflation,2025-05,Table3,14,Clothing and Footwear,unknown,3.333754,
NBS,NBS Consumer Price Index and Inflation,2025-05,Table3,15,"HOUSING, WATER, ELECTRICITY, GAS AND OTHER FUELS",price,7.213081,
NBS,NBS Consumer Price Index and Inflation,2025-05,Table3,16,"FURNISHINGS, HOUSEHOLD EQUIPMENT AND ROUTINE HOUSEHOLD MAINTENANCE",unknown,1.984745,
NBS,NBS Consumer Price Index and Inflation,2025-05,Table3,17,Health.,unknown,3.459399,
NBS,NBS Consumer Price Index and Inflation,2025-05,Table3,18,Transport,unknown,7.946328,
NBS,NBS Consumer Price Index and Inflation,2025-05,Table3,19,INFORMATION AND COMMUNICATION,unknown,2.530358,
NBS,NBS Consumer Price Index and Inflation,2025-05,Table3,20,"RECREATION, SPORT AND CULTURE",unknown,0.254938,
NBS,NBS Consumer Price Index and Inflation,2025-05,Table3,21,EDUCATION SERVICES,unknown,5.112391,
NBS,NBS Consumer Price Index and Inflation,2025-05,Table3,22,RESTAURANTS AND ACCOMODATION SERVICES,unknown,9.216351,
NBS,NBS Consumer Price Index and Inflation,2025-05,Table3,23,Insurance and Financial Services,unknown,0.34374,
NBS,NBS Consumer Price Index and Inflation,2025-05,Table3,24,"PERSONAL CARE, SOCIAL PROTECTION AND MISCELLANEOUS GOODS AND SERVICES",unknown,2.21427,
NBS,NBS Consumer Price Index and Inflation,2025-05,Table3,25,Month-on (%),date,,
NBS,NBS Consumer Price Index and Inflation,2025-05,Table3,26,Year-on (%),date,,
NBS,NBS Consumer Price Index and Inflation,2025-05,Table3,27,12-month average (%),percentage,,
NBS,NBS Consumer Price Index and Inflation,2025-05,Table3,28,,unknown,,blank header cell
NBS,NBS Consumer Price Index and Inflation,2025-05,Table3,29,,unknown,,blank header cell
NBS,NBS Consumer Price Index and Inflation,2025-05,Table3,30,,unknown,,blank header cell
NBS,NBS Consumer Price Index and Inflation,2025-05,Table3,31,,unknown,,blank header cell
NBS,NBS Consumer Price Index and Inflation,2025-05,Table4,1,,unknown,Weights,blank header cell
NBS,NBS Consumer Price Index and Inflation,2025-05,Table4,2,All Items,price,29.3769,
NBS,NBS Consumer Price Index and Inflation,2025-05,Table4,3,All Items less Farm Produce.,price,20.10814,
NBS,NBS Consumer Price Index and Inflation,2025-05,Table4,4,All Items less Farm Produce. and Energy,price,18.67631,
NBS,NBS Consumer Price Index and Inflation,2025-05,Table4,5,Imported Food,price,6.100216,
NBS,NBS Consumer Price Index and Inflation,2025-05,Table4,6,Food,price,9.329656,
NBS,NBS Consumer Price Index and Inflation,2025-05,Table4,7,FARM PRODUCE,price,9.263144,
NBS,NBS Consumer Price Index and Inflation,2025-05,Table4,8,ENERGY,price,1.431826,
NBS,NBS Consumer Price Index and Inflation,2025-05,Table4,9,SERVICES,price,9.187077,
NBS,NBS Consumer Price Index and Inflation,2025-05,Table4,10,GOODS,price,20.18421,
NBS,NBS Consumer Price Index and Inflation,2025-05,Table4,11,Food &  Non Alcoholic Bev.,price,13.25875,
NBS,NBS Consumer Price Index and Inflation,2025-05,Table4,12,"ALCOHOLIC BEVERAGES, TOBACCO AND  NARCOTICS",unknown,0.119333,
NBS,NBS Consumer Price Index and Inflation,2025-05,Table4,13,Clothing and Footwear,unknown,1.704374,
NBS,NBS Consumer Price Index and Inflation,2025-05,Table4,14,"Housing Water, Electricity. Gas and Other  Fuels",price,1.203269,
NBS,NBS Consumer Price Index and Inflation,2025-05,Table4,15,"FURNISHINGS, HOUSEHOLD EQUIPMENT AND ROUTINE HOUSEHOLD MAINTENANCE",unknown,0.973242,
NBS,NBS Consumer Price Index and Inflation,2025-05,Table4,16,Health.,unknown,2.598754,
NBS,NBS Consumer Price Index and Inflation,2025-05,Table4,17,Transport,unknown,2.712839,
NBS,NBS Consumer Price Index and Inflation,2025-05,Table4,18,INFORMATION AND COMMUNICATION,unknown,0.761959,
NBS,NBS Consumer Price Index and Inflation,2025-05,Table4,19,"RECREATION, SPORT AND CULTURE",unknown,0.055278,
NBS,NBS Consumer Price Index and Inflation,2025-05,Table4,20,EDUCATION SERVICES,unknown,1.086559,
NBS,NBS Consumer Price Index and Inflation,2025-05,Table4,21,RESTAURANTS AND ACCOMODATION SERVICES,unknown,3.700029,
NBS,NBS Consumer Price Index and Inflation,2025-05,Table4,22,Insurance and Financial Services,unknown,0.128843,
NBS,NBS Consumer Price Index and Inflation,2025-05,Table4,23,"PERSONAL CARE, SOCIAL PROTECTION AND MISCELLANEOUS GOODS AND SERVICES",unknown,1.073677,
NBS,NBS Consumer Price Index and Inflation,2025-05,Table4,24,Month-on (%),date,,
NBS,NBS Consumer Price Index and Inflation,2025-05,Table4,25,Year-on (%),date,,
NBS,NBS Consumer Price Index and Inflation,2025-05,Table4,26,12-month average (%),percentage,,
NBS,NBS Consumer Price Index and Inflation,2025-05,Table4,27,,unknown,,blank header cell
NBS,NBS Consumer Price Index and Inflation,2025-05,Table4,28,,unknown,,blank header cell
NBS,NBS Consumer Price Index and Inflation,2025-05,Table4,29,,unknown,,blank header cell
NBS,NBS Consumer Price Index and Inflation,2025-05,Table4,30,,unknown,,blank header cell
NBS,NBS Consumer Price Index and Inflation,2025-05,Table4,31,,unknown,,blank header cell
NBS,NBS Consumer Price Index and Inflation,2025-05,Table4,32,,unknown,,blank header cell
NBS,NBS Consumer Price Index and Inflation,2025-05,Table4,33,,unknown,,blank header cell
NBS,NBS Consumer Price Index and Inflation,2025-05,Table4,34,,unknown,,blank header cell
NBS,NBS Consumer Price Index and Inflation,2025-05,Table-5,1,,unknown,,blank header cell
NBS,NBS Consumer Price Index and Inflation,2025-05,Table-5,2,State,geography,Abia, | detected as the geography column
NBS,NBS Consumer Price Index and Inflation,2025-05,Table-5,3,Food,price,97.67899339919605,
NBS,NBS Consumer Price Index and Inflation,2025-05,Table-5,4,All Items,price,97.94093166721971,
NBS,NBS Consumer Price Index and Inflation,2025-05,Table-5,5,Food,price,114.016451,
NBS,NBS Consumer Price Index and Inflation,2025-05,Table-5,6,All Items,price,120.771753,
NBS,NBS Consumer Price Index and Inflation,2025-05,Table-5,7,Food,price,121.304639,
NBS,NBS Consumer Price Index and Inflation,2025-05,Table-5,8,All Items,price,119.937027,
NBS,NBS Consumer Price Index and Inflation,2025-05,Table-5,9,Food,price,24.18702812000764,
NBS,NBS Consumer Price Index and Inflation,2025-05,Table-5,10,All Items,price,22.458531850113346,
NBS,NBS Consumer Price Index and Inflation,2025-05,Table-5,11,Food,price,6.392224925506568,
NBS,NBS Consumer Price Index and Inflation,2025-05,Table-5,12,All Items,price,-0.6911599602267984,
CBN,CBN NFEM Daily Exchange Rate (NGN/US$),2024-12..2026-09,cbn_api_GetAllNFEM_Rates_snapshot_20260913T120305Z.json,1,id,identifier,1455,CBN internal row id
CBN,CBN NFEM Daily Exchange Rate (NGN/US$),2024-12..2026-09,cbn_api_GetAllNFEM_Rates_snapshot_20260913T120305Z.json,2,closingrate,price,1328.5000,"values delivered as JSON strings, not numbers"
CBN,CBN NFEM Daily Exchange Rate (NGN/US$),2024-12..2026-09,cbn_api_GetAllNFEM_Rates_snapshot_20260913T120305Z.json,3,ratedate,date,September-11-2026,"values delivered as JSON strings, not numbers"
CBN,CBN NFEM Daily Exchange Rate (NGN/US$),2024-12..2026-09,cbn_api_GetAllNFEM_Rates_snapshot_20260913T120305Z.json,4,highestrate,price,1331.0000,"values delivered as JSON strings, not numbers"
CBN,CBN NFEM Daily Exchange Rate (NGN/US$),2024-12..2026-09,cbn_api_GetAllNFEM_Rates_snapshot_20260913T120305Z.json,5,lowestrate,price,1324.0000,"values delivered as JSON strings, not numbers"
CBN,CBN NFEM Daily Exchange Rate (NGN/US$),2024-12..2026-09,cbn_api_GetAllNFEM_Rates_snapshot_20260913T120305Z.json,6,weightedAvgRate,price,1326.5192,"values delivered as JSON strings, not numbers"
CBN,CBN NFEM Daily Exchange Rate (NGN/US$),2024-12..2026-09,cbn_api_GetAllNFEM_Rates_snapshot_20260913T120305Z.json,7,simpleAvgRate,price,1328.3377,"values delivered as JSON strings, not numbers"
CBN,CBN NFEM Daily Exchange Rate (NGN/US$),2024-12..2026-09,cbn_api_GetAllNFEM_Rates_snapshot_20260913T120305Z.json,8,noOfDeals,identifier,0,"values delivered as JSON strings, not numbers"
CBN,CBN NFEM Daily Exchange Rate (NGN/US$),2024-12..2026-09,cbn_api_GetAllNFEM_Rates_snapshot_20260913T120305Z.json,9,noOfDeals_InterBank,identifier,107,"values delivered as JSON strings, not numbers"
CBN,CBN NFEM Daily Exchange Rate (NGN/US$),2024-12..2026-09,cbn_api_GetAllNFEM_Rates_snapshot_20260913T120305Z.json,10,nfeM_Total_Turnover,price,0.0000,"values delivered as JSON strings, not numbers"
CBN,CBN NFEM Daily Exchange Rate (NGN/US$),2024-12..2026-09,cbn_api_GetAllNFEM_Rates_snapshot_20260913T120305Z.json,11,interBank_Total_Turnover,price,148848812.4800,"values delivered as JSON strings, not numbers"
CBN,CBN NFEM Daily Exchange Rate (NGN/US$),2025-01..2026-05,cbn_nfem_rates_2025-01-01_to_2026-05-31_EXTRACTED-FROM-CBN-WEBPAGE.csv,1,Date,date,January-02-2025,complete
CBN,CBN NFEM Daily Exchange Rate (NGN/US$),2025-01..2026-05,cbn_nfem_rates_2025-01-01_to_2026-05-31_EXTRACTED-FROM-CBN-WEBPAGE.csv,2,NFEM Rate (N/US$),price,1541.3611,complete
CBN,CBN NFEM Daily Exchange Rate (NGN/US$),2025-01..2026-05,cbn_nfem_rates_2025-01-01_to_2026-05-31_EXTRACTED-FROM-CBN-WEBPAGE.csv,3,Highest Rate (N/US$),price,1545.0000,complete
CBN,CBN NFEM Daily Exchange Rate (NGN/US$),2025-01..2026-05,cbn_nfem_rates_2025-01-01_to_2026-05-31_EXTRACTED-FROM-CBN-WEBPAGE.csv,4,Lowest Rate (N/US$),price,1538.0000,complete
CBN,CBN NFEM Daily Exchange Rate (NGN/US$),2025-01..2026-05,cbn_nfem_rates_2025-01-01_to_2026-05-31_EXTRACTED-FROM-CBN-WEBPAGE.csv,5,Closing Rate (N/US$),price,1538.5000,complete
CBN,CBN NFEM Daily Exchange Rate (NGN/US$),2025-01..2026-05,cbn_nfem_rates_2025-01-01_to_2026-05-31_EXTRACTED-FROM-CBN-WEBPAGE.csv,6,Simple Aver. Rate (Mean) (N/US$),price,1540.6500,complete
CBN,CBN NFEM Daily Exchange Rate (NGN/US$),2025-01..2026-05,cbn_nfem_rates_2025-01-01_to_2026-05-31_EXTRACTED-FROM-CBN-WEBPAGE.csv,7,NFEM Interbank Turnover (US$),price,,300 of 352 rows empty
CBN,CBN NFEM Daily Exchange Rate (NGN/US$),2025-01..2026-05,cbn_nfem_rates_2025-01-01_to_2026-05-31_EXTRACTED-FROM-CBN-WEBPAGE.csv,8,No. of Deals at Interbank,identifier,,300 of 352 rows empty
CBN,CBN NFEM Daily Exchange Rate (NGN/US$),2025-01..2026-05,cbn_nfem_rates_2025-01-01_to_2026-05-31_EXTRACTED-FROM-CBN-WEBPAGE.csv,9,NFEM Total Turnover (US$),price,,300 of 352 rows empty
CBN,CBN NFEM Daily Exchange Rate (NGN/US$),2025-01..2026-05,cbn_nfem_rates_2025-01-01_to_2026-05-31_EXTRACTED-FROM-CBN-WEBPAGE.csv,10,No. of Deals at NFEM,identifier,0,complete
