release_month,observation_month,cylinder_size_kg,geography_type,geography_name,geography_raw_label,state,zone,is_aggregate,refill_price_ngn,unit,source_period_label,is_primary_release,source_anomaly,source_banner_text,header_row_used,source_file,source_member,source_sheet,source_row,source_column_index,source_cell_reference
2025-01-01,2024-01-01,5.0,STATE,Abia,Abia,Abia,South East,FALSE,5039.285714285715,NGN per refill,Average of Jan-24,FALSE,,5KG,2,GAS_PRICE_WATCH_JAN_2025.xlsx,,LPG JAN 2025,27,2,B27
2025-01-01,2024-01-01,5.0,STATE,Abuja,Abuja,Abuja,North Central,FALSE,5080,NGN per refill,Average of Jan-24,FALSE,,5KG,2,GAS_PRICE_WATCH_JAN_2025.xlsx,,LPG JAN 2025,4,2,B4
2025-01-01,2024-01-01,5.0,STATE,Adamawa,Adamawa,Adamawa,North East,FALSE,5000,NGN per refill,Average of Jan-24,FALSE,,5KG,2,GAS_PRICE_WATCH_JAN_2025.xlsx,,LPG JAN 2025,12,2,B12
2025-01-01,2024-01-01,5.0,STATE,Akwa Ibom,Akwa Ibom,Akwa Ibom,South South,FALSE,5070,NGN per refill,Average of Jan-24,FALSE,,5KG,2,GAS_PRICE_WATCH_JAN_2025.xlsx,,LPG JAN 2025,33,2,B33
2025-01-01,2024-01-01,5.0,STATE,Anambra,Anambra,Anambra,South East,FALSE,5366.666666666667,NGN per refill,Average of Jan-24,FALSE,,5KG,2,GAS_PRICE_WATCH_JAN_2025.xlsx,,LPG JAN 2025,28,2,B28
2025-01-01,2024-01-01,5.0,STATE,Bauchi,Bauchi,Bauchi,North East,FALSE,5250,NGN per refill,Average of Jan-24,FALSE,,5KG,2,GAS_PRICE_WATCH_JAN_2025.xlsx,,LPG JAN 2025,13,2,B13
2025-01-01,2024-01-01,5.0,STATE,Bayelsa,Bayelsa,Bayelsa,South South,FALSE,5270,NGN per refill,Average of Jan-24,FALSE,,5KG,2,GAS_PRICE_WATCH_JAN_2025.xlsx,,LPG JAN 2025,34,2,B34
2025-01-01,2024-01-01,5.0,STATE,Benue,Benue,Benue,North Central,FALSE,5500,NGN per refill,Average of Jan-24,FALSE,,5KG,2,GAS_PRICE_WATCH_JAN_2025.xlsx,,LPG JAN 2025,5,2,B5
2025-01-01,2024-01-01,5.0,STATE,Borno,Borno,Borno,North East,FALSE,5563.636363636364,NGN per refill,Average of Jan-24,FALSE,,5KG,2,GAS_PRICE_WATCH_JAN_2025.xlsx,,LPG JAN 2025,14,2,B14
2025-01-01,2024-01-01,5.0,STATE,Cross River,Cross River,Cross River,South South,FALSE,5375,NGN per refill,Average of Jan-24,FALSE,,5KG,2,GAS_PRICE_WATCH_JAN_2025.xlsx,,LPG JAN 2025,35,2,B35
2025-01-01,2024-01-01,5.0,STATE,Delta,Delta,Delta,South South,FALSE,5105,NGN per refill,Average of Jan-24,FALSE,,5KG,2,GAS_PRICE_WATCH_JAN_2025.xlsx,,LPG JAN 2025,36,2,B36
2025-01-01,2024-01-01,5.0,STATE,Ebonyi,Ebonyi,Ebonyi,South East,FALSE,5125,NGN per refill,Average of Jan-24,FALSE,,5KG,2,GAS_PRICE_WATCH_JAN_2025.xlsx,,LPG JAN 2025,29,2,B29
2025-01-01,2024-01-01,5.0,STATE,Edo,Edo,Edo,South South,FALSE,5264.285714285715,NGN per refill,Average of Jan-24,FALSE,,5KG,2,GAS_PRICE_WATCH_JAN_2025.xlsx,,LPG JAN 2025,37,2,B37
2025-01-01,2024-01-01,5.0,STATE,Ekiti,Ekiti,Ekiti,South West,FALSE,4872.8928884986835,NGN per refill,Average of Jan-24,FALSE,,5KG,2,GAS_PRICE_WATCH_JAN_2025.xlsx,,LPG JAN 2025,40,2,B40
2025-01-01,2024-01-01,5.0,STATE,Enugu,Enugu,Enugu,South East,FALSE,5027.5,NGN per refill,Average of Jan-24,FALSE,,5KG,2,GAS_PRICE_WATCH_JAN_2025.xlsx,,LPG JAN 2025,30,2,B30
2025-01-01,2024-01-01,5.0,STATE,Gombe,Gombe,Gombe,North East,FALSE,5660,NGN per refill,Average of Jan-24,FALSE,,5KG,2,GAS_PRICE_WATCH_JAN_2025.xlsx,,LPG JAN 2025,15,2,B15
2025-01-01,2024-01-01,5.0,STATE,Imo,Imo,Imo,South East,FALSE,5085.714285714285,NGN per refill,Average of Jan-24,FALSE,,5KG,2,GAS_PRICE_WATCH_JAN_2025.xlsx,,LPG JAN 2025,31,2,B31
2025-01-01,2024-01-01,5.0,STATE,Jigawa,Jigawa,Jigawa,North West,FALSE,5681.818181818182,NGN per refill,Average of Jan-24,FALSE,,5KG,2,GAS_PRICE_WATCH_JAN_2025.xlsx,,LPG JAN 2025,19,2,B19
2025-01-01,2024-01-01,5.0,STATE,Kaduna,Kaduna,Kaduna,North West,FALSE,4150,NGN per refill,Average of Jan-24,FALSE,,5KG,2,GAS_PRICE_WATCH_JAN_2025.xlsx,,LPG JAN 2025,20,2,B20
2025-01-01,2024-01-01,5.0,STATE,Kano,Kano,Kano,North West,FALSE,5411.111111111111,NGN per refill,Average of Jan-24,FALSE,,5KG,2,GAS_PRICE_WATCH_JAN_2025.xlsx,,LPG JAN 2025,21,2,B21
2025-01-01,2024-01-01,5.0,STATE,Katsina,Katsina,Katsina,North West,FALSE,5344.444444444444,NGN per refill,Average of Jan-24,FALSE,,5KG,2,GAS_PRICE_WATCH_JAN_2025.xlsx,,LPG JAN 2025,22,2,B22
2025-01-01,2024-01-01,5.0,STATE,Kebbi,Kebbi,Kebbi,North West,FALSE,5240,NGN per refill,Average of Jan-24,FALSE,,5KG,2,GAS_PRICE_WATCH_JAN_2025.xlsx,,LPG JAN 2025,23,2,B23
2025-01-01,2024-01-01,5.0,STATE,Kogi,Kogi,Kogi,North Central,FALSE,5175,NGN per refill,Average of Jan-24,FALSE,,5KG,2,GAS_PRICE_WATCH_JAN_2025.xlsx,,LPG JAN 2025,6,2,B6
2025-01-01,2024-01-01,5.0,STATE,Kwara,Kwara,Kwara,North Central,FALSE,5000,NGN per refill,Average of Jan-24,FALSE,,5KG,2,GAS_PRICE_WATCH_JAN_2025.xlsx,,LPG JAN 2025,7,2,B7
2025-01-01,2024-01-01,5.0,STATE,Lagos,Lagos,Lagos,South West,FALSE,4866.0914179104475,NGN per refill,Average of Jan-24,FALSE,,5KG,2,GAS_PRICE_WATCH_JAN_2025.xlsx,,LPG JAN 2025,41,2,B41
2025-01-01,2024-01-01,5.0,STATE,Nasarawa,Nasarawa,Nasarawa,North Central,FALSE,5790,NGN per refill,Average of Jan-24,FALSE,,5KG,2,GAS_PRICE_WATCH_JAN_2025.xlsx,,LPG JAN 2025,8,2,B8
2025-01-01,2024-01-01,5.0,STATE,Niger,Niger,Niger,North Central,FALSE,4937.5,NGN per refill,Average of Jan-24,FALSE,,5KG,2,GAS_PRICE_WATCH_JAN_2025.xlsx,,LPG JAN 2025,9,2,B9
2025-01-01,2024-01-01,5.0,STATE,Ogun,Ogun,Ogun,South West,FALSE,4751.044776119403,NGN per refill,Average of Jan-24,FALSE,,5KG,2,GAS_PRICE_WATCH_JAN_2025.xlsx,,LPG JAN 2025,42,2,B42
2025-01-01,2024-01-01,5.0,STATE,Ondo,Ondo,Ondo,South West,FALSE,4800.399786780384,NGN per refill,Average of Jan-24,FALSE,,5KG,2,GAS_PRICE_WATCH_JAN_2025.xlsx,,LPG JAN 2025,43,2,B43
2025-01-01,2024-01-01,5.0,STATE,Osun,Osun,Osun,South West,FALSE,4763.5345997286295,NGN per refill,Average of Jan-24,FALSE,,5KG,2,GAS_PRICE_WATCH_JAN_2025.xlsx,,LPG JAN 2025,44,2,B44
2025-01-01,2024-01-01,5.0,STATE,Oyo,Oyo,Oyo,South West,FALSE,4776.320321469575,NGN per refill,Average of Jan-24,FALSE,,5KG,2,GAS_PRICE_WATCH_JAN_2025.xlsx,,LPG JAN 2025,45,2,B45
2025-01-01,2024-01-01,5.0,STATE,Plateau,Plateau,Plateau,North Central,FALSE,5200,NGN per refill,Average of Jan-24,FALSE,,5KG,2,GAS_PRICE_WATCH_JAN_2025.xlsx,,LPG JAN 2025,10,2,B10
2025-01-01,2024-01-01,5.0,STATE,Rivers,Rivers,Rivers,South South,FALSE,5111.111111111111,NGN per refill,Average of Jan-24,FALSE,,5KG,2,GAS_PRICE_WATCH_JAN_2025.xlsx,,LPG JAN 2025,38,2,B38
2025-01-01,2024-01-01,5.0,STATE,Sokoto,Sokoto,Sokoto,North West,FALSE,5000,NGN per refill,Average of Jan-24,FALSE,,5KG,2,GAS_PRICE_WATCH_JAN_2025.xlsx,,LPG JAN 2025,24,2,B24
2025-01-01,2024-01-01,5.0,STATE,Taraba,Taraba,Taraba,North East,FALSE,5200,NGN per refill,Average of Jan-24,FALSE,,5KG,2,GAS_PRICE_WATCH_JAN_2025.xlsx,,LPG JAN 2025,16,2,B16
2025-01-01,2024-01-01,5.0,STATE,Yobe,Yobe,Yobe,North East,FALSE,5104.285714285714,NGN per refill,Average of Jan-24,FALSE,,5KG,2,GAS_PRICE_WATCH_JAN_2025.xlsx,,LPG JAN 2025,17,2,B17
2025-01-01,2024-01-01,5.0,STATE,Zamfara,Zamfara,Zamfara,North West,FALSE,5194.44444444444,NGN per refill,Average of Jan-24,FALSE,,5KG,2,GAS_PRICE_WATCH_JAN_2025.xlsx,,LPG JAN 2025,25,2,B25
2025-01-01,2024-01-01,5.0,ZONE,North Central,NORTH CENTRAL,,North Central,TRUE,5240.357142857143,NGN per refill,Average of Jan-24,FALSE,,5KG,2,GAS_PRICE_WATCH_JAN_2025.xlsx,,LPG JAN 2025,3,2,B3
2025-01-01,2024-01-01,5.0,ZONE,North East,NORTH EAST,,North East,TRUE,5296.320346320346,NGN per refill,Average of Jan-24,FALSE,,5KG,2,GAS_PRICE_WATCH_JAN_2025.xlsx,,LPG JAN 2025,11,2,B11
2025-01-01,2024-01-01,5.0,ZONE,North West,NORTH WEST,,North West,TRUE,5145.974025974026,NGN per refill,Average of Jan-24,FALSE,,5KG,2,GAS_PRICE_WATCH_JAN_2025.xlsx,,LPG JAN 2025,18,2,B18
2025-01-01,2024-01-01,5.0,ZONE,South East,SOUTH EAST,,South East,TRUE,5128.833333333334,NGN per refill,Average of Jan-24,FALSE,,5KG,2,GAS_PRICE_WATCH_JAN_2025.xlsx,,LPG JAN 2025,26,2,B26
2025-01-01,2024-01-01,5.0,ZONE,South South,SOUTH SOUTH,,South South,TRUE,5199.2328042328045,NGN per refill,Average of Jan-24,FALSE,,5KG,2,GAS_PRICE_WATCH_JAN_2025.xlsx,,LPG JAN 2025,32,2,B32
2025-01-01,2024-01-01,5.0,ZONE,South West,SOUTH WEST,,South West,TRUE,4805.047298417853,NGN per refill,Average of Jan-24,FALSE,,5KG,2,GAS_PRICE_WATCH_JAN_2025.xlsx,,LPG JAN 2025,39,2,B39
2025-01-01,2024-01-01,5.0,NATIONAL,Nigeria,Average,,,TRUE,5139.245609251645,NGN per refill,Average of Jan-24,FALSE,,5KG,2,GAS_PRICE_WATCH_JAN_2025.xlsx,,LPG JAN 2025,46,2,B46
2025-01-01,2024-01-01,12.5,STATE,Abia,Abia,Abia,South East,FALSE,11817.307692307691,NGN per refill,Average of Jan-24,FALSE,,12.5KG,2,GAS_PRICE_WATCH_JAN_2025.xlsx,,LPG JAN 2025,27,10,J27
2025-01-01,2024-01-01,12.5,STATE,Abuja,Abuja,Abuja,North Central,FALSE,12000,NGN per refill,Average of Jan-24,FALSE,,12.5KG,2,GAS_PRICE_WATCH_JAN_2025.xlsx,,LPG JAN 2025,4,10,J4
2025-01-01,2024-01-01,12.5,STATE,Adamawa,Adamawa,Adamawa,North East,FALSE,10666.666666666666,NGN per refill,Average of Jan-24,FALSE,,12.5KG,2,GAS_PRICE_WATCH_JAN_2025.xlsx,,LPG JAN 2025,12,10,J12
2025-01-01,2024-01-01,12.5,STATE,Akwa Ibom,Akwa Ibom,Akwa Ibom,South South,FALSE,12385,NGN per refill,Average of Jan-24,FALSE,,12.5KG,2,GAS_PRICE_WATCH_JAN_2025.xlsx,,LPG JAN 2025,33,10,J33
2025-01-01,2024-01-01,12.5,STATE,Anambra,Anambra,Anambra,South East,FALSE,10498,NGN per refill,Average of Jan-24,FALSE,,12.5KG,2,GAS_PRICE_WATCH_JAN_2025.xlsx,,LPG JAN 2025,28,10,J28
2025-01-01,2024-01-01,12.5,STATE,Bauchi,Bauchi,Bauchi,North East,FALSE,10750,NGN per refill,Average of Jan-24,FALSE,,12.5KG,2,GAS_PRICE_WATCH_JAN_2025.xlsx,,LPG JAN 2025,13,10,J13
2025-01-01,2024-01-01,12.5,STATE,Bayelsa,Bayelsa,Bayelsa,South South,FALSE,12432.5,NGN per refill,Average of Jan-24,FALSE,,12.5KG,2,GAS_PRICE_WATCH_JAN_2025.xlsx,,LPG JAN 2025,34,10,J34
2025-01-01,2024-01-01,12.5,STATE,Benue,Benue,Benue,North Central,FALSE,11000,NGN per refill,Average of Jan-24,FALSE,,12.5KG,2,GAS_PRICE_WATCH_JAN_2025.xlsx,,LPG JAN 2025,5,10,J5
2025-01-01,2024-01-01,12.5,STATE,Borno,Borno,Borno,North East,FALSE,11500,NGN per refill,Average of Jan-24,FALSE,,12.5KG,2,GAS_PRICE_WATCH_JAN_2025.xlsx,,LPG JAN 2025,14,10,J14
2025-01-01,2024-01-01,12.5,STATE,Cross River,Cross River,Cross River,South South,FALSE,13040,NGN per refill,Average of Jan-24,FALSE,,12.5KG,2,GAS_PRICE_WATCH_JAN_2025.xlsx,,LPG JAN 2025,35,10,J35
2025-01-01,2024-01-01,12.5,STATE,Delta,Delta,Delta,South South,FALSE,12637.5,NGN per refill,Average of Jan-24,FALSE,,12.5KG,2,GAS_PRICE_WATCH_JAN_2025.xlsx,,LPG JAN 2025,36,10,J36
2025-01-01,2024-01-01,12.5,STATE,Ebonyi,Ebonyi,Ebonyi,South East,FALSE,11212.5,NGN per refill,Average of Jan-24,FALSE,,12.5KG,2,GAS_PRICE_WATCH_JAN_2025.xlsx,,LPG JAN 2025,29,10,J29
2025-01-01,2024-01-01,12.5,STATE,Edo,Edo,Edo,South South,FALSE,12453.125,NGN per refill,Average of Jan-24,FALSE,,12.5KG,2,GAS_PRICE_WATCH_JAN_2025.xlsx,,LPG JAN 2025,37,10,J37
2025-01-01,2024-01-01,12.5,STATE,Ekiti,Ekiti,Ekiti,South West,FALSE,11894.8654037886,NGN per refill,Average of Jan-24,FALSE,,12.5KG,2,GAS_PRICE_WATCH_JAN_2025.xlsx,,LPG JAN 2025,40,10,J40
2025-01-01,2024-01-01,12.5,STATE,Enugu,Enugu,Enugu,South East,FALSE,12015,NGN per refill,Average of Jan-24,FALSE,,12.5KG,2,GAS_PRICE_WATCH_JAN_2025.xlsx,,LPG JAN 2025,30,10,J30
2025-01-01,2024-01-01,12.5,STATE,Gombe,Gombe,Gombe,North East,FALSE,12450,NGN per refill,Average of Jan-24,FALSE,,12.5KG,2,GAS_PRICE_WATCH_JAN_2025.xlsx,,LPG JAN 2025,15,10,J15
2025-01-01,2024-01-01,12.5,STATE,Imo,Imo,Imo,South East,FALSE,11860,NGN per refill,Average of Jan-24,FALSE,,12.5KG,2,GAS_PRICE_WATCH_JAN_2025.xlsx,,LPG JAN 2025,31,10,J31
2025-01-01,2024-01-01,12.5,STATE,Jigawa,Jigawa,Jigawa,North West,FALSE,12875,NGN per refill,Average of Jan-24,FALSE,,12.5KG,2,GAS_PRICE_WATCH_JAN_2025.xlsx,,LPG JAN 2025,19,10,J19
2025-01-01,2024-01-01,12.5,STATE,Kaduna,Kaduna,Kaduna,North West,FALSE,9699.5,NGN per refill,Average of Jan-24,FALSE,,12.5KG,2,GAS_PRICE_WATCH_JAN_2025.xlsx,,LPG JAN 2025,20,10,J20
2025-01-01,2024-01-01,12.5,STATE,Kano,Kano,Kano,North West,FALSE,12537.5,NGN per refill,Average of Jan-24,FALSE,,12.5KG,2,GAS_PRICE_WATCH_JAN_2025.xlsx,,LPG JAN 2025,21,10,J21
2025-01-01,2024-01-01,12.5,STATE,Katsina,Katsina,Katsina,North West,FALSE,12537.5,NGN per refill,Average of Jan-24,FALSE,,12.5KG,2,GAS_PRICE_WATCH_JAN_2025.xlsx,,LPG JAN 2025,22,10,J22
2025-01-01,2024-01-01,12.5,STATE,Kebbi,Taraba,Kebbi,North West,FALSE,12600,NGN per refill,Average of Jan-24,FALSE,LPG_12_5KG_KEBBI_LABELLED_TARABA,12.5KG,2,GAS_PRICE_WATCH_JAN_2025.xlsx,,LPG JAN 2025,23,10,J23
2025-01-01,2024-01-01,12.5,STATE,Kogi,Kogi,Kogi,North Central,FALSE,12000,NGN per refill,Average of Jan-24,FALSE,,12.5KG,2,GAS_PRICE_WATCH_JAN_2025.xlsx,,LPG JAN 2025,6,10,J6
2025-01-01,2024-01-01,12.5,STATE,Kwara,Kwara,Kwara,North Central,FALSE,10000,NGN per refill,Average of Jan-24,FALSE,,12.5KG,2,GAS_PRICE_WATCH_JAN_2025.xlsx,,LPG JAN 2025,7,10,J7
2025-01-01,2024-01-01,12.5,STATE,Lagos,Lagos,Lagos,South West,FALSE,11020.233050847457,NGN per refill,Average of Jan-24,FALSE,,12.5KG,2,GAS_PRICE_WATCH_JAN_2025.xlsx,,LPG JAN 2025,41,10,J41
2025-01-01,2024-01-01,12.5,STATE,Nasarawa,Nasarawa,Nasarawa,North Central,FALSE,11700,NGN per refill,Average of Jan-24,FALSE,,12.5KG,2,GAS_PRICE_WATCH_JAN_2025.xlsx,,LPG JAN 2025,8,10,J8
2025-01-01,2024-01-01,12.5,STATE,Niger,Niger,Niger,North Central,FALSE,10400,NGN per refill,Average of Jan-24,FALSE,,12.5KG,2,GAS_PRICE_WATCH_JAN_2025.xlsx,,LPG JAN 2025,9,10,J9
2025-01-01,2024-01-01,12.5,STATE,Ogun,Ogun,Ogun,South West,FALSE,11134.816384180791,NGN per refill,Average of Jan-24,FALSE,,12.5KG,2,GAS_PRICE_WATCH_JAN_2025.xlsx,,LPG JAN 2025,42,10,J42
2025-01-01,2024-01-01,12.5,STATE,Ondo,Ondo,Ondo,South West,FALSE,10979.649717514123,NGN per refill,Average of Jan-24,FALSE,,12.5KG,2,GAS_PRICE_WATCH_JAN_2025.xlsx,,LPG JAN 2025,43,10,J43
2025-01-01,2024-01-01,12.5,STATE,Osun,Osun,Osun,South West,FALSE,11348.983050847457,NGN per refill,Average of Jan-24,FALSE,,12.5KG,2,GAS_PRICE_WATCH_JAN_2025.xlsx,,LPG JAN 2025,44,10,J44
2025-01-01,2024-01-01,12.5,STATE,Oyo,Oyo,Oyo,South West,FALSE,10755.581812255541,NGN per refill,Average of Jan-24,FALSE,,12.5KG,2,GAS_PRICE_WATCH_JAN_2025.xlsx,,LPG JAN 2025,45,10,J45
2025-01-01,2024-01-01,12.5,STATE,Plateau,Plateau,Plateau,North Central,FALSE,12028.57142857143,NGN per refill,Average of Jan-24,FALSE,,12.5KG,2,GAS_PRICE_WATCH_JAN_2025.xlsx,,LPG JAN 2025,10,10,J10
2025-01-01,2024-01-01,12.5,STATE,Rivers,Rivers,Rivers,South South,FALSE,12666.666666666666,NGN per refill,Average of Jan-24,FALSE,,12.5KG,2,GAS_PRICE_WATCH_JAN_2025.xlsx,,LPG JAN 2025,38,10,J38
2025-01-01,2024-01-01,12.5,STATE,Sokoto,Sokoto,Sokoto,North West,FALSE,12600,NGN per refill,Average of Jan-24,FALSE,,12.5KG,2,GAS_PRICE_WATCH_JAN_2025.xlsx,,LPG JAN 2025,24,10,J24
2025-01-01,2024-01-01,12.5,STATE,Taraba,Taraba,Taraba,North East,FALSE,12000,NGN per refill,Average of Jan-24,FALSE,,12.5KG,2,GAS_PRICE_WATCH_JAN_2025.xlsx,,LPG JAN 2025,16,10,J16
2025-01-01,2024-01-01,12.5,STATE,Yobe,Yobe,Yobe,North East,FALSE,12000,NGN per refill,Average of Jan-24,FALSE,,12.5KG,2,GAS_PRICE_WATCH_JAN_2025.xlsx,,LPG JAN 2025,17,10,J17
2025-01-01,2024-01-01,12.5,STATE,Zamfara,Zamfara,Zamfara,North West,FALSE,12725,NGN per refill,Average of Jan-24,FALSE,,12.5KG,2,GAS_PRICE_WATCH_JAN_2025.xlsx,,LPG JAN 2025,25,10,J25
2025-01-01,2024-01-01,12.5,ZONE,North Central,NORTH CENTRAL,,North Central,TRUE,11304.081632653062,NGN per refill,Average of Jan-24,FALSE,,12.5KG,2,GAS_PRICE_WATCH_JAN_2025.xlsx,,LPG JAN 2025,3,10,J3
2025-01-01,2024-01-01,12.5,ZONE,North East,NORTH EAST,,North East,TRUE,11561.11111111111,NGN per refill,Average of Jan-24,FALSE,,12.5KG,2,GAS_PRICE_WATCH_JAN_2025.xlsx,,LPG JAN 2025,11,10,J11
2025-01-01,2024-01-01,12.5,ZONE,North West,NORTH WEST,,North West,TRUE,12224.92857142857,NGN per refill,Average of Jan-24,FALSE,,12.5KG,2,GAS_PRICE_WATCH_JAN_2025.xlsx,,LPG JAN 2025,18,10,J18
2025-01-01,2024-01-01,12.5,ZONE,South East,SOUTH EAST,,South East,TRUE,11480.561538461538,NGN per refill,Average of Jan-24,FALSE,,12.5KG,2,GAS_PRICE_WATCH_JAN_2025.xlsx,,LPG JAN 2025,26,10,J26
2025-01-01,2024-01-01,12.5,ZONE,South South,SOUTH SOUTH,,South South,TRUE,12602.46527777778,NGN per refill,Average of Jan-24,FALSE,,12.5KG,2,GAS_PRICE_WATCH_JAN_2025.xlsx,,LPG JAN 2025,32,10,J32
2025-01-01,2024-01-01,12.5,ZONE,South West,SOUTH WEST,,South West,TRUE,11189.021569905659,NGN per refill,Average of Jan-24,FALSE,,12.5KG,2,GAS_PRICE_WATCH_JAN_2025.xlsx,,LPG JAN 2025,39,10,J39
2025-01-01,2024-01-01,12.5,NATIONAL,Nigeria,Average,,,TRUE,11735.715320909367,NGN per refill,Average of Jan-24,FALSE,,12.5KG,2,GAS_PRICE_WATCH_JAN_2025.xlsx,,LPG JAN 2025,46,10,J46
2025-01-01,2024-12-01,5.0,STATE,Abia,Abia,Abia,South East,FALSE,6845.833333333333,NGN per refill,Average of Dec-24,FALSE,,5KG,2,GAS_PRICE_WATCH_JAN_2025.xlsx,,LPG JAN 2025,27,3,C27
2025-01-01,2024-12-01,5.0,STATE,Abuja,Abuja,Abuja,North Central,FALSE,7200,NGN per refill,Average of Dec-24,FALSE,,5KG,2,GAS_PRICE_WATCH_JAN_2025.xlsx,,LPG JAN 2025,4,3,C4
2025-01-01,2024-12-01,5.0,STATE,Adamawa,Adamawa,Adamawa,North East,FALSE,6928.299967447917,NGN per refill,Average of Dec-24,FALSE,,5KG,2,GAS_PRICE_WATCH_JAN_2025.xlsx,,LPG JAN 2025,12,3,C12
2025-01-01,2024-12-01,5.0,STATE,Akwa Ibom,Akwa Ibom,Akwa Ibom,South South,FALSE,7281.25,NGN per refill,Average of Dec-24,FALSE,,5KG,2,GAS_PRICE_WATCH_JAN_2025.xlsx,,LPG JAN 2025,33,3,C33
2025-01-01,2024-12-01,5.0,STATE,Anambra,Anambra,Anambra,South East,FALSE,7034.555555555556,NGN per refill,Average of Dec-24,FALSE,,5KG,2,GAS_PRICE_WATCH_JAN_2025.xlsx,,LPG JAN 2025,28,3,C28
2025-01-01,2024-12-01,5.0,STATE,Bauchi,Bauchi,Bauchi,North East,FALSE,7250,NGN per refill,Average of Dec-24,FALSE,,5KG,2,GAS_PRICE_WATCH_JAN_2025.xlsx,,LPG JAN 2025,13,3,C13
2025-01-01,2024-12-01,5.0,STATE,Bayelsa,Bayelsa,Bayelsa,South South,FALSE,6848,NGN per refill,Average of Dec-24,FALSE,,5KG,2,GAS_PRICE_WATCH_JAN_2025.xlsx,,LPG JAN 2025,34,3,C34
2025-01-01,2024-12-01,5.0,STATE,Benue,Benue,Benue,North Central,FALSE,7900,NGN per refill,Average of Dec-24,FALSE,,5KG,2,GAS_PRICE_WATCH_JAN_2025.xlsx,,LPG JAN 2025,5,3,C5
2025-01-01,2024-12-01,5.0,STATE,Borno,Borno,Borno,North East,FALSE,7784.25,NGN per refill,Average of Dec-24,FALSE,,5KG,2,GAS_PRICE_WATCH_JAN_2025.xlsx,,LPG JAN 2025,14,3,C14
2025-01-01,2024-12-01,5.0,STATE,Cross River,Cross River,Cross River,South South,FALSE,6828.571428571428,NGN per refill,Average of Dec-24,FALSE,,5KG,2,GAS_PRICE_WATCH_JAN_2025.xlsx,,LPG JAN 2025,35,3,C35
2025-01-01,2024-12-01,5.0,STATE,Delta,Delta,Delta,South South,FALSE,6455,NGN per refill,Average of Dec-24,FALSE,,5KG,2,GAS_PRICE_WATCH_JAN_2025.xlsx,,LPG JAN 2025,36,3,C36
2025-01-01,2024-12-01,5.0,STATE,Ebonyi,Ebonyi,Ebonyi,South East,FALSE,7101.607142857143,NGN per refill,Average of Dec-24,FALSE,,5KG,2,GAS_PRICE_WATCH_JAN_2025.xlsx,,LPG JAN 2025,29,3,C29
2025-01-01,2024-12-01,5.0,STATE,Edo,Edo,Edo,South South,FALSE,6969.642857142857,NGN per refill,Average of Dec-24,FALSE,,5KG,2,GAS_PRICE_WATCH_JAN_2025.xlsx,,LPG JAN 2025,37,3,C37
2025-01-01,2024-12-01,5.0,STATE,Ekiti,Ekiti,Ekiti,South West,FALSE,6950,NGN per refill,Average of Dec-24,FALSE,,5KG,2,GAS_PRICE_WATCH_JAN_2025.xlsx,,LPG JAN 2025,40,3,C40
2025-01-01,2024-12-01,5.0,STATE,Enugu,Enugu,Enugu,South East,FALSE,7102.473419189453,NGN per refill,Average of Dec-24,FALSE,,5KG,2,GAS_PRICE_WATCH_JAN_2025.xlsx,,LPG JAN 2025,30,3,C30
2025-01-01,2024-12-01,5.0,STATE,Gombe,Gombe,Gombe,North East,FALSE,6873.770941840277,NGN per refill,Average of Dec-24,FALSE,,5KG,2,GAS_PRICE_WATCH_JAN_2025.xlsx,,LPG JAN 2025,15,3,C15
2025-01-01,2024-12-01,5.0,STATE,Imo,Imo,Imo,South East,FALSE,7034.547619047619,NGN per refill,Average of Dec-24,FALSE,,5KG,2,GAS_PRICE_WATCH_JAN_2025.xlsx,,LPG JAN 2025,31,3,C31
2025-01-01,2024-12-01,5.0,STATE,Jigawa,Jigawa,Jigawa,North West,FALSE,7281.25,NGN per refill,Average of Dec-24,FALSE,,5KG,2,GAS_PRICE_WATCH_JAN_2025.xlsx,,LPG JAN 2025,19,3,C19
2025-01-01,2024-12-01,5.0,STATE,Kaduna,Kaduna,Kaduna,North West,FALSE,6931.176470588235,NGN per refill,Average of Dec-24,FALSE,,5KG,2,GAS_PRICE_WATCH_JAN_2025.xlsx,,LPG JAN 2025,20,3,C20
2025-01-01,2024-12-01,5.0,STATE,Kano,Kano,Kano,North West,FALSE,7188.888888888889,NGN per refill,Average of Dec-24,FALSE,,5KG,2,GAS_PRICE_WATCH_JAN_2025.xlsx,,LPG JAN 2025,21,3,C21
2025-01-01,2024-12-01,5.0,STATE,Katsina,Katsina,Katsina,North West,FALSE,7040,NGN per refill,Average of Dec-24,FALSE,,5KG,2,GAS_PRICE_WATCH_JAN_2025.xlsx,,LPG JAN 2025,22,3,C22
2025-01-01,2024-12-01,5.0,STATE,Kebbi,Kebbi,Kebbi,North West,FALSE,7000,NGN per refill,Average of Dec-24,FALSE,,5KG,2,GAS_PRICE_WATCH_JAN_2025.xlsx,,LPG JAN 2025,23,3,C23
2025-01-01,2024-12-01,5.0,STATE,Kogi,Kogi,Kogi,North Central,FALSE,7175,NGN per refill,Average of Dec-24,FALSE,,5KG,2,GAS_PRICE_WATCH_JAN_2025.xlsx,,LPG JAN 2025,6,3,C6
2025-01-01,2024-12-01,5.0,STATE,Kwara,Kwara,Kwara,North Central,FALSE,7854.166666666667,NGN per refill,Average of Dec-24,FALSE,,5KG,2,GAS_PRICE_WATCH_JAN_2025.xlsx,,LPG JAN 2025,7,3,C7
2025-01-01,2024-12-01,5.0,STATE,Lagos,Lagos,Lagos,South West,FALSE,7910.714285714285,NGN per refill,Average of Dec-24,FALSE,,5KG,2,GAS_PRICE_WATCH_JAN_2025.xlsx,,LPG JAN 2025,41,3,C41
2025-01-01,2024-12-01,5.0,STATE,Nasarawa,Nasarawa,Nasarawa,North Central,FALSE,7071.42857142857,NGN per refill,Average of Dec-24,FALSE,,5KG,2,GAS_PRICE_WATCH_JAN_2025.xlsx,,LPG JAN 2025,8,3,C8
2025-01-01,2024-12-01,5.0,STATE,Niger,Niger,Niger,North Central,FALSE,7015.625,NGN per refill,Average of Dec-24,FALSE,,5KG,2,GAS_PRICE_WATCH_JAN_2025.xlsx,,LPG JAN 2025,9,3,C9
2025-01-01,2024-12-01,5.0,STATE,Ogun,Ogun,Ogun,South West,FALSE,7225.4807692307695,NGN per refill,Average of Dec-24,FALSE,,5KG,2,GAS_PRICE_WATCH_JAN_2025.xlsx,,LPG JAN 2025,42,3,C42
2025-01-01,2024-12-01,5.0,STATE,Ondo,Ondo,Ondo,South West,FALSE,6683.333333333333,NGN per refill,Average of Dec-24,FALSE,,5KG,2,GAS_PRICE_WATCH_JAN_2025.xlsx,,LPG JAN 2025,43,3,C43
2025-01-01,2024-12-01,5.0,STATE,Osun,Osun,Osun,South West,FALSE,7479.166666666667,NGN per refill,Average of Dec-24,FALSE,,5KG,2,GAS_PRICE_WATCH_JAN_2025.xlsx,,LPG JAN 2025,44,3,C44
2025-01-01,2024-12-01,5.0,STATE,Oyo,Oyo,Oyo,South West,FALSE,7092.5,NGN per refill,Average of Dec-24,FALSE,,5KG,2,GAS_PRICE_WATCH_JAN_2025.xlsx,,LPG JAN 2025,45,3,C45
2025-01-01,2024-12-01,5.0,STATE,Plateau,Plateau,Plateau,North Central,FALSE,7250,NGN per refill,Average of Dec-24,FALSE,,5KG,2,GAS_PRICE_WATCH_JAN_2025.xlsx,,LPG JAN 2025,10,3,C10
2025-01-01,2024-12-01,5.0,STATE,Rivers,Rivers,Rivers,South South,FALSE,7437.5,NGN per refill,Average of Dec-24,FALSE,,5KG,2,GAS_PRICE_WATCH_JAN_2025.xlsx,,LPG JAN 2025,38,3,C38
2025-01-01,2024-12-01,5.0,STATE,Sokoto,Sokoto,Sokoto,North West,FALSE,7166.666666666667,NGN per refill,Average of Dec-24,FALSE,,5KG,2,GAS_PRICE_WATCH_JAN_2025.xlsx,,LPG JAN 2025,24,3,C24
2025-01-01,2024-12-01,5.0,STATE,Taraba,Taraba,Taraba,North East,FALSE,8074.4068359375,NGN per refill,Average of Dec-24,FALSE,,5KG,2,GAS_PRICE_WATCH_JAN_2025.xlsx,,LPG JAN 2025,16,3,C16
2025-01-01,2024-12-01,5.0,STATE,Yobe,Yobe,Yobe,North East,FALSE,7515.280924479167,NGN per refill,Average of Dec-24,FALSE,,5KG,2,GAS_PRICE_WATCH_JAN_2025.xlsx,,LPG JAN 2025,17,3,C17
2025-01-01,2024-12-01,5.0,STATE,Zamfara,Zamfara,Zamfara,North West,FALSE,6778.571428571428,NGN per refill,Average of Dec-24,FALSE,,5KG,2,GAS_PRICE_WATCH_JAN_2025.xlsx,,LPG JAN 2025,25,3,C25
2025-01-01,2024-12-01,5.0,ZONE,North Central,NORTH CENTRAL,,North Central,TRUE,7352.317176870748,NGN per refill,Average of Dec-24,FALSE,,5KG,2,GAS_PRICE_WATCH_JAN_2025.xlsx,,LPG JAN 2025,3,3,C3
2025-01-01,2024-12-01,5.0,ZONE,North East,NORTH EAST,,North East,TRUE,7404.334778284144,NGN per refill,Average of Dec-24,FALSE,,5KG,2,GAS_PRICE_WATCH_JAN_2025.xlsx,,LPG JAN 2025,11,3,C11
2025-01-01,2024-12-01,5.0,ZONE,North West,NORTH WEST,,North West,TRUE,7055.221922102173,NGN per refill,Average of Dec-24,FALSE,,5KG,2,GAS_PRICE_WATCH_JAN_2025.xlsx,,LPG JAN 2025,18,3,C18
2025-01-01,2024-12-01,5.0,ZONE,South East,SOUTH EAST,,South East,TRUE,7023.803413996621,NGN per refill,Average of Dec-24,FALSE,,5KG,2,GAS_PRICE_WATCH_JAN_2025.xlsx,,LPG JAN 2025,26,3,C26
2025-01-01,2024-12-01,5.0,ZONE,South South,SOUTH SOUTH,,South South,TRUE,6969.994047619047,NGN per refill,Average of Dec-24,FALSE,,5KG,2,GAS_PRICE_WATCH_JAN_2025.xlsx,,LPG JAN 2025,32,3,C32
2025-01-01,2024-12-01,5.0,ZONE,South West,SOUTH WEST,,South West,TRUE,7223.53250915751,NGN per refill,Average of Dec-24,FALSE,,5KG,2,GAS_PRICE_WATCH_JAN_2025.xlsx,,LPG JAN 2025,39,3,C39
2025-01-01,2024-12-01,5.0,NATIONAL,Nigeria,Average,,,TRUE,7177.2691560312915,NGN per refill,Average of Dec-24,FALSE,,5KG,2,GAS_PRICE_WATCH_JAN_2025.xlsx,,LPG JAN 2025,46,3,C46
2025-01-01,2024-12-01,12.5,STATE,Abia,Abia,Abia,South East,FALSE,16300,NGN per refill,Average of Dec-24,FALSE,,12.5KG,2,GAS_PRICE_WATCH_JAN_2025.xlsx,,LPG JAN 2025,27,11,K27
2025-01-01,2024-12-01,12.5,STATE,Abuja,Abuja,Abuja,North Central,FALSE,16130,NGN per refill,Average of Dec-24,FALSE,,12.5KG,2,GAS_PRICE_WATCH_JAN_2025.xlsx,,LPG JAN 2025,4,11,K4
2025-01-01,2024-12-01,12.5,STATE,Adamawa,Adamawa,Adamawa,North East,FALSE,16666.666666666668,NGN per refill,Average of Dec-24,FALSE,,12.5KG,2,GAS_PRICE_WATCH_JAN_2025.xlsx,,LPG JAN 2025,12,11,K12
2025-01-01,2024-12-01,12.5,STATE,Akwa Ibom,Akwa Ibom,Akwa Ibom,South South,FALSE,18113.83740234375,NGN per refill,Average of Dec-24,FALSE,,12.5KG,2,GAS_PRICE_WATCH_JAN_2025.xlsx,,LPG JAN 2025,33,11,K33
2025-01-01,2024-12-01,12.5,STATE,Anambra,Anambra,Anambra,South East,FALSE,16277.777777777777,NGN per refill,Average of Dec-24,FALSE,,12.5KG,2,GAS_PRICE_WATCH_JAN_2025.xlsx,,LPG JAN 2025,28,11,K28
2025-01-01,2024-12-01,12.5,STATE,Bauchi,Bauchi,Bauchi,North East,FALSE,18100,NGN per refill,Average of Dec-24,FALSE,,12.5KG,2,GAS_PRICE_WATCH_JAN_2025.xlsx,,LPG JAN 2025,13,11,K13
2025-01-01,2024-12-01,12.5,STATE,Bayelsa,Bayelsa,Bayelsa,South South,FALSE,17416.666666666668,NGN per refill,Average of Dec-24,FALSE,,12.5KG,2,GAS_PRICE_WATCH_JAN_2025.xlsx,,LPG JAN 2025,34,11,K34
2025-01-01,2024-12-01,12.5,STATE,Benue,Benue,Benue,North Central,FALSE,18125,NGN per refill,Average of Dec-24,FALSE,,12.5KG,2,GAS_PRICE_WATCH_JAN_2025.xlsx,,LPG JAN 2025,5,11,K5
2025-01-01,2024-12-01,12.5,STATE,Borno,Borno,Borno,North East,FALSE,16880.139559659092,NGN per refill,Average of Dec-24,FALSE,,12.5KG,2,GAS_PRICE_WATCH_JAN_2025.xlsx,,LPG JAN 2025,14,11,K14
2025-01-01,2024-12-01,12.5,STATE,Cross River,Cross River,Cross River,South South,FALSE,17390.178571428572,NGN per refill,Average of Dec-24,FALSE,,12.5KG,2,GAS_PRICE_WATCH_JAN_2025.xlsx,,LPG JAN 2025,35,11,K35
2025-01-01,2024-12-01,12.5,STATE,Delta,Delta,Delta,South South,FALSE,16277.5,NGN per refill,Average of Dec-24,FALSE,,12.5KG,2,GAS_PRICE_WATCH_JAN_2025.xlsx,,LPG JAN 2025,36,11,K36
2025-01-01,2024-12-01,12.5,STATE,Ebonyi,Ebonyi,Ebonyi,South East,FALSE,17522.678571428572,NGN per refill,Average of Dec-24,FALSE,,12.5KG,2,GAS_PRICE_WATCH_JAN_2025.xlsx,,LPG JAN 2025,29,11,K29
2025-01-01,2024-12-01,12.5,STATE,Edo,Edo,Edo,South South,FALSE,17327.5,NGN per refill,Average of Dec-24,FALSE,,12.5KG,2,GAS_PRICE_WATCH_JAN_2025.xlsx,,LPG JAN 2025,37,11,K37
2025-01-01,2024-12-01,12.5,STATE,Ekiti,Ekiti,Ekiti,South West,FALSE,17299,NGN per refill,Average of Dec-24,FALSE,,12.5KG,2,GAS_PRICE_WATCH_JAN_2025.xlsx,,LPG JAN 2025,40,11,K40
2025-01-01,2024-12-01,12.5,STATE,Enugu,Enugu,Enugu,South East,FALSE,17842.96875,NGN per refill,Average of Dec-24,FALSE,,12.5KG,2,GAS_PRICE_WATCH_JAN_2025.xlsx,,LPG JAN 2025,30,11,K30
2025-01-01,2024-12-01,12.5,STATE,Gombe,Gombe,Gombe,North East,FALSE,18105.82470703125,NGN per refill,Average of Dec-24,FALSE,,12.5KG,2,GAS_PRICE_WATCH_JAN_2025.xlsx,,LPG JAN 2025,15,11,K15
2025-01-01,2024-12-01,12.5,STATE,Imo,Imo,Imo,South East,FALSE,17561.25,NGN per refill,Average of Dec-24,FALSE,,12.5KG,2,GAS_PRICE_WATCH_JAN_2025.xlsx,,LPG JAN 2025,31,11,K31
2025-01-01,2024-12-01,12.5,STATE,Jigawa,Jigawa,Jigawa,North West,FALSE,18103.571428571428,NGN per refill,Average of Dec-24,FALSE,,12.5KG,2,GAS_PRICE_WATCH_JAN_2025.xlsx,,LPG JAN 2025,19,11,K19
2025-01-01,2024-12-01,12.5,STATE,Kaduna,Kaduna,Kaduna,North West,FALSE,16679,NGN per refill,Average of Dec-24,FALSE,,12.5KG,2,GAS_PRICE_WATCH_JAN_2025.xlsx,,LPG JAN 2025,20,11,K20
2025-01-01,2024-12-01,12.5,STATE,Kano,Kano,Kano,North West,FALSE,16668.75,NGN per refill,Average of Dec-24,FALSE,,12.5KG,2,GAS_PRICE_WATCH_JAN_2025.xlsx,,LPG JAN 2025,21,11,K21
2025-01-01,2024-12-01,12.5,STATE,Katsina,Katsina,Katsina,North West,FALSE,17366.666666666668,NGN per refill,Average of Dec-24,FALSE,,12.5KG,2,GAS_PRICE_WATCH_JAN_2025.xlsx,,LPG JAN 2025,22,11,K22
2025-01-01,2024-12-01,12.5,STATE,Kebbi,Taraba,Kebbi,North West,FALSE,15733.333333333334,NGN per refill,Average of Dec-24,FALSE,LPG_12_5KG_KEBBI_LABELLED_TARABA,12.5KG,2,GAS_PRICE_WATCH_JAN_2025.xlsx,,LPG JAN 2025,23,11,K23
2025-01-01,2024-12-01,12.5,STATE,Kogi,Kogi,Kogi,North Central,FALSE,16192.5,NGN per refill,Average of Dec-24,FALSE,,12.5KG,2,GAS_PRICE_WATCH_JAN_2025.xlsx,,LPG JAN 2025,6,11,K6
2025-01-01,2024-12-01,12.5,STATE,Kwara,Kwara,Kwara,North Central,FALSE,16109.375,NGN per refill,Average of Dec-24,FALSE,,12.5KG,2,GAS_PRICE_WATCH_JAN_2025.xlsx,,LPG JAN 2025,7,11,K7
2025-01-01,2024-12-01,12.5,STATE,Lagos,Lagos,Lagos,South West,FALSE,17846.153846153848,NGN per refill,Average of Dec-24,FALSE,,12.5KG,2,GAS_PRICE_WATCH_JAN_2025.xlsx,,LPG JAN 2025,41,11,K41
2025-01-01,2024-12-01,12.5,STATE,Nasarawa,Nasarawa,Nasarawa,North Central,FALSE,15875,NGN per refill,Average of Dec-24,FALSE,,12.5KG,2,GAS_PRICE_WATCH_JAN_2025.xlsx,,LPG JAN 2025,8,11,K8
2025-01-01,2024-12-01,12.5,STATE,Niger,Niger,Niger,North Central,FALSE,16278.75,NGN per refill,Average of Dec-24,FALSE,,12.5KG,2,GAS_PRICE_WATCH_JAN_2025.xlsx,,LPG JAN 2025,9,11,K9
2025-01-01,2024-12-01,12.5,STATE,Ogun,Ogun,Ogun,South West,FALSE,17499.652777777777,NGN per refill,Average of Dec-24,FALSE,,12.5KG,2,GAS_PRICE_WATCH_JAN_2025.xlsx,,LPG JAN 2025,42,11,K42
2025-01-01,2024-12-01,12.5,STATE,Ondo,Ondo,Ondo,South West,FALSE,16360.3125,NGN per refill,Average of Dec-24,FALSE,,12.5KG,2,GAS_PRICE_WATCH_JAN_2025.xlsx,,LPG JAN 2025,43,11,K43
2025-01-01,2024-12-01,12.5,STATE,Osun,Osun,Osun,South West,FALSE,18322.916666666668,NGN per refill,Average of Dec-24,FALSE,,12.5KG,2,GAS_PRICE_WATCH_JAN_2025.xlsx,,LPG JAN 2025,44,11,K44
2025-01-01,2024-12-01,12.5,STATE,Oyo,Oyo,Oyo,South West,FALSE,17937.5,NGN per refill,Average of Dec-24,FALSE,,12.5KG,2,GAS_PRICE_WATCH_JAN_2025.xlsx,,LPG JAN 2025,45,11,K45
2025-01-01,2024-12-01,12.5,STATE,Plateau,Plateau,Plateau,North Central,FALSE,16666.666666666668,NGN per refill,Average of Dec-24,FALSE,,12.5KG,2,GAS_PRICE_WATCH_JAN_2025.xlsx,,LPG JAN 2025,10,11,K10
2025-01-01,2024-12-01,12.5,STATE,Rivers,Rivers,Rivers,South South,FALSE,18710.9375,NGN per refill,Average of Dec-24,FALSE,,12.5KG,2,GAS_PRICE_WATCH_JAN_2025.xlsx,,LPG JAN 2025,38,11,K38
2025-01-01,2024-12-01,12.5,STATE,Sokoto,Sokoto,Sokoto,North West,FALSE,17500,NGN per refill,Average of Dec-24,FALSE,,12.5KG,2,GAS_PRICE_WATCH_JAN_2025.xlsx,,LPG JAN 2025,24,11,K24
2025-01-01,2024-12-01,12.5,STATE,Taraba,Taraba,Taraba,North East,FALSE,20290.75,NGN per refill,Average of Dec-24,FALSE,,12.5KG,2,GAS_PRICE_WATCH_JAN_2025.xlsx,,LPG JAN 2025,16,11,K16
2025-01-01,2024-12-01,12.5,STATE,Yobe,Yobe,Yobe,North East,FALSE,19000,NGN per refill,Average of Dec-24,FALSE,,12.5KG,2,GAS_PRICE_WATCH_JAN_2025.xlsx,,LPG JAN 2025,17,11,K17
2025-01-01,2024-12-01,12.5,STATE,Zamfara,Zamfara,Zamfara,North West,FALSE,16665,NGN per refill,Average of Dec-24,FALSE,,12.5KG,2,GAS_PRICE_WATCH_JAN_2025.xlsx,,LPG JAN 2025,25,11,K25
2025-01-01,2024-12-01,12.5,ZONE,North Central,NORTH CENTRAL,,North Central,TRUE,16482.47023809524,NGN per refill,Average of Dec-24,FALSE,,12.5KG,2,GAS_PRICE_WATCH_JAN_2025.xlsx,,LPG JAN 2025,3,11,K3
2025-01-01,2024-12-01,12.5,ZONE,North East,NORTH EAST,,North East,TRUE,18173.89682222617,NGN per refill,Average of Dec-24,FALSE,,12.5KG,2,GAS_PRICE_WATCH_JAN_2025.xlsx,,LPG JAN 2025,11,11,K11
2025-01-01,2024-12-01,12.5,ZONE,North West,NORTH WEST,,North West,TRUE,16959.474489795917,NGN per refill,Average of Dec-24,FALSE,,12.5KG,2,GAS_PRICE_WATCH_JAN_2025.xlsx,,LPG JAN 2025,18,11,K18
2025-01-01,2024-12-01,12.5,ZONE,South East,SOUTH EAST,,South East,TRUE,17100.93501984127,NGN per refill,Average of Dec-24,FALSE,,12.5KG,2,GAS_PRICE_WATCH_JAN_2025.xlsx,,LPG JAN 2025,26,11,K26
2025-01-01,2024-12-01,12.5,ZONE,South South,SOUTH SOUTH,,South South,TRUE,17539.436690073166,NGN per refill,Average of Dec-24,FALSE,,12.5KG,2,GAS_PRICE_WATCH_JAN_2025.xlsx,,LPG JAN 2025,32,11,K32
2025-01-01,2024-12-01,12.5,ZONE,South West,SOUTH WEST,,South West,TRUE,17544.255965099717,NGN per refill,Average of Dec-24,FALSE,,12.5KG,2,GAS_PRICE_WATCH_JAN_2025.xlsx,,LPG JAN 2025,39,11,K39
2025-01-01,2024-12-01,12.5,NATIONAL,Nigeria,Average,,,TRUE,17274.15743402267,NGN per refill,Average of Dec-24,FALSE,,12.5KG,2,GAS_PRICE_WATCH_JAN_2025.xlsx,,LPG JAN 2025,46,11,K46
2025-01-01,2025-01-01,5.0,STATE,Abia,Abia,Abia,South East,FALSE,6773.733272,NGN per refill,Average of Jan-25,TRUE,,5KG,2,GAS_PRICE_WATCH_JAN_2025.xlsx,,LPG JAN 2025,27,4,D27
2025-01-01,2025-01-01,5.0,STATE,Abuja,Abuja,Abuja,North Central,FALSE,7150,NGN per refill,Average of Jan-25,TRUE,,5KG,2,GAS_PRICE_WATCH_JAN_2025.xlsx,,LPG JAN 2025,4,4,D4
2025-01-01,2025-01-01,5.0,STATE,Adamawa,Adamawa,Adamawa,North East,FALSE,6680,NGN per refill,Average of Jan-25,TRUE,,5KG,2,GAS_PRICE_WATCH_JAN_2025.xlsx,,LPG JAN 2025,12,4,D12
2025-01-01,2025-01-01,5.0,STATE,Akwa Ibom,Akwa Ibom,Akwa Ibom,South South,FALSE,7300,NGN per refill,Average of Jan-25,TRUE,,5KG,2,GAS_PRICE_WATCH_JAN_2025.xlsx,,LPG JAN 2025,33,4,D33
2025-01-01,2025-01-01,5.0,STATE,Anambra,Anambra,Anambra,South East,FALSE,6875,NGN per refill,Average of Jan-25,TRUE,,5KG,2,GAS_PRICE_WATCH_JAN_2025.xlsx,,LPG JAN 2025,28,4,D28
2025-01-01,2025-01-01,5.0,STATE,Bauchi,Bauchi,Bauchi,North East,FALSE,7320,NGN per refill,Average of Jan-25,TRUE,,5KG,2,GAS_PRICE_WATCH_JAN_2025.xlsx,,LPG JAN 2025,13,4,D13
2025-01-01,2025-01-01,5.0,STATE,Bayelsa,Bayelsa,Bayelsa,South South,FALSE,6870,NGN per refill,Average of Jan-25,TRUE,,5KG,2,GAS_PRICE_WATCH_JAN_2025.xlsx,,LPG JAN 2025,34,4,D34
2025-01-01,2025-01-01,5.0,STATE,Benue,Benue,Benue,North Central,FALSE,7190,NGN per refill,Average of Jan-25,TRUE,,5KG,2,GAS_PRICE_WATCH_JAN_2025.xlsx,,LPG JAN 2025,5,4,D5
2025-01-01,2025-01-01,5.0,STATE,Borno,Borno,Borno,North East,FALSE,6756,NGN per refill,Average of Jan-25,TRUE,,5KG,2,GAS_PRICE_WATCH_JAN_2025.xlsx,,LPG JAN 2025,14,4,D14
2025-01-01,2025-01-01,5.0,STATE,Cross River,Cross River,Cross River,South South,FALSE,6990,NGN per refill,Average of Jan-25,TRUE,,5KG,2,GAS_PRICE_WATCH_JAN_2025.xlsx,,LPG JAN 2025,35,4,D35
2025-01-01,2025-01-01,5.0,STATE,Delta,Delta,Delta,South South,FALSE,6616,NGN per refill,Average of Jan-25,TRUE,,5KG,2,GAS_PRICE_WATCH_JAN_2025.xlsx,,LPG JAN 2025,36,4,D36
2025-01-01,2025-01-01,5.0,STATE,Ebonyi,Ebonyi,Ebonyi,South East,FALSE,7032,NGN per refill,Average of Jan-25,TRUE,,5KG,2,GAS_PRICE_WATCH_JAN_2025.xlsx,,LPG JAN 2025,29,4,D29
2025-01-01,2025-01-01,5.0,STATE,Edo,Edo,Edo,South South,FALSE,6964.44444444444,NGN per refill,Average of Jan-25,TRUE,,5KG,2,GAS_PRICE_WATCH_JAN_2025.xlsx,,LPG JAN 2025,37,4,D37
2025-01-01,2025-01-01,5.0,STATE,Ekiti,Ekiti,Ekiti,South West,FALSE,7092.799999999999,NGN per refill,Average of Jan-25,TRUE,,5KG,2,GAS_PRICE_WATCH_JAN_2025.xlsx,,LPG JAN 2025,40,4,D40
2025-01-01,2025-01-01,5.0,STATE,Enugu,Enugu,Enugu,South East,FALSE,7094.444444444439,NGN per refill,Average of Jan-25,TRUE,,5KG,2,GAS_PRICE_WATCH_JAN_2025.xlsx,,LPG JAN 2025,30,4,D30
2025-01-01,2025-01-01,5.0,STATE,Gombe,Gombe,Gombe,North East,FALSE,7260,NGN per refill,Average of Jan-25,TRUE,,5KG,2,GAS_PRICE_WATCH_JAN_2025.xlsx,,LPG JAN 2025,15,4,D15
2025-01-01,2025-01-01,5.0,STATE,Imo,Imo,Imo,South East,FALSE,7055.589970833321,NGN per refill,Average of Jan-25,TRUE,,5KG,2,GAS_PRICE_WATCH_JAN_2025.xlsx,,LPG JAN 2025,31,4,D31
2025-01-01,2025-01-01,5.0,STATE,Jigawa,Jigawa,Jigawa,North West,FALSE,7137.5,NGN per refill,Average of Jan-25,TRUE,,5KG,2,GAS_PRICE_WATCH_JAN_2025.xlsx,,LPG JAN 2025,19,4,D19
2025-01-01,2025-01-01,5.0,STATE,Kaduna,Kaduna,Kaduna,North West,FALSE,6787.5,NGN per refill,Average of Jan-25,TRUE,,5KG,2,GAS_PRICE_WATCH_JAN_2025.xlsx,,LPG JAN 2025,20,4,D20
2025-01-01,2025-01-01,5.0,STATE,Kano,Kano,Kano,North West,FALSE,6708,NGN per refill,Average of Jan-25,TRUE,,5KG,2,GAS_PRICE_WATCH_JAN_2025.xlsx,,LPG JAN 2025,21,4,D21
2025-01-01,2025-01-01,5.0,STATE,Katsina,Katsina,Katsina,North West,FALSE,6960,NGN per refill,Average of Jan-25,TRUE,,5KG,2,GAS_PRICE_WATCH_JAN_2025.xlsx,,LPG JAN 2025,22,4,D22
2025-01-01,2025-01-01,5.0,STATE,Kebbi,Kebbi,Kebbi,North West,FALSE,6397.5,NGN per refill,Average of Jan-25,TRUE,,5KG,2,GAS_PRICE_WATCH_JAN_2025.xlsx,,LPG JAN 2025,23,4,D23
2025-01-01,2025-01-01,5.0,STATE,Kogi,Kogi,Kogi,North Central,FALSE,6677.333333333319,NGN per refill,Average of Jan-25,TRUE,,5KG,2,GAS_PRICE_WATCH_JAN_2025.xlsx,,LPG JAN 2025,6,4,D6
2025-01-01,2025-01-01,5.0,STATE,Kwara,Kwara,Kwara,North Central,FALSE,6785.941994999999,NGN per refill,Average of Jan-25,TRUE,,5KG,2,GAS_PRICE_WATCH_JAN_2025.xlsx,,LPG JAN 2025,7,4,D7
2025-01-01,2025-01-01,5.0,STATE,Lagos,Lagos,Lagos,South West,FALSE,7466.66666666667,NGN per refill,Average of Jan-25,TRUE,,5KG,2,GAS_PRICE_WATCH_JAN_2025.xlsx,,LPG JAN 2025,41,4,D41
2025-01-01,2025-01-01,5.0,STATE,Nasarawa,Nasarawa,Nasarawa,North Central,FALSE,7052,NGN per refill,Average of Jan-25,TRUE,,5KG,2,GAS_PRICE_WATCH_JAN_2025.xlsx,,LPG JAN 2025,8,4,D8
2025-01-01,2025-01-01,5.0,STATE,Niger,Niger,Niger,North Central,FALSE,6660,NGN per refill,Average of Jan-25,TRUE,,5KG,2,GAS_PRICE_WATCH_JAN_2025.xlsx,,LPG JAN 2025,9,4,D9
2025-01-01,2025-01-01,5.0,STATE,Ogun,Ogun,Ogun,South West,FALSE,7022.8571428571595,NGN per refill,Average of Jan-25,TRUE,,5KG,2,GAS_PRICE_WATCH_JAN_2025.xlsx,,LPG JAN 2025,42,4,D42
2025-01-01,2025-01-01,5.0,STATE,Ondo,Ondo,Ondo,South West,FALSE,6593.666666666681,NGN per refill,Average of Jan-25,TRUE,,5KG,2,GAS_PRICE_WATCH_JAN_2025.xlsx,,LPG JAN 2025,43,4,D43
2025-01-01,2025-01-01,5.0,STATE,Osun,Osun,Osun,South West,FALSE,7222.22222222224,NGN per refill,Average of Jan-25,TRUE,,5KG,2,GAS_PRICE_WATCH_JAN_2025.xlsx,,LPG JAN 2025,44,4,D44
2025-01-01,2025-01-01,5.0,STATE,Oyo,Oyo,Oyo,South West,FALSE,7285.714285714285,NGN per refill,Average of Jan-25,TRUE,,5KG,2,GAS_PRICE_WATCH_JAN_2025.xlsx,,LPG JAN 2025,45,4,D45
2025-01-01,2025-01-01,5.0,STATE,Plateau,Plateau,Plateau,North Central,FALSE,7596.7970749999995,NGN per refill,Average of Jan-25,TRUE,,5KG,2,GAS_PRICE_WATCH_JAN_2025.xlsx,,LPG JAN 2025,10,4,D10
2025-01-01,2025-01-01,5.0,STATE,Rivers,Rivers,Rivers,South South,FALSE,7504.444444444439,NGN per refill,Average of Jan-25,TRUE,,5KG,2,GAS_PRICE_WATCH_JAN_2025.xlsx,,LPG JAN 2025,38,4,D38
2025-01-01,2025-01-01,5.0,STATE,Sokoto,Sokoto,Sokoto,North West,FALSE,7006.666666666668,NGN per refill,Average of Jan-25,TRUE,,5KG,2,GAS_PRICE_WATCH_JAN_2025.xlsx,,LPG JAN 2025,24,4,D24
2025-01-01,2025-01-01,5.0,STATE,Taraba,Taraba,Taraba,North East,FALSE,8120,NGN per refill,Average of Jan-25,TRUE,,5KG,2,GAS_PRICE_WATCH_JAN_2025.xlsx,,LPG JAN 2025,16,4,D16
2025-01-01,2025-01-01,5.0,STATE,Yobe,Yobe,Yobe,North East,FALSE,7760,NGN per refill,Average of Jan-25,TRUE,,5KG,2,GAS_PRICE_WATCH_JAN_2025.xlsx,,LPG JAN 2025,17,4,D17
2025-01-01,2025-01-01,5.0,STATE,Zamfara,Zamfara,Zamfara,North West,FALSE,6750,NGN per refill,Average of Jan-25,TRUE,,5KG,2,GAS_PRICE_WATCH_JAN_2025.xlsx,,LPG JAN 2025,25,4,D25
2025-01-01,2025-01-01,5.0,ZONE,North Central,NORTH CENTRAL,,North Central,TRUE,7016.0103433333325,NGN per refill,Average of Jan-25,TRUE,,5KG,2,GAS_PRICE_WATCH_JAN_2025.xlsx,,LPG JAN 2025,3,4,D3
2025-01-01,2025-01-01,5.0,ZONE,North East,NORTH EAST,,North East,TRUE,7316,NGN per refill,Average of Jan-25,TRUE,,5KG,2,GAS_PRICE_WATCH_JAN_2025.xlsx,,LPG JAN 2025,11,4,D11
2025-01-01,2025-01-01,5.0,ZONE,North West,NORTH WEST,,North West,TRUE,6821.02380952381,NGN per refill,Average of Jan-25,TRUE,,5KG,2,GAS_PRICE_WATCH_JAN_2025.xlsx,,LPG JAN 2025,18,4,D18
2025-01-01,2025-01-01,5.0,ZONE,South East,SOUTH EAST,,South East,TRUE,6966.1535374555515,NGN per refill,Average of Jan-25,TRUE,,5KG,2,GAS_PRICE_WATCH_JAN_2025.xlsx,,LPG JAN 2025,26,4,D26
2025-01-01,2025-01-01,5.0,ZONE,South South,SOUTH SOUTH,,South South,TRUE,7040.814814814813,NGN per refill,Average of Jan-25,TRUE,,5KG,2,GAS_PRICE_WATCH_JAN_2025.xlsx,,LPG JAN 2025,32,4,D32
2025-01-01,2025-01-01,5.0,ZONE,South West,SOUTH WEST,,South West,TRUE,7113.987830687838,NGN per refill,Average of Jan-25,TRUE,,5KG,2,GAS_PRICE_WATCH_JAN_2025.xlsx,,LPG JAN 2025,39,4,D39
2025-01-01,2025-01-01,5.0,NATIONAL,Nigeria,Average,,,TRUE,7040.9411521700995,NGN per refill,Average of Jan-25,TRUE,,5KG,2,GAS_PRICE_WATCH_JAN_2025.xlsx,,LPG JAN 2025,46,4,D46
2025-01-01,2025-01-01,12.5,STATE,Abia,Abia,Abia,South East,FALSE,16334.33318,NGN per refill,Average of Jan-25,TRUE,,12.5KG,2,GAS_PRICE_WATCH_JAN_2025.xlsx,,LPG JAN 2025,27,12,L27
2025-01-01,2025-01-01,12.5,STATE,Abuja,Abuja,Abuja,North Central,FALSE,17550,NGN per refill,Average of Jan-25,TRUE,,12.5KG,2,GAS_PRICE_WATCH_JAN_2025.xlsx,,LPG JAN 2025,4,12,L4
2025-01-01,2025-01-01,12.5,STATE,Adamawa,Adamawa,Adamawa,North East,FALSE,16700,NGN per refill,Average of Jan-25,TRUE,,12.5KG,2,GAS_PRICE_WATCH_JAN_2025.xlsx,,LPG JAN 2025,12,12,L12
2025-01-01,2025-01-01,12.5,STATE,Akwa Ibom,Akwa Ibom,Akwa Ibom,South South,FALSE,18500,NGN per refill,Average of Jan-25,TRUE,,12.5KG,2,GAS_PRICE_WATCH_JAN_2025.xlsx,,LPG JAN 2025,33,12,L33
2025-01-01,2025-01-01,12.5,STATE,Anambra,Anambra,Anambra,South East,FALSE,17187.5,NGN per refill,Average of Jan-25,TRUE,,12.5KG,2,GAS_PRICE_WATCH_JAN_2025.xlsx,,LPG JAN 2025,28,12,L28
2025-01-01,2025-01-01,12.5,STATE,Bauchi,Bauchi,Bauchi,North East,FALSE,18300,NGN per refill,Average of Jan-25,TRUE,,12.5KG,2,GAS_PRICE_WATCH_JAN_2025.xlsx,,LPG JAN 2025,13,12,L13
2025-01-01,2025-01-01,12.5,STATE,Bayelsa,Bayelsa,Bayelsa,South South,FALSE,17500,NGN per refill,Average of Jan-25,TRUE,,12.5KG,2,GAS_PRICE_WATCH_JAN_2025.xlsx,,LPG JAN 2025,34,12,L34
2025-01-01,2025-01-01,12.5,STATE,Benue,Benue,Benue,North Central,FALSE,17975,NGN per refill,Average of Jan-25,TRUE,,12.5KG,2,GAS_PRICE_WATCH_JAN_2025.xlsx,,LPG JAN 2025,5,12,L5
2025-01-01,2025-01-01,12.5,STATE,Borno,Borno,Borno,North East,FALSE,16890,NGN per refill,Average of Jan-25,TRUE,,12.5KG,2,GAS_PRICE_WATCH_JAN_2025.xlsx,,LPG JAN 2025,14,12,L14
2025-01-01,2025-01-01,12.5,STATE,Cross River,Cross River,Cross River,South South,FALSE,17475,NGN per refill,Average of Jan-25,TRUE,,12.5KG,2,GAS_PRICE_WATCH_JAN_2025.xlsx,,LPG JAN 2025,35,12,L35
2025-01-01,2025-01-01,12.5,STATE,Delta,Delta,Delta,South South,FALSE,16540,NGN per refill,Average of Jan-25,TRUE,,12.5KG,2,GAS_PRICE_WATCH_JAN_2025.xlsx,,LPG JAN 2025,36,12,L36
2025-01-01,2025-01-01,12.5,STATE,Ebonyi,Ebonyi,Ebonyi,South East,FALSE,17580,NGN per refill,Average of Jan-25,TRUE,,12.5KG,2,GAS_PRICE_WATCH_JAN_2025.xlsx,,LPG JAN 2025,29,12,L29
2025-01-01,2025-01-01,12.5,STATE,Edo,Edo,Edo,South South,FALSE,17561.1111111111,NGN per refill,Average of Jan-25,TRUE,,12.5KG,2,GAS_PRICE_WATCH_JAN_2025.xlsx,,LPG JAN 2025,37,12,L37
2025-01-01,2025-01-01,12.5,STATE,Ekiti,Ekiti,Ekiti,South West,FALSE,17732,NGN per refill,Average of Jan-25,TRUE,,12.5KG,2,GAS_PRICE_WATCH_JAN_2025.xlsx,,LPG JAN 2025,40,12,L40
2025-01-01,2025-01-01,12.5,STATE,Enugu,Enugu,Enugu,South East,FALSE,17736.1111111111,NGN per refill,Average of Jan-25,TRUE,,12.5KG,2,GAS_PRICE_WATCH_JAN_2025.xlsx,,LPG JAN 2025,30,12,L30
2025-01-01,2025-01-01,12.5,STATE,Gombe,Gombe,Gombe,North East,FALSE,18150,NGN per refill,Average of Jan-25,TRUE,,12.5KG,2,GAS_PRICE_WATCH_JAN_2025.xlsx,,LPG JAN 2025,15,12,L15
2025-01-01,2025-01-01,12.5,STATE,Imo,Imo,Imo,South East,FALSE,17638.9749270833,NGN per refill,Average of Jan-25,TRUE,,12.5KG,2,GAS_PRICE_WATCH_JAN_2025.xlsx,,LPG JAN 2025,31,12,L31
2025-01-01,2025-01-01,12.5,STATE,Jigawa,Jigawa,Jigawa,North West,FALSE,18343.75,NGN per refill,Average of Jan-25,TRUE,,12.5KG,2,GAS_PRICE_WATCH_JAN_2025.xlsx,,LPG JAN 2025,19,12,L19
2025-01-01,2025-01-01,12.5,STATE,Kaduna,Kaduna,Kaduna,North West,FALSE,16968.75,NGN per refill,Average of Jan-25,TRUE,,12.5KG,2,GAS_PRICE_WATCH_JAN_2025.xlsx,,LPG JAN 2025,20,12,L20
2025-01-01,2025-01-01,12.5,STATE,Kano,Kano,Kano,North West,FALSE,16770,NGN per refill,Average of Jan-25,TRUE,,12.5KG,2,GAS_PRICE_WATCH_JAN_2025.xlsx,,LPG JAN 2025,21,12,L21
2025-01-01,2025-01-01,12.5,STATE,Katsina,Katsina,Katsina,North West,FALSE,17400,NGN per refill,Average of Jan-25,TRUE,,12.5KG,2,GAS_PRICE_WATCH_JAN_2025.xlsx,,LPG JAN 2025,22,12,L22
2025-01-01,2025-01-01,12.5,STATE,Kebbi,Taraba,Kebbi,North West,FALSE,15993.75,NGN per refill,Average of Jan-25,TRUE,LPG_12_5KG_KEBBI_LABELLED_TARABA,12.5KG,2,GAS_PRICE_WATCH_JAN_2025.xlsx,,LPG JAN 2025,23,12,L23
2025-01-01,2025-01-01,12.5,STATE,Kogi,Kogi,Kogi,North Central,FALSE,16693.3333333333,NGN per refill,Average of Jan-25,TRUE,,12.5KG,2,GAS_PRICE_WATCH_JAN_2025.xlsx,,LPG JAN 2025,6,12,L6
2025-01-01,2025-01-01,12.5,STATE,Kwara,Kwara,Kwara,North Central,FALSE,16964.8549875,NGN per refill,Average of Jan-25,TRUE,,12.5KG,2,GAS_PRICE_WATCH_JAN_2025.xlsx,,LPG JAN 2025,7,12,L7
2025-01-01,2025-01-01,12.5,STATE,Lagos,Lagos,Lagos,South West,FALSE,16166.666666666666,NGN per refill,Average of Jan-25,TRUE,,12.5KG,2,GAS_PRICE_WATCH_JAN_2025.xlsx,,LPG JAN 2025,41,12,L41
2025-01-01,2025-01-01,12.5,STATE,Nasarawa,Nasarawa,Nasarawa,North Central,FALSE,15880,NGN per refill,Average of Jan-25,TRUE,,12.5KG,2,GAS_PRICE_WATCH_JAN_2025.xlsx,,LPG JAN 2025,8,12,L8
2025-01-01,2025-01-01,12.5,STATE,Niger,Niger,Niger,North Central,FALSE,16330,NGN per refill,Average of Jan-25,TRUE,,12.5KG,2,GAS_PRICE_WATCH_JAN_2025.xlsx,,LPG JAN 2025,9,12,L9
2025-01-01,2025-01-01,12.5,STATE,Ogun,Ogun,Ogun,South West,FALSE,17557.1428571429,NGN per refill,Average of Jan-25,TRUE,,12.5KG,2,GAS_PRICE_WATCH_JAN_2025.xlsx,,LPG JAN 2025,42,12,L42
2025-01-01,2025-01-01,12.5,STATE,Ondo,Ondo,Ondo,South West,FALSE,16484.1666666667,NGN per refill,Average of Jan-25,TRUE,,12.5KG,2,GAS_PRICE_WATCH_JAN_2025.xlsx,,LPG JAN 2025,43,12,L43
2025-01-01,2025-01-01,12.5,STATE,Osun,Osun,Osun,South West,FALSE,18055.5555555556,NGN per refill,Average of Jan-25,TRUE,,12.5KG,2,GAS_PRICE_WATCH_JAN_2025.xlsx,,LPG JAN 2025,44,12,L44
2025-01-01,2025-01-01,12.5,STATE,Oyo,Oyo,Oyo,South West,FALSE,18214.285714285714,NGN per refill,Average of Jan-25,TRUE,,12.5KG,2,GAS_PRICE_WATCH_JAN_2025.xlsx,,LPG JAN 2025,45,12,L45
2025-01-01,2025-01-01,12.5,STATE,Plateau,Plateau,Plateau,North Central,FALSE,18991.9926875,NGN per refill,Average of Jan-25,TRUE,,12.5KG,2,GAS_PRICE_WATCH_JAN_2025.xlsx,,LPG JAN 2025,10,12,L10
2025-01-01,2025-01-01,12.5,STATE,Rivers,Rivers,Rivers,South South,FALSE,18761.1111111111,NGN per refill,Average of Jan-25,TRUE,,12.5KG,2,GAS_PRICE_WATCH_JAN_2025.xlsx,,LPG JAN 2025,38,12,L38
2025-01-01,2025-01-01,12.5,STATE,Sokoto,Sokoto,Sokoto,North West,FALSE,17516.666666666668,NGN per refill,Average of Jan-25,TRUE,,12.5KG,2,GAS_PRICE_WATCH_JAN_2025.xlsx,,LPG JAN 2025,24,12,L24
2025-01-01,2025-01-01,12.5,STATE,Taraba,Taraba,Taraba,North East,FALSE,18300,NGN per refill,Average of Jan-25,TRUE,,12.5KG,2,GAS_PRICE_WATCH_JAN_2025.xlsx,,LPG JAN 2025,16,12,L16
2025-01-01,2025-01-01,12.5,STATE,Yobe,Yobe,Yobe,North East,FALSE,19400,NGN per refill,Average of Jan-25,TRUE,,12.5KG,2,GAS_PRICE_WATCH_JAN_2025.xlsx,,LPG JAN 2025,17,12,L17
2025-01-01,2025-01-01,12.5,STATE,Zamfara,Zamfara,Zamfara,North West,FALSE,16875,NGN per refill,Average of Jan-25,TRUE,,12.5KG,2,GAS_PRICE_WATCH_JAN_2025.xlsx,,LPG JAN 2025,25,12,L25
2025-01-01,2025-01-01,12.5,ZONE,North Central,NORTH CENTRAL,,North Central,TRUE,17197.883001190472,NGN per refill,Average of Jan-25,TRUE,,12.5KG,2,GAS_PRICE_WATCH_JAN_2025.xlsx,,LPG JAN 2025,3,12,L3
2025-01-01,2025-01-01,12.5,ZONE,North East,NORTH EAST,,North East,TRUE,17956.666666666668,NGN per refill,Average of Jan-25,TRUE,,12.5KG,2,GAS_PRICE_WATCH_JAN_2025.xlsx,,LPG JAN 2025,11,12,L11
2025-01-01,2025-01-01,12.5,ZONE,North West,NORTH WEST,,North West,TRUE,17123.988095238095,NGN per refill,Average of Jan-25,TRUE,,12.5KG,2,GAS_PRICE_WATCH_JAN_2025.xlsx,,LPG JAN 2025,18,12,L18
2025-01-01,2025-01-01,12.5,ZONE,South East,SOUTH EAST,,South East,TRUE,17295.38384363888,NGN per refill,Average of Jan-25,TRUE,,12.5KG,2,GAS_PRICE_WATCH_JAN_2025.xlsx,,LPG JAN 2025,26,12,L26
2025-01-01,2025-01-01,12.5,ZONE,South South,SOUTH SOUTH,,South South,TRUE,17722.870370370365,NGN per refill,Average of Jan-25,TRUE,,12.5KG,2,GAS_PRICE_WATCH_JAN_2025.xlsx,,LPG JAN 2025,32,12,L32
2025-01-01,2025-01-01,12.5,ZONE,South West,SOUTH WEST,,South West,TRUE,17368.302910052927,NGN per refill,Average of Jan-25,TRUE,,12.5KG,2,GAS_PRICE_WATCH_JAN_2025.xlsx,,LPG JAN 2025,39,12,L39
2025-01-01,2025-01-01,12.5,NATIONAL,Nigeria,Average,,,TRUE,17432.893420965793,NGN per refill,Average of Jan-25,TRUE,,12.5KG,2,GAS_PRICE_WATCH_JAN_2025.xlsx,,LPG JAN 2025,46,12,L46
2025-02-01,2024-02-01,5.0,STATE,Abia,Abia,Abia,South East,FALSE,6557.142857142857,NGN per refill,Average of Feb-24,FALSE,,5KG,2,GAS_PRICE_WATCH_FEB_2025.xlsx,,LPG FEB 2025,27,2,B27
2025-02-01,2024-02-01,5.0,STATE,Abuja,Abuja,Abuja,North Central,FALSE,6075,NGN per refill,Average of Feb-24,FALSE,,5KG,2,GAS_PRICE_WATCH_FEB_2025.xlsx,,LPG FEB 2025,4,2,B4
2025-02-01,2024-02-01,5.0,STATE,Adamawa,Adamawa,Adamawa,North East,FALSE,5385,NGN per refill,Average of Feb-24,FALSE,,5KG,2,GAS_PRICE_WATCH_FEB_2025.xlsx,,LPG FEB 2025,12,2,B12
2025-02-01,2024-02-01,5.0,STATE,Akwa Ibom,Akwa Ibom,Akwa Ibom,South South,FALSE,6508.333333333333,NGN per refill,Average of Feb-24,FALSE,,5KG,2,GAS_PRICE_WATCH_FEB_2025.xlsx,,LPG FEB 2025,33,2,B33
2025-02-01,2024-02-01,5.0,STATE,Anambra,Anambra,Anambra,South East,FALSE,6750,NGN per refill,Average of Feb-24,FALSE,,5KG,2,GAS_PRICE_WATCH_FEB_2025.xlsx,,LPG FEB 2025,28,2,B28
2025-02-01,2024-02-01,5.0,STATE,Bauchi,Bauchi,Bauchi,North East,FALSE,6011.25,NGN per refill,Average of Feb-24,FALSE,,5KG,2,GAS_PRICE_WATCH_FEB_2025.xlsx,,LPG FEB 2025,13,2,B13
2025-02-01,2024-02-01,5.0,STATE,Bayelsa,Bayelsa,Bayelsa,South South,FALSE,6330,NGN per refill,Average of Feb-24,FALSE,,5KG,2,GAS_PRICE_WATCH_FEB_2025.xlsx,,LPG FEB 2025,34,2,B34
2025-02-01,2024-02-01,5.0,STATE,Benue,Benue,Benue,North Central,FALSE,5500,NGN per refill,Average of Feb-24,FALSE,,5KG,2,GAS_PRICE_WATCH_FEB_2025.xlsx,,LPG FEB 2025,5,2,B5
2025-02-01,2024-02-01,5.0,STATE,Borno,Borno,Borno,North East,FALSE,6244.214285714285,NGN per refill,Average of Feb-24,FALSE,,5KG,2,GAS_PRICE_WATCH_FEB_2025.xlsx,,LPG FEB 2025,14,2,B14
2025-02-01,2024-02-01,5.0,STATE,Cross River,Cross River,Cross River,South South,FALSE,6250,NGN per refill,Average of Feb-24,FALSE,,5KG,2,GAS_PRICE_WATCH_FEB_2025.xlsx,,LPG FEB 2025,35,2,B35
2025-02-01,2024-02-01,5.0,STATE,Delta,Delta,Delta,South South,FALSE,6641.666666666667,NGN per refill,Average of Feb-24,FALSE,,5KG,2,GAS_PRICE_WATCH_FEB_2025.xlsx,,LPG FEB 2025,36,2,B36
2025-02-01,2024-02-01,5.0,STATE,Ebonyi,Ebonyi,Ebonyi,South East,FALSE,6500,NGN per refill,Average of Feb-24,FALSE,,5KG,2,GAS_PRICE_WATCH_FEB_2025.xlsx,,LPG FEB 2025,29,2,B29
2025-02-01,2024-02-01,5.0,STATE,Edo,Edo,Edo,South South,FALSE,6457.142857142857,NGN per refill,Average of Feb-24,FALSE,,5KG,2,GAS_PRICE_WATCH_FEB_2025.xlsx,,LPG FEB 2025,37,2,B37
2025-02-01,2024-02-01,5.0,STATE,Ekiti,Ekiti,Ekiti,South West,FALSE,6485.71428571429,NGN per refill,Average of Feb-24,FALSE,,5KG,2,GAS_PRICE_WATCH_FEB_2025.xlsx,,LPG FEB 2025,40,2,B40
2025-02-01,2024-02-01,5.0,STATE,Enugu,Enugu,Enugu,South East,FALSE,6490,NGN per refill,Average of Feb-24,FALSE,,5KG,2,GAS_PRICE_WATCH_FEB_2025.xlsx,,LPG FEB 2025,30,2,B30
2025-02-01,2024-02-01,5.0,STATE,Gombe,Gombe,Gombe,North East,FALSE,6510.6,NGN per refill,Average of Feb-24,FALSE,,5KG,2,GAS_PRICE_WATCH_FEB_2025.xlsx,,LPG FEB 2025,15,2,B15
2025-02-01,2024-02-01,5.0,STATE,Imo,Imo,Imo,South East,FALSE,6785.714285714285,NGN per refill,Average of Feb-24,FALSE,,5KG,2,GAS_PRICE_WATCH_FEB_2025.xlsx,,LPG FEB 2025,31,2,B31
2025-02-01,2024-02-01,5.0,STATE,Jigawa,Jigawa,Jigawa,North West,FALSE,6250,NGN per refill,Average of Feb-24,FALSE,,5KG,2,GAS_PRICE_WATCH_FEB_2025.xlsx,,LPG FEB 2025,19,2,B19
2025-02-01,2024-02-01,5.0,STATE,Kaduna,Kaduna,Kaduna,North West,FALSE,5983.333333333333,NGN per refill,Average of Feb-24,FALSE,,5KG,2,GAS_PRICE_WATCH_FEB_2025.xlsx,,LPG FEB 2025,20,2,B20
2025-02-01,2024-02-01,5.0,STATE,Kano,Kano,Kano,North West,FALSE,6080,NGN per refill,Average of Feb-24,FALSE,,5KG,2,GAS_PRICE_WATCH_FEB_2025.xlsx,,LPG FEB 2025,21,2,B21
2025-02-01,2024-02-01,5.0,STATE,Katsina,Katsina,Katsina,North West,FALSE,5625,NGN per refill,Average of Feb-24,FALSE,,5KG,2,GAS_PRICE_WATCH_FEB_2025.xlsx,,LPG FEB 2025,22,2,B22
2025-02-01,2024-02-01,5.0,STATE,Kebbi,Kebbi,Kebbi,North West,FALSE,5350,NGN per refill,Average of Feb-24,FALSE,,5KG,2,GAS_PRICE_WATCH_FEB_2025.xlsx,,LPG FEB 2025,23,2,B23
2025-02-01,2024-02-01,5.0,STATE,Kogi,Kogi,Kogi,North Central,FALSE,5675,NGN per refill,Average of Feb-24,FALSE,,5KG,2,GAS_PRICE_WATCH_FEB_2025.xlsx,,LPG FEB 2025,6,2,B6
2025-02-01,2024-02-01,5.0,STATE,Kwara,Kwara,Kwara,North Central,FALSE,5650,NGN per refill,Average of Feb-24,FALSE,,5KG,2,GAS_PRICE_WATCH_FEB_2025.xlsx,,LPG FEB 2025,7,2,B7
2025-02-01,2024-02-01,5.0,STATE,Lagos,Lagos,Lagos,South West,FALSE,6820,NGN per refill,Average of Feb-24,FALSE,,5KG,2,GAS_PRICE_WATCH_FEB_2025.xlsx,,LPG FEB 2025,41,2,B41
2025-02-01,2024-02-01,5.0,STATE,Nasarawa,Nasarawa,Nasarawa,North Central,FALSE,5750,NGN per refill,Average of Feb-24,FALSE,,5KG,2,GAS_PRICE_WATCH_FEB_2025.xlsx,,LPG FEB 2025,8,2,B8
2025-02-01,2024-02-01,5.0,STATE,Niger,Niger,Niger,North Central,FALSE,5511.111111111111,NGN per refill,Average of Feb-24,FALSE,,5KG,2,GAS_PRICE_WATCH_FEB_2025.xlsx,,LPG FEB 2025,9,2,B9
2025-02-01,2024-02-01,5.0,STATE,Ogun,Ogun,Ogun,South West,FALSE,6153.125,NGN per refill,Average of Feb-24,FALSE,,5KG,2,GAS_PRICE_WATCH_FEB_2025.xlsx,,LPG FEB 2025,42,2,B42
2025-02-01,2024-02-01,5.0,STATE,Ondo,Ondo,Ondo,South West,FALSE,6384.61538461538,NGN per refill,Average of Feb-24,FALSE,,5KG,2,GAS_PRICE_WATCH_FEB_2025.xlsx,,LPG FEB 2025,43,2,B43
2025-02-01,2024-02-01,5.0,STATE,Osun,Osun,Osun,South West,FALSE,6589.28571428571,NGN per refill,Average of Feb-24,FALSE,,5KG,2,GAS_PRICE_WATCH_FEB_2025.xlsx,,LPG FEB 2025,44,2,B44
2025-02-01,2024-02-01,5.0,STATE,Oyo,Oyo,Oyo,South West,FALSE,6647.05882352941,NGN per refill,Average of Feb-24,FALSE,,5KG,2,GAS_PRICE_WATCH_FEB_2025.xlsx,,LPG FEB 2025,45,2,B45
2025-02-01,2024-02-01,5.0,STATE,Plateau,Plateau,Plateau,North Central,FALSE,5900,NGN per refill,Average of Feb-24,FALSE,,5KG,2,GAS_PRICE_WATCH_FEB_2025.xlsx,,LPG FEB 2025,10,2,B10
2025-02-01,2024-02-01,5.0,STATE,Rivers,Rivers,Rivers,South South,FALSE,6578.571428571428,NGN per refill,Average of Feb-24,FALSE,,5KG,2,GAS_PRICE_WATCH_FEB_2025.xlsx,,LPG FEB 2025,38,2,B38
2025-02-01,2024-02-01,5.0,STATE,Sokoto,Sokoto,Sokoto,North West,FALSE,5875,NGN per refill,Average of Feb-24,FALSE,,5KG,2,GAS_PRICE_WATCH_FEB_2025.xlsx,,LPG FEB 2025,24,2,B24
2025-02-01,2024-02-01,5.0,STATE,Taraba,Taraba,Taraba,North East,FALSE,5750,NGN per refill,Average of Feb-24,FALSE,,5KG,2,GAS_PRICE_WATCH_FEB_2025.xlsx,,LPG FEB 2025,16,2,B16
2025-02-01,2024-02-01,5.0,STATE,Yobe,Yobe,Yobe,North East,FALSE,4912.5,NGN per refill,Average of Feb-24,FALSE,,5KG,2,GAS_PRICE_WATCH_FEB_2025.xlsx,,LPG FEB 2025,17,2,B17
2025-02-01,2024-02-01,5.0,STATE,Zamfara,Zamfara,Zamfara,North West,FALSE,6750,NGN per refill,Average of Feb-24,FALSE,,5KG,2,GAS_PRICE_WATCH_FEB_2025.xlsx,,LPG FEB 2025,25,2,B25
2025-02-01,2024-02-01,5.0,ZONE,North Central,NORTH CENTRAL,,North Central,TRUE,5723.015873015873,NGN per refill,Average of Feb-24,FALSE,,5KG,2,GAS_PRICE_WATCH_FEB_2025.xlsx,,LPG FEB 2025,3,2,B3
2025-02-01,2024-02-01,5.0,ZONE,North East,NORTH EAST,,North East,TRUE,5802.260714285715,NGN per refill,Average of Feb-24,FALSE,,5KG,2,GAS_PRICE_WATCH_FEB_2025.xlsx,,LPG FEB 2025,11,2,B11
2025-02-01,2024-02-01,5.0,ZONE,North West,NORTH WEST,,North West,TRUE,5987.619047619047,NGN per refill,Average of Feb-24,FALSE,,5KG,2,GAS_PRICE_WATCH_FEB_2025.xlsx,,LPG FEB 2025,18,2,B18
2025-02-01,2024-02-01,5.0,ZONE,South East,SOUTH EAST,,South East,TRUE,6616.5714285714275,NGN per refill,Average of Feb-24,FALSE,,5KG,2,GAS_PRICE_WATCH_FEB_2025.xlsx,,LPG FEB 2025,26,2,B26
2025-02-01,2024-02-01,5.0,ZONE,South South,SOUTH SOUTH,,South South,TRUE,6460.952380952381,NGN per refill,Average of Feb-24,FALSE,,5KG,2,GAS_PRICE_WATCH_FEB_2025.xlsx,,LPG FEB 2025,32,2,B32
2025-02-01,2024-02-01,5.0,ZONE,South West,SOUTH WEST,,South West,TRUE,6513.299868024132,NGN per refill,Average of Feb-24,FALSE,,5KG,2,GAS_PRICE_WATCH_FEB_2025.xlsx,,LPG FEB 2025,39,2,B39
2025-02-01,2024-02-01,5.0,NATIONAL,Nigeria,Average,,,TRUE,6154.4967396452685,NGN per refill,Average of Feb-24,FALSE,,5KG,2,GAS_PRICE_WATCH_FEB_2025.xlsx,,LPG FEB 2025,46,2,B46
2025-02-01,2024-02-01,12.5,STATE,Abia,Abia,Abia,South East,FALSE,15888.888888888889,NGN per refill,Average of Feb-24,FALSE,,12.5KG,2,GAS_PRICE_WATCH_FEB_2025.xlsx,,LPG FEB 2025,27,10,J27
2025-02-01,2024-02-01,12.5,STATE,Abuja,Abuja,Abuja,North Central,FALSE,15187.5,NGN per refill,Average of Feb-24,FALSE,,12.5KG,2,GAS_PRICE_WATCH_FEB_2025.xlsx,,LPG FEB 2025,4,10,J4
2025-02-01,2024-02-01,12.5,STATE,Adamawa,Adamawa,Adamawa,North East,FALSE,14200,NGN per refill,Average of Feb-24,FALSE,,12.5KG,2,GAS_PRICE_WATCH_FEB_2025.xlsx,,LPG FEB 2025,12,10,J12
2025-02-01,2024-02-01,12.5,STATE,Akwa Ibom,Akwa Ibom,Akwa Ibom,South South,FALSE,16245.833333333334,NGN per refill,Average of Feb-24,FALSE,,12.5KG,2,GAS_PRICE_WATCH_FEB_2025.xlsx,,LPG FEB 2025,33,10,J33
2025-02-01,2024-02-01,12.5,STATE,Anambra,Anambra,Anambra,South East,FALSE,15906.666666666666,NGN per refill,Average of Feb-24,FALSE,,12.5KG,2,GAS_PRICE_WATCH_FEB_2025.xlsx,,LPG FEB 2025,28,10,J28
2025-02-01,2024-02-01,12.5,STATE,Bauchi,Bauchi,Bauchi,North East,FALSE,13167.5,NGN per refill,Average of Feb-24,FALSE,,12.5KG,2,GAS_PRICE_WATCH_FEB_2025.xlsx,,LPG FEB 2025,13,10,J13
2025-02-01,2024-02-01,12.5,STATE,Bayelsa,Bayelsa,Bayelsa,South South,FALSE,15750,NGN per refill,Average of Feb-24,FALSE,,12.5KG,2,GAS_PRICE_WATCH_FEB_2025.xlsx,,LPG FEB 2025,34,10,J34
2025-02-01,2024-02-01,12.5,STATE,Benue,Benue,Benue,North Central,FALSE,14437.5,NGN per refill,Average of Feb-24,FALSE,,12.5KG,2,GAS_PRICE_WATCH_FEB_2025.xlsx,,LPG FEB 2025,5,10,J5
2025-02-01,2024-02-01,12.5,STATE,Borno,Borno,Borno,North East,FALSE,14000,NGN per refill,Average of Feb-24,FALSE,,12.5KG,2,GAS_PRICE_WATCH_FEB_2025.xlsx,,LPG FEB 2025,14,10,J14
2025-02-01,2024-02-01,12.5,STATE,Cross River,Cross River,Cross River,South South,FALSE,15781.25,NGN per refill,Average of Feb-24,FALSE,,12.5KG,2,GAS_PRICE_WATCH_FEB_2025.xlsx,,LPG FEB 2025,35,10,J35
2025-02-01,2024-02-01,12.5,STATE,Delta,Delta,Delta,South South,FALSE,16333.333333333334,NGN per refill,Average of Feb-24,FALSE,,12.5KG,2,GAS_PRICE_WATCH_FEB_2025.xlsx,,LPG FEB 2025,36,10,J36
2025-02-01,2024-02-01,12.5,STATE,Ebonyi,Ebonyi,Ebonyi,South East,FALSE,16033.333333333334,NGN per refill,Average of Feb-24,FALSE,,12.5KG,2,GAS_PRICE_WATCH_FEB_2025.xlsx,,LPG FEB 2025,29,10,J29
2025-02-01,2024-02-01,12.5,STATE,Edo,Edo,Edo,South South,FALSE,16321.42857142857,NGN per refill,Average of Feb-24,FALSE,,12.5KG,2,GAS_PRICE_WATCH_FEB_2025.xlsx,,LPG FEB 2025,37,10,J37
2025-02-01,2024-02-01,12.5,STATE,Ekiti,Ekiti,Ekiti,South West,FALSE,15062.5,NGN per refill,Average of Feb-24,FALSE,,12.5KG,2,GAS_PRICE_WATCH_FEB_2025.xlsx,,LPG FEB 2025,40,10,J40
2025-02-01,2024-02-01,12.5,STATE,Enugu,Enugu,Enugu,South East,FALSE,15930.76923076923,NGN per refill,Average of Feb-24,FALSE,,12.5KG,2,GAS_PRICE_WATCH_FEB_2025.xlsx,,LPG FEB 2025,30,10,J30
2025-02-01,2024-02-01,12.5,STATE,Gombe,Gombe,Gombe,North East,FALSE,15497.75,NGN per refill,Average of Feb-24,FALSE,,12.5KG,2,GAS_PRICE_WATCH_FEB_2025.xlsx,,LPG FEB 2025,15,10,J15
2025-02-01,2024-02-01,12.5,STATE,Imo,Imo,Imo,South East,FALSE,16013.333333333334,NGN per refill,Average of Feb-24,FALSE,,12.5KG,2,GAS_PRICE_WATCH_FEB_2025.xlsx,,LPG FEB 2025,31,10,J31
2025-02-01,2024-02-01,12.5,STATE,Jigawa,Jigawa,Jigawa,North West,FALSE,14933.333333333334,NGN per refill,Average of Feb-24,FALSE,,12.5KG,2,GAS_PRICE_WATCH_FEB_2025.xlsx,,LPG FEB 2025,19,10,J19
2025-02-01,2024-02-01,12.5,STATE,Kaduna,Kaduna,Kaduna,North West,FALSE,13947.727272727272,NGN per refill,Average of Feb-24,FALSE,,12.5KG,2,GAS_PRICE_WATCH_FEB_2025.xlsx,,LPG FEB 2025,20,10,J20
2025-02-01,2024-02-01,12.5,STATE,Kano,Kano,Kano,North West,FALSE,16125,NGN per refill,Average of Feb-24,FALSE,,12.5KG,2,GAS_PRICE_WATCH_FEB_2025.xlsx,,LPG FEB 2025,21,10,J21
2025-02-01,2024-02-01,12.5,STATE,Katsina,Katsina,Katsina,North West,FALSE,13562.5,NGN per refill,Average of Feb-24,FALSE,,12.5KG,2,GAS_PRICE_WATCH_FEB_2025.xlsx,,LPG FEB 2025,22,10,J22
2025-02-01,2024-02-01,12.5,STATE,Kebbi,Taraba,Kebbi,North West,FALSE,13750,NGN per refill,Average of Feb-24,FALSE,LPG_12_5KG_KEBBI_LABELLED_TARABA,12.5KG,2,GAS_PRICE_WATCH_FEB_2025.xlsx,,LPG FEB 2025,23,10,J23
2025-02-01,2024-02-01,12.5,STATE,Kogi,Kogi,Kogi,North Central,FALSE,15234.375,NGN per refill,Average of Feb-24,FALSE,,12.5KG,2,GAS_PRICE_WATCH_FEB_2025.xlsx,,LPG FEB 2025,6,10,J6
2025-02-01,2024-02-01,12.5,STATE,Kwara,Kwara,Kwara,North Central,FALSE,14450,NGN per refill,Average of Feb-24,FALSE,,12.5KG,2,GAS_PRICE_WATCH_FEB_2025.xlsx,,LPG FEB 2025,7,10,J7
2025-02-01,2024-02-01,12.5,STATE,Lagos,Lagos,Lagos,South West,FALSE,14207.142857142857,NGN per refill,Average of Feb-24,FALSE,,12.5KG,2,GAS_PRICE_WATCH_FEB_2025.xlsx,,LPG FEB 2025,41,10,J41
2025-02-01,2024-02-01,12.5,STATE,Nasarawa,Nasarawa,Nasarawa,North Central,FALSE,15000,NGN per refill,Average of Feb-24,FALSE,,12.5KG,2,GAS_PRICE_WATCH_FEB_2025.xlsx,,LPG FEB 2025,8,10,J8
2025-02-01,2024-02-01,12.5,STATE,Niger,Niger,Niger,North Central,FALSE,14385.714285714286,NGN per refill,Average of Feb-24,FALSE,,12.5KG,2,GAS_PRICE_WATCH_FEB_2025.xlsx,,LPG FEB 2025,9,10,J9
2025-02-01,2024-02-01,12.5,STATE,Ogun,Ogun,Ogun,South West,FALSE,16375,NGN per refill,Average of Feb-24,FALSE,,12.5KG,2,GAS_PRICE_WATCH_FEB_2025.xlsx,,LPG FEB 2025,42,10,J42
2025-02-01,2024-02-01,12.5,STATE,Ondo,Ondo,Ondo,South West,FALSE,14957.692307692309,NGN per refill,Average of Feb-24,FALSE,,12.5KG,2,GAS_PRICE_WATCH_FEB_2025.xlsx,,LPG FEB 2025,43,10,J43
2025-02-01,2024-02-01,12.5,STATE,Osun,Osun,Osun,South West,FALSE,16104.545454545454,NGN per refill,Average of Feb-24,FALSE,,12.5KG,2,GAS_PRICE_WATCH_FEB_2025.xlsx,,LPG FEB 2025,44,10,J44
2025-02-01,2024-02-01,12.5,STATE,Oyo,Oyo,Oyo,South West,FALSE,15234.375,NGN per refill,Average of Feb-24,FALSE,,12.5KG,2,GAS_PRICE_WATCH_FEB_2025.xlsx,,LPG FEB 2025,45,10,J45
2025-02-01,2024-02-01,12.5,STATE,Plateau,Plateau,Plateau,North Central,FALSE,15071.42857142857,NGN per refill,Average of Feb-24,FALSE,,12.5KG,2,GAS_PRICE_WATCH_FEB_2025.xlsx,,LPG FEB 2025,10,10,J10
2025-02-01,2024-02-01,12.5,STATE,Rivers,Rivers,Rivers,South South,FALSE,15228.57142857143,NGN per refill,Average of Feb-24,FALSE,,12.5KG,2,GAS_PRICE_WATCH_FEB_2025.xlsx,,LPG FEB 2025,38,10,J38
2025-02-01,2024-02-01,12.5,STATE,Sokoto,Sokoto,Sokoto,North West,FALSE,15267.5,NGN per refill,Average of Feb-24,FALSE,,12.5KG,2,GAS_PRICE_WATCH_FEB_2025.xlsx,,LPG FEB 2025,24,10,J24
2025-02-01,2024-02-01,12.5,STATE,Taraba,Taraba,Taraba,North East,FALSE,13740,NGN per refill,Average of Feb-24,FALSE,,12.5KG,2,GAS_PRICE_WATCH_FEB_2025.xlsx,,LPG FEB 2025,16,10,J16
2025-02-01,2024-02-01,12.5,STATE,Yobe,Yobe,Yobe,North East,FALSE,13610,NGN per refill,Average of Feb-24,FALSE,,12.5KG,2,GAS_PRICE_WATCH_FEB_2025.xlsx,,LPG FEB 2025,17,10,J17
2025-02-01,2024-02-01,12.5,STATE,Zamfara,Zamfara,Zamfara,North West,FALSE,14291.666666666666,NGN per refill,Average of Feb-24,FALSE,,12.5KG,2,GAS_PRICE_WATCH_FEB_2025.xlsx,,LPG FEB 2025,25,10,J25
2025-02-01,2024-02-01,12.5,ZONE,North Central,NORTH CENTRAL,,North Central,TRUE,14823.788265306122,NGN per refill,Average of Feb-24,FALSE,,12.5KG,2,GAS_PRICE_WATCH_FEB_2025.xlsx,,LPG FEB 2025,3,10,J3
2025-02-01,2024-02-01,12.5,ZONE,North East,NORTH EAST,,North East,TRUE,14035.875,NGN per refill,Average of Feb-24,FALSE,,12.5KG,2,GAS_PRICE_WATCH_FEB_2025.xlsx,,LPG FEB 2025,11,10,J11
2025-02-01,2024-02-01,12.5,ZONE,North West,NORTH WEST,,North West,TRUE,14553.96103896104,NGN per refill,Average of Feb-24,FALSE,,12.5KG,2,GAS_PRICE_WATCH_FEB_2025.xlsx,,LPG FEB 2025,18,10,J18
2025-02-01,2024-02-01,12.5,ZONE,South East,SOUTH EAST,,South East,TRUE,15954.598290598291,NGN per refill,Average of Feb-24,FALSE,,12.5KG,2,GAS_PRICE_WATCH_FEB_2025.xlsx,,LPG FEB 2025,26,10,J26
2025-02-01,2024-02-01,12.5,ZONE,South South,SOUTH SOUTH,,South South,TRUE,15943.40277777778,NGN per refill,Average of Feb-24,FALSE,,12.5KG,2,GAS_PRICE_WATCH_FEB_2025.xlsx,,LPG FEB 2025,32,10,J32
2025-02-01,2024-02-01,12.5,ZONE,South West,SOUTH WEST,,South West,TRUE,15323.542603230104,NGN per refill,Average of Feb-24,FALSE,,12.5KG,2,GAS_PRICE_WATCH_FEB_2025.xlsx,,LPG FEB 2025,39,10,J39
2025-02-01,2024-02-01,12.5,NATIONAL,Nigeria,Average,,,TRUE,15060.38267213267,NGN per refill,Average of Feb-24,FALSE,,12.5KG,2,GAS_PRICE_WATCH_FEB_2025.xlsx,,LPG FEB 2025,46,10,J46
2025-02-01,2025-01-01,5.0,STATE,Abia,Abia,Abia,South East,FALSE,6773.733272,NGN per refill,Average of Jan-25,FALSE,,5KG,2,GAS_PRICE_WATCH_FEB_2025.xlsx,,LPG FEB 2025,27,3,C27
2025-02-01,2025-01-01,5.0,STATE,Abuja,Abuja,Abuja,North Central,FALSE,7150,NGN per refill,Average of Jan-25,FALSE,,5KG,2,GAS_PRICE_WATCH_FEB_2025.xlsx,,LPG FEB 2025,4,3,C4
2025-02-01,2025-01-01,5.0,STATE,Adamawa,Adamawa,Adamawa,North East,FALSE,6680,NGN per refill,Average of Jan-25,FALSE,,5KG,2,GAS_PRICE_WATCH_FEB_2025.xlsx,,LPG FEB 2025,12,3,C12
2025-02-01,2025-01-01,5.0,STATE,Akwa Ibom,Akwa Ibom,Akwa Ibom,South South,FALSE,7300,NGN per refill,Average of Jan-25,FALSE,,5KG,2,GAS_PRICE_WATCH_FEB_2025.xlsx,,LPG FEB 2025,33,3,C33
2025-02-01,2025-01-01,5.0,STATE,Anambra,Anambra,Anambra,South East,FALSE,6875,NGN per refill,Average of Jan-25,FALSE,,5KG,2,GAS_PRICE_WATCH_FEB_2025.xlsx,,LPG FEB 2025,28,3,C28
2025-02-01,2025-01-01,5.0,STATE,Bauchi,Bauchi,Bauchi,North East,FALSE,7320,NGN per refill,Average of Jan-25,FALSE,,5KG,2,GAS_PRICE_WATCH_FEB_2025.xlsx,,LPG FEB 2025,13,3,C13
2025-02-01,2025-01-01,5.0,STATE,Bayelsa,Bayelsa,Bayelsa,South South,FALSE,6870,NGN per refill,Average of Jan-25,FALSE,,5KG,2,GAS_PRICE_WATCH_FEB_2025.xlsx,,LPG FEB 2025,34,3,C34
2025-02-01,2025-01-01,5.0,STATE,Benue,Benue,Benue,North Central,FALSE,7190,NGN per refill,Average of Jan-25,FALSE,,5KG,2,GAS_PRICE_WATCH_FEB_2025.xlsx,,LPG FEB 2025,5,3,C5
2025-02-01,2025-01-01,5.0,STATE,Borno,Borno,Borno,North East,FALSE,6756,NGN per refill,Average of Jan-25,FALSE,,5KG,2,GAS_PRICE_WATCH_FEB_2025.xlsx,,LPG FEB 2025,14,3,C14
2025-02-01,2025-01-01,5.0,STATE,Cross River,Cross River,Cross River,South South,FALSE,6990,NGN per refill,Average of Jan-25,FALSE,,5KG,2,GAS_PRICE_WATCH_FEB_2025.xlsx,,LPG FEB 2025,35,3,C35
2025-02-01,2025-01-01,5.0,STATE,Delta,Delta,Delta,South South,FALSE,6616,NGN per refill,Average of Jan-25,FALSE,,5KG,2,GAS_PRICE_WATCH_FEB_2025.xlsx,,LPG FEB 2025,36,3,C36
2025-02-01,2025-01-01,5.0,STATE,Ebonyi,Ebonyi,Ebonyi,South East,FALSE,7032,NGN per refill,Average of Jan-25,FALSE,,5KG,2,GAS_PRICE_WATCH_FEB_2025.xlsx,,LPG FEB 2025,29,3,C29
2025-02-01,2025-01-01,5.0,STATE,Edo,Edo,Edo,South South,FALSE,6964.44444444444,NGN per refill,Average of Jan-25,FALSE,,5KG,2,GAS_PRICE_WATCH_FEB_2025.xlsx,,LPG FEB 2025,37,3,C37
2025-02-01,2025-01-01,5.0,STATE,Ekiti,Ekiti,Ekiti,South West,FALSE,7092.799999999999,NGN per refill,Average of Jan-25,FALSE,,5KG,2,GAS_PRICE_WATCH_FEB_2025.xlsx,,LPG FEB 2025,40,3,C40
2025-02-01,2025-01-01,5.0,STATE,Enugu,Enugu,Enugu,South East,FALSE,7094.444444444439,NGN per refill,Average of Jan-25,FALSE,,5KG,2,GAS_PRICE_WATCH_FEB_2025.xlsx,,LPG FEB 2025,30,3,C30
2025-02-01,2025-01-01,5.0,STATE,Gombe,Gombe,Gombe,North East,FALSE,7260,NGN per refill,Average of Jan-25,FALSE,,5KG,2,GAS_PRICE_WATCH_FEB_2025.xlsx,,LPG FEB 2025,15,3,C15
2025-02-01,2025-01-01,5.0,STATE,Imo,Imo,Imo,South East,FALSE,7055.589970833321,NGN per refill,Average of Jan-25,FALSE,,5KG,2,GAS_PRICE_WATCH_FEB_2025.xlsx,,LPG FEB 2025,31,3,C31
2025-02-01,2025-01-01,5.0,STATE,Jigawa,Jigawa,Jigawa,North West,FALSE,7137.5,NGN per refill,Average of Jan-25,FALSE,,5KG,2,GAS_PRICE_WATCH_FEB_2025.xlsx,,LPG FEB 2025,19,3,C19
2025-02-01,2025-01-01,5.0,STATE,Kaduna,Kaduna,Kaduna,North West,FALSE,6787.5,NGN per refill,Average of Jan-25,FALSE,,5KG,2,GAS_PRICE_WATCH_FEB_2025.xlsx,,LPG FEB 2025,20,3,C20
2025-02-01,2025-01-01,5.0,STATE,Kano,Kano,Kano,North West,FALSE,6708,NGN per refill,Average of Jan-25,FALSE,,5KG,2,GAS_PRICE_WATCH_FEB_2025.xlsx,,LPG FEB 2025,21,3,C21
2025-02-01,2025-01-01,5.0,STATE,Katsina,Katsina,Katsina,North West,FALSE,6960,NGN per refill,Average of Jan-25,FALSE,,5KG,2,GAS_PRICE_WATCH_FEB_2025.xlsx,,LPG FEB 2025,22,3,C22
2025-02-01,2025-01-01,5.0,STATE,Kebbi,Kebbi,Kebbi,North West,FALSE,6397.5,NGN per refill,Average of Jan-25,FALSE,,5KG,2,GAS_PRICE_WATCH_FEB_2025.xlsx,,LPG FEB 2025,23,3,C23
2025-02-01,2025-01-01,5.0,STATE,Kogi,Kogi,Kogi,North Central,FALSE,6677.333333333319,NGN per refill,Average of Jan-25,FALSE,,5KG,2,GAS_PRICE_WATCH_FEB_2025.xlsx,,LPG FEB 2025,6,3,C6
2025-02-01,2025-01-01,5.0,STATE,Kwara,Kwara,Kwara,North Central,FALSE,6785.941994999999,NGN per refill,Average of Jan-25,FALSE,,5KG,2,GAS_PRICE_WATCH_FEB_2025.xlsx,,LPG FEB 2025,7,3,C7
2025-02-01,2025-01-01,5.0,STATE,Lagos,Lagos,Lagos,South West,FALSE,7466.66666666667,NGN per refill,Average of Jan-25,FALSE,,5KG,2,GAS_PRICE_WATCH_FEB_2025.xlsx,,LPG FEB 2025,41,3,C41
2025-02-01,2025-01-01,5.0,STATE,Nasarawa,Nasarawa,Nasarawa,North Central,FALSE,7052,NGN per refill,Average of Jan-25,FALSE,,5KG,2,GAS_PRICE_WATCH_FEB_2025.xlsx,,LPG FEB 2025,8,3,C8
2025-02-01,2025-01-01,5.0,STATE,Niger,Niger,Niger,North Central,FALSE,6660,NGN per refill,Average of Jan-25,FALSE,,5KG,2,GAS_PRICE_WATCH_FEB_2025.xlsx,,LPG FEB 2025,9,3,C9
2025-02-01,2025-01-01,5.0,STATE,Ogun,Ogun,Ogun,South West,FALSE,7022.8571428571595,NGN per refill,Average of Jan-25,FALSE,,5KG,2,GAS_PRICE_WATCH_FEB_2025.xlsx,,LPG FEB 2025,42,3,C42
2025-02-01,2025-01-01,5.0,STATE,Ondo,Ondo,Ondo,South West,FALSE,6593.666666666681,NGN per refill,Average of Jan-25,FALSE,,5KG,2,GAS_PRICE_WATCH_FEB_2025.xlsx,,LPG FEB 2025,43,3,C43
2025-02-01,2025-01-01,5.0,STATE,Osun,Osun,Osun,South West,FALSE,7222.22222222224,NGN per refill,Average of Jan-25,FALSE,,5KG,2,GAS_PRICE_WATCH_FEB_2025.xlsx,,LPG FEB 2025,44,3,C44
2025-02-01,2025-01-01,5.0,STATE,Oyo,Oyo,Oyo,South West,FALSE,7285.714285714285,NGN per refill,Average of Jan-25,FALSE,,5KG,2,GAS_PRICE_WATCH_FEB_2025.xlsx,,LPG FEB 2025,45,3,C45
2025-02-01,2025-01-01,5.0,STATE,Plateau,Plateau,Plateau,North Central,FALSE,7596.7970749999995,NGN per refill,Average of Jan-25,FALSE,,5KG,2,GAS_PRICE_WATCH_FEB_2025.xlsx,,LPG FEB 2025,10,3,C10
2025-02-01,2025-01-01,5.0,STATE,Rivers,Rivers,Rivers,South South,FALSE,7504.444444444439,NGN per refill,Average of Jan-25,FALSE,,5KG,2,GAS_PRICE_WATCH_FEB_2025.xlsx,,LPG FEB 2025,38,3,C38
2025-02-01,2025-01-01,5.0,STATE,Sokoto,Sokoto,Sokoto,North West,FALSE,7006.666666666668,NGN per refill,Average of Jan-25,FALSE,,5KG,2,GAS_PRICE_WATCH_FEB_2025.xlsx,,LPG FEB 2025,24,3,C24
2025-02-01,2025-01-01,5.0,STATE,Taraba,Taraba,Taraba,North East,FALSE,8120,NGN per refill,Average of Jan-25,FALSE,,5KG,2,GAS_PRICE_WATCH_FEB_2025.xlsx,,LPG FEB 2025,16,3,C16
2025-02-01,2025-01-01,5.0,STATE,Yobe,Yobe,Yobe,North East,FALSE,7760,NGN per refill,Average of Jan-25,FALSE,,5KG,2,GAS_PRICE_WATCH_FEB_2025.xlsx,,LPG FEB 2025,17,3,C17
2025-02-01,2025-01-01,5.0,STATE,Zamfara,Zamfara,Zamfara,North West,FALSE,6750,NGN per refill,Average of Jan-25,FALSE,,5KG,2,GAS_PRICE_WATCH_FEB_2025.xlsx,,LPG FEB 2025,25,3,C25
2025-02-01,2025-01-01,5.0,ZONE,North Central,NORTH CENTRAL,,North Central,TRUE,7016.0103433333325,NGN per refill,Average of Jan-25,FALSE,,5KG,2,GAS_PRICE_WATCH_FEB_2025.xlsx,,LPG FEB 2025,3,3,C3
2025-02-01,2025-01-01,5.0,ZONE,North East,NORTH EAST,,North East,TRUE,7316,NGN per refill,Average of Jan-25,FALSE,,5KG,2,GAS_PRICE_WATCH_FEB_2025.xlsx,,LPG FEB 2025,11,3,C11
2025-02-01,2025-01-01,5.0,ZONE,North West,NORTH WEST,,North West,TRUE,6821.02380952381,NGN per refill,Average of Jan-25,FALSE,,5KG,2,GAS_PRICE_WATCH_FEB_2025.xlsx,,LPG FEB 2025,18,3,C18
2025-02-01,2025-01-01,5.0,ZONE,South East,SOUTH EAST,,South East,TRUE,6966.1535374555515,NGN per refill,Average of Jan-25,FALSE,,5KG,2,GAS_PRICE_WATCH_FEB_2025.xlsx,,LPG FEB 2025,26,3,C26
2025-02-01,2025-01-01,5.0,ZONE,South South,SOUTH SOUTH,,South South,TRUE,7040.814814814813,NGN per refill,Average of Jan-25,FALSE,,5KG,2,GAS_PRICE_WATCH_FEB_2025.xlsx,,LPG FEB 2025,32,3,C32
2025-02-01,2025-01-01,5.0,ZONE,South West,SOUTH WEST,,South West,TRUE,7113.987830687838,NGN per refill,Average of Jan-25,FALSE,,5KG,2,GAS_PRICE_WATCH_FEB_2025.xlsx,,LPG FEB 2025,39,3,C39
2025-02-01,2025-01-01,5.0,NATIONAL,Nigeria,Average,,,TRUE,7040.9411521700995,NGN per refill,Average of Jan-25,FALSE,,5KG,2,GAS_PRICE_WATCH_FEB_2025.xlsx,,LPG FEB 2025,46,3,C46
2025-02-01,2025-01-01,12.5,STATE,Abia,Abia,Abia,South East,FALSE,16334.33318,NGN per refill,Average of Jan-25,FALSE,,12.5KG,2,GAS_PRICE_WATCH_FEB_2025.xlsx,,LPG FEB 2025,27,11,K27
2025-02-01,2025-01-01,12.5,STATE,Abuja,Abuja,Abuja,North Central,FALSE,17550,NGN per refill,Average of Jan-25,FALSE,,12.5KG,2,GAS_PRICE_WATCH_FEB_2025.xlsx,,LPG FEB 2025,4,11,K4
2025-02-01,2025-01-01,12.5,STATE,Adamawa,Adamawa,Adamawa,North East,FALSE,16700,NGN per refill,Average of Jan-25,FALSE,,12.5KG,2,GAS_PRICE_WATCH_FEB_2025.xlsx,,LPG FEB 2025,12,11,K12
2025-02-01,2025-01-01,12.5,STATE,Akwa Ibom,Akwa Ibom,Akwa Ibom,South South,FALSE,18500,NGN per refill,Average of Jan-25,FALSE,,12.5KG,2,GAS_PRICE_WATCH_FEB_2025.xlsx,,LPG FEB 2025,33,11,K33
2025-02-01,2025-01-01,12.5,STATE,Anambra,Anambra,Anambra,South East,FALSE,17187.5,NGN per refill,Average of Jan-25,FALSE,,12.5KG,2,GAS_PRICE_WATCH_FEB_2025.xlsx,,LPG FEB 2025,28,11,K28
2025-02-01,2025-01-01,12.5,STATE,Bauchi,Bauchi,Bauchi,North East,FALSE,18300,NGN per refill,Average of Jan-25,FALSE,,12.5KG,2,GAS_PRICE_WATCH_FEB_2025.xlsx,,LPG FEB 2025,13,11,K13
2025-02-01,2025-01-01,12.5,STATE,Bayelsa,Bayelsa,Bayelsa,South South,FALSE,17500,NGN per refill,Average of Jan-25,FALSE,,12.5KG,2,GAS_PRICE_WATCH_FEB_2025.xlsx,,LPG FEB 2025,34,11,K34
2025-02-01,2025-01-01,12.5,STATE,Benue,Benue,Benue,North Central,FALSE,17975,NGN per refill,Average of Jan-25,FALSE,,12.5KG,2,GAS_PRICE_WATCH_FEB_2025.xlsx,,LPG FEB 2025,5,11,K5
2025-02-01,2025-01-01,12.5,STATE,Borno,Borno,Borno,North East,FALSE,16890,NGN per refill,Average of Jan-25,FALSE,,12.5KG,2,GAS_PRICE_WATCH_FEB_2025.xlsx,,LPG FEB 2025,14,11,K14
2025-02-01,2025-01-01,12.5,STATE,Cross River,Cross River,Cross River,South South,FALSE,17475,NGN per refill,Average of Jan-25,FALSE,,12.5KG,2,GAS_PRICE_WATCH_FEB_2025.xlsx,,LPG FEB 2025,35,11,K35
2025-02-01,2025-01-01,12.5,STATE,Delta,Delta,Delta,South South,FALSE,16540,NGN per refill,Average of Jan-25,FALSE,,12.5KG,2,GAS_PRICE_WATCH_FEB_2025.xlsx,,LPG FEB 2025,36,11,K36
2025-02-01,2025-01-01,12.5,STATE,Ebonyi,Ebonyi,Ebonyi,South East,FALSE,17580,NGN per refill,Average of Jan-25,FALSE,,12.5KG,2,GAS_PRICE_WATCH_FEB_2025.xlsx,,LPG FEB 2025,29,11,K29
2025-02-01,2025-01-01,12.5,STATE,Edo,Edo,Edo,South South,FALSE,17561.1111111111,NGN per refill,Average of Jan-25,FALSE,,12.5KG,2,GAS_PRICE_WATCH_FEB_2025.xlsx,,LPG FEB 2025,37,11,K37
2025-02-01,2025-01-01,12.5,STATE,Ekiti,Ekiti,Ekiti,South West,FALSE,17732,NGN per refill,Average of Jan-25,FALSE,,12.5KG,2,GAS_PRICE_WATCH_FEB_2025.xlsx,,LPG FEB 2025,40,11,K40
2025-02-01,2025-01-01,12.5,STATE,Enugu,Enugu,Enugu,South East,FALSE,17736.1111111111,NGN per refill,Average of Jan-25,FALSE,,12.5KG,2,GAS_PRICE_WATCH_FEB_2025.xlsx,,LPG FEB 2025,30,11,K30
2025-02-01,2025-01-01,12.5,STATE,Gombe,Gombe,Gombe,North East,FALSE,18150,NGN per refill,Average of Jan-25,FALSE,,12.5KG,2,GAS_PRICE_WATCH_FEB_2025.xlsx,,LPG FEB 2025,15,11,K15
2025-02-01,2025-01-01,12.5,STATE,Imo,Imo,Imo,South East,FALSE,17638.9749270833,NGN per refill,Average of Jan-25,FALSE,,12.5KG,2,GAS_PRICE_WATCH_FEB_2025.xlsx,,LPG FEB 2025,31,11,K31
2025-02-01,2025-01-01,12.5,STATE,Jigawa,Jigawa,Jigawa,North West,FALSE,18343.75,NGN per refill,Average of Jan-25,FALSE,,12.5KG,2,GAS_PRICE_WATCH_FEB_2025.xlsx,,LPG FEB 2025,19,11,K19
2025-02-01,2025-01-01,12.5,STATE,Kaduna,Kaduna,Kaduna,North West,FALSE,16968.75,NGN per refill,Average of Jan-25,FALSE,,12.5KG,2,GAS_PRICE_WATCH_FEB_2025.xlsx,,LPG FEB 2025,20,11,K20
2025-02-01,2025-01-01,12.5,STATE,Kano,Kano,Kano,North West,FALSE,16770,NGN per refill,Average of Jan-25,FALSE,,12.5KG,2,GAS_PRICE_WATCH_FEB_2025.xlsx,,LPG FEB 2025,21,11,K21
2025-02-01,2025-01-01,12.5,STATE,Katsina,Katsina,Katsina,North West,FALSE,17400,NGN per refill,Average of Jan-25,FALSE,,12.5KG,2,GAS_PRICE_WATCH_FEB_2025.xlsx,,LPG FEB 2025,22,11,K22
2025-02-01,2025-01-01,12.5,STATE,Kebbi,Taraba,Kebbi,North West,FALSE,15993.75,NGN per refill,Average of Jan-25,FALSE,LPG_12_5KG_KEBBI_LABELLED_TARABA,12.5KG,2,GAS_PRICE_WATCH_FEB_2025.xlsx,,LPG FEB 2025,23,11,K23
2025-02-01,2025-01-01,12.5,STATE,Kogi,Kogi,Kogi,North Central,FALSE,16693.3333333333,NGN per refill,Average of Jan-25,FALSE,,12.5KG,2,GAS_PRICE_WATCH_FEB_2025.xlsx,,LPG FEB 2025,6,11,K6
2025-02-01,2025-01-01,12.5,STATE,Kwara,Kwara,Kwara,North Central,FALSE,16964.8549875,NGN per refill,Average of Jan-25,FALSE,,12.5KG,2,GAS_PRICE_WATCH_FEB_2025.xlsx,,LPG FEB 2025,7,11,K7
2025-02-01,2025-01-01,12.5,STATE,Lagos,Lagos,Lagos,South West,FALSE,16166.666666666666,NGN per refill,Average of Jan-25,FALSE,,12.5KG,2,GAS_PRICE_WATCH_FEB_2025.xlsx,,LPG FEB 2025,41,11,K41
2025-02-01,2025-01-01,12.5,STATE,Nasarawa,Nasarawa,Nasarawa,North Central,FALSE,15880,NGN per refill,Average of Jan-25,FALSE,,12.5KG,2,GAS_PRICE_WATCH_FEB_2025.xlsx,,LPG FEB 2025,8,11,K8
2025-02-01,2025-01-01,12.5,STATE,Niger,Niger,Niger,North Central,FALSE,16330,NGN per refill,Average of Jan-25,FALSE,,12.5KG,2,GAS_PRICE_WATCH_FEB_2025.xlsx,,LPG FEB 2025,9,11,K9
2025-02-01,2025-01-01,12.5,STATE,Ogun,Ogun,Ogun,South West,FALSE,17557.1428571429,NGN per refill,Average of Jan-25,FALSE,,12.5KG,2,GAS_PRICE_WATCH_FEB_2025.xlsx,,LPG FEB 2025,42,11,K42
2025-02-01,2025-01-01,12.5,STATE,Ondo,Ondo,Ondo,South West,FALSE,16484.1666666667,NGN per refill,Average of Jan-25,FALSE,,12.5KG,2,GAS_PRICE_WATCH_FEB_2025.xlsx,,LPG FEB 2025,43,11,K43
2025-02-01,2025-01-01,12.5,STATE,Osun,Osun,Osun,South West,FALSE,18055.5555555556,NGN per refill,Average of Jan-25,FALSE,,12.5KG,2,GAS_PRICE_WATCH_FEB_2025.xlsx,,LPG FEB 2025,44,11,K44
2025-02-01,2025-01-01,12.5,STATE,Oyo,Oyo,Oyo,South West,FALSE,18214.285714285714,NGN per refill,Average of Jan-25,FALSE,,12.5KG,2,GAS_PRICE_WATCH_FEB_2025.xlsx,,LPG FEB 2025,45,11,K45
2025-02-01,2025-01-01,12.5,STATE,Plateau,Plateau,Plateau,North Central,FALSE,18991.9926875,NGN per refill,Average of Jan-25,FALSE,,12.5KG,2,GAS_PRICE_WATCH_FEB_2025.xlsx,,LPG FEB 2025,10,11,K10
2025-02-01,2025-01-01,12.5,STATE,Rivers,Rivers,Rivers,South South,FALSE,18761.1111111111,NGN per refill,Average of Jan-25,FALSE,,12.5KG,2,GAS_PRICE_WATCH_FEB_2025.xlsx,,LPG FEB 2025,38,11,K38
2025-02-01,2025-01-01,12.5,STATE,Sokoto,Sokoto,Sokoto,North West,FALSE,17516.666666666668,NGN per refill,Average of Jan-25,FALSE,,12.5KG,2,GAS_PRICE_WATCH_FEB_2025.xlsx,,LPG FEB 2025,24,11,K24
2025-02-01,2025-01-01,12.5,STATE,Taraba,Taraba,Taraba,North East,FALSE,18300,NGN per refill,Average of Jan-25,FALSE,,12.5KG,2,GAS_PRICE_WATCH_FEB_2025.xlsx,,LPG FEB 2025,16,11,K16
2025-02-01,2025-01-01,12.5,STATE,Yobe,Yobe,Yobe,North East,FALSE,19400,NGN per refill,Average of Jan-25,FALSE,,12.5KG,2,GAS_PRICE_WATCH_FEB_2025.xlsx,,LPG FEB 2025,17,11,K17
2025-02-01,2025-01-01,12.5,STATE,Zamfara,Zamfara,Zamfara,North West,FALSE,16875,NGN per refill,Average of Jan-25,FALSE,,12.5KG,2,GAS_PRICE_WATCH_FEB_2025.xlsx,,LPG FEB 2025,25,11,K25
2025-02-01,2025-01-01,12.5,ZONE,North Central,NORTH CENTRAL,,North Central,TRUE,17197.883001190472,NGN per refill,Average of Jan-25,FALSE,,12.5KG,2,GAS_PRICE_WATCH_FEB_2025.xlsx,,LPG FEB 2025,3,11,K3
2025-02-01,2025-01-01,12.5,ZONE,North East,NORTH EAST,,North East,TRUE,17956.666666666668,NGN per refill,Average of Jan-25,FALSE,,12.5KG,2,GAS_PRICE_WATCH_FEB_2025.xlsx,,LPG FEB 2025,11,11,K11
2025-02-01,2025-01-01,12.5,ZONE,North West,NORTH WEST,,North West,TRUE,17123.988095238095,NGN per refill,Average of Jan-25,FALSE,,12.5KG,2,GAS_PRICE_WATCH_FEB_2025.xlsx,,LPG FEB 2025,18,11,K18
2025-02-01,2025-01-01,12.5,ZONE,South East,SOUTH EAST,,South East,TRUE,17295.38384363888,NGN per refill,Average of Jan-25,FALSE,,12.5KG,2,GAS_PRICE_WATCH_FEB_2025.xlsx,,LPG FEB 2025,26,11,K26
2025-02-01,2025-01-01,12.5,ZONE,South South,SOUTH SOUTH,,South South,TRUE,17722.870370370365,NGN per refill,Average of Jan-25,FALSE,,12.5KG,2,GAS_PRICE_WATCH_FEB_2025.xlsx,,LPG FEB 2025,32,11,K32
2025-02-01,2025-01-01,12.5,ZONE,South West,SOUTH WEST,,South West,TRUE,17368.302910052927,NGN per refill,Average of Jan-25,FALSE,,12.5KG,2,GAS_PRICE_WATCH_FEB_2025.xlsx,,LPG FEB 2025,39,11,K39
2025-02-01,2025-01-01,12.5,NATIONAL,Nigeria,Average,,,TRUE,17432.893420965793,NGN per refill,Average of Jan-25,FALSE,,12.5KG,2,GAS_PRICE_WATCH_FEB_2025.xlsx,,LPG FEB 2025,46,11,K46
2025-02-01,2025-02-01,5.0,STATE,Abia,Abia,Abia,South East,FALSE,6719.94527,NGN per refill,Average of Feb-25,TRUE,,5KG,2,GAS_PRICE_WATCH_FEB_2025.xlsx,,LPG FEB 2025,27,4,D27
2025-02-01,2025-02-01,5.0,STATE,Abuja,Abuja,Abuja,North Central,FALSE,7020,NGN per refill,Average of Feb-25,TRUE,,5KG,2,GAS_PRICE_WATCH_FEB_2025.xlsx,,LPG FEB 2025,4,4,D4
2025-02-01,2025-02-01,5.0,STATE,Adamawa,Adamawa,Adamawa,North East,FALSE,6800,NGN per refill,Average of Feb-25,TRUE,,5KG,2,GAS_PRICE_WATCH_FEB_2025.xlsx,,LPG FEB 2025,12,4,D12
2025-02-01,2025-02-01,5.0,STATE,Akwa Ibom,Akwa Ibom,Akwa Ibom,South South,FALSE,7440,NGN per refill,Average of Feb-25,TRUE,,5KG,2,GAS_PRICE_WATCH_FEB_2025.xlsx,,LPG FEB 2025,33,4,D33
2025-02-01,2025-02-01,5.0,STATE,Anambra,Anambra,Anambra,South East,FALSE,6800.75,NGN per refill,Average of Feb-25,TRUE,,5KG,2,GAS_PRICE_WATCH_FEB_2025.xlsx,,LPG FEB 2025,28,4,D28
2025-02-01,2025-02-01,5.0,STATE,Bauchi,Bauchi,Bauchi,North East,FALSE,7380,NGN per refill,Average of Feb-25,TRUE,,5KG,2,GAS_PRICE_WATCH_FEB_2025.xlsx,,LPG FEB 2025,13,4,D13
2025-02-01,2025-02-01,5.0,STATE,Bayelsa,Bayelsa,Bayelsa,South South,FALSE,6900,NGN per refill,Average of Feb-25,TRUE,,5KG,2,GAS_PRICE_WATCH_FEB_2025.xlsx,,LPG FEB 2025,34,4,D34
2025-02-01,2025-02-01,5.0,STATE,Benue,Benue,Benue,North Central,FALSE,7180,NGN per refill,Average of Feb-25,TRUE,,5KG,2,GAS_PRICE_WATCH_FEB_2025.xlsx,,LPG FEB 2025,5,4,D5
2025-02-01,2025-02-01,5.0,STATE,Borno,Borno,Borno,North East,FALSE,6888,NGN per refill,Average of Feb-25,TRUE,,5KG,2,GAS_PRICE_WATCH_FEB_2025.xlsx,,LPG FEB 2025,14,4,D14
2025-02-01,2025-02-01,5.0,STATE,Cross River,Cross River,Cross River,South South,FALSE,7030,NGN per refill,Average of Feb-25,TRUE,,5KG,2,GAS_PRICE_WATCH_FEB_2025.xlsx,,LPG FEB 2025,35,4,D35
2025-02-01,2025-02-01,5.0,STATE,Delta,Delta,Delta,South South,FALSE,6700,NGN per refill,Average of Feb-25,TRUE,,5KG,2,GAS_PRICE_WATCH_FEB_2025.xlsx,,LPG FEB 2025,36,4,D36
2025-02-01,2025-02-01,5.0,STATE,Ebonyi,Ebonyi,Ebonyi,South East,FALSE,7111.485000000001,NGN per refill,Average of Feb-25,TRUE,,5KG,2,GAS_PRICE_WATCH_FEB_2025.xlsx,,LPG FEB 2025,29,4,D29
2025-02-01,2025-02-01,5.0,STATE,Edo,Edo,Edo,South South,FALSE,7164.44444444444,NGN per refill,Average of Feb-25,TRUE,,5KG,2,GAS_PRICE_WATCH_FEB_2025.xlsx,,LPG FEB 2025,37,4,D37
2025-02-01,2025-02-01,5.0,STATE,Ekiti,Ekiti,Ekiti,South West,FALSE,7132.799999999999,NGN per refill,Average of Feb-25,TRUE,,5KG,2,GAS_PRICE_WATCH_FEB_2025.xlsx,,LPG FEB 2025,40,4,D40
2025-02-01,2025-02-01,5.0,STATE,Enugu,Enugu,Enugu,South East,FALSE,7206.44444444444,NGN per refill,Average of Feb-25,TRUE,,5KG,2,GAS_PRICE_WATCH_FEB_2025.xlsx,,LPG FEB 2025,30,4,D30
2025-02-01,2025-02-01,5.0,STATE,Gombe,Gombe,Gombe,North East,FALSE,7280,NGN per refill,Average of Feb-25,TRUE,,5KG,2,GAS_PRICE_WATCH_FEB_2025.xlsx,,LPG FEB 2025,15,4,D15
2025-02-01,2025-02-01,5.0,STATE,Imo,Imo,Imo,South East,FALSE,7111.66666666668,NGN per refill,Average of Feb-25,TRUE,,5KG,2,GAS_PRICE_WATCH_FEB_2025.xlsx,,LPG FEB 2025,31,4,D31
2025-02-01,2025-02-01,5.0,STATE,Jigawa,Jigawa,Jigawa,North West,FALSE,7377.5,NGN per refill,Average of Feb-25,TRUE,,5KG,2,GAS_PRICE_WATCH_FEB_2025.xlsx,,LPG FEB 2025,19,4,D19
2025-02-01,2025-02-01,5.0,STATE,Kaduna,Kaduna,Kaduna,North West,FALSE,6762.5,NGN per refill,Average of Feb-25,TRUE,,5KG,2,GAS_PRICE_WATCH_FEB_2025.xlsx,,LPG FEB 2025,20,4,D20
2025-02-01,2025-02-01,5.0,STATE,Kano,Kano,Kano,North West,FALSE,6710,NGN per refill,Average of Feb-25,TRUE,,5KG,2,GAS_PRICE_WATCH_FEB_2025.xlsx,,LPG FEB 2025,21,4,D21
2025-02-01,2025-02-01,5.0,STATE,Katsina,Katsina,Katsina,North West,FALSE,7000,NGN per refill,Average of Feb-25,TRUE,,5KG,2,GAS_PRICE_WATCH_FEB_2025.xlsx,,LPG FEB 2025,22,4,D22
2025-02-01,2025-02-01,5.0,STATE,Kebbi,Kebbi,Kebbi,North West,FALSE,6500,NGN per refill,Average of Feb-25,TRUE,,5KG,2,GAS_PRICE_WATCH_FEB_2025.xlsx,,LPG FEB 2025,23,4,D23
2025-02-01,2025-02-01,5.0,STATE,Kogi,Kogi,Kogi,North Central,FALSE,6720,NGN per refill,Average of Feb-25,TRUE,,5KG,2,GAS_PRICE_WATCH_FEB_2025.xlsx,,LPG FEB 2025,6,4,D6
2025-02-01,2025-02-01,5.0,STATE,Kwara,Kwara,Kwara,North Central,FALSE,6900,NGN per refill,Average of Feb-25,TRUE,,5KG,2,GAS_PRICE_WATCH_FEB_2025.xlsx,,LPG FEB 2025,7,4,D7
2025-02-01,2025-02-01,5.0,STATE,Lagos,Lagos,Lagos,South West,FALSE,7630,NGN per refill,Average of Feb-25,TRUE,,5KG,2,GAS_PRICE_WATCH_FEB_2025.xlsx,,LPG FEB 2025,41,4,D41
2025-02-01,2025-02-01,5.0,STATE,Nasarawa,Nasarawa,Nasarawa,North Central,FALSE,7180,NGN per refill,Average of Feb-25,TRUE,,5KG,2,GAS_PRICE_WATCH_FEB_2025.xlsx,,LPG FEB 2025,8,4,D8
2025-02-01,2025-02-01,5.0,STATE,Niger,Niger,Niger,North Central,FALSE,6580,NGN per refill,Average of Feb-25,TRUE,,5KG,2,GAS_PRICE_WATCH_FEB_2025.xlsx,,LPG FEB 2025,9,4,D9
2025-02-01,2025-02-01,5.0,STATE,Ogun,Ogun,Ogun,South West,FALSE,7102.8571428571595,NGN per refill,Average of Feb-25,TRUE,,5KG,2,GAS_PRICE_WATCH_FEB_2025.xlsx,,LPG FEB 2025,42,4,D42
2025-02-01,2025-02-01,5.0,STATE,Ondo,Ondo,Ondo,South West,FALSE,6618.904761900001,NGN per refill,Average of Feb-25,TRUE,,5KG,2,GAS_PRICE_WATCH_FEB_2025.xlsx,,LPG FEB 2025,43,4,D43
2025-02-01,2025-02-01,5.0,STATE,Osun,Osun,Osun,South West,FALSE,7382.22222222224,NGN per refill,Average of Feb-25,TRUE,,5KG,2,GAS_PRICE_WATCH_FEB_2025.xlsx,,LPG FEB 2025,44,4,D44
2025-02-01,2025-02-01,5.0,STATE,Oyo,Oyo,Oyo,South West,FALSE,6857.142857142857,NGN per refill,Average of Feb-25,TRUE,,5KG,2,GAS_PRICE_WATCH_FEB_2025.xlsx,,LPG FEB 2025,45,4,D45
2025-02-01,2025-02-01,5.0,STATE,Plateau,Plateau,Plateau,North Central,FALSE,7166.666666666665,NGN per refill,Average of Feb-25,TRUE,,5KG,2,GAS_PRICE_WATCH_FEB_2025.xlsx,,LPG FEB 2025,10,4,D10
2025-02-01,2025-02-01,5.0,STATE,Rivers,Rivers,Rivers,South South,FALSE,7544.444444444439,NGN per refill,Average of Feb-25,TRUE,,5KG,2,GAS_PRICE_WATCH_FEB_2025.xlsx,,LPG FEB 2025,38,4,D38
2025-02-01,2025-02-01,5.0,STATE,Sokoto,Sokoto,Sokoto,North West,FALSE,7120,NGN per refill,Average of Feb-25,TRUE,,5KG,2,GAS_PRICE_WATCH_FEB_2025.xlsx,,LPG FEB 2025,24,4,D24
2025-02-01,2025-02-01,5.0,STATE,Taraba,Taraba,Taraba,North East,FALSE,8250,NGN per refill,Average of Feb-25,TRUE,,5KG,2,GAS_PRICE_WATCH_FEB_2025.xlsx,,LPG FEB 2025,16,4,D16
2025-02-01,2025-02-01,5.0,STATE,Yobe,Yobe,Yobe,North East,FALSE,7800,NGN per refill,Average of Feb-25,TRUE,,5KG,2,GAS_PRICE_WATCH_FEB_2025.xlsx,,LPG FEB 2025,17,4,D17
2025-02-01,2025-02-01,5.0,STATE,Zamfara,Zamfara,Zamfara,North West,FALSE,6600,NGN per refill,Average of Feb-25,TRUE,,5KG,2,GAS_PRICE_WATCH_FEB_2025.xlsx,,LPG FEB 2025,25,4,D25
2025-02-01,2025-02-01,5.0,ZONE,North Central,NORTH CENTRAL,,North Central,TRUE,6963.809523809524,NGN per refill,Average of Feb-25,TRUE,,5KG,2,GAS_PRICE_WATCH_FEB_2025.xlsx,,LPG FEB 2025,3,4,D3
2025-02-01,2025-02-01,5.0,ZONE,North East,NORTH EAST,,North East,TRUE,7399.666666666667,NGN per refill,Average of Feb-25,TRUE,,5KG,2,GAS_PRICE_WATCH_FEB_2025.xlsx,,LPG FEB 2025,11,4,D11
2025-02-01,2025-02-01,5.0,ZONE,North West,NORTH WEST,,North West,TRUE,6867.142857142857,NGN per refill,Average of Feb-25,TRUE,,5KG,2,GAS_PRICE_WATCH_FEB_2025.xlsx,,LPG FEB 2025,18,4,D18
2025-02-01,2025-02-01,5.0,ZONE,South East,SOUTH EAST,,South East,TRUE,6990.058276222224,NGN per refill,Average of Feb-25,TRUE,,5KG,2,GAS_PRICE_WATCH_FEB_2025.xlsx,,LPG FEB 2025,26,4,D26
2025-02-01,2025-02-01,5.0,ZONE,South South,SOUTH SOUTH,,South South,TRUE,7129.814814814813,NGN per refill,Average of Feb-25,TRUE,,5KG,2,GAS_PRICE_WATCH_FEB_2025.xlsx,,LPG FEB 2025,32,4,D32
2025-02-01,2025-02-01,5.0,ZONE,South West,SOUTH WEST,,South West,TRUE,7120.654497353709,NGN per refill,Average of Feb-25,TRUE,,5KG,2,GAS_PRICE_WATCH_FEB_2025.xlsx,,LPG FEB 2025,39,4,D39
2025-02-01,2025-02-01,5.0,NATIONAL,Nigeria,Average,,,TRUE,7072.101997859159,NGN per refill,Average of Feb-25,TRUE,,5KG,2,GAS_PRICE_WATCH_FEB_2025.xlsx,,LPG FEB 2025,46,4,D46
2025-02-01,2025-02-01,12.5,STATE,Abia,Abia,Abia,South East,FALSE,16299.863175,NGN per refill,Average of Feb-25,TRUE,,12.5KG,2,GAS_PRICE_WATCH_FEB_2025.xlsx,,LPG FEB 2025,27,12,L27
2025-02-01,2025-02-01,12.5,STATE,Abuja,Abuja,Abuja,North Central,FALSE,17550,NGN per refill,Average of Feb-25,TRUE,,12.5KG,2,GAS_PRICE_WATCH_FEB_2025.xlsx,,LPG FEB 2025,4,12,L4
2025-02-01,2025-02-01,12.5,STATE,Adamawa,Adamawa,Adamawa,North East,FALSE,17000,NGN per refill,Average of Feb-25,TRUE,,12.5KG,2,GAS_PRICE_WATCH_FEB_2025.xlsx,,LPG FEB 2025,12,12,L12
2025-02-01,2025-02-01,12.5,STATE,Akwa Ibom,Akwa Ibom,Akwa Ibom,South South,FALSE,18600,NGN per refill,Average of Feb-25,TRUE,,12.5KG,2,GAS_PRICE_WATCH_FEB_2025.xlsx,,LPG FEB 2025,33,12,L33
2025-02-01,2025-02-01,12.5,STATE,Anambra,Anambra,Anambra,South East,FALSE,18751.875,NGN per refill,Average of Feb-25,TRUE,,12.5KG,2,GAS_PRICE_WATCH_FEB_2025.xlsx,,LPG FEB 2025,28,12,L28
2025-02-01,2025-02-01,12.5,STATE,Bauchi,Bauchi,Bauchi,North East,FALSE,18450,NGN per refill,Average of Feb-25,TRUE,,12.5KG,2,GAS_PRICE_WATCH_FEB_2025.xlsx,,LPG FEB 2025,13,12,L13
2025-02-01,2025-02-01,12.5,STATE,Bayelsa,Bayelsa,Bayelsa,South South,FALSE,17550,NGN per refill,Average of Feb-25,TRUE,,12.5KG,2,GAS_PRICE_WATCH_FEB_2025.xlsx,,LPG FEB 2025,34,12,L34
2025-02-01,2025-02-01,12.5,STATE,Benue,Benue,Benue,North Central,FALSE,17950,NGN per refill,Average of Feb-25,TRUE,,12.5KG,2,GAS_PRICE_WATCH_FEB_2025.xlsx,,LPG FEB 2025,5,12,L5
2025-02-01,2025-02-01,12.5,STATE,Borno,Borno,Borno,North East,FALSE,17220,NGN per refill,Average of Feb-25,TRUE,,12.5KG,2,GAS_PRICE_WATCH_FEB_2025.xlsx,,LPG FEB 2025,14,12,L14
2025-02-01,2025-02-01,12.5,STATE,Cross River,Cross River,Cross River,South South,FALSE,17575,NGN per refill,Average of Feb-25,TRUE,,12.5KG,2,GAS_PRICE_WATCH_FEB_2025.xlsx,,LPG FEB 2025,35,12,L35
2025-02-01,2025-02-01,12.5,STATE,Delta,Delta,Delta,South South,FALSE,16750,NGN per refill,Average of Feb-25,TRUE,,12.5KG,2,GAS_PRICE_WATCH_FEB_2025.xlsx,,LPG FEB 2025,36,12,L36
2025-02-01,2025-02-01,12.5,STATE,Ebonyi,Ebonyi,Ebonyi,South East,FALSE,17778.7125,NGN per refill,Average of Feb-25,TRUE,,12.5KG,2,GAS_PRICE_WATCH_FEB_2025.xlsx,,LPG FEB 2025,29,12,L29
2025-02-01,2025-02-01,12.5,STATE,Edo,Edo,Edo,South South,FALSE,17461.1111111111,NGN per refill,Average of Feb-25,TRUE,,12.5KG,2,GAS_PRICE_WATCH_FEB_2025.xlsx,,LPG FEB 2025,37,12,L37
2025-02-01,2025-02-01,12.5,STATE,Ekiti,Ekiti,Ekiti,South West,FALSE,17832,NGN per refill,Average of Feb-25,TRUE,,12.5KG,2,GAS_PRICE_WATCH_FEB_2025.xlsx,,LPG FEB 2025,40,12,L40
2025-02-01,2025-02-01,12.5,STATE,Enugu,Enugu,Enugu,South East,FALSE,17616.1111111111,NGN per refill,Average of Feb-25,TRUE,,12.5KG,2,GAS_PRICE_WATCH_FEB_2025.xlsx,,LPG FEB 2025,30,12,L30
2025-02-01,2025-02-01,12.5,STATE,Gombe,Gombe,Gombe,North East,FALSE,18200,NGN per refill,Average of Feb-25,TRUE,,12.5KG,2,GAS_PRICE_WATCH_FEB_2025.xlsx,,LPG FEB 2025,15,12,L15
2025-02-01,2025-02-01,12.5,STATE,Imo,Imo,Imo,South East,FALSE,17779.1666666667,NGN per refill,Average of Feb-25,TRUE,,12.5KG,2,GAS_PRICE_WATCH_FEB_2025.xlsx,,LPG FEB 2025,31,12,L31
2025-02-01,2025-02-01,12.5,STATE,Jigawa,Jigawa,Jigawa,North West,FALSE,18443.75,NGN per refill,Average of Feb-25,TRUE,,12.5KG,2,GAS_PRICE_WATCH_FEB_2025.xlsx,,LPG FEB 2025,19,12,L19
2025-02-01,2025-02-01,12.5,STATE,Kaduna,Kaduna,Kaduna,North West,FALSE,16906.25,NGN per refill,Average of Feb-25,TRUE,,12.5KG,2,GAS_PRICE_WATCH_FEB_2025.xlsx,,LPG FEB 2025,20,12,L20
2025-02-01,2025-02-01,12.5,STATE,Kano,Kano,Kano,North West,FALSE,16775,NGN per refill,Average of Feb-25,TRUE,,12.5KG,2,GAS_PRICE_WATCH_FEB_2025.xlsx,,LPG FEB 2025,21,12,L21
2025-02-01,2025-02-01,12.5,STATE,Katsina,Katsina,Katsina,North West,FALSE,17550,NGN per refill,Average of Feb-25,TRUE,,12.5KG,2,GAS_PRICE_WATCH_FEB_2025.xlsx,,LPG FEB 2025,22,12,L22
2025-02-01,2025-02-01,12.5,STATE,Kebbi,Taraba,Kebbi,North West,FALSE,16250,NGN per refill,Average of Feb-25,TRUE,LPG_12_5KG_KEBBI_LABELLED_TARABA,12.5KG,2,GAS_PRICE_WATCH_FEB_2025.xlsx,,LPG FEB 2025,23,12,L23
2025-02-01,2025-02-01,12.5,STATE,Kogi,Kogi,Kogi,North Central,FALSE,16800,NGN per refill,Average of Feb-25,TRUE,,12.5KG,2,GAS_PRICE_WATCH_FEB_2025.xlsx,,LPG FEB 2025,6,12,L6
2025-02-01,2025-02-01,12.5,STATE,Kwara,Kwara,Kwara,North Central,FALSE,17250,NGN per refill,Average of Feb-25,TRUE,,12.5KG,2,GAS_PRICE_WATCH_FEB_2025.xlsx,,LPG FEB 2025,7,12,L7
2025-02-01,2025-02-01,12.5,STATE,Lagos,Lagos,Lagos,South West,FALSE,15750,NGN per refill,Average of Feb-25,TRUE,,12.5KG,2,GAS_PRICE_WATCH_FEB_2025.xlsx,,LPG FEB 2025,41,12,L41
2025-02-01,2025-02-01,12.5,STATE,Nasarawa,Nasarawa,Nasarawa,North Central,FALSE,16250,NGN per refill,Average of Feb-25,TRUE,,12.5KG,2,GAS_PRICE_WATCH_FEB_2025.xlsx,,LPG FEB 2025,8,12,L8
2025-02-01,2025-02-01,12.5,STATE,Niger,Niger,Niger,North Central,FALSE,16450,NGN per refill,Average of Feb-25,TRUE,,12.5KG,2,GAS_PRICE_WATCH_FEB_2025.xlsx,,LPG FEB 2025,9,12,L9
2025-02-01,2025-02-01,12.5,STATE,Ogun,Ogun,Ogun,South West,FALSE,17757.1428571429,NGN per refill,Average of Feb-25,TRUE,,12.5KG,2,GAS_PRICE_WATCH_FEB_2025.xlsx,,LPG FEB 2025,42,12,L42
2025-02-01,2025-02-01,12.5,STATE,Ondo,Ondo,Ondo,South West,FALSE,16547.26190475,NGN per refill,Average of Feb-25,TRUE,,12.5KG,2,GAS_PRICE_WATCH_FEB_2025.xlsx,,LPG FEB 2025,43,12,L43
2025-02-01,2025-02-01,12.5,STATE,Osun,Osun,Osun,South West,FALSE,18455.5555555556,NGN per refill,Average of Feb-25,TRUE,,12.5KG,2,GAS_PRICE_WATCH_FEB_2025.xlsx,,LPG FEB 2025,44,12,L44
2025-02-01,2025-02-01,12.5,STATE,Oyo,Oyo,Oyo,South West,FALSE,17142.85714285714,NGN per refill,Average of Feb-25,TRUE,,12.5KG,2,GAS_PRICE_WATCH_FEB_2025.xlsx,,LPG FEB 2025,45,12,L45
2025-02-01,2025-02-01,12.5,STATE,Plateau,Plateau,Plateau,North Central,FALSE,17916.666666666664,NGN per refill,Average of Feb-25,TRUE,,12.5KG,2,GAS_PRICE_WATCH_FEB_2025.xlsx,,LPG FEB 2025,10,12,L10
2025-02-01,2025-02-01,12.5,STATE,Rivers,Rivers,Rivers,South South,FALSE,18861.1111111111,NGN per refill,Average of Feb-25,TRUE,,12.5KG,2,GAS_PRICE_WATCH_FEB_2025.xlsx,,LPG FEB 2025,38,12,L38
2025-02-01,2025-02-01,12.5,STATE,Sokoto,Sokoto,Sokoto,North West,FALSE,17550,NGN per refill,Average of Feb-25,TRUE,,12.5KG,2,GAS_PRICE_WATCH_FEB_2025.xlsx,,LPG FEB 2025,24,12,L24
2025-02-01,2025-02-01,12.5,STATE,Taraba,Taraba,Taraba,North East,FALSE,18625,NGN per refill,Average of Feb-25,TRUE,,12.5KG,2,GAS_PRICE_WATCH_FEB_2025.xlsx,,LPG FEB 2025,16,12,L16
2025-02-01,2025-02-01,12.5,STATE,Yobe,Yobe,Yobe,North East,FALSE,19000,NGN per refill,Average of Feb-25,TRUE,,12.5KG,2,GAS_PRICE_WATCH_FEB_2025.xlsx,,LPG FEB 2025,17,12,L17
2025-02-01,2025-02-01,12.5,STATE,Zamfara,Zamfara,Zamfara,North West,FALSE,16575,NGN per refill,Average of Feb-25,TRUE,,12.5KG,2,GAS_PRICE_WATCH_FEB_2025.xlsx,,LPG FEB 2025,25,12,L25
2025-02-01,2025-02-01,12.5,ZONE,North Central,NORTH CENTRAL,,North Central,TRUE,17166.666666666664,NGN per refill,Average of Feb-25,TRUE,,12.5KG,2,GAS_PRICE_WATCH_FEB_2025.xlsx,,LPG FEB 2025,3,12,L3
2025-02-01,2025-02-01,12.5,ZONE,North East,NORTH EAST,,North East,TRUE,18082.5,NGN per refill,Average of Feb-25,TRUE,,12.5KG,2,GAS_PRICE_WATCH_FEB_2025.xlsx,,LPG FEB 2025,11,12,L11
2025-02-01,2025-02-01,12.5,ZONE,North West,NORTH WEST,,North West,TRUE,17150,NGN per refill,Average of Feb-25,TRUE,,12.5KG,2,GAS_PRICE_WATCH_FEB_2025.xlsx,,LPG FEB 2025,18,12,L18
2025-02-01,2025-02-01,12.5,ZONE,South East,SOUTH EAST,,South East,TRUE,17645.14569055556,NGN per refill,Average of Feb-25,TRUE,,12.5KG,2,GAS_PRICE_WATCH_FEB_2025.xlsx,,LPG FEB 2025,26,12,L26
2025-02-01,2025-02-01,12.5,ZONE,South South,SOUTH SOUTH,,South South,TRUE,17799.537037037033,NGN per refill,Average of Feb-25,TRUE,,12.5KG,2,GAS_PRICE_WATCH_FEB_2025.xlsx,,LPG FEB 2025,32,12,L32
2025-02-01,2025-02-01,12.5,ZONE,South West,SOUTH WEST,,South West,TRUE,17247.46957671761,NGN per refill,Average of Feb-25,TRUE,,12.5KG,2,GAS_PRICE_WATCH_FEB_2025.xlsx,,LPG FEB 2025,39,12,L39
2025-02-01,2025-02-01,12.5,NATIONAL,Nigeria,Average,,,TRUE,17492.41715681007,NGN per refill,Average of Feb-25,TRUE,,12.5KG,2,GAS_PRICE_WATCH_FEB_2025.xlsx,,LPG FEB 2025,46,12,L46
2025-03-01,2024-03-01,5.0,STATE,Abia,Abia,Abia,South East,FALSE,6528.75,NGN per refill,Average of Mar-24,FALSE,,5KG,2,GAS_PRICE_WATCH_MARCH_2025.xlsx,,LPG MAR 2025,27,2,B27
2025-03-01,2024-03-01,5.0,STATE,Abuja,Abuja,Abuja,North Central,FALSE,6820,NGN per refill,Average of Mar-24,FALSE,,5KG,2,GAS_PRICE_WATCH_MARCH_2025.xlsx,,LPG MAR 2025,4,2,B4
2025-03-01,2024-03-01,5.0,STATE,Adamawa,Adamawa,Adamawa,North East,FALSE,5312.5,NGN per refill,Average of Mar-24,FALSE,,5KG,2,GAS_PRICE_WATCH_MARCH_2025.xlsx,,LPG MAR 2025,12,2,B12
2025-03-01,2024-03-01,5.0,STATE,Akwa Ibom,Akwa Ibom,Akwa Ibom,South South,FALSE,7162.5,NGN per refill,Average of Mar-24,FALSE,,5KG,2,GAS_PRICE_WATCH_MARCH_2025.xlsx,,LPG MAR 2025,33,2,B33
2025-03-01,2024-03-01,5.0,STATE,Anambra,Anambra,Anambra,South East,FALSE,6614.705882352941,NGN per refill,Average of Mar-24,FALSE,,5KG,2,GAS_PRICE_WATCH_MARCH_2025.xlsx,,LPG MAR 2025,28,2,B28
2025-03-01,2024-03-01,5.0,STATE,Bauchi,Bauchi,Bauchi,North East,FALSE,6500,NGN per refill,Average of Mar-24,FALSE,,5KG,2,GAS_PRICE_WATCH_MARCH_2025.xlsx,,LPG MAR 2025,13,2,B13
2025-03-01,2024-03-01,5.0,STATE,Bayelsa,Bayelsa,Bayelsa,South South,FALSE,7045,NGN per refill,Average of Mar-24,FALSE,,5KG,2,GAS_PRICE_WATCH_MARCH_2025.xlsx,,LPG MAR 2025,34,2,B34
2025-03-01,2024-03-01,5.0,STATE,Benue,Benue,Benue,North Central,FALSE,6260,NGN per refill,Average of Mar-24,FALSE,,5KG,2,GAS_PRICE_WATCH_MARCH_2025.xlsx,,LPG MAR 2025,5,2,B5
2025-03-01,2024-03-01,5.0,STATE,Borno,Borno,Borno,North East,FALSE,6640,NGN per refill,Average of Mar-24,FALSE,,5KG,2,GAS_PRICE_WATCH_MARCH_2025.xlsx,,LPG MAR 2025,14,2,B14
2025-03-01,2024-03-01,5.0,STATE,Cross River,Cross River,Cross River,South South,FALSE,7107.142857142857,NGN per refill,Average of Mar-24,FALSE,,5KG,2,GAS_PRICE_WATCH_MARCH_2025.xlsx,,LPG MAR 2025,35,2,B35
2025-03-01,2024-03-01,5.0,STATE,Delta,Delta,Delta,South South,FALSE,6944.444444444444,NGN per refill,Average of Mar-24,FALSE,,5KG,2,GAS_PRICE_WATCH_MARCH_2025.xlsx,,LPG MAR 2025,36,2,B36
2025-03-01,2024-03-01,5.0,STATE,Ebonyi,Ebonyi,Ebonyi,South East,FALSE,6600,NGN per refill,Average of Mar-24,FALSE,,5KG,2,GAS_PRICE_WATCH_MARCH_2025.xlsx,,LPG MAR 2025,29,2,B29
2025-03-01,2024-03-01,5.0,STATE,Edo,Edo,Edo,South South,FALSE,6921.875,NGN per refill,Average of Mar-24,FALSE,,5KG,2,GAS_PRICE_WATCH_MARCH_2025.xlsx,,LPG MAR 2025,37,2,B37
2025-03-01,2024-03-01,5.0,STATE,Ekiti,Ekiti,Ekiti,South West,FALSE,6417.64705882353,NGN per refill,Average of Mar-24,FALSE,,5KG,2,GAS_PRICE_WATCH_MARCH_2025.xlsx,,LPG MAR 2025,40,2,B40
2025-03-01,2024-03-01,5.0,STATE,Enugu,Enugu,Enugu,South East,FALSE,6558.333333333333,NGN per refill,Average of Mar-24,FALSE,,5KG,2,GAS_PRICE_WATCH_MARCH_2025.xlsx,,LPG MAR 2025,30,2,B30
2025-03-01,2024-03-01,5.0,STATE,Gombe,Gombe,Gombe,North East,FALSE,6500,NGN per refill,Average of Mar-24,FALSE,,5KG,2,GAS_PRICE_WATCH_MARCH_2025.xlsx,,LPG MAR 2025,15,2,B15
2025-03-01,2024-03-01,5.0,STATE,Imo,Imo,Imo,South East,FALSE,6757.142857142857,NGN per refill,Average of Mar-24,FALSE,,5KG,2,GAS_PRICE_WATCH_MARCH_2025.xlsx,,LPG MAR 2025,31,2,B31
2025-03-01,2024-03-01,5.0,STATE,Jigawa,Jigawa,Jigawa,North West,FALSE,6687.5,NGN per refill,Average of Mar-24,FALSE,,5KG,2,GAS_PRICE_WATCH_MARCH_2025.xlsx,,LPG MAR 2025,19,2,B19
2025-03-01,2024-03-01,5.0,STATE,Kaduna,Kaduna,Kaduna,North West,FALSE,6270,NGN per refill,Average of Mar-24,FALSE,,5KG,2,GAS_PRICE_WATCH_MARCH_2025.xlsx,,LPG MAR 2025,20,2,B20
2025-03-01,2024-03-01,5.0,STATE,Kano,Kano,Kano,North West,FALSE,7609,NGN per refill,Average of Mar-24,FALSE,,5KG,2,GAS_PRICE_WATCH_MARCH_2025.xlsx,,LPG MAR 2025,21,2,B21
2025-03-01,2024-03-01,5.0,STATE,Katsina,Katsina,Katsina,North West,FALSE,5654.545454545455,NGN per refill,Average of Mar-24,FALSE,,5KG,2,GAS_PRICE_WATCH_MARCH_2025.xlsx,,LPG MAR 2025,22,2,B22
2025-03-01,2024-03-01,5.0,STATE,Kebbi,Kebbi,Kebbi,North West,FALSE,7143.75,NGN per refill,Average of Mar-24,FALSE,,5KG,2,GAS_PRICE_WATCH_MARCH_2025.xlsx,,LPG MAR 2025,23,2,B23
2025-03-01,2024-03-01,5.0,STATE,Kogi,Kogi,Kogi,North Central,FALSE,6453.846153846154,NGN per refill,Average of Mar-24,FALSE,,5KG,2,GAS_PRICE_WATCH_MARCH_2025.xlsx,,LPG MAR 2025,6,2,B6
2025-03-01,2024-03-01,5.0,STATE,Kwara,Kwara,Kwara,North Central,FALSE,6090,NGN per refill,Average of Mar-24,FALSE,,5KG,2,GAS_PRICE_WATCH_MARCH_2025.xlsx,,LPG MAR 2025,7,2,B7
2025-03-01,2024-03-01,5.0,STATE,Lagos,Lagos,Lagos,South West,FALSE,6295,NGN per refill,Average of Mar-24,FALSE,,5KG,2,GAS_PRICE_WATCH_MARCH_2025.xlsx,,LPG MAR 2025,41,2,B41
2025-03-01,2024-03-01,5.0,STATE,Nasarawa,Nasarawa,Nasarawa,North Central,FALSE,6325,NGN per refill,Average of Mar-24,FALSE,,5KG,2,GAS_PRICE_WATCH_MARCH_2025.xlsx,,LPG MAR 2025,8,2,B8
2025-03-01,2024-03-01,5.0,STATE,Niger,Niger,Niger,North Central,FALSE,6557.142857142857,NGN per refill,Average of Mar-24,FALSE,,5KG,2,GAS_PRICE_WATCH_MARCH_2025.xlsx,,LPG MAR 2025,9,2,B9
2025-03-01,2024-03-01,5.0,STATE,Ogun,Ogun,Ogun,South West,FALSE,7363.636363636364,NGN per refill,Average of Mar-24,FALSE,,5KG,2,GAS_PRICE_WATCH_MARCH_2025.xlsx,,LPG MAR 2025,42,2,B42
2025-03-01,2024-03-01,5.0,STATE,Ondo,Ondo,Ondo,South West,FALSE,6557.692307692308,NGN per refill,Average of Mar-24,FALSE,,5KG,2,GAS_PRICE_WATCH_MARCH_2025.xlsx,,LPG MAR 2025,43,2,B43
2025-03-01,2024-03-01,5.0,STATE,Osun,Osun,Osun,South West,FALSE,7133.333333333333,NGN per refill,Average of Mar-24,FALSE,,5KG,2,GAS_PRICE_WATCH_MARCH_2025.xlsx,,LPG MAR 2025,44,2,B44
2025-03-01,2024-03-01,5.0,STATE,Oyo,Oyo,Oyo,South West,FALSE,6572,NGN per refill,Average of Mar-24,FALSE,,5KG,2,GAS_PRICE_WATCH_MARCH_2025.xlsx,,LPG MAR 2025,45,2,B45
2025-03-01,2024-03-01,5.0,STATE,Plateau,Plateau,Plateau,North Central,FALSE,6591.666666666667,NGN per refill,Average of Mar-24,FALSE,,5KG,2,GAS_PRICE_WATCH_MARCH_2025.xlsx,,LPG MAR 2025,10,2,B10
2025-03-01,2024-03-01,5.0,STATE,Rivers,Rivers,Rivers,South South,FALSE,6837.5,NGN per refill,Average of Mar-24,FALSE,,5KG,2,GAS_PRICE_WATCH_MARCH_2025.xlsx,,LPG MAR 2025,38,2,B38
2025-03-01,2024-03-01,5.0,STATE,Sokoto,Sokoto,Sokoto,North West,FALSE,7133.333333333333,NGN per refill,Average of Mar-24,FALSE,,5KG,2,GAS_PRICE_WATCH_MARCH_2025.xlsx,,LPG MAR 2025,24,2,B24
2025-03-01,2024-03-01,5.0,STATE,Taraba,Taraba,Taraba,North East,FALSE,5375,NGN per refill,Average of Mar-24,FALSE,,5KG,2,GAS_PRICE_WATCH_MARCH_2025.xlsx,,LPG MAR 2025,16,2,B16
2025-03-01,2024-03-01,5.0,STATE,Yobe,Yobe,Yobe,North East,FALSE,7000,NGN per refill,Average of Mar-24,FALSE,,5KG,2,GAS_PRICE_WATCH_MARCH_2025.xlsx,,LPG MAR 2025,17,2,B17
2025-03-01,2024-03-01,5.0,STATE,Zamfara,Zamfara,Zamfara,North West,FALSE,5550,NGN per refill,Average of Mar-24,FALSE,,5KG,2,GAS_PRICE_WATCH_MARCH_2025.xlsx,,LPG MAR 2025,25,2,B25
2025-03-01,2024-03-01,5.0,ZONE,North Central,NORTH CENTRAL,,North Central,TRUE,6442.522239665096,NGN per refill,Average of Mar-24,FALSE,,5KG,2,GAS_PRICE_WATCH_MARCH_2025.xlsx,,LPG MAR 2025,3,2,B3
2025-03-01,2024-03-01,5.0,ZONE,North East,NORTH EAST,,North East,TRUE,6221.25,NGN per refill,Average of Mar-24,FALSE,,5KG,2,GAS_PRICE_WATCH_MARCH_2025.xlsx,,LPG MAR 2025,11,2,B11
2025-03-01,2024-03-01,5.0,ZONE,North West,NORTH WEST,,North West,TRUE,6578.304112554113,NGN per refill,Average of Mar-24,FALSE,,5KG,2,GAS_PRICE_WATCH_MARCH_2025.xlsx,,LPG MAR 2025,18,2,B18
2025-03-01,2024-03-01,5.0,ZONE,South East,SOUTH EAST,,South East,TRUE,6611.786414565826,NGN per refill,Average of Mar-24,FALSE,,5KG,2,GAS_PRICE_WATCH_MARCH_2025.xlsx,,LPG MAR 2025,26,2,B26
2025-03-01,2024-03-01,5.0,ZONE,South South,SOUTH SOUTH,,South South,TRUE,7003.07705026455,NGN per refill,Average of Mar-24,FALSE,,5KG,2,GAS_PRICE_WATCH_MARCH_2025.xlsx,,LPG MAR 2025,32,2,B32
2025-03-01,2024-03-01,5.0,ZONE,South West,SOUTH WEST,,South West,TRUE,6723.218177247589,NGN per refill,Average of Mar-24,FALSE,,5KG,2,GAS_PRICE_WATCH_MARCH_2025.xlsx,,LPG MAR 2025,39,2,B39
2025-03-01,2024-03-01,5.0,NATIONAL,Nigeria,Average,,,TRUE,6591.621294687472,NGN per refill,Average of Mar-24,FALSE,,5KG,2,GAS_PRICE_WATCH_MARCH_2025.xlsx,,LPG MAR 2025,46,2,B46
2025-03-01,2024-03-01,12.5,STATE,Abia,Abia,Abia,South East,FALSE,16221.875,NGN per refill,Average of Mar-24,FALSE,,12.5KG,2,GAS_PRICE_WATCH_MARCH_2025.xlsx,,LPG MAR 2025,27,10,J27
2025-03-01,2024-03-01,12.5,STATE,Abuja,Abuja,Abuja,North Central,FALSE,15965,NGN per refill,Average of Mar-24,FALSE,,12.5KG,2,GAS_PRICE_WATCH_MARCH_2025.xlsx,,LPG MAR 2025,4,10,J4
2025-03-01,2024-03-01,12.5,STATE,Adamawa,Adamawa,Adamawa,North East,FALSE,14625,NGN per refill,Average of Mar-24,FALSE,,12.5KG,2,GAS_PRICE_WATCH_MARCH_2025.xlsx,,LPG MAR 2025,12,10,J12
2025-03-01,2024-03-01,12.5,STATE,Akwa Ibom,Akwa Ibom,Akwa Ibom,South South,FALSE,17000,NGN per refill,Average of Mar-24,FALSE,,12.5KG,2,GAS_PRICE_WATCH_MARCH_2025.xlsx,,LPG MAR 2025,33,10,J33
2025-03-01,2024-03-01,12.5,STATE,Anambra,Anambra,Anambra,South East,FALSE,17417.647058823528,NGN per refill,Average of Mar-24,FALSE,,12.5KG,2,GAS_PRICE_WATCH_MARCH_2025.xlsx,,LPG MAR 2025,28,10,J28
2025-03-01,2024-03-01,12.5,STATE,Bauchi,Bauchi,Bauchi,North East,FALSE,14484.25,NGN per refill,Average of Mar-24,FALSE,,12.5KG,2,GAS_PRICE_WATCH_MARCH_2025.xlsx,,LPG MAR 2025,13,10,J13
2025-03-01,2024-03-01,12.5,STATE,Bayelsa,Bayelsa,Bayelsa,South South,FALSE,17165,NGN per refill,Average of Mar-24,FALSE,,12.5KG,2,GAS_PRICE_WATCH_MARCH_2025.xlsx,,LPG MAR 2025,34,10,J34
2025-03-01,2024-03-01,12.5,STATE,Benue,Benue,Benue,North Central,FALSE,16415,NGN per refill,Average of Mar-24,FALSE,,12.5KG,2,GAS_PRICE_WATCH_MARCH_2025.xlsx,,LPG MAR 2025,5,10,J5
2025-03-01,2024-03-01,12.5,STATE,Borno,Borno,Borno,North East,FALSE,14863.636363636364,NGN per refill,Average of Mar-24,FALSE,,12.5KG,2,GAS_PRICE_WATCH_MARCH_2025.xlsx,,LPG MAR 2025,14,10,J14
2025-03-01,2024-03-01,12.5,STATE,Cross River,Cross River,Cross River,South South,FALSE,16984.375,NGN per refill,Average of Mar-24,FALSE,,12.5KG,2,GAS_PRICE_WATCH_MARCH_2025.xlsx,,LPG MAR 2025,35,10,J35
2025-03-01,2024-03-01,12.5,STATE,Delta,Delta,Delta,South South,FALSE,16972.222222222223,NGN per refill,Average of Mar-24,FALSE,,12.5KG,2,GAS_PRICE_WATCH_MARCH_2025.xlsx,,LPG MAR 2025,36,10,J36
2025-03-01,2024-03-01,12.5,STATE,Ebonyi,Ebonyi,Ebonyi,South East,FALSE,17214.285714285714,NGN per refill,Average of Mar-24,FALSE,,12.5KG,2,GAS_PRICE_WATCH_MARCH_2025.xlsx,,LPG MAR 2025,29,10,J29
2025-03-01,2024-03-01,12.5,STATE,Edo,Edo,Edo,South South,FALSE,16562.5,NGN per refill,Average of Mar-24,FALSE,,12.5KG,2,GAS_PRICE_WATCH_MARCH_2025.xlsx,,LPG MAR 2025,37,10,J37
2025-03-01,2024-03-01,12.5,STATE,Ekiti,Ekiti,Ekiti,South West,FALSE,15893.333333333334,NGN per refill,Average of Mar-24,FALSE,,12.5KG,2,GAS_PRICE_WATCH_MARCH_2025.xlsx,,LPG MAR 2025,40,10,J40
2025-03-01,2024-03-01,12.5,STATE,Enugu,Enugu,Enugu,South East,FALSE,15856.25,NGN per refill,Average of Mar-24,FALSE,,12.5KG,2,GAS_PRICE_WATCH_MARCH_2025.xlsx,,LPG MAR 2025,30,10,J30
2025-03-01,2024-03-01,12.5,STATE,Gombe,Gombe,Gombe,North East,FALSE,15460,NGN per refill,Average of Mar-24,FALSE,,12.5KG,2,GAS_PRICE_WATCH_MARCH_2025.xlsx,,LPG MAR 2025,15,10,J15
2025-03-01,2024-03-01,12.5,STATE,Imo,Imo,Imo,South East,FALSE,16964.285714285714,NGN per refill,Average of Mar-24,FALSE,,12.5KG,2,GAS_PRICE_WATCH_MARCH_2025.xlsx,,LPG MAR 2025,31,10,J31
2025-03-01,2024-03-01,12.5,STATE,Jigawa,Jigawa,Jigawa,North West,FALSE,16255,NGN per refill,Average of Mar-24,FALSE,,12.5KG,2,GAS_PRICE_WATCH_MARCH_2025.xlsx,,LPG MAR 2025,19,10,J19
2025-03-01,2024-03-01,12.5,STATE,Kaduna,Kaduna,Kaduna,North West,FALSE,14753.125,NGN per refill,Average of Mar-24,FALSE,,12.5KG,2,GAS_PRICE_WATCH_MARCH_2025.xlsx,,LPG MAR 2025,20,10,J20
2025-03-01,2024-03-01,12.5,STATE,Kano,Kano,Kano,North West,FALSE,16039.285714285714,NGN per refill,Average of Mar-24,FALSE,,12.5KG,2,GAS_PRICE_WATCH_MARCH_2025.xlsx,,LPG MAR 2025,21,10,J21
2025-03-01,2024-03-01,12.5,STATE,Katsina,Katsina,Katsina,North West,FALSE,12400,NGN per refill,Average of Mar-24,FALSE,,12.5KG,2,GAS_PRICE_WATCH_MARCH_2025.xlsx,,LPG MAR 2025,22,10,J22
2025-03-01,2024-03-01,12.5,STATE,Kebbi,Taraba,Kebbi,North West,FALSE,13137.5,NGN per refill,Average of Mar-24,FALSE,LPG_12_5KG_KEBBI_LABELLED_TARABA,12.5KG,2,GAS_PRICE_WATCH_MARCH_2025.xlsx,,LPG MAR 2025,23,10,J23
2025-03-01,2024-03-01,12.5,STATE,Kogi,Kogi,Kogi,North Central,FALSE,15693.333333333334,NGN per refill,Average of Mar-24,FALSE,,12.5KG,2,GAS_PRICE_WATCH_MARCH_2025.xlsx,,LPG MAR 2025,6,10,J6
2025-03-01,2024-03-01,12.5,STATE,Kwara,Kwara,Kwara,North Central,FALSE,15700,NGN per refill,Average of Mar-24,FALSE,,12.5KG,2,GAS_PRICE_WATCH_MARCH_2025.xlsx,,LPG MAR 2025,7,10,J7
2025-03-01,2024-03-01,12.5,STATE,Lagos,Lagos,Lagos,South West,FALSE,15394.642857142857,NGN per refill,Average of Mar-24,FALSE,,12.5KG,2,GAS_PRICE_WATCH_MARCH_2025.xlsx,,LPG MAR 2025,41,10,J41
2025-03-01,2024-03-01,12.5,STATE,Nasarawa,Nasarawa,Nasarawa,North Central,FALSE,15967.916666666666,NGN per refill,Average of Mar-24,FALSE,,12.5KG,2,GAS_PRICE_WATCH_MARCH_2025.xlsx,,LPG MAR 2025,8,10,J8
2025-03-01,2024-03-01,12.5,STATE,Niger,Niger,Niger,North Central,FALSE,15689.285714285714,NGN per refill,Average of Mar-24,FALSE,,12.5KG,2,GAS_PRICE_WATCH_MARCH_2025.xlsx,,LPG MAR 2025,9,10,J9
2025-03-01,2024-03-01,12.5,STATE,Ogun,Ogun,Ogun,South West,FALSE,15033.333333333334,NGN per refill,Average of Mar-24,FALSE,,12.5KG,2,GAS_PRICE_WATCH_MARCH_2025.xlsx,,LPG MAR 2025,42,10,J42
2025-03-01,2024-03-01,12.5,STATE,Ondo,Ondo,Ondo,South West,FALSE,16367.857142857143,NGN per refill,Average of Mar-24,FALSE,,12.5KG,2,GAS_PRICE_WATCH_MARCH_2025.xlsx,,LPG MAR 2025,43,10,J43
2025-03-01,2024-03-01,12.5,STATE,Osun,Osun,Osun,South West,FALSE,17588.46153846154,NGN per refill,Average of Mar-24,FALSE,,12.5KG,2,GAS_PRICE_WATCH_MARCH_2025.xlsx,,LPG MAR 2025,44,10,J44
2025-03-01,2024-03-01,12.5,STATE,Oyo,Oyo,Oyo,South West,FALSE,16246.153846153846,NGN per refill,Average of Mar-24,FALSE,,12.5KG,2,GAS_PRICE_WATCH_MARCH_2025.xlsx,,LPG MAR 2025,45,10,J45
2025-03-01,2024-03-01,12.5,STATE,Plateau,Plateau,Plateau,North Central,FALSE,16274.166666666666,NGN per refill,Average of Mar-24,FALSE,,12.5KG,2,GAS_PRICE_WATCH_MARCH_2025.xlsx,,LPG MAR 2025,10,10,J10
2025-03-01,2024-03-01,12.5,STATE,Rivers,Rivers,Rivers,South South,FALSE,16475,NGN per refill,Average of Mar-24,FALSE,,12.5KG,2,GAS_PRICE_WATCH_MARCH_2025.xlsx,,LPG MAR 2025,38,10,J38
2025-03-01,2024-03-01,12.5,STATE,Sokoto,Sokoto,Sokoto,North West,FALSE,17833.333333333332,NGN per refill,Average of Mar-24,FALSE,,12.5KG,2,GAS_PRICE_WATCH_MARCH_2025.xlsx,,LPG MAR 2025,24,10,J24
2025-03-01,2024-03-01,12.5,STATE,Taraba,Taraba,Taraba,North East,FALSE,15114,NGN per refill,Average of Mar-24,FALSE,,12.5KG,2,GAS_PRICE_WATCH_MARCH_2025.xlsx,,LPG MAR 2025,16,10,J16
2025-03-01,2024-03-01,12.5,STATE,Yobe,Yobe,Yobe,North East,FALSE,15114,NGN per refill,Average of Mar-24,FALSE,,12.5KG,2,GAS_PRICE_WATCH_MARCH_2025.xlsx,,LPG MAR 2025,17,10,J17
2025-03-01,2024-03-01,12.5,STATE,Zamfara,Zamfara,Zamfara,North West,FALSE,16233.333333333334,NGN per refill,Average of Mar-24,FALSE,,12.5KG,2,GAS_PRICE_WATCH_MARCH_2025.xlsx,,LPG MAR 2025,25,10,J25
2025-03-01,2024-03-01,12.5,ZONE,North Central,NORTH CENTRAL,,North Central,TRUE,15957.81462585034,NGN per refill,Average of Mar-24,FALSE,,12.5KG,2,GAS_PRICE_WATCH_MARCH_2025.xlsx,,LPG MAR 2025,3,10,J3
2025-03-01,2024-03-01,12.5,ZONE,North East,NORTH EAST,,North East,TRUE,14943.481060606062,NGN per refill,Average of Mar-24,FALSE,,12.5KG,2,GAS_PRICE_WATCH_MARCH_2025.xlsx,,LPG MAR 2025,11,10,J11
2025-03-01,2024-03-01,12.5,ZONE,North West,NORTH WEST,,North West,TRUE,15235.939625850338,NGN per refill,Average of Mar-24,FALSE,,12.5KG,2,GAS_PRICE_WATCH_MARCH_2025.xlsx,,LPG MAR 2025,18,10,J18
2025-03-01,2024-03-01,12.5,ZONE,South East,SOUTH EAST,,South East,TRUE,16734.86869747899,NGN per refill,Average of Mar-24,FALSE,,12.5KG,2,GAS_PRICE_WATCH_MARCH_2025.xlsx,,LPG MAR 2025,26,10,J26
2025-03-01,2024-03-01,12.5,ZONE,South South,SOUTH SOUTH,,South South,TRUE,16859.849537037036,NGN per refill,Average of Mar-24,FALSE,,12.5KG,2,GAS_PRICE_WATCH_MARCH_2025.xlsx,,LPG MAR 2025,32,10,J32
2025-03-01,2024-03-01,12.5,ZONE,South West,SOUTH WEST,,South West,TRUE,16087.29700854701,NGN per refill,Average of Mar-24,FALSE,,12.5KG,2,GAS_PRICE_WATCH_MARCH_2025.xlsx,,LPG MAR 2025,39,10,J39
2025-03-01,2024-03-01,12.5,NATIONAL,Nigeria,Average,,,TRUE,15929.037537471362,NGN per refill,Average of Mar-24,FALSE,,12.5KG,2,GAS_PRICE_WATCH_MARCH_2025.xlsx,,LPG MAR 2025,46,10,J46
2025-03-01,2025-02-01,5.0,STATE,Abia,Abia,Abia,South East,FALSE,6719.94527,NGN per refill,Average of Feb-25,FALSE,,5KG,2,GAS_PRICE_WATCH_MARCH_2025.xlsx,,LPG MAR 2025,27,3,C27
2025-03-01,2025-02-01,5.0,STATE,Abuja,Abuja,Abuja,North Central,FALSE,7020,NGN per refill,Average of Feb-25,FALSE,,5KG,2,GAS_PRICE_WATCH_MARCH_2025.xlsx,,LPG MAR 2025,4,3,C4
2025-03-01,2025-02-01,5.0,STATE,Adamawa,Adamawa,Adamawa,North East,FALSE,6800,NGN per refill,Average of Feb-25,FALSE,,5KG,2,GAS_PRICE_WATCH_MARCH_2025.xlsx,,LPG MAR 2025,12,3,C12
2025-03-01,2025-02-01,5.0,STATE,Akwa Ibom,Akwa Ibom,Akwa Ibom,South South,FALSE,7440,NGN per refill,Average of Feb-25,FALSE,,5KG,2,GAS_PRICE_WATCH_MARCH_2025.xlsx,,LPG MAR 2025,33,3,C33
2025-03-01,2025-02-01,5.0,STATE,Anambra,Anambra,Anambra,South East,FALSE,6800.75,NGN per refill,Average of Feb-25,FALSE,,5KG,2,GAS_PRICE_WATCH_MARCH_2025.xlsx,,LPG MAR 2025,28,3,C28
2025-03-01,2025-02-01,5.0,STATE,Bauchi,Bauchi,Bauchi,North East,FALSE,7380,NGN per refill,Average of Feb-25,FALSE,,5KG,2,GAS_PRICE_WATCH_MARCH_2025.xlsx,,LPG MAR 2025,13,3,C13
2025-03-01,2025-02-01,5.0,STATE,Bayelsa,Bayelsa,Bayelsa,South South,FALSE,6900,NGN per refill,Average of Feb-25,FALSE,,5KG,2,GAS_PRICE_WATCH_MARCH_2025.xlsx,,LPG MAR 2025,34,3,C34
2025-03-01,2025-02-01,5.0,STATE,Benue,Benue,Benue,North Central,FALSE,7180,NGN per refill,Average of Feb-25,FALSE,,5KG,2,GAS_PRICE_WATCH_MARCH_2025.xlsx,,LPG MAR 2025,5,3,C5
2025-03-01,2025-02-01,5.0,STATE,Borno,Borno,Borno,North East,FALSE,6888,NGN per refill,Average of Feb-25,FALSE,,5KG,2,GAS_PRICE_WATCH_MARCH_2025.xlsx,,LPG MAR 2025,14,3,C14
2025-03-01,2025-02-01,5.0,STATE,Cross River,Cross River,Cross River,South South,FALSE,7030,NGN per refill,Average of Feb-25,FALSE,,5KG,2,GAS_PRICE_WATCH_MARCH_2025.xlsx,,LPG MAR 2025,35,3,C35
2025-03-01,2025-02-01,5.0,STATE,Delta,Delta,Delta,South South,FALSE,6700,NGN per refill,Average of Feb-25,FALSE,,5KG,2,GAS_PRICE_WATCH_MARCH_2025.xlsx,,LPG MAR 2025,36,3,C36
2025-03-01,2025-02-01,5.0,STATE,Ebonyi,Ebonyi,Ebonyi,South East,FALSE,7111.485000000001,NGN per refill,Average of Feb-25,FALSE,,5KG,2,GAS_PRICE_WATCH_MARCH_2025.xlsx,,LPG MAR 2025,29,3,C29
2025-03-01,2025-02-01,5.0,STATE,Edo,Edo,Edo,South South,FALSE,7164.44444444444,NGN per refill,Average of Feb-25,FALSE,,5KG,2,GAS_PRICE_WATCH_MARCH_2025.xlsx,,LPG MAR 2025,37,3,C37
2025-03-01,2025-02-01,5.0,STATE,Ekiti,Ekiti,Ekiti,South West,FALSE,7132.799999999999,NGN per refill,Average of Feb-25,FALSE,,5KG,2,GAS_PRICE_WATCH_MARCH_2025.xlsx,,LPG MAR 2025,40,3,C40
2025-03-01,2025-02-01,5.0,STATE,Enugu,Enugu,Enugu,South East,FALSE,7206.44444444444,NGN per refill,Average of Feb-25,FALSE,,5KG,2,GAS_PRICE_WATCH_MARCH_2025.xlsx,,LPG MAR 2025,30,3,C30
2025-03-01,2025-02-01,5.0,STATE,Gombe,Gombe,Gombe,North East,FALSE,7280,NGN per refill,Average of Feb-25,FALSE,,5KG,2,GAS_PRICE_WATCH_MARCH_2025.xlsx,,LPG MAR 2025,15,3,C15
2025-03-01,2025-02-01,5.0,STATE,Imo,Imo,Imo,South East,FALSE,7111.66666666668,NGN per refill,Average of Feb-25,FALSE,,5KG,2,GAS_PRICE_WATCH_MARCH_2025.xlsx,,LPG MAR 2025,31,3,C31
2025-03-01,2025-02-01,5.0,STATE,Jigawa,Jigawa,Jigawa,North West,FALSE,7377.5,NGN per refill,Average of Feb-25,FALSE,,5KG,2,GAS_PRICE_WATCH_MARCH_2025.xlsx,,LPG MAR 2025,19,3,C19
2025-03-01,2025-02-01,5.0,STATE,Kaduna,Kaduna,Kaduna,North West,FALSE,6762.5,NGN per refill,Average of Feb-25,FALSE,,5KG,2,GAS_PRICE_WATCH_MARCH_2025.xlsx,,LPG MAR 2025,20,3,C20
2025-03-01,2025-02-01,5.0,STATE,Kano,Kano,Kano,North West,FALSE,6710,NGN per refill,Average of Feb-25,FALSE,,5KG,2,GAS_PRICE_WATCH_MARCH_2025.xlsx,,LPG MAR 2025,21,3,C21
2025-03-01,2025-02-01,5.0,STATE,Katsina,Katsina,Katsina,North West,FALSE,7000,NGN per refill,Average of Feb-25,FALSE,,5KG,2,GAS_PRICE_WATCH_MARCH_2025.xlsx,,LPG MAR 2025,22,3,C22
2025-03-01,2025-02-01,5.0,STATE,Kebbi,Kebbi,Kebbi,North West,FALSE,6500,NGN per refill,Average of Feb-25,FALSE,,5KG,2,GAS_PRICE_WATCH_MARCH_2025.xlsx,,LPG MAR 2025,23,3,C23
2025-03-01,2025-02-01,5.0,STATE,Kogi,Kogi,Kogi,North Central,FALSE,6720,NGN per refill,Average of Feb-25,FALSE,,5KG,2,GAS_PRICE_WATCH_MARCH_2025.xlsx,,LPG MAR 2025,6,3,C6
2025-03-01,2025-02-01,5.0,STATE,Kwara,Kwara,Kwara,North Central,FALSE,6900,NGN per refill,Average of Feb-25,FALSE,,5KG,2,GAS_PRICE_WATCH_MARCH_2025.xlsx,,LPG MAR 2025,7,3,C7
2025-03-01,2025-02-01,5.0,STATE,Lagos,Lagos,Lagos,South West,FALSE,7630,NGN per refill,Average of Feb-25,FALSE,,5KG,2,GAS_PRICE_WATCH_MARCH_2025.xlsx,,LPG MAR 2025,41,3,C41
2025-03-01,2025-02-01,5.0,STATE,Nasarawa,Nasarawa,Nasarawa,North Central,FALSE,7180,NGN per refill,Average of Feb-25,FALSE,,5KG,2,GAS_PRICE_WATCH_MARCH_2025.xlsx,,LPG MAR 2025,8,3,C8
2025-03-01,2025-02-01,5.0,STATE,Niger,Niger,Niger,North Central,FALSE,6580,NGN per refill,Average of Feb-25,FALSE,,5KG,2,GAS_PRICE_WATCH_MARCH_2025.xlsx,,LPG MAR 2025,9,3,C9
2025-03-01,2025-02-01,5.0,STATE,Ogun,Ogun,Ogun,South West,FALSE,7102.8571428571595,NGN per refill,Average of Feb-25,FALSE,,5KG,2,GAS_PRICE_WATCH_MARCH_2025.xlsx,,LPG MAR 2025,42,3,C42
2025-03-01,2025-02-01,5.0,STATE,Ondo,Ondo,Ondo,South West,FALSE,6618.904761900001,NGN per refill,Average of Feb-25,FALSE,,5KG,2,GAS_PRICE_WATCH_MARCH_2025.xlsx,,LPG MAR 2025,43,3,C43
2025-03-01,2025-02-01,5.0,STATE,Osun,Osun,Osun,South West,FALSE,7382.22222222224,NGN per refill,Average of Feb-25,FALSE,,5KG,2,GAS_PRICE_WATCH_MARCH_2025.xlsx,,LPG MAR 2025,44,3,C44
2025-03-01,2025-02-01,5.0,STATE,Oyo,Oyo,Oyo,South West,FALSE,6857.142857142857,NGN per refill,Average of Feb-25,FALSE,,5KG,2,GAS_PRICE_WATCH_MARCH_2025.xlsx,,LPG MAR 2025,45,3,C45
2025-03-01,2025-02-01,5.0,STATE,Plateau,Plateau,Plateau,North Central,FALSE,7166.666666666665,NGN per refill,Average of Feb-25,FALSE,,5KG,2,GAS_PRICE_WATCH_MARCH_2025.xlsx,,LPG MAR 2025,10,3,C10
2025-03-01,2025-02-01,5.0,STATE,Rivers,Rivers,Rivers,South South,FALSE,7544.444444444439,NGN per refill,Average of Feb-25,FALSE,,5KG,2,GAS_PRICE_WATCH_MARCH_2025.xlsx,,LPG MAR 2025,38,3,C38
2025-03-01,2025-02-01,5.0,STATE,Sokoto,Sokoto,Sokoto,North West,FALSE,7120,NGN per refill,Average of Feb-25,FALSE,,5KG,2,GAS_PRICE_WATCH_MARCH_2025.xlsx,,LPG MAR 2025,24,3,C24
2025-03-01,2025-02-01,5.0,STATE,Taraba,Taraba,Taraba,North East,FALSE,8250,NGN per refill,Average of Feb-25,FALSE,,5KG,2,GAS_PRICE_WATCH_MARCH_2025.xlsx,,LPG MAR 2025,16,3,C16
2025-03-01,2025-02-01,5.0,STATE,Yobe,Yobe,Yobe,North East,FALSE,7800,NGN per refill,Average of Feb-25,FALSE,,5KG,2,GAS_PRICE_WATCH_MARCH_2025.xlsx,,LPG MAR 2025,17,3,C17
2025-03-01,2025-02-01,5.0,STATE,Zamfara,Zamfara,Zamfara,North West,FALSE,6600,NGN per refill,Average of Feb-25,FALSE,,5KG,2,GAS_PRICE_WATCH_MARCH_2025.xlsx,,LPG MAR 2025,25,3,C25
2025-03-01,2025-02-01,5.0,ZONE,North Central,NORTH CENTRAL,,North Central,TRUE,6963.809523809524,NGN per refill,Average of Feb-25,FALSE,,5KG,2,GAS_PRICE_WATCH_MARCH_2025.xlsx,,LPG MAR 2025,3,3,C3
2025-03-01,2025-02-01,5.0,ZONE,North East,NORTH EAST,,North East,TRUE,7399.666666666667,NGN per refill,Average of Feb-25,FALSE,,5KG,2,GAS_PRICE_WATCH_MARCH_2025.xlsx,,LPG MAR 2025,11,3,C11
2025-03-01,2025-02-01,5.0,ZONE,North West,NORTH WEST,,North West,TRUE,6867.142857142857,NGN per refill,Average of Feb-25,FALSE,,5KG,2,GAS_PRICE_WATCH_MARCH_2025.xlsx,,LPG MAR 2025,18,3,C18
2025-03-01,2025-02-01,5.0,ZONE,South East,SOUTH EAST,,South East,TRUE,6990.058276222224,NGN per refill,Average of Feb-25,FALSE,,5KG,2,GAS_PRICE_WATCH_MARCH_2025.xlsx,,LPG MAR 2025,26,3,C26
2025-03-01,2025-02-01,5.0,ZONE,South South,SOUTH SOUTH,,South South,TRUE,7129.814814814813,NGN per refill,Average of Feb-25,FALSE,,5KG,2,GAS_PRICE_WATCH_MARCH_2025.xlsx,,LPG MAR 2025,32,3,C32
2025-03-01,2025-02-01,5.0,ZONE,South West,SOUTH WEST,,South West,TRUE,7120.654497353709,NGN per refill,Average of Feb-25,FALSE,,5KG,2,GAS_PRICE_WATCH_MARCH_2025.xlsx,,LPG MAR 2025,39,3,C39
2025-03-01,2025-02-01,5.0,NATIONAL,Nigeria,Average,,,TRUE,7072.101997859159,NGN per refill,Average of Feb-25,FALSE,,5KG,2,GAS_PRICE_WATCH_MARCH_2025.xlsx,,LPG MAR 2025,46,3,C46
2025-03-01,2025-02-01,12.5,STATE,Abia,Abia,Abia,South East,FALSE,16299.863175,NGN per refill,Average of Feb-25,FALSE,,12.5KG,2,GAS_PRICE_WATCH_MARCH_2025.xlsx,,LPG MAR 2025,27,11,K27
2025-03-01,2025-02-01,12.5,STATE,Abuja,Abuja,Abuja,North Central,FALSE,17550,NGN per refill,Average of Feb-25,FALSE,,12.5KG,2,GAS_PRICE_WATCH_MARCH_2025.xlsx,,LPG MAR 2025,4,11,K4
2025-03-01,2025-02-01,12.5,STATE,Adamawa,Adamawa,Adamawa,North East,FALSE,17000,NGN per refill,Average of Feb-25,FALSE,,12.5KG,2,GAS_PRICE_WATCH_MARCH_2025.xlsx,,LPG MAR 2025,12,11,K12
2025-03-01,2025-02-01,12.5,STATE,Akwa Ibom,Akwa Ibom,Akwa Ibom,South South,FALSE,18600,NGN per refill,Average of Feb-25,FALSE,,12.5KG,2,GAS_PRICE_WATCH_MARCH_2025.xlsx,,LPG MAR 2025,33,11,K33
2025-03-01,2025-02-01,12.5,STATE,Anambra,Anambra,Anambra,South East,FALSE,18751.875,NGN per refill,Average of Feb-25,FALSE,,12.5KG,2,GAS_PRICE_WATCH_MARCH_2025.xlsx,,LPG MAR 2025,28,11,K28
2025-03-01,2025-02-01,12.5,STATE,Bauchi,Bauchi,Bauchi,North East,FALSE,18450,NGN per refill,Average of Feb-25,FALSE,,12.5KG,2,GAS_PRICE_WATCH_MARCH_2025.xlsx,,LPG MAR 2025,13,11,K13
2025-03-01,2025-02-01,12.5,STATE,Bayelsa,Bayelsa,Bayelsa,South South,FALSE,17550,NGN per refill,Average of Feb-25,FALSE,,12.5KG,2,GAS_PRICE_WATCH_MARCH_2025.xlsx,,LPG MAR 2025,34,11,K34
2025-03-01,2025-02-01,12.5,STATE,Benue,Benue,Benue,North Central,FALSE,17950,NGN per refill,Average of Feb-25,FALSE,,12.5KG,2,GAS_PRICE_WATCH_MARCH_2025.xlsx,,LPG MAR 2025,5,11,K5
2025-03-01,2025-02-01,12.5,STATE,Borno,Borno,Borno,North East,FALSE,17220,NGN per refill,Average of Feb-25,FALSE,,12.5KG,2,GAS_PRICE_WATCH_MARCH_2025.xlsx,,LPG MAR 2025,14,11,K14
2025-03-01,2025-02-01,12.5,STATE,Cross River,Cross River,Cross River,South South,FALSE,17575,NGN per refill,Average of Feb-25,FALSE,,12.5KG,2,GAS_PRICE_WATCH_MARCH_2025.xlsx,,LPG MAR 2025,35,11,K35
2025-03-01,2025-02-01,12.5,STATE,Delta,Delta,Delta,South South,FALSE,16750,NGN per refill,Average of Feb-25,FALSE,,12.5KG,2,GAS_PRICE_WATCH_MARCH_2025.xlsx,,LPG MAR 2025,36,11,K36
2025-03-01,2025-02-01,12.5,STATE,Ebonyi,Ebonyi,Ebonyi,South East,FALSE,17778.7125,NGN per refill,Average of Feb-25,FALSE,,12.5KG,2,GAS_PRICE_WATCH_MARCH_2025.xlsx,,LPG MAR 2025,29,11,K29
2025-03-01,2025-02-01,12.5,STATE,Edo,Edo,Edo,South South,FALSE,17461.1111111111,NGN per refill,Average of Feb-25,FALSE,,12.5KG,2,GAS_PRICE_WATCH_MARCH_2025.xlsx,,LPG MAR 2025,37,11,K37
2025-03-01,2025-02-01,12.5,STATE,Ekiti,Ekiti,Ekiti,South West,FALSE,17832,NGN per refill,Average of Feb-25,FALSE,,12.5KG,2,GAS_PRICE_WATCH_MARCH_2025.xlsx,,LPG MAR 2025,40,11,K40
2025-03-01,2025-02-01,12.5,STATE,Enugu,Enugu,Enugu,South East,FALSE,17616.1111111111,NGN per refill,Average of Feb-25,FALSE,,12.5KG,2,GAS_PRICE_WATCH_MARCH_2025.xlsx,,LPG MAR 2025,30,11,K30
2025-03-01,2025-02-01,12.5,STATE,Gombe,Gombe,Gombe,North East,FALSE,18200,NGN per refill,Average of Feb-25,FALSE,,12.5KG,2,GAS_PRICE_WATCH_MARCH_2025.xlsx,,LPG MAR 2025,15,11,K15
2025-03-01,2025-02-01,12.5,STATE,Imo,Imo,Imo,South East,FALSE,17779.1666666667,NGN per refill,Average of Feb-25,FALSE,,12.5KG,2,GAS_PRICE_WATCH_MARCH_2025.xlsx,,LPG MAR 2025,31,11,K31
2025-03-01,2025-02-01,12.5,STATE,Jigawa,Jigawa,Jigawa,North West,FALSE,18443.75,NGN per refill,Average of Feb-25,FALSE,,12.5KG,2,GAS_PRICE_WATCH_MARCH_2025.xlsx,,LPG MAR 2025,19,11,K19
2025-03-01,2025-02-01,12.5,STATE,Kaduna,Kaduna,Kaduna,North West,FALSE,16906.25,NGN per refill,Average of Feb-25,FALSE,,12.5KG,2,GAS_PRICE_WATCH_MARCH_2025.xlsx,,LPG MAR 2025,20,11,K20
2025-03-01,2025-02-01,12.5,STATE,Kano,Kano,Kano,North West,FALSE,16775,NGN per refill,Average of Feb-25,FALSE,,12.5KG,2,GAS_PRICE_WATCH_MARCH_2025.xlsx,,LPG MAR 2025,21,11,K21
2025-03-01,2025-02-01,12.5,STATE,Katsina,Katsina,Katsina,North West,FALSE,17550,NGN per refill,Average of Feb-25,FALSE,,12.5KG,2,GAS_PRICE_WATCH_MARCH_2025.xlsx,,LPG MAR 2025,22,11,K22
2025-03-01,2025-02-01,12.5,STATE,Kebbi,Taraba,Kebbi,North West,FALSE,16250,NGN per refill,Average of Feb-25,FALSE,LPG_12_5KG_KEBBI_LABELLED_TARABA,12.5KG,2,GAS_PRICE_WATCH_MARCH_2025.xlsx,,LPG MAR 2025,23,11,K23
2025-03-01,2025-02-01,12.5,STATE,Kogi,Kogi,Kogi,North Central,FALSE,16800,NGN per refill,Average of Feb-25,FALSE,,12.5KG,2,GAS_PRICE_WATCH_MARCH_2025.xlsx,,LPG MAR 2025,6,11,K6
2025-03-01,2025-02-01,12.5,STATE,Kwara,Kwara,Kwara,North Central,FALSE,17250,NGN per refill,Average of Feb-25,FALSE,,12.5KG,2,GAS_PRICE_WATCH_MARCH_2025.xlsx,,LPG MAR 2025,7,11,K7
2025-03-01,2025-02-01,12.5,STATE,Lagos,Lagos,Lagos,South West,FALSE,15750,NGN per refill,Average of Feb-25,FALSE,,12.5KG,2,GAS_PRICE_WATCH_MARCH_2025.xlsx,,LPG MAR 2025,41,11,K41
2025-03-01,2025-02-01,12.5,STATE,Nasarawa,Nasarawa,Nasarawa,North Central,FALSE,16250,NGN per refill,Average of Feb-25,FALSE,,12.5KG,2,GAS_PRICE_WATCH_MARCH_2025.xlsx,,LPG MAR 2025,8,11,K8
2025-03-01,2025-02-01,12.5,STATE,Niger,Niger,Niger,North Central,FALSE,16450,NGN per refill,Average of Feb-25,FALSE,,12.5KG,2,GAS_PRICE_WATCH_MARCH_2025.xlsx,,LPG MAR 2025,9,11,K9
2025-03-01,2025-02-01,12.5,STATE,Ogun,Ogun,Ogun,South West,FALSE,17757.1428571429,NGN per refill,Average of Feb-25,FALSE,,12.5KG,2,GAS_PRICE_WATCH_MARCH_2025.xlsx,,LPG MAR 2025,42,11,K42
2025-03-01,2025-02-01,12.5,STATE,Ondo,Ondo,Ondo,South West,FALSE,16547.26190475,NGN per refill,Average of Feb-25,FALSE,,12.5KG,2,GAS_PRICE_WATCH_MARCH_2025.xlsx,,LPG MAR 2025,43,11,K43
2025-03-01,2025-02-01,12.5,STATE,Osun,Osun,Osun,South West,FALSE,18455.5555555556,NGN per refill,Average of Feb-25,FALSE,,12.5KG,2,GAS_PRICE_WATCH_MARCH_2025.xlsx,,LPG MAR 2025,44,11,K44
2025-03-01,2025-02-01,12.5,STATE,Oyo,Oyo,Oyo,South West,FALSE,17142.85714285714,NGN per refill,Average of Feb-25,FALSE,,12.5KG,2,GAS_PRICE_WATCH_MARCH_2025.xlsx,,LPG MAR 2025,45,11,K45
2025-03-01,2025-02-01,12.5,STATE,Plateau,Plateau,Plateau,North Central,FALSE,17916.666666666664,NGN per refill,Average of Feb-25,FALSE,,12.5KG,2,GAS_PRICE_WATCH_MARCH_2025.xlsx,,LPG MAR 2025,10,11,K10
2025-03-01,2025-02-01,12.5,STATE,Rivers,Rivers,Rivers,South South,FALSE,18861.1111111111,NGN per refill,Average of Feb-25,FALSE,,12.5KG,2,GAS_PRICE_WATCH_MARCH_2025.xlsx,,LPG MAR 2025,38,11,K38
2025-03-01,2025-02-01,12.5,STATE,Sokoto,Sokoto,Sokoto,North West,FALSE,17550,NGN per refill,Average of Feb-25,FALSE,,12.5KG,2,GAS_PRICE_WATCH_MARCH_2025.xlsx,,LPG MAR 2025,24,11,K24
2025-03-01,2025-02-01,12.5,STATE,Taraba,Taraba,Taraba,North East,FALSE,18625,NGN per refill,Average of Feb-25,FALSE,,12.5KG,2,GAS_PRICE_WATCH_MARCH_2025.xlsx,,LPG MAR 2025,16,11,K16
2025-03-01,2025-02-01,12.5,STATE,Yobe,Yobe,Yobe,North East,FALSE,19000,NGN per refill,Average of Feb-25,FALSE,,12.5KG,2,GAS_PRICE_WATCH_MARCH_2025.xlsx,,LPG MAR 2025,17,11,K17
2025-03-01,2025-02-01,12.5,STATE,Zamfara,Zamfara,Zamfara,North West,FALSE,16575,NGN per refill,Average of Feb-25,FALSE,,12.5KG,2,GAS_PRICE_WATCH_MARCH_2025.xlsx,,LPG MAR 2025,25,11,K25
2025-03-01,2025-02-01,12.5,ZONE,North Central,NORTH CENTRAL,,North Central,TRUE,17166.666666666664,NGN per refill,Average of Feb-25,FALSE,,12.5KG,2,GAS_PRICE_WATCH_MARCH_2025.xlsx,,LPG MAR 2025,3,11,K3
2025-03-01,2025-02-01,12.5,ZONE,North East,NORTH EAST,,North East,TRUE,18082.5,NGN per refill,Average of Feb-25,FALSE,,12.5KG,2,GAS_PRICE_WATCH_MARCH_2025.xlsx,,LPG MAR 2025,11,11,K11
2025-03-01,2025-02-01,12.5,ZONE,North West,NORTH WEST,,North West,TRUE,17150,NGN per refill,Average of Feb-25,FALSE,,12.5KG,2,GAS_PRICE_WATCH_MARCH_2025.xlsx,,LPG MAR 2025,18,11,K18
2025-03-01,2025-02-01,12.5,ZONE,South East,SOUTH EAST,,South East,TRUE,17645.14569055556,NGN per refill,Average of Feb-25,FALSE,,12.5KG,2,GAS_PRICE_WATCH_MARCH_2025.xlsx,,LPG MAR 2025,26,11,K26
2025-03-01,2025-02-01,12.5,ZONE,South South,SOUTH SOUTH,,South South,TRUE,17799.537037037033,NGN per refill,Average of Feb-25,FALSE,,12.5KG,2,GAS_PRICE_WATCH_MARCH_2025.xlsx,,LPG MAR 2025,32,11,K32
2025-03-01,2025-02-01,12.5,ZONE,South West,SOUTH WEST,,South West,TRUE,17247.46957671761,NGN per refill,Average of Feb-25,FALSE,,12.5KG,2,GAS_PRICE_WATCH_MARCH_2025.xlsx,,LPG MAR 2025,39,11,K39
2025-03-01,2025-02-01,12.5,NATIONAL,Nigeria,Average,,,TRUE,17492.41715681007,NGN per refill,Average of Feb-25,FALSE,,12.5KG,2,GAS_PRICE_WATCH_MARCH_2025.xlsx,,LPG MAR 2025,46,11,K46
2025-03-01,2025-03-01,5.0,STATE,Abia,Abia,Abia,South East,FALSE,7508.0490627304,NGN per refill,Average of Mar-25,TRUE,,5KG,2,GAS_PRICE_WATCH_MARCH_2025.xlsx,,LPG MAR 2025,27,4,D27
2025-03-01,2025-03-01,5.0,STATE,Abuja,Abuja,Abuja,North Central,FALSE,7144.1904,NGN per refill,Average of Mar-25,TRUE,,5KG,2,GAS_PRICE_WATCH_MARCH_2025.xlsx,,LPG MAR 2025,4,4,D4
2025-03-01,2025-03-01,5.0,STATE,Adamawa,Adamawa,Adamawa,North East,FALSE,7315.68,NGN per refill,Average of Mar-25,TRUE,,5KG,2,GAS_PRICE_WATCH_MARCH_2025.xlsx,,LPG MAR 2025,12,4,D12
2025-03-01,2025-03-01,5.0,STATE,Akwa Ibom,Akwa Ibom,Akwa Ibom,South South,FALSE,8049.52,NGN per refill,Average of Mar-25,TRUE,,5KG,2,GAS_PRICE_WATCH_MARCH_2025.xlsx,,LPG MAR 2025,33,4,D33
2025-03-01,2025-03-01,5.0,STATE,Anambra,Anambra,Anambra,South East,FALSE,7112.27314,NGN per refill,Average of Mar-25,TRUE,,5KG,2,GAS_PRICE_WATCH_MARCH_2025.xlsx,,LPG MAR 2025,28,4,D28
2025-03-01,2025-03-01,5.0,STATE,Bauchi,Bauchi,Bauchi,North East,FALSE,7900.6,NGN per refill,Average of Mar-25,TRUE,,5KG,2,GAS_PRICE_WATCH_MARCH_2025.xlsx,,LPG MAR 2025,13,4,D13
2025-03-01,2025-03-01,5.0,STATE,Bayelsa,Bayelsa,Bayelsa,South South,FALSE,7190,NGN per refill,Average of Mar-25,TRUE,,5KG,2,GAS_PRICE_WATCH_MARCH_2025.xlsx,,LPG MAR 2025,34,4,D34
2025-03-01,2025-03-01,5.0,STATE,Benue,Benue,Benue,North Central,FALSE,7508.103999999999,NGN per refill,Average of Mar-25,TRUE,,5KG,2,GAS_PRICE_WATCH_MARCH_2025.xlsx,,LPG MAR 2025,5,4,D5
2025-03-01,2025-03-01,5.0,STATE,Borno,Borno,Borno,North East,FALSE,6895.84,NGN per refill,Average of Mar-25,TRUE,,5KG,2,GAS_PRICE_WATCH_MARCH_2025.xlsx,,LPG MAR 2025,14,4,D14
2025-03-01,2025-03-01,5.0,STATE,Cross River,Cross River,Cross River,South South,FALSE,7473.69,NGN per refill,Average of Mar-25,TRUE,,5KG,2,GAS_PRICE_WATCH_MARCH_2025.xlsx,,LPG MAR 2025,35,4,D35
2025-03-01,2025-03-01,5.0,STATE,Delta,Delta,Delta,South South,FALSE,7015.304,NGN per refill,Average of Mar-25,TRUE,,5KG,2,GAS_PRICE_WATCH_MARCH_2025.xlsx,,LPG MAR 2025,36,4,D36
2025-03-01,2025-03-01,5.0,STATE,Ebonyi,Ebonyi,Ebonyi,South East,FALSE,7248.1328172,NGN per refill,Average of Mar-25,TRUE,,5KG,2,GAS_PRICE_WATCH_MARCH_2025.xlsx,,LPG MAR 2025,29,4,D29
2025-03-01,2025-03-01,5.0,STATE,Edo,Edo,Edo,South South,FALSE,7774.35777777776,NGN per refill,Average of Mar-25,TRUE,,5KG,2,GAS_PRICE_WATCH_MARCH_2025.xlsx,,LPG MAR 2025,37,4,D37
2025-03-01,2025-03-01,5.0,STATE,Ekiti,Ekiti,Ekiti,South West,FALSE,7195.7232,NGN per refill,Average of Mar-25,TRUE,,5KG,2,GAS_PRICE_WATCH_MARCH_2025.xlsx,,LPG MAR 2025,40,4,D40
2025-03-01,2025-03-01,5.0,STATE,Enugu,Enugu,Enugu,South East,FALSE,7500.3622222222,NGN per refill,Average of Mar-25,TRUE,,5KG,2,GAS_PRICE_WATCH_MARCH_2025.xlsx,,LPG MAR 2025,30,4,D30
2025-03-01,2025-03-01,5.0,STATE,Gombe,Gombe,Gombe,North East,FALSE,7518.912346000001,NGN per refill,Average of Mar-25,TRUE,,5KG,2,GAS_PRICE_WATCH_MARCH_2025.xlsx,,LPG MAR 2025,15,4,D15
2025-03-01,2025-03-01,5.0,STATE,Imo,Imo,Imo,South East,FALSE,7988.05133333332,NGN per refill,Average of Mar-25,TRUE,,5KG,2,GAS_PRICE_WATCH_MARCH_2025.xlsx,,LPG MAR 2025,31,4,D31
2025-03-01,2025-03-01,5.0,STATE,Jigawa,Jigawa,Jigawa,North West,FALSE,7042.772500000001,NGN per refill,Average of Mar-25,TRUE,,5KG,2,GAS_PRICE_WATCH_MARCH_2025.xlsx,,LPG MAR 2025,19,4,D19
2025-03-01,2025-03-01,5.0,STATE,Kaduna,Kaduna,Kaduna,North West,FALSE,7332.535,NGN per refill,Average of Mar-25,TRUE,,5KG,2,GAS_PRICE_WATCH_MARCH_2025.xlsx,,LPG MAR 2025,20,4,D20
2025-03-01,2025-03-01,5.0,STATE,Kano,Kano,Kano,North West,FALSE,7949.56,NGN per refill,Average of Mar-25,TRUE,,5KG,2,GAS_PRICE_WATCH_MARCH_2025.xlsx,,LPG MAR 2025,21,4,D21
2025-03-01,2025-03-01,5.0,STATE,Katsina,Katsina,Katsina,North West,FALSE,7358.344999999999,NGN per refill,Average of Mar-25,TRUE,,5KG,2,GAS_PRICE_WATCH_MARCH_2025.xlsx,,LPG MAR 2025,22,4,D22
2025-03-01,2025-03-01,5.0,STATE,Kebbi,Kebbi,Kebbi,North West,FALSE,6336.280000000001,NGN per refill,Average of Mar-25,TRUE,,5KG,2,GAS_PRICE_WATCH_MARCH_2025.xlsx,,LPG MAR 2025,23,4,D23
2025-03-01,2025-03-01,5.0,STATE,Kogi,Kogi,Kogi,North Central,FALSE,7266.080000000001,NGN per refill,Average of Mar-25,TRUE,,5KG,2,GAS_PRICE_WATCH_MARCH_2025.xlsx,,LPG MAR 2025,6,4,D6
2025-03-01,2025-03-01,5.0,STATE,Kwara,Kwara,Kwara,North Central,FALSE,6728.088,NGN per refill,Average of Mar-25,TRUE,,5KG,2,GAS_PRICE_WATCH_MARCH_2025.xlsx,,LPG MAR 2025,7,4,D7
2025-03-01,2025-03-01,5.0,STATE,Lagos,Lagos,Lagos,South West,FALSE,7279.700000000001,NGN per refill,Average of Mar-25,TRUE,,5KG,2,GAS_PRICE_WATCH_MARCH_2025.xlsx,,LPG MAR 2025,41,4,D41
2025-03-01,2025-03-01,5.0,STATE,Nasarawa,Nasarawa,Nasarawa,North Central,FALSE,6864.52171451872,NGN per refill,Average of Mar-25,TRUE,,5KG,2,GAS_PRICE_WATCH_MARCH_2025.xlsx,,LPG MAR 2025,8,4,D8
2025-03-01,2025-03-01,5.0,STATE,Niger,Niger,Niger,North Central,FALSE,6831.549768914,NGN per refill,Average of Mar-25,TRUE,,5KG,2,GAS_PRICE_WATCH_MARCH_2025.xlsx,,LPG MAR 2025,9,4,D9
2025-03-01,2025-03-01,5.0,STATE,Ogun,Ogun,Ogun,South West,FALSE,7195.582857142857,NGN per refill,Average of Mar-25,TRUE,,5KG,2,GAS_PRICE_WATCH_MARCH_2025.xlsx,,LPG MAR 2025,42,4,D42
2025-03-01,2025-03-01,5.0,STATE,Ondo,Ondo,Ondo,South West,FALSE,6961.5929047561,NGN per refill,Average of Mar-25,TRUE,,5KG,2,GAS_PRICE_WATCH_MARCH_2025.xlsx,,LPG MAR 2025,43,4,D43
2025-03-01,2025-03-01,5.0,STATE,Osun,Osun,Osun,South West,FALSE,7341.088888888889,NGN per refill,Average of Mar-25,TRUE,,5KG,2,GAS_PRICE_WATCH_MARCH_2025.xlsx,,LPG MAR 2025,44,4,D44
2025-03-01,2025-03-01,5.0,STATE,Oyo,Oyo,Oyo,South West,FALSE,6684.30857142856,NGN per refill,Average of Mar-25,TRUE,,5KG,2,GAS_PRICE_WATCH_MARCH_2025.xlsx,,LPG MAR 2025,45,4,D45
2025-03-01,2025-03-01,5.0,STATE,Plateau,Plateau,Plateau,North Central,FALSE,6988.09333333332,NGN per refill,Average of Mar-25,TRUE,,5KG,2,GAS_PRICE_WATCH_MARCH_2025.xlsx,,LPG MAR 2025,10,4,D10
2025-03-01,2025-03-01,5.0,STATE,Rivers,Rivers,Rivers,South South,FALSE,8085.9177777778,NGN per refill,Average of Mar-25,TRUE,,5KG,2,GAS_PRICE_WATCH_MARCH_2025.xlsx,,LPG MAR 2025,38,4,D38
2025-03-01,2025-03-01,5.0,STATE,Sokoto,Sokoto,Sokoto,North West,FALSE,8157.380000000001,NGN per refill,Average of Mar-25,TRUE,,5KG,2,GAS_PRICE_WATCH_MARCH_2025.xlsx,,LPG MAR 2025,24,4,D24
2025-03-01,2025-03-01,5.0,STATE,Taraba,Taraba,Taraba,North East,FALSE,8056.75,NGN per refill,Average of Mar-25,TRUE,,5KG,2,GAS_PRICE_WATCH_MARCH_2025.xlsx,,LPG MAR 2025,16,4,D16
2025-03-01,2025-03-01,5.0,STATE,Yobe,Yobe,Yobe,North East,FALSE,7026.4,NGN per refill,Average of Mar-25,TRUE,,5KG,2,GAS_PRICE_WATCH_MARCH_2025.xlsx,,LPG MAR 2025,17,4,D17
2025-03-01,2025-03-01,5.0,STATE,Zamfara,Zamfara,Zamfara,North West,FALSE,7106.77,NGN per refill,Average of Mar-25,TRUE,,5KG,2,GAS_PRICE_WATCH_MARCH_2025.xlsx,,LPG MAR 2025,25,4,D25
2025-03-01,2025-03-01,5.0,ZONE,North Central,NORTH CENTRAL,,North Central,TRUE,7047.232459538007,NGN per refill,Average of Mar-25,TRUE,,5KG,2,GAS_PRICE_WATCH_MARCH_2025.xlsx,,LPG MAR 2025,3,4,D3
2025-03-01,2025-03-01,5.0,ZONE,North East,NORTH EAST,,North East,TRUE,7452.363724333335,NGN per refill,Average of Mar-25,TRUE,,5KG,2,GAS_PRICE_WATCH_MARCH_2025.xlsx,,LPG MAR 2025,11,4,D11
2025-03-01,2025-03-01,5.0,ZONE,North West,NORTH WEST,,North West,TRUE,7326.234642857143,NGN per refill,Average of Mar-25,TRUE,,5KG,2,GAS_PRICE_WATCH_MARCH_2025.xlsx,,LPG MAR 2025,18,4,D18
2025-03-01,2025-03-01,5.0,ZONE,South East,SOUTH EAST,,South East,TRUE,7471.373715097184,NGN per refill,Average of Mar-25,TRUE,,5KG,2,GAS_PRICE_WATCH_MARCH_2025.xlsx,,LPG MAR 2025,26,4,D26
2025-03-01,2025-03-01,5.0,ZONE,South South,SOUTH SOUTH,,South South,TRUE,7598.131592592593,NGN per refill,Average of Mar-25,TRUE,,5KG,2,GAS_PRICE_WATCH_MARCH_2025.xlsx,,LPG MAR 2025,32,4,D32
2025-03-01,2025-03-01,5.0,ZONE,South West,SOUTH WEST,,South West,TRUE,7109.666070369402,NGN per refill,Average of Mar-25,TRUE,,5KG,2,GAS_PRICE_WATCH_MARCH_2025.xlsx,,LPG MAR 2025,39,4,D39
2025-03-01,2025-03-01,5.0,NATIONAL,Nigeria,Average,,,TRUE,7322.489368000648,NGN per refill,Average of Mar-25,TRUE,,5KG,2,GAS_PRICE_WATCH_MARCH_2025.xlsx,,LPG MAR 2025,46,4,D46
2025-03-01,2025-03-01,12.5,STATE,Abia,Abia,Abia,South East,FALSE,18820.122656826,NGN per refill,Average of Mar-25,TRUE,,12.5KG,2,GAS_PRICE_WATCH_MARCH_2025.xlsx,,LPG MAR 2025,27,12,L27
2025-03-01,2025-03-01,12.5,STATE,Abuja,Abuja,Abuja,North Central,FALSE,17110.476,NGN per refill,Average of Mar-25,TRUE,,12.5KG,2,GAS_PRICE_WATCH_MARCH_2025.xlsx,,LPG MAR 2025,4,12,L4
2025-03-01,2025-03-01,12.5,STATE,Adamawa,Adamawa,Adamawa,North East,FALSE,18289.2,NGN per refill,Average of Mar-25,TRUE,,12.5KG,2,GAS_PRICE_WATCH_MARCH_2025.xlsx,,LPG MAR 2025,12,12,L12
2025-03-01,2025-03-01,12.5,STATE,Akwa Ibom,Akwa Ibom,Akwa Ibom,South South,FALSE,20623.8,NGN per refill,Average of Mar-25,TRUE,,12.5KG,2,GAS_PRICE_WATCH_MARCH_2025.xlsx,,LPG MAR 2025,33,12,L33
2025-03-01,2025-03-01,12.5,STATE,Anambra,Anambra,Anambra,South East,FALSE,18280.68285,NGN per refill,Average of Mar-25,TRUE,,12.5KG,2,GAS_PRICE_WATCH_MARCH_2025.xlsx,,LPG MAR 2025,28,12,L28
2025-03-01,2025-03-01,12.5,STATE,Bauchi,Bauchi,Bauchi,North East,FALSE,19752,NGN per refill,Average of Mar-25,TRUE,,12.5KG,2,GAS_PRICE_WATCH_MARCH_2025.xlsx,,LPG MAR 2025,13,12,L13
2025-03-01,2025-03-01,12.5,STATE,Bayelsa,Bayelsa,Bayelsa,South South,FALSE,19475,NGN per refill,Average of Mar-25,TRUE,,12.5KG,2,GAS_PRICE_WATCH_MARCH_2025.xlsx,,LPG MAR 2025,34,12,L34
2025-03-01,2025-03-01,12.5,STATE,Benue,Benue,Benue,North Central,FALSE,18770.26,NGN per refill,Average of Mar-25,TRUE,,12.5KG,2,GAS_PRICE_WATCH_MARCH_2025.xlsx,,LPG MAR 2025,5,12,L5
2025-03-01,2025-03-01,12.5,STATE,Borno,Borno,Borno,North East,FALSE,17239.6,NGN per refill,Average of Mar-25,TRUE,,12.5KG,2,GAS_PRICE_WATCH_MARCH_2025.xlsx,,LPG MAR 2025,14,12,L14
2025-03-01,2025-03-01,12.5,STATE,Cross River,Cross River,Cross River,South South,FALSE,20934.225,NGN per refill,Average of Mar-25,TRUE,,12.5KG,2,GAS_PRICE_WATCH_MARCH_2025.xlsx,,LPG MAR 2025,35,12,L35
2025-03-01,2025-03-01,12.5,STATE,Delta,Delta,Delta,South South,FALSE,20038.26,NGN per refill,Average of Mar-25,TRUE,,12.5KG,2,GAS_PRICE_WATCH_MARCH_2025.xlsx,,LPG MAR 2025,36,12,L36
2025-03-01,2025-03-01,12.5,STATE,Ebonyi,Ebonyi,Ebonyi,South East,FALSE,19870.332043,NGN per refill,Average of Mar-25,TRUE,,12.5KG,2,GAS_PRICE_WATCH_MARCH_2025.xlsx,,LPG MAR 2025,29,12,L29
2025-03-01,2025-03-01,12.5,STATE,Edo,Edo,Edo,South South,FALSE,19185.8944444444,NGN per refill,Average of Mar-25,TRUE,,12.5KG,2,GAS_PRICE_WATCH_MARCH_2025.xlsx,,LPG MAR 2025,37,12,L37
2025-03-01,2025-03-01,12.5,STATE,Ekiti,Ekiti,Ekiti,South West,FALSE,16739.307999999997,NGN per refill,Average of Mar-25,TRUE,,12.5KG,2,GAS_PRICE_WATCH_MARCH_2025.xlsx,,LPG MAR 2025,40,12,L40
2025-03-01,2025-03-01,12.5,STATE,Enugu,Enugu,Enugu,South East,FALSE,18750.9055555555,NGN per refill,Average of Mar-25,TRUE,,12.5KG,2,GAS_PRICE_WATCH_MARCH_2025.xlsx,,LPG MAR 2025,30,12,L30
2025-03-01,2025-03-01,12.5,STATE,Gombe,Gombe,Gombe,North East,FALSE,18797.280865,NGN per refill,Average of Mar-25,TRUE,,12.5KG,2,GAS_PRICE_WATCH_MARCH_2025.xlsx,,LPG MAR 2025,15,12,L15
2025-03-01,2025-03-01,12.5,STATE,Imo,Imo,Imo,South East,FALSE,19970.1283333333,NGN per refill,Average of Mar-25,TRUE,,12.5KG,2,GAS_PRICE_WATCH_MARCH_2025.xlsx,,LPG MAR 2025,31,12,L31
2025-03-01,2025-03-01,12.5,STATE,Jigawa,Jigawa,Jigawa,North West,FALSE,17606.93125,NGN per refill,Average of Mar-25,TRUE,,12.5KG,2,GAS_PRICE_WATCH_MARCH_2025.xlsx,,LPG MAR 2025,19,12,L19
2025-03-01,2025-03-01,12.5,STATE,Kaduna,Kaduna,Kaduna,North West,FALSE,18331.3375,NGN per refill,Average of Mar-25,TRUE,,12.5KG,2,GAS_PRICE_WATCH_MARCH_2025.xlsx,,LPG MAR 2025,20,12,L20
2025-03-01,2025-03-01,12.5,STATE,Kano,Kano,Kano,North West,FALSE,19873.9,NGN per refill,Average of Mar-25,TRUE,,12.5KG,2,GAS_PRICE_WATCH_MARCH_2025.xlsx,,LPG MAR 2025,21,12,L21
2025-03-01,2025-03-01,12.5,STATE,Katsina,Katsina,Katsina,North West,FALSE,18395.8625,NGN per refill,Average of Mar-25,TRUE,,12.5KG,2,GAS_PRICE_WATCH_MARCH_2025.xlsx,,LPG MAR 2025,22,12,L22
2025-03-01,2025-03-01,12.5,STATE,Kebbi,Taraba,Kebbi,North West,FALSE,15840.7,NGN per refill,Average of Mar-25,TRUE,LPG_12_5KG_KEBBI_LABELLED_TARABA,12.5KG,2,GAS_PRICE_WATCH_MARCH_2025.xlsx,,LPG MAR 2025,23,12,L23
2025-03-01,2025-03-01,12.5,STATE,Kogi,Kogi,Kogi,North Central,FALSE,18165.2,NGN per refill,Average of Mar-25,TRUE,,12.5KG,2,GAS_PRICE_WATCH_MARCH_2025.xlsx,,LPG MAR 2025,6,12,L6
2025-03-01,2025-03-01,12.5,STATE,Kwara,Kwara,Kwara,North Central,FALSE,16820.22,NGN per refill,Average of Mar-25,TRUE,,12.5KG,2,GAS_PRICE_WATCH_MARCH_2025.xlsx,,LPG MAR 2025,7,12,L7
2025-03-01,2025-03-01,12.5,STATE,Lagos,Lagos,Lagos,South West,FALSE,18199.25,NGN per refill,Average of Mar-25,TRUE,,12.5KG,2,GAS_PRICE_WATCH_MARCH_2025.xlsx,,LPG MAR 2025,41,12,L41
2025-03-01,2025-03-01,12.5,STATE,Nasarawa,Nasarawa,Nasarawa,North Central,FALSE,15661.3042862968,NGN per refill,Average of Mar-25,TRUE,,12.5KG,2,GAS_PRICE_WATCH_MARCH_2025.xlsx,,LPG MAR 2025,8,12,L8
2025-03-01,2025-03-01,12.5,STATE,Niger,Niger,Niger,North Central,FALSE,17078.874422285,NGN per refill,Average of Mar-25,TRUE,,12.5KG,2,GAS_PRICE_WATCH_MARCH_2025.xlsx,,LPG MAR 2025,9,12,L9
2025-03-01,2025-03-01,12.5,STATE,Ogun,Ogun,Ogun,South West,FALSE,17988.957142857143,NGN per refill,Average of Mar-25,TRUE,,12.5KG,2,GAS_PRICE_WATCH_MARCH_2025.xlsx,,LPG MAR 2025,42,12,L42
2025-03-01,2025-03-01,12.5,STATE,Ondo,Ondo,Ondo,South West,FALSE,17403.98226189025,NGN per refill,Average of Mar-25,TRUE,,12.5KG,2,GAS_PRICE_WATCH_MARCH_2025.xlsx,,LPG MAR 2025,43,12,L43
2025-03-01,2025-03-01,12.5,STATE,Osun,Osun,Osun,South West,FALSE,18352.722222222223,NGN per refill,Average of Mar-25,TRUE,,12.5KG,2,GAS_PRICE_WATCH_MARCH_2025.xlsx,,LPG MAR 2025,44,12,L44
2025-03-01,2025-03-01,12.5,STATE,Oyo,Oyo,Oyo,South West,FALSE,16710.7714285714,NGN per refill,Average of Mar-25,TRUE,,12.5KG,2,GAS_PRICE_WATCH_MARCH_2025.xlsx,,LPG MAR 2025,45,12,L45
2025-03-01,2025-03-01,12.5,STATE,Plateau,Plateau,Plateau,North Central,FALSE,17470.2333333333,NGN per refill,Average of Mar-25,TRUE,,12.5KG,2,GAS_PRICE_WATCH_MARCH_2025.xlsx,,LPG MAR 2025,10,12,L10
2025-03-01,2025-03-01,12.5,STATE,Rivers,Rivers,Rivers,South South,FALSE,20964.7944444445,NGN per refill,Average of Mar-25,TRUE,,12.5KG,2,GAS_PRICE_WATCH_MARCH_2025.xlsx,,LPG MAR 2025,38,12,L38
2025-03-01,2025-03-01,12.5,STATE,Sokoto,Sokoto,Sokoto,North West,FALSE,20393.45,NGN per refill,Average of Mar-25,TRUE,,12.5KG,2,GAS_PRICE_WATCH_MARCH_2025.xlsx,,LPG MAR 2025,24,12,L24
2025-03-01,2025-03-01,12.5,STATE,Taraba,Taraba,Taraba,North East,FALSE,20141.875,NGN per refill,Average of Mar-25,TRUE,,12.5KG,2,GAS_PRICE_WATCH_MARCH_2025.xlsx,,LPG MAR 2025,16,12,L16
2025-03-01,2025-03-01,12.5,STATE,Yobe,Yobe,Yobe,North East,FALSE,17066,NGN per refill,Average of Mar-25,TRUE,,12.5KG,2,GAS_PRICE_WATCH_MARCH_2025.xlsx,,LPG MAR 2025,17,12,L17
2025-03-01,2025-03-01,12.5,STATE,Zamfara,Zamfara,Zamfara,North West,FALSE,17766.925,NGN per refill,Average of Mar-25,TRUE,,12.5KG,2,GAS_PRICE_WATCH_MARCH_2025.xlsx,,LPG MAR 2025,25,12,L25
2025-03-01,2025-03-01,12.5,ZONE,North Central,NORTH CENTRAL,,North Central,TRUE,17296.652577416444,NGN per refill,Average of Mar-25,TRUE,,12.5KG,2,GAS_PRICE_WATCH_MARCH_2025.xlsx,,LPG MAR 2025,3,12,L3
2025-03-01,2025-03-01,12.5,ZONE,North East,NORTH EAST,,North East,TRUE,18547.659310833333,NGN per refill,Average of Mar-25,TRUE,,12.5KG,2,GAS_PRICE_WATCH_MARCH_2025.xlsx,,LPG MAR 2025,11,12,L11
2025-03-01,2025-03-01,12.5,ZONE,North West,NORTH WEST,,North West,TRUE,18315.586607142857,NGN per refill,Average of Mar-25,TRUE,,12.5KG,2,GAS_PRICE_WATCH_MARCH_2025.xlsx,,LPG MAR 2025,18,12,L18
2025-03-01,2025-03-01,12.5,ZONE,South East,SOUTH EAST,,South East,TRUE,19138.43428774296,NGN per refill,Average of Mar-25,TRUE,,12.5KG,2,GAS_PRICE_WATCH_MARCH_2025.xlsx,,LPG MAR 2025,26,12,L26
2025-03-01,2025-03-01,12.5,ZONE,South South,SOUTH SOUTH,,South South,TRUE,20203.662314814817,NGN per refill,Average of Mar-25,TRUE,,12.5KG,2,GAS_PRICE_WATCH_MARCH_2025.xlsx,,LPG MAR 2025,32,12,L32
2025-03-01,2025-03-01,12.5,ZONE,South West,SOUTH WEST,,South West,TRUE,17565.83184259017,NGN per refill,Average of Mar-25,TRUE,,12.5KG,2,GAS_PRICE_WATCH_MARCH_2025.xlsx,,LPG MAR 2025,39,12,L39
2025-03-01,2025-03-01,12.5,NATIONAL,Nigeria,Average,,,TRUE,18456.236933515127,NGN per refill,Average of Mar-25,TRUE,,12.5KG,2,GAS_PRICE_WATCH_MARCH_2025.xlsx,,LPG MAR 2025,46,12,L46
2025-04-01,2024-04-01,5.0,STATE,Abia,Abia,Abia,South East,FALSE,6156.25,NGN per refill,Average of Apr-24,FALSE,,5KG,2,GAS_PRICE_WATCH_APRIL_2025.xlsx,,LPG APR 2025,27,2,B27
2025-04-01,2024-04-01,5.0,STATE,Abuja,Abuja,Abuja,North Central,FALSE,6500,NGN per refill,Average of Apr-24,FALSE,,5KG,2,GAS_PRICE_WATCH_APRIL_2025.xlsx,,LPG APR 2025,4,2,B4
2025-04-01,2024-04-01,5.0,STATE,Adamawa,Adamawa,Adamawa,North East,FALSE,5470,NGN per refill,Average of Apr-24,FALSE,,5KG,2,GAS_PRICE_WATCH_APRIL_2025.xlsx,,LPG APR 2025,12,2,B12
2025-04-01,2024-04-01,5.0,STATE,Akwa Ibom,Akwa Ibom,Akwa Ibom,South South,FALSE,6722.222222222223,NGN per refill,Average of Apr-24,FALSE,,5KG,2,GAS_PRICE_WATCH_APRIL_2025.xlsx,,LPG APR 2025,33,2,B33
2025-04-01,2024-04-01,5.0,STATE,Anambra,Anambra,Anambra,South East,FALSE,6142.857142857143,NGN per refill,Average of Apr-24,FALSE,,5KG,2,GAS_PRICE_WATCH_APRIL_2025.xlsx,,LPG APR 2025,28,2,B28
2025-04-01,2024-04-01,5.0,STATE,Bauchi,Bauchi,Bauchi,North East,FALSE,7000,NGN per refill,Average of Apr-24,FALSE,,5KG,2,GAS_PRICE_WATCH_APRIL_2025.xlsx,,LPG APR 2025,13,2,B13
2025-04-01,2024-04-01,5.0,STATE,Bayelsa,Bayelsa,Bayelsa,South South,FALSE,6875,NGN per refill,Average of Apr-24,FALSE,,5KG,2,GAS_PRICE_WATCH_APRIL_2025.xlsx,,LPG APR 2025,34,2,B34
2025-04-01,2024-04-01,5.0,STATE,Benue,Benue,Benue,North Central,FALSE,6570,NGN per refill,Average of Apr-24,FALSE,,5KG,2,GAS_PRICE_WATCH_APRIL_2025.xlsx,,LPG APR 2025,5,2,B5
2025-04-01,2024-04-01,5.0,STATE,Borno,Borno,Borno,North East,FALSE,6886.666666666667,NGN per refill,Average of Apr-24,FALSE,,5KG,2,GAS_PRICE_WATCH_APRIL_2025.xlsx,,LPG APR 2025,14,2,B14
2025-04-01,2024-04-01,5.0,STATE,Cross River,Cross River,Cross River,South South,FALSE,6750,NGN per refill,Average of Apr-24,FALSE,,5KG,2,GAS_PRICE_WATCH_APRIL_2025.xlsx,,LPG APR 2025,35,2,B35
2025-04-01,2024-04-01,5.0,STATE,Delta,Delta,Delta,South South,FALSE,6564.285714285715,NGN per refill,Average of Apr-24,FALSE,,5KG,2,GAS_PRICE_WATCH_APRIL_2025.xlsx,,LPG APR 2025,36,2,B36
2025-04-01,2024-04-01,5.0,STATE,Ebonyi,Ebonyi,Ebonyi,South East,FALSE,6666.66666666667,NGN per refill,Average of Apr-24,FALSE,,5KG,2,GAS_PRICE_WATCH_APRIL_2025.xlsx,,LPG APR 2025,29,2,B29
2025-04-01,2024-04-01,5.0,STATE,Edo,Edo,Edo,South South,FALSE,6961.11111111111,NGN per refill,Average of Apr-24,FALSE,,5KG,2,GAS_PRICE_WATCH_APRIL_2025.xlsx,,LPG APR 2025,37,2,B37
2025-04-01,2024-04-01,5.0,STATE,Ekiti,Ekiti,Ekiti,South West,FALSE,6404.545454545455,NGN per refill,Average of Apr-24,FALSE,,5KG,2,GAS_PRICE_WATCH_APRIL_2025.xlsx,,LPG APR 2025,40,2,B40
2025-04-01,2024-04-01,5.0,STATE,Enugu,Enugu,Enugu,South East,FALSE,5973.529411764706,NGN per refill,Average of Apr-24,FALSE,,5KG,2,GAS_PRICE_WATCH_APRIL_2025.xlsx,,LPG APR 2025,30,2,B30
2025-04-01,2024-04-01,5.0,STATE,Gombe,Gombe,Gombe,North East,FALSE,6391.666666666667,NGN per refill,Average of Apr-24,FALSE,,5KG,2,GAS_PRICE_WATCH_APRIL_2025.xlsx,,LPG APR 2025,15,2,B15
2025-04-01,2024-04-01,5.0,STATE,Imo,Imo,Imo,South East,FALSE,6085,NGN per refill,Average of Apr-24,FALSE,,5KG,2,GAS_PRICE_WATCH_APRIL_2025.xlsx,,LPG APR 2025,31,2,B31
2025-04-01,2024-04-01,5.0,STATE,Jigawa,Jigawa,Jigawa,North West,FALSE,6306.785714285715,NGN per refill,Average of Apr-24,FALSE,,5KG,2,GAS_PRICE_WATCH_APRIL_2025.xlsx,,LPG APR 2025,19,2,B19
2025-04-01,2024-04-01,5.0,STATE,Kaduna,Kaduna,Kaduna,North West,FALSE,6322.916666666667,NGN per refill,Average of Apr-24,FALSE,,5KG,2,GAS_PRICE_WATCH_APRIL_2025.xlsx,,LPG APR 2025,20,2,B20
2025-04-01,2024-04-01,5.0,STATE,Kano,Kano,Kano,North West,FALSE,6998.666666666667,NGN per refill,Average of Apr-24,FALSE,,5KG,2,GAS_PRICE_WATCH_APRIL_2025.xlsx,,LPG APR 2025,21,2,B21
2025-04-01,2024-04-01,5.0,STATE,Katsina,Katsina,Katsina,North West,FALSE,5981.818181818182,NGN per refill,Average of Apr-24,FALSE,,5KG,2,GAS_PRICE_WATCH_APRIL_2025.xlsx,,LPG APR 2025,22,2,B22
2025-04-01,2024-04-01,5.0,STATE,Kebbi,Kebbi,Kebbi,North West,FALSE,6758.75,NGN per refill,Average of Apr-24,FALSE,,5KG,2,GAS_PRICE_WATCH_APRIL_2025.xlsx,,LPG APR 2025,23,2,B23
2025-04-01,2024-04-01,5.0,STATE,Kogi,Kogi,Kogi,North Central,FALSE,6500,NGN per refill,Average of Apr-24,FALSE,,5KG,2,GAS_PRICE_WATCH_APRIL_2025.xlsx,,LPG APR 2025,6,2,B6
2025-04-01,2024-04-01,5.0,STATE,Kwara,Kwara,Kwara,North Central,FALSE,6528.571428571428,NGN per refill,Average of Apr-24,FALSE,,5KG,2,GAS_PRICE_WATCH_APRIL_2025.xlsx,,LPG APR 2025,7,2,B7
2025-04-01,2024-04-01,5.0,STATE,Lagos,Lagos,Lagos,South West,FALSE,6840,NGN per refill,Average of Apr-24,FALSE,,5KG,2,GAS_PRICE_WATCH_APRIL_2025.xlsx,,LPG APR 2025,41,2,B41
2025-04-01,2024-04-01,5.0,STATE,Nasarawa,Nasarawa,Nasarawa,North Central,FALSE,6690,NGN per refill,Average of Apr-24,FALSE,,5KG,2,GAS_PRICE_WATCH_APRIL_2025.xlsx,,LPG APR 2025,8,2,B8
2025-04-01,2024-04-01,5.0,STATE,Niger,Niger,Niger,North Central,FALSE,6500,NGN per refill,Average of Apr-24,FALSE,,5KG,2,GAS_PRICE_WATCH_APRIL_2025.xlsx,,LPG APR 2025,9,2,B9
2025-04-01,2024-04-01,5.0,STATE,Ogun,Ogun,Ogun,South West,FALSE,6250,NGN per refill,Average of Apr-24,FALSE,,5KG,2,GAS_PRICE_WATCH_APRIL_2025.xlsx,,LPG APR 2025,42,2,B42
2025-04-01,2024-04-01,5.0,STATE,Ondo,Ondo,Ondo,South West,FALSE,6636.666666666667,NGN per refill,Average of Apr-24,FALSE,,5KG,2,GAS_PRICE_WATCH_APRIL_2025.xlsx,,LPG APR 2025,43,2,B43
2025-04-01,2024-04-01,5.0,STATE,Osun,Osun,Osun,South West,FALSE,6365.625,NGN per refill,Average of Apr-24,FALSE,,5KG,2,GAS_PRICE_WATCH_APRIL_2025.xlsx,,LPG APR 2025,44,2,B44
2025-04-01,2024-04-01,5.0,STATE,Oyo,Oyo,Oyo,South West,FALSE,6461.538461538462,NGN per refill,Average of Apr-24,FALSE,,5KG,2,GAS_PRICE_WATCH_APRIL_2025.xlsx,,LPG APR 2025,45,2,B45
2025-04-01,2024-04-01,5.0,STATE,Plateau,Plateau,Plateau,North Central,FALSE,6522.727272727273,NGN per refill,Average of Apr-24,FALSE,,5KG,2,GAS_PRICE_WATCH_APRIL_2025.xlsx,,LPG APR 2025,10,2,B10
2025-04-01,2024-04-01,5.0,STATE,Rivers,Rivers,Rivers,South South,FALSE,6731,NGN per refill,Average of Apr-24,FALSE,,5KG,2,GAS_PRICE_WATCH_APRIL_2025.xlsx,,LPG APR 2025,38,2,B38
2025-04-01,2024-04-01,5.0,STATE,Sokoto,Sokoto,Sokoto,North West,FALSE,6462.5,NGN per refill,Average of Apr-24,FALSE,,5KG,2,GAS_PRICE_WATCH_APRIL_2025.xlsx,,LPG APR 2025,24,2,B24
2025-04-01,2024-04-01,5.0,STATE,Taraba,Taraba,Taraba,North East,FALSE,6904.1666666667,NGN per refill,Average of Apr-24,FALSE,,5KG,2,GAS_PRICE_WATCH_APRIL_2025.xlsx,,LPG APR 2025,16,2,B16
2025-04-01,2024-04-01,5.0,STATE,Yobe,Yobe,Yobe,North East,FALSE,6962.5,NGN per refill,Average of Apr-24,FALSE,,5KG,2,GAS_PRICE_WATCH_APRIL_2025.xlsx,,LPG APR 2025,17,2,B17
2025-04-01,2024-04-01,5.0,STATE,Zamfara,Zamfara,Zamfara,North West,FALSE,6454.464285714285,NGN per refill,Average of Apr-24,FALSE,,5KG,2,GAS_PRICE_WATCH_APRIL_2025.xlsx,,LPG APR 2025,25,2,B25
2025-04-01,2024-04-01,5.0,ZONE,North Central,NORTH CENTRAL,,North Central,TRUE,6544.471243042672,NGN per refill,Average of Apr-24,FALSE,,5KG,2,GAS_PRICE_WATCH_APRIL_2025.xlsx,,LPG APR 2025,3,2,B3
2025-04-01,2024-04-01,5.0,ZONE,North East,NORTH EAST,,North East,TRUE,6602.500000000006,NGN per refill,Average of Apr-24,FALSE,,5KG,2,GAS_PRICE_WATCH_APRIL_2025.xlsx,,LPG APR 2025,11,2,B11
2025-04-01,2024-04-01,5.0,ZONE,North West,NORTH WEST,,North West,TRUE,6469.414502164502,NGN per refill,Average of Apr-24,FALSE,,5KG,2,GAS_PRICE_WATCH_APRIL_2025.xlsx,,LPG APR 2025,18,2,B18
2025-04-01,2024-04-01,5.0,ZONE,South East,SOUTH EAST,,South East,TRUE,6204.860644257704,NGN per refill,Average of Apr-24,FALSE,,5KG,2,GAS_PRICE_WATCH_APRIL_2025.xlsx,,LPG APR 2025,26,2,B26
2025-04-01,2024-04-01,5.0,ZONE,South South,SOUTH SOUTH,,South South,TRUE,6767.269841269841,NGN per refill,Average of Apr-24,FALSE,,5KG,2,GAS_PRICE_WATCH_APRIL_2025.xlsx,,LPG APR 2025,32,2,B32
2025-04-01,2024-04-01,5.0,ZONE,South West,SOUTH WEST,,South West,TRUE,6493.062597125098,NGN per refill,Average of Apr-24,FALSE,,5KG,2,GAS_PRICE_WATCH_APRIL_2025.xlsx,,LPG APR 2025,39,2,B39
2025-04-01,2024-04-01,5.0,NATIONAL,Nigeria,Average,,,TRUE,6521.581028867794,NGN per refill,Average of Apr-24,FALSE,,5KG,2,GAS_PRICE_WATCH_APRIL_2025.xlsx,,LPG APR 2025,46,2,B46
2025-04-01,2024-04-01,12.5,STATE,Abia,Abia,Abia,South East,FALSE,14725,NGN per refill,Average of Apr-24,FALSE,,12.5KG,2,GAS_PRICE_WATCH_APRIL_2025.xlsx,,LPG APR 2025,27,10,J27
2025-04-01,2024-04-01,12.5,STATE,Abuja,Abuja,Abuja,North Central,FALSE,15050,NGN per refill,Average of Apr-24,FALSE,,12.5KG,2,GAS_PRICE_WATCH_APRIL_2025.xlsx,,LPG APR 2025,4,10,J4
2025-04-01,2024-04-01,12.5,STATE,Adamawa,Adamawa,Adamawa,North East,FALSE,14088.75,NGN per refill,Average of Apr-24,FALSE,,12.5KG,2,GAS_PRICE_WATCH_APRIL_2025.xlsx,,LPG APR 2025,12,10,J12
2025-04-01,2024-04-01,12.5,STATE,Akwa Ibom,Akwa Ibom,Akwa Ibom,South South,FALSE,16788.88888888889,NGN per refill,Average of Apr-24,FALSE,,12.5KG,2,GAS_PRICE_WATCH_APRIL_2025.xlsx,,LPG APR 2025,33,10,J33
2025-04-01,2024-04-01,12.5,STATE,Anambra,Anambra,Anambra,South East,FALSE,17142.8571428571,NGN per refill,Average of Apr-24,FALSE,,12.5KG,2,GAS_PRICE_WATCH_APRIL_2025.xlsx,,LPG APR 2025,28,10,J28
2025-04-01,2024-04-01,12.5,STATE,Bauchi,Bauchi,Bauchi,North East,FALSE,13745.1195506063,NGN per refill,Average of Apr-24,FALSE,,12.5KG,2,GAS_PRICE_WATCH_APRIL_2025.xlsx,,LPG APR 2025,13,10,J13
2025-04-01,2024-04-01,12.5,STATE,Bayelsa,Bayelsa,Bayelsa,South South,FALSE,16975,NGN per refill,Average of Apr-24,FALSE,,12.5KG,2,GAS_PRICE_WATCH_APRIL_2025.xlsx,,LPG APR 2025,34,10,J34
2025-04-01,2024-04-01,12.5,STATE,Benue,Benue,Benue,North Central,FALSE,15650,NGN per refill,Average of Apr-24,FALSE,,12.5KG,2,GAS_PRICE_WATCH_APRIL_2025.xlsx,,LPG APR 2025,5,10,J5
2025-04-01,2024-04-01,12.5,STATE,Borno,Borno,Borno,North East,FALSE,15305,NGN per refill,Average of Apr-24,FALSE,,12.5KG,2,GAS_PRICE_WATCH_APRIL_2025.xlsx,,LPG APR 2025,14,10,J14
2025-04-01,2024-04-01,12.5,STATE,Cross River,Cross River,Cross River,South South,FALSE,16796.428571428572,NGN per refill,Average of Apr-24,FALSE,,12.5KG,2,GAS_PRICE_WATCH_APRIL_2025.xlsx,,LPG APR 2025,35,10,J35
2025-04-01,2024-04-01,12.5,STATE,Delta,Delta,Delta,South South,FALSE,15921.42857142857,NGN per refill,Average of Apr-24,FALSE,,12.5KG,2,GAS_PRICE_WATCH_APRIL_2025.xlsx,,LPG APR 2025,36,10,J36
2025-04-01,2024-04-01,12.5,STATE,Ebonyi,Ebonyi,Ebonyi,South East,FALSE,16500,NGN per refill,Average of Apr-24,FALSE,,12.5KG,2,GAS_PRICE_WATCH_APRIL_2025.xlsx,,LPG APR 2025,29,10,J29
2025-04-01,2024-04-01,12.5,STATE,Edo,Edo,Edo,South South,FALSE,15784.375,NGN per refill,Average of Apr-24,FALSE,,12.5KG,2,GAS_PRICE_WATCH_APRIL_2025.xlsx,,LPG APR 2025,37,10,J37
2025-04-01,2024-04-01,12.5,STATE,Ekiti,Ekiti,Ekiti,South West,FALSE,15897.727272727272,NGN per refill,Average of Apr-24,FALSE,,12.5KG,2,GAS_PRICE_WATCH_APRIL_2025.xlsx,,LPG APR 2025,40,10,J40
2025-04-01,2024-04-01,12.5,STATE,Enugu,Enugu,Enugu,South East,FALSE,14117.64705882353,NGN per refill,Average of Apr-24,FALSE,,12.5KG,2,GAS_PRICE_WATCH_APRIL_2025.xlsx,,LPG APR 2025,30,10,J30
2025-04-01,2024-04-01,12.5,STATE,Gombe,Gombe,Gombe,North East,FALSE,15323.333333333334,NGN per refill,Average of Apr-24,FALSE,,12.5KG,2,GAS_PRICE_WATCH_APRIL_2025.xlsx,,LPG APR 2025,15,10,J15
2025-04-01,2024-04-01,12.5,STATE,Imo,Imo,Imo,South East,FALSE,16150,NGN per refill,Average of Apr-24,FALSE,,12.5KG,2,GAS_PRICE_WATCH_APRIL_2025.xlsx,,LPG APR 2025,31,10,J31
2025-04-01,2024-04-01,12.5,STATE,Jigawa,Jigawa,Jigawa,North West,FALSE,15390,NGN per refill,Average of Apr-24,FALSE,,12.5KG,2,GAS_PRICE_WATCH_APRIL_2025.xlsx,,LPG APR 2025,19,10,J19
2025-04-01,2024-04-01,12.5,STATE,Kaduna,Kaduna,Kaduna,North West,FALSE,14527.67857142857,NGN per refill,Average of Apr-24,FALSE,,12.5KG,2,GAS_PRICE_WATCH_APRIL_2025.xlsx,,LPG APR 2025,20,10,J20
2025-04-01,2024-04-01,12.5,STATE,Kano,Kano,Kano,North West,FALSE,16014.583333333334,NGN per refill,Average of Apr-24,FALSE,,12.5KG,2,GAS_PRICE_WATCH_APRIL_2025.xlsx,,LPG APR 2025,21,10,J21
2025-04-01,2024-04-01,12.5,STATE,Katsina,Katsina,Katsina,North West,FALSE,14227.5,NGN per refill,Average of Apr-24,FALSE,,12.5KG,2,GAS_PRICE_WATCH_APRIL_2025.xlsx,,LPG APR 2025,22,10,J22
2025-04-01,2024-04-01,12.5,STATE,Kebbi,Taraba,Kebbi,North West,FALSE,14299,NGN per refill,Average of Apr-24,FALSE,LPG_12_5KG_KEBBI_LABELLED_TARABA,12.5KG,2,GAS_PRICE_WATCH_APRIL_2025.xlsx,,LPG APR 2025,23,10,J23
2025-04-01,2024-04-01,12.5,STATE,Kogi,Kogi,Kogi,North Central,FALSE,13967.307692307691,NGN per refill,Average of Apr-24,FALSE,,12.5KG,2,GAS_PRICE_WATCH_APRIL_2025.xlsx,,LPG APR 2025,6,10,J6
2025-04-01,2024-04-01,12.5,STATE,Kwara,Kwara,Kwara,North Central,FALSE,14178.57142857143,NGN per refill,Average of Apr-24,FALSE,,12.5KG,2,GAS_PRICE_WATCH_APRIL_2025.xlsx,,LPG APR 2025,7,10,J7
2025-04-01,2024-04-01,12.5,STATE,Lagos,Lagos,Lagos,South West,FALSE,15640.90909090909,NGN per refill,Average of Apr-24,FALSE,,12.5KG,2,GAS_PRICE_WATCH_APRIL_2025.xlsx,,LPG APR 2025,41,10,J41
2025-04-01,2024-04-01,12.5,STATE,Nasarawa,Nasarawa,Nasarawa,North Central,FALSE,15743.75,NGN per refill,Average of Apr-24,FALSE,,12.5KG,2,GAS_PRICE_WATCH_APRIL_2025.xlsx,,LPG APR 2025,8,10,J8
2025-04-01,2024-04-01,12.5,STATE,Niger,Niger,Niger,North Central,FALSE,14864.285714285714,NGN per refill,Average of Apr-24,FALSE,,12.5KG,2,GAS_PRICE_WATCH_APRIL_2025.xlsx,,LPG APR 2025,9,10,J9
2025-04-01,2024-04-01,12.5,STATE,Ogun,Ogun,Ogun,South West,FALSE,15472.727272727272,NGN per refill,Average of Apr-24,FALSE,,12.5KG,2,GAS_PRICE_WATCH_APRIL_2025.xlsx,,LPG APR 2025,42,10,J42
2025-04-01,2024-04-01,12.5,STATE,Ondo,Ondo,Ondo,South West,FALSE,16500,NGN per refill,Average of Apr-24,FALSE,,12.5KG,2,GAS_PRICE_WATCH_APRIL_2025.xlsx,,LPG APR 2025,43,10,J43
2025-04-01,2024-04-01,12.5,STATE,Osun,Osun,Osun,South West,FALSE,17801.6666666667,NGN per refill,Average of Apr-24,FALSE,,12.5KG,2,GAS_PRICE_WATCH_APRIL_2025.xlsx,,LPG APR 2025,44,10,J44
2025-04-01,2024-04-01,12.5,STATE,Oyo,Oyo,Oyo,South West,FALSE,16073.076923076924,NGN per refill,Average of Apr-24,FALSE,,12.5KG,2,GAS_PRICE_WATCH_APRIL_2025.xlsx,,LPG APR 2025,45,10,J45
2025-04-01,2024-04-01,12.5,STATE,Plateau,Plateau,Plateau,North Central,FALSE,15818.181818181818,NGN per refill,Average of Apr-24,FALSE,,12.5KG,2,GAS_PRICE_WATCH_APRIL_2025.xlsx,,LPG APR 2025,10,10,J10
2025-04-01,2024-04-01,12.5,STATE,Rivers,Rivers,Rivers,South South,FALSE,16255,NGN per refill,Average of Apr-24,FALSE,,12.5KG,2,GAS_PRICE_WATCH_APRIL_2025.xlsx,,LPG APR 2025,38,10,J38
2025-04-01,2024-04-01,12.5,STATE,Sokoto,Sokoto,Sokoto,North West,FALSE,16794.25,NGN per refill,Average of Apr-24,FALSE,,12.5KG,2,GAS_PRICE_WATCH_APRIL_2025.xlsx,,LPG APR 2025,24,10,J24
2025-04-01,2024-04-01,12.5,STATE,Taraba,Taraba,Taraba,North East,FALSE,16200,NGN per refill,Average of Apr-24,FALSE,,12.5KG,2,GAS_PRICE_WATCH_APRIL_2025.xlsx,,LPG APR 2025,16,10,J16
2025-04-01,2024-04-01,12.5,STATE,Yobe,Yobe,Yobe,North East,FALSE,16458.466796875,NGN per refill,Average of Apr-24,FALSE,,12.5KG,2,GAS_PRICE_WATCH_APRIL_2025.xlsx,,LPG APR 2025,17,10,J17
2025-04-01,2024-04-01,12.5,STATE,Zamfara,Zamfara,Zamfara,North West,FALSE,16408.0357142857,NGN per refill,Average of Apr-24,FALSE,,12.5KG,2,GAS_PRICE_WATCH_APRIL_2025.xlsx,,LPG APR 2025,25,10,J25
2025-04-01,2024-04-01,12.5,ZONE,North Central,NORTH CENTRAL,,North Central,TRUE,15038.87095047809,NGN per refill,Average of Apr-24,FALSE,,12.5KG,2,GAS_PRICE_WATCH_APRIL_2025.xlsx,,LPG APR 2025,3,10,J3
2025-04-01,2024-04-01,12.5,ZONE,North East,NORTH EAST,,North East,TRUE,15186.778280135773,NGN per refill,Average of Apr-24,FALSE,,12.5KG,2,GAS_PRICE_WATCH_APRIL_2025.xlsx,,LPG APR 2025,11,10,J11
2025-04-01,2024-04-01,12.5,ZONE,North West,NORTH WEST,,North West,TRUE,15380.149659863944,NGN per refill,Average of Apr-24,FALSE,,12.5KG,2,GAS_PRICE_WATCH_APRIL_2025.xlsx,,LPG APR 2025,18,10,J18
2025-04-01,2024-04-01,12.5,ZONE,South East,SOUTH EAST,,South East,TRUE,15727.100840336125,NGN per refill,Average of Apr-24,FALSE,,12.5KG,2,GAS_PRICE_WATCH_APRIL_2025.xlsx,,LPG APR 2025,26,10,J26
2025-04-01,2024-04-01,12.5,ZONE,South South,SOUTH SOUTH,,South South,TRUE,16420.18683862434,NGN per refill,Average of Apr-24,FALSE,,12.5KG,2,GAS_PRICE_WATCH_APRIL_2025.xlsx,,LPG APR 2025,32,10,J32
2025-04-01,2024-04-01,12.5,ZONE,South West,SOUTH WEST,,South West,TRUE,16231.017871017875,NGN per refill,Average of Apr-24,FALSE,,12.5KG,2,GAS_PRICE_WATCH_APRIL_2025.xlsx,,LPG APR 2025,39,10,J39
2025-04-01,2024-04-01,12.5,NATIONAL,Nigeria,Average,,,TRUE,15637.744497641697,NGN per refill,Average of Apr-24,FALSE,,12.5KG,2,GAS_PRICE_WATCH_APRIL_2025.xlsx,,LPG APR 2025,46,10,J46
2025-04-01,2025-03-01,5.0,STATE,Abia,Abia,Abia,South East,FALSE,7508.0490627304,NGN per refill,Average of Mar-25,FALSE,,5KG,2,GAS_PRICE_WATCH_APRIL_2025.xlsx,,LPG APR 2025,27,3,C27
2025-04-01,2025-03-01,5.0,STATE,Abuja,Abuja,Abuja,North Central,FALSE,7144.1904,NGN per refill,Average of Mar-25,FALSE,,5KG,2,GAS_PRICE_WATCH_APRIL_2025.xlsx,,LPG APR 2025,4,3,C4
2025-04-01,2025-03-01,5.0,STATE,Adamawa,Adamawa,Adamawa,North East,FALSE,7315.68,NGN per refill,Average of Mar-25,FALSE,,5KG,2,GAS_PRICE_WATCH_APRIL_2025.xlsx,,LPG APR 2025,12,3,C12
2025-04-01,2025-03-01,5.0,STATE,Akwa Ibom,Akwa Ibom,Akwa Ibom,South South,FALSE,8049.52,NGN per refill,Average of Mar-25,FALSE,,5KG,2,GAS_PRICE_WATCH_APRIL_2025.xlsx,,LPG APR 2025,33,3,C33
2025-04-01,2025-03-01,5.0,STATE,Anambra,Anambra,Anambra,South East,FALSE,7112.27314,NGN per refill,Average of Mar-25,FALSE,,5KG,2,GAS_PRICE_WATCH_APRIL_2025.xlsx,,LPG APR 2025,28,3,C28
2025-04-01,2025-03-01,5.0,STATE,Bauchi,Bauchi,Bauchi,North East,FALSE,7900.6,NGN per refill,Average of Mar-25,FALSE,,5KG,2,GAS_PRICE_WATCH_APRIL_2025.xlsx,,LPG APR 2025,13,3,C13
2025-04-01,2025-03-01,5.0,STATE,Bayelsa,Bayelsa,Bayelsa,South South,FALSE,7190,NGN per refill,Average of Mar-25,FALSE,,5KG,2,GAS_PRICE_WATCH_APRIL_2025.xlsx,,LPG APR 2025,34,3,C34
2025-04-01,2025-03-01,5.0,STATE,Benue,Benue,Benue,North Central,FALSE,7508.103999999999,NGN per refill,Average of Mar-25,FALSE,,5KG,2,GAS_PRICE_WATCH_APRIL_2025.xlsx,,LPG APR 2025,5,3,C5
2025-04-01,2025-03-01,5.0,STATE,Borno,Borno,Borno,North East,FALSE,6895.84,NGN per refill,Average of Mar-25,FALSE,,5KG,2,GAS_PRICE_WATCH_APRIL_2025.xlsx,,LPG APR 2025,14,3,C14
2025-04-01,2025-03-01,5.0,STATE,Cross River,Cross River,Cross River,South South,FALSE,7473.69,NGN per refill,Average of Mar-25,FALSE,,5KG,2,GAS_PRICE_WATCH_APRIL_2025.xlsx,,LPG APR 2025,35,3,C35
2025-04-01,2025-03-01,5.0,STATE,Delta,Delta,Delta,South South,FALSE,7015.304,NGN per refill,Average of Mar-25,FALSE,,5KG,2,GAS_PRICE_WATCH_APRIL_2025.xlsx,,LPG APR 2025,36,3,C36
2025-04-01,2025-03-01,5.0,STATE,Ebonyi,Ebonyi,Ebonyi,South East,FALSE,7248.1328172,NGN per refill,Average of Mar-25,FALSE,,5KG,2,GAS_PRICE_WATCH_APRIL_2025.xlsx,,LPG APR 2025,29,3,C29
2025-04-01,2025-03-01,5.0,STATE,Edo,Edo,Edo,South South,FALSE,7774.35777777776,NGN per refill,Average of Mar-25,FALSE,,5KG,2,GAS_PRICE_WATCH_APRIL_2025.xlsx,,LPG APR 2025,37,3,C37
2025-04-01,2025-03-01,5.0,STATE,Ekiti,Ekiti,Ekiti,South West,FALSE,7195.7232,NGN per refill,Average of Mar-25,FALSE,,5KG,2,GAS_PRICE_WATCH_APRIL_2025.xlsx,,LPG APR 2025,40,3,C40
2025-04-01,2025-03-01,5.0,STATE,Enugu,Enugu,Enugu,South East,FALSE,7500.3622222222,NGN per refill,Average of Mar-25,FALSE,,5KG,2,GAS_PRICE_WATCH_APRIL_2025.xlsx,,LPG APR 2025,30,3,C30
2025-04-01,2025-03-01,5.0,STATE,Gombe,Gombe,Gombe,North East,FALSE,7518.912346000001,NGN per refill,Average of Mar-25,FALSE,,5KG,2,GAS_PRICE_WATCH_APRIL_2025.xlsx,,LPG APR 2025,15,3,C15
2025-04-01,2025-03-01,5.0,STATE,Imo,Imo,Imo,South East,FALSE,7988.05133333332,NGN per refill,Average of Mar-25,FALSE,,5KG,2,GAS_PRICE_WATCH_APRIL_2025.xlsx,,LPG APR 2025,31,3,C31
2025-04-01,2025-03-01,5.0,STATE,Jigawa,Jigawa,Jigawa,North West,FALSE,7042.772500000001,NGN per refill,Average of Mar-25,FALSE,,5KG,2,GAS_PRICE_WATCH_APRIL_2025.xlsx,,LPG APR 2025,19,3,C19
2025-04-01,2025-03-01,5.0,STATE,Kaduna,Kaduna,Kaduna,North West,FALSE,7332.535,NGN per refill,Average of Mar-25,FALSE,,5KG,2,GAS_PRICE_WATCH_APRIL_2025.xlsx,,LPG APR 2025,20,3,C20
2025-04-01,2025-03-01,5.0,STATE,Kano,Kano,Kano,North West,FALSE,7949.56,NGN per refill,Average of Mar-25,FALSE,,5KG,2,GAS_PRICE_WATCH_APRIL_2025.xlsx,,LPG APR 2025,21,3,C21
2025-04-01,2025-03-01,5.0,STATE,Katsina,Katsina,Katsina,North West,FALSE,7358.344999999999,NGN per refill,Average of Mar-25,FALSE,,5KG,2,GAS_PRICE_WATCH_APRIL_2025.xlsx,,LPG APR 2025,22,3,C22
2025-04-01,2025-03-01,5.0,STATE,Kebbi,Kebbi,Kebbi,North West,FALSE,6336.280000000001,NGN per refill,Average of Mar-25,FALSE,,5KG,2,GAS_PRICE_WATCH_APRIL_2025.xlsx,,LPG APR 2025,23,3,C23
2025-04-01,2025-03-01,5.0,STATE,Kogi,Kogi,Kogi,North Central,FALSE,7266.080000000001,NGN per refill,Average of Mar-25,FALSE,,5KG,2,GAS_PRICE_WATCH_APRIL_2025.xlsx,,LPG APR 2025,6,3,C6
2025-04-01,2025-03-01,5.0,STATE,Kwara,Kwara,Kwara,North Central,FALSE,6728.088,NGN per refill,Average of Mar-25,FALSE,,5KG,2,GAS_PRICE_WATCH_APRIL_2025.xlsx,,LPG APR 2025,7,3,C7
2025-04-01,2025-03-01,5.0,STATE,Lagos,Lagos,Lagos,South West,FALSE,7279.700000000001,NGN per refill,Average of Mar-25,FALSE,,5KG,2,GAS_PRICE_WATCH_APRIL_2025.xlsx,,LPG APR 2025,41,3,C41
2025-04-01,2025-03-01,5.0,STATE,Nasarawa,Nasarawa,Nasarawa,North Central,FALSE,6864.52171451872,NGN per refill,Average of Mar-25,FALSE,,5KG,2,GAS_PRICE_WATCH_APRIL_2025.xlsx,,LPG APR 2025,8,3,C8
2025-04-01,2025-03-01,5.0,STATE,Niger,Niger,Niger,North Central,FALSE,6831.549768914,NGN per refill,Average of Mar-25,FALSE,,5KG,2,GAS_PRICE_WATCH_APRIL_2025.xlsx,,LPG APR 2025,9,3,C9
2025-04-01,2025-03-01,5.0,STATE,Ogun,Ogun,Ogun,South West,FALSE,7195.582857142857,NGN per refill,Average of Mar-25,FALSE,,5KG,2,GAS_PRICE_WATCH_APRIL_2025.xlsx,,LPG APR 2025,42,3,C42
2025-04-01,2025-03-01,5.0,STATE,Ondo,Ondo,Ondo,South West,FALSE,6961.5929047561,NGN per refill,Average of Mar-25,FALSE,,5KG,2,GAS_PRICE_WATCH_APRIL_2025.xlsx,,LPG APR 2025,43,3,C43
2025-04-01,2025-03-01,5.0,STATE,Osun,Osun,Osun,South West,FALSE,7341.088888888889,NGN per refill,Average of Mar-25,FALSE,,5KG,2,GAS_PRICE_WATCH_APRIL_2025.xlsx,,LPG APR 2025,44,3,C44
2025-04-01,2025-03-01,5.0,STATE,Oyo,Oyo,Oyo,South West,FALSE,6684.30857142856,NGN per refill,Average of Mar-25,FALSE,,5KG,2,GAS_PRICE_WATCH_APRIL_2025.xlsx,,LPG APR 2025,45,3,C45
2025-04-01,2025-03-01,5.0,STATE,Plateau,Plateau,Plateau,North Central,FALSE,6988.09333333332,NGN per refill,Average of Mar-25,FALSE,,5KG,2,GAS_PRICE_WATCH_APRIL_2025.xlsx,,LPG APR 2025,10,3,C10
2025-04-01,2025-03-01,5.0,STATE,Rivers,Rivers,Rivers,South South,FALSE,8085.9177777778,NGN per refill,Average of Mar-25,FALSE,,5KG,2,GAS_PRICE_WATCH_APRIL_2025.xlsx,,LPG APR 2025,38,3,C38
2025-04-01,2025-03-01,5.0,STATE,Sokoto,Sokoto,Sokoto,North West,FALSE,8157.380000000001,NGN per refill,Average of Mar-25,FALSE,,5KG,2,GAS_PRICE_WATCH_APRIL_2025.xlsx,,LPG APR 2025,24,3,C24
2025-04-01,2025-03-01,5.0,STATE,Taraba,Taraba,Taraba,North East,FALSE,8056.75,NGN per refill,Average of Mar-25,FALSE,,5KG,2,GAS_PRICE_WATCH_APRIL_2025.xlsx,,LPG APR 2025,16,3,C16
2025-04-01,2025-03-01,5.0,STATE,Yobe,Yobe,Yobe,North East,FALSE,7026.4,NGN per refill,Average of Mar-25,FALSE,,5KG,2,GAS_PRICE_WATCH_APRIL_2025.xlsx,,LPG APR 2025,17,3,C17
2025-04-01,2025-03-01,5.0,STATE,Zamfara,Zamfara,Zamfara,North West,FALSE,7106.77,NGN per refill,Average of Mar-25,FALSE,,5KG,2,GAS_PRICE_WATCH_APRIL_2025.xlsx,,LPG APR 2025,25,3,C25
2025-04-01,2025-03-01,5.0,ZONE,North Central,NORTH CENTRAL,,North Central,TRUE,7047.232459538007,NGN per refill,Average of Mar-25,FALSE,,5KG,2,GAS_PRICE_WATCH_APRIL_2025.xlsx,,LPG APR 2025,3,3,C3
2025-04-01,2025-03-01,5.0,ZONE,North East,NORTH EAST,,North East,TRUE,7452.363724333335,NGN per refill,Average of Mar-25,FALSE,,5KG,2,GAS_PRICE_WATCH_APRIL_2025.xlsx,,LPG APR 2025,11,3,C11
2025-04-01,2025-03-01,5.0,ZONE,North West,NORTH WEST,,North West,TRUE,7326.234642857143,NGN per refill,Average of Mar-25,FALSE,,5KG,2,GAS_PRICE_WATCH_APRIL_2025.xlsx,,LPG APR 2025,18,3,C18
2025-04-01,2025-03-01,5.0,ZONE,South East,SOUTH EAST,,South East,TRUE,7471.373715097184,NGN per refill,Average of Mar-25,FALSE,,5KG,2,GAS_PRICE_WATCH_APRIL_2025.xlsx,,LPG APR 2025,26,3,C26
2025-04-01,2025-03-01,5.0,ZONE,South South,SOUTH SOUTH,,South South,TRUE,7598.131592592593,NGN per refill,Average of Mar-25,FALSE,,5KG,2,GAS_PRICE_WATCH_APRIL_2025.xlsx,,LPG APR 2025,32,3,C32
2025-04-01,2025-03-01,5.0,ZONE,South West,SOUTH WEST,,South West,TRUE,7109.666070369402,NGN per refill,Average of Mar-25,FALSE,,5KG,2,GAS_PRICE_WATCH_APRIL_2025.xlsx,,LPG APR 2025,39,3,C39
2025-04-01,2025-03-01,5.0,NATIONAL,Nigeria,Average,,,TRUE,7322.489368000648,NGN per refill,Average of Mar-25,FALSE,,5KG,2,GAS_PRICE_WATCH_APRIL_2025.xlsx,,LPG APR 2025,46,3,C46
2025-04-01,2025-03-01,12.5,STATE,Abia,Abia,Abia,South East,FALSE,18820.122656826,NGN per refill,Average of Mar-25,FALSE,,12.5KG,2,GAS_PRICE_WATCH_APRIL_2025.xlsx,,LPG APR 2025,27,11,K27
2025-04-01,2025-03-01,12.5,STATE,Abuja,Abuja,Abuja,North Central,FALSE,17110.476,NGN per refill,Average of Mar-25,FALSE,,12.5KG,2,GAS_PRICE_WATCH_APRIL_2025.xlsx,,LPG APR 2025,4,11,K4
2025-04-01,2025-03-01,12.5,STATE,Adamawa,Adamawa,Adamawa,North East,FALSE,18289.2,NGN per refill,Average of Mar-25,FALSE,,12.5KG,2,GAS_PRICE_WATCH_APRIL_2025.xlsx,,LPG APR 2025,12,11,K12
2025-04-01,2025-03-01,12.5,STATE,Akwa Ibom,Akwa Ibom,Akwa Ibom,South South,FALSE,20623.8,NGN per refill,Average of Mar-25,FALSE,,12.5KG,2,GAS_PRICE_WATCH_APRIL_2025.xlsx,,LPG APR 2025,33,11,K33
2025-04-01,2025-03-01,12.5,STATE,Anambra,Anambra,Anambra,South East,FALSE,18280.68285,NGN per refill,Average of Mar-25,FALSE,,12.5KG,2,GAS_PRICE_WATCH_APRIL_2025.xlsx,,LPG APR 2025,28,11,K28
2025-04-01,2025-03-01,12.5,STATE,Bauchi,Bauchi,Bauchi,North East,FALSE,19752,NGN per refill,Average of Mar-25,FALSE,,12.5KG,2,GAS_PRICE_WATCH_APRIL_2025.xlsx,,LPG APR 2025,13,11,K13
2025-04-01,2025-03-01,12.5,STATE,Bayelsa,Bayelsa,Bayelsa,South South,FALSE,19475,NGN per refill,Average of Mar-25,FALSE,,12.5KG,2,GAS_PRICE_WATCH_APRIL_2025.xlsx,,LPG APR 2025,34,11,K34
2025-04-01,2025-03-01,12.5,STATE,Benue,Benue,Benue,North Central,FALSE,18770.26,NGN per refill,Average of Mar-25,FALSE,,12.5KG,2,GAS_PRICE_WATCH_APRIL_2025.xlsx,,LPG APR 2025,5,11,K5
2025-04-01,2025-03-01,12.5,STATE,Borno,Borno,Borno,North East,FALSE,17239.6,NGN per refill,Average of Mar-25,FALSE,,12.5KG,2,GAS_PRICE_WATCH_APRIL_2025.xlsx,,LPG APR 2025,14,11,K14
2025-04-01,2025-03-01,12.5,STATE,Cross River,Cross River,Cross River,South South,FALSE,20934.225,NGN per refill,Average of Mar-25,FALSE,,12.5KG,2,GAS_PRICE_WATCH_APRIL_2025.xlsx,,LPG APR 2025,35,11,K35
2025-04-01,2025-03-01,12.5,STATE,Delta,Delta,Delta,South South,FALSE,20038.26,NGN per refill,Average of Mar-25,FALSE,,12.5KG,2,GAS_PRICE_WATCH_APRIL_2025.xlsx,,LPG APR 2025,36,11,K36
2025-04-01,2025-03-01,12.5,STATE,Ebonyi,Ebonyi,Ebonyi,South East,FALSE,19870.332043,NGN per refill,Average of Mar-25,FALSE,,12.5KG,2,GAS_PRICE_WATCH_APRIL_2025.xlsx,,LPG APR 2025,29,11,K29
2025-04-01,2025-03-01,12.5,STATE,Edo,Edo,Edo,South South,FALSE,19185.8944444444,NGN per refill,Average of Mar-25,FALSE,,12.5KG,2,GAS_PRICE_WATCH_APRIL_2025.xlsx,,LPG APR 2025,37,11,K37
2025-04-01,2025-03-01,12.5,STATE,Ekiti,Ekiti,Ekiti,South West,FALSE,16739.307999999997,NGN per refill,Average of Mar-25,FALSE,,12.5KG,2,GAS_PRICE_WATCH_APRIL_2025.xlsx,,LPG APR 2025,40,11,K40
2025-04-01,2025-03-01,12.5,STATE,Enugu,Enugu,Enugu,South East,FALSE,18750.9055555555,NGN per refill,Average of Mar-25,FALSE,,12.5KG,2,GAS_PRICE_WATCH_APRIL_2025.xlsx,,LPG APR 2025,30,11,K30
2025-04-01,2025-03-01,12.5,STATE,Gombe,Gombe,Gombe,North East,FALSE,18797.280865,NGN per refill,Average of Mar-25,FALSE,,12.5KG,2,GAS_PRICE_WATCH_APRIL_2025.xlsx,,LPG APR 2025,15,11,K15
2025-04-01,2025-03-01,12.5,STATE,Imo,Imo,Imo,South East,FALSE,19970.1283333333,NGN per refill,Average of Mar-25,FALSE,,12.5KG,2,GAS_PRICE_WATCH_APRIL_2025.xlsx,,LPG APR 2025,31,11,K31
2025-04-01,2025-03-01,12.5,STATE,Jigawa,Jigawa,Jigawa,North West,FALSE,17606.93125,NGN per refill,Average of Mar-25,FALSE,,12.5KG,2,GAS_PRICE_WATCH_APRIL_2025.xlsx,,LPG APR 2025,19,11,K19
2025-04-01,2025-03-01,12.5,STATE,Kaduna,Kaduna,Kaduna,North West,FALSE,18331.3375,NGN per refill,Average of Mar-25,FALSE,,12.5KG,2,GAS_PRICE_WATCH_APRIL_2025.xlsx,,LPG APR 2025,20,11,K20
2025-04-01,2025-03-01,12.5,STATE,Kano,Kano,Kano,North West,FALSE,19873.9,NGN per refill,Average of Mar-25,FALSE,,12.5KG,2,GAS_PRICE_WATCH_APRIL_2025.xlsx,,LPG APR 2025,21,11,K21
2025-04-01,2025-03-01,12.5,STATE,Katsina,Katsina,Katsina,North West,FALSE,18395.8625,NGN per refill,Average of Mar-25,FALSE,,12.5KG,2,GAS_PRICE_WATCH_APRIL_2025.xlsx,,LPG APR 2025,22,11,K22
2025-04-01,2025-03-01,12.5,STATE,Kebbi,Taraba,Kebbi,North West,FALSE,15840.7,NGN per refill,Average of Mar-25,FALSE,LPG_12_5KG_KEBBI_LABELLED_TARABA,12.5KG,2,GAS_PRICE_WATCH_APRIL_2025.xlsx,,LPG APR 2025,23,11,K23
2025-04-01,2025-03-01,12.5,STATE,Kogi,Kogi,Kogi,North Central,FALSE,18165.2,NGN per refill,Average of Mar-25,FALSE,,12.5KG,2,GAS_PRICE_WATCH_APRIL_2025.xlsx,,LPG APR 2025,6,11,K6
2025-04-01,2025-03-01,12.5,STATE,Kwara,Kwara,Kwara,North Central,FALSE,16820.22,NGN per refill,Average of Mar-25,FALSE,,12.5KG,2,GAS_PRICE_WATCH_APRIL_2025.xlsx,,LPG APR 2025,7,11,K7
2025-04-01,2025-03-01,12.5,STATE,Lagos,Lagos,Lagos,South West,FALSE,18199.25,NGN per refill,Average of Mar-25,FALSE,,12.5KG,2,GAS_PRICE_WATCH_APRIL_2025.xlsx,,LPG APR 2025,41,11,K41
2025-04-01,2025-03-01,12.5,STATE,Nasarawa,Nasarawa,Nasarawa,North Central,FALSE,15661.3042862968,NGN per refill,Average of Mar-25,FALSE,,12.5KG,2,GAS_PRICE_WATCH_APRIL_2025.xlsx,,LPG APR 2025,8,11,K8
2025-04-01,2025-03-01,12.5,STATE,Niger,Niger,Niger,North Central,FALSE,17078.874422285,NGN per refill,Average of Mar-25,FALSE,,12.5KG,2,GAS_PRICE_WATCH_APRIL_2025.xlsx,,LPG APR 2025,9,11,K9
2025-04-01,2025-03-01,12.5,STATE,Ogun,Ogun,Ogun,South West,FALSE,17988.957142857143,NGN per refill,Average of Mar-25,FALSE,,12.5KG,2,GAS_PRICE_WATCH_APRIL_2025.xlsx,,LPG APR 2025,42,11,K42
2025-04-01,2025-03-01,12.5,STATE,Ondo,Ondo,Ondo,South West,FALSE,17403.98226189025,NGN per refill,Average of Mar-25,FALSE,,12.5KG,2,GAS_PRICE_WATCH_APRIL_2025.xlsx,,LPG APR 2025,43,11,K43
2025-04-01,2025-03-01,12.5,STATE,Osun,Osun,Osun,South West,FALSE,18352.722222222223,NGN per refill,Average of Mar-25,FALSE,,12.5KG,2,GAS_PRICE_WATCH_APRIL_2025.xlsx,,LPG APR 2025,44,11,K44
2025-04-01,2025-03-01,12.5,STATE,Oyo,Oyo,Oyo,South West,FALSE,16710.7714285714,NGN per refill,Average of Mar-25,FALSE,,12.5KG,2,GAS_PRICE_WATCH_APRIL_2025.xlsx,,LPG APR 2025,45,11,K45
2025-04-01,2025-03-01,12.5,STATE,Plateau,Plateau,Plateau,North Central,FALSE,17470.2333333333,NGN per refill,Average of Mar-25,FALSE,,12.5KG,2,GAS_PRICE_WATCH_APRIL_2025.xlsx,,LPG APR 2025,10,11,K10
2025-04-01,2025-03-01,12.5,STATE,Rivers,Rivers,Rivers,South South,FALSE,20964.7944444445,NGN per refill,Average of Mar-25,FALSE,,12.5KG,2,GAS_PRICE_WATCH_APRIL_2025.xlsx,,LPG APR 2025,38,11,K38
2025-04-01,2025-03-01,12.5,STATE,Sokoto,Sokoto,Sokoto,North West,FALSE,20393.45,NGN per refill,Average of Mar-25,FALSE,,12.5KG,2,GAS_PRICE_WATCH_APRIL_2025.xlsx,,LPG APR 2025,24,11,K24
2025-04-01,2025-03-01,12.5,STATE,Taraba,Taraba,Taraba,North East,FALSE,20141.875,NGN per refill,Average of Mar-25,FALSE,,12.5KG,2,GAS_PRICE_WATCH_APRIL_2025.xlsx,,LPG APR 2025,16,11,K16
2025-04-01,2025-03-01,12.5,STATE,Yobe,Yobe,Yobe,North East,FALSE,17066,NGN per refill,Average of Mar-25,FALSE,,12.5KG,2,GAS_PRICE_WATCH_APRIL_2025.xlsx,,LPG APR 2025,17,11,K17
2025-04-01,2025-03-01,12.5,STATE,Zamfara,Zamfara,Zamfara,North West,FALSE,17766.925,NGN per refill,Average of Mar-25,FALSE,,12.5KG,2,GAS_PRICE_WATCH_APRIL_2025.xlsx,,LPG APR 2025,25,11,K25
2025-04-01,2025-03-01,12.5,ZONE,North Central,NORTH CENTRAL,,North Central,TRUE,17296.652577416444,NGN per refill,Average of Mar-25,FALSE,,12.5KG,2,GAS_PRICE_WATCH_APRIL_2025.xlsx,,LPG APR 2025,3,11,K3
2025-04-01,2025-03-01,12.5,ZONE,North East,NORTH EAST,,North East,TRUE,18547.659310833333,NGN per refill,Average of Mar-25,FALSE,,12.5KG,2,GAS_PRICE_WATCH_APRIL_2025.xlsx,,LPG APR 2025,11,11,K11
2025-04-01,2025-03-01,12.5,ZONE,North West,NORTH WEST,,North West,TRUE,18315.586607142857,NGN per refill,Average of Mar-25,FALSE,,12.5KG,2,GAS_PRICE_WATCH_APRIL_2025.xlsx,,LPG APR 2025,18,11,K18
2025-04-01,2025-03-01,12.5,ZONE,South East,SOUTH EAST,,South East,TRUE,19138.43428774296,NGN per refill,Average of Mar-25,FALSE,,12.5KG,2,GAS_PRICE_WATCH_APRIL_2025.xlsx,,LPG APR 2025,26,11,K26
2025-04-01,2025-03-01,12.5,ZONE,South South,SOUTH SOUTH,,South South,TRUE,20203.662314814817,NGN per refill,Average of Mar-25,FALSE,,12.5KG,2,GAS_PRICE_WATCH_APRIL_2025.xlsx,,LPG APR 2025,32,11,K32
2025-04-01,2025-03-01,12.5,ZONE,South West,SOUTH WEST,,South West,TRUE,17565.83184259017,NGN per refill,Average of Mar-25,FALSE,,12.5KG,2,GAS_PRICE_WATCH_APRIL_2025.xlsx,,LPG APR 2025,39,11,K39
2025-04-01,2025-03-01,12.5,NATIONAL,Nigeria,Average,,,TRUE,18456.236933515127,NGN per refill,Average of Mar-25,FALSE,,12.5KG,2,GAS_PRICE_WATCH_APRIL_2025.xlsx,,LPG APR 2025,46,11,K46
2025-04-01,2025-04-01,5.0,STATE,Abia,Abia,Abia,South East,FALSE,8219.680191056961,NGN per refill,Average of Apr-25,TRUE,,5KG,2,GAS_PRICE_WATCH_APRIL_2025.xlsx,,LPG APR 2025,27,4,D27
2025-04-01,2025-04-01,5.0,STATE,Abuja,Abuja,Abuja,North Central,FALSE,7699.443104,NGN per refill,Average of Apr-25,TRUE,,5KG,2,GAS_PRICE_WATCH_APRIL_2025.xlsx,,LPG APR 2025,4,4,D4
2025-04-01,2025-04-01,5.0,STATE,Adamawa,Adamawa,Adamawa,North East,FALSE,8040.60666666668,NGN per refill,Average of Apr-25,TRUE,,5KG,2,GAS_PRICE_WATCH_APRIL_2025.xlsx,,LPG APR 2025,12,4,D12
2025-04-01,2025-04-01,5.0,STATE,Akwa Ibom,Akwa Ibom,Akwa Ibom,South South,FALSE,8655.593700000001,NGN per refill,Average of Apr-25,TRUE,,5KG,2,GAS_PRICE_WATCH_APRIL_2025.xlsx,,LPG APR 2025,33,4,D33
2025-04-01,2025-04-01,5.0,STATE,Anambra,Anambra,Anambra,South East,FALSE,8397.852399266681,NGN per refill,Average of Apr-25,TRUE,,5KG,2,GAS_PRICE_WATCH_APRIL_2025.xlsx,,LPG APR 2025,28,4,D28
2025-04-01,2025-04-01,5.0,STATE,Bauchi,Bauchi,Bauchi,North East,FALSE,8068.725,NGN per refill,Average of Apr-25,TRUE,,5KG,2,GAS_PRICE_WATCH_APRIL_2025.xlsx,,LPG APR 2025,13,4,D13
2025-04-01,2025-04-01,5.0,STATE,Bayelsa,Bayelsa,Bayelsa,South South,FALSE,8590.604,NGN per refill,Average of Apr-25,TRUE,,5KG,2,GAS_PRICE_WATCH_APRIL_2025.xlsx,,LPG APR 2025,34,4,D34
2025-04-01,2025-04-01,5.0,STATE,Benue,Benue,Benue,North Central,FALSE,8097.66713846152,NGN per refill,Average of Apr-25,TRUE,,5KG,2,GAS_PRICE_WATCH_APRIL_2025.xlsx,,LPG APR 2025,5,4,D5
2025-04-01,2025-04-01,5.0,STATE,Borno,Borno,Borno,North East,FALSE,7512.28973333332,NGN per refill,Average of Apr-25,TRUE,,5KG,2,GAS_PRICE_WATCH_APRIL_2025.xlsx,,LPG APR 2025,14,4,D14
2025-04-01,2025-04-01,5.0,STATE,Cross River,Cross River,Cross River,South South,FALSE,8442.245600000002,NGN per refill,Average of Apr-25,TRUE,,5KG,2,GAS_PRICE_WATCH_APRIL_2025.xlsx,,LPG APR 2025,35,4,D35
2025-04-01,2025-04-01,5.0,STATE,Delta,Delta,Delta,South South,FALSE,8132.68053333332,NGN per refill,Average of Apr-25,TRUE,,5KG,2,GAS_PRICE_WATCH_APRIL_2025.xlsx,,LPG APR 2025,36,4,D36
2025-04-01,2025-04-01,5.0,STATE,Ebonyi,Ebonyi,Ebonyi,South East,FALSE,8867.23582584,NGN per refill,Average of Apr-25,TRUE,,5KG,2,GAS_PRICE_WATCH_APRIL_2025.xlsx,,LPG APR 2025,29,4,D29
2025-04-01,2025-04-01,5.0,STATE,Edo,Edo,Edo,South South,FALSE,7761.74506666668,NGN per refill,Average of Apr-25,TRUE,,5KG,2,GAS_PRICE_WATCH_APRIL_2025.xlsx,,LPG APR 2025,37,4,D37
2025-04-01,2025-04-01,5.0,STATE,Ekiti,Ekiti,Ekiti,South West,FALSE,7299.920692,NGN per refill,Average of Apr-25,TRUE,,5KG,2,GAS_PRICE_WATCH_APRIL_2025.xlsx,,LPG APR 2025,40,4,D40
2025-04-01,2025-04-01,5.0,STATE,Enugu,Enugu,Enugu,South East,FALSE,8096.2073,NGN per refill,Average of Apr-25,TRUE,,5KG,2,GAS_PRICE_WATCH_APRIL_2025.xlsx,,LPG APR 2025,30,4,D30
2025-04-01,2025-04-01,5.0,STATE,Gombe,Gombe,Gombe,North East,FALSE,8175.370762,NGN per refill,Average of Apr-25,TRUE,,5KG,2,GAS_PRICE_WATCH_APRIL_2025.xlsx,,LPG APR 2025,15,4,D15
2025-04-01,2025-04-01,5.0,STATE,Imo,Imo,Imo,South East,FALSE,8175.49357333332,NGN per refill,Average of Apr-25,TRUE,,5KG,2,GAS_PRICE_WATCH_APRIL_2025.xlsx,,LPG APR 2025,31,4,D31
2025-04-01,2025-04-01,5.0,STATE,Jigawa,Jigawa,Jigawa,North West,FALSE,7268.41611111112,NGN per refill,Average of Apr-25,TRUE,,5KG,2,GAS_PRICE_WATCH_APRIL_2025.xlsx,,LPG APR 2025,19,4,D19
2025-04-01,2025-04-01,5.0,STATE,Kaduna,Kaduna,Kaduna,North West,FALSE,8153.67656,NGN per refill,Average of Apr-25,TRUE,,5KG,2,GAS_PRICE_WATCH_APRIL_2025.xlsx,,LPG APR 2025,20,4,D20
2025-04-01,2025-04-01,5.0,STATE,Kano,Kano,Kano,North West,FALSE,8419.96170666668,NGN per refill,Average of Apr-25,TRUE,,5KG,2,GAS_PRICE_WATCH_APRIL_2025.xlsx,,LPG APR 2025,21,4,D21
2025-04-01,2025-04-01,5.0,STATE,Katsina,Katsina,Katsina,North West,FALSE,7177.52333333332,NGN per refill,Average of Apr-25,TRUE,,5KG,2,GAS_PRICE_WATCH_APRIL_2025.xlsx,,LPG APR 2025,22,4,D22
2025-04-01,2025-04-01,5.0,STATE,Kebbi,Kebbi,Kebbi,North West,FALSE,7032.1088,NGN per refill,Average of Apr-25,TRUE,,5KG,2,GAS_PRICE_WATCH_APRIL_2025.xlsx,,LPG APR 2025,23,4,D23
2025-04-01,2025-04-01,5.0,STATE,Kogi,Kogi,Kogi,North Central,FALSE,7595.2,NGN per refill,Average of Apr-25,TRUE,,5KG,2,GAS_PRICE_WATCH_APRIL_2025.xlsx,,LPG APR 2025,6,4,D6
2025-04-01,2025-04-01,5.0,STATE,Kwara,Kwara,Kwara,North Central,FALSE,7369.469284022,NGN per refill,Average of Apr-25,TRUE,,5KG,2,GAS_PRICE_WATCH_APRIL_2025.xlsx,,LPG APR 2025,7,4,D7
2025-04-01,2025-04-01,5.0,STATE,Lagos,Lagos,Lagos,South West,FALSE,7477.62346666667,NGN per refill,Average of Apr-25,TRUE,,5KG,2,GAS_PRICE_WATCH_APRIL_2025.xlsx,,LPG APR 2025,41,4,D41
2025-04-01,2025-04-01,5.0,STATE,Nasarawa,Nasarawa,Nasarawa,North Central,FALSE,7242.7387304856,NGN per refill,Average of Apr-25,TRUE,,5KG,2,GAS_PRICE_WATCH_APRIL_2025.xlsx,,LPG APR 2025,8,4,D8
2025-04-01,2025-04-01,5.0,STATE,Niger,Niger,Niger,North Central,FALSE,7006.14595354856,NGN per refill,Average of Apr-25,TRUE,,5KG,2,GAS_PRICE_WATCH_APRIL_2025.xlsx,,LPG APR 2025,9,4,D9
2025-04-01,2025-04-01,5.0,STATE,Ogun,Ogun,Ogun,South West,FALSE,8177.2325,NGN per refill,Average of Apr-25,TRUE,,5KG,2,GAS_PRICE_WATCH_APRIL_2025.xlsx,,LPG APR 2025,42,4,D42
2025-04-01,2025-04-01,5.0,STATE,Ondo,Ondo,Ondo,South West,FALSE,7257.52506666667,NGN per refill,Average of Apr-25,TRUE,,5KG,2,GAS_PRICE_WATCH_APRIL_2025.xlsx,,LPG APR 2025,43,4,D43
2025-04-01,2025-04-01,5.0,STATE,Osun,Osun,Osun,South West,FALSE,8098.2444,NGN per refill,Average of Apr-25,TRUE,,5KG,2,GAS_PRICE_WATCH_APRIL_2025.xlsx,,LPG APR 2025,44,4,D44
2025-04-01,2025-04-01,5.0,STATE,Oyo,Oyo,Oyo,South West,FALSE,7072.97485714286,NGN per refill,Average of Apr-25,TRUE,,5KG,2,GAS_PRICE_WATCH_APRIL_2025.xlsx,,LPG APR 2025,45,4,D45
2025-04-01,2025-04-01,5.0,STATE,Plateau,Plateau,Plateau,North Central,FALSE,7014.86719299856,NGN per refill,Average of Apr-25,TRUE,,5KG,2,GAS_PRICE_WATCH_APRIL_2025.xlsx,,LPG APR 2025,10,4,D10
2025-04-01,2025-04-01,5.0,STATE,Rivers,Rivers,Rivers,South South,FALSE,9103.8243,NGN per refill,Average of Apr-25,TRUE,,5KG,2,GAS_PRICE_WATCH_APRIL_2025.xlsx,,LPG APR 2025,38,4,D38
2025-04-01,2025-04-01,5.0,STATE,Sokoto,Sokoto,Sokoto,North West,FALSE,8179.77,NGN per refill,Average of Apr-25,TRUE,,5KG,2,GAS_PRICE_WATCH_APRIL_2025.xlsx,,LPG APR 2025,24,4,D24
2025-04-01,2025-04-01,5.0,STATE,Taraba,Taraba,Taraba,North East,FALSE,8404.106875,NGN per refill,Average of Apr-25,TRUE,,5KG,2,GAS_PRICE_WATCH_APRIL_2025.xlsx,,LPG APR 2025,16,4,D16
2025-04-01,2025-04-01,5.0,STATE,Yobe,Yobe,Yobe,North East,FALSE,7395.466666666667,NGN per refill,Average of Apr-25,TRUE,,5KG,2,GAS_PRICE_WATCH_APRIL_2025.xlsx,,LPG APR 2025,17,4,D17
2025-04-01,2025-04-01,5.0,STATE,Zamfara,Zamfara,Zamfara,North West,FALSE,8087.0316,NGN per refill,Average of Apr-25,TRUE,,5KG,2,GAS_PRICE_WATCH_APRIL_2025.xlsx,,LPG APR 2025,25,4,D25
2025-04-01,2025-04-01,5.0,ZONE,North Central,NORTH CENTRAL,,North Central,TRUE,7432.218771930892,NGN per refill,Average of Apr-25,TRUE,,5KG,2,GAS_PRICE_WATCH_APRIL_2025.xlsx,,LPG APR 2025,3,4,D3
2025-04-01,2025-04-01,5.0,ZONE,North East,NORTH EAST,,North East,TRUE,7932.760950611111,NGN per refill,Average of Apr-25,TRUE,,5KG,2,GAS_PRICE_WATCH_APRIL_2025.xlsx,,LPG APR 2025,11,4,D11
2025-04-01,2025-04-01,5.0,ZONE,North West,NORTH WEST,,North West,TRUE,7759.784015873017,NGN per refill,Average of Apr-25,TRUE,,5KG,2,GAS_PRICE_WATCH_APRIL_2025.xlsx,,LPG APR 2025,18,4,D18
2025-04-01,2025-04-01,5.0,ZONE,South East,SOUTH EAST,,South East,TRUE,8351.293857899393,NGN per refill,Average of Apr-25,TRUE,,5KG,2,GAS_PRICE_WATCH_APRIL_2025.xlsx,,LPG APR 2025,26,4,D26
2025-04-01,2025-04-01,5.0,ZONE,South South,SOUTH SOUTH,,South South,TRUE,8447.7822,NGN per refill,Average of Apr-25,TRUE,,5KG,2,GAS_PRICE_WATCH_APRIL_2025.xlsx,,LPG APR 2025,32,4,D32
2025-04-01,2025-04-01,5.0,ZONE,South West,SOUTH WEST,,South West,TRUE,7563.920163746032,NGN per refill,Average of Apr-25,TRUE,,5KG,2,GAS_PRICE_WATCH_APRIL_2025.xlsx,,LPG APR 2025,39,4,D39
2025-04-01,2025-04-01,5.0,NATIONAL,Nigeria,Average,,,TRUE,7885.601856493706,NGN per refill,Average of Apr-25,TRUE,,5KG,2,GAS_PRICE_WATCH_APRIL_2025.xlsx,,LPG APR 2025,46,4,D46
2025-04-01,2025-04-01,12.5,STATE,Abia,Abia,Abia,South East,FALSE,20549.2004776424,NGN per refill,Average of Apr-25,TRUE,,12.5KG,2,GAS_PRICE_WATCH_APRIL_2025.xlsx,,LPG APR 2025,27,12,L27
2025-04-01,2025-04-01,12.5,STATE,Abuja,Abuja,Abuja,North Central,FALSE,19248.60776,NGN per refill,Average of Apr-25,TRUE,,12.5KG,2,GAS_PRICE_WATCH_APRIL_2025.xlsx,,LPG APR 2025,4,12,L4
2025-04-01,2025-04-01,12.5,STATE,Adamawa,Adamawa,Adamawa,North East,FALSE,20851.5166666667,NGN per refill,Average of Apr-25,TRUE,,12.5KG,2,GAS_PRICE_WATCH_APRIL_2025.xlsx,,LPG APR 2025,12,12,L12
2025-04-01,2025-04-01,12.5,STATE,Akwa Ibom,Akwa Ibom,Akwa Ibom,South South,FALSE,21638.98425,NGN per refill,Average of Apr-25,TRUE,,12.5KG,2,GAS_PRICE_WATCH_APRIL_2025.xlsx,,LPG APR 2025,33,12,L33
2025-04-01,2025-04-01,12.5,STATE,Anambra,Anambra,Anambra,South East,FALSE,20994.6309981667,NGN per refill,Average of Apr-25,TRUE,,12.5KG,2,GAS_PRICE_WATCH_APRIL_2025.xlsx,,LPG APR 2025,28,12,L28
2025-04-01,2025-04-01,12.5,STATE,Bauchi,Bauchi,Bauchi,North East,FALSE,21171.8125,NGN per refill,Average of Apr-25,TRUE,,12.5KG,2,GAS_PRICE_WATCH_APRIL_2025.xlsx,,LPG APR 2025,13,12,L13
2025-04-01,2025-04-01,12.5,STATE,Bayelsa,Bayelsa,Bayelsa,South South,FALSE,21476.51,NGN per refill,Average of Apr-25,TRUE,,12.5KG,2,GAS_PRICE_WATCH_APRIL_2025.xlsx,,LPG APR 2025,34,12,L34
2025-04-01,2025-04-01,12.5,STATE,Benue,Benue,Benue,North Central,FALSE,20494.1678461538,NGN per refill,Average of Apr-25,TRUE,,12.5KG,2,GAS_PRICE_WATCH_APRIL_2025.xlsx,,LPG APR 2025,5,12,L5
2025-04-01,2025-04-01,12.5,STATE,Borno,Borno,Borno,North East,FALSE,19780.7243333333,NGN per refill,Average of Apr-25,TRUE,,12.5KG,2,GAS_PRICE_WATCH_APRIL_2025.xlsx,,LPG APR 2025,14,12,L14
2025-04-01,2025-04-01,12.5,STATE,Cross River,Cross River,Cross River,South South,FALSE,21105.614,NGN per refill,Average of Apr-25,TRUE,,12.5KG,2,GAS_PRICE_WATCH_APRIL_2025.xlsx,,LPG APR 2025,35,12,L35
2025-04-01,2025-04-01,12.5,STATE,Delta,Delta,Delta,South South,FALSE,22831.7013333333,NGN per refill,Average of Apr-25,TRUE,,12.5KG,2,GAS_PRICE_WATCH_APRIL_2025.xlsx,,LPG APR 2025,36,12,L36
2025-04-01,2025-04-01,12.5,STATE,Ebonyi,Ebonyi,Ebonyi,South East,FALSE,22168.0895646,NGN per refill,Average of Apr-25,TRUE,,12.5KG,2,GAS_PRICE_WATCH_APRIL_2025.xlsx,,LPG APR 2025,29,12,L29
2025-04-01,2025-04-01,12.5,STATE,Edo,Edo,Edo,South South,FALSE,19404.3626666667,NGN per refill,Average of Apr-25,TRUE,,12.5KG,2,GAS_PRICE_WATCH_APRIL_2025.xlsx,,LPG APR 2025,37,12,L37
2025-04-01,2025-04-01,12.5,STATE,Ekiti,Ekiti,Ekiti,South West,FALSE,18249.80173,NGN per refill,Average of Apr-25,TRUE,,12.5KG,2,GAS_PRICE_WATCH_APRIL_2025.xlsx,,LPG APR 2025,40,12,L40
2025-04-01,2025-04-01,12.5,STATE,Enugu,Enugu,Enugu,South East,FALSE,20990.51825,NGN per refill,Average of Apr-25,TRUE,,12.5KG,2,GAS_PRICE_WATCH_APRIL_2025.xlsx,,LPG APR 2025,30,12,L30
2025-04-01,2025-04-01,12.5,STATE,Gombe,Gombe,Gombe,North East,FALSE,20188.426905,NGN per refill,Average of Apr-25,TRUE,,12.5KG,2,GAS_PRICE_WATCH_APRIL_2025.xlsx,,LPG APR 2025,15,12,L15
2025-04-01,2025-04-01,12.5,STATE,Imo,Imo,Imo,South East,FALSE,22938.7339333333,NGN per refill,Average of Apr-25,TRUE,,12.5KG,2,GAS_PRICE_WATCH_APRIL_2025.xlsx,,LPG APR 2025,31,12,L31
2025-04-01,2025-04-01,12.5,STATE,Jigawa,Jigawa,Jigawa,North West,FALSE,18671.0402777778,NGN per refill,Average of Apr-25,TRUE,,12.5KG,2,GAS_PRICE_WATCH_APRIL_2025.xlsx,,LPG APR 2025,19,12,L19
2025-04-01,2025-04-01,12.5,STATE,Kaduna,Kaduna,Kaduna,North West,FALSE,20134.1914,NGN per refill,Average of Apr-25,TRUE,,12.5KG,2,GAS_PRICE_WATCH_APRIL_2025.xlsx,,LPG APR 2025,20,12,L20
2025-04-01,2025-04-01,12.5,STATE,Kano,Kano,Kano,North West,FALSE,21799.9042666667,NGN per refill,Average of Apr-25,TRUE,,12.5KG,2,GAS_PRICE_WATCH_APRIL_2025.xlsx,,LPG APR 2025,21,12,L21
2025-04-01,2025-04-01,12.5,STATE,Katsina,Katsina,Katsina,North West,FALSE,18193.8083333333,NGN per refill,Average of Apr-25,TRUE,,12.5KG,2,GAS_PRICE_WATCH_APRIL_2025.xlsx,,LPG APR 2025,22,12,L22
2025-04-01,2025-04-01,12.5,STATE,Kebbi,Taraba,Kebbi,North West,FALSE,18080.272,NGN per refill,Average of Apr-25,TRUE,LPG_12_5KG_KEBBI_LABELLED_TARABA,12.5KG,2,GAS_PRICE_WATCH_APRIL_2025.xlsx,,LPG APR 2025,23,12,L23
2025-04-01,2025-04-01,12.5,STATE,Kogi,Kogi,Kogi,North Central,FALSE,19988,NGN per refill,Average of Apr-25,TRUE,,12.5KG,2,GAS_PRICE_WATCH_APRIL_2025.xlsx,,LPG APR 2025,6,12,L6
2025-04-01,2025-04-01,12.5,STATE,Kwara,Kwara,Kwara,North Central,FALSE,18173.673210055,NGN per refill,Average of Apr-25,TRUE,,12.5KG,2,GAS_PRICE_WATCH_APRIL_2025.xlsx,,LPG APR 2025,7,12,L7
2025-04-01,2025-04-01,12.5,STATE,Lagos,Lagos,Lagos,South West,FALSE,18944.058666666664,NGN per refill,Average of Apr-25,TRUE,,12.5KG,2,GAS_PRICE_WATCH_APRIL_2025.xlsx,,LPG APR 2025,41,12,L41
2025-04-01,2025-04-01,12.5,STATE,Nasarawa,Nasarawa,Nasarawa,North Central,FALSE,18106.846826214,NGN per refill,Average of Apr-25,TRUE,,12.5KG,2,GAS_PRICE_WATCH_APRIL_2025.xlsx,,LPG APR 2025,8,12,L8
2025-04-01,2025-04-01,12.5,STATE,Niger,Niger,Niger,North Central,FALSE,19265.3648838714,NGN per refill,Average of Apr-25,TRUE,,12.5KG,2,GAS_PRICE_WATCH_APRIL_2025.xlsx,,LPG APR 2025,9,12,L9
2025-04-01,2025-04-01,12.5,STATE,Ogun,Ogun,Ogun,South West,FALSE,20193.08125,NGN per refill,Average of Apr-25,TRUE,,12.5KG,2,GAS_PRICE_WATCH_APRIL_2025.xlsx,,LPG APR 2025,42,12,L42
2025-04-01,2025-04-01,12.5,STATE,Ondo,Ondo,Ondo,South West,FALSE,19143.812666666665,NGN per refill,Average of Apr-25,TRUE,,12.5KG,2,GAS_PRICE_WATCH_APRIL_2025.xlsx,,LPG APR 2025,43,12,L43
2025-04-01,2025-04-01,12.5,STATE,Osun,Osun,Osun,South West,FALSE,20995.611,NGN per refill,Average of Apr-25,TRUE,,12.5KG,2,GAS_PRICE_WATCH_APRIL_2025.xlsx,,LPG APR 2025,44,12,L44
2025-04-01,2025-04-01,12.5,STATE,Oyo,Oyo,Oyo,South West,FALSE,19432.437142857143,NGN per refill,Average of Apr-25,TRUE,,12.5KG,2,GAS_PRICE_WATCH_APRIL_2025.xlsx,,LPG APR 2025,45,12,L45
2025-04-01,2025-04-01,12.5,STATE,Plateau,Plateau,Plateau,North Central,FALSE,20037.1679824964,NGN per refill,Average of Apr-25,TRUE,,12.5KG,2,GAS_PRICE_WATCH_APRIL_2025.xlsx,,LPG APR 2025,10,12,L10
2025-04-01,2025-04-01,12.5,STATE,Rivers,Rivers,Rivers,South South,FALSE,22759.56075,NGN per refill,Average of Apr-25,TRUE,,12.5KG,2,GAS_PRICE_WATCH_APRIL_2025.xlsx,,LPG APR 2025,38,12,L38
2025-04-01,2025-04-01,12.5,STATE,Sokoto,Sokoto,Sokoto,North West,FALSE,20699.425,NGN per refill,Average of Apr-25,TRUE,,12.5KG,2,GAS_PRICE_WATCH_APRIL_2025.xlsx,,LPG APR 2025,24,12,L24
2025-04-01,2025-04-01,12.5,STATE,Taraba,Taraba,Taraba,North East,FALSE,22010.2671875,NGN per refill,Average of Apr-25,TRUE,,12.5KG,2,GAS_PRICE_WATCH_APRIL_2025.xlsx,,LPG APR 2025,16,12,L16
2025-04-01,2025-04-01,12.5,STATE,Yobe,Yobe,Yobe,North East,FALSE,18488.666666666668,NGN per refill,Average of Apr-25,TRUE,,12.5KG,2,GAS_PRICE_WATCH_APRIL_2025.xlsx,,LPG APR 2025,17,12,L17
2025-04-01,2025-04-01,12.5,STATE,Zamfara,Zamfara,Zamfara,North West,FALSE,20717.578999999998,NGN per refill,Average of Apr-25,TRUE,,12.5KG,2,GAS_PRICE_WATCH_APRIL_2025.xlsx,,LPG APR 2025,25,12,L25
2025-04-01,2025-04-01,12.5,ZONE,North Central,NORTH CENTRAL,,North Central,TRUE,19330.54692982723,NGN per refill,Average of Apr-25,TRUE,,12.5KG,2,GAS_PRICE_WATCH_APRIL_2025.xlsx,,LPG APR 2025,3,12,L3
2025-04-01,2025-04-01,12.5,ZONE,North East,NORTH EAST,,North East,TRUE,20415.235709861114,NGN per refill,Average of Apr-25,TRUE,,12.5KG,2,GAS_PRICE_WATCH_APRIL_2025.xlsx,,LPG APR 2025,11,12,L11
2025-04-01,2025-04-01,12.5,ZONE,North West,NORTH WEST,,North West,TRUE,19756.602896825403,NGN per refill,Average of Apr-25,TRUE,,12.5KG,2,GAS_PRICE_WATCH_APRIL_2025.xlsx,,LPG APR 2025,18,12,L18
2025-04-01,2025-04-01,12.5,ZONE,South East,SOUTH EAST,,South East,TRUE,21528.23464474848,NGN per refill,Average of Apr-25,TRUE,,12.5KG,2,GAS_PRICE_WATCH_APRIL_2025.xlsx,,LPG APR 2025,26,12,L26
2025-04-01,2025-04-01,12.5,ZONE,South South,SOUTH SOUTH,,South South,TRUE,21536.122166666668,NGN per refill,Average of Apr-25,TRUE,,12.5KG,2,GAS_PRICE_WATCH_APRIL_2025.xlsx,,LPG APR 2025,32,12,L32
2025-04-01,2025-04-01,12.5,ZONE,South West,SOUTH WEST,,South West,TRUE,19493.133742698414,NGN per refill,Average of Apr-25,TRUE,,12.5KG,2,GAS_PRICE_WATCH_APRIL_2025.xlsx,,LPG APR 2025,39,12,L39
2025-04-01,2025-04-01,12.5,NATIONAL,Nigeria,Average,,,TRUE,20268.05869528832,NGN per refill,Average of Apr-25,TRUE,,12.5KG,2,GAS_PRICE_WATCH_APRIL_2025.xlsx,,LPG APR 2025,46,12,L46
2025-05-01,2024-05-01,5.0,STATE,Abia,Abia,Abia,South East,FALSE,7802.2328099999995,NGN per refill,Average of May-24,FALSE,,5KG,2,GAS_PRICE_WATCH_May_2025.xlsx,,LPG MAY 2025,27,2,B27
2025-05-01,2024-05-01,5.0,STATE,Abuja,Abuja,Abuja,North Central,FALSE,7644.547919500001,NGN per refill,Average of May-24,FALSE,,5KG,2,GAS_PRICE_WATCH_May_2025.xlsx,,LPG MAY 2025,4,2,B4
2025-05-01,2024-05-01,5.0,STATE,Adamawa,Adamawa,Adamawa,North East,FALSE,7735.01194,NGN per refill,Average of May-24,FALSE,,5KG,2,GAS_PRICE_WATCH_May_2025.xlsx,,LPG MAY 2025,12,2,B12
2025-05-01,2024-05-01,5.0,STATE,Akwa Ibom,Akwa Ibom,Akwa Ibom,South South,FALSE,7775.185030999999,NGN per refill,Average of May-24,FALSE,,5KG,2,GAS_PRICE_WATCH_May_2025.xlsx,,LPG MAY 2025,33,2,B33
2025-05-01,2024-05-01,5.0,STATE,Anambra,Anambra,Anambra,South East,FALSE,7500.7686335,NGN per refill,Average of May-24,FALSE,,5KG,2,GAS_PRICE_WATCH_May_2025.xlsx,,LPG MAY 2025,28,2,B28
2025-05-01,2024-05-01,5.0,STATE,Bauchi,Bauchi,Bauchi,North East,FALSE,6679.785137000001,NGN per refill,Average of May-24,FALSE,,5KG,2,GAS_PRICE_WATCH_May_2025.xlsx,,LPG MAY 2025,13,2,B13
2025-05-01,2024-05-01,5.0,STATE,Bayelsa,Bayelsa,Bayelsa,South South,FALSE,7081.474117,NGN per refill,Average of May-24,FALSE,,5KG,2,GAS_PRICE_WATCH_May_2025.xlsx,,LPG MAY 2025,34,2,B34
2025-05-01,2024-05-01,5.0,STATE,Benue,Benue,Benue,North Central,FALSE,8012.0341625,NGN per refill,Average of May-24,FALSE,,5KG,2,GAS_PRICE_WATCH_May_2025.xlsx,,LPG MAY 2025,5,2,B5
2025-05-01,2024-05-01,5.0,STATE,Borno,Borno,Borno,North East,FALSE,7052.930855,NGN per refill,Average of May-24,FALSE,,5KG,2,GAS_PRICE_WATCH_May_2025.xlsx,,LPG MAY 2025,14,2,B14
2025-05-01,2024-05-01,5.0,STATE,Cross River,Cross River,Cross River,South South,FALSE,7775.185030999999,NGN per refill,Average of May-24,FALSE,,5KG,2,GAS_PRICE_WATCH_May_2025.xlsx,,LPG MAY 2025,35,2,B35
2025-05-01,2024-05-01,5.0,STATE,Delta,Delta,Delta,South South,FALSE,7142.797202,NGN per refill,Average of May-24,FALSE,,5KG,2,GAS_PRICE_WATCH_May_2025.xlsx,,LPG MAY 2025,36,2,B36
2025-05-01,2024-05-01,5.0,STATE,Ebonyi,Ebonyi,Ebonyi,South East,FALSE,7793.883421500001,NGN per refill,Average of May-24,FALSE,,5KG,2,GAS_PRICE_WATCH_May_2025.xlsx,,LPG MAY 2025,29,2,B29
2025-05-01,2024-05-01,5.0,STATE,Edo,Edo,Edo,South South,FALSE,7746.8564605,NGN per refill,Average of May-24,FALSE,,5KG,2,GAS_PRICE_WATCH_May_2025.xlsx,,LPG MAY 2025,37,2,B37
2025-05-01,2024-05-01,5.0,STATE,Ekiti,Ekiti,Ekiti,South West,FALSE,7641.8266045,NGN per refill,Average of May-24,FALSE,,5KG,2,GAS_PRICE_WATCH_May_2025.xlsx,,LPG MAY 2025,40,2,B40
2025-05-01,2024-05-01,5.0,STATE,Enugu,Enugu,Enugu,South East,FALSE,7926.210388,NGN per refill,Average of May-24,FALSE,,5KG,2,GAS_PRICE_WATCH_May_2025.xlsx,,LPG MAY 2025,30,2,B30
2025-05-01,2024-05-01,5.0,STATE,Gombe,Gombe,Gombe,North East,FALSE,7463.230973,NGN per refill,Average of May-24,FALSE,,5KG,2,GAS_PRICE_WATCH_May_2025.xlsx,,LPG MAY 2025,15,2,B15
2025-05-01,2024-05-01,5.0,STATE,Imo,Imo,Imo,South East,FALSE,7381.256888,NGN per refill,Average of May-24,FALSE,,5KG,2,GAS_PRICE_WATCH_May_2025.xlsx,,LPG MAY 2025,31,2,B31
2025-05-01,2024-05-01,5.0,STATE,Jigawa,Jigawa,Jigawa,North West,FALSE,6521.814598,NGN per refill,Average of May-24,FALSE,,5KG,2,GAS_PRICE_WATCH_May_2025.xlsx,,LPG MAY 2025,19,2,B19
2025-05-01,2024-05-01,5.0,STATE,Kaduna,Kaduna,Kaduna,North West,FALSE,7802.5660505,NGN per refill,Average of May-24,FALSE,,5KG,2,GAS_PRICE_WATCH_May_2025.xlsx,,LPG MAY 2025,20,2,B20
2025-05-01,2024-05-01,5.0,STATE,Kano,Kano,Kano,North West,FALSE,7750.8342125,NGN per refill,Average of May-24,FALSE,,5KG,2,GAS_PRICE_WATCH_May_2025.xlsx,,LPG MAY 2025,21,2,B21
2025-05-01,2024-05-01,5.0,STATE,Katsina,Katsina,Katsina,North West,FALSE,6567.9514254999995,NGN per refill,Average of May-24,FALSE,,5KG,2,GAS_PRICE_WATCH_May_2025.xlsx,,LPG MAY 2025,22,2,B22
2025-05-01,2024-05-01,5.0,STATE,Kebbi,Kebbi,Kebbi,North West,FALSE,7081.4827465,NGN per refill,Average of May-24,FALSE,,5KG,2,GAS_PRICE_WATCH_May_2025.xlsx,,LPG MAY 2025,23,2,B23
2025-05-01,2024-05-01,5.0,STATE,Kogi,Kogi,Kogi,North Central,FALSE,7194.431608999999,NGN per refill,Average of May-24,FALSE,,5KG,2,GAS_PRICE_WATCH_May_2025.xlsx,,LPG MAY 2025,6,2,B6
2025-05-01,2024-05-01,5.0,STATE,Kwara,Kwara,Kwara,North Central,FALSE,7647.6371165,NGN per refill,Average of May-24,FALSE,,5KG,2,GAS_PRICE_WATCH_May_2025.xlsx,,LPG MAY 2025,7,2,B7
2025-05-01,2024-05-01,5.0,STATE,Lagos,Lagos,Lagos,South West,FALSE,7514.476495,NGN per refill,Average of May-24,FALSE,,5KG,2,GAS_PRICE_WATCH_May_2025.xlsx,,LPG MAY 2025,41,2,B41
2025-05-01,2024-05-01,5.0,STATE,Nasarawa,Nasarawa,Nasarawa,North Central,FALSE,7380.300107,NGN per refill,Average of May-24,FALSE,,5KG,2,GAS_PRICE_WATCH_May_2025.xlsx,,LPG MAY 2025,8,2,B8
2025-05-01,2024-05-01,5.0,STATE,Niger,Niger,Niger,North Central,FALSE,7472.4651935,NGN per refill,Average of May-24,FALSE,,5KG,2,GAS_PRICE_WATCH_May_2025.xlsx,,LPG MAY 2025,9,2,B9
2025-05-01,2024-05-01,5.0,STATE,Ogun,Ogun,Ogun,South West,FALSE,7223.0393745,NGN per refill,Average of May-24,FALSE,,5KG,2,GAS_PRICE_WATCH_May_2025.xlsx,,LPG MAY 2025,42,2,B42
2025-05-01,2024-05-01,5.0,STATE,Ondo,Ondo,Ondo,South West,FALSE,7857.5281035,NGN per refill,Average of May-24,FALSE,,5KG,2,GAS_PRICE_WATCH_May_2025.xlsx,,LPG MAY 2025,43,2,B43
2025-05-01,2024-05-01,5.0,STATE,Osun,Osun,Osun,South West,FALSE,7819.312324,NGN per refill,Average of May-24,FALSE,,5KG,2,GAS_PRICE_WATCH_May_2025.xlsx,,LPG MAY 2025,44,2,B44
2025-05-01,2024-05-01,5.0,STATE,Oyo,Oyo,Oyo,South West,FALSE,7507.3757865,NGN per refill,Average of May-24,FALSE,,5KG,2,GAS_PRICE_WATCH_May_2025.xlsx,,LPG MAY 2025,45,2,B45
2025-05-01,2024-05-01,5.0,STATE,Plateau,Plateau,Plateau,North Central,FALSE,7150.6781935,NGN per refill,Average of May-24,FALSE,,5KG,2,GAS_PRICE_WATCH_May_2025.xlsx,,LPG MAY 2025,10,2,B10
2025-05-01,2024-05-01,5.0,STATE,Rivers,Rivers,Rivers,South South,FALSE,7401.476153,NGN per refill,Average of May-24,FALSE,,5KG,2,GAS_PRICE_WATCH_May_2025.xlsx,,LPG MAY 2025,38,2,B38
2025-05-01,2024-05-01,5.0,STATE,Sokoto,Sokoto,Sokoto,North West,FALSE,7743.031082,NGN per refill,Average of May-24,FALSE,,5KG,2,GAS_PRICE_WATCH_May_2025.xlsx,,LPG MAY 2025,24,2,B24
2025-05-01,2024-05-01,5.0,STATE,Taraba,Taraba,Taraba,North East,FALSE,7657.764519,NGN per refill,Average of May-24,FALSE,,5KG,2,GAS_PRICE_WATCH_May_2025.xlsx,,LPG MAY 2025,16,2,B16
2025-05-01,2024-05-01,5.0,STATE,Yobe,Yobe,Yobe,North East,FALSE,5842.3122005000005,NGN per refill,Average of May-24,FALSE,,5KG,2,GAS_PRICE_WATCH_May_2025.xlsx,,LPG MAY 2025,17,2,B17
2025-05-01,2024-05-01,5.0,STATE,Zamfara,Zamfara,Zamfara,North West,FALSE,7190.838233,NGN per refill,Average of May-24,FALSE,,5KG,2,GAS_PRICE_WATCH_May_2025.xlsx,,LPG MAY 2025,25,2,B25
2025-05-01,2024-05-01,5.0,ZONE,North Central,NORTH CENTRAL,,North Central,TRUE,7500.299185928573,NGN per refill,Average of May-24,FALSE,,5KG,2,GAS_PRICE_WATCH_May_2025.xlsx,,LPG MAY 2025,3,2,B3
2025-05-01,2024-05-01,5.0,ZONE,North East,NORTH EAST,,North East,TRUE,7071.83927075,NGN per refill,Average of May-24,FALSE,,5KG,2,GAS_PRICE_WATCH_May_2025.xlsx,,LPG MAY 2025,11,2,B11
2025-05-01,2024-05-01,5.0,ZONE,North West,NORTH WEST,,North West,TRUE,7236.931192571429,NGN per refill,Average of May-24,FALSE,,5KG,2,GAS_PRICE_WATCH_May_2025.xlsx,,LPG MAY 2025,18,2,B18
2025-05-01,2024-05-01,5.0,ZONE,South East,SOUTH EAST,,South East,TRUE,7680.870428199999,NGN per refill,Average of May-24,FALSE,,5KG,2,GAS_PRICE_WATCH_May_2025.xlsx,,LPG MAY 2025,26,2,B26
2025-05-01,2024-05-01,5.0,ZONE,South South,SOUTH SOUTH,,South South,TRUE,7487.162332416668,NGN per refill,Average of May-24,FALSE,,5KG,2,GAS_PRICE_WATCH_May_2025.xlsx,,LPG MAY 2025,32,2,B32
2025-05-01,2024-05-01,5.0,ZONE,South West,SOUTH WEST,,South West,TRUE,7593.926448000001,NGN per refill,Average of May-24,FALSE,,5KG,2,GAS_PRICE_WATCH_May_2025.xlsx,,LPG MAY 2025,39,2,B39
2025-05-01,2024-05-01,5.0,NATIONAL,Nigeria,Average,,,TRUE,7418.446840472972,NGN per refill,Average of May-24,FALSE,,5KG,2,GAS_PRICE_WATCH_May_2025.xlsx,,LPG MAY 2025,46,2,B46
2025-05-01,2024-05-01,12.5,STATE,Abia,Abia,Abia,South East,FALSE,17538.0208705,NGN per refill,Average of May-24,FALSE,,12.5KG,2,GAS_PRICE_WATCH_May_2025.xlsx,,LPG MAY 2025,27,10,J27
2025-05-01,2024-05-01,12.5,STATE,Abuja,Abuja,Abuja,North Central,FALSE,16559.6744745,NGN per refill,Average of May-24,FALSE,,12.5KG,2,GAS_PRICE_WATCH_May_2025.xlsx,,LPG MAY 2025,4,10,J4
2025-05-01,2024-05-01,12.5,STATE,Adamawa,Adamawa,Adamawa,North East,FALSE,16284.722015,NGN per refill,Average of May-24,FALSE,,12.5KG,2,GAS_PRICE_WATCH_May_2025.xlsx,,LPG MAY 2025,12,10,J12
2025-05-01,2024-05-01,12.5,STATE,Akwa Ibom,Akwa Ibom,Akwa Ibom,South South,FALSE,16210.6312435,NGN per refill,Average of May-24,FALSE,,12.5KG,2,GAS_PRICE_WATCH_May_2025.xlsx,,LPG MAY 2025,33,10,J33
2025-05-01,2024-05-01,12.5,STATE,Anambra,Anambra,Anambra,South East,FALSE,16200.47222,NGN per refill,Average of May-24,FALSE,,12.5KG,2,GAS_PRICE_WATCH_May_2025.xlsx,,LPG MAY 2025,28,10,J28
2025-05-01,2024-05-01,12.5,STATE,Bauchi,Bauchi,Bauchi,North East,FALSE,13076.4273975,NGN per refill,Average of May-24,FALSE,,12.5KG,2,GAS_PRICE_WATCH_May_2025.xlsx,,LPG MAY 2025,13,10,J13
2025-05-01,2024-05-01,12.5,STATE,Bayelsa,Bayelsa,Bayelsa,South South,FALSE,17772.2149755,NGN per refill,Average of May-24,FALSE,,12.5KG,2,GAS_PRICE_WATCH_May_2025.xlsx,,LPG MAY 2025,34,10,J34
2025-05-01,2024-05-01,12.5,STATE,Benue,Benue,Benue,North Central,FALSE,16057.2770265,NGN per refill,Average of May-24,FALSE,,12.5KG,2,GAS_PRICE_WATCH_May_2025.xlsx,,LPG MAY 2025,5,10,J5
2025-05-01,2024-05-01,12.5,STATE,Borno,Borno,Borno,North East,FALSE,15959.5535715,NGN per refill,Average of May-24,FALSE,,12.5KG,2,GAS_PRICE_WATCH_May_2025.xlsx,,LPG MAY 2025,14,10,J14
2025-05-01,2024-05-01,12.5,STATE,Cross River,Cross River,Cross River,South South,FALSE,16869.725401,NGN per refill,Average of May-24,FALSE,,12.5KG,2,GAS_PRICE_WATCH_May_2025.xlsx,,LPG MAY 2025,35,10,J35
2025-05-01,2024-05-01,12.5,STATE,Delta,Delta,Delta,South South,FALSE,15234.614982,NGN per refill,Average of May-24,FALSE,,12.5KG,2,GAS_PRICE_WATCH_May_2025.xlsx,,LPG MAY 2025,36,10,J36
2025-05-01,2024-05-01,12.5,STATE,Ebonyi,Ebonyi,Ebonyi,South East,FALSE,13788.093983499999,NGN per refill,Average of May-24,FALSE,,12.5KG,2,GAS_PRICE_WATCH_May_2025.xlsx,,LPG MAY 2025,29,10,J29
2025-05-01,2024-05-01,12.5,STATE,Edo,Edo,Edo,South South,FALSE,15570.567928,NGN per refill,Average of May-24,FALSE,,12.5KG,2,GAS_PRICE_WATCH_May_2025.xlsx,,LPG MAY 2025,37,10,J37
2025-05-01,2024-05-01,12.5,STATE,Ekiti,Ekiti,Ekiti,South West,FALSE,14821.7091815,NGN per refill,Average of May-24,FALSE,,12.5KG,2,GAS_PRICE_WATCH_May_2025.xlsx,,LPG MAY 2025,40,10,J40
2025-05-01,2024-05-01,12.5,STATE,Enugu,Enugu,Enugu,South East,FALSE,15623.557829,NGN per refill,Average of May-24,FALSE,,12.5KG,2,GAS_PRICE_WATCH_May_2025.xlsx,,LPG MAY 2025,30,10,J30
2025-05-01,2024-05-01,12.5,STATE,Gombe,Gombe,Gombe,North East,FALSE,16114.871259,NGN per refill,Average of May-24,FALSE,,12.5KG,2,GAS_PRICE_WATCH_May_2025.xlsx,,LPG MAY 2025,15,10,J15
2025-05-01,2024-05-01,12.5,STATE,Imo,Imo,Imo,South East,FALSE,16111.141620999999,NGN per refill,Average of May-24,FALSE,,12.5KG,2,GAS_PRICE_WATCH_May_2025.xlsx,,LPG MAY 2025,31,10,J31
2025-05-01,2024-05-01,12.5,STATE,Jigawa,Jigawa,Jigawa,North West,FALSE,15912.647376,NGN per refill,Average of May-24,FALSE,,12.5KG,2,GAS_PRICE_WATCH_May_2025.xlsx,,LPG MAY 2025,19,10,J19
2025-05-01,2024-05-01,12.5,STATE,Kaduna,Kaduna,Kaduna,North West,FALSE,16682.251872,NGN per refill,Average of May-24,FALSE,,12.5KG,2,GAS_PRICE_WATCH_May_2025.xlsx,,LPG MAY 2025,20,10,J20
2025-05-01,2024-05-01,12.5,STATE,Kano,Kano,Kano,North West,FALSE,15821.093595999999,NGN per refill,Average of May-24,FALSE,,12.5KG,2,GAS_PRICE_WATCH_May_2025.xlsx,,LPG MAY 2025,21,10,J21
2025-05-01,2024-05-01,12.5,STATE,Katsina,Katsina,Katsina,North West,FALSE,14525.9798285,NGN per refill,Average of May-24,FALSE,,12.5KG,2,GAS_PRICE_WATCH_May_2025.xlsx,,LPG MAY 2025,22,10,J22
2025-05-01,2024-05-01,12.5,STATE,Kebbi,Taraba,Kebbi,North West,FALSE,14728.8402025,NGN per refill,Average of May-24,FALSE,LPG_12_5KG_KEBBI_LABELLED_TARABA,12.5KG,2,GAS_PRICE_WATCH_May_2025.xlsx,,LPG MAY 2025,23,10,J23
2025-05-01,2024-05-01,12.5,STATE,Kogi,Kogi,Kogi,North Central,FALSE,14567.53565,NGN per refill,Average of May-24,FALSE,,12.5KG,2,GAS_PRICE_WATCH_May_2025.xlsx,,LPG MAY 2025,6,10,J6
2025-05-01,2024-05-01,12.5,STATE,Kwara,Kwara,Kwara,North Central,FALSE,15764.9645225,NGN per refill,Average of May-24,FALSE,,12.5KG,2,GAS_PRICE_WATCH_May_2025.xlsx,,LPG MAY 2025,7,10,J7
2025-05-01,2024-05-01,12.5,STATE,Lagos,Lagos,Lagos,South West,FALSE,14301.4371685,NGN per refill,Average of May-24,FALSE,,12.5KG,2,GAS_PRICE_WATCH_May_2025.xlsx,,LPG MAY 2025,41,10,J41
2025-05-01,2024-05-01,12.5,STATE,Nasarawa,Nasarawa,Nasarawa,North Central,FALSE,14201.855344,NGN per refill,Average of May-24,FALSE,,12.5KG,2,GAS_PRICE_WATCH_May_2025.xlsx,,LPG MAY 2025,8,10,J8
2025-05-01,2024-05-01,12.5,STATE,Niger,Niger,Niger,North Central,FALSE,15533.340657,NGN per refill,Average of May-24,FALSE,,12.5KG,2,GAS_PRICE_WATCH_May_2025.xlsx,,LPG MAY 2025,9,10,J9
2025-05-01,2024-05-01,12.5,STATE,Ogun,Ogun,Ogun,South West,FALSE,14126.35136,NGN per refill,Average of May-24,FALSE,,12.5KG,2,GAS_PRICE_WATCH_May_2025.xlsx,,LPG MAY 2025,42,10,J42
2025-05-01,2024-05-01,12.5,STATE,Ondo,Ondo,Ondo,South West,FALSE,15703.3561485,NGN per refill,Average of May-24,FALSE,,12.5KG,2,GAS_PRICE_WATCH_May_2025.xlsx,,LPG MAY 2025,43,10,J43
2025-05-01,2024-05-01,12.5,STATE,Osun,Osun,Osun,South West,FALSE,16832.032007499998,NGN per refill,Average of May-24,FALSE,,12.5KG,2,GAS_PRICE_WATCH_May_2025.xlsx,,LPG MAY 2025,44,10,J44
2025-05-01,2024-05-01,12.5,STATE,Oyo,Oyo,Oyo,South West,FALSE,16002.016403,NGN per refill,Average of May-24,FALSE,,12.5KG,2,GAS_PRICE_WATCH_May_2025.xlsx,,LPG MAY 2025,45,10,J45
2025-05-01,2024-05-01,12.5,STATE,Plateau,Plateau,Plateau,North Central,FALSE,14619.1048235,NGN per refill,Average of May-24,FALSE,,12.5KG,2,GAS_PRICE_WATCH_May_2025.xlsx,,LPG MAY 2025,10,10,J10
2025-05-01,2024-05-01,12.5,STATE,Rivers,Rivers,Rivers,South South,FALSE,16202.352579499999,NGN per refill,Average of May-24,FALSE,,12.5KG,2,GAS_PRICE_WATCH_May_2025.xlsx,,LPG MAY 2025,38,10,J38
2025-05-01,2024-05-01,12.5,STATE,Sokoto,Sokoto,Sokoto,North West,FALSE,15897.7633915,NGN per refill,Average of May-24,FALSE,,12.5KG,2,GAS_PRICE_WATCH_May_2025.xlsx,,LPG MAY 2025,24,10,J24
2025-05-01,2024-05-01,12.5,STATE,Taraba,Taraba,Taraba,North East,FALSE,13860.3106095,NGN per refill,Average of May-24,FALSE,,12.5KG,2,GAS_PRICE_WATCH_May_2025.xlsx,,LPG MAY 2025,16,10,J16
2025-05-01,2024-05-01,12.5,STATE,Yobe,Yobe,Yobe,North East,FALSE,14767.855864500001,NGN per refill,Average of May-24,FALSE,,12.5KG,2,GAS_PRICE_WATCH_May_2025.xlsx,,LPG MAY 2025,17,10,J17
2025-05-01,2024-05-01,12.5,STATE,Zamfara,Zamfara,Zamfara,North West,FALSE,18369.334203,NGN per refill,Average of May-24,FALSE,,12.5KG,2,GAS_PRICE_WATCH_May_2025.xlsx,,LPG MAY 2025,25,10,J25
2025-05-01,2024-05-01,12.5,ZONE,North Central,NORTH CENTRAL,,North Central,TRUE,15329.107499714288,NGN per refill,Average of May-24,FALSE,,12.5KG,2,GAS_PRICE_WATCH_May_2025.xlsx,,LPG MAY 2025,3,10,J3
2025-05-01,2024-05-01,12.5,ZONE,North East,NORTH EAST,,North East,TRUE,15010.623452833335,NGN per refill,Average of May-24,FALSE,,12.5KG,2,GAS_PRICE_WATCH_May_2025.xlsx,,LPG MAY 2025,11,10,J11
2025-05-01,2024-05-01,12.5,ZONE,North West,NORTH WEST,,North West,TRUE,15991.130067071428,NGN per refill,Average of May-24,FALSE,,12.5KG,2,GAS_PRICE_WATCH_May_2025.xlsx,,LPG MAY 2025,18,10,J18
2025-05-01,2024-05-01,12.5,ZONE,South East,SOUTH EAST,,South East,TRUE,15852.2573048,NGN per refill,Average of May-24,FALSE,,12.5KG,2,GAS_PRICE_WATCH_May_2025.xlsx,,LPG MAY 2025,26,10,J26
2025-05-01,2024-05-01,12.5,ZONE,South South,SOUTH SOUTH,,South South,TRUE,16310.017851583334,NGN per refill,Average of May-24,FALSE,,12.5KG,2,GAS_PRICE_WATCH_May_2025.xlsx,,LPG MAY 2025,32,10,J32
2025-05-01,2024-05-01,12.5,ZONE,South West,SOUTH WEST,,South West,TRUE,15297.817044833333,NGN per refill,Average of May-24,FALSE,,12.5KG,2,GAS_PRICE_WATCH_May_2025.xlsx,,LPG MAY 2025,39,10,J39
2025-05-01,2024-05-01,12.5,NATIONAL,Nigeria,Average,,,TRUE,15627.397286135134,NGN per refill,Average of May-24,FALSE,,12.5KG,2,GAS_PRICE_WATCH_May_2025.xlsx,,LPG MAY 2025,46,10,J46
2025-05-01,2025-04-01,5.0,STATE,Abia,Abia,Abia,South East,FALSE,8219.680191056961,NGN per refill,Average of Apr-25,FALSE,,5KG,2,GAS_PRICE_WATCH_May_2025.xlsx,,LPG MAY 2025,27,3,C27
2025-05-01,2025-04-01,5.0,STATE,Abuja,Abuja,Abuja,North Central,FALSE,7699.443104,NGN per refill,Average of Apr-25,FALSE,,5KG,2,GAS_PRICE_WATCH_May_2025.xlsx,,LPG MAY 2025,4,3,C4
2025-05-01,2025-04-01,5.0,STATE,Adamawa,Adamawa,Adamawa,North East,FALSE,8040.60666666668,NGN per refill,Average of Apr-25,FALSE,,5KG,2,GAS_PRICE_WATCH_May_2025.xlsx,,LPG MAY 2025,12,3,C12
2025-05-01,2025-04-01,5.0,STATE,Akwa Ibom,Akwa Ibom,Akwa Ibom,South South,FALSE,8655.593700000001,NGN per refill,Average of Apr-25,FALSE,,5KG,2,GAS_PRICE_WATCH_May_2025.xlsx,,LPG MAY 2025,33,3,C33
2025-05-01,2025-04-01,5.0,STATE,Anambra,Anambra,Anambra,South East,FALSE,8397.852399266681,NGN per refill,Average of Apr-25,FALSE,,5KG,2,GAS_PRICE_WATCH_May_2025.xlsx,,LPG MAY 2025,28,3,C28
2025-05-01,2025-04-01,5.0,STATE,Bauchi,Bauchi,Bauchi,North East,FALSE,8068.725,NGN per refill,Average of Apr-25,FALSE,,5KG,2,GAS_PRICE_WATCH_May_2025.xlsx,,LPG MAY 2025,13,3,C13
2025-05-01,2025-04-01,5.0,STATE,Bayelsa,Bayelsa,Bayelsa,South South,FALSE,8590.604,NGN per refill,Average of Apr-25,FALSE,,5KG,2,GAS_PRICE_WATCH_May_2025.xlsx,,LPG MAY 2025,34,3,C34
2025-05-01,2025-04-01,5.0,STATE,Benue,Benue,Benue,North Central,FALSE,8097.66713846152,NGN per refill,Average of Apr-25,FALSE,,5KG,2,GAS_PRICE_WATCH_May_2025.xlsx,,LPG MAY 2025,5,3,C5
2025-05-01,2025-04-01,5.0,STATE,Borno,Borno,Borno,North East,FALSE,7512.28973333332,NGN per refill,Average of Apr-25,FALSE,,5KG,2,GAS_PRICE_WATCH_May_2025.xlsx,,LPG MAY 2025,14,3,C14
2025-05-01,2025-04-01,5.0,STATE,Cross River,Cross River,Cross River,South South,FALSE,8442.245600000002,NGN per refill,Average of Apr-25,FALSE,,5KG,2,GAS_PRICE_WATCH_May_2025.xlsx,,LPG MAY 2025,35,3,C35
2025-05-01,2025-04-01,5.0,STATE,Delta,Delta,Delta,South South,FALSE,8132.68053333332,NGN per refill,Average of Apr-25,FALSE,,5KG,2,GAS_PRICE_WATCH_May_2025.xlsx,,LPG MAY 2025,36,3,C36
2025-05-01,2025-04-01,5.0,STATE,Ebonyi,Ebonyi,Ebonyi,South East,FALSE,8867.23582584,NGN per refill,Average of Apr-25,FALSE,,5KG,2,GAS_PRICE_WATCH_May_2025.xlsx,,LPG MAY 2025,29,3,C29
2025-05-01,2025-04-01,5.0,STATE,Edo,Edo,Edo,South South,FALSE,7761.74506666668,NGN per refill,Average of Apr-25,FALSE,,5KG,2,GAS_PRICE_WATCH_May_2025.xlsx,,LPG MAY 2025,37,3,C37
2025-05-01,2025-04-01,5.0,STATE,Ekiti,Ekiti,Ekiti,South West,FALSE,7299.920692,NGN per refill,Average of Apr-25,FALSE,,5KG,2,GAS_PRICE_WATCH_May_2025.xlsx,,LPG MAY 2025,40,3,C40
2025-05-01,2025-04-01,5.0,STATE,Enugu,Enugu,Enugu,South East,FALSE,8096.2073,NGN per refill,Average of Apr-25,FALSE,,5KG,2,GAS_PRICE_WATCH_May_2025.xlsx,,LPG MAY 2025,30,3,C30
2025-05-01,2025-04-01,5.0,STATE,Gombe,Gombe,Gombe,North East,FALSE,8175.370762,NGN per refill,Average of Apr-25,FALSE,,5KG,2,GAS_PRICE_WATCH_May_2025.xlsx,,LPG MAY 2025,15,3,C15
2025-05-01,2025-04-01,5.0,STATE,Imo,Imo,Imo,South East,FALSE,8175.49357333332,NGN per refill,Average of Apr-25,FALSE,,5KG,2,GAS_PRICE_WATCH_May_2025.xlsx,,LPG MAY 2025,31,3,C31
2025-05-01,2025-04-01,5.0,STATE,Jigawa,Jigawa,Jigawa,North West,FALSE,7268.41611111112,NGN per refill,Average of Apr-25,FALSE,,5KG,2,GAS_PRICE_WATCH_May_2025.xlsx,,LPG MAY 2025,19,3,C19
2025-05-01,2025-04-01,5.0,STATE,Kaduna,Kaduna,Kaduna,North West,FALSE,8153.67656,NGN per refill,Average of Apr-25,FALSE,,5KG,2,GAS_PRICE_WATCH_May_2025.xlsx,,LPG MAY 2025,20,3,C20
2025-05-01,2025-04-01,5.0,STATE,Kano,Kano,Kano,North West,FALSE,8419.96170666668,NGN per refill,Average of Apr-25,FALSE,,5KG,2,GAS_PRICE_WATCH_May_2025.xlsx,,LPG MAY 2025,21,3,C21
2025-05-01,2025-04-01,5.0,STATE,Katsina,Katsina,Katsina,North West,FALSE,7177.52333333332,NGN per refill,Average of Apr-25,FALSE,,5KG,2,GAS_PRICE_WATCH_May_2025.xlsx,,LPG MAY 2025,22,3,C22
2025-05-01,2025-04-01,5.0,STATE,Kebbi,Kebbi,Kebbi,North West,FALSE,7032.1088,NGN per refill,Average of Apr-25,FALSE,,5KG,2,GAS_PRICE_WATCH_May_2025.xlsx,,LPG MAY 2025,23,3,C23
2025-05-01,2025-04-01,5.0,STATE,Kogi,Kogi,Kogi,North Central,FALSE,7595.2,NGN per refill,Average of Apr-25,FALSE,,5KG,2,GAS_PRICE_WATCH_May_2025.xlsx,,LPG MAY 2025,6,3,C6
2025-05-01,2025-04-01,5.0,STATE,Kwara,Kwara,Kwara,North Central,FALSE,7369.469284022,NGN per refill,Average of Apr-25,FALSE,,5KG,2,GAS_PRICE_WATCH_May_2025.xlsx,,LPG MAY 2025,7,3,C7
2025-05-01,2025-04-01,5.0,STATE,Lagos,Lagos,Lagos,South West,FALSE,7477.62346666667,NGN per refill,Average of Apr-25,FALSE,,5KG,2,GAS_PRICE_WATCH_May_2025.xlsx,,LPG MAY 2025,41,3,C41
2025-05-01,2025-04-01,5.0,STATE,Nasarawa,Nasarawa,Nasarawa,North Central,FALSE,7242.7387304856,NGN per refill,Average of Apr-25,FALSE,,5KG,2,GAS_PRICE_WATCH_May_2025.xlsx,,LPG MAY 2025,8,3,C8
2025-05-01,2025-04-01,5.0,STATE,Niger,Niger,Niger,North Central,FALSE,7006.14595354856,NGN per refill,Average of Apr-25,FALSE,,5KG,2,GAS_PRICE_WATCH_May_2025.xlsx,,LPG MAY 2025,9,3,C9
2025-05-01,2025-04-01,5.0,STATE,Ogun,Ogun,Ogun,South West,FALSE,8177.2325,NGN per refill,Average of Apr-25,FALSE,,5KG,2,GAS_PRICE_WATCH_May_2025.xlsx,,LPG MAY 2025,42,3,C42
2025-05-01,2025-04-01,5.0,STATE,Ondo,Ondo,Ondo,South West,FALSE,7257.52506666667,NGN per refill,Average of Apr-25,FALSE,,5KG,2,GAS_PRICE_WATCH_May_2025.xlsx,,LPG MAY 2025,43,3,C43
2025-05-01,2025-04-01,5.0,STATE,Osun,Osun,Osun,South West,FALSE,8098.2444,NGN per refill,Average of Apr-25,FALSE,,5KG,2,GAS_PRICE_WATCH_May_2025.xlsx,,LPG MAY 2025,44,3,C44
2025-05-01,2025-04-01,5.0,STATE,Oyo,Oyo,Oyo,South West,FALSE,7072.97485714286,NGN per refill,Average of Apr-25,FALSE,,5KG,2,GAS_PRICE_WATCH_May_2025.xlsx,,LPG MAY 2025,45,3,C45
2025-05-01,2025-04-01,5.0,STATE,Plateau,Plateau,Plateau,North Central,FALSE,7014.86719299856,NGN per refill,Average of Apr-25,FALSE,,5KG,2,GAS_PRICE_WATCH_May_2025.xlsx,,LPG MAY 2025,10,3,C10
2025-05-01,2025-04-01,5.0,STATE,Rivers,Rivers,Rivers,South South,FALSE,9103.8243,NGN per refill,Average of Apr-25,FALSE,,5KG,2,GAS_PRICE_WATCH_May_2025.xlsx,,LPG MAY 2025,38,3,C38
2025-05-01,2025-04-01,5.0,STATE,Sokoto,Sokoto,Sokoto,North West,FALSE,8179.77,NGN per refill,Average of Apr-25,FALSE,,5KG,2,GAS_PRICE_WATCH_May_2025.xlsx,,LPG MAY 2025,24,3,C24
2025-05-01,2025-04-01,5.0,STATE,Taraba,Taraba,Taraba,North East,FALSE,8404.106875,NGN per refill,Average of Apr-25,FALSE,,5KG,2,GAS_PRICE_WATCH_May_2025.xlsx,,LPG MAY 2025,16,3,C16
2025-05-01,2025-04-01,5.0,STATE,Yobe,Yobe,Yobe,North East,FALSE,7395.466666666667,NGN per refill,Average of Apr-25,FALSE,,5KG,2,GAS_PRICE_WATCH_May_2025.xlsx,,LPG MAY 2025,17,3,C17
2025-05-01,2025-04-01,5.0,STATE,Zamfara,Zamfara,Zamfara,North West,FALSE,8087.0316,NGN per refill,Average of Apr-25,FALSE,,5KG,2,GAS_PRICE_WATCH_May_2025.xlsx,,LPG MAY 2025,25,3,C25
2025-05-01,2025-04-01,5.0,ZONE,North Central,NORTH CENTRAL,,North Central,TRUE,7432.218771930892,NGN per refill,Average of Apr-25,FALSE,,5KG,2,GAS_PRICE_WATCH_May_2025.xlsx,,LPG MAY 2025,3,3,C3
2025-05-01,2025-04-01,5.0,ZONE,North East,NORTH EAST,,North East,TRUE,7932.760950611111,NGN per refill,Average of Apr-25,FALSE,,5KG,2,GAS_PRICE_WATCH_May_2025.xlsx,,LPG MAY 2025,11,3,C11
2025-05-01,2025-04-01,5.0,ZONE,North West,NORTH WEST,,North West,TRUE,7759.784015873017,NGN per refill,Average of Apr-25,FALSE,,5KG,2,GAS_PRICE_WATCH_May_2025.xlsx,,LPG MAY 2025,18,3,C18
2025-05-01,2025-04-01,5.0,ZONE,South East,SOUTH EAST,,South East,TRUE,8351.293857899393,NGN per refill,Average of Apr-25,FALSE,,5KG,2,GAS_PRICE_WATCH_May_2025.xlsx,,LPG MAY 2025,26,3,C26
2025-05-01,2025-04-01,5.0,ZONE,South South,SOUTH SOUTH,,South South,TRUE,8447.7822,NGN per refill,Average of Apr-25,FALSE,,5KG,2,GAS_PRICE_WATCH_May_2025.xlsx,,LPG MAY 2025,32,3,C32
2025-05-01,2025-04-01,5.0,ZONE,South West,SOUTH WEST,,South West,TRUE,7563.920163746032,NGN per refill,Average of Apr-25,FALSE,,5KG,2,GAS_PRICE_WATCH_May_2025.xlsx,,LPG MAY 2025,39,3,C39
2025-05-01,2025-04-01,5.0,NATIONAL,Nigeria,Average,,,TRUE,7885.601856493706,NGN per refill,Average of Apr-25,FALSE,,5KG,2,GAS_PRICE_WATCH_May_2025.xlsx,,LPG MAY 2025,46,3,C46
2025-05-01,2025-04-01,12.5,STATE,Abia,Abia,Abia,South East,FALSE,20549.2004776424,NGN per refill,Average of Apr-25,FALSE,,12.5KG,2,GAS_PRICE_WATCH_May_2025.xlsx,,LPG MAY 2025,27,11,K27
2025-05-01,2025-04-01,12.5,STATE,Abuja,Abuja,Abuja,North Central,FALSE,19248.60776,NGN per refill,Average of Apr-25,FALSE,,12.5KG,2,GAS_PRICE_WATCH_May_2025.xlsx,,LPG MAY 2025,4,11,K4
2025-05-01,2025-04-01,12.5,STATE,Adamawa,Adamawa,Adamawa,North East,FALSE,20851.5166666667,NGN per refill,Average of Apr-25,FALSE,,12.5KG,2,GAS_PRICE_WATCH_May_2025.xlsx,,LPG MAY 2025,12,11,K12
2025-05-01,2025-04-01,12.5,STATE,Akwa Ibom,Akwa Ibom,Akwa Ibom,South South,FALSE,21638.98425,NGN per refill,Average of Apr-25,FALSE,,12.5KG,2,GAS_PRICE_WATCH_May_2025.xlsx,,LPG MAY 2025,33,11,K33
2025-05-01,2025-04-01,12.5,STATE,Anambra,Anambra,Anambra,South East,FALSE,20994.6309981667,NGN per refill,Average of Apr-25,FALSE,,12.5KG,2,GAS_PRICE_WATCH_May_2025.xlsx,,LPG MAY 2025,28,11,K28
2025-05-01,2025-04-01,12.5,STATE,Bauchi,Bauchi,Bauchi,North East,FALSE,21171.8125,NGN per refill,Average of Apr-25,FALSE,,12.5KG,2,GAS_PRICE_WATCH_May_2025.xlsx,,LPG MAY 2025,13,11,K13
2025-05-01,2025-04-01,12.5,STATE,Bayelsa,Bayelsa,Bayelsa,South South,FALSE,21476.51,NGN per refill,Average of Apr-25,FALSE,,12.5KG,2,GAS_PRICE_WATCH_May_2025.xlsx,,LPG MAY 2025,34,11,K34
2025-05-01,2025-04-01,12.5,STATE,Benue,Benue,Benue,North Central,FALSE,20494.1678461538,NGN per refill,Average of Apr-25,FALSE,,12.5KG,2,GAS_PRICE_WATCH_May_2025.xlsx,,LPG MAY 2025,5,11,K5
2025-05-01,2025-04-01,12.5,STATE,Borno,Borno,Borno,North East,FALSE,19780.7243333333,NGN per refill,Average of Apr-25,FALSE,,12.5KG,2,GAS_PRICE_WATCH_May_2025.xlsx,,LPG MAY 2025,14,11,K14
2025-05-01,2025-04-01,12.5,STATE,Cross River,Cross River,Cross River,South South,FALSE,21105.614,NGN per refill,Average of Apr-25,FALSE,,12.5KG,2,GAS_PRICE_WATCH_May_2025.xlsx,,LPG MAY 2025,35,11,K35
2025-05-01,2025-04-01,12.5,STATE,Delta,Delta,Delta,South South,FALSE,22831.7013333333,NGN per refill,Average of Apr-25,FALSE,,12.5KG,2,GAS_PRICE_WATCH_May_2025.xlsx,,LPG MAY 2025,36,11,K36
2025-05-01,2025-04-01,12.5,STATE,Ebonyi,Ebonyi,Ebonyi,South East,FALSE,22168.0895646,NGN per refill,Average of Apr-25,FALSE,,12.5KG,2,GAS_PRICE_WATCH_May_2025.xlsx,,LPG MAY 2025,29,11,K29
2025-05-01,2025-04-01,12.5,STATE,Edo,Edo,Edo,South South,FALSE,19404.3626666667,NGN per refill,Average of Apr-25,FALSE,,12.5KG,2,GAS_PRICE_WATCH_May_2025.xlsx,,LPG MAY 2025,37,11,K37
2025-05-01,2025-04-01,12.5,STATE,Ekiti,Ekiti,Ekiti,South West,FALSE,18249.80173,NGN per refill,Average of Apr-25,FALSE,,12.5KG,2,GAS_PRICE_WATCH_May_2025.xlsx,,LPG MAY 2025,40,11,K40
2025-05-01,2025-04-01,12.5,STATE,Enugu,Enugu,Enugu,South East,FALSE,20990.51825,NGN per refill,Average of Apr-25,FALSE,,12.5KG,2,GAS_PRICE_WATCH_May_2025.xlsx,,LPG MAY 2025,30,11,K30
2025-05-01,2025-04-01,12.5,STATE,Gombe,Gombe,Gombe,North East,FALSE,20188.426905,NGN per refill,Average of Apr-25,FALSE,,12.5KG,2,GAS_PRICE_WATCH_May_2025.xlsx,,LPG MAY 2025,15,11,K15
2025-05-01,2025-04-01,12.5,STATE,Imo,Imo,Imo,South East,FALSE,22938.7339333333,NGN per refill,Average of Apr-25,FALSE,,12.5KG,2,GAS_PRICE_WATCH_May_2025.xlsx,,LPG MAY 2025,31,11,K31
2025-05-01,2025-04-01,12.5,STATE,Jigawa,Jigawa,Jigawa,North West,FALSE,18671.0402777778,NGN per refill,Average of Apr-25,FALSE,,12.5KG,2,GAS_PRICE_WATCH_May_2025.xlsx,,LPG MAY 2025,19,11,K19
2025-05-01,2025-04-01,12.5,STATE,Kaduna,Kaduna,Kaduna,North West,FALSE,20134.1914,NGN per refill,Average of Apr-25,FALSE,,12.5KG,2,GAS_PRICE_WATCH_May_2025.xlsx,,LPG MAY 2025,20,11,K20
2025-05-01,2025-04-01,12.5,STATE,Kano,Kano,Kano,North West,FALSE,21799.9042666667,NGN per refill,Average of Apr-25,FALSE,,12.5KG,2,GAS_PRICE_WATCH_May_2025.xlsx,,LPG MAY 2025,21,11,K21
2025-05-01,2025-04-01,12.5,STATE,Katsina,Katsina,Katsina,North West,FALSE,18193.8083333333,NGN per refill,Average of Apr-25,FALSE,,12.5KG,2,GAS_PRICE_WATCH_May_2025.xlsx,,LPG MAY 2025,22,11,K22
2025-05-01,2025-04-01,12.5,STATE,Kebbi,Taraba,Kebbi,North West,FALSE,18080.272,NGN per refill,Average of Apr-25,FALSE,LPG_12_5KG_KEBBI_LABELLED_TARABA,12.5KG,2,GAS_PRICE_WATCH_May_2025.xlsx,,LPG MAY 2025,23,11,K23
2025-05-01,2025-04-01,12.5,STATE,Kogi,Kogi,Kogi,North Central,FALSE,19988,NGN per refill,Average of Apr-25,FALSE,,12.5KG,2,GAS_PRICE_WATCH_May_2025.xlsx,,LPG MAY 2025,6,11,K6
2025-05-01,2025-04-01,12.5,STATE,Kwara,Kwara,Kwara,North Central,FALSE,18173.673210055,NGN per refill,Average of Apr-25,FALSE,,12.5KG,2,GAS_PRICE_WATCH_May_2025.xlsx,,LPG MAY 2025,7,11,K7
2025-05-01,2025-04-01,12.5,STATE,Lagos,Lagos,Lagos,South West,FALSE,18944.058666666664,NGN per refill,Average of Apr-25,FALSE,,12.5KG,2,GAS_PRICE_WATCH_May_2025.xlsx,,LPG MAY 2025,41,11,K41
2025-05-01,2025-04-01,12.5,STATE,Nasarawa,Nasarawa,Nasarawa,North Central,FALSE,18106.846826214,NGN per refill,Average of Apr-25,FALSE,,12.5KG,2,GAS_PRICE_WATCH_May_2025.xlsx,,LPG MAY 2025,8,11,K8
2025-05-01,2025-04-01,12.5,STATE,Niger,Niger,Niger,North Central,FALSE,19265.3648838714,NGN per refill,Average of Apr-25,FALSE,,12.5KG,2,GAS_PRICE_WATCH_May_2025.xlsx,,LPG MAY 2025,9,11,K9
2025-05-01,2025-04-01,12.5,STATE,Ogun,Ogun,Ogun,South West,FALSE,20193.08125,NGN per refill,Average of Apr-25,FALSE,,12.5KG,2,GAS_PRICE_WATCH_May_2025.xlsx,,LPG MAY 2025,42,11,K42
2025-05-01,2025-04-01,12.5,STATE,Ondo,Ondo,Ondo,South West,FALSE,19143.812666666665,NGN per refill,Average of Apr-25,FALSE,,12.5KG,2,GAS_PRICE_WATCH_May_2025.xlsx,,LPG MAY 2025,43,11,K43
2025-05-01,2025-04-01,12.5,STATE,Osun,Osun,Osun,South West,FALSE,20995.611,NGN per refill,Average of Apr-25,FALSE,,12.5KG,2,GAS_PRICE_WATCH_May_2025.xlsx,,LPG MAY 2025,44,11,K44
2025-05-01,2025-04-01,12.5,STATE,Oyo,Oyo,Oyo,South West,FALSE,19432.437142857143,NGN per refill,Average of Apr-25,FALSE,,12.5KG,2,GAS_PRICE_WATCH_May_2025.xlsx,,LPG MAY 2025,45,11,K45
2025-05-01,2025-04-01,12.5,STATE,Plateau,Plateau,Plateau,North Central,FALSE,20037.1679824964,NGN per refill,Average of Apr-25,FALSE,,12.5KG,2,GAS_PRICE_WATCH_May_2025.xlsx,,LPG MAY 2025,10,11,K10
2025-05-01,2025-04-01,12.5,STATE,Rivers,Rivers,Rivers,South South,FALSE,22759.56075,NGN per refill,Average of Apr-25,FALSE,,12.5KG,2,GAS_PRICE_WATCH_May_2025.xlsx,,LPG MAY 2025,38,11,K38
2025-05-01,2025-04-01,12.5,STATE,Sokoto,Sokoto,Sokoto,North West,FALSE,20699.425,NGN per refill,Average of Apr-25,FALSE,,12.5KG,2,GAS_PRICE_WATCH_May_2025.xlsx,,LPG MAY 2025,24,11,K24
2025-05-01,2025-04-01,12.5,STATE,Taraba,Taraba,Taraba,North East,FALSE,22010.2671875,NGN per refill,Average of Apr-25,FALSE,,12.5KG,2,GAS_PRICE_WATCH_May_2025.xlsx,,LPG MAY 2025,16,11,K16
2025-05-01,2025-04-01,12.5,STATE,Yobe,Yobe,Yobe,North East,FALSE,18488.666666666668,NGN per refill,Average of Apr-25,FALSE,,12.5KG,2,GAS_PRICE_WATCH_May_2025.xlsx,,LPG MAY 2025,17,11,K17
2025-05-01,2025-04-01,12.5,STATE,Zamfara,Zamfara,Zamfara,North West,FALSE,20717.578999999998,NGN per refill,Average of Apr-25,FALSE,,12.5KG,2,GAS_PRICE_WATCH_May_2025.xlsx,,LPG MAY 2025,25,11,K25
2025-05-01,2025-04-01,12.5,ZONE,North Central,NORTH CENTRAL,,North Central,TRUE,19330.54692982723,NGN per refill,Average of Apr-25,FALSE,,12.5KG,2,GAS_PRICE_WATCH_May_2025.xlsx,,LPG MAY 2025,3,11,K3
2025-05-01,2025-04-01,12.5,ZONE,North East,NORTH EAST,,North East,TRUE,20415.235709861114,NGN per refill,Average of Apr-25,FALSE,,12.5KG,2,GAS_PRICE_WATCH_May_2025.xlsx,,LPG MAY 2025,11,11,K11
2025-05-01,2025-04-01,12.5,ZONE,North West,NORTH WEST,,North West,TRUE,19756.602896825403,NGN per refill,Average of Apr-25,FALSE,,12.5KG,2,GAS_PRICE_WATCH_May_2025.xlsx,,LPG MAY 2025,18,11,K18
2025-05-01,2025-04-01,12.5,ZONE,South East,SOUTH EAST,,South East,TRUE,21528.23464474848,NGN per refill,Average of Apr-25,FALSE,,12.5KG,2,GAS_PRICE_WATCH_May_2025.xlsx,,LPG MAY 2025,26,11,K26
2025-05-01,2025-04-01,12.5,ZONE,South South,SOUTH SOUTH,,South South,TRUE,21536.122166666668,NGN per refill,Average of Apr-25,FALSE,,12.5KG,2,GAS_PRICE_WATCH_May_2025.xlsx,,LPG MAY 2025,32,11,K32
2025-05-01,2025-04-01,12.5,ZONE,South West,SOUTH WEST,,South West,TRUE,19493.133742698414,NGN per refill,Average of Apr-25,FALSE,,12.5KG,2,GAS_PRICE_WATCH_May_2025.xlsx,,LPG MAY 2025,39,11,K39
2025-05-01,2025-04-01,12.5,NATIONAL,Nigeria,Average,,,TRUE,20268.05869528832,NGN per refill,Average of Apr-25,FALSE,,12.5KG,2,GAS_PRICE_WATCH_May_2025.xlsx,,LPG MAY 2025,46,11,K46
2025-05-01,2025-05-01,5.0,STATE,Abia,Abia,Abia,South East,FALSE,9181.20364828692,NGN per refill,Average of May-25,TRUE,,5KG,2,GAS_PRICE_WATCH_May_2025.xlsx,,LPG MAY 2025,27,4,D27
2025-05-01,2025-05-01,5.0,STATE,Abuja,Abuja,Abuja,North Central,FALSE,8254.3595696,NGN per refill,Average of May-25,TRUE,,5KG,2,GAS_PRICE_WATCH_May_2025.xlsx,,LPG MAY 2025,4,4,D4
2025-05-01,2025-05-01,5.0,STATE,Adamawa,Adamawa,Adamawa,North East,FALSE,8685.031,NGN per refill,Average of May-25,TRUE,,5KG,2,GAS_PRICE_WATCH_May_2025.xlsx,,LPG MAY 2025,12,4,D12
2025-05-01,2025-05-01,5.0,STATE,Akwa Ibom,Akwa Ibom,Akwa Ibom,South South,FALSE,8318.932755000002,NGN per refill,Average of May-25,TRUE,,5KG,2,GAS_PRICE_WATCH_May_2025.xlsx,,LPG MAY 2025,33,4,D33
2025-05-01,2025-05-01,5.0,STATE,Anambra,Anambra,Anambra,South East,FALSE,8437.53025915668,NGN per refill,Average of May-25,TRUE,,5KG,2,GAS_PRICE_WATCH_May_2025.xlsx,,LPG MAY 2025,28,4,D28
2025-05-01,2025-05-01,5.0,STATE,Bauchi,Bauchi,Bauchi,North East,FALSE,8214.03375,NGN per refill,Average of May-25,TRUE,,5KG,2,GAS_PRICE_WATCH_May_2025.xlsx,,LPG MAY 2025,13,4,D13
2025-05-01,2025-05-01,5.0,STATE,Bayelsa,Bayelsa,Bayelsa,South South,FALSE,8859.194599999999,NGN per refill,Average of May-25,TRUE,,5KG,2,GAS_PRICE_WATCH_May_2025.xlsx,,LPG MAY 2025,34,4,D34
2025-05-01,2025-05-01,5.0,STATE,Benue,Benue,Benue,North Central,FALSE,8674.64028615384,NGN per refill,Average of May-25,TRUE,,5KG,2,GAS_PRICE_WATCH_May_2025.xlsx,,LPG MAY 2025,5,4,D5
2025-05-01,2025-05-01,5.0,STATE,Borno,Borno,Borno,North East,FALSE,8060.32679333332,NGN per refill,Average of May-25,TRUE,,5KG,2,GAS_PRICE_WATCH_May_2025.xlsx,,LPG MAY 2025,14,4,D14
2025-05-01,2025-05-01,5.0,STATE,Cross River,Cross River,Cross River,South South,FALSE,9028.58244,NGN per refill,Average of May-25,TRUE,,5KG,2,GAS_PRICE_WATCH_May_2025.xlsx,,LPG MAY 2025,35,4,D35
2025-05-01,2025-05-01,5.0,STATE,Delta,Delta,Delta,South South,FALSE,9042.58261333332,NGN per refill,Average of May-25,TRUE,,5KG,2,GAS_PRICE_WATCH_May_2025.xlsx,,LPG MAY 2025,36,4,D36
2025-05-01,2025-05-01,5.0,STATE,Ebonyi,Ebonyi,Ebonyi,South East,FALSE,9177.321199716,NGN per refill,Average of May-25,TRUE,,5KG,2,GAS_PRICE_WATCH_May_2025.xlsx,,LPG MAY 2025,29,4,D29
2025-05-01,2025-05-01,5.0,STATE,Edo,Edo,Edo,South South,FALSE,8139.34016,NGN per refill,Average of May-25,TRUE,,5KG,2,GAS_PRICE_WATCH_May_2025.xlsx,,LPG MAY 2025,37,4,D37
2025-05-01,2025-05-01,5.0,STATE,Ekiti,Ekiti,Ekiti,South West,FALSE,8054.908795800001,NGN per refill,Average of May-25,TRUE,,5KG,2,GAS_PRICE_WATCH_May_2025.xlsx,,LPG MAY 2025,40,4,D40
2025-05-01,2025-05-01,5.0,STATE,Enugu,Enugu,Enugu,South East,FALSE,8195.638395000002,NGN per refill,Average of May-25,TRUE,,5KG,2,GAS_PRICE_WATCH_May_2025.xlsx,,LPG MAY 2025,30,4,D30
2025-05-01,2025-05-01,5.0,STATE,Gombe,Gombe,Gombe,North East,FALSE,8266.6763763,NGN per refill,Average of May-25,TRUE,,5KG,2,GAS_PRICE_WATCH_May_2025.xlsx,,LPG MAY 2025,15,4,D15
2025-05-01,2025-05-01,5.0,STATE,Imo,Imo,Imo,South East,FALSE,8631.817609333319,NGN per refill,Average of May-25,TRUE,,5KG,2,GAS_PRICE_WATCH_May_2025.xlsx,,LPG MAY 2025,31,4,D31
2025-05-01,2025-05-01,5.0,STATE,Jigawa,Jigawa,Jigawa,North West,FALSE,7879.78963888888,NGN per refill,Average of May-25,TRUE,,5KG,2,GAS_PRICE_WATCH_May_2025.xlsx,,LPG MAY 2025,19,4,D19
2025-05-01,2025-05-01,5.0,STATE,Kaduna,Kaduna,Kaduna,North West,FALSE,8181.728044,NGN per refill,Average of May-25,TRUE,,5KG,2,GAS_PRICE_WATCH_May_2025.xlsx,,LPG MAY 2025,20,4,D20
2025-05-01,2025-05-01,5.0,STATE,Kano,Kano,Kano,North West,FALSE,8352.62262933332,NGN per refill,Average of May-25,TRUE,,5KG,2,GAS_PRICE_WATCH_May_2025.xlsx,,LPG MAY 2025,21,4,D21
2025-05-01,2025-05-01,5.0,STATE,Katsina,Katsina,Katsina,North West,FALSE,7644.6045,NGN per refill,Average of May-25,TRUE,,5KG,2,GAS_PRICE_WATCH_May_2025.xlsx,,LPG MAY 2025,22,4,D22
2025-05-01,2025-05-01,5.0,STATE,Kebbi,Kebbi,Kebbi,North West,FALSE,7442.63940571428,NGN per refill,Average of May-25,TRUE,,5KG,2,GAS_PRICE_WATCH_May_2025.xlsx,,LPG MAY 2025,23,4,D23
2025-05-01,2025-05-01,5.0,STATE,Kogi,Kogi,Kogi,North Central,FALSE,7754.48,NGN per refill,Average of May-25,TRUE,,5KG,2,GAS_PRICE_WATCH_May_2025.xlsx,,LPG MAY 2025,6,4,D6
2025-05-01,2025-05-01,5.0,STATE,Kwara,Kwara,Kwara,North Central,FALSE,7663.88967662532,NGN per refill,Average of May-25,TRUE,,5KG,2,GAS_PRICE_WATCH_May_2025.xlsx,,LPG MAY 2025,7,4,D7
2025-05-01,2025-05-01,5.0,STATE,Lagos,Lagos,Lagos,South West,FALSE,7414.39818666668,NGN per refill,Average of May-25,TRUE,,5KG,2,GAS_PRICE_WATCH_May_2025.xlsx,,LPG MAY 2025,41,4,D41
2025-05-01,2025-05-01,5.0,STATE,Nasarawa,Nasarawa,Nasarawa,North Central,FALSE,7649.149540058441,NGN per refill,Average of May-25,TRUE,,5KG,2,GAS_PRICE_WATCH_May_2025.xlsx,,LPG MAY 2025,8,4,D8
2025-05-01,2025-05-01,5.0,STATE,Niger,Niger,Niger,North Central,FALSE,7142.06784658084,NGN per refill,Average of May-25,TRUE,,5KG,2,GAS_PRICE_WATCH_May_2025.xlsx,,LPG MAY 2025,9,4,D9
2025-05-01,2025-05-01,5.0,STATE,Ogun,Ogun,Ogun,South West,FALSE,8038.817375,NGN per refill,Average of May-25,TRUE,,5KG,2,GAS_PRICE_WATCH_May_2025.xlsx,,LPG MAY 2025,42,4,D42
2025-05-01,2025-05-01,5.0,STATE,Ondo,Ondo,Ondo,South West,FALSE,7856.15382666668,NGN per refill,Average of May-25,TRUE,,5KG,2,GAS_PRICE_WATCH_May_2025.xlsx,,LPG MAY 2025,43,4,D43
2025-05-01,2025-05-01,5.0,STATE,Osun,Osun,Osun,South West,FALSE,8097.56362,NGN per refill,Average of May-25,TRUE,,5KG,2,GAS_PRICE_WATCH_May_2025.xlsx,,LPG MAY 2025,44,4,D44
2025-05-01,2025-05-01,5.0,STATE,Oyo,Oyo,Oyo,South West,FALSE,7116.49073428572,NGN per refill,Average of May-25,TRUE,,5KG,2,GAS_PRICE_WATCH_May_2025.xlsx,,LPG MAY 2025,45,4,D45
2025-05-01,2025-05-01,5.0,STATE,Plateau,Plateau,Plateau,North Central,FALSE,7177.09727194836,NGN per refill,Average of May-25,TRUE,,5KG,2,GAS_PRICE_WATCH_May_2025.xlsx,,LPG MAY 2025,10,4,D10
2025-05-01,2025-05-01,5.0,STATE,Rivers,Rivers,Rivers,South South,FALSE,9174.397944999999,NGN per refill,Average of May-25,TRUE,,5KG,2,GAS_PRICE_WATCH_May_2025.xlsx,,LPG MAY 2025,38,4,D38
2025-05-01,2025-05-01,5.0,STATE,Sokoto,Sokoto,Sokoto,North West,FALSE,8121.7355,NGN per refill,Average of May-25,TRUE,,5KG,2,GAS_PRICE_WATCH_May_2025.xlsx,,LPG MAY 2025,24,4,D24
2025-05-01,2025-05-01,5.0,STATE,Taraba,Taraba,Taraba,North East,FALSE,9044.722906250001,NGN per refill,Average of May-25,TRUE,,5KG,2,GAS_PRICE_WATCH_May_2025.xlsx,,LPG MAY 2025,16,4,D16
2025-05-01,2025-05-01,5.0,STATE,Yobe,Yobe,Yobe,North East,FALSE,7400,NGN per refill,Average of May-25,TRUE,,5KG,2,GAS_PRICE_WATCH_May_2025.xlsx,,LPG MAY 2025,17,4,D17
2025-05-01,2025-05-01,5.0,STATE,Zamfara,Zamfara,Zamfara,North West,FALSE,7820.365911999999,NGN per refill,Average of May-25,TRUE,,5KG,2,GAS_PRICE_WATCH_May_2025.xlsx,,LPG MAY 2025,25,4,D25
2025-05-01,2025-05-01,5.0,ZONE,North Central,NORTH CENTRAL,,North Central,TRUE,7759.3834558524,NGN per refill,Average of May-25,TRUE,,5KG,2,GAS_PRICE_WATCH_May_2025.xlsx,,LPG MAY 2025,3,4,D3
2025-05-01,2025-05-01,5.0,ZONE,North East,NORTH EAST,,North East,TRUE,8278.46513764722,NGN per refill,Average of May-25,TRUE,,5KG,2,GAS_PRICE_WATCH_May_2025.xlsx,,LPG MAY 2025,11,4,D11
2025-05-01,2025-05-01,5.0,ZONE,North West,NORTH WEST,,North West,TRUE,7920.497947133784,NGN per refill,Average of May-25,TRUE,,5KG,2,GAS_PRICE_WATCH_May_2025.xlsx,,LPG MAY 2025,18,4,D18
2025-05-01,2025-05-01,5.0,ZONE,South East,SOUTH EAST,,South East,TRUE,8724.702222298583,NGN per refill,Average of May-25,TRUE,,5KG,2,GAS_PRICE_WATCH_May_2025.xlsx,,LPG MAY 2025,26,4,D26
2025-05-01,2025-05-01,5.0,ZONE,South South,SOUTH SOUTH,,South South,TRUE,8760.505085555553,NGN per refill,Average of May-25,TRUE,,5KG,2,GAS_PRICE_WATCH_May_2025.xlsx,,LPG MAY 2025,32,4,D32
2025-05-01,2025-05-01,5.0,ZONE,South West,SOUTH WEST,,South West,TRUE,7763.055423069846,NGN per refill,Average of May-25,TRUE,,5KG,2,GAS_PRICE_WATCH_May_2025.xlsx,,LPG MAY 2025,39,4,D39
2025-05-01,2025-05-01,5.0,NATIONAL,Nigeria,Average,,,TRUE,8167.427967838702,NGN per refill,Average of May-25,TRUE,,5KG,2,GAS_PRICE_WATCH_May_2025.xlsx,,LPG MAY 2025,46,4,D46
2025-05-01,2025-05-01,12.5,STATE,Abia,Abia,Abia,South East,FALSE,22953.0091207173,NGN per refill,Average of May-25,TRUE,,12.5KG,2,GAS_PRICE_WATCH_May_2025.xlsx,,LPG MAY 2025,27,12,L27
2025-05-01,2025-05-01,12.5,STATE,Abuja,Abuja,Abuja,North Central,FALSE,20635.898924,NGN per refill,Average of May-25,TRUE,,12.5KG,2,GAS_PRICE_WATCH_May_2025.xlsx,,LPG MAY 2025,4,12,L4
2025-05-01,2025-05-01,12.5,STATE,Adamawa,Adamawa,Adamawa,North East,FALSE,21712.5775,NGN per refill,Average of May-25,TRUE,,12.5KG,2,GAS_PRICE_WATCH_May_2025.xlsx,,LPG MAY 2025,12,12,L12
2025-05-01,2025-05-01,12.5,STATE,Akwa Ibom,Akwa Ibom,Akwa Ibom,South South,FALSE,20797.3318875,NGN per refill,Average of May-25,TRUE,,12.5KG,2,GAS_PRICE_WATCH_May_2025.xlsx,,LPG MAY 2025,33,12,L33
2025-05-01,2025-05-01,12.5,STATE,Anambra,Anambra,Anambra,South East,FALSE,21093.8256478917,NGN per refill,Average of May-25,TRUE,,12.5KG,2,GAS_PRICE_WATCH_May_2025.xlsx,,LPG MAY 2025,28,12,L28
2025-05-01,2025-05-01,12.5,STATE,Bauchi,Bauchi,Bauchi,North East,FALSE,20535.084375,NGN per refill,Average of May-25,TRUE,,12.5KG,2,GAS_PRICE_WATCH_May_2025.xlsx,,LPG MAY 2025,13,12,L13
2025-05-01,2025-05-01,12.5,STATE,Bayelsa,Bayelsa,Bayelsa,South South,FALSE,22147.9865,NGN per refill,Average of May-25,TRUE,,12.5KG,2,GAS_PRICE_WATCH_May_2025.xlsx,,LPG MAY 2025,34,12,L34
2025-05-01,2025-05-01,12.5,STATE,Benue,Benue,Benue,North Central,FALSE,21686.6007153846,NGN per refill,Average of May-25,TRUE,,12.5KG,2,GAS_PRICE_WATCH_May_2025.xlsx,,LPG MAY 2025,5,12,L5
2025-05-01,2025-05-01,12.5,STATE,Borno,Borno,Borno,North East,FALSE,20900.8169833333,NGN per refill,Average of May-25,TRUE,,12.5KG,2,GAS_PRICE_WATCH_May_2025.xlsx,,LPG MAY 2025,14,12,L14
2025-05-01,2025-05-01,12.5,STATE,Cross River,Cross River,Cross River,South South,FALSE,22571.4561,NGN per refill,Average of May-25,TRUE,,12.5KG,2,GAS_PRICE_WATCH_May_2025.xlsx,,LPG MAY 2025,35,12,L35
2025-05-01,2025-05-01,12.5,STATE,Delta,Delta,Delta,South South,FALSE,23356.4565333333,NGN per refill,Average of May-25,TRUE,,12.5KG,2,GAS_PRICE_WATCH_May_2025.xlsx,,LPG MAY 2025,36,12,L36
2025-05-01,2025-05-01,12.5,STATE,Ebonyi,Ebonyi,Ebonyi,South East,FALSE,22943.30299929,NGN per refill,Average of May-25,TRUE,,12.5KG,2,GAS_PRICE_WATCH_May_2025.xlsx,,LPG MAY 2025,29,12,L29
2025-05-01,2025-05-01,12.5,STATE,Edo,Edo,Edo,South South,FALSE,20348.3504,NGN per refill,Average of May-25,TRUE,,12.5KG,2,GAS_PRICE_WATCH_May_2025.xlsx,,LPG MAY 2025,37,12,L37
2025-05-01,2025-05-01,12.5,STATE,Ekiti,Ekiti,Ekiti,South West,FALSE,20137.2719895,NGN per refill,Average of May-25,TRUE,,12.5KG,2,GAS_PRICE_WATCH_May_2025.xlsx,,LPG MAY 2025,40,12,L40
2025-05-01,2025-05-01,12.5,STATE,Enugu,Enugu,Enugu,South East,FALSE,20489.0959875,NGN per refill,Average of May-25,TRUE,,12.5KG,2,GAS_PRICE_WATCH_May_2025.xlsx,,LPG MAY 2025,30,12,L30
2025-05-01,2025-05-01,12.5,STATE,Gombe,Gombe,Gombe,North East,FALSE,20666.69094075,NGN per refill,Average of May-25,TRUE,,12.5KG,2,GAS_PRICE_WATCH_May_2025.xlsx,,LPG MAY 2025,15,12,L15
2025-05-01,2025-05-01,12.5,STATE,Imo,Imo,Imo,South East,FALSE,21579.5440233333,NGN per refill,Average of May-25,TRUE,,12.5KG,2,GAS_PRICE_WATCH_May_2025.xlsx,,LPG MAY 2025,31,12,L31
2025-05-01,2025-05-01,12.5,STATE,Jigawa,Jigawa,Jigawa,North West,FALSE,20699.4740972222,NGN per refill,Average of May-25,TRUE,,12.5KG,2,GAS_PRICE_WATCH_May_2025.xlsx,,LPG MAY 2025,19,12,L19
2025-05-01,2025-05-01,12.5,STATE,Kaduna,Kaduna,Kaduna,North West,FALSE,20454.32011,NGN per refill,Average of May-25,TRUE,,12.5KG,2,GAS_PRICE_WATCH_May_2025.xlsx,,LPG MAY 2025,20,12,L20
2025-05-01,2025-05-01,12.5,STATE,Kano,Kano,Kano,North West,FALSE,20881.5565733333,NGN per refill,Average of May-25,TRUE,,12.5KG,2,GAS_PRICE_WATCH_May_2025.xlsx,,LPG MAY 2025,21,12,L21
2025-05-01,2025-05-01,12.5,STATE,Katsina,Katsina,Katsina,North West,FALSE,19111.51125,NGN per refill,Average of May-25,TRUE,,12.5KG,2,GAS_PRICE_WATCH_May_2025.xlsx,,LPG MAY 2025,22,12,L22
2025-05-01,2025-05-01,12.5,STATE,Kebbi,Taraba,Kebbi,North West,FALSE,18606.5985142857,NGN per refill,Average of May-25,TRUE,LPG_12_5KG_KEBBI_LABELLED_TARABA,12.5KG,2,GAS_PRICE_WATCH_May_2025.xlsx,,LPG MAY 2025,23,12,L23
2025-05-01,2025-05-01,12.5,STATE,Kogi,Kogi,Kogi,North Central,FALSE,19386.2,NGN per refill,Average of May-25,TRUE,,12.5KG,2,GAS_PRICE_WATCH_May_2025.xlsx,,LPG MAY 2025,6,12,L6
2025-05-01,2025-05-01,12.5,STATE,Kwara,Kwara,Kwara,North Central,FALSE,19159.7241915633,NGN per refill,Average of May-25,TRUE,,12.5KG,2,GAS_PRICE_WATCH_May_2025.xlsx,,LPG MAY 2025,7,12,L7
2025-05-01,2025-05-01,12.5,STATE,Lagos,Lagos,Lagos,South West,FALSE,18535.9954666667,NGN per refill,Average of May-25,TRUE,,12.5KG,2,GAS_PRICE_WATCH_May_2025.xlsx,,LPG MAY 2025,41,12,L41
2025-05-01,2025-05-01,12.5,STATE,Nasarawa,Nasarawa,Nasarawa,North Central,FALSE,19122.8738501461,NGN per refill,Average of May-25,TRUE,,12.5KG,2,GAS_PRICE_WATCH_May_2025.xlsx,,LPG MAY 2025,8,12,L8
2025-05-01,2025-05-01,12.5,STATE,Niger,Niger,Niger,North Central,FALSE,20355.1696164521,NGN per refill,Average of May-25,TRUE,,12.5KG,2,GAS_PRICE_WATCH_May_2025.xlsx,,LPG MAY 2025,9,12,L9
2025-05-01,2025-05-01,12.5,STATE,Ogun,Ogun,Ogun,South West,FALSE,20097.0434375,NGN per refill,Average of May-25,TRUE,,12.5KG,2,GAS_PRICE_WATCH_May_2025.xlsx,,LPG MAY 2025,42,12,L42
2025-05-01,2025-05-01,12.5,STATE,Ondo,Ondo,Ondo,South West,FALSE,20390.3845666667,NGN per refill,Average of May-25,TRUE,,12.5KG,2,GAS_PRICE_WATCH_May_2025.xlsx,,LPG MAY 2025,43,12,L43
2025-05-01,2025-05-01,12.5,STATE,Osun,Osun,Osun,South West,FALSE,20243.90905,NGN per refill,Average of May-25,TRUE,,12.5KG,2,GAS_PRICE_WATCH_May_2025.xlsx,,LPG MAY 2025,44,12,L44
2025-05-01,2025-05-01,12.5,STATE,Oyo,Oyo,Oyo,South West,FALSE,20291.2268357143,NGN per refill,Average of May-25,TRUE,,12.5KG,2,GAS_PRICE_WATCH_May_2025.xlsx,,LPG MAY 2025,45,12,L45
2025-05-01,2025-05-01,12.5,STATE,Plateau,Plateau,Plateau,North Central,FALSE,20442.7431798709,NGN per refill,Average of May-25,TRUE,,12.5KG,2,GAS_PRICE_WATCH_May_2025.xlsx,,LPG MAY 2025,10,12,L10
2025-05-01,2025-05-01,12.5,STATE,Rivers,Rivers,Rivers,South South,FALSE,22935.9948625,NGN per refill,Average of May-25,TRUE,,12.5KG,2,GAS_PRICE_WATCH_May_2025.xlsx,,LPG MAY 2025,38,12,L38
2025-05-01,2025-05-01,12.5,STATE,Sokoto,Sokoto,Sokoto,North West,FALSE,20304.33875,NGN per refill,Average of May-25,TRUE,,12.5KG,2,GAS_PRICE_WATCH_May_2025.xlsx,,LPG MAY 2025,24,12,L24
2025-05-01,2025-05-01,12.5,STATE,Taraba,Taraba,Taraba,North East,FALSE,22611.807265625,NGN per refill,Average of May-25,TRUE,,12.5KG,2,GAS_PRICE_WATCH_May_2025.xlsx,,LPG MAY 2025,16,12,L16
2025-05-01,2025-05-01,12.5,STATE,Yobe,Yobe,Yobe,North East,FALSE,18500,NGN per refill,Average of May-25,TRUE,,12.5KG,2,GAS_PRICE_WATCH_May_2025.xlsx,,LPG MAY 2025,17,12,L17
2025-05-01,2025-05-01,12.5,STATE,Zamfara,Zamfara,Zamfara,North West,FALSE,19550.91478,NGN per refill,Average of May-25,TRUE,,12.5KG,2,GAS_PRICE_WATCH_May_2025.xlsx,,LPG MAY 2025,25,12,L25
2025-05-01,2025-05-01,12.5,ZONE,North Central,NORTH CENTRAL,,North Central,TRUE,20112.74435391671,NGN per refill,Average of May-25,TRUE,,12.5KG,2,GAS_PRICE_WATCH_May_2025.xlsx,,LPG MAY 2025,3,12,L3
2025-05-01,2025-05-01,12.5,ZONE,North East,NORTH EAST,,North East,TRUE,20821.162844118047,NGN per refill,Average of May-25,TRUE,,12.5KG,2,GAS_PRICE_WATCH_May_2025.xlsx,,LPG MAY 2025,11,12,L11
2025-05-01,2025-05-01,12.5,ZONE,North West,NORTH WEST,,North West,TRUE,19944.102010691597,NGN per refill,Average of May-25,TRUE,,12.5KG,2,GAS_PRICE_WATCH_May_2025.xlsx,,LPG MAY 2025,18,12,L18
2025-05-01,2025-05-01,12.5,ZONE,South East,SOUTH EAST,,South East,TRUE,21811.75555574646,NGN per refill,Average of May-25,TRUE,,12.5KG,2,GAS_PRICE_WATCH_May_2025.xlsx,,LPG MAY 2025,26,12,L26
2025-05-01,2025-05-01,12.5,ZONE,South South,SOUTH SOUTH,,South South,TRUE,22026.262713888882,NGN per refill,Average of May-25,TRUE,,12.5KG,2,GAS_PRICE_WATCH_May_2025.xlsx,,LPG MAY 2025,32,12,L32
2025-05-01,2025-05-01,12.5,ZONE,South West,SOUTH WEST,,South West,TRUE,19949.305224341286,NGN per refill,Average of May-25,TRUE,,12.5KG,2,GAS_PRICE_WATCH_May_2025.xlsx,,LPG MAY 2025,39,12,L39
2025-05-01,2025-05-01,12.5,NATIONAL,Nigeria,Average,,,TRUE,20709.110460137286,NGN per refill,Average of May-25,TRUE,,12.5KG,2,GAS_PRICE_WATCH_May_2025.xlsx,,LPG MAY 2025,46,12,L46
2025-06-01,2024-06-01,5.0,STATE,Abia,Abia,Abia,South East,FALSE,7304.16666666667,NGN per refill,Average of Jun-24,FALSE,,5KG,2,GAS_PRIC_WATCH_JUNE_2025.xlsx,,LPG JUNE 2025,27,2,B27
2025-06-01,2024-06-01,5.0,STATE,Abuja,Abuja,Abuja,North Central,FALSE,6710,NGN per refill,Average of Jun-24,FALSE,,5KG,2,GAS_PRIC_WATCH_JUNE_2025.xlsx,,LPG JUNE 2025,4,2,B4
2025-06-01,2024-06-01,5.0,STATE,Adamawa,Adamawa,Adamawa,North East,FALSE,6470,NGN per refill,Average of Jun-24,FALSE,,5KG,2,GAS_PRIC_WATCH_JUNE_2025.xlsx,,LPG JUNE 2025,12,2,B12
2025-06-01,2024-06-01,5.0,STATE,Akwa Ibom,Akwa Ibom,Akwa Ibom,South South,FALSE,6597.22222222222,NGN per refill,Average of Jun-24,FALSE,,5KG,2,GAS_PRIC_WATCH_JUNE_2025.xlsx,,LPG JUNE 2025,33,2,B33
2025-06-01,2024-06-01,5.0,STATE,Anambra,Anambra,Anambra,South East,FALSE,6338.75,NGN per refill,Average of Jun-24,FALSE,,5KG,2,GAS_PRIC_WATCH_JUNE_2025.xlsx,,LPG JUNE 2025,28,2,B28
2025-06-01,2024-06-01,5.0,STATE,Bauchi,Bauchi,Bauchi,North East,FALSE,7000,NGN per refill,Average of Jun-24,FALSE,,5KG,2,GAS_PRIC_WATCH_JUNE_2025.xlsx,,LPG JUNE 2025,13,2,B13
2025-06-01,2024-06-01,5.0,STATE,Bayelsa,Bayelsa,Bayelsa,South South,FALSE,6525,NGN per refill,Average of Jun-24,FALSE,,5KG,2,GAS_PRIC_WATCH_JUNE_2025.xlsx,,LPG JUNE 2025,34,2,B34
2025-06-01,2024-06-01,5.0,STATE,Benue,Benue,Benue,North Central,FALSE,7336.14285714286,NGN per refill,Average of Jun-24,FALSE,,5KG,2,GAS_PRIC_WATCH_JUNE_2025.xlsx,,LPG JUNE 2025,5,2,B5
2025-06-01,2024-06-01,5.0,STATE,Borno,Borno,Borno,North East,FALSE,7186.66666666667,NGN per refill,Average of Jun-24,FALSE,,5KG,2,GAS_PRIC_WATCH_JUNE_2025.xlsx,,LPG JUNE 2025,14,2,B14
2025-06-01,2024-06-01,5.0,STATE,Cross River,Cross River,Cross River,South South,FALSE,7420,NGN per refill,Average of Jun-24,FALSE,,5KG,2,GAS_PRIC_WATCH_JUNE_2025.xlsx,,LPG JUNE 2025,35,2,B35
2025-06-01,2024-06-01,5.0,STATE,Delta,Delta,Delta,South South,FALSE,6883.33333333333,NGN per refill,Average of Jun-24,FALSE,,5KG,2,GAS_PRIC_WATCH_JUNE_2025.xlsx,,LPG JUNE 2025,36,2,B36
2025-06-01,2024-06-01,5.0,STATE,Ebonyi,Ebonyi,Ebonyi,South East,FALSE,7590.78571428571,NGN per refill,Average of Jun-24,FALSE,,5KG,2,GAS_PRIC_WATCH_JUNE_2025.xlsx,,LPG JUNE 2025,29,2,B29
2025-06-01,2024-06-01,5.0,STATE,Edo,Edo,Edo,South South,FALSE,7750,NGN per refill,Average of Jun-24,FALSE,,5KG,2,GAS_PRIC_WATCH_JUNE_2025.xlsx,,LPG JUNE 2025,37,2,B37
2025-06-01,2024-06-01,5.0,STATE,Ekiti,Ekiti,Ekiti,South West,FALSE,7300,NGN per refill,Average of Jun-24,FALSE,,5KG,2,GAS_PRIC_WATCH_JUNE_2025.xlsx,,LPG JUNE 2025,40,2,B40
2025-06-01,2024-06-01,5.0,STATE,Enugu,Enugu,Enugu,South East,FALSE,6825.22727272727,NGN per refill,Average of Jun-24,FALSE,,5KG,2,GAS_PRIC_WATCH_JUNE_2025.xlsx,,LPG JUNE 2025,30,2,B30
2025-06-01,2024-06-01,5.0,STATE,Gombe,Gombe,Gombe,North East,FALSE,6825,NGN per refill,Average of Jun-24,FALSE,,5KG,2,GAS_PRIC_WATCH_JUNE_2025.xlsx,,LPG JUNE 2025,15,2,B15
2025-06-01,2024-06-01,5.0,STATE,Imo,Imo,Imo,South East,FALSE,6750.60416666667,NGN per refill,Average of Jun-24,FALSE,,5KG,2,GAS_PRIC_WATCH_JUNE_2025.xlsx,,LPG JUNE 2025,31,2,B31
2025-06-01,2024-06-01,5.0,STATE,Jigawa,Jigawa,Jigawa,North West,FALSE,6144.444444444444,NGN per refill,Average of Jun-24,FALSE,,5KG,2,GAS_PRIC_WATCH_JUNE_2025.xlsx,,LPG JUNE 2025,19,2,B19
2025-06-01,2024-06-01,5.0,STATE,Kaduna,Kaduna,Kaduna,North West,FALSE,6800.875,NGN per refill,Average of Jun-24,FALSE,,5KG,2,GAS_PRIC_WATCH_JUNE_2025.xlsx,,LPG JUNE 2025,20,2,B20
2025-06-01,2024-06-01,5.0,STATE,Kano,Kano,Kano,North West,FALSE,6900,NGN per refill,Average of Jun-24,FALSE,,5KG,2,GAS_PRIC_WATCH_JUNE_2025.xlsx,,LPG JUNE 2025,21,2,B21
2025-06-01,2024-06-01,5.0,STATE,Katsina,Katsina,Katsina,North West,FALSE,6375,NGN per refill,Average of Jun-24,FALSE,,5KG,2,GAS_PRIC_WATCH_JUNE_2025.xlsx,,LPG JUNE 2025,22,2,B22
2025-06-01,2024-06-01,5.0,STATE,Kebbi,Kebbi,Kebbi,North West,FALSE,6511.11111111111,NGN per refill,Average of Jun-24,FALSE,,5KG,2,GAS_PRIC_WATCH_JUNE_2025.xlsx,,LPG JUNE 2025,23,2,B23
2025-06-01,2024-06-01,5.0,STATE,Kogi,Kogi,Kogi,North Central,FALSE,7238.18333333333,NGN per refill,Average of Jun-24,FALSE,,5KG,2,GAS_PRIC_WATCH_JUNE_2025.xlsx,,LPG JUNE 2025,6,2,B6
2025-06-01,2024-06-01,5.0,STATE,Kwara,Kwara,Kwara,North Central,FALSE,7562.3125,NGN per refill,Average of Jun-24,FALSE,,5KG,2,GAS_PRIC_WATCH_JUNE_2025.xlsx,,LPG JUNE 2025,7,2,B7
2025-06-01,2024-06-01,5.0,STATE,Lagos,Lagos,Lagos,South West,FALSE,7500,NGN per refill,Average of Jun-24,FALSE,,5KG,2,GAS_PRIC_WATCH_JUNE_2025.xlsx,,LPG JUNE 2025,41,2,B41
2025-06-01,2024-06-01,5.0,STATE,Nasarawa,Nasarawa,Nasarawa,North Central,FALSE,6412.65625,NGN per refill,Average of Jun-24,FALSE,,5KG,2,GAS_PRIC_WATCH_JUNE_2025.xlsx,,LPG JUNE 2025,8,2,B8
2025-06-01,2024-06-01,5.0,STATE,Niger,Niger,Niger,North Central,FALSE,7219.44444444444,NGN per refill,Average of Jun-24,FALSE,,5KG,2,GAS_PRIC_WATCH_JUNE_2025.xlsx,,LPG JUNE 2025,9,2,B9
2025-06-01,2024-06-01,5.0,STATE,Ogun,Ogun,Ogun,South West,FALSE,7000,NGN per refill,Average of Jun-24,FALSE,,5KG,2,GAS_PRIC_WATCH_JUNE_2025.xlsx,,LPG JUNE 2025,42,2,B42
2025-06-01,2024-06-01,5.0,STATE,Ondo,Ondo,Ondo,South West,FALSE,6500,NGN per refill,Average of Jun-24,FALSE,,5KG,2,GAS_PRIC_WATCH_JUNE_2025.xlsx,,LPG JUNE 2025,43,2,B43
2025-06-01,2024-06-01,5.0,STATE,Osun,Osun,Osun,South West,FALSE,7800,NGN per refill,Average of Jun-24,FALSE,,5KG,2,GAS_PRIC_WATCH_JUNE_2025.xlsx,,LPG JUNE 2025,44,2,B44
2025-06-01,2024-06-01,5.0,STATE,Oyo,Oyo,Oyo,South West,FALSE,7350,NGN per refill,Average of Jun-24,FALSE,,5KG,2,GAS_PRIC_WATCH_JUNE_2025.xlsx,,LPG JUNE 2025,45,2,B45
2025-06-01,2024-06-01,5.0,STATE,Plateau,Plateau,Plateau,North Central,FALSE,7196.82291666667,NGN per refill,Average of Jun-24,FALSE,,5KG,2,GAS_PRIC_WATCH_JUNE_2025.xlsx,,LPG JUNE 2025,10,2,B10
2025-06-01,2024-06-01,5.0,STATE,Rivers,Rivers,Rivers,South South,FALSE,7166.66666666667,NGN per refill,Average of Jun-24,FALSE,,5KG,2,GAS_PRIC_WATCH_JUNE_2025.xlsx,,LPG JUNE 2025,38,2,B38
2025-06-01,2024-06-01,5.0,STATE,Sokoto,Sokoto,Sokoto,North West,FALSE,7000,NGN per refill,Average of Jun-24,FALSE,,5KG,2,GAS_PRIC_WATCH_JUNE_2025.xlsx,,LPG JUNE 2025,24,2,B24
2025-06-01,2024-06-01,5.0,STATE,Taraba,Taraba,Taraba,North East,FALSE,7300.1666666667,NGN per refill,Average of Jun-24,FALSE,,5KG,2,GAS_PRIC_WATCH_JUNE_2025.xlsx,,LPG JUNE 2025,16,2,B16
2025-06-01,2024-06-01,5.0,STATE,Yobe,Yobe,Yobe,North East,FALSE,6062.5,NGN per refill,Average of Jun-24,FALSE,,5KG,2,GAS_PRIC_WATCH_JUNE_2025.xlsx,,LPG JUNE 2025,17,2,B17
2025-06-01,2024-06-01,5.0,STATE,Zamfara,Zamfara,Zamfara,North West,FALSE,6890,NGN per refill,Average of Jun-24,FALSE,,5KG,2,GAS_PRIC_WATCH_JUNE_2025.xlsx,,LPG JUNE 2025,25,2,B25
2025-06-01,2024-06-01,5.0,ZONE,North Central,NORTH CENTRAL,,North Central,TRUE,7096.508900226757,NGN per refill,Average of Jun-24,FALSE,,5KG,2,GAS_PRIC_WATCH_JUNE_2025.xlsx,,LPG JUNE 2025,3,2,B3
2025-06-01,2024-06-01,5.0,ZONE,North East,NORTH EAST,,North East,TRUE,6807.388888888895,NGN per refill,Average of Jun-24,FALSE,,5KG,2,GAS_PRIC_WATCH_JUNE_2025.xlsx,,LPG JUNE 2025,11,2,B11
2025-06-01,2024-06-01,5.0,ZONE,North West,NORTH WEST,,North West,TRUE,6660.204365079365,NGN per refill,Average of Jun-24,FALSE,,5KG,2,GAS_PRIC_WATCH_JUNE_2025.xlsx,,LPG JUNE 2025,18,2,B18
2025-06-01,2024-06-01,5.0,ZONE,South East,SOUTH EAST,,South East,TRUE,6961.906764069265,NGN per refill,Average of Jun-24,FALSE,,5KG,2,GAS_PRIC_WATCH_JUNE_2025.xlsx,,LPG JUNE 2025,26,2,B26
2025-06-01,2024-06-01,5.0,ZONE,South South,SOUTH SOUTH,,South South,TRUE,7057.0370370370365,NGN per refill,Average of Jun-24,FALSE,,5KG,2,GAS_PRIC_WATCH_JUNE_2025.xlsx,,LPG JUNE 2025,32,2,B32
2025-06-01,2024-06-01,5.0,ZONE,South West,SOUTH WEST,,South West,TRUE,7241.666666666667,NGN per refill,Average of Jun-24,FALSE,,5KG,2,GAS_PRIC_WATCH_JUNE_2025.xlsx,,LPG JUNE 2025,39,2,B39
2025-06-01,2024-06-01,5.0,NATIONAL,Nigeria,Average,,,TRUE,6966.02924954175,NGN per refill,Average of Jun-24,FALSE,,5KG,2,GAS_PRIC_WATCH_JUNE_2025.xlsx,,LPG JUNE 2025,46,2,B46
2025-06-01,2024-06-01,12.5,STATE,Abia,Abia,Abia,South East,FALSE,16708.3333333333,NGN per refill,Average of Jun-24,FALSE,,12.5KG,2,GAS_PRIC_WATCH_JUNE_2025.xlsx,,LPG JUNE 2025,27,10,J27
2025-06-01,2024-06-01,12.5,STATE,Abuja,Abuja,Abuja,North Central,FALSE,16690,NGN per refill,Average of Jun-24,FALSE,,12.5KG,2,GAS_PRIC_WATCH_JUNE_2025.xlsx,,LPG JUNE 2025,4,10,J4
2025-06-01,2024-06-01,12.5,STATE,Adamawa,Adamawa,Adamawa,North East,FALSE,16488.75,NGN per refill,Average of Jun-24,FALSE,,12.5KG,2,GAS_PRIC_WATCH_JUNE_2025.xlsx,,LPG JUNE 2025,12,10,J12
2025-06-01,2024-06-01,12.5,STATE,Akwa Ibom,Akwa Ibom,Akwa Ibom,South South,FALSE,16319.3333333333,NGN per refill,Average of Jun-24,FALSE,,12.5KG,2,GAS_PRIC_WATCH_JUNE_2025.xlsx,,LPG JUNE 2025,33,10,J33
2025-06-01,2024-06-01,12.5,STATE,Anambra,Anambra,Anambra,South East,FALSE,16334.5833333333,NGN per refill,Average of Jun-24,FALSE,,12.5KG,2,GAS_PRIC_WATCH_JUNE_2025.xlsx,,LPG JUNE 2025,28,10,J28
2025-06-01,2024-06-01,12.5,STATE,Bauchi,Bauchi,Bauchi,North East,FALSE,13450,NGN per refill,Average of Jun-24,FALSE,,12.5KG,2,GAS_PRIC_WATCH_JUNE_2025.xlsx,,LPG JUNE 2025,13,10,J13
2025-06-01,2024-06-01,12.5,STATE,Bayelsa,Bayelsa,Bayelsa,South South,FALSE,16612.5,NGN per refill,Average of Jun-24,FALSE,,12.5KG,2,GAS_PRIC_WATCH_JUNE_2025.xlsx,,LPG JUNE 2025,34,10,J34
2025-06-01,2024-06-01,12.5,STATE,Benue,Benue,Benue,North Central,FALSE,16390,NGN per refill,Average of Jun-24,FALSE,,12.5KG,2,GAS_PRIC_WATCH_JUNE_2025.xlsx,,LPG JUNE 2025,5,10,J5
2025-06-01,2024-06-01,12.5,STATE,Borno,Borno,Borno,North East,FALSE,15305,NGN per refill,Average of Jun-24,FALSE,,12.5KG,2,GAS_PRIC_WATCH_JUNE_2025.xlsx,,LPG JUNE 2025,14,10,J14
2025-06-01,2024-06-01,12.5,STATE,Cross River,Cross River,Cross River,South South,FALSE,16888.8888888889,NGN per refill,Average of Jun-24,FALSE,,12.5KG,2,GAS_PRIC_WATCH_JUNE_2025.xlsx,,LPG JUNE 2025,35,10,J35
2025-06-01,2024-06-01,12.5,STATE,Delta,Delta,Delta,South South,FALSE,16058.3333333333,NGN per refill,Average of Jun-24,FALSE,,12.5KG,2,GAS_PRIC_WATCH_JUNE_2025.xlsx,,LPG JUNE 2025,36,10,J36
2025-06-01,2024-06-01,12.5,STATE,Ebonyi,Ebonyi,Ebonyi,South East,FALSE,14543.3928571429,NGN per refill,Average of Jun-24,FALSE,,12.5KG,2,GAS_PRIC_WATCH_JUNE_2025.xlsx,,LPG JUNE 2025,29,10,J29
2025-06-01,2024-06-01,12.5,STATE,Edo,Edo,Edo,South South,FALSE,15877.5,NGN per refill,Average of Jun-24,FALSE,,12.5KG,2,GAS_PRIC_WATCH_JUNE_2025.xlsx,,LPG JUNE 2025,37,10,J37
2025-06-01,2024-06-01,12.5,STATE,Ekiti,Ekiti,Ekiti,South West,FALSE,15860,NGN per refill,Average of Jun-24,FALSE,,12.5KG,2,GAS_PRIC_WATCH_JUNE_2025.xlsx,,LPG JUNE 2025,40,10,J40
2025-06-01,2024-06-01,12.5,STATE,Enugu,Enugu,Enugu,South East,FALSE,15824.4318181818,NGN per refill,Average of Jun-24,FALSE,,12.5KG,2,GAS_PRIC_WATCH_JUNE_2025.xlsx,,LPG JUNE 2025,30,10,J30
2025-06-01,2024-06-01,12.5,STATE,Gombe,Gombe,Gombe,North East,FALSE,16473.3333333333,NGN per refill,Average of Jun-24,FALSE,,12.5KG,2,GAS_PRIC_WATCH_JUNE_2025.xlsx,,LPG JUNE 2025,15,10,J15
2025-06-01,2024-06-01,12.5,STATE,Imo,Imo,Imo,South East,FALSE,16219.05,NGN per refill,Average of Jun-24,FALSE,,12.5KG,2,GAS_PRIC_WATCH_JUNE_2025.xlsx,,LPG JUNE 2025,31,10,J31
2025-06-01,2024-06-01,12.5,STATE,Jigawa,Jigawa,Jigawa,North West,FALSE,15950,NGN per refill,Average of Jun-24,FALSE,,12.5KG,2,GAS_PRIC_WATCH_JUNE_2025.xlsx,,LPG JUNE 2025,19,10,J19
2025-06-01,2024-06-01,12.5,STATE,Kaduna,Kaduna,Kaduna,North West,FALSE,16754.6875,NGN per refill,Average of Jun-24,FALSE,,12.5KG,2,GAS_PRIC_WATCH_JUNE_2025.xlsx,,LPG JUNE 2025,20,10,J20
2025-06-01,2024-06-01,12.5,STATE,Kano,Kano,Kano,North West,FALSE,15856.25,NGN per refill,Average of Jun-24,FALSE,,12.5KG,2,GAS_PRIC_WATCH_JUNE_2025.xlsx,,LPG JUNE 2025,21,10,J21
2025-06-01,2024-06-01,12.5,STATE,Katsina,Katsina,Katsina,North West,FALSE,15325,NGN per refill,Average of Jun-24,FALSE,,12.5KG,2,GAS_PRIC_WATCH_JUNE_2025.xlsx,,LPG JUNE 2025,22,10,J22
2025-06-01,2024-06-01,12.5,STATE,Kebbi,Taraba,Kebbi,North West,FALSE,14677.142857142857,NGN per refill,Average of Jun-24,FALSE,LPG_12_5KG_KEBBI_LABELLED_TARABA,12.5KG,2,GAS_PRIC_WATCH_JUNE_2025.xlsx,,LPG JUNE 2025,23,10,J23
2025-06-01,2024-06-01,12.5,STATE,Kogi,Kogi,Kogi,North Central,FALSE,14455.3812144886,NGN per refill,Average of Jun-24,FALSE,,12.5KG,2,GAS_PRIC_WATCH_JUNE_2025.xlsx,,LPG JUNE 2025,6,10,J6
2025-06-01,2024-06-01,12.5,STATE,Kwara,Kwara,Kwara,North Central,FALSE,16318.6354980469,NGN per refill,Average of Jun-24,FALSE,,12.5KG,2,GAS_PRIC_WATCH_JUNE_2025.xlsx,,LPG JUNE 2025,7,10,J7
2025-06-01,2024-06-01,12.5,STATE,Lagos,Lagos,Lagos,South West,FALSE,15500,NGN per refill,Average of Jun-24,FALSE,,12.5KG,2,GAS_PRIC_WATCH_JUNE_2025.xlsx,,LPG JUNE 2025,41,10,J41
2025-06-01,2024-06-01,12.5,STATE,Nasarawa,Nasarawa,Nasarawa,North Central,FALSE,14553.125,NGN per refill,Average of Jun-24,FALSE,,12.5KG,2,GAS_PRIC_WATCH_JUNE_2025.xlsx,,LPG JUNE 2025,8,10,J8
2025-06-01,2024-06-01,12.5,STATE,Niger,Niger,Niger,North Central,FALSE,15995.8333333333,NGN per refill,Average of Jun-24,FALSE,,12.5KG,2,GAS_PRIC_WATCH_JUNE_2025.xlsx,,LPG JUNE 2025,9,10,J9
2025-06-01,2024-06-01,12.5,STATE,Ogun,Ogun,Ogun,South West,FALSE,14800,NGN per refill,Average of Jun-24,FALSE,,12.5KG,2,GAS_PRIC_WATCH_JUNE_2025.xlsx,,LPG JUNE 2025,42,10,J42
2025-06-01,2024-06-01,12.5,STATE,Ondo,Ondo,Ondo,South West,FALSE,15800,NGN per refill,Average of Jun-24,FALSE,,12.5KG,2,GAS_PRIC_WATCH_JUNE_2025.xlsx,,LPG JUNE 2025,43,10,J43
2025-06-01,2024-06-01,12.5,STATE,Osun,Osun,Osun,South West,FALSE,16500,NGN per refill,Average of Jun-24,FALSE,,12.5KG,2,GAS_PRIC_WATCH_JUNE_2025.xlsx,,LPG JUNE 2025,44,10,J44
2025-06-01,2024-06-01,12.5,STATE,Oyo,Oyo,Oyo,South West,FALSE,16000,NGN per refill,Average of Jun-24,FALSE,,12.5KG,2,GAS_PRIC_WATCH_JUNE_2025.xlsx,,LPG JUNE 2025,45,10,J45
2025-06-01,2024-06-01,12.5,STATE,Plateau,Plateau,Plateau,North Central,FALSE,14750,NGN per refill,Average of Jun-24,FALSE,,12.5KG,2,GAS_PRIC_WATCH_JUNE_2025.xlsx,,LPG JUNE 2025,10,10,J10
2025-06-01,2024-06-01,12.5,STATE,Rivers,Rivers,Rivers,South South,FALSE,15881.1111111111,NGN per refill,Average of Jun-24,FALSE,,12.5KG,2,GAS_PRIC_WATCH_JUNE_2025.xlsx,,LPG JUNE 2025,38,10,J38
2025-06-01,2024-06-01,12.5,STATE,Sokoto,Sokoto,Sokoto,North West,FALSE,15650,NGN per refill,Average of Jun-24,FALSE,,12.5KG,2,GAS_PRIC_WATCH_JUNE_2025.xlsx,,LPG JUNE 2025,24,10,J24
2025-06-01,2024-06-01,12.5,STATE,Taraba,Taraba,Taraba,North East,FALSE,13950,NGN per refill,Average of Jun-24,FALSE,,12.5KG,2,GAS_PRIC_WATCH_JUNE_2025.xlsx,,LPG JUNE 2025,16,10,J16
2025-06-01,2024-06-01,12.5,STATE,Yobe,Yobe,Yobe,North East,FALSE,14958.466796875,NGN per refill,Average of Jun-24,FALSE,,12.5KG,2,GAS_PRIC_WATCH_JUNE_2025.xlsx,,LPG JUNE 2025,17,10,J17
2025-06-01,2024-06-01,12.5,STATE,Zamfara,Zamfara,Zamfara,North West,FALSE,16523,NGN per refill,Average of Jun-24,FALSE,,12.5KG,2,GAS_PRIC_WATCH_JUNE_2025.xlsx,,LPG JUNE 2025,25,10,J25
2025-06-01,2024-06-01,12.5,ZONE,North Central,NORTH CENTRAL,,North Central,TRUE,15593.28214940983,NGN per refill,Average of Jun-24,FALSE,,12.5KG,2,GAS_PRIC_WATCH_JUNE_2025.xlsx,,LPG JUNE 2025,3,10,J3
2025-06-01,2024-06-01,12.5,ZONE,North East,NORTH EAST,,North East,TRUE,15104.258355034717,NGN per refill,Average of Jun-24,FALSE,,12.5KG,2,GAS_PRIC_WATCH_JUNE_2025.xlsx,,LPG JUNE 2025,11,10,J11
2025-06-01,2024-06-01,12.5,ZONE,North West,NORTH WEST,,North West,TRUE,15819.440051020409,NGN per refill,Average of Jun-24,FALSE,,12.5KG,2,GAS_PRIC_WATCH_JUNE_2025.xlsx,,LPG JUNE 2025,18,10,J18
2025-06-01,2024-06-01,12.5,ZONE,South East,SOUTH EAST,,South East,TRUE,15925.958268398259,NGN per refill,Average of Jun-24,FALSE,,12.5KG,2,GAS_PRIC_WATCH_JUNE_2025.xlsx,,LPG JUNE 2025,26,10,J26
2025-06-01,2024-06-01,12.5,ZONE,South South,SOUTH SOUTH,,South South,TRUE,16272.944444444433,NGN per refill,Average of Jun-24,FALSE,,12.5KG,2,GAS_PRIC_WATCH_JUNE_2025.xlsx,,LPG JUNE 2025,32,10,J32
2025-06-01,2024-06-01,12.5,ZONE,South West,SOUTH WEST,,South West,TRUE,15743.333333333334,NGN per refill,Average of Jun-24,FALSE,,12.5KG,2,GAS_PRIC_WATCH_JUNE_2025.xlsx,,LPG JUNE 2025,39,10,J39
2025-06-01,2024-06-01,12.5,NATIONAL,Nigeria,Average,,,TRUE,15736.271987618322,NGN per refill,Average of Jun-24,FALSE,,12.5KG,2,GAS_PRIC_WATCH_JUNE_2025.xlsx,,LPG JUNE 2025,46,10,J46
2025-06-01,2025-05-01,5.0,STATE,Abia,Abia,Abia,South East,FALSE,9181.20364828692,NGN per refill,Average of May-25,FALSE,,5KG,2,GAS_PRIC_WATCH_JUNE_2025.xlsx,,LPG JUNE 2025,27,3,C27
2025-06-01,2025-05-01,5.0,STATE,Abuja,Abuja,Abuja,North Central,FALSE,8254.3595696,NGN per refill,Average of May-25,FALSE,,5KG,2,GAS_PRIC_WATCH_JUNE_2025.xlsx,,LPG JUNE 2025,4,3,C4
2025-06-01,2025-05-01,5.0,STATE,Adamawa,Adamawa,Adamawa,North East,FALSE,8685.031,NGN per refill,Average of May-25,FALSE,,5KG,2,GAS_PRIC_WATCH_JUNE_2025.xlsx,,LPG JUNE 2025,12,3,C12
2025-06-01,2025-05-01,5.0,STATE,Akwa Ibom,Akwa Ibom,Akwa Ibom,South South,FALSE,8318.932755000002,NGN per refill,Average of May-25,FALSE,,5KG,2,GAS_PRIC_WATCH_JUNE_2025.xlsx,,LPG JUNE 2025,33,3,C33
2025-06-01,2025-05-01,5.0,STATE,Anambra,Anambra,Anambra,South East,FALSE,8437.53025915668,NGN per refill,Average of May-25,FALSE,,5KG,2,GAS_PRIC_WATCH_JUNE_2025.xlsx,,LPG JUNE 2025,28,3,C28
2025-06-01,2025-05-01,5.0,STATE,Bauchi,Bauchi,Bauchi,North East,FALSE,8214.03375,NGN per refill,Average of May-25,FALSE,,5KG,2,GAS_PRIC_WATCH_JUNE_2025.xlsx,,LPG JUNE 2025,13,3,C13
2025-06-01,2025-05-01,5.0,STATE,Bayelsa,Bayelsa,Bayelsa,South South,FALSE,8859.194599999999,NGN per refill,Average of May-25,FALSE,,5KG,2,GAS_PRIC_WATCH_JUNE_2025.xlsx,,LPG JUNE 2025,34,3,C34
2025-06-01,2025-05-01,5.0,STATE,Benue,Benue,Benue,North Central,FALSE,8674.64028615384,NGN per refill,Average of May-25,FALSE,,5KG,2,GAS_PRIC_WATCH_JUNE_2025.xlsx,,LPG JUNE 2025,5,3,C5
2025-06-01,2025-05-01,5.0,STATE,Borno,Borno,Borno,North East,FALSE,8060.32679333332,NGN per refill,Average of May-25,FALSE,,5KG,2,GAS_PRIC_WATCH_JUNE_2025.xlsx,,LPG JUNE 2025,14,3,C14
2025-06-01,2025-05-01,5.0,STATE,Cross River,Cross River,Cross River,South South,FALSE,9028.58244,NGN per refill,Average of May-25,FALSE,,5KG,2,GAS_PRIC_WATCH_JUNE_2025.xlsx,,LPG JUNE 2025,35,3,C35
2025-06-01,2025-05-01,5.0,STATE,Delta,Delta,Delta,South South,FALSE,9042.58261333332,NGN per refill,Average of May-25,FALSE,,5KG,2,GAS_PRIC_WATCH_JUNE_2025.xlsx,,LPG JUNE 2025,36,3,C36
2025-06-01,2025-05-01,5.0,STATE,Ebonyi,Ebonyi,Ebonyi,South East,FALSE,9177.321199716,NGN per refill,Average of May-25,FALSE,,5KG,2,GAS_PRIC_WATCH_JUNE_2025.xlsx,,LPG JUNE 2025,29,3,C29
2025-06-01,2025-05-01,5.0,STATE,Edo,Edo,Edo,South South,FALSE,8139.34016,NGN per refill,Average of May-25,FALSE,,5KG,2,GAS_PRIC_WATCH_JUNE_2025.xlsx,,LPG JUNE 2025,37,3,C37
2025-06-01,2025-05-01,5.0,STATE,Ekiti,Ekiti,Ekiti,South West,FALSE,8054.908795800001,NGN per refill,Average of May-25,FALSE,,5KG,2,GAS_PRIC_WATCH_JUNE_2025.xlsx,,LPG JUNE 2025,40,3,C40
2025-06-01,2025-05-01,5.0,STATE,Enugu,Enugu,Enugu,South East,FALSE,8195.638395000002,NGN per refill,Average of May-25,FALSE,,5KG,2,GAS_PRIC_WATCH_JUNE_2025.xlsx,,LPG JUNE 2025,30,3,C30
2025-06-01,2025-05-01,5.0,STATE,Gombe,Gombe,Gombe,North East,FALSE,8266.6763763,NGN per refill,Average of May-25,FALSE,,5KG,2,GAS_PRIC_WATCH_JUNE_2025.xlsx,,LPG JUNE 2025,15,3,C15
2025-06-01,2025-05-01,5.0,STATE,Imo,Imo,Imo,South East,FALSE,8631.817609333319,NGN per refill,Average of May-25,FALSE,,5KG,2,GAS_PRIC_WATCH_JUNE_2025.xlsx,,LPG JUNE 2025,31,3,C31
2025-06-01,2025-05-01,5.0,STATE,Jigawa,Jigawa,Jigawa,North West,FALSE,7879.78963888888,NGN per refill,Average of May-25,FALSE,,5KG,2,GAS_PRIC_WATCH_JUNE_2025.xlsx,,LPG JUNE 2025,19,3,C19
2025-06-01,2025-05-01,5.0,STATE,Kaduna,Kaduna,Kaduna,North West,FALSE,8181.728044,NGN per refill,Average of May-25,FALSE,,5KG,2,GAS_PRIC_WATCH_JUNE_2025.xlsx,,LPG JUNE 2025,20,3,C20
2025-06-01,2025-05-01,5.0,STATE,Kano,Kano,Kano,North West,FALSE,8352.62262933332,NGN per refill,Average of May-25,FALSE,,5KG,2,GAS_PRIC_WATCH_JUNE_2025.xlsx,,LPG JUNE 2025,21,3,C21
2025-06-01,2025-05-01,5.0,STATE,Katsina,Katsina,Katsina,North West,FALSE,7644.6045,NGN per refill,Average of May-25,FALSE,,5KG,2,GAS_PRIC_WATCH_JUNE_2025.xlsx,,LPG JUNE 2025,22,3,C22
2025-06-01,2025-05-01,5.0,STATE,Kebbi,Kebbi,Kebbi,North West,FALSE,7442.63940571428,NGN per refill,Average of May-25,FALSE,,5KG,2,GAS_PRIC_WATCH_JUNE_2025.xlsx,,LPG JUNE 2025,23,3,C23
2025-06-01,2025-05-01,5.0,STATE,Kogi,Kogi,Kogi,North Central,FALSE,7754.48,NGN per refill,Average of May-25,FALSE,,5KG,2,GAS_PRIC_WATCH_JUNE_2025.xlsx,,LPG JUNE 2025,6,3,C6
2025-06-01,2025-05-01,5.0,STATE,Kwara,Kwara,Kwara,North Central,FALSE,7663.88967662532,NGN per refill,Average of May-25,FALSE,,5KG,2,GAS_PRIC_WATCH_JUNE_2025.xlsx,,LPG JUNE 2025,7,3,C7
2025-06-01,2025-05-01,5.0,STATE,Lagos,Lagos,Lagos,South West,FALSE,7414.39818666668,NGN per refill,Average of May-25,FALSE,,5KG,2,GAS_PRIC_WATCH_JUNE_2025.xlsx,,LPG JUNE 2025,41,3,C41
2025-06-01,2025-05-01,5.0,STATE,Nasarawa,Nasarawa,Nasarawa,North Central,FALSE,7649.149540058441,NGN per refill,Average of May-25,FALSE,,5KG,2,GAS_PRIC_WATCH_JUNE_2025.xlsx,,LPG JUNE 2025,8,3,C8
2025-06-01,2025-05-01,5.0,STATE,Niger,Niger,Niger,North Central,FALSE,7142.06784658084,NGN per refill,Average of May-25,FALSE,,5KG,2,GAS_PRIC_WATCH_JUNE_2025.xlsx,,LPG JUNE 2025,9,3,C9
2025-06-01,2025-05-01,5.0,STATE,Ogun,Ogun,Ogun,South West,FALSE,8038.817375,NGN per refill,Average of May-25,FALSE,,5KG,2,GAS_PRIC_WATCH_JUNE_2025.xlsx,,LPG JUNE 2025,42,3,C42
2025-06-01,2025-05-01,5.0,STATE,Ondo,Ondo,Ondo,South West,FALSE,7856.15382666668,NGN per refill,Average of May-25,FALSE,,5KG,2,GAS_PRIC_WATCH_JUNE_2025.xlsx,,LPG JUNE 2025,43,3,C43
2025-06-01,2025-05-01,5.0,STATE,Osun,Osun,Osun,South West,FALSE,8097.56362,NGN per refill,Average of May-25,FALSE,,5KG,2,GAS_PRIC_WATCH_JUNE_2025.xlsx,,LPG JUNE 2025,44,3,C44
2025-06-01,2025-05-01,5.0,STATE,Oyo,Oyo,Oyo,South West,FALSE,7116.49073428572,NGN per refill,Average of May-25,FALSE,,5KG,2,GAS_PRIC_WATCH_JUNE_2025.xlsx,,LPG JUNE 2025,45,3,C45
2025-06-01,2025-05-01,5.0,STATE,Plateau,Plateau,Plateau,North Central,FALSE,7177.09727194836,NGN per refill,Average of May-25,FALSE,,5KG,2,GAS_PRIC_WATCH_JUNE_2025.xlsx,,LPG JUNE 2025,10,3,C10
2025-06-01,2025-05-01,5.0,STATE,Rivers,Rivers,Rivers,South South,FALSE,9174.397944999999,NGN per refill,Average of May-25,FALSE,,5KG,2,GAS_PRIC_WATCH_JUNE_2025.xlsx,,LPG JUNE 2025,38,3,C38
2025-06-01,2025-05-01,5.0,STATE,Sokoto,Sokoto,Sokoto,North West,FALSE,8121.7355,NGN per refill,Average of May-25,FALSE,,5KG,2,GAS_PRIC_WATCH_JUNE_2025.xlsx,,LPG JUNE 2025,24,3,C24
2025-06-01,2025-05-01,5.0,STATE,Taraba,Taraba,Taraba,North East,FALSE,9044.722906250001,NGN per refill,Average of May-25,FALSE,,5KG,2,GAS_PRIC_WATCH_JUNE_2025.xlsx,,LPG JUNE 2025,16,3,C16
2025-06-01,2025-05-01,5.0,STATE,Yobe,Yobe,Yobe,North East,FALSE,7400,NGN per refill,Average of May-25,FALSE,,5KG,2,GAS_PRIC_WATCH_JUNE_2025.xlsx,,LPG JUNE 2025,17,3,C17
2025-06-01,2025-05-01,5.0,STATE,Zamfara,Zamfara,Zamfara,North West,FALSE,7820.365911999999,NGN per refill,Average of May-25,FALSE,,5KG,2,GAS_PRIC_WATCH_JUNE_2025.xlsx,,LPG JUNE 2025,25,3,C25
2025-06-01,2025-05-01,5.0,ZONE,North Central,NORTH CENTRAL,,North Central,TRUE,7759.3834558524,NGN per refill,Average of May-25,FALSE,,5KG,2,GAS_PRIC_WATCH_JUNE_2025.xlsx,,LPG JUNE 2025,3,3,C3
2025-06-01,2025-05-01,5.0,ZONE,North East,NORTH EAST,,North East,TRUE,8278.46513764722,NGN per refill,Average of May-25,FALSE,,5KG,2,GAS_PRIC_WATCH_JUNE_2025.xlsx,,LPG JUNE 2025,11,3,C11
2025-06-01,2025-05-01,5.0,ZONE,North West,NORTH WEST,,North West,TRUE,7920.497947133784,NGN per refill,Average of May-25,FALSE,,5KG,2,GAS_PRIC_WATCH_JUNE_2025.xlsx,,LPG JUNE 2025,18,3,C18
2025-06-01,2025-05-01,5.0,ZONE,South East,SOUTH EAST,,South East,TRUE,8724.702222298583,NGN per refill,Average of May-25,FALSE,,5KG,2,GAS_PRIC_WATCH_JUNE_2025.xlsx,,LPG JUNE 2025,26,3,C26
2025-06-01,2025-05-01,5.0,ZONE,South South,SOUTH SOUTH,,South South,TRUE,8760.505085555553,NGN per refill,Average of May-25,FALSE,,5KG,2,GAS_PRIC_WATCH_JUNE_2025.xlsx,,LPG JUNE 2025,32,3,C32
2025-06-01,2025-05-01,5.0,ZONE,South West,SOUTH WEST,,South West,TRUE,7763.055423069846,NGN per refill,Average of May-25,FALSE,,5KG,2,GAS_PRIC_WATCH_JUNE_2025.xlsx,,LPG JUNE 2025,39,3,C39
2025-06-01,2025-05-01,5.0,NATIONAL,Nigeria,Average,,,TRUE,8167.427967838702,NGN per refill,Average of May-25,FALSE,,5KG,2,GAS_PRIC_WATCH_JUNE_2025.xlsx,,LPG JUNE 2025,46,3,C46
2025-06-01,2025-05-01,12.5,STATE,Abia,Abia,Abia,South East,FALSE,22953.0091207173,NGN per refill,Average of May-25,FALSE,,12.5KG,2,GAS_PRIC_WATCH_JUNE_2025.xlsx,,LPG JUNE 2025,27,11,K27
2025-06-01,2025-05-01,12.5,STATE,Abuja,Abuja,Abuja,North Central,FALSE,20635.898924,NGN per refill,Average of May-25,FALSE,,12.5KG,2,GAS_PRIC_WATCH_JUNE_2025.xlsx,,LPG JUNE 2025,4,11,K4
2025-06-01,2025-05-01,12.5,STATE,Adamawa,Adamawa,Adamawa,North East,FALSE,21712.5775,NGN per refill,Average of May-25,FALSE,,12.5KG,2,GAS_PRIC_WATCH_JUNE_2025.xlsx,,LPG JUNE 2025,12,11,K12
2025-06-01,2025-05-01,12.5,STATE,Akwa Ibom,Akwa Ibom,Akwa Ibom,South South,FALSE,20797.3318875,NGN per refill,Average of May-25,FALSE,,12.5KG,2,GAS_PRIC_WATCH_JUNE_2025.xlsx,,LPG JUNE 2025,33,11,K33
2025-06-01,2025-05-01,12.5,STATE,Anambra,Anambra,Anambra,South East,FALSE,21093.8256478917,NGN per refill,Average of May-25,FALSE,,12.5KG,2,GAS_PRIC_WATCH_JUNE_2025.xlsx,,LPG JUNE 2025,28,11,K28
2025-06-01,2025-05-01,12.5,STATE,Bauchi,Bauchi,Bauchi,North East,FALSE,20535.084375,NGN per refill,Average of May-25,FALSE,,12.5KG,2,GAS_PRIC_WATCH_JUNE_2025.xlsx,,LPG JUNE 2025,13,11,K13
2025-06-01,2025-05-01,12.5,STATE,Bayelsa,Bayelsa,Bayelsa,South South,FALSE,22147.9865,NGN per refill,Average of May-25,FALSE,,12.5KG,2,GAS_PRIC_WATCH_JUNE_2025.xlsx,,LPG JUNE 2025,34,11,K34
2025-06-01,2025-05-01,12.5,STATE,Benue,Benue,Benue,North Central,FALSE,21686.6007153846,NGN per refill,Average of May-25,FALSE,,12.5KG,2,GAS_PRIC_WATCH_JUNE_2025.xlsx,,LPG JUNE 2025,5,11,K5
2025-06-01,2025-05-01,12.5,STATE,Borno,Borno,Borno,North East,FALSE,20900.8169833333,NGN per refill,Average of May-25,FALSE,,12.5KG,2,GAS_PRIC_WATCH_JUNE_2025.xlsx,,LPG JUNE 2025,14,11,K14
2025-06-01,2025-05-01,12.5,STATE,Cross River,Cross River,Cross River,South South,FALSE,22571.4561,NGN per refill,Average of May-25,FALSE,,12.5KG,2,GAS_PRIC_WATCH_JUNE_2025.xlsx,,LPG JUNE 2025,35,11,K35
2025-06-01,2025-05-01,12.5,STATE,Delta,Delta,Delta,South South,FALSE,23356.4565333333,NGN per refill,Average of May-25,FALSE,,12.5KG,2,GAS_PRIC_WATCH_JUNE_2025.xlsx,,LPG JUNE 2025,36,11,K36
2025-06-01,2025-05-01,12.5,STATE,Ebonyi,Ebonyi,Ebonyi,South East,FALSE,22943.30299929,NGN per refill,Average of May-25,FALSE,,12.5KG,2,GAS_PRIC_WATCH_JUNE_2025.xlsx,,LPG JUNE 2025,29,11,K29
2025-06-01,2025-05-01,12.5,STATE,Edo,Edo,Edo,South South,FALSE,20348.3504,NGN per refill,Average of May-25,FALSE,,12.5KG,2,GAS_PRIC_WATCH_JUNE_2025.xlsx,,LPG JUNE 2025,37,11,K37
2025-06-01,2025-05-01,12.5,STATE,Ekiti,Ekiti,Ekiti,South West,FALSE,20137.2719895,NGN per refill,Average of May-25,FALSE,,12.5KG,2,GAS_PRIC_WATCH_JUNE_2025.xlsx,,LPG JUNE 2025,40,11,K40
2025-06-01,2025-05-01,12.5,STATE,Enugu,Enugu,Enugu,South East,FALSE,20489.0959875,NGN per refill,Average of May-25,FALSE,,12.5KG,2,GAS_PRIC_WATCH_JUNE_2025.xlsx,,LPG JUNE 2025,30,11,K30
2025-06-01,2025-05-01,12.5,STATE,Gombe,Gombe,Gombe,North East,FALSE,20666.69094075,NGN per refill,Average of May-25,FALSE,,12.5KG,2,GAS_PRIC_WATCH_JUNE_2025.xlsx,,LPG JUNE 2025,15,11,K15
2025-06-01,2025-05-01,12.5,STATE,Imo,Imo,Imo,South East,FALSE,21579.5440233333,NGN per refill,Average of May-25,FALSE,,12.5KG,2,GAS_PRIC_WATCH_JUNE_2025.xlsx,,LPG JUNE 2025,31,11,K31
2025-06-01,2025-05-01,12.5,STATE,Jigawa,Jigawa,Jigawa,North West,FALSE,20699.4740972222,NGN per refill,Average of May-25,FALSE,,12.5KG,2,GAS_PRIC_WATCH_JUNE_2025.xlsx,,LPG JUNE 2025,19,11,K19
2025-06-01,2025-05-01,12.5,STATE,Kaduna,Kaduna,Kaduna,North West,FALSE,20454.32011,NGN per refill,Average of May-25,FALSE,,12.5KG,2,GAS_PRIC_WATCH_JUNE_2025.xlsx,,LPG JUNE 2025,20,11,K20
2025-06-01,2025-05-01,12.5,STATE,Kano,Kano,Kano,North West,FALSE,20881.5565733333,NGN per refill,Average of May-25,FALSE,,12.5KG,2,GAS_PRIC_WATCH_JUNE_2025.xlsx,,LPG JUNE 2025,21,11,K21
2025-06-01,2025-05-01,12.5,STATE,Katsina,Katsina,Katsina,North West,FALSE,19111.51125,NGN per refill,Average of May-25,FALSE,,12.5KG,2,GAS_PRIC_WATCH_JUNE_2025.xlsx,,LPG JUNE 2025,22,11,K22
2025-06-01,2025-05-01,12.5,STATE,Kebbi,Taraba,Kebbi,North West,FALSE,18606.5985142857,NGN per refill,Average of May-25,FALSE,LPG_12_5KG_KEBBI_LABELLED_TARABA,12.5KG,2,GAS_PRIC_WATCH_JUNE_2025.xlsx,,LPG JUNE 2025,23,11,K23
2025-06-01,2025-05-01,12.5,STATE,Kogi,Kogi,Kogi,North Central,FALSE,19386.2,NGN per refill,Average of May-25,FALSE,,12.5KG,2,GAS_PRIC_WATCH_JUNE_2025.xlsx,,LPG JUNE 2025,6,11,K6
2025-06-01,2025-05-01,12.5,STATE,Kwara,Kwara,Kwara,North Central,FALSE,19159.7241915633,NGN per refill,Average of May-25,FALSE,,12.5KG,2,GAS_PRIC_WATCH_JUNE_2025.xlsx,,LPG JUNE 2025,7,11,K7
2025-06-01,2025-05-01,12.5,STATE,Lagos,Lagos,Lagos,South West,FALSE,18535.9954666667,NGN per refill,Average of May-25,FALSE,,12.5KG,2,GAS_PRIC_WATCH_JUNE_2025.xlsx,,LPG JUNE 2025,41,11,K41
2025-06-01,2025-05-01,12.5,STATE,Nasarawa,Nasarawa,Nasarawa,North Central,FALSE,19122.8738501461,NGN per refill,Average of May-25,FALSE,,12.5KG,2,GAS_PRIC_WATCH_JUNE_2025.xlsx,,LPG JUNE 2025,8,11,K8
2025-06-01,2025-05-01,12.5,STATE,Niger,Niger,Niger,North Central,FALSE,20355.1696164521,NGN per refill,Average of May-25,FALSE,,12.5KG,2,GAS_PRIC_WATCH_JUNE_2025.xlsx,,LPG JUNE 2025,9,11,K9
2025-06-01,2025-05-01,12.5,STATE,Ogun,Ogun,Ogun,South West,FALSE,20097.0434375,NGN per refill,Average of May-25,FALSE,,12.5KG,2,GAS_PRIC_WATCH_JUNE_2025.xlsx,,LPG JUNE 2025,42,11,K42
2025-06-01,2025-05-01,12.5,STATE,Ondo,Ondo,Ondo,South West,FALSE,20390.3845666667,NGN per refill,Average of May-25,FALSE,,12.5KG,2,GAS_PRIC_WATCH_JUNE_2025.xlsx,,LPG JUNE 2025,43,11,K43
2025-06-01,2025-05-01,12.5,STATE,Osun,Osun,Osun,South West,FALSE,20243.90905,NGN per refill,Average of May-25,FALSE,,12.5KG,2,GAS_PRIC_WATCH_JUNE_2025.xlsx,,LPG JUNE 2025,44,11,K44
2025-06-01,2025-05-01,12.5,STATE,Oyo,Oyo,Oyo,South West,FALSE,20291.2268357143,NGN per refill,Average of May-25,FALSE,,12.5KG,2,GAS_PRIC_WATCH_JUNE_2025.xlsx,,LPG JUNE 2025,45,11,K45
2025-06-01,2025-05-01,12.5,STATE,Plateau,Plateau,Plateau,North Central,FALSE,20442.7431798709,NGN per refill,Average of May-25,FALSE,,12.5KG,2,GAS_PRIC_WATCH_JUNE_2025.xlsx,,LPG JUNE 2025,10,11,K10
2025-06-01,2025-05-01,12.5,STATE,Rivers,Rivers,Rivers,South South,FALSE,22935.9948625,NGN per refill,Average of May-25,FALSE,,12.5KG,2,GAS_PRIC_WATCH_JUNE_2025.xlsx,,LPG JUNE 2025,38,11,K38
2025-06-01,2025-05-01,12.5,STATE,Sokoto,Sokoto,Sokoto,North West,FALSE,20304.33875,NGN per refill,Average of May-25,FALSE,,12.5KG,2,GAS_PRIC_WATCH_JUNE_2025.xlsx,,LPG JUNE 2025,24,11,K24
2025-06-01,2025-05-01,12.5,STATE,Taraba,Taraba,Taraba,North East,FALSE,22611.807265625,NGN per refill,Average of May-25,FALSE,,12.5KG,2,GAS_PRIC_WATCH_JUNE_2025.xlsx,,LPG JUNE 2025,16,11,K16
2025-06-01,2025-05-01,12.5,STATE,Yobe,Yobe,Yobe,North East,FALSE,18500,NGN per refill,Average of May-25,FALSE,,12.5KG,2,GAS_PRIC_WATCH_JUNE_2025.xlsx,,LPG JUNE 2025,17,11,K17
2025-06-01,2025-05-01,12.5,STATE,Zamfara,Zamfara,Zamfara,North West,FALSE,19550.91478,NGN per refill,Average of May-25,FALSE,,12.5KG,2,GAS_PRIC_WATCH_JUNE_2025.xlsx,,LPG JUNE 2025,25,11,K25
2025-06-01,2025-05-01,12.5,ZONE,North Central,NORTH CENTRAL,,North Central,TRUE,20112.74435391671,NGN per refill,Average of May-25,FALSE,,12.5KG,2,GAS_PRIC_WATCH_JUNE_2025.xlsx,,LPG JUNE 2025,3,11,K3
2025-06-01,2025-05-01,12.5,ZONE,North East,NORTH EAST,,North East,TRUE,20821.162844118047,NGN per refill,Average of May-25,FALSE,,12.5KG,2,GAS_PRIC_WATCH_JUNE_2025.xlsx,,LPG JUNE 2025,11,11,K11
2025-06-01,2025-05-01,12.5,ZONE,North West,NORTH WEST,,North West,TRUE,19944.102010691597,NGN per refill,Average of May-25,FALSE,,12.5KG,2,GAS_PRIC_WATCH_JUNE_2025.xlsx,,LPG JUNE 2025,18,11,K18
2025-06-01,2025-05-01,12.5,ZONE,South East,SOUTH EAST,,South East,TRUE,21811.75555574646,NGN per refill,Average of May-25,FALSE,,12.5KG,2,GAS_PRIC_WATCH_JUNE_2025.xlsx,,LPG JUNE 2025,26,11,K26
2025-06-01,2025-05-01,12.5,ZONE,South South,SOUTH SOUTH,,South South,TRUE,22026.262713888882,NGN per refill,Average of May-25,FALSE,,12.5KG,2,GAS_PRIC_WATCH_JUNE_2025.xlsx,,LPG JUNE 2025,32,11,K32
2025-06-01,2025-05-01,12.5,ZONE,South West,SOUTH WEST,,South West,TRUE,19949.305224341286,NGN per refill,Average of May-25,FALSE,,12.5KG,2,GAS_PRIC_WATCH_JUNE_2025.xlsx,,LPG JUNE 2025,39,11,K39
2025-06-01,2025-05-01,12.5,NATIONAL,Nigeria,Average,,,TRUE,20709.110460137286,NGN per refill,Average of May-25,FALSE,,12.5KG,2,GAS_PRIC_WATCH_JUNE_2025.xlsx,,LPG JUNE 2025,46,11,K46
2025-06-01,2025-06-01,5.0,STATE,Abia,Abia,Abia,South East,FALSE,8663.718229178641,NGN per refill,Average of Jun-25,TRUE,,5KG,2,GAS_PRIC_WATCH_JUNE_2025.xlsx,,LPG JUNE 2025,27,4,D27
2025-06-01,2025-06-01,5.0,STATE,Abuja,Abuja,Abuja,North Central,FALSE,8120.862270608,NGN per refill,Average of Jun-25,TRUE,,5KG,2,GAS_PRIC_WATCH_JUNE_2025.xlsx,,LPG JUNE 2025,4,4,D4
2025-06-01,2025-06-01,5.0,STATE,Adamawa,Adamawa,Adamawa,North East,FALSE,9130.112729999999,NGN per refill,Average of Jun-25,TRUE,,5KG,2,GAS_PRIC_WATCH_JUNE_2025.xlsx,,LPG JUNE 2025,12,4,D12
2025-06-01,2025-06-01,5.0,STATE,Akwa Ibom,Akwa Ibom,Akwa Ibom,South South,FALSE,8389.66228865,NGN per refill,Average of Jun-25,TRUE,,5KG,2,GAS_PRIC_WATCH_JUNE_2025.xlsx,,LPG JUNE 2025,33,4,D33
2025-06-01,2025-06-01,5.0,STATE,Anambra,Anambra,Anambra,South East,FALSE,8622.16221876268,NGN per refill,Average of Jun-25,TRUE,,5KG,2,GAS_PRIC_WATCH_JUNE_2025.xlsx,,LPG JUNE 2025,28,4,D28
2025-06-01,2025-06-01,5.0,STATE,Bauchi,Bauchi,Bauchi,North East,FALSE,8223.2615125,NGN per refill,Average of Jun-25,TRUE,,5KG,2,GAS_PRIC_WATCH_JUNE_2025.xlsx,,LPG JUNE 2025,13,4,D13
2025-06-01,2025-06-01,5.0,STATE,Bayelsa,Bayelsa,Bayelsa,South South,FALSE,9048.809358,NGN per refill,Average of Jun-25,TRUE,,5KG,2,GAS_PRIC_WATCH_JUNE_2025.xlsx,,LPG JUNE 2025,34,4,D34
2025-06-01,2025-06-01,5.0,STATE,Benue,Benue,Benue,North Central,FALSE,8431.7839758154,NGN per refill,Average of Jun-25,TRUE,,5KG,2,GAS_PRIC_WATCH_JUNE_2025.xlsx,,LPG JUNE 2025,5,4,D5
2025-06-01,2025-06-01,5.0,STATE,Borno,Borno,Borno,North East,FALSE,8251.2019558,NGN per refill,Average of Jun-25,TRUE,,5KG,2,GAS_PRIC_WATCH_JUNE_2025.xlsx,,LPG JUNE 2025,14,4,D14
2025-06-01,2025-06-01,5.0,STATE,Cross River,Cross River,Cross River,South South,FALSE,9193.1564012,NGN per refill,Average of Jun-25,TRUE,,5KG,2,GAS_PRIC_WATCH_JUNE_2025.xlsx,,LPG JUNE 2025,35,4,D35
2025-06-01,2025-06-01,5.0,STATE,Delta,Delta,Delta,South South,FALSE,9243.3766144,NGN per refill,Average of Jun-25,TRUE,,5KG,2,GAS_PRIC_WATCH_JUNE_2025.xlsx,,LPG JUNE 2025,36,4,D36
2025-06-01,2025-06-01,5.0,STATE,Ebonyi,Ebonyi,Ebonyi,South East,FALSE,9040.10507565068,NGN per refill,Average of Jun-25,TRUE,,5KG,2,GAS_PRIC_WATCH_JUNE_2025.xlsx,,LPG JUNE 2025,29,4,D29
2025-06-01,2025-06-01,5.0,STATE,Edo,Edo,Edo,South South,FALSE,8166.2759834666795,NGN per refill,Average of Jun-25,TRUE,,5KG,2,GAS_PRIC_WATCH_JUNE_2025.xlsx,,LPG JUNE 2025,37,4,D37
2025-06-01,2025-06-01,5.0,STATE,Ekiti,Ekiti,Ekiti,South West,FALSE,8203.662818833998,NGN per refill,Average of Jun-25,TRUE,,5KG,2,GAS_PRIC_WATCH_JUNE_2025.xlsx,,LPG JUNE 2025,40,4,D40
2025-06-01,2025-06-01,5.0,STATE,Enugu,Enugu,Enugu,South East,FALSE,8276.60794835,NGN per refill,Average of Jun-25,TRUE,,5KG,2,GAS_PRIC_WATCH_JUNE_2025.xlsx,,LPG JUNE 2025,30,4,D30
2025-06-01,2025-06-01,5.0,STATE,Gombe,Gombe,Gombe,North East,FALSE,8320.011942849,NGN per refill,Average of Jun-25,TRUE,,5KG,2,GAS_PRIC_WATCH_JUNE_2025.xlsx,,LPG JUNE 2025,15,4,D15
2025-06-01,2025-06-01,5.0,STATE,Imo,Imo,Imo,South East,FALSE,8645.13565948,NGN per refill,Average of Jun-25,TRUE,,5KG,2,GAS_PRIC_WATCH_JUNE_2025.xlsx,,LPG JUNE 2025,31,4,D31
2025-06-01,2025-06-01,5.0,STATE,Jigawa,Jigawa,Jigawa,North West,FALSE,8010.376366944439,NGN per refill,Average of Jun-25,TRUE,,5KG,2,GAS_PRIC_WATCH_JUNE_2025.xlsx,,LPG JUNE 2025,19,4,D19
2025-06-01,2025-06-01,5.0,STATE,Kaduna,Kaduna,Kaduna,North West,FALSE,8399.52549412,NGN per refill,Average of Jun-25,TRUE,,5KG,2,GAS_PRIC_WATCH_JUNE_2025.xlsx,,LPG JUNE 2025,20,4,D20
2025-06-01,2025-06-01,5.0,STATE,Kano,Kano,Kano,North West,FALSE,8025.72583408,NGN per refill,Average of Jun-25,TRUE,,5KG,2,GAS_PRIC_WATCH_JUNE_2025.xlsx,,LPG JUNE 2025,21,4,D21
2025-06-01,2025-06-01,5.0,STATE,Katsina,Katsina,Katsina,North West,FALSE,8067.502935,NGN per refill,Average of Jun-25,TRUE,,5KG,2,GAS_PRIC_WATCH_JUNE_2025.xlsx,,LPG JUNE 2025,22,4,D22
2025-06-01,2025-06-01,5.0,STATE,Kebbi,Kebbi,Kebbi,North West,FALSE,8014.44646902856,NGN per refill,Average of Jun-25,TRUE,,5KG,2,GAS_PRIC_WATCH_JUNE_2025.xlsx,,LPG JUNE 2025,23,4,D23
2025-06-01,2025-06-01,5.0,STATE,Kogi,Kogi,Kogi,North Central,FALSE,8306.0104,NGN per refill,Average of Jun-25,TRUE,,5KG,2,GAS_PRIC_WATCH_JUNE_2025.xlsx,,LPG JUNE 2025,6,4,D6
2025-06-01,2025-06-01,5.0,STATE,Kwara,Kwara,Kwara,North Central,FALSE,8378.58430224912,NGN per refill,Average of Jun-25,TRUE,,5KG,2,GAS_PRIC_WATCH_JUNE_2025.xlsx,,LPG JUNE 2025,7,4,D7
2025-06-01,2025-06-01,5.0,STATE,Lagos,Lagos,Lagos,South West,FALSE,8007.7097696,NGN per refill,Average of Jun-25,TRUE,,5KG,2,GAS_PRIC_WATCH_JUNE_2025.xlsx,,LPG JUNE 2025,41,4,D41
2025-06-01,2025-06-01,5.0,STATE,Nasarawa,Nasarawa,Nasarawa,North Central,FALSE,8376.10272459588,NGN per refill,Average of Jun-25,TRUE,,5KG,2,GAS_PRIC_WATCH_JUNE_2025.xlsx,,LPG JUNE 2025,8,4,D8
2025-06-01,2025-06-01,5.0,STATE,Niger,Niger,Niger,North Central,FALSE,7696.99150977112,NGN per refill,Average of Jun-25,TRUE,,5KG,2,GAS_PRIC_WATCH_JUNE_2025.xlsx,,LPG JUNE 2025,9,4,D9
2025-06-01,2025-06-01,5.0,STATE,Ogun,Ogun,Ogun,South West,FALSE,8176.8576775,NGN per refill,Average of Jun-25,TRUE,,5KG,2,GAS_PRIC_WATCH_JUNE_2025.xlsx,,LPG JUNE 2025,42,4,D42
2025-06-01,2025-06-01,5.0,STATE,Ondo,Ondo,Ondo,South West,FALSE,8216.0692068,NGN per refill,Average of Jun-25,TRUE,,5KG,2,GAS_PRIC_WATCH_JUNE_2025.xlsx,,LPG JUNE 2025,43,4,D43
2025-06-01,2025-06-01,5.0,STATE,Osun,Osun,Osun,South West,FALSE,8058.2151476,NGN per refill,Average of Jun-25,TRUE,,5KG,2,GAS_PRIC_WATCH_JUNE_2025.xlsx,,LPG JUNE 2025,44,4,D44
2025-06-01,2025-06-01,5.0,STATE,Oyo,Oyo,Oyo,South West,FALSE,7100,NGN per refill,Average of Jun-25,TRUE,,5KG,2,GAS_PRIC_WATCH_JUNE_2025.xlsx,,LPG JUNE 2025,45,4,D45
2025-06-01,2025-06-01,5.0,STATE,Plateau,Plateau,Plateau,North Central,FALSE,7200,NGN per refill,Average of Jun-25,TRUE,,5KG,2,GAS_PRIC_WATCH_JUNE_2025.xlsx,,LPG JUNE 2025,10,4,D10
2025-06-01,2025-06-01,5.0,STATE,Rivers,Rivers,Rivers,South South,FALSE,9188.50947235,NGN per refill,Average of Jun-25,TRUE,,5KG,2,GAS_PRIC_WATCH_JUNE_2025.xlsx,,LPG JUNE 2025,38,4,D38
2025-06-01,2025-06-01,5.0,STATE,Sokoto,Sokoto,Sokoto,North West,FALSE,8169.734665000001,NGN per refill,Average of Jun-25,TRUE,,5KG,2,GAS_PRIC_WATCH_JUNE_2025.xlsx,,LPG JUNE 2025,24,4,D24
2025-06-01,2025-06-01,5.0,STATE,Taraba,Taraba,Taraba,North East,FALSE,9003.75917468752,NGN per refill,Average of Jun-25,TRUE,,5KG,2,GAS_PRIC_WATCH_JUNE_2025.xlsx,,LPG JUNE 2025,16,4,D16
2025-06-01,2025-06-01,5.0,STATE,Yobe,Yobe,Yobe,North East,FALSE,7600,NGN per refill,Average of Jun-25,TRUE,,5KG,2,GAS_PRIC_WATCH_JUNE_2025.xlsx,,LPG JUNE 2025,17,4,D17
2025-06-01,2025-06-01,5.0,STATE,Zamfara,Zamfara,Zamfara,North West,FALSE,8020.22270176,NGN per refill,Average of Jun-25,TRUE,,5KG,2,GAS_PRIC_WATCH_JUNE_2025.xlsx,,LPG JUNE 2025,25,4,D25
2025-06-01,2025-06-01,5.0,ZONE,North Central,NORTH CENTRAL,,North Central,TRUE,8072.905026148504,NGN per refill,Average of Jun-25,TRUE,,5KG,2,GAS_PRIC_WATCH_JUNE_2025.xlsx,,LPG JUNE 2025,3,4,D3
2025-06-01,2025-06-01,5.0,ZONE,North East,NORTH EAST,,North East,TRUE,8421.391219306086,NGN per refill,Average of Jun-25,TRUE,,5KG,2,GAS_PRIC_WATCH_JUNE_2025.xlsx,,LPG JUNE 2025,11,4,D11
2025-06-01,2025-06-01,5.0,ZONE,North West,NORTH WEST,,North West,TRUE,8101.076352276143,NGN per refill,Average of Jun-25,TRUE,,5KG,2,GAS_PRIC_WATCH_JUNE_2025.xlsx,,LPG JUNE 2025,18,4,D18
2025-06-01,2025-06-01,5.0,ZONE,South East,SOUTH EAST,,South East,TRUE,8649.5458262844,NGN per refill,Average of Jun-25,TRUE,,5KG,2,GAS_PRIC_WATCH_JUNE_2025.xlsx,,LPG JUNE 2025,26,4,D26
2025-06-01,2025-06-01,5.0,ZONE,South South,SOUTH SOUTH,,South South,TRUE,8871.631686344448,NGN per refill,Average of Jun-25,TRUE,,5KG,2,GAS_PRIC_WATCH_JUNE_2025.xlsx,,LPG JUNE 2025,32,4,D32
2025-06-01,2025-06-01,5.0,ZONE,South West,SOUTH WEST,,South West,TRUE,7960.419103388999,NGN per refill,Average of Jun-25,TRUE,,5KG,2,GAS_PRIC_WATCH_JUNE_2025.xlsx,,LPG JUNE 2025,39,4,D39
2025-06-01,2025-06-01,5.0,NATIONAL,Nigeria,Average,,,TRUE,8323.952725260317,NGN per refill,Average of Jun-25,TRUE,,5KG,2,GAS_PRIC_WATCH_JUNE_2025.xlsx,,LPG JUNE 2025,46,4,D46
2025-06-01,2025-06-01,12.5,STATE,Abia,Abia,Abia,South East,FALSE,21659.2955729466,NGN per refill,Average of Jun-25,TRUE,,12.5KG,2,GAS_PRIC_WATCH_JUNE_2025.xlsx,,LPG JUNE 2025,27,12,L27
2025-06-01,2025-06-01,12.5,STATE,Abuja,Abuja,Abuja,North Central,FALSE,20302.15567652,NGN per refill,Average of Jun-25,TRUE,,12.5KG,2,GAS_PRIC_WATCH_JUNE_2025.xlsx,,LPG JUNE 2025,4,12,L4
2025-06-01,2025-06-01,12.5,STATE,Adamawa,Adamawa,Adamawa,North East,FALSE,22825.281825,NGN per refill,Average of Jun-25,TRUE,,12.5KG,2,GAS_PRIC_WATCH_JUNE_2025.xlsx,,LPG JUNE 2025,12,12,L12
2025-06-01,2025-06-01,12.5,STATE,Akwa Ibom,Akwa Ibom,Akwa Ibom,South South,FALSE,20974.155721625,NGN per refill,Average of Jun-25,TRUE,,12.5KG,2,GAS_PRIC_WATCH_JUNE_2025.xlsx,,LPG JUNE 2025,33,12,L33
2025-06-01,2025-06-01,12.5,STATE,Anambra,Anambra,Anambra,South East,FALSE,21555.4055469067,NGN per refill,Average of Jun-25,TRUE,,12.5KG,2,GAS_PRIC_WATCH_JUNE_2025.xlsx,,LPG JUNE 2025,28,12,L28
2025-06-01,2025-06-01,12.5,STATE,Bauchi,Bauchi,Bauchi,North East,FALSE,20558.15378125,NGN per refill,Average of Jun-25,TRUE,,12.5KG,2,GAS_PRIC_WATCH_JUNE_2025.xlsx,,LPG JUNE 2025,13,12,L13
2025-06-01,2025-06-01,12.5,STATE,Bayelsa,Bayelsa,Bayelsa,South South,FALSE,22622.023395,NGN per refill,Average of Jun-25,TRUE,,12.5KG,2,GAS_PRIC_WATCH_JUNE_2025.xlsx,,LPG JUNE 2025,34,12,L34
2025-06-01,2025-06-01,12.5,STATE,Benue,Benue,Benue,North Central,FALSE,21079.4599395385,NGN per refill,Average of Jun-25,TRUE,,12.5KG,2,GAS_PRIC_WATCH_JUNE_2025.xlsx,,LPG JUNE 2025,5,12,L5
2025-06-01,2025-06-01,12.5,STATE,Borno,Borno,Borno,North East,FALSE,20628.0048895,NGN per refill,Average of Jun-25,TRUE,,12.5KG,2,GAS_PRIC_WATCH_JUNE_2025.xlsx,,LPG JUNE 2025,14,12,L14
2025-06-01,2025-06-01,12.5,STATE,Cross River,Cross River,Cross River,South South,FALSE,22982.891003,NGN per refill,Average of Jun-25,TRUE,,12.5KG,2,GAS_PRIC_WATCH_JUNE_2025.xlsx,,LPG JUNE 2025,35,12,L35
2025-06-01,2025-06-01,12.5,STATE,Delta,Delta,Delta,South South,FALSE,23108.441536,NGN per refill,Average of Jun-25,TRUE,,12.5KG,2,GAS_PRIC_WATCH_JUNE_2025.xlsx,,LPG JUNE 2025,36,12,L36
2025-06-01,2025-06-01,12.5,STATE,Ebonyi,Ebonyi,Ebonyi,South East,FALSE,22600.2626891267,NGN per refill,Average of Jun-25,TRUE,,12.5KG,2,GAS_PRIC_WATCH_JUNE_2025.xlsx,,LPG JUNE 2025,29,12,L29
2025-06-01,2025-06-01,12.5,STATE,Edo,Edo,Edo,South South,FALSE,20415.6899586667,NGN per refill,Average of Jun-25,TRUE,,12.5KG,2,GAS_PRIC_WATCH_JUNE_2025.xlsx,,LPG JUNE 2025,37,12,L37
2025-06-01,2025-06-01,12.5,STATE,Ekiti,Ekiti,Ekiti,South West,FALSE,20509.157047085,NGN per refill,Average of Jun-25,TRUE,,12.5KG,2,GAS_PRIC_WATCH_JUNE_2025.xlsx,,LPG JUNE 2025,40,12,L40
2025-06-01,2025-06-01,12.5,STATE,Enugu,Enugu,Enugu,South East,FALSE,20691.519870875,NGN per refill,Average of Jun-25,TRUE,,12.5KG,2,GAS_PRIC_WATCH_JUNE_2025.xlsx,,LPG JUNE 2025,30,12,L30
2025-06-01,2025-06-01,12.5,STATE,Gombe,Gombe,Gombe,North East,FALSE,20800.0298571225,NGN per refill,Average of Jun-25,TRUE,,12.5KG,2,GAS_PRIC_WATCH_JUNE_2025.xlsx,,LPG JUNE 2025,15,12,L15
2025-06-01,2025-06-01,12.5,STATE,Imo,Imo,Imo,South East,FALSE,21612.8391487,NGN per refill,Average of Jun-25,TRUE,,12.5KG,2,GAS_PRIC_WATCH_JUNE_2025.xlsx,,LPG JUNE 2025,31,12,L31
2025-06-01,2025-06-01,12.5,STATE,Jigawa,Jigawa,Jigawa,North West,FALSE,20025.9409173611,NGN per refill,Average of Jun-25,TRUE,,12.5KG,2,GAS_PRIC_WATCH_JUNE_2025.xlsx,,LPG JUNE 2025,19,12,L19
2025-06-01,2025-06-01,12.5,STATE,Kaduna,Kaduna,Kaduna,North West,FALSE,20998.8137353,NGN per refill,Average of Jun-25,TRUE,,12.5KG,2,GAS_PRIC_WATCH_JUNE_2025.xlsx,,LPG JUNE 2025,20,12,L20
2025-06-01,2025-06-01,12.5,STATE,Kano,Kano,Kano,North West,FALSE,20064.3145852,NGN per refill,Average of Jun-25,TRUE,,12.5KG,2,GAS_PRIC_WATCH_JUNE_2025.xlsx,,LPG JUNE 2025,21,12,L21
2025-06-01,2025-06-01,12.5,STATE,Katsina,Katsina,Katsina,North West,FALSE,20168.7573375,NGN per refill,Average of Jun-25,TRUE,,12.5KG,2,GAS_PRIC_WATCH_JUNE_2025.xlsx,,LPG JUNE 2025,22,12,L22
2025-06-01,2025-06-01,12.5,STATE,Kebbi,Taraba,Kebbi,North West,FALSE,20036.1161725714,NGN per refill,Average of Jun-25,TRUE,LPG_12_5KG_KEBBI_LABELLED_TARABA,12.5KG,2,GAS_PRIC_WATCH_JUNE_2025.xlsx,,LPG JUNE 2025,23,12,L23
2025-06-01,2025-06-01,12.5,STATE,Kogi,Kogi,Kogi,North Central,FALSE,20765.026,NGN per refill,Average of Jun-25,TRUE,,12.5KG,2,GAS_PRIC_WATCH_JUNE_2025.xlsx,,LPG JUNE 2025,6,12,L6
2025-06-01,2025-06-01,12.5,STATE,Kwara,Kwara,Kwara,North Central,FALSE,20946.4607556228,NGN per refill,Average of Jun-25,TRUE,,12.5KG,2,GAS_PRIC_WATCH_JUNE_2025.xlsx,,LPG JUNE 2025,7,12,L7
2025-06-01,2025-06-01,12.5,STATE,Lagos,Lagos,Lagos,South West,FALSE,20719.274424,NGN per refill,Average of Jun-25,TRUE,,12.5KG,2,GAS_PRIC_WATCH_JUNE_2025.xlsx,,LPG JUNE 2025,41,12,L41
2025-06-01,2025-06-01,12.5,STATE,Nasarawa,Nasarawa,Nasarawa,North Central,FALSE,20940.2568114897,NGN per refill,Average of Jun-25,TRUE,,12.5KG,2,GAS_PRIC_WATCH_JUNE_2025.xlsx,,LPG JUNE 2025,8,12,L8
2025-06-01,2025-06-01,12.5,STATE,Niger,Niger,Niger,North Central,FALSE,19242.4787744278,NGN per refill,Average of Jun-25,TRUE,,12.5KG,2,GAS_PRIC_WATCH_JUNE_2025.xlsx,,LPG JUNE 2025,9,12,L9
2025-06-01,2025-06-01,12.5,STATE,Ogun,Ogun,Ogun,South West,FALSE,20442.14419375,NGN per refill,Average of Jun-25,TRUE,,12.5KG,2,GAS_PRIC_WATCH_JUNE_2025.xlsx,,LPG JUNE 2025,42,12,L42
2025-06-01,2025-06-01,12.5,STATE,Ondo,Ondo,Ondo,South West,FALSE,20540.173017,NGN per refill,Average of Jun-25,TRUE,,12.5KG,2,GAS_PRIC_WATCH_JUNE_2025.xlsx,,LPG JUNE 2025,43,12,L43
2025-06-01,2025-06-01,12.5,STATE,Osun,Osun,Osun,South West,FALSE,20145.537869,NGN per refill,Average of Jun-25,TRUE,,12.5KG,2,GAS_PRIC_WATCH_JUNE_2025.xlsx,,LPG JUNE 2025,44,12,L44
2025-06-01,2025-06-01,12.5,STATE,Oyo,Oyo,Oyo,South West,FALSE,20058.2248657857,NGN per refill,Average of Jun-25,TRUE,,12.5KG,2,GAS_PRIC_WATCH_JUNE_2025.xlsx,,LPG JUNE 2025,45,12,L45
2025-06-01,2025-06-01,12.5,STATE,Plateau,Plateau,Plateau,North Central,FALSE,20166.7812540983,NGN per refill,Average of Jun-25,TRUE,,12.5KG,2,GAS_PRIC_WATCH_JUNE_2025.xlsx,,LPG JUNE 2025,10,12,L10
2025-06-01,2025-06-01,12.5,STATE,Rivers,Rivers,Rivers,South South,FALSE,22971.273680875,NGN per refill,Average of Jun-25,TRUE,,12.5KG,2,GAS_PRIC_WATCH_JUNE_2025.xlsx,,LPG JUNE 2025,38,12,L38
2025-06-01,2025-06-01,12.5,STATE,Sokoto,Sokoto,Sokoto,North West,FALSE,20424.3366625,NGN per refill,Average of Jun-25,TRUE,,12.5KG,2,GAS_PRIC_WATCH_JUNE_2025.xlsx,,LPG JUNE 2025,24,12,L24
2025-06-01,2025-06-01,12.5,STATE,Taraba,Taraba,Taraba,North East,FALSE,22509.3979367188,NGN per refill,Average of Jun-25,TRUE,,12.5KG,2,GAS_PRIC_WATCH_JUNE_2025.xlsx,,LPG JUNE 2025,16,12,L16
2025-06-01,2025-06-01,12.5,STATE,Yobe,Yobe,Yobe,North East,FALSE,19000,NGN per refill,Average of Jun-25,TRUE,,12.5KG,2,GAS_PRIC_WATCH_JUNE_2025.xlsx,,LPG JUNE 2025,17,12,L17
2025-06-01,2025-06-01,12.5,STATE,Zamfara,Zamfara,Zamfara,North West,FALSE,22300.556754400004,NGN per refill,Average of Jun-25,TRUE,,12.5KG,2,GAS_PRIC_WATCH_JUNE_2025.xlsx,,LPG JUNE 2025,25,12,L25
2025-06-01,2025-06-01,12.5,ZONE,North Central,NORTH CENTRAL,,North Central,TRUE,20491.80274452816,NGN per refill,Average of Jun-25,TRUE,,12.5KG,2,GAS_PRIC_WATCH_JUNE_2025.xlsx,,LPG JUNE 2025,3,12,L3
2025-06-01,2025-06-01,12.5,ZONE,North East,NORTH EAST,,North East,TRUE,21053.478048265217,NGN per refill,Average of Jun-25,TRUE,,12.5KG,2,GAS_PRIC_WATCH_JUNE_2025.xlsx,,LPG JUNE 2025,11,12,L11
2025-06-01,2025-06-01,12.5,ZONE,North West,NORTH WEST,,North West,TRUE,20574.11945211893,NGN per refill,Average of Jun-25,TRUE,,12.5KG,2,GAS_PRIC_WATCH_JUNE_2025.xlsx,,LPG JUNE 2025,18,12,L18
2025-06-01,2025-06-01,12.5,ZONE,South East,SOUTH EAST,,South East,TRUE,21623.864565711,NGN per refill,Average of Jun-25,TRUE,,12.5KG,2,GAS_PRIC_WATCH_JUNE_2025.xlsx,,LPG JUNE 2025,26,12,L26
2025-06-01,2025-06-01,12.5,ZONE,South South,SOUTH SOUTH,,South South,TRUE,22179.079215861115,NGN per refill,Average of Jun-25,TRUE,,12.5KG,2,GAS_PRIC_WATCH_JUNE_2025.xlsx,,LPG JUNE 2025,32,12,L32
2025-06-01,2025-06-01,12.5,ZONE,South West,SOUTH WEST,,South West,TRUE,20402.418569436784,NGN per refill,Average of Jun-25,TRUE,,12.5KG,2,GAS_PRIC_WATCH_JUNE_2025.xlsx,,LPG JUNE 2025,39,12,L39
2025-06-01,2025-06-01,12.5,NATIONAL,Nigeria,Average,,,TRUE,21010.55765422873,NGN per refill,Average of Jun-25,TRUE,,12.5KG,2,GAS_PRIC_WATCH_JUNE_2025.xlsx,,LPG JUNE 2025,46,12,L46
2025-07-01,2024-07-01,5.0,STATE,Abia,Abia,Abia,South East,FALSE,5824.557692307692,NGN per refill,Average of Jul-24,FALSE,,5KG,2,LPG_July_2025.zip,GAS_PRICE_WATCH_JULY_2025.xlsx,LPG_JULY_2025,27,2,B27
2025-07-01,2024-07-01,5.0,STATE,Abuja,Abuja,Abuja,North Central,FALSE,5617.7,NGN per refill,Average of Jul-24,FALSE,,5KG,2,LPG_July_2025.zip,GAS_PRICE_WATCH_JULY_2025.xlsx,LPG_JULY_2025,4,2,B4
2025-07-01,2024-07-01,5.0,STATE,Adamawa,Adamawa,Adamawa,North East,FALSE,5870,NGN per refill,Average of Jul-24,FALSE,,5KG,2,LPG_July_2025.zip,GAS_PRICE_WATCH_JULY_2025.xlsx,LPG_JULY_2025,12,2,B12
2025-07-01,2024-07-01,5.0,STATE,Akwa Ibom,Akwa Ibom,Akwa Ibom,South South,FALSE,5950,NGN per refill,Average of Jul-24,FALSE,,5KG,2,LPG_July_2025.zip,GAS_PRICE_WATCH_JULY_2025.xlsx,LPG_JULY_2025,33,2,B33
2025-07-01,2024-07-01,5.0,STATE,Anambra,Anambra,Anambra,South East,FALSE,5857.083333333333,NGN per refill,Average of Jul-24,FALSE,,5KG,2,LPG_July_2025.zip,GAS_PRICE_WATCH_JULY_2025.xlsx,LPG_JULY_2025,28,2,B28
2025-07-01,2024-07-01,5.0,STATE,Bauchi,Bauchi,Bauchi,North East,FALSE,6395,NGN per refill,Average of Jul-24,FALSE,,5KG,2,LPG_July_2025.zip,GAS_PRICE_WATCH_JULY_2025.xlsx,LPG_JULY_2025,13,2,B13
2025-07-01,2024-07-01,5.0,STATE,Bayelsa,Bayelsa,Bayelsa,South South,FALSE,5572.222222222223,NGN per refill,Average of Jul-24,FALSE,,5KG,2,LPG_July_2025.zip,GAS_PRICE_WATCH_JULY_2025.xlsx,LPG_JULY_2025,34,2,B34
2025-07-01,2024-07-01,5.0,STATE,Benue,Benue,Benue,North Central,FALSE,6491,NGN per refill,Average of Jul-24,FALSE,,5KG,2,LPG_July_2025.zip,GAS_PRICE_WATCH_JULY_2025.xlsx,LPG_JULY_2025,5,2,B5
2025-07-01,2024-07-01,5.0,STATE,Borno,Borno,Borno,North East,FALSE,7088.58671875,NGN per refill,Average of Jul-24,FALSE,,5KG,2,LPG_July_2025.zip,GAS_PRICE_WATCH_JULY_2025.xlsx,LPG_JULY_2025,14,2,B14
2025-07-01,2024-07-01,5.0,STATE,Cross River,Cross River,Cross River,South South,FALSE,5707.777777777777,NGN per refill,Average of Jul-24,FALSE,,5KG,2,LPG_July_2025.zip,GAS_PRICE_WATCH_JULY_2025.xlsx,LPG_JULY_2025,35,2,B35
2025-07-01,2024-07-01,5.0,STATE,Delta,Delta,Delta,South South,FALSE,5392.857142857143,NGN per refill,Average of Jul-24,FALSE,,5KG,2,LPG_July_2025.zip,GAS_PRICE_WATCH_JULY_2025.xlsx,LPG_JULY_2025,36,2,B36
2025-07-01,2024-07-01,5.0,STATE,Ebonyi,Ebonyi,Ebonyi,South East,FALSE,5814.017857142857,NGN per refill,Average of Jul-24,FALSE,,5KG,2,LPG_July_2025.zip,GAS_PRICE_WATCH_JULY_2025.xlsx,LPG_JULY_2025,29,2,B29
2025-07-01,2024-07-01,5.0,STATE,Edo,Edo,Edo,South South,FALSE,5572.222222222223,NGN per refill,Average of Jul-24,FALSE,,5KG,2,LPG_July_2025.zip,GAS_PRICE_WATCH_JULY_2025.xlsx,LPG_JULY_2025,37,2,B37
2025-07-01,2024-07-01,5.0,STATE,Ekiti,Ekiti,Ekiti,South West,FALSE,5828.125,NGN per refill,Average of Jul-24,FALSE,,5KG,2,LPG_July_2025.zip,GAS_PRICE_WATCH_JULY_2025.xlsx,LPG_JULY_2025,40,2,B40
2025-07-01,2024-07-01,5.0,STATE,Enugu,Enugu,Enugu,South East,FALSE,5729.133370535715,NGN per refill,Average of Jul-24,FALSE,,5KG,2,LPG_July_2025.zip,GAS_PRICE_WATCH_JULY_2025.xlsx,LPG_JULY_2025,30,2,B30
2025-07-01,2024-07-01,5.0,STATE,Gombe,Gombe,Gombe,North East,FALSE,6293.590909090909,NGN per refill,Average of Jul-24,FALSE,,5KG,2,LPG_July_2025.zip,GAS_PRICE_WATCH_JULY_2025.xlsx,LPG_JULY_2025,15,2,B15
2025-07-01,2024-07-01,5.0,STATE,Imo,Imo,Imo,South East,FALSE,5644.294117647059,NGN per refill,Average of Jul-24,FALSE,,5KG,2,LPG_July_2025.zip,GAS_PRICE_WATCH_JULY_2025.xlsx,LPG_JULY_2025,31,2,B31
2025-07-01,2024-07-01,5.0,STATE,Jigawa,Jigawa,Jigawa,North West,FALSE,6243.75,NGN per refill,Average of Jul-24,FALSE,,5KG,2,LPG_July_2025.zip,GAS_PRICE_WATCH_JULY_2025.xlsx,LPG_JULY_2025,19,2,B19
2025-07-01,2024-07-01,5.0,STATE,Kaduna,Kaduna,Kaduna,North West,FALSE,5602,NGN per refill,Average of Jul-24,FALSE,,5KG,2,LPG_July_2025.zip,GAS_PRICE_WATCH_JULY_2025.xlsx,LPG_JULY_2025,20,2,B20
2025-07-01,2024-07-01,5.0,STATE,Kano,Kano,Kano,North West,FALSE,5787.5,NGN per refill,Average of Jul-24,FALSE,,5KG,2,LPG_July_2025.zip,GAS_PRICE_WATCH_JULY_2025.xlsx,LPG_JULY_2025,21,2,B21
2025-07-01,2024-07-01,5.0,STATE,Katsina,Katsina,Katsina,North West,FALSE,6194.444444444444,NGN per refill,Average of Jul-24,FALSE,,5KG,2,LPG_July_2025.zip,GAS_PRICE_WATCH_JULY_2025.xlsx,LPG_JULY_2025,22,2,B22
2025-07-01,2024-07-01,5.0,STATE,Kebbi,Kebbi,Kebbi,North West,FALSE,6092.857142857143,NGN per refill,Average of Jul-24,FALSE,,5KG,2,LPG_July_2025.zip,GAS_PRICE_WATCH_JULY_2025.xlsx,LPG_JULY_2025,23,2,B23
2025-07-01,2024-07-01,5.0,STATE,Kogi,Kogi,Kogi,North Central,FALSE,5560.62841796875,NGN per refill,Average of Jul-24,FALSE,,5KG,2,LPG_July_2025.zip,GAS_PRICE_WATCH_JULY_2025.xlsx,LPG_JULY_2025,6,2,B6
2025-07-01,2024-07-01,5.0,STATE,Kwara,Kwara,Kwara,North Central,FALSE,5936.2919921875,NGN per refill,Average of Jul-24,FALSE,,5KG,2,LPG_July_2025.zip,GAS_PRICE_WATCH_JULY_2025.xlsx,LPG_JULY_2025,7,2,B7
2025-07-01,2024-07-01,5.0,STATE,Lagos,Lagos,Lagos,South West,FALSE,6060.588235294118,NGN per refill,Average of Jul-24,FALSE,,5KG,2,LPG_July_2025.zip,GAS_PRICE_WATCH_JULY_2025.xlsx,LPG_JULY_2025,41,2,B41
2025-07-01,2024-07-01,5.0,STATE,Nasarawa,Nasarawa,Nasarawa,North Central,FALSE,6277.978515625,NGN per refill,Average of Jul-24,FALSE,,5KG,2,LPG_July_2025.zip,GAS_PRICE_WATCH_JULY_2025.xlsx,LPG_JULY_2025,8,2,B8
2025-07-01,2024-07-01,5.0,STATE,Niger,Niger,Niger,North Central,FALSE,6165.3125,NGN per refill,Average of Jul-24,FALSE,,5KG,2,LPG_July_2025.zip,GAS_PRICE_WATCH_JULY_2025.xlsx,LPG_JULY_2025,9,2,B9
2025-07-01,2024-07-01,5.0,STATE,Ogun,Ogun,Ogun,South West,FALSE,6021.538461538462,NGN per refill,Average of Jul-24,FALSE,,5KG,2,LPG_July_2025.zip,GAS_PRICE_WATCH_JULY_2025.xlsx,LPG_JULY_2025,42,2,B42
2025-07-01,2024-07-01,5.0,STATE,Ondo,Ondo,Ondo,South West,FALSE,5800,NGN per refill,Average of Jul-24,FALSE,,5KG,2,LPG_July_2025.zip,GAS_PRICE_WATCH_JULY_2025.xlsx,LPG_JULY_2025,43,2,B43
2025-07-01,2024-07-01,5.0,STATE,Osun,Osun,Osun,South West,FALSE,5682.142857142857,NGN per refill,Average of Jul-24,FALSE,,5KG,2,LPG_July_2025.zip,GAS_PRICE_WATCH_JULY_2025.xlsx,LPG_JULY_2025,44,2,B44
2025-07-01,2024-07-01,5.0,STATE,Oyo,Oyo,Oyo,South West,FALSE,5795.454545454545,NGN per refill,Average of Jul-24,FALSE,,5KG,2,LPG_July_2025.zip,GAS_PRICE_WATCH_JULY_2025.xlsx,LPG_JULY_2025,45,2,B45
2025-07-01,2024-07-01,5.0,STATE,Plateau,Plateau,Plateau,North Central,FALSE,6247.419095552885,NGN per refill,Average of Jul-24,FALSE,,5KG,2,LPG_July_2025.zip,GAS_PRICE_WATCH_JULY_2025.xlsx,LPG_JULY_2025,10,2,B10
2025-07-01,2024-07-01,5.0,STATE,Rivers,Rivers,Rivers,South South,FALSE,5729.166666666667,NGN per refill,Average of Jul-24,FALSE,,5KG,2,LPG_July_2025.zip,GAS_PRICE_WATCH_JULY_2025.xlsx,LPG_JULY_2025,38,2,B38
2025-07-01,2024-07-01,5.0,STATE,Sokoto,Sokoto,Sokoto,North West,FALSE,6750,NGN per refill,Average of Jul-24,FALSE,,5KG,2,LPG_July_2025.zip,GAS_PRICE_WATCH_JULY_2025.xlsx,LPG_JULY_2025,24,2,B24
2025-07-01,2024-07-01,5.0,STATE,Taraba,Taraba,Taraba,North East,FALSE,6096.53125,NGN per refill,Average of Jul-24,FALSE,,5KG,2,LPG_July_2025.zip,GAS_PRICE_WATCH_JULY_2025.xlsx,LPG_JULY_2025,16,2,B16
2025-07-01,2024-07-01,5.0,STATE,Yobe,Yobe,Yobe,North East,FALSE,6935.5,NGN per refill,Average of Jul-24,FALSE,,5KG,2,LPG_July_2025.zip,GAS_PRICE_WATCH_JULY_2025.xlsx,LPG_JULY_2025,17,2,B17
2025-07-01,2024-07-01,5.0,STATE,Zamfara,Zamfara,Zamfara,North West,FALSE,5431.25,NGN per refill,Average of Jul-24,FALSE,,5KG,2,LPG_July_2025.zip,GAS_PRICE_WATCH_JULY_2025.xlsx,LPG_JULY_2025,25,2,B25
2025-07-01,2024-07-01,5.0,ZONE,North Central,NORTH CENTRAL,,North Central,TRUE,6042.332931619161,NGN per refill,Average of Jul-24,FALSE,,5KG,2,LPG_July_2025.zip,GAS_PRICE_WATCH_JULY_2025.xlsx,LPG_JULY_2025,3,2,B3
2025-07-01,2024-07-01,5.0,ZONE,North East,NORTH EAST,,North East,TRUE,6446.534812973485,NGN per refill,Average of Jul-24,FALSE,,5KG,2,LPG_July_2025.zip,GAS_PRICE_WATCH_JULY_2025.xlsx,LPG_JULY_2025,11,2,B11
2025-07-01,2024-07-01,5.0,ZONE,North West,NORTH WEST,,North West,TRUE,6014.543083900227,NGN per refill,Average of Jul-24,FALSE,,5KG,2,LPG_July_2025.zip,GAS_PRICE_WATCH_JULY_2025.xlsx,LPG_JULY_2025,18,2,B18
2025-07-01,2024-07-01,5.0,ZONE,South East,SOUTH EAST,,South East,TRUE,5773.817274193331,NGN per refill,Average of Jul-24,FALSE,,5KG,2,LPG_July_2025.zip,GAS_PRICE_WATCH_JULY_2025.xlsx,LPG_JULY_2025,26,2,B26
2025-07-01,2024-07-01,5.0,ZONE,South South,SOUTH SOUTH,,South South,TRUE,5654.041005291006,NGN per refill,Average of Jul-24,FALSE,,5KG,2,LPG_July_2025.zip,GAS_PRICE_WATCH_JULY_2025.xlsx,LPG_JULY_2025,32,2,B32
2025-07-01,2024-07-01,5.0,ZONE,South West,SOUTH WEST,,South West,TRUE,5864.6415165716635,NGN per refill,Average of Jul-24,FALSE,,5KG,2,LPG_July_2025.zip,GAS_PRICE_WATCH_JULY_2025.xlsx,LPG_JULY_2025,39,2,B39
2025-07-01,2024-07-01,5.0,NATIONAL,Nigeria,Average,,,TRUE,5974.554661854575,NGN per refill,Average of Jul-24,FALSE,,5KG,2,LPG_July_2025.zip,GAS_PRICE_WATCH_JULY_2025.xlsx,LPG_JULY_2025,46,2,B46
2025-07-01,2024-07-01,12.5,STATE,Abia,Abia,Abia,South East,FALSE,13981.25,NGN per refill,Average of Jul-24,FALSE,,12.5KG,2,LPG_July_2025.zip,GAS_PRICE_WATCH_JULY_2025.xlsx,LPG_JULY_2025,27,10,J27
2025-07-01,2024-07-01,12.5,STATE,Abuja,Abuja,Abuja,North Central,FALSE,13580,NGN per refill,Average of Jul-24,FALSE,,12.5KG,2,LPG_July_2025.zip,GAS_PRICE_WATCH_JULY_2025.xlsx,LPG_JULY_2025,4,10,J4
2025-07-01,2024-07-01,12.5,STATE,Adamawa,Adamawa,Adamawa,North East,FALSE,13632.5625,NGN per refill,Average of Jul-24,FALSE,,12.5KG,2,LPG_July_2025.zip,GAS_PRICE_WATCH_JULY_2025.xlsx,LPG_JULY_2025,12,10,J12
2025-07-01,2024-07-01,12.5,STATE,Akwa Ibom,Akwa Ibom,Akwa Ibom,South South,FALSE,14875,NGN per refill,Average of Jul-24,FALSE,,12.5KG,2,LPG_July_2025.zip,GAS_PRICE_WATCH_JULY_2025.xlsx,LPG_JULY_2025,33,10,J33
2025-07-01,2024-07-01,12.5,STATE,Anambra,Anambra,Anambra,South East,FALSE,14011.361588541668,NGN per refill,Average of Jul-24,FALSE,,12.5KG,2,LPG_July_2025.zip,GAS_PRICE_WATCH_JULY_2025.xlsx,LPG_JULY_2025,28,10,J28
2025-07-01,2024-07-01,12.5,STATE,Bauchi,Bauchi,Bauchi,North East,FALSE,14375,NGN per refill,Average of Jul-24,FALSE,,12.5KG,2,LPG_July_2025.zip,GAS_PRICE_WATCH_JULY_2025.xlsx,LPG_JULY_2025,13,10,J13
2025-07-01,2024-07-01,12.5,STATE,Bayelsa,Bayelsa,Bayelsa,South South,FALSE,14337.5,NGN per refill,Average of Jul-24,FALSE,,12.5KG,2,LPG_July_2025.zip,GAS_PRICE_WATCH_JULY_2025.xlsx,LPG_JULY_2025,34,10,J34
2025-07-01,2024-07-01,12.5,STATE,Benue,Benue,Benue,North Central,FALSE,13847.5,NGN per refill,Average of Jul-24,FALSE,,12.5KG,2,LPG_July_2025.zip,GAS_PRICE_WATCH_JULY_2025.xlsx,LPG_JULY_2025,5,10,J5
2025-07-01,2024-07-01,12.5,STATE,Borno,Borno,Borno,North East,FALSE,15122.857142857143,NGN per refill,Average of Jul-24,FALSE,,12.5KG,2,LPG_July_2025.zip,GAS_PRICE_WATCH_JULY_2025.xlsx,LPG_JULY_2025,14,10,J14
2025-07-01,2024-07-01,12.5,STATE,Cross River,Cross River,Cross River,South South,FALSE,14555.625,NGN per refill,Average of Jul-24,FALSE,,12.5KG,2,LPG_July_2025.zip,GAS_PRICE_WATCH_JULY_2025.xlsx,LPG_JULY_2025,35,10,J35
2025-07-01,2024-07-01,12.5,STATE,Delta,Delta,Delta,South South,FALSE,13795,NGN per refill,Average of Jul-24,FALSE,,12.5KG,2,LPG_July_2025.zip,GAS_PRICE_WATCH_JULY_2025.xlsx,LPG_JULY_2025,36,10,J36
2025-07-01,2024-07-01,12.5,STATE,Ebonyi,Ebonyi,Ebonyi,South East,FALSE,14177.91796875,NGN per refill,Average of Jul-24,FALSE,,12.5KG,2,LPG_July_2025.zip,GAS_PRICE_WATCH_JULY_2025.xlsx,LPG_JULY_2025,29,10,J29
2025-07-01,2024-07-01,12.5,STATE,Edo,Edo,Edo,South South,FALSE,13971.666666666666,NGN per refill,Average of Jul-24,FALSE,,12.5KG,2,LPG_July_2025.zip,GAS_PRICE_WATCH_JULY_2025.xlsx,LPG_JULY_2025,37,10,J37
2025-07-01,2024-07-01,12.5,STATE,Ekiti,Ekiti,Ekiti,South West,FALSE,14379.6875,NGN per refill,Average of Jul-24,FALSE,,12.5KG,2,LPG_July_2025.zip,GAS_PRICE_WATCH_JULY_2025.xlsx,LPG_JULY_2025,40,10,J40
2025-07-01,2024-07-01,12.5,STATE,Enugu,Enugu,Enugu,South East,FALSE,13411.393310546875,NGN per refill,Average of Jul-24,FALSE,,12.5KG,2,LPG_July_2025.zip,GAS_PRICE_WATCH_JULY_2025.xlsx,LPG_JULY_2025,30,10,J30
2025-07-01,2024-07-01,12.5,STATE,Gombe,Gombe,Gombe,North East,FALSE,15872.222222222223,NGN per refill,Average of Jul-24,FALSE,,12.5KG,2,LPG_July_2025.zip,GAS_PRICE_WATCH_JULY_2025.xlsx,LPG_JULY_2025,15,10,J15
2025-07-01,2024-07-01,12.5,STATE,Imo,Imo,Imo,South East,FALSE,13608.088235294117,NGN per refill,Average of Jul-24,FALSE,,12.5KG,2,LPG_July_2025.zip,GAS_PRICE_WATCH_JULY_2025.xlsx,LPG_JULY_2025,31,10,J31
2025-07-01,2024-07-01,12.5,STATE,Jigawa,Jigawa,Jigawa,North West,FALSE,15400,NGN per refill,Average of Jul-24,FALSE,,12.5KG,2,LPG_July_2025.zip,GAS_PRICE_WATCH_JULY_2025.xlsx,LPG_JULY_2025,19,10,J19
2025-07-01,2024-07-01,12.5,STATE,Kaduna,Kaduna,Kaduna,North West,FALSE,14311.111111111111,NGN per refill,Average of Jul-24,FALSE,,12.5KG,2,LPG_July_2025.zip,GAS_PRICE_WATCH_JULY_2025.xlsx,LPG_JULY_2025,20,10,J20
2025-07-01,2024-07-01,12.5,STATE,Kano,Kano,Kano,North West,FALSE,14418.181818181818,NGN per refill,Average of Jul-24,FALSE,,12.5KG,2,LPG_July_2025.zip,GAS_PRICE_WATCH_JULY_2025.xlsx,LPG_JULY_2025,21,10,J21
2025-07-01,2024-07-01,12.5,STATE,Katsina,Katsina,Katsina,North West,FALSE,14505.555555555555,NGN per refill,Average of Jul-24,FALSE,,12.5KG,2,LPG_July_2025.zip,GAS_PRICE_WATCH_JULY_2025.xlsx,LPG_JULY_2025,22,10,J22
2025-07-01,2024-07-01,12.5,STATE,Kebbi,Taraba,Kebbi,North West,FALSE,14111.666666666666,NGN per refill,Average of Jul-24,FALSE,LPG_12_5KG_KEBBI_LABELLED_TARABA,12.5KG,2,LPG_July_2025.zip,GAS_PRICE_WATCH_JULY_2025.xlsx,LPG_JULY_2025,23,10,J23
2025-07-01,2024-07-01,12.5,STATE,Kogi,Kogi,Kogi,North Central,FALSE,13622.377371651786,NGN per refill,Average of Jul-24,FALSE,,12.5KG,2,LPG_July_2025.zip,GAS_PRICE_WATCH_JULY_2025.xlsx,LPG_JULY_2025,6,10,J6
2025-07-01,2024-07-01,12.5,STATE,Kwara,Kwara,Kwara,North Central,FALSE,13314.465087890625,NGN per refill,Average of Jul-24,FALSE,,12.5KG,2,LPG_July_2025.zip,GAS_PRICE_WATCH_JULY_2025.xlsx,LPG_JULY_2025,7,10,J7
2025-07-01,2024-07-01,12.5,STATE,Lagos,Lagos,Lagos,South West,FALSE,14408.333333333334,NGN per refill,Average of Jul-24,FALSE,,12.5KG,2,LPG_July_2025.zip,GAS_PRICE_WATCH_JULY_2025.xlsx,LPG_JULY_2025,41,10,J41
2025-07-01,2024-07-01,12.5,STATE,Nasarawa,Nasarawa,Nasarawa,North Central,FALSE,13413.8125,NGN per refill,Average of Jul-24,FALSE,,12.5KG,2,LPG_July_2025.zip,GAS_PRICE_WATCH_JULY_2025.xlsx,LPG_JULY_2025,8,10,J8
2025-07-01,2024-07-01,12.5,STATE,Niger,Niger,Niger,North Central,FALSE,13828.625,NGN per refill,Average of Jul-24,FALSE,,12.5KG,2,LPG_July_2025.zip,GAS_PRICE_WATCH_JULY_2025.xlsx,LPG_JULY_2025,9,10,J9
2025-07-01,2024-07-01,12.5,STATE,Ogun,Ogun,Ogun,South West,FALSE,14850,NGN per refill,Average of Jul-24,FALSE,,12.5KG,2,LPG_July_2025.zip,GAS_PRICE_WATCH_JULY_2025.xlsx,LPG_JULY_2025,42,10,J42
2025-07-01,2024-07-01,12.5,STATE,Ondo,Ondo,Ondo,South West,FALSE,14132.142857142857,NGN per refill,Average of Jul-24,FALSE,,12.5KG,2,LPG_July_2025.zip,GAS_PRICE_WATCH_JULY_2025.xlsx,LPG_JULY_2025,43,10,J43
2025-07-01,2024-07-01,12.5,STATE,Osun,Osun,Osun,South West,FALSE,13729.166666666666,NGN per refill,Average of Jul-24,FALSE,,12.5KG,2,LPG_July_2025.zip,GAS_PRICE_WATCH_JULY_2025.xlsx,LPG_JULY_2025,44,10,J44
2025-07-01,2024-07-01,12.5,STATE,Oyo,Oyo,Oyo,South West,FALSE,14304.166666666666,NGN per refill,Average of Jul-24,FALSE,,12.5KG,2,LPG_July_2025.zip,GAS_PRICE_WATCH_JULY_2025.xlsx,LPG_JULY_2025,45,10,J45
2025-07-01,2024-07-01,12.5,STATE,Plateau,Plateau,Plateau,North Central,FALSE,13675,NGN per refill,Average of Jul-24,FALSE,,12.5KG,2,LPG_July_2025.zip,GAS_PRICE_WATCH_JULY_2025.xlsx,LPG_JULY_2025,10,10,J10
2025-07-01,2024-07-01,12.5,STATE,Rivers,Rivers,Rivers,South South,FALSE,14232.916666666666,NGN per refill,Average of Jul-24,FALSE,,12.5KG,2,LPG_July_2025.zip,GAS_PRICE_WATCH_JULY_2025.xlsx,LPG_JULY_2025,38,10,J38
2025-07-01,2024-07-01,12.5,STATE,Sokoto,Sokoto,Sokoto,North West,FALSE,14375,NGN per refill,Average of Jul-24,FALSE,,12.5KG,2,LPG_July_2025.zip,GAS_PRICE_WATCH_JULY_2025.xlsx,LPG_JULY_2025,24,10,J24
2025-07-01,2024-07-01,12.5,STATE,Taraba,Taraba,Taraba,North East,FALSE,15625,NGN per refill,Average of Jul-24,FALSE,,12.5KG,2,LPG_July_2025.zip,GAS_PRICE_WATCH_JULY_2025.xlsx,LPG_JULY_2025,16,10,J16
2025-07-01,2024-07-01,12.5,STATE,Yobe,Yobe,Yobe,North East,FALSE,15823.3193359375,NGN per refill,Average of Jul-24,FALSE,,12.5KG,2,LPG_July_2025.zip,GAS_PRICE_WATCH_JULY_2025.xlsx,LPG_JULY_2025,17,10,J17
2025-07-01,2024-07-01,12.5,STATE,Zamfara,Zamfara,Zamfara,North West,FALSE,14062.5,NGN per refill,Average of Jul-24,FALSE,,12.5KG,2,LPG_July_2025.zip,GAS_PRICE_WATCH_JULY_2025.xlsx,LPG_JULY_2025,25,10,J25
2025-07-01,2024-07-01,12.5,ZONE,North Central,NORTH CENTRAL,,North Central,TRUE,13611.682851363203,NGN per refill,Average of Jul-24,FALSE,,12.5KG,2,LPG_July_2025.zip,GAS_PRICE_WATCH_JULY_2025.xlsx,LPG_JULY_2025,3,10,J3
2025-07-01,2024-07-01,12.5,ZONE,North East,NORTH EAST,,North East,TRUE,15075.160200169477,NGN per refill,Average of Jul-24,FALSE,,12.5KG,2,LPG_July_2025.zip,GAS_PRICE_WATCH_JULY_2025.xlsx,LPG_JULY_2025,11,10,J11
2025-07-01,2024-07-01,12.5,ZONE,North West,NORTH WEST,,North West,TRUE,14454.859307359307,NGN per refill,Average of Jul-24,FALSE,,12.5KG,2,LPG_July_2025.zip,GAS_PRICE_WATCH_JULY_2025.xlsx,LPG_JULY_2025,18,10,J18
2025-07-01,2024-07-01,12.5,ZONE,South East,SOUTH EAST,,South East,TRUE,13838.002220626531,NGN per refill,Average of Jul-24,FALSE,,12.5KG,2,LPG_July_2025.zip,GAS_PRICE_WATCH_JULY_2025.xlsx,LPG_JULY_2025,26,10,J26
2025-07-01,2024-07-01,12.5,ZONE,South South,SOUTH SOUTH,,South South,TRUE,14294.618055555557,NGN per refill,Average of Jul-24,FALSE,,12.5KG,2,LPG_July_2025.zip,GAS_PRICE_WATCH_JULY_2025.xlsx,LPG_JULY_2025,32,10,J32
2025-07-01,2024-07-01,12.5,ZONE,South West,SOUTH WEST,,South West,TRUE,14300.582837301588,NGN per refill,Average of Jul-24,FALSE,,12.5KG,2,LPG_July_2025.zip,GAS_PRICE_WATCH_JULY_2025.xlsx,LPG_JULY_2025,39,10,J39
2025-07-01,2024-07-01,12.5,NATIONAL,Nigeria,Average,,,TRUE,14261.566831685133,NGN per refill,Average of Jul-24,FALSE,,12.5KG,2,LPG_July_2025.zip,GAS_PRICE_WATCH_JULY_2025.xlsx,LPG_JULY_2025,46,10,J46
2025-07-01,2025-06-01,5.0,STATE,Abia,Abia,Abia,South East,FALSE,8663.718229178641,NGN per refill,Average of Jun-25,FALSE,,5KG,2,LPG_July_2025.zip,GAS_PRICE_WATCH_JULY_2025.xlsx,LPG_JULY_2025,27,3,C27
2025-07-01,2025-06-01,5.0,STATE,Abuja,Abuja,Abuja,North Central,FALSE,8120.862270608,NGN per refill,Average of Jun-25,FALSE,,5KG,2,LPG_July_2025.zip,GAS_PRICE_WATCH_JULY_2025.xlsx,LPG_JULY_2025,4,3,C4
2025-07-01,2025-06-01,5.0,STATE,Adamawa,Adamawa,Adamawa,North East,FALSE,9130.112729999999,NGN per refill,Average of Jun-25,FALSE,,5KG,2,LPG_July_2025.zip,GAS_PRICE_WATCH_JULY_2025.xlsx,LPG_JULY_2025,12,3,C12
2025-07-01,2025-06-01,5.0,STATE,Akwa Ibom,Akwa Ibom,Akwa Ibom,South South,FALSE,8389.66228865,NGN per refill,Average of Jun-25,FALSE,,5KG,2,LPG_July_2025.zip,GAS_PRICE_WATCH_JULY_2025.xlsx,LPG_JULY_2025,33,3,C33
2025-07-01,2025-06-01,5.0,STATE,Anambra,Anambra,Anambra,South East,FALSE,8622.16221876268,NGN per refill,Average of Jun-25,FALSE,,5KG,2,LPG_July_2025.zip,GAS_PRICE_WATCH_JULY_2025.xlsx,LPG_JULY_2025,28,3,C28
2025-07-01,2025-06-01,5.0,STATE,Bauchi,Bauchi,Bauchi,North East,FALSE,8223.2615125,NGN per refill,Average of Jun-25,FALSE,,5KG,2,LPG_July_2025.zip,GAS_PRICE_WATCH_JULY_2025.xlsx,LPG_JULY_2025,13,3,C13
2025-07-01,2025-06-01,5.0,STATE,Bayelsa,Bayelsa,Bayelsa,South South,FALSE,9048.809358,NGN per refill,Average of Jun-25,FALSE,,5KG,2,LPG_July_2025.zip,GAS_PRICE_WATCH_JULY_2025.xlsx,LPG_JULY_2025,34,3,C34
2025-07-01,2025-06-01,5.0,STATE,Benue,Benue,Benue,North Central,FALSE,8431.7839758154,NGN per refill,Average of Jun-25,FALSE,,5KG,2,LPG_July_2025.zip,GAS_PRICE_WATCH_JULY_2025.xlsx,LPG_JULY_2025,5,3,C5
2025-07-01,2025-06-01,5.0,STATE,Borno,Borno,Borno,North East,FALSE,8251.2019558,NGN per refill,Average of Jun-25,FALSE,,5KG,2,LPG_July_2025.zip,GAS_PRICE_WATCH_JULY_2025.xlsx,LPG_JULY_2025,14,3,C14
2025-07-01,2025-06-01,5.0,STATE,Cross River,Cross River,Cross River,South South,FALSE,9193.1564012,NGN per refill,Average of Jun-25,FALSE,,5KG,2,LPG_July_2025.zip,GAS_PRICE_WATCH_JULY_2025.xlsx,LPG_JULY_2025,35,3,C35
2025-07-01,2025-06-01,5.0,STATE,Delta,Delta,Delta,South South,FALSE,9243.3766144,NGN per refill,Average of Jun-25,FALSE,,5KG,2,LPG_July_2025.zip,GAS_PRICE_WATCH_JULY_2025.xlsx,LPG_JULY_2025,36,3,C36
2025-07-01,2025-06-01,5.0,STATE,Ebonyi,Ebonyi,Ebonyi,South East,FALSE,9040.10507565068,NGN per refill,Average of Jun-25,FALSE,,5KG,2,LPG_July_2025.zip,GAS_PRICE_WATCH_JULY_2025.xlsx,LPG_JULY_2025,29,3,C29
2025-07-01,2025-06-01,5.0,STATE,Edo,Edo,Edo,South South,FALSE,8166.2759834666795,NGN per refill,Average of Jun-25,FALSE,,5KG,2,LPG_July_2025.zip,GAS_PRICE_WATCH_JULY_2025.xlsx,LPG_JULY_2025,37,3,C37
2025-07-01,2025-06-01,5.0,STATE,Ekiti,Ekiti,Ekiti,South West,FALSE,8203.662818833998,NGN per refill,Average of Jun-25,FALSE,,5KG,2,LPG_July_2025.zip,GAS_PRICE_WATCH_JULY_2025.xlsx,LPG_JULY_2025,40,3,C40
2025-07-01,2025-06-01,5.0,STATE,Enugu,Enugu,Enugu,South East,FALSE,8276.60794835,NGN per refill,Average of Jun-25,FALSE,,5KG,2,LPG_July_2025.zip,GAS_PRICE_WATCH_JULY_2025.xlsx,LPG_JULY_2025,30,3,C30
2025-07-01,2025-06-01,5.0,STATE,Gombe,Gombe,Gombe,North East,FALSE,8320.011942849,NGN per refill,Average of Jun-25,FALSE,,5KG,2,LPG_July_2025.zip,GAS_PRICE_WATCH_JULY_2025.xlsx,LPG_JULY_2025,15,3,C15
2025-07-01,2025-06-01,5.0,STATE,Imo,Imo,Imo,South East,FALSE,8645.13565948,NGN per refill,Average of Jun-25,FALSE,,5KG,2,LPG_July_2025.zip,GAS_PRICE_WATCH_JULY_2025.xlsx,LPG_JULY_2025,31,3,C31
2025-07-01,2025-06-01,5.0,STATE,Jigawa,Jigawa,Jigawa,North West,FALSE,8010.376366944439,NGN per refill,Average of Jun-25,FALSE,,5KG,2,LPG_July_2025.zip,GAS_PRICE_WATCH_JULY_2025.xlsx,LPG_JULY_2025,19,3,C19
2025-07-01,2025-06-01,5.0,STATE,Kaduna,Kaduna,Kaduna,North West,FALSE,8399.52549412,NGN per refill,Average of Jun-25,FALSE,,5KG,2,LPG_July_2025.zip,GAS_PRICE_WATCH_JULY_2025.xlsx,LPG_JULY_2025,20,3,C20
2025-07-01,2025-06-01,5.0,STATE,Kano,Kano,Kano,North West,FALSE,8025.72583408,NGN per refill,Average of Jun-25,FALSE,,5KG,2,LPG_July_2025.zip,GAS_PRICE_WATCH_JULY_2025.xlsx,LPG_JULY_2025,21,3,C21
2025-07-01,2025-06-01,5.0,STATE,Katsina,Katsina,Katsina,North West,FALSE,8067.502935,NGN per refill,Average of Jun-25,FALSE,,5KG,2,LPG_July_2025.zip,GAS_PRICE_WATCH_JULY_2025.xlsx,LPG_JULY_2025,22,3,C22
2025-07-01,2025-06-01,5.0,STATE,Kebbi,Kebbi,Kebbi,North West,FALSE,8014.44646902856,NGN per refill,Average of Jun-25,FALSE,,5KG,2,LPG_July_2025.zip,GAS_PRICE_WATCH_JULY_2025.xlsx,LPG_JULY_2025,23,3,C23
2025-07-01,2025-06-01,5.0,STATE,Kogi,Kogi,Kogi,North Central,FALSE,8306.0104,NGN per refill,Average of Jun-25,FALSE,,5KG,2,LPG_July_2025.zip,GAS_PRICE_WATCH_JULY_2025.xlsx,LPG_JULY_2025,6,3,C6
2025-07-01,2025-06-01,5.0,STATE,Kwara,Kwara,Kwara,North Central,FALSE,8378.58430224912,NGN per refill,Average of Jun-25,FALSE,,5KG,2,LPG_July_2025.zip,GAS_PRICE_WATCH_JULY_2025.xlsx,LPG_JULY_2025,7,3,C7
2025-07-01,2025-06-01,5.0,STATE,Lagos,Lagos,Lagos,South West,FALSE,8007.7097696,NGN per refill,Average of Jun-25,FALSE,,5KG,2,LPG_July_2025.zip,GAS_PRICE_WATCH_JULY_2025.xlsx,LPG_JULY_2025,41,3,C41
2025-07-01,2025-06-01,5.0,STATE,Nasarawa,Nasarawa,Nasarawa,North Central,FALSE,8376.10272459588,NGN per refill,Average of Jun-25,FALSE,,5KG,2,LPG_July_2025.zip,GAS_PRICE_WATCH_JULY_2025.xlsx,LPG_JULY_2025,8,3,C8
2025-07-01,2025-06-01,5.0,STATE,Niger,Niger,Niger,North Central,FALSE,7696.99150977112,NGN per refill,Average of Jun-25,FALSE,,5KG,2,LPG_July_2025.zip,GAS_PRICE_WATCH_JULY_2025.xlsx,LPG_JULY_2025,9,3,C9
2025-07-01,2025-06-01,5.0,STATE,Ogun,Ogun,Ogun,South West,FALSE,8176.8576775,NGN per refill,Average of Jun-25,FALSE,,5KG,2,LPG_July_2025.zip,GAS_PRICE_WATCH_JULY_2025.xlsx,LPG_JULY_2025,42,3,C42
2025-07-01,2025-06-01,5.0,STATE,Ondo,Ondo,Ondo,South West,FALSE,8216.0692068,NGN per refill,Average of Jun-25,FALSE,,5KG,2,LPG_July_2025.zip,GAS_PRICE_WATCH_JULY_2025.xlsx,LPG_JULY_2025,43,3,C43
2025-07-01,2025-06-01,5.0,STATE,Osun,Osun,Osun,South West,FALSE,8058.2151476,NGN per refill,Average of Jun-25,FALSE,,5KG,2,LPG_July_2025.zip,GAS_PRICE_WATCH_JULY_2025.xlsx,LPG_JULY_2025,44,3,C44
2025-07-01,2025-06-01,5.0,STATE,Oyo,Oyo,Oyo,South West,FALSE,7100,NGN per refill,Average of Jun-25,FALSE,,5KG,2,LPG_July_2025.zip,GAS_PRICE_WATCH_JULY_2025.xlsx,LPG_JULY_2025,45,3,C45
2025-07-01,2025-06-01,5.0,STATE,Plateau,Plateau,Plateau,North Central,FALSE,7200,NGN per refill,Average of Jun-25,FALSE,,5KG,2,LPG_July_2025.zip,GAS_PRICE_WATCH_JULY_2025.xlsx,LPG_JULY_2025,10,3,C10
2025-07-01,2025-06-01,5.0,STATE,Rivers,Rivers,Rivers,South South,FALSE,9188.50947235,NGN per refill,Average of Jun-25,FALSE,,5KG,2,LPG_July_2025.zip,GAS_PRICE_WATCH_JULY_2025.xlsx,LPG_JULY_2025,38,3,C38
2025-07-01,2025-06-01,5.0,STATE,Sokoto,Sokoto,Sokoto,North West,FALSE,8169.734665000001,NGN per refill,Average of Jun-25,FALSE,,5KG,2,LPG_July_2025.zip,GAS_PRICE_WATCH_JULY_2025.xlsx,LPG_JULY_2025,24,3,C24
2025-07-01,2025-06-01,5.0,STATE,Taraba,Taraba,Taraba,North East,FALSE,9003.75917468752,NGN per refill,Average of Jun-25,FALSE,,5KG,2,LPG_July_2025.zip,GAS_PRICE_WATCH_JULY_2025.xlsx,LPG_JULY_2025,16,3,C16
2025-07-01,2025-06-01,5.0,STATE,Yobe,Yobe,Yobe,North East,FALSE,7600,NGN per refill,Average of Jun-25,FALSE,,5KG,2,LPG_July_2025.zip,GAS_PRICE_WATCH_JULY_2025.xlsx,LPG_JULY_2025,17,3,C17
2025-07-01,2025-06-01,5.0,STATE,Zamfara,Zamfara,Zamfara,North West,FALSE,8020.22270176,NGN per refill,Average of Jun-25,FALSE,,5KG,2,LPG_July_2025.zip,GAS_PRICE_WATCH_JULY_2025.xlsx,LPG_JULY_2025,25,3,C25
2025-07-01,2025-06-01,5.0,ZONE,North Central,NORTH CENTRAL,,North Central,TRUE,8072.905026148504,NGN per refill,Average of Jun-25,FALSE,,5KG,2,LPG_July_2025.zip,GAS_PRICE_WATCH_JULY_2025.xlsx,LPG_JULY_2025,3,3,C3
2025-07-01,2025-06-01,5.0,ZONE,North East,NORTH EAST,,North East,TRUE,8421.391219306086,NGN per refill,Average of Jun-25,FALSE,,5KG,2,LPG_July_2025.zip,GAS_PRICE_WATCH_JULY_2025.xlsx,LPG_JULY_2025,11,3,C11
2025-07-01,2025-06-01,5.0,ZONE,North West,NORTH WEST,,North West,TRUE,8101.076352276143,NGN per refill,Average of Jun-25,FALSE,,5KG,2,LPG_July_2025.zip,GAS_PRICE_WATCH_JULY_2025.xlsx,LPG_JULY_2025,18,3,C18
2025-07-01,2025-06-01,5.0,ZONE,South East,SOUTH EAST,,South East,TRUE,8649.5458262844,NGN per refill,Average of Jun-25,FALSE,,5KG,2,LPG_July_2025.zip,GAS_PRICE_WATCH_JULY_2025.xlsx,LPG_JULY_2025,26,3,C26
2025-07-01,2025-06-01,5.0,ZONE,South South,SOUTH SOUTH,,South South,TRUE,8871.631686344448,NGN per refill,Average of Jun-25,FALSE,,5KG,2,LPG_July_2025.zip,GAS_PRICE_WATCH_JULY_2025.xlsx,LPG_JULY_2025,32,3,C32
2025-07-01,2025-06-01,5.0,ZONE,South West,SOUTH WEST,,South West,TRUE,7960.419103388999,NGN per refill,Average of Jun-25,FALSE,,5KG,2,LPG_July_2025.zip,GAS_PRICE_WATCH_JULY_2025.xlsx,LPG_JULY_2025,39,3,C39
2025-07-01,2025-06-01,5.0,NATIONAL,Nigeria,Average,,,TRUE,8323.952725260317,NGN per refill,Average of Jun-25,FALSE,,5KG,2,LPG_July_2025.zip,GAS_PRICE_WATCH_JULY_2025.xlsx,LPG_JULY_2025,46,3,C46
2025-07-01,2025-06-01,12.5,STATE,Abia,Abia,Abia,South East,FALSE,21659.2955729466,NGN per refill,Average of Jun-25,FALSE,,12.5KG,2,LPG_July_2025.zip,GAS_PRICE_WATCH_JULY_2025.xlsx,LPG_JULY_2025,27,11,K27
2025-07-01,2025-06-01,12.5,STATE,Abuja,Abuja,Abuja,North Central,FALSE,20302.15567652,NGN per refill,Average of Jun-25,FALSE,,12.5KG,2,LPG_July_2025.zip,GAS_PRICE_WATCH_JULY_2025.xlsx,LPG_JULY_2025,4,11,K4
2025-07-01,2025-06-01,12.5,STATE,Adamawa,Adamawa,Adamawa,North East,FALSE,22825.281825,NGN per refill,Average of Jun-25,FALSE,,12.5KG,2,LPG_July_2025.zip,GAS_PRICE_WATCH_JULY_2025.xlsx,LPG_JULY_2025,12,11,K12
2025-07-01,2025-06-01,12.5,STATE,Akwa Ibom,Akwa Ibom,Akwa Ibom,South South,FALSE,20974.155721625,NGN per refill,Average of Jun-25,FALSE,,12.5KG,2,LPG_July_2025.zip,GAS_PRICE_WATCH_JULY_2025.xlsx,LPG_JULY_2025,33,11,K33
2025-07-01,2025-06-01,12.5,STATE,Anambra,Anambra,Anambra,South East,FALSE,21555.4055469067,NGN per refill,Average of Jun-25,FALSE,,12.5KG,2,LPG_July_2025.zip,GAS_PRICE_WATCH_JULY_2025.xlsx,LPG_JULY_2025,28,11,K28
2025-07-01,2025-06-01,12.5,STATE,Bauchi,Bauchi,Bauchi,North East,FALSE,20558.15378125,NGN per refill,Average of Jun-25,FALSE,,12.5KG,2,LPG_July_2025.zip,GAS_PRICE_WATCH_JULY_2025.xlsx,LPG_JULY_2025,13,11,K13
2025-07-01,2025-06-01,12.5,STATE,Bayelsa,Bayelsa,Bayelsa,South South,FALSE,22622.023395,NGN per refill,Average of Jun-25,FALSE,,12.5KG,2,LPG_July_2025.zip,GAS_PRICE_WATCH_JULY_2025.xlsx,LPG_JULY_2025,34,11,K34
2025-07-01,2025-06-01,12.5,STATE,Benue,Benue,Benue,North Central,FALSE,21079.4599395385,NGN per refill,Average of Jun-25,FALSE,,12.5KG,2,LPG_July_2025.zip,GAS_PRICE_WATCH_JULY_2025.xlsx,LPG_JULY_2025,5,11,K5
2025-07-01,2025-06-01,12.5,STATE,Borno,Borno,Borno,North East,FALSE,20628.0048895,NGN per refill,Average of Jun-25,FALSE,,12.5KG,2,LPG_July_2025.zip,GAS_PRICE_WATCH_JULY_2025.xlsx,LPG_JULY_2025,14,11,K14
2025-07-01,2025-06-01,12.5,STATE,Cross River,Cross River,Cross River,South South,FALSE,22982.891003,NGN per refill,Average of Jun-25,FALSE,,12.5KG,2,LPG_July_2025.zip,GAS_PRICE_WATCH_JULY_2025.xlsx,LPG_JULY_2025,35,11,K35
2025-07-01,2025-06-01,12.5,STATE,Delta,Delta,Delta,South South,FALSE,23108.441536,NGN per refill,Average of Jun-25,FALSE,,12.5KG,2,LPG_July_2025.zip,GAS_PRICE_WATCH_JULY_2025.xlsx,LPG_JULY_2025,36,11,K36
2025-07-01,2025-06-01,12.5,STATE,Ebonyi,Ebonyi,Ebonyi,South East,FALSE,22600.2626891267,NGN per refill,Average of Jun-25,FALSE,,12.5KG,2,LPG_July_2025.zip,GAS_PRICE_WATCH_JULY_2025.xlsx,LPG_JULY_2025,29,11,K29
2025-07-01,2025-06-01,12.5,STATE,Edo,Edo,Edo,South South,FALSE,20415.6899586667,NGN per refill,Average of Jun-25,FALSE,,12.5KG,2,LPG_July_2025.zip,GAS_PRICE_WATCH_JULY_2025.xlsx,LPG_JULY_2025,37,11,K37
2025-07-01,2025-06-01,12.5,STATE,Ekiti,Ekiti,Ekiti,South West,FALSE,20509.157047085,NGN per refill,Average of Jun-25,FALSE,,12.5KG,2,LPG_July_2025.zip,GAS_PRICE_WATCH_JULY_2025.xlsx,LPG_JULY_2025,40,11,K40
2025-07-01,2025-06-01,12.5,STATE,Enugu,Enugu,Enugu,South East,FALSE,20691.519870875,NGN per refill,Average of Jun-25,FALSE,,12.5KG,2,LPG_July_2025.zip,GAS_PRICE_WATCH_JULY_2025.xlsx,LPG_JULY_2025,30,11,K30
2025-07-01,2025-06-01,12.5,STATE,Gombe,Gombe,Gombe,North East,FALSE,20800.0298571225,NGN per refill,Average of Jun-25,FALSE,,12.5KG,2,LPG_July_2025.zip,GAS_PRICE_WATCH_JULY_2025.xlsx,LPG_JULY_2025,15,11,K15
2025-07-01,2025-06-01,12.5,STATE,Imo,Imo,Imo,South East,FALSE,21612.8391487,NGN per refill,Average of Jun-25,FALSE,,12.5KG,2,LPG_July_2025.zip,GAS_PRICE_WATCH_JULY_2025.xlsx,LPG_JULY_2025,31,11,K31
2025-07-01,2025-06-01,12.5,STATE,Jigawa,Jigawa,Jigawa,North West,FALSE,20025.9409173611,NGN per refill,Average of Jun-25,FALSE,,12.5KG,2,LPG_July_2025.zip,GAS_PRICE_WATCH_JULY_2025.xlsx,LPG_JULY_2025,19,11,K19
2025-07-01,2025-06-01,12.5,STATE,Kaduna,Kaduna,Kaduna,North West,FALSE,20998.8137353,NGN per refill,Average of Jun-25,FALSE,,12.5KG,2,LPG_July_2025.zip,GAS_PRICE_WATCH_JULY_2025.xlsx,LPG_JULY_2025,20,11,K20
2025-07-01,2025-06-01,12.5,STATE,Kano,Kano,Kano,North West,FALSE,20064.3145852,NGN per refill,Average of Jun-25,FALSE,,12.5KG,2,LPG_July_2025.zip,GAS_PRICE_WATCH_JULY_2025.xlsx,LPG_JULY_2025,21,11,K21
2025-07-01,2025-06-01,12.5,STATE,Katsina,Katsina,Katsina,North West,FALSE,20168.7573375,NGN per refill,Average of Jun-25,FALSE,,12.5KG,2,LPG_July_2025.zip,GAS_PRICE_WATCH_JULY_2025.xlsx,LPG_JULY_2025,22,11,K22
2025-07-01,2025-06-01,12.5,STATE,Kebbi,Taraba,Kebbi,North West,FALSE,20036.1161725714,NGN per refill,Average of Jun-25,FALSE,LPG_12_5KG_KEBBI_LABELLED_TARABA,12.5KG,2,LPG_July_2025.zip,GAS_PRICE_WATCH_JULY_2025.xlsx,LPG_JULY_2025,23,11,K23
2025-07-01,2025-06-01,12.5,STATE,Kogi,Kogi,Kogi,North Central,FALSE,20765.026,NGN per refill,Average of Jun-25,FALSE,,12.5KG,2,LPG_July_2025.zip,GAS_PRICE_WATCH_JULY_2025.xlsx,LPG_JULY_2025,6,11,K6
2025-07-01,2025-06-01,12.5,STATE,Kwara,Kwara,Kwara,North Central,FALSE,20946.4607556228,NGN per refill,Average of Jun-25,FALSE,,12.5KG,2,LPG_July_2025.zip,GAS_PRICE_WATCH_JULY_2025.xlsx,LPG_JULY_2025,7,11,K7
2025-07-01,2025-06-01,12.5,STATE,Lagos,Lagos,Lagos,South West,FALSE,20719.274424,NGN per refill,Average of Jun-25,FALSE,,12.5KG,2,LPG_July_2025.zip,GAS_PRICE_WATCH_JULY_2025.xlsx,LPG_JULY_2025,41,11,K41
2025-07-01,2025-06-01,12.5,STATE,Nasarawa,Nasarawa,Nasarawa,North Central,FALSE,20940.2568114897,NGN per refill,Average of Jun-25,FALSE,,12.5KG,2,LPG_July_2025.zip,GAS_PRICE_WATCH_JULY_2025.xlsx,LPG_JULY_2025,8,11,K8
2025-07-01,2025-06-01,12.5,STATE,Niger,Niger,Niger,North Central,FALSE,19242.4787744278,NGN per refill,Average of Jun-25,FALSE,,12.5KG,2,LPG_July_2025.zip,GAS_PRICE_WATCH_JULY_2025.xlsx,LPG_JULY_2025,9,11,K9
2025-07-01,2025-06-01,12.5,STATE,Ogun,Ogun,Ogun,South West,FALSE,20442.14419375,NGN per refill,Average of Jun-25,FALSE,,12.5KG,2,LPG_July_2025.zip,GAS_PRICE_WATCH_JULY_2025.xlsx,LPG_JULY_2025,42,11,K42
2025-07-01,2025-06-01,12.5,STATE,Ondo,Ondo,Ondo,South West,FALSE,20540.173017,NGN per refill,Average of Jun-25,FALSE,,12.5KG,2,LPG_July_2025.zip,GAS_PRICE_WATCH_JULY_2025.xlsx,LPG_JULY_2025,43,11,K43
2025-07-01,2025-06-01,12.5,STATE,Osun,Osun,Osun,South West,FALSE,20145.537869,NGN per refill,Average of Jun-25,FALSE,,12.5KG,2,LPG_July_2025.zip,GAS_PRICE_WATCH_JULY_2025.xlsx,LPG_JULY_2025,44,11,K44
2025-07-01,2025-06-01,12.5,STATE,Oyo,Oyo,Oyo,South West,FALSE,20058.2248657857,NGN per refill,Average of Jun-25,FALSE,,12.5KG,2,LPG_July_2025.zip,GAS_PRICE_WATCH_JULY_2025.xlsx,LPG_JULY_2025,45,11,K45
2025-07-01,2025-06-01,12.5,STATE,Plateau,Plateau,Plateau,North Central,FALSE,20166.7812540983,NGN per refill,Average of Jun-25,FALSE,,12.5KG,2,LPG_July_2025.zip,GAS_PRICE_WATCH_JULY_2025.xlsx,LPG_JULY_2025,10,11,K10
2025-07-01,2025-06-01,12.5,STATE,Rivers,Rivers,Rivers,South South,FALSE,22971.273680875,NGN per refill,Average of Jun-25,FALSE,,12.5KG,2,LPG_July_2025.zip,GAS_PRICE_WATCH_JULY_2025.xlsx,LPG_JULY_2025,38,11,K38
2025-07-01,2025-06-01,12.5,STATE,Sokoto,Sokoto,Sokoto,North West,FALSE,20424.3366625,NGN per refill,Average of Jun-25,FALSE,,12.5KG,2,LPG_July_2025.zip,GAS_PRICE_WATCH_JULY_2025.xlsx,LPG_JULY_2025,24,11,K24
2025-07-01,2025-06-01,12.5,STATE,Taraba,Taraba,Taraba,North East,FALSE,22509.3979367188,NGN per refill,Average of Jun-25,FALSE,,12.5KG,2,LPG_July_2025.zip,GAS_PRICE_WATCH_JULY_2025.xlsx,LPG_JULY_2025,16,11,K16
2025-07-01,2025-06-01,12.5,STATE,Yobe,Yobe,Yobe,North East,FALSE,19000,NGN per refill,Average of Jun-25,FALSE,,12.5KG,2,LPG_July_2025.zip,GAS_PRICE_WATCH_JULY_2025.xlsx,LPG_JULY_2025,17,11,K17
2025-07-01,2025-06-01,12.5,STATE,Zamfara,Zamfara,Zamfara,North West,FALSE,22300.556754400004,NGN per refill,Average of Jun-25,FALSE,,12.5KG,2,LPG_July_2025.zip,GAS_PRICE_WATCH_JULY_2025.xlsx,LPG_JULY_2025,25,11,K25
2025-07-01,2025-06-01,12.5,ZONE,North Central,NORTH CENTRAL,,North Central,TRUE,20491.80274452816,NGN per refill,Average of Jun-25,FALSE,,12.5KG,2,LPG_July_2025.zip,GAS_PRICE_WATCH_JULY_2025.xlsx,LPG_JULY_2025,3,11,K3
2025-07-01,2025-06-01,12.5,ZONE,North East,NORTH EAST,,North East,TRUE,21053.478048265217,NGN per refill,Average of Jun-25,FALSE,,12.5KG,2,LPG_July_2025.zip,GAS_PRICE_WATCH_JULY_2025.xlsx,LPG_JULY_2025,11,11,K11
2025-07-01,2025-06-01,12.5,ZONE,North West,NORTH WEST,,North West,TRUE,20574.11945211893,NGN per refill,Average of Jun-25,FALSE,,12.5KG,2,LPG_July_2025.zip,GAS_PRICE_WATCH_JULY_2025.xlsx,LPG_JULY_2025,18,11,K18
2025-07-01,2025-06-01,12.5,ZONE,South East,SOUTH EAST,,South East,TRUE,21623.864565711,NGN per refill,Average of Jun-25,FALSE,,12.5KG,2,LPG_July_2025.zip,GAS_PRICE_WATCH_JULY_2025.xlsx,LPG_JULY_2025,26,11,K26
2025-07-01,2025-06-01,12.5,ZONE,South South,SOUTH SOUTH,,South South,TRUE,22179.079215861115,NGN per refill,Average of Jun-25,FALSE,,12.5KG,2,LPG_July_2025.zip,GAS_PRICE_WATCH_JULY_2025.xlsx,LPG_JULY_2025,32,11,K32
2025-07-01,2025-06-01,12.5,ZONE,South West,SOUTH WEST,,South West,TRUE,20402.418569436784,NGN per refill,Average of Jun-25,FALSE,,12.5KG,2,LPG_July_2025.zip,GAS_PRICE_WATCH_JULY_2025.xlsx,LPG_JULY_2025,39,11,K39
2025-07-01,2025-06-01,12.5,NATIONAL,Nigeria,Average,,,TRUE,21010.55765422873,NGN per refill,Average of Jun-25,FALSE,,12.5KG,2,LPG_July_2025.zip,GAS_PRICE_WATCH_JULY_2025.xlsx,LPG_JULY_2025,46,11,K46
2025-07-01,2025-07-01,5.0,STATE,Abia,Abia,Abia,South East,FALSE,8400,NGN per refill,Average of Jul-25,TRUE,,5KG,2,LPG_July_2025.zip,GAS_PRICE_WATCH_JULY_2025.xlsx,LPG_JULY_2025,27,4,D27
2025-07-01,2025-07-01,5.0,STATE,Abuja,Abuja,Abuja,North Central,FALSE,8040,NGN per refill,Average of Jul-25,TRUE,,5KG,2,LPG_July_2025.zip,GAS_PRICE_WATCH_JULY_2025.xlsx,LPG_JULY_2025,4,4,D4
2025-07-01,2025-07-01,5.0,STATE,Adamawa,Adamawa,Adamawa,North East,FALSE,9011.35651739332,NGN per refill,Average of Jul-25,TRUE,,5KG,2,LPG_July_2025.zip,GAS_PRICE_WATCH_JULY_2025.xlsx,LPG_JULY_2025,12,4,D12
2025-07-01,2025-07-01,5.0,STATE,Akwa Ibom,Akwa Ibom,Akwa Ibom,South South,FALSE,8228.113460214361,NGN per refill,Average of Jul-25,TRUE,,5KG,2,LPG_July_2025.zip,GAS_PRICE_WATCH_JULY_2025.xlsx,LPG_JULY_2025,33,4,D33
2025-07-01,2025-07-01,5.0,STATE,Anambra,Anambra,Anambra,South East,FALSE,8524.43689356568,NGN per refill,Average of Jul-25,TRUE,,5KG,2,LPG_July_2025.zip,GAS_PRICE_WATCH_JULY_2025.xlsx,LPG_JULY_2025,28,4,D28
2025-07-01,2025-07-01,5.0,STATE,Bauchi,Bauchi,Bauchi,North East,FALSE,8045.179527837519,NGN per refill,Average of Jul-25,TRUE,,5KG,2,LPG_July_2025.zip,GAS_PRICE_WATCH_JULY_2025.xlsx,LPG_JULY_2025,13,4,D13
2025-07-01,2025-07-01,5.0,STATE,Bayelsa,Bayelsa,Bayelsa,South South,FALSE,8905.5813036,NGN per refill,Average of Jul-25,TRUE,,5KG,2,LPG_July_2025.zip,GAS_PRICE_WATCH_JULY_2025.xlsx,LPG_JULY_2025,34,4,D34
2025-07-01,2025-07-01,5.0,STATE,Benue,Benue,Benue,North Central,FALSE,8402.60447383536,NGN per refill,Average of Jul-25,TRUE,,5KG,2,LPG_July_2025.zip,GAS_PRICE_WATCH_JULY_2025.xlsx,LPG_JULY_2025,5,4,D5
2025-07-01,2025-07-01,5.0,STATE,Borno,Borno,Borno,North East,FALSE,8046.330703322481,NGN per refill,Average of Jul-25,TRUE,,5KG,2,LPG_July_2025.zip,GAS_PRICE_WATCH_JULY_2025.xlsx,LPG_JULY_2025,14,4,D14
2025-07-01,2025-07-01,5.0,STATE,Cross River,Cross River,Cross River,South South,FALSE,8806.73443211924,NGN per refill,Average of Jul-25,TRUE,,5KG,2,LPG_July_2025.zip,GAS_PRICE_WATCH_JULY_2025.xlsx,LPG_JULY_2025,35,4,D35
2025-07-01,2025-07-01,5.0,STATE,Delta,Delta,Delta,South South,FALSE,8096.204307200001,NGN per refill,Average of Jul-25,TRUE,,5KG,2,LPG_July_2025.zip,GAS_PRICE_WATCH_JULY_2025.xlsx,LPG_JULY_2025,36,4,D36
2025-07-01,2025-07-01,5.0,STATE,Ebonyi,Ebonyi,Ebonyi,South East,FALSE,8508.74552656048,NGN per refill,Average of Jul-25,TRUE,,5KG,2,LPG_July_2025.zip,GAS_PRICE_WATCH_JULY_2025.xlsx,LPG_JULY_2025,29,4,D29
2025-07-01,2025-07-01,5.0,STATE,Edo,Edo,Edo,South South,FALSE,8025.914380501,NGN per refill,Average of Jul-25,TRUE,,5KG,2,LPG_July_2025.zip,GAS_PRICE_WATCH_JULY_2025.xlsx,LPG_JULY_2025,37,4,D37
2025-07-01,2025-07-01,5.0,STATE,Ekiti,Ekiti,Ekiti,South West,FALSE,8116.71553538696,NGN per refill,Average of Jul-25,TRUE,,5KG,2,LPG_July_2025.zip,GAS_PRICE_WATCH_JULY_2025.xlsx,LPG_JULY_2025,40,4,D40
2025-07-01,2025-07-01,5.0,STATE,Enugu,Enugu,Enugu,South East,FALSE,8146.99085209336,NGN per refill,Average of Jul-25,TRUE,,5KG,2,LPG_July_2025.zip,GAS_PRICE_WATCH_JULY_2025.xlsx,LPG_JULY_2025,30,4,D30
2025-07-01,2025-07-01,5.0,STATE,Gombe,Gombe,Gombe,North East,FALSE,8051.277159832881,NGN per refill,Average of Jul-25,TRUE,,5KG,2,LPG_July_2025.zip,GAS_PRICE_WATCH_JULY_2025.xlsx,LPG_JULY_2025,15,4,D15
2025-07-01,2025-07-01,5.0,STATE,Imo,Imo,Imo,South East,FALSE,8025.60371174368,NGN per refill,Average of Jul-25,TRUE,,5KG,2,LPG_July_2025.zip,GAS_PRICE_WATCH_JULY_2025.xlsx,LPG_JULY_2025,31,4,D31
2025-07-01,2025-07-01,5.0,STATE,Jigawa,Jigawa,Jigawa,North West,FALSE,8010.67731469496,NGN per refill,Average of Jul-25,TRUE,,5KG,2,LPG_July_2025.zip,GAS_PRICE_WATCH_JULY_2025.xlsx,LPG_JULY_2025,19,4,D19
2025-07-01,2025-07-01,5.0,STATE,Kaduna,Kaduna,Kaduna,North West,FALSE,8264.742867059998,NGN per refill,Average of Jul-25,TRUE,,5KG,2,LPG_July_2025.zip,GAS_PRICE_WATCH_JULY_2025.xlsx,LPG_JULY_2025,20,4,D20
2025-07-01,2025-07-01,5.0,STATE,Kano,Kano,Kano,North West,FALSE,8770.33069419064,NGN per refill,Average of Jul-25,TRUE,,5KG,2,LPG_July_2025.zip,GAS_PRICE_WATCH_JULY_2025.xlsx,LPG_JULY_2025,21,4,D21
2025-07-01,2025-07-01,5.0,STATE,Katsina,Katsina,Katsina,North West,FALSE,8020.086163059159,NGN per refill,Average of Jul-25,TRUE,,5KG,2,LPG_July_2025.zip,GAS_PRICE_WATCH_JULY_2025.xlsx,LPG_JULY_2025,22,4,D22
2025-07-01,2025-07-01,5.0,STATE,Kebbi,Kebbi,Kebbi,North West,FALSE,8008.433369092159,NGN per refill,Average of Jul-25,TRUE,,5KG,2,LPG_July_2025.zip,GAS_PRICE_WATCH_JULY_2025.xlsx,LPG_JULY_2025,23,4,D23
2025-07-01,2025-07-01,5.0,STATE,Kogi,Kogi,Kogi,North Central,FALSE,8222.0072112,NGN per refill,Average of Jul-25,TRUE,,5KG,2,LPG_July_2025.zip,GAS_PRICE_WATCH_JULY_2025.xlsx,LPG_JULY_2025,6,4,D6
2025-07-01,2025-07-01,5.0,STATE,Kwara,Kwara,Kwara,North Central,FALSE,8170.00790862528,NGN per refill,Average of Jul-25,TRUE,,5KG,2,LPG_July_2025.zip,GAS_PRICE_WATCH_JULY_2025.xlsx,LPG_JULY_2025,7,4,D7
2025-07-01,2025-07-01,5.0,STATE,Lagos,Lagos,Lagos,South West,FALSE,8119.301959640001,NGN per refill,Average of Jul-25,TRUE,,5KG,2,LPG_July_2025.zip,GAS_PRICE_WATCH_JULY_2025.xlsx,LPG_JULY_2025,41,4,D41
2025-07-01,2025-07-01,5.0,STATE,Nasarawa,Nasarawa,Nasarawa,North Central,FALSE,8000.248145411279,NGN per refill,Average of Jul-25,TRUE,,5KG,2,LPG_July_2025.zip,GAS_PRICE_WATCH_JULY_2025.xlsx,LPG_JULY_2025,8,4,D8
2025-07-01,2025-07-01,5.0,STATE,Niger,Niger,Niger,North Central,FALSE,7661.996546804559,NGN per refill,Average of Jul-25,TRUE,,5KG,2,LPG_July_2025.zip,GAS_PRICE_WATCH_JULY_2025.xlsx,LPG_JULY_2025,9,4,D9
2025-07-01,2025-07-01,5.0,STATE,Ogun,Ogun,Ogun,South West,FALSE,8133.09123749188,NGN per refill,Average of Jul-25,TRUE,,5KG,2,LPG_July_2025.zip,GAS_PRICE_WATCH_JULY_2025.xlsx,LPG_JULY_2025,42,4,D42
2025-07-01,2025-07-01,5.0,STATE,Ondo,Ondo,Ondo,South West,FALSE,8047.42680366732,NGN per refill,Average of Jul-25,TRUE,,5KG,2,LPG_July_2025.zip,GAS_PRICE_WATCH_JULY_2025.xlsx,LPG_JULY_2025,43,4,D43
2025-07-01,2025-07-01,5.0,STATE,Osun,Osun,Osun,South West,FALSE,8020.3250354599995,NGN per refill,Average of Jul-25,TRUE,,5KG,2,LPG_July_2025.zip,GAS_PRICE_WATCH_JULY_2025.xlsx,LPG_JULY_2025,44,4,D44
2025-07-01,2025-07-01,5.0,STATE,Oyo,Oyo,Oyo,South West,FALSE,8006.634525490159,NGN per refill,Average of Jul-25,TRUE,,5KG,2,LPG_July_2025.zip,GAS_PRICE_WATCH_JULY_2025.xlsx,LPG_JULY_2025,45,4,D45
2025-07-01,2025-07-01,5.0,STATE,Plateau,Plateau,Plateau,North Central,FALSE,8054.94670499048,NGN per refill,Average of Jul-25,TRUE,,5KG,2,LPG_July_2025.zip,GAS_PRICE_WATCH_JULY_2025.xlsx,LPG_JULY_2025,10,4,D10
2025-07-01,2025-07-01,5.0,STATE,Rivers,Rivers,Rivers,South South,FALSE,9004.997973932,NGN per refill,Average of Jul-25,TRUE,,5KG,2,LPG_July_2025.zip,GAS_PRICE_WATCH_JULY_2025.xlsx,LPG_JULY_2025,38,4,D38
2025-07-01,2025-07-01,5.0,STATE,Sokoto,Sokoto,Sokoto,North West,FALSE,8137.77538275,NGN per refill,Average of Jul-25,TRUE,,5KG,2,LPG_July_2025.zip,GAS_PRICE_WATCH_JULY_2025.xlsx,LPG_JULY_2025,24,4,D24
2025-07-01,2025-07-01,5.0,STATE,Taraba,Taraba,Taraba,North East,FALSE,8945.42937981252,NGN per refill,Average of Jul-25,TRUE,,5KG,2,LPG_July_2025.zip,GAS_PRICE_WATCH_JULY_2025.xlsx,LPG_JULY_2025,16,4,D16
2025-07-01,2025-07-01,5.0,STATE,Yobe,Yobe,Yobe,North East,FALSE,7612,NGN per refill,Average of Jul-25,TRUE,,5KG,2,LPG_July_2025.zip,GAS_PRICE_WATCH_JULY_2025.xlsx,LPG_JULY_2025,17,4,D17
2025-07-01,2025-07-01,5.0,STATE,Zamfara,Zamfara,Zamfara,North West,FALSE,8428.08168283148,NGN per refill,Average of Jul-25,TRUE,,5KG,2,LPG_July_2025.zip,GAS_PRICE_WATCH_JULY_2025.xlsx,LPG_JULY_2025,25,4,D25
2025-07-01,2025-07-01,5.0,ZONE,North Central,NORTH CENTRAL,,North Central,TRUE,8078.830141552423,NGN per refill,Average of Jul-25,TRUE,,5KG,2,LPG_July_2025.zip,GAS_PRICE_WATCH_JULY_2025.xlsx,LPG_JULY_2025,3,4,D3
2025-07-01,2025-07-01,5.0,ZONE,North East,NORTH EAST,,North East,TRUE,8285.262214699787,NGN per refill,Average of Jul-25,TRUE,,5KG,2,LPG_July_2025.zip,GAS_PRICE_WATCH_JULY_2025.xlsx,LPG_JULY_2025,11,4,D11
2025-07-01,2025-07-01,5.0,ZONE,North West,NORTH WEST,,North West,TRUE,8234.303924811198,NGN per refill,Average of Jul-25,TRUE,,5KG,2,LPG_July_2025.zip,GAS_PRICE_WATCH_JULY_2025.xlsx,LPG_JULY_2025,18,4,D18
2025-07-01,2025-07-01,5.0,ZONE,South East,SOUTH EAST,,South East,TRUE,8321.155396792641,NGN per refill,Average of Jul-25,TRUE,,5KG,2,LPG_July_2025.zip,GAS_PRICE_WATCH_JULY_2025.xlsx,LPG_JULY_2025,26,4,D26
2025-07-01,2025-07-01,5.0,ZONE,South South,SOUTH SOUTH,,South South,TRUE,8511.257642927767,NGN per refill,Average of Jul-25,TRUE,,5KG,2,LPG_July_2025.zip,GAS_PRICE_WATCH_JULY_2025.xlsx,LPG_JULY_2025,32,4,D32
2025-07-01,2025-07-01,5.0,ZONE,South West,SOUTH WEST,,South West,TRUE,8073.91584952272,NGN per refill,Average of Jul-25,TRUE,,5KG,2,LPG_July_2025.zip,GAS_PRICE_WATCH_JULY_2025.xlsx,LPG_JULY_2025,39,4,D39
2025-07-01,2025-07-01,5.0,NATIONAL,Nigeria,Average,,,TRUE,8243.792694362437,NGN per refill,Average of Jul-25,TRUE,,5KG,2,LPG_July_2025.zip,GAS_PRICE_WATCH_JULY_2025.xlsx,LPG_JULY_2025,46,4,D46
2025-07-01,2025-07-01,12.5,STATE,Abia,Abia,Abia,South East,FALSE,21000,NGN per refill,Average of Jul-25,TRUE,,12.5KG,2,LPG_July_2025.zip,GAS_PRICE_WATCH_JULY_2025.xlsx,LPG_JULY_2025,27,12,L27
2025-07-01,2025-07-01,12.5,STATE,Abuja,Abuja,Abuja,North Central,FALSE,20100,NGN per refill,Average of Jul-25,TRUE,,12.5KG,2,LPG_July_2025.zip,GAS_PRICE_WATCH_JULY_2025.xlsx,LPG_JULY_2025,4,12,L4
2025-07-01,2025-07-01,12.5,STATE,Adamawa,Adamawa,Adamawa,North East,FALSE,22528.3912934833,NGN per refill,Average of Jul-25,TRUE,,12.5KG,2,LPG_July_2025.zip,GAS_PRICE_WATCH_JULY_2025.xlsx,LPG_JULY_2025,12,12,L12
2025-07-01,2025-07-01,12.5,STATE,Akwa Ibom,Akwa Ibom,Akwa Ibom,South South,FALSE,20570.2836505359,NGN per refill,Average of Jul-25,TRUE,,12.5KG,2,LPG_July_2025.zip,GAS_PRICE_WATCH_JULY_2025.xlsx,LPG_JULY_2025,33,12,L33
2025-07-01,2025-07-01,12.5,STATE,Anambra,Anambra,Anambra,South East,FALSE,21311.0922339142,NGN per refill,Average of Jul-25,TRUE,,12.5KG,2,LPG_July_2025.zip,GAS_PRICE_WATCH_JULY_2025.xlsx,LPG_JULY_2025,28,12,L28
2025-07-01,2025-07-01,12.5,STATE,Bauchi,Bauchi,Bauchi,North East,FALSE,20112.9488195938,NGN per refill,Average of Jul-25,TRUE,,12.5KG,2,LPG_July_2025.zip,GAS_PRICE_WATCH_JULY_2025.xlsx,LPG_JULY_2025,13,12,L13
2025-07-01,2025-07-01,12.5,STATE,Bayelsa,Bayelsa,Bayelsa,South South,FALSE,22263.953259,NGN per refill,Average of Jul-25,TRUE,,12.5KG,2,LPG_July_2025.zip,GAS_PRICE_WATCH_JULY_2025.xlsx,LPG_JULY_2025,34,12,L34
2025-07-01,2025-07-01,12.5,STATE,Benue,Benue,Benue,North Central,FALSE,21006.5111845884,NGN per refill,Average of Jul-25,TRUE,,12.5KG,2,LPG_July_2025.zip,GAS_PRICE_WATCH_JULY_2025.xlsx,LPG_JULY_2025,5,12,L5
2025-07-01,2025-07-01,12.5,STATE,Borno,Borno,Borno,North East,FALSE,20115.8267583062,NGN per refill,Average of Jul-25,TRUE,,12.5KG,2,LPG_July_2025.zip,GAS_PRICE_WATCH_JULY_2025.xlsx,LPG_JULY_2025,14,12,L14
2025-07-01,2025-07-01,12.5,STATE,Cross River,Cross River,Cross River,South South,FALSE,22016.8360802981,NGN per refill,Average of Jul-25,TRUE,,12.5KG,2,LPG_July_2025.zip,GAS_PRICE_WATCH_JULY_2025.xlsx,LPG_JULY_2025,35,12,L35
2025-07-01,2025-07-01,12.5,STATE,Delta,Delta,Delta,South South,FALSE,20240.510768,NGN per refill,Average of Jul-25,TRUE,,12.5KG,2,LPG_July_2025.zip,GAS_PRICE_WATCH_JULY_2025.xlsx,LPG_JULY_2025,36,12,L36
2025-07-01,2025-07-01,12.5,STATE,Ebonyi,Ebonyi,Ebonyi,South East,FALSE,21271.8638164012,NGN per refill,Average of Jul-25,TRUE,,12.5KG,2,LPG_July_2025.zip,GAS_PRICE_WATCH_JULY_2025.xlsx,LPG_JULY_2025,29,12,L29
2025-07-01,2025-07-01,12.5,STATE,Edo,Edo,Edo,South South,FALSE,20064.7859512525,NGN per refill,Average of Jul-25,TRUE,,12.5KG,2,LPG_July_2025.zip,GAS_PRICE_WATCH_JULY_2025.xlsx,LPG_JULY_2025,37,12,L37
2025-07-01,2025-07-01,12.5,STATE,Ekiti,Ekiti,Ekiti,South West,FALSE,20291.7888384674,NGN per refill,Average of Jul-25,TRUE,,12.5KG,2,LPG_July_2025.zip,GAS_PRICE_WATCH_JULY_2025.xlsx,LPG_JULY_2025,40,12,L40
2025-07-01,2025-07-01,12.5,STATE,Enugu,Enugu,Enugu,South East,FALSE,20367.4771302334,NGN per refill,Average of Jul-25,TRUE,,12.5KG,2,LPG_July_2025.zip,GAS_PRICE_WATCH_JULY_2025.xlsx,LPG_JULY_2025,30,12,L30
2025-07-01,2025-07-01,12.5,STATE,Gombe,Gombe,Gombe,North East,FALSE,20128.1928995822,NGN per refill,Average of Jul-25,TRUE,,12.5KG,2,LPG_July_2025.zip,GAS_PRICE_WATCH_JULY_2025.xlsx,LPG_JULY_2025,15,12,L15
2025-07-01,2025-07-01,12.5,STATE,Imo,Imo,Imo,South East,FALSE,20064.0092793592,NGN per refill,Average of Jul-25,TRUE,,12.5KG,2,LPG_July_2025.zip,GAS_PRICE_WATCH_JULY_2025.xlsx,LPG_JULY_2025,31,12,L31
2025-07-01,2025-07-01,12.5,STATE,Jigawa,Jigawa,Jigawa,North West,FALSE,20026.6932867374,NGN per refill,Average of Jul-25,TRUE,,12.5KG,2,LPG_July_2025.zip,GAS_PRICE_WATCH_JULY_2025.xlsx,LPG_JULY_2025,19,12,L19
2025-07-01,2025-07-01,12.5,STATE,Kaduna,Kaduna,Kaduna,North West,FALSE,20661.85716765,NGN per refill,Average of Jul-25,TRUE,,12.5KG,2,LPG_July_2025.zip,GAS_PRICE_WATCH_JULY_2025.xlsx,LPG_JULY_2025,20,12,L20
2025-07-01,2025-07-01,12.5,STATE,Kano,Kano,Kano,North West,FALSE,21925.8267354766,NGN per refill,Average of Jul-25,TRUE,,12.5KG,2,LPG_July_2025.zip,GAS_PRICE_WATCH_JULY_2025.xlsx,LPG_JULY_2025,21,12,L21
2025-07-01,2025-07-01,12.5,STATE,Katsina,Katsina,Katsina,North West,FALSE,20050.2154076479,NGN per refill,Average of Jul-25,TRUE,,12.5KG,2,LPG_July_2025.zip,GAS_PRICE_WATCH_JULY_2025.xlsx,LPG_JULY_2025,22,12,L22
2025-07-01,2025-07-01,12.5,STATE,Kebbi,Taraba,Kebbi,North West,FALSE,20021.0834227304,NGN per refill,Average of Jul-25,TRUE,LPG_12_5KG_KEBBI_LABELLED_TARABA,12.5KG,2,LPG_July_2025.zip,GAS_PRICE_WATCH_JULY_2025.xlsx,LPG_JULY_2025,23,12,L23
2025-07-01,2025-07-01,12.5,STATE,Kogi,Kogi,Kogi,North Central,FALSE,20555.018028,NGN per refill,Average of Jul-25,TRUE,,12.5KG,2,LPG_July_2025.zip,GAS_PRICE_WATCH_JULY_2025.xlsx,LPG_JULY_2025,6,12,L6
2025-07-01,2025-07-01,12.5,STATE,Kwara,Kwara,Kwara,North Central,FALSE,20425.0197715632,NGN per refill,Average of Jul-25,TRUE,,12.5KG,2,LPG_July_2025.zip,GAS_PRICE_WATCH_JULY_2025.xlsx,LPG_JULY_2025,7,12,L7
2025-07-01,2025-07-01,12.5,STATE,Lagos,Lagos,Lagos,South West,FALSE,20298.2548991,NGN per refill,Average of Jul-25,TRUE,,12.5KG,2,LPG_July_2025.zip,GAS_PRICE_WATCH_JULY_2025.xlsx,LPG_JULY_2025,41,12,L41
2025-07-01,2025-07-01,12.5,STATE,Nasarawa,Nasarawa,Nasarawa,North Central,FALSE,20000.6203635282,NGN per refill,Average of Jul-25,TRUE,,12.5KG,2,LPG_July_2025.zip,GAS_PRICE_WATCH_JULY_2025.xlsx,LPG_JULY_2025,8,12,L8
2025-07-01,2025-07-01,12.5,STATE,Niger,Niger,Niger,North Central,FALSE,19154.9913670114,NGN per refill,Average of Jul-25,TRUE,,12.5KG,2,LPG_July_2025.zip,GAS_PRICE_WATCH_JULY_2025.xlsx,LPG_JULY_2025,9,12,L9
2025-07-01,2025-07-01,12.5,STATE,Ogun,Ogun,Ogun,South West,FALSE,20332.7280937297,NGN per refill,Average of Jul-25,TRUE,,12.5KG,2,LPG_July_2025.zip,GAS_PRICE_WATCH_JULY_2025.xlsx,LPG_JULY_2025,42,12,L42
2025-07-01,2025-07-01,12.5,STATE,Ondo,Ondo,Ondo,South West,FALSE,20118.5670091683,NGN per refill,Average of Jul-25,TRUE,,12.5KG,2,LPG_July_2025.zip,GAS_PRICE_WATCH_JULY_2025.xlsx,LPG_JULY_2025,43,12,L43
2025-07-01,2025-07-01,12.5,STATE,Osun,Osun,Osun,South West,FALSE,20050.81258865,NGN per refill,Average of Jul-25,TRUE,,12.5KG,2,LPG_July_2025.zip,GAS_PRICE_WATCH_JULY_2025.xlsx,LPG_JULY_2025,44,12,L44
2025-07-01,2025-07-01,12.5,STATE,Oyo,Oyo,Oyo,South West,FALSE,20016.5863137254,NGN per refill,Average of Jul-25,TRUE,,12.5KG,2,LPG_July_2025.zip,GAS_PRICE_WATCH_JULY_2025.xlsx,LPG_JULY_2025,45,12,L45
2025-07-01,2025-07-01,12.5,STATE,Plateau,Plateau,Plateau,North Central,FALSE,20137.3667624762,NGN per refill,Average of Jul-25,TRUE,,12.5KG,2,LPG_July_2025.zip,GAS_PRICE_WATCH_JULY_2025.xlsx,LPG_JULY_2025,10,12,L10
2025-07-01,2025-07-01,12.5,STATE,Rivers,Rivers,Rivers,South South,FALSE,22512.49493483,NGN per refill,Average of Jul-25,TRUE,,12.5KG,2,LPG_July_2025.zip,GAS_PRICE_WATCH_JULY_2025.xlsx,LPG_JULY_2025,38,12,L38
2025-07-01,2025-07-01,12.5,STATE,Sokoto,Sokoto,Sokoto,North West,FALSE,20344.438456875,NGN per refill,Average of Jul-25,TRUE,,12.5KG,2,LPG_July_2025.zip,GAS_PRICE_WATCH_JULY_2025.xlsx,LPG_JULY_2025,24,12,L24
2025-07-01,2025-07-01,12.5,STATE,Taraba,Taraba,Taraba,North East,FALSE,22363.5734495313,NGN per refill,Average of Jul-25,TRUE,,12.5KG,2,LPG_July_2025.zip,GAS_PRICE_WATCH_JULY_2025.xlsx,LPG_JULY_2025,16,12,L16
2025-07-01,2025-07-01,12.5,STATE,Yobe,Yobe,Yobe,North East,FALSE,19030,NGN per refill,Average of Jul-25,TRUE,,12.5KG,2,LPG_July_2025.zip,GAS_PRICE_WATCH_JULY_2025.xlsx,LPG_JULY_2025,17,12,L17
2025-07-01,2025-07-01,12.5,STATE,Zamfara,Zamfara,Zamfara,North West,FALSE,21070.2042070787,NGN per refill,Average of Jul-25,TRUE,,12.5KG,2,LPG_July_2025.zip,GAS_PRICE_WATCH_JULY_2025.xlsx,LPG_JULY_2025,25,12,L25
2025-07-01,2025-07-01,12.5,ZONE,North Central,NORTH CENTRAL,,North Central,TRUE,20197.075353881057,NGN per refill,Average of Jul-25,TRUE,,12.5KG,2,LPG_July_2025.zip,GAS_PRICE_WATCH_JULY_2025.xlsx,LPG_JULY_2025,3,12,L3
2025-07-01,2025-07-01,12.5,ZONE,North East,NORTH EAST,,North East,TRUE,20713.15553674947,NGN per refill,Average of Jul-25,TRUE,,12.5KG,2,LPG_July_2025.zip,GAS_PRICE_WATCH_JULY_2025.xlsx,LPG_JULY_2025,11,12,L11
2025-07-01,2025-07-01,12.5,ZONE,North West,NORTH WEST,,North West,TRUE,20585.759812027998,NGN per refill,Average of Jul-25,TRUE,,12.5KG,2,LPG_July_2025.zip,GAS_PRICE_WATCH_JULY_2025.xlsx,LPG_JULY_2025,18,12,L18
2025-07-01,2025-07-01,12.5,ZONE,South East,SOUTH EAST,,South East,TRUE,20802.8884919816,NGN per refill,Average of Jul-25,TRUE,,12.5KG,2,LPG_July_2025.zip,GAS_PRICE_WATCH_JULY_2025.xlsx,LPG_JULY_2025,26,12,L26
2025-07-01,2025-07-01,12.5,ZONE,South South,SOUTH SOUTH,,South South,TRUE,21278.14410731942,NGN per refill,Average of Jul-25,TRUE,,12.5KG,2,LPG_July_2025.zip,GAS_PRICE_WATCH_JULY_2025.xlsx,LPG_JULY_2025,32,12,L32
2025-07-01,2025-07-01,12.5,ZONE,South West,SOUTH WEST,,South West,TRUE,20184.789623806795,NGN per refill,Average of Jul-25,TRUE,,12.5KG,2,LPG_July_2025.zip,GAS_PRICE_WATCH_JULY_2025.xlsx,LPG_JULY_2025,39,12,L39
2025-07-01,2025-07-01,12.5,NATIONAL,Nigeria,Average,,,TRUE,20609.481735906098,NGN per refill,Average of Jul-25,TRUE,,12.5KG,2,LPG_July_2025.zip,GAS_PRICE_WATCH_JULY_2025.xlsx,LPG_JULY_2025,46,12,L46
2025-08-01,2024-08-01,5.0,STATE,Abia,Abia,Abia,South East,FALSE,6750,NGN per refill,Average of Aug-24,FALSE,,5KG,2,LPG_AUGUST_2025.zip,GAS_PRICE_WATCH_AUGUST_2025___.xlsx,LPG AUGUST 2025,27,2,B27
2025-08-01,2024-08-01,5.0,STATE,Abuja,Abuja,Abuja,North Central,FALSE,5825,NGN per refill,Average of Aug-24,FALSE,,5KG,2,LPG_AUGUST_2025.zip,GAS_PRICE_WATCH_AUGUST_2025___.xlsx,LPG AUGUST 2025,4,2,B4
2025-08-01,2024-08-01,5.0,STATE,Adamawa,Adamawa,Adamawa,North East,FALSE,6500,NGN per refill,Average of Aug-24,FALSE,,5KG,2,LPG_AUGUST_2025.zip,GAS_PRICE_WATCH_AUGUST_2025___.xlsx,LPG AUGUST 2025,12,2,B12
2025-08-01,2024-08-01,5.0,STATE,Akwa Ibom,Akwa Ibom,Akwa Ibom,South South,FALSE,6000,NGN per refill,Average of Aug-24,FALSE,,5KG,2,LPG_AUGUST_2025.zip,GAS_PRICE_WATCH_AUGUST_2025___.xlsx,LPG AUGUST 2025,33,2,B33
2025-08-01,2024-08-01,5.0,STATE,Anambra,Anambra,Anambra,South East,FALSE,6516.666666666667,NGN per refill,Average of Aug-24,FALSE,,5KG,2,LPG_AUGUST_2025.zip,GAS_PRICE_WATCH_AUGUST_2025___.xlsx,LPG AUGUST 2025,28,2,B28
2025-08-01,2024-08-01,5.0,STATE,Bauchi,Bauchi,Bauchi,North East,FALSE,6500,NGN per refill,Average of Aug-24,FALSE,,5KG,2,LPG_AUGUST_2025.zip,GAS_PRICE_WATCH_AUGUST_2025___.xlsx,LPG AUGUST 2025,13,2,B13
2025-08-01,2024-08-01,5.0,STATE,Bayelsa,Bayelsa,Bayelsa,South South,FALSE,6550,NGN per refill,Average of Aug-24,FALSE,,5KG,2,LPG_AUGUST_2025.zip,GAS_PRICE_WATCH_AUGUST_2025___.xlsx,LPG AUGUST 2025,34,2,B34
2025-08-01,2024-08-01,5.0,STATE,Benue,Benue,Benue,North Central,FALSE,7000,NGN per refill,Average of Aug-24,FALSE,,5KG,2,LPG_AUGUST_2025.zip,GAS_PRICE_WATCH_AUGUST_2025___.xlsx,LPG AUGUST 2025,5,2,B5
2025-08-01,2024-08-01,5.0,STATE,Borno,Borno,Borno,North East,FALSE,6914.28955078125,NGN per refill,Average of Aug-24,FALSE,,5KG,2,LPG_AUGUST_2025.zip,GAS_PRICE_WATCH_AUGUST_2025___.xlsx,LPG AUGUST 2025,14,2,B14
2025-08-01,2024-08-01,5.0,STATE,Cross River,Cross River,Cross River,South South,FALSE,6837.5,NGN per refill,Average of Aug-24,FALSE,,5KG,2,LPG_AUGUST_2025.zip,GAS_PRICE_WATCH_AUGUST_2025___.xlsx,LPG AUGUST 2025,35,2,B35
2025-08-01,2024-08-01,5.0,STATE,Delta,Delta,Delta,South South,FALSE,6093.75,NGN per refill,Average of Aug-24,FALSE,,5KG,2,LPG_AUGUST_2025.zip,GAS_PRICE_WATCH_AUGUST_2025___.xlsx,LPG AUGUST 2025,36,2,B36
2025-08-01,2024-08-01,5.0,STATE,Ebonyi,Ebonyi,Ebonyi,South East,FALSE,6450.502301897322,NGN per refill,Average of Aug-24,FALSE,,5KG,2,LPG_AUGUST_2025.zip,GAS_PRICE_WATCH_AUGUST_2025___.xlsx,LPG AUGUST 2025,29,2,B29
2025-08-01,2024-08-01,5.0,STATE,Edo,Edo,Edo,South South,FALSE,6272.222222222223,NGN per refill,Average of Aug-24,FALSE,,5KG,2,LPG_AUGUST_2025.zip,GAS_PRICE_WATCH_AUGUST_2025___.xlsx,LPG AUGUST 2025,37,2,B37
2025-08-01,2024-08-01,5.0,STATE,Ekiti,Ekiti,Ekiti,South West,FALSE,6525,NGN per refill,Average of Aug-24,FALSE,,5KG,2,LPG_AUGUST_2025.zip,GAS_PRICE_WATCH_AUGUST_2025___.xlsx,LPG AUGUST 2025,40,2,B40
2025-08-01,2024-08-01,5.0,STATE,Enugu,Enugu,Enugu,South East,FALSE,6485.41788258272,NGN per refill,Average of Aug-24,FALSE,,5KG,2,LPG_AUGUST_2025.zip,GAS_PRICE_WATCH_AUGUST_2025___.xlsx,LPG AUGUST 2025,30,2,B30
2025-08-01,2024-08-01,5.0,STATE,Gombe,Gombe,Gombe,North East,FALSE,6376.001534598215,NGN per refill,Average of Aug-24,FALSE,,5KG,2,LPG_AUGUST_2025.zip,GAS_PRICE_WATCH_AUGUST_2025___.xlsx,LPG AUGUST 2025,15,2,B15
2025-08-01,2024-08-01,5.0,STATE,Imo,Imo,Imo,South East,FALSE,6723.333333333333,NGN per refill,Average of Aug-24,FALSE,,5KG,2,LPG_AUGUST_2025.zip,GAS_PRICE_WATCH_AUGUST_2025___.xlsx,LPG AUGUST 2025,31,2,B31
2025-08-01,2024-08-01,5.0,STATE,Jigawa,Jigawa,Jigawa,North West,FALSE,6450,NGN per refill,Average of Aug-24,FALSE,,5KG,2,LPG_AUGUST_2025.zip,GAS_PRICE_WATCH_AUGUST_2025___.xlsx,LPG AUGUST 2025,19,2,B19
2025-08-01,2024-08-01,5.0,STATE,Kaduna,Kaduna,Kaduna,North West,FALSE,6251.666666666667,NGN per refill,Average of Aug-24,FALSE,,5KG,2,LPG_AUGUST_2025.zip,GAS_PRICE_WATCH_AUGUST_2025___.xlsx,LPG AUGUST 2025,20,2,B20
2025-08-01,2024-08-01,5.0,STATE,Kano,Kano,Kano,North West,FALSE,6350,NGN per refill,Average of Aug-24,FALSE,,5KG,2,LPG_AUGUST_2025.zip,GAS_PRICE_WATCH_AUGUST_2025___.xlsx,LPG AUGUST 2025,21,2,B21
2025-08-01,2024-08-01,5.0,STATE,Katsina,Katsina,Katsina,North West,FALSE,6250,NGN per refill,Average of Aug-24,FALSE,,5KG,2,LPG_AUGUST_2025.zip,GAS_PRICE_WATCH_AUGUST_2025___.xlsx,LPG AUGUST 2025,22,2,B22
2025-08-01,2024-08-01,5.0,STATE,Kebbi,Kebbi,Kebbi,North West,FALSE,6143.75,NGN per refill,Average of Aug-24,FALSE,,5KG,2,LPG_AUGUST_2025.zip,GAS_PRICE_WATCH_AUGUST_2025___.xlsx,LPG AUGUST 2025,23,2,B23
2025-08-01,2024-08-01,5.0,STATE,Kogi,Kogi,Kogi,North Central,FALSE,5857.557826450893,NGN per refill,Average of Aug-24,FALSE,,5KG,2,LPG_AUGUST_2025.zip,GAS_PRICE_WATCH_AUGUST_2025___.xlsx,LPG AUGUST 2025,6,2,B6
2025-08-01,2024-08-01,5.0,STATE,Kwara,Kwara,Kwara,North Central,FALSE,6464.0107421875,NGN per refill,Average of Aug-24,FALSE,,5KG,2,LPG_AUGUST_2025.zip,GAS_PRICE_WATCH_AUGUST_2025___.xlsx,LPG AUGUST 2025,7,2,B7
2025-08-01,2024-08-01,5.0,STATE,Lagos,Lagos,Lagos,South West,FALSE,6677.777777777777,NGN per refill,Average of Aug-24,FALSE,,5KG,2,LPG_AUGUST_2025.zip,GAS_PRICE_WATCH_AUGUST_2025___.xlsx,LPG AUGUST 2025,41,2,B41
2025-08-01,2024-08-01,5.0,STATE,Nasarawa,Nasarawa,Nasarawa,North Central,FALSE,6088.9390869140625,NGN per refill,Average of Aug-24,FALSE,,5KG,2,LPG_AUGUST_2025.zip,GAS_PRICE_WATCH_AUGUST_2025___.xlsx,LPG AUGUST 2025,8,2,B8
2025-08-01,2024-08-01,5.0,STATE,Niger,Niger,Niger,North Central,FALSE,6434.142857142857,NGN per refill,Average of Aug-24,FALSE,,5KG,2,LPG_AUGUST_2025.zip,GAS_PRICE_WATCH_AUGUST_2025___.xlsx,LPG AUGUST 2025,9,2,B9
2025-08-01,2024-08-01,5.0,STATE,Ogun,Ogun,Ogun,South West,FALSE,6410.714285714285,NGN per refill,Average of Aug-24,FALSE,,5KG,2,LPG_AUGUST_2025.zip,GAS_PRICE_WATCH_AUGUST_2025___.xlsx,LPG AUGUST 2025,42,2,B42
2025-08-01,2024-08-01,5.0,STATE,Ondo,Ondo,Ondo,South West,FALSE,6196.428571428572,NGN per refill,Average of Aug-24,FALSE,,5KG,2,LPG_AUGUST_2025.zip,GAS_PRICE_WATCH_AUGUST_2025___.xlsx,LPG AUGUST 2025,43,2,B43
2025-08-01,2024-08-01,5.0,STATE,Osun,Osun,Osun,South West,FALSE,6475,NGN per refill,Average of Aug-24,FALSE,,5KG,2,LPG_AUGUST_2025.zip,GAS_PRICE_WATCH_AUGUST_2025___.xlsx,LPG AUGUST 2025,44,2,B44
2025-08-01,2024-08-01,5.0,STATE,Oyo,Oyo,Oyo,South West,FALSE,6156.666666666667,NGN per refill,Average of Aug-24,FALSE,,5KG,2,LPG_AUGUST_2025.zip,GAS_PRICE_WATCH_AUGUST_2025___.xlsx,LPG AUGUST 2025,45,2,B45
2025-08-01,2024-08-01,5.0,STATE,Plateau,Plateau,Plateau,North Central,FALSE,6740.384615384615,NGN per refill,Average of Aug-24,FALSE,,5KG,2,LPG_AUGUST_2025.zip,GAS_PRICE_WATCH_AUGUST_2025___.xlsx,LPG AUGUST 2025,10,2,B10
2025-08-01,2024-08-01,5.0,STATE,Rivers,Rivers,Rivers,South South,FALSE,6954.545454545455,NGN per refill,Average of Aug-24,FALSE,,5KG,2,LPG_AUGUST_2025.zip,GAS_PRICE_WATCH_AUGUST_2025___.xlsx,LPG AUGUST 2025,38,2,B38
2025-08-01,2024-08-01,5.0,STATE,Sokoto,Sokoto,Sokoto,North West,FALSE,7000,NGN per refill,Average of Aug-24,FALSE,,5KG,2,LPG_AUGUST_2025.zip,GAS_PRICE_WATCH_AUGUST_2025___.xlsx,LPG AUGUST 2025,24,2,B24
2025-08-01,2024-08-01,5.0,STATE,Taraba,Taraba,Taraba,North East,FALSE,5600.66875,NGN per refill,Average of Aug-24,FALSE,,5KG,2,LPG_AUGUST_2025.zip,GAS_PRICE_WATCH_AUGUST_2025___.xlsx,LPG AUGUST 2025,16,2,B16
2025-08-01,2024-08-01,5.0,STATE,Yobe,Yobe,Yobe,North East,FALSE,6588.72509765625,NGN per refill,Average of Aug-24,FALSE,,5KG,2,LPG_AUGUST_2025.zip,GAS_PRICE_WATCH_AUGUST_2025___.xlsx,LPG AUGUST 2025,17,2,B17
2025-08-01,2024-08-01,5.0,STATE,Zamfara,Zamfara,Zamfara,North West,FALSE,6500,NGN per refill,Average of Aug-24,FALSE,,5KG,2,LPG_AUGUST_2025.zip,GAS_PRICE_WATCH_AUGUST_2025___.xlsx,LPG AUGUST 2025,25,2,B25
2025-08-01,2024-08-01,5.0,ZONE,North Central,NORTH CENTRAL,,North Central,TRUE,6344.290732582847,NGN per refill,Average of Aug-24,FALSE,,5KG,2,LPG_AUGUST_2025.zip,GAS_PRICE_WATCH_AUGUST_2025___.xlsx,LPG AUGUST 2025,3,2,B3
2025-08-01,2024-08-01,5.0,ZONE,North East,NORTH EAST,,North East,TRUE,6413.280822172619,NGN per refill,Average of Aug-24,FALSE,,5KG,2,LPG_AUGUST_2025.zip,GAS_PRICE_WATCH_AUGUST_2025___.xlsx,LPG AUGUST 2025,11,2,B11
2025-08-01,2024-08-01,5.0,ZONE,North West,NORTH WEST,,North West,TRUE,6420.77380952381,NGN per refill,Average of Aug-24,FALSE,,5KG,2,LPG_AUGUST_2025.zip,GAS_PRICE_WATCH_AUGUST_2025___.xlsx,LPG AUGUST 2025,18,2,B18
2025-08-01,2024-08-01,5.0,ZONE,South East,SOUTH EAST,,South East,TRUE,6585.184036896009,NGN per refill,Average of Aug-24,FALSE,,5KG,2,LPG_AUGUST_2025.zip,GAS_PRICE_WATCH_AUGUST_2025___.xlsx,LPG AUGUST 2025,26,2,B26
2025-08-01,2024-08-01,5.0,ZONE,South South,SOUTH SOUTH,,South South,TRUE,6451.336279461279,NGN per refill,Average of Aug-24,FALSE,,5KG,2,LPG_AUGUST_2025.zip,GAS_PRICE_WATCH_AUGUST_2025___.xlsx,LPG AUGUST 2025,32,2,B32
2025-08-01,2024-08-01,5.0,ZONE,South West,SOUTH WEST,,South West,TRUE,6406.931216931217,NGN per refill,Average of Aug-24,FALSE,,5KG,2,LPG_AUGUST_2025.zip,GAS_PRICE_WATCH_AUGUST_2025___.xlsx,LPG AUGUST 2025,39,2,B39
2025-08-01,2024-08-01,5.0,NATIONAL,Nigeria,Average,,,TRUE,6430.017888935604,NGN per refill,Average of Aug-24,FALSE,,5KG,2,LPG_AUGUST_2025.zip,GAS_PRICE_WATCH_AUGUST_2025___.xlsx,LPG AUGUST 2025,46,2,B46
2025-08-01,2024-08-01,12.5,STATE,Abia,Abia,Abia,South East,FALSE,17012.51785714286,NGN per refill,Average of Aug-24,FALSE,,12.5KG,2,LPG_AUGUST_2025.zip,GAS_PRICE_WATCH_AUGUST_2025___.xlsx,LPG AUGUST 2025,27,10,J27
2025-08-01,2024-08-01,12.5,STATE,Abuja,Abuja,Abuja,North Central,FALSE,14562.5,NGN per refill,Average of Aug-24,FALSE,,12.5KG,2,LPG_AUGUST_2025.zip,GAS_PRICE_WATCH_AUGUST_2025___.xlsx,LPG AUGUST 2025,4,10,J4
2025-08-01,2024-08-01,12.5,STATE,Adamawa,Adamawa,Adamawa,North East,FALSE,13725,NGN per refill,Average of Aug-24,FALSE,,12.5KG,2,LPG_AUGUST_2025.zip,GAS_PRICE_WATCH_AUGUST_2025___.xlsx,LPG AUGUST 2025,12,10,J12
2025-08-01,2024-08-01,12.5,STATE,Akwa Ibom,Akwa Ibom,Akwa Ibom,South South,FALSE,16725,NGN per refill,Average of Aug-24,FALSE,,12.5KG,2,LPG_AUGUST_2025.zip,GAS_PRICE_WATCH_AUGUST_2025___.xlsx,LPG AUGUST 2025,33,10,J33
2025-08-01,2024-08-01,12.5,STATE,Anambra,Anambra,Anambra,South East,FALSE,16294.642857142857,NGN per refill,Average of Aug-24,FALSE,,12.5KG,2,LPG_AUGUST_2025.zip,GAS_PRICE_WATCH_AUGUST_2025___.xlsx,LPG AUGUST 2025,28,10,J28
2025-08-01,2024-08-01,12.5,STATE,Bauchi,Bauchi,Bauchi,North East,FALSE,13425,NGN per refill,Average of Aug-24,FALSE,,12.5KG,2,LPG_AUGUST_2025.zip,GAS_PRICE_WATCH_AUGUST_2025___.xlsx,LPG AUGUST 2025,13,10,J13
2025-08-01,2024-08-01,12.5,STATE,Bayelsa,Bayelsa,Bayelsa,South South,FALSE,16762.5,NGN per refill,Average of Aug-24,FALSE,,12.5KG,2,LPG_AUGUST_2025.zip,GAS_PRICE_WATCH_AUGUST_2025___.xlsx,LPG AUGUST 2025,34,10,J34
2025-08-01,2024-08-01,12.5,STATE,Benue,Benue,Benue,North Central,FALSE,15875.75,NGN per refill,Average of Aug-24,FALSE,,12.5KG,2,LPG_AUGUST_2025.zip,GAS_PRICE_WATCH_AUGUST_2025___.xlsx,LPG AUGUST 2025,5,10,J5
2025-08-01,2024-08-01,12.5,STATE,Borno,Borno,Borno,North East,FALSE,15200,NGN per refill,Average of Aug-24,FALSE,,12.5KG,2,LPG_AUGUST_2025.zip,GAS_PRICE_WATCH_AUGUST_2025___.xlsx,LPG AUGUST 2025,14,10,J14
2025-08-01,2024-08-01,12.5,STATE,Cross River,Cross River,Cross River,South South,FALSE,17050,NGN per refill,Average of Aug-24,FALSE,,12.5KG,2,LPG_AUGUST_2025.zip,GAS_PRICE_WATCH_AUGUST_2025___.xlsx,LPG AUGUST 2025,35,10,J35
2025-08-01,2024-08-01,12.5,STATE,Delta,Delta,Delta,South South,FALSE,15156.25,NGN per refill,Average of Aug-24,FALSE,,12.5KG,2,LPG_AUGUST_2025.zip,GAS_PRICE_WATCH_AUGUST_2025___.xlsx,LPG AUGUST 2025,36,10,J36
2025-08-01,2024-08-01,12.5,STATE,Ebonyi,Ebonyi,Ebonyi,South East,FALSE,16001.534598214286,NGN per refill,Average of Aug-24,FALSE,,12.5KG,2,LPG_AUGUST_2025.zip,GAS_PRICE_WATCH_AUGUST_2025___.xlsx,LPG AUGUST 2025,29,10,J29
2025-08-01,2024-08-01,12.5,STATE,Edo,Edo,Edo,South South,FALSE,16363.888888888889,NGN per refill,Average of Aug-24,FALSE,,12.5KG,2,LPG_AUGUST_2025.zip,GAS_PRICE_WATCH_AUGUST_2025___.xlsx,LPG AUGUST 2025,37,10,J37
2025-08-01,2024-08-01,12.5,STATE,Ekiti,Ekiti,Ekiti,South West,FALSE,15957.35294117647,NGN per refill,Average of Aug-24,FALSE,,12.5KG,2,LPG_AUGUST_2025.zip,GAS_PRICE_WATCH_AUGUST_2025___.xlsx,LPG AUGUST 2025,40,10,J40
2025-08-01,2024-08-01,12.5,STATE,Enugu,Enugu,Enugu,South East,FALSE,16303,NGN per refill,Average of Aug-24,FALSE,,12.5KG,2,LPG_AUGUST_2025.zip,GAS_PRICE_WATCH_AUGUST_2025___.xlsx,LPG AUGUST 2025,30,10,J30
2025-08-01,2024-08-01,12.5,STATE,Gombe,Gombe,Gombe,North East,FALSE,16184.375,NGN per refill,Average of Aug-24,FALSE,,12.5KG,2,LPG_AUGUST_2025.zip,GAS_PRICE_WATCH_AUGUST_2025___.xlsx,LPG AUGUST 2025,15,10,J15
2025-08-01,2024-08-01,12.5,STATE,Imo,Imo,Imo,South East,FALSE,16867.1875,NGN per refill,Average of Aug-24,FALSE,,12.5KG,2,LPG_AUGUST_2025.zip,GAS_PRICE_WATCH_AUGUST_2025___.xlsx,LPG AUGUST 2025,31,10,J31
2025-08-01,2024-08-01,12.5,STATE,Jigawa,Jigawa,Jigawa,North West,FALSE,15691.666666666666,NGN per refill,Average of Aug-24,FALSE,,12.5KG,2,LPG_AUGUST_2025.zip,GAS_PRICE_WATCH_AUGUST_2025___.xlsx,LPG AUGUST 2025,19,10,J19
2025-08-01,2024-08-01,12.5,STATE,Kaduna,Kaduna,Kaduna,North West,FALSE,14337.25,NGN per refill,Average of Aug-24,FALSE,,12.5KG,2,LPG_AUGUST_2025.zip,GAS_PRICE_WATCH_AUGUST_2025___.xlsx,LPG AUGUST 2025,20,10,J20
2025-08-01,2024-08-01,12.5,STATE,Kano,Kano,Kano,North West,FALSE,15878.125,NGN per refill,Average of Aug-24,FALSE,,12.5KG,2,LPG_AUGUST_2025.zip,GAS_PRICE_WATCH_AUGUST_2025___.xlsx,LPG AUGUST 2025,21,10,J21
2025-08-01,2024-08-01,12.5,STATE,Katsina,Katsina,Katsina,North West,FALSE,14328.57142857143,NGN per refill,Average of Aug-24,FALSE,,12.5KG,2,LPG_AUGUST_2025.zip,GAS_PRICE_WATCH_AUGUST_2025___.xlsx,LPG AUGUST 2025,22,10,J22
2025-08-01,2024-08-01,12.5,STATE,Kebbi,Taraba,Kebbi,North West,FALSE,15585.625,NGN per refill,Average of Aug-24,FALSE,LPG_12_5KG_KEBBI_LABELLED_TARABA,12.5KG,2,LPG_AUGUST_2025.zip,GAS_PRICE_WATCH_AUGUST_2025___.xlsx,LPG AUGUST 2025,23,10,J23
2025-08-01,2024-08-01,12.5,STATE,Kogi,Kogi,Kogi,North Central,FALSE,14364.850852272728,NGN per refill,Average of Aug-24,FALSE,,12.5KG,2,LPG_AUGUST_2025.zip,GAS_PRICE_WATCH_AUGUST_2025___.xlsx,LPG AUGUST 2025,6,10,J6
2025-08-01,2024-08-01,12.5,STATE,Kwara,Kwara,Kwara,North Central,FALSE,15231.634765625,NGN per refill,Average of Aug-24,FALSE,,12.5KG,2,LPG_AUGUST_2025.zip,GAS_PRICE_WATCH_AUGUST_2025___.xlsx,LPG AUGUST 2025,7,10,J7
2025-08-01,2024-08-01,12.5,STATE,Lagos,Lagos,Lagos,South West,FALSE,15418.055555555555,NGN per refill,Average of Aug-24,FALSE,,12.5KG,2,LPG_AUGUST_2025.zip,GAS_PRICE_WATCH_AUGUST_2025___.xlsx,LPG AUGUST 2025,41,10,J41
2025-08-01,2024-08-01,12.5,STATE,Nasarawa,Nasarawa,Nasarawa,North Central,FALSE,13640.9375,NGN per refill,Average of Aug-24,FALSE,,12.5KG,2,LPG_AUGUST_2025.zip,GAS_PRICE_WATCH_AUGUST_2025___.xlsx,LPG AUGUST 2025,8,10,J8
2025-08-01,2024-08-01,12.5,STATE,Niger,Niger,Niger,North Central,FALSE,14302.142857142857,NGN per refill,Average of Aug-24,FALSE,,12.5KG,2,LPG_AUGUST_2025.zip,GAS_PRICE_WATCH_AUGUST_2025___.xlsx,LPG AUGUST 2025,9,10,J9
2025-08-01,2024-08-01,12.5,STATE,Ogun,Ogun,Ogun,South West,FALSE,16091.07142857143,NGN per refill,Average of Aug-24,FALSE,,12.5KG,2,LPG_AUGUST_2025.zip,GAS_PRICE_WATCH_AUGUST_2025___.xlsx,LPG AUGUST 2025,42,10,J42
2025-08-01,2024-08-01,12.5,STATE,Ondo,Ondo,Ondo,South West,FALSE,14836.538461538461,NGN per refill,Average of Aug-24,FALSE,,12.5KG,2,LPG_AUGUST_2025.zip,GAS_PRICE_WATCH_AUGUST_2025___.xlsx,LPG AUGUST 2025,43,10,J43
2025-08-01,2024-08-01,12.5,STATE,Osun,Osun,Osun,South West,FALSE,16388.88888888889,NGN per refill,Average of Aug-24,FALSE,,12.5KG,2,LPG_AUGUST_2025.zip,GAS_PRICE_WATCH_AUGUST_2025___.xlsx,LPG AUGUST 2025,44,10,J44
2025-08-01,2024-08-01,12.5,STATE,Oyo,Oyo,Oyo,South West,FALSE,14967.64705882353,NGN per refill,Average of Aug-24,FALSE,,12.5KG,2,LPG_AUGUST_2025.zip,GAS_PRICE_WATCH_AUGUST_2025___.xlsx,LPG AUGUST 2025,45,10,J45
2025-08-01,2024-08-01,12.5,STATE,Plateau,Plateau,Plateau,North Central,FALSE,15394.038461538461,NGN per refill,Average of Aug-24,FALSE,,12.5KG,2,LPG_AUGUST_2025.zip,GAS_PRICE_WATCH_AUGUST_2025___.xlsx,LPG AUGUST 2025,10,10,J10
2025-08-01,2024-08-01,12.5,STATE,Rivers,Rivers,Rivers,South South,FALSE,17086.363636363636,NGN per refill,Average of Aug-24,FALSE,,12.5KG,2,LPG_AUGUST_2025.zip,GAS_PRICE_WATCH_AUGUST_2025___.xlsx,LPG AUGUST 2025,38,10,J38
2025-08-01,2024-08-01,12.5,STATE,Sokoto,Sokoto,Sokoto,North West,FALSE,16875,NGN per refill,Average of Aug-24,FALSE,,12.5KG,2,LPG_AUGUST_2025.zip,GAS_PRICE_WATCH_AUGUST_2025___.xlsx,LPG AUGUST 2025,24,10,J24
2025-08-01,2024-08-01,12.5,STATE,Taraba,Taraba,Taraba,North East,FALSE,15625,NGN per refill,Average of Aug-24,FALSE,,12.5KG,2,LPG_AUGUST_2025.zip,GAS_PRICE_WATCH_AUGUST_2025___.xlsx,LPG AUGUST 2025,16,10,J16
2025-08-01,2024-08-01,12.5,STATE,Yobe,Yobe,Yobe,North East,FALSE,15316.0771484375,NGN per refill,Average of Aug-24,FALSE,,12.5KG,2,LPG_AUGUST_2025.zip,GAS_PRICE_WATCH_AUGUST_2025___.xlsx,LPG AUGUST 2025,17,10,J17
2025-08-01,2024-08-01,12.5,STATE,Zamfara,Zamfara,Zamfara,North West,FALSE,14618.75,NGN per refill,Average of Aug-24,FALSE,,12.5KG,2,LPG_AUGUST_2025.zip,GAS_PRICE_WATCH_AUGUST_2025___.xlsx,LPG AUGUST 2025,25,10,J25
2025-08-01,2024-08-01,12.5,ZONE,North Central,NORTH CENTRAL,,North Central,TRUE,14767.407776654149,NGN per refill,Average of Aug-24,FALSE,,12.5KG,2,LPG_AUGUST_2025.zip,GAS_PRICE_WATCH_AUGUST_2025___.xlsx,LPG AUGUST 2025,3,10,J3
2025-08-01,2024-08-01,12.5,ZONE,North East,NORTH EAST,,North East,TRUE,14912.575358072916,NGN per refill,Average of Aug-24,FALSE,,12.5KG,2,LPG_AUGUST_2025.zip,GAS_PRICE_WATCH_AUGUST_2025___.xlsx,LPG AUGUST 2025,11,10,J11
2025-08-01,2024-08-01,12.5,ZONE,North West,NORTH WEST,,North West,TRUE,15330.712585034013,NGN per refill,Average of Aug-24,FALSE,,12.5KG,2,LPG_AUGUST_2025.zip,GAS_PRICE_WATCH_AUGUST_2025___.xlsx,LPG AUGUST 2025,18,10,J18
2025-08-01,2024-08-01,12.5,ZONE,South East,SOUTH EAST,,South East,TRUE,16495.7765625,NGN per refill,Average of Aug-24,FALSE,,12.5KG,2,LPG_AUGUST_2025.zip,GAS_PRICE_WATCH_AUGUST_2025___.xlsx,LPG AUGUST 2025,26,10,J26
2025-08-01,2024-08-01,12.5,ZONE,South South,SOUTH SOUTH,,South South,TRUE,16524.00042087542,NGN per refill,Average of Aug-24,FALSE,,12.5KG,2,LPG_AUGUST_2025.zip,GAS_PRICE_WATCH_AUGUST_2025___.xlsx,LPG AUGUST 2025,32,10,J32
2025-08-01,2024-08-01,12.5,ZONE,South West,SOUTH WEST,,South West,TRUE,15609.925722425722,NGN per refill,Average of Aug-24,FALSE,,12.5KG,2,LPG_AUGUST_2025.zip,GAS_PRICE_WATCH_AUGUST_2025___.xlsx,LPG AUGUST 2025,39,10,J39
2025-08-01,2024-08-01,12.5,NATIONAL,Nigeria,Average,,,TRUE,15552.560387907066,NGN per refill,Average of Aug-24,FALSE,,12.5KG,2,LPG_AUGUST_2025.zip,GAS_PRICE_WATCH_AUGUST_2025___.xlsx,LPG AUGUST 2025,46,10,J46
2025-08-01,2025-07-01,5.0,STATE,Abia,Abia,Abia,South East,FALSE,8400,NGN per refill,Average of Jul-25,FALSE,,5KG,2,LPG_AUGUST_2025.zip,GAS_PRICE_WATCH_AUGUST_2025___.xlsx,LPG AUGUST 2025,27,3,C27
2025-08-01,2025-07-01,5.0,STATE,Abuja,Abuja,Abuja,North Central,FALSE,8040,NGN per refill,Average of Jul-25,FALSE,,5KG,2,LPG_AUGUST_2025.zip,GAS_PRICE_WATCH_AUGUST_2025___.xlsx,LPG AUGUST 2025,4,3,C4
2025-08-01,2025-07-01,5.0,STATE,Adamawa,Adamawa,Adamawa,North East,FALSE,9011.35651739332,NGN per refill,Average of Jul-25,FALSE,,5KG,2,LPG_AUGUST_2025.zip,GAS_PRICE_WATCH_AUGUST_2025___.xlsx,LPG AUGUST 2025,12,3,C12
2025-08-01,2025-07-01,5.0,STATE,Akwa Ibom,Akwa Ibom,Akwa Ibom,South South,FALSE,8228.113460214361,NGN per refill,Average of Jul-25,FALSE,,5KG,2,LPG_AUGUST_2025.zip,GAS_PRICE_WATCH_AUGUST_2025___.xlsx,LPG AUGUST 2025,33,3,C33
2025-08-01,2025-07-01,5.0,STATE,Anambra,Anambra,Anambra,South East,FALSE,8524.43689356568,NGN per refill,Average of Jul-25,FALSE,,5KG,2,LPG_AUGUST_2025.zip,GAS_PRICE_WATCH_AUGUST_2025___.xlsx,LPG AUGUST 2025,28,3,C28
2025-08-01,2025-07-01,5.0,STATE,Bauchi,Bauchi,Bauchi,North East,FALSE,8045.179527837519,NGN per refill,Average of Jul-25,FALSE,,5KG,2,LPG_AUGUST_2025.zip,GAS_PRICE_WATCH_AUGUST_2025___.xlsx,LPG AUGUST 2025,13,3,C13
2025-08-01,2025-07-01,5.0,STATE,Bayelsa,Bayelsa,Bayelsa,South South,FALSE,8905.5813036,NGN per refill,Average of Jul-25,FALSE,,5KG,2,LPG_AUGUST_2025.zip,GAS_PRICE_WATCH_AUGUST_2025___.xlsx,LPG AUGUST 2025,34,3,C34
2025-08-01,2025-07-01,5.0,STATE,Benue,Benue,Benue,North Central,FALSE,8402.60447383536,NGN per refill,Average of Jul-25,FALSE,,5KG,2,LPG_AUGUST_2025.zip,GAS_PRICE_WATCH_AUGUST_2025___.xlsx,LPG AUGUST 2025,5,3,C5
2025-08-01,2025-07-01,5.0,STATE,Borno,Borno,Borno,North East,FALSE,8046.330703322481,NGN per refill,Average of Jul-25,FALSE,,5KG,2,LPG_AUGUST_2025.zip,GAS_PRICE_WATCH_AUGUST_2025___.xlsx,LPG AUGUST 2025,14,3,C14
2025-08-01,2025-07-01,5.0,STATE,Cross River,Cross River,Cross River,South South,FALSE,8806.73443211924,NGN per refill,Average of Jul-25,FALSE,,5KG,2,LPG_AUGUST_2025.zip,GAS_PRICE_WATCH_AUGUST_2025___.xlsx,LPG AUGUST 2025,35,3,C35
2025-08-01,2025-07-01,5.0,STATE,Delta,Delta,Delta,South South,FALSE,8096.204307200001,NGN per refill,Average of Jul-25,FALSE,,5KG,2,LPG_AUGUST_2025.zip,GAS_PRICE_WATCH_AUGUST_2025___.xlsx,LPG AUGUST 2025,36,3,C36
2025-08-01,2025-07-01,5.0,STATE,Ebonyi,Ebonyi,Ebonyi,South East,FALSE,8508.74552656048,NGN per refill,Average of Jul-25,FALSE,,5KG,2,LPG_AUGUST_2025.zip,GAS_PRICE_WATCH_AUGUST_2025___.xlsx,LPG AUGUST 2025,29,3,C29
2025-08-01,2025-07-01,5.0,STATE,Edo,Edo,Edo,South South,FALSE,8025.914380501,NGN per refill,Average of Jul-25,FALSE,,5KG,2,LPG_AUGUST_2025.zip,GAS_PRICE_WATCH_AUGUST_2025___.xlsx,LPG AUGUST 2025,37,3,C37
2025-08-01,2025-07-01,5.0,STATE,Ekiti,Ekiti,Ekiti,South West,FALSE,8116.71553538696,NGN per refill,Average of Jul-25,FALSE,,5KG,2,LPG_AUGUST_2025.zip,GAS_PRICE_WATCH_AUGUST_2025___.xlsx,LPG AUGUST 2025,40,3,C40
2025-08-01,2025-07-01,5.0,STATE,Enugu,Enugu,Enugu,South East,FALSE,8146.99085209336,NGN per refill,Average of Jul-25,FALSE,,5KG,2,LPG_AUGUST_2025.zip,GAS_PRICE_WATCH_AUGUST_2025___.xlsx,LPG AUGUST 2025,30,3,C30
2025-08-01,2025-07-01,5.0,STATE,Gombe,Gombe,Gombe,North East,FALSE,8051.277159832881,NGN per refill,Average of Jul-25,FALSE,,5KG,2,LPG_AUGUST_2025.zip,GAS_PRICE_WATCH_AUGUST_2025___.xlsx,LPG AUGUST 2025,15,3,C15
2025-08-01,2025-07-01,5.0,STATE,Imo,Imo,Imo,South East,FALSE,8025.60371174368,NGN per refill,Average of Jul-25,FALSE,,5KG,2,LPG_AUGUST_2025.zip,GAS_PRICE_WATCH_AUGUST_2025___.xlsx,LPG AUGUST 2025,31,3,C31
2025-08-01,2025-07-01,5.0,STATE,Jigawa,Jigawa,Jigawa,North West,FALSE,8010.67731469496,NGN per refill,Average of Jul-25,FALSE,,5KG,2,LPG_AUGUST_2025.zip,GAS_PRICE_WATCH_AUGUST_2025___.xlsx,LPG AUGUST 2025,19,3,C19
2025-08-01,2025-07-01,5.0,STATE,Kaduna,Kaduna,Kaduna,North West,FALSE,8264.742867059998,NGN per refill,Average of Jul-25,FALSE,,5KG,2,LPG_AUGUST_2025.zip,GAS_PRICE_WATCH_AUGUST_2025___.xlsx,LPG AUGUST 2025,20,3,C20
2025-08-01,2025-07-01,5.0,STATE,Kano,Kano,Kano,North West,FALSE,8770.33069419064,NGN per refill,Average of Jul-25,FALSE,,5KG,2,LPG_AUGUST_2025.zip,GAS_PRICE_WATCH_AUGUST_2025___.xlsx,LPG AUGUST 2025,21,3,C21
2025-08-01,2025-07-01,5.0,STATE,Katsina,Katsina,Katsina,North West,FALSE,8020.086163059159,NGN per refill,Average of Jul-25,FALSE,,5KG,2,LPG_AUGUST_2025.zip,GAS_PRICE_WATCH_AUGUST_2025___.xlsx,LPG AUGUST 2025,22,3,C22
2025-08-01,2025-07-01,5.0,STATE,Kebbi,Kebbi,Kebbi,North West,FALSE,8008.433369092159,NGN per refill,Average of Jul-25,FALSE,,5KG,2,LPG_AUGUST_2025.zip,GAS_PRICE_WATCH_AUGUST_2025___.xlsx,LPG AUGUST 2025,23,3,C23
2025-08-01,2025-07-01,5.0,STATE,Kogi,Kogi,Kogi,North Central,FALSE,8222.0072112,NGN per refill,Average of Jul-25,FALSE,,5KG,2,LPG_AUGUST_2025.zip,GAS_PRICE_WATCH_AUGUST_2025___.xlsx,LPG AUGUST 2025,6,3,C6
2025-08-01,2025-07-01,5.0,STATE,Kwara,Kwara,Kwara,North Central,FALSE,8170.00790862528,NGN per refill,Average of Jul-25,FALSE,,5KG,2,LPG_AUGUST_2025.zip,GAS_PRICE_WATCH_AUGUST_2025___.xlsx,LPG AUGUST 2025,7,3,C7
2025-08-01,2025-07-01,5.0,STATE,Lagos,Lagos,Lagos,South West,FALSE,8119.301959640001,NGN per refill,Average of Jul-25,FALSE,,5KG,2,LPG_AUGUST_2025.zip,GAS_PRICE_WATCH_AUGUST_2025___.xlsx,LPG AUGUST 2025,41,3,C41
2025-08-01,2025-07-01,5.0,STATE,Nasarawa,Nasarawa,Nasarawa,North Central,FALSE,8000.248145411279,NGN per refill,Average of Jul-25,FALSE,,5KG,2,LPG_AUGUST_2025.zip,GAS_PRICE_WATCH_AUGUST_2025___.xlsx,LPG AUGUST 2025,8,3,C8
2025-08-01,2025-07-01,5.0,STATE,Niger,Niger,Niger,North Central,FALSE,7661.996546804559,NGN per refill,Average of Jul-25,FALSE,,5KG,2,LPG_AUGUST_2025.zip,GAS_PRICE_WATCH_AUGUST_2025___.xlsx,LPG AUGUST 2025,9,3,C9
2025-08-01,2025-07-01,5.0,STATE,Ogun,Ogun,Ogun,South West,FALSE,8133.09123749188,NGN per refill,Average of Jul-25,FALSE,,5KG,2,LPG_AUGUST_2025.zip,GAS_PRICE_WATCH_AUGUST_2025___.xlsx,LPG AUGUST 2025,42,3,C42
2025-08-01,2025-07-01,5.0,STATE,Ondo,Ondo,Ondo,South West,FALSE,8047.42680366732,NGN per refill,Average of Jul-25,FALSE,,5KG,2,LPG_AUGUST_2025.zip,GAS_PRICE_WATCH_AUGUST_2025___.xlsx,LPG AUGUST 2025,43,3,C43
2025-08-01,2025-07-01,5.0,STATE,Osun,Osun,Osun,South West,FALSE,8020.3250354599995,NGN per refill,Average of Jul-25,FALSE,,5KG,2,LPG_AUGUST_2025.zip,GAS_PRICE_WATCH_AUGUST_2025___.xlsx,LPG AUGUST 2025,44,3,C44
2025-08-01,2025-07-01,5.0,STATE,Oyo,Oyo,Oyo,South West,FALSE,8006.634525490159,NGN per refill,Average of Jul-25,FALSE,,5KG,2,LPG_AUGUST_2025.zip,GAS_PRICE_WATCH_AUGUST_2025___.xlsx,LPG AUGUST 2025,45,3,C45
2025-08-01,2025-07-01,5.0,STATE,Plateau,Plateau,Plateau,North Central,FALSE,8054.94670499048,NGN per refill,Average of Jul-25,FALSE,,5KG,2,LPG_AUGUST_2025.zip,GAS_PRICE_WATCH_AUGUST_2025___.xlsx,LPG AUGUST 2025,10,3,C10
2025-08-01,2025-07-01,5.0,STATE,Rivers,Rivers,Rivers,South South,FALSE,9004.997973932,NGN per refill,Average of Jul-25,FALSE,,5KG,2,LPG_AUGUST_2025.zip,GAS_PRICE_WATCH_AUGUST_2025___.xlsx,LPG AUGUST 2025,38,3,C38
2025-08-01,2025-07-01,5.0,STATE,Sokoto,Sokoto,Sokoto,North West,FALSE,8137.77538275,NGN per refill,Average of Jul-25,FALSE,,5KG,2,LPG_AUGUST_2025.zip,GAS_PRICE_WATCH_AUGUST_2025___.xlsx,LPG AUGUST 2025,24,3,C24
2025-08-01,2025-07-01,5.0,STATE,Taraba,Taraba,Taraba,North East,FALSE,8945.42937981252,NGN per refill,Average of Jul-25,FALSE,,5KG,2,LPG_AUGUST_2025.zip,GAS_PRICE_WATCH_AUGUST_2025___.xlsx,LPG AUGUST 2025,16,3,C16
2025-08-01,2025-07-01,5.0,STATE,Yobe,Yobe,Yobe,North East,FALSE,7612,NGN per refill,Average of Jul-25,FALSE,,5KG,2,LPG_AUGUST_2025.zip,GAS_PRICE_WATCH_AUGUST_2025___.xlsx,LPG AUGUST 2025,17,3,C17
2025-08-01,2025-07-01,5.0,STATE,Zamfara,Zamfara,Zamfara,North West,FALSE,8428.08168283148,NGN per refill,Average of Jul-25,FALSE,,5KG,2,LPG_AUGUST_2025.zip,GAS_PRICE_WATCH_AUGUST_2025___.xlsx,LPG AUGUST 2025,25,3,C25
2025-08-01,2025-07-01,5.0,ZONE,North Central,NORTH CENTRAL,,North Central,TRUE,8078.830141552423,NGN per refill,Average of Jul-25,FALSE,,5KG,2,LPG_AUGUST_2025.zip,GAS_PRICE_WATCH_AUGUST_2025___.xlsx,LPG AUGUST 2025,3,3,C3
2025-08-01,2025-07-01,5.0,ZONE,North East,NORTH EAST,,North East,TRUE,8285.262214699787,NGN per refill,Average of Jul-25,FALSE,,5KG,2,LPG_AUGUST_2025.zip,GAS_PRICE_WATCH_AUGUST_2025___.xlsx,LPG AUGUST 2025,11,3,C11
2025-08-01,2025-07-01,5.0,ZONE,North West,NORTH WEST,,North West,TRUE,8234.303924811198,NGN per refill,Average of Jul-25,FALSE,,5KG,2,LPG_AUGUST_2025.zip,GAS_PRICE_WATCH_AUGUST_2025___.xlsx,LPG AUGUST 2025,18,3,C18
2025-08-01,2025-07-01,5.0,ZONE,South East,SOUTH EAST,,South East,TRUE,8321.155396792641,NGN per refill,Average of Jul-25,FALSE,,5KG,2,LPG_AUGUST_2025.zip,GAS_PRICE_WATCH_AUGUST_2025___.xlsx,LPG AUGUST 2025,26,3,C26
2025-08-01,2025-07-01,5.0,ZONE,South South,SOUTH SOUTH,,South South,TRUE,8511.257642927767,NGN per refill,Average of Jul-25,FALSE,,5KG,2,LPG_AUGUST_2025.zip,GAS_PRICE_WATCH_AUGUST_2025___.xlsx,LPG AUGUST 2025,32,3,C32
2025-08-01,2025-07-01,5.0,ZONE,South West,SOUTH WEST,,South West,TRUE,8073.91584952272,NGN per refill,Average of Jul-25,FALSE,,5KG,2,LPG_AUGUST_2025.zip,GAS_PRICE_WATCH_AUGUST_2025___.xlsx,LPG AUGUST 2025,39,3,C39
2025-08-01,2025-07-01,5.0,NATIONAL,Nigeria,Average,,,TRUE,8243.792694362437,NGN per refill,Average of Jul-25,FALSE,,5KG,2,LPG_AUGUST_2025.zip,GAS_PRICE_WATCH_AUGUST_2025___.xlsx,LPG AUGUST 2025,46,3,C46
2025-08-01,2025-07-01,12.5,STATE,Abia,Abia,Abia,South East,FALSE,21000,NGN per refill,Average of Jul-25,FALSE,,12.5KG,2,LPG_AUGUST_2025.zip,GAS_PRICE_WATCH_AUGUST_2025___.xlsx,LPG AUGUST 2025,27,11,K27
2025-08-01,2025-07-01,12.5,STATE,Abuja,Abuja,Abuja,North Central,FALSE,20100,NGN per refill,Average of Jul-25,FALSE,,12.5KG,2,LPG_AUGUST_2025.zip,GAS_PRICE_WATCH_AUGUST_2025___.xlsx,LPG AUGUST 2025,4,11,K4
2025-08-01,2025-07-01,12.5,STATE,Adamawa,Adamawa,Adamawa,North East,FALSE,22528.3912934833,NGN per refill,Average of Jul-25,FALSE,,12.5KG,2,LPG_AUGUST_2025.zip,GAS_PRICE_WATCH_AUGUST_2025___.xlsx,LPG AUGUST 2025,12,11,K12
2025-08-01,2025-07-01,12.5,STATE,Akwa Ibom,Akwa Ibom,Akwa Ibom,South South,FALSE,20570.2836505359,NGN per refill,Average of Jul-25,FALSE,,12.5KG,2,LPG_AUGUST_2025.zip,GAS_PRICE_WATCH_AUGUST_2025___.xlsx,LPG AUGUST 2025,33,11,K33
2025-08-01,2025-07-01,12.5,STATE,Anambra,Anambra,Anambra,South East,FALSE,21311.0922339142,NGN per refill,Average of Jul-25,FALSE,,12.5KG,2,LPG_AUGUST_2025.zip,GAS_PRICE_WATCH_AUGUST_2025___.xlsx,LPG AUGUST 2025,28,11,K28
2025-08-01,2025-07-01,12.5,STATE,Bauchi,Bauchi,Bauchi,North East,FALSE,20112.9488195938,NGN per refill,Average of Jul-25,FALSE,,12.5KG,2,LPG_AUGUST_2025.zip,GAS_PRICE_WATCH_AUGUST_2025___.xlsx,LPG AUGUST 2025,13,11,K13
2025-08-01,2025-07-01,12.5,STATE,Bayelsa,Bayelsa,Bayelsa,South South,FALSE,22263.953259,NGN per refill,Average of Jul-25,FALSE,,12.5KG,2,LPG_AUGUST_2025.zip,GAS_PRICE_WATCH_AUGUST_2025___.xlsx,LPG AUGUST 2025,34,11,K34
2025-08-01,2025-07-01,12.5,STATE,Benue,Benue,Benue,North Central,FALSE,21006.5111845884,NGN per refill,Average of Jul-25,FALSE,,12.5KG,2,LPG_AUGUST_2025.zip,GAS_PRICE_WATCH_AUGUST_2025___.xlsx,LPG AUGUST 2025,5,11,K5
2025-08-01,2025-07-01,12.5,STATE,Borno,Borno,Borno,North East,FALSE,20115.8267583062,NGN per refill,Average of Jul-25,FALSE,,12.5KG,2,LPG_AUGUST_2025.zip,GAS_PRICE_WATCH_AUGUST_2025___.xlsx,LPG AUGUST 2025,14,11,K14
2025-08-01,2025-07-01,12.5,STATE,Cross River,Cross River,Cross River,South South,FALSE,22016.8360802981,NGN per refill,Average of Jul-25,FALSE,,12.5KG,2,LPG_AUGUST_2025.zip,GAS_PRICE_WATCH_AUGUST_2025___.xlsx,LPG AUGUST 2025,35,11,K35
2025-08-01,2025-07-01,12.5,STATE,Delta,Delta,Delta,South South,FALSE,20240.510768,NGN per refill,Average of Jul-25,FALSE,,12.5KG,2,LPG_AUGUST_2025.zip,GAS_PRICE_WATCH_AUGUST_2025___.xlsx,LPG AUGUST 2025,36,11,K36
2025-08-01,2025-07-01,12.5,STATE,Ebonyi,Ebonyi,Ebonyi,South East,FALSE,21271.8638164012,NGN per refill,Average of Jul-25,FALSE,,12.5KG,2,LPG_AUGUST_2025.zip,GAS_PRICE_WATCH_AUGUST_2025___.xlsx,LPG AUGUST 2025,29,11,K29
2025-08-01,2025-07-01,12.5,STATE,Edo,Edo,Edo,South South,FALSE,20064.7859512525,NGN per refill,Average of Jul-25,FALSE,,12.5KG,2,LPG_AUGUST_2025.zip,GAS_PRICE_WATCH_AUGUST_2025___.xlsx,LPG AUGUST 2025,37,11,K37
2025-08-01,2025-07-01,12.5,STATE,Ekiti,Ekiti,Ekiti,South West,FALSE,20291.7888384674,NGN per refill,Average of Jul-25,FALSE,,12.5KG,2,LPG_AUGUST_2025.zip,GAS_PRICE_WATCH_AUGUST_2025___.xlsx,LPG AUGUST 2025,40,11,K40
2025-08-01,2025-07-01,12.5,STATE,Enugu,Enugu,Enugu,South East,FALSE,20367.4771302334,NGN per refill,Average of Jul-25,FALSE,,12.5KG,2,LPG_AUGUST_2025.zip,GAS_PRICE_WATCH_AUGUST_2025___.xlsx,LPG AUGUST 2025,30,11,K30
2025-08-01,2025-07-01,12.5,STATE,Gombe,Gombe,Gombe,North East,FALSE,20128.1928995822,NGN per refill,Average of Jul-25,FALSE,,12.5KG,2,LPG_AUGUST_2025.zip,GAS_PRICE_WATCH_AUGUST_2025___.xlsx,LPG AUGUST 2025,15,11,K15
2025-08-01,2025-07-01,12.5,STATE,Imo,Imo,Imo,South East,FALSE,20064.0092793592,NGN per refill,Average of Jul-25,FALSE,,12.5KG,2,LPG_AUGUST_2025.zip,GAS_PRICE_WATCH_AUGUST_2025___.xlsx,LPG AUGUST 2025,31,11,K31
2025-08-01,2025-07-01,12.5,STATE,Jigawa,Jigawa,Jigawa,North West,FALSE,20026.6932867374,NGN per refill,Average of Jul-25,FALSE,,12.5KG,2,LPG_AUGUST_2025.zip,GAS_PRICE_WATCH_AUGUST_2025___.xlsx,LPG AUGUST 2025,19,11,K19
2025-08-01,2025-07-01,12.5,STATE,Kaduna,Kaduna,Kaduna,North West,FALSE,20661.85716765,NGN per refill,Average of Jul-25,FALSE,,12.5KG,2,LPG_AUGUST_2025.zip,GAS_PRICE_WATCH_AUGUST_2025___.xlsx,LPG AUGUST 2025,20,11,K20
2025-08-01,2025-07-01,12.5,STATE,Kano,Kano,Kano,North West,FALSE,21925.8267354766,NGN per refill,Average of Jul-25,FALSE,,12.5KG,2,LPG_AUGUST_2025.zip,GAS_PRICE_WATCH_AUGUST_2025___.xlsx,LPG AUGUST 2025,21,11,K21
2025-08-01,2025-07-01,12.5,STATE,Katsina,Katsina,Katsina,North West,FALSE,20050.2154076479,NGN per refill,Average of Jul-25,FALSE,,12.5KG,2,LPG_AUGUST_2025.zip,GAS_PRICE_WATCH_AUGUST_2025___.xlsx,LPG AUGUST 2025,22,11,K22
2025-08-01,2025-07-01,12.5,STATE,Kebbi,Taraba,Kebbi,North West,FALSE,20021.0834227304,NGN per refill,Average of Jul-25,FALSE,LPG_12_5KG_KEBBI_LABELLED_TARABA,12.5KG,2,LPG_AUGUST_2025.zip,GAS_PRICE_WATCH_AUGUST_2025___.xlsx,LPG AUGUST 2025,23,11,K23
2025-08-01,2025-07-01,12.5,STATE,Kogi,Kogi,Kogi,North Central,FALSE,20555.018028,NGN per refill,Average of Jul-25,FALSE,,12.5KG,2,LPG_AUGUST_2025.zip,GAS_PRICE_WATCH_AUGUST_2025___.xlsx,LPG AUGUST 2025,6,11,K6
2025-08-01,2025-07-01,12.5,STATE,Kwara,Kwara,Kwara,North Central,FALSE,20425.0197715632,NGN per refill,Average of Jul-25,FALSE,,12.5KG,2,LPG_AUGUST_2025.zip,GAS_PRICE_WATCH_AUGUST_2025___.xlsx,LPG AUGUST 2025,7,11,K7
2025-08-01,2025-07-01,12.5,STATE,Lagos,Lagos,Lagos,South West,FALSE,20298.2548991,NGN per refill,Average of Jul-25,FALSE,,12.5KG,2,LPG_AUGUST_2025.zip,GAS_PRICE_WATCH_AUGUST_2025___.xlsx,LPG AUGUST 2025,41,11,K41
2025-08-01,2025-07-01,12.5,STATE,Nasarawa,Nasarawa,Nasarawa,North Central,FALSE,20000.6203635282,NGN per refill,Average of Jul-25,FALSE,,12.5KG,2,LPG_AUGUST_2025.zip,GAS_PRICE_WATCH_AUGUST_2025___.xlsx,LPG AUGUST 2025,8,11,K8
2025-08-01,2025-07-01,12.5,STATE,Niger,Niger,Niger,North Central,FALSE,19154.9913670114,NGN per refill,Average of Jul-25,FALSE,,12.5KG,2,LPG_AUGUST_2025.zip,GAS_PRICE_WATCH_AUGUST_2025___.xlsx,LPG AUGUST 2025,9,11,K9
2025-08-01,2025-07-01,12.5,STATE,Ogun,Ogun,Ogun,South West,FALSE,20332.7280937297,NGN per refill,Average of Jul-25,FALSE,,12.5KG,2,LPG_AUGUST_2025.zip,GAS_PRICE_WATCH_AUGUST_2025___.xlsx,LPG AUGUST 2025,42,11,K42
2025-08-01,2025-07-01,12.5,STATE,Ondo,Ondo,Ondo,South West,FALSE,20118.5670091683,NGN per refill,Average of Jul-25,FALSE,,12.5KG,2,LPG_AUGUST_2025.zip,GAS_PRICE_WATCH_AUGUST_2025___.xlsx,LPG AUGUST 2025,43,11,K43
2025-08-01,2025-07-01,12.5,STATE,Osun,Osun,Osun,South West,FALSE,20050.81258865,NGN per refill,Average of Jul-25,FALSE,,12.5KG,2,LPG_AUGUST_2025.zip,GAS_PRICE_WATCH_AUGUST_2025___.xlsx,LPG AUGUST 2025,44,11,K44
2025-08-01,2025-07-01,12.5,STATE,Oyo,Oyo,Oyo,South West,FALSE,20016.5863137254,NGN per refill,Average of Jul-25,FALSE,,12.5KG,2,LPG_AUGUST_2025.zip,GAS_PRICE_WATCH_AUGUST_2025___.xlsx,LPG AUGUST 2025,45,11,K45
2025-08-01,2025-07-01,12.5,STATE,Plateau,Plateau,Plateau,North Central,FALSE,20137.3667624762,NGN per refill,Average of Jul-25,FALSE,,12.5KG,2,LPG_AUGUST_2025.zip,GAS_PRICE_WATCH_AUGUST_2025___.xlsx,LPG AUGUST 2025,10,11,K10
2025-08-01,2025-07-01,12.5,STATE,Rivers,Rivers,Rivers,South South,FALSE,22512.49493483,NGN per refill,Average of Jul-25,FALSE,,12.5KG,2,LPG_AUGUST_2025.zip,GAS_PRICE_WATCH_AUGUST_2025___.xlsx,LPG AUGUST 2025,38,11,K38
2025-08-01,2025-07-01,12.5,STATE,Sokoto,Sokoto,Sokoto,North West,FALSE,20344.438456875,NGN per refill,Average of Jul-25,FALSE,,12.5KG,2,LPG_AUGUST_2025.zip,GAS_PRICE_WATCH_AUGUST_2025___.xlsx,LPG AUGUST 2025,24,11,K24
2025-08-01,2025-07-01,12.5,STATE,Taraba,Taraba,Taraba,North East,FALSE,22363.5734495313,NGN per refill,Average of Jul-25,FALSE,,12.5KG,2,LPG_AUGUST_2025.zip,GAS_PRICE_WATCH_AUGUST_2025___.xlsx,LPG AUGUST 2025,16,11,K16
2025-08-01,2025-07-01,12.5,STATE,Yobe,Yobe,Yobe,North East,FALSE,19030,NGN per refill,Average of Jul-25,FALSE,,12.5KG,2,LPG_AUGUST_2025.zip,GAS_PRICE_WATCH_AUGUST_2025___.xlsx,LPG AUGUST 2025,17,11,K17
2025-08-01,2025-07-01,12.5,STATE,Zamfara,Zamfara,Zamfara,North West,FALSE,21070.2042070787,NGN per refill,Average of Jul-25,FALSE,,12.5KG,2,LPG_AUGUST_2025.zip,GAS_PRICE_WATCH_AUGUST_2025___.xlsx,LPG AUGUST 2025,25,11,K25
2025-08-01,2025-07-01,12.5,ZONE,North Central,NORTH CENTRAL,,North Central,TRUE,20197.075353881057,NGN per refill,Average of Jul-25,FALSE,,12.5KG,2,LPG_AUGUST_2025.zip,GAS_PRICE_WATCH_AUGUST_2025___.xlsx,LPG AUGUST 2025,3,11,K3
2025-08-01,2025-07-01,12.5,ZONE,North East,NORTH EAST,,North East,TRUE,20713.15553674947,NGN per refill,Average of Jul-25,FALSE,,12.5KG,2,LPG_AUGUST_2025.zip,GAS_PRICE_WATCH_AUGUST_2025___.xlsx,LPG AUGUST 2025,11,11,K11
2025-08-01,2025-07-01,12.5,ZONE,North West,NORTH WEST,,North West,TRUE,20585.759812027998,NGN per refill,Average of Jul-25,FALSE,,12.5KG,2,LPG_AUGUST_2025.zip,GAS_PRICE_WATCH_AUGUST_2025___.xlsx,LPG AUGUST 2025,18,11,K18
2025-08-01,2025-07-01,12.5,ZONE,South East,SOUTH EAST,,South East,TRUE,20802.8884919816,NGN per refill,Average of Jul-25,FALSE,,12.5KG,2,LPG_AUGUST_2025.zip,GAS_PRICE_WATCH_AUGUST_2025___.xlsx,LPG AUGUST 2025,26,11,K26
2025-08-01,2025-07-01,12.5,ZONE,South South,SOUTH SOUTH,,South South,TRUE,21278.14410731942,NGN per refill,Average of Jul-25,FALSE,,12.5KG,2,LPG_AUGUST_2025.zip,GAS_PRICE_WATCH_AUGUST_2025___.xlsx,LPG AUGUST 2025,32,11,K32
2025-08-01,2025-07-01,12.5,ZONE,South West,SOUTH WEST,,South West,TRUE,20184.789623806795,NGN per refill,Average of Jul-25,FALSE,,12.5KG,2,LPG_AUGUST_2025.zip,GAS_PRICE_WATCH_AUGUST_2025___.xlsx,LPG AUGUST 2025,39,11,K39
2025-08-01,2025-07-01,12.5,NATIONAL,Nigeria,Average,,,TRUE,20609.481735906098,NGN per refill,Average of Jul-25,FALSE,,12.5KG,2,LPG_AUGUST_2025.zip,GAS_PRICE_WATCH_AUGUST_2025___.xlsx,LPG AUGUST 2025,46,11,K46
2025-08-01,2025-08-01,5.0,STATE,Abia,Abia,Abia,South East,FALSE,6655.333333333333,NGN per refill,Average of Aug-25,TRUE,,5KG,2,LPG_AUGUST_2025.zip,GAS_PRICE_WATCH_AUGUST_2025___.xlsx,LPG AUGUST 2025,27,4,D27
2025-08-01,2025-08-01,5.0,STATE,Abuja,Abuja,Abuja,North Central,FALSE,6317.9695,NGN per refill,Average of Aug-25,TRUE,,5KG,2,LPG_AUGUST_2025.zip,GAS_PRICE_WATCH_AUGUST_2025___.xlsx,LPG AUGUST 2025,4,4,D4
2025-08-01,2025-08-01,5.0,STATE,Adamawa,Adamawa,Adamawa,North East,FALSE,6824.96,NGN per refill,Average of Aug-25,TRUE,,5KG,2,LPG_AUGUST_2025.zip,GAS_PRICE_WATCH_AUGUST_2025___.xlsx,LPG AUGUST 2025,12,4,D12
2025-08-01,2025-08-01,5.0,STATE,Akwa Ibom,Akwa Ibom,Akwa Ibom,South South,FALSE,6122.17142857144,NGN per refill,Average of Aug-25,TRUE,,5KG,2,LPG_AUGUST_2025.zip,GAS_PRICE_WATCH_AUGUST_2025___.xlsx,LPG AUGUST 2025,33,4,D33
2025-08-01,2025-08-01,5.0,STATE,Anambra,Anambra,Anambra,South East,FALSE,6608.857142857143,NGN per refill,Average of Aug-25,TRUE,,5KG,2,LPG_AUGUST_2025.zip,GAS_PRICE_WATCH_AUGUST_2025___.xlsx,LPG AUGUST 2025,28,4,D28
2025-08-01,2025-08-01,5.0,STATE,Bauchi,Bauchi,Bauchi,North East,FALSE,5721.75,NGN per refill,Average of Aug-25,TRUE,,5KG,2,LPG_AUGUST_2025.zip,GAS_PRICE_WATCH_AUGUST_2025___.xlsx,LPG AUGUST 2025,13,4,D13
2025-08-01,2025-08-01,5.0,STATE,Bayelsa,Bayelsa,Bayelsa,South South,FALSE,6611,NGN per refill,Average of Aug-25,TRUE,,5KG,2,LPG_AUGUST_2025.zip,GAS_PRICE_WATCH_AUGUST_2025___.xlsx,LPG AUGUST 2025,34,4,D34
2025-08-01,2025-08-01,5.0,STATE,Benue,Benue,Benue,North Central,FALSE,6090,NGN per refill,Average of Aug-25,TRUE,,5KG,2,LPG_AUGUST_2025.zip,GAS_PRICE_WATCH_AUGUST_2025___.xlsx,LPG AUGUST 2025,5,4,D5
2025-08-01,2025-08-01,5.0,STATE,Borno,Borno,Borno,North East,FALSE,6070.5560000000005,NGN per refill,Average of Aug-25,TRUE,,5KG,2,LPG_AUGUST_2025.zip,GAS_PRICE_WATCH_AUGUST_2025___.xlsx,LPG AUGUST 2025,14,4,D14
2025-08-01,2025-08-01,5.0,STATE,Cross River,Cross River,Cross River,South South,FALSE,6225.5560000000005,NGN per refill,Average of Aug-25,TRUE,,5KG,2,LPG_AUGUST_2025.zip,GAS_PRICE_WATCH_AUGUST_2025___.xlsx,LPG AUGUST 2025,35,4,D35
2025-08-01,2025-08-01,5.0,STATE,Delta,Delta,Delta,South South,FALSE,5657.5,NGN per refill,Average of Aug-25,TRUE,,5KG,2,LPG_AUGUST_2025.zip,GAS_PRICE_WATCH_AUGUST_2025___.xlsx,LPG AUGUST 2025,36,4,D36
2025-08-01,2025-08-01,5.0,STATE,Ebonyi,Ebonyi,Ebonyi,South East,FALSE,6343.666666666681,NGN per refill,Average of Aug-25,TRUE,,5KG,2,LPG_AUGUST_2025.zip,GAS_PRICE_WATCH_AUGUST_2025___.xlsx,LPG AUGUST 2025,29,4,D29
2025-08-01,2025-08-01,5.0,STATE,Edo,Edo,Edo,South South,FALSE,6485,NGN per refill,Average of Aug-25,TRUE,,5KG,2,LPG_AUGUST_2025.zip,GAS_PRICE_WATCH_AUGUST_2025___.xlsx,LPG AUGUST 2025,37,4,D37
2025-08-01,2025-08-01,5.0,STATE,Ekiti,Ekiti,Ekiti,South West,FALSE,6263,NGN per refill,Average of Aug-25,TRUE,,5KG,2,LPG_AUGUST_2025.zip,GAS_PRICE_WATCH_AUGUST_2025___.xlsx,LPG AUGUST 2025,40,4,D40
2025-08-01,2025-08-01,5.0,STATE,Enugu,Enugu,Enugu,South East,FALSE,6386.65,NGN per refill,Average of Aug-25,TRUE,,5KG,2,LPG_AUGUST_2025.zip,GAS_PRICE_WATCH_AUGUST_2025___.xlsx,LPG AUGUST 2025,30,4,D30
2025-08-01,2025-08-01,5.0,STATE,Gombe,Gombe,Gombe,North East,FALSE,6528.43666666668,NGN per refill,Average of Aug-25,TRUE,,5KG,2,LPG_AUGUST_2025.zip,GAS_PRICE_WATCH_AUGUST_2025___.xlsx,LPG AUGUST 2025,15,4,D15
2025-08-01,2025-08-01,5.0,STATE,Imo,Imo,Imo,South East,FALSE,6071.031199999999,NGN per refill,Average of Aug-25,TRUE,,5KG,2,LPG_AUGUST_2025.zip,GAS_PRICE_WATCH_AUGUST_2025___.xlsx,LPG AUGUST 2025,31,4,D31
2025-08-01,2025-08-01,5.0,STATE,Jigawa,Jigawa,Jigawa,North West,FALSE,6448.039,NGN per refill,Average of Aug-25,TRUE,,5KG,2,LPG_AUGUST_2025.zip,GAS_PRICE_WATCH_AUGUST_2025___.xlsx,LPG AUGUST 2025,19,4,D19
2025-08-01,2025-08-01,5.0,STATE,Kaduna,Kaduna,Kaduna,North West,FALSE,6461.51866666668,NGN per refill,Average of Aug-25,TRUE,,5KG,2,LPG_AUGUST_2025.zip,GAS_PRICE_WATCH_AUGUST_2025___.xlsx,LPG AUGUST 2025,20,4,D20
2025-08-01,2025-08-01,5.0,STATE,Kano,Kano,Kano,North West,FALSE,6267.666666666681,NGN per refill,Average of Aug-25,TRUE,,5KG,2,LPG_AUGUST_2025.zip,GAS_PRICE_WATCH_AUGUST_2025___.xlsx,LPG AUGUST 2025,21,4,D21
2025-08-01,2025-08-01,5.0,STATE,Katsina,Katsina,Katsina,North West,FALSE,6945.214285714286,NGN per refill,Average of Aug-25,TRUE,,5KG,2,LPG_AUGUST_2025.zip,GAS_PRICE_WATCH_AUGUST_2025___.xlsx,LPG AUGUST 2025,22,4,D22
2025-08-01,2025-08-01,5.0,STATE,Kebbi,Kebbi,Kebbi,North West,FALSE,6457.166666666681,NGN per refill,Average of Aug-25,TRUE,,5KG,2,LPG_AUGUST_2025.zip,GAS_PRICE_WATCH_AUGUST_2025___.xlsx,LPG AUGUST 2025,23,4,D23
2025-08-01,2025-08-01,5.0,STATE,Kogi,Kogi,Kogi,North Central,FALSE,6361.799999999999,NGN per refill,Average of Aug-25,TRUE,,5KG,2,LPG_AUGUST_2025.zip,GAS_PRICE_WATCH_AUGUST_2025___.xlsx,LPG AUGUST 2025,6,4,D6
2025-08-01,2025-08-01,5.0,STATE,Kwara,Kwara,Kwara,North Central,FALSE,6407.25,NGN per refill,Average of Aug-25,TRUE,,5KG,2,LPG_AUGUST_2025.zip,GAS_PRICE_WATCH_AUGUST_2025___.xlsx,LPG AUGUST 2025,7,4,D7
2025-08-01,2025-08-01,5.0,STATE,Lagos,Lagos,Lagos,South West,FALSE,6545.214285714286,NGN per refill,Average of Aug-25,TRUE,,5KG,2,LPG_AUGUST_2025.zip,GAS_PRICE_WATCH_AUGUST_2025___.xlsx,LPG AUGUST 2025,41,4,D41
2025-08-01,2025-08-01,5.0,STATE,Nasarawa,Nasarawa,Nasarawa,North Central,FALSE,6306.09485714284,NGN per refill,Average of Aug-25,TRUE,,5KG,2,LPG_AUGUST_2025.zip,GAS_PRICE_WATCH_AUGUST_2025___.xlsx,LPG AUGUST 2025,8,4,D8
2025-08-01,2025-08-01,5.0,STATE,Niger,Niger,Niger,North Central,FALSE,6442.5,NGN per refill,Average of Aug-25,TRUE,,5KG,2,LPG_AUGUST_2025.zip,GAS_PRICE_WATCH_AUGUST_2025___.xlsx,LPG AUGUST 2025,9,4,D9
2025-08-01,2025-08-01,5.0,STATE,Ogun,Ogun,Ogun,South West,FALSE,6081.771428571439,NGN per refill,Average of Aug-25,TRUE,,5KG,2,LPG_AUGUST_2025.zip,GAS_PRICE_WATCH_AUGUST_2025___.xlsx,LPG AUGUST 2025,42,4,D42
2025-08-01,2025-08-01,5.0,STATE,Ondo,Ondo,Ondo,South West,FALSE,6320.599999999999,NGN per refill,Average of Aug-25,TRUE,,5KG,2,LPG_AUGUST_2025.zip,GAS_PRICE_WATCH_AUGUST_2025___.xlsx,LPG AUGUST 2025,43,4,D43
2025-08-01,2025-08-01,5.0,STATE,Osun,Osun,Osun,South West,FALSE,6616.866666666667,NGN per refill,Average of Aug-25,TRUE,,5KG,2,LPG_AUGUST_2025.zip,GAS_PRICE_WATCH_AUGUST_2025___.xlsx,LPG AUGUST 2025,44,4,D44
2025-08-01,2025-08-01,5.0,STATE,Oyo,Oyo,Oyo,South West,FALSE,6248.952,NGN per refill,Average of Aug-25,TRUE,,5KG,2,LPG_AUGUST_2025.zip,GAS_PRICE_WATCH_AUGUST_2025___.xlsx,LPG AUGUST 2025,45,4,D45
2025-08-01,2025-08-01,5.0,STATE,Plateau,Plateau,Plateau,North Central,FALSE,6784.424,NGN per refill,Average of Aug-25,TRUE,,5KG,2,LPG_AUGUST_2025.zip,GAS_PRICE_WATCH_AUGUST_2025___.xlsx,LPG AUGUST 2025,10,4,D10
2025-08-01,2025-08-01,5.0,STATE,Rivers,Rivers,Rivers,South South,FALSE,6886.49257142856,NGN per refill,Average of Aug-25,TRUE,,5KG,2,LPG_AUGUST_2025.zip,GAS_PRICE_WATCH_AUGUST_2025___.xlsx,LPG AUGUST 2025,38,4,D38
2025-08-01,2025-08-01,5.0,STATE,Sokoto,Sokoto,Sokoto,North West,FALSE,6559.54285714284,NGN per refill,Average of Aug-25,TRUE,,5KG,2,LPG_AUGUST_2025.zip,GAS_PRICE_WATCH_AUGUST_2025___.xlsx,LPG AUGUST 2025,24,4,D24
2025-08-01,2025-08-01,5.0,STATE,Taraba,Taraba,Taraba,North East,FALSE,6893.11822222224,NGN per refill,Average of Aug-25,TRUE,,5KG,2,LPG_AUGUST_2025.zip,GAS_PRICE_WATCH_AUGUST_2025___.xlsx,LPG AUGUST 2025,16,4,D16
2025-08-01,2025-08-01,5.0,STATE,Yobe,Yobe,Yobe,North East,FALSE,6754.967999999999,NGN per refill,Average of Aug-25,TRUE,,5KG,2,LPG_AUGUST_2025.zip,GAS_PRICE_WATCH_AUGUST_2025___.xlsx,LPG AUGUST 2025,17,4,D17
2025-08-01,2025-08-01,5.0,STATE,Zamfara,Zamfara,Zamfara,North West,FALSE,6176.2405,NGN per refill,Average of Aug-25,TRUE,,5KG,2,LPG_AUGUST_2025.zip,GAS_PRICE_WATCH_AUGUST_2025___.xlsx,LPG AUGUST 2025,25,4,D25
2025-08-01,2025-08-01,5.0,ZONE,North Central,NORTH CENTRAL,,North Central,TRUE,6387.148336734691,NGN per refill,Average of Aug-25,TRUE,,5KG,2,LPG_AUGUST_2025.zip,GAS_PRICE_WATCH_AUGUST_2025___.xlsx,LPG AUGUST 2025,3,4,D3
2025-08-01,2025-08-01,5.0,ZONE,North East,NORTH EAST,,North East,TRUE,6465.631481481487,NGN per refill,Average of Aug-25,TRUE,,5KG,2,LPG_AUGUST_2025.zip,GAS_PRICE_WATCH_AUGUST_2025___.xlsx,LPG AUGUST 2025,11,4,D11
2025-08-01,2025-08-01,5.0,ZONE,North West,NORTH WEST,,North West,TRUE,6473.626948979596,NGN per refill,Average of Aug-25,TRUE,,5KG,2,LPG_AUGUST_2025.zip,GAS_PRICE_WATCH_AUGUST_2025___.xlsx,LPG AUGUST 2025,18,4,D18
2025-08-01,2025-08-01,5.0,ZONE,South East,SOUTH EAST,,South East,TRUE,6413.1076685714315,NGN per refill,Average of Aug-25,TRUE,,5KG,2,LPG_AUGUST_2025.zip,GAS_PRICE_WATCH_AUGUST_2025___.xlsx,LPG AUGUST 2025,26,4,D26
2025-08-01,2025-08-01,5.0,ZONE,South South,SOUTH SOUTH,,South South,TRUE,6331.286666666667,NGN per refill,Average of Aug-25,TRUE,,5KG,2,LPG_AUGUST_2025.zip,GAS_PRICE_WATCH_AUGUST_2025___.xlsx,LPG AUGUST 2025,32,4,D32
2025-08-01,2025-08-01,5.0,ZONE,South West,SOUTH WEST,,South West,TRUE,6346.067396825398,NGN per refill,Average of Aug-25,TRUE,,5KG,2,LPG_AUGUST_2025.zip,GAS_PRICE_WATCH_AUGUST_2025___.xlsx,LPG AUGUST 2025,39,4,D39
2025-08-01,2025-08-01,5.0,NATIONAL,Nigeria,Average,,,TRUE,6404.023746289147,NGN per refill,Average of Aug-25,TRUE,,5KG,2,LPG_AUGUST_2025.zip,GAS_PRICE_WATCH_AUGUST_2025___.xlsx,LPG AUGUST 2025,46,4,D46
2025-08-01,2025-08-01,12.5,STATE,Abia,Abia,Abia,South East,FALSE,16638.333333333332,NGN per refill,Average of Aug-25,TRUE,,12.5KG,2,LPG_AUGUST_2025.zip,GAS_PRICE_WATCH_AUGUST_2025___.xlsx,LPG AUGUST 2025,27,12,L27
2025-08-01,2025-08-01,12.5,STATE,Abuja,Abuja,Abuja,North Central,FALSE,16794.92375,NGN per refill,Average of Aug-25,TRUE,,12.5KG,2,LPG_AUGUST_2025.zip,GAS_PRICE_WATCH_AUGUST_2025___.xlsx,LPG AUGUST 2025,4,12,L4
2025-08-01,2025-08-01,12.5,STATE,Adamawa,Adamawa,Adamawa,North East,FALSE,16872.4,NGN per refill,Average of Aug-25,TRUE,,12.5KG,2,LPG_AUGUST_2025.zip,GAS_PRICE_WATCH_AUGUST_2025___.xlsx,LPG AUGUST 2025,12,12,L12
2025-08-01,2025-08-01,12.5,STATE,Akwa Ibom,Akwa Ibom,Akwa Ibom,South South,FALSE,16505.4285714286,NGN per refill,Average of Aug-25,TRUE,,12.5KG,2,LPG_AUGUST_2025.zip,GAS_PRICE_WATCH_AUGUST_2025___.xlsx,LPG AUGUST 2025,33,12,L33
2025-08-01,2025-08-01,12.5,STATE,Anambra,Anambra,Anambra,South East,FALSE,16522.14285714286,NGN per refill,Average of Aug-25,TRUE,,12.5KG,2,LPG_AUGUST_2025.zip,GAS_PRICE_WATCH_AUGUST_2025___.xlsx,LPG AUGUST 2025,28,12,L28
2025-08-01,2025-08-01,12.5,STATE,Bauchi,Bauchi,Bauchi,North East,FALSE,16484.375,NGN per refill,Average of Aug-25,TRUE,,12.5KG,2,LPG_AUGUST_2025.zip,GAS_PRICE_WATCH_AUGUST_2025___.xlsx,LPG AUGUST 2025,13,12,L13
2025-08-01,2025-08-01,12.5,STATE,Bayelsa,Bayelsa,Bayelsa,South South,FALSE,16527.5,NGN per refill,Average of Aug-25,TRUE,,12.5KG,2,LPG_AUGUST_2025.zip,GAS_PRICE_WATCH_AUGUST_2025___.xlsx,LPG AUGUST 2025,34,12,L34
2025-08-01,2025-08-01,12.5,STATE,Benue,Benue,Benue,North Central,FALSE,15102.5,NGN per refill,Average of Aug-25,TRUE,,12.5KG,2,LPG_AUGUST_2025.zip,GAS_PRICE_WATCH_AUGUST_2025___.xlsx,LPG AUGUST 2025,5,12,L5
2025-08-01,2025-08-01,12.5,STATE,Borno,Borno,Borno,North East,FALSE,15176.39,NGN per refill,Average of Aug-25,TRUE,,12.5KG,2,LPG_AUGUST_2025.zip,GAS_PRICE_WATCH_AUGUST_2025___.xlsx,LPG AUGUST 2025,14,12,L14
2025-08-01,2025-08-01,12.5,STATE,Cross River,Cross River,Cross River,South South,FALSE,15563.89,NGN per refill,Average of Aug-25,TRUE,,12.5KG,2,LPG_AUGUST_2025.zip,GAS_PRICE_WATCH_AUGUST_2025___.xlsx,LPG AUGUST 2025,35,12,L35
2025-08-01,2025-08-01,12.5,STATE,Delta,Delta,Delta,South South,FALSE,16343.75,NGN per refill,Average of Aug-25,TRUE,,12.5KG,2,LPG_AUGUST_2025.zip,GAS_PRICE_WATCH_AUGUST_2025___.xlsx,LPG AUGUST 2025,36,12,L36
2025-08-01,2025-08-01,12.5,STATE,Ebonyi,Ebonyi,Ebonyi,South East,FALSE,16859.1666666667,NGN per refill,Average of Aug-25,TRUE,,12.5KG,2,LPG_AUGUST_2025.zip,GAS_PRICE_WATCH_AUGUST_2025___.xlsx,LPG AUGUST 2025,29,12,L29
2025-08-01,2025-08-01,12.5,STATE,Edo,Edo,Edo,South South,FALSE,16212.5,NGN per refill,Average of Aug-25,TRUE,,12.5KG,2,LPG_AUGUST_2025.zip,GAS_PRICE_WATCH_AUGUST_2025___.xlsx,LPG AUGUST 2025,37,12,L37
2025-08-01,2025-08-01,12.5,STATE,Ekiti,Ekiti,Ekiti,South West,FALSE,15657.5,NGN per refill,Average of Aug-25,TRUE,,12.5KG,2,LPG_AUGUST_2025.zip,GAS_PRICE_WATCH_AUGUST_2025___.xlsx,LPG AUGUST 2025,40,12,L40
2025-08-01,2025-08-01,12.5,STATE,Enugu,Enugu,Enugu,South East,FALSE,16525.833333333332,NGN per refill,Average of Aug-25,TRUE,,12.5KG,2,LPG_AUGUST_2025.zip,GAS_PRICE_WATCH_AUGUST_2025___.xlsx,LPG AUGUST 2025,30,12,L30
2025-08-01,2025-08-01,12.5,STATE,Gombe,Gombe,Gombe,North East,FALSE,16321.0916666667,NGN per refill,Average of Aug-25,TRUE,,12.5KG,2,LPG_AUGUST_2025.zip,GAS_PRICE_WATCH_AUGUST_2025___.xlsx,LPG AUGUST 2025,15,12,L15
2025-08-01,2025-08-01,12.5,STATE,Imo,Imo,Imo,South East,FALSE,15177.578,NGN per refill,Average of Aug-25,TRUE,,12.5KG,2,LPG_AUGUST_2025.zip,GAS_PRICE_WATCH_AUGUST_2025___.xlsx,LPG AUGUST 2025,31,12,L31
2025-08-01,2025-08-01,12.5,STATE,Jigawa,Jigawa,Jigawa,North West,FALSE,16120.0975,NGN per refill,Average of Aug-25,TRUE,,12.5KG,2,LPG_AUGUST_2025.zip,GAS_PRICE_WATCH_AUGUST_2025___.xlsx,LPG AUGUST 2025,19,12,L19
2025-08-01,2025-08-01,12.5,STATE,Kaduna,Kaduna,Kaduna,North West,FALSE,16153.7966666667,NGN per refill,Average of Aug-25,TRUE,,12.5KG,2,LPG_AUGUST_2025.zip,GAS_PRICE_WATCH_AUGUST_2025___.xlsx,LPG AUGUST 2025,20,12,L20
2025-08-01,2025-08-01,12.5,STATE,Kano,Kano,Kano,North West,FALSE,16487.758333333335,NGN per refill,Average of Aug-25,TRUE,,12.5KG,2,LPG_AUGUST_2025.zip,GAS_PRICE_WATCH_AUGUST_2025___.xlsx,LPG AUGUST 2025,21,12,L21
2025-08-01,2025-08-01,12.5,STATE,Katsina,Katsina,Katsina,North West,FALSE,16363.0357142857,NGN per refill,Average of Aug-25,TRUE,,12.5KG,2,LPG_AUGUST_2025.zip,GAS_PRICE_WATCH_AUGUST_2025___.xlsx,LPG AUGUST 2025,22,12,L22
2025-08-01,2025-08-01,12.5,STATE,Kebbi,Taraba,Kebbi,North West,FALSE,16142.9166666667,NGN per refill,Average of Aug-25,TRUE,LPG_12_5KG_KEBBI_LABELLED_TARABA,12.5KG,2,LPG_AUGUST_2025.zip,GAS_PRICE_WATCH_AUGUST_2025___.xlsx,LPG AUGUST 2025,23,12,L23
2025-08-01,2025-08-01,12.5,STATE,Kogi,Kogi,Kogi,North Central,FALSE,15904.5,NGN per refill,Average of Aug-25,TRUE,,12.5KG,2,LPG_AUGUST_2025.zip,GAS_PRICE_WATCH_AUGUST_2025___.xlsx,LPG AUGUST 2025,6,12,L6
2025-08-01,2025-08-01,12.5,STATE,Kwara,Kwara,Kwara,North Central,FALSE,16018.125,NGN per refill,Average of Aug-25,TRUE,,12.5KG,2,LPG_AUGUST_2025.zip,GAS_PRICE_WATCH_AUGUST_2025___.xlsx,LPG AUGUST 2025,7,12,L7
2025-08-01,2025-08-01,12.5,STATE,Lagos,Lagos,Lagos,South West,FALSE,16363.035714285714,NGN per refill,Average of Aug-25,TRUE,,12.5KG,2,LPG_AUGUST_2025.zip,GAS_PRICE_WATCH_AUGUST_2025___.xlsx,LPG AUGUST 2025,41,12,L41
2025-08-01,2025-08-01,12.5,STATE,Nasarawa,Nasarawa,Nasarawa,North Central,FALSE,15765.2371428571,NGN per refill,Average of Aug-25,TRUE,,12.5KG,2,LPG_AUGUST_2025.zip,GAS_PRICE_WATCH_AUGUST_2025___.xlsx,LPG AUGUST 2025,8,12,L8
2025-08-01,2025-08-01,12.5,STATE,Niger,Niger,Niger,North Central,FALSE,16106.25,NGN per refill,Average of Aug-25,TRUE,,12.5KG,2,LPG_AUGUST_2025.zip,GAS_PRICE_WATCH_AUGUST_2025___.xlsx,LPG AUGUST 2025,9,12,L9
2025-08-01,2025-08-01,12.5,STATE,Ogun,Ogun,Ogun,South West,FALSE,15204.4285714286,NGN per refill,Average of Aug-25,TRUE,,12.5KG,2,LPG_AUGUST_2025.zip,GAS_PRICE_WATCH_AUGUST_2025___.xlsx,LPG AUGUST 2025,42,12,L42
2025-08-01,2025-08-01,12.5,STATE,Ondo,Ondo,Ondo,South West,FALSE,15801.5,NGN per refill,Average of Aug-25,TRUE,,12.5KG,2,LPG_AUGUST_2025.zip,GAS_PRICE_WATCH_AUGUST_2025___.xlsx,LPG AUGUST 2025,43,12,L43
2025-08-01,2025-08-01,12.5,STATE,Osun,Osun,Osun,South West,FALSE,16542.166666666668,NGN per refill,Average of Aug-25,TRUE,,12.5KG,2,LPG_AUGUST_2025.zip,GAS_PRICE_WATCH_AUGUST_2025___.xlsx,LPG AUGUST 2025,44,12,L44
2025-08-01,2025-08-01,12.5,STATE,Oyo,Oyo,Oyo,South West,FALSE,15622.380000000001,NGN per refill,Average of Aug-25,TRUE,,12.5KG,2,LPG_AUGUST_2025.zip,GAS_PRICE_WATCH_AUGUST_2025___.xlsx,LPG AUGUST 2025,45,12,L45
2025-08-01,2025-08-01,12.5,STATE,Plateau,Plateau,Plateau,North Central,FALSE,16761.06,NGN per refill,Average of Aug-25,TRUE,,12.5KG,2,LPG_AUGUST_2025.zip,GAS_PRICE_WATCH_AUGUST_2025___.xlsx,LPG AUGUST 2025,10,12,L10
2025-08-01,2025-08-01,12.5,STATE,Rivers,Rivers,Rivers,South South,FALSE,16216.2314285714,NGN per refill,Average of Aug-25,TRUE,,12.5KG,2,LPG_AUGUST_2025.zip,GAS_PRICE_WATCH_AUGUST_2025___.xlsx,LPG AUGUST 2025,38,12,L38
2025-08-01,2025-08-01,12.5,STATE,Sokoto,Sokoto,Sokoto,North West,FALSE,16398.8571428571,NGN per refill,Average of Aug-25,TRUE,,12.5KG,2,LPG_AUGUST_2025.zip,GAS_PRICE_WATCH_AUGUST_2025___.xlsx,LPG AUGUST 2025,24,12,L24
2025-08-01,2025-08-01,12.5,STATE,Taraba,Taraba,Taraba,North East,FALSE,16232.7955555556,NGN per refill,Average of Aug-25,TRUE,,12.5KG,2,LPG_AUGUST_2025.zip,GAS_PRICE_WATCH_AUGUST_2025___.xlsx,LPG AUGUST 2025,16,12,L16
2025-08-01,2025-08-01,12.5,STATE,Yobe,Yobe,Yobe,North East,FALSE,16887.42,NGN per refill,Average of Aug-25,TRUE,,12.5KG,2,LPG_AUGUST_2025.zip,GAS_PRICE_WATCH_AUGUST_2025___.xlsx,LPG AUGUST 2025,17,12,L17
2025-08-01,2025-08-01,12.5,STATE,Zamfara,Zamfara,Zamfara,North West,FALSE,16840.60125,NGN per refill,Average of Aug-25,TRUE,,12.5KG,2,LPG_AUGUST_2025.zip,GAS_PRICE_WATCH_AUGUST_2025___.xlsx,LPG AUGUST 2025,25,12,L25
2025-08-01,2025-08-01,12.5,ZONE,North Central,NORTH CENTRAL,,North Central,TRUE,16064.656556122443,NGN per refill,Average of Aug-25,TRUE,,12.5KG,2,LPG_AUGUST_2025.zip,GAS_PRICE_WATCH_AUGUST_2025___.xlsx,LPG AUGUST 2025,3,12,L3
2025-08-01,2025-08-01,12.5,ZONE,North East,NORTH EAST,,North East,TRUE,16329.078703703715,NGN per refill,Average of Aug-25,TRUE,,12.5KG,2,LPG_AUGUST_2025.zip,GAS_PRICE_WATCH_AUGUST_2025___.xlsx,LPG AUGUST 2025,11,12,L11
2025-08-01,2025-08-01,12.5,ZONE,North West,NORTH WEST,,North West,TRUE,16358.151896258505,NGN per refill,Average of Aug-25,TRUE,,12.5KG,2,LPG_AUGUST_2025.zip,GAS_PRICE_WATCH_AUGUST_2025___.xlsx,LPG AUGUST 2025,18,12,L18
2025-08-01,2025-08-01,12.5,ZONE,South East,SOUTH EAST,,South East,TRUE,16344.610838095245,NGN per refill,Average of Aug-25,TRUE,,12.5KG,2,LPG_AUGUST_2025.zip,GAS_PRICE_WATCH_AUGUST_2025___.xlsx,LPG AUGUST 2025,26,12,L26
2025-08-01,2025-08-01,12.5,ZONE,South South,SOUTH SOUTH,,South South,TRUE,16228.216666666665,NGN per refill,Average of Aug-25,TRUE,,12.5KG,2,LPG_AUGUST_2025.zip,GAS_PRICE_WATCH_AUGUST_2025___.xlsx,LPG AUGUST 2025,32,12,L32
2025-08-01,2025-08-01,12.5,ZONE,South West,SOUTH WEST,,South West,TRUE,15865.168492063496,NGN per refill,Average of Aug-25,TRUE,,12.5KG,2,LPG_AUGUST_2025.zip,GAS_PRICE_WATCH_AUGUST_2025___.xlsx,LPG AUGUST 2025,39,12,L39
2025-08-01,2025-08-01,12.5,NATIONAL,Nigeria,Average,,,TRUE,16195.067473830974,NGN per refill,Average of Aug-25,TRUE,,12.5KG,2,LPG_AUGUST_2025.zip,GAS_PRICE_WATCH_AUGUST_2025___.xlsx,LPG AUGUST 2025,46,12,L46
2025-09-01,2024-09-01,5.0,STATE,Abia,Abia,Abia,South East,FALSE,6818.181818181818,NGN per refill,Average of Sept-24,FALSE,,5KG,2,LPG_Report_Sept_2025.zip,GAS_PRICE_WATCH_SEPTEMBER_2025.xlsx,LPG_SEPTEMBER_2025,27,2,B27
2025-09-01,2024-09-01,5.0,STATE,Abuja,Abuja,Abuja,North Central,FALSE,6690.625,NGN per refill,Average of Sept-24,FALSE,,5KG,2,LPG_Report_Sept_2025.zip,GAS_PRICE_WATCH_SEPTEMBER_2025.xlsx,LPG_SEPTEMBER_2025,4,2,B4
2025-09-01,2024-09-01,5.0,STATE,Adamawa,Adamawa,Adamawa,North East,FALSE,6650,NGN per refill,Average of Sept-24,FALSE,,5KG,2,LPG_Report_Sept_2025.zip,GAS_PRICE_WATCH_SEPTEMBER_2025.xlsx,LPG_SEPTEMBER_2025,12,2,B12
2025-09-01,2024-09-01,5.0,STATE,Akwa Ibom,Akwa Ibom,Akwa Ibom,South South,FALSE,6883.333333333333,NGN per refill,Average of Sept-24,FALSE,,5KG,2,LPG_Report_Sept_2025.zip,GAS_PRICE_WATCH_SEPTEMBER_2025.xlsx,LPG_SEPTEMBER_2025,33,2,B33
2025-09-01,2024-09-01,5.0,STATE,Anambra,Anambra,Anambra,South East,FALSE,7083.333333333333,NGN per refill,Average of Sept-24,FALSE,,5KG,2,LPG_Report_Sept_2025.zip,GAS_PRICE_WATCH_SEPTEMBER_2025.xlsx,LPG_SEPTEMBER_2025,28,2,B28
2025-09-01,2024-09-01,5.0,STATE,Bauchi,Bauchi,Bauchi,North East,FALSE,6587.5,NGN per refill,Average of Sept-24,FALSE,,5KG,2,LPG_Report_Sept_2025.zip,GAS_PRICE_WATCH_SEPTEMBER_2025.xlsx,LPG_SEPTEMBER_2025,13,2,B13
2025-09-01,2024-09-01,5.0,STATE,Bayelsa,Bayelsa,Bayelsa,South South,FALSE,6500,NGN per refill,Average of Sept-24,FALSE,,5KG,2,LPG_Report_Sept_2025.zip,GAS_PRICE_WATCH_SEPTEMBER_2025.xlsx,LPG_SEPTEMBER_2025,34,2,B34
2025-09-01,2024-09-01,5.0,STATE,Benue,Benue,Benue,North Central,FALSE,6143.522727272727,NGN per refill,Average of Sept-24,FALSE,,5KG,2,LPG_Report_Sept_2025.zip,GAS_PRICE_WATCH_SEPTEMBER_2025.xlsx,LPG_SEPTEMBER_2025,5,2,B5
2025-09-01,2024-09-01,5.0,STATE,Borno,Borno,Borno,North East,FALSE,7089.722222222223,NGN per refill,Average of Sept-24,FALSE,,5KG,2,LPG_Report_Sept_2025.zip,GAS_PRICE_WATCH_SEPTEMBER_2025.xlsx,LPG_SEPTEMBER_2025,14,2,B14
2025-09-01,2024-09-01,5.0,STATE,Cross River,Cross River,Cross River,South South,FALSE,6718.75,NGN per refill,Average of Sept-24,FALSE,,5KG,2,LPG_Report_Sept_2025.zip,GAS_PRICE_WATCH_SEPTEMBER_2025.xlsx,LPG_SEPTEMBER_2025,35,2,B35
2025-09-01,2024-09-01,5.0,STATE,Delta,Delta,Delta,South South,FALSE,6416.666666666667,NGN per refill,Average of Sept-24,FALSE,,5KG,2,LPG_Report_Sept_2025.zip,GAS_PRICE_WATCH_SEPTEMBER_2025.xlsx,LPG_SEPTEMBER_2025,36,2,B36
2025-09-01,2024-09-01,5.0,STATE,Ebonyi,Ebonyi,Ebonyi,South East,FALSE,6808.571428571428,NGN per refill,Average of Sept-24,FALSE,,5KG,2,LPG_Report_Sept_2025.zip,GAS_PRICE_WATCH_SEPTEMBER_2025.xlsx,LPG_SEPTEMBER_2025,29,2,B29
2025-09-01,2024-09-01,5.0,STATE,Edo,Edo,Edo,South South,FALSE,6968.75,NGN per refill,Average of Sept-24,FALSE,,5KG,2,LPG_Report_Sept_2025.zip,GAS_PRICE_WATCH_SEPTEMBER_2025.xlsx,LPG_SEPTEMBER_2025,37,2,B37
2025-09-01,2024-09-01,5.0,STATE,Ekiti,Ekiti,Ekiti,South West,FALSE,6600,NGN per refill,Average of Sept-24,FALSE,,5KG,2,LPG_Report_Sept_2025.zip,GAS_PRICE_WATCH_SEPTEMBER_2025.xlsx,LPG_SEPTEMBER_2025,40,2,B40
2025-09-01,2024-09-01,5.0,STATE,Enugu,Enugu,Enugu,South East,FALSE,6869.047619047619,NGN per refill,Average of Sept-24,FALSE,,5KG,2,LPG_Report_Sept_2025.zip,GAS_PRICE_WATCH_SEPTEMBER_2025.xlsx,LPG_SEPTEMBER_2025,30,2,B30
2025-09-01,2024-09-01,5.0,STATE,Gombe,Gombe,Gombe,North East,FALSE,7271.875,NGN per refill,Average of Sept-24,FALSE,,5KG,2,LPG_Report_Sept_2025.zip,GAS_PRICE_WATCH_SEPTEMBER_2025.xlsx,LPG_SEPTEMBER_2025,15,2,B15
2025-09-01,2024-09-01,5.0,STATE,Imo,Imo,Imo,South East,FALSE,6888.235294117647,NGN per refill,Average of Sept-24,FALSE,,5KG,2,LPG_Report_Sept_2025.zip,GAS_PRICE_WATCH_SEPTEMBER_2025.xlsx,LPG_SEPTEMBER_2025,31,2,B31
2025-09-01,2024-09-01,5.0,STATE,Jigawa,Jigawa,Jigawa,North West,FALSE,6277.777777777777,NGN per refill,Average of Sept-24,FALSE,,5KG,2,LPG_Report_Sept_2025.zip,GAS_PRICE_WATCH_SEPTEMBER_2025.xlsx,LPG_SEPTEMBER_2025,19,2,B19
2025-09-01,2024-09-01,5.0,STATE,Kaduna,Kaduna,Kaduna,North West,FALSE,6470.833333333333,NGN per refill,Average of Sept-24,FALSE,,5KG,2,LPG_Report_Sept_2025.zip,GAS_PRICE_WATCH_SEPTEMBER_2025.xlsx,LPG_SEPTEMBER_2025,20,2,B20
2025-09-01,2024-09-01,5.0,STATE,Kano,Kano,Kano,North West,FALSE,6133.333333333333,NGN per refill,Average of Sept-24,FALSE,,5KG,2,LPG_Report_Sept_2025.zip,GAS_PRICE_WATCH_SEPTEMBER_2025.xlsx,LPG_SEPTEMBER_2025,21,2,B21
2025-09-01,2024-09-01,5.0,STATE,Katsina,Katsina,Katsina,North West,FALSE,6683.333333333333,NGN per refill,Average of Sept-24,FALSE,,5KG,2,LPG_Report_Sept_2025.zip,GAS_PRICE_WATCH_SEPTEMBER_2025.xlsx,LPG_SEPTEMBER_2025,22,2,B22
2025-09-01,2024-09-01,5.0,STATE,Kebbi,Kebbi,Kebbi,North West,FALSE,5950,NGN per refill,Average of Sept-24,FALSE,,5KG,2,LPG_Report_Sept_2025.zip,GAS_PRICE_WATCH_SEPTEMBER_2025.xlsx,LPG_SEPTEMBER_2025,23,2,B23
2025-09-01,2024-09-01,5.0,STATE,Kogi,Kogi,Kogi,North Central,FALSE,6421.428571428572,NGN per refill,Average of Sept-24,FALSE,,5KG,2,LPG_Report_Sept_2025.zip,GAS_PRICE_WATCH_SEPTEMBER_2025.xlsx,LPG_SEPTEMBER_2025,6,2,B6
2025-09-01,2024-09-01,5.0,STATE,Kwara,Kwara,Kwara,North Central,FALSE,6771.875,NGN per refill,Average of Sept-24,FALSE,,5KG,2,LPG_Report_Sept_2025.zip,GAS_PRICE_WATCH_SEPTEMBER_2025.xlsx,LPG_SEPTEMBER_2025,7,2,B7
2025-09-01,2024-09-01,5.0,STATE,Lagos,Lagos,Lagos,South West,FALSE,6975,NGN per refill,Average of Sept-24,FALSE,,5KG,2,LPG_Report_Sept_2025.zip,GAS_PRICE_WATCH_SEPTEMBER_2025.xlsx,LPG_SEPTEMBER_2025,41,2,B41
2025-09-01,2024-09-01,5.0,STATE,Nasarawa,Nasarawa,Nasarawa,North Central,FALSE,6528.571428571428,NGN per refill,Average of Sept-24,FALSE,,5KG,2,LPG_Report_Sept_2025.zip,GAS_PRICE_WATCH_SEPTEMBER_2025.xlsx,LPG_SEPTEMBER_2025,8,2,B8
2025-09-01,2024-09-01,5.0,STATE,Niger,Niger,Niger,North Central,FALSE,6706.427083333333,NGN per refill,Average of Sept-24,FALSE,,5KG,2,LPG_Report_Sept_2025.zip,GAS_PRICE_WATCH_SEPTEMBER_2025.xlsx,LPG_SEPTEMBER_2025,9,2,B9
2025-09-01,2024-09-01,5.0,STATE,Ogun,Ogun,Ogun,South West,FALSE,6668.181818181818,NGN per refill,Average of Sept-24,FALSE,,5KG,2,LPG_Report_Sept_2025.zip,GAS_PRICE_WATCH_SEPTEMBER_2025.xlsx,LPG_SEPTEMBER_2025,42,2,B42
2025-09-01,2024-09-01,5.0,STATE,Ondo,Ondo,Ondo,South West,FALSE,6493.75,NGN per refill,Average of Sept-24,FALSE,,5KG,2,LPG_Report_Sept_2025.zip,GAS_PRICE_WATCH_SEPTEMBER_2025.xlsx,LPG_SEPTEMBER_2025,43,2,B43
2025-09-01,2024-09-01,5.0,STATE,Osun,Osun,Osun,South West,FALSE,6785.714285714285,NGN per refill,Average of Sept-24,FALSE,,5KG,2,LPG_Report_Sept_2025.zip,GAS_PRICE_WATCH_SEPTEMBER_2025.xlsx,LPG_SEPTEMBER_2025,44,2,B44
2025-09-01,2024-09-01,5.0,STATE,Oyo,Oyo,Oyo,South West,FALSE,6953.125,NGN per refill,Average of Sept-24,FALSE,,5KG,2,LPG_Report_Sept_2025.zip,GAS_PRICE_WATCH_SEPTEMBER_2025.xlsx,LPG_SEPTEMBER_2025,45,2,B45
2025-09-01,2024-09-01,5.0,STATE,Plateau,Plateau,Plateau,North Central,FALSE,6657.142857142857,NGN per refill,Average of Sept-24,FALSE,,5KG,2,LPG_Report_Sept_2025.zip,GAS_PRICE_WATCH_SEPTEMBER_2025.xlsx,LPG_SEPTEMBER_2025,10,2,B10
2025-09-01,2024-09-01,5.0,STATE,Rivers,Rivers,Rivers,South South,FALSE,7285.714285714285,NGN per refill,Average of Sept-24,FALSE,,5KG,2,LPG_Report_Sept_2025.zip,GAS_PRICE_WATCH_SEPTEMBER_2025.xlsx,LPG_SEPTEMBER_2025,38,2,B38
2025-09-01,2024-09-01,5.0,STATE,Sokoto,Sokoto,Sokoto,North West,FALSE,6433.333333333333,NGN per refill,Average of Sept-24,FALSE,,5KG,2,LPG_Report_Sept_2025.zip,GAS_PRICE_WATCH_SEPTEMBER_2025.xlsx,LPG_SEPTEMBER_2025,24,2,B24
2025-09-01,2024-09-01,5.0,STATE,Taraba,Taraba,Taraba,North East,FALSE,7075,NGN per refill,Average of Sept-24,FALSE,,5KG,2,LPG_Report_Sept_2025.zip,GAS_PRICE_WATCH_SEPTEMBER_2025.xlsx,LPG_SEPTEMBER_2025,16,2,B16
2025-09-01,2024-09-01,5.0,STATE,Yobe,Yobe,Yobe,North East,FALSE,6900,NGN per refill,Average of Sept-24,FALSE,,5KG,2,LPG_Report_Sept_2025.zip,GAS_PRICE_WATCH_SEPTEMBER_2025.xlsx,LPG_SEPTEMBER_2025,17,2,B17
2025-09-01,2024-09-01,5.0,STATE,Zamfara,Zamfara,Zamfara,North West,FALSE,6727.5,NGN per refill,Average of Sept-24,FALSE,,5KG,2,LPG_Report_Sept_2025.zip,GAS_PRICE_WATCH_SEPTEMBER_2025.xlsx,LPG_SEPTEMBER_2025,25,2,B25
2025-09-01,2024-09-01,5.0,ZONE,North Central,NORTH CENTRAL,,North Central,TRUE,6559.941809678417,NGN per refill,Average of Sept-24,FALSE,,5KG,2,LPG_Report_Sept_2025.zip,GAS_PRICE_WATCH_SEPTEMBER_2025.xlsx,LPG_SEPTEMBER_2025,3,2,B3
2025-09-01,2024-09-01,5.0,ZONE,North East,NORTH EAST,,North East,TRUE,6929.0162037037035,NGN per refill,Average of Sept-24,FALSE,,5KG,2,LPG_Report_Sept_2025.zip,GAS_PRICE_WATCH_SEPTEMBER_2025.xlsx,LPG_SEPTEMBER_2025,11,2,B11
2025-09-01,2024-09-01,5.0,ZONE,North West,NORTH WEST,,North West,TRUE,6382.3015873015875,NGN per refill,Average of Sept-24,FALSE,,5KG,2,LPG_Report_Sept_2025.zip,GAS_PRICE_WATCH_SEPTEMBER_2025.xlsx,LPG_SEPTEMBER_2025,18,2,B18
2025-09-01,2024-09-01,5.0,ZONE,South East,SOUTH EAST,,South East,TRUE,6893.473898650368,NGN per refill,Average of Sept-24,FALSE,,5KG,2,LPG_Report_Sept_2025.zip,GAS_PRICE_WATCH_SEPTEMBER_2025.xlsx,LPG_SEPTEMBER_2025,26,2,B26
2025-09-01,2024-09-01,5.0,ZONE,South South,SOUTH SOUTH,,South South,TRUE,6795.535714285714,NGN per refill,Average of Sept-24,FALSE,,5KG,2,LPG_Report_Sept_2025.zip,GAS_PRICE_WATCH_SEPTEMBER_2025.xlsx,LPG_SEPTEMBER_2025,32,2,B32
2025-09-01,2024-09-01,5.0,ZONE,South West,SOUTH WEST,,South West,TRUE,6745.96185064935,NGN per refill,Average of Sept-24,FALSE,,5KG,2,LPG_Report_Sept_2025.zip,GAS_PRICE_WATCH_SEPTEMBER_2025.xlsx,LPG_SEPTEMBER_2025,39,2,B39
2025-09-01,2024-09-01,5.0,NATIONAL,Nigeria,Average,,,TRUE,6699.625834701203,NGN per refill,Average of Sept-24,FALSE,,5KG,2,LPG_Report_Sept_2025.zip,GAS_PRICE_WATCH_SEPTEMBER_2025.xlsx,LPG_SEPTEMBER_2025,46,2,B46
2025-09-01,2024-09-01,12.5,STATE,Abia,Abia,Abia,South East,FALSE,16643.75,NGN per refill,Average of Sept-24,FALSE,,12.5KG,2,LPG_Report_Sept_2025.zip,GAS_PRICE_WATCH_SEPTEMBER_2025.xlsx,LPG_SEPTEMBER_2025,27,10,J27
2025-09-01,2024-09-01,12.5,STATE,Abuja,Abuja,Abuja,North Central,FALSE,17001.25,NGN per refill,Average of Sept-24,FALSE,,12.5KG,2,LPG_Report_Sept_2025.zip,GAS_PRICE_WATCH_SEPTEMBER_2025.xlsx,LPG_SEPTEMBER_2025,4,10,J4
2025-09-01,2024-09-01,12.5,STATE,Adamawa,Adamawa,Adamawa,North East,FALSE,13983.333333333334,NGN per refill,Average of Sept-24,FALSE,,12.5KG,2,LPG_Report_Sept_2025.zip,GAS_PRICE_WATCH_SEPTEMBER_2025.xlsx,LPG_SEPTEMBER_2025,12,10,J12
2025-09-01,2024-09-01,12.5,STATE,Akwa Ibom,Akwa Ibom,Akwa Ibom,South South,FALSE,15458.333333333334,NGN per refill,Average of Sept-24,FALSE,,12.5KG,2,LPG_Report_Sept_2025.zip,GAS_PRICE_WATCH_SEPTEMBER_2025.xlsx,LPG_SEPTEMBER_2025,33,10,J33
2025-09-01,2024-09-01,12.5,STATE,Anambra,Anambra,Anambra,South East,FALSE,17291.666666666668,NGN per refill,Average of Sept-24,FALSE,,12.5KG,2,LPG_Report_Sept_2025.zip,GAS_PRICE_WATCH_SEPTEMBER_2025.xlsx,LPG_SEPTEMBER_2025,28,10,J28
2025-09-01,2024-09-01,12.5,STATE,Bauchi,Bauchi,Bauchi,North East,FALSE,15000,NGN per refill,Average of Sept-24,FALSE,,12.5KG,2,LPG_Report_Sept_2025.zip,GAS_PRICE_WATCH_SEPTEMBER_2025.xlsx,LPG_SEPTEMBER_2025,13,10,J13
2025-09-01,2024-09-01,12.5,STATE,Bayelsa,Bayelsa,Bayelsa,South South,FALSE,16250,NGN per refill,Average of Sept-24,FALSE,,12.5KG,2,LPG_Report_Sept_2025.zip,GAS_PRICE_WATCH_SEPTEMBER_2025.xlsx,LPG_SEPTEMBER_2025,34,10,J34
2025-09-01,2024-09-01,12.5,STATE,Benue,Benue,Benue,North Central,FALSE,16636.986083984375,NGN per refill,Average of Sept-24,FALSE,,12.5KG,2,LPG_Report_Sept_2025.zip,GAS_PRICE_WATCH_SEPTEMBER_2025.xlsx,LPG_SEPTEMBER_2025,5,10,J5
2025-09-01,2024-09-01,12.5,STATE,Borno,Borno,Borno,North East,FALSE,15490,NGN per refill,Average of Sept-24,FALSE,,12.5KG,2,LPG_Report_Sept_2025.zip,GAS_PRICE_WATCH_SEPTEMBER_2025.xlsx,LPG_SEPTEMBER_2025,14,10,J14
2025-09-01,2024-09-01,12.5,STATE,Cross River,Cross River,Cross River,South South,FALSE,16965.625,NGN per refill,Average of Sept-24,FALSE,,12.5KG,2,LPG_Report_Sept_2025.zip,GAS_PRICE_WATCH_SEPTEMBER_2025.xlsx,LPG_SEPTEMBER_2025,35,10,J35
2025-09-01,2024-09-01,12.5,STATE,Delta,Delta,Delta,South South,FALSE,15971.666666666666,NGN per refill,Average of Sept-24,FALSE,,12.5KG,2,LPG_Report_Sept_2025.zip,GAS_PRICE_WATCH_SEPTEMBER_2025.xlsx,LPG_SEPTEMBER_2025,36,10,J36
2025-09-01,2024-09-01,12.5,STATE,Ebonyi,Ebonyi,Ebonyi,South East,FALSE,16785.714285714286,NGN per refill,Average of Sept-24,FALSE,,12.5KG,2,LPG_Report_Sept_2025.zip,GAS_PRICE_WATCH_SEPTEMBER_2025.xlsx,LPG_SEPTEMBER_2025,29,10,J29
2025-09-01,2024-09-01,12.5,STATE,Edo,Edo,Edo,South South,FALSE,17271.875,NGN per refill,Average of Sept-24,FALSE,,12.5KG,2,LPG_Report_Sept_2025.zip,GAS_PRICE_WATCH_SEPTEMBER_2025.xlsx,LPG_SEPTEMBER_2025,37,10,J37
2025-09-01,2024-09-01,12.5,STATE,Ekiti,Ekiti,Ekiti,South West,FALSE,16493.333333333332,NGN per refill,Average of Sept-24,FALSE,,12.5KG,2,LPG_Report_Sept_2025.zip,GAS_PRICE_WATCH_SEPTEMBER_2025.xlsx,LPG_SEPTEMBER_2025,40,10,J40
2025-09-01,2024-09-01,12.5,STATE,Enugu,Enugu,Enugu,South East,FALSE,17053.571428571428,NGN per refill,Average of Sept-24,FALSE,,12.5KG,2,LPG_Report_Sept_2025.zip,GAS_PRICE_WATCH_SEPTEMBER_2025.xlsx,LPG_SEPTEMBER_2025,30,10,J30
2025-09-01,2024-09-01,12.5,STATE,Gombe,Gombe,Gombe,North East,FALSE,17942.85714285714,NGN per refill,Average of Sept-24,FALSE,,12.5KG,2,LPG_Report_Sept_2025.zip,GAS_PRICE_WATCH_SEPTEMBER_2025.xlsx,LPG_SEPTEMBER_2025,15,10,J15
2025-09-01,2024-09-01,12.5,STATE,Imo,Imo,Imo,South East,FALSE,17011.764705882353,NGN per refill,Average of Sept-24,FALSE,,12.5KG,2,LPG_Report_Sept_2025.zip,GAS_PRICE_WATCH_SEPTEMBER_2025.xlsx,LPG_SEPTEMBER_2025,31,10,J31
2025-09-01,2024-09-01,12.5,STATE,Jigawa,Jigawa,Jigawa,North West,FALSE,15192.857142857143,NGN per refill,Average of Sept-24,FALSE,,12.5KG,2,LPG_Report_Sept_2025.zip,GAS_PRICE_WATCH_SEPTEMBER_2025.xlsx,LPG_SEPTEMBER_2025,19,10,J19
2025-09-01,2024-09-01,12.5,STATE,Kaduna,Kaduna,Kaduna,North West,FALSE,15945.833333333334,NGN per refill,Average of Sept-24,FALSE,,12.5KG,2,LPG_Report_Sept_2025.zip,GAS_PRICE_WATCH_SEPTEMBER_2025.xlsx,LPG_SEPTEMBER_2025,20,10,J20
2025-09-01,2024-09-01,12.5,STATE,Kano,Kano,Kano,North West,FALSE,16256.25,NGN per refill,Average of Sept-24,FALSE,,12.5KG,2,LPG_Report_Sept_2025.zip,GAS_PRICE_WATCH_SEPTEMBER_2025.xlsx,LPG_SEPTEMBER_2025,21,10,J21
2025-09-01,2024-09-01,12.5,STATE,Katsina,Katsina,Katsina,North West,FALSE,15666.666666666666,NGN per refill,Average of Sept-24,FALSE,,12.5KG,2,LPG_Report_Sept_2025.zip,GAS_PRICE_WATCH_SEPTEMBER_2025.xlsx,LPG_SEPTEMBER_2025,22,10,J22
2025-09-01,2024-09-01,12.5,STATE,Kebbi,Taraba,Kebbi,North West,FALSE,15306.25,NGN per refill,Average of Sept-24,FALSE,LPG_12_5KG_KEBBI_LABELLED_TARABA,12.5KG,2,LPG_Report_Sept_2025.zip,GAS_PRICE_WATCH_SEPTEMBER_2025.xlsx,LPG_SEPTEMBER_2025,23,10,J23
2025-09-01,2024-09-01,12.5,STATE,Kogi,Kogi,Kogi,North Central,FALSE,15702.083333333334,NGN per refill,Average of Sept-24,FALSE,,12.5KG,2,LPG_Report_Sept_2025.zip,GAS_PRICE_WATCH_SEPTEMBER_2025.xlsx,LPG_SEPTEMBER_2025,6,10,J6
2025-09-01,2024-09-01,12.5,STATE,Kwara,Kwara,Kwara,North Central,FALSE,16536.8388671875,NGN per refill,Average of Sept-24,FALSE,,12.5KG,2,LPG_Report_Sept_2025.zip,GAS_PRICE_WATCH_SEPTEMBER_2025.xlsx,LPG_SEPTEMBER_2025,7,10,J7
2025-09-01,2024-09-01,12.5,STATE,Lagos,Lagos,Lagos,South West,FALSE,16427.777777777777,NGN per refill,Average of Sept-24,FALSE,,12.5KG,2,LPG_Report_Sept_2025.zip,GAS_PRICE_WATCH_SEPTEMBER_2025.xlsx,LPG_SEPTEMBER_2025,41,10,J41
2025-09-01,2024-09-01,12.5,STATE,Nasarawa,Nasarawa,Nasarawa,North Central,FALSE,14938.5,NGN per refill,Average of Sept-24,FALSE,,12.5KG,2,LPG_Report_Sept_2025.zip,GAS_PRICE_WATCH_SEPTEMBER_2025.xlsx,LPG_SEPTEMBER_2025,8,10,J8
2025-09-01,2024-09-01,12.5,STATE,Niger,Niger,Niger,North Central,FALSE,15132.916666666666,NGN per refill,Average of Sept-24,FALSE,,12.5KG,2,LPG_Report_Sept_2025.zip,GAS_PRICE_WATCH_SEPTEMBER_2025.xlsx,LPG_SEPTEMBER_2025,9,10,J9
2025-09-01,2024-09-01,12.5,STATE,Ogun,Ogun,Ogun,South West,FALSE,16600,NGN per refill,Average of Sept-24,FALSE,,12.5KG,2,LPG_Report_Sept_2025.zip,GAS_PRICE_WATCH_SEPTEMBER_2025.xlsx,LPG_SEPTEMBER_2025,42,10,J42
2025-09-01,2024-09-01,12.5,STATE,Ondo,Ondo,Ondo,South West,FALSE,16437.5,NGN per refill,Average of Sept-24,FALSE,,12.5KG,2,LPG_Report_Sept_2025.zip,GAS_PRICE_WATCH_SEPTEMBER_2025.xlsx,LPG_SEPTEMBER_2025,43,10,J43
2025-09-01,2024-09-01,12.5,STATE,Osun,Osun,Osun,South West,FALSE,17159.090909090908,NGN per refill,Average of Sept-24,FALSE,,12.5KG,2,LPG_Report_Sept_2025.zip,GAS_PRICE_WATCH_SEPTEMBER_2025.xlsx,LPG_SEPTEMBER_2025,44,10,J44
2025-09-01,2024-09-01,12.5,STATE,Oyo,Oyo,Oyo,South West,FALSE,16875,NGN per refill,Average of Sept-24,FALSE,,12.5KG,2,LPG_Report_Sept_2025.zip,GAS_PRICE_WATCH_SEPTEMBER_2025.xlsx,LPG_SEPTEMBER_2025,45,10,J45
2025-09-01,2024-09-01,12.5,STATE,Plateau,Plateau,Plateau,North Central,FALSE,16241.55357142857,NGN per refill,Average of Sept-24,FALSE,,12.5KG,2,LPG_Report_Sept_2025.zip,GAS_PRICE_WATCH_SEPTEMBER_2025.xlsx,LPG_SEPTEMBER_2025,10,10,J10
2025-09-01,2024-09-01,12.5,STATE,Rivers,Rivers,Rivers,South South,FALSE,17992.85714285714,NGN per refill,Average of Sept-24,FALSE,,12.5KG,2,LPG_Report_Sept_2025.zip,GAS_PRICE_WATCH_SEPTEMBER_2025.xlsx,LPG_SEPTEMBER_2025,38,10,J38
2025-09-01,2024-09-01,12.5,STATE,Sokoto,Sokoto,Sokoto,North West,FALSE,16250,NGN per refill,Average of Sept-24,FALSE,,12.5KG,2,LPG_Report_Sept_2025.zip,GAS_PRICE_WATCH_SEPTEMBER_2025.xlsx,LPG_SEPTEMBER_2025,24,10,J24
2025-09-01,2024-09-01,12.5,STATE,Taraba,Taraba,Taraba,North East,FALSE,15625,NGN per refill,Average of Sept-24,FALSE,,12.5KG,2,LPG_Report_Sept_2025.zip,GAS_PRICE_WATCH_SEPTEMBER_2025.xlsx,LPG_SEPTEMBER_2025,16,10,J16
2025-09-01,2024-09-01,12.5,STATE,Yobe,Yobe,Yobe,North East,FALSE,16583.333333333332,NGN per refill,Average of Sept-24,FALSE,,12.5KG,2,LPG_Report_Sept_2025.zip,GAS_PRICE_WATCH_SEPTEMBER_2025.xlsx,LPG_SEPTEMBER_2025,17,10,J17
2025-09-01,2024-09-01,12.5,STATE,Zamfara,Zamfara,Zamfara,North West,FALSE,17475,NGN per refill,Average of Sept-24,FALSE,,12.5KG,2,LPG_Report_Sept_2025.zip,GAS_PRICE_WATCH_SEPTEMBER_2025.xlsx,LPG_SEPTEMBER_2025,25,10,J25
2025-09-01,2024-09-01,12.5,ZONE,North Central,NORTH CENTRAL,,North Central,TRUE,16027.161217514351,NGN per refill,Average of Sept-24,FALSE,,12.5KG,2,LPG_Report_Sept_2025.zip,GAS_PRICE_WATCH_SEPTEMBER_2025.xlsx,LPG_SEPTEMBER_2025,3,10,J3
2025-09-01,2024-09-01,12.5,ZONE,North East,NORTH EAST,,North East,TRUE,15770.753968253966,NGN per refill,Average of Sept-24,FALSE,,12.5KG,2,LPG_Report_Sept_2025.zip,GAS_PRICE_WATCH_SEPTEMBER_2025.xlsx,LPG_SEPTEMBER_2025,11,10,J11
2025-09-01,2024-09-01,12.5,ZONE,North West,NORTH WEST,,North West,TRUE,16013.265306122446,NGN per refill,Average of Sept-24,FALSE,,12.5KG,2,LPG_Report_Sept_2025.zip,GAS_PRICE_WATCH_SEPTEMBER_2025.xlsx,LPG_SEPTEMBER_2025,18,10,J18
2025-09-01,2024-09-01,12.5,ZONE,South East,SOUTH EAST,,South East,TRUE,16957.29341736695,NGN per refill,Average of Sept-24,FALSE,,12.5KG,2,LPG_Report_Sept_2025.zip,GAS_PRICE_WATCH_SEPTEMBER_2025.xlsx,LPG_SEPTEMBER_2025,26,10,J26
2025-09-01,2024-09-01,12.5,ZONE,South South,SOUTH SOUTH,,South South,TRUE,16651.72619047619,NGN per refill,Average of Sept-24,FALSE,,12.5KG,2,LPG_Report_Sept_2025.zip,GAS_PRICE_WATCH_SEPTEMBER_2025.xlsx,LPG_SEPTEMBER_2025,32,10,J32
2025-09-01,2024-09-01,12.5,ZONE,South West,SOUTH WEST,,South West,TRUE,16665.450336700338,NGN per refill,Average of Sept-24,FALSE,,12.5KG,2,LPG_Report_Sept_2025.zip,GAS_PRICE_WATCH_SEPTEMBER_2025.xlsx,LPG_SEPTEMBER_2025,39,10,J39
2025-09-01,2024-09-01,12.5,NATIONAL,Nigeria,Average,,,TRUE,16313.433397969602,NGN per refill,Average of Sept-24,FALSE,,12.5KG,2,LPG_Report_Sept_2025.zip,GAS_PRICE_WATCH_SEPTEMBER_2025.xlsx,LPG_SEPTEMBER_2025,46,10,J46
2025-09-01,2025-08-01,5.0,STATE,Abia,Abia,Abia,South East,FALSE,6655.333333333333,NGN per refill,Average of Aug-25,FALSE,,5KG,2,LPG_Report_Sept_2025.zip,GAS_PRICE_WATCH_SEPTEMBER_2025.xlsx,LPG_SEPTEMBER_2025,27,3,C27
2025-09-01,2025-08-01,5.0,STATE,Abuja,Abuja,Abuja,North Central,FALSE,6317.9695,NGN per refill,Average of Aug-25,FALSE,,5KG,2,LPG_Report_Sept_2025.zip,GAS_PRICE_WATCH_SEPTEMBER_2025.xlsx,LPG_SEPTEMBER_2025,4,3,C4
2025-09-01,2025-08-01,5.0,STATE,Adamawa,Adamawa,Adamawa,North East,FALSE,6824.96,NGN per refill,Average of Aug-25,FALSE,,5KG,2,LPG_Report_Sept_2025.zip,GAS_PRICE_WATCH_SEPTEMBER_2025.xlsx,LPG_SEPTEMBER_2025,12,3,C12
2025-09-01,2025-08-01,5.0,STATE,Akwa Ibom,Akwa Ibom,Akwa Ibom,South South,FALSE,6122.17142857144,NGN per refill,Average of Aug-25,FALSE,,5KG,2,LPG_Report_Sept_2025.zip,GAS_PRICE_WATCH_SEPTEMBER_2025.xlsx,LPG_SEPTEMBER_2025,33,3,C33
2025-09-01,2025-08-01,5.0,STATE,Anambra,Anambra,Anambra,South East,FALSE,6608.857142857143,NGN per refill,Average of Aug-25,FALSE,,5KG,2,LPG_Report_Sept_2025.zip,GAS_PRICE_WATCH_SEPTEMBER_2025.xlsx,LPG_SEPTEMBER_2025,28,3,C28
2025-09-01,2025-08-01,5.0,STATE,Bauchi,Bauchi,Bauchi,North East,FALSE,5721.75,NGN per refill,Average of Aug-25,FALSE,,5KG,2,LPG_Report_Sept_2025.zip,GAS_PRICE_WATCH_SEPTEMBER_2025.xlsx,LPG_SEPTEMBER_2025,13,3,C13
2025-09-01,2025-08-01,5.0,STATE,Bayelsa,Bayelsa,Bayelsa,South South,FALSE,6611,NGN per refill,Average of Aug-25,FALSE,,5KG,2,LPG_Report_Sept_2025.zip,GAS_PRICE_WATCH_SEPTEMBER_2025.xlsx,LPG_SEPTEMBER_2025,34,3,C34
2025-09-01,2025-08-01,5.0,STATE,Benue,Benue,Benue,North Central,FALSE,6090,NGN per refill,Average of Aug-25,FALSE,,5KG,2,LPG_Report_Sept_2025.zip,GAS_PRICE_WATCH_SEPTEMBER_2025.xlsx,LPG_SEPTEMBER_2025,5,3,C5
2025-09-01,2025-08-01,5.0,STATE,Borno,Borno,Borno,North East,FALSE,6070.5560000000005,NGN per refill,Average of Aug-25,FALSE,,5KG,2,LPG_Report_Sept_2025.zip,GAS_PRICE_WATCH_SEPTEMBER_2025.xlsx,LPG_SEPTEMBER_2025,14,3,C14
2025-09-01,2025-08-01,5.0,STATE,Cross River,Cross River,Cross River,South South,FALSE,6225.5560000000005,NGN per refill,Average of Aug-25,FALSE,,5KG,2,LPG_Report_Sept_2025.zip,GAS_PRICE_WATCH_SEPTEMBER_2025.xlsx,LPG_SEPTEMBER_2025,35,3,C35
2025-09-01,2025-08-01,5.0,STATE,Delta,Delta,Delta,South South,FALSE,5657.5,NGN per refill,Average of Aug-25,FALSE,,5KG,2,LPG_Report_Sept_2025.zip,GAS_PRICE_WATCH_SEPTEMBER_2025.xlsx,LPG_SEPTEMBER_2025,36,3,C36
2025-09-01,2025-08-01,5.0,STATE,Ebonyi,Ebonyi,Ebonyi,South East,FALSE,6343.666666666681,NGN per refill,Average of Aug-25,FALSE,,5KG,2,LPG_Report_Sept_2025.zip,GAS_PRICE_WATCH_SEPTEMBER_2025.xlsx,LPG_SEPTEMBER_2025,29,3,C29
2025-09-01,2025-08-01,5.0,STATE,Edo,Edo,Edo,South South,FALSE,6485,NGN per refill,Average of Aug-25,FALSE,,5KG,2,LPG_Report_Sept_2025.zip,GAS_PRICE_WATCH_SEPTEMBER_2025.xlsx,LPG_SEPTEMBER_2025,37,3,C37
2025-09-01,2025-08-01,5.0,STATE,Ekiti,Ekiti,Ekiti,South West,FALSE,6263,NGN per refill,Average of Aug-25,FALSE,,5KG,2,LPG_Report_Sept_2025.zip,GAS_PRICE_WATCH_SEPTEMBER_2025.xlsx,LPG_SEPTEMBER_2025,40,3,C40
2025-09-01,2025-08-01,5.0,STATE,Enugu,Enugu,Enugu,South East,FALSE,6386.65,NGN per refill,Average of Aug-25,FALSE,,5KG,2,LPG_Report_Sept_2025.zip,GAS_PRICE_WATCH_SEPTEMBER_2025.xlsx,LPG_SEPTEMBER_2025,30,3,C30
2025-09-01,2025-08-01,5.0,STATE,Gombe,Gombe,Gombe,North East,FALSE,6528.43666666668,NGN per refill,Average of Aug-25,FALSE,,5KG,2,LPG_Report_Sept_2025.zip,GAS_PRICE_WATCH_SEPTEMBER_2025.xlsx,LPG_SEPTEMBER_2025,15,3,C15
2025-09-01,2025-08-01,5.0,STATE,Imo,Imo,Imo,South East,FALSE,6071.031199999999,NGN per refill,Average of Aug-25,FALSE,,5KG,2,LPG_Report_Sept_2025.zip,GAS_PRICE_WATCH_SEPTEMBER_2025.xlsx,LPG_SEPTEMBER_2025,31,3,C31
2025-09-01,2025-08-01,5.0,STATE,Jigawa,Jigawa,Jigawa,North West,FALSE,6448.039,NGN per refill,Average of Aug-25,FALSE,,5KG,2,LPG_Report_Sept_2025.zip,GAS_PRICE_WATCH_SEPTEMBER_2025.xlsx,LPG_SEPTEMBER_2025,19,3,C19
2025-09-01,2025-08-01,5.0,STATE,Kaduna,Kaduna,Kaduna,North West,FALSE,6461.51866666668,NGN per refill,Average of Aug-25,FALSE,,5KG,2,LPG_Report_Sept_2025.zip,GAS_PRICE_WATCH_SEPTEMBER_2025.xlsx,LPG_SEPTEMBER_2025,20,3,C20
2025-09-01,2025-08-01,5.0,STATE,Kano,Kano,Kano,North West,FALSE,6267.666666666681,NGN per refill,Average of Aug-25,FALSE,,5KG,2,LPG_Report_Sept_2025.zip,GAS_PRICE_WATCH_SEPTEMBER_2025.xlsx,LPG_SEPTEMBER_2025,21,3,C21
2025-09-01,2025-08-01,5.0,STATE,Katsina,Katsina,Katsina,North West,FALSE,6945.214285714286,NGN per refill,Average of Aug-25,FALSE,,5KG,2,LPG_Report_Sept_2025.zip,GAS_PRICE_WATCH_SEPTEMBER_2025.xlsx,LPG_SEPTEMBER_2025,22,3,C22
2025-09-01,2025-08-01,5.0,STATE,Kebbi,Kebbi,Kebbi,North West,FALSE,6457.166666666681,NGN per refill,Average of Aug-25,FALSE,,5KG,2,LPG_Report_Sept_2025.zip,GAS_PRICE_WATCH_SEPTEMBER_2025.xlsx,LPG_SEPTEMBER_2025,23,3,C23
2025-09-01,2025-08-01,5.0,STATE,Kogi,Kogi,Kogi,North Central,FALSE,6361.799999999999,NGN per refill,Average of Aug-25,FALSE,,5KG,2,LPG_Report_Sept_2025.zip,GAS_PRICE_WATCH_SEPTEMBER_2025.xlsx,LPG_SEPTEMBER_2025,6,3,C6
2025-09-01,2025-08-01,5.0,STATE,Kwara,Kwara,Kwara,North Central,FALSE,6407.25,NGN per refill,Average of Aug-25,FALSE,,5KG,2,LPG_Report_Sept_2025.zip,GAS_PRICE_WATCH_SEPTEMBER_2025.xlsx,LPG_SEPTEMBER_2025,7,3,C7
2025-09-01,2025-08-01,5.0,STATE,Lagos,Lagos,Lagos,South West,FALSE,6545.214285714286,NGN per refill,Average of Aug-25,FALSE,,5KG,2,LPG_Report_Sept_2025.zip,GAS_PRICE_WATCH_SEPTEMBER_2025.xlsx,LPG_SEPTEMBER_2025,41,3,C41
2025-09-01,2025-08-01,5.0,STATE,Nasarawa,Nasarawa,Nasarawa,North Central,FALSE,6306.09485714284,NGN per refill,Average of Aug-25,FALSE,,5KG,2,LPG_Report_Sept_2025.zip,GAS_PRICE_WATCH_SEPTEMBER_2025.xlsx,LPG_SEPTEMBER_2025,8,3,C8
2025-09-01,2025-08-01,5.0,STATE,Niger,Niger,Niger,North Central,FALSE,6442.5,NGN per refill,Average of Aug-25,FALSE,,5KG,2,LPG_Report_Sept_2025.zip,GAS_PRICE_WATCH_SEPTEMBER_2025.xlsx,LPG_SEPTEMBER_2025,9,3,C9
2025-09-01,2025-08-01,5.0,STATE,Ogun,Ogun,Ogun,South West,FALSE,6081.771428571439,NGN per refill,Average of Aug-25,FALSE,,5KG,2,LPG_Report_Sept_2025.zip,GAS_PRICE_WATCH_SEPTEMBER_2025.xlsx,LPG_SEPTEMBER_2025,42,3,C42
2025-09-01,2025-08-01,5.0,STATE,Ondo,Ondo,Ondo,South West,FALSE,6320.599999999999,NGN per refill,Average of Aug-25,FALSE,,5KG,2,LPG_Report_Sept_2025.zip,GAS_PRICE_WATCH_SEPTEMBER_2025.xlsx,LPG_SEPTEMBER_2025,43,3,C43
2025-09-01,2025-08-01,5.0,STATE,Osun,Osun,Osun,South West,FALSE,6616.866666666667,NGN per refill,Average of Aug-25,FALSE,,5KG,2,LPG_Report_Sept_2025.zip,GAS_PRICE_WATCH_SEPTEMBER_2025.xlsx,LPG_SEPTEMBER_2025,44,3,C44
2025-09-01,2025-08-01,5.0,STATE,Oyo,Oyo,Oyo,South West,FALSE,6248.952,NGN per refill,Average of Aug-25,FALSE,,5KG,2,LPG_Report_Sept_2025.zip,GAS_PRICE_WATCH_SEPTEMBER_2025.xlsx,LPG_SEPTEMBER_2025,45,3,C45
2025-09-01,2025-08-01,5.0,STATE,Plateau,Plateau,Plateau,North Central,FALSE,6784.424,NGN per refill,Average of Aug-25,FALSE,,5KG,2,LPG_Report_Sept_2025.zip,GAS_PRICE_WATCH_SEPTEMBER_2025.xlsx,LPG_SEPTEMBER_2025,10,3,C10
2025-09-01,2025-08-01,5.0,STATE,Rivers,Rivers,Rivers,South South,FALSE,6886.49257142856,NGN per refill,Average of Aug-25,FALSE,,5KG,2,LPG_Report_Sept_2025.zip,GAS_PRICE_WATCH_SEPTEMBER_2025.xlsx,LPG_SEPTEMBER_2025,38,3,C38
2025-09-01,2025-08-01,5.0,STATE,Sokoto,Sokoto,Sokoto,North West,FALSE,6559.54285714284,NGN per refill,Average of Aug-25,FALSE,,5KG,2,LPG_Report_Sept_2025.zip,GAS_PRICE_WATCH_SEPTEMBER_2025.xlsx,LPG_SEPTEMBER_2025,24,3,C24
2025-09-01,2025-08-01,5.0,STATE,Taraba,Taraba,Taraba,North East,FALSE,6893.11822222224,NGN per refill,Average of Aug-25,FALSE,,5KG,2,LPG_Report_Sept_2025.zip,GAS_PRICE_WATCH_SEPTEMBER_2025.xlsx,LPG_SEPTEMBER_2025,16,3,C16
2025-09-01,2025-08-01,5.0,STATE,Yobe,Yobe,Yobe,North East,FALSE,6754.967999999999,NGN per refill,Average of Aug-25,FALSE,,5KG,2,LPG_Report_Sept_2025.zip,GAS_PRICE_WATCH_SEPTEMBER_2025.xlsx,LPG_SEPTEMBER_2025,17,3,C17
2025-09-01,2025-08-01,5.0,STATE,Zamfara,Zamfara,Zamfara,North West,FALSE,6176.2405,NGN per refill,Average of Aug-25,FALSE,,5KG,2,LPG_Report_Sept_2025.zip,GAS_PRICE_WATCH_SEPTEMBER_2025.xlsx,LPG_SEPTEMBER_2025,25,3,C25
2025-09-01,2025-08-01,5.0,ZONE,North Central,NORTH CENTRAL,,North Central,TRUE,6387.148336734691,NGN per refill,Average of Aug-25,FALSE,,5KG,2,LPG_Report_Sept_2025.zip,GAS_PRICE_WATCH_SEPTEMBER_2025.xlsx,LPG_SEPTEMBER_2025,3,3,C3
2025-09-01,2025-08-01,5.0,ZONE,North East,NORTH EAST,,North East,TRUE,6465.631481481487,NGN per refill,Average of Aug-25,FALSE,,5KG,2,LPG_Report_Sept_2025.zip,GAS_PRICE_WATCH_SEPTEMBER_2025.xlsx,LPG_SEPTEMBER_2025,11,3,C11
2025-09-01,2025-08-01,5.0,ZONE,North West,NORTH WEST,,North West,TRUE,6473.626948979596,NGN per refill,Average of Aug-25,FALSE,,5KG,2,LPG_Report_Sept_2025.zip,GAS_PRICE_WATCH_SEPTEMBER_2025.xlsx,LPG_SEPTEMBER_2025,18,3,C18
2025-09-01,2025-08-01,5.0,ZONE,South East,SOUTH EAST,,South East,TRUE,6413.1076685714315,NGN per refill,Average of Aug-25,FALSE,,5KG,2,LPG_Report_Sept_2025.zip,GAS_PRICE_WATCH_SEPTEMBER_2025.xlsx,LPG_SEPTEMBER_2025,26,3,C26
2025-09-01,2025-08-01,5.0,ZONE,South South,SOUTH SOUTH,,South South,TRUE,6331.286666666667,NGN per refill,Average of Aug-25,FALSE,,5KG,2,LPG_Report_Sept_2025.zip,GAS_PRICE_WATCH_SEPTEMBER_2025.xlsx,LPG_SEPTEMBER_2025,32,3,C32
2025-09-01,2025-08-01,5.0,ZONE,South West,SOUTH WEST,,South West,TRUE,6346.067396825398,NGN per refill,Average of Aug-25,FALSE,,5KG,2,LPG_Report_Sept_2025.zip,GAS_PRICE_WATCH_SEPTEMBER_2025.xlsx,LPG_SEPTEMBER_2025,39,3,C39
2025-09-01,2025-08-01,5.0,NATIONAL,Nigeria,Average,,,TRUE,6404.023746289147,NGN per refill,Average of Aug-25,FALSE,,5KG,2,LPG_Report_Sept_2025.zip,GAS_PRICE_WATCH_SEPTEMBER_2025.xlsx,LPG_SEPTEMBER_2025,46,3,C46
2025-09-01,2025-08-01,12.5,STATE,Abia,Abia,Abia,South East,FALSE,16638.333333333332,NGN per refill,Average of Aug-25,FALSE,,12.5KG,2,LPG_Report_Sept_2025.zip,GAS_PRICE_WATCH_SEPTEMBER_2025.xlsx,LPG_SEPTEMBER_2025,27,11,K27
2025-09-01,2025-08-01,12.5,STATE,Abuja,Abuja,Abuja,North Central,FALSE,16794.92375,NGN per refill,Average of Aug-25,FALSE,,12.5KG,2,LPG_Report_Sept_2025.zip,GAS_PRICE_WATCH_SEPTEMBER_2025.xlsx,LPG_SEPTEMBER_2025,4,11,K4
2025-09-01,2025-08-01,12.5,STATE,Adamawa,Adamawa,Adamawa,North East,FALSE,16872.4,NGN per refill,Average of Aug-25,FALSE,,12.5KG,2,LPG_Report_Sept_2025.zip,GAS_PRICE_WATCH_SEPTEMBER_2025.xlsx,LPG_SEPTEMBER_2025,12,11,K12
2025-09-01,2025-08-01,12.5,STATE,Akwa Ibom,Akwa Ibom,Akwa Ibom,South South,FALSE,16505.4285714286,NGN per refill,Average of Aug-25,FALSE,,12.5KG,2,LPG_Report_Sept_2025.zip,GAS_PRICE_WATCH_SEPTEMBER_2025.xlsx,LPG_SEPTEMBER_2025,33,11,K33
2025-09-01,2025-08-01,12.5,STATE,Anambra,Anambra,Anambra,South East,FALSE,16522.14285714286,NGN per refill,Average of Aug-25,FALSE,,12.5KG,2,LPG_Report_Sept_2025.zip,GAS_PRICE_WATCH_SEPTEMBER_2025.xlsx,LPG_SEPTEMBER_2025,28,11,K28
2025-09-01,2025-08-01,12.5,STATE,Bauchi,Bauchi,Bauchi,North East,FALSE,16484.375,NGN per refill,Average of Aug-25,FALSE,,12.5KG,2,LPG_Report_Sept_2025.zip,GAS_PRICE_WATCH_SEPTEMBER_2025.xlsx,LPG_SEPTEMBER_2025,13,11,K13
2025-09-01,2025-08-01,12.5,STATE,Bayelsa,Bayelsa,Bayelsa,South South,FALSE,16527.5,NGN per refill,Average of Aug-25,FALSE,,12.5KG,2,LPG_Report_Sept_2025.zip,GAS_PRICE_WATCH_SEPTEMBER_2025.xlsx,LPG_SEPTEMBER_2025,34,11,K34
2025-09-01,2025-08-01,12.5,STATE,Benue,Benue,Benue,North Central,FALSE,15102.5,NGN per refill,Average of Aug-25,FALSE,,12.5KG,2,LPG_Report_Sept_2025.zip,GAS_PRICE_WATCH_SEPTEMBER_2025.xlsx,LPG_SEPTEMBER_2025,5,11,K5
2025-09-01,2025-08-01,12.5,STATE,Borno,Borno,Borno,North East,FALSE,15176.39,NGN per refill,Average of Aug-25,FALSE,,12.5KG,2,LPG_Report_Sept_2025.zip,GAS_PRICE_WATCH_SEPTEMBER_2025.xlsx,LPG_SEPTEMBER_2025,14,11,K14
2025-09-01,2025-08-01,12.5,STATE,Cross River,Cross River,Cross River,South South,FALSE,15563.89,NGN per refill,Average of Aug-25,FALSE,,12.5KG,2,LPG_Report_Sept_2025.zip,GAS_PRICE_WATCH_SEPTEMBER_2025.xlsx,LPG_SEPTEMBER_2025,35,11,K35
2025-09-01,2025-08-01,12.5,STATE,Delta,Delta,Delta,South South,FALSE,16343.75,NGN per refill,Average of Aug-25,FALSE,,12.5KG,2,LPG_Report_Sept_2025.zip,GAS_PRICE_WATCH_SEPTEMBER_2025.xlsx,LPG_SEPTEMBER_2025,36,11,K36
2025-09-01,2025-08-01,12.5,STATE,Ebonyi,Ebonyi,Ebonyi,South East,FALSE,16859.1666666667,NGN per refill,Average of Aug-25,FALSE,,12.5KG,2,LPG_Report_Sept_2025.zip,GAS_PRICE_WATCH_SEPTEMBER_2025.xlsx,LPG_SEPTEMBER_2025,29,11,K29
2025-09-01,2025-08-01,12.5,STATE,Edo,Edo,Edo,South South,FALSE,16212.5,NGN per refill,Average of Aug-25,FALSE,,12.5KG,2,LPG_Report_Sept_2025.zip,GAS_PRICE_WATCH_SEPTEMBER_2025.xlsx,LPG_SEPTEMBER_2025,37,11,K37
2025-09-01,2025-08-01,12.5,STATE,Ekiti,Ekiti,Ekiti,South West,FALSE,15657.5,NGN per refill,Average of Aug-25,FALSE,,12.5KG,2,LPG_Report_Sept_2025.zip,GAS_PRICE_WATCH_SEPTEMBER_2025.xlsx,LPG_SEPTEMBER_2025,40,11,K40
2025-09-01,2025-08-01,12.5,STATE,Enugu,Enugu,Enugu,South East,FALSE,16525.833333333332,NGN per refill,Average of Aug-25,FALSE,,12.5KG,2,LPG_Report_Sept_2025.zip,GAS_PRICE_WATCH_SEPTEMBER_2025.xlsx,LPG_SEPTEMBER_2025,30,11,K30
2025-09-01,2025-08-01,12.5,STATE,Gombe,Gombe,Gombe,North East,FALSE,16321.0916666667,NGN per refill,Average of Aug-25,FALSE,,12.5KG,2,LPG_Report_Sept_2025.zip,GAS_PRICE_WATCH_SEPTEMBER_2025.xlsx,LPG_SEPTEMBER_2025,15,11,K15
2025-09-01,2025-08-01,12.5,STATE,Imo,Imo,Imo,South East,FALSE,15177.578,NGN per refill,Average of Aug-25,FALSE,,12.5KG,2,LPG_Report_Sept_2025.zip,GAS_PRICE_WATCH_SEPTEMBER_2025.xlsx,LPG_SEPTEMBER_2025,31,11,K31
2025-09-01,2025-08-01,12.5,STATE,Jigawa,Jigawa,Jigawa,North West,FALSE,16120.0975,NGN per refill,Average of Aug-25,FALSE,,12.5KG,2,LPG_Report_Sept_2025.zip,GAS_PRICE_WATCH_SEPTEMBER_2025.xlsx,LPG_SEPTEMBER_2025,19,11,K19
2025-09-01,2025-08-01,12.5,STATE,Kaduna,Kaduna,Kaduna,North West,FALSE,16153.7966666667,NGN per refill,Average of Aug-25,FALSE,,12.5KG,2,LPG_Report_Sept_2025.zip,GAS_PRICE_WATCH_SEPTEMBER_2025.xlsx,LPG_SEPTEMBER_2025,20,11,K20
2025-09-01,2025-08-01,12.5,STATE,Kano,Kano,Kano,North West,FALSE,16487.758333333335,NGN per refill,Average of Aug-25,FALSE,,12.5KG,2,LPG_Report_Sept_2025.zip,GAS_PRICE_WATCH_SEPTEMBER_2025.xlsx,LPG_SEPTEMBER_2025,21,11,K21
2025-09-01,2025-08-01,12.5,STATE,Katsina,Katsina,Katsina,North West,FALSE,16363.0357142857,NGN per refill,Average of Aug-25,FALSE,,12.5KG,2,LPG_Report_Sept_2025.zip,GAS_PRICE_WATCH_SEPTEMBER_2025.xlsx,LPG_SEPTEMBER_2025,22,11,K22
2025-09-01,2025-08-01,12.5,STATE,Kebbi,Taraba,Kebbi,North West,FALSE,16142.9166666667,NGN per refill,Average of Aug-25,FALSE,LPG_12_5KG_KEBBI_LABELLED_TARABA,12.5KG,2,LPG_Report_Sept_2025.zip,GAS_PRICE_WATCH_SEPTEMBER_2025.xlsx,LPG_SEPTEMBER_2025,23,11,K23
2025-09-01,2025-08-01,12.5,STATE,Kogi,Kogi,Kogi,North Central,FALSE,15904.5,NGN per refill,Average of Aug-25,FALSE,,12.5KG,2,LPG_Report_Sept_2025.zip,GAS_PRICE_WATCH_SEPTEMBER_2025.xlsx,LPG_SEPTEMBER_2025,6,11,K6
2025-09-01,2025-08-01,12.5,STATE,Kwara,Kwara,Kwara,North Central,FALSE,16018.125,NGN per refill,Average of Aug-25,FALSE,,12.5KG,2,LPG_Report_Sept_2025.zip,GAS_PRICE_WATCH_SEPTEMBER_2025.xlsx,LPG_SEPTEMBER_2025,7,11,K7
2025-09-01,2025-08-01,12.5,STATE,Lagos,Lagos,Lagos,South West,FALSE,16363.035714285714,NGN per refill,Average of Aug-25,FALSE,,12.5KG,2,LPG_Report_Sept_2025.zip,GAS_PRICE_WATCH_SEPTEMBER_2025.xlsx,LPG_SEPTEMBER_2025,41,11,K41
2025-09-01,2025-08-01,12.5,STATE,Nasarawa,Nasarawa,Nasarawa,North Central,FALSE,15765.2371428571,NGN per refill,Average of Aug-25,FALSE,,12.5KG,2,LPG_Report_Sept_2025.zip,GAS_PRICE_WATCH_SEPTEMBER_2025.xlsx,LPG_SEPTEMBER_2025,8,11,K8
2025-09-01,2025-08-01,12.5,STATE,Niger,Niger,Niger,North Central,FALSE,16106.25,NGN per refill,Average of Aug-25,FALSE,,12.5KG,2,LPG_Report_Sept_2025.zip,GAS_PRICE_WATCH_SEPTEMBER_2025.xlsx,LPG_SEPTEMBER_2025,9,11,K9
2025-09-01,2025-08-01,12.5,STATE,Ogun,Ogun,Ogun,South West,FALSE,15204.4285714286,NGN per refill,Average of Aug-25,FALSE,,12.5KG,2,LPG_Report_Sept_2025.zip,GAS_PRICE_WATCH_SEPTEMBER_2025.xlsx,LPG_SEPTEMBER_2025,42,11,K42
2025-09-01,2025-08-01,12.5,STATE,Ondo,Ondo,Ondo,South West,FALSE,15801.5,NGN per refill,Average of Aug-25,FALSE,,12.5KG,2,LPG_Report_Sept_2025.zip,GAS_PRICE_WATCH_SEPTEMBER_2025.xlsx,LPG_SEPTEMBER_2025,43,11,K43
2025-09-01,2025-08-01,12.5,STATE,Osun,Osun,Osun,South West,FALSE,16542.166666666668,NGN per refill,Average of Aug-25,FALSE,,12.5KG,2,LPG_Report_Sept_2025.zip,GAS_PRICE_WATCH_SEPTEMBER_2025.xlsx,LPG_SEPTEMBER_2025,44,11,K44
2025-09-01,2025-08-01,12.5,STATE,Oyo,Oyo,Oyo,South West,FALSE,15622.380000000001,NGN per refill,Average of Aug-25,FALSE,,12.5KG,2,LPG_Report_Sept_2025.zip,GAS_PRICE_WATCH_SEPTEMBER_2025.xlsx,LPG_SEPTEMBER_2025,45,11,K45
2025-09-01,2025-08-01,12.5,STATE,Plateau,Plateau,Plateau,North Central,FALSE,16761.06,NGN per refill,Average of Aug-25,FALSE,,12.5KG,2,LPG_Report_Sept_2025.zip,GAS_PRICE_WATCH_SEPTEMBER_2025.xlsx,LPG_SEPTEMBER_2025,10,11,K10
2025-09-01,2025-08-01,12.5,STATE,Rivers,Rivers,Rivers,South South,FALSE,16216.2314285714,NGN per refill,Average of Aug-25,FALSE,,12.5KG,2,LPG_Report_Sept_2025.zip,GAS_PRICE_WATCH_SEPTEMBER_2025.xlsx,LPG_SEPTEMBER_2025,38,11,K38
2025-09-01,2025-08-01,12.5,STATE,Sokoto,Sokoto,Sokoto,North West,FALSE,16398.8571428571,NGN per refill,Average of Aug-25,FALSE,,12.5KG,2,LPG_Report_Sept_2025.zip,GAS_PRICE_WATCH_SEPTEMBER_2025.xlsx,LPG_SEPTEMBER_2025,24,11,K24
2025-09-01,2025-08-01,12.5,STATE,Taraba,Taraba,Taraba,North East,FALSE,16232.7955555556,NGN per refill,Average of Aug-25,FALSE,,12.5KG,2,LPG_Report_Sept_2025.zip,GAS_PRICE_WATCH_SEPTEMBER_2025.xlsx,LPG_SEPTEMBER_2025,16,11,K16
2025-09-01,2025-08-01,12.5,STATE,Yobe,Yobe,Yobe,North East,FALSE,16887.42,NGN per refill,Average of Aug-25,FALSE,,12.5KG,2,LPG_Report_Sept_2025.zip,GAS_PRICE_WATCH_SEPTEMBER_2025.xlsx,LPG_SEPTEMBER_2025,17,11,K17
2025-09-01,2025-08-01,12.5,STATE,Zamfara,Zamfara,Zamfara,North West,FALSE,16840.60125,NGN per refill,Average of Aug-25,FALSE,,12.5KG,2,LPG_Report_Sept_2025.zip,GAS_PRICE_WATCH_SEPTEMBER_2025.xlsx,LPG_SEPTEMBER_2025,25,11,K25
2025-09-01,2025-08-01,12.5,ZONE,North Central,NORTH CENTRAL,,North Central,TRUE,16064.656556122443,NGN per refill,Average of Aug-25,FALSE,,12.5KG,2,LPG_Report_Sept_2025.zip,GAS_PRICE_WATCH_SEPTEMBER_2025.xlsx,LPG_SEPTEMBER_2025,3,11,K3
2025-09-01,2025-08-01,12.5,ZONE,North East,NORTH EAST,,North East,TRUE,16329.078703703715,NGN per refill,Average of Aug-25,FALSE,,12.5KG,2,LPG_Report_Sept_2025.zip,GAS_PRICE_WATCH_SEPTEMBER_2025.xlsx,LPG_SEPTEMBER_2025,11,11,K11
2025-09-01,2025-08-01,12.5,ZONE,North West,NORTH WEST,,North West,TRUE,16358.151896258505,NGN per refill,Average of Aug-25,FALSE,,12.5KG,2,LPG_Report_Sept_2025.zip,GAS_PRICE_WATCH_SEPTEMBER_2025.xlsx,LPG_SEPTEMBER_2025,18,11,K18
2025-09-01,2025-08-01,12.5,ZONE,South East,SOUTH EAST,,South East,TRUE,16344.610838095245,NGN per refill,Average of Aug-25,FALSE,,12.5KG,2,LPG_Report_Sept_2025.zip,GAS_PRICE_WATCH_SEPTEMBER_2025.xlsx,LPG_SEPTEMBER_2025,26,11,K26
2025-09-01,2025-08-01,12.5,ZONE,South South,SOUTH SOUTH,,South South,TRUE,16228.216666666665,NGN per refill,Average of Aug-25,FALSE,,12.5KG,2,LPG_Report_Sept_2025.zip,GAS_PRICE_WATCH_SEPTEMBER_2025.xlsx,LPG_SEPTEMBER_2025,32,11,K32
2025-09-01,2025-08-01,12.5,ZONE,South West,SOUTH WEST,,South West,TRUE,15865.168492063496,NGN per refill,Average of Aug-25,FALSE,,12.5KG,2,LPG_Report_Sept_2025.zip,GAS_PRICE_WATCH_SEPTEMBER_2025.xlsx,LPG_SEPTEMBER_2025,39,11,K39
2025-09-01,2025-08-01,12.5,NATIONAL,Nigeria,Average,,,TRUE,16195.067473830974,NGN per refill,Average of Aug-25,FALSE,,12.5KG,2,LPG_Report_Sept_2025.zip,GAS_PRICE_WATCH_SEPTEMBER_2025.xlsx,LPG_SEPTEMBER_2025,46,11,K46
2025-09-01,2025-09-01,5.0,STATE,Abia,Abia,Abia,South East,FALSE,6669.194666666667,NGN per refill,Average of Sept-25,TRUE,,5KG,2,LPG_Report_Sept_2025.zip,GAS_PRICE_WATCH_SEPTEMBER_2025.xlsx,LPG_SEPTEMBER_2025,27,4,D27
2025-09-01,2025-09-01,5.0,STATE,Abuja,Abuja,Abuja,North Central,FALSE,6394.33911,NGN per refill,Average of Sept-25,TRUE,,5KG,2,LPG_Report_Sept_2025.zip,GAS_PRICE_WATCH_SEPTEMBER_2025.xlsx,LPG_SEPTEMBER_2025,4,4,D4
2025-09-01,2025-09-01,5.0,STATE,Adamawa,Adamawa,Adamawa,North East,FALSE,6640.1704,NGN per refill,Average of Sept-25,TRUE,,5KG,2,LPG_Report_Sept_2025.zip,GAS_PRICE_WATCH_SEPTEMBER_2025.xlsx,LPG_SEPTEMBER_2025,12,4,D12
2025-09-01,2025-09-01,5.0,STATE,Akwa Ibom,Akwa Ibom,Akwa Ibom,South South,FALSE,6125.60428571428,NGN per refill,Average of Sept-25,TRUE,,5KG,2,LPG_Report_Sept_2025.zip,GAS_PRICE_WATCH_SEPTEMBER_2025.xlsx,LPG_SEPTEMBER_2025,33,4,D33
2025-09-01,2025-09-01,5.0,STATE,Anambra,Anambra,Anambra,South East,FALSE,6514.744285714285,NGN per refill,Average of Sept-25,TRUE,,5KG,2,LPG_Report_Sept_2025.zip,GAS_PRICE_WATCH_SEPTEMBER_2025.xlsx,LPG_SEPTEMBER_2025,28,4,D28
2025-09-01,2025-09-01,5.0,STATE,Bauchi,Bauchi,Bauchi,North East,FALSE,5539.315,NGN per refill,Average of Sept-25,TRUE,,5KG,2,LPG_Report_Sept_2025.zip,GAS_PRICE_WATCH_SEPTEMBER_2025.xlsx,LPG_SEPTEMBER_2025,13,4,D13
2025-09-01,2025-09-01,5.0,STATE,Bayelsa,Bayelsa,Bayelsa,South South,FALSE,6679.244,NGN per refill,Average of Sept-25,TRUE,,5KG,2,LPG_Report_Sept_2025.zip,GAS_PRICE_WATCH_SEPTEMBER_2025.xlsx,LPG_SEPTEMBER_2025,34,4,D34
2025-09-01,2025-09-01,5.0,STATE,Benue,Benue,Benue,North Central,FALSE,6048.1587500000005,NGN per refill,Average of Sept-25,TRUE,,5KG,2,LPG_Report_Sept_2025.zip,GAS_PRICE_WATCH_SEPTEMBER_2025.xlsx,LPG_SEPTEMBER_2025,5,4,D5
2025-09-01,2025-09-01,5.0,STATE,Borno,Borno,Borno,North East,FALSE,6061.5,NGN per refill,Average of Sept-25,TRUE,,5KG,2,LPG_Report_Sept_2025.zip,GAS_PRICE_WATCH_SEPTEMBER_2025.xlsx,LPG_SEPTEMBER_2025,14,4,D14
2025-09-01,2025-09-01,5.0,STATE,Cross River,Cross River,Cross River,South South,FALSE,6617.9444,NGN per refill,Average of Sept-25,TRUE,,5KG,2,LPG_Report_Sept_2025.zip,GAS_PRICE_WATCH_SEPTEMBER_2025.xlsx,LPG_SEPTEMBER_2025,35,4,D35
2025-09-01,2025-09-01,5.0,STATE,Delta,Delta,Delta,South South,FALSE,5781.85527272727,NGN per refill,Average of Sept-25,TRUE,,5KG,2,LPG_Report_Sept_2025.zip,GAS_PRICE_WATCH_SEPTEMBER_2025.xlsx,LPG_SEPTEMBER_2025,36,4,D36
2025-09-01,2025-09-01,5.0,STATE,Ebonyi,Ebonyi,Ebonyi,South East,FALSE,6541.64571428571,NGN per refill,Average of Sept-25,TRUE,,5KG,2,LPG_Report_Sept_2025.zip,GAS_PRICE_WATCH_SEPTEMBER_2025.xlsx,LPG_SEPTEMBER_2025,29,4,D29
2025-09-01,2025-09-01,5.0,STATE,Edo,Edo,Edo,South South,FALSE,6404.75,NGN per refill,Average of Sept-25,TRUE,,5KG,2,LPG_Report_Sept_2025.zip,GAS_PRICE_WATCH_SEPTEMBER_2025.xlsx,LPG_SEPTEMBER_2025,37,4,D37
2025-09-01,2025-09-01,5.0,STATE,Ekiti,Ekiti,Ekiti,South West,FALSE,6160.76272,NGN per refill,Average of Sept-25,TRUE,,5KG,2,LPG_Report_Sept_2025.zip,GAS_PRICE_WATCH_SEPTEMBER_2025.xlsx,LPG_SEPTEMBER_2025,40,4,D40
2025-09-01,2025-09-01,5.0,STATE,Enugu,Enugu,Enugu,South East,FALSE,6305.62666666667,NGN per refill,Average of Sept-25,TRUE,,5KG,2,LPG_Report_Sept_2025.zip,GAS_PRICE_WATCH_SEPTEMBER_2025.xlsx,LPG_SEPTEMBER_2025,30,4,D30
2025-09-01,2025-09-01,5.0,STATE,Gombe,Gombe,Gombe,North East,FALSE,6524.14474666667,NGN per refill,Average of Sept-25,TRUE,,5KG,2,LPG_Report_Sept_2025.zip,GAS_PRICE_WATCH_SEPTEMBER_2025.xlsx,LPG_SEPTEMBER_2025,15,4,D15
2025-09-01,2025-09-01,5.0,STATE,Imo,Imo,Imo,South East,FALSE,6077.13333333333,NGN per refill,Average of Sept-25,TRUE,,5KG,2,LPG_Report_Sept_2025.zip,GAS_PRICE_WATCH_SEPTEMBER_2025.xlsx,LPG_SEPTEMBER_2025,31,4,D31
2025-09-01,2025-09-01,5.0,STATE,Jigawa,Jigawa,Jigawa,North West,FALSE,6450.99,NGN per refill,Average of Sept-25,TRUE,,5KG,2,LPG_Report_Sept_2025.zip,GAS_PRICE_WATCH_SEPTEMBER_2025.xlsx,LPG_SEPTEMBER_2025,19,4,D19
2025-09-01,2025-09-01,5.0,STATE,Kaduna,Kaduna,Kaduna,North West,FALSE,6467.557,NGN per refill,Average of Sept-25,TRUE,,5KG,2,LPG_Report_Sept_2025.zip,GAS_PRICE_WATCH_SEPTEMBER_2025.xlsx,LPG_SEPTEMBER_2025,20,4,D20
2025-09-01,2025-09-01,5.0,STATE,Kano,Kano,Kano,North West,FALSE,6485.559666666667,NGN per refill,Average of Sept-25,TRUE,,5KG,2,LPG_Report_Sept_2025.zip,GAS_PRICE_WATCH_SEPTEMBER_2025.xlsx,LPG_SEPTEMBER_2025,21,4,D21
2025-09-01,2025-09-01,5.0,STATE,Katsina,Katsina,Katsina,North West,FALSE,6950.063408,NGN per refill,Average of Sept-25,TRUE,,5KG,2,LPG_Report_Sept_2025.zip,GAS_PRICE_WATCH_SEPTEMBER_2025.xlsx,LPG_SEPTEMBER_2025,22,4,D22
2025-09-01,2025-09-01,5.0,STATE,Kebbi,Kebbi,Kebbi,North West,FALSE,6279.07822,NGN per refill,Average of Sept-25,TRUE,,5KG,2,LPG_Report_Sept_2025.zip,GAS_PRICE_WATCH_SEPTEMBER_2025.xlsx,LPG_SEPTEMBER_2025,23,4,D23
2025-09-01,2025-09-01,5.0,STATE,Kogi,Kogi,Kogi,North Central,FALSE,6292.28829333333,NGN per refill,Average of Sept-25,TRUE,,5KG,2,LPG_Report_Sept_2025.zip,GAS_PRICE_WATCH_SEPTEMBER_2025.xlsx,LPG_SEPTEMBER_2025,6,4,D6
2025-09-01,2025-09-01,5.0,STATE,Kwara,Kwara,Kwara,North Central,FALSE,6344.09111111111,NGN per refill,Average of Sept-25,TRUE,,5KG,2,LPG_Report_Sept_2025.zip,GAS_PRICE_WATCH_SEPTEMBER_2025.xlsx,LPG_SEPTEMBER_2025,7,4,D7
2025-09-01,2025-09-01,5.0,STATE,Lagos,Lagos,Lagos,South West,FALSE,6454.2357142857145,NGN per refill,Average of Sept-25,TRUE,,5KG,2,LPG_Report_Sept_2025.zip,GAS_PRICE_WATCH_SEPTEMBER_2025.xlsx,LPG_SEPTEMBER_2025,41,4,D41
2025-09-01,2025-09-01,5.0,STATE,Nasarawa,Nasarawa,Nasarawa,North Central,FALSE,6243.86864,NGN per refill,Average of Sept-25,TRUE,,5KG,2,LPG_Report_Sept_2025.zip,GAS_PRICE_WATCH_SEPTEMBER_2025.xlsx,LPG_SEPTEMBER_2025,8,4,D8
2025-09-01,2025-09-01,5.0,STATE,Niger,Niger,Niger,North Central,FALSE,6473.6233333333,NGN per refill,Average of Sept-25,TRUE,,5KG,2,LPG_Report_Sept_2025.zip,GAS_PRICE_WATCH_SEPTEMBER_2025.xlsx,LPG_SEPTEMBER_2025,9,4,D9
2025-09-01,2025-09-01,5.0,STATE,Ogun,Ogun,Ogun,South West,FALSE,6110.564,NGN per refill,Average of Sept-25,TRUE,,5KG,2,LPG_Report_Sept_2025.zip,GAS_PRICE_WATCH_SEPTEMBER_2025.xlsx,LPG_SEPTEMBER_2025,42,4,D42
2025-09-01,2025-09-01,5.0,STATE,Ondo,Ondo,Ondo,South West,FALSE,6424.13166666667,NGN per refill,Average of Sept-25,TRUE,,5KG,2,LPG_Report_Sept_2025.zip,GAS_PRICE_WATCH_SEPTEMBER_2025.xlsx,LPG_SEPTEMBER_2025,43,4,D43
2025-09-01,2025-09-01,5.0,STATE,Osun,Osun,Osun,South West,FALSE,6873.1866666666665,NGN per refill,Average of Sept-25,TRUE,,5KG,2,LPG_Report_Sept_2025.zip,GAS_PRICE_WATCH_SEPTEMBER_2025.xlsx,LPG_SEPTEMBER_2025,44,4,D44
2025-09-01,2025-09-01,5.0,STATE,Oyo,Oyo,Oyo,South West,FALSE,6292.311817142858,NGN per refill,Average of Sept-25,TRUE,,5KG,2,LPG_Report_Sept_2025.zip,GAS_PRICE_WATCH_SEPTEMBER_2025.xlsx,LPG_SEPTEMBER_2025,45,4,D45
2025-09-01,2025-09-01,5.0,STATE,Plateau,Plateau,Plateau,North Central,FALSE,6553.65,NGN per refill,Average of Sept-25,TRUE,,5KG,2,LPG_Report_Sept_2025.zip,GAS_PRICE_WATCH_SEPTEMBER_2025.xlsx,LPG_SEPTEMBER_2025,10,4,D10
2025-09-01,2025-09-01,5.0,STATE,Rivers,Rivers,Rivers,South South,FALSE,6842.136,NGN per refill,Average of Sept-25,TRUE,,5KG,2,LPG_Report_Sept_2025.zip,GAS_PRICE_WATCH_SEPTEMBER_2025.xlsx,LPG_SEPTEMBER_2025,38,4,D38
2025-09-01,2025-09-01,5.0,STATE,Sokoto,Sokoto,Sokoto,North West,FALSE,6454.438,NGN per refill,Average of Sept-25,TRUE,,5KG,2,LPG_Report_Sept_2025.zip,GAS_PRICE_WATCH_SEPTEMBER_2025.xlsx,LPG_SEPTEMBER_2025,24,4,D24
2025-09-01,2025-09-01,5.0,STATE,Taraba,Taraba,Taraba,North East,FALSE,6895.28490666667,NGN per refill,Average of Sept-25,TRUE,,5KG,2,LPG_Report_Sept_2025.zip,GAS_PRICE_WATCH_SEPTEMBER_2025.xlsx,LPG_SEPTEMBER_2025,16,4,D16
2025-09-01,2025-09-01,5.0,STATE,Yobe,Yobe,Yobe,North East,FALSE,6459.51666666667,NGN per refill,Average of Sept-25,TRUE,,5KG,2,LPG_Report_Sept_2025.zip,GAS_PRICE_WATCH_SEPTEMBER_2025.xlsx,LPG_SEPTEMBER_2025,17,4,D17
2025-09-01,2025-09-01,5.0,STATE,Zamfara,Zamfara,Zamfara,North West,FALSE,6212.6345,NGN per refill,Average of Sept-25,TRUE,,5KG,2,LPG_Report_Sept_2025.zip,GAS_PRICE_WATCH_SEPTEMBER_2025.xlsx,LPG_SEPTEMBER_2025,25,4,D25
2025-09-01,2025-09-01,5.0,ZONE,North Central,NORTH CENTRAL,,North Central,TRUE,6335.717033968249,NGN per refill,Average of Sept-25,TRUE,,5KG,2,LPG_Report_Sept_2025.zip,GAS_PRICE_WATCH_SEPTEMBER_2025.xlsx,LPG_SEPTEMBER_2025,3,4,D3
2025-09-01,2025-09-01,5.0,ZONE,North East,NORTH EAST,,North East,TRUE,6353.321953333335,NGN per refill,Average of Sept-25,TRUE,,5KG,2,LPG_Report_Sept_2025.zip,GAS_PRICE_WATCH_SEPTEMBER_2025.xlsx,LPG_SEPTEMBER_2025,11,4,D11
2025-09-01,2025-09-01,5.0,ZONE,North West,NORTH WEST,,North West,TRUE,6471.474399238095,NGN per refill,Average of Sept-25,TRUE,,5KG,2,LPG_Report_Sept_2025.zip,GAS_PRICE_WATCH_SEPTEMBER_2025.xlsx,LPG_SEPTEMBER_2025,18,4,D18
2025-09-01,2025-09-01,5.0,ZONE,South East,SOUTH EAST,,South East,TRUE,6421.6689333333325,NGN per refill,Average of Sept-25,TRUE,,5KG,2,LPG_Report_Sept_2025.zip,GAS_PRICE_WATCH_SEPTEMBER_2025.xlsx,LPG_SEPTEMBER_2025,26,4,D26
2025-09-01,2025-09-01,5.0,ZONE,South South,SOUTH SOUTH,,South South,TRUE,6408.588993073591,NGN per refill,Average of Sept-25,TRUE,,5KG,2,LPG_Report_Sept_2025.zip,GAS_PRICE_WATCH_SEPTEMBER_2025.xlsx,LPG_SEPTEMBER_2025,32,4,D32
2025-09-01,2025-09-01,5.0,ZONE,South West,SOUTH WEST,,South West,TRUE,6385.865430793651,NGN per refill,Average of Sept-25,TRUE,,5KG,2,LPG_Report_Sept_2025.zip,GAS_PRICE_WATCH_SEPTEMBER_2025.xlsx,LPG_SEPTEMBER_2025,39,4,D39
2025-09-01,2025-09-01,5.0,NATIONAL,Nigeria,Average,,,TRUE,6395.820080062556,NGN per refill,Average of Sept-25,TRUE,,5KG,2,LPG_Report_Sept_2025.zip,GAS_PRICE_WATCH_SEPTEMBER_2025.xlsx,LPG_SEPTEMBER_2025,46,4,D46
2025-09-01,2025-09-01,12.5,STATE,Abia,Abia,Abia,South East,FALSE,16672.986666666668,NGN per refill,Average of Sept-25,TRUE,,12.5KG,2,LPG_Report_Sept_2025.zip,GAS_PRICE_WATCH_SEPTEMBER_2025.xlsx,LPG_SEPTEMBER_2025,27,12,L27
2025-09-01,2025-09-01,12.5,STATE,Abuja,Abuja,Abuja,North Central,FALSE,16785.847775,NGN per refill,Average of Sept-25,TRUE,,12.5KG,2,LPG_Report_Sept_2025.zip,GAS_PRICE_WATCH_SEPTEMBER_2025.xlsx,LPG_SEPTEMBER_2025,4,12,L4
2025-09-01,2025-09-01,12.5,STATE,Adamawa,Adamawa,Adamawa,North East,FALSE,16600.426,NGN per refill,Average of Sept-25,TRUE,,12.5KG,2,LPG_Report_Sept_2025.zip,GAS_PRICE_WATCH_SEPTEMBER_2025.xlsx,LPG_SEPTEMBER_2025,12,12,L12
2025-09-01,2025-09-01,12.5,STATE,Akwa Ibom,Akwa Ibom,Akwa Ibom,South South,FALSE,16764.0107142857,NGN per refill,Average of Sept-25,TRUE,,12.5KG,2,LPG_Report_Sept_2025.zip,GAS_PRICE_WATCH_SEPTEMBER_2025.xlsx,LPG_SEPTEMBER_2025,33,12,L33
2025-09-01,2025-09-01,12.5,STATE,Anambra,Anambra,Anambra,South East,FALSE,16286.860714285713,NGN per refill,Average of Sept-25,TRUE,,12.5KG,2,LPG_Report_Sept_2025.zip,GAS_PRICE_WATCH_SEPTEMBER_2025.xlsx,LPG_SEPTEMBER_2025,28,12,L28
2025-09-01,2025-09-01,12.5,STATE,Bauchi,Bauchi,Bauchi,North East,FALSE,16348.2875,NGN per refill,Average of Sept-25,TRUE,,12.5KG,2,LPG_Report_Sept_2025.zip,GAS_PRICE_WATCH_SEPTEMBER_2025.xlsx,LPG_SEPTEMBER_2025,13,12,L13
2025-09-01,2025-09-01,12.5,STATE,Bayelsa,Bayelsa,Bayelsa,South South,FALSE,16198.11,NGN per refill,Average of Sept-25,TRUE,,12.5KG,2,LPG_Report_Sept_2025.zip,GAS_PRICE_WATCH_SEPTEMBER_2025.xlsx,LPG_SEPTEMBER_2025,34,12,L34
2025-09-01,2025-09-01,12.5,STATE,Benue,Benue,Benue,North Central,FALSE,15120.396875,NGN per refill,Average of Sept-25,TRUE,,12.5KG,2,LPG_Report_Sept_2025.zip,GAS_PRICE_WATCH_SEPTEMBER_2025.xlsx,LPG_SEPTEMBER_2025,5,12,L5
2025-09-01,2025-09-01,12.5,STATE,Borno,Borno,Borno,North East,FALSE,15179.75,NGN per refill,Average of Sept-25,TRUE,,12.5KG,2,LPG_Report_Sept_2025.zip,GAS_PRICE_WATCH_SEPTEMBER_2025.xlsx,LPG_SEPTEMBER_2025,14,12,L14
2025-09-01,2025-09-01,12.5,STATE,Cross River,Cross River,Cross River,South South,FALSE,15454.861,NGN per refill,Average of Sept-25,TRUE,,12.5KG,2,LPG_Report_Sept_2025.zip,GAS_PRICE_WATCH_SEPTEMBER_2025.xlsx,LPG_SEPTEMBER_2025,35,12,L35
2025-09-01,2025-09-01,12.5,STATE,Delta,Delta,Delta,South South,FALSE,16454.6381818182,NGN per refill,Average of Sept-25,TRUE,,12.5KG,2,LPG_Report_Sept_2025.zip,GAS_PRICE_WATCH_SEPTEMBER_2025.xlsx,LPG_SEPTEMBER_2025,36,12,L36
2025-09-01,2025-09-01,12.5,STATE,Ebonyi,Ebonyi,Ebonyi,South East,FALSE,16854.1142857143,NGN per refill,Average of Sept-25,TRUE,,12.5KG,2,LPG_Report_Sept_2025.zip,GAS_PRICE_WATCH_SEPTEMBER_2025.xlsx,LPG_SEPTEMBER_2025,29,12,L29
2025-09-01,2025-09-01,12.5,STATE,Edo,Edo,Edo,South South,FALSE,16511.875,NGN per refill,Average of Sept-25,TRUE,,12.5KG,2,LPG_Report_Sept_2025.zip,GAS_PRICE_WATCH_SEPTEMBER_2025.xlsx,LPG_SEPTEMBER_2025,37,12,L37
2025-09-01,2025-09-01,12.5,STATE,Ekiti,Ekiti,Ekiti,South West,FALSE,15651.9068,NGN per refill,Average of Sept-25,TRUE,,12.5KG,2,LPG_Report_Sept_2025.zip,GAS_PRICE_WATCH_SEPTEMBER_2025.xlsx,LPG_SEPTEMBER_2025,40,12,L40
2025-09-01,2025-09-01,12.5,STATE,Enugu,Enugu,Enugu,South East,FALSE,16514.066666666666,NGN per refill,Average of Sept-25,TRUE,,12.5KG,2,LPG_Report_Sept_2025.zip,GAS_PRICE_WATCH_SEPTEMBER_2025.xlsx,LPG_SEPTEMBER_2025,30,12,L30
2025-09-01,2025-09-01,12.5,STATE,Gombe,Gombe,Gombe,North East,FALSE,16460.3618666667,NGN per refill,Average of Sept-25,TRUE,,12.5KG,2,LPG_Report_Sept_2025.zip,GAS_PRICE_WATCH_SEPTEMBER_2025.xlsx,LPG_SEPTEMBER_2025,15,12,L15
2025-09-01,2025-09-01,12.5,STATE,Imo,Imo,Imo,South East,FALSE,15042.8333333333,NGN per refill,Average of Sept-25,TRUE,,12.5KG,2,LPG_Report_Sept_2025.zip,GAS_PRICE_WATCH_SEPTEMBER_2025.xlsx,LPG_SEPTEMBER_2025,31,12,L31
2025-09-01,2025-09-01,12.5,STATE,Jigawa,Jigawa,Jigawa,North West,FALSE,16137.475,NGN per refill,Average of Sept-25,TRUE,,12.5KG,2,LPG_Report_Sept_2025.zip,GAS_PRICE_WATCH_SEPTEMBER_2025.xlsx,LPG_SEPTEMBER_2025,19,12,L19
2025-09-01,2025-09-01,12.5,STATE,Kaduna,Kaduna,Kaduna,North West,FALSE,16148.8925,NGN per refill,Average of Sept-25,TRUE,,12.5KG,2,LPG_Report_Sept_2025.zip,GAS_PRICE_WATCH_SEPTEMBER_2025.xlsx,LPG_SEPTEMBER_2025,20,12,L20
2025-09-01,2025-09-01,12.5,STATE,Kano,Kano,Kano,North West,FALSE,16213.899166666668,NGN per refill,Average of Sept-25,TRUE,,12.5KG,2,LPG_Report_Sept_2025.zip,GAS_PRICE_WATCH_SEPTEMBER_2025.xlsx,LPG_SEPTEMBER_2025,21,12,L21
2025-09-01,2025-09-01,12.5,STATE,Katsina,Katsina,Katsina,North West,FALSE,16200.15852,NGN per refill,Average of Sept-25,TRUE,,12.5KG,2,LPG_Report_Sept_2025.zip,GAS_PRICE_WATCH_SEPTEMBER_2025.xlsx,LPG_SEPTEMBER_2025,22,12,L22
2025-09-01,2025-09-01,12.5,STATE,Kebbi,Taraba,Kebbi,North West,FALSE,16197.69555,NGN per refill,Average of Sept-25,TRUE,LPG_12_5KG_KEBBI_LABELLED_TARABA,12.5KG,2,LPG_Report_Sept_2025.zip,GAS_PRICE_WATCH_SEPTEMBER_2025.xlsx,LPG_SEPTEMBER_2025,23,12,L23
2025-09-01,2025-09-01,12.5,STATE,Kogi,Kogi,Kogi,North Central,FALSE,15730.7207333333,NGN per refill,Average of Sept-25,TRUE,,12.5KG,2,LPG_Report_Sept_2025.zip,GAS_PRICE_WATCH_SEPTEMBER_2025.xlsx,LPG_SEPTEMBER_2025,6,12,L6
2025-09-01,2025-09-01,12.5,STATE,Kwara,Kwara,Kwara,North Central,FALSE,16060.2277777778,NGN per refill,Average of Sept-25,TRUE,,12.5KG,2,LPG_Report_Sept_2025.zip,GAS_PRICE_WATCH_SEPTEMBER_2025.xlsx,LPG_SEPTEMBER_2025,7,12,L7
2025-09-01,2025-09-01,12.5,STATE,Lagos,Lagos,Lagos,South West,FALSE,16135.589285714286,NGN per refill,Average of Sept-25,TRUE,,12.5KG,2,LPG_Report_Sept_2025.zip,GAS_PRICE_WATCH_SEPTEMBER_2025.xlsx,LPG_SEPTEMBER_2025,41,12,L41
2025-09-01,2025-09-01,12.5,STATE,Nasarawa,Nasarawa,Nasarawa,North Central,FALSE,15609.6716,NGN per refill,Average of Sept-25,TRUE,,12.5KG,2,LPG_Report_Sept_2025.zip,GAS_PRICE_WATCH_SEPTEMBER_2025.xlsx,LPG_SEPTEMBER_2025,8,12,L8
2025-09-01,2025-09-01,12.5,STATE,Niger,Niger,Niger,North Central,FALSE,16108.0583333333,NGN per refill,Average of Sept-25,TRUE,,12.5KG,2,LPG_Report_Sept_2025.zip,GAS_PRICE_WATCH_SEPTEMBER_2025.xlsx,LPG_SEPTEMBER_2025,9,12,L9
2025-09-01,2025-09-01,12.5,STATE,Ogun,Ogun,Ogun,South West,FALSE,15526.41,NGN per refill,Average of Sept-25,TRUE,,12.5KG,2,LPG_Report_Sept_2025.zip,GAS_PRICE_WATCH_SEPTEMBER_2025.xlsx,LPG_SEPTEMBER_2025,42,12,L42
2025-09-01,2025-09-01,12.5,STATE,Ondo,Ondo,Ondo,South West,FALSE,15810.3291666667,NGN per refill,Average of Sept-25,TRUE,,12.5KG,2,LPG_Report_Sept_2025.zip,GAS_PRICE_WATCH_SEPTEMBER_2025.xlsx,LPG_SEPTEMBER_2025,43,12,L43
2025-09-01,2025-09-01,12.5,STATE,Osun,Osun,Osun,South West,FALSE,16482.9666666667,NGN per refill,Average of Sept-25,TRUE,,12.5KG,2,LPG_Report_Sept_2025.zip,GAS_PRICE_WATCH_SEPTEMBER_2025.xlsx,LPG_SEPTEMBER_2025,44,12,L44
2025-09-01,2025-09-01,12.5,STATE,Oyo,Oyo,Oyo,South West,FALSE,15730.779542857144,NGN per refill,Average of Sept-25,TRUE,,12.5KG,2,LPG_Report_Sept_2025.zip,GAS_PRICE_WATCH_SEPTEMBER_2025.xlsx,LPG_SEPTEMBER_2025,45,12,L45
2025-09-01,2025-09-01,12.5,STATE,Plateau,Plateau,Plateau,North Central,FALSE,16534.125,NGN per refill,Average of Sept-25,TRUE,,12.5KG,2,LPG_Report_Sept_2025.zip,GAS_PRICE_WATCH_SEPTEMBER_2025.xlsx,LPG_SEPTEMBER_2025,10,12,L10
2025-09-01,2025-09-01,12.5,STATE,Rivers,Rivers,Rivers,South South,FALSE,16205.34,NGN per refill,Average of Sept-25,TRUE,,12.5KG,2,LPG_Report_Sept_2025.zip,GAS_PRICE_WATCH_SEPTEMBER_2025.xlsx,LPG_SEPTEMBER_2025,38,12,L38
2025-09-01,2025-09-01,12.5,STATE,Sokoto,Sokoto,Sokoto,North West,FALSE,16236.095,NGN per refill,Average of Sept-25,TRUE,,12.5KG,2,LPG_Report_Sept_2025.zip,GAS_PRICE_WATCH_SEPTEMBER_2025.xlsx,LPG_SEPTEMBER_2025,24,12,L24
2025-09-01,2025-09-01,12.5,STATE,Taraba,Taraba,Taraba,North East,FALSE,16238.2122666667,NGN per refill,Average of Sept-25,TRUE,,12.5KG,2,LPG_Report_Sept_2025.zip,GAS_PRICE_WATCH_SEPTEMBER_2025.xlsx,LPG_SEPTEMBER_2025,16,12,L16
2025-09-01,2025-09-01,12.5,STATE,Yobe,Yobe,Yobe,North East,FALSE,16748.7916666667,NGN per refill,Average of Sept-25,TRUE,,12.5KG,2,LPG_Report_Sept_2025.zip,GAS_PRICE_WATCH_SEPTEMBER_2025.xlsx,LPG_SEPTEMBER_2025,17,12,L17
2025-09-01,2025-09-01,12.5,STATE,Zamfara,Zamfara,Zamfara,North West,FALSE,16781.58625,NGN per refill,Average of Sept-25,TRUE,,12.5KG,2,LPG_Report_Sept_2025.zip,GAS_PRICE_WATCH_SEPTEMBER_2025.xlsx,LPG_SEPTEMBER_2025,25,12,L25
2025-09-01,2025-09-01,12.5,ZONE,North Central,NORTH CENTRAL,,North Central,TRUE,15992.7211563492,NGN per refill,Average of Sept-25,TRUE,,12.5KG,2,LPG_Report_Sept_2025.zip,GAS_PRICE_WATCH_SEPTEMBER_2025.xlsx,LPG_SEPTEMBER_2025,3,12,L3
2025-09-01,2025-09-01,12.5,ZONE,North East,NORTH EAST,,North East,TRUE,16262.638216666683,NGN per refill,Average of Sept-25,TRUE,,12.5KG,2,LPG_Report_Sept_2025.zip,GAS_PRICE_WATCH_SEPTEMBER_2025.xlsx,LPG_SEPTEMBER_2025,11,12,L11
2025-09-01,2025-09-01,12.5,ZONE,North West,NORTH WEST,,North West,TRUE,16273.685998095241,NGN per refill,Average of Sept-25,TRUE,,12.5KG,2,LPG_Report_Sept_2025.zip,GAS_PRICE_WATCH_SEPTEMBER_2025.xlsx,LPG_SEPTEMBER_2025,18,12,L18
2025-09-01,2025-09-01,12.5,ZONE,South East,SOUTH EAST,,South East,TRUE,16274.17233333333,NGN per refill,Average of Sept-25,TRUE,,12.5KG,2,LPG_Report_Sept_2025.zip,GAS_PRICE_WATCH_SEPTEMBER_2025.xlsx,LPG_SEPTEMBER_2025,26,12,L26
2025-09-01,2025-09-01,12.5,ZONE,South South,SOUTH SOUTH,,South South,TRUE,16264.805816017317,NGN per refill,Average of Sept-25,TRUE,,12.5KG,2,LPG_Report_Sept_2025.zip,GAS_PRICE_WATCH_SEPTEMBER_2025.xlsx,LPG_SEPTEMBER_2025,32,12,L32
2025-09-01,2025-09-01,12.5,ZONE,South West,SOUTH WEST,,South West,TRUE,15889.663576984138,NGN per refill,Average of Sept-25,TRUE,,12.5KG,2,LPG_Report_Sept_2025.zip,GAS_PRICE_WATCH_SEPTEMBER_2025.xlsx,LPG_SEPTEMBER_2025,39,12,L39
2025-09-01,2025-09-01,12.5,NATIONAL,Nigeria,Average,,,TRUE,16155.090740696933,NGN per refill,Average of Sept-25,TRUE,,12.5KG,2,LPG_Report_Sept_2025.zip,GAS_PRICE_WATCH_SEPTEMBER_2025.xlsx,LPG_SEPTEMBER_2025,46,12,L46
2025-10-01,2024-10-01,5.0,STATE,Abia,Abia,Abia,South East,FALSE,6691.40625,NGN per refill,Average of Oct-24,FALSE,,5KG,2,LPG_Report_OCT_25.zip,GAS PRICE WATCH OCTOBER 2025.xlsx,LPG OCTOBER_2025,27,2,B27
2025-10-01,2024-10-01,5.0,STATE,Abuja,Abuja,Abuja,North Central,FALSE,6480.8,NGN per refill,Average of Oct-24,FALSE,,5KG,2,LPG_Report_OCT_25.zip,GAS PRICE WATCH OCTOBER 2025.xlsx,LPG OCTOBER_2025,4,2,B4
2025-10-01,2024-10-01,5.0,STATE,Adamawa,Adamawa,Adamawa,North East,FALSE,6475.25,NGN per refill,Average of Oct-24,FALSE,,5KG,2,LPG_Report_OCT_25.zip,GAS PRICE WATCH OCTOBER 2025.xlsx,LPG OCTOBER_2025,12,2,B12
2025-10-01,2024-10-01,5.0,STATE,Akwa Ibom,Akwa Ibom,Akwa Ibom,South South,FALSE,6722.222222222223,NGN per refill,Average of Oct-24,FALSE,,5KG,2,LPG_Report_OCT_25.zip,GAS PRICE WATCH OCTOBER 2025.xlsx,LPG OCTOBER_2025,33,2,B33
2025-10-01,2024-10-01,5.0,STATE,Anambra,Anambra,Anambra,South East,FALSE,7021.666666666667,NGN per refill,Average of Oct-24,FALSE,,5KG,2,LPG_Report_OCT_25.zip,GAS PRICE WATCH OCTOBER 2025.xlsx,LPG OCTOBER_2025,28,2,B28
2025-10-01,2024-10-01,5.0,STATE,Bauchi,Bauchi,Bauchi,North East,FALSE,7125,NGN per refill,Average of Oct-24,FALSE,,5KG,2,LPG_Report_OCT_25.zip,GAS PRICE WATCH OCTOBER 2025.xlsx,LPG OCTOBER_2025,13,2,B13
2025-10-01,2024-10-01,5.0,STATE,Bayelsa,Bayelsa,Bayelsa,South South,FALSE,6495.454545454545,NGN per refill,Average of Oct-24,FALSE,,5KG,2,LPG_Report_OCT_25.zip,GAS PRICE WATCH OCTOBER 2025.xlsx,LPG OCTOBER_2025,34,2,B34
2025-10-01,2024-10-01,5.0,STATE,Benue,Benue,Benue,North Central,FALSE,7578,NGN per refill,Average of Oct-24,FALSE,,5KG,2,LPG_Report_OCT_25.zip,GAS PRICE WATCH OCTOBER 2025.xlsx,LPG OCTOBER_2025,5,2,B5
2025-10-01,2024-10-01,5.0,STATE,Borno,Borno,Borno,North East,FALSE,7939.285714285715,NGN per refill,Average of Oct-24,FALSE,,5KG,2,LPG_Report_OCT_25.zip,GAS PRICE WATCH OCTOBER 2025.xlsx,LPG OCTOBER_2025,14,2,B14
2025-10-01,2024-10-01,5.0,STATE,Cross River,Cross River,Cross River,South South,FALSE,7000,NGN per refill,Average of Oct-24,FALSE,,5KG,2,LPG_Report_OCT_25.zip,GAS PRICE WATCH OCTOBER 2025.xlsx,LPG OCTOBER_2025,35,2,B35
2025-10-01,2024-10-01,5.0,STATE,Delta,Delta,Delta,South South,FALSE,6427.777777777777,NGN per refill,Average of Oct-24,FALSE,,5KG,2,LPG_Report_OCT_25.zip,GAS PRICE WATCH OCTOBER 2025.xlsx,LPG OCTOBER_2025,36,2,B36
2025-10-01,2024-10-01,5.0,STATE,Ebonyi,Ebonyi,Ebonyi,South East,FALSE,6866.666666666667,NGN per refill,Average of Oct-24,FALSE,,5KG,2,LPG_Report_OCT_25.zip,GAS PRICE WATCH OCTOBER 2025.xlsx,LPG OCTOBER_2025,29,2,B29
2025-10-01,2024-10-01,5.0,STATE,Edo,Edo,Edo,South South,FALSE,6993.75,NGN per refill,Average of Oct-24,FALSE,,5KG,2,LPG_Report_OCT_25.zip,GAS PRICE WATCH OCTOBER 2025.xlsx,LPG OCTOBER_2025,37,2,B37
2025-10-01,2024-10-01,5.0,STATE,Ekiti,Ekiti,Ekiti,South West,FALSE,7025.6578947368425,NGN per refill,Average of Oct-24,FALSE,,5KG,2,LPG_Report_OCT_25.zip,GAS PRICE WATCH OCTOBER 2025.xlsx,LPG OCTOBER_2025,40,2,B40
2025-10-01,2024-10-01,5.0,STATE,Enugu,Enugu,Enugu,South East,FALSE,7190.833333333333,NGN per refill,Average of Oct-24,FALSE,,5KG,2,LPG_Report_OCT_25.zip,GAS PRICE WATCH OCTOBER 2025.xlsx,LPG OCTOBER_2025,30,2,B30
2025-10-01,2024-10-01,5.0,STATE,Gombe,Gombe,Gombe,North East,FALSE,7270.625,NGN per refill,Average of Oct-24,FALSE,,5KG,2,LPG_Report_OCT_25.zip,GAS PRICE WATCH OCTOBER 2025.xlsx,LPG OCTOBER_2025,15,2,B15
2025-10-01,2024-10-01,5.0,STATE,Imo,Imo,Imo,South East,FALSE,6974.375,NGN per refill,Average of Oct-24,FALSE,,5KG,2,LPG_Report_OCT_25.zip,GAS PRICE WATCH OCTOBER 2025.xlsx,LPG OCTOBER_2025,31,2,B31
2025-10-01,2024-10-01,5.0,STATE,Jigawa,Jigawa,Jigawa,North West,FALSE,6440,NGN per refill,Average of Oct-24,FALSE,,5KG,2,LPG_Report_OCT_25.zip,GAS PRICE WATCH OCTOBER 2025.xlsx,LPG OCTOBER_2025,19,2,B19
2025-10-01,2024-10-01,5.0,STATE,Kaduna,Kaduna,Kaduna,North West,FALSE,7169.444444444444,NGN per refill,Average of Oct-24,FALSE,,5KG,2,LPG_Report_OCT_25.zip,GAS PRICE WATCH OCTOBER 2025.xlsx,LPG OCTOBER_2025,20,2,B20
2025-10-01,2024-10-01,5.0,STATE,Kano,Kano,Kano,North West,FALSE,6837.5,NGN per refill,Average of Oct-24,FALSE,,5KG,2,LPG_Report_OCT_25.zip,GAS PRICE WATCH OCTOBER 2025.xlsx,LPG OCTOBER_2025,21,2,B21
2025-10-01,2024-10-01,5.0,STATE,Katsina,Katsina,Katsina,North West,FALSE,6270,NGN per refill,Average of Oct-24,FALSE,,5KG,2,LPG_Report_OCT_25.zip,GAS PRICE WATCH OCTOBER 2025.xlsx,LPG OCTOBER_2025,22,2,B22
2025-10-01,2024-10-01,5.0,STATE,Kebbi,Kebbi,Kebbi,North West,FALSE,6800,NGN per refill,Average of Oct-24,FALSE,,5KG,2,LPG_Report_OCT_25.zip,GAS PRICE WATCH OCTOBER 2025.xlsx,LPG OCTOBER_2025,23,2,B23
2025-10-01,2024-10-01,5.0,STATE,Kogi,Kogi,Kogi,North Central,FALSE,6601.5625,NGN per refill,Average of Oct-24,FALSE,,5KG,2,LPG_Report_OCT_25.zip,GAS PRICE WATCH OCTOBER 2025.xlsx,LPG OCTOBER_2025,6,2,B6
2025-10-01,2024-10-01,5.0,STATE,Kwara,Kwara,Kwara,North Central,FALSE,7046.25,NGN per refill,Average of Oct-24,FALSE,,5KG,2,LPG_Report_OCT_25.zip,GAS PRICE WATCH OCTOBER 2025.xlsx,LPG OCTOBER_2025,7,2,B7
2025-10-01,2024-10-01,5.0,STATE,Lagos,Lagos,Lagos,South West,FALSE,7476.315789473684,NGN per refill,Average of Oct-24,FALSE,,5KG,2,LPG_Report_OCT_25.zip,GAS PRICE WATCH OCTOBER 2025.xlsx,LPG OCTOBER_2025,41,2,B41
2025-10-01,2024-10-01,5.0,STATE,Nasarawa,Nasarawa,Nasarawa,North Central,FALSE,6470.111111111111,NGN per refill,Average of Oct-24,FALSE,,5KG,2,LPG_Report_OCT_25.zip,GAS PRICE WATCH OCTOBER 2025.xlsx,LPG OCTOBER_2025,8,2,B8
2025-10-01,2024-10-01,5.0,STATE,Niger,Niger,Niger,North Central,FALSE,6655.875558035715,NGN per refill,Average of Oct-24,FALSE,,5KG,2,LPG_Report_OCT_25.zip,GAS PRICE WATCH OCTOBER 2025.xlsx,LPG OCTOBER_2025,9,2,B9
2025-10-01,2024-10-01,5.0,STATE,Ogun,Ogun,Ogun,South West,FALSE,6882.777777777777,NGN per refill,Average of Oct-24,FALSE,,5KG,2,LPG_Report_OCT_25.zip,GAS PRICE WATCH OCTOBER 2025.xlsx,LPG OCTOBER_2025,42,2,B42
2025-10-01,2024-10-01,5.0,STATE,Ondo,Ondo,Ondo,South West,FALSE,6606.25,NGN per refill,Average of Oct-24,FALSE,,5KG,2,LPG_Report_OCT_25.zip,GAS PRICE WATCH OCTOBER 2025.xlsx,LPG OCTOBER_2025,43,2,B43
2025-10-01,2024-10-01,5.0,STATE,Osun,Osun,Osun,South West,FALSE,7072.222222222223,NGN per refill,Average of Oct-24,FALSE,,5KG,2,LPG_Report_OCT_25.zip,GAS PRICE WATCH OCTOBER 2025.xlsx,LPG OCTOBER_2025,44,2,B44
2025-10-01,2024-10-01,5.0,STATE,Oyo,Oyo,Oyo,South West,FALSE,6706.25,NGN per refill,Average of Oct-24,FALSE,,5KG,2,LPG_Report_OCT_25.zip,GAS PRICE WATCH OCTOBER 2025.xlsx,LPG OCTOBER_2025,45,2,B45
2025-10-01,2024-10-01,5.0,STATE,Plateau,Plateau,Plateau,North Central,FALSE,6830.375,NGN per refill,Average of Oct-24,FALSE,,5KG,2,LPG_Report_OCT_25.zip,GAS PRICE WATCH OCTOBER 2025.xlsx,LPG OCTOBER_2025,10,2,B10
2025-10-01,2024-10-01,5.0,STATE,Rivers,Rivers,Rivers,South South,FALSE,7222.222222222223,NGN per refill,Average of Oct-24,FALSE,,5KG,2,LPG_Report_OCT_25.zip,GAS PRICE WATCH OCTOBER 2025.xlsx,LPG OCTOBER_2025,38,2,B38
2025-10-01,2024-10-01,5.0,STATE,Sokoto,Sokoto,Sokoto,North West,FALSE,7000,NGN per refill,Average of Oct-24,FALSE,,5KG,2,LPG_Report_OCT_25.zip,GAS PRICE WATCH OCTOBER 2025.xlsx,LPG OCTOBER_2025,24,2,B24
2025-10-01,2024-10-01,5.0,STATE,Taraba,Taraba,Taraba,North East,FALSE,7524,NGN per refill,Average of Oct-24,FALSE,,5KG,2,LPG_Report_OCT_25.zip,GAS PRICE WATCH OCTOBER 2025.xlsx,LPG OCTOBER_2025,16,2,B16
2025-10-01,2024-10-01,5.0,STATE,Yobe,Yobe,Yobe,North East,FALSE,7580,NGN per refill,Average of Oct-24,FALSE,,5KG,2,LPG_Report_OCT_25.zip,GAS PRICE WATCH OCTOBER 2025.xlsx,LPG OCTOBER_2025,17,2,B17
2025-10-01,2024-10-01,5.0,STATE,Zamfara,Zamfara,Zamfara,North West,FALSE,6410.714285714285,NGN per refill,Average of Oct-24,FALSE,,5KG,2,LPG_Report_OCT_25.zip,GAS PRICE WATCH OCTOBER 2025.xlsx,LPG OCTOBER_2025,25,2,B25
2025-10-01,2024-10-01,5.0,ZONE,North Central,NORTH CENTRAL,,North Central,TRUE,6808.996309878118,NGN per refill,Average of Oct-24,FALSE,,5KG,2,LPG_Report_OCT_25.zip,GAS PRICE WATCH OCTOBER 2025.xlsx,LPG OCTOBER_2025,3,2,B3
2025-10-01,2024-10-01,5.0,ZONE,North East,NORTH EAST,,North East,TRUE,7319.026785714285,NGN per refill,Average of Oct-24,FALSE,,5KG,2,LPG_Report_OCT_25.zip,GAS PRICE WATCH OCTOBER 2025.xlsx,LPG OCTOBER_2025,11,2,B11
2025-10-01,2024-10-01,5.0,ZONE,North West,NORTH WEST,,North West,TRUE,6703.951247165533,NGN per refill,Average of Oct-24,FALSE,,5KG,2,LPG_Report_OCT_25.zip,GAS PRICE WATCH OCTOBER 2025.xlsx,LPG OCTOBER_2025,18,2,B18
2025-10-01,2024-10-01,5.0,ZONE,South East,SOUTH EAST,,South East,TRUE,6948.989583333334,NGN per refill,Average of Oct-24,FALSE,,5KG,2,LPG_Report_OCT_25.zip,GAS PRICE WATCH OCTOBER 2025.xlsx,LPG OCTOBER_2025,26,2,B26
2025-10-01,2024-10-01,5.0,ZONE,South South,SOUTH SOUTH,,South South,TRUE,6810.237794612794,NGN per refill,Average of Oct-24,FALSE,,5KG,2,LPG_Report_OCT_25.zip,GAS PRICE WATCH OCTOBER 2025.xlsx,LPG OCTOBER_2025,32,2,B32
2025-10-01,2024-10-01,5.0,ZONE,South West,SOUTH WEST,,South West,TRUE,6961.578947368421,NGN per refill,Average of Oct-24,FALSE,,5KG,2,LPG_Report_OCT_25.zip,GAS PRICE WATCH OCTOBER 2025.xlsx,LPG OCTOBER_2025,39,2,B39
2025-10-01,2024-10-01,5.0,NATIONAL,Nigeria,Average,,,TRUE,6915.693026544465,NGN per refill,Average of Oct-24,FALSE,,5KG,2,LPG_Report_OCT_25.zip,GAS PRICE WATCH OCTOBER 2025.xlsx,LPG OCTOBER_2025,46,2,B46
2025-10-01,2024-10-01,12.5,STATE,Abia,Abia,Abia,South East,FALSE,16269.140625,NGN per refill,Average of Oct-24,FALSE,,12.5KG,2,LPG_Report_OCT_25.zip,GAS PRICE WATCH OCTOBER 2025.xlsx,LPG OCTOBER_2025,27,10,J27
2025-10-01,2024-10-01,12.5,STATE,Abuja,Abuja,Abuja,North Central,FALSE,16423.4,NGN per refill,Average of Oct-24,FALSE,,12.5KG,2,LPG_Report_OCT_25.zip,GAS PRICE WATCH OCTOBER 2025.xlsx,LPG OCTOBER_2025,4,10,J4
2025-10-01,2024-10-01,12.5,STATE,Adamawa,Adamawa,Adamawa,North East,FALSE,15474.208333333334,NGN per refill,Average of Oct-24,FALSE,,12.5KG,2,LPG_Report_OCT_25.zip,GAS PRICE WATCH OCTOBER 2025.xlsx,LPG OCTOBER_2025,12,10,J12
2025-10-01,2024-10-01,12.5,STATE,Akwa Ibom,Akwa Ibom,Akwa Ibom,South South,FALSE,16389.444444444445,NGN per refill,Average of Oct-24,FALSE,,12.5KG,2,LPG_Report_OCT_25.zip,GAS PRICE WATCH OCTOBER 2025.xlsx,LPG OCTOBER_2025,33,10,J33
2025-10-01,2024-10-01,12.5,STATE,Anambra,Anambra,Anambra,South East,FALSE,16930,NGN per refill,Average of Oct-24,FALSE,,12.5KG,2,LPG_Report_OCT_25.zip,GAS PRICE WATCH OCTOBER 2025.xlsx,LPG OCTOBER_2025,28,10,J28
2025-10-01,2024-10-01,12.5,STATE,Bauchi,Bauchi,Bauchi,North East,FALSE,17500,NGN per refill,Average of Oct-24,FALSE,,12.5KG,2,LPG_Report_OCT_25.zip,GAS PRICE WATCH OCTOBER 2025.xlsx,LPG OCTOBER_2025,13,10,J13
2025-10-01,2024-10-01,12.5,STATE,Bayelsa,Bayelsa,Bayelsa,South South,FALSE,16938.636363636364,NGN per refill,Average of Oct-24,FALSE,,12.5KG,2,LPG_Report_OCT_25.zip,GAS PRICE WATCH OCTOBER 2025.xlsx,LPG OCTOBER_2025,34,10,J34
2025-10-01,2024-10-01,12.5,STATE,Benue,Benue,Benue,North Central,FALSE,17731.25,NGN per refill,Average of Oct-24,FALSE,,12.5KG,2,LPG_Report_OCT_25.zip,GAS PRICE WATCH OCTOBER 2025.xlsx,LPG OCTOBER_2025,5,10,J5
2025-10-01,2024-10-01,12.5,STATE,Borno,Borno,Borno,North East,FALSE,15889.166666666666,NGN per refill,Average of Oct-24,FALSE,,12.5KG,2,LPG_Report_OCT_25.zip,GAS PRICE WATCH OCTOBER 2025.xlsx,LPG OCTOBER_2025,14,10,J14
2025-10-01,2024-10-01,12.5,STATE,Cross River,Cross River,Cross River,South South,FALSE,17563.88888888889,NGN per refill,Average of Oct-24,FALSE,,12.5KG,2,LPG_Report_OCT_25.zip,GAS PRICE WATCH OCTOBER 2025.xlsx,LPG OCTOBER_2025,35,10,J35
2025-10-01,2024-10-01,12.5,STATE,Delta,Delta,Delta,South South,FALSE,16541.666666666668,NGN per refill,Average of Oct-24,FALSE,,12.5KG,2,LPG_Report_OCT_25.zip,GAS PRICE WATCH OCTOBER 2025.xlsx,LPG OCTOBER_2025,36,10,J36
2025-10-01,2024-10-01,12.5,STATE,Ebonyi,Ebonyi,Ebonyi,South East,FALSE,17196.428571428572,NGN per refill,Average of Oct-24,FALSE,,12.5KG,2,LPG_Report_OCT_25.zip,GAS PRICE WATCH OCTOBER 2025.xlsx,LPG OCTOBER_2025,29,10,J29
2025-10-01,2024-10-01,12.5,STATE,Edo,Edo,Edo,South South,FALSE,17359.375,NGN per refill,Average of Oct-24,FALSE,,12.5KG,2,LPG_Report_OCT_25.zip,GAS PRICE WATCH OCTOBER 2025.xlsx,LPG OCTOBER_2025,37,10,J37
2025-10-01,2024-10-01,12.5,STATE,Ekiti,Ekiti,Ekiti,South West,FALSE,16495.9375,NGN per refill,Average of Oct-24,FALSE,,12.5KG,2,LPG_Report_OCT_25.zip,GAS PRICE WATCH OCTOBER 2025.xlsx,LPG OCTOBER_2025,40,10,J40
2025-10-01,2024-10-01,12.5,STATE,Enugu,Enugu,Enugu,South East,FALSE,16762.583333333332,NGN per refill,Average of Oct-24,FALSE,,12.5KG,2,LPG_Report_OCT_25.zip,GAS PRICE WATCH OCTOBER 2025.xlsx,LPG OCTOBER_2025,30,10,J30
2025-10-01,2024-10-01,12.5,STATE,Gombe,Gombe,Gombe,North East,FALSE,17589,NGN per refill,Average of Oct-24,FALSE,,12.5KG,2,LPG_Report_OCT_25.zip,GAS PRICE WATCH OCTOBER 2025.xlsx,LPG OCTOBER_2025,15,10,J15
2025-10-01,2024-10-01,12.5,STATE,Imo,Imo,Imo,South East,FALSE,17371.91176470588,NGN per refill,Average of Oct-24,FALSE,,12.5KG,2,LPG_Report_OCT_25.zip,GAS PRICE WATCH OCTOBER 2025.xlsx,LPG OCTOBER_2025,31,10,J31
2025-10-01,2024-10-01,12.5,STATE,Jigawa,Jigawa,Jigawa,North West,FALSE,15861,NGN per refill,Average of Oct-24,FALSE,,12.5KG,2,LPG_Report_OCT_25.zip,GAS PRICE WATCH OCTOBER 2025.xlsx,LPG OCTOBER_2025,19,10,J19
2025-10-01,2024-10-01,12.5,STATE,Kaduna,Kaduna,Kaduna,North West,FALSE,17050.555555555555,NGN per refill,Average of Oct-24,FALSE,,12.5KG,2,LPG_Report_OCT_25.zip,GAS PRICE WATCH OCTOBER 2025.xlsx,LPG OCTOBER_2025,20,10,J20
2025-10-01,2024-10-01,12.5,STATE,Kano,Kano,Kano,North West,FALSE,16972.5,NGN per refill,Average of Oct-24,FALSE,,12.5KG,2,LPG_Report_OCT_25.zip,GAS PRICE WATCH OCTOBER 2025.xlsx,LPG OCTOBER_2025,21,10,J21
2025-10-01,2024-10-01,12.5,STATE,Katsina,Katsina,Katsina,North West,FALSE,14725,NGN per refill,Average of Oct-24,FALSE,,12.5KG,2,LPG_Report_OCT_25.zip,GAS PRICE WATCH OCTOBER 2025.xlsx,LPG OCTOBER_2025,22,10,J22
2025-10-01,2024-10-01,12.5,STATE,Kebbi,Taraba,Kebbi,North West,FALSE,16397.5,NGN per refill,Average of Oct-24,FALSE,LPG_12_5KG_KEBBI_LABELLED_TARABA,12.5KG,2,LPG_Report_OCT_25.zip,GAS PRICE WATCH OCTOBER 2025.xlsx,LPG OCTOBER_2025,23,10,J23
2025-10-01,2024-10-01,12.5,STATE,Kogi,Kogi,Kogi,North Central,FALSE,16535.15625,NGN per refill,Average of Oct-24,FALSE,,12.5KG,2,LPG_Report_OCT_25.zip,GAS PRICE WATCH OCTOBER 2025.xlsx,LPG OCTOBER_2025,6,10,J6
2025-10-01,2024-10-01,12.5,STATE,Kwara,Kwara,Kwara,North Central,FALSE,16542.96875,NGN per refill,Average of Oct-24,FALSE,,12.5KG,2,LPG_Report_OCT_25.zip,GAS PRICE WATCH OCTOBER 2025.xlsx,LPG OCTOBER_2025,7,10,J7
2025-10-01,2024-10-01,12.5,STATE,Lagos,Lagos,Lagos,South West,FALSE,16841.25,NGN per refill,Average of Oct-24,FALSE,,12.5KG,2,LPG_Report_OCT_25.zip,GAS PRICE WATCH OCTOBER 2025.xlsx,LPG OCTOBER_2025,41,10,J41
2025-10-01,2024-10-01,12.5,STATE,Nasarawa,Nasarawa,Nasarawa,North Central,FALSE,15390.547092013889,NGN per refill,Average of Oct-24,FALSE,,12.5KG,2,LPG_Report_OCT_25.zip,GAS PRICE WATCH OCTOBER 2025.xlsx,LPG OCTOBER_2025,8,10,J8
2025-10-01,2024-10-01,12.5,STATE,Niger,Niger,Niger,North Central,FALSE,15743.07373046875,NGN per refill,Average of Oct-24,FALSE,,12.5KG,2,LPG_Report_OCT_25.zip,GAS PRICE WATCH OCTOBER 2025.xlsx,LPG OCTOBER_2025,9,10,J9
2025-10-01,2024-10-01,12.5,STATE,Ogun,Ogun,Ogun,South West,FALSE,17392.85714285714,NGN per refill,Average of Oct-24,FALSE,,12.5KG,2,LPG_Report_OCT_25.zip,GAS PRICE WATCH OCTOBER 2025.xlsx,LPG OCTOBER_2025,42,10,J42
2025-10-01,2024-10-01,12.5,STATE,Ondo,Ondo,Ondo,South West,FALSE,16297.596153846154,NGN per refill,Average of Oct-24,FALSE,,12.5KG,2,LPG_Report_OCT_25.zip,GAS PRICE WATCH OCTOBER 2025.xlsx,LPG OCTOBER_2025,43,10,J43
2025-10-01,2024-10-01,12.5,STATE,Osun,Osun,Osun,South West,FALSE,17739.0625,NGN per refill,Average of Oct-24,FALSE,,12.5KG,2,LPG_Report_OCT_25.zip,GAS PRICE WATCH OCTOBER 2025.xlsx,LPG OCTOBER_2025,44,10,J44
2025-10-01,2024-10-01,12.5,STATE,Oyo,Oyo,Oyo,South West,FALSE,16601.5625,NGN per refill,Average of Oct-24,FALSE,,12.5KG,2,LPG_Report_OCT_25.zip,GAS PRICE WATCH OCTOBER 2025.xlsx,LPG OCTOBER_2025,45,10,J45
2025-10-01,2024-10-01,12.5,STATE,Plateau,Plateau,Plateau,North Central,FALSE,16511.9,NGN per refill,Average of Oct-24,FALSE,,12.5KG,2,LPG_Report_OCT_25.zip,GAS PRICE WATCH OCTOBER 2025.xlsx,LPG OCTOBER_2025,10,10,J10
2025-10-01,2024-10-01,12.5,STATE,Rivers,Rivers,Rivers,South South,FALSE,17895,NGN per refill,Average of Oct-24,FALSE,,12.5KG,2,LPG_Report_OCT_25.zip,GAS PRICE WATCH OCTOBER 2025.xlsx,LPG OCTOBER_2025,38,10,J38
2025-10-01,2024-10-01,12.5,STATE,Sokoto,Sokoto,Sokoto,North West,FALSE,17480,NGN per refill,Average of Oct-24,FALSE,,12.5KG,2,LPG_Report_OCT_25.zip,GAS PRICE WATCH OCTOBER 2025.xlsx,LPG OCTOBER_2025,24,10,J24
2025-10-01,2024-10-01,12.5,STATE,Taraba,Taraba,Taraba,North East,FALSE,16992.1875,NGN per refill,Average of Oct-24,FALSE,,12.5KG,2,LPG_Report_OCT_25.zip,GAS PRICE WATCH OCTOBER 2025.xlsx,LPG OCTOBER_2025,16,10,J16
2025-10-01,2024-10-01,12.5,STATE,Yobe,Yobe,Yobe,North East,FALSE,17117.5,NGN per refill,Average of Oct-24,FALSE,,12.5KG,2,LPG_Report_OCT_25.zip,GAS PRICE WATCH OCTOBER 2025.xlsx,LPG OCTOBER_2025,17,10,J17
2025-10-01,2024-10-01,12.5,STATE,Zamfara,Zamfara,Zamfara,North West,FALSE,16665,NGN per refill,Average of Oct-24,FALSE,,12.5KG,2,LPG_Report_OCT_25.zip,GAS PRICE WATCH OCTOBER 2025.xlsx,LPG OCTOBER_2025,25,10,J25
2025-10-01,2024-10-01,12.5,ZONE,North Central,NORTH CENTRAL,,North Central,TRUE,16411.18511749752,NGN per refill,Average of Oct-24,FALSE,,12.5KG,2,LPG_Report_OCT_25.zip,GAS PRICE WATCH OCTOBER 2025.xlsx,LPG OCTOBER_2025,3,10,J3
2025-10-01,2024-10-01,12.5,ZONE,North East,NORTH EAST,,North East,TRUE,16760.34375,NGN per refill,Average of Oct-24,FALSE,,12.5KG,2,LPG_Report_OCT_25.zip,GAS PRICE WATCH OCTOBER 2025.xlsx,LPG OCTOBER_2025,11,10,J11
2025-10-01,2024-10-01,12.5,ZONE,North West,NORTH WEST,,North West,TRUE,16450.222222222223,NGN per refill,Average of Oct-24,FALSE,,12.5KG,2,LPG_Report_OCT_25.zip,GAS PRICE WATCH OCTOBER 2025.xlsx,LPG OCTOBER_2025,18,10,J18
2025-10-01,2024-10-01,12.5,ZONE,South East,SOUTH EAST,,South East,TRUE,16906.01285889356,NGN per refill,Average of Oct-24,FALSE,,12.5KG,2,LPG_Report_OCT_25.zip,GAS PRICE WATCH OCTOBER 2025.xlsx,LPG OCTOBER_2025,26,10,J26
2025-10-01,2024-10-01,12.5,ZONE,South South,SOUTH SOUTH,,South South,TRUE,17114.66856060606,NGN per refill,Average of Oct-24,FALSE,,12.5KG,2,LPG_Report_OCT_25.zip,GAS PRICE WATCH OCTOBER 2025.xlsx,LPG OCTOBER_2025,32,10,J32
2025-10-01,2024-10-01,12.5,ZONE,South West,SOUTH WEST,,South West,TRUE,16894.710966117218,NGN per refill,Average of Oct-24,FALSE,,12.5KG,2,LPG_Report_OCT_25.zip,GAS PRICE WATCH OCTOBER 2025.xlsx,LPG OCTOBER_2025,39,10,J39
2025-10-01,2024-10-01,12.5,NATIONAL,Nigeria,Average,,,TRUE,16734.547441428258,NGN per refill,Average of Oct-24,FALSE,,12.5KG,2,LPG_Report_OCT_25.zip,GAS PRICE WATCH OCTOBER 2025.xlsx,LPG OCTOBER_2025,46,10,J46
2025-10-01,2025-09-01,5.0,STATE,Abia,Abia,Abia,South East,FALSE,6669.194666666667,NGN per refill,Average of Sept-25,FALSE,,5KG,2,LPG_Report_OCT_25.zip,GAS PRICE WATCH OCTOBER 2025.xlsx,LPG OCTOBER_2025,27,3,C27
2025-10-01,2025-09-01,5.0,STATE,Abuja,Abuja,Abuja,North Central,FALSE,6394.33911,NGN per refill,Average of Sept-25,FALSE,,5KG,2,LPG_Report_OCT_25.zip,GAS PRICE WATCH OCTOBER 2025.xlsx,LPG OCTOBER_2025,4,3,C4
2025-10-01,2025-09-01,5.0,STATE,Adamawa,Adamawa,Adamawa,North East,FALSE,6640.1704,NGN per refill,Average of Sept-25,FALSE,,5KG,2,LPG_Report_OCT_25.zip,GAS PRICE WATCH OCTOBER 2025.xlsx,LPG OCTOBER_2025,12,3,C12
2025-10-01,2025-09-01,5.0,STATE,Akwa Ibom,Akwa Ibom,Akwa Ibom,South South,FALSE,6125.60428571428,NGN per refill,Average of Sept-25,FALSE,,5KG,2,LPG_Report_OCT_25.zip,GAS PRICE WATCH OCTOBER 2025.xlsx,LPG OCTOBER_2025,33,3,C33
2025-10-01,2025-09-01,5.0,STATE,Anambra,Anambra,Anambra,South East,FALSE,6514.744285714285,NGN per refill,Average of Sept-25,FALSE,,5KG,2,LPG_Report_OCT_25.zip,GAS PRICE WATCH OCTOBER 2025.xlsx,LPG OCTOBER_2025,28,3,C28
2025-10-01,2025-09-01,5.0,STATE,Bauchi,Bauchi,Bauchi,North East,FALSE,5539.315,NGN per refill,Average of Sept-25,FALSE,,5KG,2,LPG_Report_OCT_25.zip,GAS PRICE WATCH OCTOBER 2025.xlsx,LPG OCTOBER_2025,13,3,C13
2025-10-01,2025-09-01,5.0,STATE,Bayelsa,Bayelsa,Bayelsa,South South,FALSE,6679.244,NGN per refill,Average of Sept-25,FALSE,,5KG,2,LPG_Report_OCT_25.zip,GAS PRICE WATCH OCTOBER 2025.xlsx,LPG OCTOBER_2025,34,3,C34
2025-10-01,2025-09-01,5.0,STATE,Benue,Benue,Benue,North Central,FALSE,6048.1587500000005,NGN per refill,Average of Sept-25,FALSE,,5KG,2,LPG_Report_OCT_25.zip,GAS PRICE WATCH OCTOBER 2025.xlsx,LPG OCTOBER_2025,5,3,C5
2025-10-01,2025-09-01,5.0,STATE,Borno,Borno,Borno,North East,FALSE,6061.5,NGN per refill,Average of Sept-25,FALSE,,5KG,2,LPG_Report_OCT_25.zip,GAS PRICE WATCH OCTOBER 2025.xlsx,LPG OCTOBER_2025,14,3,C14
2025-10-01,2025-09-01,5.0,STATE,Cross River,Cross River,Cross River,South South,FALSE,6617.9444,NGN per refill,Average of Sept-25,FALSE,,5KG,2,LPG_Report_OCT_25.zip,GAS PRICE WATCH OCTOBER 2025.xlsx,LPG OCTOBER_2025,35,3,C35
2025-10-01,2025-09-01,5.0,STATE,Delta,Delta,Delta,South South,FALSE,5781.85527272727,NGN per refill,Average of Sept-25,FALSE,,5KG,2,LPG_Report_OCT_25.zip,GAS PRICE WATCH OCTOBER 2025.xlsx,LPG OCTOBER_2025,36,3,C36
2025-10-01,2025-09-01,5.0,STATE,Ebonyi,Ebonyi,Ebonyi,South East,FALSE,6541.64571428571,NGN per refill,Average of Sept-25,FALSE,,5KG,2,LPG_Report_OCT_25.zip,GAS PRICE WATCH OCTOBER 2025.xlsx,LPG OCTOBER_2025,29,3,C29
2025-10-01,2025-09-01,5.0,STATE,Edo,Edo,Edo,South South,FALSE,6404.75,NGN per refill,Average of Sept-25,FALSE,,5KG,2,LPG_Report_OCT_25.zip,GAS PRICE WATCH OCTOBER 2025.xlsx,LPG OCTOBER_2025,37,3,C37
2025-10-01,2025-09-01,5.0,STATE,Ekiti,Ekiti,Ekiti,South West,FALSE,6160.76272,NGN per refill,Average of Sept-25,FALSE,,5KG,2,LPG_Report_OCT_25.zip,GAS PRICE WATCH OCTOBER 2025.xlsx,LPG OCTOBER_2025,40,3,C40
2025-10-01,2025-09-01,5.0,STATE,Enugu,Enugu,Enugu,South East,FALSE,6305.62666666667,NGN per refill,Average of Sept-25,FALSE,,5KG,2,LPG_Report_OCT_25.zip,GAS PRICE WATCH OCTOBER 2025.xlsx,LPG OCTOBER_2025,30,3,C30
2025-10-01,2025-09-01,5.0,STATE,Gombe,Gombe,Gombe,North East,FALSE,6524.14474666667,NGN per refill,Average of Sept-25,FALSE,,5KG,2,LPG_Report_OCT_25.zip,GAS PRICE WATCH OCTOBER 2025.xlsx,LPG OCTOBER_2025,15,3,C15
2025-10-01,2025-09-01,5.0,STATE,Imo,Imo,Imo,South East,FALSE,6077.13333333333,NGN per refill,Average of Sept-25,FALSE,,5KG,2,LPG_Report_OCT_25.zip,GAS PRICE WATCH OCTOBER 2025.xlsx,LPG OCTOBER_2025,31,3,C31
2025-10-01,2025-09-01,5.0,STATE,Jigawa,Jigawa,Jigawa,North West,FALSE,6450.99,NGN per refill,Average of Sept-25,FALSE,,5KG,2,LPG_Report_OCT_25.zip,GAS PRICE WATCH OCTOBER 2025.xlsx,LPG OCTOBER_2025,19,3,C19
2025-10-01,2025-09-01,5.0,STATE,Kaduna,Kaduna,Kaduna,North West,FALSE,6467.557,NGN per refill,Average of Sept-25,FALSE,,5KG,2,LPG_Report_OCT_25.zip,GAS PRICE WATCH OCTOBER 2025.xlsx,LPG OCTOBER_2025,20,3,C20
2025-10-01,2025-09-01,5.0,STATE,Kano,Kano,Kano,North West,FALSE,6485.559666666667,NGN per refill,Average of Sept-25,FALSE,,5KG,2,LPG_Report_OCT_25.zip,GAS PRICE WATCH OCTOBER 2025.xlsx,LPG OCTOBER_2025,21,3,C21
2025-10-01,2025-09-01,5.0,STATE,Katsina,Katsina,Katsina,North West,FALSE,6950.063408,NGN per refill,Average of Sept-25,FALSE,,5KG,2,LPG_Report_OCT_25.zip,GAS PRICE WATCH OCTOBER 2025.xlsx,LPG OCTOBER_2025,22,3,C22
2025-10-01,2025-09-01,5.0,STATE,Kebbi,Kebbi,Kebbi,North West,FALSE,6279.07822,NGN per refill,Average of Sept-25,FALSE,,5KG,2,LPG_Report_OCT_25.zip,GAS PRICE WATCH OCTOBER 2025.xlsx,LPG OCTOBER_2025,23,3,C23
2025-10-01,2025-09-01,5.0,STATE,Kogi,Kogi,Kogi,North Central,FALSE,6292.28829333333,NGN per refill,Average of Sept-25,FALSE,,5KG,2,LPG_Report_OCT_25.zip,GAS PRICE WATCH OCTOBER 2025.xlsx,LPG OCTOBER_2025,6,3,C6
2025-10-01,2025-09-01,5.0,STATE,Kwara,Kwara,Kwara,North Central,FALSE,6344.09111111111,NGN per refill,Average of Sept-25,FALSE,,5KG,2,LPG_Report_OCT_25.zip,GAS PRICE WATCH OCTOBER 2025.xlsx,LPG OCTOBER_2025,7,3,C7
2025-10-01,2025-09-01,5.0,STATE,Lagos,Lagos,Lagos,South West,FALSE,6454.2357142857145,NGN per refill,Average of Sept-25,FALSE,,5KG,2,LPG_Report_OCT_25.zip,GAS PRICE WATCH OCTOBER 2025.xlsx,LPG OCTOBER_2025,41,3,C41
2025-10-01,2025-09-01,5.0,STATE,Nasarawa,Nasarawa,Nasarawa,North Central,FALSE,6243.86864,NGN per refill,Average of Sept-25,FALSE,,5KG,2,LPG_Report_OCT_25.zip,GAS PRICE WATCH OCTOBER 2025.xlsx,LPG OCTOBER_2025,8,3,C8
2025-10-01,2025-09-01,5.0,STATE,Niger,Niger,Niger,North Central,FALSE,6473.6233333333,NGN per refill,Average of Sept-25,FALSE,,5KG,2,LPG_Report_OCT_25.zip,GAS PRICE WATCH OCTOBER 2025.xlsx,LPG OCTOBER_2025,9,3,C9
2025-10-01,2025-09-01,5.0,STATE,Ogun,Ogun,Ogun,South West,FALSE,6110.564,NGN per refill,Average of Sept-25,FALSE,,5KG,2,LPG_Report_OCT_25.zip,GAS PRICE WATCH OCTOBER 2025.xlsx,LPG OCTOBER_2025,42,3,C42
2025-10-01,2025-09-01,5.0,STATE,Ondo,Ondo,Ondo,South West,FALSE,6424.13166666667,NGN per refill,Average of Sept-25,FALSE,,5KG,2,LPG_Report_OCT_25.zip,GAS PRICE WATCH OCTOBER 2025.xlsx,LPG OCTOBER_2025,43,3,C43
2025-10-01,2025-09-01,5.0,STATE,Osun,Osun,Osun,South West,FALSE,6873.1866666666665,NGN per refill,Average of Sept-25,FALSE,,5KG,2,LPG_Report_OCT_25.zip,GAS PRICE WATCH OCTOBER 2025.xlsx,LPG OCTOBER_2025,44,3,C44
2025-10-01,2025-09-01,5.0,STATE,Oyo,Oyo,Oyo,South West,FALSE,6292.311817142858,NGN per refill,Average of Sept-25,FALSE,,5KG,2,LPG_Report_OCT_25.zip,GAS PRICE WATCH OCTOBER 2025.xlsx,LPG OCTOBER_2025,45,3,C45
2025-10-01,2025-09-01,5.0,STATE,Plateau,Plateau,Plateau,North Central,FALSE,6553.65,NGN per refill,Average of Sept-25,FALSE,,5KG,2,LPG_Report_OCT_25.zip,GAS PRICE WATCH OCTOBER 2025.xlsx,LPG OCTOBER_2025,10,3,C10
2025-10-01,2025-09-01,5.0,STATE,Rivers,Rivers,Rivers,South South,FALSE,6842.136,NGN per refill,Average of Sept-25,FALSE,,5KG,2,LPG_Report_OCT_25.zip,GAS PRICE WATCH OCTOBER 2025.xlsx,LPG OCTOBER_2025,38,3,C38
2025-10-01,2025-09-01,5.0,STATE,Sokoto,Sokoto,Sokoto,North West,FALSE,6454.438,NGN per refill,Average of Sept-25,FALSE,,5KG,2,LPG_Report_OCT_25.zip,GAS PRICE WATCH OCTOBER 2025.xlsx,LPG OCTOBER_2025,24,3,C24
2025-10-01,2025-09-01,5.0,STATE,Taraba,Taraba,Taraba,North East,FALSE,6895.28490666667,NGN per refill,Average of Sept-25,FALSE,,5KG,2,LPG_Report_OCT_25.zip,GAS PRICE WATCH OCTOBER 2025.xlsx,LPG OCTOBER_2025,16,3,C16
2025-10-01,2025-09-01,5.0,STATE,Yobe,Yobe,Yobe,North East,FALSE,6459.51666666667,NGN per refill,Average of Sept-25,FALSE,,5KG,2,LPG_Report_OCT_25.zip,GAS PRICE WATCH OCTOBER 2025.xlsx,LPG OCTOBER_2025,17,3,C17
2025-10-01,2025-09-01,5.0,STATE,Zamfara,Zamfara,Zamfara,North West,FALSE,6212.6345,NGN per refill,Average of Sept-25,FALSE,,5KG,2,LPG_Report_OCT_25.zip,GAS PRICE WATCH OCTOBER 2025.xlsx,LPG OCTOBER_2025,25,3,C25
2025-10-01,2025-09-01,5.0,ZONE,North Central,NORTH CENTRAL,,North Central,TRUE,6335.717033968249,NGN per refill,Average of Sept-25,FALSE,,5KG,2,LPG_Report_OCT_25.zip,GAS PRICE WATCH OCTOBER 2025.xlsx,LPG OCTOBER_2025,3,3,C3
2025-10-01,2025-09-01,5.0,ZONE,North East,NORTH EAST,,North East,TRUE,6353.321953333335,NGN per refill,Average of Sept-25,FALSE,,5KG,2,LPG_Report_OCT_25.zip,GAS PRICE WATCH OCTOBER 2025.xlsx,LPG OCTOBER_2025,11,3,C11
2025-10-01,2025-09-01,5.0,ZONE,North West,NORTH WEST,,North West,TRUE,6471.474399238095,NGN per refill,Average of Sept-25,FALSE,,5KG,2,LPG_Report_OCT_25.zip,GAS PRICE WATCH OCTOBER 2025.xlsx,LPG OCTOBER_2025,18,3,C18
2025-10-01,2025-09-01,5.0,ZONE,South East,SOUTH EAST,,South East,TRUE,6421.6689333333325,NGN per refill,Average of Sept-25,FALSE,,5KG,2,LPG_Report_OCT_25.zip,GAS PRICE WATCH OCTOBER 2025.xlsx,LPG OCTOBER_2025,26,3,C26
2025-10-01,2025-09-01,5.0,ZONE,South South,SOUTH SOUTH,,South South,TRUE,6408.588993073591,NGN per refill,Average of Sept-25,FALSE,,5KG,2,LPG_Report_OCT_25.zip,GAS PRICE WATCH OCTOBER 2025.xlsx,LPG OCTOBER_2025,32,3,C32
2025-10-01,2025-09-01,5.0,ZONE,South West,SOUTH WEST,,South West,TRUE,6385.865430793651,NGN per refill,Average of Sept-25,FALSE,,5KG,2,LPG_Report_OCT_25.zip,GAS PRICE WATCH OCTOBER 2025.xlsx,LPG OCTOBER_2025,39,3,C39
2025-10-01,2025-09-01,5.0,NATIONAL,Nigeria,Average,,,TRUE,6395.820080062556,NGN per refill,Average of Sept-25,FALSE,,5KG,2,LPG_Report_OCT_25.zip,GAS PRICE WATCH OCTOBER 2025.xlsx,LPG OCTOBER_2025,46,3,C46
2025-10-01,2025-09-01,12.5,STATE,Abia,Abia,Abia,South East,FALSE,16672.986666666668,NGN per refill,Average of Sept-25,FALSE,,12.5KG,2,LPG_Report_OCT_25.zip,GAS PRICE WATCH OCTOBER 2025.xlsx,LPG OCTOBER_2025,27,11,K27
2025-10-01,2025-09-01,12.5,STATE,Abuja,Abuja,Abuja,North Central,FALSE,16785.847775,NGN per refill,Average of Sept-25,FALSE,,12.5KG,2,LPG_Report_OCT_25.zip,GAS PRICE WATCH OCTOBER 2025.xlsx,LPG OCTOBER_2025,4,11,K4
2025-10-01,2025-09-01,12.5,STATE,Adamawa,Adamawa,Adamawa,North East,FALSE,16600.426,NGN per refill,Average of Sept-25,FALSE,,12.5KG,2,LPG_Report_OCT_25.zip,GAS PRICE WATCH OCTOBER 2025.xlsx,LPG OCTOBER_2025,12,11,K12
2025-10-01,2025-09-01,12.5,STATE,Akwa Ibom,Akwa Ibom,Akwa Ibom,South South,FALSE,16764.0107142857,NGN per refill,Average of Sept-25,FALSE,,12.5KG,2,LPG_Report_OCT_25.zip,GAS PRICE WATCH OCTOBER 2025.xlsx,LPG OCTOBER_2025,33,11,K33
2025-10-01,2025-09-01,12.5,STATE,Anambra,Anambra,Anambra,South East,FALSE,16286.860714285713,NGN per refill,Average of Sept-25,FALSE,,12.5KG,2,LPG_Report_OCT_25.zip,GAS PRICE WATCH OCTOBER 2025.xlsx,LPG OCTOBER_2025,28,11,K28
2025-10-01,2025-09-01,12.5,STATE,Bauchi,Bauchi,Bauchi,North East,FALSE,16348.2875,NGN per refill,Average of Sept-25,FALSE,,12.5KG,2,LPG_Report_OCT_25.zip,GAS PRICE WATCH OCTOBER 2025.xlsx,LPG OCTOBER_2025,13,11,K13
2025-10-01,2025-09-01,12.5,STATE,Bayelsa,Bayelsa,Bayelsa,South South,FALSE,16198.11,NGN per refill,Average of Sept-25,FALSE,,12.5KG,2,LPG_Report_OCT_25.zip,GAS PRICE WATCH OCTOBER 2025.xlsx,LPG OCTOBER_2025,34,11,K34
2025-10-01,2025-09-01,12.5,STATE,Benue,Benue,Benue,North Central,FALSE,15120.396875,NGN per refill,Average of Sept-25,FALSE,,12.5KG,2,LPG_Report_OCT_25.zip,GAS PRICE WATCH OCTOBER 2025.xlsx,LPG OCTOBER_2025,5,11,K5
2025-10-01,2025-09-01,12.5,STATE,Borno,Borno,Borno,North East,FALSE,15179.75,NGN per refill,Average of Sept-25,FALSE,,12.5KG,2,LPG_Report_OCT_25.zip,GAS PRICE WATCH OCTOBER 2025.xlsx,LPG OCTOBER_2025,14,11,K14
2025-10-01,2025-09-01,12.5,STATE,Cross River,Cross River,Cross River,South South,FALSE,15454.861,NGN per refill,Average of Sept-25,FALSE,,12.5KG,2,LPG_Report_OCT_25.zip,GAS PRICE WATCH OCTOBER 2025.xlsx,LPG OCTOBER_2025,35,11,K35
2025-10-01,2025-09-01,12.5,STATE,Delta,Delta,Delta,South South,FALSE,16454.6381818182,NGN per refill,Average of Sept-25,FALSE,,12.5KG,2,LPG_Report_OCT_25.zip,GAS PRICE WATCH OCTOBER 2025.xlsx,LPG OCTOBER_2025,36,11,K36
2025-10-01,2025-09-01,12.5,STATE,Ebonyi,Ebonyi,Ebonyi,South East,FALSE,16854.1142857143,NGN per refill,Average of Sept-25,FALSE,,12.5KG,2,LPG_Report_OCT_25.zip,GAS PRICE WATCH OCTOBER 2025.xlsx,LPG OCTOBER_2025,29,11,K29
2025-10-01,2025-09-01,12.5,STATE,Edo,Edo,Edo,South South,FALSE,16511.875,NGN per refill,Average of Sept-25,FALSE,,12.5KG,2,LPG_Report_OCT_25.zip,GAS PRICE WATCH OCTOBER 2025.xlsx,LPG OCTOBER_2025,37,11,K37
2025-10-01,2025-09-01,12.5,STATE,Ekiti,Ekiti,Ekiti,South West,FALSE,15651.9068,NGN per refill,Average of Sept-25,FALSE,,12.5KG,2,LPG_Report_OCT_25.zip,GAS PRICE WATCH OCTOBER 2025.xlsx,LPG OCTOBER_2025,40,11,K40
2025-10-01,2025-09-01,12.5,STATE,Enugu,Enugu,Enugu,South East,FALSE,16514.066666666666,NGN per refill,Average of Sept-25,FALSE,,12.5KG,2,LPG_Report_OCT_25.zip,GAS PRICE WATCH OCTOBER 2025.xlsx,LPG OCTOBER_2025,30,11,K30
2025-10-01,2025-09-01,12.5,STATE,Gombe,Gombe,Gombe,North East,FALSE,16460.3618666667,NGN per refill,Average of Sept-25,FALSE,,12.5KG,2,LPG_Report_OCT_25.zip,GAS PRICE WATCH OCTOBER 2025.xlsx,LPG OCTOBER_2025,15,11,K15
2025-10-01,2025-09-01,12.5,STATE,Imo,Imo,Imo,South East,FALSE,15042.8333333333,NGN per refill,Average of Sept-25,FALSE,,12.5KG,2,LPG_Report_OCT_25.zip,GAS PRICE WATCH OCTOBER 2025.xlsx,LPG OCTOBER_2025,31,11,K31
2025-10-01,2025-09-01,12.5,STATE,Jigawa,Jigawa,Jigawa,North West,FALSE,16137.475,NGN per refill,Average of Sept-25,FALSE,,12.5KG,2,LPG_Report_OCT_25.zip,GAS PRICE WATCH OCTOBER 2025.xlsx,LPG OCTOBER_2025,19,11,K19
2025-10-01,2025-09-01,12.5,STATE,Kaduna,Kaduna,Kaduna,North West,FALSE,16148.8925,NGN per refill,Average of Sept-25,FALSE,,12.5KG,2,LPG_Report_OCT_25.zip,GAS PRICE WATCH OCTOBER 2025.xlsx,LPG OCTOBER_2025,20,11,K20
2025-10-01,2025-09-01,12.5,STATE,Kano,Kano,Kano,North West,FALSE,16213.899166666668,NGN per refill,Average of Sept-25,FALSE,,12.5KG,2,LPG_Report_OCT_25.zip,GAS PRICE WATCH OCTOBER 2025.xlsx,LPG OCTOBER_2025,21,11,K21
2025-10-01,2025-09-01,12.5,STATE,Katsina,Katsina,Katsina,North West,FALSE,16200.15852,NGN per refill,Average of Sept-25,FALSE,,12.5KG,2,LPG_Report_OCT_25.zip,GAS PRICE WATCH OCTOBER 2025.xlsx,LPG OCTOBER_2025,22,11,K22
2025-10-01,2025-09-01,12.5,STATE,Kebbi,Taraba,Kebbi,North West,FALSE,16197.69555,NGN per refill,Average of Sept-25,FALSE,LPG_12_5KG_KEBBI_LABELLED_TARABA,12.5KG,2,LPG_Report_OCT_25.zip,GAS PRICE WATCH OCTOBER 2025.xlsx,LPG OCTOBER_2025,23,11,K23
2025-10-01,2025-09-01,12.5,STATE,Kogi,Kogi,Kogi,North Central,FALSE,15730.7207333333,NGN per refill,Average of Sept-25,FALSE,,12.5KG,2,LPG_Report_OCT_25.zip,GAS PRICE WATCH OCTOBER 2025.xlsx,LPG OCTOBER_2025,6,11,K6
2025-10-01,2025-09-01,12.5,STATE,Kwara,Kwara,Kwara,North Central,FALSE,16060.2277777778,NGN per refill,Average of Sept-25,FALSE,,12.5KG,2,LPG_Report_OCT_25.zip,GAS PRICE WATCH OCTOBER 2025.xlsx,LPG OCTOBER_2025,7,11,K7
2025-10-01,2025-09-01,12.5,STATE,Lagos,Lagos,Lagos,South West,FALSE,16135.589285714286,NGN per refill,Average of Sept-25,FALSE,,12.5KG,2,LPG_Report_OCT_25.zip,GAS PRICE WATCH OCTOBER 2025.xlsx,LPG OCTOBER_2025,41,11,K41
2025-10-01,2025-09-01,12.5,STATE,Nasarawa,Nasarawa,Nasarawa,North Central,FALSE,15609.6716,NGN per refill,Average of Sept-25,FALSE,,12.5KG,2,LPG_Report_OCT_25.zip,GAS PRICE WATCH OCTOBER 2025.xlsx,LPG OCTOBER_2025,8,11,K8
2025-10-01,2025-09-01,12.5,STATE,Niger,Niger,Niger,North Central,FALSE,16108.0583333333,NGN per refill,Average of Sept-25,FALSE,,12.5KG,2,LPG_Report_OCT_25.zip,GAS PRICE WATCH OCTOBER 2025.xlsx,LPG OCTOBER_2025,9,11,K9
2025-10-01,2025-09-01,12.5,STATE,Ogun,Ogun,Ogun,South West,FALSE,15526.41,NGN per refill,Average of Sept-25,FALSE,,12.5KG,2,LPG_Report_OCT_25.zip,GAS PRICE WATCH OCTOBER 2025.xlsx,LPG OCTOBER_2025,42,11,K42
2025-10-01,2025-09-01,12.5,STATE,Ondo,Ondo,Ondo,South West,FALSE,15810.3291666667,NGN per refill,Average of Sept-25,FALSE,,12.5KG,2,LPG_Report_OCT_25.zip,GAS PRICE WATCH OCTOBER 2025.xlsx,LPG OCTOBER_2025,43,11,K43
2025-10-01,2025-09-01,12.5,STATE,Osun,Osun,Osun,South West,FALSE,16482.9666666667,NGN per refill,Average of Sept-25,FALSE,,12.5KG,2,LPG_Report_OCT_25.zip,GAS PRICE WATCH OCTOBER 2025.xlsx,LPG OCTOBER_2025,44,11,K44
2025-10-01,2025-09-01,12.5,STATE,Oyo,Oyo,Oyo,South West,FALSE,15730.779542857144,NGN per refill,Average of Sept-25,FALSE,,12.5KG,2,LPG_Report_OCT_25.zip,GAS PRICE WATCH OCTOBER 2025.xlsx,LPG OCTOBER_2025,45,11,K45
2025-10-01,2025-09-01,12.5,STATE,Plateau,Plateau,Plateau,North Central,FALSE,16534.125,NGN per refill,Average of Sept-25,FALSE,,12.5KG,2,LPG_Report_OCT_25.zip,GAS PRICE WATCH OCTOBER 2025.xlsx,LPG OCTOBER_2025,10,11,K10
2025-10-01,2025-09-01,12.5,STATE,Rivers,Rivers,Rivers,South South,FALSE,16205.34,NGN per refill,Average of Sept-25,FALSE,,12.5KG,2,LPG_Report_OCT_25.zip,GAS PRICE WATCH OCTOBER 2025.xlsx,LPG OCTOBER_2025,38,11,K38
2025-10-01,2025-09-01,12.5,STATE,Sokoto,Sokoto,Sokoto,North West,FALSE,16236.095,NGN per refill,Average of Sept-25,FALSE,,12.5KG,2,LPG_Report_OCT_25.zip,GAS PRICE WATCH OCTOBER 2025.xlsx,LPG OCTOBER_2025,24,11,K24
2025-10-01,2025-09-01,12.5,STATE,Taraba,Taraba,Taraba,North East,FALSE,16238.2122666667,NGN per refill,Average of Sept-25,FALSE,,12.5KG,2,LPG_Report_OCT_25.zip,GAS PRICE WATCH OCTOBER 2025.xlsx,LPG OCTOBER_2025,16,11,K16
2025-10-01,2025-09-01,12.5,STATE,Yobe,Yobe,Yobe,North East,FALSE,16748.7916666667,NGN per refill,Average of Sept-25,FALSE,,12.5KG,2,LPG_Report_OCT_25.zip,GAS PRICE WATCH OCTOBER 2025.xlsx,LPG OCTOBER_2025,17,11,K17
2025-10-01,2025-09-01,12.5,STATE,Zamfara,Zamfara,Zamfara,North West,FALSE,16781.58625,NGN per refill,Average of Sept-25,FALSE,,12.5KG,2,LPG_Report_OCT_25.zip,GAS PRICE WATCH OCTOBER 2025.xlsx,LPG OCTOBER_2025,25,11,K25
2025-10-01,2025-09-01,12.5,ZONE,North Central,NORTH CENTRAL,,North Central,TRUE,15992.7211563492,NGN per refill,Average of Sept-25,FALSE,,12.5KG,2,LPG_Report_OCT_25.zip,GAS PRICE WATCH OCTOBER 2025.xlsx,LPG OCTOBER_2025,3,11,K3
2025-10-01,2025-09-01,12.5,ZONE,North East,NORTH EAST,,North East,TRUE,16262.638216666683,NGN per refill,Average of Sept-25,FALSE,,12.5KG,2,LPG_Report_OCT_25.zip,GAS PRICE WATCH OCTOBER 2025.xlsx,LPG OCTOBER_2025,11,11,K11
2025-10-01,2025-09-01,12.5,ZONE,North West,NORTH WEST,,North West,TRUE,16273.685998095241,NGN per refill,Average of Sept-25,FALSE,,12.5KG,2,LPG_Report_OCT_25.zip,GAS PRICE WATCH OCTOBER 2025.xlsx,LPG OCTOBER_2025,18,11,K18
2025-10-01,2025-09-01,12.5,ZONE,South East,SOUTH EAST,,South East,TRUE,16274.17233333333,NGN per refill,Average of Sept-25,FALSE,,12.5KG,2,LPG_Report_OCT_25.zip,GAS PRICE WATCH OCTOBER 2025.xlsx,LPG OCTOBER_2025,26,11,K26
2025-10-01,2025-09-01,12.5,ZONE,South South,SOUTH SOUTH,,South South,TRUE,16264.805816017317,NGN per refill,Average of Sept-25,FALSE,,12.5KG,2,LPG_Report_OCT_25.zip,GAS PRICE WATCH OCTOBER 2025.xlsx,LPG OCTOBER_2025,32,11,K32
2025-10-01,2025-09-01,12.5,ZONE,South West,SOUTH WEST,,South West,TRUE,15889.663576984138,NGN per refill,Average of Sept-25,FALSE,,12.5KG,2,LPG_Report_OCT_25.zip,GAS PRICE WATCH OCTOBER 2025.xlsx,LPG OCTOBER_2025,39,11,K39
2025-10-01,2025-09-01,12.5,NATIONAL,Nigeria,Average,,,TRUE,16155.090740696933,NGN per refill,Average of Sept-25,FALSE,,12.5KG,2,LPG_Report_OCT_25.zip,GAS PRICE WATCH OCTOBER 2025.xlsx,LPG OCTOBER_2025,46,11,K46
2025-10-01,2025-10-01,5.0,STATE,Abia,Abia,Abia,South East,FALSE,8161.797960992909,NGN per refill,Average of Oct-25,TRUE,,5KG,2,LPG_Report_OCT_25.zip,GAS PRICE WATCH OCTOBER 2025.xlsx,LPG OCTOBER_2025,27,4,D27
2025-10-01,2025-10-01,5.0,STATE,Abuja,Abuja,Abuja,North Central,FALSE,7966.81640070922,NGN per refill,Average of Oct-25,TRUE,,5KG,2,LPG_Report_OCT_25.zip,GAS PRICE WATCH OCTOBER 2025.xlsx,LPG OCTOBER_2025,4,4,D4
2025-10-01,2025-10-01,5.0,STATE,Adamawa,Adamawa,Adamawa,North East,FALSE,8190.3105319148935,NGN per refill,Average of Oct-25,TRUE,,5KG,2,LPG_Report_OCT_25.zip,GAS PRICE WATCH OCTOBER 2025.xlsx,LPG OCTOBER_2025,12,4,D12
2025-10-01,2025-10-01,5.0,STATE,Akwa Ibom,Akwa Ibom,Akwa Ibom,South South,FALSE,7806.309701114504,NGN per refill,Average of Oct-25,TRUE,,5KG,2,LPG_Report_OCT_25.zip,GAS PRICE WATCH OCTOBER 2025.xlsx,LPG OCTOBER_2025,33,4,D33
2025-10-01,2025-10-01,5.0,STATE,Anambra,Anambra,Anambra,South East,FALSE,7807.591945288759,NGN per refill,Average of Oct-25,TRUE,,5KG,2,LPG_Report_OCT_25.zip,GAS PRICE WATCH OCTOBER 2025.xlsx,LPG OCTOBER_2025,28,4,D28
2025-10-01,2025-10-01,5.0,STATE,Bauchi,Bauchi,Bauchi,North East,FALSE,7051.5445035461,NGN per refill,Average of Oct-25,TRUE,,5KG,2,LPG_Report_OCT_25.zip,GAS PRICE WATCH OCTOBER 2025.xlsx,LPG OCTOBER_2025,13,4,D13
2025-10-01,2025-10-01,5.0,STATE,Bayelsa,Bayelsa,Bayelsa,South South,FALSE,7978.394267139468,NGN per refill,Average of Oct-25,TRUE,,5KG,2,LPG_Report_OCT_25.zip,GAS PRICE WATCH OCTOBER 2025.xlsx,LPG OCTOBER_2025,34,4,D34
2025-10-01,2025-10-01,5.0,STATE,Benue,Benue,Benue,North Central,FALSE,8291.062300531916,NGN per refill,Average of Oct-25,TRUE,,5KG,2,LPG_Report_OCT_25.zip,GAS PRICE WATCH OCTOBER 2025.xlsx,LPG OCTOBER_2025,5,4,D5
2025-10-01,2025-10-01,5.0,STATE,Borno,Borno,Borno,North East,FALSE,8376.442819148935,NGN per refill,Average of Oct-25,TRUE,,5KG,2,LPG_Report_OCT_25.zip,GAS PRICE WATCH OCTOBER 2025.xlsx,LPG OCTOBER_2025,14,4,D14
2025-10-01,2025-10-01,5.0,STATE,Cross River,Cross River,Cross River,South South,FALSE,8008.537145390072,NGN per refill,Average of Oct-25,TRUE,,5KG,2,LPG_Report_OCT_25.zip,GAS PRICE WATCH OCTOBER 2025.xlsx,LPG OCTOBER_2025,35,4,D35
2025-10-01,2025-10-01,5.0,STATE,Delta,Delta,Delta,South South,FALSE,7965.802224371383,NGN per refill,Average of Oct-25,TRUE,,5KG,2,LPG_Report_OCT_25.zip,GAS PRICE WATCH OCTOBER 2025.xlsx,LPG OCTOBER_2025,36,4,D36
2025-10-01,2025-10-01,5.0,STATE,Ebonyi,Ebonyi,Ebonyi,South East,FALSE,7744.994402228972,NGN per refill,Average of Oct-25,TRUE,,5KG,2,LPG_Report_OCT_25.zip,GAS PRICE WATCH OCTOBER 2025.xlsx,LPG OCTOBER_2025,29,4,D29
2025-10-01,2025-10-01,5.0,STATE,Edo,Edo,Edo,South South,FALSE,7835.27890070922,NGN per refill,Average of Oct-25,TRUE,,5KG,2,LPG_Report_OCT_25.zip,GAS PRICE WATCH OCTOBER 2025.xlsx,LPG OCTOBER_2025,37,4,D37
2025-10-01,2025-10-01,5.0,STATE,Ekiti,Ekiti,Ekiti,South West,FALSE,7849.482725430603,NGN per refill,Average of Oct-25,TRUE,,5KG,2,LPG_Report_OCT_25.zip,GAS PRICE WATCH OCTOBER 2025.xlsx,LPG OCTOBER_2025,40,4,D40
2025-10-01,2025-10-01,5.0,STATE,Enugu,Enugu,Enugu,South East,FALSE,8131.233687943263,NGN per refill,Average of Oct-25,TRUE,,5KG,2,LPG_Report_OCT_25.zip,GAS PRICE WATCH OCTOBER 2025.xlsx,LPG OCTOBER_2025,30,4,D30
2025-10-01,2025-10-01,5.0,STATE,Gombe,Gombe,Gombe,North East,FALSE,8104.3842395587235,NGN per refill,Average of Oct-25,TRUE,,5KG,2,LPG_Report_OCT_25.zip,GAS PRICE WATCH OCTOBER 2025.xlsx,LPG OCTOBER_2025,15,4,D15
2025-10-01,2025-10-01,5.0,STATE,Imo,Imo,Imo,South East,FALSE,8031.07830969266,NGN per refill,Average of Oct-25,TRUE,,5KG,2,LPG_Report_OCT_25.zip,GAS PRICE WATCH OCTOBER 2025.xlsx,LPG OCTOBER_2025,31,4,D31
2025-10-01,2025-10-01,5.0,STATE,Jigawa,Jigawa,Jigawa,North West,FALSE,8253.930984042552,NGN per refill,Average of Oct-25,TRUE,,5KG,2,LPG_Report_OCT_25.zip,GAS PRICE WATCH OCTOBER 2025.xlsx,LPG OCTOBER_2025,19,4,D19
2025-10-01,2025-10-01,5.0,STATE,Kaduna,Kaduna,Kaduna,North West,FALSE,8227.883510638298,NGN per refill,Average of Oct-25,TRUE,,5KG,2,LPG_Report_OCT_25.zip,GAS PRICE WATCH OCTOBER 2025.xlsx,LPG OCTOBER_2025,20,4,D20
2025-10-01,2025-10-01,5.0,STATE,Kano,Kano,Kano,North West,FALSE,8075.78219562649,NGN per refill,Average of Oct-25,TRUE,,5KG,2,LPG_Report_OCT_25.zip,GAS PRICE WATCH OCTOBER 2025.xlsx,LPG OCTOBER_2025,21,4,D21
2025-10-01,2025-10-01,5.0,STATE,Katsina,Katsina,Katsina,North West,FALSE,8071.770780141844,NGN per refill,Average of Oct-25,TRUE,,5KG,2,LPG_Report_OCT_25.zip,GAS PRICE WATCH OCTOBER 2025.xlsx,LPG OCTOBER_2025,22,4,D22
2025-10-01,2025-10-01,5.0,STATE,Kebbi,Kebbi,Kebbi,North West,FALSE,8261.907624113475,NGN per refill,Average of Oct-25,TRUE,,5KG,2,LPG_Report_OCT_25.zip,GAS PRICE WATCH OCTOBER 2025.xlsx,LPG OCTOBER_2025,23,4,D23
2025-10-01,2025-10-01,5.0,STATE,Kogi,Kogi,Kogi,North Central,FALSE,8157.6757683215255,NGN per refill,Average of Oct-25,TRUE,,5KG,2,LPG_Report_OCT_25.zip,GAS PRICE WATCH OCTOBER 2025.xlsx,LPG OCTOBER_2025,6,4,D6
2025-10-01,2025-10-01,5.0,STATE,Kwara,Kwara,Kwara,North Central,FALSE,8062.035855003936,NGN per refill,Average of Oct-25,TRUE,,5KG,2,LPG_Report_OCT_25.zip,GAS PRICE WATCH OCTOBER 2025.xlsx,LPG OCTOBER_2025,7,4,D7
2025-10-01,2025-10-01,5.0,STATE,Lagos,Lagos,Lagos,South West,FALSE,8061.786904761916,NGN per refill,Average of Oct-25,TRUE,,5KG,2,LPG_Report_OCT_25.zip,GAS PRICE WATCH OCTOBER 2025.xlsx,LPG OCTOBER_2025,41,4,D41
2025-10-01,2025-10-01,5.0,STATE,Nasarawa,Nasarawa,Nasarawa,North Central,FALSE,8150.696028368795,NGN per refill,Average of Oct-25,TRUE,,5KG,2,LPG_Report_OCT_25.zip,GAS PRICE WATCH OCTOBER 2025.xlsx,LPG OCTOBER_2025,8,4,D8
2025-10-01,2025-10-01,5.0,STATE,Niger,Niger,Niger,North Central,FALSE,8263.384988179681,NGN per refill,Average of Oct-25,TRUE,,5KG,2,LPG_Report_OCT_25.zip,GAS PRICE WATCH OCTOBER 2025.xlsx,LPG OCTOBER_2025,9,4,D9
2025-10-01,2025-10-01,5.0,STATE,Ogun,Ogun,Ogun,South West,FALSE,8157.560682624114,NGN per refill,Average of Oct-25,TRUE,,5KG,2,LPG_Report_OCT_25.zip,GAS PRICE WATCH OCTOBER 2025.xlsx,LPG OCTOBER_2025,42,4,D42
2025-10-01,2025-10-01,5.0,STATE,Ondo,Ondo,Ondo,South West,FALSE,8340.29964539007,NGN per refill,Average of Oct-25,TRUE,,5KG,2,LPG_Report_OCT_25.zip,GAS PRICE WATCH OCTOBER 2025.xlsx,LPG OCTOBER_2025,43,4,D43
2025-10-01,2025-10-01,5.0,STATE,Osun,Osun,Osun,South West,FALSE,8187.867198581561,NGN per refill,Average of Oct-25,TRUE,,5KG,2,LPG_Report_OCT_25.zip,GAS PRICE WATCH OCTOBER 2025.xlsx,LPG OCTOBER_2025,44,4,D44
2025-10-01,2025-10-01,5.0,STATE,Oyo,Oyo,Oyo,South West,FALSE,8091.895947315106,NGN per refill,Average of Oct-25,TRUE,,5KG,2,LPG_Report_OCT_25.zip,GAS PRICE WATCH OCTOBER 2025.xlsx,LPG OCTOBER_2025,45,4,D45
2025-10-01,2025-10-01,5.0,STATE,Plateau,Plateau,Plateau,North Central,FALSE,8180.815824468085,NGN per refill,Average of Oct-25,TRUE,,5KG,2,LPG_Report_OCT_25.zip,GAS PRICE WATCH OCTOBER 2025.xlsx,LPG OCTOBER_2025,10,4,D10
2025-10-01,2025-10-01,5.0,STATE,Rivers,Rivers,Rivers,South South,FALSE,8145.348480243157,NGN per refill,Average of Oct-25,TRUE,,5KG,2,LPG_Report_OCT_25.zip,GAS PRICE WATCH OCTOBER 2025.xlsx,LPG OCTOBER_2025,38,4,D38
2025-10-01,2025-10-01,5.0,STATE,Sokoto,Sokoto,Sokoto,North West,FALSE,8266.598758865248,NGN per refill,Average of Oct-25,TRUE,,5KG,2,LPG_Report_OCT_25.zip,GAS PRICE WATCH OCTOBER 2025.xlsx,LPG OCTOBER_2025,24,4,D24
2025-10-01,2025-10-01,5.0,STATE,Taraba,Taraba,Taraba,North East,FALSE,8246.695153664292,NGN per refill,Average of Oct-25,TRUE,,5KG,2,LPG_Report_OCT_25.zip,GAS PRICE WATCH OCTOBER 2025.xlsx,LPG OCTOBER_2025,16,4,D16
2025-10-01,2025-10-01,5.0,STATE,Yobe,Yobe,Yobe,North East,FALSE,8357.983924349894,NGN per refill,Average of Oct-25,TRUE,,5KG,2,LPG_Report_OCT_25.zip,GAS PRICE WATCH OCTOBER 2025.xlsx,LPG OCTOBER_2025,17,4,D17
2025-10-01,2025-10-01,5.0,STATE,Zamfara,Zamfara,Zamfara,North West,FALSE,8161.949445921986,NGN per refill,Average of Oct-25,TRUE,,5KG,2,LPG_Report_OCT_25.zip,GAS PRICE WATCH OCTOBER 2025.xlsx,LPG OCTOBER_2025,25,4,D25
2025-10-01,2025-10-01,5.0,ZONE,North Central,NORTH CENTRAL,,North Central,TRUE,8153.212452226165,NGN per refill,Average of Oct-25,TRUE,,5KG,2,LPG_Report_OCT_25.zip,GAS PRICE WATCH OCTOBER 2025.xlsx,LPG OCTOBER_2025,3,4,D3
2025-10-01,2025-10-01,5.0,ZONE,North East,NORTH EAST,,North East,TRUE,8054.560195363807,NGN per refill,Average of Oct-25,TRUE,,5KG,2,LPG_Report_OCT_25.zip,GAS PRICE WATCH OCTOBER 2025.xlsx,LPG OCTOBER_2025,11,4,D11
2025-10-01,2025-10-01,5.0,ZONE,North West,NORTH WEST,,North West,TRUE,8188.546185621414,NGN per refill,Average of Oct-25,TRUE,,5KG,2,LPG_Report_OCT_25.zip,GAS PRICE WATCH OCTOBER 2025.xlsx,LPG OCTOBER_2025,18,4,D18
2025-10-01,2025-10-01,5.0,ZONE,South East,SOUTH EAST,,South East,TRUE,7975.339261229312,NGN per refill,Average of Oct-25,TRUE,,5KG,2,LPG_Report_OCT_25.zip,GAS PRICE WATCH OCTOBER 2025.xlsx,LPG OCTOBER_2025,26,4,D26
2025-10-01,2025-10-01,5.0,ZONE,South South,SOUTH SOUTH,,South South,TRUE,7956.611786494633,NGN per refill,Average of Oct-25,TRUE,,5KG,2,LPG_Report_OCT_25.zip,GAS PRICE WATCH OCTOBER 2025.xlsx,LPG OCTOBER_2025,32,4,D32
2025-10-01,2025-10-01,5.0,ZONE,South West,SOUTH WEST,,South West,TRUE,8114.815517350562,NGN per refill,Average of Oct-25,TRUE,,5KG,2,LPG_Report_OCT_25.zip,GAS PRICE WATCH OCTOBER 2025.xlsx,LPG OCTOBER_2025,39,4,D39
2025-10-01,2025-10-01,5.0,NATIONAL,Nigeria,Average,,,TRUE,8081.754912603608,NGN per refill,Average of Oct-25,TRUE,,5KG,2,LPG_Report_OCT_25.zip,GAS PRICE WATCH OCTOBER 2025.xlsx,LPG OCTOBER_2025,46,4,D46
2025-10-01,2025-10-01,12.5,STATE,Abia,Abia,Abia,South East,FALSE,18786.27025,NGN per refill,Average of Oct-25,TRUE,,12.5KG,2,LPG_Report_OCT_25.zip,GAS PRICE WATCH OCTOBER 2025.xlsx,LPG OCTOBER_2025,27,12,L27
2025-10-01,2025-10-01,12.5,STATE,Abuja,Abuja,Abuja,North Central,FALSE,18236.42225,NGN per refill,Average of Oct-25,TRUE,,12.5KG,2,LPG_Report_OCT_25.zip,GAS PRICE WATCH OCTOBER 2025.xlsx,LPG OCTOBER_2025,4,12,L4
2025-10-01,2025-10-01,12.5,STATE,Adamawa,Adamawa,Adamawa,North East,FALSE,18866.6757,NGN per refill,Average of Oct-25,TRUE,,12.5KG,2,LPG_Report_OCT_25.zip,GAS PRICE WATCH OCTOBER 2025.xlsx,LPG OCTOBER_2025,12,12,L12
2025-10-01,2025-10-01,12.5,STATE,Akwa Ibom,Akwa Ibom,Akwa Ibom,South South,FALSE,17783.7933571429,NGN per refill,Average of Oct-25,TRUE,,12.5KG,2,LPG_Report_OCT_25.zip,GAS PRICE WATCH OCTOBER 2025.xlsx,LPG OCTOBER_2025,33,12,L33
2025-10-01,2025-10-01,12.5,STATE,Anambra,Anambra,Anambra,South East,FALSE,17787.4092857143,NGN per refill,Average of Oct-25,TRUE,,12.5KG,2,LPG_Report_OCT_25.zip,GAS PRICE WATCH OCTOBER 2025.xlsx,LPG OCTOBER_2025,28,12,L28
2025-10-01,2025-10-01,12.5,STATE,Bauchi,Bauchi,Bauchi,North East,FALSE,18475.3555,NGN per refill,Average of Oct-25,TRUE,,12.5KG,2,LPG_Report_OCT_25.zip,GAS PRICE WATCH OCTOBER 2025.xlsx,LPG OCTOBER_2025,13,12,L13
2025-10-01,2025-10-01,12.5,STATE,Bayelsa,Bayelsa,Bayelsa,South South,FALSE,18269.0718333333,NGN per refill,Average of Oct-25,TRUE,,12.5KG,2,LPG_Report_OCT_25.zip,GAS PRICE WATCH OCTOBER 2025.xlsx,LPG OCTOBER_2025,34,12,L34
2025-10-01,2025-10-01,12.5,STATE,Benue,Benue,Benue,North Central,FALSE,19150.7956875,NGN per refill,Average of Oct-25,TRUE,,12.5KG,2,LPG_Report_OCT_25.zip,GAS PRICE WATCH OCTOBER 2025.xlsx,LPG OCTOBER_2025,5,12,L5
2025-10-01,2025-10-01,12.5,STATE,Borno,Borno,Borno,North East,FALSE,19391.56875,NGN per refill,Average of Oct-25,TRUE,,12.5KG,2,LPG_Report_OCT_25.zip,GAS PRICE WATCH OCTOBER 2025.xlsx,LPG OCTOBER_2025,14,12,L14
2025-10-01,2025-10-01,12.5,STATE,Cross River,Cross River,Cross River,South South,FALSE,18354.07475,NGN per refill,Average of Oct-25,TRUE,,12.5KG,2,LPG_Report_OCT_25.zip,GAS PRICE WATCH OCTOBER 2025.xlsx,LPG OCTOBER_2025,35,12,L35
2025-10-01,2025-10-01,12.5,STATE,Delta,Delta,Delta,South South,FALSE,18233.5622727273,NGN per refill,Average of Oct-25,TRUE,,12.5KG,2,LPG_Report_OCT_25.zip,GAS PRICE WATCH OCTOBER 2025.xlsx,LPG OCTOBER_2025,36,12,L36
2025-10-01,2025-10-01,12.5,STATE,Ebonyi,Ebonyi,Ebonyi,South East,FALSE,17610.8842142857,NGN per refill,Average of Oct-25,TRUE,,12.5KG,2,LPG_Report_OCT_25.zip,GAS PRICE WATCH OCTOBER 2025.xlsx,LPG OCTOBER_2025,29,12,L29
2025-10-01,2025-10-01,12.5,STATE,Edo,Edo,Edo,South South,FALSE,17865.4865,NGN per refill,Average of Oct-25,TRUE,,12.5KG,2,LPG_Report_OCT_25.zip,GAS PRICE WATCH OCTOBER 2025.xlsx,LPG OCTOBER_2025,37,12,L37
2025-10-01,2025-10-01,12.5,STATE,Ekiti,Ekiti,Ekiti,South West,FALSE,17905.5412857143,NGN per refill,Average of Oct-25,TRUE,,12.5KG,2,LPG_Report_OCT_25.zip,GAS PRICE WATCH OCTOBER 2025.xlsx,LPG OCTOBER_2025,40,12,L40
2025-10-01,2025-10-01,12.5,STATE,Enugu,Enugu,Enugu,South East,FALSE,18700.079,NGN per refill,Average of Oct-25,TRUE,,12.5KG,2,LPG_Report_OCT_25.zip,GAS PRICE WATCH OCTOBER 2025.xlsx,LPG OCTOBER_2025,30,12,L30
2025-10-01,2025-10-01,12.5,STATE,Gombe,Gombe,Gombe,North East,FALSE,18624.3635555556,NGN per refill,Average of Oct-25,TRUE,,12.5KG,2,LPG_Report_OCT_25.zip,GAS PRICE WATCH OCTOBER 2025.xlsx,LPG OCTOBER_2025,15,12,L15
2025-10-01,2025-10-01,12.5,STATE,Imo,Imo,Imo,South East,FALSE,18417.6408333333,NGN per refill,Average of Oct-25,TRUE,,12.5KG,2,LPG_Report_OCT_25.zip,GAS PRICE WATCH OCTOBER 2025.xlsx,LPG OCTOBER_2025,31,12,L31
2025-10-01,2025-10-01,12.5,STATE,Jigawa,Jigawa,Jigawa,North West,FALSE,19046.085375,NGN per refill,Average of Oct-25,TRUE,,12.5KG,2,LPG_Report_OCT_25.zip,GAS PRICE WATCH OCTOBER 2025.xlsx,LPG OCTOBER_2025,19,12,L19
2025-10-01,2025-10-01,12.5,STATE,Kaduna,Kaduna,Kaduna,North West,FALSE,18972.6315,NGN per refill,Average of Oct-25,TRUE,,12.5KG,2,LPG_Report_OCT_25.zip,GAS PRICE WATCH OCTOBER 2025.xlsx,LPG OCTOBER_2025,20,12,L20
2025-10-01,2025-10-01,12.5,STATE,Kano,Kano,Kano,North West,FALSE,18543.7057916667,NGN per refill,Average of Oct-25,TRUE,,12.5KG,2,LPG_Report_OCT_25.zip,GAS PRICE WATCH OCTOBER 2025.xlsx,LPG OCTOBER_2025,21,12,L21
2025-10-01,2025-10-01,12.5,STATE,Katsina,Katsina,Katsina,North West,FALSE,18532.3936,NGN per refill,Average of Oct-25,TRUE,,12.5KG,2,LPG_Report_OCT_25.zip,GAS PRICE WATCH OCTOBER 2025.xlsx,LPG OCTOBER_2025,22,12,L22
2025-10-01,2025-10-01,12.5,STATE,Kebbi,Taraba,Kebbi,North West,FALSE,19068.5795,NGN per refill,Average of Oct-25,TRUE,LPG_12_5KG_KEBBI_LABELLED_TARABA,12.5KG,2,LPG_Report_OCT_25.zip,GAS PRICE WATCH OCTOBER 2025.xlsx,LPG OCTOBER_2025,23,12,L23
2025-10-01,2025-10-01,12.5,STATE,Kogi,Kogi,Kogi,North Central,FALSE,18774.6456666667,NGN per refill,Average of Oct-25,TRUE,,12.5KG,2,LPG_Report_OCT_25.zip,GAS PRICE WATCH OCTOBER 2025.xlsx,LPG OCTOBER_2025,6,12,L6
2025-10-01,2025-10-01,12.5,STATE,Kwara,Kwara,Kwara,North Central,FALSE,18504.9411111111,NGN per refill,Average of Oct-25,TRUE,,12.5KG,2,LPG_Report_OCT_25.zip,GAS PRICE WATCH OCTOBER 2025.xlsx,LPG OCTOBER_2025,7,12,L7
2025-10-01,2025-10-01,12.5,STATE,Lagos,Lagos,Lagos,South West,FALSE,18504.2390714286,NGN per refill,Average of Oct-25,TRUE,,12.5KG,2,LPG_Report_OCT_25.zip,GAS PRICE WATCH OCTOBER 2025.xlsx,LPG OCTOBER_2025,41,12,L41
2025-10-01,2025-10-01,12.5,STATE,Nasarawa,Nasarawa,Nasarawa,North Central,FALSE,18754.9628,NGN per refill,Average of Oct-25,TRUE,,12.5KG,2,LPG_Report_OCT_25.zip,GAS PRICE WATCH OCTOBER 2025.xlsx,LPG OCTOBER_2025,8,12,L8
2025-10-01,2025-10-01,12.5,STATE,Niger,Niger,Niger,North Central,FALSE,19072.7456666667,NGN per refill,Average of Oct-25,TRUE,,12.5KG,2,LPG_Report_OCT_25.zip,GAS PRICE WATCH OCTOBER 2025.xlsx,LPG OCTOBER_2025,9,12,L9
2025-10-01,2025-10-01,12.5,STATE,Ogun,Ogun,Ogun,South West,FALSE,18774.321125,NGN per refill,Average of Oct-25,TRUE,,12.5KG,2,LPG_Report_OCT_25.zip,GAS PRICE WATCH OCTOBER 2025.xlsx,LPG OCTOBER_2025,42,12,L42
2025-10-01,2025-10-01,12.5,STATE,Ondo,Ondo,Ondo,South West,FALSE,19289.645,NGN per refill,Average of Oct-25,TRUE,,12.5KG,2,LPG_Report_OCT_25.zip,GAS PRICE WATCH OCTOBER 2025.xlsx,LPG OCTOBER_2025,43,12,L43
2025-10-01,2025-10-01,12.5,STATE,Osun,Osun,Osun,South West,FALSE,18859.7855,NGN per refill,Average of Oct-25,TRUE,,12.5KG,2,LPG_Report_OCT_25.zip,GAS PRICE WATCH OCTOBER 2025.xlsx,LPG OCTOBER_2025,44,12,L44
2025-10-01,2025-10-01,12.5,STATE,Oyo,Oyo,Oyo,South West,FALSE,18589.1465714286,NGN per refill,Average of Oct-25,TRUE,,12.5KG,2,LPG_Report_OCT_25.zip,GAS PRICE WATCH OCTOBER 2025.xlsx,LPG OCTOBER_2025,45,12,L45
2025-10-01,2025-10-01,12.5,STATE,Plateau,Plateau,Plateau,North Central,FALSE,18839.900625,NGN per refill,Average of Oct-25,TRUE,,12.5KG,2,LPG_Report_OCT_25.zip,GAS PRICE WATCH OCTOBER 2025.xlsx,LPG OCTOBER_2025,10,12,L10
2025-10-01,2025-10-01,12.5,STATE,Rivers,Rivers,Rivers,South South,FALSE,18739.8827142857,NGN per refill,Average of Oct-25,TRUE,,12.5KG,2,LPG_Report_OCT_25.zip,GAS PRICE WATCH OCTOBER 2025.xlsx,LPG OCTOBER_2025,38,12,L38
2025-10-01,2025-10-01,12.5,STATE,Sokoto,Sokoto,Sokoto,North West,FALSE,19081.8085,NGN per refill,Average of Oct-25,TRUE,,12.5KG,2,LPG_Report_OCT_25.zip,GAS PRICE WATCH OCTOBER 2025.xlsx,LPG OCTOBER_2025,24,12,L24
2025-10-01,2025-10-01,12.5,STATE,Taraba,Taraba,Taraba,North East,FALSE,19025.6803333333,NGN per refill,Average of Oct-25,TRUE,,12.5KG,2,LPG_Report_OCT_25.zip,GAS PRICE WATCH OCTOBER 2025.xlsx,LPG OCTOBER_2025,16,12,L16
2025-10-01,2025-10-01,12.5,STATE,Yobe,Yobe,Yobe,North East,FALSE,19339.5146666667,NGN per refill,Average of Oct-25,TRUE,,12.5KG,2,LPG_Report_OCT_25.zip,GAS PRICE WATCH OCTOBER 2025.xlsx,LPG OCTOBER_2025,17,12,L17
2025-10-01,2025-10-01,12.5,STATE,Zamfara,Zamfara,Zamfara,North West,FALSE,18786.6974375,NGN per refill,Average of Oct-25,TRUE,,12.5KG,2,LPG_Report_OCT_25.zip,GAS PRICE WATCH OCTOBER 2025.xlsx,LPG OCTOBER_2025,25,12,L25
2025-10-01,2025-10-01,12.5,ZONE,North Central,NORTH CENTRAL,,North Central,TRUE,18762.059115277785,NGN per refill,Average of Oct-25,TRUE,,12.5KG,2,LPG_Report_OCT_25.zip,GAS PRICE WATCH OCTOBER 2025.xlsx,LPG OCTOBER_2025,3,12,L3
2025-10-01,2025-10-01,12.5,ZONE,North East,NORTH EAST,,North East,TRUE,18953.859750925934,NGN per refill,Average of Oct-25,TRUE,,12.5KG,2,LPG_Report_OCT_25.zip,GAS PRICE WATCH OCTOBER 2025.xlsx,LPG OCTOBER_2025,11,12,L11
2025-10-01,2025-10-01,12.5,ZONE,North West,NORTH WEST,,North West,TRUE,18861.700243452382,NGN per refill,Average of Oct-25,TRUE,,12.5KG,2,LPG_Report_OCT_25.zip,GAS PRICE WATCH OCTOBER 2025.xlsx,LPG OCTOBER_2025,18,12,L18
2025-10-01,2025-10-01,12.5,ZONE,South East,SOUTH EAST,,South East,TRUE,18260.45671666666,NGN per refill,Average of Oct-25,TRUE,,12.5KG,2,LPG_Report_OCT_25.zip,GAS PRICE WATCH OCTOBER 2025.xlsx,LPG OCTOBER_2025,26,12,L26
2025-10-01,2025-10-01,12.5,ZONE,South South,SOUTH SOUTH,,South South,TRUE,18207.645237914865,NGN per refill,Average of Oct-25,TRUE,,12.5KG,2,LPG_Report_OCT_25.zip,GAS PRICE WATCH OCTOBER 2025.xlsx,LPG OCTOBER_2025,32,12,L32
2025-10-01,2025-10-01,12.5,ZONE,South West,SOUTH WEST,,South West,TRUE,18653.779758928584,NGN per refill,Average of Oct-25,TRUE,,12.5KG,2,LPG_Report_OCT_25.zip,GAS PRICE WATCH OCTOBER 2025.xlsx,LPG OCTOBER_2025,39,12,L39
2025-10-01,2025-10-01,12.5,NATIONAL,Nigeria,Average,,,TRUE,18636.765069758403,NGN per refill,Average of Oct-25,TRUE,,12.5KG,2,LPG_Report_OCT_25.zip,GAS PRICE WATCH OCTOBER 2025.xlsx,LPG OCTOBER_2025,46,12,L46
2025-11-01,2024-11-01,5.0,STATE,Abia,Abia,Abia,South East,FALSE,7060,NGN per refill,Average of Nov-24,FALSE,,5KG,2,LPG_Nov_Dec_2025.zip,GAS PRICE WATCH NOVEMBER 2025__.xlsx,LPG NOVEMBER 2025,27,2,B27
2025-11-01,2024-11-01,5.0,STATE,Abuja,Abuja,Abuja,North Central,FALSE,6749,NGN per refill,Average of Nov-24,FALSE,,5KG,2,LPG_Nov_Dec_2025.zip,GAS PRICE WATCH NOVEMBER 2025__.xlsx,LPG NOVEMBER 2025,4,2,B4
2025-11-01,2024-11-01,5.0,STATE,Adamawa,Adamawa,Adamawa,North East,FALSE,6452.5,NGN per refill,Average of Nov-24,FALSE,,5KG,2,LPG_Nov_Dec_2025.zip,GAS PRICE WATCH NOVEMBER 2025__.xlsx,LPG NOVEMBER 2025,12,2,B12
2025-11-01,2024-11-01,5.0,STATE,Akwa Ibom,Akwa Ibom,Akwa Ibom,South South,FALSE,6775,NGN per refill,Average of Nov-24,FALSE,,5KG,2,LPG_Nov_Dec_2025.zip,GAS PRICE WATCH NOVEMBER 2025__.xlsx,LPG NOVEMBER 2025,33,2,B33
2025-11-01,2024-11-01,5.0,STATE,Anambra,Anambra,Anambra,South East,FALSE,7146.153846153846,NGN per refill,Average of Nov-24,FALSE,,5KG,2,LPG_Nov_Dec_2025.zip,GAS PRICE WATCH NOVEMBER 2025__.xlsx,LPG NOVEMBER 2025,28,2,B28
2025-11-01,2024-11-01,5.0,STATE,Bauchi,Bauchi,Bauchi,North East,FALSE,7500,NGN per refill,Average of Nov-24,FALSE,,5KG,2,LPG_Nov_Dec_2025.zip,GAS PRICE WATCH NOVEMBER 2025__.xlsx,LPG NOVEMBER 2025,13,2,B13
2025-11-01,2024-11-01,5.0,STATE,Bayelsa,Bayelsa,Bayelsa,South South,FALSE,6554.642857142857,NGN per refill,Average of Nov-24,FALSE,,5KG,2,LPG_Nov_Dec_2025.zip,GAS PRICE WATCH NOVEMBER 2025__.xlsx,LPG NOVEMBER 2025,34,2,B34
2025-11-01,2024-11-01,5.0,STATE,Benue,Benue,Benue,North Central,FALSE,8000,NGN per refill,Average of Nov-24,FALSE,,5KG,2,LPG_Nov_Dec_2025.zip,GAS PRICE WATCH NOVEMBER 2025__.xlsx,LPG NOVEMBER 2025,5,2,B5
2025-11-01,2024-11-01,5.0,STATE,Borno,Borno,Borno,North East,FALSE,7491.666666666667,NGN per refill,Average of Nov-24,FALSE,,5KG,2,LPG_Nov_Dec_2025.zip,GAS PRICE WATCH NOVEMBER 2025__.xlsx,LPG NOVEMBER 2025,14,2,B14
2025-11-01,2024-11-01,5.0,STATE,Cross River,Cross River,Cross River,South South,FALSE,6979.6875,NGN per refill,Average of Nov-24,FALSE,,5KG,2,LPG_Nov_Dec_2025.zip,GAS PRICE WATCH NOVEMBER 2025__.xlsx,LPG NOVEMBER 2025,35,2,B35
2025-11-01,2024-11-01,5.0,STATE,Delta,Delta,Delta,South South,FALSE,6614.285714285715,NGN per refill,Average of Nov-24,FALSE,,5KG,2,LPG_Nov_Dec_2025.zip,GAS PRICE WATCH NOVEMBER 2025__.xlsx,LPG NOVEMBER 2025,36,2,B36
2025-11-01,2024-11-01,5.0,STATE,Ebonyi,Ebonyi,Ebonyi,South East,FALSE,7321.428571428572,NGN per refill,Average of Nov-24,FALSE,,5KG,2,LPG_Nov_Dec_2025.zip,GAS PRICE WATCH NOVEMBER 2025__.xlsx,LPG NOVEMBER 2025,29,2,B29
2025-11-01,2024-11-01,5.0,STATE,Edo,Edo,Edo,South South,FALSE,7107.142857142857,NGN per refill,Average of Nov-24,FALSE,,5KG,2,LPG_Nov_Dec_2025.zip,GAS PRICE WATCH NOVEMBER 2025__.xlsx,LPG NOVEMBER 2025,37,2,B37
2025-11-01,2024-11-01,5.0,STATE,Ekiti,Ekiti,Ekiti,South West,FALSE,6772.916666666667,NGN per refill,Average of Nov-24,FALSE,,5KG,2,LPG_Nov_Dec_2025.zip,GAS PRICE WATCH NOVEMBER 2025__.xlsx,LPG NOVEMBER 2025,40,2,B40
2025-11-01,2024-11-01,5.0,STATE,Enugu,Enugu,Enugu,South East,FALSE,7226.538461538462,NGN per refill,Average of Nov-24,FALSE,,5KG,2,LPG_Nov_Dec_2025.zip,GAS PRICE WATCH NOVEMBER 2025__.xlsx,LPG NOVEMBER 2025,30,2,B30
2025-11-01,2024-11-01,5.0,STATE,Gombe,Gombe,Gombe,North East,FALSE,6939.137451171875,NGN per refill,Average of Nov-24,FALSE,,5KG,2,LPG_Nov_Dec_2025.zip,GAS PRICE WATCH NOVEMBER 2025__.xlsx,LPG NOVEMBER 2025,15,2,B15
2025-11-01,2024-11-01,5.0,STATE,Imo,Imo,Imo,South East,FALSE,7250,NGN per refill,Average of Nov-24,FALSE,,5KG,2,LPG_Nov_Dec_2025.zip,GAS PRICE WATCH NOVEMBER 2025__.xlsx,LPG NOVEMBER 2025,31,2,B31
2025-11-01,2024-11-01,5.0,STATE,Jigawa,Jigawa,Jigawa,North West,FALSE,7212.5,NGN per refill,Average of Nov-24,FALSE,,5KG,2,LPG_Nov_Dec_2025.zip,GAS PRICE WATCH NOVEMBER 2025__.xlsx,LPG NOVEMBER 2025,19,2,B19
2025-11-01,2024-11-01,5.0,STATE,Kaduna,Kaduna,Kaduna,North West,FALSE,7090.625,NGN per refill,Average of Nov-24,FALSE,,5KG,2,LPG_Nov_Dec_2025.zip,GAS PRICE WATCH NOVEMBER 2025__.xlsx,LPG NOVEMBER 2025,20,2,B20
2025-11-01,2024-11-01,5.0,STATE,Kano,Kano,Kano,North West,FALSE,7165,NGN per refill,Average of Nov-24,FALSE,,5KG,2,LPG_Nov_Dec_2025.zip,GAS PRICE WATCH NOVEMBER 2025__.xlsx,LPG NOVEMBER 2025,21,2,B21
2025-11-01,2024-11-01,5.0,STATE,Katsina,Katsina,Katsina,North West,FALSE,6416.666666666667,NGN per refill,Average of Nov-24,FALSE,,5KG,2,LPG_Nov_Dec_2025.zip,GAS PRICE WATCH NOVEMBER 2025__.xlsx,LPG NOVEMBER 2025,22,2,B22
2025-11-01,2024-11-01,5.0,STATE,Kebbi,Kebbi,Kebbi,North West,FALSE,7071.428571428572,NGN per refill,Average of Nov-24,FALSE,,5KG,2,LPG_Nov_Dec_2025.zip,GAS PRICE WATCH NOVEMBER 2025__.xlsx,LPG NOVEMBER 2025,23,2,B23
2025-11-01,2024-11-01,5.0,STATE,Kogi,Kogi,Kogi,North Central,FALSE,6898.571428571428,NGN per refill,Average of Nov-24,FALSE,,5KG,2,LPG_Nov_Dec_2025.zip,GAS PRICE WATCH NOVEMBER 2025__.xlsx,LPG NOVEMBER 2025,6,2,B6
2025-11-01,2024-11-01,5.0,STATE,Kwara,Kwara,Kwara,North Central,FALSE,7192.1875,NGN per refill,Average of Nov-24,FALSE,,5KG,2,LPG_Nov_Dec_2025.zip,GAS PRICE WATCH NOVEMBER 2025__.xlsx,LPG NOVEMBER 2025,7,2,B7
2025-11-01,2024-11-01,5.0,STATE,Lagos,Lagos,Lagos,South West,FALSE,7491.25,NGN per refill,Average of Nov-24,FALSE,,5KG,2,LPG_Nov_Dec_2025.zip,GAS PRICE WATCH NOVEMBER 2025__.xlsx,LPG NOVEMBER 2025,41,2,B41
2025-11-01,2024-11-01,5.0,STATE,Nasarawa,Nasarawa,Nasarawa,North Central,FALSE,6959.416666666667,NGN per refill,Average of Nov-24,FALSE,,5KG,2,LPG_Nov_Dec_2025.zip,GAS PRICE WATCH NOVEMBER 2025__.xlsx,LPG NOVEMBER 2025,8,2,B8
2025-11-01,2024-11-01,5.0,STATE,Niger,Niger,Niger,North Central,FALSE,6792.428152901785,NGN per refill,Average of Nov-24,FALSE,,5KG,2,LPG_Nov_Dec_2025.zip,GAS PRICE WATCH NOVEMBER 2025__.xlsx,LPG NOVEMBER 2025,9,2,B9
2025-11-01,2024-11-01,5.0,STATE,Ogun,Ogun,Ogun,South West,FALSE,7175,NGN per refill,Average of Nov-24,FALSE,,5KG,2,LPG_Nov_Dec_2025.zip,GAS PRICE WATCH NOVEMBER 2025__.xlsx,LPG NOVEMBER 2025,42,2,B42
2025-11-01,2024-11-01,5.0,STATE,Ondo,Ondo,Ondo,South West,FALSE,6831.818181818182,NGN per refill,Average of Nov-24,FALSE,,5KG,2,LPG_Nov_Dec_2025.zip,GAS PRICE WATCH NOVEMBER 2025__.xlsx,LPG NOVEMBER 2025,43,2,B43
2025-11-01,2024-11-01,5.0,STATE,Osun,Osun,Osun,South West,FALSE,7405.555555555556,NGN per refill,Average of Nov-24,FALSE,,5KG,2,LPG_Nov_Dec_2025.zip,GAS PRICE WATCH NOVEMBER 2025__.xlsx,LPG NOVEMBER 2025,44,2,B44
2025-11-01,2024-11-01,5.0,STATE,Oyo,Oyo,Oyo,South West,FALSE,7000,NGN per refill,Average of Nov-24,FALSE,,5KG,2,LPG_Nov_Dec_2025.zip,GAS PRICE WATCH NOVEMBER 2025__.xlsx,LPG NOVEMBER 2025,45,2,B45
2025-11-01,2024-11-01,5.0,STATE,Plateau,Plateau,Plateau,North Central,FALSE,6963.5615234375,NGN per refill,Average of Nov-24,FALSE,,5KG,2,LPG_Nov_Dec_2025.zip,GAS PRICE WATCH NOVEMBER 2025__.xlsx,LPG NOVEMBER 2025,10,2,B10
2025-11-01,2024-11-01,5.0,STATE,Rivers,Rivers,Rivers,South South,FALSE,7512.5,NGN per refill,Average of Nov-24,FALSE,,5KG,2,LPG_Nov_Dec_2025.zip,GAS PRICE WATCH NOVEMBER 2025__.xlsx,LPG NOVEMBER 2025,38,2,B38
2025-11-01,2024-11-01,5.0,STATE,Sokoto,Sokoto,Sokoto,North West,FALSE,6916.666666666667,NGN per refill,Average of Nov-24,FALSE,,5KG,2,LPG_Nov_Dec_2025.zip,GAS PRICE WATCH NOVEMBER 2025__.xlsx,LPG NOVEMBER 2025,24,2,B24
2025-11-01,2024-11-01,5.0,STATE,Taraba,Taraba,Taraba,North East,FALSE,7444.799967447917,NGN per refill,Average of Nov-24,FALSE,,5KG,2,LPG_Nov_Dec_2025.zip,GAS PRICE WATCH NOVEMBER 2025__.xlsx,LPG NOVEMBER 2025,16,2,B16
2025-11-01,2024-11-01,5.0,STATE,Yobe,Yobe,Yobe,North East,FALSE,7681.733072916667,NGN per refill,Average of Nov-24,FALSE,,5KG,2,LPG_Nov_Dec_2025.zip,GAS PRICE WATCH NOVEMBER 2025__.xlsx,LPG NOVEMBER 2025,17,2,B17
2025-11-01,2024-11-01,5.0,STATE,Zamfara,Zamfara,Zamfara,North West,FALSE,7100,NGN per refill,Average of Nov-24,FALSE,,5KG,2,LPG_Nov_Dec_2025.zip,GAS PRICE WATCH NOVEMBER 2025__.xlsx,LPG NOVEMBER 2025,25,2,B25
2025-11-01,2024-11-01,5.0,ZONE,North Central,NORTH CENTRAL,,North Central,TRUE,7079.309324511053,NGN per refill,Average of Nov-24,FALSE,,5KG,2,LPG_Nov_Dec_2025.zip,GAS PRICE WATCH NOVEMBER 2025__.xlsx,LPG NOVEMBER 2025,3,2,B3
2025-11-01,2024-11-01,5.0,ZONE,North East,NORTH EAST,,North East,TRUE,7251.6395263671875,NGN per refill,Average of Nov-24,FALSE,,5KG,2,LPG_Nov_Dec_2025.zip,GAS PRICE WATCH NOVEMBER 2025__.xlsx,LPG NOVEMBER 2025,11,2,B11
2025-11-01,2024-11-01,5.0,ZONE,North West,NORTH WEST,,North West,TRUE,6996.126700680272,NGN per refill,Average of Nov-24,FALSE,,5KG,2,LPG_Nov_Dec_2025.zip,GAS PRICE WATCH NOVEMBER 2025__.xlsx,LPG NOVEMBER 2025,18,2,B18
2025-11-01,2024-11-01,5.0,ZONE,South East,SOUTH EAST,,South East,TRUE,7200.824175824176,NGN per refill,Average of Nov-24,FALSE,,5KG,2,LPG_Nov_Dec_2025.zip,GAS PRICE WATCH NOVEMBER 2025__.xlsx,LPG NOVEMBER 2025,26,2,B26
2025-11-01,2024-11-01,5.0,ZONE,South South,SOUTH SOUTH,,South South,TRUE,6923.876488095238,NGN per refill,Average of Nov-24,FALSE,,5KG,2,LPG_Nov_Dec_2025.zip,GAS PRICE WATCH NOVEMBER 2025__.xlsx,LPG NOVEMBER 2025,32,2,B32
2025-11-01,2024-11-01,5.0,ZONE,South West,SOUTH WEST,,South West,TRUE,7112.7567340067335,NGN per refill,Average of Nov-24,FALSE,,5KG,2,LPG_Nov_Dec_2025.zip,GAS PRICE WATCH NOVEMBER 2025__.xlsx,LPG NOVEMBER 2025,39,2,B39
2025-11-01,2024-11-01,5.0,NATIONAL,Nigeria,Average,,,TRUE,7088.157014764194,NGN per refill,Average of Nov-24,FALSE,,5KG,2,LPG_Nov_Dec_2025.zip,GAS PRICE WATCH NOVEMBER 2025__.xlsx,LPG NOVEMBER 2025,46,2,B46
2025-11-01,2024-11-01,12.5,STATE,Abia,Abia,Abia,South East,FALSE,17583.333333333332,NGN per refill,Average of Nov-24,FALSE,,12.5KG,2,LPG_Nov_Dec_2025.zip,GAS PRICE WATCH NOVEMBER 2025__.xlsx,LPG NOVEMBER 2025,27,10,J27
2025-11-01,2024-11-01,12.5,STATE,Abuja,Abuja,Abuja,North Central,FALSE,16775,NGN per refill,Average of Nov-24,FALSE,,12.5KG,2,LPG_Nov_Dec_2025.zip,GAS PRICE WATCH NOVEMBER 2025__.xlsx,LPG NOVEMBER 2025,4,10,J4
2025-11-01,2024-11-01,12.5,STATE,Adamawa,Adamawa,Adamawa,North East,FALSE,15716.4,NGN per refill,Average of Nov-24,FALSE,,12.5KG,2,LPG_Nov_Dec_2025.zip,GAS PRICE WATCH NOVEMBER 2025__.xlsx,LPG NOVEMBER 2025,12,10,J12
2025-11-01,2024-11-01,12.5,STATE,Akwa Ibom,Akwa Ibom,Akwa Ibom,South South,FALSE,17116,NGN per refill,Average of Nov-24,FALSE,,12.5KG,2,LPG_Nov_Dec_2025.zip,GAS PRICE WATCH NOVEMBER 2025__.xlsx,LPG NOVEMBER 2025,33,10,J33
2025-11-01,2024-11-01,12.5,STATE,Anambra,Anambra,Anambra,South East,FALSE,17517.85714285714,NGN per refill,Average of Nov-24,FALSE,,12.5KG,2,LPG_Nov_Dec_2025.zip,GAS PRICE WATCH NOVEMBER 2025__.xlsx,LPG NOVEMBER 2025,28,10,J28
2025-11-01,2024-11-01,12.5,STATE,Bauchi,Bauchi,Bauchi,North East,FALSE,17500,NGN per refill,Average of Nov-24,FALSE,,12.5KG,2,LPG_Nov_Dec_2025.zip,GAS PRICE WATCH NOVEMBER 2025__.xlsx,LPG NOVEMBER 2025,13,10,J13
2025-11-01,2024-11-01,12.5,STATE,Bayelsa,Bayelsa,Bayelsa,South South,FALSE,16833.035714285714,NGN per refill,Average of Nov-24,FALSE,,12.5KG,2,LPG_Nov_Dec_2025.zip,GAS PRICE WATCH NOVEMBER 2025__.xlsx,LPG NOVEMBER 2025,34,10,J34
2025-11-01,2024-11-01,12.5,STATE,Benue,Benue,Benue,North Central,FALSE,20588.5,NGN per refill,Average of Nov-24,FALSE,,12.5KG,2,LPG_Nov_Dec_2025.zip,GAS PRICE WATCH NOVEMBER 2025__.xlsx,LPG NOVEMBER 2025,5,10,J5
2025-11-01,2024-11-01,12.5,STATE,Borno,Borno,Borno,North East,FALSE,16683.285714285714,NGN per refill,Average of Nov-24,FALSE,,12.5KG,2,LPG_Nov_Dec_2025.zip,GAS PRICE WATCH NOVEMBER 2025__.xlsx,LPG NOVEMBER 2025,14,10,J14
2025-11-01,2024-11-01,12.5,STATE,Cross River,Cross River,Cross River,South South,FALSE,17631.696428571428,NGN per refill,Average of Nov-24,FALSE,,12.5KG,2,LPG_Nov_Dec_2025.zip,GAS PRICE WATCH NOVEMBER 2025__.xlsx,LPG NOVEMBER 2025,35,10,J35
2025-11-01,2024-11-01,12.5,STATE,Delta,Delta,Delta,South South,FALSE,16410.714285714286,NGN per refill,Average of Nov-24,FALSE,,12.5KG,2,LPG_Nov_Dec_2025.zip,GAS PRICE WATCH NOVEMBER 2025__.xlsx,LPG NOVEMBER 2025,36,10,J36
2025-11-01,2024-11-01,12.5,STATE,Ebonyi,Ebonyi,Ebonyi,South East,FALSE,17862.5,NGN per refill,Average of Nov-24,FALSE,,12.5KG,2,LPG_Nov_Dec_2025.zip,GAS PRICE WATCH NOVEMBER 2025__.xlsx,LPG NOVEMBER 2025,29,10,J29
2025-11-01,2024-11-01,12.5,STATE,Edo,Edo,Edo,South South,FALSE,17735.714285714286,NGN per refill,Average of Nov-24,FALSE,,12.5KG,2,LPG_Nov_Dec_2025.zip,GAS PRICE WATCH NOVEMBER 2025__.xlsx,LPG NOVEMBER 2025,37,10,J37
2025-11-01,2024-11-01,12.5,STATE,Ekiti,Ekiti,Ekiti,South West,FALSE,16730.598958333332,NGN per refill,Average of Nov-24,FALSE,,12.5KG,2,LPG_Nov_Dec_2025.zip,GAS PRICE WATCH NOVEMBER 2025__.xlsx,LPG NOVEMBER 2025,40,10,J40
2025-11-01,2024-11-01,12.5,STATE,Enugu,Enugu,Enugu,South East,FALSE,17957.69230769231,NGN per refill,Average of Nov-24,FALSE,,12.5KG,2,LPG_Nov_Dec_2025.zip,GAS PRICE WATCH NOVEMBER 2025__.xlsx,LPG NOVEMBER 2025,30,10,J30
2025-11-01,2024-11-01,12.5,STATE,Gombe,Gombe,Gombe,North East,FALSE,17053.5693359375,NGN per refill,Average of Nov-24,FALSE,,12.5KG,2,LPG_Nov_Dec_2025.zip,GAS PRICE WATCH NOVEMBER 2025__.xlsx,LPG NOVEMBER 2025,15,10,J15
2025-11-01,2024-11-01,12.5,STATE,Imo,Imo,Imo,South East,FALSE,17789,NGN per refill,Average of Nov-24,FALSE,,12.5KG,2,LPG_Nov_Dec_2025.zip,GAS PRICE WATCH NOVEMBER 2025__.xlsx,LPG NOVEMBER 2025,31,10,J31
2025-11-01,2024-11-01,12.5,STATE,Jigawa,Jigawa,Jigawa,North West,FALSE,17535.714285714286,NGN per refill,Average of Nov-24,FALSE,,12.5KG,2,LPG_Nov_Dec_2025.zip,GAS PRICE WATCH NOVEMBER 2025__.xlsx,LPG NOVEMBER 2025,19,10,J19
2025-11-01,2024-11-01,12.5,STATE,Kaduna,Kaduna,Kaduna,North West,FALSE,16891.25,NGN per refill,Average of Nov-24,FALSE,,12.5KG,2,LPG_Nov_Dec_2025.zip,GAS PRICE WATCH NOVEMBER 2025__.xlsx,LPG NOVEMBER 2025,20,10,J20
2025-11-01,2024-11-01,12.5,STATE,Kano,Kano,Kano,North West,FALSE,17277.777777777777,NGN per refill,Average of Nov-24,FALSE,,12.5KG,2,LPG_Nov_Dec_2025.zip,GAS PRICE WATCH NOVEMBER 2025__.xlsx,LPG NOVEMBER 2025,21,10,J21
2025-11-01,2024-11-01,12.5,STATE,Katsina,Katsina,Katsina,North West,FALSE,15750,NGN per refill,Average of Nov-24,FALSE,,12.5KG,2,LPG_Nov_Dec_2025.zip,GAS PRICE WATCH NOVEMBER 2025__.xlsx,LPG NOVEMBER 2025,22,10,J22
2025-11-01,2024-11-01,12.5,STATE,Kebbi,Taraba,Kebbi,North West,FALSE,16228.57142857143,NGN per refill,Average of Nov-24,FALSE,LPG_12_5KG_KEBBI_LABELLED_TARABA,12.5KG,2,LPG_Nov_Dec_2025.zip,GAS PRICE WATCH NOVEMBER 2025__.xlsx,LPG NOVEMBER 2025,23,10,J23
2025-11-01,2024-11-01,12.5,STATE,Kogi,Kogi,Kogi,North Central,FALSE,17067.14285714286,NGN per refill,Average of Nov-24,FALSE,,12.5KG,2,LPG_Nov_Dec_2025.zip,GAS PRICE WATCH NOVEMBER 2025__.xlsx,LPG NOVEMBER 2025,6,10,J6
2025-11-01,2024-11-01,12.5,STATE,Kwara,Kwara,Kwara,North Central,FALSE,16883.984375,NGN per refill,Average of Nov-24,FALSE,,12.5KG,2,LPG_Nov_Dec_2025.zip,GAS PRICE WATCH NOVEMBER 2025__.xlsx,LPG NOVEMBER 2025,7,10,J7
2025-11-01,2024-11-01,12.5,STATE,Lagos,Lagos,Lagos,South West,FALSE,17818.18181818182,NGN per refill,Average of Nov-24,FALSE,,12.5KG,2,LPG_Nov_Dec_2025.zip,GAS PRICE WATCH NOVEMBER 2025__.xlsx,LPG NOVEMBER 2025,41,10,J41
2025-11-01,2024-11-01,12.5,STATE,Nasarawa,Nasarawa,Nasarawa,North Central,FALSE,16852.888305664062,NGN per refill,Average of Nov-24,FALSE,,12.5KG,2,LPG_Nov_Dec_2025.zip,GAS PRICE WATCH NOVEMBER 2025__.xlsx,LPG NOVEMBER 2025,8,10,J8
2025-11-01,2024-11-01,12.5,STATE,Niger,Niger,Niger,North Central,FALSE,16405.748604910714,NGN per refill,Average of Nov-24,FALSE,,12.5KG,2,LPG_Nov_Dec_2025.zip,GAS PRICE WATCH NOVEMBER 2025__.xlsx,LPG NOVEMBER 2025,9,10,J9
2025-11-01,2024-11-01,12.5,STATE,Ogun,Ogun,Ogun,South West,FALSE,17611.11111111111,NGN per refill,Average of Nov-24,FALSE,,12.5KG,2,LPG_Nov_Dec_2025.zip,GAS PRICE WATCH NOVEMBER 2025__.xlsx,LPG NOVEMBER 2025,42,10,J42
2025-11-01,2024-11-01,12.5,STATE,Ondo,Ondo,Ondo,South West,FALSE,16306.25,NGN per refill,Average of Nov-24,FALSE,,12.5KG,2,LPG_Nov_Dec_2025.zip,GAS PRICE WATCH NOVEMBER 2025__.xlsx,LPG NOVEMBER 2025,43,10,J43
2025-11-01,2024-11-01,12.5,STATE,Osun,Osun,Osun,South West,FALSE,18347.222222222223,NGN per refill,Average of Nov-24,FALSE,,12.5KG,2,LPG_Nov_Dec_2025.zip,GAS PRICE WATCH NOVEMBER 2025__.xlsx,LPG NOVEMBER 2025,44,10,J44
2025-11-01,2024-11-01,12.5,STATE,Oyo,Oyo,Oyo,South West,FALSE,17430.555555555555,NGN per refill,Average of Nov-24,FALSE,,12.5KG,2,LPG_Nov_Dec_2025.zip,GAS PRICE WATCH NOVEMBER 2025__.xlsx,LPG NOVEMBER 2025,45,10,J45
2025-11-01,2024-11-01,12.5,STATE,Plateau,Plateau,Plateau,North Central,FALSE,16758.39285714286,NGN per refill,Average of Nov-24,FALSE,,12.5KG,2,LPG_Nov_Dec_2025.zip,GAS PRICE WATCH NOVEMBER 2025__.xlsx,LPG NOVEMBER 2025,10,10,J10
2025-11-01,2024-11-01,12.5,STATE,Rivers,Rivers,Rivers,South South,FALSE,18626.136363636364,NGN per refill,Average of Nov-24,FALSE,,12.5KG,2,LPG_Nov_Dec_2025.zip,GAS PRICE WATCH NOVEMBER 2025__.xlsx,LPG NOVEMBER 2025,38,10,J38
2025-11-01,2024-11-01,12.5,STATE,Sokoto,Sokoto,Sokoto,North West,FALSE,17100,NGN per refill,Average of Nov-24,FALSE,,12.5KG,2,LPG_Nov_Dec_2025.zip,GAS PRICE WATCH NOVEMBER 2025__.xlsx,LPG NOVEMBER 2025,24,10,J24
2025-11-01,2024-11-01,12.5,STATE,Taraba,Taraba,Taraba,North East,FALSE,17908.333333333332,NGN per refill,Average of Nov-24,FALSE,,12.5KG,2,LPG_Nov_Dec_2025.zip,GAS PRICE WATCH NOVEMBER 2025__.xlsx,LPG NOVEMBER 2025,16,10,J16
2025-11-01,2024-11-01,12.5,STATE,Yobe,Yobe,Yobe,North East,FALSE,18000,NGN per refill,Average of Nov-24,FALSE,,12.5KG,2,LPG_Nov_Dec_2025.zip,GAS PRICE WATCH NOVEMBER 2025__.xlsx,LPG NOVEMBER 2025,17,10,J17
2025-11-01,2024-11-01,12.5,STATE,Zamfara,Zamfara,Zamfara,North West,FALSE,17208.333333333332,NGN per refill,Average of Nov-24,FALSE,,12.5KG,2,LPG_Nov_Dec_2025.zip,GAS PRICE WATCH NOVEMBER 2025__.xlsx,LPG NOVEMBER 2025,25,10,J25
2025-11-01,2024-11-01,12.5,ZONE,North Central,NORTH CENTRAL,,North Central,TRUE,17333.093857122927,NGN per refill,Average of Nov-24,FALSE,,12.5KG,2,LPG_Nov_Dec_2025.zip,GAS PRICE WATCH NOVEMBER 2025__.xlsx,LPG NOVEMBER 2025,3,10,J3
2025-11-01,2024-11-01,12.5,ZONE,North East,NORTH EAST,,North East,TRUE,17143.598063926092,NGN per refill,Average of Nov-24,FALSE,,12.5KG,2,LPG_Nov_Dec_2025.zip,GAS PRICE WATCH NOVEMBER 2025__.xlsx,LPG NOVEMBER 2025,11,10,J11
2025-11-01,2024-11-01,12.5,ZONE,North West,NORTH WEST,,North West,TRUE,16855.949546485263,NGN per refill,Average of Nov-24,FALSE,,12.5KG,2,LPG_Nov_Dec_2025.zip,GAS PRICE WATCH NOVEMBER 2025__.xlsx,LPG NOVEMBER 2025,18,10,J18
2025-11-01,2024-11-01,12.5,ZONE,South East,SOUTH EAST,,South East,TRUE,17742.076556776556,NGN per refill,Average of Nov-24,FALSE,,12.5KG,2,LPG_Nov_Dec_2025.zip,GAS PRICE WATCH NOVEMBER 2025__.xlsx,LPG NOVEMBER 2025,26,10,J26
2025-11-01,2024-11-01,12.5,ZONE,South South,SOUTH SOUTH,,South South,TRUE,17392.21617965368,NGN per refill,Average of Nov-24,FALSE,,12.5KG,2,LPG_Nov_Dec_2025.zip,GAS PRICE WATCH NOVEMBER 2025__.xlsx,LPG NOVEMBER 2025,32,10,J32
2025-11-01,2024-11-01,12.5,ZONE,South West,SOUTH WEST,,South West,TRUE,17373.986610900673,NGN per refill,Average of Nov-24,FALSE,,12.5KG,2,LPG_Nov_Dec_2025.zip,GAS PRICE WATCH NOVEMBER 2025__.xlsx,LPG NOVEMBER 2025,39,10,J39
2025-11-01,2024-11-01,12.5,NATIONAL,Nigeria,Average,,,TRUE,17283.580857730343,NGN per refill,Average of Nov-24,FALSE,,12.5KG,2,LPG_Nov_Dec_2025.zip,GAS PRICE WATCH NOVEMBER 2025__.xlsx,LPG NOVEMBER 2025,46,10,J46
2025-11-01,2025-10-01,5.0,STATE,Abia,Abia,Abia,South East,FALSE,8161.797960992909,NGN per refill,Average of Oct-25,FALSE,,5KG,2,LPG_Nov_Dec_2025.zip,GAS PRICE WATCH NOVEMBER 2025__.xlsx,LPG NOVEMBER 2025,27,3,C27
2025-11-01,2025-10-01,5.0,STATE,Abuja,Abuja,Abuja,North Central,FALSE,7966.81640070922,NGN per refill,Average of Oct-25,FALSE,,5KG,2,LPG_Nov_Dec_2025.zip,GAS PRICE WATCH NOVEMBER 2025__.xlsx,LPG NOVEMBER 2025,4,3,C4
2025-11-01,2025-10-01,5.0,STATE,Adamawa,Adamawa,Adamawa,North East,FALSE,8190.3105319148935,NGN per refill,Average of Oct-25,FALSE,,5KG,2,LPG_Nov_Dec_2025.zip,GAS PRICE WATCH NOVEMBER 2025__.xlsx,LPG NOVEMBER 2025,12,3,C12
2025-11-01,2025-10-01,5.0,STATE,Akwa Ibom,Akwa Ibom,Akwa Ibom,South South,FALSE,7806.309701114504,NGN per refill,Average of Oct-25,FALSE,,5KG,2,LPG_Nov_Dec_2025.zip,GAS PRICE WATCH NOVEMBER 2025__.xlsx,LPG NOVEMBER 2025,33,3,C33
2025-11-01,2025-10-01,5.0,STATE,Anambra,Anambra,Anambra,South East,FALSE,7807.591945288759,NGN per refill,Average of Oct-25,FALSE,,5KG,2,LPG_Nov_Dec_2025.zip,GAS PRICE WATCH NOVEMBER 2025__.xlsx,LPG NOVEMBER 2025,28,3,C28
2025-11-01,2025-10-01,5.0,STATE,Bauchi,Bauchi,Bauchi,North East,FALSE,7051.5445035461,NGN per refill,Average of Oct-25,FALSE,,5KG,2,LPG_Nov_Dec_2025.zip,GAS PRICE WATCH NOVEMBER 2025__.xlsx,LPG NOVEMBER 2025,13,3,C13
2025-11-01,2025-10-01,5.0,STATE,Bayelsa,Bayelsa,Bayelsa,South South,FALSE,7978.394267139468,NGN per refill,Average of Oct-25,FALSE,,5KG,2,LPG_Nov_Dec_2025.zip,GAS PRICE WATCH NOVEMBER 2025__.xlsx,LPG NOVEMBER 2025,34,3,C34
2025-11-01,2025-10-01,5.0,STATE,Benue,Benue,Benue,North Central,FALSE,8291.062300531916,NGN per refill,Average of Oct-25,FALSE,,5KG,2,LPG_Nov_Dec_2025.zip,GAS PRICE WATCH NOVEMBER 2025__.xlsx,LPG NOVEMBER 2025,5,3,C5
2025-11-01,2025-10-01,5.0,STATE,Borno,Borno,Borno,North East,FALSE,8376.442819148935,NGN per refill,Average of Oct-25,FALSE,,5KG,2,LPG_Nov_Dec_2025.zip,GAS PRICE WATCH NOVEMBER 2025__.xlsx,LPG NOVEMBER 2025,14,3,C14
2025-11-01,2025-10-01,5.0,STATE,Cross River,Cross River,Cross River,South South,FALSE,8008.537145390072,NGN per refill,Average of Oct-25,FALSE,,5KG,2,LPG_Nov_Dec_2025.zip,GAS PRICE WATCH NOVEMBER 2025__.xlsx,LPG NOVEMBER 2025,35,3,C35
2025-11-01,2025-10-01,5.0,STATE,Delta,Delta,Delta,South South,FALSE,7965.802224371383,NGN per refill,Average of Oct-25,FALSE,,5KG,2,LPG_Nov_Dec_2025.zip,GAS PRICE WATCH NOVEMBER 2025__.xlsx,LPG NOVEMBER 2025,36,3,C36
2025-11-01,2025-10-01,5.0,STATE,Ebonyi,Ebonyi,Ebonyi,South East,FALSE,7744.994402228972,NGN per refill,Average of Oct-25,FALSE,,5KG,2,LPG_Nov_Dec_2025.zip,GAS PRICE WATCH NOVEMBER 2025__.xlsx,LPG NOVEMBER 2025,29,3,C29
2025-11-01,2025-10-01,5.0,STATE,Edo,Edo,Edo,South South,FALSE,7835.27890070922,NGN per refill,Average of Oct-25,FALSE,,5KG,2,LPG_Nov_Dec_2025.zip,GAS PRICE WATCH NOVEMBER 2025__.xlsx,LPG NOVEMBER 2025,37,3,C37
2025-11-01,2025-10-01,5.0,STATE,Ekiti,Ekiti,Ekiti,South West,FALSE,7849.482725430603,NGN per refill,Average of Oct-25,FALSE,,5KG,2,LPG_Nov_Dec_2025.zip,GAS PRICE WATCH NOVEMBER 2025__.xlsx,LPG NOVEMBER 2025,40,3,C40
2025-11-01,2025-10-01,5.0,STATE,Enugu,Enugu,Enugu,South East,FALSE,8131.233687943263,NGN per refill,Average of Oct-25,FALSE,,5KG,2,LPG_Nov_Dec_2025.zip,GAS PRICE WATCH NOVEMBER 2025__.xlsx,LPG NOVEMBER 2025,30,3,C30
2025-11-01,2025-10-01,5.0,STATE,Gombe,Gombe,Gombe,North East,FALSE,8104.3842395587235,NGN per refill,Average of Oct-25,FALSE,,5KG,2,LPG_Nov_Dec_2025.zip,GAS PRICE WATCH NOVEMBER 2025__.xlsx,LPG NOVEMBER 2025,15,3,C15
2025-11-01,2025-10-01,5.0,STATE,Imo,Imo,Imo,South East,FALSE,8031.07830969266,NGN per refill,Average of Oct-25,FALSE,,5KG,2,LPG_Nov_Dec_2025.zip,GAS PRICE WATCH NOVEMBER 2025__.xlsx,LPG NOVEMBER 2025,31,3,C31
2025-11-01,2025-10-01,5.0,STATE,Jigawa,Jigawa,Jigawa,North West,FALSE,8253.930984042552,NGN per refill,Average of Oct-25,FALSE,,5KG,2,LPG_Nov_Dec_2025.zip,GAS PRICE WATCH NOVEMBER 2025__.xlsx,LPG NOVEMBER 2025,19,3,C19
2025-11-01,2025-10-01,5.0,STATE,Kaduna,Kaduna,Kaduna,North West,FALSE,8227.883510638298,NGN per refill,Average of Oct-25,FALSE,,5KG,2,LPG_Nov_Dec_2025.zip,GAS PRICE WATCH NOVEMBER 2025__.xlsx,LPG NOVEMBER 2025,20,3,C20
2025-11-01,2025-10-01,5.0,STATE,Kano,Kano,Kano,North West,FALSE,8075.78219562649,NGN per refill,Average of Oct-25,FALSE,,5KG,2,LPG_Nov_Dec_2025.zip,GAS PRICE WATCH NOVEMBER 2025__.xlsx,LPG NOVEMBER 2025,21,3,C21
2025-11-01,2025-10-01,5.0,STATE,Katsina,Katsina,Katsina,North West,FALSE,8071.770780141844,NGN per refill,Average of Oct-25,FALSE,,5KG,2,LPG_Nov_Dec_2025.zip,GAS PRICE WATCH NOVEMBER 2025__.xlsx,LPG NOVEMBER 2025,22,3,C22
2025-11-01,2025-10-01,5.0,STATE,Kebbi,Kebbi,Kebbi,North West,FALSE,8261.907624113475,NGN per refill,Average of Oct-25,FALSE,,5KG,2,LPG_Nov_Dec_2025.zip,GAS PRICE WATCH NOVEMBER 2025__.xlsx,LPG NOVEMBER 2025,23,3,C23
2025-11-01,2025-10-01,5.0,STATE,Kogi,Kogi,Kogi,North Central,FALSE,8157.6757683215255,NGN per refill,Average of Oct-25,FALSE,,5KG,2,LPG_Nov_Dec_2025.zip,GAS PRICE WATCH NOVEMBER 2025__.xlsx,LPG NOVEMBER 2025,6,3,C6
2025-11-01,2025-10-01,5.0,STATE,Kwara,Kwara,Kwara,North Central,FALSE,8062.035855003936,NGN per refill,Average of Oct-25,FALSE,,5KG,2,LPG_Nov_Dec_2025.zip,GAS PRICE WATCH NOVEMBER 2025__.xlsx,LPG NOVEMBER 2025,7,3,C7
2025-11-01,2025-10-01,5.0,STATE,Lagos,Lagos,Lagos,South West,FALSE,8061.786904761916,NGN per refill,Average of Oct-25,FALSE,,5KG,2,LPG_Nov_Dec_2025.zip,GAS PRICE WATCH NOVEMBER 2025__.xlsx,LPG NOVEMBER 2025,41,3,C41
2025-11-01,2025-10-01,5.0,STATE,Nasarawa,Nasarawa,Nasarawa,North Central,FALSE,8150.696028368795,NGN per refill,Average of Oct-25,FALSE,,5KG,2,LPG_Nov_Dec_2025.zip,GAS PRICE WATCH NOVEMBER 2025__.xlsx,LPG NOVEMBER 2025,8,3,C8
2025-11-01,2025-10-01,5.0,STATE,Niger,Niger,Niger,North Central,FALSE,8263.384988179681,NGN per refill,Average of Oct-25,FALSE,,5KG,2,LPG_Nov_Dec_2025.zip,GAS PRICE WATCH NOVEMBER 2025__.xlsx,LPG NOVEMBER 2025,9,3,C9
2025-11-01,2025-10-01,5.0,STATE,Ogun,Ogun,Ogun,South West,FALSE,8157.560682624114,NGN per refill,Average of Oct-25,FALSE,,5KG,2,LPG_Nov_Dec_2025.zip,GAS PRICE WATCH NOVEMBER 2025__.xlsx,LPG NOVEMBER 2025,42,3,C42
2025-11-01,2025-10-01,5.0,STATE,Ondo,Ondo,Ondo,South West,FALSE,8340.29964539007,NGN per refill,Average of Oct-25,FALSE,,5KG,2,LPG_Nov_Dec_2025.zip,GAS PRICE WATCH NOVEMBER 2025__.xlsx,LPG NOVEMBER 2025,43,3,C43
2025-11-01,2025-10-01,5.0,STATE,Osun,Osun,Osun,South West,FALSE,8187.867198581561,NGN per refill,Average of Oct-25,FALSE,,5KG,2,LPG_Nov_Dec_2025.zip,GAS PRICE WATCH NOVEMBER 2025__.xlsx,LPG NOVEMBER 2025,44,3,C44
2025-11-01,2025-10-01,5.0,STATE,Oyo,Oyo,Oyo,South West,FALSE,8091.895947315106,NGN per refill,Average of Oct-25,FALSE,,5KG,2,LPG_Nov_Dec_2025.zip,GAS PRICE WATCH NOVEMBER 2025__.xlsx,LPG NOVEMBER 2025,45,3,C45
2025-11-01,2025-10-01,5.0,STATE,Plateau,Plateau,Plateau,North Central,FALSE,8180.815824468085,NGN per refill,Average of Oct-25,FALSE,,5KG,2,LPG_Nov_Dec_2025.zip,GAS PRICE WATCH NOVEMBER 2025__.xlsx,LPG NOVEMBER 2025,10,3,C10
2025-11-01,2025-10-01,5.0,STATE,Rivers,Rivers,Rivers,South South,FALSE,8145.348480243157,NGN per refill,Average of Oct-25,FALSE,,5KG,2,LPG_Nov_Dec_2025.zip,GAS PRICE WATCH NOVEMBER 2025__.xlsx,LPG NOVEMBER 2025,38,3,C38
2025-11-01,2025-10-01,5.0,STATE,Sokoto,Sokoto,Sokoto,North West,FALSE,8266.598758865248,NGN per refill,Average of Oct-25,FALSE,,5KG,2,LPG_Nov_Dec_2025.zip,GAS PRICE WATCH NOVEMBER 2025__.xlsx,LPG NOVEMBER 2025,24,3,C24
2025-11-01,2025-10-01,5.0,STATE,Taraba,Taraba,Taraba,North East,FALSE,8246.695153664292,NGN per refill,Average of Oct-25,FALSE,,5KG,2,LPG_Nov_Dec_2025.zip,GAS PRICE WATCH NOVEMBER 2025__.xlsx,LPG NOVEMBER 2025,16,3,C16
2025-11-01,2025-10-01,5.0,STATE,Yobe,Yobe,Yobe,North East,FALSE,8357.983924349894,NGN per refill,Average of Oct-25,FALSE,,5KG,2,LPG_Nov_Dec_2025.zip,GAS PRICE WATCH NOVEMBER 2025__.xlsx,LPG NOVEMBER 2025,17,3,C17
2025-11-01,2025-10-01,5.0,STATE,Zamfara,Zamfara,Zamfara,North West,FALSE,8161.949445921986,NGN per refill,Average of Oct-25,FALSE,,5KG,2,LPG_Nov_Dec_2025.zip,GAS PRICE WATCH NOVEMBER 2025__.xlsx,LPG NOVEMBER 2025,25,3,C25
2025-11-01,2025-10-01,5.0,ZONE,North Central,NORTH CENTRAL,,North Central,TRUE,8153.212452226165,NGN per refill,Average of Oct-25,FALSE,,5KG,2,LPG_Nov_Dec_2025.zip,GAS PRICE WATCH NOVEMBER 2025__.xlsx,LPG NOVEMBER 2025,3,3,C3
2025-11-01,2025-10-01,5.0,ZONE,North East,NORTH EAST,,North East,TRUE,8054.560195363807,NGN per refill,Average of Oct-25,FALSE,,5KG,2,LPG_Nov_Dec_2025.zip,GAS PRICE WATCH NOVEMBER 2025__.xlsx,LPG NOVEMBER 2025,11,3,C11
2025-11-01,2025-10-01,5.0,ZONE,North West,NORTH WEST,,North West,TRUE,8188.546185621414,NGN per refill,Average of Oct-25,FALSE,,5KG,2,LPG_Nov_Dec_2025.zip,GAS PRICE WATCH NOVEMBER 2025__.xlsx,LPG NOVEMBER 2025,18,3,C18
2025-11-01,2025-10-01,5.0,ZONE,South East,SOUTH EAST,,South East,TRUE,7975.339261229312,NGN per refill,Average of Oct-25,FALSE,,5KG,2,LPG_Nov_Dec_2025.zip,GAS PRICE WATCH NOVEMBER 2025__.xlsx,LPG NOVEMBER 2025,26,3,C26
2025-11-01,2025-10-01,5.0,ZONE,South South,SOUTH SOUTH,,South South,TRUE,7956.611786494633,NGN per refill,Average of Oct-25,FALSE,,5KG,2,LPG_Nov_Dec_2025.zip,GAS PRICE WATCH NOVEMBER 2025__.xlsx,LPG NOVEMBER 2025,32,3,C32
2025-11-01,2025-10-01,5.0,ZONE,South West,SOUTH WEST,,South West,TRUE,8114.815517350562,NGN per refill,Average of Oct-25,FALSE,,5KG,2,LPG_Nov_Dec_2025.zip,GAS PRICE WATCH NOVEMBER 2025__.xlsx,LPG NOVEMBER 2025,39,3,C39
2025-11-01,2025-10-01,5.0,NATIONAL,Nigeria,Average,,,TRUE,8081.754912603608,NGN per refill,Average of Oct-25,FALSE,,5KG,2,LPG_Nov_Dec_2025.zip,GAS PRICE WATCH NOVEMBER 2025__.xlsx,LPG NOVEMBER 2025,46,3,C46
2025-11-01,2025-10-01,12.5,STATE,Abia,Abia,Abia,South East,FALSE,18786.27025,NGN per refill,Average of Oct-25,FALSE,,12.5KG,2,LPG_Nov_Dec_2025.zip,GAS PRICE WATCH NOVEMBER 2025__.xlsx,LPG NOVEMBER 2025,27,11,K27
2025-11-01,2025-10-01,12.5,STATE,Abuja,Abuja,Abuja,North Central,FALSE,18236.42225,NGN per refill,Average of Oct-25,FALSE,,12.5KG,2,LPG_Nov_Dec_2025.zip,GAS PRICE WATCH NOVEMBER 2025__.xlsx,LPG NOVEMBER 2025,4,11,K4
2025-11-01,2025-10-01,12.5,STATE,Adamawa,Adamawa,Adamawa,North East,FALSE,18866.6757,NGN per refill,Average of Oct-25,FALSE,,12.5KG,2,LPG_Nov_Dec_2025.zip,GAS PRICE WATCH NOVEMBER 2025__.xlsx,LPG NOVEMBER 2025,12,11,K12
2025-11-01,2025-10-01,12.5,STATE,Akwa Ibom,Akwa Ibom,Akwa Ibom,South South,FALSE,17783.7933571429,NGN per refill,Average of Oct-25,FALSE,,12.5KG,2,LPG_Nov_Dec_2025.zip,GAS PRICE WATCH NOVEMBER 2025__.xlsx,LPG NOVEMBER 2025,33,11,K33
2025-11-01,2025-10-01,12.5,STATE,Anambra,Anambra,Anambra,South East,FALSE,17787.4092857143,NGN per refill,Average of Oct-25,FALSE,,12.5KG,2,LPG_Nov_Dec_2025.zip,GAS PRICE WATCH NOVEMBER 2025__.xlsx,LPG NOVEMBER 2025,28,11,K28
2025-11-01,2025-10-01,12.5,STATE,Bauchi,Bauchi,Bauchi,North East,FALSE,18475.3555,NGN per refill,Average of Oct-25,FALSE,,12.5KG,2,LPG_Nov_Dec_2025.zip,GAS PRICE WATCH NOVEMBER 2025__.xlsx,LPG NOVEMBER 2025,13,11,K13
2025-11-01,2025-10-01,12.5,STATE,Bayelsa,Bayelsa,Bayelsa,South South,FALSE,18269.0718333333,NGN per refill,Average of Oct-25,FALSE,,12.5KG,2,LPG_Nov_Dec_2025.zip,GAS PRICE WATCH NOVEMBER 2025__.xlsx,LPG NOVEMBER 2025,34,11,K34
2025-11-01,2025-10-01,12.5,STATE,Benue,Benue,Benue,North Central,FALSE,19150.7956875,NGN per refill,Average of Oct-25,FALSE,,12.5KG,2,LPG_Nov_Dec_2025.zip,GAS PRICE WATCH NOVEMBER 2025__.xlsx,LPG NOVEMBER 2025,5,11,K5
2025-11-01,2025-10-01,12.5,STATE,Borno,Borno,Borno,North East,FALSE,19391.56875,NGN per refill,Average of Oct-25,FALSE,,12.5KG,2,LPG_Nov_Dec_2025.zip,GAS PRICE WATCH NOVEMBER 2025__.xlsx,LPG NOVEMBER 2025,14,11,K14
2025-11-01,2025-10-01,12.5,STATE,Cross River,Cross River,Cross River,South South,FALSE,18354.07475,NGN per refill,Average of Oct-25,FALSE,,12.5KG,2,LPG_Nov_Dec_2025.zip,GAS PRICE WATCH NOVEMBER 2025__.xlsx,LPG NOVEMBER 2025,35,11,K35
2025-11-01,2025-10-01,12.5,STATE,Delta,Delta,Delta,South South,FALSE,18233.5622727273,NGN per refill,Average of Oct-25,FALSE,,12.5KG,2,LPG_Nov_Dec_2025.zip,GAS PRICE WATCH NOVEMBER 2025__.xlsx,LPG NOVEMBER 2025,36,11,K36
2025-11-01,2025-10-01,12.5,STATE,Ebonyi,Ebonyi,Ebonyi,South East,FALSE,17610.8842142857,NGN per refill,Average of Oct-25,FALSE,,12.5KG,2,LPG_Nov_Dec_2025.zip,GAS PRICE WATCH NOVEMBER 2025__.xlsx,LPG NOVEMBER 2025,29,11,K29
2025-11-01,2025-10-01,12.5,STATE,Edo,Edo,Edo,South South,FALSE,17865.4865,NGN per refill,Average of Oct-25,FALSE,,12.5KG,2,LPG_Nov_Dec_2025.zip,GAS PRICE WATCH NOVEMBER 2025__.xlsx,LPG NOVEMBER 2025,37,11,K37
2025-11-01,2025-10-01,12.5,STATE,Ekiti,Ekiti,Ekiti,South West,FALSE,17905.5412857143,NGN per refill,Average of Oct-25,FALSE,,12.5KG,2,LPG_Nov_Dec_2025.zip,GAS PRICE WATCH NOVEMBER 2025__.xlsx,LPG NOVEMBER 2025,40,11,K40
2025-11-01,2025-10-01,12.5,STATE,Enugu,Enugu,Enugu,South East,FALSE,18700.079,NGN per refill,Average of Oct-25,FALSE,,12.5KG,2,LPG_Nov_Dec_2025.zip,GAS PRICE WATCH NOVEMBER 2025__.xlsx,LPG NOVEMBER 2025,30,11,K30
2025-11-01,2025-10-01,12.5,STATE,Gombe,Gombe,Gombe,North East,FALSE,18624.3635555556,NGN per refill,Average of Oct-25,FALSE,,12.5KG,2,LPG_Nov_Dec_2025.zip,GAS PRICE WATCH NOVEMBER 2025__.xlsx,LPG NOVEMBER 2025,15,11,K15
2025-11-01,2025-10-01,12.5,STATE,Imo,Imo,Imo,South East,FALSE,18417.6408333333,NGN per refill,Average of Oct-25,FALSE,,12.5KG,2,LPG_Nov_Dec_2025.zip,GAS PRICE WATCH NOVEMBER 2025__.xlsx,LPG NOVEMBER 2025,31,11,K31
2025-11-01,2025-10-01,12.5,STATE,Jigawa,Jigawa,Jigawa,North West,FALSE,19046.085375,NGN per refill,Average of Oct-25,FALSE,,12.5KG,2,LPG_Nov_Dec_2025.zip,GAS PRICE WATCH NOVEMBER 2025__.xlsx,LPG NOVEMBER 2025,19,11,K19
2025-11-01,2025-10-01,12.5,STATE,Kaduna,Kaduna,Kaduna,North West,FALSE,18972.6315,NGN per refill,Average of Oct-25,FALSE,,12.5KG,2,LPG_Nov_Dec_2025.zip,GAS PRICE WATCH NOVEMBER 2025__.xlsx,LPG NOVEMBER 2025,20,11,K20
2025-11-01,2025-10-01,12.5,STATE,Kano,Kano,Kano,North West,FALSE,18543.7057916667,NGN per refill,Average of Oct-25,FALSE,,12.5KG,2,LPG_Nov_Dec_2025.zip,GAS PRICE WATCH NOVEMBER 2025__.xlsx,LPG NOVEMBER 2025,21,11,K21
2025-11-01,2025-10-01,12.5,STATE,Katsina,Katsina,Katsina,North West,FALSE,18532.3936,NGN per refill,Average of Oct-25,FALSE,,12.5KG,2,LPG_Nov_Dec_2025.zip,GAS PRICE WATCH NOVEMBER 2025__.xlsx,LPG NOVEMBER 2025,22,11,K22
2025-11-01,2025-10-01,12.5,STATE,Kebbi,Taraba,Kebbi,North West,FALSE,19068.5795,NGN per refill,Average of Oct-25,FALSE,LPG_12_5KG_KEBBI_LABELLED_TARABA,12.5KG,2,LPG_Nov_Dec_2025.zip,GAS PRICE WATCH NOVEMBER 2025__.xlsx,LPG NOVEMBER 2025,23,11,K23
2025-11-01,2025-10-01,12.5,STATE,Kogi,Kogi,Kogi,North Central,FALSE,18774.6456666667,NGN per refill,Average of Oct-25,FALSE,,12.5KG,2,LPG_Nov_Dec_2025.zip,GAS PRICE WATCH NOVEMBER 2025__.xlsx,LPG NOVEMBER 2025,6,11,K6
2025-11-01,2025-10-01,12.5,STATE,Kwara,Kwara,Kwara,North Central,FALSE,18504.9411111111,NGN per refill,Average of Oct-25,FALSE,,12.5KG,2,LPG_Nov_Dec_2025.zip,GAS PRICE WATCH NOVEMBER 2025__.xlsx,LPG NOVEMBER 2025,7,11,K7
2025-11-01,2025-10-01,12.5,STATE,Lagos,Lagos,Lagos,South West,FALSE,18504.2390714286,NGN per refill,Average of Oct-25,FALSE,,12.5KG,2,LPG_Nov_Dec_2025.zip,GAS PRICE WATCH NOVEMBER 2025__.xlsx,LPG NOVEMBER 2025,41,11,K41
2025-11-01,2025-10-01,12.5,STATE,Nasarawa,Nasarawa,Nasarawa,North Central,FALSE,18754.9628,NGN per refill,Average of Oct-25,FALSE,,12.5KG,2,LPG_Nov_Dec_2025.zip,GAS PRICE WATCH NOVEMBER 2025__.xlsx,LPG NOVEMBER 2025,8,11,K8
2025-11-01,2025-10-01,12.5,STATE,Niger,Niger,Niger,North Central,FALSE,19072.7456666667,NGN per refill,Average of Oct-25,FALSE,,12.5KG,2,LPG_Nov_Dec_2025.zip,GAS PRICE WATCH NOVEMBER 2025__.xlsx,LPG NOVEMBER 2025,9,11,K9
2025-11-01,2025-10-01,12.5,STATE,Ogun,Ogun,Ogun,South West,FALSE,18774.321125,NGN per refill,Average of Oct-25,FALSE,,12.5KG,2,LPG_Nov_Dec_2025.zip,GAS PRICE WATCH NOVEMBER 2025__.xlsx,LPG NOVEMBER 2025,42,11,K42
2025-11-01,2025-10-01,12.5,STATE,Ondo,Ondo,Ondo,South West,FALSE,19289.645,NGN per refill,Average of Oct-25,FALSE,,12.5KG,2,LPG_Nov_Dec_2025.zip,GAS PRICE WATCH NOVEMBER 2025__.xlsx,LPG NOVEMBER 2025,43,11,K43
2025-11-01,2025-10-01,12.5,STATE,Osun,Osun,Osun,South West,FALSE,18859.7855,NGN per refill,Average of Oct-25,FALSE,,12.5KG,2,LPG_Nov_Dec_2025.zip,GAS PRICE WATCH NOVEMBER 2025__.xlsx,LPG NOVEMBER 2025,44,11,K44
2025-11-01,2025-10-01,12.5,STATE,Oyo,Oyo,Oyo,South West,FALSE,18589.1465714286,NGN per refill,Average of Oct-25,FALSE,,12.5KG,2,LPG_Nov_Dec_2025.zip,GAS PRICE WATCH NOVEMBER 2025__.xlsx,LPG NOVEMBER 2025,45,11,K45
2025-11-01,2025-10-01,12.5,STATE,Plateau,Plateau,Plateau,North Central,FALSE,18839.900625,NGN per refill,Average of Oct-25,FALSE,,12.5KG,2,LPG_Nov_Dec_2025.zip,GAS PRICE WATCH NOVEMBER 2025__.xlsx,LPG NOVEMBER 2025,10,11,K10
2025-11-01,2025-10-01,12.5,STATE,Rivers,Rivers,Rivers,South South,FALSE,18739.8827142857,NGN per refill,Average of Oct-25,FALSE,,12.5KG,2,LPG_Nov_Dec_2025.zip,GAS PRICE WATCH NOVEMBER 2025__.xlsx,LPG NOVEMBER 2025,38,11,K38
2025-11-01,2025-10-01,12.5,STATE,Sokoto,Sokoto,Sokoto,North West,FALSE,19081.8085,NGN per refill,Average of Oct-25,FALSE,,12.5KG,2,LPG_Nov_Dec_2025.zip,GAS PRICE WATCH NOVEMBER 2025__.xlsx,LPG NOVEMBER 2025,24,11,K24
2025-11-01,2025-10-01,12.5,STATE,Taraba,Taraba,Taraba,North East,FALSE,19025.6803333333,NGN per refill,Average of Oct-25,FALSE,,12.5KG,2,LPG_Nov_Dec_2025.zip,GAS PRICE WATCH NOVEMBER 2025__.xlsx,LPG NOVEMBER 2025,16,11,K16
2025-11-01,2025-10-01,12.5,STATE,Yobe,Yobe,Yobe,North East,FALSE,19339.5146666667,NGN per refill,Average of Oct-25,FALSE,,12.5KG,2,LPG_Nov_Dec_2025.zip,GAS PRICE WATCH NOVEMBER 2025__.xlsx,LPG NOVEMBER 2025,17,11,K17
2025-11-01,2025-10-01,12.5,STATE,Zamfara,Zamfara,Zamfara,North West,FALSE,18786.6974375,NGN per refill,Average of Oct-25,FALSE,,12.5KG,2,LPG_Nov_Dec_2025.zip,GAS PRICE WATCH NOVEMBER 2025__.xlsx,LPG NOVEMBER 2025,25,11,K25
2025-11-01,2025-10-01,12.5,ZONE,North Central,NORTH CENTRAL,,North Central,TRUE,18762.059115277785,NGN per refill,Average of Oct-25,FALSE,,12.5KG,2,LPG_Nov_Dec_2025.zip,GAS PRICE WATCH NOVEMBER 2025__.xlsx,LPG NOVEMBER 2025,3,11,K3
2025-11-01,2025-10-01,12.5,ZONE,North East,NORTH EAST,,North East,TRUE,18953.859750925934,NGN per refill,Average of Oct-25,FALSE,,12.5KG,2,LPG_Nov_Dec_2025.zip,GAS PRICE WATCH NOVEMBER 2025__.xlsx,LPG NOVEMBER 2025,11,11,K11
2025-11-01,2025-10-01,12.5,ZONE,North West,NORTH WEST,,North West,TRUE,18861.700243452382,NGN per refill,Average of Oct-25,FALSE,,12.5KG,2,LPG_Nov_Dec_2025.zip,GAS PRICE WATCH NOVEMBER 2025__.xlsx,LPG NOVEMBER 2025,18,11,K18
2025-11-01,2025-10-01,12.5,ZONE,South East,SOUTH EAST,,South East,TRUE,18260.45671666666,NGN per refill,Average of Oct-25,FALSE,,12.5KG,2,LPG_Nov_Dec_2025.zip,GAS PRICE WATCH NOVEMBER 2025__.xlsx,LPG NOVEMBER 2025,26,11,K26
2025-11-01,2025-10-01,12.5,ZONE,South South,SOUTH SOUTH,,South South,TRUE,18207.645237914865,NGN per refill,Average of Oct-25,FALSE,,12.5KG,2,LPG_Nov_Dec_2025.zip,GAS PRICE WATCH NOVEMBER 2025__.xlsx,LPG NOVEMBER 2025,32,11,K32
2025-11-01,2025-10-01,12.5,ZONE,South West,SOUTH WEST,,South West,TRUE,18653.779758928584,NGN per refill,Average of Oct-25,FALSE,,12.5KG,2,LPG_Nov_Dec_2025.zip,GAS PRICE WATCH NOVEMBER 2025__.xlsx,LPG NOVEMBER 2025,39,11,K39
2025-11-01,2025-10-01,12.5,NATIONAL,Nigeria,Average,,,TRUE,18636.765069758403,NGN per refill,Average of Oct-25,FALSE,,12.5KG,2,LPG_Nov_Dec_2025.zip,GAS PRICE WATCH NOVEMBER 2025__.xlsx,LPG NOVEMBER 2025,46,11,K46
2025-11-01,2025-11-01,5.0,STATE,Abia,Abia,Abia,South East,FALSE,5752.523667,NGN per refill,Average of Nov-25,TRUE,,5KG,2,LPG_Nov_Dec_2025.zip,GAS PRICE WATCH NOVEMBER 2025__.xlsx,LPG NOVEMBER 2025,27,4,D27
2025-11-01,2025-11-01,5.0,STATE,Abuja,Abuja,Abuja,North Central,FALSE,5301.988723,NGN per refill,Average of Nov-25,TRUE,,5KG,2,LPG_Nov_Dec_2025.zip,GAS PRICE WATCH NOVEMBER 2025__.xlsx,LPG NOVEMBER 2025,4,4,D4
2025-11-01,2025-11-01,5.0,STATE,Adamawa,Adamawa,Adamawa,North East,FALSE,5563.5350396,NGN per refill,Average of Nov-25,TRUE,,5KG,2,LPG_Nov_Dec_2025.zip,GAS PRICE WATCH NOVEMBER 2025__.xlsx,LPG NOVEMBER 2025,12,4,D12
2025-11-01,2025-11-01,5.0,STATE,Akwa Ibom,Akwa Ibom,Akwa Ibom,South South,FALSE,5681.350014,NGN per refill,Average of Nov-25,TRUE,,5KG,2,LPG_Nov_Dec_2025.zip,GAS PRICE WATCH NOVEMBER 2025__.xlsx,LPG NOVEMBER 2025,33,4,D33
2025-11-01,2025-11-01,5.0,STATE,Anambra,Anambra,Anambra,South East,FALSE,5272.39362342856,NGN per refill,Average of Nov-25,TRUE,,5KG,2,LPG_Nov_Dec_2025.zip,GAS PRICE WATCH NOVEMBER 2025__.xlsx,LPG NOVEMBER 2025,28,4,D28
2025-11-01,2025-11-01,5.0,STATE,Bauchi,Bauchi,Bauchi,North East,FALSE,5043.4521540000005,NGN per refill,Average of Nov-25,TRUE,,5KG,2,LPG_Nov_Dec_2025.zip,GAS PRICE WATCH NOVEMBER 2025__.xlsx,LPG NOVEMBER 2025,13,4,D13
2025-11-01,2025-11-01,5.0,STATE,Bayelsa,Bayelsa,Bayelsa,South South,FALSE,5095.162744666679,NGN per refill,Average of Nov-25,TRUE,,5KG,2,LPG_Nov_Dec_2025.zip,GAS PRICE WATCH NOVEMBER 2025__.xlsx,LPG NOVEMBER 2025,34,4,D34
2025-11-01,2025-11-01,5.0,STATE,Benue,Benue,Benue,North Central,FALSE,5631.51818575,NGN per refill,Average of Nov-25,TRUE,,5KG,2,LPG_Nov_Dec_2025.zip,GAS PRICE WATCH NOVEMBER 2025__.xlsx,LPG NOVEMBER 2025,5,4,D5
2025-11-01,2025-11-01,5.0,STATE,Borno,Borno,Borno,North East,FALSE,5351.5914250000005,NGN per refill,Average of Nov-25,TRUE,,5KG,2,LPG_Nov_Dec_2025.zip,GAS PRICE WATCH NOVEMBER 2025__.xlsx,LPG NOVEMBER 2025,14,4,D14
2025-11-01,2025-11-01,5.0,STATE,Cross River,Cross River,Cross River,South South,FALSE,5090.999118,NGN per refill,Average of Nov-25,TRUE,,5KG,2,LPG_Nov_Dec_2025.zip,GAS PRICE WATCH NOVEMBER 2025__.xlsx,LPG NOVEMBER 2025,35,4,D35
2025-11-01,2025-11-01,5.0,STATE,Delta,Delta,Delta,South South,FALSE,5783.964652727281,NGN per refill,Average of Nov-25,TRUE,,5KG,2,LPG_Nov_Dec_2025.zip,GAS PRICE WATCH NOVEMBER 2025__.xlsx,LPG NOVEMBER 2025,36,4,D36
2025-11-01,2025-11-01,5.0,STATE,Ebonyi,Ebonyi,Ebonyi,South East,FALSE,5263.5338151428405,NGN per refill,Average of Nov-25,TRUE,,5KG,2,LPG_Nov_Dec_2025.zip,GAS PRICE WATCH NOVEMBER 2025__.xlsx,LPG NOVEMBER 2025,29,4,D29
2025-11-01,2025-11-01,5.0,STATE,Edo,Edo,Edo,South South,FALSE,5014.4282220000005,NGN per refill,Average of Nov-25,TRUE,,5KG,2,LPG_Nov_Dec_2025.zip,GAS PRICE WATCH NOVEMBER 2025__.xlsx,LPG NOVEMBER 2025,37,4,D37
2025-11-01,2025-11-01,5.0,STATE,Ekiti,Ekiti,Ekiti,South West,FALSE,5451.57167028572,NGN per refill,Average of Nov-25,TRUE,,5KG,2,LPG_Nov_Dec_2025.zip,GAS PRICE WATCH NOVEMBER 2025__.xlsx,LPG NOVEMBER 2025,40,4,D40
2025-11-01,2025-11-01,5.0,STATE,Enugu,Enugu,Enugu,South East,FALSE,5715.633812,NGN per refill,Average of Nov-25,TRUE,,5KG,2,LPG_Nov_Dec_2025.zip,GAS PRICE WATCH NOVEMBER 2025__.xlsx,LPG NOVEMBER 2025,30,4,D30
2025-11-01,2025-11-01,5.0,STATE,Gombe,Gombe,Gombe,North East,FALSE,5070.03457066668,NGN per refill,Average of Nov-25,TRUE,,5KG,2,LPG_Nov_Dec_2025.zip,GAS PRICE WATCH NOVEMBER 2025__.xlsx,LPG NOVEMBER 2025,15,4,D15
2025-11-01,2025-11-01,5.0,STATE,Imo,Imo,Imo,South East,FALSE,5050.75027666668,NGN per refill,Average of Nov-25,TRUE,,5KG,2,LPG_Nov_Dec_2025.zip,GAS PRICE WATCH NOVEMBER 2025__.xlsx,LPG NOVEMBER 2025,31,4,D31
2025-11-01,2025-11-01,5.0,STATE,Jigawa,Jigawa,Jigawa,North West,FALSE,5863.724540499999,NGN per refill,Average of Nov-25,TRUE,,5KG,2,LPG_Nov_Dec_2025.zip,GAS PRICE WATCH NOVEMBER 2025__.xlsx,LPG NOVEMBER 2025,19,4,D19
2025-11-01,2025-11-01,5.0,STATE,Kaduna,Kaduna,Kaduna,North West,FALSE,5776.314078,NGN per refill,Average of Nov-25,TRUE,,5KG,2,LPG_Nov_Dec_2025.zip,GAS PRICE WATCH NOVEMBER 2025__.xlsx,LPG NOVEMBER 2025,20,4,D20
2025-11-01,2025-11-01,5.0,STATE,Kano,Kano,Kano,North West,FALSE,5580.19298616668,NGN per refill,Average of Nov-25,TRUE,,5KG,2,LPG_Nov_Dec_2025.zip,GAS PRICE WATCH NOVEMBER 2025__.xlsx,LPG NOVEMBER 2025,21,4,D21
2025-11-01,2025-11-01,5.0,STATE,Katsina,Katsina,Katsina,North West,FALSE,5027.8644608,NGN per refill,Average of Nov-25,TRUE,,5KG,2,LPG_Nov_Dec_2025.zip,GAS PRICE WATCH NOVEMBER 2025__.xlsx,LPG NOVEMBER 2025,22,4,D22
2025-11-01,2025-11-01,5.0,STATE,Kebbi,Kebbi,Kebbi,North West,FALSE,5517.352026,NGN per refill,Average of Nov-25,TRUE,,5KG,2,LPG_Nov_Dec_2025.zip,GAS PRICE WATCH NOVEMBER 2025__.xlsx,LPG NOVEMBER 2025,23,4,D23
2025-11-01,2025-11-01,5.0,STATE,Kogi,Kogi,Kogi,North Central,FALSE,5487.548345333321,NGN per refill,Average of Nov-25,TRUE,,5KG,2,LPG_Nov_Dec_2025.zip,GAS PRICE WATCH NOVEMBER 2025__.xlsx,LPG NOVEMBER 2025,6,4,D6
2025-11-01,2025-11-01,5.0,STATE,Kwara,Kwara,Kwara,North Central,FALSE,5539.89528,NGN per refill,Average of Nov-25,TRUE,,5KG,2,LPG_Nov_Dec_2025.zip,GAS PRICE WATCH NOVEMBER 2025__.xlsx,LPG NOVEMBER 2025,7,4,D7
2025-11-01,2025-11-01,5.0,STATE,Lagos,Lagos,Lagos,South West,FALSE,5287.814322571439,NGN per refill,Average of Nov-25,TRUE,,5KG,2,LPG_Nov_Dec_2025.zip,GAS PRICE WATCH NOVEMBER 2025__.xlsx,LPG NOVEMBER 2025,41,4,D41
2025-11-01,2025-11-01,5.0,STATE,Nasarawa,Nasarawa,Nasarawa,North Central,FALSE,5378.611630400001,NGN per refill,Average of Nov-25,TRUE,,5KG,2,LPG_Nov_Dec_2025.zip,GAS PRICE WATCH NOVEMBER 2025__.xlsx,LPG NOVEMBER 2025,8,4,D8
2025-11-01,2025-11-01,5.0,STATE,Niger,Niger,Niger,North Central,FALSE,5693.17327866668,NGN per refill,Average of Nov-25,TRUE,,5KG,2,LPG_Nov_Dec_2025.zip,GAS PRICE WATCH NOVEMBER 2025__.xlsx,LPG NOVEMBER 2025,9,4,D9
2025-11-01,2025-11-01,5.0,STATE,Ogun,Ogun,Ogun,South West,FALSE,5403.4094415,NGN per refill,Average of Nov-25,TRUE,,5KG,2,LPG_Nov_Dec_2025.zip,GAS PRICE WATCH NOVEMBER 2025__.xlsx,LPG NOVEMBER 2025,42,4,D42
2025-11-01,2025-11-01,5.0,STATE,Ondo,Ondo,Ondo,South West,FALSE,5495.96806,NGN per refill,Average of Nov-25,TRUE,,5KG,2,LPG_Nov_Dec_2025.zip,GAS PRICE WATCH NOVEMBER 2025__.xlsx,LPG NOVEMBER 2025,43,4,D43
2025-11-01,2025-11-01,5.0,STATE,Osun,Osun,Osun,South West,FALSE,5811.9881940000005,NGN per refill,Average of Nov-25,TRUE,,5KG,2,LPG_Nov_Dec_2025.zip,GAS PRICE WATCH NOVEMBER 2025__.xlsx,LPG NOVEMBER 2025,44,4,D44
2025-11-01,2025-11-01,5.0,STATE,Oyo,Oyo,Oyo,South West,FALSE,5404.15473257144,NGN per refill,Average of Nov-25,TRUE,,5KG,2,LPG_Nov_Dec_2025.zip,GAS PRICE WATCH NOVEMBER 2025__.xlsx,LPG NOVEMBER 2025,45,4,D45
2025-11-01,2025-11-01,5.0,STATE,Plateau,Plateau,Plateau,North Central,FALSE,5515.4774675,NGN per refill,Average of Nov-25,TRUE,,5KG,2,LPG_Nov_Dec_2025.zip,GAS PRICE WATCH NOVEMBER 2025__.xlsx,LPG NOVEMBER 2025,10,4,D10
2025-11-01,2025-11-01,5.0,STATE,Rivers,Rivers,Rivers,South South,FALSE,5630.26980171428,NGN per refill,Average of Nov-25,TRUE,,5KG,2,LPG_Nov_Dec_2025.zip,GAS PRICE WATCH NOVEMBER 2025__.xlsx,LPG NOVEMBER 2025,38,4,D38
2025-11-01,2025-11-01,5.0,STATE,Sokoto,Sokoto,Sokoto,North West,FALSE,5075.014038,NGN per refill,Average of Nov-25,TRUE,,5KG,2,LPG_Nov_Dec_2025.zip,GAS PRICE WATCH NOVEMBER 2025__.xlsx,LPG NOVEMBER 2025,24,4,D24
2025-11-01,2025-11-01,5.0,STATE,Taraba,Taraba,Taraba,North East,FALSE,5313.391182666681,NGN per refill,Average of Nov-25,TRUE,,5KG,2,LPG_Nov_Dec_2025.zip,GAS PRICE WATCH NOVEMBER 2025__.xlsx,LPG NOVEMBER 2025,16,4,D16
2025-11-01,2025-11-01,5.0,STATE,Yobe,Yobe,Yobe,North East,FALSE,5280.97775333332,NGN per refill,Average of Nov-25,TRUE,,5KG,2,LPG_Nov_Dec_2025.zip,GAS PRICE WATCH NOVEMBER 2025__.xlsx,LPG NOVEMBER 2025,17,4,D17
2025-11-01,2025-11-01,5.0,STATE,Zamfara,Zamfara,Zamfara,North West,FALSE,5536.4705782500005,NGN per refill,Average of Nov-25,TRUE,,5KG,2,LPG_Nov_Dec_2025.zip,GAS PRICE WATCH NOVEMBER 2025__.xlsx,LPG NOVEMBER 2025,25,4,D25
2025-11-01,2025-11-01,5.0,ZONE,North Central,NORTH CENTRAL,,North Central,TRUE,5506.887558664285,NGN per refill,Average of Nov-25,TRUE,,5KG,2,LPG_Nov_Dec_2025.zip,GAS PRICE WATCH NOVEMBER 2025__.xlsx,LPG NOVEMBER 2025,3,4,D3
2025-11-01,2025-11-01,5.0,ZONE,North East,NORTH EAST,,North East,TRUE,5270.49702087778,NGN per refill,Average of Nov-25,TRUE,,5KG,2,LPG_Nov_Dec_2025.zip,GAS PRICE WATCH NOVEMBER 2025__.xlsx,LPG NOVEMBER 2025,11,4,D11
2025-11-01,2025-11-01,5.0,ZONE,North West,NORTH WEST,,North West,TRUE,5482.41895824524,NGN per refill,Average of Nov-25,TRUE,,5KG,2,LPG_Nov_Dec_2025.zip,GAS PRICE WATCH NOVEMBER 2025__.xlsx,LPG NOVEMBER 2025,18,4,D18
2025-11-01,2025-11-01,5.0,ZONE,South East,SOUTH EAST,,South East,TRUE,5410.967038847617,NGN per refill,Average of Nov-25,TRUE,,5KG,2,LPG_Nov_Dec_2025.zip,GAS PRICE WATCH NOVEMBER 2025__.xlsx,LPG NOVEMBER 2025,26,4,D26
2025-11-01,2025-11-01,5.0,ZONE,South South,SOUTH SOUTH,,South South,TRUE,5382.695758851373,NGN per refill,Average of Nov-25,TRUE,,5KG,2,LPG_Nov_Dec_2025.zip,GAS PRICE WATCH NOVEMBER 2025__.xlsx,LPG NOVEMBER 2025,32,4,D32
2025-11-01,2025-11-01,5.0,ZONE,South West,SOUTH WEST,,South West,TRUE,5475.817736821434,NGN per refill,Average of Nov-25,TRUE,,5KG,2,LPG_Nov_Dec_2025.zip,GAS PRICE WATCH NOVEMBER 2025__.xlsx,LPG NOVEMBER 2025,39,4,D39
2025-11-01,2025-11-01,5.0,NATIONAL,Nigeria,Average,,,TRUE,5425.784970592116,NGN per refill,Average of Nov-25,TRUE,,5KG,2,LPG_Nov_Dec_2025.zip,GAS PRICE WATCH NOVEMBER 2025__.xlsx,LPG NOVEMBER 2025,46,4,D46
2025-11-01,2025-11-01,12.5,STATE,Abia,Abia,Abia,South East,FALSE,14381.3091675,NGN per refill,Average of Nov-25,TRUE,,12.5KG,2,LPG_Nov_Dec_2025.zip,GAS PRICE WATCH NOVEMBER 2025__.xlsx,LPG NOVEMBER 2025,27,12,L27
2025-11-01,2025-11-01,12.5,STATE,Abuja,Abuja,Abuja,North Central,FALSE,12804.9718075,NGN per refill,Average of Nov-25,TRUE,,12.5KG,2,LPG_Nov_Dec_2025.zip,GAS PRICE WATCH NOVEMBER 2025__.xlsx,LPG NOVEMBER 2025,4,12,L4
2025-11-01,2025-11-01,12.5,STATE,Adamawa,Adamawa,Adamawa,North East,FALSE,13908.837599,NGN per refill,Average of Nov-25,TRUE,,12.5KG,2,LPG_Nov_Dec_2025.zip,GAS PRICE WATCH NOVEMBER 2025__.xlsx,LPG NOVEMBER 2025,12,12,L12
2025-11-01,2025-11-01,12.5,STATE,Akwa Ibom,Akwa Ibom,Akwa Ibom,South South,FALSE,14203.375035,NGN per refill,Average of Nov-25,TRUE,,12.5KG,2,LPG_Nov_Dec_2025.zip,GAS PRICE WATCH NOVEMBER 2025__.xlsx,LPG NOVEMBER 2025,33,12,L33
2025-11-01,2025-11-01,12.5,STATE,Anambra,Anambra,Anambra,South East,FALSE,13180.9840585714,NGN per refill,Average of Nov-25,TRUE,,12.5KG,2,LPG_Nov_Dec_2025.zip,GAS PRICE WATCH NOVEMBER 2025__.xlsx,LPG NOVEMBER 2025,28,12,L28
2025-11-01,2025-11-01,12.5,STATE,Bauchi,Bauchi,Bauchi,North East,FALSE,12608.630385,NGN per refill,Average of Nov-25,TRUE,,12.5KG,2,LPG_Nov_Dec_2025.zip,GAS PRICE WATCH NOVEMBER 2025__.xlsx,LPG NOVEMBER 2025,13,12,L13
2025-11-01,2025-11-01,12.5,STATE,Bayelsa,Bayelsa,Bayelsa,South South,FALSE,12737.9068616667,NGN per refill,Average of Nov-25,TRUE,,12.5KG,2,LPG_Nov_Dec_2025.zip,GAS PRICE WATCH NOVEMBER 2025__.xlsx,LPG NOVEMBER 2025,34,12,L34
2025-11-01,2025-11-01,12.5,STATE,Benue,Benue,Benue,North Central,FALSE,14078.795464375,NGN per refill,Average of Nov-25,TRUE,,12.5KG,2,LPG_Nov_Dec_2025.zip,GAS PRICE WATCH NOVEMBER 2025__.xlsx,LPG NOVEMBER 2025,5,12,L5
2025-11-01,2025-11-01,12.5,STATE,Borno,Borno,Borno,North East,FALSE,13378.9785625,NGN per refill,Average of Nov-25,TRUE,,12.5KG,2,LPG_Nov_Dec_2025.zip,GAS PRICE WATCH NOVEMBER 2025__.xlsx,LPG NOVEMBER 2025,14,12,L14
2025-11-01,2025-11-01,12.5,STATE,Cross River,Cross River,Cross River,South South,FALSE,12727.497795,NGN per refill,Average of Nov-25,TRUE,,12.5KG,2,LPG_Nov_Dec_2025.zip,GAS PRICE WATCH NOVEMBER 2025__.xlsx,LPG NOVEMBER 2025,35,12,L35
2025-11-01,2025-11-01,12.5,STATE,Delta,Delta,Delta,South South,FALSE,14459.9116318182,NGN per refill,Average of Nov-25,TRUE,,12.5KG,2,LPG_Nov_Dec_2025.zip,GAS PRICE WATCH NOVEMBER 2025__.xlsx,LPG NOVEMBER 2025,36,12,L36
2025-11-01,2025-11-01,12.5,STATE,Ebonyi,Ebonyi,Ebonyi,South East,FALSE,13158.8345378571,NGN per refill,Average of Nov-25,TRUE,,12.5KG,2,LPG_Nov_Dec_2025.zip,GAS PRICE WATCH NOVEMBER 2025__.xlsx,LPG NOVEMBER 2025,29,12,L29
2025-11-01,2025-11-01,12.5,STATE,Edo,Edo,Edo,South South,FALSE,12536.070555,NGN per refill,Average of Nov-25,TRUE,,12.5KG,2,LPG_Nov_Dec_2025.zip,GAS PRICE WATCH NOVEMBER 2025__.xlsx,LPG NOVEMBER 2025,37,12,L37
2025-11-01,2025-11-01,12.5,STATE,Ekiti,Ekiti,Ekiti,South West,FALSE,13628.9291757143,NGN per refill,Average of Nov-25,TRUE,,12.5KG,2,LPG_Nov_Dec_2025.zip,GAS PRICE WATCH NOVEMBER 2025__.xlsx,LPG NOVEMBER 2025,40,12,L40
2025-11-01,2025-11-01,12.5,STATE,Enugu,Enugu,Enugu,South East,FALSE,14289.08453,NGN per refill,Average of Nov-25,TRUE,,12.5KG,2,LPG_Nov_Dec_2025.zip,GAS PRICE WATCH NOVEMBER 2025__.xlsx,LPG NOVEMBER 2025,30,12,L30
2025-11-01,2025-11-01,12.5,STATE,Gombe,Gombe,Gombe,North East,FALSE,12175.0864266667,NGN per refill,Average of Nov-25,TRUE,,12.5KG,2,LPG_Nov_Dec_2025.zip,GAS PRICE WATCH NOVEMBER 2025__.xlsx,LPG NOVEMBER 2025,15,12,L15
2025-11-01,2025-11-01,12.5,STATE,Imo,Imo,Imo,South East,FALSE,12626.8756916667,NGN per refill,Average of Nov-25,TRUE,,12.5KG,2,LPG_Nov_Dec_2025.zip,GAS PRICE WATCH NOVEMBER 2025__.xlsx,LPG NOVEMBER 2025,31,12,L31
2025-11-01,2025-11-01,12.5,STATE,Jigawa,Jigawa,Jigawa,North West,FALSE,14659.31135125,NGN per refill,Average of Nov-25,TRUE,,12.5KG,2,LPG_Nov_Dec_2025.zip,GAS PRICE WATCH NOVEMBER 2025__.xlsx,LPG NOVEMBER 2025,19,12,L19
2025-11-01,2025-11-01,12.5,STATE,Kaduna,Kaduna,Kaduna,North West,FALSE,14440.785195,NGN per refill,Average of Nov-25,TRUE,,12.5KG,2,LPG_Nov_Dec_2025.zip,GAS PRICE WATCH NOVEMBER 2025__.xlsx,LPG NOVEMBER 2025,20,12,L20
2025-11-01,2025-11-01,12.5,STATE,Kano,Kano,Kano,North West,FALSE,13950.4824654167,NGN per refill,Average of Nov-25,TRUE,,12.5KG,2,LPG_Nov_Dec_2025.zip,GAS PRICE WATCH NOVEMBER 2025__.xlsx,LPG NOVEMBER 2025,21,12,L21
2025-11-01,2025-11-01,12.5,STATE,Katsina,Katsina,Katsina,North West,FALSE,12319.661152,NGN per refill,Average of Nov-25,TRUE,,12.5KG,2,LPG_Nov_Dec_2025.zip,GAS PRICE WATCH NOVEMBER 2025__.xlsx,LPG NOVEMBER 2025,22,12,L22
2025-11-01,2025-11-01,12.5,STATE,Kebbi,Taraba,Kebbi,North West,FALSE,13793.380065,NGN per refill,Average of Nov-25,TRUE,LPG_12_5KG_KEBBI_LABELLED_TARABA,12.5KG,2,LPG_Nov_Dec_2025.zip,GAS PRICE WATCH NOVEMBER 2025__.xlsx,LPG NOVEMBER 2025,23,12,L23
2025-11-01,2025-11-01,12.5,STATE,Kogi,Kogi,Kogi,North Central,FALSE,13718.8708633333,NGN per refill,Average of Nov-25,TRUE,,12.5KG,2,LPG_Nov_Dec_2025.zip,GAS PRICE WATCH NOVEMBER 2025__.xlsx,LPG NOVEMBER 2025,6,12,L6
2025-11-01,2025-11-01,12.5,STATE,Kwara,Kwara,Kwara,North Central,FALSE,13849.7382,NGN per refill,Average of Nov-25,TRUE,,12.5KG,2,LPG_Nov_Dec_2025.zip,GAS PRICE WATCH NOVEMBER 2025__.xlsx,LPG NOVEMBER 2025,7,12,L7
2025-11-01,2025-11-01,12.5,STATE,Lagos,Lagos,Lagos,South West,FALSE,13219.5358064286,NGN per refill,Average of Nov-25,TRUE,,12.5KG,2,LPG_Nov_Dec_2025.zip,GAS PRICE WATCH NOVEMBER 2025__.xlsx,LPG NOVEMBER 2025,41,12,L41
2025-11-01,2025-11-01,12.5,STATE,Nasarawa,Nasarawa,Nasarawa,North Central,FALSE,13446.529076,NGN per refill,Average of Nov-25,TRUE,,12.5KG,2,LPG_Nov_Dec_2025.zip,GAS PRICE WATCH NOVEMBER 2025__.xlsx,LPG NOVEMBER 2025,8,12,L8
2025-11-01,2025-11-01,12.5,STATE,Niger,Niger,Niger,North Central,FALSE,14232.9331966667,NGN per refill,Average of Nov-25,TRUE,,12.5KG,2,LPG_Nov_Dec_2025.zip,GAS PRICE WATCH NOVEMBER 2025__.xlsx,LPG NOVEMBER 2025,9,12,L9
2025-11-01,2025-11-01,12.5,STATE,Ogun,Ogun,Ogun,South West,FALSE,13508.52360375,NGN per refill,Average of Nov-25,TRUE,,12.5KG,2,LPG_Nov_Dec_2025.zip,GAS PRICE WATCH NOVEMBER 2025__.xlsx,LPG NOVEMBER 2025,42,12,L42
2025-11-01,2025-11-01,12.5,STATE,Ondo,Ondo,Ondo,South West,FALSE,14989.92015,NGN per refill,Average of Nov-25,TRUE,,12.5KG,2,LPG_Nov_Dec_2025.zip,GAS PRICE WATCH NOVEMBER 2025__.xlsx,LPG NOVEMBER 2025,43,12,L43
2025-11-01,2025-11-01,12.5,STATE,Osun,Osun,Osun,South West,FALSE,14529.970485,NGN per refill,Average of Nov-25,TRUE,,12.5KG,2,LPG_Nov_Dec_2025.zip,GAS PRICE WATCH NOVEMBER 2025__.xlsx,LPG NOVEMBER 2025,44,12,L44
2025-11-01,2025-11-01,12.5,STATE,Oyo,Oyo,Oyo,South West,FALSE,13510.3868314286,NGN per refill,Average of Nov-25,TRUE,,12.5KG,2,LPG_Nov_Dec_2025.zip,GAS PRICE WATCH NOVEMBER 2025__.xlsx,LPG NOVEMBER 2025,45,12,L45
2025-11-01,2025-11-01,12.5,STATE,Plateau,Plateau,Plateau,North Central,FALSE,13788.69366875,NGN per refill,Average of Nov-25,TRUE,,12.5KG,2,LPG_Nov_Dec_2025.zip,GAS PRICE WATCH NOVEMBER 2025__.xlsx,LPG NOVEMBER 2025,10,12,L10
2025-11-01,2025-11-01,12.5,STATE,Rivers,Rivers,Rivers,South South,FALSE,13075.6745042857,NGN per refill,Average of Nov-25,TRUE,,12.5KG,2,LPG_Nov_Dec_2025.zip,GAS PRICE WATCH NOVEMBER 2025__.xlsx,LPG NOVEMBER 2025,38,12,L38
2025-11-01,2025-11-01,12.5,STATE,Sokoto,Sokoto,Sokoto,North West,FALSE,12687.535095,NGN per refill,Average of Nov-25,TRUE,,12.5KG,2,LPG_Nov_Dec_2025.zip,GAS PRICE WATCH NOVEMBER 2025__.xlsx,LPG NOVEMBER 2025,24,12,L24
2025-11-01,2025-11-01,12.5,STATE,Taraba,Taraba,Taraba,North East,FALSE,13283.4779566667,NGN per refill,Average of Nov-25,TRUE,,12.5KG,2,LPG_Nov_Dec_2025.zip,GAS PRICE WATCH NOVEMBER 2025__.xlsx,LPG NOVEMBER 2025,16,12,L16
2025-11-01,2025-11-01,12.5,STATE,Yobe,Yobe,Yobe,North East,FALSE,13202.4443833333,NGN per refill,Average of Nov-25,TRUE,,12.5KG,2,LPG_Nov_Dec_2025.zip,GAS PRICE WATCH NOVEMBER 2025__.xlsx,LPG NOVEMBER 2025,17,12,L17
2025-11-01,2025-11-01,12.5,STATE,Zamfara,Zamfara,Zamfara,North West,FALSE,13841.176445625,NGN per refill,Average of Nov-25,TRUE,,12.5KG,2,LPG_Nov_Dec_2025.zip,GAS PRICE WATCH NOVEMBER 2025__.xlsx,LPG NOVEMBER 2025,25,12,L25
2025-11-01,2025-11-01,12.5,ZONE,North Central,NORTH CENTRAL,,North Central,TRUE,13702.933182374998,NGN per refill,Average of Nov-25,TRUE,,12.5KG,2,LPG_Nov_Dec_2025.zip,GAS PRICE WATCH NOVEMBER 2025__.xlsx,LPG NOVEMBER 2025,3,12,L3
2025-11-01,2025-11-01,12.5,ZONE,North East,NORTH EAST,,North East,TRUE,13092.909218861118,NGN per refill,Average of Nov-25,TRUE,,12.5KG,2,LPG_Nov_Dec_2025.zip,GAS PRICE WATCH NOVEMBER 2025__.xlsx,LPG NOVEMBER 2025,11,12,L11
2025-11-01,2025-11-01,12.5,ZONE,North West,NORTH WEST,,North West,TRUE,13670.333109898815,NGN per refill,Average of Nov-25,TRUE,,12.5KG,2,LPG_Nov_Dec_2025.zip,GAS PRICE WATCH NOVEMBER 2025__.xlsx,LPG NOVEMBER 2025,18,12,L18
2025-11-01,2025-11-01,12.5,ZONE,South East,SOUTH EAST,,South East,TRUE,13527.417597119038,NGN per refill,Average of Nov-25,TRUE,,12.5KG,2,LPG_Nov_Dec_2025.zip,GAS PRICE WATCH NOVEMBER 2025__.xlsx,LPG NOVEMBER 2025,26,12,L26
2025-11-01,2025-11-01,12.5,ZONE,South South,SOUTH SOUTH,,South South,TRUE,13290.072730461767,NGN per refill,Average of Nov-25,TRUE,,12.5KG,2,LPG_Nov_Dec_2025.zip,GAS PRICE WATCH NOVEMBER 2025__.xlsx,LPG NOVEMBER 2025,32,12,L32
2025-11-01,2025-11-01,12.5,ZONE,South West,SOUTH WEST,,South West,TRUE,13897.877675386915,NGN per refill,Average of Nov-25,TRUE,,12.5KG,2,LPG_Nov_Dec_2025.zip,GAS PRICE WATCH NOVEMBER 2025__.xlsx,LPG NOVEMBER 2025,39,12,L39
2025-11-01,2025-11-01,12.5,NATIONAL,Nigeria,Average,,,TRUE,13538.786750804611,NGN per refill,Average of Nov-25,TRUE,,12.5KG,2,LPG_Nov_Dec_2025.zip,GAS PRICE WATCH NOVEMBER 2025__.xlsx,LPG NOVEMBER 2025,46,12,L46
2025-12-01,2024-12-01,5.0,STATE,Abia,Abia,Abia,South East,FALSE,6845.833333333333,NGN per refill,Average of Dec-24,FALSE,,5KG,2,LPG_Nov_Dec_2025.zip,GAS PRICE WATCH DECEMBER 2025_.xlsx,LPG DECEMBER 2025,27,2,B27
2025-12-01,2024-12-01,5.0,STATE,Abuja,Abuja,Abuja,North Central,FALSE,7200,NGN per refill,Average of Dec-24,FALSE,,5KG,2,LPG_Nov_Dec_2025.zip,GAS PRICE WATCH DECEMBER 2025_.xlsx,LPG DECEMBER 2025,4,2,B4
2025-12-01,2024-12-01,5.0,STATE,Adamawa,Adamawa,Adamawa,North East,FALSE,6928.299967447917,NGN per refill,Average of Dec-24,FALSE,,5KG,2,LPG_Nov_Dec_2025.zip,GAS PRICE WATCH DECEMBER 2025_.xlsx,LPG DECEMBER 2025,12,2,B12
2025-12-01,2024-12-01,5.0,STATE,Akwa Ibom,Akwa Ibom,Akwa Ibom,South South,FALSE,7281.25,NGN per refill,Average of Dec-24,FALSE,,5KG,2,LPG_Nov_Dec_2025.zip,GAS PRICE WATCH DECEMBER 2025_.xlsx,LPG DECEMBER 2025,33,2,B33
2025-12-01,2024-12-01,5.0,STATE,Anambra,Anambra,Anambra,South East,FALSE,7034.555555555556,NGN per refill,Average of Dec-24,FALSE,,5KG,2,LPG_Nov_Dec_2025.zip,GAS PRICE WATCH DECEMBER 2025_.xlsx,LPG DECEMBER 2025,28,2,B28
2025-12-01,2024-12-01,5.0,STATE,Bauchi,Bauchi,Bauchi,North East,FALSE,7250,NGN per refill,Average of Dec-24,FALSE,,5KG,2,LPG_Nov_Dec_2025.zip,GAS PRICE WATCH DECEMBER 2025_.xlsx,LPG DECEMBER 2025,13,2,B13
2025-12-01,2024-12-01,5.0,STATE,Bayelsa,Bayelsa,Bayelsa,South South,FALSE,6848,NGN per refill,Average of Dec-24,FALSE,,5KG,2,LPG_Nov_Dec_2025.zip,GAS PRICE WATCH DECEMBER 2025_.xlsx,LPG DECEMBER 2025,34,2,B34
2025-12-01,2024-12-01,5.0,STATE,Benue,Benue,Benue,North Central,FALSE,7900,NGN per refill,Average of Dec-24,FALSE,,5KG,2,LPG_Nov_Dec_2025.zip,GAS PRICE WATCH DECEMBER 2025_.xlsx,LPG DECEMBER 2025,5,2,B5
2025-12-01,2024-12-01,5.0,STATE,Borno,Borno,Borno,North East,FALSE,7784.25,NGN per refill,Average of Dec-24,FALSE,,5KG,2,LPG_Nov_Dec_2025.zip,GAS PRICE WATCH DECEMBER 2025_.xlsx,LPG DECEMBER 2025,14,2,B14
2025-12-01,2024-12-01,5.0,STATE,Cross River,Cross River,Cross River,South South,FALSE,6828.571428571428,NGN per refill,Average of Dec-24,FALSE,,5KG,2,LPG_Nov_Dec_2025.zip,GAS PRICE WATCH DECEMBER 2025_.xlsx,LPG DECEMBER 2025,35,2,B35
2025-12-01,2024-12-01,5.0,STATE,Delta,Delta,Delta,South South,FALSE,6455,NGN per refill,Average of Dec-24,FALSE,,5KG,2,LPG_Nov_Dec_2025.zip,GAS PRICE WATCH DECEMBER 2025_.xlsx,LPG DECEMBER 2025,36,2,B36
2025-12-01,2024-12-01,5.0,STATE,Ebonyi,Ebonyi,Ebonyi,South East,FALSE,7101.607142857143,NGN per refill,Average of Dec-24,FALSE,,5KG,2,LPG_Nov_Dec_2025.zip,GAS PRICE WATCH DECEMBER 2025_.xlsx,LPG DECEMBER 2025,29,2,B29
2025-12-01,2024-12-01,5.0,STATE,Edo,Edo,Edo,South South,FALSE,6969.642857142857,NGN per refill,Average of Dec-24,FALSE,,5KG,2,LPG_Nov_Dec_2025.zip,GAS PRICE WATCH DECEMBER 2025_.xlsx,LPG DECEMBER 2025,37,2,B37
2025-12-01,2024-12-01,5.0,STATE,Ekiti,Ekiti,Ekiti,South West,FALSE,6950,NGN per refill,Average of Dec-24,FALSE,,5KG,2,LPG_Nov_Dec_2025.zip,GAS PRICE WATCH DECEMBER 2025_.xlsx,LPG DECEMBER 2025,40,2,B40
2025-12-01,2024-12-01,5.0,STATE,Enugu,Enugu,Enugu,South East,FALSE,7102.473419189453,NGN per refill,Average of Dec-24,FALSE,,5KG,2,LPG_Nov_Dec_2025.zip,GAS PRICE WATCH DECEMBER 2025_.xlsx,LPG DECEMBER 2025,30,2,B30
2025-12-01,2024-12-01,5.0,STATE,Gombe,Gombe,Gombe,North East,FALSE,6873.770941840277,NGN per refill,Average of Dec-24,FALSE,,5KG,2,LPG_Nov_Dec_2025.zip,GAS PRICE WATCH DECEMBER 2025_.xlsx,LPG DECEMBER 2025,15,2,B15
2025-12-01,2024-12-01,5.0,STATE,Imo,Imo,Imo,South East,FALSE,7034.547619047619,NGN per refill,Average of Dec-24,FALSE,,5KG,2,LPG_Nov_Dec_2025.zip,GAS PRICE WATCH DECEMBER 2025_.xlsx,LPG DECEMBER 2025,31,2,B31
2025-12-01,2024-12-01,5.0,STATE,Jigawa,Jigawa,Jigawa,North West,FALSE,7281.25,NGN per refill,Average of Dec-24,FALSE,,5KG,2,LPG_Nov_Dec_2025.zip,GAS PRICE WATCH DECEMBER 2025_.xlsx,LPG DECEMBER 2025,19,2,B19
2025-12-01,2024-12-01,5.0,STATE,Kaduna,Kaduna,Kaduna,North West,FALSE,6931.176470588235,NGN per refill,Average of Dec-24,FALSE,,5KG,2,LPG_Nov_Dec_2025.zip,GAS PRICE WATCH DECEMBER 2025_.xlsx,LPG DECEMBER 2025,20,2,B20
2025-12-01,2024-12-01,5.0,STATE,Kano,Kano,Kano,North West,FALSE,7188.888888888889,NGN per refill,Average of Dec-24,FALSE,,5KG,2,LPG_Nov_Dec_2025.zip,GAS PRICE WATCH DECEMBER 2025_.xlsx,LPG DECEMBER 2025,21,2,B21
2025-12-01,2024-12-01,5.0,STATE,Katsina,Katsina,Katsina,North West,FALSE,7040,NGN per refill,Average of Dec-24,FALSE,,5KG,2,LPG_Nov_Dec_2025.zip,GAS PRICE WATCH DECEMBER 2025_.xlsx,LPG DECEMBER 2025,22,2,B22
2025-12-01,2024-12-01,5.0,STATE,Kebbi,Kebbi,Kebbi,North West,FALSE,7000,NGN per refill,Average of Dec-24,FALSE,,5KG,2,LPG_Nov_Dec_2025.zip,GAS PRICE WATCH DECEMBER 2025_.xlsx,LPG DECEMBER 2025,23,2,B23
2025-12-01,2024-12-01,5.0,STATE,Kogi,Kogi,Kogi,North Central,FALSE,7175,NGN per refill,Average of Dec-24,FALSE,,5KG,2,LPG_Nov_Dec_2025.zip,GAS PRICE WATCH DECEMBER 2025_.xlsx,LPG DECEMBER 2025,6,2,B6
2025-12-01,2024-12-01,5.0,STATE,Kwara,Kwara,Kwara,North Central,FALSE,7854.166666666667,NGN per refill,Average of Dec-24,FALSE,,5KG,2,LPG_Nov_Dec_2025.zip,GAS PRICE WATCH DECEMBER 2025_.xlsx,LPG DECEMBER 2025,7,2,B7
2025-12-01,2024-12-01,5.0,STATE,Lagos,Lagos,Lagos,South West,FALSE,7910.714285714285,NGN per refill,Average of Dec-24,FALSE,,5KG,2,LPG_Nov_Dec_2025.zip,GAS PRICE WATCH DECEMBER 2025_.xlsx,LPG DECEMBER 2025,41,2,B41
2025-12-01,2024-12-01,5.0,STATE,Nasarawa,Nasarawa,Nasarawa,North Central,FALSE,7071.42857142857,NGN per refill,Average of Dec-24,FALSE,,5KG,2,LPG_Nov_Dec_2025.zip,GAS PRICE WATCH DECEMBER 2025_.xlsx,LPG DECEMBER 2025,8,2,B8
2025-12-01,2024-12-01,5.0,STATE,Niger,Niger,Niger,North Central,FALSE,7015.625,NGN per refill,Average of Dec-24,FALSE,,5KG,2,LPG_Nov_Dec_2025.zip,GAS PRICE WATCH DECEMBER 2025_.xlsx,LPG DECEMBER 2025,9,2,B9
2025-12-01,2024-12-01,5.0,STATE,Ogun,Ogun,Ogun,South West,FALSE,7225.4807692307695,NGN per refill,Average of Dec-24,FALSE,,5KG,2,LPG_Nov_Dec_2025.zip,GAS PRICE WATCH DECEMBER 2025_.xlsx,LPG DECEMBER 2025,42,2,B42
2025-12-01,2024-12-01,5.0,STATE,Ondo,Ondo,Ondo,South West,FALSE,6683.333333333333,NGN per refill,Average of Dec-24,FALSE,,5KG,2,LPG_Nov_Dec_2025.zip,GAS PRICE WATCH DECEMBER 2025_.xlsx,LPG DECEMBER 2025,43,2,B43
2025-12-01,2024-12-01,5.0,STATE,Osun,Osun,Osun,South West,FALSE,7479.166666666667,NGN per refill,Average of Dec-24,FALSE,,5KG,2,LPG_Nov_Dec_2025.zip,GAS PRICE WATCH DECEMBER 2025_.xlsx,LPG DECEMBER 2025,44,2,B44
2025-12-01,2024-12-01,5.0,STATE,Oyo,Oyo,Oyo,South West,FALSE,7092.5,NGN per refill,Average of Dec-24,FALSE,,5KG,2,LPG_Nov_Dec_2025.zip,GAS PRICE WATCH DECEMBER 2025_.xlsx,LPG DECEMBER 2025,45,2,B45
2025-12-01,2024-12-01,5.0,STATE,Plateau,Plateau,Plateau,North Central,FALSE,7250,NGN per refill,Average of Dec-24,FALSE,,5KG,2,LPG_Nov_Dec_2025.zip,GAS PRICE WATCH DECEMBER 2025_.xlsx,LPG DECEMBER 2025,10,2,B10
2025-12-01,2024-12-01,5.0,STATE,Rivers,Rivers,Rivers,South South,FALSE,7437.5,NGN per refill,Average of Dec-24,FALSE,,5KG,2,LPG_Nov_Dec_2025.zip,GAS PRICE WATCH DECEMBER 2025_.xlsx,LPG DECEMBER 2025,38,2,B38
2025-12-01,2024-12-01,5.0,STATE,Sokoto,Sokoto,Sokoto,North West,FALSE,7166.666666666667,NGN per refill,Average of Dec-24,FALSE,,5KG,2,LPG_Nov_Dec_2025.zip,GAS PRICE WATCH DECEMBER 2025_.xlsx,LPG DECEMBER 2025,24,2,B24
2025-12-01,2024-12-01,5.0,STATE,Taraba,Taraba,Taraba,North East,FALSE,8074.4068359375,NGN per refill,Average of Dec-24,FALSE,,5KG,2,LPG_Nov_Dec_2025.zip,GAS PRICE WATCH DECEMBER 2025_.xlsx,LPG DECEMBER 2025,16,2,B16
2025-12-01,2024-12-01,5.0,STATE,Yobe,Yobe,Yobe,North East,FALSE,7515.280924479167,NGN per refill,Average of Dec-24,FALSE,,5KG,2,LPG_Nov_Dec_2025.zip,GAS PRICE WATCH DECEMBER 2025_.xlsx,LPG DECEMBER 2025,17,2,B17
2025-12-01,2024-12-01,5.0,STATE,Zamfara,Zamfara,Zamfara,North West,FALSE,6778.571428571428,NGN per refill,Average of Dec-24,FALSE,,5KG,2,LPG_Nov_Dec_2025.zip,GAS PRICE WATCH DECEMBER 2025_.xlsx,LPG DECEMBER 2025,25,2,B25
2025-12-01,2024-12-01,5.0,ZONE,North Central,NORTH CENTRAL,,North Central,TRUE,7352.317176870748,NGN per refill,Average of Dec-24,FALSE,,5KG,2,LPG_Nov_Dec_2025.zip,GAS PRICE WATCH DECEMBER 2025_.xlsx,LPG DECEMBER 2025,3,2,B3
2025-12-01,2024-12-01,5.0,ZONE,North East,NORTH EAST,,North East,TRUE,7404.334778284144,NGN per refill,Average of Dec-24,FALSE,,5KG,2,LPG_Nov_Dec_2025.zip,GAS PRICE WATCH DECEMBER 2025_.xlsx,LPG DECEMBER 2025,11,2,B11
2025-12-01,2024-12-01,5.0,ZONE,North West,NORTH WEST,,North West,TRUE,7055.221922102173,NGN per refill,Average of Dec-24,FALSE,,5KG,2,LPG_Nov_Dec_2025.zip,GAS PRICE WATCH DECEMBER 2025_.xlsx,LPG DECEMBER 2025,18,2,B18
2025-12-01,2024-12-01,5.0,ZONE,South East,SOUTH EAST,,South East,TRUE,7023.803413996621,NGN per refill,Average of Dec-24,FALSE,,5KG,2,LPG_Nov_Dec_2025.zip,GAS PRICE WATCH DECEMBER 2025_.xlsx,LPG DECEMBER 2025,26,2,B26
2025-12-01,2024-12-01,5.0,ZONE,South South,SOUTH SOUTH,,South South,TRUE,6969.994047619047,NGN per refill,Average of Dec-24,FALSE,,5KG,2,LPG_Nov_Dec_2025.zip,GAS PRICE WATCH DECEMBER 2025_.xlsx,LPG DECEMBER 2025,32,2,B32
2025-12-01,2024-12-01,5.0,ZONE,South West,SOUTH WEST,,South West,TRUE,7223.53250915751,NGN per refill,Average of Dec-24,FALSE,,5KG,2,LPG_Nov_Dec_2025.zip,GAS PRICE WATCH DECEMBER 2025_.xlsx,LPG DECEMBER 2025,39,2,B39
2025-12-01,2024-12-01,5.0,NATIONAL,Nigeria,Average,,,TRUE,7177.2691560312915,NGN per refill,Average of Dec-24,FALSE,,5KG,2,LPG_Nov_Dec_2025.zip,GAS PRICE WATCH DECEMBER 2025_.xlsx,LPG DECEMBER 2025,46,2,B46
2025-12-01,2024-12-01,12.5,STATE,Abia,Abia,Abia,South East,FALSE,16300,NGN per refill,Average of Dec-24,FALSE,,12.5KG,2,LPG_Nov_Dec_2025.zip,GAS PRICE WATCH DECEMBER 2025_.xlsx,LPG DECEMBER 2025,27,10,J27
2025-12-01,2024-12-01,12.5,STATE,Abuja,Abuja,Abuja,North Central,FALSE,16130,NGN per refill,Average of Dec-24,FALSE,,12.5KG,2,LPG_Nov_Dec_2025.zip,GAS PRICE WATCH DECEMBER 2025_.xlsx,LPG DECEMBER 2025,4,10,J4
2025-12-01,2024-12-01,12.5,STATE,Adamawa,Adamawa,Adamawa,North East,FALSE,16666.666666666668,NGN per refill,Average of Dec-24,FALSE,,12.5KG,2,LPG_Nov_Dec_2025.zip,GAS PRICE WATCH DECEMBER 2025_.xlsx,LPG DECEMBER 2025,12,10,J12
2025-12-01,2024-12-01,12.5,STATE,Akwa Ibom,Akwa Ibom,Akwa Ibom,South South,FALSE,18113.83740234375,NGN per refill,Average of Dec-24,FALSE,,12.5KG,2,LPG_Nov_Dec_2025.zip,GAS PRICE WATCH DECEMBER 2025_.xlsx,LPG DECEMBER 2025,33,10,J33
2025-12-01,2024-12-01,12.5,STATE,Anambra,Anambra,Anambra,South East,FALSE,16277.777777777777,NGN per refill,Average of Dec-24,FALSE,,12.5KG,2,LPG_Nov_Dec_2025.zip,GAS PRICE WATCH DECEMBER 2025_.xlsx,LPG DECEMBER 2025,28,10,J28
2025-12-01,2024-12-01,12.5,STATE,Bauchi,Bauchi,Bauchi,North East,FALSE,18100,NGN per refill,Average of Dec-24,FALSE,,12.5KG,2,LPG_Nov_Dec_2025.zip,GAS PRICE WATCH DECEMBER 2025_.xlsx,LPG DECEMBER 2025,13,10,J13
2025-12-01,2024-12-01,12.5,STATE,Bayelsa,Bayelsa,Bayelsa,South South,FALSE,17416.666666666668,NGN per refill,Average of Dec-24,FALSE,,12.5KG,2,LPG_Nov_Dec_2025.zip,GAS PRICE WATCH DECEMBER 2025_.xlsx,LPG DECEMBER 2025,34,10,J34
2025-12-01,2024-12-01,12.5,STATE,Benue,Benue,Benue,North Central,FALSE,18125,NGN per refill,Average of Dec-24,FALSE,,12.5KG,2,LPG_Nov_Dec_2025.zip,GAS PRICE WATCH DECEMBER 2025_.xlsx,LPG DECEMBER 2025,5,10,J5
2025-12-01,2024-12-01,12.5,STATE,Borno,Borno,Borno,North East,FALSE,16880.139559659092,NGN per refill,Average of Dec-24,FALSE,,12.5KG,2,LPG_Nov_Dec_2025.zip,GAS PRICE WATCH DECEMBER 2025_.xlsx,LPG DECEMBER 2025,14,10,J14
2025-12-01,2024-12-01,12.5,STATE,Cross River,Cross River,Cross River,South South,FALSE,17390.178571428572,NGN per refill,Average of Dec-24,FALSE,,12.5KG,2,LPG_Nov_Dec_2025.zip,GAS PRICE WATCH DECEMBER 2025_.xlsx,LPG DECEMBER 2025,35,10,J35
2025-12-01,2024-12-01,12.5,STATE,Delta,Delta,Delta,South South,FALSE,16277.5,NGN per refill,Average of Dec-24,FALSE,,12.5KG,2,LPG_Nov_Dec_2025.zip,GAS PRICE WATCH DECEMBER 2025_.xlsx,LPG DECEMBER 2025,36,10,J36
2025-12-01,2024-12-01,12.5,STATE,Ebonyi,Ebonyi,Ebonyi,South East,FALSE,17522.678571428572,NGN per refill,Average of Dec-24,FALSE,,12.5KG,2,LPG_Nov_Dec_2025.zip,GAS PRICE WATCH DECEMBER 2025_.xlsx,LPG DECEMBER 2025,29,10,J29
2025-12-01,2024-12-01,12.5,STATE,Edo,Edo,Edo,South South,FALSE,17327.5,NGN per refill,Average of Dec-24,FALSE,,12.5KG,2,LPG_Nov_Dec_2025.zip,GAS PRICE WATCH DECEMBER 2025_.xlsx,LPG DECEMBER 2025,37,10,J37
2025-12-01,2024-12-01,12.5,STATE,Ekiti,Ekiti,Ekiti,South West,FALSE,17299,NGN per refill,Average of Dec-24,FALSE,,12.5KG,2,LPG_Nov_Dec_2025.zip,GAS PRICE WATCH DECEMBER 2025_.xlsx,LPG DECEMBER 2025,40,10,J40
2025-12-01,2024-12-01,12.5,STATE,Enugu,Enugu,Enugu,South East,FALSE,17842.96875,NGN per refill,Average of Dec-24,FALSE,,12.5KG,2,LPG_Nov_Dec_2025.zip,GAS PRICE WATCH DECEMBER 2025_.xlsx,LPG DECEMBER 2025,30,10,J30
2025-12-01,2024-12-01,12.5,STATE,Gombe,Gombe,Gombe,North East,FALSE,18105.82470703125,NGN per refill,Average of Dec-24,FALSE,,12.5KG,2,LPG_Nov_Dec_2025.zip,GAS PRICE WATCH DECEMBER 2025_.xlsx,LPG DECEMBER 2025,15,10,J15
2025-12-01,2024-12-01,12.5,STATE,Imo,Imo,Imo,South East,FALSE,17561.25,NGN per refill,Average of Dec-24,FALSE,,12.5KG,2,LPG_Nov_Dec_2025.zip,GAS PRICE WATCH DECEMBER 2025_.xlsx,LPG DECEMBER 2025,31,10,J31
2025-12-01,2024-12-01,12.5,STATE,Jigawa,Jigawa,Jigawa,North West,FALSE,18103.571428571428,NGN per refill,Average of Dec-24,FALSE,,12.5KG,2,LPG_Nov_Dec_2025.zip,GAS PRICE WATCH DECEMBER 2025_.xlsx,LPG DECEMBER 2025,19,10,J19
2025-12-01,2024-12-01,12.5,STATE,Kaduna,Kaduna,Kaduna,North West,FALSE,16679,NGN per refill,Average of Dec-24,FALSE,,12.5KG,2,LPG_Nov_Dec_2025.zip,GAS PRICE WATCH DECEMBER 2025_.xlsx,LPG DECEMBER 2025,20,10,J20
2025-12-01,2024-12-01,12.5,STATE,Kano,Kano,Kano,North West,FALSE,16668.75,NGN per refill,Average of Dec-24,FALSE,,12.5KG,2,LPG_Nov_Dec_2025.zip,GAS PRICE WATCH DECEMBER 2025_.xlsx,LPG DECEMBER 2025,21,10,J21
2025-12-01,2024-12-01,12.5,STATE,Katsina,Katsina,Katsina,North West,FALSE,17366.666666666668,NGN per refill,Average of Dec-24,FALSE,,12.5KG,2,LPG_Nov_Dec_2025.zip,GAS PRICE WATCH DECEMBER 2025_.xlsx,LPG DECEMBER 2025,22,10,J22
2025-12-01,2024-12-01,12.5,STATE,Kebbi,Taraba,Kebbi,North West,FALSE,15733.333333333334,NGN per refill,Average of Dec-24,FALSE,LPG_12_5KG_KEBBI_LABELLED_TARABA,12.5KG,2,LPG_Nov_Dec_2025.zip,GAS PRICE WATCH DECEMBER 2025_.xlsx,LPG DECEMBER 2025,23,10,J23
2025-12-01,2024-12-01,12.5,STATE,Kogi,Kogi,Kogi,North Central,FALSE,16192.5,NGN per refill,Average of Dec-24,FALSE,,12.5KG,2,LPG_Nov_Dec_2025.zip,GAS PRICE WATCH DECEMBER 2025_.xlsx,LPG DECEMBER 2025,6,10,J6
2025-12-01,2024-12-01,12.5,STATE,Kwara,Kwara,Kwara,North Central,FALSE,16109.375,NGN per refill,Average of Dec-24,FALSE,,12.5KG,2,LPG_Nov_Dec_2025.zip,GAS PRICE WATCH DECEMBER 2025_.xlsx,LPG DECEMBER 2025,7,10,J7
2025-12-01,2024-12-01,12.5,STATE,Lagos,Lagos,Lagos,South West,FALSE,17846.153846153848,NGN per refill,Average of Dec-24,FALSE,,12.5KG,2,LPG_Nov_Dec_2025.zip,GAS PRICE WATCH DECEMBER 2025_.xlsx,LPG DECEMBER 2025,41,10,J41
2025-12-01,2024-12-01,12.5,STATE,Nasarawa,Nasarawa,Nasarawa,North Central,FALSE,15875,NGN per refill,Average of Dec-24,FALSE,,12.5KG,2,LPG_Nov_Dec_2025.zip,GAS PRICE WATCH DECEMBER 2025_.xlsx,LPG DECEMBER 2025,8,10,J8
2025-12-01,2024-12-01,12.5,STATE,Niger,Niger,Niger,North Central,FALSE,16278.75,NGN per refill,Average of Dec-24,FALSE,,12.5KG,2,LPG_Nov_Dec_2025.zip,GAS PRICE WATCH DECEMBER 2025_.xlsx,LPG DECEMBER 2025,9,10,J9
2025-12-01,2024-12-01,12.5,STATE,Ogun,Ogun,Ogun,South West,FALSE,17499.652777777777,NGN per refill,Average of Dec-24,FALSE,,12.5KG,2,LPG_Nov_Dec_2025.zip,GAS PRICE WATCH DECEMBER 2025_.xlsx,LPG DECEMBER 2025,42,10,J42
2025-12-01,2024-12-01,12.5,STATE,Ondo,Ondo,Ondo,South West,FALSE,16360.3125,NGN per refill,Average of Dec-24,FALSE,,12.5KG,2,LPG_Nov_Dec_2025.zip,GAS PRICE WATCH DECEMBER 2025_.xlsx,LPG DECEMBER 2025,43,10,J43
2025-12-01,2024-12-01,12.5,STATE,Osun,Osun,Osun,South West,FALSE,18322.916666666668,NGN per refill,Average of Dec-24,FALSE,,12.5KG,2,LPG_Nov_Dec_2025.zip,GAS PRICE WATCH DECEMBER 2025_.xlsx,LPG DECEMBER 2025,44,10,J44
2025-12-01,2024-12-01,12.5,STATE,Oyo,Oyo,Oyo,South West,FALSE,17937.5,NGN per refill,Average of Dec-24,FALSE,,12.5KG,2,LPG_Nov_Dec_2025.zip,GAS PRICE WATCH DECEMBER 2025_.xlsx,LPG DECEMBER 2025,45,10,J45
2025-12-01,2024-12-01,12.5,STATE,Plateau,Plateau,Plateau,North Central,FALSE,16666.666666666668,NGN per refill,Average of Dec-24,FALSE,,12.5KG,2,LPG_Nov_Dec_2025.zip,GAS PRICE WATCH DECEMBER 2025_.xlsx,LPG DECEMBER 2025,10,10,J10
2025-12-01,2024-12-01,12.5,STATE,Rivers,Rivers,Rivers,South South,FALSE,18710.9375,NGN per refill,Average of Dec-24,FALSE,,12.5KG,2,LPG_Nov_Dec_2025.zip,GAS PRICE WATCH DECEMBER 2025_.xlsx,LPG DECEMBER 2025,38,10,J38
2025-12-01,2024-12-01,12.5,STATE,Sokoto,Sokoto,Sokoto,North West,FALSE,17500,NGN per refill,Average of Dec-24,FALSE,,12.5KG,2,LPG_Nov_Dec_2025.zip,GAS PRICE WATCH DECEMBER 2025_.xlsx,LPG DECEMBER 2025,24,10,J24
2025-12-01,2024-12-01,12.5,STATE,Taraba,Taraba,Taraba,North East,FALSE,20290.75,NGN per refill,Average of Dec-24,FALSE,,12.5KG,2,LPG_Nov_Dec_2025.zip,GAS PRICE WATCH DECEMBER 2025_.xlsx,LPG DECEMBER 2025,16,10,J16
2025-12-01,2024-12-01,12.5,STATE,Yobe,Yobe,Yobe,North East,FALSE,19000,NGN per refill,Average of Dec-24,FALSE,,12.5KG,2,LPG_Nov_Dec_2025.zip,GAS PRICE WATCH DECEMBER 2025_.xlsx,LPG DECEMBER 2025,17,10,J17
2025-12-01,2024-12-01,12.5,STATE,Zamfara,Zamfara,Zamfara,North West,FALSE,16665,NGN per refill,Average of Dec-24,FALSE,,12.5KG,2,LPG_Nov_Dec_2025.zip,GAS PRICE WATCH DECEMBER 2025_.xlsx,LPG DECEMBER 2025,25,10,J25
2025-12-01,2024-12-01,12.5,ZONE,North Central,NORTH CENTRAL,,North Central,TRUE,16482.47023809524,NGN per refill,Average of Dec-24,FALSE,,12.5KG,2,LPG_Nov_Dec_2025.zip,GAS PRICE WATCH DECEMBER 2025_.xlsx,LPG DECEMBER 2025,3,10,J3
2025-12-01,2024-12-01,12.5,ZONE,North East,NORTH EAST,,North East,TRUE,18173.89682222617,NGN per refill,Average of Dec-24,FALSE,,12.5KG,2,LPG_Nov_Dec_2025.zip,GAS PRICE WATCH DECEMBER 2025_.xlsx,LPG DECEMBER 2025,11,10,J11
2025-12-01,2024-12-01,12.5,ZONE,North West,NORTH WEST,,North West,TRUE,16959.474489795917,NGN per refill,Average of Dec-24,FALSE,,12.5KG,2,LPG_Nov_Dec_2025.zip,GAS PRICE WATCH DECEMBER 2025_.xlsx,LPG DECEMBER 2025,18,10,J18
2025-12-01,2024-12-01,12.5,ZONE,South East,SOUTH EAST,,South East,TRUE,17100.93501984127,NGN per refill,Average of Dec-24,FALSE,,12.5KG,2,LPG_Nov_Dec_2025.zip,GAS PRICE WATCH DECEMBER 2025_.xlsx,LPG DECEMBER 2025,26,10,J26
2025-12-01,2024-12-01,12.5,ZONE,South South,SOUTH SOUTH,,South South,TRUE,17539.436690073166,NGN per refill,Average of Dec-24,FALSE,,12.5KG,2,LPG_Nov_Dec_2025.zip,GAS PRICE WATCH DECEMBER 2025_.xlsx,LPG DECEMBER 2025,32,10,J32
2025-12-01,2024-12-01,12.5,ZONE,South West,SOUTH WEST,,South West,TRUE,17544.255965099717,NGN per refill,Average of Dec-24,FALSE,,12.5KG,2,LPG_Nov_Dec_2025.zip,GAS PRICE WATCH DECEMBER 2025_.xlsx,LPG DECEMBER 2025,39,10,J39
2025-12-01,2024-12-01,12.5,NATIONAL,Nigeria,Average,,,TRUE,17274.15743402267,NGN per refill,Average of Dec-24,FALSE,,12.5KG,2,LPG_Nov_Dec_2025.zip,GAS PRICE WATCH DECEMBER 2025_.xlsx,LPG DECEMBER 2025,46,10,J46
2025-12-01,2025-11-01,5.0,STATE,Abia,Abia,Abia,South East,FALSE,5752.523667,NGN per refill,Average of Nov-25,FALSE,,5KG,2,LPG_Nov_Dec_2025.zip,GAS PRICE WATCH DECEMBER 2025_.xlsx,LPG DECEMBER 2025,27,3,C27
2025-12-01,2025-11-01,5.0,STATE,Abuja,Abuja,Abuja,North Central,FALSE,5301.988723,NGN per refill,Average of Nov-25,FALSE,,5KG,2,LPG_Nov_Dec_2025.zip,GAS PRICE WATCH DECEMBER 2025_.xlsx,LPG DECEMBER 2025,4,3,C4
2025-12-01,2025-11-01,5.0,STATE,Adamawa,Adamawa,Adamawa,North East,FALSE,5563.5350396,NGN per refill,Average of Nov-25,FALSE,,5KG,2,LPG_Nov_Dec_2025.zip,GAS PRICE WATCH DECEMBER 2025_.xlsx,LPG DECEMBER 2025,12,3,C12
2025-12-01,2025-11-01,5.0,STATE,Akwa Ibom,Akwa Ibom,Akwa Ibom,South South,FALSE,5681.350014,NGN per refill,Average of Nov-25,FALSE,,5KG,2,LPG_Nov_Dec_2025.zip,GAS PRICE WATCH DECEMBER 2025_.xlsx,LPG DECEMBER 2025,33,3,C33
2025-12-01,2025-11-01,5.0,STATE,Anambra,Anambra,Anambra,South East,FALSE,5272.39362342856,NGN per refill,Average of Nov-25,FALSE,,5KG,2,LPG_Nov_Dec_2025.zip,GAS PRICE WATCH DECEMBER 2025_.xlsx,LPG DECEMBER 2025,28,3,C28
2025-12-01,2025-11-01,5.0,STATE,Bauchi,Bauchi,Bauchi,North East,FALSE,5043.4521540000005,NGN per refill,Average of Nov-25,FALSE,,5KG,2,LPG_Nov_Dec_2025.zip,GAS PRICE WATCH DECEMBER 2025_.xlsx,LPG DECEMBER 2025,13,3,C13
2025-12-01,2025-11-01,5.0,STATE,Bayelsa,Bayelsa,Bayelsa,South South,FALSE,5095.162744666679,NGN per refill,Average of Nov-25,FALSE,,5KG,2,LPG_Nov_Dec_2025.zip,GAS PRICE WATCH DECEMBER 2025_.xlsx,LPG DECEMBER 2025,34,3,C34
2025-12-01,2025-11-01,5.0,STATE,Benue,Benue,Benue,North Central,FALSE,5631.51818575,NGN per refill,Average of Nov-25,FALSE,,5KG,2,LPG_Nov_Dec_2025.zip,GAS PRICE WATCH DECEMBER 2025_.xlsx,LPG DECEMBER 2025,5,3,C5
2025-12-01,2025-11-01,5.0,STATE,Borno,Borno,Borno,North East,FALSE,5351.5914250000005,NGN per refill,Average of Nov-25,FALSE,,5KG,2,LPG_Nov_Dec_2025.zip,GAS PRICE WATCH DECEMBER 2025_.xlsx,LPG DECEMBER 2025,14,3,C14
2025-12-01,2025-11-01,5.0,STATE,Cross River,Cross River,Cross River,South South,FALSE,5090.999118,NGN per refill,Average of Nov-25,FALSE,,5KG,2,LPG_Nov_Dec_2025.zip,GAS PRICE WATCH DECEMBER 2025_.xlsx,LPG DECEMBER 2025,35,3,C35
2025-12-01,2025-11-01,5.0,STATE,Delta,Delta,Delta,South South,FALSE,5783.964652727281,NGN per refill,Average of Nov-25,FALSE,,5KG,2,LPG_Nov_Dec_2025.zip,GAS PRICE WATCH DECEMBER 2025_.xlsx,LPG DECEMBER 2025,36,3,C36
2025-12-01,2025-11-01,5.0,STATE,Ebonyi,Ebonyi,Ebonyi,South East,FALSE,5263.5338151428405,NGN per refill,Average of Nov-25,FALSE,,5KG,2,LPG_Nov_Dec_2025.zip,GAS PRICE WATCH DECEMBER 2025_.xlsx,LPG DECEMBER 2025,29,3,C29
2025-12-01,2025-11-01,5.0,STATE,Edo,Edo,Edo,South South,FALSE,5014.4282220000005,NGN per refill,Average of Nov-25,FALSE,,5KG,2,LPG_Nov_Dec_2025.zip,GAS PRICE WATCH DECEMBER 2025_.xlsx,LPG DECEMBER 2025,37,3,C37
2025-12-01,2025-11-01,5.0,STATE,Ekiti,Ekiti,Ekiti,South West,FALSE,5451.57167028572,NGN per refill,Average of Nov-25,FALSE,,5KG,2,LPG_Nov_Dec_2025.zip,GAS PRICE WATCH DECEMBER 2025_.xlsx,LPG DECEMBER 2025,40,3,C40
2025-12-01,2025-11-01,5.0,STATE,Enugu,Enugu,Enugu,South East,FALSE,5715.633812,NGN per refill,Average of Nov-25,FALSE,,5KG,2,LPG_Nov_Dec_2025.zip,GAS PRICE WATCH DECEMBER 2025_.xlsx,LPG DECEMBER 2025,30,3,C30
2025-12-01,2025-11-01,5.0,STATE,Gombe,Gombe,Gombe,North East,FALSE,5070.03457066668,NGN per refill,Average of Nov-25,FALSE,,5KG,2,LPG_Nov_Dec_2025.zip,GAS PRICE WATCH DECEMBER 2025_.xlsx,LPG DECEMBER 2025,15,3,C15
2025-12-01,2025-11-01,5.0,STATE,Imo,Imo,Imo,South East,FALSE,5050.75027666668,NGN per refill,Average of Nov-25,FALSE,,5KG,2,LPG_Nov_Dec_2025.zip,GAS PRICE WATCH DECEMBER 2025_.xlsx,LPG DECEMBER 2025,31,3,C31
2025-12-01,2025-11-01,5.0,STATE,Jigawa,Jigawa,Jigawa,North West,FALSE,5863.724540499999,NGN per refill,Average of Nov-25,FALSE,,5KG,2,LPG_Nov_Dec_2025.zip,GAS PRICE WATCH DECEMBER 2025_.xlsx,LPG DECEMBER 2025,19,3,C19
2025-12-01,2025-11-01,5.0,STATE,Kaduna,Kaduna,Kaduna,North West,FALSE,5776.314078,NGN per refill,Average of Nov-25,FALSE,,5KG,2,LPG_Nov_Dec_2025.zip,GAS PRICE WATCH DECEMBER 2025_.xlsx,LPG DECEMBER 2025,20,3,C20
2025-12-01,2025-11-01,5.0,STATE,Kano,Kano,Kano,North West,FALSE,5580.19298616668,NGN per refill,Average of Nov-25,FALSE,,5KG,2,LPG_Nov_Dec_2025.zip,GAS PRICE WATCH DECEMBER 2025_.xlsx,LPG DECEMBER 2025,21,3,C21
2025-12-01,2025-11-01,5.0,STATE,Katsina,Katsina,Katsina,North West,FALSE,5027.8644608,NGN per refill,Average of Nov-25,FALSE,,5KG,2,LPG_Nov_Dec_2025.zip,GAS PRICE WATCH DECEMBER 2025_.xlsx,LPG DECEMBER 2025,22,3,C22
2025-12-01,2025-11-01,5.0,STATE,Kebbi,Kebbi,Kebbi,North West,FALSE,5517.352026,NGN per refill,Average of Nov-25,FALSE,,5KG,2,LPG_Nov_Dec_2025.zip,GAS PRICE WATCH DECEMBER 2025_.xlsx,LPG DECEMBER 2025,23,3,C23
2025-12-01,2025-11-01,5.0,STATE,Kogi,Kogi,Kogi,North Central,FALSE,5487.548345333321,NGN per refill,Average of Nov-25,FALSE,,5KG,2,LPG_Nov_Dec_2025.zip,GAS PRICE WATCH DECEMBER 2025_.xlsx,LPG DECEMBER 2025,6,3,C6
2025-12-01,2025-11-01,5.0,STATE,Kwara,Kwara,Kwara,North Central,FALSE,5539.89528,NGN per refill,Average of Nov-25,FALSE,,5KG,2,LPG_Nov_Dec_2025.zip,GAS PRICE WATCH DECEMBER 2025_.xlsx,LPG DECEMBER 2025,7,3,C7
2025-12-01,2025-11-01,5.0,STATE,Lagos,Lagos,Lagos,South West,FALSE,5287.814322571439,NGN per refill,Average of Nov-25,FALSE,,5KG,2,LPG_Nov_Dec_2025.zip,GAS PRICE WATCH DECEMBER 2025_.xlsx,LPG DECEMBER 2025,41,3,C41
2025-12-01,2025-11-01,5.0,STATE,Nasarawa,Nasarawa,Nasarawa,North Central,FALSE,5378.611630400001,NGN per refill,Average of Nov-25,FALSE,,5KG,2,LPG_Nov_Dec_2025.zip,GAS PRICE WATCH DECEMBER 2025_.xlsx,LPG DECEMBER 2025,8,3,C8
2025-12-01,2025-11-01,5.0,STATE,Niger,Niger,Niger,North Central,FALSE,5693.17327866668,NGN per refill,Average of Nov-25,FALSE,,5KG,2,LPG_Nov_Dec_2025.zip,GAS PRICE WATCH DECEMBER 2025_.xlsx,LPG DECEMBER 2025,9,3,C9
2025-12-01,2025-11-01,5.0,STATE,Ogun,Ogun,Ogun,South West,FALSE,5403.4094415,NGN per refill,Average of Nov-25,FALSE,,5KG,2,LPG_Nov_Dec_2025.zip,GAS PRICE WATCH DECEMBER 2025_.xlsx,LPG DECEMBER 2025,42,3,C42
2025-12-01,2025-11-01,5.0,STATE,Ondo,Ondo,Ondo,South West,FALSE,5495.96806,NGN per refill,Average of Nov-25,FALSE,,5KG,2,LPG_Nov_Dec_2025.zip,GAS PRICE WATCH DECEMBER 2025_.xlsx,LPG DECEMBER 2025,43,3,C43
2025-12-01,2025-11-01,5.0,STATE,Osun,Osun,Osun,South West,FALSE,5811.9881940000005,NGN per refill,Average of Nov-25,FALSE,,5KG,2,LPG_Nov_Dec_2025.zip,GAS PRICE WATCH DECEMBER 2025_.xlsx,LPG DECEMBER 2025,44,3,C44
2025-12-01,2025-11-01,5.0,STATE,Oyo,Oyo,Oyo,South West,FALSE,5404.15473257144,NGN per refill,Average of Nov-25,FALSE,,5KG,2,LPG_Nov_Dec_2025.zip,GAS PRICE WATCH DECEMBER 2025_.xlsx,LPG DECEMBER 2025,45,3,C45
2025-12-01,2025-11-01,5.0,STATE,Plateau,Plateau,Plateau,North Central,FALSE,5515.4774675,NGN per refill,Average of Nov-25,FALSE,,5KG,2,LPG_Nov_Dec_2025.zip,GAS PRICE WATCH DECEMBER 2025_.xlsx,LPG DECEMBER 2025,10,3,C10
2025-12-01,2025-11-01,5.0,STATE,Rivers,Rivers,Rivers,South South,FALSE,5630.26980171428,NGN per refill,Average of Nov-25,FALSE,,5KG,2,LPG_Nov_Dec_2025.zip,GAS PRICE WATCH DECEMBER 2025_.xlsx,LPG DECEMBER 2025,38,3,C38
2025-12-01,2025-11-01,5.0,STATE,Sokoto,Sokoto,Sokoto,North West,FALSE,5075.014038,NGN per refill,Average of Nov-25,FALSE,,5KG,2,LPG_Nov_Dec_2025.zip,GAS PRICE WATCH DECEMBER 2025_.xlsx,LPG DECEMBER 2025,24,3,C24
2025-12-01,2025-11-01,5.0,STATE,Taraba,Taraba,Taraba,North East,FALSE,5313.391182666681,NGN per refill,Average of Nov-25,FALSE,,5KG,2,LPG_Nov_Dec_2025.zip,GAS PRICE WATCH DECEMBER 2025_.xlsx,LPG DECEMBER 2025,16,3,C16
2025-12-01,2025-11-01,5.0,STATE,Yobe,Yobe,Yobe,North East,FALSE,5280.97775333332,NGN per refill,Average of Nov-25,FALSE,,5KG,2,LPG_Nov_Dec_2025.zip,GAS PRICE WATCH DECEMBER 2025_.xlsx,LPG DECEMBER 2025,17,3,C17
2025-12-01,2025-11-01,5.0,STATE,Zamfara,Zamfara,Zamfara,North West,FALSE,5536.4705782500005,NGN per refill,Average of Nov-25,FALSE,,5KG,2,LPG_Nov_Dec_2025.zip,GAS PRICE WATCH DECEMBER 2025_.xlsx,LPG DECEMBER 2025,25,3,C25
2025-12-01,2025-11-01,5.0,ZONE,North Central,NORTH CENTRAL,,North Central,TRUE,5506.887558664285,NGN per refill,Average of Nov-25,FALSE,,5KG,2,LPG_Nov_Dec_2025.zip,GAS PRICE WATCH DECEMBER 2025_.xlsx,LPG DECEMBER 2025,3,3,C3
2025-12-01,2025-11-01,5.0,ZONE,North East,NORTH EAST,,North East,TRUE,5270.49702087778,NGN per refill,Average of Nov-25,FALSE,,5KG,2,LPG_Nov_Dec_2025.zip,GAS PRICE WATCH DECEMBER 2025_.xlsx,LPG DECEMBER 2025,11,3,C11
2025-12-01,2025-11-01,5.0,ZONE,North West,NORTH WEST,,North West,TRUE,5482.41895824524,NGN per refill,Average of Nov-25,FALSE,,5KG,2,LPG_Nov_Dec_2025.zip,GAS PRICE WATCH DECEMBER 2025_.xlsx,LPG DECEMBER 2025,18,3,C18
2025-12-01,2025-11-01,5.0,ZONE,South East,SOUTH EAST,,South East,TRUE,5410.967038847617,NGN per refill,Average of Nov-25,FALSE,,5KG,2,LPG_Nov_Dec_2025.zip,GAS PRICE WATCH DECEMBER 2025_.xlsx,LPG DECEMBER 2025,26,3,C26
2025-12-01,2025-11-01,5.0,ZONE,South South,SOUTH SOUTH,,South South,TRUE,5382.695758851373,NGN per refill,Average of Nov-25,FALSE,,5KG,2,LPG_Nov_Dec_2025.zip,GAS PRICE WATCH DECEMBER 2025_.xlsx,LPG DECEMBER 2025,32,3,C32
2025-12-01,2025-11-01,5.0,ZONE,South West,SOUTH WEST,,South West,TRUE,5475.817736821434,NGN per refill,Average of Nov-25,FALSE,,5KG,2,LPG_Nov_Dec_2025.zip,GAS PRICE WATCH DECEMBER 2025_.xlsx,LPG DECEMBER 2025,39,3,C39
2025-12-01,2025-11-01,5.0,NATIONAL,Nigeria,Average,,,TRUE,5425.784970592116,NGN per refill,Average of Nov-25,FALSE,,5KG,2,LPG_Nov_Dec_2025.zip,GAS PRICE WATCH DECEMBER 2025_.xlsx,LPG DECEMBER 2025,46,3,C46
2025-12-01,2025-11-01,12.5,STATE,Abia,Abia,Abia,South East,FALSE,14381.3091675,NGN per refill,Average of Nov-25,FALSE,,12.5KG,2,LPG_Nov_Dec_2025.zip,GAS PRICE WATCH DECEMBER 2025_.xlsx,LPG DECEMBER 2025,27,11,K27
2025-12-01,2025-11-01,12.5,STATE,Abuja,Abuja,Abuja,North Central,FALSE,12804.9718075,NGN per refill,Average of Nov-25,FALSE,,12.5KG,2,LPG_Nov_Dec_2025.zip,GAS PRICE WATCH DECEMBER 2025_.xlsx,LPG DECEMBER 2025,4,11,K4
2025-12-01,2025-11-01,12.5,STATE,Adamawa,Adamawa,Adamawa,North East,FALSE,13908.837599,NGN per refill,Average of Nov-25,FALSE,,12.5KG,2,LPG_Nov_Dec_2025.zip,GAS PRICE WATCH DECEMBER 2025_.xlsx,LPG DECEMBER 2025,12,11,K12
2025-12-01,2025-11-01,12.5,STATE,Akwa Ibom,Akwa Ibom,Akwa Ibom,South South,FALSE,14203.375035,NGN per refill,Average of Nov-25,FALSE,,12.5KG,2,LPG_Nov_Dec_2025.zip,GAS PRICE WATCH DECEMBER 2025_.xlsx,LPG DECEMBER 2025,33,11,K33
2025-12-01,2025-11-01,12.5,STATE,Anambra,Anambra,Anambra,South East,FALSE,13180.9840585714,NGN per refill,Average of Nov-25,FALSE,,12.5KG,2,LPG_Nov_Dec_2025.zip,GAS PRICE WATCH DECEMBER 2025_.xlsx,LPG DECEMBER 2025,28,11,K28
2025-12-01,2025-11-01,12.5,STATE,Bauchi,Bauchi,Bauchi,North East,FALSE,12608.630385,NGN per refill,Average of Nov-25,FALSE,,12.5KG,2,LPG_Nov_Dec_2025.zip,GAS PRICE WATCH DECEMBER 2025_.xlsx,LPG DECEMBER 2025,13,11,K13
2025-12-01,2025-11-01,12.5,STATE,Bayelsa,Bayelsa,Bayelsa,South South,FALSE,12737.9068616667,NGN per refill,Average of Nov-25,FALSE,,12.5KG,2,LPG_Nov_Dec_2025.zip,GAS PRICE WATCH DECEMBER 2025_.xlsx,LPG DECEMBER 2025,34,11,K34
2025-12-01,2025-11-01,12.5,STATE,Benue,Benue,Benue,North Central,FALSE,14078.795464375,NGN per refill,Average of Nov-25,FALSE,,12.5KG,2,LPG_Nov_Dec_2025.zip,GAS PRICE WATCH DECEMBER 2025_.xlsx,LPG DECEMBER 2025,5,11,K5
2025-12-01,2025-11-01,12.5,STATE,Borno,Borno,Borno,North East,FALSE,13378.9785625,NGN per refill,Average of Nov-25,FALSE,,12.5KG,2,LPG_Nov_Dec_2025.zip,GAS PRICE WATCH DECEMBER 2025_.xlsx,LPG DECEMBER 2025,14,11,K14
2025-12-01,2025-11-01,12.5,STATE,Cross River,Cross River,Cross River,South South,FALSE,12727.497795,NGN per refill,Average of Nov-25,FALSE,,12.5KG,2,LPG_Nov_Dec_2025.zip,GAS PRICE WATCH DECEMBER 2025_.xlsx,LPG DECEMBER 2025,35,11,K35
2025-12-01,2025-11-01,12.5,STATE,Delta,Delta,Delta,South South,FALSE,14459.9116318182,NGN per refill,Average of Nov-25,FALSE,,12.5KG,2,LPG_Nov_Dec_2025.zip,GAS PRICE WATCH DECEMBER 2025_.xlsx,LPG DECEMBER 2025,36,11,K36
2025-12-01,2025-11-01,12.5,STATE,Ebonyi,Ebonyi,Ebonyi,South East,FALSE,13158.8345378571,NGN per refill,Average of Nov-25,FALSE,,12.5KG,2,LPG_Nov_Dec_2025.zip,GAS PRICE WATCH DECEMBER 2025_.xlsx,LPG DECEMBER 2025,29,11,K29
2025-12-01,2025-11-01,12.5,STATE,Edo,Edo,Edo,South South,FALSE,12536.070555,NGN per refill,Average of Nov-25,FALSE,,12.5KG,2,LPG_Nov_Dec_2025.zip,GAS PRICE WATCH DECEMBER 2025_.xlsx,LPG DECEMBER 2025,37,11,K37
2025-12-01,2025-11-01,12.5,STATE,Ekiti,Ekiti,Ekiti,South West,FALSE,13628.9291757143,NGN per refill,Average of Nov-25,FALSE,,12.5KG,2,LPG_Nov_Dec_2025.zip,GAS PRICE WATCH DECEMBER 2025_.xlsx,LPG DECEMBER 2025,40,11,K40
2025-12-01,2025-11-01,12.5,STATE,Enugu,Enugu,Enugu,South East,FALSE,14289.08453,NGN per refill,Average of Nov-25,FALSE,,12.5KG,2,LPG_Nov_Dec_2025.zip,GAS PRICE WATCH DECEMBER 2025_.xlsx,LPG DECEMBER 2025,30,11,K30
2025-12-01,2025-11-01,12.5,STATE,Gombe,Gombe,Gombe,North East,FALSE,12175.0864266667,NGN per refill,Average of Nov-25,FALSE,,12.5KG,2,LPG_Nov_Dec_2025.zip,GAS PRICE WATCH DECEMBER 2025_.xlsx,LPG DECEMBER 2025,15,11,K15
2025-12-01,2025-11-01,12.5,STATE,Imo,Imo,Imo,South East,FALSE,12626.8756916667,NGN per refill,Average of Nov-25,FALSE,,12.5KG,2,LPG_Nov_Dec_2025.zip,GAS PRICE WATCH DECEMBER 2025_.xlsx,LPG DECEMBER 2025,31,11,K31
2025-12-01,2025-11-01,12.5,STATE,Jigawa,Jigawa,Jigawa,North West,FALSE,14659.31135125,NGN per refill,Average of Nov-25,FALSE,,12.5KG,2,LPG_Nov_Dec_2025.zip,GAS PRICE WATCH DECEMBER 2025_.xlsx,LPG DECEMBER 2025,19,11,K19
2025-12-01,2025-11-01,12.5,STATE,Kaduna,Kaduna,Kaduna,North West,FALSE,14440.785195,NGN per refill,Average of Nov-25,FALSE,,12.5KG,2,LPG_Nov_Dec_2025.zip,GAS PRICE WATCH DECEMBER 2025_.xlsx,LPG DECEMBER 2025,20,11,K20
2025-12-01,2025-11-01,12.5,STATE,Kano,Kano,Kano,North West,FALSE,13950.4824654167,NGN per refill,Average of Nov-25,FALSE,,12.5KG,2,LPG_Nov_Dec_2025.zip,GAS PRICE WATCH DECEMBER 2025_.xlsx,LPG DECEMBER 2025,21,11,K21
2025-12-01,2025-11-01,12.5,STATE,Katsina,Katsina,Katsina,North West,FALSE,12319.661152,NGN per refill,Average of Nov-25,FALSE,,12.5KG,2,LPG_Nov_Dec_2025.zip,GAS PRICE WATCH DECEMBER 2025_.xlsx,LPG DECEMBER 2025,22,11,K22
2025-12-01,2025-11-01,12.5,STATE,Kebbi,Taraba,Kebbi,North West,FALSE,13793.380065,NGN per refill,Average of Nov-25,FALSE,LPG_12_5KG_KEBBI_LABELLED_TARABA,12.5KG,2,LPG_Nov_Dec_2025.zip,GAS PRICE WATCH DECEMBER 2025_.xlsx,LPG DECEMBER 2025,23,11,K23
2025-12-01,2025-11-01,12.5,STATE,Kogi,Kogi,Kogi,North Central,FALSE,13718.8708633333,NGN per refill,Average of Nov-25,FALSE,,12.5KG,2,LPG_Nov_Dec_2025.zip,GAS PRICE WATCH DECEMBER 2025_.xlsx,LPG DECEMBER 2025,6,11,K6
2025-12-01,2025-11-01,12.5,STATE,Kwara,Kwara,Kwara,North Central,FALSE,13849.7382,NGN per refill,Average of Nov-25,FALSE,,12.5KG,2,LPG_Nov_Dec_2025.zip,GAS PRICE WATCH DECEMBER 2025_.xlsx,LPG DECEMBER 2025,7,11,K7
2025-12-01,2025-11-01,12.5,STATE,Lagos,Lagos,Lagos,South West,FALSE,13219.5358064286,NGN per refill,Average of Nov-25,FALSE,,12.5KG,2,LPG_Nov_Dec_2025.zip,GAS PRICE WATCH DECEMBER 2025_.xlsx,LPG DECEMBER 2025,41,11,K41
2025-12-01,2025-11-01,12.5,STATE,Nasarawa,Nasarawa,Nasarawa,North Central,FALSE,13446.529076,NGN per refill,Average of Nov-25,FALSE,,12.5KG,2,LPG_Nov_Dec_2025.zip,GAS PRICE WATCH DECEMBER 2025_.xlsx,LPG DECEMBER 2025,8,11,K8
2025-12-01,2025-11-01,12.5,STATE,Niger,Niger,Niger,North Central,FALSE,14232.9331966667,NGN per refill,Average of Nov-25,FALSE,,12.5KG,2,LPG_Nov_Dec_2025.zip,GAS PRICE WATCH DECEMBER 2025_.xlsx,LPG DECEMBER 2025,9,11,K9
2025-12-01,2025-11-01,12.5,STATE,Ogun,Ogun,Ogun,South West,FALSE,13508.52360375,NGN per refill,Average of Nov-25,FALSE,,12.5KG,2,LPG_Nov_Dec_2025.zip,GAS PRICE WATCH DECEMBER 2025_.xlsx,LPG DECEMBER 2025,42,11,K42
2025-12-01,2025-11-01,12.5,STATE,Ondo,Ondo,Ondo,South West,FALSE,14989.92015,NGN per refill,Average of Nov-25,FALSE,,12.5KG,2,LPG_Nov_Dec_2025.zip,GAS PRICE WATCH DECEMBER 2025_.xlsx,LPG DECEMBER 2025,43,11,K43
2025-12-01,2025-11-01,12.5,STATE,Osun,Osun,Osun,South West,FALSE,14529.970485,NGN per refill,Average of Nov-25,FALSE,,12.5KG,2,LPG_Nov_Dec_2025.zip,GAS PRICE WATCH DECEMBER 2025_.xlsx,LPG DECEMBER 2025,44,11,K44
2025-12-01,2025-11-01,12.5,STATE,Oyo,Oyo,Oyo,South West,FALSE,13510.3868314286,NGN per refill,Average of Nov-25,FALSE,,12.5KG,2,LPG_Nov_Dec_2025.zip,GAS PRICE WATCH DECEMBER 2025_.xlsx,LPG DECEMBER 2025,45,11,K45
2025-12-01,2025-11-01,12.5,STATE,Plateau,Plateau,Plateau,North Central,FALSE,13788.69366875,NGN per refill,Average of Nov-25,FALSE,,12.5KG,2,LPG_Nov_Dec_2025.zip,GAS PRICE WATCH DECEMBER 2025_.xlsx,LPG DECEMBER 2025,10,11,K10
2025-12-01,2025-11-01,12.5,STATE,Rivers,Rivers,Rivers,South South,FALSE,13075.6745042857,NGN per refill,Average of Nov-25,FALSE,,12.5KG,2,LPG_Nov_Dec_2025.zip,GAS PRICE WATCH DECEMBER 2025_.xlsx,LPG DECEMBER 2025,38,11,K38
2025-12-01,2025-11-01,12.5,STATE,Sokoto,Sokoto,Sokoto,North West,FALSE,12687.535095,NGN per refill,Average of Nov-25,FALSE,,12.5KG,2,LPG_Nov_Dec_2025.zip,GAS PRICE WATCH DECEMBER 2025_.xlsx,LPG DECEMBER 2025,24,11,K24
2025-12-01,2025-11-01,12.5,STATE,Taraba,Taraba,Taraba,North East,FALSE,13283.4779566667,NGN per refill,Average of Nov-25,FALSE,,12.5KG,2,LPG_Nov_Dec_2025.zip,GAS PRICE WATCH DECEMBER 2025_.xlsx,LPG DECEMBER 2025,16,11,K16
2025-12-01,2025-11-01,12.5,STATE,Yobe,Yobe,Yobe,North East,FALSE,13202.4443833333,NGN per refill,Average of Nov-25,FALSE,,12.5KG,2,LPG_Nov_Dec_2025.zip,GAS PRICE WATCH DECEMBER 2025_.xlsx,LPG DECEMBER 2025,17,11,K17
2025-12-01,2025-11-01,12.5,STATE,Zamfara,Zamfara,Zamfara,North West,FALSE,13841.176445625,NGN per refill,Average of Nov-25,FALSE,,12.5KG,2,LPG_Nov_Dec_2025.zip,GAS PRICE WATCH DECEMBER 2025_.xlsx,LPG DECEMBER 2025,25,11,K25
2025-12-01,2025-11-01,12.5,ZONE,North Central,NORTH CENTRAL,,North Central,TRUE,13702.933182374998,NGN per refill,Average of Nov-25,FALSE,,12.5KG,2,LPG_Nov_Dec_2025.zip,GAS PRICE WATCH DECEMBER 2025_.xlsx,LPG DECEMBER 2025,3,11,K3
2025-12-01,2025-11-01,12.5,ZONE,North East,NORTH EAST,,North East,TRUE,13092.909218861118,NGN per refill,Average of Nov-25,FALSE,,12.5KG,2,LPG_Nov_Dec_2025.zip,GAS PRICE WATCH DECEMBER 2025_.xlsx,LPG DECEMBER 2025,11,11,K11
2025-12-01,2025-11-01,12.5,ZONE,North West,NORTH WEST,,North West,TRUE,13670.333109898815,NGN per refill,Average of Nov-25,FALSE,,12.5KG,2,LPG_Nov_Dec_2025.zip,GAS PRICE WATCH DECEMBER 2025_.xlsx,LPG DECEMBER 2025,18,11,K18
2025-12-01,2025-11-01,12.5,ZONE,South East,SOUTH EAST,,South East,TRUE,13527.417597119038,NGN per refill,Average of Nov-25,FALSE,,12.5KG,2,LPG_Nov_Dec_2025.zip,GAS PRICE WATCH DECEMBER 2025_.xlsx,LPG DECEMBER 2025,26,11,K26
2025-12-01,2025-11-01,12.5,ZONE,South South,SOUTH SOUTH,,South South,TRUE,13290.072730461767,NGN per refill,Average of Nov-25,FALSE,,12.5KG,2,LPG_Nov_Dec_2025.zip,GAS PRICE WATCH DECEMBER 2025_.xlsx,LPG DECEMBER 2025,32,11,K32
2025-12-01,2025-11-01,12.5,ZONE,South West,SOUTH WEST,,South West,TRUE,13897.877675386915,NGN per refill,Average of Nov-25,FALSE,,12.5KG,2,LPG_Nov_Dec_2025.zip,GAS PRICE WATCH DECEMBER 2025_.xlsx,LPG DECEMBER 2025,39,11,K39
2025-12-01,2025-11-01,12.5,NATIONAL,Nigeria,Average,,,TRUE,13538.786750804611,NGN per refill,Average of Nov-25,FALSE,,12.5KG,2,LPG_Nov_Dec_2025.zip,GAS PRICE WATCH DECEMBER 2025_.xlsx,LPG DECEMBER 2025,46,11,K46
2025-12-01,2025-12-01,5.0,STATE,Abia,Abia,Abia,South East,FALSE,5755.9833223900005,NGN per refill,Average of Dec-25,TRUE,,5KG,2,LPG_Nov_Dec_2025.zip,GAS PRICE WATCH DECEMBER 2025_.xlsx,LPG DECEMBER 2025,27,4,D27
2025-12-01,2025-12-01,5.0,STATE,Abuja,Abuja,Abuja,North Central,FALSE,4935.16129391,NGN per refill,Average of Dec-25,TRUE,,5KG,2,LPG_Nov_Dec_2025.zip,GAS PRICE WATCH DECEMBER 2025_.xlsx,LPG DECEMBER 2025,4,4,D4
2025-12-01,2025-12-01,5.0,STATE,Adamawa,Adamawa,Adamawa,North East,FALSE,5578.156257024,NGN per refill,Average of Dec-25,TRUE,,5KG,2,LPG_Nov_Dec_2025.zip,GAS PRICE WATCH DECEMBER 2025_.xlsx,LPG DECEMBER 2025,12,4,D12
2025-12-01,2025-12-01,5.0,STATE,Akwa Ibom,Akwa Ibom,Akwa Ibom,South South,FALSE,5715.32739531428,NGN per refill,Average of Dec-25,TRUE,,5KG,2,LPG_Nov_Dec_2025.zip,GAS PRICE WATCH DECEMBER 2025_.xlsx,LPG DECEMBER 2025,33,4,D33
2025-12-01,2025-12-01,5.0,STATE,Anambra,Anambra,Anambra,South East,FALSE,5276.2470947457205,NGN per refill,Average of Dec-25,TRUE,,5KG,2,LPG_Nov_Dec_2025.zip,GAS PRICE WATCH DECEMBER 2025_.xlsx,LPG DECEMBER 2025,28,4,D28
2025-12-01,2025-12-01,5.0,STATE,Bauchi,Bauchi,Bauchi,North East,FALSE,5045.63407946,NGN per refill,Average of Dec-25,TRUE,,5KG,2,LPG_Nov_Dec_2025.zip,GAS PRICE WATCH DECEMBER 2025_.xlsx,LPG DECEMBER 2025,13,4,D13
2025-12-01,2025-12-01,5.0,STATE,Bayelsa,Bayelsa,Bayelsa,South South,FALSE,5048.18973839332,NGN per refill,Average of Dec-25,TRUE,,5KG,2,LPG_Nov_Dec_2025.zip,GAS PRICE WATCH DECEMBER 2025_.xlsx,LPG DECEMBER 2025,34,4,D34
2025-12-01,2025-12-01,5.0,STATE,Benue,Benue,Benue,North Central,FALSE,5221.522642655,NGN per refill,Average of Dec-25,TRUE,,5KG,2,LPG_Nov_Dec_2025.zip,GAS PRICE WATCH DECEMBER 2025_.xlsx,LPG DECEMBER 2025,5,4,D5
2025-12-01,2025-12-01,5.0,STATE,Borno,Borno,Borno,North East,FALSE,5500.04473425,NGN per refill,Average of Dec-25,TRUE,,5KG,2,LPG_Nov_Dec_2025.zip,GAS PRICE WATCH DECEMBER 2025_.xlsx,LPG DECEMBER 2025,14,4,D14
2025-12-01,2025-12-01,5.0,STATE,Cross River,Cross River,Cross River,South South,FALSE,4890.99888909,NGN per refill,Average of Dec-25,TRUE,,5KG,2,LPG_Nov_Dec_2025.zip,GAS PRICE WATCH DECEMBER 2025_.xlsx,LPG DECEMBER 2025,35,4,D35
2025-12-01,2025-12-01,5.0,STATE,Delta,Delta,Delta,South South,FALSE,5757.26629955456,NGN per refill,Average of Dec-25,TRUE,,5KG,2,LPG_Nov_Dec_2025.zip,GAS PRICE WATCH DECEMBER 2025_.xlsx,LPG DECEMBER 2025,36,4,D36
2025-12-01,2025-12-01,5.0,STATE,Ebonyi,Ebonyi,Ebonyi,South East,FALSE,5403.75088926,NGN per refill,Average of Dec-25,TRUE,,5KG,2,LPG_Nov_Dec_2025.zip,GAS PRICE WATCH DECEMBER 2025_.xlsx,LPG DECEMBER 2025,29,4,D29
2025-12-01,2025-12-01,5.0,STATE,Edo,Edo,Edo,South South,FALSE,4905.01021545,NGN per refill,Average of Dec-25,TRUE,,5KG,2,LPG_Nov_Dec_2025.zip,GAS PRICE WATCH DECEMBER 2025_.xlsx,LPG DECEMBER 2025,37,4,D37
2025-12-01,2025-12-01,5.0,STATE,Ekiti,Ekiti,Ekiti,South West,FALSE,5459.39159922572,NGN per refill,Average of Dec-25,TRUE,,5KG,2,LPG_Nov_Dec_2025.zip,GAS PRICE WATCH DECEMBER 2025_.xlsx,LPG DECEMBER 2025,40,4,D40
2025-12-01,2025-12-01,5.0,STATE,Enugu,Enugu,Enugu,South East,FALSE,5683.71011846668,NGN per refill,Average of Dec-25,TRUE,,5KG,2,LPG_Nov_Dec_2025.zip,GAS PRICE WATCH DECEMBER 2025_.xlsx,LPG DECEMBER 2025,30,4,D30
2025-12-01,2025-12-01,5.0,STATE,Gombe,Gombe,Gombe,North East,FALSE,4885.63520471776,NGN per refill,Average of Dec-25,TRUE,,5KG,2,LPG_Nov_Dec_2025.zip,GAS PRICE WATCH DECEMBER 2025_.xlsx,LPG DECEMBER 2025,15,4,D15
2025-12-01,2025-12-01,5.0,STATE,Imo,Imo,Imo,South East,FALSE,5169.88870831668,NGN per refill,Average of Dec-25,TRUE,,5KG,2,LPG_Nov_Dec_2025.zip,GAS PRICE WATCH DECEMBER 2025_.xlsx,LPG DECEMBER 2025,31,4,D31
2025-12-01,2025-12-01,5.0,STATE,Jigawa,Jigawa,Jigawa,North West,FALSE,5825.08562048,NGN per refill,Average of Dec-25,TRUE,,5KG,2,LPG_Nov_Dec_2025.zip,GAS PRICE WATCH DECEMBER 2025_.xlsx,LPG DECEMBER 2025,19,4,D19
2025-12-01,2025-12-01,5.0,STATE,Kaduna,Kaduna,Kaduna,North West,FALSE,5838.660063339999,NGN per refill,Average of Dec-25,TRUE,,5KG,2,LPG_Nov_Dec_2025.zip,GAS PRICE WATCH DECEMBER 2025_.xlsx,LPG DECEMBER 2025,20,4,D20
2025-12-01,2025-12-01,5.0,STATE,Kano,Kano,Kano,North West,FALSE,5579.09880675668,NGN per refill,Average of Dec-25,TRUE,,5KG,2,LPG_Nov_Dec_2025.zip,GAS PRICE WATCH DECEMBER 2025_.xlsx,LPG DECEMBER 2025,21,4,D21
2025-12-01,2025-12-01,5.0,STATE,Katsina,Katsina,Katsina,North West,FALSE,4855.795217376,NGN per refill,Average of Dec-25,TRUE,,5KG,2,LPG_Nov_Dec_2025.zip,GAS PRICE WATCH DECEMBER 2025_.xlsx,LPG DECEMBER 2025,22,4,D22
2025-12-01,2025-12-01,5.0,STATE,Kebbi,Kebbi,Kebbi,North West,FALSE,5368.1050494,NGN per refill,Average of Dec-25,TRUE,,5KG,2,LPG_Nov_Dec_2025.zip,GAS PRICE WATCH DECEMBER 2025_.xlsx,LPG DECEMBER 2025,23,4,D23
2025-12-01,2025-12-01,5.0,STATE,Kogi,Kogi,Kogi,North Central,FALSE,5449.070487200001,NGN per refill,Average of Dec-25,TRUE,,5KG,2,LPG_Nov_Dec_2025.zip,GAS PRICE WATCH DECEMBER 2025_.xlsx,LPG DECEMBER 2025,6,4,D6
2025-12-01,2025-12-01,5.0,STATE,Kwara,Kwara,Kwara,North Central,FALSE,5438.93399870668,NGN per refill,Average of Dec-25,TRUE,,5KG,2,LPG_Nov_Dec_2025.zip,GAS PRICE WATCH DECEMBER 2025_.xlsx,LPG DECEMBER 2025,7,4,D7
2025-12-01,2025-12-01,5.0,STATE,Lagos,Lagos,Lagos,South West,FALSE,5283.08269182856,NGN per refill,Average of Dec-25,TRUE,,5KG,2,LPG_Nov_Dec_2025.zip,GAS PRICE WATCH DECEMBER 2025_.xlsx,LPG DECEMBER 2025,41,4,D41
2025-12-01,2025-12-01,5.0,STATE,Nasarawa,Nasarawa,Nasarawa,North Central,FALSE,5405.790837808,NGN per refill,Average of Dec-25,TRUE,,5KG,2,LPG_Nov_Dec_2025.zip,GAS PRICE WATCH DECEMBER 2025_.xlsx,LPG DECEMBER 2025,8,4,D8
2025-12-01,2025-12-01,5.0,STATE,Niger,Niger,Niger,North Central,FALSE,5215.85836968,NGN per refill,Average of Dec-25,TRUE,,5KG,2,LPG_Nov_Dec_2025.zip,GAS PRICE WATCH DECEMBER 2025_.xlsx,LPG DECEMBER 2025,9,4,D9
2025-12-01,2025-12-01,5.0,STATE,Ogun,Ogun,Ogun,South West,FALSE,5336.85986252,NGN per refill,Average of Dec-25,TRUE,,5KG,2,LPG_Nov_Dec_2025.zip,GAS PRICE WATCH DECEMBER 2025_.xlsx,LPG DECEMBER 2025,42,4,D42
2025-12-01,2025-12-01,5.0,STATE,Ondo,Ondo,Ondo,South West,FALSE,5272.72224438332,NGN per refill,Average of Dec-25,TRUE,,5KG,2,LPG_Nov_Dec_2025.zip,GAS PRICE WATCH DECEMBER 2025_.xlsx,LPG DECEMBER 2025,43,4,D43
2025-12-01,2025-12-01,5.0,STATE,Osun,Osun,Osun,South West,FALSE,5777.801902786679,NGN per refill,Average of Dec-25,TRUE,,5KG,2,LPG_Nov_Dec_2025.zip,GAS PRICE WATCH DECEMBER 2025_.xlsx,LPG DECEMBER 2025,44,4,D44
2025-12-01,2025-12-01,5.0,STATE,Oyo,Oyo,Oyo,South West,FALSE,5475.91913770856,NGN per refill,Average of Dec-25,TRUE,,5KG,2,LPG_Nov_Dec_2025.zip,GAS PRICE WATCH DECEMBER 2025_.xlsx,LPG DECEMBER 2025,45,4,D45
2025-12-01,2025-12-01,5.0,STATE,Plateau,Plateau,Plateau,North Central,FALSE,5464.3505728850005,NGN per refill,Average of Dec-25,TRUE,,5KG,2,LPG_Nov_Dec_2025.zip,GAS PRICE WATCH DECEMBER 2025_.xlsx,LPG DECEMBER 2025,10,4,D10
2025-12-01,2025-12-01,5.0,STATE,Rivers,Rivers,Rivers,South South,FALSE,5220.811253825719,NGN per refill,Average of Dec-25,TRUE,,5KG,2,LPG_Nov_Dec_2025.zip,GAS PRICE WATCH DECEMBER 2025_.xlsx,LPG DECEMBER 2025,38,4,D38
2025-12-01,2025-12-01,5.0,STATE,Sokoto,Sokoto,Sokoto,North West,FALSE,5098.243843448,NGN per refill,Average of Dec-25,TRUE,,5KG,2,LPG_Nov_Dec_2025.zip,GAS PRICE WATCH DECEMBER 2025_.xlsx,LPG DECEMBER 2025,24,4,D24
2025-12-01,2025-12-01,5.0,STATE,Taraba,Taraba,Taraba,North East,FALSE,5322.22021058668,NGN per refill,Average of Dec-25,TRUE,,5KG,2,LPG_Nov_Dec_2025.zip,GAS PRICE WATCH DECEMBER 2025_.xlsx,LPG DECEMBER 2025,16,4,D16
2025-12-01,2025-12-01,5.0,STATE,Yobe,Yobe,Yobe,North East,FALSE,5282.28016123332,NGN per refill,Average of Dec-25,TRUE,,5KG,2,LPG_Nov_Dec_2025.zip,GAS PRICE WATCH DECEMBER 2025_.xlsx,LPG DECEMBER 2025,17,4,D17
2025-12-01,2025-12-01,5.0,STATE,Zamfara,Zamfara,Zamfara,North West,FALSE,5593.15010208252,NGN per refill,Average of Dec-25,TRUE,,5KG,2,LPG_Nov_Dec_2025.zip,GAS PRICE WATCH DECEMBER 2025_.xlsx,LPG DECEMBER 2025,25,4,D25
2025-12-01,2025-12-01,5.0,ZONE,North Central,NORTH CENTRAL,,North Central,TRUE,5304.384028977811,NGN per refill,Average of Dec-25,TRUE,,5KG,2,LPG_Nov_Dec_2025.zip,GAS PRICE WATCH DECEMBER 2025_.xlsx,LPG DECEMBER 2025,3,4,D3
2025-12-01,2025-12-01,5.0,ZONE,North East,NORTH EAST,,North East,TRUE,5268.995107878626,NGN per refill,Average of Dec-25,TRUE,,5KG,2,LPG_Nov_Dec_2025.zip,GAS PRICE WATCH DECEMBER 2025_.xlsx,LPG DECEMBER 2025,11,4,D11
2025-12-01,2025-12-01,5.0,ZONE,North West,NORTH WEST,,North West,TRUE,5451.162671840457,NGN per refill,Average of Dec-25,TRUE,,5KG,2,LPG_Nov_Dec_2025.zip,GAS PRICE WATCH DECEMBER 2025_.xlsx,LPG DECEMBER 2025,18,4,D18
2025-12-01,2025-12-01,5.0,ZONE,South East,SOUTH EAST,,South East,TRUE,5457.916026635816,NGN per refill,Average of Dec-25,TRUE,,5KG,2,LPG_Nov_Dec_2025.zip,GAS PRICE WATCH DECEMBER 2025_.xlsx,LPG DECEMBER 2025,26,4,D26
2025-12-01,2025-12-01,5.0,ZONE,South South,SOUTH SOUTH,,South South,TRUE,5256.267298604646,NGN per refill,Average of Dec-25,TRUE,,5KG,2,LPG_Nov_Dec_2025.zip,GAS PRICE WATCH DECEMBER 2025_.xlsx,LPG DECEMBER 2025,32,4,D32
2025-12-01,2025-12-01,5.0,ZONE,South West,SOUTH WEST,,South West,TRUE,5434.29623974214,NGN per refill,Average of Dec-25,TRUE,,5KG,2,LPG_Nov_Dec_2025.zip,GAS PRICE WATCH DECEMBER 2025_.xlsx,LPG DECEMBER 2025,39,4,D39
2025-12-01,2025-12-01,5.0,NATIONAL,Nigeria,Average,,,TRUE,5360.425916655661,NGN per refill,Average of Dec-25,TRUE,,5KG,2,LPG_Nov_Dec_2025.zip,GAS PRICE WATCH DECEMBER 2025_.xlsx,LPG DECEMBER 2025,46,4,D46
2025-12-01,2025-12-01,12.5,STATE,Abia,Abia,Abia,South East,FALSE,14489.958305975,NGN per refill,Average of Dec-25,TRUE,,12.5KG,2,LPG_Nov_Dec_2025.zip,GAS PRICE WATCH DECEMBER 2025_.xlsx,LPG DECEMBER 2025,27,12,L27
2025-12-01,2025-12-01,12.5,STATE,Abuja,Abuja,Abuja,North Central,FALSE,13337.903234775,NGN per refill,Average of Dec-25,TRUE,,12.5KG,2,LPG_Nov_Dec_2025.zip,GAS PRICE WATCH DECEMBER 2025_.xlsx,LPG DECEMBER 2025,4,12,L4
2025-12-01,2025-12-01,12.5,STATE,Adamawa,Adamawa,Adamawa,North East,FALSE,13945.39064256,NGN per refill,Average of Dec-25,TRUE,,12.5KG,2,LPG_Nov_Dec_2025.zip,GAS PRICE WATCH DECEMBER 2025_.xlsx,LPG DECEMBER 2025,12,12,L12
2025-12-01,2025-12-01,12.5,STATE,Akwa Ibom,Akwa Ibom,Akwa Ibom,South South,FALSE,14288.3184882857,NGN per refill,Average of Dec-25,TRUE,,12.5KG,2,LPG_Nov_Dec_2025.zip,GAS PRICE WATCH DECEMBER 2025_.xlsx,LPG DECEMBER 2025,33,12,L33
2025-12-01,2025-12-01,12.5,STATE,Anambra,Anambra,Anambra,South East,FALSE,13190.6177368643,NGN per refill,Average of Dec-25,TRUE,,12.5KG,2,LPG_Nov_Dec_2025.zip,GAS PRICE WATCH DECEMBER 2025_.xlsx,LPG DECEMBER 2025,28,12,L28
2025-12-01,2025-12-01,12.5,STATE,Bauchi,Bauchi,Bauchi,North East,FALSE,12614.08519865,NGN per refill,Average of Dec-25,TRUE,,12.5KG,2,LPG_Nov_Dec_2025.zip,GAS PRICE WATCH DECEMBER 2025_.xlsx,LPG DECEMBER 2025,13,12,L13
2025-12-01,2025-12-01,12.5,STATE,Bayelsa,Bayelsa,Bayelsa,South South,FALSE,12620.4743459833,NGN per refill,Average of Dec-25,TRUE,,12.5KG,2,LPG_Nov_Dec_2025.zip,GAS PRICE WATCH DECEMBER 2025_.xlsx,LPG DECEMBER 2025,34,12,L34
2025-12-01,2025-12-01,12.5,STATE,Benue,Benue,Benue,North Central,FALSE,13053.8066066375,NGN per refill,Average of Dec-25,TRUE,,12.5KG,2,LPG_Nov_Dec_2025.zip,GAS PRICE WATCH DECEMBER 2025_.xlsx,LPG DECEMBER 2025,5,12,L5
2025-12-01,2025-12-01,12.5,STATE,Borno,Borno,Borno,North East,FALSE,13750.111835625,NGN per refill,Average of Dec-25,TRUE,,12.5KG,2,LPG_Nov_Dec_2025.zip,GAS PRICE WATCH DECEMBER 2025_.xlsx,LPG DECEMBER 2025,14,12,L14
2025-12-01,2025-12-01,12.5,STATE,Cross River,Cross River,Cross River,South South,FALSE,13227.497222725,NGN per refill,Average of Dec-25,TRUE,,12.5KG,2,LPG_Nov_Dec_2025.zip,GAS PRICE WATCH DECEMBER 2025_.xlsx,LPG DECEMBER 2025,35,12,L35
2025-12-01,2025-12-01,12.5,STATE,Delta,Delta,Delta,South South,FALSE,14393.1657488864,NGN per refill,Average of Dec-25,TRUE,,12.5KG,2,LPG_Nov_Dec_2025.zip,GAS PRICE WATCH DECEMBER 2025_.xlsx,LPG DECEMBER 2025,36,12,L36
2025-12-01,2025-12-01,12.5,STATE,Ebonyi,Ebonyi,Ebonyi,South East,FALSE,13509.37722315,NGN per refill,Average of Dec-25,TRUE,,12.5KG,2,LPG_Nov_Dec_2025.zip,GAS PRICE WATCH DECEMBER 2025_.xlsx,LPG DECEMBER 2025,29,12,L29
2025-12-01,2025-12-01,12.5,STATE,Edo,Edo,Edo,South South,FALSE,12262.525538625,NGN per refill,Average of Dec-25,TRUE,,12.5KG,2,LPG_Nov_Dec_2025.zip,GAS PRICE WATCH DECEMBER 2025_.xlsx,LPG DECEMBER 2025,37,12,L37
2025-12-01,2025-12-01,12.5,STATE,Ekiti,Ekiti,Ekiti,South West,FALSE,13648.4789980643,NGN per refill,Average of Dec-25,TRUE,,12.5KG,2,LPG_Nov_Dec_2025.zip,GAS PRICE WATCH DECEMBER 2025_.xlsx,LPG DECEMBER 2025,40,12,L40
2025-12-01,2025-12-01,12.5,STATE,Enugu,Enugu,Enugu,South East,FALSE,14209.2752961667,NGN per refill,Average of Dec-25,TRUE,,12.5KG,2,LPG_Nov_Dec_2025.zip,GAS PRICE WATCH DECEMBER 2025_.xlsx,LPG DECEMBER 2025,30,12,L30
2025-12-01,2025-12-01,12.5,STATE,Gombe,Gombe,Gombe,North East,FALSE,12214.0880117944,NGN per refill,Average of Dec-25,TRUE,,12.5KG,2,LPG_Nov_Dec_2025.zip,GAS PRICE WATCH DECEMBER 2025_.xlsx,LPG DECEMBER 2025,15,12,L15
2025-12-01,2025-12-01,12.5,STATE,Imo,Imo,Imo,South East,FALSE,12924.7217707917,NGN per refill,Average of Dec-25,TRUE,,12.5KG,2,LPG_Nov_Dec_2025.zip,GAS PRICE WATCH DECEMBER 2025_.xlsx,LPG DECEMBER 2025,31,12,L31
2025-12-01,2025-12-01,12.5,STATE,Jigawa,Jigawa,Jigawa,North West,FALSE,14162.7140512,NGN per refill,Average of Dec-25,TRUE,,12.5KG,2,LPG_Nov_Dec_2025.zip,GAS PRICE WATCH DECEMBER 2025_.xlsx,LPG DECEMBER 2025,19,12,L19
2025-12-01,2025-12-01,12.5,STATE,Kaduna,Kaduna,Kaduna,North West,FALSE,14296.65015835,NGN per refill,Average of Dec-25,TRUE,,12.5KG,2,LPG_Nov_Dec_2025.zip,GAS PRICE WATCH DECEMBER 2025_.xlsx,LPG DECEMBER 2025,20,12,L20
2025-12-01,2025-12-01,12.5,STATE,Kano,Kano,Kano,North West,FALSE,13947.7470168917,NGN per refill,Average of Dec-25,TRUE,,12.5KG,2,LPG_Nov_Dec_2025.zip,GAS PRICE WATCH DECEMBER 2025_.xlsx,LPG DECEMBER 2025,21,12,L21
2025-12-01,2025-12-01,12.5,STATE,Katsina,Katsina,Katsina,North West,FALSE,12139.48804344,NGN per refill,Average of Dec-25,TRUE,,12.5KG,2,LPG_Nov_Dec_2025.zip,GAS PRICE WATCH DECEMBER 2025_.xlsx,LPG DECEMBER 2025,22,12,L22
2025-12-01,2025-12-01,12.5,STATE,Kebbi,Taraba,Kebbi,North West,FALSE,13420.2626235,NGN per refill,Average of Dec-25,TRUE,LPG_12_5KG_KEBBI_LABELLED_TARABA,12.5KG,2,LPG_Nov_Dec_2025.zip,GAS PRICE WATCH DECEMBER 2025_.xlsx,LPG DECEMBER 2025,23,12,L23
2025-12-01,2025-12-01,12.5,STATE,Kogi,Kogi,Kogi,North Central,FALSE,13622.676218,NGN per refill,Average of Dec-25,TRUE,,12.5KG,2,LPG_Nov_Dec_2025.zip,GAS PRICE WATCH DECEMBER 2025_.xlsx,LPG DECEMBER 2025,6,12,L6
2025-12-01,2025-12-01,12.5,STATE,Kwara,Kwara,Kwara,North Central,FALSE,13597.3349967667,NGN per refill,Average of Dec-25,TRUE,,12.5KG,2,LPG_Nov_Dec_2025.zip,GAS PRICE WATCH DECEMBER 2025_.xlsx,LPG DECEMBER 2025,7,12,L7
2025-12-01,2025-12-01,12.5,STATE,Lagos,Lagos,Lagos,South West,FALSE,13207.7067295714,NGN per refill,Average of Dec-25,TRUE,,12.5KG,2,LPG_Nov_Dec_2025.zip,GAS PRICE WATCH DECEMBER 2025_.xlsx,LPG DECEMBER 2025,41,12,L41
2025-12-01,2025-12-01,12.5,STATE,Nasarawa,Nasarawa,Nasarawa,North Central,FALSE,13514.47709452,NGN per refill,Average of Dec-25,TRUE,,12.5KG,2,LPG_Nov_Dec_2025.zip,GAS PRICE WATCH DECEMBER 2025_.xlsx,LPG DECEMBER 2025,8,12,L8
2025-12-01,2025-12-01,12.5,STATE,Niger,Niger,Niger,North Central,FALSE,13039.6459242,NGN per refill,Average of Dec-25,TRUE,,12.5KG,2,LPG_Nov_Dec_2025.zip,GAS PRICE WATCH DECEMBER 2025_.xlsx,LPG DECEMBER 2025,9,12,L9
2025-12-01,2025-12-01,12.5,STATE,Ogun,Ogun,Ogun,South West,FALSE,13342.1496563,NGN per refill,Average of Dec-25,TRUE,,12.5KG,2,LPG_Nov_Dec_2025.zip,GAS PRICE WATCH DECEMBER 2025_.xlsx,LPG DECEMBER 2025,42,12,L42
2025-12-01,2025-12-01,12.5,STATE,Ondo,Ondo,Ondo,South West,FALSE,13181.8056109583,NGN per refill,Average of Dec-25,TRUE,,12.5KG,2,LPG_Nov_Dec_2025.zip,GAS PRICE WATCH DECEMBER 2025_.xlsx,LPG DECEMBER 2025,43,12,L43
2025-12-01,2025-12-01,12.5,STATE,Osun,Osun,Osun,South West,FALSE,14444.5047569667,NGN per refill,Average of Dec-25,TRUE,,12.5KG,2,LPG_Nov_Dec_2025.zip,GAS PRICE WATCH DECEMBER 2025_.xlsx,LPG DECEMBER 2025,44,12,L44
2025-12-01,2025-12-01,12.5,STATE,Oyo,Oyo,Oyo,South West,FALSE,13689.7978442714,NGN per refill,Average of Dec-25,TRUE,,12.5KG,2,LPG_Nov_Dec_2025.zip,GAS PRICE WATCH DECEMBER 2025_.xlsx,LPG DECEMBER 2025,45,12,L45
2025-12-01,2025-12-01,12.5,STATE,Plateau,Plateau,Plateau,North Central,FALSE,13660.8764322125,NGN per refill,Average of Dec-25,TRUE,,12.5KG,2,LPG_Nov_Dec_2025.zip,GAS PRICE WATCH DECEMBER 2025_.xlsx,LPG DECEMBER 2025,10,12,L10
2025-12-01,2025-12-01,12.5,STATE,Rivers,Rivers,Rivers,South South,FALSE,13052.0281345643,NGN per refill,Average of Dec-25,TRUE,,12.5KG,2,LPG_Nov_Dec_2025.zip,GAS PRICE WATCH DECEMBER 2025_.xlsx,LPG DECEMBER 2025,38,12,L38
2025-12-01,2025-12-01,12.5,STATE,Sokoto,Sokoto,Sokoto,North West,FALSE,12745.60960862,NGN per refill,Average of Dec-25,TRUE,,12.5KG,2,LPG_Nov_Dec_2025.zip,GAS PRICE WATCH DECEMBER 2025_.xlsx,LPG DECEMBER 2025,24,12,L24
2025-12-01,2025-12-01,12.5,STATE,Taraba,Taraba,Taraba,North East,FALSE,13305.5505264667,NGN per refill,Average of Dec-25,TRUE,,12.5KG,2,LPG_Nov_Dec_2025.zip,GAS PRICE WATCH DECEMBER 2025_.xlsx,LPG DECEMBER 2025,16,12,L16
2025-12-01,2025-12-01,12.5,STATE,Yobe,Yobe,Yobe,North East,FALSE,13205.7004030833,NGN per refill,Average of Dec-25,TRUE,,12.5KG,2,LPG_Nov_Dec_2025.zip,GAS PRICE WATCH DECEMBER 2025_.xlsx,LPG DECEMBER 2025,17,12,L17
2025-12-01,2025-12-01,12.5,STATE,Zamfara,Zamfara,Zamfara,North West,FALSE,13982.8752552063,NGN per refill,Average of Dec-25,TRUE,,12.5KG,2,LPG_Nov_Dec_2025.zip,GAS PRICE WATCH DECEMBER 2025_.xlsx,LPG DECEMBER 2025,25,12,L25
2025-12-01,2025-12-01,12.5,ZONE,North Central,NORTH CENTRAL,,North Central,TRUE,13403.817215301673,NGN per refill,Average of Dec-25,TRUE,,12.5KG,2,LPG_Nov_Dec_2025.zip,GAS PRICE WATCH DECEMBER 2025_.xlsx,LPG DECEMBER 2025,3,12,L3
2025-12-01,2025-12-01,12.5,ZONE,North East,NORTH EAST,,North East,TRUE,13172.487769696569,NGN per refill,Average of Dec-25,TRUE,,12.5KG,2,LPG_Nov_Dec_2025.zip,GAS PRICE WATCH DECEMBER 2025_.xlsx,LPG DECEMBER 2025,11,12,L11
2025-12-01,2025-12-01,12.5,ZONE,North West,NORTH WEST,,North West,TRUE,13527.906679601143,NGN per refill,Average of Dec-25,TRUE,,12.5KG,2,LPG_Nov_Dec_2025.zip,GAS PRICE WATCH DECEMBER 2025_.xlsx,LPG DECEMBER 2025,18,12,L18
2025-12-01,2025-12-01,12.5,ZONE,South East,SOUTH EAST,,South East,TRUE,13664.79006658954,NGN per refill,Average of Dec-25,TRUE,,12.5KG,2,LPG_Nov_Dec_2025.zip,GAS PRICE WATCH DECEMBER 2025_.xlsx,LPG DECEMBER 2025,26,12,L26
2025-12-01,2025-12-01,12.5,ZONE,South South,SOUTH SOUTH,,South South,TRUE,13307.334913178282,NGN per refill,Average of Dec-25,TRUE,,12.5KG,2,LPG_Nov_Dec_2025.zip,GAS PRICE WATCH DECEMBER 2025_.xlsx,LPG DECEMBER 2025,32,12,L32
2025-12-01,2025-12-01,12.5,ZONE,South West,SOUTH WEST,,South West,TRUE,13585.740599355348,NGN per refill,Average of Dec-25,TRUE,,12.5KG,2,LPG_Nov_Dec_2025.zip,GAS PRICE WATCH DECEMBER 2025_.xlsx,LPG DECEMBER 2025,39,12,L39
2025-12-01,2025-12-01,12.5,NATIONAL,Nigeria,Average,,,TRUE,13438.902629476992,NGN per refill,Average of Dec-25,TRUE,,12.5KG,2,LPG_Nov_Dec_2025.zip,GAS PRICE WATCH DECEMBER 2025_.xlsx,LPG DECEMBER 2025,46,12,L46
2026-01-01,2025-01-01,5.0,STATE,Abia,Abia,Abia,South East,FALSE,6773.733272,NGN per refill,Average of Jan-25,FALSE,,5KG,2,LPG_Report_Report_Jan2026.zip,GAS PRICE WATCH JANUARY 2026_table.xlsx,LPG JANUARY 2026,27,2,B27
2026-01-01,2025-01-01,5.0,STATE,Abuja,Abuja,Abuja,North Central,FALSE,7150,NGN per refill,Average of Jan-25,FALSE,,5KG,2,LPG_Report_Report_Jan2026.zip,GAS PRICE WATCH JANUARY 2026_table.xlsx,LPG JANUARY 2026,4,2,B4
2026-01-01,2025-01-01,5.0,STATE,Adamawa,Adamawa,Adamawa,North East,FALSE,6680,NGN per refill,Average of Jan-25,FALSE,,5KG,2,LPG_Report_Report_Jan2026.zip,GAS PRICE WATCH JANUARY 2026_table.xlsx,LPG JANUARY 2026,12,2,B12
2026-01-01,2025-01-01,5.0,STATE,Akwa Ibom,Akwa Ibom,Akwa Ibom,South South,FALSE,7300,NGN per refill,Average of Jan-25,FALSE,,5KG,2,LPG_Report_Report_Jan2026.zip,GAS PRICE WATCH JANUARY 2026_table.xlsx,LPG JANUARY 2026,33,2,B33
2026-01-01,2025-01-01,5.0,STATE,Anambra,Anambra,Anambra,South East,FALSE,6875,NGN per refill,Average of Jan-25,FALSE,,5KG,2,LPG_Report_Report_Jan2026.zip,GAS PRICE WATCH JANUARY 2026_table.xlsx,LPG JANUARY 2026,28,2,B28
2026-01-01,2025-01-01,5.0,STATE,Bauchi,Bauchi,Bauchi,North East,FALSE,7320,NGN per refill,Average of Jan-25,FALSE,,5KG,2,LPG_Report_Report_Jan2026.zip,GAS PRICE WATCH JANUARY 2026_table.xlsx,LPG JANUARY 2026,13,2,B13
2026-01-01,2025-01-01,5.0,STATE,Bayelsa,Bayelsa,Bayelsa,South South,FALSE,6870,NGN per refill,Average of Jan-25,FALSE,,5KG,2,LPG_Report_Report_Jan2026.zip,GAS PRICE WATCH JANUARY 2026_table.xlsx,LPG JANUARY 2026,34,2,B34
2026-01-01,2025-01-01,5.0,STATE,Benue,Benue,Benue,North Central,FALSE,7190,NGN per refill,Average of Jan-25,FALSE,,5KG,2,LPG_Report_Report_Jan2026.zip,GAS PRICE WATCH JANUARY 2026_table.xlsx,LPG JANUARY 2026,5,2,B5
2026-01-01,2025-01-01,5.0,STATE,Borno,Borno,Borno,North East,FALSE,6756,NGN per refill,Average of Jan-25,FALSE,,5KG,2,LPG_Report_Report_Jan2026.zip,GAS PRICE WATCH JANUARY 2026_table.xlsx,LPG JANUARY 2026,14,2,B14
2026-01-01,2025-01-01,5.0,STATE,Cross River,Cross River,Cross River,South South,FALSE,6990,NGN per refill,Average of Jan-25,FALSE,,5KG,2,LPG_Report_Report_Jan2026.zip,GAS PRICE WATCH JANUARY 2026_table.xlsx,LPG JANUARY 2026,35,2,B35
2026-01-01,2025-01-01,5.0,STATE,Delta,Delta,Delta,South South,FALSE,6616,NGN per refill,Average of Jan-25,FALSE,,5KG,2,LPG_Report_Report_Jan2026.zip,GAS PRICE WATCH JANUARY 2026_table.xlsx,LPG JANUARY 2026,36,2,B36
2026-01-01,2025-01-01,5.0,STATE,Ebonyi,Ebonyi,Ebonyi,South East,FALSE,7032,NGN per refill,Average of Jan-25,FALSE,,5KG,2,LPG_Report_Report_Jan2026.zip,GAS PRICE WATCH JANUARY 2026_table.xlsx,LPG JANUARY 2026,29,2,B29
2026-01-01,2025-01-01,5.0,STATE,Edo,Edo,Edo,South South,FALSE,6964.44444444444,NGN per refill,Average of Jan-25,FALSE,,5KG,2,LPG_Report_Report_Jan2026.zip,GAS PRICE WATCH JANUARY 2026_table.xlsx,LPG JANUARY 2026,37,2,B37
2026-01-01,2025-01-01,5.0,STATE,Ekiti,Ekiti,Ekiti,South West,FALSE,7092.799999999999,NGN per refill,Average of Jan-25,FALSE,,5KG,2,LPG_Report_Report_Jan2026.zip,GAS PRICE WATCH JANUARY 2026_table.xlsx,LPG JANUARY 2026,40,2,B40
2026-01-01,2025-01-01,5.0,STATE,Enugu,Enugu,Enugu,South East,FALSE,7094.444444444439,NGN per refill,Average of Jan-25,FALSE,,5KG,2,LPG_Report_Report_Jan2026.zip,GAS PRICE WATCH JANUARY 2026_table.xlsx,LPG JANUARY 2026,30,2,B30
2026-01-01,2025-01-01,5.0,STATE,Gombe,Gombe,Gombe,North East,FALSE,7260,NGN per refill,Average of Jan-25,FALSE,,5KG,2,LPG_Report_Report_Jan2026.zip,GAS PRICE WATCH JANUARY 2026_table.xlsx,LPG JANUARY 2026,15,2,B15
2026-01-01,2025-01-01,5.0,STATE,Imo,Imo,Imo,South East,FALSE,7055.589970833321,NGN per refill,Average of Jan-25,FALSE,,5KG,2,LPG_Report_Report_Jan2026.zip,GAS PRICE WATCH JANUARY 2026_table.xlsx,LPG JANUARY 2026,31,2,B31
2026-01-01,2025-01-01,5.0,STATE,Jigawa,Jigawa,Jigawa,North West,FALSE,7137.5,NGN per refill,Average of Jan-25,FALSE,,5KG,2,LPG_Report_Report_Jan2026.zip,GAS PRICE WATCH JANUARY 2026_table.xlsx,LPG JANUARY 2026,19,2,B19
2026-01-01,2025-01-01,5.0,STATE,Kaduna,Kaduna,Kaduna,North West,FALSE,6787.5,NGN per refill,Average of Jan-25,FALSE,,5KG,2,LPG_Report_Report_Jan2026.zip,GAS PRICE WATCH JANUARY 2026_table.xlsx,LPG JANUARY 2026,20,2,B20
2026-01-01,2025-01-01,5.0,STATE,Kano,Kano,Kano,North West,FALSE,6708,NGN per refill,Average of Jan-25,FALSE,,5KG,2,LPG_Report_Report_Jan2026.zip,GAS PRICE WATCH JANUARY 2026_table.xlsx,LPG JANUARY 2026,21,2,B21
2026-01-01,2025-01-01,5.0,STATE,Katsina,Katsina,Katsina,North West,FALSE,6960,NGN per refill,Average of Jan-25,FALSE,,5KG,2,LPG_Report_Report_Jan2026.zip,GAS PRICE WATCH JANUARY 2026_table.xlsx,LPG JANUARY 2026,22,2,B22
2026-01-01,2025-01-01,5.0,STATE,Kebbi,Kebbi,Kebbi,North West,FALSE,6397.5,NGN per refill,Average of Jan-25,FALSE,,5KG,2,LPG_Report_Report_Jan2026.zip,GAS PRICE WATCH JANUARY 2026_table.xlsx,LPG JANUARY 2026,23,2,B23
2026-01-01,2025-01-01,5.0,STATE,Kogi,Kogi,Kogi,North Central,FALSE,6677.333333333319,NGN per refill,Average of Jan-25,FALSE,,5KG,2,LPG_Report_Report_Jan2026.zip,GAS PRICE WATCH JANUARY 2026_table.xlsx,LPG JANUARY 2026,6,2,B6
2026-01-01,2025-01-01,5.0,STATE,Kwara,Kwara,Kwara,North Central,FALSE,6785.941994999999,NGN per refill,Average of Jan-25,FALSE,,5KG,2,LPG_Report_Report_Jan2026.zip,GAS PRICE WATCH JANUARY 2026_table.xlsx,LPG JANUARY 2026,7,2,B7
2026-01-01,2025-01-01,5.0,STATE,Lagos,Lagos,Lagos,South West,FALSE,7466.66666666667,NGN per refill,Average of Jan-25,FALSE,,5KG,2,LPG_Report_Report_Jan2026.zip,GAS PRICE WATCH JANUARY 2026_table.xlsx,LPG JANUARY 2026,41,2,B41
2026-01-01,2025-01-01,5.0,STATE,Nasarawa,Nasarawa,Nasarawa,North Central,FALSE,7052,NGN per refill,Average of Jan-25,FALSE,,5KG,2,LPG_Report_Report_Jan2026.zip,GAS PRICE WATCH JANUARY 2026_table.xlsx,LPG JANUARY 2026,8,2,B8
2026-01-01,2025-01-01,5.0,STATE,Niger,Niger,Niger,North Central,FALSE,6660,NGN per refill,Average of Jan-25,FALSE,,5KG,2,LPG_Report_Report_Jan2026.zip,GAS PRICE WATCH JANUARY 2026_table.xlsx,LPG JANUARY 2026,9,2,B9
2026-01-01,2025-01-01,5.0,STATE,Ogun,Ogun,Ogun,South West,FALSE,7022.8571428571595,NGN per refill,Average of Jan-25,FALSE,,5KG,2,LPG_Report_Report_Jan2026.zip,GAS PRICE WATCH JANUARY 2026_table.xlsx,LPG JANUARY 2026,42,2,B42
2026-01-01,2025-01-01,5.0,STATE,Ondo,Ondo,Ondo,South West,FALSE,6593.666666666681,NGN per refill,Average of Jan-25,FALSE,,5KG,2,LPG_Report_Report_Jan2026.zip,GAS PRICE WATCH JANUARY 2026_table.xlsx,LPG JANUARY 2026,43,2,B43
2026-01-01,2025-01-01,5.0,STATE,Osun,Osun,Osun,South West,FALSE,7222.22222222224,NGN per refill,Average of Jan-25,FALSE,,5KG,2,LPG_Report_Report_Jan2026.zip,GAS PRICE WATCH JANUARY 2026_table.xlsx,LPG JANUARY 2026,44,2,B44
2026-01-01,2025-01-01,5.0,STATE,Oyo,Oyo,Oyo,South West,FALSE,7285.714285714285,NGN per refill,Average of Jan-25,FALSE,,5KG,2,LPG_Report_Report_Jan2026.zip,GAS PRICE WATCH JANUARY 2026_table.xlsx,LPG JANUARY 2026,45,2,B45
2026-01-01,2025-01-01,5.0,STATE,Plateau,Plateau,Plateau,North Central,FALSE,7596.7970749999995,NGN per refill,Average of Jan-25,FALSE,,5KG,2,LPG_Report_Report_Jan2026.zip,GAS PRICE WATCH JANUARY 2026_table.xlsx,LPG JANUARY 2026,10,2,B10
2026-01-01,2025-01-01,5.0,STATE,Rivers,Rivers,Rivers,South South,FALSE,7504.444444444439,NGN per refill,Average of Jan-25,FALSE,,5KG,2,LPG_Report_Report_Jan2026.zip,GAS PRICE WATCH JANUARY 2026_table.xlsx,LPG JANUARY 2026,38,2,B38
2026-01-01,2025-01-01,5.0,STATE,Sokoto,Sokoto,Sokoto,North West,FALSE,7006.666666666668,NGN per refill,Average of Jan-25,FALSE,,5KG,2,LPG_Report_Report_Jan2026.zip,GAS PRICE WATCH JANUARY 2026_table.xlsx,LPG JANUARY 2026,24,2,B24
2026-01-01,2025-01-01,5.0,STATE,Taraba,Taraba,Taraba,North East,FALSE,8120,NGN per refill,Average of Jan-25,FALSE,,5KG,2,LPG_Report_Report_Jan2026.zip,GAS PRICE WATCH JANUARY 2026_table.xlsx,LPG JANUARY 2026,16,2,B16
2026-01-01,2025-01-01,5.0,STATE,Yobe,Yobe,Yobe,North East,FALSE,7760,NGN per refill,Average of Jan-25,FALSE,,5KG,2,LPG_Report_Report_Jan2026.zip,GAS PRICE WATCH JANUARY 2026_table.xlsx,LPG JANUARY 2026,17,2,B17
2026-01-01,2025-01-01,5.0,STATE,Zamfara,Zamfara,Zamfara,North West,FALSE,6750,NGN per refill,Average of Jan-25,FALSE,,5KG,2,LPG_Report_Report_Jan2026.zip,GAS PRICE WATCH JANUARY 2026_table.xlsx,LPG JANUARY 2026,25,2,B25
2026-01-01,2025-01-01,5.0,ZONE,North Central,NORTH CENTRAL,,North Central,TRUE,7016.0103433333325,NGN per refill,Average of Jan-25,FALSE,,5KG,2,LPG_Report_Report_Jan2026.zip,GAS PRICE WATCH JANUARY 2026_table.xlsx,LPG JANUARY 2026,3,2,B3
2026-01-01,2025-01-01,5.0,ZONE,North East,NORTH EAST,,North East,TRUE,7316,NGN per refill,Average of Jan-25,FALSE,,5KG,2,LPG_Report_Report_Jan2026.zip,GAS PRICE WATCH JANUARY 2026_table.xlsx,LPG JANUARY 2026,11,2,B11
2026-01-01,2025-01-01,5.0,ZONE,North West,NORTH WEST,,North West,TRUE,6821.02380952381,NGN per refill,Average of Jan-25,FALSE,,5KG,2,LPG_Report_Report_Jan2026.zip,GAS PRICE WATCH JANUARY 2026_table.xlsx,LPG JANUARY 2026,18,2,B18
2026-01-01,2025-01-01,5.0,ZONE,South East,SOUTH EAST,,South East,TRUE,6966.1535374555515,NGN per refill,Average of Jan-25,FALSE,,5KG,2,LPG_Report_Report_Jan2026.zip,GAS PRICE WATCH JANUARY 2026_table.xlsx,LPG JANUARY 2026,26,2,B26
2026-01-01,2025-01-01,5.0,ZONE,South South,SOUTH SOUTH,,South South,TRUE,7040.814814814813,NGN per refill,Average of Jan-25,FALSE,,5KG,2,LPG_Report_Report_Jan2026.zip,GAS PRICE WATCH JANUARY 2026_table.xlsx,LPG JANUARY 2026,32,2,B32
2026-01-01,2025-01-01,5.0,ZONE,South West,SOUTH WEST,,South West,TRUE,7113.987830687838,NGN per refill,Average of Jan-25,FALSE,,5KG,2,LPG_Report_Report_Jan2026.zip,GAS PRICE WATCH JANUARY 2026_table.xlsx,LPG JANUARY 2026,39,2,B39
2026-01-01,2025-01-01,5.0,NATIONAL,Nigeria,Average,,,TRUE,7040.9411521700995,NGN per refill,Average of Jan-25,FALSE,,5KG,2,LPG_Report_Report_Jan2026.zip,GAS PRICE WATCH JANUARY 2026_table.xlsx,LPG JANUARY 2026,46,2,B46
2026-01-01,2025-01-01,12.5,STATE,Abia,Abia,Abia,South East,FALSE,16334.33318,NGN per refill,Average of Jan-25,FALSE,,12KG,2,LPG_Report_Report_Jan2026.zip,GAS PRICE WATCH JANUARY 2026_table.xlsx,LPG JANUARY 2026,27,10,J27
2026-01-01,2025-01-01,12.5,STATE,Abuja,Abuja,Abuja,North Central,FALSE,17550,NGN per refill,Average of Jan-25,FALSE,,12KG,2,LPG_Report_Report_Jan2026.zip,GAS PRICE WATCH JANUARY 2026_table.xlsx,LPG JANUARY 2026,4,10,J4
2026-01-01,2025-01-01,12.5,STATE,Adamawa,Adamawa,Adamawa,North East,FALSE,16700,NGN per refill,Average of Jan-25,FALSE,,12KG,2,LPG_Report_Report_Jan2026.zip,GAS PRICE WATCH JANUARY 2026_table.xlsx,LPG JANUARY 2026,12,10,J12
2026-01-01,2025-01-01,12.5,STATE,Akwa Ibom,Akwa Ibom,Akwa Ibom,South South,FALSE,18500,NGN per refill,Average of Jan-25,FALSE,,12KG,2,LPG_Report_Report_Jan2026.zip,GAS PRICE WATCH JANUARY 2026_table.xlsx,LPG JANUARY 2026,33,10,J33
2026-01-01,2025-01-01,12.5,STATE,Anambra,Anambra,Anambra,South East,FALSE,17187.5,NGN per refill,Average of Jan-25,FALSE,,12KG,2,LPG_Report_Report_Jan2026.zip,GAS PRICE WATCH JANUARY 2026_table.xlsx,LPG JANUARY 2026,28,10,J28
2026-01-01,2025-01-01,12.5,STATE,Bauchi,Bauchi,Bauchi,North East,FALSE,18300,NGN per refill,Average of Jan-25,FALSE,,12KG,2,LPG_Report_Report_Jan2026.zip,GAS PRICE WATCH JANUARY 2026_table.xlsx,LPG JANUARY 2026,13,10,J13
2026-01-01,2025-01-01,12.5,STATE,Bayelsa,Bayelsa,Bayelsa,South South,FALSE,17500,NGN per refill,Average of Jan-25,FALSE,,12KG,2,LPG_Report_Report_Jan2026.zip,GAS PRICE WATCH JANUARY 2026_table.xlsx,LPG JANUARY 2026,34,10,J34
2026-01-01,2025-01-01,12.5,STATE,Benue,Benue,Benue,North Central,FALSE,17975,NGN per refill,Average of Jan-25,FALSE,,12KG,2,LPG_Report_Report_Jan2026.zip,GAS PRICE WATCH JANUARY 2026_table.xlsx,LPG JANUARY 2026,5,10,J5
2026-01-01,2025-01-01,12.5,STATE,Borno,Borno,Borno,North East,FALSE,16890,NGN per refill,Average of Jan-25,FALSE,,12KG,2,LPG_Report_Report_Jan2026.zip,GAS PRICE WATCH JANUARY 2026_table.xlsx,LPG JANUARY 2026,14,10,J14
2026-01-01,2025-01-01,12.5,STATE,Cross River,Cross River,Cross River,South South,FALSE,17475,NGN per refill,Average of Jan-25,FALSE,,12KG,2,LPG_Report_Report_Jan2026.zip,GAS PRICE WATCH JANUARY 2026_table.xlsx,LPG JANUARY 2026,35,10,J35
2026-01-01,2025-01-01,12.5,STATE,Delta,Delta,Delta,South South,FALSE,16540,NGN per refill,Average of Jan-25,FALSE,,12KG,2,LPG_Report_Report_Jan2026.zip,GAS PRICE WATCH JANUARY 2026_table.xlsx,LPG JANUARY 2026,36,10,J36
2026-01-01,2025-01-01,12.5,STATE,Ebonyi,Ebonyi,Ebonyi,South East,FALSE,17580,NGN per refill,Average of Jan-25,FALSE,,12KG,2,LPG_Report_Report_Jan2026.zip,GAS PRICE WATCH JANUARY 2026_table.xlsx,LPG JANUARY 2026,29,10,J29
2026-01-01,2025-01-01,12.5,STATE,Edo,Edo,Edo,South South,FALSE,17561.1111111111,NGN per refill,Average of Jan-25,FALSE,,12KG,2,LPG_Report_Report_Jan2026.zip,GAS PRICE WATCH JANUARY 2026_table.xlsx,LPG JANUARY 2026,37,10,J37
2026-01-01,2025-01-01,12.5,STATE,Ekiti,Ekiti,Ekiti,South West,FALSE,17732,NGN per refill,Average of Jan-25,FALSE,,12KG,2,LPG_Report_Report_Jan2026.zip,GAS PRICE WATCH JANUARY 2026_table.xlsx,LPG JANUARY 2026,40,10,J40
2026-01-01,2025-01-01,12.5,STATE,Enugu,Enugu,Enugu,South East,FALSE,17736.1111111111,NGN per refill,Average of Jan-25,FALSE,,12KG,2,LPG_Report_Report_Jan2026.zip,GAS PRICE WATCH JANUARY 2026_table.xlsx,LPG JANUARY 2026,30,10,J30
2026-01-01,2025-01-01,12.5,STATE,Gombe,Gombe,Gombe,North East,FALSE,18150,NGN per refill,Average of Jan-25,FALSE,,12KG,2,LPG_Report_Report_Jan2026.zip,GAS PRICE WATCH JANUARY 2026_table.xlsx,LPG JANUARY 2026,15,10,J15
2026-01-01,2025-01-01,12.5,STATE,Imo,Imo,Imo,South East,FALSE,17638.9749270833,NGN per refill,Average of Jan-25,FALSE,,12KG,2,LPG_Report_Report_Jan2026.zip,GAS PRICE WATCH JANUARY 2026_table.xlsx,LPG JANUARY 2026,31,10,J31
2026-01-01,2025-01-01,12.5,STATE,Jigawa,Jigawa,Jigawa,North West,FALSE,18343.75,NGN per refill,Average of Jan-25,FALSE,,12KG,2,LPG_Report_Report_Jan2026.zip,GAS PRICE WATCH JANUARY 2026_table.xlsx,LPG JANUARY 2026,19,10,J19
2026-01-01,2025-01-01,12.5,STATE,Kaduna,Kaduna,Kaduna,North West,FALSE,16968.75,NGN per refill,Average of Jan-25,FALSE,,12KG,2,LPG_Report_Report_Jan2026.zip,GAS PRICE WATCH JANUARY 2026_table.xlsx,LPG JANUARY 2026,20,10,J20
2026-01-01,2025-01-01,12.5,STATE,Kano,Kano,Kano,North West,FALSE,16770,NGN per refill,Average of Jan-25,FALSE,,12KG,2,LPG_Report_Report_Jan2026.zip,GAS PRICE WATCH JANUARY 2026_table.xlsx,LPG JANUARY 2026,21,10,J21
2026-01-01,2025-01-01,12.5,STATE,Katsina,Katsina,Katsina,North West,FALSE,17400,NGN per refill,Average of Jan-25,FALSE,,12KG,2,LPG_Report_Report_Jan2026.zip,GAS PRICE WATCH JANUARY 2026_table.xlsx,LPG JANUARY 2026,22,10,J22
2026-01-01,2025-01-01,12.5,STATE,Kebbi,Kebbi,Kebbi,North West,FALSE,15993.75,NGN per refill,Average of Jan-25,FALSE,,12KG,2,LPG_Report_Report_Jan2026.zip,GAS PRICE WATCH JANUARY 2026_table.xlsx,LPG JANUARY 2026,23,10,J23
2026-01-01,2025-01-01,12.5,STATE,Kogi,Kogi,Kogi,North Central,FALSE,16693.3333333333,NGN per refill,Average of Jan-25,FALSE,,12KG,2,LPG_Report_Report_Jan2026.zip,GAS PRICE WATCH JANUARY 2026_table.xlsx,LPG JANUARY 2026,6,10,J6
2026-01-01,2025-01-01,12.5,STATE,Kwara,Kwara,Kwara,North Central,FALSE,16964.8549875,NGN per refill,Average of Jan-25,FALSE,,12KG,2,LPG_Report_Report_Jan2026.zip,GAS PRICE WATCH JANUARY 2026_table.xlsx,LPG JANUARY 2026,7,10,J7
2026-01-01,2025-01-01,12.5,STATE,Lagos,Lagos,Lagos,South West,FALSE,16166.666666666666,NGN per refill,Average of Jan-25,FALSE,,12KG,2,LPG_Report_Report_Jan2026.zip,GAS PRICE WATCH JANUARY 2026_table.xlsx,LPG JANUARY 2026,41,10,J41
2026-01-01,2025-01-01,12.5,STATE,Nasarawa,Nasarawa,Nasarawa,North Central,FALSE,15880,NGN per refill,Average of Jan-25,FALSE,,12KG,2,LPG_Report_Report_Jan2026.zip,GAS PRICE WATCH JANUARY 2026_table.xlsx,LPG JANUARY 2026,8,10,J8
2026-01-01,2025-01-01,12.5,STATE,Niger,Niger,Niger,North Central,FALSE,16330,NGN per refill,Average of Jan-25,FALSE,,12KG,2,LPG_Report_Report_Jan2026.zip,GAS PRICE WATCH JANUARY 2026_table.xlsx,LPG JANUARY 2026,9,10,J9
2026-01-01,2025-01-01,12.5,STATE,Ogun,Ogun,Ogun,South West,FALSE,17557.1428571429,NGN per refill,Average of Jan-25,FALSE,,12KG,2,LPG_Report_Report_Jan2026.zip,GAS PRICE WATCH JANUARY 2026_table.xlsx,LPG JANUARY 2026,42,10,J42
2026-01-01,2025-01-01,12.5,STATE,Ondo,Ondo,Ondo,South West,FALSE,16484.1666666667,NGN per refill,Average of Jan-25,FALSE,,12KG,2,LPG_Report_Report_Jan2026.zip,GAS PRICE WATCH JANUARY 2026_table.xlsx,LPG JANUARY 2026,43,10,J43
2026-01-01,2025-01-01,12.5,STATE,Osun,Osun,Osun,South West,FALSE,18055.5555555556,NGN per refill,Average of Jan-25,FALSE,,12KG,2,LPG_Report_Report_Jan2026.zip,GAS PRICE WATCH JANUARY 2026_table.xlsx,LPG JANUARY 2026,44,10,J44
2026-01-01,2025-01-01,12.5,STATE,Oyo,Oyo,Oyo,South West,FALSE,18214.285714285714,NGN per refill,Average of Jan-25,FALSE,,12KG,2,LPG_Report_Report_Jan2026.zip,GAS PRICE WATCH JANUARY 2026_table.xlsx,LPG JANUARY 2026,45,10,J45
2026-01-01,2025-01-01,12.5,STATE,Plateau,Plateau,Plateau,North Central,FALSE,18991.9926875,NGN per refill,Average of Jan-25,FALSE,,12KG,2,LPG_Report_Report_Jan2026.zip,GAS PRICE WATCH JANUARY 2026_table.xlsx,LPG JANUARY 2026,10,10,J10
2026-01-01,2025-01-01,12.5,STATE,Rivers,Rivers,Rivers,South South,FALSE,18761.1111111111,NGN per refill,Average of Jan-25,FALSE,,12KG,2,LPG_Report_Report_Jan2026.zip,GAS PRICE WATCH JANUARY 2026_table.xlsx,LPG JANUARY 2026,38,10,J38
2026-01-01,2025-01-01,12.5,STATE,Sokoto,Sokoto,Sokoto,North West,FALSE,17516.666666666668,NGN per refill,Average of Jan-25,FALSE,,12KG,2,LPG_Report_Report_Jan2026.zip,GAS PRICE WATCH JANUARY 2026_table.xlsx,LPG JANUARY 2026,24,10,J24
2026-01-01,2025-01-01,12.5,STATE,Taraba,Taraba,Taraba,North East,FALSE,18300,NGN per refill,Average of Jan-25,FALSE,,12KG,2,LPG_Report_Report_Jan2026.zip,GAS PRICE WATCH JANUARY 2026_table.xlsx,LPG JANUARY 2026,16,10,J16
2026-01-01,2025-01-01,12.5,STATE,Yobe,Yobe,Yobe,North East,FALSE,19400,NGN per refill,Average of Jan-25,FALSE,,12KG,2,LPG_Report_Report_Jan2026.zip,GAS PRICE WATCH JANUARY 2026_table.xlsx,LPG JANUARY 2026,17,10,J17
2026-01-01,2025-01-01,12.5,STATE,Zamfara,Zamfara,Zamfara,North West,FALSE,16875,NGN per refill,Average of Jan-25,FALSE,,12KG,2,LPG_Report_Report_Jan2026.zip,GAS PRICE WATCH JANUARY 2026_table.xlsx,LPG JANUARY 2026,25,10,J25
2026-01-01,2025-01-01,12.5,ZONE,North Central,NORTH CENTRAL,,North Central,TRUE,17197.883001190472,NGN per refill,Average of Jan-25,FALSE,,12KG,2,LPG_Report_Report_Jan2026.zip,GAS PRICE WATCH JANUARY 2026_table.xlsx,LPG JANUARY 2026,3,10,J3
2026-01-01,2025-01-01,12.5,ZONE,North East,NORTH EAST,,North East,TRUE,17956.666666666668,NGN per refill,Average of Jan-25,FALSE,,12KG,2,LPG_Report_Report_Jan2026.zip,GAS PRICE WATCH JANUARY 2026_table.xlsx,LPG JANUARY 2026,11,10,J11
2026-01-01,2025-01-01,12.5,ZONE,North West,NORTH WEST,,North West,TRUE,17123.988095238095,NGN per refill,Average of Jan-25,FALSE,,12KG,2,LPG_Report_Report_Jan2026.zip,GAS PRICE WATCH JANUARY 2026_table.xlsx,LPG JANUARY 2026,18,10,J18
2026-01-01,2025-01-01,12.5,ZONE,South East,SOUTH EAST,,South East,TRUE,17295.38384363888,NGN per refill,Average of Jan-25,FALSE,,12KG,2,LPG_Report_Report_Jan2026.zip,GAS PRICE WATCH JANUARY 2026_table.xlsx,LPG JANUARY 2026,26,10,J26
2026-01-01,2025-01-01,12.5,ZONE,South South,SOUTH SOUTH,,South South,TRUE,17722.870370370365,NGN per refill,Average of Jan-25,FALSE,,12KG,2,LPG_Report_Report_Jan2026.zip,GAS PRICE WATCH JANUARY 2026_table.xlsx,LPG JANUARY 2026,32,10,J32
2026-01-01,2025-01-01,12.5,ZONE,South West,SOUTH WEST,,South West,TRUE,17368.302910052927,NGN per refill,Average of Jan-25,FALSE,,12KG,2,LPG_Report_Report_Jan2026.zip,GAS PRICE WATCH JANUARY 2026_table.xlsx,LPG JANUARY 2026,39,10,J39
2026-01-01,2025-01-01,12.5,NATIONAL,Nigeria,Average,,,TRUE,17432.893420965793,NGN per refill,Average of Jan-25,FALSE,,12KG,2,LPG_Report_Report_Jan2026.zip,GAS PRICE WATCH JANUARY 2026_table.xlsx,LPG JANUARY 2026,46,10,J46
2026-01-01,2025-12-01,5.0,STATE,Abia,Abia,Abia,South East,FALSE,5755.9833223900005,NGN per refill,Average of Dec-25,FALSE,,5KG,2,LPG_Report_Report_Jan2026.zip,GAS PRICE WATCH JANUARY 2026_table.xlsx,LPG JANUARY 2026,27,3,C27
2026-01-01,2025-12-01,5.0,STATE,Abuja,Abuja,Abuja,North Central,FALSE,4935.16129391,NGN per refill,Average of Dec-25,FALSE,,5KG,2,LPG_Report_Report_Jan2026.zip,GAS PRICE WATCH JANUARY 2026_table.xlsx,LPG JANUARY 2026,4,3,C4
2026-01-01,2025-12-01,5.0,STATE,Adamawa,Adamawa,Adamawa,North East,FALSE,5578.156257024,NGN per refill,Average of Dec-25,FALSE,,5KG,2,LPG_Report_Report_Jan2026.zip,GAS PRICE WATCH JANUARY 2026_table.xlsx,LPG JANUARY 2026,12,3,C12
2026-01-01,2025-12-01,5.0,STATE,Akwa Ibom,Akwa Ibom,Akwa Ibom,South South,FALSE,5715.32739531428,NGN per refill,Average of Dec-25,FALSE,,5KG,2,LPG_Report_Report_Jan2026.zip,GAS PRICE WATCH JANUARY 2026_table.xlsx,LPG JANUARY 2026,33,3,C33
2026-01-01,2025-12-01,5.0,STATE,Anambra,Anambra,Anambra,South East,FALSE,5276.2470947457205,NGN per refill,Average of Dec-25,FALSE,,5KG,2,LPG_Report_Report_Jan2026.zip,GAS PRICE WATCH JANUARY 2026_table.xlsx,LPG JANUARY 2026,28,3,C28
2026-01-01,2025-12-01,5.0,STATE,Bauchi,Bauchi,Bauchi,North East,FALSE,5045.63407946,NGN per refill,Average of Dec-25,FALSE,,5KG,2,LPG_Report_Report_Jan2026.zip,GAS PRICE WATCH JANUARY 2026_table.xlsx,LPG JANUARY 2026,13,3,C13
2026-01-01,2025-12-01,5.0,STATE,Bayelsa,Bayelsa,Bayelsa,South South,FALSE,5048.18973839332,NGN per refill,Average of Dec-25,FALSE,,5KG,2,LPG_Report_Report_Jan2026.zip,GAS PRICE WATCH JANUARY 2026_table.xlsx,LPG JANUARY 2026,34,3,C34
2026-01-01,2025-12-01,5.0,STATE,Benue,Benue,Benue,North Central,FALSE,5221.522642655,NGN per refill,Average of Dec-25,FALSE,,5KG,2,LPG_Report_Report_Jan2026.zip,GAS PRICE WATCH JANUARY 2026_table.xlsx,LPG JANUARY 2026,5,3,C5
2026-01-01,2025-12-01,5.0,STATE,Borno,Borno,Borno,North East,FALSE,5500.04473425,NGN per refill,Average of Dec-25,FALSE,,5KG,2,LPG_Report_Report_Jan2026.zip,GAS PRICE WATCH JANUARY 2026_table.xlsx,LPG JANUARY 2026,14,3,C14
2026-01-01,2025-12-01,5.0,STATE,Cross River,Cross River,Cross River,South South,FALSE,4890.99888909,NGN per refill,Average of Dec-25,FALSE,,5KG,2,LPG_Report_Report_Jan2026.zip,GAS PRICE WATCH JANUARY 2026_table.xlsx,LPG JANUARY 2026,35,3,C35
2026-01-01,2025-12-01,5.0,STATE,Delta,Delta,Delta,South South,FALSE,5757.26629955456,NGN per refill,Average of Dec-25,FALSE,,5KG,2,LPG_Report_Report_Jan2026.zip,GAS PRICE WATCH JANUARY 2026_table.xlsx,LPG JANUARY 2026,36,3,C36
2026-01-01,2025-12-01,5.0,STATE,Ebonyi,Ebonyi,Ebonyi,South East,FALSE,5403.75088926,NGN per refill,Average of Dec-25,FALSE,,5KG,2,LPG_Report_Report_Jan2026.zip,GAS PRICE WATCH JANUARY 2026_table.xlsx,LPG JANUARY 2026,29,3,C29
2026-01-01,2025-12-01,5.0,STATE,Edo,Edo,Edo,South South,FALSE,4905.01021545,NGN per refill,Average of Dec-25,FALSE,,5KG,2,LPG_Report_Report_Jan2026.zip,GAS PRICE WATCH JANUARY 2026_table.xlsx,LPG JANUARY 2026,37,3,C37
2026-01-01,2025-12-01,5.0,STATE,Ekiti,Ekiti,Ekiti,South West,FALSE,5459.39159922572,NGN per refill,Average of Dec-25,FALSE,,5KG,2,LPG_Report_Report_Jan2026.zip,GAS PRICE WATCH JANUARY 2026_table.xlsx,LPG JANUARY 2026,40,3,C40
2026-01-01,2025-12-01,5.0,STATE,Enugu,Enugu,Enugu,South East,FALSE,5683.71011846668,NGN per refill,Average of Dec-25,FALSE,,5KG,2,LPG_Report_Report_Jan2026.zip,GAS PRICE WATCH JANUARY 2026_table.xlsx,LPG JANUARY 2026,30,3,C30
2026-01-01,2025-12-01,5.0,STATE,Gombe,Gombe,Gombe,North East,FALSE,4885.63520471776,NGN per refill,Average of Dec-25,FALSE,,5KG,2,LPG_Report_Report_Jan2026.zip,GAS PRICE WATCH JANUARY 2026_table.xlsx,LPG JANUARY 2026,15,3,C15
2026-01-01,2025-12-01,5.0,STATE,Imo,Imo,Imo,South East,FALSE,5169.88870831668,NGN per refill,Average of Dec-25,FALSE,,5KG,2,LPG_Report_Report_Jan2026.zip,GAS PRICE WATCH JANUARY 2026_table.xlsx,LPG JANUARY 2026,31,3,C31
2026-01-01,2025-12-01,5.0,STATE,Jigawa,Jigawa,Jigawa,North West,FALSE,5825.08562048,NGN per refill,Average of Dec-25,FALSE,,5KG,2,LPG_Report_Report_Jan2026.zip,GAS PRICE WATCH JANUARY 2026_table.xlsx,LPG JANUARY 2026,19,3,C19
2026-01-01,2025-12-01,5.0,STATE,Kaduna,Kaduna,Kaduna,North West,FALSE,5838.660063339999,NGN per refill,Average of Dec-25,FALSE,,5KG,2,LPG_Report_Report_Jan2026.zip,GAS PRICE WATCH JANUARY 2026_table.xlsx,LPG JANUARY 2026,20,3,C20
2026-01-01,2025-12-01,5.0,STATE,Kano,Kano,Kano,North West,FALSE,5579.09880675668,NGN per refill,Average of Dec-25,FALSE,,5KG,2,LPG_Report_Report_Jan2026.zip,GAS PRICE WATCH JANUARY 2026_table.xlsx,LPG JANUARY 2026,21,3,C21
2026-01-01,2025-12-01,5.0,STATE,Katsina,Katsina,Katsina,North West,FALSE,4855.795217376,NGN per refill,Average of Dec-25,FALSE,,5KG,2,LPG_Report_Report_Jan2026.zip,GAS PRICE WATCH JANUARY 2026_table.xlsx,LPG JANUARY 2026,22,3,C22
2026-01-01,2025-12-01,5.0,STATE,Kebbi,Kebbi,Kebbi,North West,FALSE,5368.1050494,NGN per refill,Average of Dec-25,FALSE,,5KG,2,LPG_Report_Report_Jan2026.zip,GAS PRICE WATCH JANUARY 2026_table.xlsx,LPG JANUARY 2026,23,3,C23
2026-01-01,2025-12-01,5.0,STATE,Kogi,Kogi,Kogi,North Central,FALSE,5449.070487200001,NGN per refill,Average of Dec-25,FALSE,,5KG,2,LPG_Report_Report_Jan2026.zip,GAS PRICE WATCH JANUARY 2026_table.xlsx,LPG JANUARY 2026,6,3,C6
2026-01-01,2025-12-01,5.0,STATE,Kwara,Kwara,Kwara,North Central,FALSE,5438.93399870668,NGN per refill,Average of Dec-25,FALSE,,5KG,2,LPG_Report_Report_Jan2026.zip,GAS PRICE WATCH JANUARY 2026_table.xlsx,LPG JANUARY 2026,7,3,C7
2026-01-01,2025-12-01,5.0,STATE,Lagos,Lagos,Lagos,South West,FALSE,5283.08269182856,NGN per refill,Average of Dec-25,FALSE,,5KG,2,LPG_Report_Report_Jan2026.zip,GAS PRICE WATCH JANUARY 2026_table.xlsx,LPG JANUARY 2026,41,3,C41
2026-01-01,2025-12-01,5.0,STATE,Nasarawa,Nasarawa,Nasarawa,North Central,FALSE,5405.790837808,NGN per refill,Average of Dec-25,FALSE,,5KG,2,LPG_Report_Report_Jan2026.zip,GAS PRICE WATCH JANUARY 2026_table.xlsx,LPG JANUARY 2026,8,3,C8
2026-01-01,2025-12-01,5.0,STATE,Niger,Niger,Niger,North Central,FALSE,5215.85836968,NGN per refill,Average of Dec-25,FALSE,,5KG,2,LPG_Report_Report_Jan2026.zip,GAS PRICE WATCH JANUARY 2026_table.xlsx,LPG JANUARY 2026,9,3,C9
2026-01-01,2025-12-01,5.0,STATE,Ogun,Ogun,Ogun,South West,FALSE,5336.85986252,NGN per refill,Average of Dec-25,FALSE,,5KG,2,LPG_Report_Report_Jan2026.zip,GAS PRICE WATCH JANUARY 2026_table.xlsx,LPG JANUARY 2026,42,3,C42
2026-01-01,2025-12-01,5.0,STATE,Ondo,Ondo,Ondo,South West,FALSE,5272.72224438332,NGN per refill,Average of Dec-25,FALSE,,5KG,2,LPG_Report_Report_Jan2026.zip,GAS PRICE WATCH JANUARY 2026_table.xlsx,LPG JANUARY 2026,43,3,C43
2026-01-01,2025-12-01,5.0,STATE,Osun,Osun,Osun,South West,FALSE,5777.801902786679,NGN per refill,Average of Dec-25,FALSE,,5KG,2,LPG_Report_Report_Jan2026.zip,GAS PRICE WATCH JANUARY 2026_table.xlsx,LPG JANUARY 2026,44,3,C44
2026-01-01,2025-12-01,5.0,STATE,Oyo,Oyo,Oyo,South West,FALSE,5475.91913770856,NGN per refill,Average of Dec-25,FALSE,,5KG,2,LPG_Report_Report_Jan2026.zip,GAS PRICE WATCH JANUARY 2026_table.xlsx,LPG JANUARY 2026,45,3,C45
2026-01-01,2025-12-01,5.0,STATE,Plateau,Plateau,Plateau,North Central,FALSE,5464.3505728850005,NGN per refill,Average of Dec-25,FALSE,,5KG,2,LPG_Report_Report_Jan2026.zip,GAS PRICE WATCH JANUARY 2026_table.xlsx,LPG JANUARY 2026,10,3,C10
2026-01-01,2025-12-01,5.0,STATE,Rivers,Rivers,Rivers,South South,FALSE,5220.811253825719,NGN per refill,Average of Dec-25,FALSE,,5KG,2,LPG_Report_Report_Jan2026.zip,GAS PRICE WATCH JANUARY 2026_table.xlsx,LPG JANUARY 2026,38,3,C38
2026-01-01,2025-12-01,5.0,STATE,Sokoto,Sokoto,Sokoto,North West,FALSE,5098.243843448,NGN per refill,Average of Dec-25,FALSE,,5KG,2,LPG_Report_Report_Jan2026.zip,GAS PRICE WATCH JANUARY 2026_table.xlsx,LPG JANUARY 2026,24,3,C24
2026-01-01,2025-12-01,5.0,STATE,Taraba,Taraba,Taraba,North East,FALSE,5322.22021058668,NGN per refill,Average of Dec-25,FALSE,,5KG,2,LPG_Report_Report_Jan2026.zip,GAS PRICE WATCH JANUARY 2026_table.xlsx,LPG JANUARY 2026,16,3,C16
2026-01-01,2025-12-01,5.0,STATE,Yobe,Yobe,Yobe,North East,FALSE,5282.28016123332,NGN per refill,Average of Dec-25,FALSE,,5KG,2,LPG_Report_Report_Jan2026.zip,GAS PRICE WATCH JANUARY 2026_table.xlsx,LPG JANUARY 2026,17,3,C17
2026-01-01,2025-12-01,5.0,STATE,Zamfara,Zamfara,Zamfara,North West,FALSE,5593.15010208252,NGN per refill,Average of Dec-25,FALSE,,5KG,2,LPG_Report_Report_Jan2026.zip,GAS PRICE WATCH JANUARY 2026_table.xlsx,LPG JANUARY 2026,25,3,C25
2026-01-01,2025-12-01,5.0,ZONE,North Central,NORTH CENTRAL,,North Central,TRUE,5304.384028977811,NGN per refill,Average of Dec-25,FALSE,,5KG,2,LPG_Report_Report_Jan2026.zip,GAS PRICE WATCH JANUARY 2026_table.xlsx,LPG JANUARY 2026,3,3,C3
2026-01-01,2025-12-01,5.0,ZONE,North East,NORTH EAST,,North East,TRUE,5268.995107878626,NGN per refill,Average of Dec-25,FALSE,,5KG,2,LPG_Report_Report_Jan2026.zip,GAS PRICE WATCH JANUARY 2026_table.xlsx,LPG JANUARY 2026,11,3,C11
2026-01-01,2025-12-01,5.0,ZONE,North West,NORTH WEST,,North West,TRUE,5451.162671840457,NGN per refill,Average of Dec-25,FALSE,,5KG,2,LPG_Report_Report_Jan2026.zip,GAS PRICE WATCH JANUARY 2026_table.xlsx,LPG JANUARY 2026,18,3,C18
2026-01-01,2025-12-01,5.0,ZONE,South East,SOUTH EAST,,South East,TRUE,5457.916026635816,NGN per refill,Average of Dec-25,FALSE,,5KG,2,LPG_Report_Report_Jan2026.zip,GAS PRICE WATCH JANUARY 2026_table.xlsx,LPG JANUARY 2026,26,3,C26
2026-01-01,2025-12-01,5.0,ZONE,South South,SOUTH SOUTH,,South South,TRUE,5256.267298604646,NGN per refill,Average of Dec-25,FALSE,,5KG,2,LPG_Report_Report_Jan2026.zip,GAS PRICE WATCH JANUARY 2026_table.xlsx,LPG JANUARY 2026,32,3,C32
2026-01-01,2025-12-01,5.0,ZONE,South West,SOUTH WEST,,South West,TRUE,5434.29623974214,NGN per refill,Average of Dec-25,FALSE,,5KG,2,LPG_Report_Report_Jan2026.zip,GAS PRICE WATCH JANUARY 2026_table.xlsx,LPG JANUARY 2026,39,3,C39
2026-01-01,2025-12-01,5.0,NATIONAL,Nigeria,Average,,,TRUE,5360.425916655661,NGN per refill,Average of Dec-25,FALSE,,5KG,2,LPG_Report_Report_Jan2026.zip,GAS PRICE WATCH JANUARY 2026_table.xlsx,LPG JANUARY 2026,46,3,C46
2026-01-01,2025-12-01,12.5,STATE,Abia,Abia,Abia,South East,FALSE,14489.958305975,NGN per refill,Average of Dec-25,FALSE,,12KG,2,LPG_Report_Report_Jan2026.zip,GAS PRICE WATCH JANUARY 2026_table.xlsx,LPG JANUARY 2026,27,11,K27
2026-01-01,2025-12-01,12.5,STATE,Abuja,Abuja,Abuja,North Central,FALSE,13337.903234775,NGN per refill,Average of Dec-25,FALSE,,12KG,2,LPG_Report_Report_Jan2026.zip,GAS PRICE WATCH JANUARY 2026_table.xlsx,LPG JANUARY 2026,4,11,K4
2026-01-01,2025-12-01,12.5,STATE,Adamawa,Adamawa,Adamawa,North East,FALSE,13945.39064256,NGN per refill,Average of Dec-25,FALSE,,12KG,2,LPG_Report_Report_Jan2026.zip,GAS PRICE WATCH JANUARY 2026_table.xlsx,LPG JANUARY 2026,12,11,K12
2026-01-01,2025-12-01,12.5,STATE,Akwa Ibom,Akwa Ibom,Akwa Ibom,South South,FALSE,14288.3184882857,NGN per refill,Average of Dec-25,FALSE,,12KG,2,LPG_Report_Report_Jan2026.zip,GAS PRICE WATCH JANUARY 2026_table.xlsx,LPG JANUARY 2026,33,11,K33
2026-01-01,2025-12-01,12.5,STATE,Anambra,Anambra,Anambra,South East,FALSE,13190.6177368643,NGN per refill,Average of Dec-25,FALSE,,12KG,2,LPG_Report_Report_Jan2026.zip,GAS PRICE WATCH JANUARY 2026_table.xlsx,LPG JANUARY 2026,28,11,K28
2026-01-01,2025-12-01,12.5,STATE,Bauchi,Bauchi,Bauchi,North East,FALSE,12614.08519865,NGN per refill,Average of Dec-25,FALSE,,12KG,2,LPG_Report_Report_Jan2026.zip,GAS PRICE WATCH JANUARY 2026_table.xlsx,LPG JANUARY 2026,13,11,K13
2026-01-01,2025-12-01,12.5,STATE,Bayelsa,Bayelsa,Bayelsa,South South,FALSE,12620.4743459833,NGN per refill,Average of Dec-25,FALSE,,12KG,2,LPG_Report_Report_Jan2026.zip,GAS PRICE WATCH JANUARY 2026_table.xlsx,LPG JANUARY 2026,34,11,K34
2026-01-01,2025-12-01,12.5,STATE,Benue,Benue,Benue,North Central,FALSE,13053.8066066375,NGN per refill,Average of Dec-25,FALSE,,12KG,2,LPG_Report_Report_Jan2026.zip,GAS PRICE WATCH JANUARY 2026_table.xlsx,LPG JANUARY 2026,5,11,K5
2026-01-01,2025-12-01,12.5,STATE,Borno,Borno,Borno,North East,FALSE,13750.111835625,NGN per refill,Average of Dec-25,FALSE,,12KG,2,LPG_Report_Report_Jan2026.zip,GAS PRICE WATCH JANUARY 2026_table.xlsx,LPG JANUARY 2026,14,11,K14
2026-01-01,2025-12-01,12.5,STATE,Cross River,Cross River,Cross River,South South,FALSE,13227.497222725,NGN per refill,Average of Dec-25,FALSE,,12KG,2,LPG_Report_Report_Jan2026.zip,GAS PRICE WATCH JANUARY 2026_table.xlsx,LPG JANUARY 2026,35,11,K35
2026-01-01,2025-12-01,12.5,STATE,Delta,Delta,Delta,South South,FALSE,14393.1657488864,NGN per refill,Average of Dec-25,FALSE,,12KG,2,LPG_Report_Report_Jan2026.zip,GAS PRICE WATCH JANUARY 2026_table.xlsx,LPG JANUARY 2026,36,11,K36
2026-01-01,2025-12-01,12.5,STATE,Ebonyi,Ebonyi,Ebonyi,South East,FALSE,13509.37722315,NGN per refill,Average of Dec-25,FALSE,,12KG,2,LPG_Report_Report_Jan2026.zip,GAS PRICE WATCH JANUARY 2026_table.xlsx,LPG JANUARY 2026,29,11,K29
2026-01-01,2025-12-01,12.5,STATE,Edo,Edo,Edo,South South,FALSE,12262.525538625,NGN per refill,Average of Dec-25,FALSE,,12KG,2,LPG_Report_Report_Jan2026.zip,GAS PRICE WATCH JANUARY 2026_table.xlsx,LPG JANUARY 2026,37,11,K37
2026-01-01,2025-12-01,12.5,STATE,Ekiti,Ekiti,Ekiti,South West,FALSE,13648.4789980643,NGN per refill,Average of Dec-25,FALSE,,12KG,2,LPG_Report_Report_Jan2026.zip,GAS PRICE WATCH JANUARY 2026_table.xlsx,LPG JANUARY 2026,40,11,K40
2026-01-01,2025-12-01,12.5,STATE,Enugu,Enugu,Enugu,South East,FALSE,14209.2752961667,NGN per refill,Average of Dec-25,FALSE,,12KG,2,LPG_Report_Report_Jan2026.zip,GAS PRICE WATCH JANUARY 2026_table.xlsx,LPG JANUARY 2026,30,11,K30
2026-01-01,2025-12-01,12.5,STATE,Gombe,Gombe,Gombe,North East,FALSE,12214.0880117944,NGN per refill,Average of Dec-25,FALSE,,12KG,2,LPG_Report_Report_Jan2026.zip,GAS PRICE WATCH JANUARY 2026_table.xlsx,LPG JANUARY 2026,15,11,K15
2026-01-01,2025-12-01,12.5,STATE,Imo,Imo,Imo,South East,FALSE,12924.7217707917,NGN per refill,Average of Dec-25,FALSE,,12KG,2,LPG_Report_Report_Jan2026.zip,GAS PRICE WATCH JANUARY 2026_table.xlsx,LPG JANUARY 2026,31,11,K31
2026-01-01,2025-12-01,12.5,STATE,Jigawa,Jigawa,Jigawa,North West,FALSE,14162.7140512,NGN per refill,Average of Dec-25,FALSE,,12KG,2,LPG_Report_Report_Jan2026.zip,GAS PRICE WATCH JANUARY 2026_table.xlsx,LPG JANUARY 2026,19,11,K19
2026-01-01,2025-12-01,12.5,STATE,Kaduna,Kaduna,Kaduna,North West,FALSE,14296.65015835,NGN per refill,Average of Dec-25,FALSE,,12KG,2,LPG_Report_Report_Jan2026.zip,GAS PRICE WATCH JANUARY 2026_table.xlsx,LPG JANUARY 2026,20,11,K20
2026-01-01,2025-12-01,12.5,STATE,Kano,Kano,Kano,North West,FALSE,13947.7470168917,NGN per refill,Average of Dec-25,FALSE,,12KG,2,LPG_Report_Report_Jan2026.zip,GAS PRICE WATCH JANUARY 2026_table.xlsx,LPG JANUARY 2026,21,11,K21
2026-01-01,2025-12-01,12.5,STATE,Katsina,Katsina,Katsina,North West,FALSE,12139.48804344,NGN per refill,Average of Dec-25,FALSE,,12KG,2,LPG_Report_Report_Jan2026.zip,GAS PRICE WATCH JANUARY 2026_table.xlsx,LPG JANUARY 2026,22,11,K22
2026-01-01,2025-12-01,12.5,STATE,Kebbi,Kebbi,Kebbi,North West,FALSE,13420.2626235,NGN per refill,Average of Dec-25,FALSE,,12KG,2,LPG_Report_Report_Jan2026.zip,GAS PRICE WATCH JANUARY 2026_table.xlsx,LPG JANUARY 2026,23,11,K23
2026-01-01,2025-12-01,12.5,STATE,Kogi,Kogi,Kogi,North Central,FALSE,13622.676218,NGN per refill,Average of Dec-25,FALSE,,12KG,2,LPG_Report_Report_Jan2026.zip,GAS PRICE WATCH JANUARY 2026_table.xlsx,LPG JANUARY 2026,6,11,K6
2026-01-01,2025-12-01,12.5,STATE,Kwara,Kwara,Kwara,North Central,FALSE,13597.3349967667,NGN per refill,Average of Dec-25,FALSE,,12KG,2,LPG_Report_Report_Jan2026.zip,GAS PRICE WATCH JANUARY 2026_table.xlsx,LPG JANUARY 2026,7,11,K7
2026-01-01,2025-12-01,12.5,STATE,Lagos,Lagos,Lagos,South West,FALSE,13207.7067295714,NGN per refill,Average of Dec-25,FALSE,,12KG,2,LPG_Report_Report_Jan2026.zip,GAS PRICE WATCH JANUARY 2026_table.xlsx,LPG JANUARY 2026,41,11,K41
2026-01-01,2025-12-01,12.5,STATE,Nasarawa,Nasarawa,Nasarawa,North Central,FALSE,13514.47709452,NGN per refill,Average of Dec-25,FALSE,,12KG,2,LPG_Report_Report_Jan2026.zip,GAS PRICE WATCH JANUARY 2026_table.xlsx,LPG JANUARY 2026,8,11,K8
2026-01-01,2025-12-01,12.5,STATE,Niger,Niger,Niger,North Central,FALSE,13039.6459242,NGN per refill,Average of Dec-25,FALSE,,12KG,2,LPG_Report_Report_Jan2026.zip,GAS PRICE WATCH JANUARY 2026_table.xlsx,LPG JANUARY 2026,9,11,K9
2026-01-01,2025-12-01,12.5,STATE,Ogun,Ogun,Ogun,South West,FALSE,13342.1496563,NGN per refill,Average of Dec-25,FALSE,,12KG,2,LPG_Report_Report_Jan2026.zip,GAS PRICE WATCH JANUARY 2026_table.xlsx,LPG JANUARY 2026,42,11,K42
2026-01-01,2025-12-01,12.5,STATE,Ondo,Ondo,Ondo,South West,FALSE,13181.8056109583,NGN per refill,Average of Dec-25,FALSE,,12KG,2,LPG_Report_Report_Jan2026.zip,GAS PRICE WATCH JANUARY 2026_table.xlsx,LPG JANUARY 2026,43,11,K43
2026-01-01,2025-12-01,12.5,STATE,Osun,Osun,Osun,South West,FALSE,14444.5047569667,NGN per refill,Average of Dec-25,FALSE,,12KG,2,LPG_Report_Report_Jan2026.zip,GAS PRICE WATCH JANUARY 2026_table.xlsx,LPG JANUARY 2026,44,11,K44
2026-01-01,2025-12-01,12.5,STATE,Oyo,Oyo,Oyo,South West,FALSE,13689.7978442714,NGN per refill,Average of Dec-25,FALSE,,12KG,2,LPG_Report_Report_Jan2026.zip,GAS PRICE WATCH JANUARY 2026_table.xlsx,LPG JANUARY 2026,45,11,K45
2026-01-01,2025-12-01,12.5,STATE,Plateau,Plateau,Plateau,North Central,FALSE,13660.8764322125,NGN per refill,Average of Dec-25,FALSE,,12KG,2,LPG_Report_Report_Jan2026.zip,GAS PRICE WATCH JANUARY 2026_table.xlsx,LPG JANUARY 2026,10,11,K10
2026-01-01,2025-12-01,12.5,STATE,Rivers,Rivers,Rivers,South South,FALSE,13052.0281345643,NGN per refill,Average of Dec-25,FALSE,,12KG,2,LPG_Report_Report_Jan2026.zip,GAS PRICE WATCH JANUARY 2026_table.xlsx,LPG JANUARY 2026,38,11,K38
2026-01-01,2025-12-01,12.5,STATE,Sokoto,Sokoto,Sokoto,North West,FALSE,12745.60960862,NGN per refill,Average of Dec-25,FALSE,,12KG,2,LPG_Report_Report_Jan2026.zip,GAS PRICE WATCH JANUARY 2026_table.xlsx,LPG JANUARY 2026,24,11,K24
2026-01-01,2025-12-01,12.5,STATE,Taraba,Taraba,Taraba,North East,FALSE,13305.5505264667,NGN per refill,Average of Dec-25,FALSE,,12KG,2,LPG_Report_Report_Jan2026.zip,GAS PRICE WATCH JANUARY 2026_table.xlsx,LPG JANUARY 2026,16,11,K16
2026-01-01,2025-12-01,12.5,STATE,Yobe,Yobe,Yobe,North East,FALSE,13205.7004030833,NGN per refill,Average of Dec-25,FALSE,,12KG,2,LPG_Report_Report_Jan2026.zip,GAS PRICE WATCH JANUARY 2026_table.xlsx,LPG JANUARY 2026,17,11,K17
2026-01-01,2025-12-01,12.5,STATE,Zamfara,Zamfara,Zamfara,North West,FALSE,13982.8752552063,NGN per refill,Average of Dec-25,FALSE,,12KG,2,LPG_Report_Report_Jan2026.zip,GAS PRICE WATCH JANUARY 2026_table.xlsx,LPG JANUARY 2026,25,11,K25
2026-01-01,2025-12-01,12.5,ZONE,North Central,NORTH CENTRAL,,North Central,TRUE,13403.817215301673,NGN per refill,Average of Dec-25,FALSE,,12KG,2,LPG_Report_Report_Jan2026.zip,GAS PRICE WATCH JANUARY 2026_table.xlsx,LPG JANUARY 2026,3,11,K3
2026-01-01,2025-12-01,12.5,ZONE,North East,NORTH EAST,,North East,TRUE,13172.487769696569,NGN per refill,Average of Dec-25,FALSE,,12KG,2,LPG_Report_Report_Jan2026.zip,GAS PRICE WATCH JANUARY 2026_table.xlsx,LPG JANUARY 2026,11,11,K11
2026-01-01,2025-12-01,12.5,ZONE,North West,NORTH WEST,,North West,TRUE,13527.906679601143,NGN per refill,Average of Dec-25,FALSE,,12KG,2,LPG_Report_Report_Jan2026.zip,GAS PRICE WATCH JANUARY 2026_table.xlsx,LPG JANUARY 2026,18,11,K18
2026-01-01,2025-12-01,12.5,ZONE,South East,SOUTH EAST,,South East,TRUE,13664.79006658954,NGN per refill,Average of Dec-25,FALSE,,12KG,2,LPG_Report_Report_Jan2026.zip,GAS PRICE WATCH JANUARY 2026_table.xlsx,LPG JANUARY 2026,26,11,K26
2026-01-01,2025-12-01,12.5,ZONE,South South,SOUTH SOUTH,,South South,TRUE,13307.334913178282,NGN per refill,Average of Dec-25,FALSE,,12KG,2,LPG_Report_Report_Jan2026.zip,GAS PRICE WATCH JANUARY 2026_table.xlsx,LPG JANUARY 2026,32,11,K32
2026-01-01,2025-12-01,12.5,ZONE,South West,SOUTH WEST,,South West,TRUE,13585.740599355348,NGN per refill,Average of Dec-25,FALSE,,12KG,2,LPG_Report_Report_Jan2026.zip,GAS PRICE WATCH JANUARY 2026_table.xlsx,LPG JANUARY 2026,39,11,K39
2026-01-01,2025-12-01,12.5,NATIONAL,Nigeria,Average,,,TRUE,13438.902629476992,NGN per refill,Average of Dec-25,FALSE,,12KG,2,LPG_Report_Report_Jan2026.zip,GAS PRICE WATCH JANUARY 2026_table.xlsx,LPG JANUARY 2026,46,11,K46
2026-01-01,2026-01-01,5.0,STATE,Abia,Abia,Abia,South East,FALSE,5829.174219937359,NGN per refill,Average of Jan-26,TRUE,,5KG,2,LPG_Report_Report_Jan2026.zip,GAS PRICE WATCH JANUARY 2026_table.xlsx,LPG JANUARY 2026,27,4,D27
2026-01-01,2026-01-01,5.0,STATE,Abuja,Abuja,Abuja,North Central,FALSE,5077.4625,NGN per refill,Average of Jan-26,TRUE,,5KG,2,LPG_Report_Report_Jan2026.zip,GAS PRICE WATCH JANUARY 2026_table.xlsx,LPG JANUARY 2026,4,4,D4
2026-01-01,2026-01-01,5.0,STATE,Adamawa,Adamawa,Adamawa,North East,FALSE,5354.400000000001,NGN per refill,Average of Jan-26,TRUE,,5KG,2,LPG_Report_Report_Jan2026.zip,GAS PRICE WATCH JANUARY 2026_table.xlsx,LPG JANUARY 2026,12,4,D12
2026-01-01,2026-01-01,5.0,STATE,Akwa Ibom,Akwa Ibom,Akwa Ibom,South South,FALSE,5789.8493313748795,NGN per refill,Average of Jan-26,TRUE,,5KG,2,LPG_Report_Report_Jan2026.zip,GAS PRICE WATCH JANUARY 2026_table.xlsx,LPG JANUARY 2026,33,4,D33
2026-01-01,2026-01-01,5.0,STATE,Anambra,Anambra,Anambra,South East,FALSE,5378.599551028,NGN per refill,Average of Jan-26,TRUE,,5KG,2,LPG_Report_Report_Jan2026.zip,GAS PRICE WATCH JANUARY 2026_table.xlsx,LPG JANUARY 2026,28,4,D28
2026-01-01,2026-01-01,5.0,STATE,Bauchi,Bauchi,Bauchi,North East,FALSE,5054,NGN per refill,Average of Jan-26,TRUE,,5KG,2,LPG_Report_Report_Jan2026.zip,GAS PRICE WATCH JANUARY 2026_table.xlsx,LPG JANUARY 2026,13,4,D13
2026-01-01,2026-01-01,5.0,STATE,Bayelsa,Bayelsa,Bayelsa,South South,FALSE,4891.86561906532,NGN per refill,Average of Jan-26,TRUE,,5KG,2,LPG_Report_Report_Jan2026.zip,GAS PRICE WATCH JANUARY 2026_table.xlsx,LPG JANUARY 2026,34,4,D34
2026-01-01,2026-01-01,5.0,STATE,Benue,Benue,Benue,North Central,FALSE,5279.424214299001,NGN per refill,Average of Jan-26,TRUE,,5KG,2,LPG_Report_Report_Jan2026.zip,GAS PRICE WATCH JANUARY 2026_table.xlsx,LPG JANUARY 2026,5,4,D5
2026-01-01,2026-01-01,5.0,STATE,Borno,Borno,Borno,North East,FALSE,5318.75,NGN per refill,Average of Jan-26,TRUE,,5KG,2,LPG_Report_Report_Jan2026.zip,GAS PRICE WATCH JANUARY 2026_table.xlsx,LPG JANUARY 2026,14,4,D14
2026-01-01,2026-01-01,5.0,STATE,Cross River,Cross River,Cross River,South South,FALSE,5089.133489274,NGN per refill,Average of Jan-26,TRUE,,5KG,2,LPG_Report_Report_Jan2026.zip,GAS PRICE WATCH JANUARY 2026_table.xlsx,LPG JANUARY 2026,35,4,D35
2026-01-01,2026-01-01,5.0,STATE,Delta,Delta,Delta,South South,FALSE,5763.19971429056,NGN per refill,Average of Jan-26,TRUE,,5KG,2,LPG_Report_Report_Jan2026.zip,GAS PRICE WATCH JANUARY 2026_table.xlsx,LPG JANUARY 2026,36,4,D36
2026-01-01,2026-01-01,5.0,STATE,Ebonyi,Ebonyi,Ebonyi,South East,FALSE,5283.599551028,NGN per refill,Average of Jan-26,TRUE,,5KG,2,LPG_Report_Report_Jan2026.zip,GAS PRICE WATCH JANUARY 2026_table.xlsx,LPG JANUARY 2026,29,4,D29
2026-01-01,2026-01-01,5.0,STATE,Edo,Edo,Edo,South South,FALSE,5034.76132990604,NGN per refill,Average of Jan-26,TRUE,,5KG,2,LPG_Report_Report_Jan2026.zip,GAS PRICE WATCH JANUARY 2026_table.xlsx,LPG JANUARY 2026,37,4,D37
2026-01-01,2026-01-01,5.0,STATE,Ekiti,Ekiti,Ekiti,South West,FALSE,5604.80674399168,NGN per refill,Average of Jan-26,TRUE,,5KG,2,LPG_Report_Report_Jan2026.zip,GAS PRICE WATCH JANUARY 2026_table.xlsx,LPG JANUARY 2026,40,4,D40
2026-01-01,2026-01-01,5.0,STATE,Enugu,Enugu,Enugu,South East,FALSE,5785.83333333332,NGN per refill,Average of Jan-26,TRUE,,5KG,2,LPG_Report_Report_Jan2026.zip,GAS PRICE WATCH JANUARY 2026_table.xlsx,LPG JANUARY 2026,30,4,D30
2026-01-01,2026-01-01,5.0,STATE,Gombe,Gombe,Gombe,North East,FALSE,5111.61286599648,NGN per refill,Average of Jan-26,TRUE,,5KG,2,LPG_Report_Report_Jan2026.zip,GAS PRICE WATCH JANUARY 2026_table.xlsx,LPG JANUARY 2026,15,4,D15
2026-01-01,2026-01-01,5.0,STATE,Imo,Imo,Imo,South East,FALSE,5232.53280953268,NGN per refill,Average of Jan-26,TRUE,,5KG,2,LPG_Report_Report_Jan2026.zip,GAS PRICE WATCH JANUARY 2026_table.xlsx,LPG JANUARY 2026,31,4,D31
2026-01-01,2026-01-01,5.0,STATE,Jigawa,Jigawa,Jigawa,North West,FALSE,5892.875,NGN per refill,Average of Jan-26,TRUE,,5KG,2,LPG_Report_Report_Jan2026.zip,GAS PRICE WATCH JANUARY 2026_table.xlsx,LPG JANUARY 2026,19,4,D19
2026-01-01,2026-01-01,5.0,STATE,Kaduna,Kaduna,Kaduna,North West,FALSE,5772.7,NGN per refill,Average of Jan-26,TRUE,,5KG,2,LPG_Report_Report_Jan2026.zip,GAS PRICE WATCH JANUARY 2026_table.xlsx,LPG JANUARY 2026,20,4,D20
2026-01-01,2026-01-01,5.0,STATE,Kano,Kano,Kano,North West,FALSE,5313.666666666681,NGN per refill,Average of Jan-26,TRUE,,5KG,2,LPG_Report_Report_Jan2026.zip,GAS PRICE WATCH JANUARY 2026_table.xlsx,LPG JANUARY 2026,21,4,D21
2026-01-01,2026-01-01,5.0,STATE,Katsina,Katsina,Katsina,North West,FALSE,5013.8,NGN per refill,Average of Jan-26,TRUE,,5KG,2,LPG_Report_Report_Jan2026.zip,GAS PRICE WATCH JANUARY 2026_table.xlsx,LPG JANUARY 2026,22,4,D22
2026-01-01,2026-01-01,5.0,STATE,Kebbi,Kebbi,Kebbi,North West,FALSE,5222.45906484544,NGN per refill,Average of Jan-26,TRUE,,5KG,2,LPG_Report_Report_Jan2026.zip,GAS PRICE WATCH JANUARY 2026_table.xlsx,LPG JANUARY 2026,23,4,D23
2026-01-01,2026-01-01,5.0,STATE,Kogi,Kogi,Kogi,North Central,FALSE,5601.66666666668,NGN per refill,Average of Jan-26,TRUE,,5KG,2,LPG_Report_Report_Jan2026.zip,GAS PRICE WATCH JANUARY 2026_table.xlsx,LPG JANUARY 2026,6,4,D6
2026-01-01,2026-01-01,5.0,STATE,Kwara,Kwara,Kwara,North Central,FALSE,5592.677428577321,NGN per refill,Average of Jan-26,TRUE,,5KG,2,LPG_Report_Report_Jan2026.zip,GAS PRICE WATCH JANUARY 2026_table.xlsx,LPG JANUARY 2026,7,4,D7
2026-01-01,2026-01-01,5.0,STATE,Lagos,Lagos,Lagos,South West,FALSE,5445.61383674228,NGN per refill,Average of Jan-26,TRUE,,5KG,2,LPG_Report_Report_Jan2026.zip,GAS PRICE WATCH JANUARY 2026_table.xlsx,LPG JANUARY 2026,41,4,D41
2026-01-01,2026-01-01,5.0,STATE,Nasarawa,Nasarawa,Nasarawa,North Central,FALSE,5611.96,NGN per refill,Average of Jan-26,TRUE,,5KG,2,LPG_Report_Report_Jan2026.zip,GAS PRICE WATCH JANUARY 2026_table.xlsx,LPG JANUARY 2026,8,4,D8
2026-01-01,2026-01-01,5.0,STATE,Niger,Niger,Niger,North Central,FALSE,5307.36783340344,NGN per refill,Average of Jan-26,TRUE,,5KG,2,LPG_Report_Report_Jan2026.zip,GAS PRICE WATCH JANUARY 2026_table.xlsx,LPG JANUARY 2026,9,4,D9
2026-01-01,2026-01-01,5.0,STATE,Ogun,Ogun,Ogun,South West,FALSE,5495,NGN per refill,Average of Jan-26,TRUE,,5KG,2,LPG_Report_Report_Jan2026.zip,GAS PRICE WATCH JANUARY 2026_table.xlsx,LPG JANUARY 2026,42,4,D42
2026-01-01,2026-01-01,5.0,STATE,Ondo,Ondo,Ondo,South West,FALSE,5300.11666666668,NGN per refill,Average of Jan-26,TRUE,,5KG,2,LPG_Report_Report_Jan2026.zip,GAS PRICE WATCH JANUARY 2026_table.xlsx,LPG JANUARY 2026,43,4,D43
2026-01-01,2026-01-01,5.0,STATE,Osun,Osun,Osun,South West,FALSE,5618.24947619932,NGN per refill,Average of Jan-26,TRUE,,5KG,2,LPG_Report_Report_Jan2026.zip,GAS PRICE WATCH JANUARY 2026_table.xlsx,LPG JANUARY 2026,44,4,D44
2026-01-01,2026-01-01,5.0,STATE,Oyo,Oyo,Oyo,South West,FALSE,5474.571428571439,NGN per refill,Average of Jan-26,TRUE,,5KG,2,LPG_Report_Report_Jan2026.zip,GAS PRICE WATCH JANUARY 2026_table.xlsx,LPG JANUARY 2026,45,4,D45
2026-01-01,2026-01-01,5.0,STATE,Plateau,Plateau,Plateau,North Central,FALSE,5522,NGN per refill,Average of Jan-26,TRUE,,5KG,2,LPG_Report_Report_Jan2026.zip,GAS PRICE WATCH JANUARY 2026_table.xlsx,LPG JANUARY 2026,10,4,D10
2026-01-01,2026-01-01,5.0,STATE,Rivers,Rivers,Rivers,South South,FALSE,5420.1794953934805,NGN per refill,Average of Jan-26,TRUE,,5KG,2,LPG_Report_Report_Jan2026.zip,GAS PRICE WATCH JANUARY 2026_table.xlsx,LPG JANUARY 2026,38,4,D38
2026-01-01,2026-01-01,5.0,STATE,Sokoto,Sokoto,Sokoto,North West,FALSE,5008.360000000001,NGN per refill,Average of Jan-26,TRUE,,5KG,2,LPG_Report_Report_Jan2026.zip,GAS PRICE WATCH JANUARY 2026_table.xlsx,LPG JANUARY 2026,24,4,D24
2026-01-01,2026-01-01,5.0,STATE,Taraba,Taraba,Taraba,North East,FALSE,5566.66666666668,NGN per refill,Average of Jan-26,TRUE,,5KG,2,LPG_Report_Report_Jan2026.zip,GAS PRICE WATCH JANUARY 2026_table.xlsx,LPG JANUARY 2026,16,4,D16
2026-01-01,2026-01-01,5.0,STATE,Yobe,Yobe,Yobe,North East,FALSE,5511.06666666668,NGN per refill,Average of Jan-26,TRUE,,5KG,2,LPG_Report_Report_Jan2026.zip,GAS PRICE WATCH JANUARY 2026_table.xlsx,LPG JANUARY 2026,17,4,D17
2026-01-01,2026-01-01,5.0,STATE,Zamfara,Zamfara,Zamfara,North West,FALSE,5384.924999999999,NGN per refill,Average of Jan-26,TRUE,,5KG,2,LPG_Report_Report_Jan2026.zip,GAS PRICE WATCH JANUARY 2026_table.xlsx,LPG JANUARY 2026,25,4,D25
2026-01-01,2026-01-01,5.0,ZONE,North Central,NORTH CENTRAL,,North Central,TRUE,5427.508377563778,NGN per refill,Average of Jan-26,TRUE,,5KG,2,LPG_Report_Report_Jan2026.zip,GAS PRICE WATCH JANUARY 2026_table.xlsx,LPG JANUARY 2026,3,4,D3
2026-01-01,2026-01-01,5.0,ZONE,North East,NORTH EAST,,North East,TRUE,5319.416033221641,NGN per refill,Average of Jan-26,TRUE,,5KG,2,LPG_Report_Report_Jan2026.zip,GAS PRICE WATCH JANUARY 2026_table.xlsx,LPG JANUARY 2026,11,4,D11
2026-01-01,2026-01-01,5.0,ZONE,North West,NORTH WEST,,North West,TRUE,5372.683675930303,NGN per refill,Average of Jan-26,TRUE,,5KG,2,LPG_Report_Report_Jan2026.zip,GAS PRICE WATCH JANUARY 2026_table.xlsx,LPG JANUARY 2026,18,4,D18
2026-01-01,2026-01-01,5.0,ZONE,South East,SOUTH EAST,,South East,TRUE,5501.9478929718725,NGN per refill,Average of Jan-26,TRUE,,5KG,2,LPG_Report_Report_Jan2026.zip,GAS PRICE WATCH JANUARY 2026_table.xlsx,LPG JANUARY 2026,26,4,D26
2026-01-01,2026-01-01,5.0,ZONE,South South,SOUTH SOUTH,,South South,TRUE,5331.49816321738,NGN per refill,Average of Jan-26,TRUE,,5KG,2,LPG_Report_Report_Jan2026.zip,GAS PRICE WATCH JANUARY 2026_table.xlsx,LPG JANUARY 2026,32,4,D32
2026-01-01,2026-01-01,5.0,ZONE,South West,SOUTH WEST,,South West,TRUE,5489.726358695233,NGN per refill,Average of Jan-26,TRUE,,5KG,2,LPG_Report_Report_Jan2026.zip,GAS PRICE WATCH JANUARY 2026_table.xlsx,LPG JANUARY 2026,39,4,D39
2026-01-01,2026-01-01,5.0,NATIONAL,Nigeria,Average,,,TRUE,5404.187220814148,NGN per refill,Average of Jan-26,TRUE,,5KG,2,LPG_Report_Report_Jan2026.zip,GAS PRICE WATCH JANUARY 2026_table.xlsx,LPG JANUARY 2026,46,4,D46
2026-01-01,2026-01-01,12.5,STATE,Abia,Abia,Abia,South East,FALSE,14572.9355498434,NGN per refill,Average of Jan-26,TRUE,,12KG,2,LPG_Report_Report_Jan2026.zip,GAS PRICE WATCH JANUARY 2026_table.xlsx,LPG JANUARY 2026,27,12,L27
2026-01-01,2026-01-01,12.5,STATE,Abuja,Abuja,Abuja,North Central,FALSE,13193.65625,NGN per refill,Average of Jan-26,TRUE,,12KG,2,LPG_Report_Report_Jan2026.zip,GAS PRICE WATCH JANUARY 2026_table.xlsx,LPG JANUARY 2026,4,12,L4
2026-01-01,2026-01-01,12.5,STATE,Adamawa,Adamawa,Adamawa,North East,FALSE,13386,NGN per refill,Average of Jan-26,TRUE,,12KG,2,LPG_Report_Report_Jan2026.zip,GAS PRICE WATCH JANUARY 2026_table.xlsx,LPG JANUARY 2026,12,12,L12
2026-01-01,2026-01-01,12.5,STATE,Akwa Ibom,Akwa Ibom,Akwa Ibom,South South,FALSE,14474.6233284372,NGN per refill,Average of Jan-26,TRUE,,12KG,2,LPG_Report_Report_Jan2026.zip,GAS PRICE WATCH JANUARY 2026_table.xlsx,LPG JANUARY 2026,33,12,L33
2026-01-01,2026-01-01,12.5,STATE,Anambra,Anambra,Anambra,South East,FALSE,13446.49887757,NGN per refill,Average of Jan-26,TRUE,,12KG,2,LPG_Report_Report_Jan2026.zip,GAS PRICE WATCH JANUARY 2026_table.xlsx,LPG JANUARY 2026,28,12,L28
2026-01-01,2026-01-01,12.5,STATE,Bauchi,Bauchi,Bauchi,North East,FALSE,12385,NGN per refill,Average of Jan-26,TRUE,,12KG,2,LPG_Report_Report_Jan2026.zip,GAS PRICE WATCH JANUARY 2026_table.xlsx,LPG JANUARY 2026,13,12,L13
2026-01-01,2026-01-01,12.5,STATE,Bayelsa,Bayelsa,Bayelsa,South South,FALSE,12229.6640476633,NGN per refill,Average of Jan-26,TRUE,,12KG,2,LPG_Report_Report_Jan2026.zip,GAS PRICE WATCH JANUARY 2026_table.xlsx,LPG JANUARY 2026,34,12,L34
2026-01-01,2026-01-01,12.5,STATE,Benue,Benue,Benue,North Central,FALSE,13198.5605357475,NGN per refill,Average of Jan-26,TRUE,,12KG,2,LPG_Report_Report_Jan2026.zip,GAS PRICE WATCH JANUARY 2026_table.xlsx,LPG JANUARY 2026,5,12,L5
2026-01-01,2026-01-01,12.5,STATE,Borno,Borno,Borno,North East,FALSE,13296.875,NGN per refill,Average of Jan-26,TRUE,,12KG,2,LPG_Report_Report_Jan2026.zip,GAS PRICE WATCH JANUARY 2026_table.xlsx,LPG JANUARY 2026,14,12,L14
2026-01-01,2026-01-01,12.5,STATE,Cross River,Cross River,Cross River,South South,FALSE,13472.833723185,NGN per refill,Average of Jan-26,TRUE,,12KG,2,LPG_Report_Report_Jan2026.zip,GAS PRICE WATCH JANUARY 2026_table.xlsx,LPG JANUARY 2026,35,12,L35
2026-01-01,2026-01-01,12.5,STATE,Delta,Delta,Delta,South South,FALSE,14407.9992857264,NGN per refill,Average of Jan-26,TRUE,,12KG,2,LPG_Report_Report_Jan2026.zip,GAS PRICE WATCH JANUARY 2026_table.xlsx,LPG JANUARY 2026,36,12,L36
2026-01-01,2026-01-01,12.5,STATE,Ebonyi,Ebonyi,Ebonyi,South East,FALSE,13208.99887757,NGN per refill,Average of Jan-26,TRUE,,12KG,2,LPG_Report_Report_Jan2026.zip,GAS PRICE WATCH JANUARY 2026_table.xlsx,LPG JANUARY 2026,29,12,L29
2026-01-01,2026-01-01,12.5,STATE,Edo,Edo,Edo,South South,FALSE,12586.9033247651,NGN per refill,Average of Jan-26,TRUE,,12KG,2,LPG_Report_Report_Jan2026.zip,GAS PRICE WATCH JANUARY 2026_table.xlsx,LPG JANUARY 2026,37,12,L37
2026-01-01,2026-01-01,12.5,STATE,Ekiti,Ekiti,Ekiti,South West,FALSE,14012.0168599792,NGN per refill,Average of Jan-26,TRUE,,12KG,2,LPG_Report_Report_Jan2026.zip,GAS PRICE WATCH JANUARY 2026_table.xlsx,LPG JANUARY 2026,40,12,L40
2026-01-01,2026-01-01,12.5,STATE,Enugu,Enugu,Enugu,South East,FALSE,14464.5833333333,NGN per refill,Average of Jan-26,TRUE,,12KG,2,LPG_Report_Report_Jan2026.zip,GAS PRICE WATCH JANUARY 2026_table.xlsx,LPG JANUARY 2026,30,12,L30
2026-01-01,2026-01-01,12.5,STATE,Gombe,Gombe,Gombe,North East,FALSE,12779.0321649912,NGN per refill,Average of Jan-26,TRUE,,12KG,2,LPG_Report_Report_Jan2026.zip,GAS PRICE WATCH JANUARY 2026_table.xlsx,LPG JANUARY 2026,15,12,L15
2026-01-01,2026-01-01,12.5,STATE,Imo,Imo,Imo,South East,FALSE,13081.3320238317,NGN per refill,Average of Jan-26,TRUE,,12KG,2,LPG_Report_Report_Jan2026.zip,GAS PRICE WATCH JANUARY 2026_table.xlsx,LPG JANUARY 2026,31,12,L31
2026-01-01,2026-01-01,12.5,STATE,Jigawa,Jigawa,Jigawa,North West,FALSE,14732.1875,NGN per refill,Average of Jan-26,TRUE,,12KG,2,LPG_Report_Report_Jan2026.zip,GAS PRICE WATCH JANUARY 2026_table.xlsx,LPG JANUARY 2026,19,12,L19
2026-01-01,2026-01-01,12.5,STATE,Kaduna,Kaduna,Kaduna,North West,FALSE,14431.75,NGN per refill,Average of Jan-26,TRUE,,12KG,2,LPG_Report_Report_Jan2026.zip,GAS PRICE WATCH JANUARY 2026_table.xlsx,LPG JANUARY 2026,20,12,L20
2026-01-01,2026-01-01,12.5,STATE,Kano,Kano,Kano,North West,FALSE,13284.1666666667,NGN per refill,Average of Jan-26,TRUE,,12KG,2,LPG_Report_Report_Jan2026.zip,GAS PRICE WATCH JANUARY 2026_table.xlsx,LPG JANUARY 2026,21,12,L21
2026-01-01,2026-01-01,12.5,STATE,Katsina,Katsina,Katsina,North West,FALSE,12534.5,NGN per refill,Average of Jan-26,TRUE,,12KG,2,LPG_Report_Report_Jan2026.zip,GAS PRICE WATCH JANUARY 2026_table.xlsx,LPG JANUARY 2026,22,12,L22
2026-01-01,2026-01-01,12.5,STATE,Kebbi,Kebbi,Kebbi,North West,FALSE,13056.1476621136,NGN per refill,Average of Jan-26,TRUE,,12KG,2,LPG_Report_Report_Jan2026.zip,GAS PRICE WATCH JANUARY 2026_table.xlsx,LPG JANUARY 2026,23,12,L23
2026-01-01,2026-01-01,12.5,STATE,Kogi,Kogi,Kogi,North Central,FALSE,14004.1666666667,NGN per refill,Average of Jan-26,TRUE,,12KG,2,LPG_Report_Report_Jan2026.zip,GAS PRICE WATCH JANUARY 2026_table.xlsx,LPG JANUARY 2026,6,12,L6
2026-01-01,2026-01-01,12.5,STATE,Kwara,Kwara,Kwara,North Central,FALSE,13981.6935714433,NGN per refill,Average of Jan-26,TRUE,,12KG,2,LPG_Report_Report_Jan2026.zip,GAS PRICE WATCH JANUARY 2026_table.xlsx,LPG JANUARY 2026,7,12,L7
2026-01-01,2026-01-01,12.5,STATE,Lagos,Lagos,Lagos,South West,FALSE,14114.0345918557,NGN per refill,Average of Jan-26,TRUE,,12KG,2,LPG_Report_Report_Jan2026.zip,GAS PRICE WATCH JANUARY 2026_table.xlsx,LPG JANUARY 2026,41,12,L41
2026-01-01,2026-01-01,12.5,STATE,Nasarawa,Nasarawa,Nasarawa,North Central,FALSE,14029.9,NGN per refill,Average of Jan-26,TRUE,,12KG,2,LPG_Report_Report_Jan2026.zip,GAS PRICE WATCH JANUARY 2026_table.xlsx,LPG JANUARY 2026,8,12,L8
2026-01-01,2026-01-01,12.5,STATE,Niger,Niger,Niger,North Central,FALSE,13268.4195835086,NGN per refill,Average of Jan-26,TRUE,,12KG,2,LPG_Report_Report_Jan2026.zip,GAS PRICE WATCH JANUARY 2026_table.xlsx,LPG JANUARY 2026,9,12,L9
2026-01-01,2026-01-01,12.5,STATE,Ogun,Ogun,Ogun,South West,FALSE,13737.5,NGN per refill,Average of Jan-26,TRUE,,12KG,2,LPG_Report_Report_Jan2026.zip,GAS PRICE WATCH JANUARY 2026_table.xlsx,LPG JANUARY 2026,42,12,L42
2026-01-01,2026-01-01,12.5,STATE,Ondo,Ondo,Ondo,South West,FALSE,13250.2916666667,NGN per refill,Average of Jan-26,TRUE,,12KG,2,LPG_Report_Report_Jan2026.zip,GAS PRICE WATCH JANUARY 2026_table.xlsx,LPG JANUARY 2026,43,12,L43
2026-01-01,2026-01-01,12.5,STATE,Osun,Osun,Osun,South West,FALSE,14045.6236904983,NGN per refill,Average of Jan-26,TRUE,,12KG,2,LPG_Report_Report_Jan2026.zip,GAS PRICE WATCH JANUARY 2026_table.xlsx,LPG JANUARY 2026,44,12,L44
2026-01-01,2026-01-01,12.5,STATE,Oyo,Oyo,Oyo,South West,FALSE,13686.4285714286,NGN per refill,Average of Jan-26,TRUE,,12KG,2,LPG_Report_Report_Jan2026.zip,GAS PRICE WATCH JANUARY 2026_table.xlsx,LPG JANUARY 2026,45,12,L45
2026-01-01,2026-01-01,12.5,STATE,Plateau,Plateau,Plateau,North Central,FALSE,13805,NGN per refill,Average of Jan-26,TRUE,,12KG,2,LPG_Report_Report_Jan2026.zip,GAS PRICE WATCH JANUARY 2026_table.xlsx,LPG JANUARY 2026,10,12,L10
2026-01-01,2026-01-01,12.5,STATE,Rivers,Rivers,Rivers,South South,FALSE,13550.4487384837,NGN per refill,Average of Jan-26,TRUE,,12KG,2,LPG_Report_Report_Jan2026.zip,GAS PRICE WATCH JANUARY 2026_table.xlsx,LPG JANUARY 2026,38,12,L38
2026-01-01,2026-01-01,12.5,STATE,Sokoto,Sokoto,Sokoto,North West,FALSE,12520.9,NGN per refill,Average of Jan-26,TRUE,,12KG,2,LPG_Report_Report_Jan2026.zip,GAS PRICE WATCH JANUARY 2026_table.xlsx,LPG JANUARY 2026,24,12,L24
2026-01-01,2026-01-01,12.5,STATE,Taraba,Taraba,Taraba,North East,FALSE,13916.6666666667,NGN per refill,Average of Jan-26,TRUE,,12KG,2,LPG_Report_Report_Jan2026.zip,GAS PRICE WATCH JANUARY 2026_table.xlsx,LPG JANUARY 2026,16,12,L16
2026-01-01,2026-01-01,12.5,STATE,Yobe,Yobe,Yobe,North East,FALSE,13777.6666666667,NGN per refill,Average of Jan-26,TRUE,,12KG,2,LPG_Report_Report_Jan2026.zip,GAS PRICE WATCH JANUARY 2026_table.xlsx,LPG JANUARY 2026,17,12,L17
2026-01-01,2026-01-01,12.5,STATE,Zamfara,Zamfara,Zamfara,North West,FALSE,13462.3125,NGN per refill,Average of Jan-26,TRUE,,12KG,2,LPG_Report_Report_Jan2026.zip,GAS PRICE WATCH JANUARY 2026_table.xlsx,LPG JANUARY 2026,25,12,L25
2026-01-01,2026-01-01,12.5,ZONE,North Central,NORTH CENTRAL,,North Central,TRUE,13640.199515338014,NGN per refill,Average of Jan-26,TRUE,,12KG,2,LPG_Report_Report_Jan2026.zip,GAS PRICE WATCH JANUARY 2026_table.xlsx,LPG JANUARY 2026,3,12,L3
2026-01-01,2026-01-01,12.5,ZONE,North East,NORTH EAST,,North East,TRUE,13256.873416387434,NGN per refill,Average of Jan-26,TRUE,,12KG,2,LPG_Report_Report_Jan2026.zip,GAS PRICE WATCH JANUARY 2026_table.xlsx,LPG JANUARY 2026,11,12,L11
2026-01-01,2026-01-01,12.5,ZONE,North West,NORTH WEST,,North West,TRUE,13431.709189825755,NGN per refill,Average of Jan-26,TRUE,,12KG,2,LPG_Report_Report_Jan2026.zip,GAS PRICE WATCH JANUARY 2026_table.xlsx,LPG JANUARY 2026,18,12,L18
2026-01-01,2026-01-01,12.5,ZONE,South East,SOUTH EAST,,South East,TRUE,13754.869732429677,NGN per refill,Average of Jan-26,TRUE,,12KG,2,LPG_Report_Report_Jan2026.zip,GAS PRICE WATCH JANUARY 2026_table.xlsx,LPG JANUARY 2026,26,12,L26
2026-01-01,2026-01-01,12.5,ZONE,South South,SOUTH SOUTH,,South South,TRUE,13453.745408043449,NGN per refill,Average of Jan-26,TRUE,,12KG,2,LPG_Report_Report_Jan2026.zip,GAS PRICE WATCH JANUARY 2026_table.xlsx,LPG JANUARY 2026,32,12,L32
2026-01-01,2026-01-01,12.5,ZONE,South West,SOUTH WEST,,South West,TRUE,13807.649230071416,NGN per refill,Average of Jan-26,TRUE,,12KG,2,LPG_Report_Report_Jan2026.zip,GAS PRICE WATCH JANUARY 2026_table.xlsx,LPG JANUARY 2026,39,12,L39
2026-01-01,2026-01-01,12.5,NATIONAL,Nigeria,Average,,,TRUE,13551.008592575907,NGN per refill,Average of Jan-26,TRUE,,12KG,2,LPG_Report_Report_Jan2026.zip,GAS PRICE WATCH JANUARY 2026_table.xlsx,LPG JANUARY 2026,46,12,L46
2026-02-01,2025-02-01,5.0,STATE,Abia,Abia,Abia,South East,FALSE,6719.94527,NGN per refill,Average of Feb-25,FALSE,,5KG,2,LPG_Report_Feb-March_2026.zip,GAS PRICE WATCH FEBRUARY 2026_table.xlsx,LPG FEBRUARY 2026,27,4,D27
2026-02-01,2025-02-01,5.0,STATE,Abuja,Abuja,Abuja,North Central,FALSE,7020,NGN per refill,Average of Feb-25,FALSE,,5KG,2,LPG_Report_Feb-March_2026.zip,GAS PRICE WATCH FEBRUARY 2026_table.xlsx,LPG FEBRUARY 2026,4,4,D4
2026-02-01,2025-02-01,5.0,STATE,Adamawa,Adamawa,Adamawa,North East,FALSE,6800,NGN per refill,Average of Feb-25,FALSE,,5KG,2,LPG_Report_Feb-March_2026.zip,GAS PRICE WATCH FEBRUARY 2026_table.xlsx,LPG FEBRUARY 2026,12,4,D12
2026-02-01,2025-02-01,5.0,STATE,Akwa Ibom,Akwa Ibom,Akwa Ibom,South South,FALSE,7440,NGN per refill,Average of Feb-25,FALSE,,5KG,2,LPG_Report_Feb-March_2026.zip,GAS PRICE WATCH FEBRUARY 2026_table.xlsx,LPG FEBRUARY 2026,33,4,D33
2026-02-01,2025-02-01,5.0,STATE,Anambra,Anambra,Anambra,South East,FALSE,6800.75,NGN per refill,Average of Feb-25,FALSE,,5KG,2,LPG_Report_Feb-March_2026.zip,GAS PRICE WATCH FEBRUARY 2026_table.xlsx,LPG FEBRUARY 2026,28,4,D28
2026-02-01,2025-02-01,5.0,STATE,Bauchi,Bauchi,Bauchi,North East,FALSE,7380,NGN per refill,Average of Feb-25,FALSE,,5KG,2,LPG_Report_Feb-March_2026.zip,GAS PRICE WATCH FEBRUARY 2026_table.xlsx,LPG FEBRUARY 2026,13,4,D13
2026-02-01,2025-02-01,5.0,STATE,Bayelsa,Bayelsa,Bayelsa,South South,FALSE,6900,NGN per refill,Average of Feb-25,FALSE,,5KG,2,LPG_Report_Feb-March_2026.zip,GAS PRICE WATCH FEBRUARY 2026_table.xlsx,LPG FEBRUARY 2026,34,4,D34
2026-02-01,2025-02-01,5.0,STATE,Benue,Benue,Benue,North Central,FALSE,7180,NGN per refill,Average of Feb-25,FALSE,,5KG,2,LPG_Report_Feb-March_2026.zip,GAS PRICE WATCH FEBRUARY 2026_table.xlsx,LPG FEBRUARY 2026,5,4,D5
2026-02-01,2025-02-01,5.0,STATE,Borno,Borno,Borno,North East,FALSE,6888,NGN per refill,Average of Feb-25,FALSE,,5KG,2,LPG_Report_Feb-March_2026.zip,GAS PRICE WATCH FEBRUARY 2026_table.xlsx,LPG FEBRUARY 2026,14,4,D14
2026-02-01,2025-02-01,5.0,STATE,Cross River,Cross River,Cross River,South South,FALSE,7030,NGN per refill,Average of Feb-25,FALSE,,5KG,2,LPG_Report_Feb-March_2026.zip,GAS PRICE WATCH FEBRUARY 2026_table.xlsx,LPG FEBRUARY 2026,35,4,D35
2026-02-01,2025-02-01,5.0,STATE,Delta,Delta,Delta,South South,FALSE,6700,NGN per refill,Average of Feb-25,FALSE,,5KG,2,LPG_Report_Feb-March_2026.zip,GAS PRICE WATCH FEBRUARY 2026_table.xlsx,LPG FEBRUARY 2026,36,4,D36
2026-02-01,2025-02-01,5.0,STATE,Ebonyi,Ebonyi,Ebonyi,South East,FALSE,7111.485000000001,NGN per refill,Average of Feb-25,FALSE,,5KG,2,LPG_Report_Feb-March_2026.zip,GAS PRICE WATCH FEBRUARY 2026_table.xlsx,LPG FEBRUARY 2026,29,4,D29
2026-02-01,2025-02-01,5.0,STATE,Edo,Edo,Edo,South South,FALSE,7164.44444444444,NGN per refill,Average of Feb-25,FALSE,,5KG,2,LPG_Report_Feb-March_2026.zip,GAS PRICE WATCH FEBRUARY 2026_table.xlsx,LPG FEBRUARY 2026,37,4,D37
2026-02-01,2025-02-01,5.0,STATE,Ekiti,Ekiti,Ekiti,South West,FALSE,7132.799999999999,NGN per refill,Average of Feb-25,FALSE,,5KG,2,LPG_Report_Feb-March_2026.zip,GAS PRICE WATCH FEBRUARY 2026_table.xlsx,LPG FEBRUARY 2026,40,4,D40
2026-02-01,2025-02-01,5.0,STATE,Enugu,Enugu,Enugu,South East,FALSE,7206.44444444444,NGN per refill,Average of Feb-25,FALSE,,5KG,2,LPG_Report_Feb-March_2026.zip,GAS PRICE WATCH FEBRUARY 2026_table.xlsx,LPG FEBRUARY 2026,30,4,D30
2026-02-01,2025-02-01,5.0,STATE,Gombe,Gombe,Gombe,North East,FALSE,7280,NGN per refill,Average of Feb-25,FALSE,,5KG,2,LPG_Report_Feb-March_2026.zip,GAS PRICE WATCH FEBRUARY 2026_table.xlsx,LPG FEBRUARY 2026,15,4,D15
2026-02-01,2025-02-01,5.0,STATE,Imo,Imo,Imo,South East,FALSE,7111.66666666668,NGN per refill,Average of Feb-25,FALSE,,5KG,2,LPG_Report_Feb-March_2026.zip,GAS PRICE WATCH FEBRUARY 2026_table.xlsx,LPG FEBRUARY 2026,31,4,D31
2026-02-01,2025-02-01,5.0,STATE,Jigawa,Jigawa,Jigawa,North West,FALSE,7377.5,NGN per refill,Average of Feb-25,FALSE,,5KG,2,LPG_Report_Feb-March_2026.zip,GAS PRICE WATCH FEBRUARY 2026_table.xlsx,LPG FEBRUARY 2026,19,4,D19
2026-02-01,2025-02-01,5.0,STATE,Kaduna,Kaduna,Kaduna,North West,FALSE,6762.5,NGN per refill,Average of Feb-25,FALSE,,5KG,2,LPG_Report_Feb-March_2026.zip,GAS PRICE WATCH FEBRUARY 2026_table.xlsx,LPG FEBRUARY 2026,20,4,D20
2026-02-01,2025-02-01,5.0,STATE,Kano,Kano,Kano,North West,FALSE,6710,NGN per refill,Average of Feb-25,FALSE,,5KG,2,LPG_Report_Feb-March_2026.zip,GAS PRICE WATCH FEBRUARY 2026_table.xlsx,LPG FEBRUARY 2026,21,4,D21
2026-02-01,2025-02-01,5.0,STATE,Katsina,Katsina,Katsina,North West,FALSE,7000,NGN per refill,Average of Feb-25,FALSE,,5KG,2,LPG_Report_Feb-March_2026.zip,GAS PRICE WATCH FEBRUARY 2026_table.xlsx,LPG FEBRUARY 2026,22,4,D22
2026-02-01,2025-02-01,5.0,STATE,Kebbi,Kebbi,Kebbi,North West,FALSE,6500,NGN per refill,Average of Feb-25,FALSE,,5KG,2,LPG_Report_Feb-March_2026.zip,GAS PRICE WATCH FEBRUARY 2026_table.xlsx,LPG FEBRUARY 2026,23,4,D23
2026-02-01,2025-02-01,5.0,STATE,Kogi,Kogi,Kogi,North Central,FALSE,6720,NGN per refill,Average of Feb-25,FALSE,,5KG,2,LPG_Report_Feb-March_2026.zip,GAS PRICE WATCH FEBRUARY 2026_table.xlsx,LPG FEBRUARY 2026,6,4,D6
2026-02-01,2025-02-01,5.0,STATE,Kwara,Kwara,Kwara,North Central,FALSE,6900,NGN per refill,Average of Feb-25,FALSE,,5KG,2,LPG_Report_Feb-March_2026.zip,GAS PRICE WATCH FEBRUARY 2026_table.xlsx,LPG FEBRUARY 2026,7,4,D7
2026-02-01,2025-02-01,5.0,STATE,Lagos,Lagos,Lagos,South West,FALSE,7630,NGN per refill,Average of Feb-25,FALSE,,5KG,2,LPG_Report_Feb-March_2026.zip,GAS PRICE WATCH FEBRUARY 2026_table.xlsx,LPG FEBRUARY 2026,41,4,D41
2026-02-01,2025-02-01,5.0,STATE,Nasarawa,Nasarawa,Nasarawa,North Central,FALSE,7180,NGN per refill,Average of Feb-25,FALSE,,5KG,2,LPG_Report_Feb-March_2026.zip,GAS PRICE WATCH FEBRUARY 2026_table.xlsx,LPG FEBRUARY 2026,8,4,D8
2026-02-01,2025-02-01,5.0,STATE,Niger,Niger,Niger,North Central,FALSE,6580,NGN per refill,Average of Feb-25,FALSE,,5KG,2,LPG_Report_Feb-March_2026.zip,GAS PRICE WATCH FEBRUARY 2026_table.xlsx,LPG FEBRUARY 2026,9,4,D9
2026-02-01,2025-02-01,5.0,STATE,Ogun,Ogun,Ogun,South West,FALSE,7102.8571428571595,NGN per refill,Average of Feb-25,FALSE,,5KG,2,LPG_Report_Feb-March_2026.zip,GAS PRICE WATCH FEBRUARY 2026_table.xlsx,LPG FEBRUARY 2026,42,4,D42
2026-02-01,2025-02-01,5.0,STATE,Ondo,Ondo,Ondo,South West,FALSE,6618.904761900001,NGN per refill,Average of Feb-25,FALSE,,5KG,2,LPG_Report_Feb-March_2026.zip,GAS PRICE WATCH FEBRUARY 2026_table.xlsx,LPG FEBRUARY 2026,43,4,D43
2026-02-01,2025-02-01,5.0,STATE,Osun,Osun,Osun,South West,FALSE,7382.22222222224,NGN per refill,Average of Feb-25,FALSE,,5KG,2,LPG_Report_Feb-March_2026.zip,GAS PRICE WATCH FEBRUARY 2026_table.xlsx,LPG FEBRUARY 2026,44,4,D44
2026-02-01,2025-02-01,5.0,STATE,Oyo,Oyo,Oyo,South West,FALSE,6857.142857142857,NGN per refill,Average of Feb-25,FALSE,,5KG,2,LPG_Report_Feb-March_2026.zip,GAS PRICE WATCH FEBRUARY 2026_table.xlsx,LPG FEBRUARY 2026,45,4,D45
2026-02-01,2025-02-01,5.0,STATE,Plateau,Plateau,Plateau,North Central,FALSE,7166.666666666665,NGN per refill,Average of Feb-25,FALSE,,5KG,2,LPG_Report_Feb-March_2026.zip,GAS PRICE WATCH FEBRUARY 2026_table.xlsx,LPG FEBRUARY 2026,10,4,D10
2026-02-01,2025-02-01,5.0,STATE,Rivers,Rivers,Rivers,South South,FALSE,7544.444444444439,NGN per refill,Average of Feb-25,FALSE,,5KG,2,LPG_Report_Feb-March_2026.zip,GAS PRICE WATCH FEBRUARY 2026_table.xlsx,LPG FEBRUARY 2026,38,4,D38
2026-02-01,2025-02-01,5.0,STATE,Sokoto,Sokoto,Sokoto,North West,FALSE,7120,NGN per refill,Average of Feb-25,FALSE,,5KG,2,LPG_Report_Feb-March_2026.zip,GAS PRICE WATCH FEBRUARY 2026_table.xlsx,LPG FEBRUARY 2026,24,4,D24
2026-02-01,2025-02-01,5.0,STATE,Taraba,Taraba,Taraba,North East,FALSE,8250,NGN per refill,Average of Feb-25,FALSE,,5KG,2,LPG_Report_Feb-March_2026.zip,GAS PRICE WATCH FEBRUARY 2026_table.xlsx,LPG FEBRUARY 2026,16,4,D16
2026-02-01,2025-02-01,5.0,STATE,Yobe,Yobe,Yobe,North East,FALSE,7800,NGN per refill,Average of Feb-25,FALSE,,5KG,2,LPG_Report_Feb-March_2026.zip,GAS PRICE WATCH FEBRUARY 2026_table.xlsx,LPG FEBRUARY 2026,17,4,D17
2026-02-01,2025-02-01,5.0,STATE,Zamfara,Zamfara,Zamfara,North West,FALSE,6600,NGN per refill,Average of Feb-25,FALSE,,5KG,2,LPG_Report_Feb-March_2026.zip,GAS PRICE WATCH FEBRUARY 2026_table.xlsx,LPG FEBRUARY 2026,25,4,D25
2026-02-01,2025-02-01,5.0,ZONE,North Central,NORTH CENTRAL,,North Central,TRUE,6963.809523809524,NGN per refill,Average of Feb-25,FALSE,,5KG,2,LPG_Report_Feb-March_2026.zip,GAS PRICE WATCH FEBRUARY 2026_table.xlsx,LPG FEBRUARY 2026,3,4,D3
2026-02-01,2025-02-01,5.0,ZONE,North East,NORTH EAST,,North East,TRUE,7399.666666666667,NGN per refill,Average of Feb-25,FALSE,,5KG,2,LPG_Report_Feb-March_2026.zip,GAS PRICE WATCH FEBRUARY 2026_table.xlsx,LPG FEBRUARY 2026,11,4,D11
2026-02-01,2025-02-01,5.0,ZONE,North West,NORTH WEST,,North West,TRUE,6867.142857142857,NGN per refill,Average of Feb-25,FALSE,,5KG,2,LPG_Report_Feb-March_2026.zip,GAS PRICE WATCH FEBRUARY 2026_table.xlsx,LPG FEBRUARY 2026,18,4,D18
2026-02-01,2025-02-01,5.0,ZONE,South East,SOUTH EAST,,South East,TRUE,6990.058276222224,NGN per refill,Average of Feb-25,FALSE,,5KG,2,LPG_Report_Feb-March_2026.zip,GAS PRICE WATCH FEBRUARY 2026_table.xlsx,LPG FEBRUARY 2026,26,4,D26
2026-02-01,2025-02-01,5.0,ZONE,South South,SOUTH SOUTH,,South South,TRUE,7129.814814814813,NGN per refill,Average of Feb-25,FALSE,,5KG,2,LPG_Report_Feb-March_2026.zip,GAS PRICE WATCH FEBRUARY 2026_table.xlsx,LPG FEBRUARY 2026,32,4,D32
2026-02-01,2025-02-01,5.0,ZONE,South West,SOUTH WEST,,South West,TRUE,7120.654497353709,NGN per refill,Average of Feb-25,FALSE,,5KG,2,LPG_Report_Feb-March_2026.zip,GAS PRICE WATCH FEBRUARY 2026_table.xlsx,LPG FEBRUARY 2026,39,4,D39
2026-02-01,2025-02-01,5.0,NATIONAL,Nigeria,Grand Total,,,TRUE,7072.101997859159,NGN per refill,Average of Feb-25,FALSE,,5KG,2,LPG_Report_Feb-March_2026.zip,GAS PRICE WATCH FEBRUARY 2026_table.xlsx,LPG FEBRUARY 2026,46,4,D46
2026-02-01,2025-02-01,12.5,STATE,Abia,Abia,Abia,South East,FALSE,16299.863175,NGN per refill,Average of Feb-25,FALSE,,12.5KG,2,LPG_Report_Feb-March_2026.zip,GAS PRICE WATCH FEBRUARY 2026_table.xlsx,LPG FEBRUARY 2026,27,12,L27
2026-02-01,2025-02-01,12.5,STATE,Abuja,Abuja,Abuja,North Central,FALSE,17550,NGN per refill,Average of Feb-25,FALSE,,12.5KG,2,LPG_Report_Feb-March_2026.zip,GAS PRICE WATCH FEBRUARY 2026_table.xlsx,LPG FEBRUARY 2026,4,12,L4
2026-02-01,2025-02-01,12.5,STATE,Adamawa,Adamawa,Adamawa,North East,FALSE,17000,NGN per refill,Average of Feb-25,FALSE,,12.5KG,2,LPG_Report_Feb-March_2026.zip,GAS PRICE WATCH FEBRUARY 2026_table.xlsx,LPG FEBRUARY 2026,12,12,L12
2026-02-01,2025-02-01,12.5,STATE,Akwa Ibom,Akwa Ibom,Akwa Ibom,South South,FALSE,18600,NGN per refill,Average of Feb-25,FALSE,,12.5KG,2,LPG_Report_Feb-March_2026.zip,GAS PRICE WATCH FEBRUARY 2026_table.xlsx,LPG FEBRUARY 2026,33,12,L33
2026-02-01,2025-02-01,12.5,STATE,Anambra,Anambra,Anambra,South East,FALSE,18751.875,NGN per refill,Average of Feb-25,FALSE,,12.5KG,2,LPG_Report_Feb-March_2026.zip,GAS PRICE WATCH FEBRUARY 2026_table.xlsx,LPG FEBRUARY 2026,28,12,L28
2026-02-01,2025-02-01,12.5,STATE,Bauchi,Bauchi,Bauchi,North East,FALSE,18450,NGN per refill,Average of Feb-25,FALSE,,12.5KG,2,LPG_Report_Feb-March_2026.zip,GAS PRICE WATCH FEBRUARY 2026_table.xlsx,LPG FEBRUARY 2026,13,12,L13
2026-02-01,2025-02-01,12.5,STATE,Bayelsa,Bayelsa,Bayelsa,South South,FALSE,17550,NGN per refill,Average of Feb-25,FALSE,,12.5KG,2,LPG_Report_Feb-March_2026.zip,GAS PRICE WATCH FEBRUARY 2026_table.xlsx,LPG FEBRUARY 2026,34,12,L34
2026-02-01,2025-02-01,12.5,STATE,Benue,Benue,Benue,North Central,FALSE,17950,NGN per refill,Average of Feb-25,FALSE,,12.5KG,2,LPG_Report_Feb-March_2026.zip,GAS PRICE WATCH FEBRUARY 2026_table.xlsx,LPG FEBRUARY 2026,5,12,L5
2026-02-01,2025-02-01,12.5,STATE,Borno,Borno,Borno,North East,FALSE,17220,NGN per refill,Average of Feb-25,FALSE,,12.5KG,2,LPG_Report_Feb-March_2026.zip,GAS PRICE WATCH FEBRUARY 2026_table.xlsx,LPG FEBRUARY 2026,14,12,L14
2026-02-01,2025-02-01,12.5,STATE,Cross River,Cross River,Cross River,South South,FALSE,17575,NGN per refill,Average of Feb-25,FALSE,,12.5KG,2,LPG_Report_Feb-March_2026.zip,GAS PRICE WATCH FEBRUARY 2026_table.xlsx,LPG FEBRUARY 2026,35,12,L35
2026-02-01,2025-02-01,12.5,STATE,Delta,Delta,Delta,South South,FALSE,16750,NGN per refill,Average of Feb-25,FALSE,,12.5KG,2,LPG_Report_Feb-March_2026.zip,GAS PRICE WATCH FEBRUARY 2026_table.xlsx,LPG FEBRUARY 2026,36,12,L36
2026-02-01,2025-02-01,12.5,STATE,Ebonyi,Ebonyi,Ebonyi,South East,FALSE,17778.7125,NGN per refill,Average of Feb-25,FALSE,,12.5KG,2,LPG_Report_Feb-March_2026.zip,GAS PRICE WATCH FEBRUARY 2026_table.xlsx,LPG FEBRUARY 2026,29,12,L29
2026-02-01,2025-02-01,12.5,STATE,Edo,Edo,Edo,South South,FALSE,17461.1111111111,NGN per refill,Average of Feb-25,FALSE,,12.5KG,2,LPG_Report_Feb-March_2026.zip,GAS PRICE WATCH FEBRUARY 2026_table.xlsx,LPG FEBRUARY 2026,37,12,L37
2026-02-01,2025-02-01,12.5,STATE,Ekiti,Ekiti,Ekiti,South West,FALSE,17832,NGN per refill,Average of Feb-25,FALSE,,12.5KG,2,LPG_Report_Feb-March_2026.zip,GAS PRICE WATCH FEBRUARY 2026_table.xlsx,LPG FEBRUARY 2026,40,12,L40
2026-02-01,2025-02-01,12.5,STATE,Enugu,Enugu,Enugu,South East,FALSE,17616.1111111111,NGN per refill,Average of Feb-25,FALSE,,12.5KG,2,LPG_Report_Feb-March_2026.zip,GAS PRICE WATCH FEBRUARY 2026_table.xlsx,LPG FEBRUARY 2026,30,12,L30
2026-02-01,2025-02-01,12.5,STATE,Gombe,Gombe,Gombe,North East,FALSE,18200,NGN per refill,Average of Feb-25,FALSE,,12.5KG,2,LPG_Report_Feb-March_2026.zip,GAS PRICE WATCH FEBRUARY 2026_table.xlsx,LPG FEBRUARY 2026,15,12,L15
2026-02-01,2025-02-01,12.5,STATE,Imo,Imo,Imo,South East,FALSE,17779.1666666667,NGN per refill,Average of Feb-25,FALSE,,12.5KG,2,LPG_Report_Feb-March_2026.zip,GAS PRICE WATCH FEBRUARY 2026_table.xlsx,LPG FEBRUARY 2026,31,12,L31
2026-02-01,2025-02-01,12.5,STATE,Jigawa,Jigawa,Jigawa,North West,FALSE,18443.75,NGN per refill,Average of Feb-25,FALSE,,12.5KG,2,LPG_Report_Feb-March_2026.zip,GAS PRICE WATCH FEBRUARY 2026_table.xlsx,LPG FEBRUARY 2026,19,12,L19
2026-02-01,2025-02-01,12.5,STATE,Kaduna,Kaduna,Kaduna,North West,FALSE,16906.25,NGN per refill,Average of Feb-25,FALSE,,12.5KG,2,LPG_Report_Feb-March_2026.zip,GAS PRICE WATCH FEBRUARY 2026_table.xlsx,LPG FEBRUARY 2026,20,12,L20
2026-02-01,2025-02-01,12.5,STATE,Kano,Kano,Kano,North West,FALSE,16775,NGN per refill,Average of Feb-25,FALSE,,12.5KG,2,LPG_Report_Feb-March_2026.zip,GAS PRICE WATCH FEBRUARY 2026_table.xlsx,LPG FEBRUARY 2026,21,12,L21
2026-02-01,2025-02-01,12.5,STATE,Katsina,Katsina,Katsina,North West,FALSE,17550,NGN per refill,Average of Feb-25,FALSE,,12.5KG,2,LPG_Report_Feb-March_2026.zip,GAS PRICE WATCH FEBRUARY 2026_table.xlsx,LPG FEBRUARY 2026,22,12,L22
2026-02-01,2025-02-01,12.5,STATE,Kebbi,Kebbi,Kebbi,North West,FALSE,16250,NGN per refill,Average of Feb-25,FALSE,,12.5KG,2,LPG_Report_Feb-March_2026.zip,GAS PRICE WATCH FEBRUARY 2026_table.xlsx,LPG FEBRUARY 2026,23,12,L23
2026-02-01,2025-02-01,12.5,STATE,Kogi,Kogi,Kogi,North Central,FALSE,16800,NGN per refill,Average of Feb-25,FALSE,,12.5KG,2,LPG_Report_Feb-March_2026.zip,GAS PRICE WATCH FEBRUARY 2026_table.xlsx,LPG FEBRUARY 2026,6,12,L6
2026-02-01,2025-02-01,12.5,STATE,Kwara,Kwara,Kwara,North Central,FALSE,17250,NGN per refill,Average of Feb-25,FALSE,,12.5KG,2,LPG_Report_Feb-March_2026.zip,GAS PRICE WATCH FEBRUARY 2026_table.xlsx,LPG FEBRUARY 2026,7,12,L7
2026-02-01,2025-02-01,12.5,STATE,Lagos,Lagos,Lagos,South West,FALSE,15750,NGN per refill,Average of Feb-25,FALSE,,12.5KG,2,LPG_Report_Feb-March_2026.zip,GAS PRICE WATCH FEBRUARY 2026_table.xlsx,LPG FEBRUARY 2026,41,12,L41
2026-02-01,2025-02-01,12.5,STATE,Nasarawa,Nasarawa,Nasarawa,North Central,FALSE,16250,NGN per refill,Average of Feb-25,FALSE,,12.5KG,2,LPG_Report_Feb-March_2026.zip,GAS PRICE WATCH FEBRUARY 2026_table.xlsx,LPG FEBRUARY 2026,8,12,L8
2026-02-01,2025-02-01,12.5,STATE,Niger,Niger,Niger,North Central,FALSE,16450,NGN per refill,Average of Feb-25,FALSE,,12.5KG,2,LPG_Report_Feb-March_2026.zip,GAS PRICE WATCH FEBRUARY 2026_table.xlsx,LPG FEBRUARY 2026,9,12,L9
2026-02-01,2025-02-01,12.5,STATE,Ogun,Ogun,Ogun,South West,FALSE,17757.1428571429,NGN per refill,Average of Feb-25,FALSE,,12.5KG,2,LPG_Report_Feb-March_2026.zip,GAS PRICE WATCH FEBRUARY 2026_table.xlsx,LPG FEBRUARY 2026,42,12,L42
2026-02-01,2025-02-01,12.5,STATE,Ondo,Ondo,Ondo,South West,FALSE,16547.26190475,NGN per refill,Average of Feb-25,FALSE,,12.5KG,2,LPG_Report_Feb-March_2026.zip,GAS PRICE WATCH FEBRUARY 2026_table.xlsx,LPG FEBRUARY 2026,43,12,L43
2026-02-01,2025-02-01,12.5,STATE,Osun,Osun,Osun,South West,FALSE,18455.5555555556,NGN per refill,Average of Feb-25,FALSE,,12.5KG,2,LPG_Report_Feb-March_2026.zip,GAS PRICE WATCH FEBRUARY 2026_table.xlsx,LPG FEBRUARY 2026,44,12,L44
2026-02-01,2025-02-01,12.5,STATE,Oyo,Oyo,Oyo,South West,FALSE,17142.85714285714,NGN per refill,Average of Feb-25,FALSE,,12.5KG,2,LPG_Report_Feb-March_2026.zip,GAS PRICE WATCH FEBRUARY 2026_table.xlsx,LPG FEBRUARY 2026,45,12,L45
2026-02-01,2025-02-01,12.5,STATE,Plateau,Plateau,Plateau,North Central,FALSE,17916.666666666664,NGN per refill,Average of Feb-25,FALSE,,12.5KG,2,LPG_Report_Feb-March_2026.zip,GAS PRICE WATCH FEBRUARY 2026_table.xlsx,LPG FEBRUARY 2026,10,12,L10
2026-02-01,2025-02-01,12.5,STATE,Rivers,Rivers,Rivers,South South,FALSE,18861.1111111111,NGN per refill,Average of Feb-25,FALSE,,12.5KG,2,LPG_Report_Feb-March_2026.zip,GAS PRICE WATCH FEBRUARY 2026_table.xlsx,LPG FEBRUARY 2026,38,12,L38
2026-02-01,2025-02-01,12.5,STATE,Sokoto,Sokoto,Sokoto,North West,FALSE,17550,NGN per refill,Average of Feb-25,FALSE,,12.5KG,2,LPG_Report_Feb-March_2026.zip,GAS PRICE WATCH FEBRUARY 2026_table.xlsx,LPG FEBRUARY 2026,24,12,L24
2026-02-01,2025-02-01,12.5,STATE,Taraba,Taraba,Taraba,North East,FALSE,18625,NGN per refill,Average of Feb-25,FALSE,,12.5KG,2,LPG_Report_Feb-March_2026.zip,GAS PRICE WATCH FEBRUARY 2026_table.xlsx,LPG FEBRUARY 2026,16,12,L16
2026-02-01,2025-02-01,12.5,STATE,Yobe,Yobe,Yobe,North East,FALSE,19000,NGN per refill,Average of Feb-25,FALSE,,12.5KG,2,LPG_Report_Feb-March_2026.zip,GAS PRICE WATCH FEBRUARY 2026_table.xlsx,LPG FEBRUARY 2026,17,12,L17
2026-02-01,2025-02-01,12.5,STATE,Zamfara,Zamfara,Zamfara,North West,FALSE,16575,NGN per refill,Average of Feb-25,FALSE,,12.5KG,2,LPG_Report_Feb-March_2026.zip,GAS PRICE WATCH FEBRUARY 2026_table.xlsx,LPG FEBRUARY 2026,25,12,L25
2026-02-01,2025-02-01,12.5,ZONE,North Central,NORTH CENTRAL,,North Central,TRUE,17166.666666666664,NGN per refill,Average of Feb-25,FALSE,,12.5KG,2,LPG_Report_Feb-March_2026.zip,GAS PRICE WATCH FEBRUARY 2026_table.xlsx,LPG FEBRUARY 2026,3,12,L3
2026-02-01,2025-02-01,12.5,ZONE,North East,NORTH EAST,,North East,TRUE,18082.5,NGN per refill,Average of Feb-25,FALSE,,12.5KG,2,LPG_Report_Feb-March_2026.zip,GAS PRICE WATCH FEBRUARY 2026_table.xlsx,LPG FEBRUARY 2026,11,12,L11
2026-02-01,2025-02-01,12.5,ZONE,North West,NORTH WEST,,North West,TRUE,17150,NGN per refill,Average of Feb-25,FALSE,,12.5KG,2,LPG_Report_Feb-March_2026.zip,GAS PRICE WATCH FEBRUARY 2026_table.xlsx,LPG FEBRUARY 2026,18,12,L18
2026-02-01,2025-02-01,12.5,ZONE,South East,SOUTH EAST,,South East,TRUE,17645.14569055556,NGN per refill,Average of Feb-25,FALSE,,12.5KG,2,LPG_Report_Feb-March_2026.zip,GAS PRICE WATCH FEBRUARY 2026_table.xlsx,LPG FEBRUARY 2026,26,12,L26
2026-02-01,2025-02-01,12.5,ZONE,South South,SOUTH SOUTH,,South South,TRUE,17799.537037037033,NGN per refill,Average of Feb-25,FALSE,,12.5KG,2,LPG_Report_Feb-March_2026.zip,GAS PRICE WATCH FEBRUARY 2026_table.xlsx,LPG FEBRUARY 2026,32,12,L32
2026-02-01,2025-02-01,12.5,ZONE,South West,SOUTH WEST,,South West,TRUE,17247.46957671761,NGN per refill,Average of Feb-25,FALSE,,12.5KG,2,LPG_Report_Feb-March_2026.zip,GAS PRICE WATCH FEBRUARY 2026_table.xlsx,LPG FEBRUARY 2026,39,12,L39
2026-02-01,2025-02-01,12.5,NATIONAL,Nigeria,Grand Total,,,TRUE,17492.41715681007,NGN per refill,Average of Feb-25,FALSE,,12.5KG,2,LPG_Report_Feb-March_2026.zip,GAS PRICE WATCH FEBRUARY 2026_table.xlsx,LPG FEBRUARY 2026,46,12,L46
2026-02-01,2026-01-01,5.0,STATE,Abia,Abia,Abia,South East,FALSE,5829.174219937359,NGN per refill,Average of Jan-26,FALSE,,5KG,2,LPG_Report_Feb-March_2026.zip,GAS PRICE WATCH FEBRUARY 2026_table.xlsx,LPG FEBRUARY 2026,27,5,E27
2026-02-01,2026-01-01,5.0,STATE,Abuja,Abuja,Abuja,North Central,FALSE,5077.4625,NGN per refill,Average of Jan-26,FALSE,,5KG,2,LPG_Report_Feb-March_2026.zip,GAS PRICE WATCH FEBRUARY 2026_table.xlsx,LPG FEBRUARY 2026,4,5,E4
2026-02-01,2026-01-01,5.0,STATE,Adamawa,Adamawa,Adamawa,North East,FALSE,5354.400000000001,NGN per refill,Average of Jan-26,FALSE,,5KG,2,LPG_Report_Feb-March_2026.zip,GAS PRICE WATCH FEBRUARY 2026_table.xlsx,LPG FEBRUARY 2026,12,5,E12
2026-02-01,2026-01-01,5.0,STATE,Akwa Ibom,Akwa Ibom,Akwa Ibom,South South,FALSE,5789.8493313748795,NGN per refill,Average of Jan-26,FALSE,,5KG,2,LPG_Report_Feb-March_2026.zip,GAS PRICE WATCH FEBRUARY 2026_table.xlsx,LPG FEBRUARY 2026,33,5,E33
2026-02-01,2026-01-01,5.0,STATE,Anambra,Anambra,Anambra,South East,FALSE,5378.599551028,NGN per refill,Average of Jan-26,FALSE,,5KG,2,LPG_Report_Feb-March_2026.zip,GAS PRICE WATCH FEBRUARY 2026_table.xlsx,LPG FEBRUARY 2026,28,5,E28
2026-02-01,2026-01-01,5.0,STATE,Bauchi,Bauchi,Bauchi,North East,FALSE,5054,NGN per refill,Average of Jan-26,FALSE,,5KG,2,LPG_Report_Feb-March_2026.zip,GAS PRICE WATCH FEBRUARY 2026_table.xlsx,LPG FEBRUARY 2026,13,5,E13
2026-02-01,2026-01-01,5.0,STATE,Bayelsa,Bayelsa,Bayelsa,South South,FALSE,4891.86561906532,NGN per refill,Average of Jan-26,FALSE,,5KG,2,LPG_Report_Feb-March_2026.zip,GAS PRICE WATCH FEBRUARY 2026_table.xlsx,LPG FEBRUARY 2026,34,5,E34
2026-02-01,2026-01-01,5.0,STATE,Benue,Benue,Benue,North Central,FALSE,5279.424214299001,NGN per refill,Average of Jan-26,FALSE,,5KG,2,LPG_Report_Feb-March_2026.zip,GAS PRICE WATCH FEBRUARY 2026_table.xlsx,LPG FEBRUARY 2026,5,5,E5
2026-02-01,2026-01-01,5.0,STATE,Borno,Borno,Borno,North East,FALSE,5318.75,NGN per refill,Average of Jan-26,FALSE,,5KG,2,LPG_Report_Feb-March_2026.zip,GAS PRICE WATCH FEBRUARY 2026_table.xlsx,LPG FEBRUARY 2026,14,5,E14
2026-02-01,2026-01-01,5.0,STATE,Cross River,Cross River,Cross River,South South,FALSE,5089.133489274,NGN per refill,Average of Jan-26,FALSE,,5KG,2,LPG_Report_Feb-March_2026.zip,GAS PRICE WATCH FEBRUARY 2026_table.xlsx,LPG FEBRUARY 2026,35,5,E35
2026-02-01,2026-01-01,5.0,STATE,Delta,Delta,Delta,South South,FALSE,5763.19971429056,NGN per refill,Average of Jan-26,FALSE,,5KG,2,LPG_Report_Feb-March_2026.zip,GAS PRICE WATCH FEBRUARY 2026_table.xlsx,LPG FEBRUARY 2026,36,5,E36
2026-02-01,2026-01-01,5.0,STATE,Ebonyi,Ebonyi,Ebonyi,South East,FALSE,5283.599551028,NGN per refill,Average of Jan-26,FALSE,,5KG,2,LPG_Report_Feb-March_2026.zip,GAS PRICE WATCH FEBRUARY 2026_table.xlsx,LPG FEBRUARY 2026,29,5,E29
2026-02-01,2026-01-01,5.0,STATE,Edo,Edo,Edo,South South,FALSE,5034.76132990604,NGN per refill,Average of Jan-26,FALSE,,5KG,2,LPG_Report_Feb-March_2026.zip,GAS PRICE WATCH FEBRUARY 2026_table.xlsx,LPG FEBRUARY 2026,37,5,E37
2026-02-01,2026-01-01,5.0,STATE,Ekiti,Ekiti,Ekiti,South West,FALSE,5604.80674399168,NGN per refill,Average of Jan-26,FALSE,,5KG,2,LPG_Report_Feb-March_2026.zip,GAS PRICE WATCH FEBRUARY 2026_table.xlsx,LPG FEBRUARY 2026,40,5,E40
2026-02-01,2026-01-01,5.0,STATE,Enugu,Enugu,Enugu,South East,FALSE,5785.83333333332,NGN per refill,Average of Jan-26,FALSE,,5KG,2,LPG_Report_Feb-March_2026.zip,GAS PRICE WATCH FEBRUARY 2026_table.xlsx,LPG FEBRUARY 2026,30,5,E30
2026-02-01,2026-01-01,5.0,STATE,Gombe,Gombe,Gombe,North East,FALSE,5111.61286599648,NGN per refill,Average of Jan-26,FALSE,,5KG,2,LPG_Report_Feb-March_2026.zip,GAS PRICE WATCH FEBRUARY 2026_table.xlsx,LPG FEBRUARY 2026,15,5,E15
2026-02-01,2026-01-01,5.0,STATE,Imo,Imo,Imo,South East,FALSE,5232.53280953268,NGN per refill,Average of Jan-26,FALSE,,5KG,2,LPG_Report_Feb-March_2026.zip,GAS PRICE WATCH FEBRUARY 2026_table.xlsx,LPG FEBRUARY 2026,31,5,E31
2026-02-01,2026-01-01,5.0,STATE,Jigawa,Jigawa,Jigawa,North West,FALSE,5892.875,NGN per refill,Average of Jan-26,FALSE,,5KG,2,LPG_Report_Feb-March_2026.zip,GAS PRICE WATCH FEBRUARY 2026_table.xlsx,LPG FEBRUARY 2026,19,5,E19
2026-02-01,2026-01-01,5.0,STATE,Kaduna,Kaduna,Kaduna,North West,FALSE,5772.7,NGN per refill,Average of Jan-26,FALSE,,5KG,2,LPG_Report_Feb-March_2026.zip,GAS PRICE WATCH FEBRUARY 2026_table.xlsx,LPG FEBRUARY 2026,20,5,E20
2026-02-01,2026-01-01,5.0,STATE,Kano,Kano,Kano,North West,FALSE,5313.666666666681,NGN per refill,Average of Jan-26,FALSE,,5KG,2,LPG_Report_Feb-March_2026.zip,GAS PRICE WATCH FEBRUARY 2026_table.xlsx,LPG FEBRUARY 2026,21,5,E21
2026-02-01,2026-01-01,5.0,STATE,Katsina,Katsina,Katsina,North West,FALSE,5013.8,NGN per refill,Average of Jan-26,FALSE,,5KG,2,LPG_Report_Feb-March_2026.zip,GAS PRICE WATCH FEBRUARY 2026_table.xlsx,LPG FEBRUARY 2026,22,5,E22
2026-02-01,2026-01-01,5.0,STATE,Kebbi,Kebbi,Kebbi,North West,FALSE,5222.45906484544,NGN per refill,Average of Jan-26,FALSE,,5KG,2,LPG_Report_Feb-March_2026.zip,GAS PRICE WATCH FEBRUARY 2026_table.xlsx,LPG FEBRUARY 2026,23,5,E23
2026-02-01,2026-01-01,5.0,STATE,Kogi,Kogi,Kogi,North Central,FALSE,5601.66666666668,NGN per refill,Average of Jan-26,FALSE,,5KG,2,LPG_Report_Feb-March_2026.zip,GAS PRICE WATCH FEBRUARY 2026_table.xlsx,LPG FEBRUARY 2026,6,5,E6
2026-02-01,2026-01-01,5.0,STATE,Kwara,Kwara,Kwara,North Central,FALSE,5592.677428577321,NGN per refill,Average of Jan-26,FALSE,,5KG,2,LPG_Report_Feb-March_2026.zip,GAS PRICE WATCH FEBRUARY 2026_table.xlsx,LPG FEBRUARY 2026,7,5,E7
2026-02-01,2026-01-01,5.0,STATE,Lagos,Lagos,Lagos,South West,FALSE,5445.61383674228,NGN per refill,Average of Jan-26,FALSE,,5KG,2,LPG_Report_Feb-March_2026.zip,GAS PRICE WATCH FEBRUARY 2026_table.xlsx,LPG FEBRUARY 2026,41,5,E41
2026-02-01,2026-01-01,5.0,STATE,Nasarawa,Nasarawa,Nasarawa,North Central,FALSE,5611.96,NGN per refill,Average of Jan-26,FALSE,,5KG,2,LPG_Report_Feb-March_2026.zip,GAS PRICE WATCH FEBRUARY 2026_table.xlsx,LPG FEBRUARY 2026,8,5,E8
2026-02-01,2026-01-01,5.0,STATE,Niger,Niger,Niger,North Central,FALSE,5307.36783340344,NGN per refill,Average of Jan-26,FALSE,,5KG,2,LPG_Report_Feb-March_2026.zip,GAS PRICE WATCH FEBRUARY 2026_table.xlsx,LPG FEBRUARY 2026,9,5,E9
2026-02-01,2026-01-01,5.0,STATE,Ogun,Ogun,Ogun,South West,FALSE,5495,NGN per refill,Average of Jan-26,FALSE,,5KG,2,LPG_Report_Feb-March_2026.zip,GAS PRICE WATCH FEBRUARY 2026_table.xlsx,LPG FEBRUARY 2026,42,5,E42
2026-02-01,2026-01-01,5.0,STATE,Ondo,Ondo,Ondo,South West,FALSE,5300.11666666668,NGN per refill,Average of Jan-26,FALSE,,5KG,2,LPG_Report_Feb-March_2026.zip,GAS PRICE WATCH FEBRUARY 2026_table.xlsx,LPG FEBRUARY 2026,43,5,E43
2026-02-01,2026-01-01,5.0,STATE,Osun,Osun,Osun,South West,FALSE,5618.24947619932,NGN per refill,Average of Jan-26,FALSE,,5KG,2,LPG_Report_Feb-March_2026.zip,GAS PRICE WATCH FEBRUARY 2026_table.xlsx,LPG FEBRUARY 2026,44,5,E44
2026-02-01,2026-01-01,5.0,STATE,Oyo,Oyo,Oyo,South West,FALSE,5474.571428571439,NGN per refill,Average of Jan-26,FALSE,,5KG,2,LPG_Report_Feb-March_2026.zip,GAS PRICE WATCH FEBRUARY 2026_table.xlsx,LPG FEBRUARY 2026,45,5,E45
2026-02-01,2026-01-01,5.0,STATE,Plateau,Plateau,Plateau,North Central,FALSE,5522,NGN per refill,Average of Jan-26,FALSE,,5KG,2,LPG_Report_Feb-March_2026.zip,GAS PRICE WATCH FEBRUARY 2026_table.xlsx,LPG FEBRUARY 2026,10,5,E10
2026-02-01,2026-01-01,5.0,STATE,Rivers,Rivers,Rivers,South South,FALSE,5420.1794953934805,NGN per refill,Average of Jan-26,FALSE,,5KG,2,LPG_Report_Feb-March_2026.zip,GAS PRICE WATCH FEBRUARY 2026_table.xlsx,LPG FEBRUARY 2026,38,5,E38
2026-02-01,2026-01-01,5.0,STATE,Sokoto,Sokoto,Sokoto,North West,FALSE,5008.360000000001,NGN per refill,Average of Jan-26,FALSE,,5KG,2,LPG_Report_Feb-March_2026.zip,GAS PRICE WATCH FEBRUARY 2026_table.xlsx,LPG FEBRUARY 2026,24,5,E24
2026-02-01,2026-01-01,5.0,STATE,Taraba,Taraba,Taraba,North East,FALSE,5566.66666666668,NGN per refill,Average of Jan-26,FALSE,,5KG,2,LPG_Report_Feb-March_2026.zip,GAS PRICE WATCH FEBRUARY 2026_table.xlsx,LPG FEBRUARY 2026,16,5,E16
2026-02-01,2026-01-01,5.0,STATE,Yobe,Yobe,Yobe,North East,FALSE,5511.06666666668,NGN per refill,Average of Jan-26,FALSE,,5KG,2,LPG_Report_Feb-March_2026.zip,GAS PRICE WATCH FEBRUARY 2026_table.xlsx,LPG FEBRUARY 2026,17,5,E17
2026-02-01,2026-01-01,5.0,STATE,Zamfara,Zamfara,Zamfara,North West,FALSE,5384.924999999999,NGN per refill,Average of Jan-26,FALSE,,5KG,2,LPG_Report_Feb-March_2026.zip,GAS PRICE WATCH FEBRUARY 2026_table.xlsx,LPG FEBRUARY 2026,25,5,E25
2026-02-01,2026-01-01,5.0,ZONE,North Central,NORTH CENTRAL,,North Central,TRUE,5427.508377563778,NGN per refill,Average of Jan-26,FALSE,,5KG,2,LPG_Report_Feb-March_2026.zip,GAS PRICE WATCH FEBRUARY 2026_table.xlsx,LPG FEBRUARY 2026,3,5,E3
2026-02-01,2026-01-01,5.0,ZONE,North East,NORTH EAST,,North East,TRUE,5319.416033221641,NGN per refill,Average of Jan-26,FALSE,,5KG,2,LPG_Report_Feb-March_2026.zip,GAS PRICE WATCH FEBRUARY 2026_table.xlsx,LPG FEBRUARY 2026,11,5,E11
2026-02-01,2026-01-01,5.0,ZONE,North West,NORTH WEST,,North West,TRUE,5372.683675930303,NGN per refill,Average of Jan-26,FALSE,,5KG,2,LPG_Report_Feb-March_2026.zip,GAS PRICE WATCH FEBRUARY 2026_table.xlsx,LPG FEBRUARY 2026,18,5,E18
2026-02-01,2026-01-01,5.0,ZONE,South East,SOUTH EAST,,South East,TRUE,5501.9478929718725,NGN per refill,Average of Jan-26,FALSE,,5KG,2,LPG_Report_Feb-March_2026.zip,GAS PRICE WATCH FEBRUARY 2026_table.xlsx,LPG FEBRUARY 2026,26,5,E26
2026-02-01,2026-01-01,5.0,ZONE,South South,SOUTH SOUTH,,South South,TRUE,5331.49816321738,NGN per refill,Average of Jan-26,FALSE,,5KG,2,LPG_Report_Feb-March_2026.zip,GAS PRICE WATCH FEBRUARY 2026_table.xlsx,LPG FEBRUARY 2026,32,5,E32
2026-02-01,2026-01-01,5.0,ZONE,South West,SOUTH WEST,,South West,TRUE,5489.726358695233,NGN per refill,Average of Jan-26,FALSE,,5KG,2,LPG_Report_Feb-March_2026.zip,GAS PRICE WATCH FEBRUARY 2026_table.xlsx,LPG FEBRUARY 2026,39,5,E39
2026-02-01,2026-01-01,5.0,NATIONAL,Nigeria,Grand Total,,,TRUE,5404.187220814148,NGN per refill,Average of Jan-26,FALSE,,5KG,2,LPG_Report_Feb-March_2026.zip,GAS PRICE WATCH FEBRUARY 2026_table.xlsx,LPG FEBRUARY 2026,46,5,E46
2026-02-01,2026-01-01,12.5,STATE,Abia,Abia,Abia,South East,FALSE,14572.9355498434,NGN per refill,Average of Jan-26,FALSE,,12.5KG,2,LPG_Report_Feb-March_2026.zip,GAS PRICE WATCH FEBRUARY 2026_table.xlsx,LPG FEBRUARY 2026,27,13,M27
2026-02-01,2026-01-01,12.5,STATE,Abuja,Abuja,Abuja,North Central,FALSE,13193.65625,NGN per refill,Average of Jan-26,FALSE,,12.5KG,2,LPG_Report_Feb-March_2026.zip,GAS PRICE WATCH FEBRUARY 2026_table.xlsx,LPG FEBRUARY 2026,4,13,M4
2026-02-01,2026-01-01,12.5,STATE,Adamawa,Adamawa,Adamawa,North East,FALSE,13386,NGN per refill,Average of Jan-26,FALSE,,12.5KG,2,LPG_Report_Feb-March_2026.zip,GAS PRICE WATCH FEBRUARY 2026_table.xlsx,LPG FEBRUARY 2026,12,13,M12
2026-02-01,2026-01-01,12.5,STATE,Akwa Ibom,Akwa Ibom,Akwa Ibom,South South,FALSE,14474.6233284372,NGN per refill,Average of Jan-26,FALSE,,12.5KG,2,LPG_Report_Feb-March_2026.zip,GAS PRICE WATCH FEBRUARY 2026_table.xlsx,LPG FEBRUARY 2026,33,13,M33
2026-02-01,2026-01-01,12.5,STATE,Anambra,Anambra,Anambra,South East,FALSE,13446.49887757,NGN per refill,Average of Jan-26,FALSE,,12.5KG,2,LPG_Report_Feb-March_2026.zip,GAS PRICE WATCH FEBRUARY 2026_table.xlsx,LPG FEBRUARY 2026,28,13,M28
2026-02-01,2026-01-01,12.5,STATE,Bauchi,Bauchi,Bauchi,North East,FALSE,12385,NGN per refill,Average of Jan-26,FALSE,,12.5KG,2,LPG_Report_Feb-March_2026.zip,GAS PRICE WATCH FEBRUARY 2026_table.xlsx,LPG FEBRUARY 2026,13,13,M13
2026-02-01,2026-01-01,12.5,STATE,Bayelsa,Bayelsa,Bayelsa,South South,FALSE,12229.6640476633,NGN per refill,Average of Jan-26,FALSE,,12.5KG,2,LPG_Report_Feb-March_2026.zip,GAS PRICE WATCH FEBRUARY 2026_table.xlsx,LPG FEBRUARY 2026,34,13,M34
2026-02-01,2026-01-01,12.5,STATE,Benue,Benue,Benue,North Central,FALSE,13198.5605357475,NGN per refill,Average of Jan-26,FALSE,,12.5KG,2,LPG_Report_Feb-March_2026.zip,GAS PRICE WATCH FEBRUARY 2026_table.xlsx,LPG FEBRUARY 2026,5,13,M5
2026-02-01,2026-01-01,12.5,STATE,Borno,Borno,Borno,North East,FALSE,13296.875,NGN per refill,Average of Jan-26,FALSE,,12.5KG,2,LPG_Report_Feb-March_2026.zip,GAS PRICE WATCH FEBRUARY 2026_table.xlsx,LPG FEBRUARY 2026,14,13,M14
2026-02-01,2026-01-01,12.5,STATE,Cross River,Cross River,Cross River,South South,FALSE,13472.833723185,NGN per refill,Average of Jan-26,FALSE,,12.5KG,2,LPG_Report_Feb-March_2026.zip,GAS PRICE WATCH FEBRUARY 2026_table.xlsx,LPG FEBRUARY 2026,35,13,M35
2026-02-01,2026-01-01,12.5,STATE,Delta,Delta,Delta,South South,FALSE,14407.9992857264,NGN per refill,Average of Jan-26,FALSE,,12.5KG,2,LPG_Report_Feb-March_2026.zip,GAS PRICE WATCH FEBRUARY 2026_table.xlsx,LPG FEBRUARY 2026,36,13,M36
2026-02-01,2026-01-01,12.5,STATE,Ebonyi,Ebonyi,Ebonyi,South East,FALSE,13208.99887757,NGN per refill,Average of Jan-26,FALSE,,12.5KG,2,LPG_Report_Feb-March_2026.zip,GAS PRICE WATCH FEBRUARY 2026_table.xlsx,LPG FEBRUARY 2026,29,13,M29
2026-02-01,2026-01-01,12.5,STATE,Edo,Edo,Edo,South South,FALSE,12586.9033247651,NGN per refill,Average of Jan-26,FALSE,,12.5KG,2,LPG_Report_Feb-March_2026.zip,GAS PRICE WATCH FEBRUARY 2026_table.xlsx,LPG FEBRUARY 2026,37,13,M37
2026-02-01,2026-01-01,12.5,STATE,Ekiti,Ekiti,Ekiti,South West,FALSE,14012.0168599792,NGN per refill,Average of Jan-26,FALSE,,12.5KG,2,LPG_Report_Feb-March_2026.zip,GAS PRICE WATCH FEBRUARY 2026_table.xlsx,LPG FEBRUARY 2026,40,13,M40
2026-02-01,2026-01-01,12.5,STATE,Enugu,Enugu,Enugu,South East,FALSE,14464.5833333333,NGN per refill,Average of Jan-26,FALSE,,12.5KG,2,LPG_Report_Feb-March_2026.zip,GAS PRICE WATCH FEBRUARY 2026_table.xlsx,LPG FEBRUARY 2026,30,13,M30
2026-02-01,2026-01-01,12.5,STATE,Gombe,Gombe,Gombe,North East,FALSE,12779.0321649912,NGN per refill,Average of Jan-26,FALSE,,12.5KG,2,LPG_Report_Feb-March_2026.zip,GAS PRICE WATCH FEBRUARY 2026_table.xlsx,LPG FEBRUARY 2026,15,13,M15
2026-02-01,2026-01-01,12.5,STATE,Imo,Imo,Imo,South East,FALSE,13081.3320238317,NGN per refill,Average of Jan-26,FALSE,,12.5KG,2,LPG_Report_Feb-March_2026.zip,GAS PRICE WATCH FEBRUARY 2026_table.xlsx,LPG FEBRUARY 2026,31,13,M31
2026-02-01,2026-01-01,12.5,STATE,Jigawa,Jigawa,Jigawa,North West,FALSE,14732.1875,NGN per refill,Average of Jan-26,FALSE,,12.5KG,2,LPG_Report_Feb-March_2026.zip,GAS PRICE WATCH FEBRUARY 2026_table.xlsx,LPG FEBRUARY 2026,19,13,M19
2026-02-01,2026-01-01,12.5,STATE,Kaduna,Kaduna,Kaduna,North West,FALSE,14431.75,NGN per refill,Average of Jan-26,FALSE,,12.5KG,2,LPG_Report_Feb-March_2026.zip,GAS PRICE WATCH FEBRUARY 2026_table.xlsx,LPG FEBRUARY 2026,20,13,M20
2026-02-01,2026-01-01,12.5,STATE,Kano,Kano,Kano,North West,FALSE,13284.1666666667,NGN per refill,Average of Jan-26,FALSE,,12.5KG,2,LPG_Report_Feb-March_2026.zip,GAS PRICE WATCH FEBRUARY 2026_table.xlsx,LPG FEBRUARY 2026,21,13,M21
2026-02-01,2026-01-01,12.5,STATE,Katsina,Katsina,Katsina,North West,FALSE,12534.5,NGN per refill,Average of Jan-26,FALSE,,12.5KG,2,LPG_Report_Feb-March_2026.zip,GAS PRICE WATCH FEBRUARY 2026_table.xlsx,LPG FEBRUARY 2026,22,13,M22
2026-02-01,2026-01-01,12.5,STATE,Kebbi,Kebbi,Kebbi,North West,FALSE,13056.1476621136,NGN per refill,Average of Jan-26,FALSE,,12.5KG,2,LPG_Report_Feb-March_2026.zip,GAS PRICE WATCH FEBRUARY 2026_table.xlsx,LPG FEBRUARY 2026,23,13,M23
2026-02-01,2026-01-01,12.5,STATE,Kogi,Kogi,Kogi,North Central,FALSE,14004.1666666667,NGN per refill,Average of Jan-26,FALSE,,12.5KG,2,LPG_Report_Feb-March_2026.zip,GAS PRICE WATCH FEBRUARY 2026_table.xlsx,LPG FEBRUARY 2026,6,13,M6
2026-02-01,2026-01-01,12.5,STATE,Kwara,Kwara,Kwara,North Central,FALSE,13981.6935714433,NGN per refill,Average of Jan-26,FALSE,,12.5KG,2,LPG_Report_Feb-March_2026.zip,GAS PRICE WATCH FEBRUARY 2026_table.xlsx,LPG FEBRUARY 2026,7,13,M7
2026-02-01,2026-01-01,12.5,STATE,Lagos,Lagos,Lagos,South West,FALSE,14114.0345918557,NGN per refill,Average of Jan-26,FALSE,,12.5KG,2,LPG_Report_Feb-March_2026.zip,GAS PRICE WATCH FEBRUARY 2026_table.xlsx,LPG FEBRUARY 2026,41,13,M41
2026-02-01,2026-01-01,12.5,STATE,Nasarawa,Nasarawa,Nasarawa,North Central,FALSE,14029.9,NGN per refill,Average of Jan-26,FALSE,,12.5KG,2,LPG_Report_Feb-March_2026.zip,GAS PRICE WATCH FEBRUARY 2026_table.xlsx,LPG FEBRUARY 2026,8,13,M8
2026-02-01,2026-01-01,12.5,STATE,Niger,Niger,Niger,North Central,FALSE,13268.4195835086,NGN per refill,Average of Jan-26,FALSE,,12.5KG,2,LPG_Report_Feb-March_2026.zip,GAS PRICE WATCH FEBRUARY 2026_table.xlsx,LPG FEBRUARY 2026,9,13,M9
2026-02-01,2026-01-01,12.5,STATE,Ogun,Ogun,Ogun,South West,FALSE,13737.5,NGN per refill,Average of Jan-26,FALSE,,12.5KG,2,LPG_Report_Feb-March_2026.zip,GAS PRICE WATCH FEBRUARY 2026_table.xlsx,LPG FEBRUARY 2026,42,13,M42
2026-02-01,2026-01-01,12.5,STATE,Ondo,Ondo,Ondo,South West,FALSE,13250.2916666667,NGN per refill,Average of Jan-26,FALSE,,12.5KG,2,LPG_Report_Feb-March_2026.zip,GAS PRICE WATCH FEBRUARY 2026_table.xlsx,LPG FEBRUARY 2026,43,13,M43
2026-02-01,2026-01-01,12.5,STATE,Osun,Osun,Osun,South West,FALSE,14045.6236904983,NGN per refill,Average of Jan-26,FALSE,,12.5KG,2,LPG_Report_Feb-March_2026.zip,GAS PRICE WATCH FEBRUARY 2026_table.xlsx,LPG FEBRUARY 2026,44,13,M44
2026-02-01,2026-01-01,12.5,STATE,Oyo,Oyo,Oyo,South West,FALSE,13686.4285714286,NGN per refill,Average of Jan-26,FALSE,,12.5KG,2,LPG_Report_Feb-March_2026.zip,GAS PRICE WATCH FEBRUARY 2026_table.xlsx,LPG FEBRUARY 2026,45,13,M45
2026-02-01,2026-01-01,12.5,STATE,Plateau,Plateau,Plateau,North Central,FALSE,13805,NGN per refill,Average of Jan-26,FALSE,,12.5KG,2,LPG_Report_Feb-March_2026.zip,GAS PRICE WATCH FEBRUARY 2026_table.xlsx,LPG FEBRUARY 2026,10,13,M10
2026-02-01,2026-01-01,12.5,STATE,Rivers,Rivers,Rivers,South South,FALSE,13550.4487384837,NGN per refill,Average of Jan-26,FALSE,,12.5KG,2,LPG_Report_Feb-March_2026.zip,GAS PRICE WATCH FEBRUARY 2026_table.xlsx,LPG FEBRUARY 2026,38,13,M38
2026-02-01,2026-01-01,12.5,STATE,Sokoto,Sokoto,Sokoto,North West,FALSE,12520.9,NGN per refill,Average of Jan-26,FALSE,,12.5KG,2,LPG_Report_Feb-March_2026.zip,GAS PRICE WATCH FEBRUARY 2026_table.xlsx,LPG FEBRUARY 2026,24,13,M24
2026-02-01,2026-01-01,12.5,STATE,Taraba,Taraba,Taraba,North East,FALSE,13916.6666666667,NGN per refill,Average of Jan-26,FALSE,,12.5KG,2,LPG_Report_Feb-March_2026.zip,GAS PRICE WATCH FEBRUARY 2026_table.xlsx,LPG FEBRUARY 2026,16,13,M16
2026-02-01,2026-01-01,12.5,STATE,Yobe,Yobe,Yobe,North East,FALSE,13777.6666666667,NGN per refill,Average of Jan-26,FALSE,,12.5KG,2,LPG_Report_Feb-March_2026.zip,GAS PRICE WATCH FEBRUARY 2026_table.xlsx,LPG FEBRUARY 2026,17,13,M17
2026-02-01,2026-01-01,12.5,STATE,Zamfara,Zamfara,Zamfara,North West,FALSE,13462.3125,NGN per refill,Average of Jan-26,FALSE,,12.5KG,2,LPG_Report_Feb-March_2026.zip,GAS PRICE WATCH FEBRUARY 2026_table.xlsx,LPG FEBRUARY 2026,25,13,M25
2026-02-01,2026-01-01,12.5,ZONE,North Central,NORTH CENTRAL,,North Central,TRUE,13640.199515338014,NGN per refill,Average of Jan-26,FALSE,,12.5KG,2,LPG_Report_Feb-March_2026.zip,GAS PRICE WATCH FEBRUARY 2026_table.xlsx,LPG FEBRUARY 2026,3,13,M3
2026-02-01,2026-01-01,12.5,ZONE,North East,NORTH EAST,,North East,TRUE,13256.873416387434,NGN per refill,Average of Jan-26,FALSE,,12.5KG,2,LPG_Report_Feb-March_2026.zip,GAS PRICE WATCH FEBRUARY 2026_table.xlsx,LPG FEBRUARY 2026,11,13,M11
2026-02-01,2026-01-01,12.5,ZONE,North West,NORTH WEST,,North West,TRUE,13431.709189825755,NGN per refill,Average of Jan-26,FALSE,,12.5KG,2,LPG_Report_Feb-March_2026.zip,GAS PRICE WATCH FEBRUARY 2026_table.xlsx,LPG FEBRUARY 2026,18,13,M18
2026-02-01,2026-01-01,12.5,ZONE,South East,SOUTH EAST,,South East,TRUE,13754.869732429677,NGN per refill,Average of Jan-26,FALSE,,12.5KG,2,LPG_Report_Feb-March_2026.zip,GAS PRICE WATCH FEBRUARY 2026_table.xlsx,LPG FEBRUARY 2026,26,13,M26
2026-02-01,2026-01-01,12.5,ZONE,South South,SOUTH SOUTH,,South South,TRUE,13453.745408043449,NGN per refill,Average of Jan-26,FALSE,,12.5KG,2,LPG_Report_Feb-March_2026.zip,GAS PRICE WATCH FEBRUARY 2026_table.xlsx,LPG FEBRUARY 2026,32,13,M32
2026-02-01,2026-01-01,12.5,ZONE,South West,SOUTH WEST,,South West,TRUE,13807.649230071416,NGN per refill,Average of Jan-26,FALSE,,12.5KG,2,LPG_Report_Feb-March_2026.zip,GAS PRICE WATCH FEBRUARY 2026_table.xlsx,LPG FEBRUARY 2026,39,13,M39
2026-02-01,2026-01-01,12.5,NATIONAL,Nigeria,Grand Total,,,TRUE,13551.008592575907,NGN per refill,Average of Jan-26,FALSE,,12.5KG,2,LPG_Report_Feb-March_2026.zip,GAS PRICE WATCH FEBRUARY 2026_table.xlsx,LPG FEBRUARY 2026,46,13,M46
2026-02-01,2026-02-01,5.0,STATE,Abia,Abia,Abia,South East,FALSE,6872.667999999999,NGN per refill,Average of Feb-26,TRUE,,5KG,2,LPG_Report_Feb-March_2026.zip,GAS PRICE WATCH FEBRUARY 2026_table.xlsx,LPG FEBRUARY 2026,27,6,F27
2026-02-01,2026-02-01,5.0,STATE,Abuja,Abuja,Abuja,North Central,FALSE,6555,NGN per refill,Average of Feb-26,TRUE,,5KG,2,LPG_Report_Feb-March_2026.zip,GAS PRICE WATCH FEBRUARY 2026_table.xlsx,LPG FEBRUARY 2026,4,6,F4
2026-02-01,2026-02-01,5.0,STATE,Adamawa,Adamawa,Adamawa,North East,FALSE,6855.772000000001,NGN per refill,Average of Feb-26,TRUE,,5KG,2,LPG_Report_Feb-March_2026.zip,GAS PRICE WATCH FEBRUARY 2026_table.xlsx,LPG FEBRUARY 2026,12,6,F12
2026-02-01,2026-02-01,5.0,STATE,Akwa Ibom,Akwa Ibom,Akwa Ibom,South South,FALSE,6854.116,NGN per refill,Average of Feb-26,TRUE,,5KG,2,LPG_Report_Feb-March_2026.zip,GAS PRICE WATCH FEBRUARY 2026_table.xlsx,LPG FEBRUARY 2026,33,6,F33
2026-02-01,2026-02-01,5.0,STATE,Anambra,Anambra,Anambra,South East,FALSE,6839.664000000001,NGN per refill,Average of Feb-26,TRUE,,5KG,2,LPG_Report_Feb-March_2026.zip,GAS PRICE WATCH FEBRUARY 2026_table.xlsx,LPG FEBRUARY 2026,28,6,F28
2026-02-01,2026-02-01,5.0,STATE,Bauchi,Bauchi,Bauchi,North East,FALSE,6448.784,NGN per refill,Average of Feb-26,TRUE,,5KG,2,LPG_Report_Feb-March_2026.zip,GAS PRICE WATCH FEBRUARY 2026_table.xlsx,LPG FEBRUARY 2026,13,6,F13
2026-02-01,2026-02-01,5.0,STATE,Bayelsa,Bayelsa,Bayelsa,South South,FALSE,5954.592000000001,NGN per refill,Average of Feb-26,TRUE,,5KG,2,LPG_Report_Feb-March_2026.zip,GAS PRICE WATCH FEBRUARY 2026_table.xlsx,LPG FEBRUARY 2026,34,6,F34
2026-02-01,2026-02-01,5.0,STATE,Benue,Benue,Benue,North Central,FALSE,6518.6759999999995,NGN per refill,Average of Feb-26,TRUE,,5KG,2,LPG_Report_Feb-March_2026.zip,GAS PRICE WATCH FEBRUARY 2026_table.xlsx,LPG FEBRUARY 2026,5,6,F5
2026-02-01,2026-02-01,5.0,STATE,Borno,Borno,Borno,North East,FALSE,6858.888000000001,NGN per refill,Average of Feb-26,TRUE,,5KG,2,LPG_Report_Feb-March_2026.zip,GAS PRICE WATCH FEBRUARY 2026_table.xlsx,LPG FEBRUARY 2026,14,6,F14
2026-02-01,2026-02-01,5.0,STATE,Cross River,Cross River,Cross River,South South,FALSE,6289.704,NGN per refill,Average of Feb-26,TRUE,,5KG,2,LPG_Report_Feb-March_2026.zip,GAS PRICE WATCH FEBRUARY 2026_table.xlsx,LPG FEBRUARY 2026,35,6,F35
2026-02-01,2026-02-01,5.0,STATE,Delta,Delta,Delta,South South,FALSE,6819.38,NGN per refill,Average of Feb-26,TRUE,,5KG,2,LPG_Report_Feb-March_2026.zip,GAS PRICE WATCH FEBRUARY 2026_table.xlsx,LPG FEBRUARY 2026,36,6,F36
2026-02-01,2026-02-01,5.0,STATE,Ebonyi,Ebonyi,Ebonyi,South East,FALSE,6633.667999999999,NGN per refill,Average of Feb-26,TRUE,,5KG,2,LPG_Report_Feb-March_2026.zip,GAS PRICE WATCH FEBRUARY 2026_table.xlsx,LPG FEBRUARY 2026,29,6,F29
2026-02-01,2026-02-01,5.0,STATE,Edo,Edo,Edo,South South,FALSE,5854,NGN per refill,Average of Feb-26,TRUE,,5KG,2,LPG_Report_Feb-March_2026.zip,GAS PRICE WATCH FEBRUARY 2026_table.xlsx,LPG FEBRUARY 2026,37,6,F37
2026-02-01,2026-02-01,5.0,STATE,Ekiti,Ekiti,Ekiti,South West,FALSE,6907.996000000001,NGN per refill,Average of Feb-26,TRUE,,5KG,2,LPG_Report_Feb-March_2026.zip,GAS PRICE WATCH FEBRUARY 2026_table.xlsx,LPG FEBRUARY 2026,40,6,F40
2026-02-01,2026-02-01,5.0,STATE,Enugu,Enugu,Enugu,South East,FALSE,7349.116,NGN per refill,Average of Feb-26,TRUE,,5KG,2,LPG_Report_Feb-March_2026.zip,GAS PRICE WATCH FEBRUARY 2026_table.xlsx,LPG FEBRUARY 2026,30,6,F30
2026-02-01,2026-02-01,5.0,STATE,Gombe,Gombe,Gombe,North East,FALSE,6620.263999999999,NGN per refill,Average of Feb-26,TRUE,,5KG,2,LPG_Report_Feb-March_2026.zip,GAS PRICE WATCH FEBRUARY 2026_table.xlsx,LPG FEBRUARY 2026,15,6,F15
2026-02-01,2026-02-01,5.0,STATE,Imo,Imo,Imo,South East,FALSE,6469.352,NGN per refill,Average of Feb-26,TRUE,,5KG,2,LPG_Report_Feb-March_2026.zip,GAS PRICE WATCH FEBRUARY 2026_table.xlsx,LPG FEBRUARY 2026,31,6,F31
2026-02-01,2026-02-01,5.0,STATE,Jigawa,Jigawa,Jigawa,North West,FALSE,7621.267999999999,NGN per refill,Average of Feb-26,TRUE,,5KG,2,LPG_Report_Feb-March_2026.zip,GAS PRICE WATCH FEBRUARY 2026_table.xlsx,LPG FEBRUARY 2026,19,6,F19
2026-02-01,2026-02-01,5.0,STATE,Kaduna,Kaduna,Kaduna,North West,FALSE,7542.1,NGN per refill,Average of Feb-26,TRUE,,5KG,2,LPG_Report_Feb-March_2026.zip,GAS PRICE WATCH FEBRUARY 2026_table.xlsx,LPG FEBRUARY 2026,20,6,F20
2026-02-01,2026-02-01,5.0,STATE,Kano,Kano,Kano,North West,FALSE,6639.024,NGN per refill,Average of Feb-26,TRUE,,5KG,2,LPG_Report_Feb-March_2026.zip,GAS PRICE WATCH FEBRUARY 2026_table.xlsx,LPG FEBRUARY 2026,21,6,F21
2026-02-01,2026-02-01,5.0,STATE,Katsina,Katsina,Katsina,North West,FALSE,6507.339999999999,NGN per refill,Average of Feb-26,TRUE,,5KG,2,LPG_Report_Feb-March_2026.zip,GAS PRICE WATCH FEBRUARY 2026_table.xlsx,LPG FEBRUARY 2026,22,6,F22
2026-02-01,2026-02-01,5.0,STATE,Kebbi,Kebbi,Kebbi,North West,FALSE,6754.848,NGN per refill,Average of Feb-26,TRUE,,5KG,2,LPG_Report_Feb-March_2026.zip,GAS PRICE WATCH FEBRUARY 2026_table.xlsx,LPG FEBRUARY 2026,23,6,F23
2026-02-01,2026-02-01,5.0,STATE,Kogi,Kogi,Kogi,North Central,FALSE,7028.5160000000005,NGN per refill,Average of Feb-26,TRUE,,5KG,2,LPG_Report_Feb-March_2026.zip,GAS PRICE WATCH FEBRUARY 2026_table.xlsx,LPG FEBRUARY 2026,6,6,F6
2026-02-01,2026-02-01,5.0,STATE,Kwara,Kwara,Kwara,North Central,FALSE,6949.412,NGN per refill,Average of Feb-26,TRUE,,5KG,2,LPG_Report_Feb-March_2026.zip,GAS PRICE WATCH FEBRUARY 2026_table.xlsx,LPG FEBRUARY 2026,7,6,F7
2026-02-01,2026-02-01,5.0,STATE,Lagos,Lagos,Lagos,South West,FALSE,7239.492,NGN per refill,Average of Feb-26,TRUE,,5KG,2,LPG_Report_Feb-March_2026.zip,GAS PRICE WATCH FEBRUARY 2026_table.xlsx,LPG FEBRUARY 2026,41,6,F41
2026-02-01,2026-02-01,5.0,STATE,Nasarawa,Nasarawa,Nasarawa,North Central,FALSE,7040.68,NGN per refill,Average of Feb-26,TRUE,,5KG,2,LPG_Report_Feb-March_2026.zip,GAS PRICE WATCH FEBRUARY 2026_table.xlsx,LPG FEBRUARY 2026,8,6,F8
2026-02-01,2026-02-01,5.0,STATE,Niger,Niger,Niger,North Central,FALSE,6556.88,NGN per refill,Average of Feb-26,TRUE,,5KG,2,LPG_Report_Feb-March_2026.zip,GAS PRICE WATCH FEBRUARY 2026_table.xlsx,LPG FEBRUARY 2026,9,6,F9
2026-02-01,2026-02-01,5.0,STATE,Ogun,Ogun,Ogun,South West,FALSE,6729.836,NGN per refill,Average of Feb-26,TRUE,,5KG,2,LPG_Report_Feb-March_2026.zip,GAS PRICE WATCH FEBRUARY 2026_table.xlsx,LPG FEBRUARY 2026,42,6,F42
2026-02-01,2026-02-01,5.0,STATE,Ondo,Ondo,Ondo,South West,FALSE,6738.996000000001,NGN per refill,Average of Feb-26,TRUE,,5KG,2,LPG_Report_Feb-March_2026.zip,GAS PRICE WATCH FEBRUARY 2026_table.xlsx,LPG FEBRUARY 2026,43,6,F43
2026-02-01,2026-02-01,5.0,STATE,Osun,Osun,Osun,South West,FALSE,7073.496,NGN per refill,Average of Feb-26,TRUE,,5KG,2,LPG_Report_Feb-March_2026.zip,GAS PRICE WATCH FEBRUARY 2026_table.xlsx,LPG FEBRUARY 2026,44,6,F44
2026-02-01,2026-02-01,5.0,STATE,Oyo,Oyo,Oyo,South West,FALSE,6956.952,NGN per refill,Average of Feb-26,TRUE,,5KG,2,LPG_Report_Feb-March_2026.zip,GAS PRICE WATCH FEBRUARY 2026_table.xlsx,LPG FEBRUARY 2026,45,6,F45
2026-02-01,2026-02-01,5.0,STATE,Plateau,Plateau,Plateau,North Central,FALSE,7064.092,NGN per refill,Average of Feb-26,TRUE,,5KG,2,LPG_Report_Feb-March_2026.zip,GAS PRICE WATCH FEBRUARY 2026_table.xlsx,LPG FEBRUARY 2026,10,6,F10
2026-02-01,2026-02-01,5.0,STATE,Rivers,Rivers,Rivers,South South,FALSE,6506.576,NGN per refill,Average of Feb-26,TRUE,,5KG,2,LPG_Report_Feb-March_2026.zip,GAS PRICE WATCH FEBRUARY 2026_table.xlsx,LPG FEBRUARY 2026,38,6,F38
2026-02-01,2026-02-01,5.0,STATE,Sokoto,Sokoto,Sokoto,North West,FALSE,6554.508000000001,NGN per refill,Average of Feb-26,TRUE,,5KG,2,LPG_Report_Feb-March_2026.zip,GAS PRICE WATCH FEBRUARY 2026_table.xlsx,LPG FEBRUARY 2026,24,6,F24
2026-02-01,2026-02-01,5.0,STATE,Taraba,Taraba,Taraba,North East,FALSE,7177.775999999999,NGN per refill,Average of Feb-26,TRUE,,5KG,2,LPG_Report_Feb-March_2026.zip,GAS PRICE WATCH FEBRUARY 2026_table.xlsx,LPG FEBRUARY 2026,16,6,F16
2026-02-01,2026-02-01,5.0,STATE,Yobe,Yobe,Yobe,North East,FALSE,7165.1720000000005,NGN per refill,Average of Feb-26,TRUE,,5KG,2,LPG_Report_Feb-March_2026.zip,GAS PRICE WATCH FEBRUARY 2026_table.xlsx,LPG FEBRUARY 2026,17,6,F17
2026-02-01,2026-02-01,5.0,STATE,Zamfara,Zamfara,Zamfara,North West,FALSE,7020.976,NGN per refill,Average of Feb-26,TRUE,,5KG,2,LPG_Report_Feb-March_2026.zip,GAS PRICE WATCH FEBRUARY 2026_table.xlsx,LPG FEBRUARY 2026,25,6,F25
2026-02-01,2026-02-01,5.0,ZONE,North Central,NORTH CENTRAL,,North Central,TRUE,6816.179428571428,NGN per refill,Average of Feb-26,TRUE,,5KG,2,LPG_Report_Feb-March_2026.zip,GAS PRICE WATCH FEBRUARY 2026_table.xlsx,LPG FEBRUARY 2026,3,6,F3
2026-02-01,2026-02-01,5.0,ZONE,North East,NORTH EAST,,North East,TRUE,6854.442666666667,NGN per refill,Average of Feb-26,TRUE,,5KG,2,LPG_Report_Feb-March_2026.zip,GAS PRICE WATCH FEBRUARY 2026_table.xlsx,LPG FEBRUARY 2026,11,6,F11
2026-02-01,2026-02-01,5.0,ZONE,North West,NORTH WEST,,North West,TRUE,6948.5805714285725,NGN per refill,Average of Feb-26,TRUE,,5KG,2,LPG_Report_Feb-March_2026.zip,GAS PRICE WATCH FEBRUARY 2026_table.xlsx,LPG FEBRUARY 2026,18,6,F18
2026-02-01,2026-02-01,5.0,ZONE,South East,SOUTH EAST,,South East,TRUE,6832.8935999999985,NGN per refill,Average of Feb-26,TRUE,,5KG,2,LPG_Report_Feb-March_2026.zip,GAS PRICE WATCH FEBRUARY 2026_table.xlsx,LPG FEBRUARY 2026,26,6,F26
2026-02-01,2026-02-01,5.0,ZONE,South South,SOUTH SOUTH,,South South,TRUE,6379.728,NGN per refill,Average of Feb-26,TRUE,,5KG,2,LPG_Report_Feb-March_2026.zip,GAS PRICE WATCH FEBRUARY 2026_table.xlsx,LPG FEBRUARY 2026,32,6,F32
2026-02-01,2026-02-01,5.0,ZONE,South West,SOUTH WEST,,South West,TRUE,6941.128,NGN per refill,Average of Feb-26,TRUE,,5KG,2,LPG_Report_Feb-March_2026.zip,GAS PRICE WATCH FEBRUARY 2026_table.xlsx,LPG FEBRUARY 2026,39,6,F39
2026-02-01,2026-02-01,5.0,NATIONAL,Nigeria,Grand Total,,,TRUE,6799.177837837839,NGN per refill,Average of Feb-26,TRUE,,5KG,2,LPG_Report_Feb-March_2026.zip,GAS PRICE WATCH FEBRUARY 2026_table.xlsx,LPG FEBRUARY 2026,46,6,F46
2026-02-01,2026-02-01,12.5,STATE,Abia,Abia,Abia,South East,FALSE,17181.67,NGN per refill,Average of Feb-26,TRUE,,12.5KG,2,LPG_Report_Feb-March_2026.zip,GAS PRICE WATCH FEBRUARY 2026_table.xlsx,LPG FEBRUARY 2026,27,14,N27
2026-02-01,2026-02-01,12.5,STATE,Abuja,Abuja,Abuja,North Central,FALSE,16387.5,NGN per refill,Average of Feb-26,TRUE,,12.5KG,2,LPG_Report_Feb-March_2026.zip,GAS PRICE WATCH FEBRUARY 2026_table.xlsx,LPG FEBRUARY 2026,4,14,N4
2026-02-01,2026-02-01,12.5,STATE,Adamawa,Adamawa,Adamawa,North East,FALSE,17139.43,NGN per refill,Average of Feb-26,TRUE,,12.5KG,2,LPG_Report_Feb-March_2026.zip,GAS PRICE WATCH FEBRUARY 2026_table.xlsx,LPG FEBRUARY 2026,12,14,N12
2026-02-01,2026-02-01,12.5,STATE,Akwa Ibom,Akwa Ibom,Akwa Ibom,South South,FALSE,17135.29,NGN per refill,Average of Feb-26,TRUE,,12.5KG,2,LPG_Report_Feb-March_2026.zip,GAS PRICE WATCH FEBRUARY 2026_table.xlsx,LPG FEBRUARY 2026,33,14,N33
2026-02-01,2026-02-01,12.5,STATE,Anambra,Anambra,Anambra,South East,FALSE,17099.16,NGN per refill,Average of Feb-26,TRUE,,12.5KG,2,LPG_Report_Feb-March_2026.zip,GAS PRICE WATCH FEBRUARY 2026_table.xlsx,LPG FEBRUARY 2026,28,14,N28
2026-02-01,2026-02-01,12.5,STATE,Bauchi,Bauchi,Bauchi,North East,FALSE,16121.96,NGN per refill,Average of Feb-26,TRUE,,12.5KG,2,LPG_Report_Feb-March_2026.zip,GAS PRICE WATCH FEBRUARY 2026_table.xlsx,LPG FEBRUARY 2026,13,14,N13
2026-02-01,2026-02-01,12.5,STATE,Bayelsa,Bayelsa,Bayelsa,South South,FALSE,14886.48,NGN per refill,Average of Feb-26,TRUE,,12.5KG,2,LPG_Report_Feb-March_2026.zip,GAS PRICE WATCH FEBRUARY 2026_table.xlsx,LPG FEBRUARY 2026,34,14,N34
2026-02-01,2026-02-01,12.5,STATE,Benue,Benue,Benue,North Central,FALSE,16296.689999999999,NGN per refill,Average of Feb-26,TRUE,,12.5KG,2,LPG_Report_Feb-March_2026.zip,GAS PRICE WATCH FEBRUARY 2026_table.xlsx,LPG FEBRUARY 2026,5,14,N5
2026-02-01,2026-02-01,12.5,STATE,Borno,Borno,Borno,North East,FALSE,17147.22,NGN per refill,Average of Feb-26,TRUE,,12.5KG,2,LPG_Report_Feb-March_2026.zip,GAS PRICE WATCH FEBRUARY 2026_table.xlsx,LPG FEBRUARY 2026,14,14,N14
2026-02-01,2026-02-01,12.5,STATE,Cross River,Cross River,Cross River,South South,FALSE,15724.259999999998,NGN per refill,Average of Feb-26,TRUE,,12.5KG,2,LPG_Report_Feb-March_2026.zip,GAS PRICE WATCH FEBRUARY 2026_table.xlsx,LPG FEBRUARY 2026,35,14,N35
2026-02-01,2026-02-01,12.5,STATE,Delta,Delta,Delta,South South,FALSE,17048.45,NGN per refill,Average of Feb-26,TRUE,,12.5KG,2,LPG_Report_Feb-March_2026.zip,GAS PRICE WATCH FEBRUARY 2026_table.xlsx,LPG FEBRUARY 2026,36,14,N36
2026-02-01,2026-02-01,12.5,STATE,Ebonyi,Ebonyi,Ebonyi,South East,FALSE,16584.17,NGN per refill,Average of Feb-26,TRUE,,12.5KG,2,LPG_Report_Feb-March_2026.zip,GAS PRICE WATCH FEBRUARY 2026_table.xlsx,LPG FEBRUARY 2026,29,14,N29
2026-02-01,2026-02-01,12.5,STATE,Edo,Edo,Edo,South South,FALSE,14635,NGN per refill,Average of Feb-26,TRUE,,12.5KG,2,LPG_Report_Feb-March_2026.zip,GAS PRICE WATCH FEBRUARY 2026_table.xlsx,LPG FEBRUARY 2026,37,14,N37
2026-02-01,2026-02-01,12.5,STATE,Ekiti,Ekiti,Ekiti,South West,FALSE,17269.99,NGN per refill,Average of Feb-26,TRUE,,12.5KG,2,LPG_Report_Feb-March_2026.zip,GAS PRICE WATCH FEBRUARY 2026_table.xlsx,LPG FEBRUARY 2026,40,14,N40
2026-02-01,2026-02-01,12.5,STATE,Enugu,Enugu,Enugu,South East,FALSE,18372.79,NGN per refill,Average of Feb-26,TRUE,,12.5KG,2,LPG_Report_Feb-March_2026.zip,GAS PRICE WATCH FEBRUARY 2026_table.xlsx,LPG FEBRUARY 2026,30,14,N30
2026-02-01,2026-02-01,12.5,STATE,Gombe,Gombe,Gombe,North East,FALSE,16550.66,NGN per refill,Average of Feb-26,TRUE,,12.5KG,2,LPG_Report_Feb-March_2026.zip,GAS PRICE WATCH FEBRUARY 2026_table.xlsx,LPG FEBRUARY 2026,15,14,N15
2026-02-01,2026-02-01,12.5,STATE,Imo,Imo,Imo,South East,FALSE,16173.380000000001,NGN per refill,Average of Feb-26,TRUE,,12.5KG,2,LPG_Report_Feb-March_2026.zip,GAS PRICE WATCH FEBRUARY 2026_table.xlsx,LPG FEBRUARY 2026,31,14,N31
2026-02-01,2026-02-01,12.5,STATE,Jigawa,Jigawa,Jigawa,North West,FALSE,19053.17,NGN per refill,Average of Feb-26,TRUE,,12.5KG,2,LPG_Report_Feb-March_2026.zip,GAS PRICE WATCH FEBRUARY 2026_table.xlsx,LPG FEBRUARY 2026,19,14,N19
2026-02-01,2026-02-01,12.5,STATE,Kaduna,Kaduna,Kaduna,North West,FALSE,18855.25,NGN per refill,Average of Feb-26,TRUE,,12.5KG,2,LPG_Report_Feb-March_2026.zip,GAS PRICE WATCH FEBRUARY 2026_table.xlsx,LPG FEBRUARY 2026,20,14,N20
2026-02-01,2026-02-01,12.5,STATE,Kano,Kano,Kano,North West,FALSE,16597.56,NGN per refill,Average of Feb-26,TRUE,,12.5KG,2,LPG_Report_Feb-March_2026.zip,GAS PRICE WATCH FEBRUARY 2026_table.xlsx,LPG FEBRUARY 2026,21,14,N21
2026-02-01,2026-02-01,12.5,STATE,Katsina,Katsina,Katsina,North West,FALSE,16268.349999999999,NGN per refill,Average of Feb-26,TRUE,,12.5KG,2,LPG_Report_Feb-March_2026.zip,GAS PRICE WATCH FEBRUARY 2026_table.xlsx,LPG FEBRUARY 2026,22,14,N22
2026-02-01,2026-02-01,12.5,STATE,Kebbi,Kebbi,Kebbi,North West,FALSE,16887.12,NGN per refill,Average of Feb-26,TRUE,,12.5KG,2,LPG_Report_Feb-March_2026.zip,GAS PRICE WATCH FEBRUARY 2026_table.xlsx,LPG FEBRUARY 2026,23,14,N23
2026-02-01,2026-02-01,12.5,STATE,Kogi,Kogi,Kogi,North Central,FALSE,17571.29,NGN per refill,Average of Feb-26,TRUE,,12.5KG,2,LPG_Report_Feb-March_2026.zip,GAS PRICE WATCH FEBRUARY 2026_table.xlsx,LPG FEBRUARY 2026,6,14,N6
2026-02-01,2026-02-01,12.5,STATE,Kwara,Kwara,Kwara,North Central,FALSE,17373.53,NGN per refill,Average of Feb-26,TRUE,,12.5KG,2,LPG_Report_Feb-March_2026.zip,GAS PRICE WATCH FEBRUARY 2026_table.xlsx,LPG FEBRUARY 2026,7,14,N7
2026-02-01,2026-02-01,12.5,STATE,Lagos,Lagos,Lagos,South West,FALSE,18098.73,NGN per refill,Average of Feb-26,TRUE,,12.5KG,2,LPG_Report_Feb-March_2026.zip,GAS PRICE WATCH FEBRUARY 2026_table.xlsx,LPG FEBRUARY 2026,41,14,N41
2026-02-01,2026-02-01,12.5,STATE,Nasarawa,Nasarawa,Nasarawa,North Central,FALSE,17601.7,NGN per refill,Average of Feb-26,TRUE,,12.5KG,2,LPG_Report_Feb-March_2026.zip,GAS PRICE WATCH FEBRUARY 2026_table.xlsx,LPG FEBRUARY 2026,8,14,N8
2026-02-01,2026-02-01,12.5,STATE,Niger,Niger,Niger,North Central,FALSE,16392.2,NGN per refill,Average of Feb-26,TRUE,,12.5KG,2,LPG_Report_Feb-March_2026.zip,GAS PRICE WATCH FEBRUARY 2026_table.xlsx,LPG FEBRUARY 2026,9,14,N9
2026-02-01,2026-02-01,12.5,STATE,Ogun,Ogun,Ogun,South West,FALSE,16824.59,NGN per refill,Average of Feb-26,TRUE,,12.5KG,2,LPG_Report_Feb-March_2026.zip,GAS PRICE WATCH FEBRUARY 2026_table.xlsx,LPG FEBRUARY 2026,42,14,N42
2026-02-01,2026-02-01,12.5,STATE,Ondo,Ondo,Ondo,South West,FALSE,16847.49,NGN per refill,Average of Feb-26,TRUE,,12.5KG,2,LPG_Report_Feb-March_2026.zip,GAS PRICE WATCH FEBRUARY 2026_table.xlsx,LPG FEBRUARY 2026,43,14,N43
2026-02-01,2026-02-01,12.5,STATE,Osun,Osun,Osun,South West,FALSE,17683.74,NGN per refill,Average of Feb-26,TRUE,,12.5KG,2,LPG_Report_Feb-March_2026.zip,GAS PRICE WATCH FEBRUARY 2026_table.xlsx,LPG FEBRUARY 2026,44,14,N44
2026-02-01,2026-02-01,12.5,STATE,Oyo,Oyo,Oyo,South West,FALSE,17392.38,NGN per refill,Average of Feb-26,TRUE,,12.5KG,2,LPG_Report_Feb-March_2026.zip,GAS PRICE WATCH FEBRUARY 2026_table.xlsx,LPG FEBRUARY 2026,45,14,N45
2026-02-01,2026-02-01,12.5,STATE,Plateau,Plateau,Plateau,North Central,FALSE,17660.23,NGN per refill,Average of Feb-26,TRUE,,12.5KG,2,LPG_Report_Feb-March_2026.zip,GAS PRICE WATCH FEBRUARY 2026_table.xlsx,LPG FEBRUARY 2026,10,14,N10
2026-02-01,2026-02-01,12.5,STATE,Rivers,Rivers,Rivers,South South,FALSE,16266.439999999999,NGN per refill,Average of Feb-26,TRUE,,12.5KG,2,LPG_Report_Feb-March_2026.zip,GAS PRICE WATCH FEBRUARY 2026_table.xlsx,LPG FEBRUARY 2026,38,14,N38
2026-02-01,2026-02-01,12.5,STATE,Sokoto,Sokoto,Sokoto,North West,FALSE,16386.27,NGN per refill,Average of Feb-26,TRUE,,12.5KG,2,LPG_Report_Feb-March_2026.zip,GAS PRICE WATCH FEBRUARY 2026_table.xlsx,LPG FEBRUARY 2026,24,14,N24
2026-02-01,2026-02-01,12.5,STATE,Taraba,Taraba,Taraba,North East,FALSE,17944.44,NGN per refill,Average of Feb-26,TRUE,,12.5KG,2,LPG_Report_Feb-March_2026.zip,GAS PRICE WATCH FEBRUARY 2026_table.xlsx,LPG FEBRUARY 2026,16,14,N16
2026-02-01,2026-02-01,12.5,STATE,Yobe,Yobe,Yobe,North East,FALSE,17912.93,NGN per refill,Average of Feb-26,TRUE,,12.5KG,2,LPG_Report_Feb-March_2026.zip,GAS PRICE WATCH FEBRUARY 2026_table.xlsx,LPG FEBRUARY 2026,17,14,N17
2026-02-01,2026-02-01,12.5,STATE,Zamfara,Zamfara,Zamfara,North West,FALSE,17552.44,NGN per refill,Average of Feb-26,TRUE,,12.5KG,2,LPG_Report_Feb-March_2026.zip,GAS PRICE WATCH FEBRUARY 2026_table.xlsx,LPG FEBRUARY 2026,25,14,N25
2026-02-01,2026-02-01,12.5,ZONE,North Central,NORTH CENTRAL,,North Central,TRUE,17040.44857142857,NGN per refill,Average of Feb-26,TRUE,,12.5KG,2,LPG_Report_Feb-March_2026.zip,GAS PRICE WATCH FEBRUARY 2026_table.xlsx,LPG FEBRUARY 2026,3,14,N3
2026-02-01,2026-02-01,12.5,ZONE,North East,NORTH EAST,,North East,TRUE,17136.10666666667,NGN per refill,Average of Feb-26,TRUE,,12.5KG,2,LPG_Report_Feb-March_2026.zip,GAS PRICE WATCH FEBRUARY 2026_table.xlsx,LPG FEBRUARY 2026,11,14,N11
2026-02-01,2026-02-01,12.5,ZONE,North West,NORTH WEST,,North West,TRUE,17371.45142857143,NGN per refill,Average of Feb-26,TRUE,,12.5KG,2,LPG_Report_Feb-March_2026.zip,GAS PRICE WATCH FEBRUARY 2026_table.xlsx,LPG FEBRUARY 2026,18,14,N18
2026-02-01,2026-02-01,12.5,ZONE,South East,SOUTH EAST,,South East,TRUE,17082.234000000004,NGN per refill,Average of Feb-26,TRUE,,12.5KG,2,LPG_Report_Feb-March_2026.zip,GAS PRICE WATCH FEBRUARY 2026_table.xlsx,LPG FEBRUARY 2026,26,14,N26
2026-02-01,2026-02-01,12.5,ZONE,South South,SOUTH SOUTH,,South South,TRUE,15949.32,NGN per refill,Average of Feb-26,TRUE,,12.5KG,2,LPG_Report_Feb-March_2026.zip,GAS PRICE WATCH FEBRUARY 2026_table.xlsx,LPG FEBRUARY 2026,32,14,N32
2026-02-01,2026-02-01,12.5,ZONE,South West,SOUTH WEST,,South West,TRUE,17352.820000000003,NGN per refill,Average of Feb-26,TRUE,,12.5KG,2,LPG_Report_Feb-March_2026.zip,GAS PRICE WATCH FEBRUARY 2026_table.xlsx,LPG FEBRUARY 2026,39,14,N39
2026-02-01,2026-02-01,12.5,NATIONAL,Nigeria,Grand Total,,,TRUE,16997.944594594588,NGN per refill,Average of Feb-26,TRUE,,12.5KG,2,LPG_Report_Feb-March_2026.zip,GAS PRICE WATCH FEBRUARY 2026_table.xlsx,LPG FEBRUARY 2026,46,14,N46
2026-03-01,2025-03-01,5.0,STATE,Abia,Abia,Abia,South East,FALSE,7508.0490627304,NGN per refill,Average of Mar-25,FALSE,,5KG,2,LPG_Report_Feb-March_2026.zip,GAS Price Watch March_2026_table.xlsx,Sheet1,27,4,D27
2026-03-01,2025-03-01,5.0,STATE,Abuja,Abuja,Abuja,North Central,FALSE,7144.1904,NGN per refill,Average of Mar-25,FALSE,,5KG,2,LPG_Report_Feb-March_2026.zip,GAS Price Watch March_2026_table.xlsx,Sheet1,4,4,D4
2026-03-01,2025-03-01,5.0,STATE,Adamawa,Adamawa,Adamawa,North East,FALSE,7315.68,NGN per refill,Average of Mar-25,FALSE,,5KG,2,LPG_Report_Feb-March_2026.zip,GAS Price Watch March_2026_table.xlsx,Sheet1,12,4,D12
2026-03-01,2025-03-01,5.0,STATE,Akwa Ibom,Akwa Ibom,Akwa Ibom,South South,FALSE,8049.52,NGN per refill,Average of Mar-25,FALSE,,5KG,2,LPG_Report_Feb-March_2026.zip,GAS Price Watch March_2026_table.xlsx,Sheet1,33,4,D33
2026-03-01,2025-03-01,5.0,STATE,Anambra,Anambra,Anambra,South East,FALSE,7112.27314,NGN per refill,Average of Mar-25,FALSE,,5KG,2,LPG_Report_Feb-March_2026.zip,GAS Price Watch March_2026_table.xlsx,Sheet1,28,4,D28
2026-03-01,2025-03-01,5.0,STATE,Bauchi,Bauchi,Bauchi,North East,FALSE,7900.6,NGN per refill,Average of Mar-25,FALSE,,5KG,2,LPG_Report_Feb-March_2026.zip,GAS Price Watch March_2026_table.xlsx,Sheet1,13,4,D13
2026-03-01,2025-03-01,5.0,STATE,Bayelsa,Bayelsa,Bayelsa,South South,FALSE,7190,NGN per refill,Average of Mar-25,FALSE,,5KG,2,LPG_Report_Feb-March_2026.zip,GAS Price Watch March_2026_table.xlsx,Sheet1,34,4,D34
2026-03-01,2025-03-01,5.0,STATE,Benue,Benue,Benue,North Central,FALSE,7508.104,NGN per refill,Average of Mar-25,FALSE,,5KG,2,LPG_Report_Feb-March_2026.zip,GAS Price Watch March_2026_table.xlsx,Sheet1,5,4,D5
2026-03-01,2025-03-01,5.0,STATE,Borno,Borno,Borno,North East,FALSE,6895.84,NGN per refill,Average of Mar-25,FALSE,,5KG,2,LPG_Report_Feb-March_2026.zip,GAS Price Watch March_2026_table.xlsx,Sheet1,14,4,D14
2026-03-01,2025-03-01,5.0,STATE,Cross River,Cross River,Cross River,South South,FALSE,7473.69,NGN per refill,Average of Mar-25,FALSE,,5KG,2,LPG_Report_Feb-March_2026.zip,GAS Price Watch March_2026_table.xlsx,Sheet1,35,4,D35
2026-03-01,2025-03-01,5.0,STATE,Delta,Delta,Delta,South South,FALSE,7015.304,NGN per refill,Average of Mar-25,FALSE,,5KG,2,LPG_Report_Feb-March_2026.zip,GAS Price Watch March_2026_table.xlsx,Sheet1,36,4,D36
2026-03-01,2025-03-01,5.0,STATE,Ebonyi,Ebonyi,Ebonyi,South East,FALSE,7248.1328172,NGN per refill,Average of Mar-25,FALSE,,5KG,2,LPG_Report_Feb-March_2026.zip,GAS Price Watch March_2026_table.xlsx,Sheet1,29,4,D29
2026-03-01,2025-03-01,5.0,STATE,Edo,Edo,Edo,South South,FALSE,7774.35777777776,NGN per refill,Average of Mar-25,FALSE,,5KG,2,LPG_Report_Feb-March_2026.zip,GAS Price Watch March_2026_table.xlsx,Sheet1,37,4,D37
2026-03-01,2025-03-01,5.0,STATE,Ekiti,Ekiti,Ekiti,South West,FALSE,7195.7232,NGN per refill,Average of Mar-25,FALSE,,5KG,2,LPG_Report_Feb-March_2026.zip,GAS Price Watch March_2026_table.xlsx,Sheet1,40,4,D40
2026-03-01,2025-03-01,5.0,STATE,Enugu,Enugu,Enugu,South East,FALSE,7500.3622222222,NGN per refill,Average of Mar-25,FALSE,,5KG,2,LPG_Report_Feb-March_2026.zip,GAS Price Watch March_2026_table.xlsx,Sheet1,30,4,D30
2026-03-01,2025-03-01,5.0,STATE,Gombe,Gombe,Gombe,North East,FALSE,7518.912346,NGN per refill,Average of Mar-25,FALSE,,5KG,2,LPG_Report_Feb-March_2026.zip,GAS Price Watch March_2026_table.xlsx,Sheet1,15,4,D15
2026-03-01,2025-03-01,5.0,STATE,Imo,Imo,Imo,South East,FALSE,7988.05133333332,NGN per refill,Average of Mar-25,FALSE,,5KG,2,LPG_Report_Feb-March_2026.zip,GAS Price Watch March_2026_table.xlsx,Sheet1,31,4,D31
2026-03-01,2025-03-01,5.0,STATE,Jigawa,Jigawa,Jigawa,North West,FALSE,7042.7725,NGN per refill,Average of Mar-25,FALSE,,5KG,2,LPG_Report_Feb-March_2026.zip,GAS Price Watch March_2026_table.xlsx,Sheet1,19,4,D19
2026-03-01,2025-03-01,5.0,STATE,Kaduna,Kaduna,Kaduna,North West,FALSE,7332.535,NGN per refill,Average of Mar-25,FALSE,,5KG,2,LPG_Report_Feb-March_2026.zip,GAS Price Watch March_2026_table.xlsx,Sheet1,20,4,D20
2026-03-01,2025-03-01,5.0,STATE,Kano,Kano,Kano,North West,FALSE,7949.56,NGN per refill,Average of Mar-25,FALSE,,5KG,2,LPG_Report_Feb-March_2026.zip,GAS Price Watch March_2026_table.xlsx,Sheet1,21,4,D21
2026-03-01,2025-03-01,5.0,STATE,Katsina,Katsina,Katsina,North West,FALSE,7358.345,NGN per refill,Average of Mar-25,FALSE,,5KG,2,LPG_Report_Feb-March_2026.zip,GAS Price Watch March_2026_table.xlsx,Sheet1,22,4,D22
2026-03-01,2025-03-01,5.0,STATE,Kebbi,Kebbi,Kebbi,North West,FALSE,6336.28,NGN per refill,Average of Mar-25,FALSE,,5KG,2,LPG_Report_Feb-March_2026.zip,GAS Price Watch March_2026_table.xlsx,Sheet1,23,4,D23
2026-03-01,2025-03-01,5.0,STATE,Kogi,Kogi,Kogi,North Central,FALSE,7266.08,NGN per refill,Average of Mar-25,FALSE,,5KG,2,LPG_Report_Feb-March_2026.zip,GAS Price Watch March_2026_table.xlsx,Sheet1,6,4,D6
2026-03-01,2025-03-01,5.0,STATE,Kwara,Kwara,Kwara,North Central,FALSE,6728.088,NGN per refill,Average of Mar-25,FALSE,,5KG,2,LPG_Report_Feb-March_2026.zip,GAS Price Watch March_2026_table.xlsx,Sheet1,7,4,D7
2026-03-01,2025-03-01,5.0,STATE,Lagos,Lagos,Lagos,South West,FALSE,7279.7,NGN per refill,Average of Mar-25,FALSE,,5KG,2,LPG_Report_Feb-March_2026.zip,GAS Price Watch March_2026_table.xlsx,Sheet1,41,4,D41
2026-03-01,2025-03-01,5.0,STATE,Nasarawa,Nasarawa,Nasarawa,North Central,FALSE,6864.52171451872,NGN per refill,Average of Mar-25,FALSE,,5KG,2,LPG_Report_Feb-March_2026.zip,GAS Price Watch March_2026_table.xlsx,Sheet1,8,4,D8
2026-03-01,2025-03-01,5.0,STATE,Niger,Niger,Niger,North Central,FALSE,6831.549768914,NGN per refill,Average of Mar-25,FALSE,,5KG,2,LPG_Report_Feb-March_2026.zip,GAS Price Watch March_2026_table.xlsx,Sheet1,9,4,D9
2026-03-01,2025-03-01,5.0,STATE,Ogun,Ogun,Ogun,South West,FALSE,7195.58285714286,NGN per refill,Average of Mar-25,FALSE,,5KG,2,LPG_Report_Feb-March_2026.zip,GAS Price Watch March_2026_table.xlsx,Sheet1,42,4,D42
2026-03-01,2025-03-01,5.0,STATE,Ondo,Ondo,Ondo,South West,FALSE,6961.5929047561,NGN per refill,Average of Mar-25,FALSE,,5KG,2,LPG_Report_Feb-March_2026.zip,GAS Price Watch March_2026_table.xlsx,Sheet1,43,4,D43
2026-03-01,2025-03-01,5.0,STATE,Osun,Osun,Osun,South West,FALSE,7341.08888888889,NGN per refill,Average of Mar-25,FALSE,,5KG,2,LPG_Report_Feb-March_2026.zip,GAS Price Watch March_2026_table.xlsx,Sheet1,44,4,D44
2026-03-01,2025-03-01,5.0,STATE,Oyo,Oyo,Oyo,South West,FALSE,6684.30857142856,NGN per refill,Average of Mar-25,FALSE,,5KG,2,LPG_Report_Feb-March_2026.zip,GAS Price Watch March_2026_table.xlsx,Sheet1,45,4,D45
2026-03-01,2025-03-01,5.0,STATE,Plateau,Plateau,Plateau,North Central,FALSE,6988.09333333332,NGN per refill,Average of Mar-25,FALSE,,5KG,2,LPG_Report_Feb-March_2026.zip,GAS Price Watch March_2026_table.xlsx,Sheet1,10,4,D10
2026-03-01,2025-03-01,5.0,STATE,Rivers,Rivers,Rivers,South South,FALSE,8085.9177777778,NGN per refill,Average of Mar-25,FALSE,,5KG,2,LPG_Report_Feb-March_2026.zip,GAS Price Watch March_2026_table.xlsx,Sheet1,38,4,D38
2026-03-01,2025-03-01,5.0,STATE,Sokoto,Sokoto,Sokoto,North West,FALSE,8157.38,NGN per refill,Average of Mar-25,FALSE,,5KG,2,LPG_Report_Feb-March_2026.zip,GAS Price Watch March_2026_table.xlsx,Sheet1,24,4,D24
2026-03-01,2025-03-01,5.0,STATE,Taraba,Taraba,Taraba,North East,FALSE,8056.75,NGN per refill,Average of Mar-25,FALSE,,5KG,2,LPG_Report_Feb-March_2026.zip,GAS Price Watch March_2026_table.xlsx,Sheet1,16,4,D16
2026-03-01,2025-03-01,5.0,STATE,Yobe,Yobe,Yobe,North East,FALSE,7026.4,NGN per refill,Average of Mar-25,FALSE,,5KG,2,LPG_Report_Feb-March_2026.zip,GAS Price Watch March_2026_table.xlsx,Sheet1,17,4,D17
2026-03-01,2025-03-01,5.0,STATE,Zamfara,Zamfara,Zamfara,North West,FALSE,7106.77,NGN per refill,Average of Mar-25,FALSE,,5KG,2,LPG_Report_Feb-March_2026.zip,GAS Price Watch March_2026_table.xlsx,Sheet1,25,4,D25
2026-03-01,2025-03-01,5.0,ZONE,North Central,NORTH CENTRAL,,North Central,TRUE,7047.23245953801,NGN per refill,Average of Mar-25,FALSE,,5KG,2,LPG_Report_Feb-March_2026.zip,GAS Price Watch March_2026_table.xlsx,Sheet1,3,4,D3
2026-03-01,2025-03-01,5.0,ZONE,North East,NORTH EAST,,North East,TRUE,7452.36372433334,NGN per refill,Average of Mar-25,FALSE,,5KG,2,LPG_Report_Feb-March_2026.zip,GAS Price Watch March_2026_table.xlsx,Sheet1,11,4,D11
2026-03-01,2025-03-01,5.0,ZONE,North West,NORTH WEST,,North West,TRUE,7326.23464285714,NGN per refill,Average of Mar-25,FALSE,,5KG,2,LPG_Report_Feb-March_2026.zip,GAS Price Watch March_2026_table.xlsx,Sheet1,18,4,D18
2026-03-01,2025-03-01,5.0,ZONE,South East,SOUTH EAST,,South East,TRUE,7471.37371509718,NGN per refill,Average of Mar-25,FALSE,,5KG,2,LPG_Report_Feb-March_2026.zip,GAS Price Watch March_2026_table.xlsx,Sheet1,26,4,D26
2026-03-01,2025-03-01,5.0,ZONE,South South,SOUTH SOUTH,,South South,TRUE,7598.13159259259,NGN per refill,Average of Mar-25,FALSE,,5KG,2,LPG_Report_Feb-March_2026.zip,GAS Price Watch March_2026_table.xlsx,Sheet1,32,4,D32
2026-03-01,2025-03-01,5.0,ZONE,South West,SOUTH WEST,,South West,TRUE,7109.6660703694,NGN per refill,Average of Mar-25,FALSE,,5KG,2,LPG_Report_Feb-March_2026.zip,GAS Price Watch March_2026_table.xlsx,Sheet1,39,4,D39
2026-03-01,2025-03-01,5.0,NATIONAL,Nigeria,Grand Total,,,TRUE,7322.48936800065,NGN per refill,Average of Mar-25,FALSE,,5KG,2,LPG_Report_Feb-March_2026.zip,GAS Price Watch March_2026_table.xlsx,Sheet1,46,4,D46
2026-03-01,2025-03-01,12.5,STATE,Abia,Abia,Abia,South East,FALSE,18820.122656826,NGN per refill,Average of Mar-25,FALSE,,12.5KG,2,LPG_Report_Feb-March_2026.zip,GAS Price Watch March_2026_table.xlsx,Sheet1,27,12,L27
2026-03-01,2025-03-01,12.5,STATE,Abuja,Abuja,Abuja,North Central,FALSE,17110.476,NGN per refill,Average of Mar-25,FALSE,,12.5KG,2,LPG_Report_Feb-March_2026.zip,GAS Price Watch March_2026_table.xlsx,Sheet1,4,12,L4
2026-03-01,2025-03-01,12.5,STATE,Adamawa,Adamawa,Adamawa,North East,FALSE,18289.2,NGN per refill,Average of Mar-25,FALSE,,12.5KG,2,LPG_Report_Feb-March_2026.zip,GAS Price Watch March_2026_table.xlsx,Sheet1,12,12,L12
2026-03-01,2025-03-01,12.5,STATE,Akwa Ibom,Akwa Ibom,Akwa Ibom,South South,FALSE,20623.8,NGN per refill,Average of Mar-25,FALSE,,12.5KG,2,LPG_Report_Feb-March_2026.zip,GAS Price Watch March_2026_table.xlsx,Sheet1,33,12,L33
2026-03-01,2025-03-01,12.5,STATE,Anambra,Anambra,Anambra,South East,FALSE,18280.68285,NGN per refill,Average of Mar-25,FALSE,,12.5KG,2,LPG_Report_Feb-March_2026.zip,GAS Price Watch March_2026_table.xlsx,Sheet1,28,12,L28
2026-03-01,2025-03-01,12.5,STATE,Bauchi,Bauchi,Bauchi,North East,FALSE,19752,NGN per refill,Average of Mar-25,FALSE,,12.5KG,2,LPG_Report_Feb-March_2026.zip,GAS Price Watch March_2026_table.xlsx,Sheet1,13,12,L13
2026-03-01,2025-03-01,12.5,STATE,Bayelsa,Bayelsa,Bayelsa,South South,FALSE,19475,NGN per refill,Average of Mar-25,FALSE,,12.5KG,2,LPG_Report_Feb-March_2026.zip,GAS Price Watch March_2026_table.xlsx,Sheet1,34,12,L34
2026-03-01,2025-03-01,12.5,STATE,Benue,Benue,Benue,North Central,FALSE,18770.26,NGN per refill,Average of Mar-25,FALSE,,12.5KG,2,LPG_Report_Feb-March_2026.zip,GAS Price Watch March_2026_table.xlsx,Sheet1,5,12,L5
2026-03-01,2025-03-01,12.5,STATE,Borno,Borno,Borno,North East,FALSE,17239.6,NGN per refill,Average of Mar-25,FALSE,,12.5KG,2,LPG_Report_Feb-March_2026.zip,GAS Price Watch March_2026_table.xlsx,Sheet1,14,12,L14
2026-03-01,2025-03-01,12.5,STATE,Cross River,Cross River,Cross River,South South,FALSE,20934.225,NGN per refill,Average of Mar-25,FALSE,,12.5KG,2,LPG_Report_Feb-March_2026.zip,GAS Price Watch March_2026_table.xlsx,Sheet1,35,12,L35
2026-03-01,2025-03-01,12.5,STATE,Delta,Delta,Delta,South South,FALSE,20038.26,NGN per refill,Average of Mar-25,FALSE,,12.5KG,2,LPG_Report_Feb-March_2026.zip,GAS Price Watch March_2026_table.xlsx,Sheet1,36,12,L36
2026-03-01,2025-03-01,12.5,STATE,Ebonyi,Ebonyi,Ebonyi,South East,FALSE,19870.332043,NGN per refill,Average of Mar-25,FALSE,,12.5KG,2,LPG_Report_Feb-March_2026.zip,GAS Price Watch March_2026_table.xlsx,Sheet1,29,12,L29
2026-03-01,2025-03-01,12.5,STATE,Edo,Edo,Edo,South South,FALSE,19185.8944444444,NGN per refill,Average of Mar-25,FALSE,,12.5KG,2,LPG_Report_Feb-March_2026.zip,GAS Price Watch March_2026_table.xlsx,Sheet1,37,12,L37
2026-03-01,2025-03-01,12.5,STATE,Ekiti,Ekiti,Ekiti,South West,FALSE,16739.308,NGN per refill,Average of Mar-25,FALSE,,12.5KG,2,LPG_Report_Feb-March_2026.zip,GAS Price Watch March_2026_table.xlsx,Sheet1,40,12,L40
2026-03-01,2025-03-01,12.5,STATE,Enugu,Enugu,Enugu,South East,FALSE,18750.9055555555,NGN per refill,Average of Mar-25,FALSE,,12.5KG,2,LPG_Report_Feb-March_2026.zip,GAS Price Watch March_2026_table.xlsx,Sheet1,30,12,L30
2026-03-01,2025-03-01,12.5,STATE,Gombe,Gombe,Gombe,North East,FALSE,18797.280865,NGN per refill,Average of Mar-25,FALSE,,12.5KG,2,LPG_Report_Feb-March_2026.zip,GAS Price Watch March_2026_table.xlsx,Sheet1,15,12,L15
2026-03-01,2025-03-01,12.5,STATE,Imo,Imo,Imo,South East,FALSE,19970.1283333333,NGN per refill,Average of Mar-25,FALSE,,12.5KG,2,LPG_Report_Feb-March_2026.zip,GAS Price Watch March_2026_table.xlsx,Sheet1,31,12,L31
2026-03-01,2025-03-01,12.5,STATE,Jigawa,Jigawa,Jigawa,North West,FALSE,17606.93125,NGN per refill,Average of Mar-25,FALSE,,12.5KG,2,LPG_Report_Feb-March_2026.zip,GAS Price Watch March_2026_table.xlsx,Sheet1,19,12,L19
2026-03-01,2025-03-01,12.5,STATE,Kaduna,Kaduna,Kaduna,North West,FALSE,18331.3375,NGN per refill,Average of Mar-25,FALSE,,12.5KG,2,LPG_Report_Feb-March_2026.zip,GAS Price Watch March_2026_table.xlsx,Sheet1,20,12,L20
2026-03-01,2025-03-01,12.5,STATE,Kano,Kano,Kano,North West,FALSE,19873.9,NGN per refill,Average of Mar-25,FALSE,,12.5KG,2,LPG_Report_Feb-March_2026.zip,GAS Price Watch March_2026_table.xlsx,Sheet1,21,12,L21
2026-03-01,2025-03-01,12.5,STATE,Katsina,Katsina,Katsina,North West,FALSE,18395.8625,NGN per refill,Average of Mar-25,FALSE,,12.5KG,2,LPG_Report_Feb-March_2026.zip,GAS Price Watch March_2026_table.xlsx,Sheet1,22,12,L22
2026-03-01,2025-03-01,12.5,STATE,Kebbi,Kebbi,Kebbi,North West,FALSE,15840.7,NGN per refill,Average of Mar-25,FALSE,,12.5KG,2,LPG_Report_Feb-March_2026.zip,GAS Price Watch March_2026_table.xlsx,Sheet1,23,12,L23
2026-03-01,2025-03-01,12.5,STATE,Kogi,Kogi,Kogi,North Central,FALSE,18165.2,NGN per refill,Average of Mar-25,FALSE,,12.5KG,2,LPG_Report_Feb-March_2026.zip,GAS Price Watch March_2026_table.xlsx,Sheet1,6,12,L6
2026-03-01,2025-03-01,12.5,STATE,Kwara,Kwara,Kwara,North Central,FALSE,16820.22,NGN per refill,Average of Mar-25,FALSE,,12.5KG,2,LPG_Report_Feb-March_2026.zip,GAS Price Watch March_2026_table.xlsx,Sheet1,7,12,L7
2026-03-01,2025-03-01,12.5,STATE,Lagos,Lagos,Lagos,South West,FALSE,18199.25,NGN per refill,Average of Mar-25,FALSE,,12.5KG,2,LPG_Report_Feb-March_2026.zip,GAS Price Watch March_2026_table.xlsx,Sheet1,41,12,L41
2026-03-01,2025-03-01,12.5,STATE,Nasarawa,Nasarawa,Nasarawa,North Central,FALSE,15661.3042862968,NGN per refill,Average of Mar-25,FALSE,,12.5KG,2,LPG_Report_Feb-March_2026.zip,GAS Price Watch March_2026_table.xlsx,Sheet1,8,12,L8
2026-03-01,2025-03-01,12.5,STATE,Niger,Niger,Niger,North Central,FALSE,17078.874422285,NGN per refill,Average of Mar-25,FALSE,,12.5KG,2,LPG_Report_Feb-March_2026.zip,GAS Price Watch March_2026_table.xlsx,Sheet1,9,12,L9
2026-03-01,2025-03-01,12.5,STATE,Ogun,Ogun,Ogun,South West,FALSE,17988.9571428571,NGN per refill,Average of Mar-25,FALSE,,12.5KG,2,LPG_Report_Feb-March_2026.zip,GAS Price Watch March_2026_table.xlsx,Sheet1,42,12,L42
2026-03-01,2025-03-01,12.5,STATE,Ondo,Ondo,Ondo,South West,FALSE,17403.9822618903,NGN per refill,Average of Mar-25,FALSE,,12.5KG,2,LPG_Report_Feb-March_2026.zip,GAS Price Watch March_2026_table.xlsx,Sheet1,43,12,L43
2026-03-01,2025-03-01,12.5,STATE,Osun,Osun,Osun,South West,FALSE,18352.7222222222,NGN per refill,Average of Mar-25,FALSE,,12.5KG,2,LPG_Report_Feb-March_2026.zip,GAS Price Watch March_2026_table.xlsx,Sheet1,44,12,L44
2026-03-01,2025-03-01,12.5,STATE,Oyo,Oyo,Oyo,South West,FALSE,16710.7714285714,NGN per refill,Average of Mar-25,FALSE,,12.5KG,2,LPG_Report_Feb-March_2026.zip,GAS Price Watch March_2026_table.xlsx,Sheet1,45,12,L45
2026-03-01,2025-03-01,12.5,STATE,Plateau,Plateau,Plateau,North Central,FALSE,17470.2333333333,NGN per refill,Average of Mar-25,FALSE,,12.5KG,2,LPG_Report_Feb-March_2026.zip,GAS Price Watch March_2026_table.xlsx,Sheet1,10,12,L10
2026-03-01,2025-03-01,12.5,STATE,Rivers,Rivers,Rivers,South South,FALSE,20964.7944444445,NGN per refill,Average of Mar-25,FALSE,,12.5KG,2,LPG_Report_Feb-March_2026.zip,GAS Price Watch March_2026_table.xlsx,Sheet1,38,12,L38
2026-03-01,2025-03-01,12.5,STATE,Sokoto,Sokoto,Sokoto,North West,FALSE,20393.45,NGN per refill,Average of Mar-25,FALSE,,12.5KG,2,LPG_Report_Feb-March_2026.zip,GAS Price Watch March_2026_table.xlsx,Sheet1,24,12,L24
2026-03-01,2025-03-01,12.5,STATE,Taraba,Taraba,Taraba,North East,FALSE,20141.875,NGN per refill,Average of Mar-25,FALSE,,12.5KG,2,LPG_Report_Feb-March_2026.zip,GAS Price Watch March_2026_table.xlsx,Sheet1,16,12,L16
2026-03-01,2025-03-01,12.5,STATE,Yobe,Yobe,Yobe,North East,FALSE,17066,NGN per refill,Average of Mar-25,FALSE,,12.5KG,2,LPG_Report_Feb-March_2026.zip,GAS Price Watch March_2026_table.xlsx,Sheet1,17,12,L17
2026-03-01,2025-03-01,12.5,STATE,Zamfara,Zamfara,Zamfara,North West,FALSE,17766.925,NGN per refill,Average of Mar-25,FALSE,,12.5KG,2,LPG_Report_Feb-March_2026.zip,GAS Price Watch March_2026_table.xlsx,Sheet1,25,12,L25
2026-03-01,2025-03-01,12.5,ZONE,North Central,NORTH CENTRAL,,North Central,TRUE,17296.6525774164,NGN per refill,Average of Mar-25,FALSE,,12.5KG,2,LPG_Report_Feb-March_2026.zip,GAS Price Watch March_2026_table.xlsx,Sheet1,3,12,L3
2026-03-01,2025-03-01,12.5,ZONE,North East,NORTH EAST,,North East,TRUE,18547.6593108333,NGN per refill,Average of Mar-25,FALSE,,12.5KG,2,LPG_Report_Feb-March_2026.zip,GAS Price Watch March_2026_table.xlsx,Sheet1,11,12,L11
2026-03-01,2025-03-01,12.5,ZONE,North West,NORTH WEST,,North West,TRUE,18315.5866071429,NGN per refill,Average of Mar-25,FALSE,,12.5KG,2,LPG_Report_Feb-March_2026.zip,GAS Price Watch March_2026_table.xlsx,Sheet1,18,12,L18
2026-03-01,2025-03-01,12.5,ZONE,South East,SOUTH EAST,,South East,TRUE,19138.434287743,NGN per refill,Average of Mar-25,FALSE,,12.5KG,2,LPG_Report_Feb-March_2026.zip,GAS Price Watch March_2026_table.xlsx,Sheet1,26,12,L26
2026-03-01,2025-03-01,12.5,ZONE,South South,SOUTH SOUTH,,South South,TRUE,20203.6623148148,NGN per refill,Average of Mar-25,FALSE,,12.5KG,2,LPG_Report_Feb-March_2026.zip,GAS Price Watch March_2026_table.xlsx,Sheet1,32,12,L32
2026-03-01,2025-03-01,12.5,ZONE,South West,SOUTH WEST,,South West,TRUE,17565.8318425902,NGN per refill,Average of Mar-25,FALSE,,12.5KG,2,LPG_Report_Feb-March_2026.zip,GAS Price Watch March_2026_table.xlsx,Sheet1,39,12,L39
2026-03-01,2025-03-01,12.5,NATIONAL,Nigeria,Grand Total,,,TRUE,18456.2369335151,NGN per refill,Average of Mar-25,FALSE,,12.5KG,2,LPG_Report_Feb-March_2026.zip,GAS Price Watch March_2026_table.xlsx,Sheet1,46,12,L46
2026-03-01,2026-02-01,5.0,STATE,Abia,Abia,Abia,South East,FALSE,6872.668,NGN per refill,Average of Feb-26,FALSE,,5KG,2,LPG_Report_Feb-March_2026.zip,GAS Price Watch March_2026_table.xlsx,Sheet1,27,5,E27
2026-03-01,2026-02-01,5.0,STATE,Abuja,Abuja,Abuja,North Central,FALSE,6555,NGN per refill,Average of Feb-26,FALSE,,5KG,2,LPG_Report_Feb-March_2026.zip,GAS Price Watch March_2026_table.xlsx,Sheet1,4,5,E4
2026-03-01,2026-02-01,5.0,STATE,Adamawa,Adamawa,Adamawa,North East,FALSE,6855.772,NGN per refill,Average of Feb-26,FALSE,,5KG,2,LPG_Report_Feb-March_2026.zip,GAS Price Watch March_2026_table.xlsx,Sheet1,12,5,E12
2026-03-01,2026-02-01,5.0,STATE,Akwa Ibom,Akwa Ibom,Akwa Ibom,South South,FALSE,6854.116,NGN per refill,Average of Feb-26,FALSE,,5KG,2,LPG_Report_Feb-March_2026.zip,GAS Price Watch March_2026_table.xlsx,Sheet1,33,5,E33
2026-03-01,2026-02-01,5.0,STATE,Anambra,Anambra,Anambra,South East,FALSE,6839.664,NGN per refill,Average of Feb-26,FALSE,,5KG,2,LPG_Report_Feb-March_2026.zip,GAS Price Watch March_2026_table.xlsx,Sheet1,28,5,E28
2026-03-01,2026-02-01,5.0,STATE,Bauchi,Bauchi,Bauchi,North East,FALSE,6448.784,NGN per refill,Average of Feb-26,FALSE,,5KG,2,LPG_Report_Feb-March_2026.zip,GAS Price Watch March_2026_table.xlsx,Sheet1,13,5,E13
2026-03-01,2026-02-01,5.0,STATE,Bayelsa,Bayelsa,Bayelsa,South South,FALSE,5954.592,NGN per refill,Average of Feb-26,FALSE,,5KG,2,LPG_Report_Feb-March_2026.zip,GAS Price Watch March_2026_table.xlsx,Sheet1,34,5,E34
2026-03-01,2026-02-01,5.0,STATE,Benue,Benue,Benue,North Central,FALSE,6518.676,NGN per refill,Average of Feb-26,FALSE,,5KG,2,LPG_Report_Feb-March_2026.zip,GAS Price Watch March_2026_table.xlsx,Sheet1,5,5,E5
2026-03-01,2026-02-01,5.0,STATE,Borno,Borno,Borno,North East,FALSE,6858.888,NGN per refill,Average of Feb-26,FALSE,,5KG,2,LPG_Report_Feb-March_2026.zip,GAS Price Watch March_2026_table.xlsx,Sheet1,14,5,E14
2026-03-01,2026-02-01,5.0,STATE,Cross River,Cross River,Cross River,South South,FALSE,6289.704,NGN per refill,Average of Feb-26,FALSE,,5KG,2,LPG_Report_Feb-March_2026.zip,GAS Price Watch March_2026_table.xlsx,Sheet1,35,5,E35
2026-03-01,2026-02-01,5.0,STATE,Delta,Delta,Delta,South South,FALSE,6819.38,NGN per refill,Average of Feb-26,FALSE,,5KG,2,LPG_Report_Feb-March_2026.zip,GAS Price Watch March_2026_table.xlsx,Sheet1,36,5,E36
2026-03-01,2026-02-01,5.0,STATE,Ebonyi,Ebonyi,Ebonyi,South East,FALSE,6633.668,NGN per refill,Average of Feb-26,FALSE,,5KG,2,LPG_Report_Feb-March_2026.zip,GAS Price Watch March_2026_table.xlsx,Sheet1,29,5,E29
2026-03-01,2026-02-01,5.0,STATE,Edo,Edo,Edo,South South,FALSE,5854,NGN per refill,Average of Feb-26,FALSE,,5KG,2,LPG_Report_Feb-March_2026.zip,GAS Price Watch March_2026_table.xlsx,Sheet1,37,5,E37
2026-03-01,2026-02-01,5.0,STATE,Ekiti,Ekiti,Ekiti,South West,FALSE,6907.996,NGN per refill,Average of Feb-26,FALSE,,5KG,2,LPG_Report_Feb-March_2026.zip,GAS Price Watch March_2026_table.xlsx,Sheet1,40,5,E40
2026-03-01,2026-02-01,5.0,STATE,Enugu,Enugu,Enugu,South East,FALSE,7349.116,NGN per refill,Average of Feb-26,FALSE,,5KG,2,LPG_Report_Feb-March_2026.zip,GAS Price Watch March_2026_table.xlsx,Sheet1,30,5,E30
2026-03-01,2026-02-01,5.0,STATE,Gombe,Gombe,Gombe,North East,FALSE,6620.264,NGN per refill,Average of Feb-26,FALSE,,5KG,2,LPG_Report_Feb-March_2026.zip,GAS Price Watch March_2026_table.xlsx,Sheet1,15,5,E15
2026-03-01,2026-02-01,5.0,STATE,Imo,Imo,Imo,South East,FALSE,6469.352,NGN per refill,Average of Feb-26,FALSE,,5KG,2,LPG_Report_Feb-March_2026.zip,GAS Price Watch March_2026_table.xlsx,Sheet1,31,5,E31
2026-03-01,2026-02-01,5.0,STATE,Jigawa,Jigawa,Jigawa,North West,FALSE,7621.268,NGN per refill,Average of Feb-26,FALSE,,5KG,2,LPG_Report_Feb-March_2026.zip,GAS Price Watch March_2026_table.xlsx,Sheet1,19,5,E19
2026-03-01,2026-02-01,5.0,STATE,Kaduna,Kaduna,Kaduna,North West,FALSE,7542.1,NGN per refill,Average of Feb-26,FALSE,,5KG,2,LPG_Report_Feb-March_2026.zip,GAS Price Watch March_2026_table.xlsx,Sheet1,20,5,E20
2026-03-01,2026-02-01,5.0,STATE,Kano,Kano,Kano,North West,FALSE,6639.024,NGN per refill,Average of Feb-26,FALSE,,5KG,2,LPG_Report_Feb-March_2026.zip,GAS Price Watch March_2026_table.xlsx,Sheet1,21,5,E21
2026-03-01,2026-02-01,5.0,STATE,Katsina,Katsina,Katsina,North West,FALSE,6507.34,NGN per refill,Average of Feb-26,FALSE,,5KG,2,LPG_Report_Feb-March_2026.zip,GAS Price Watch March_2026_table.xlsx,Sheet1,22,5,E22
2026-03-01,2026-02-01,5.0,STATE,Kebbi,Kebbi,Kebbi,North West,FALSE,6754.848,NGN per refill,Average of Feb-26,FALSE,,5KG,2,LPG_Report_Feb-March_2026.zip,GAS Price Watch March_2026_table.xlsx,Sheet1,23,5,E23
2026-03-01,2026-02-01,5.0,STATE,Kogi,Kogi,Kogi,North Central,FALSE,7028.516,NGN per refill,Average of Feb-26,FALSE,,5KG,2,LPG_Report_Feb-March_2026.zip,GAS Price Watch March_2026_table.xlsx,Sheet1,6,5,E6
2026-03-01,2026-02-01,5.0,STATE,Kwara,Kwara,Kwara,North Central,FALSE,6949.412,NGN per refill,Average of Feb-26,FALSE,,5KG,2,LPG_Report_Feb-March_2026.zip,GAS Price Watch March_2026_table.xlsx,Sheet1,7,5,E7
2026-03-01,2026-02-01,5.0,STATE,Lagos,Lagos,Lagos,South West,FALSE,7239.492,NGN per refill,Average of Feb-26,FALSE,,5KG,2,LPG_Report_Feb-March_2026.zip,GAS Price Watch March_2026_table.xlsx,Sheet1,41,5,E41
2026-03-01,2026-02-01,5.0,STATE,Nasarawa,Nasarawa,Nasarawa,North Central,FALSE,7040.68,NGN per refill,Average of Feb-26,FALSE,,5KG,2,LPG_Report_Feb-March_2026.zip,GAS Price Watch March_2026_table.xlsx,Sheet1,8,5,E8
2026-03-01,2026-02-01,5.0,STATE,Niger,Niger,Niger,North Central,FALSE,6556.88,NGN per refill,Average of Feb-26,FALSE,,5KG,2,LPG_Report_Feb-March_2026.zip,GAS Price Watch March_2026_table.xlsx,Sheet1,9,5,E9
2026-03-01,2026-02-01,5.0,STATE,Ogun,Ogun,Ogun,South West,FALSE,6729.836,NGN per refill,Average of Feb-26,FALSE,,5KG,2,LPG_Report_Feb-March_2026.zip,GAS Price Watch March_2026_table.xlsx,Sheet1,42,5,E42
2026-03-01,2026-02-01,5.0,STATE,Ondo,Ondo,Ondo,South West,FALSE,6738.996,NGN per refill,Average of Feb-26,FALSE,,5KG,2,LPG_Report_Feb-March_2026.zip,GAS Price Watch March_2026_table.xlsx,Sheet1,43,5,E43
2026-03-01,2026-02-01,5.0,STATE,Osun,Osun,Osun,South West,FALSE,7073.496,NGN per refill,Average of Feb-26,FALSE,,5KG,2,LPG_Report_Feb-March_2026.zip,GAS Price Watch March_2026_table.xlsx,Sheet1,44,5,E44
2026-03-01,2026-02-01,5.0,STATE,Oyo,Oyo,Oyo,South West,FALSE,6956.952,NGN per refill,Average of Feb-26,FALSE,,5KG,2,LPG_Report_Feb-March_2026.zip,GAS Price Watch March_2026_table.xlsx,Sheet1,45,5,E45
2026-03-01,2026-02-01,5.0,STATE,Plateau,Plateau,Plateau,North Central,FALSE,7064.092,NGN per refill,Average of Feb-26,FALSE,,5KG,2,LPG_Report_Feb-March_2026.zip,GAS Price Watch March_2026_table.xlsx,Sheet1,10,5,E10
2026-03-01,2026-02-01,5.0,STATE,Rivers,Rivers,Rivers,South South,FALSE,6506.576,NGN per refill,Average of Feb-26,FALSE,,5KG,2,LPG_Report_Feb-March_2026.zip,GAS Price Watch March_2026_table.xlsx,Sheet1,38,5,E38
2026-03-01,2026-02-01,5.0,STATE,Sokoto,Sokoto,Sokoto,North West,FALSE,6554.508,NGN per refill,Average of Feb-26,FALSE,,5KG,2,LPG_Report_Feb-March_2026.zip,GAS Price Watch March_2026_table.xlsx,Sheet1,24,5,E24
2026-03-01,2026-02-01,5.0,STATE,Taraba,Taraba,Taraba,North East,FALSE,7177.776,NGN per refill,Average of Feb-26,FALSE,,5KG,2,LPG_Report_Feb-March_2026.zip,GAS Price Watch March_2026_table.xlsx,Sheet1,16,5,E16
2026-03-01,2026-02-01,5.0,STATE,Yobe,Yobe,Yobe,North East,FALSE,7165.172,NGN per refill,Average of Feb-26,FALSE,,5KG,2,LPG_Report_Feb-March_2026.zip,GAS Price Watch March_2026_table.xlsx,Sheet1,17,5,E17
2026-03-01,2026-02-01,5.0,STATE,Zamfara,Zamfara,Zamfara,North West,FALSE,7020.976,NGN per refill,Average of Feb-26,FALSE,,5KG,2,LPG_Report_Feb-March_2026.zip,GAS Price Watch March_2026_table.xlsx,Sheet1,25,5,E25
2026-03-01,2026-02-01,5.0,ZONE,North Central,NORTH CENTRAL,,North Central,TRUE,6816.17942857143,NGN per refill,Average of Feb-26,FALSE,,5KG,2,LPG_Report_Feb-March_2026.zip,GAS Price Watch March_2026_table.xlsx,Sheet1,3,5,E3
2026-03-01,2026-02-01,5.0,ZONE,North East,NORTH EAST,,North East,TRUE,6854.44266666667,NGN per refill,Average of Feb-26,FALSE,,5KG,2,LPG_Report_Feb-March_2026.zip,GAS Price Watch March_2026_table.xlsx,Sheet1,11,5,E11
2026-03-01,2026-02-01,5.0,ZONE,North West,NORTH WEST,,North West,TRUE,6948.58057142857,NGN per refill,Average of Feb-26,FALSE,,5KG,2,LPG_Report_Feb-March_2026.zip,GAS Price Watch March_2026_table.xlsx,Sheet1,18,5,E18
2026-03-01,2026-02-01,5.0,ZONE,South East,SOUTH EAST,,South East,TRUE,6832.8936,NGN per refill,Average of Feb-26,FALSE,,5KG,2,LPG_Report_Feb-March_2026.zip,GAS Price Watch March_2026_table.xlsx,Sheet1,26,5,E26
2026-03-01,2026-02-01,5.0,ZONE,South South,SOUTH SOUTH,,South South,TRUE,6379.728,NGN per refill,Average of Feb-26,FALSE,,5KG,2,LPG_Report_Feb-March_2026.zip,GAS Price Watch March_2026_table.xlsx,Sheet1,32,5,E32
2026-03-01,2026-02-01,5.0,ZONE,South West,SOUTH WEST,,South West,TRUE,6941.128,NGN per refill,Average of Feb-26,FALSE,,5KG,2,LPG_Report_Feb-March_2026.zip,GAS Price Watch March_2026_table.xlsx,Sheet1,39,5,E39
2026-03-01,2026-02-01,5.0,NATIONAL,Nigeria,Grand Total,,,TRUE,6799.17783783784,NGN per refill,Average of Feb-26,FALSE,,5KG,2,LPG_Report_Feb-March_2026.zip,GAS Price Watch March_2026_table.xlsx,Sheet1,46,5,E46
2026-03-01,2026-02-01,12.5,STATE,Abia,Abia,Abia,South East,FALSE,17181.67,NGN per refill,Average of Feb-26,FALSE,,12.5KG,2,LPG_Report_Feb-March_2026.zip,GAS Price Watch March_2026_table.xlsx,Sheet1,27,13,M27
2026-03-01,2026-02-01,12.5,STATE,Abuja,Abuja,Abuja,North Central,FALSE,16387.5,NGN per refill,Average of Feb-26,FALSE,,12.5KG,2,LPG_Report_Feb-March_2026.zip,GAS Price Watch March_2026_table.xlsx,Sheet1,4,13,M4
2026-03-01,2026-02-01,12.5,STATE,Adamawa,Adamawa,Adamawa,North East,FALSE,17139.43,NGN per refill,Average of Feb-26,FALSE,,12.5KG,2,LPG_Report_Feb-March_2026.zip,GAS Price Watch March_2026_table.xlsx,Sheet1,12,13,M12
2026-03-01,2026-02-01,12.5,STATE,Akwa Ibom,Akwa Ibom,Akwa Ibom,South South,FALSE,17135.29,NGN per refill,Average of Feb-26,FALSE,,12.5KG,2,LPG_Report_Feb-March_2026.zip,GAS Price Watch March_2026_table.xlsx,Sheet1,33,13,M33
2026-03-01,2026-02-01,12.5,STATE,Anambra,Anambra,Anambra,South East,FALSE,17099.16,NGN per refill,Average of Feb-26,FALSE,,12.5KG,2,LPG_Report_Feb-March_2026.zip,GAS Price Watch March_2026_table.xlsx,Sheet1,28,13,M28
2026-03-01,2026-02-01,12.5,STATE,Bauchi,Bauchi,Bauchi,North East,FALSE,16121.96,NGN per refill,Average of Feb-26,FALSE,,12.5KG,2,LPG_Report_Feb-March_2026.zip,GAS Price Watch March_2026_table.xlsx,Sheet1,13,13,M13
2026-03-01,2026-02-01,12.5,STATE,Bayelsa,Bayelsa,Bayelsa,South South,FALSE,14886.48,NGN per refill,Average of Feb-26,FALSE,,12.5KG,2,LPG_Report_Feb-March_2026.zip,GAS Price Watch March_2026_table.xlsx,Sheet1,34,13,M34
2026-03-01,2026-02-01,12.5,STATE,Benue,Benue,Benue,North Central,FALSE,16296.69,NGN per refill,Average of Feb-26,FALSE,,12.5KG,2,LPG_Report_Feb-March_2026.zip,GAS Price Watch March_2026_table.xlsx,Sheet1,5,13,M5
2026-03-01,2026-02-01,12.5,STATE,Borno,Borno,Borno,North East,FALSE,17147.22,NGN per refill,Average of Feb-26,FALSE,,12.5KG,2,LPG_Report_Feb-March_2026.zip,GAS Price Watch March_2026_table.xlsx,Sheet1,14,13,M14
2026-03-01,2026-02-01,12.5,STATE,Cross River,Cross River,Cross River,South South,FALSE,15724.26,NGN per refill,Average of Feb-26,FALSE,,12.5KG,2,LPG_Report_Feb-March_2026.zip,GAS Price Watch March_2026_table.xlsx,Sheet1,35,13,M35
2026-03-01,2026-02-01,12.5,STATE,Delta,Delta,Delta,South South,FALSE,17048.45,NGN per refill,Average of Feb-26,FALSE,,12.5KG,2,LPG_Report_Feb-March_2026.zip,GAS Price Watch March_2026_table.xlsx,Sheet1,36,13,M36
2026-03-01,2026-02-01,12.5,STATE,Ebonyi,Ebonyi,Ebonyi,South East,FALSE,16584.17,NGN per refill,Average of Feb-26,FALSE,,12.5KG,2,LPG_Report_Feb-March_2026.zip,GAS Price Watch March_2026_table.xlsx,Sheet1,29,13,M29
2026-03-01,2026-02-01,12.5,STATE,Edo,Edo,Edo,South South,FALSE,14635,NGN per refill,Average of Feb-26,FALSE,,12.5KG,2,LPG_Report_Feb-March_2026.zip,GAS Price Watch March_2026_table.xlsx,Sheet1,37,13,M37
2026-03-01,2026-02-01,12.5,STATE,Ekiti,Ekiti,Ekiti,South West,FALSE,17269.99,NGN per refill,Average of Feb-26,FALSE,,12.5KG,2,LPG_Report_Feb-March_2026.zip,GAS Price Watch March_2026_table.xlsx,Sheet1,40,13,M40
2026-03-01,2026-02-01,12.5,STATE,Enugu,Enugu,Enugu,South East,FALSE,18372.79,NGN per refill,Average of Feb-26,FALSE,,12.5KG,2,LPG_Report_Feb-March_2026.zip,GAS Price Watch March_2026_table.xlsx,Sheet1,30,13,M30
2026-03-01,2026-02-01,12.5,STATE,Gombe,Gombe,Gombe,North East,FALSE,16550.66,NGN per refill,Average of Feb-26,FALSE,,12.5KG,2,LPG_Report_Feb-March_2026.zip,GAS Price Watch March_2026_table.xlsx,Sheet1,15,13,M15
2026-03-01,2026-02-01,12.5,STATE,Imo,Imo,Imo,South East,FALSE,16173.38,NGN per refill,Average of Feb-26,FALSE,,12.5KG,2,LPG_Report_Feb-March_2026.zip,GAS Price Watch March_2026_table.xlsx,Sheet1,31,13,M31
2026-03-01,2026-02-01,12.5,STATE,Jigawa,Jigawa,Jigawa,North West,FALSE,19053.17,NGN per refill,Average of Feb-26,FALSE,,12.5KG,2,LPG_Report_Feb-March_2026.zip,GAS Price Watch March_2026_table.xlsx,Sheet1,19,13,M19
2026-03-01,2026-02-01,12.5,STATE,Kaduna,Kaduna,Kaduna,North West,FALSE,18855.25,NGN per refill,Average of Feb-26,FALSE,,12.5KG,2,LPG_Report_Feb-March_2026.zip,GAS Price Watch March_2026_table.xlsx,Sheet1,20,13,M20
2026-03-01,2026-02-01,12.5,STATE,Kano,Kano,Kano,North West,FALSE,16597.56,NGN per refill,Average of Feb-26,FALSE,,12.5KG,2,LPG_Report_Feb-March_2026.zip,GAS Price Watch March_2026_table.xlsx,Sheet1,21,13,M21
2026-03-01,2026-02-01,12.5,STATE,Katsina,Katsina,Katsina,North West,FALSE,16268.35,NGN per refill,Average of Feb-26,FALSE,,12.5KG,2,LPG_Report_Feb-March_2026.zip,GAS Price Watch March_2026_table.xlsx,Sheet1,22,13,M22
2026-03-01,2026-02-01,12.5,STATE,Kebbi,Kebbi,Kebbi,North West,FALSE,16887.12,NGN per refill,Average of Feb-26,FALSE,,12.5KG,2,LPG_Report_Feb-March_2026.zip,GAS Price Watch March_2026_table.xlsx,Sheet1,23,13,M23
2026-03-01,2026-02-01,12.5,STATE,Kogi,Kogi,Kogi,North Central,FALSE,17571.29,NGN per refill,Average of Feb-26,FALSE,,12.5KG,2,LPG_Report_Feb-March_2026.zip,GAS Price Watch March_2026_table.xlsx,Sheet1,6,13,M6
2026-03-01,2026-02-01,12.5,STATE,Kwara,Kwara,Kwara,North Central,FALSE,17373.53,NGN per refill,Average of Feb-26,FALSE,,12.5KG,2,LPG_Report_Feb-March_2026.zip,GAS Price Watch March_2026_table.xlsx,Sheet1,7,13,M7
2026-03-01,2026-02-01,12.5,STATE,Lagos,Lagos,Lagos,South West,FALSE,18098.73,NGN per refill,Average of Feb-26,FALSE,,12.5KG,2,LPG_Report_Feb-March_2026.zip,GAS Price Watch March_2026_table.xlsx,Sheet1,41,13,M41
2026-03-01,2026-02-01,12.5,STATE,Nasarawa,Nasarawa,Nasarawa,North Central,FALSE,17601.7,NGN per refill,Average of Feb-26,FALSE,,12.5KG,2,LPG_Report_Feb-March_2026.zip,GAS Price Watch March_2026_table.xlsx,Sheet1,8,13,M8
2026-03-01,2026-02-01,12.5,STATE,Niger,Niger,Niger,North Central,FALSE,16392.2,NGN per refill,Average of Feb-26,FALSE,,12.5KG,2,LPG_Report_Feb-March_2026.zip,GAS Price Watch March_2026_table.xlsx,Sheet1,9,13,M9
2026-03-01,2026-02-01,12.5,STATE,Ogun,Ogun,Ogun,South West,FALSE,16824.59,NGN per refill,Average of Feb-26,FALSE,,12.5KG,2,LPG_Report_Feb-March_2026.zip,GAS Price Watch March_2026_table.xlsx,Sheet1,42,13,M42
2026-03-01,2026-02-01,12.5,STATE,Ondo,Ondo,Ondo,South West,FALSE,16847.49,NGN per refill,Average of Feb-26,FALSE,,12.5KG,2,LPG_Report_Feb-March_2026.zip,GAS Price Watch March_2026_table.xlsx,Sheet1,43,13,M43
2026-03-01,2026-02-01,12.5,STATE,Osun,Osun,Osun,South West,FALSE,17683.74,NGN per refill,Average of Feb-26,FALSE,,12.5KG,2,LPG_Report_Feb-March_2026.zip,GAS Price Watch March_2026_table.xlsx,Sheet1,44,13,M44
2026-03-01,2026-02-01,12.5,STATE,Oyo,Oyo,Oyo,South West,FALSE,17392.38,NGN per refill,Average of Feb-26,FALSE,,12.5KG,2,LPG_Report_Feb-March_2026.zip,GAS Price Watch March_2026_table.xlsx,Sheet1,45,13,M45
2026-03-01,2026-02-01,12.5,STATE,Plateau,Plateau,Plateau,North Central,FALSE,17660.23,NGN per refill,Average of Feb-26,FALSE,,12.5KG,2,LPG_Report_Feb-March_2026.zip,GAS Price Watch March_2026_table.xlsx,Sheet1,10,13,M10
2026-03-01,2026-02-01,12.5,STATE,Rivers,Rivers,Rivers,South South,FALSE,16266.44,NGN per refill,Average of Feb-26,FALSE,,12.5KG,2,LPG_Report_Feb-March_2026.zip,GAS Price Watch March_2026_table.xlsx,Sheet1,38,13,M38
2026-03-01,2026-02-01,12.5,STATE,Sokoto,Sokoto,Sokoto,North West,FALSE,16386.27,NGN per refill,Average of Feb-26,FALSE,,12.5KG,2,LPG_Report_Feb-March_2026.zip,GAS Price Watch March_2026_table.xlsx,Sheet1,24,13,M24
2026-03-01,2026-02-01,12.5,STATE,Taraba,Taraba,Taraba,North East,FALSE,17944.44,NGN per refill,Average of Feb-26,FALSE,,12.5KG,2,LPG_Report_Feb-March_2026.zip,GAS Price Watch March_2026_table.xlsx,Sheet1,16,13,M16
2026-03-01,2026-02-01,12.5,STATE,Yobe,Yobe,Yobe,North East,FALSE,17912.93,NGN per refill,Average of Feb-26,FALSE,,12.5KG,2,LPG_Report_Feb-March_2026.zip,GAS Price Watch March_2026_table.xlsx,Sheet1,17,13,M17
2026-03-01,2026-02-01,12.5,STATE,Zamfara,Zamfara,Zamfara,North West,FALSE,17552.44,NGN per refill,Average of Feb-26,FALSE,,12.5KG,2,LPG_Report_Feb-March_2026.zip,GAS Price Watch March_2026_table.xlsx,Sheet1,25,13,M25
2026-03-01,2026-02-01,12.5,ZONE,North Central,NORTH CENTRAL,,North Central,TRUE,17040.4485714286,NGN per refill,Average of Feb-26,FALSE,,12.5KG,2,LPG_Report_Feb-March_2026.zip,GAS Price Watch March_2026_table.xlsx,Sheet1,3,13,M3
2026-03-01,2026-02-01,12.5,ZONE,North East,NORTH EAST,,North East,TRUE,17136.1066666667,NGN per refill,Average of Feb-26,FALSE,,12.5KG,2,LPG_Report_Feb-March_2026.zip,GAS Price Watch March_2026_table.xlsx,Sheet1,11,13,M11
2026-03-01,2026-02-01,12.5,ZONE,North West,NORTH WEST,,North West,TRUE,17371.4514285714,NGN per refill,Average of Feb-26,FALSE,,12.5KG,2,LPG_Report_Feb-March_2026.zip,GAS Price Watch March_2026_table.xlsx,Sheet1,18,13,M18
2026-03-01,2026-02-01,12.5,ZONE,South East,SOUTH EAST,,South East,TRUE,17082.234,NGN per refill,Average of Feb-26,FALSE,,12.5KG,2,LPG_Report_Feb-March_2026.zip,GAS Price Watch March_2026_table.xlsx,Sheet1,26,13,M26
2026-03-01,2026-02-01,12.5,ZONE,South South,SOUTH SOUTH,,South South,TRUE,15949.32,NGN per refill,Average of Feb-26,FALSE,,12.5KG,2,LPG_Report_Feb-March_2026.zip,GAS Price Watch March_2026_table.xlsx,Sheet1,32,13,M32
2026-03-01,2026-02-01,12.5,ZONE,South West,SOUTH WEST,,South West,TRUE,17352.82,NGN per refill,Average of Feb-26,FALSE,,12.5KG,2,LPG_Report_Feb-March_2026.zip,GAS Price Watch March_2026_table.xlsx,Sheet1,39,13,M39
2026-03-01,2026-02-01,12.5,NATIONAL,Nigeria,Grand Total,,,TRUE,16997.9445945946,NGN per refill,Average of Feb-26,FALSE,,12.5KG,2,LPG_Report_Feb-March_2026.zip,GAS Price Watch March_2026_table.xlsx,Sheet1,46,13,M46
2026-03-01,2026-03-01,5.0,STATE,Abia,Abia,Abia,South East,FALSE,7055.43245192675,NGN per refill,Average of Mar-26,TRUE,,5KG,2,LPG_Report_Feb-March_2026.zip,GAS Price Watch March_2026_table.xlsx,Sheet1,27,6,F27
2026-03-01,2026-03-01,5.0,STATE,Abuja,Abuja,Abuja,North Central,FALSE,7276.81365848959,NGN per refill,Average of Mar-26,TRUE,,5KG,2,LPG_Report_Feb-March_2026.zip,GAS Price Watch March_2026_table.xlsx,Sheet1,4,6,F4
2026-03-01,2026-03-01,5.0,STATE,Adamawa,Adamawa,Adamawa,North East,FALSE,8056.34277148964,NGN per refill,Average of Mar-26,TRUE,,5KG,2,LPG_Report_Feb-March_2026.zip,GAS Price Watch March_2026_table.xlsx,Sheet1,12,6,F12
2026-03-01,2026-03-01,5.0,STATE,Akwa Ibom,Akwa Ibom,Akwa Ibom,South South,FALSE,7126.69683824815,NGN per refill,Average of Mar-26,TRUE,,5KG,2,LPG_Report_Feb-March_2026.zip,GAS Price Watch March_2026_table.xlsx,Sheet1,33,6,F33
2026-03-01,2026-03-01,5.0,STATE,Anambra,Anambra,Anambra,South East,FALSE,6779.49701055779,NGN per refill,Average of Mar-26,TRUE,,5KG,2,LPG_Report_Feb-March_2026.zip,GAS Price Watch March_2026_table.xlsx,Sheet1,28,6,F28
2026-03-01,2026-03-01,5.0,STATE,Bauchi,Bauchi,Bauchi,North East,FALSE,6295.40119291,NGN per refill,Average of Mar-26,TRUE,,5KG,2,LPG_Report_Feb-March_2026.zip,GAS Price Watch March_2026_table.xlsx,Sheet1,13,6,F13
2026-03-01,2026-03-01,5.0,STATE,Bayelsa,Bayelsa,Bayelsa,South South,FALSE,7266.7660497564,NGN per refill,Average of Mar-26,TRUE,,5KG,2,LPG_Report_Feb-March_2026.zip,GAS Price Watch March_2026_table.xlsx,Sheet1,34,6,F34
2026-03-01,2026-03-01,5.0,STATE,Benue,Benue,Benue,North Central,FALSE,7709.00688575996,NGN per refill,Average of Mar-26,TRUE,,5KG,2,LPG_Report_Feb-March_2026.zip,GAS Price Watch March_2026_table.xlsx,Sheet1,5,6,F5
2026-03-01,2026-03-01,5.0,STATE,Borno,Borno,Borno,North East,FALSE,7965.22228467022,NGN per refill,Average of Mar-26,TRUE,,5KG,2,LPG_Report_Feb-March_2026.zip,GAS Price Watch March_2026_table.xlsx,Sheet1,14,6,F14
2026-03-01,2026-03-01,5.0,STATE,Cross River,Cross River,Cross River,South South,FALSE,7402.82565661342,NGN per refill,Average of Mar-26,TRUE,,5KG,2,LPG_Report_Feb-March_2026.zip,GAS Price Watch March_2026_table.xlsx,Sheet1,35,6,F35
2026-03-01,2026-03-01,5.0,STATE,Delta,Delta,Delta,South South,FALSE,7408.13757034864,NGN per refill,Average of Mar-26,TRUE,,5KG,2,LPG_Report_Feb-March_2026.zip,GAS Price Watch March_2026_table.xlsx,Sheet1,36,6,F36
2026-03-01,2026-03-01,5.0,STATE,Ebonyi,Ebonyi,Ebonyi,South East,FALSE,7347.0850989857,NGN per refill,Average of Mar-26,TRUE,,5KG,2,LPG_Report_Feb-March_2026.zip,GAS Price Watch March_2026_table.xlsx,Sheet1,29,6,F29
2026-03-01,2026-03-01,5.0,STATE,Edo,Edo,Edo,South South,FALSE,7305.4249141847,NGN per refill,Average of Mar-26,TRUE,,5KG,2,LPG_Report_Feb-March_2026.zip,GAS Price Watch March_2026_table.xlsx,Sheet1,37,6,F37
2026-03-01,2026-03-01,5.0,STATE,Ekiti,Ekiti,Ekiti,South West,FALSE,7689.44260345449,NGN per refill,Average of Mar-26,TRUE,,5KG,2,LPG_Report_Feb-March_2026.zip,GAS Price Watch March_2026_table.xlsx,Sheet1,40,6,F40
2026-03-01,2026-03-01,5.0,STATE,Enugu,Enugu,Enugu,South East,FALSE,8195.08867437149,NGN per refill,Average of Mar-26,TRUE,,5KG,2,LPG_Report_Feb-March_2026.zip,GAS Price Watch March_2026_table.xlsx,Sheet1,30,6,F30
2026-03-01,2026-03-01,5.0,STATE,Gombe,Gombe,Gombe,North East,FALSE,8064.21925949264,NGN per refill,Average of Mar-26,TRUE,,5KG,2,LPG_Report_Feb-March_2026.zip,GAS Price Watch March_2026_table.xlsx,Sheet1,15,6,F15
2026-03-01,2026-03-01,5.0,STATE,Imo,Imo,Imo,South East,FALSE,7488.15223321465,NGN per refill,Average of Mar-26,TRUE,,5KG,2,LPG_Report_Feb-March_2026.zip,GAS Price Watch March_2026_table.xlsx,Sheet1,31,6,F31
2026-03-01,2026-03-01,5.0,STATE,Jigawa,Jigawa,Jigawa,North West,FALSE,8102.68511698352,NGN per refill,Average of Mar-26,TRUE,,5KG,2,LPG_Report_Feb-March_2026.zip,GAS Price Watch March_2026_table.xlsx,Sheet1,19,6,F19
2026-03-01,2026-03-01,5.0,STATE,Kaduna,Kaduna,Kaduna,North West,FALSE,9212.20886447999,NGN per refill,Average of Mar-26,TRUE,,5KG,2,LPG_Report_Feb-March_2026.zip,GAS Price Watch March_2026_table.xlsx,Sheet1,20,6,F20
2026-03-01,2026-03-01,5.0,STATE,Kano,Kano,Kano,North West,FALSE,8158.03259752406,NGN per refill,Average of Mar-26,TRUE,,5KG,2,LPG_Report_Feb-March_2026.zip,GAS Price Watch March_2026_table.xlsx,Sheet1,21,6,F21
2026-03-01,2026-03-01,5.0,STATE,Katsina,Katsina,Katsina,North West,FALSE,8681.30331992897,NGN per refill,Average of Mar-26,TRUE,,5KG,2,LPG_Report_Feb-March_2026.zip,GAS Price Watch March_2026_table.xlsx,Sheet1,22,6,F22
2026-03-01,2026-03-01,5.0,STATE,Kebbi,Kebbi,Kebbi,North West,FALSE,7869.92961014291,NGN per refill,Average of Mar-26,TRUE,,5KG,2,LPG_Report_Feb-March_2026.zip,GAS Price Watch March_2026_table.xlsx,Sheet1,23,6,F23
2026-03-01,2026-03-01,5.0,STATE,Kogi,Kogi,Kogi,North Central,FALSE,7899.0699629334,NGN per refill,Average of Mar-26,TRUE,,5KG,2,LPG_Report_Feb-March_2026.zip,GAS Price Watch March_2026_table.xlsx,Sheet1,6,6,F6
2026-03-01,2026-03-01,5.0,STATE,Kwara,Kwara,Kwara,North Central,FALSE,7266.15953234129,NGN per refill,Average of Mar-26,TRUE,,5KG,2,LPG_Report_Feb-March_2026.zip,GAS Price Watch March_2026_table.xlsx,Sheet1,7,6,F7
2026-03-01,2026-03-01,5.0,STATE,Lagos,Lagos,Lagos,South West,FALSE,8909.73073429708,NGN per refill,Average of Mar-26,TRUE,,5KG,2,LPG_Report_Feb-March_2026.zip,GAS Price Watch March_2026_table.xlsx,Sheet1,41,6,F41
2026-03-01,2026-03-01,5.0,STATE,Nasarawa,Nasarawa,Nasarawa,North Central,FALSE,8367.24682762476,NGN per refill,Average of Mar-26,TRUE,,5KG,2,LPG_Report_Feb-March_2026.zip,GAS Price Watch March_2026_table.xlsx,Sheet1,8,6,F8
2026-03-01,2026-03-01,5.0,STATE,Niger,Niger,Niger,North Central,FALSE,7661.39569596715,NGN per refill,Average of Mar-26,TRUE,,5KG,2,LPG_Report_Feb-March_2026.zip,GAS Price Watch March_2026_table.xlsx,Sheet1,9,6,F9
2026-03-01,2026-03-01,5.0,STATE,Ogun,Ogun,Ogun,South West,FALSE,7509.96587111791,NGN per refill,Average of Mar-26,TRUE,,5KG,2,LPG_Report_Feb-March_2026.zip,GAS Price Watch March_2026_table.xlsx,Sheet1,42,6,F42
2026-03-01,2026-03-01,5.0,STATE,Ondo,Ondo,Ondo,South West,FALSE,6598.09835961209,NGN per refill,Average of Mar-26,TRUE,,5KG,2,LPG_Report_Feb-March_2026.zip,GAS Price Watch March_2026_table.xlsx,Sheet1,43,6,F43
2026-03-01,2026-03-01,5.0,STATE,Osun,Osun,Osun,South West,FALSE,6457.35288010168,NGN per refill,Average of Mar-26,TRUE,,5KG,2,LPG_Report_Feb-March_2026.zip,GAS Price Watch March_2026_table.xlsx,Sheet1,44,6,F44
2026-03-01,2026-03-01,5.0,STATE,Oyo,Oyo,Oyo,South West,FALSE,7463.32194848429,NGN per refill,Average of Mar-26,TRUE,,5KG,2,LPG_Report_Feb-March_2026.zip,GAS Price Watch March_2026_table.xlsx,Sheet1,45,6,F45
2026-03-01,2026-03-01,5.0,STATE,Plateau,Plateau,Plateau,North Central,FALSE,7475.51928203804,NGN per refill,Average of Mar-26,TRUE,,5KG,2,LPG_Report_Feb-March_2026.zip,GAS Price Watch March_2026_table.xlsx,Sheet1,10,6,F10
2026-03-01,2026-03-01,5.0,STATE,Rivers,Rivers,Rivers,South South,FALSE,7295.83045049638,NGN per refill,Average of Mar-26,TRUE,,5KG,2,LPG_Report_Feb-March_2026.zip,GAS Price Watch March_2026_table.xlsx,Sheet1,38,6,F38
2026-03-01,2026-03-01,5.0,STATE,Sokoto,Sokoto,Sokoto,North West,FALSE,7579.78768512234,NGN per refill,Average of Mar-26,TRUE,,5KG,2,LPG_Report_Feb-March_2026.zip,GAS Price Watch March_2026_table.xlsx,Sheet1,24,6,F24
2026-03-01,2026-03-01,5.0,STATE,Taraba,Taraba,Taraba,North East,FALSE,8802.77836523266,NGN per refill,Average of Mar-26,TRUE,,5KG,2,LPG_Report_Feb-March_2026.zip,GAS Price Watch March_2026_table.xlsx,Sheet1,16,6,F16
2026-03-01,2026-03-01,5.0,STATE,Yobe,Yobe,Yobe,North East,FALSE,8159.20778607373,NGN per refill,Average of Mar-26,TRUE,,5KG,2,LPG_Report_Feb-March_2026.zip,GAS Price Watch March_2026_table.xlsx,Sheet1,17,6,F17
2026-03-01,2026-03-01,5.0,STATE,Zamfara,Zamfara,Zamfara,North West,FALSE,7360.70518368988,NGN per refill,Average of Mar-26,TRUE,,5KG,2,LPG_Report_Feb-March_2026.zip,GAS Price Watch March_2026_table.xlsx,Sheet1,25,6,F25
2026-03-01,2026-03-01,5.0,ZONE,North Central,NORTH CENTRAL,,North Central,TRUE,7665.03026359346,NGN per refill,Average of Mar-26,TRUE,,5KG,2,LPG_Report_Feb-March_2026.zip,GAS Price Watch March_2026_table.xlsx,Sheet1,3,6,F3
2026-03-01,2026-03-01,5.0,ZONE,North East,NORTH EAST,,North East,TRUE,7890.52860997815,NGN per refill,Average of Mar-26,TRUE,,5KG,2,LPG_Report_Feb-March_2026.zip,GAS Price Watch March_2026_table.xlsx,Sheet1,11,6,F11
2026-03-01,2026-03-01,5.0,ZONE,North West,NORTH WEST,,North West,TRUE,8137.80748255309,NGN per refill,Average of Mar-26,TRUE,,5KG,2,LPG_Report_Feb-March_2026.zip,GAS Price Watch March_2026_table.xlsx,Sheet1,18,6,F18
2026-03-01,2026-03-01,5.0,ZONE,South East,SOUTH EAST,,South East,TRUE,7373.05109381128,NGN per refill,Average of Mar-26,TRUE,,5KG,2,LPG_Report_Feb-March_2026.zip,GAS Price Watch March_2026_table.xlsx,Sheet1,26,6,F26
2026-03-01,2026-03-01,5.0,ZONE,South South,SOUTH SOUTH,,South South,TRUE,7300.94691327462,NGN per refill,Average of Mar-26,TRUE,,5KG,2,LPG_Report_Feb-March_2026.zip,GAS Price Watch March_2026_table.xlsx,Sheet1,32,6,F32
2026-03-01,2026-03-01,5.0,ZONE,South West,SOUTH WEST,,South West,TRUE,7437.98539951126,NGN per refill,Average of Mar-26,TRUE,,5KG,2,LPG_Report_Feb-March_2026.zip,GAS Price Watch March_2026_table.xlsx,Sheet1,39,6,F39
2026-03-01,2026-03-01,5.0,NATIONAL,Nigeria,Grand Total,,,TRUE,7655.7266278018,NGN per refill,Average of Mar-26,TRUE,,5KG,2,LPG_Report_Feb-March_2026.zip,GAS Price Watch March_2026_table.xlsx,Sheet1,46,6,F46
2026-03-01,2026-03-01,12.5,STATE,Abia,Abia,Abia,South East,FALSE,17638.5811298169,NGN per refill,Average of Mar-26,TRUE,,12.5KG,2,LPG_Report_Feb-March_2026.zip,GAS Price Watch March_2026_table.xlsx,Sheet1,27,14,N27
2026-03-01,2026-03-01,12.5,STATE,Abuja,Abuja,Abuja,North Central,FALSE,18942.034146224,NGN per refill,Average of Mar-26,TRUE,,12.5KG,2,LPG_Report_Feb-March_2026.zip,GAS Price Watch March_2026_table.xlsx,Sheet1,4,14,N4
2026-03-01,2026-03-01,12.5,STATE,Adamawa,Adamawa,Adamawa,North East,FALSE,21390.8569287241,NGN per refill,Average of Mar-26,TRUE,,12.5KG,2,LPG_Report_Feb-March_2026.zip,GAS Price Watch March_2026_table.xlsx,Sheet1,12,14,N12
2026-03-01,2026-03-01,12.5,STATE,Akwa Ibom,Akwa Ibom,Akwa Ibom,South South,FALSE,22816.7420956204,NGN per refill,Average of Mar-26,TRUE,,12.5KG,2,LPG_Report_Feb-March_2026.zip,GAS Price Watch March_2026_table.xlsx,Sheet1,33,14,N33
2026-03-01,2026-03-01,12.5,STATE,Anambra,Anambra,Anambra,South East,FALSE,16948.7425263945,NGN per refill,Average of Mar-26,TRUE,,12.5KG,2,LPG_Report_Feb-March_2026.zip,GAS Price Watch March_2026_table.xlsx,Sheet1,28,14,N28
2026-03-01,2026-03-01,12.5,STATE,Bauchi,Bauchi,Bauchi,North East,FALSE,15738.502982275,NGN per refill,Average of Mar-26,TRUE,,12.5KG,2,LPG_Report_Feb-March_2026.zip,GAS Price Watch March_2026_table.xlsx,Sheet1,13,14,N13
2026-03-01,2026-03-01,12.5,STATE,Bayelsa,Bayelsa,Bayelsa,South South,FALSE,20166.915124391,NGN per refill,Average of Mar-26,TRUE,,12.5KG,2,LPG_Report_Feb-March_2026.zip,GAS Price Watch March_2026_table.xlsx,Sheet1,34,14,N34
2026-03-01,2026-03-01,12.5,STATE,Benue,Benue,Benue,North Central,FALSE,19272.5172143999,NGN per refill,Average of Mar-26,TRUE,,12.5KG,2,LPG_Report_Feb-March_2026.zip,GAS Price Watch March_2026_table.xlsx,Sheet1,5,14,N5
2026-03-01,2026-03-01,12.5,STATE,Borno,Borno,Borno,North East,FALSE,22413.0557116755,NGN per refill,Average of Mar-26,TRUE,,12.5KG,2,LPG_Report_Feb-March_2026.zip,GAS Price Watch March_2026_table.xlsx,Sheet1,14,14,N14
2026-03-01,2026-03-01,12.5,STATE,Cross River,Cross River,Cross River,South South,FALSE,18507.0641415335,NGN per refill,Average of Mar-26,TRUE,,12.5KG,2,LPG_Report_Feb-March_2026.zip,GAS Price Watch March_2026_table.xlsx,Sheet1,35,14,N35
2026-03-01,2026-03-01,12.5,STATE,Delta,Delta,Delta,South South,FALSE,18520.3439258716,NGN per refill,Average of Mar-26,TRUE,,12.5KG,2,LPG_Report_Feb-March_2026.zip,GAS Price Watch March_2026_table.xlsx,Sheet1,36,14,N36
2026-03-01,2026-03-01,12.5,STATE,Ebonyi,Ebonyi,Ebonyi,South East,FALSE,18367.7127474643,NGN per refill,Average of Mar-26,TRUE,,12.5KG,2,LPG_Report_Feb-March_2026.zip,GAS Price Watch March_2026_table.xlsx,Sheet1,29,14,N29
2026-03-01,2026-03-01,12.5,STATE,Edo,Edo,Edo,South South,FALSE,18263.5622854618,NGN per refill,Average of Mar-26,TRUE,,12.5KG,2,LPG_Report_Feb-March_2026.zip,GAS Price Watch March_2026_table.xlsx,Sheet1,37,14,N37
2026-03-01,2026-03-01,12.5,STATE,Ekiti,Ekiti,Ekiti,South West,FALSE,19223.6065086362,NGN per refill,Average of Mar-26,TRUE,,12.5KG,2,LPG_Report_Feb-March_2026.zip,GAS Price Watch March_2026_table.xlsx,Sheet1,40,14,N40
2026-03-01,2026-03-01,12.5,STATE,Enugu,Enugu,Enugu,South East,FALSE,20487.7216859287,NGN per refill,Average of Mar-26,TRUE,,12.5KG,2,LPG_Report_Feb-March_2026.zip,GAS Price Watch March_2026_table.xlsx,Sheet1,30,14,N30
2026-03-01,2026-03-01,12.5,STATE,Gombe,Gombe,Gombe,North East,FALSE,20160.5481487316,NGN per refill,Average of Mar-26,TRUE,,12.5KG,2,LPG_Report_Feb-March_2026.zip,GAS Price Watch March_2026_table.xlsx,Sheet1,15,14,N15
2026-03-01,2026-03-01,12.5,STATE,Imo,Imo,Imo,South East,FALSE,18720.3805830366,NGN per refill,Average of Mar-26,TRUE,,12.5KG,2,LPG_Report_Feb-March_2026.zip,GAS Price Watch March_2026_table.xlsx,Sheet1,31,14,N31
2026-03-01,2026-03-01,12.5,STATE,Jigawa,Jigawa,Jigawa,North West,FALSE,20256.7127924588,NGN per refill,Average of Mar-26,TRUE,,12.5KG,2,LPG_Report_Feb-March_2026.zip,GAS Price Watch March_2026_table.xlsx,Sheet1,19,14,N19
2026-03-01,2026-03-01,12.5,STATE,Kaduna,Kaduna,Kaduna,North West,FALSE,23030.5221612,NGN per refill,Average of Mar-26,TRUE,,12.5KG,2,LPG_Report_Feb-March_2026.zip,GAS Price Watch March_2026_table.xlsx,Sheet1,20,14,N20
2026-03-01,2026-03-01,12.5,STATE,Kano,Kano,Kano,North West,FALSE,20395.0814938102,NGN per refill,Average of Mar-26,TRUE,,12.5KG,2,LPG_Report_Feb-March_2026.zip,GAS Price Watch March_2026_table.xlsx,Sheet1,21,14,N21
2026-03-01,2026-03-01,12.5,STATE,Katsina,Katsina,Katsina,North West,FALSE,21703.2582998224,NGN per refill,Average of Mar-26,TRUE,,12.5KG,2,LPG_Report_Feb-March_2026.zip,GAS Price Watch March_2026_table.xlsx,Sheet1,22,14,N22
2026-03-01,2026-03-01,12.5,STATE,Kebbi,Kebbi,Kebbi,North West,FALSE,19674.8240253573,NGN per refill,Average of Mar-26,TRUE,,12.5KG,2,LPG_Report_Feb-March_2026.zip,GAS Price Watch March_2026_table.xlsx,Sheet1,23,14,N23
2026-03-01,2026-03-01,12.5,STATE,Kogi,Kogi,Kogi,North Central,FALSE,19747.6749073335,NGN per refill,Average of Mar-26,TRUE,,12.5KG,2,LPG_Report_Feb-March_2026.zip,GAS Price Watch March_2026_table.xlsx,Sheet1,6,14,N6
2026-03-01,2026-03-01,12.5,STATE,Kwara,Kwara,Kwara,North Central,FALSE,18165.3988308532,NGN per refill,Average of Mar-26,TRUE,,12.5KG,2,LPG_Report_Feb-March_2026.zip,GAS Price Watch March_2026_table.xlsx,Sheet1,7,14,N7
2026-03-01,2026-03-01,12.5,STATE,Lagos,Lagos,Lagos,South West,FALSE,22274.3268357427,NGN per refill,Average of Mar-26,TRUE,,12.5KG,2,LPG_Report_Feb-March_2026.zip,GAS Price Watch March_2026_table.xlsx,Sheet1,41,14,N41
2026-03-01,2026-03-01,12.5,STATE,Nasarawa,Nasarawa,Nasarawa,North Central,FALSE,23418.1170690619,NGN per refill,Average of Mar-26,TRUE,,12.5KG,2,LPG_Report_Feb-March_2026.zip,GAS Price Watch March_2026_table.xlsx,Sheet1,8,14,N8
2026-03-01,2026-03-01,12.5,STATE,Niger,Niger,Niger,North Central,FALSE,21653.4892399179,NGN per refill,Average of Mar-26,TRUE,,12.5KG,2,LPG_Report_Feb-March_2026.zip,GAS Price Watch March_2026_table.xlsx,Sheet1,9,14,N9
2026-03-01,2026-03-01,12.5,STATE,Ogun,Ogun,Ogun,South West,FALSE,18774.9146777948,NGN per refill,Average of Mar-26,TRUE,,12.5KG,2,LPG_Report_Feb-March_2026.zip,GAS Price Watch March_2026_table.xlsx,Sheet1,42,14,N42
2026-03-01,2026-03-01,12.5,STATE,Ondo,Ondo,Ondo,South West,FALSE,16495.2458990302,NGN per refill,Average of Mar-26,TRUE,,12.5KG,2,LPG_Report_Feb-March_2026.zip,GAS Price Watch March_2026_table.xlsx,Sheet1,43,14,N43
2026-03-01,2026-03-01,12.5,STATE,Osun,Osun,Osun,South West,FALSE,16143.3822002542,NGN per refill,Average of Mar-26,TRUE,,12.5KG,2,LPG_Report_Feb-March_2026.zip,GAS Price Watch March_2026_table.xlsx,Sheet1,44,14,N44
2026-03-01,2026-03-01,12.5,STATE,Oyo,Oyo,Oyo,South West,FALSE,18658.3048712107,NGN per refill,Average of Mar-26,TRUE,,12.5KG,2,LPG_Report_Feb-March_2026.zip,GAS Price Watch March_2026_table.xlsx,Sheet1,45,14,N45
2026-03-01,2026-03-01,12.5,STATE,Plateau,Plateau,Plateau,North Central,FALSE,18688.7982050951,NGN per refill,Average of Mar-26,TRUE,,12.5KG,2,LPG_Report_Feb-March_2026.zip,GAS Price Watch March_2026_table.xlsx,Sheet1,10,14,N10
2026-03-01,2026-03-01,12.5,STATE,Rivers,Rivers,Rivers,South South,FALSE,18239.5761262409,NGN per refill,Average of Mar-26,TRUE,,12.5KG,2,LPG_Report_Feb-March_2026.zip,GAS Price Watch March_2026_table.xlsx,Sheet1,38,14,N38
2026-03-01,2026-03-01,12.5,STATE,Sokoto,Sokoto,Sokoto,North West,FALSE,18949.4692128058,NGN per refill,Average of Mar-26,TRUE,,12.5KG,2,LPG_Report_Feb-March_2026.zip,GAS Price Watch March_2026_table.xlsx,Sheet1,24,14,N24
2026-03-01,2026-03-01,12.5,STATE,Taraba,Taraba,Taraba,North East,FALSE,22006.9459130816,NGN per refill,Average of Mar-26,TRUE,,12.5KG,2,LPG_Report_Feb-March_2026.zip,GAS Price Watch March_2026_table.xlsx,Sheet1,16,14,N16
2026-03-01,2026-03-01,12.5,STATE,Yobe,Yobe,Yobe,North East,FALSE,20398.0194651843,NGN per refill,Average of Mar-26,TRUE,,12.5KG,2,LPG_Report_Feb-March_2026.zip,GAS Price Watch March_2026_table.xlsx,Sheet1,17,14,N17
2026-03-01,2026-03-01,12.5,STATE,Zamfara,Zamfara,Zamfara,North West,FALSE,20901.7629592247,NGN per refill,Average of Mar-26,TRUE,,12.5KG,2,LPG_Report_Feb-March_2026.zip,GAS Price Watch March_2026_table.xlsx,Sheet1,25,14,N25
2026-03-01,2026-03-01,12.5,ZONE,North Central,NORTH CENTRAL,,North Central,TRUE,19984.0042304122,NGN per refill,Average of Mar-26,TRUE,,12.5KG,2,LPG_Report_Feb-March_2026.zip,GAS Price Watch March_2026_table.xlsx,Sheet1,3,14,N3
2026-03-01,2026-03-01,12.5,ZONE,North East,NORTH EAST,,North East,TRUE,20351.3215249454,NGN per refill,Average of Mar-26,TRUE,,12.5KG,2,LPG_Report_Feb-March_2026.zip,GAS Price Watch March_2026_table.xlsx,Sheet1,11,14,N11
2026-03-01,2026-03-01,12.5,ZONE,North West,NORTH WEST,,North West,TRUE,20701.6615635256,NGN per refill,Average of Mar-26,TRUE,,12.5KG,2,LPG_Report_Feb-March_2026.zip,GAS Price Watch March_2026_table.xlsx,Sheet1,18,14,N18
2026-03-01,2026-03-01,12.5,ZONE,South East,SOUTH EAST,,South East,TRUE,18432.6277345282,NGN per refill,Average of Mar-26,TRUE,,12.5KG,2,LPG_Report_Feb-March_2026.zip,GAS Price Watch March_2026_table.xlsx,Sheet1,26,14,N26
2026-03-01,2026-03-01,12.5,ZONE,South South,SOUTH SOUTH,,South South,TRUE,19419.0339498532,NGN per refill,Average of Mar-26,TRUE,,12.5KG,2,LPG_Report_Feb-March_2026.zip,GAS Price Watch March_2026_table.xlsx,Sheet1,32,14,N32
2026-03-01,2026-03-01,12.5,ZONE,South West,SOUTH WEST,,South West,TRUE,18594.9634987781,NGN per refill,Average of Mar-26,TRUE,,12.5KG,2,LPG_Report_Feb-March_2026.zip,GAS Price Watch March_2026_table.xlsx,Sheet1,39,14,N39
2026-03-01,2026-03-01,12.5,NATIONAL,Nigeria,Grand Total,,,TRUE,19652.830083018,NGN per refill,Average of Mar-26,TRUE,,12.5KG,2,LPG_Report_Feb-March_2026.zip,GAS Price Watch March_2026_table.xlsx,Sheet1,46,14,N46
2026-04-01,2025-04-01,5.0,STATE,Abia,Abia,Abia,South East,FALSE,8219.680191056961,NGN per refill,Average of Apr-25,FALSE,,5KG,2,LPG_Report_APR26.zip,GAS PRICE WATCH APRIL 2026_table.xlsx,Sheet1,27,4,D27
2026-04-01,2025-04-01,5.0,STATE,Abuja,Abuja,Abuja,North Central,FALSE,7699.443104,NGN per refill,Average of Apr-25,FALSE,,5KG,2,LPG_Report_APR26.zip,GAS PRICE WATCH APRIL 2026_table.xlsx,Sheet1,4,4,D4
2026-04-01,2025-04-01,5.0,STATE,Adamawa,Adamawa,Adamawa,North East,FALSE,8040.60666666668,NGN per refill,Average of Apr-25,FALSE,,5KG,2,LPG_Report_APR26.zip,GAS PRICE WATCH APRIL 2026_table.xlsx,Sheet1,12,4,D12
2026-04-01,2025-04-01,5.0,STATE,Akwa Ibom,Akwa Ibom,Akwa Ibom,South South,FALSE,8655.593700000001,NGN per refill,Average of Apr-25,FALSE,,5KG,2,LPG_Report_APR26.zip,GAS PRICE WATCH APRIL 2026_table.xlsx,Sheet1,33,4,D33
2026-04-01,2025-04-01,5.0,STATE,Anambra,Anambra,Anambra,South East,FALSE,8397.852399266681,NGN per refill,Average of Apr-25,FALSE,,5KG,2,LPG_Report_APR26.zip,GAS PRICE WATCH APRIL 2026_table.xlsx,Sheet1,28,4,D28
2026-04-01,2025-04-01,5.0,STATE,Bauchi,Bauchi,Bauchi,North East,FALSE,8068.725,NGN per refill,Average of Apr-25,FALSE,,5KG,2,LPG_Report_APR26.zip,GAS PRICE WATCH APRIL 2026_table.xlsx,Sheet1,13,4,D13
2026-04-01,2025-04-01,5.0,STATE,Bayelsa,Bayelsa,Bayelsa,South South,FALSE,8590.604,NGN per refill,Average of Apr-25,FALSE,,5KG,2,LPG_Report_APR26.zip,GAS PRICE WATCH APRIL 2026_table.xlsx,Sheet1,34,4,D34
2026-04-01,2025-04-01,5.0,STATE,Benue,Benue,Benue,North Central,FALSE,8097.66713846152,NGN per refill,Average of Apr-25,FALSE,,5KG,2,LPG_Report_APR26.zip,GAS PRICE WATCH APRIL 2026_table.xlsx,Sheet1,5,4,D5
2026-04-01,2025-04-01,5.0,STATE,Borno,Borno,Borno,North East,FALSE,7512.28973333332,NGN per refill,Average of Apr-25,FALSE,,5KG,2,LPG_Report_APR26.zip,GAS PRICE WATCH APRIL 2026_table.xlsx,Sheet1,14,4,D14
2026-04-01,2025-04-01,5.0,STATE,Cross River,Cross River,Cross River,South South,FALSE,8442.245600000002,NGN per refill,Average of Apr-25,FALSE,,5KG,2,LPG_Report_APR26.zip,GAS PRICE WATCH APRIL 2026_table.xlsx,Sheet1,35,4,D35
2026-04-01,2025-04-01,5.0,STATE,Delta,Delta,Delta,South South,FALSE,8132.68053333332,NGN per refill,Average of Apr-25,FALSE,,5KG,2,LPG_Report_APR26.zip,GAS PRICE WATCH APRIL 2026_table.xlsx,Sheet1,36,4,D36
2026-04-01,2025-04-01,5.0,STATE,Ebonyi,Ebonyi,Ebonyi,South East,FALSE,8867.23582584,NGN per refill,Average of Apr-25,FALSE,,5KG,2,LPG_Report_APR26.zip,GAS PRICE WATCH APRIL 2026_table.xlsx,Sheet1,29,4,D29
2026-04-01,2025-04-01,5.0,STATE,Edo,Edo,Edo,South South,FALSE,7761.74506666668,NGN per refill,Average of Apr-25,FALSE,,5KG,2,LPG_Report_APR26.zip,GAS PRICE WATCH APRIL 2026_table.xlsx,Sheet1,37,4,D37
2026-04-01,2025-04-01,5.0,STATE,Ekiti,Ekiti,Ekiti,South West,FALSE,7299.920692,NGN per refill,Average of Apr-25,FALSE,,5KG,2,LPG_Report_APR26.zip,GAS PRICE WATCH APRIL 2026_table.xlsx,Sheet1,40,4,D40
2026-04-01,2025-04-01,5.0,STATE,Enugu,Enugu,Enugu,South East,FALSE,8096.2073,NGN per refill,Average of Apr-25,FALSE,,5KG,2,LPG_Report_APR26.zip,GAS PRICE WATCH APRIL 2026_table.xlsx,Sheet1,30,4,D30
2026-04-01,2025-04-01,5.0,STATE,Gombe,Gombe,Gombe,North East,FALSE,8175.370762,NGN per refill,Average of Apr-25,FALSE,,5KG,2,LPG_Report_APR26.zip,GAS PRICE WATCH APRIL 2026_table.xlsx,Sheet1,15,4,D15
2026-04-01,2025-04-01,5.0,STATE,Imo,Imo,Imo,South East,FALSE,8175.49357333332,NGN per refill,Average of Apr-25,FALSE,,5KG,2,LPG_Report_APR26.zip,GAS PRICE WATCH APRIL 2026_table.xlsx,Sheet1,31,4,D31
2026-04-01,2025-04-01,5.0,STATE,Jigawa,Jigawa,Jigawa,North West,FALSE,7268.41611111112,NGN per refill,Average of Apr-25,FALSE,,5KG,2,LPG_Report_APR26.zip,GAS PRICE WATCH APRIL 2026_table.xlsx,Sheet1,19,4,D19
2026-04-01,2025-04-01,5.0,STATE,Kaduna,Kaduna,Kaduna,North West,FALSE,8153.67656,NGN per refill,Average of Apr-25,FALSE,,5KG,2,LPG_Report_APR26.zip,GAS PRICE WATCH APRIL 2026_table.xlsx,Sheet1,20,4,D20
2026-04-01,2025-04-01,5.0,STATE,Kano,Kano,Kano,North West,FALSE,8419.96170666668,NGN per refill,Average of Apr-25,FALSE,,5KG,2,LPG_Report_APR26.zip,GAS PRICE WATCH APRIL 2026_table.xlsx,Sheet1,21,4,D21
2026-04-01,2025-04-01,5.0,STATE,Katsina,Katsina,Katsina,North West,FALSE,7177.52333333332,NGN per refill,Average of Apr-25,FALSE,,5KG,2,LPG_Report_APR26.zip,GAS PRICE WATCH APRIL 2026_table.xlsx,Sheet1,22,4,D22
2026-04-01,2025-04-01,5.0,STATE,Kebbi,Kebbi,Kebbi,North West,FALSE,7032.1088,NGN per refill,Average of Apr-25,FALSE,,5KG,2,LPG_Report_APR26.zip,GAS PRICE WATCH APRIL 2026_table.xlsx,Sheet1,23,4,D23
2026-04-01,2025-04-01,5.0,STATE,Kogi,Kogi,Kogi,North Central,FALSE,7595.2,NGN per refill,Average of Apr-25,FALSE,,5KG,2,LPG_Report_APR26.zip,GAS PRICE WATCH APRIL 2026_table.xlsx,Sheet1,6,4,D6
2026-04-01,2025-04-01,5.0,STATE,Kwara,Kwara,Kwara,North Central,FALSE,7369.469284022,NGN per refill,Average of Apr-25,FALSE,,5KG,2,LPG_Report_APR26.zip,GAS PRICE WATCH APRIL 2026_table.xlsx,Sheet1,7,4,D7
2026-04-01,2025-04-01,5.0,STATE,Lagos,Lagos,Lagos,South West,FALSE,7477.62346666667,NGN per refill,Average of Apr-25,FALSE,,5KG,2,LPG_Report_APR26.zip,GAS PRICE WATCH APRIL 2026_table.xlsx,Sheet1,41,4,D41
2026-04-01,2025-04-01,5.0,STATE,Nasarawa,Nasarawa,Nasarawa,North Central,FALSE,7242.7387304856,NGN per refill,Average of Apr-25,FALSE,,5KG,2,LPG_Report_APR26.zip,GAS PRICE WATCH APRIL 2026_table.xlsx,Sheet1,8,4,D8
2026-04-01,2025-04-01,5.0,STATE,Niger,Niger,Niger,North Central,FALSE,7006.14595354856,NGN per refill,Average of Apr-25,FALSE,,5KG,2,LPG_Report_APR26.zip,GAS PRICE WATCH APRIL 2026_table.xlsx,Sheet1,9,4,D9
2026-04-01,2025-04-01,5.0,STATE,Ogun,Ogun,Ogun,South West,FALSE,8177.2325,NGN per refill,Average of Apr-25,FALSE,,5KG,2,LPG_Report_APR26.zip,GAS PRICE WATCH APRIL 2026_table.xlsx,Sheet1,42,4,D42
2026-04-01,2025-04-01,5.0,STATE,Ondo,Ondo,Ondo,South West,FALSE,7257.52506666667,NGN per refill,Average of Apr-25,FALSE,,5KG,2,LPG_Report_APR26.zip,GAS PRICE WATCH APRIL 2026_table.xlsx,Sheet1,43,4,D43
2026-04-01,2025-04-01,5.0,STATE,Osun,Osun,Osun,South West,FALSE,8098.2444,NGN per refill,Average of Apr-25,FALSE,,5KG,2,LPG_Report_APR26.zip,GAS PRICE WATCH APRIL 2026_table.xlsx,Sheet1,44,4,D44
2026-04-01,2025-04-01,5.0,STATE,Oyo,Oyo,Oyo,South West,FALSE,7072.97485714286,NGN per refill,Average of Apr-25,FALSE,,5KG,2,LPG_Report_APR26.zip,GAS PRICE WATCH APRIL 2026_table.xlsx,Sheet1,45,4,D45
2026-04-01,2025-04-01,5.0,STATE,Plateau,Plateau,Plateau,North Central,FALSE,7014.86719299856,NGN per refill,Average of Apr-25,FALSE,,5KG,2,LPG_Report_APR26.zip,GAS PRICE WATCH APRIL 2026_table.xlsx,Sheet1,10,4,D10
2026-04-01,2025-04-01,5.0,STATE,Rivers,Rivers,Rivers,South South,FALSE,9103.8243,NGN per refill,Average of Apr-25,FALSE,,5KG,2,LPG_Report_APR26.zip,GAS PRICE WATCH APRIL 2026_table.xlsx,Sheet1,38,4,D38
2026-04-01,2025-04-01,5.0,STATE,Sokoto,Sokoto,Sokoto,North West,FALSE,8179.77,NGN per refill,Average of Apr-25,FALSE,,5KG,2,LPG_Report_APR26.zip,GAS PRICE WATCH APRIL 2026_table.xlsx,Sheet1,24,4,D24
2026-04-01,2025-04-01,5.0,STATE,Taraba,Taraba,Taraba,North East,FALSE,8404.106875,NGN per refill,Average of Apr-25,FALSE,,5KG,2,LPG_Report_APR26.zip,GAS PRICE WATCH APRIL 2026_table.xlsx,Sheet1,16,4,D16
2026-04-01,2025-04-01,5.0,STATE,Yobe,Yobe,Yobe,North East,FALSE,7395.466666666667,NGN per refill,Average of Apr-25,FALSE,,5KG,2,LPG_Report_APR26.zip,GAS PRICE WATCH APRIL 2026_table.xlsx,Sheet1,17,4,D17
2026-04-01,2025-04-01,5.0,STATE,Zamfara,Zamfara,Zamfara,North West,FALSE,8087.0316,NGN per refill,Average of Apr-25,FALSE,,5KG,2,LPG_Report_APR26.zip,GAS PRICE WATCH APRIL 2026_table.xlsx,Sheet1,25,4,D25
2026-04-01,2025-04-01,5.0,ZONE,North Central,NORTH CENTRAL,,North Central,TRUE,7432.218771930892,NGN per refill,Average of Apr-25,FALSE,,5KG,2,LPG_Report_APR26.zip,GAS PRICE WATCH APRIL 2026_table.xlsx,Sheet1,3,4,D3
2026-04-01,2025-04-01,5.0,ZONE,North East,NORTH EAST,,North East,TRUE,7932.760950611111,NGN per refill,Average of Apr-25,FALSE,,5KG,2,LPG_Report_APR26.zip,GAS PRICE WATCH APRIL 2026_table.xlsx,Sheet1,11,4,D11
2026-04-01,2025-04-01,5.0,ZONE,North West,NORTH WEST,,North West,TRUE,7759.784015873017,NGN per refill,Average of Apr-25,FALSE,,5KG,2,LPG_Report_APR26.zip,GAS PRICE WATCH APRIL 2026_table.xlsx,Sheet1,18,4,D18
2026-04-01,2025-04-01,5.0,ZONE,South East,SOUTH EAST,,South East,TRUE,8351.293857899393,NGN per refill,Average of Apr-25,FALSE,,5KG,2,LPG_Report_APR26.zip,GAS PRICE WATCH APRIL 2026_table.xlsx,Sheet1,26,4,D26
2026-04-01,2025-04-01,5.0,ZONE,South South,SOUTH SOUTH,,South South,TRUE,8447.7822,NGN per refill,Average of Apr-25,FALSE,,5KG,2,LPG_Report_APR26.zip,GAS PRICE WATCH APRIL 2026_table.xlsx,Sheet1,32,4,D32
2026-04-01,2025-04-01,5.0,ZONE,South West,SOUTH WEST,,South West,TRUE,7563.920163746032,NGN per refill,Average of Apr-25,FALSE,,5KG,2,LPG_Report_APR26.zip,GAS PRICE WATCH APRIL 2026_table.xlsx,Sheet1,39,4,D39
2026-04-01,2025-04-01,5.0,NATIONAL,Nigeria,Grand Total,,,TRUE,7885.601856493706,NGN per refill,Average of Apr-25,FALSE,,5KG,2,LPG_Report_APR26.zip,GAS PRICE WATCH APRIL 2026_table.xlsx,Sheet1,46,4,D46
2026-04-01,2025-04-01,12.5,STATE,Abia,Abia,Abia,South East,FALSE,20549.2004776424,NGN per refill,Average of Apr-25,FALSE,,12.5KG,2,LPG_Report_APR26.zip,GAS PRICE WATCH APRIL 2026_table.xlsx,Sheet1,27,12,L27
2026-04-01,2025-04-01,12.5,STATE,Abuja,Abuja,Abuja,North Central,FALSE,19248.60776,NGN per refill,Average of Apr-25,FALSE,,12.5KG,2,LPG_Report_APR26.zip,GAS PRICE WATCH APRIL 2026_table.xlsx,Sheet1,4,12,L4
2026-04-01,2025-04-01,12.5,STATE,Adamawa,Adamawa,Adamawa,North East,FALSE,20851.5166666667,NGN per refill,Average of Apr-25,FALSE,,12.5KG,2,LPG_Report_APR26.zip,GAS PRICE WATCH APRIL 2026_table.xlsx,Sheet1,12,12,L12
2026-04-01,2025-04-01,12.5,STATE,Akwa Ibom,Akwa Ibom,Akwa Ibom,South South,FALSE,21638.98425,NGN per refill,Average of Apr-25,FALSE,,12.5KG,2,LPG_Report_APR26.zip,GAS PRICE WATCH APRIL 2026_table.xlsx,Sheet1,33,12,L33
2026-04-01,2025-04-01,12.5,STATE,Anambra,Anambra,Anambra,South East,FALSE,20994.6309981667,NGN per refill,Average of Apr-25,FALSE,,12.5KG,2,LPG_Report_APR26.zip,GAS PRICE WATCH APRIL 2026_table.xlsx,Sheet1,28,12,L28
2026-04-01,2025-04-01,12.5,STATE,Bauchi,Bauchi,Bauchi,North East,FALSE,21171.8125,NGN per refill,Average of Apr-25,FALSE,,12.5KG,2,LPG_Report_APR26.zip,GAS PRICE WATCH APRIL 2026_table.xlsx,Sheet1,13,12,L13
2026-04-01,2025-04-01,12.5,STATE,Bayelsa,Bayelsa,Bayelsa,South South,FALSE,21476.51,NGN per refill,Average of Apr-25,FALSE,,12.5KG,2,LPG_Report_APR26.zip,GAS PRICE WATCH APRIL 2026_table.xlsx,Sheet1,34,12,L34
2026-04-01,2025-04-01,12.5,STATE,Benue,Benue,Benue,North Central,FALSE,20494.1678461538,NGN per refill,Average of Apr-25,FALSE,,12.5KG,2,LPG_Report_APR26.zip,GAS PRICE WATCH APRIL 2026_table.xlsx,Sheet1,5,12,L5
2026-04-01,2025-04-01,12.5,STATE,Borno,Borno,Borno,North East,FALSE,19780.7243333333,NGN per refill,Average of Apr-25,FALSE,,12.5KG,2,LPG_Report_APR26.zip,GAS PRICE WATCH APRIL 2026_table.xlsx,Sheet1,14,12,L14
2026-04-01,2025-04-01,12.5,STATE,Cross River,Cross River,Cross River,South South,FALSE,21105.614,NGN per refill,Average of Apr-25,FALSE,,12.5KG,2,LPG_Report_APR26.zip,GAS PRICE WATCH APRIL 2026_table.xlsx,Sheet1,35,12,L35
2026-04-01,2025-04-01,12.5,STATE,Delta,Delta,Delta,South South,FALSE,22831.7013333333,NGN per refill,Average of Apr-25,FALSE,,12.5KG,2,LPG_Report_APR26.zip,GAS PRICE WATCH APRIL 2026_table.xlsx,Sheet1,36,12,L36
2026-04-01,2025-04-01,12.5,STATE,Ebonyi,Ebonyi,Ebonyi,South East,FALSE,22168.0895646,NGN per refill,Average of Apr-25,FALSE,,12.5KG,2,LPG_Report_APR26.zip,GAS PRICE WATCH APRIL 2026_table.xlsx,Sheet1,29,12,L29
2026-04-01,2025-04-01,12.5,STATE,Edo,Edo,Edo,South South,FALSE,19404.3626666667,NGN per refill,Average of Apr-25,FALSE,,12.5KG,2,LPG_Report_APR26.zip,GAS PRICE WATCH APRIL 2026_table.xlsx,Sheet1,37,12,L37
2026-04-01,2025-04-01,12.5,STATE,Ekiti,Ekiti,Ekiti,South West,FALSE,18249.80173,NGN per refill,Average of Apr-25,FALSE,,12.5KG,2,LPG_Report_APR26.zip,GAS PRICE WATCH APRIL 2026_table.xlsx,Sheet1,40,12,L40
2026-04-01,2025-04-01,12.5,STATE,Enugu,Enugu,Enugu,South East,FALSE,20990.51825,NGN per refill,Average of Apr-25,FALSE,,12.5KG,2,LPG_Report_APR26.zip,GAS PRICE WATCH APRIL 2026_table.xlsx,Sheet1,30,12,L30
2026-04-01,2025-04-01,12.5,STATE,Gombe,Gombe,Gombe,North East,FALSE,20188.426905,NGN per refill,Average of Apr-25,FALSE,,12.5KG,2,LPG_Report_APR26.zip,GAS PRICE WATCH APRIL 2026_table.xlsx,Sheet1,15,12,L15
2026-04-01,2025-04-01,12.5,STATE,Imo,Imo,Imo,South East,FALSE,22938.7339333333,NGN per refill,Average of Apr-25,FALSE,,12.5KG,2,LPG_Report_APR26.zip,GAS PRICE WATCH APRIL 2026_table.xlsx,Sheet1,31,12,L31
2026-04-01,2025-04-01,12.5,STATE,Jigawa,Jigawa,Jigawa,North West,FALSE,18671.0402777778,NGN per refill,Average of Apr-25,FALSE,,12.5KG,2,LPG_Report_APR26.zip,GAS PRICE WATCH APRIL 2026_table.xlsx,Sheet1,19,12,L19
2026-04-01,2025-04-01,12.5,STATE,Kaduna,Kaduna,Kaduna,North West,FALSE,20134.1914,NGN per refill,Average of Apr-25,FALSE,,12.5KG,2,LPG_Report_APR26.zip,GAS PRICE WATCH APRIL 2026_table.xlsx,Sheet1,20,12,L20
2026-04-01,2025-04-01,12.5,STATE,Kano,Kano,Kano,North West,FALSE,21799.9042666667,NGN per refill,Average of Apr-25,FALSE,,12.5KG,2,LPG_Report_APR26.zip,GAS PRICE WATCH APRIL 2026_table.xlsx,Sheet1,21,12,L21
2026-04-01,2025-04-01,12.5,STATE,Katsina,Katsina,Katsina,North West,FALSE,18193.8083333333,NGN per refill,Average of Apr-25,FALSE,,12.5KG,2,LPG_Report_APR26.zip,GAS PRICE WATCH APRIL 2026_table.xlsx,Sheet1,22,12,L22
2026-04-01,2025-04-01,12.5,STATE,Kebbi,Kebbi,Kebbi,North West,FALSE,18080.272,NGN per refill,Average of Apr-25,FALSE,,12.5KG,2,LPG_Report_APR26.zip,GAS PRICE WATCH APRIL 2026_table.xlsx,Sheet1,23,12,L23
2026-04-01,2025-04-01,12.5,STATE,Kogi,Kogi,Kogi,North Central,FALSE,19988,NGN per refill,Average of Apr-25,FALSE,,12.5KG,2,LPG_Report_APR26.zip,GAS PRICE WATCH APRIL 2026_table.xlsx,Sheet1,6,12,L6
2026-04-01,2025-04-01,12.5,STATE,Kwara,Kwara,Kwara,North Central,FALSE,18173.673210055,NGN per refill,Average of Apr-25,FALSE,,12.5KG,2,LPG_Report_APR26.zip,GAS PRICE WATCH APRIL 2026_table.xlsx,Sheet1,7,12,L7
2026-04-01,2025-04-01,12.5,STATE,Lagos,Lagos,Lagos,South West,FALSE,18944.058666666664,NGN per refill,Average of Apr-25,FALSE,,12.5KG,2,LPG_Report_APR26.zip,GAS PRICE WATCH APRIL 2026_table.xlsx,Sheet1,41,12,L41
2026-04-01,2025-04-01,12.5,STATE,Nasarawa,Nasarawa,Nasarawa,North Central,FALSE,18106.846826214,NGN per refill,Average of Apr-25,FALSE,,12.5KG,2,LPG_Report_APR26.zip,GAS PRICE WATCH APRIL 2026_table.xlsx,Sheet1,8,12,L8
2026-04-01,2025-04-01,12.5,STATE,Niger,Niger,Niger,North Central,FALSE,19265.3648838714,NGN per refill,Average of Apr-25,FALSE,,12.5KG,2,LPG_Report_APR26.zip,GAS PRICE WATCH APRIL 2026_table.xlsx,Sheet1,9,12,L9
2026-04-01,2025-04-01,12.5,STATE,Ogun,Ogun,Ogun,South West,FALSE,20193.08125,NGN per refill,Average of Apr-25,FALSE,,12.5KG,2,LPG_Report_APR26.zip,GAS PRICE WATCH APRIL 2026_table.xlsx,Sheet1,42,12,L42
2026-04-01,2025-04-01,12.5,STATE,Ondo,Ondo,Ondo,South West,FALSE,19143.812666666665,NGN per refill,Average of Apr-25,FALSE,,12.5KG,2,LPG_Report_APR26.zip,GAS PRICE WATCH APRIL 2026_table.xlsx,Sheet1,43,12,L43
2026-04-01,2025-04-01,12.5,STATE,Osun,Osun,Osun,South West,FALSE,20995.611,NGN per refill,Average of Apr-25,FALSE,,12.5KG,2,LPG_Report_APR26.zip,GAS PRICE WATCH APRIL 2026_table.xlsx,Sheet1,44,12,L44
2026-04-01,2025-04-01,12.5,STATE,Oyo,Oyo,Oyo,South West,FALSE,19432.437142857143,NGN per refill,Average of Apr-25,FALSE,,12.5KG,2,LPG_Report_APR26.zip,GAS PRICE WATCH APRIL 2026_table.xlsx,Sheet1,45,12,L45
2026-04-01,2025-04-01,12.5,STATE,Plateau,Plateau,Plateau,North Central,FALSE,20037.1679824964,NGN per refill,Average of Apr-25,FALSE,,12.5KG,2,LPG_Report_APR26.zip,GAS PRICE WATCH APRIL 2026_table.xlsx,Sheet1,10,12,L10
2026-04-01,2025-04-01,12.5,STATE,Rivers,Rivers,Rivers,South South,FALSE,22759.56075,NGN per refill,Average of Apr-25,FALSE,,12.5KG,2,LPG_Report_APR26.zip,GAS PRICE WATCH APRIL 2026_table.xlsx,Sheet1,38,12,L38
2026-04-01,2025-04-01,12.5,STATE,Sokoto,Sokoto,Sokoto,North West,FALSE,20699.425,NGN per refill,Average of Apr-25,FALSE,,12.5KG,2,LPG_Report_APR26.zip,GAS PRICE WATCH APRIL 2026_table.xlsx,Sheet1,24,12,L24
2026-04-01,2025-04-01,12.5,STATE,Taraba,Taraba,Taraba,North East,FALSE,22010.2671875,NGN per refill,Average of Apr-25,FALSE,,12.5KG,2,LPG_Report_APR26.zip,GAS PRICE WATCH APRIL 2026_table.xlsx,Sheet1,16,12,L16
2026-04-01,2025-04-01,12.5,STATE,Yobe,Yobe,Yobe,North East,FALSE,18488.666666666668,NGN per refill,Average of Apr-25,FALSE,,12.5KG,2,LPG_Report_APR26.zip,GAS PRICE WATCH APRIL 2026_table.xlsx,Sheet1,17,12,L17
2026-04-01,2025-04-01,12.5,STATE,Zamfara,Zamfara,Zamfara,North West,FALSE,20717.578999999998,NGN per refill,Average of Apr-25,FALSE,,12.5KG,2,LPG_Report_APR26.zip,GAS PRICE WATCH APRIL 2026_table.xlsx,Sheet1,25,12,L25
2026-04-01,2025-04-01,12.5,ZONE,North Central,NORTH CENTRAL,,North Central,TRUE,19330.54692982723,NGN per refill,Average of Apr-25,FALSE,,12.5KG,2,LPG_Report_APR26.zip,GAS PRICE WATCH APRIL 2026_table.xlsx,Sheet1,3,12,L3
2026-04-01,2025-04-01,12.5,ZONE,North East,NORTH EAST,,North East,TRUE,20415.235709861114,NGN per refill,Average of Apr-25,FALSE,,12.5KG,2,LPG_Report_APR26.zip,GAS PRICE WATCH APRIL 2026_table.xlsx,Sheet1,11,12,L11
2026-04-01,2025-04-01,12.5,ZONE,North West,NORTH WEST,,North West,TRUE,19756.602896825403,NGN per refill,Average of Apr-25,FALSE,,12.5KG,2,LPG_Report_APR26.zip,GAS PRICE WATCH APRIL 2026_table.xlsx,Sheet1,18,12,L18
2026-04-01,2025-04-01,12.5,ZONE,South East,SOUTH EAST,,South East,TRUE,21528.23464474848,NGN per refill,Average of Apr-25,FALSE,,12.5KG,2,LPG_Report_APR26.zip,GAS PRICE WATCH APRIL 2026_table.xlsx,Sheet1,26,12,L26
2026-04-01,2025-04-01,12.5,ZONE,South South,SOUTH SOUTH,,South South,TRUE,21536.122166666668,NGN per refill,Average of Apr-25,FALSE,,12.5KG,2,LPG_Report_APR26.zip,GAS PRICE WATCH APRIL 2026_table.xlsx,Sheet1,32,12,L32
2026-04-01,2025-04-01,12.5,ZONE,South West,SOUTH WEST,,South West,TRUE,19493.133742698414,NGN per refill,Average of Apr-25,FALSE,,12.5KG,2,LPG_Report_APR26.zip,GAS PRICE WATCH APRIL 2026_table.xlsx,Sheet1,39,12,L39
2026-04-01,2025-04-01,12.5,NATIONAL,Nigeria,Grand Total,,,TRUE,20268.05869528832,NGN per refill,Average of Apr-25,FALSE,,12.5KG,2,LPG_Report_APR26.zip,GAS PRICE WATCH APRIL 2026_table.xlsx,Sheet1,46,12,L46
2026-04-01,2026-03-01,5.0,STATE,Abia,Abia,Abia,South East,FALSE,7055.432451926748,NGN per refill,Average of Mar-26,FALSE,,5KG,2,LPG_Report_APR26.zip,GAS PRICE WATCH APRIL 2026_table.xlsx,Sheet1,27,5,E27
2026-04-01,2026-03-01,5.0,STATE,Abuja,Abuja,Abuja,North Central,FALSE,7276.81365848959,NGN per refill,Average of Mar-26,FALSE,,5KG,2,LPG_Report_APR26.zip,GAS PRICE WATCH APRIL 2026_table.xlsx,Sheet1,4,5,E4
2026-04-01,2026-03-01,5.0,STATE,Adamawa,Adamawa,Adamawa,North East,FALSE,8056.34277148964,NGN per refill,Average of Mar-26,FALSE,,5KG,2,LPG_Report_APR26.zip,GAS PRICE WATCH APRIL 2026_table.xlsx,Sheet1,12,5,E12
2026-04-01,2026-03-01,5.0,STATE,Akwa Ibom,Akwa Ibom,Akwa Ibom,South South,FALSE,7126.69683824815,NGN per refill,Average of Mar-26,FALSE,,5KG,2,LPG_Report_APR26.zip,GAS PRICE WATCH APRIL 2026_table.xlsx,Sheet1,33,5,E33
2026-04-01,2026-03-01,5.0,STATE,Anambra,Anambra,Anambra,South East,FALSE,6779.497010557788,NGN per refill,Average of Mar-26,FALSE,,5KG,2,LPG_Report_APR26.zip,GAS PRICE WATCH APRIL 2026_table.xlsx,Sheet1,28,5,E28
2026-04-01,2026-03-01,5.0,STATE,Bauchi,Bauchi,Bauchi,North East,FALSE,6295.40119291,NGN per refill,Average of Mar-26,FALSE,,5KG,2,LPG_Report_APR26.zip,GAS PRICE WATCH APRIL 2026_table.xlsx,Sheet1,13,5,E13
2026-04-01,2026-03-01,5.0,STATE,Bayelsa,Bayelsa,Bayelsa,South South,FALSE,7266.7660497564,NGN per refill,Average of Mar-26,FALSE,,5KG,2,LPG_Report_APR26.zip,GAS PRICE WATCH APRIL 2026_table.xlsx,Sheet1,34,5,E34
2026-04-01,2026-03-01,5.0,STATE,Benue,Benue,Benue,North Central,FALSE,7709.006885759959,NGN per refill,Average of Mar-26,FALSE,,5KG,2,LPG_Report_APR26.zip,GAS PRICE WATCH APRIL 2026_table.xlsx,Sheet1,5,5,E5
2026-04-01,2026-03-01,5.0,STATE,Borno,Borno,Borno,North East,FALSE,7965.22228467022,NGN per refill,Average of Mar-26,FALSE,,5KG,2,LPG_Report_APR26.zip,GAS PRICE WATCH APRIL 2026_table.xlsx,Sheet1,14,5,E14
2026-04-01,2026-03-01,5.0,STATE,Cross River,Cross River,Cross River,South South,FALSE,7402.825656613419,NGN per refill,Average of Mar-26,FALSE,,5KG,2,LPG_Report_APR26.zip,GAS PRICE WATCH APRIL 2026_table.xlsx,Sheet1,35,5,E35
2026-04-01,2026-03-01,5.0,STATE,Delta,Delta,Delta,South South,FALSE,7408.137570348641,NGN per refill,Average of Mar-26,FALSE,,5KG,2,LPG_Report_APR26.zip,GAS PRICE WATCH APRIL 2026_table.xlsx,Sheet1,36,5,E36
2026-04-01,2026-03-01,5.0,STATE,Ebonyi,Ebonyi,Ebonyi,South East,FALSE,7347.085098985703,NGN per refill,Average of Mar-26,FALSE,,5KG,2,LPG_Report_APR26.zip,GAS PRICE WATCH APRIL 2026_table.xlsx,Sheet1,29,5,E29
2026-04-01,2026-03-01,5.0,STATE,Edo,Edo,Edo,South South,FALSE,7305.424914184701,NGN per refill,Average of Mar-26,FALSE,,5KG,2,LPG_Report_APR26.zip,GAS PRICE WATCH APRIL 2026_table.xlsx,Sheet1,37,5,E37
2026-04-01,2026-03-01,5.0,STATE,Ekiti,Ekiti,Ekiti,South West,FALSE,7689.442603454492,NGN per refill,Average of Mar-26,FALSE,,5KG,2,LPG_Report_APR26.zip,GAS PRICE WATCH APRIL 2026_table.xlsx,Sheet1,40,5,E40
2026-04-01,2026-03-01,5.0,STATE,Enugu,Enugu,Enugu,South East,FALSE,8195.08867437149,NGN per refill,Average of Mar-26,FALSE,,5KG,2,LPG_Report_APR26.zip,GAS PRICE WATCH APRIL 2026_table.xlsx,Sheet1,30,5,E30
2026-04-01,2026-03-01,5.0,STATE,Gombe,Gombe,Gombe,North East,FALSE,8064.219259492639,NGN per refill,Average of Mar-26,FALSE,,5KG,2,LPG_Report_APR26.zip,GAS PRICE WATCH APRIL 2026_table.xlsx,Sheet1,15,5,E15
2026-04-01,2026-03-01,5.0,STATE,Imo,Imo,Imo,South East,FALSE,7488.152233214651,NGN per refill,Average of Mar-26,FALSE,,5KG,2,LPG_Report_APR26.zip,GAS PRICE WATCH APRIL 2026_table.xlsx,Sheet1,31,5,E31
2026-04-01,2026-03-01,5.0,STATE,Jigawa,Jigawa,Jigawa,North West,FALSE,8102.685116983516,NGN per refill,Average of Mar-26,FALSE,,5KG,2,LPG_Report_APR26.zip,GAS PRICE WATCH APRIL 2026_table.xlsx,Sheet1,19,5,E19
2026-04-01,2026-03-01,5.0,STATE,Kaduna,Kaduna,Kaduna,North West,FALSE,9212.20886447999,NGN per refill,Average of Mar-26,FALSE,,5KG,2,LPG_Report_APR26.zip,GAS PRICE WATCH APRIL 2026_table.xlsx,Sheet1,20,5,E20
2026-04-01,2026-03-01,5.0,STATE,Kano,Kano,Kano,North West,FALSE,8158.032597524063,NGN per refill,Average of Mar-26,FALSE,,5KG,2,LPG_Report_APR26.zip,GAS PRICE WATCH APRIL 2026_table.xlsx,Sheet1,21,5,E21
2026-04-01,2026-03-01,5.0,STATE,Katsina,Katsina,Katsina,North West,FALSE,8681.303319928966,NGN per refill,Average of Mar-26,FALSE,,5KG,2,LPG_Report_APR26.zip,GAS PRICE WATCH APRIL 2026_table.xlsx,Sheet1,22,5,E22
2026-04-01,2026-03-01,5.0,STATE,Kebbi,Kebbi,Kebbi,North West,FALSE,7869.929610142906,NGN per refill,Average of Mar-26,FALSE,,5KG,2,LPG_Report_APR26.zip,GAS PRICE WATCH APRIL 2026_table.xlsx,Sheet1,23,5,E23
2026-04-01,2026-03-01,5.0,STATE,Kogi,Kogi,Kogi,North Central,FALSE,7899.069962933405,NGN per refill,Average of Mar-26,FALSE,,5KG,2,LPG_Report_APR26.zip,GAS PRICE WATCH APRIL 2026_table.xlsx,Sheet1,6,5,E6
2026-04-01,2026-03-01,5.0,STATE,Kwara,Kwara,Kwara,North Central,FALSE,7266.159532341288,NGN per refill,Average of Mar-26,FALSE,,5KG,2,LPG_Report_APR26.zip,GAS PRICE WATCH APRIL 2026_table.xlsx,Sheet1,7,5,E7
2026-04-01,2026-03-01,5.0,STATE,Lagos,Lagos,Lagos,South West,FALSE,8909.730734297078,NGN per refill,Average of Mar-26,FALSE,,5KG,2,LPG_Report_APR26.zip,GAS PRICE WATCH APRIL 2026_table.xlsx,Sheet1,41,5,E41
2026-04-01,2026-03-01,5.0,STATE,Nasarawa,Nasarawa,Nasarawa,North Central,FALSE,8367.24682762476,NGN per refill,Average of Mar-26,FALSE,,5KG,2,LPG_Report_APR26.zip,GAS PRICE WATCH APRIL 2026_table.xlsx,Sheet1,8,5,E8
2026-04-01,2026-03-01,5.0,STATE,Niger,Niger,Niger,North Central,FALSE,7661.39569596715,NGN per refill,Average of Mar-26,FALSE,,5KG,2,LPG_Report_APR26.zip,GAS PRICE WATCH APRIL 2026_table.xlsx,Sheet1,9,5,E9
2026-04-01,2026-03-01,5.0,STATE,Ogun,Ogun,Ogun,South West,FALSE,7509.9658711179145,NGN per refill,Average of Mar-26,FALSE,,5KG,2,LPG_Report_APR26.zip,GAS PRICE WATCH APRIL 2026_table.xlsx,Sheet1,42,5,E42
2026-04-01,2026-03-01,5.0,STATE,Ondo,Ondo,Ondo,South West,FALSE,6598.098359612086,NGN per refill,Average of Mar-26,FALSE,,5KG,2,LPG_Report_APR26.zip,GAS PRICE WATCH APRIL 2026_table.xlsx,Sheet1,43,5,E43
2026-04-01,2026-03-01,5.0,STATE,Osun,Osun,Osun,South West,FALSE,6457.352880101682,NGN per refill,Average of Mar-26,FALSE,,5KG,2,LPG_Report_APR26.zip,GAS PRICE WATCH APRIL 2026_table.xlsx,Sheet1,44,5,E44
2026-04-01,2026-03-01,5.0,STATE,Oyo,Oyo,Oyo,South West,FALSE,7463.321948484289,NGN per refill,Average of Mar-26,FALSE,,5KG,2,LPG_Report_APR26.zip,GAS PRICE WATCH APRIL 2026_table.xlsx,Sheet1,45,5,E45
2026-04-01,2026-03-01,5.0,STATE,Plateau,Plateau,Plateau,North Central,FALSE,7475.519282038039,NGN per refill,Average of Mar-26,FALSE,,5KG,2,LPG_Report_APR26.zip,GAS PRICE WATCH APRIL 2026_table.xlsx,Sheet1,10,5,E10
2026-04-01,2026-03-01,5.0,STATE,Rivers,Rivers,Rivers,South South,FALSE,7295.830450496379,NGN per refill,Average of Mar-26,FALSE,,5KG,2,LPG_Report_APR26.zip,GAS PRICE WATCH APRIL 2026_table.xlsx,Sheet1,38,5,E38
2026-04-01,2026-03-01,5.0,STATE,Sokoto,Sokoto,Sokoto,North West,FALSE,7579.787685122336,NGN per refill,Average of Mar-26,FALSE,,5KG,2,LPG_Report_APR26.zip,GAS PRICE WATCH APRIL 2026_table.xlsx,Sheet1,24,5,E24
2026-04-01,2026-03-01,5.0,STATE,Taraba,Taraba,Taraba,North East,FALSE,8802.778365232656,NGN per refill,Average of Mar-26,FALSE,,5KG,2,LPG_Report_APR26.zip,GAS PRICE WATCH APRIL 2026_table.xlsx,Sheet1,16,5,E16
2026-04-01,2026-03-01,5.0,STATE,Yobe,Yobe,Yobe,North East,FALSE,8159.207786073726,NGN per refill,Average of Mar-26,FALSE,,5KG,2,LPG_Report_APR26.zip,GAS PRICE WATCH APRIL 2026_table.xlsx,Sheet1,17,5,E17
2026-04-01,2026-03-01,5.0,STATE,Zamfara,Zamfara,Zamfara,North West,FALSE,7360.70518368988,NGN per refill,Average of Mar-26,FALSE,,5KG,2,LPG_Report_APR26.zip,GAS PRICE WATCH APRIL 2026_table.xlsx,Sheet1,25,5,E25
2026-04-01,2026-03-01,5.0,ZONE,North Central,NORTH CENTRAL,,North Central,TRUE,7665.030263593456,NGN per refill,Average of Mar-26,FALSE,,5KG,2,LPG_Report_APR26.zip,GAS PRICE WATCH APRIL 2026_table.xlsx,Sheet1,3,5,E3
2026-04-01,2026-03-01,5.0,ZONE,North East,NORTH EAST,,North East,TRUE,7890.528609978147,NGN per refill,Average of Mar-26,FALSE,,5KG,2,LPG_Report_APR26.zip,GAS PRICE WATCH APRIL 2026_table.xlsx,Sheet1,11,5,E11
2026-04-01,2026-03-01,5.0,ZONE,North West,NORTH WEST,,North West,TRUE,8137.807482553094,NGN per refill,Average of Mar-26,FALSE,,5KG,2,LPG_Report_APR26.zip,GAS PRICE WATCH APRIL 2026_table.xlsx,Sheet1,18,5,E18
2026-04-01,2026-03-01,5.0,ZONE,South East,SOUTH EAST,,South East,TRUE,7373.051093811276,NGN per refill,Average of Mar-26,FALSE,,5KG,2,LPG_Report_APR26.zip,GAS PRICE WATCH APRIL 2026_table.xlsx,Sheet1,26,5,E26
2026-04-01,2026-03-01,5.0,ZONE,South South,SOUTH SOUTH,,South South,TRUE,7300.946913274615,NGN per refill,Average of Mar-26,FALSE,,5KG,2,LPG_Report_APR26.zip,GAS PRICE WATCH APRIL 2026_table.xlsx,Sheet1,32,5,E32
2026-04-01,2026-03-01,5.0,ZONE,South West,SOUTH WEST,,South West,TRUE,7437.985399511257,NGN per refill,Average of Mar-26,FALSE,,5KG,2,LPG_Report_APR26.zip,GAS PRICE WATCH APRIL 2026_table.xlsx,Sheet1,39,5,E39
2026-04-01,2026-03-01,5.0,NATIONAL,Nigeria,Grand Total,,,TRUE,7655.726627801795,NGN per refill,Average of Mar-26,FALSE,,5KG,2,LPG_Report_APR26.zip,GAS PRICE WATCH APRIL 2026_table.xlsx,Sheet1,46,5,E46
2026-04-01,2026-03-01,12.5,STATE,Abia,Abia,Abia,South East,FALSE,17638.58112981687,NGN per refill,Average of Mar-26,FALSE,,12.5KG,2,LPG_Report_APR26.zip,GAS PRICE WATCH APRIL 2026_table.xlsx,Sheet1,27,13,M27
2026-04-01,2026-03-01,12.5,STATE,Abuja,Abuja,Abuja,North Central,FALSE,18942.03414622397,NGN per refill,Average of Mar-26,FALSE,,12.5KG,2,LPG_Report_APR26.zip,GAS PRICE WATCH APRIL 2026_table.xlsx,Sheet1,4,13,M4
2026-04-01,2026-03-01,12.5,STATE,Adamawa,Adamawa,Adamawa,North East,FALSE,21390.85692872409,NGN per refill,Average of Mar-26,FALSE,,12.5KG,2,LPG_Report_APR26.zip,GAS PRICE WATCH APRIL 2026_table.xlsx,Sheet1,12,13,M12
2026-04-01,2026-03-01,12.5,STATE,Akwa Ibom,Akwa Ibom,Akwa Ibom,South South,FALSE,22816.74209562037,NGN per refill,Average of Mar-26,FALSE,,12.5KG,2,LPG_Report_APR26.zip,GAS PRICE WATCH APRIL 2026_table.xlsx,Sheet1,33,13,M33
2026-04-01,2026-03-01,12.5,STATE,Anambra,Anambra,Anambra,South East,FALSE,16948.742526394468,NGN per refill,Average of Mar-26,FALSE,,12.5KG,2,LPG_Report_APR26.zip,GAS PRICE WATCH APRIL 2026_table.xlsx,Sheet1,28,13,M28
2026-04-01,2026-03-01,12.5,STATE,Bauchi,Bauchi,Bauchi,North East,FALSE,15738.502982275,NGN per refill,Average of Mar-26,FALSE,,12.5KG,2,LPG_Report_APR26.zip,GAS PRICE WATCH APRIL 2026_table.xlsx,Sheet1,13,13,M13
2026-04-01,2026-03-01,12.5,STATE,Bayelsa,Bayelsa,Bayelsa,South South,FALSE,20166.915124391,NGN per refill,Average of Mar-26,FALSE,,12.5KG,2,LPG_Report_APR26.zip,GAS PRICE WATCH APRIL 2026_table.xlsx,Sheet1,34,13,M34
2026-04-01,2026-03-01,12.5,STATE,Benue,Benue,Benue,North Central,FALSE,19272.517214399897,NGN per refill,Average of Mar-26,FALSE,,12.5KG,2,LPG_Report_APR26.zip,GAS PRICE WATCH APRIL 2026_table.xlsx,Sheet1,5,13,M5
2026-04-01,2026-03-01,12.5,STATE,Borno,Borno,Borno,North East,FALSE,22413.055711675544,NGN per refill,Average of Mar-26,FALSE,,12.5KG,2,LPG_Report_APR26.zip,GAS PRICE WATCH APRIL 2026_table.xlsx,Sheet1,14,13,M14
2026-04-01,2026-03-01,12.5,STATE,Cross River,Cross River,Cross River,South South,FALSE,18507.06414153355,NGN per refill,Average of Mar-26,FALSE,,12.5KG,2,LPG_Report_APR26.zip,GAS PRICE WATCH APRIL 2026_table.xlsx,Sheet1,35,13,M35
2026-04-01,2026-03-01,12.5,STATE,Delta,Delta,Delta,South South,FALSE,18520.343925871603,NGN per refill,Average of Mar-26,FALSE,,12.5KG,2,LPG_Report_APR26.zip,GAS PRICE WATCH APRIL 2026_table.xlsx,Sheet1,36,13,M36
2026-04-01,2026-03-01,12.5,STATE,Ebonyi,Ebonyi,Ebonyi,South East,FALSE,18367.712747464255,NGN per refill,Average of Mar-26,FALSE,,12.5KG,2,LPG_Report_APR26.zip,GAS PRICE WATCH APRIL 2026_table.xlsx,Sheet1,29,13,M29
2026-04-01,2026-03-01,12.5,STATE,Edo,Edo,Edo,South South,FALSE,18263.562285461754,NGN per refill,Average of Mar-26,FALSE,,12.5KG,2,LPG_Report_APR26.zip,GAS PRICE WATCH APRIL 2026_table.xlsx,Sheet1,37,13,M37
2026-04-01,2026-03-01,12.5,STATE,Ekiti,Ekiti,Ekiti,South West,FALSE,19223.606508636232,NGN per refill,Average of Mar-26,FALSE,,12.5KG,2,LPG_Report_APR26.zip,GAS PRICE WATCH APRIL 2026_table.xlsx,Sheet1,40,13,M40
2026-04-01,2026-03-01,12.5,STATE,Enugu,Enugu,Enugu,South East,FALSE,20487.721685928725,NGN per refill,Average of Mar-26,FALSE,,12.5KG,2,LPG_Report_APR26.zip,GAS PRICE WATCH APRIL 2026_table.xlsx,Sheet1,30,13,M30
2026-04-01,2026-03-01,12.5,STATE,Gombe,Gombe,Gombe,North East,FALSE,20160.5481487316,NGN per refill,Average of Mar-26,FALSE,,12.5KG,2,LPG_Report_APR26.zip,GAS PRICE WATCH APRIL 2026_table.xlsx,Sheet1,15,13,M15
2026-04-01,2026-03-01,12.5,STATE,Imo,Imo,Imo,South East,FALSE,18720.380583036625,NGN per refill,Average of Mar-26,FALSE,,12.5KG,2,LPG_Report_APR26.zip,GAS PRICE WATCH APRIL 2026_table.xlsx,Sheet1,31,13,M31
2026-04-01,2026-03-01,12.5,STATE,Jigawa,Jigawa,Jigawa,North West,FALSE,20256.71279245879,NGN per refill,Average of Mar-26,FALSE,,12.5KG,2,LPG_Report_APR26.zip,GAS PRICE WATCH APRIL 2026_table.xlsx,Sheet1,19,13,M19
2026-04-01,2026-03-01,12.5,STATE,Kaduna,Kaduna,Kaduna,North West,FALSE,23030.522161199973,NGN per refill,Average of Mar-26,FALSE,,12.5KG,2,LPG_Report_APR26.zip,GAS PRICE WATCH APRIL 2026_table.xlsx,Sheet1,20,13,M20
2026-04-01,2026-03-01,12.5,STATE,Kano,Kano,Kano,North West,FALSE,20395.081493810158,NGN per refill,Average of Mar-26,FALSE,,12.5KG,2,LPG_Report_APR26.zip,GAS PRICE WATCH APRIL 2026_table.xlsx,Sheet1,21,13,M21
2026-04-01,2026-03-01,12.5,STATE,Katsina,Katsina,Katsina,North West,FALSE,21703.258299822413,NGN per refill,Average of Mar-26,FALSE,,12.5KG,2,LPG_Report_APR26.zip,GAS PRICE WATCH APRIL 2026_table.xlsx,Sheet1,22,13,M22
2026-04-01,2026-03-01,12.5,STATE,Kebbi,Kebbi,Kebbi,North West,FALSE,19674.824025357266,NGN per refill,Average of Mar-26,FALSE,,12.5KG,2,LPG_Report_APR26.zip,GAS PRICE WATCH APRIL 2026_table.xlsx,Sheet1,23,13,M23
2026-04-01,2026-03-01,12.5,STATE,Kogi,Kogi,Kogi,North Central,FALSE,19747.674907333512,NGN per refill,Average of Mar-26,FALSE,,12.5KG,2,LPG_Report_APR26.zip,GAS PRICE WATCH APRIL 2026_table.xlsx,Sheet1,6,13,M6
2026-04-01,2026-03-01,12.5,STATE,Kwara,Kwara,Kwara,North Central,FALSE,18165.398830853217,NGN per refill,Average of Mar-26,FALSE,,12.5KG,2,LPG_Report_APR26.zip,GAS PRICE WATCH APRIL 2026_table.xlsx,Sheet1,7,13,M7
2026-04-01,2026-03-01,12.5,STATE,Lagos,Lagos,Lagos,South West,FALSE,22274.326835742697,NGN per refill,Average of Mar-26,FALSE,,12.5KG,2,LPG_Report_APR26.zip,GAS PRICE WATCH APRIL 2026_table.xlsx,Sheet1,41,13,M41
2026-04-01,2026-03-01,12.5,STATE,Nasarawa,Nasarawa,Nasarawa,North Central,FALSE,23418.11706906191,NGN per refill,Average of Mar-26,FALSE,,12.5KG,2,LPG_Report_APR26.zip,GAS PRICE WATCH APRIL 2026_table.xlsx,Sheet1,8,13,M8
2026-04-01,2026-03-01,12.5,STATE,Niger,Niger,Niger,North Central,FALSE,21653.489239917883,NGN per refill,Average of Mar-26,FALSE,,12.5KG,2,LPG_Report_APR26.zip,GAS PRICE WATCH APRIL 2026_table.xlsx,Sheet1,9,13,M9
2026-04-01,2026-03-01,12.5,STATE,Ogun,Ogun,Ogun,South West,FALSE,18774.914677794786,NGN per refill,Average of Mar-26,FALSE,,12.5KG,2,LPG_Report_APR26.zip,GAS PRICE WATCH APRIL 2026_table.xlsx,Sheet1,42,13,M42
2026-04-01,2026-03-01,12.5,STATE,Ondo,Ondo,Ondo,South West,FALSE,16495.245899030215,NGN per refill,Average of Mar-26,FALSE,,12.5KG,2,LPG_Report_APR26.zip,GAS PRICE WATCH APRIL 2026_table.xlsx,Sheet1,43,13,M43
2026-04-01,2026-03-01,12.5,STATE,Osun,Osun,Osun,South West,FALSE,16143.382200254206,NGN per refill,Average of Mar-26,FALSE,,12.5KG,2,LPG_Report_APR26.zip,GAS PRICE WATCH APRIL 2026_table.xlsx,Sheet1,44,13,M44
2026-04-01,2026-03-01,12.5,STATE,Oyo,Oyo,Oyo,South West,FALSE,18658.304871210723,NGN per refill,Average of Mar-26,FALSE,,12.5KG,2,LPG_Report_APR26.zip,GAS PRICE WATCH APRIL 2026_table.xlsx,Sheet1,45,13,M45
2026-04-01,2026-03-01,12.5,STATE,Plateau,Plateau,Plateau,North Central,FALSE,18688.798205095096,NGN per refill,Average of Mar-26,FALSE,,12.5KG,2,LPG_Report_APR26.zip,GAS PRICE WATCH APRIL 2026_table.xlsx,Sheet1,10,13,M10
2026-04-01,2026-03-01,12.5,STATE,Rivers,Rivers,Rivers,South South,FALSE,18239.576126240947,NGN per refill,Average of Mar-26,FALSE,,12.5KG,2,LPG_Report_APR26.zip,GAS PRICE WATCH APRIL 2026_table.xlsx,Sheet1,38,13,M38
2026-04-01,2026-03-01,12.5,STATE,Sokoto,Sokoto,Sokoto,North West,FALSE,18949.46921280584,NGN per refill,Average of Mar-26,FALSE,,12.5KG,2,LPG_Report_APR26.zip,GAS PRICE WATCH APRIL 2026_table.xlsx,Sheet1,24,13,M24
2026-04-01,2026-03-01,12.5,STATE,Taraba,Taraba,Taraba,North East,FALSE,22006.94591308164,NGN per refill,Average of Mar-26,FALSE,,12.5KG,2,LPG_Report_APR26.zip,GAS PRICE WATCH APRIL 2026_table.xlsx,Sheet1,16,13,M16
2026-04-01,2026-03-01,12.5,STATE,Yobe,Yobe,Yobe,North East,FALSE,20398.019465184316,NGN per refill,Average of Mar-26,FALSE,,12.5KG,2,LPG_Report_APR26.zip,GAS PRICE WATCH APRIL 2026_table.xlsx,Sheet1,17,13,M17
2026-04-01,2026-03-01,12.5,STATE,Zamfara,Zamfara,Zamfara,North West,FALSE,20901.76295922471,NGN per refill,Average of Mar-26,FALSE,,12.5KG,2,LPG_Report_APR26.zip,GAS PRICE WATCH APRIL 2026_table.xlsx,Sheet1,25,13,M25
2026-04-01,2026-03-01,12.5,ZONE,North Central,NORTH CENTRAL,,North Central,TRUE,19984.00423041221,NGN per refill,Average of Mar-26,FALSE,,12.5KG,2,LPG_Report_APR26.zip,GAS PRICE WATCH APRIL 2026_table.xlsx,Sheet1,3,13,M3
2026-04-01,2026-03-01,12.5,ZONE,North East,NORTH EAST,,North East,TRUE,20351.321524945368,NGN per refill,Average of Mar-26,FALSE,,12.5KG,2,LPG_Report_APR26.zip,GAS PRICE WATCH APRIL 2026_table.xlsx,Sheet1,11,13,M11
2026-04-01,2026-03-01,12.5,ZONE,North West,NORTH WEST,,North West,TRUE,20701.66156352559,NGN per refill,Average of Mar-26,FALSE,,12.5KG,2,LPG_Report_APR26.zip,GAS PRICE WATCH APRIL 2026_table.xlsx,Sheet1,18,13,M18
2026-04-01,2026-03-01,12.5,ZONE,South East,SOUTH EAST,,South East,TRUE,18432.627734528192,NGN per refill,Average of Mar-26,FALSE,,12.5KG,2,LPG_Report_APR26.zip,GAS PRICE WATCH APRIL 2026_table.xlsx,Sheet1,26,13,M26
2026-04-01,2026-03-01,12.5,ZONE,South South,SOUTH SOUTH,,South South,TRUE,19419.033949853205,NGN per refill,Average of Mar-26,FALSE,,12.5KG,2,LPG_Report_APR26.zip,GAS PRICE WATCH APRIL 2026_table.xlsx,Sheet1,32,13,M32
2026-04-01,2026-03-01,12.5,ZONE,South West,SOUTH WEST,,South West,TRUE,18594.963498778143,NGN per refill,Average of Mar-26,FALSE,,12.5KG,2,LPG_Report_APR26.zip,GAS PRICE WATCH APRIL 2026_table.xlsx,Sheet1,39,13,M39
2026-04-01,2026-03-01,12.5,NATIONAL,Nigeria,Grand Total,,,TRUE,19652.830083017994,NGN per refill,Average of Mar-26,FALSE,,12.5KG,2,LPG_Report_APR26.zip,GAS PRICE WATCH APRIL 2026_table.xlsx,Sheet1,46,13,M46
2026-04-01,2026-04-01,5.0,STATE,Abia,Abia,Abia,South East,FALSE,8285.602027370209,NGN per refill,Average of Apr-26,TRUE,,5KG,2,LPG_Report_APR26.zip,GAS PRICE WATCH APRIL 2026_table.xlsx,Sheet1,27,6,F27
2026-04-01,2026-04-01,5.0,STATE,Abuja,Abuja,Abuja,North Central,FALSE,8055.0639399301,NGN per refill,Average of Apr-26,TRUE,,5KG,2,LPG_Report_APR26.zip,GAS PRICE WATCH APRIL 2026_table.xlsx,Sheet1,4,6,F4
2026-04-01,2026-04-01,5.0,STATE,Adamawa,Adamawa,Adamawa,North East,FALSE,9003.191284158682,NGN per refill,Average of Apr-26,TRUE,,5KG,2,LPG_Report_APR26.zip,GAS PRICE WATCH APRIL 2026_table.xlsx,Sheet1,12,6,F12
2026-04-01,2026-04-01,5.0,STATE,Akwa Ibom,Akwa Ibom,Akwa Ibom,South South,FALSE,8749.98918291154,NGN per refill,Average of Apr-26,TRUE,,5KG,2,LPG_Report_APR26.zip,GAS PRICE WATCH APRIL 2026_table.xlsx,Sheet1,33,6,F33
2026-04-01,2026-04-01,5.0,STATE,Anambra,Anambra,Anambra,South East,FALSE,7204.75860460206,NGN per refill,Average of Apr-26,TRUE,,5KG,2,LPG_Report_APR26.zip,GAS PRICE WATCH APRIL 2026_table.xlsx,Sheet1,28,6,F28
2026-04-01,2026-04-01,5.0,STATE,Bauchi,Bauchi,Bauchi,North East,FALSE,8071.5477620566,NGN per refill,Average of Apr-26,TRUE,,5KG,2,LPG_Report_APR26.zip,GAS PRICE WATCH APRIL 2026_table.xlsx,Sheet1,13,6,F13
2026-04-01,2026-04-01,5.0,STATE,Bayelsa,Bayelsa,Bayelsa,South South,FALSE,9422.736866105772,NGN per refill,Average of Apr-26,TRUE,,5KG,2,LPG_Report_APR26.zip,GAS PRICE WATCH APRIL 2026_table.xlsx,Sheet1,34,6,F34
2026-04-01,2026-04-01,5.0,STATE,Benue,Benue,Benue,North Central,FALSE,8805.702115633398,NGN per refill,Average of Apr-26,TRUE,,5KG,2,LPG_Report_APR26.zip,GAS PRICE WATCH APRIL 2026_table.xlsx,Sheet1,5,6,F5
2026-04-01,2026-04-01,5.0,STATE,Borno,Borno,Borno,North East,FALSE,8965.222284670215,NGN per refill,Average of Apr-26,TRUE,,5KG,2,LPG_Report_APR26.zip,GAS PRICE WATCH APRIL 2026_table.xlsx,Sheet1,14,6,F14
2026-04-01,2026-04-01,5.0,STATE,Cross River,Cross River,Cross River,South South,FALSE,9072.892680048046,NGN per refill,Average of Apr-26,TRUE,,5KG,2,LPG_Report_APR26.zip,GAS PRICE WATCH APRIL 2026_table.xlsx,Sheet1,35,6,F35
2026-04-01,2026-04-01,5.0,STATE,Delta,Delta,Delta,South South,FALSE,8534.35079138302,NGN per refill,Average of Apr-26,TRUE,,5KG,2,LPG_Report_APR26.zip,GAS PRICE WATCH APRIL 2026_table.xlsx,Sheet1,36,6,F36
2026-04-01,2026-04-01,5.0,STATE,Ebonyi,Ebonyi,Ebonyi,South East,FALSE,8537.4655268415,NGN per refill,Average of Apr-26,TRUE,,5KG,2,LPG_Report_APR26.zip,GAS PRICE WATCH APRIL 2026_table.xlsx,Sheet1,29,6,F29
2026-04-01,2026-04-01,5.0,STATE,Edo,Edo,Edo,South South,FALSE,8711.95074749353,NGN per refill,Average of Apr-26,TRUE,,5KG,2,LPG_Report_APR26.zip,GAS PRICE WATCH APRIL 2026_table.xlsx,Sheet1,37,6,F37
2026-04-01,2026-04-01,5.0,STATE,Ekiti,Ekiti,Ekiti,South West,FALSE,8763.629281740803,NGN per refill,Average of Apr-26,TRUE,,5KG,2,LPG_Report_APR26.zip,GAS PRICE WATCH APRIL 2026_table.xlsx,Sheet1,40,6,F40
2026-04-01,2026-04-01,5.0,STATE,Enugu,Enugu,Enugu,South East,FALSE,8845.30850305372,NGN per refill,Average of Apr-26,TRUE,,5KG,2,LPG_Report_APR26.zip,GAS PRICE WATCH APRIL 2026_table.xlsx,Sheet1,30,6,F30
2026-04-01,2026-04-01,5.0,STATE,Gombe,Gombe,Gombe,North East,FALSE,8775.58768428889,NGN per refill,Average of Apr-26,TRUE,,5KG,2,LPG_Report_APR26.zip,GAS PRICE WATCH APRIL 2026_table.xlsx,Sheet1,15,6,F15
2026-04-01,2026-04-01,5.0,STATE,Imo,Imo,Imo,South East,FALSE,8248.705667662027,NGN per refill,Average of Apr-26,TRUE,,5KG,2,LPG_Report_APR26.zip,GAS PRICE WATCH APRIL 2026_table.xlsx,Sheet1,31,6,F31
2026-04-01,2026-04-01,5.0,STATE,Jigawa,Jigawa,Jigawa,North West,FALSE,9173.812550657758,NGN per refill,Average of Apr-26,TRUE,,5KG,2,LPG_Report_APR26.zip,GAS PRICE WATCH APRIL 2026_table.xlsx,Sheet1,19,6,F19
2026-04-01,2026-04-01,5.0,STATE,Kaduna,Kaduna,Kaduna,North West,FALSE,9119.29065772813,NGN per refill,Average of Apr-26,TRUE,,5KG,2,LPG_Report_APR26.zip,GAS PRICE WATCH APRIL 2026_table.xlsx,Sheet1,20,6,F20
2026-04-01,2026-04-01,5.0,STATE,Kano,Kano,Kano,North West,FALSE,9081.121335689844,NGN per refill,Average of Apr-26,TRUE,,5KG,2,LPG_Report_APR26.zip,GAS PRICE WATCH APRIL 2026_table.xlsx,Sheet1,21,6,F21
2026-04-01,2026-04-01,5.0,STATE,Katsina,Katsina,Katsina,North West,FALSE,9038.6850434938,NGN per refill,Average of Apr-26,TRUE,,5KG,2,LPG_Report_APR26.zip,GAS PRICE WATCH APRIL 2026_table.xlsx,Sheet1,22,6,F22
2026-04-01,2026-04-01,5.0,STATE,Kebbi,Kebbi,Kebbi,North West,FALSE,8441.60072584607,NGN per refill,Average of Apr-26,TRUE,,5KG,2,LPG_Report_APR26.zip,GAS PRICE WATCH APRIL 2026_table.xlsx,Sheet1,23,6,F23
2026-04-01,2026-04-01,5.0,STATE,Kogi,Kogi,Kogi,North Central,FALSE,8523.29951290318,NGN per refill,Average of Apr-26,TRUE,,5KG,2,LPG_Report_APR26.zip,GAS PRICE WATCH APRIL 2026_table.xlsx,Sheet1,6,6,F6
2026-04-01,2026-04-01,5.0,STATE,Kwara,Kwara,Kwara,North Central,FALSE,8733.255627670302,NGN per refill,Average of Apr-26,TRUE,,5KG,2,LPG_Report_APR26.zip,GAS PRICE WATCH APRIL 2026_table.xlsx,Sheet1,7,6,F7
2026-04-01,2026-04-01,5.0,STATE,Lagos,Lagos,Lagos,South West,FALSE,9745.101279450946,NGN per refill,Average of Apr-26,TRUE,,5KG,2,LPG_Report_APR26.zip,GAS PRICE WATCH APRIL 2026_table.xlsx,Sheet1,41,6,F41
2026-04-01,2026-04-01,5.0,STATE,Nasarawa,Nasarawa,Nasarawa,North Central,FALSE,9451.703936309907,NGN per refill,Average of Apr-26,TRUE,,5KG,2,LPG_Report_APR26.zip,GAS PRICE WATCH APRIL 2026_table.xlsx,Sheet1,8,6,F8
2026-04-01,2026-04-01,5.0,STATE,Niger,Niger,Niger,North Central,FALSE,8827.393280767254,NGN per refill,Average of Apr-26,TRUE,,5KG,2,LPG_Report_APR26.zip,GAS PRICE WATCH APRIL 2026_table.xlsx,Sheet1,9,6,F9
2026-04-01,2026-04-01,5.0,STATE,Ogun,Ogun,Ogun,South West,FALSE,7825.745145043221,NGN per refill,Average of Apr-26,TRUE,,5KG,2,LPG_Report_APR26.zip,GAS PRICE WATCH APRIL 2026_table.xlsx,Sheet1,42,6,F42
2026-04-01,2026-04-01,5.0,STATE,Ondo,Ondo,Ondo,South West,FALSE,7239.4902033099,NGN per refill,Average of Apr-26,TRUE,,5KG,2,LPG_Report_APR26.zip,GAS PRICE WATCH APRIL 2026_table.xlsx,Sheet1,43,6,F43
2026-04-01,2026-04-01,5.0,STATE,Osun,Osun,Osun,South West,FALSE,8229.080501196158,NGN per refill,Average of Apr-26,TRUE,,5KG,2,LPG_Report_APR26.zip,GAS PRICE WATCH APRIL 2026_table.xlsx,Sheet1,44,6,F44
2026-04-01,2026-04-01,5.0,STATE,Oyo,Oyo,Oyo,South West,FALSE,8699.214877374381,NGN per refill,Average of Apr-26,TRUE,,5KG,2,LPG_Report_APR26.zip,GAS PRICE WATCH APRIL 2026_table.xlsx,Sheet1,45,6,F45
2026-04-01,2026-04-01,5.0,STATE,Plateau,Plateau,Plateau,North Central,FALSE,9026.394065212946,NGN per refill,Average of Apr-26,TRUE,,5KG,2,LPG_Report_APR26.zip,GAS PRICE WATCH APRIL 2026_table.xlsx,Sheet1,10,6,F10
2026-04-01,2026-04-01,5.0,STATE,Rivers,Rivers,Rivers,South South,FALSE,8359.220085925257,NGN per refill,Average of Apr-26,TRUE,,5KG,2,LPG_Report_APR26.zip,GAS PRICE WATCH APRIL 2026_table.xlsx,Sheet1,38,6,F38
2026-04-01,2026-04-01,5.0,STATE,Sokoto,Sokoto,Sokoto,North West,FALSE,8949.518802433204,NGN per refill,Average of Apr-26,TRUE,,5KG,2,LPG_Report_APR26.zip,GAS PRICE WATCH APRIL 2026_table.xlsx,Sheet1,24,6,F24
2026-04-01,2026-04-01,5.0,STATE,Taraba,Taraba,Taraba,North East,FALSE,9039.21013696448,NGN per refill,Average of Apr-26,TRUE,,5KG,2,LPG_Report_APR26.zip,GAS PRICE WATCH APRIL 2026_table.xlsx,Sheet1,16,6,F16
2026-04-01,2026-04-01,5.0,STATE,Yobe,Yobe,Yobe,North East,FALSE,9228.22602079371,NGN per refill,Average of Apr-26,TRUE,,5KG,2,LPG_Report_APR26.zip,GAS PRICE WATCH APRIL 2026_table.xlsx,Sheet1,17,6,F17
2026-04-01,2026-04-01,5.0,STATE,Zamfara,Zamfara,Zamfara,North West,FALSE,9371.43553356753,NGN per refill,Average of Apr-26,TRUE,,5KG,2,LPG_Report_APR26.zip,GAS PRICE WATCH APRIL 2026_table.xlsx,Sheet1,25,6,F25
2026-04-01,2026-04-01,5.0,ZONE,North Central,NORTH CENTRAL,,North Central,TRUE,8774.687496918155,NGN per refill,Average of Apr-26,TRUE,,5KG,2,LPG_Report_APR26.zip,GAS PRICE WATCH APRIL 2026_table.xlsx,Sheet1,3,6,F3
2026-04-01,2026-04-01,5.0,ZONE,North East,NORTH EAST,,North East,TRUE,8847.164195488762,NGN per refill,Average of Apr-26,TRUE,,5KG,2,LPG_Report_APR26.zip,GAS PRICE WATCH APRIL 2026_table.xlsx,Sheet1,11,6,F11
2026-04-01,2026-04-01,5.0,ZONE,North West,NORTH WEST,,North West,TRUE,9025.066378488049,NGN per refill,Average of Apr-26,TRUE,,5KG,2,LPG_Report_APR26.zip,GAS PRICE WATCH APRIL 2026_table.xlsx,Sheet1,18,6,F18
2026-04-01,2026-04-01,5.0,ZONE,South East,SOUTH EAST,,South East,TRUE,8224.368065905903,NGN per refill,Average of Apr-26,TRUE,,5KG,2,LPG_Report_APR26.zip,GAS PRICE WATCH APRIL 2026_table.xlsx,Sheet1,26,6,F26
2026-04-01,2026-04-01,5.0,ZONE,South South,SOUTH SOUTH,,South South,TRUE,8808.523392311194,NGN per refill,Average of Apr-26,TRUE,,5KG,2,LPG_Report_APR26.zip,GAS PRICE WATCH APRIL 2026_table.xlsx,Sheet1,32,6,F32
2026-04-01,2026-04-01,5.0,ZONE,South West,SOUTH WEST,,South West,TRUE,8417.043548019234,NGN per refill,Average of Apr-26,TRUE,,5KG,2,LPG_Report_APR26.zip,GAS PRICE WATCH APRIL 2026_table.xlsx,Sheet1,39,6,F39
2026-04-01,2026-04-01,5.0,NATIONAL,Nigeria,Grand Total,,,TRUE,8706.93254789968,NGN per refill,Average of Apr-26,TRUE,,5KG,2,LPG_Report_APR26.zip,GAS PRICE WATCH APRIL 2026_table.xlsx,Sheet1,46,6,F46
2026-04-01,2026-04-01,12.5,STATE,Abia,Abia,Abia,South East,FALSE,20714.005068425522,NGN per refill,Average of Apr-26,TRUE,,12.5KG,2,LPG_Report_APR26.zip,GAS PRICE WATCH APRIL 2026_table.xlsx,Sheet1,27,14,N27
2026-04-01,2026-04-01,12.5,STATE,Abuja,Abuja,Abuja,North Central,FALSE,23387.659849825257,NGN per refill,Average of Apr-26,TRUE,,12.5KG,2,LPG_Report_APR26.zip,GAS PRICE WATCH APRIL 2026_table.xlsx,Sheet1,4,14,N4
2026-04-01,2026-04-01,12.5,STATE,Adamawa,Adamawa,Adamawa,North East,FALSE,22507.978210396705,NGN per refill,Average of Apr-26,TRUE,,12.5KG,2,LPG_Report_APR26.zip,GAS PRICE WATCH APRIL 2026_table.xlsx,Sheet1,12,14,N12
2026-04-01,2026-04-01,12.5,STATE,Akwa Ibom,Akwa Ibom,Akwa Ibom,South South,FALSE,24374.97295727886,NGN per refill,Average of Apr-26,TRUE,,12.5KG,2,LPG_Report_APR26.zip,GAS PRICE WATCH APRIL 2026_table.xlsx,Sheet1,33,14,N33
2026-04-01,2026-04-01,12.5,STATE,Anambra,Anambra,Anambra,South East,FALSE,20511.89651150515,NGN per refill,Average of Apr-26,TRUE,,12.5KG,2,LPG_Report_APR26.zip,GAS PRICE WATCH APRIL 2026_table.xlsx,Sheet1,28,14,N28
2026-04-01,2026-04-01,12.5,STATE,Bauchi,Bauchi,Bauchi,North East,FALSE,20178.8694051415,NGN per refill,Average of Apr-26,TRUE,,12.5KG,2,LPG_Report_APR26.zip,GAS PRICE WATCH APRIL 2026_table.xlsx,Sheet1,13,14,N13
2026-04-01,2026-04-01,12.5,STATE,Bayelsa,Bayelsa,Bayelsa,South South,FALSE,23556.84216526443,NGN per refill,Average of Apr-26,TRUE,,12.5KG,2,LPG_Report_APR26.zip,GAS PRICE WATCH APRIL 2026_table.xlsx,Sheet1,34,14,N34
2026-04-01,2026-04-01,12.5,STATE,Benue,Benue,Benue,North Central,FALSE,22014.255289083492,NGN per refill,Average of Apr-26,TRUE,,12.5KG,2,LPG_Report_APR26.zip,GAS PRICE WATCH APRIL 2026_table.xlsx,Sheet1,5,14,N5
2026-04-01,2026-04-01,12.5,STATE,Borno,Borno,Borno,North East,FALSE,22413.05571167554,NGN per refill,Average of Apr-26,TRUE,,12.5KG,2,LPG_Report_APR26.zip,GAS PRICE WATCH APRIL 2026_table.xlsx,Sheet1,14,14,N14
2026-04-01,2026-04-01,12.5,STATE,Cross River,Cross River,Cross River,South South,FALSE,22682.23170012011,NGN per refill,Average of Apr-26,TRUE,,12.5KG,2,LPG_Report_APR26.zip,GAS PRICE WATCH APRIL 2026_table.xlsx,Sheet1,35,14,N35
2026-04-01,2026-04-01,12.5,STATE,Delta,Delta,Delta,South South,FALSE,21335.876978457552,NGN per refill,Average of Apr-26,TRUE,,12.5KG,2,LPG_Report_APR26.zip,GAS PRICE WATCH APRIL 2026_table.xlsx,Sheet1,36,14,N36
2026-04-01,2026-04-01,12.5,STATE,Ebonyi,Ebonyi,Ebonyi,South East,FALSE,21343.663817103756,NGN per refill,Average of Apr-26,TRUE,,12.5KG,2,LPG_Report_APR26.zip,GAS PRICE WATCH APRIL 2026_table.xlsx,Sheet1,29,14,N29
2026-04-01,2026-04-01,12.5,STATE,Edo,Edo,Edo,South South,FALSE,21779.876868733827,NGN per refill,Average of Apr-26,TRUE,,12.5KG,2,LPG_Report_APR26.zip,GAS PRICE WATCH APRIL 2026_table.xlsx,Sheet1,37,14,N37
2026-04-01,2026-04-01,12.5,STATE,Ekiti,Ekiti,Ekiti,South West,FALSE,21909.073204352007,NGN per refill,Average of Apr-26,TRUE,,12.5KG,2,LPG_Report_APR26.zip,GAS PRICE WATCH APRIL 2026_table.xlsx,Sheet1,40,14,N40
2026-04-01,2026-04-01,12.5,STATE,Enugu,Enugu,Enugu,South East,FALSE,22113.2712576343,NGN per refill,Average of Apr-26,TRUE,,12.5KG,2,LPG_Report_APR26.zip,GAS PRICE WATCH APRIL 2026_table.xlsx,Sheet1,30,14,N30
2026-04-01,2026-04-01,12.5,STATE,Gombe,Gombe,Gombe,North East,FALSE,24438.969210722225,NGN per refill,Average of Apr-26,TRUE,,12.5KG,2,LPG_Report_APR26.zip,GAS PRICE WATCH APRIL 2026_table.xlsx,Sheet1,15,14,N15
2026-04-01,2026-04-01,12.5,STATE,Imo,Imo,Imo,South East,FALSE,20621.764169155067,NGN per refill,Average of Apr-26,TRUE,,12.5KG,2,LPG_Report_APR26.zip,GAS PRICE WATCH APRIL 2026_table.xlsx,Sheet1,31,14,N31
2026-04-01,2026-04-01,12.5,STATE,Jigawa,Jigawa,Jigawa,North West,FALSE,22934.531376644394,NGN per refill,Average of Apr-26,TRUE,,12.5KG,2,LPG_Report_APR26.zip,GAS PRICE WATCH APRIL 2026_table.xlsx,Sheet1,19,14,N19
2026-04-01,2026-04-01,12.5,STATE,Kaduna,Kaduna,Kaduna,North West,FALSE,22298.22664432033,NGN per refill,Average of Apr-26,TRUE,,12.5KG,2,LPG_Report_APR26.zip,GAS PRICE WATCH APRIL 2026_table.xlsx,Sheet1,20,14,N20
2026-04-01,2026-04-01,12.5,STATE,Kano,Kano,Kano,North West,FALSE,22702.80333922461,NGN per refill,Average of Apr-26,TRUE,,12.5KG,2,LPG_Report_APR26.zip,GAS PRICE WATCH APRIL 2026_table.xlsx,Sheet1,21,14,N21
2026-04-01,2026-04-01,12.5,STATE,Katsina,Katsina,Katsina,North West,FALSE,25596.71260873459,NGN per refill,Average of Apr-26,TRUE,,12.5KG,2,LPG_Report_APR26.zip,GAS PRICE WATCH APRIL 2026_table.xlsx,Sheet1,22,14,N22
2026-04-01,2026-04-01,12.5,STATE,Kebbi,Kebbi,Kebbi,North West,FALSE,23604.00181461517,NGN per refill,Average of Apr-26,TRUE,,12.5KG,2,LPG_Report_APR26.zip,GAS PRICE WATCH APRIL 2026_table.xlsx,Sheet1,23,14,N23
2026-04-01,2026-04-01,12.5,STATE,Kogi,Kogi,Kogi,North Central,FALSE,24558.248782257942,NGN per refill,Average of Apr-26,TRUE,,12.5KG,2,LPG_Report_APR26.zip,GAS PRICE WATCH APRIL 2026_table.xlsx,Sheet1,6,14,N6
2026-04-01,2026-04-01,12.5,STATE,Kwara,Kwara,Kwara,North Central,FALSE,21833.139069175755,NGN per refill,Average of Apr-26,TRUE,,12.5KG,2,LPG_Report_APR26.zip,GAS PRICE WATCH APRIL 2026_table.xlsx,Sheet1,7,14,N7
2026-04-01,2026-04-01,12.5,STATE,Lagos,Lagos,Lagos,South West,FALSE,24362.753198627364,NGN per refill,Average of Apr-26,TRUE,,12.5KG,2,LPG_Report_APR26.zip,GAS PRICE WATCH APRIL 2026_table.xlsx,Sheet1,41,14,N41
2026-04-01,2026-04-01,12.5,STATE,Nasarawa,Nasarawa,Nasarawa,North Central,FALSE,23629.259840774765,NGN per refill,Average of Apr-26,TRUE,,12.5KG,2,LPG_Report_APR26.zip,GAS PRICE WATCH APRIL 2026_table.xlsx,Sheet1,8,14,N8
2026-04-01,2026-04-01,12.5,STATE,Niger,Niger,Niger,North Central,FALSE,22068.483201918134,NGN per refill,Average of Apr-26,TRUE,,12.5KG,2,LPG_Report_APR26.zip,GAS PRICE WATCH APRIL 2026_table.xlsx,Sheet1,9,14,N9
2026-04-01,2026-04-01,12.5,STATE,Ogun,Ogun,Ogun,South West,FALSE,19564.362862608054,NGN per refill,Average of Apr-26,TRUE,,12.5KG,2,LPG_Report_APR26.zip,GAS PRICE WATCH APRIL 2026_table.xlsx,Sheet1,42,14,N42
2026-04-01,2026-04-01,12.5,STATE,Ondo,Ondo,Ondo,South West,FALSE,21848.725508274758,NGN per refill,Average of Apr-26,TRUE,,12.5KG,2,LPG_Report_APR26.zip,GAS PRICE WATCH APRIL 2026_table.xlsx,Sheet1,43,14,N43
2026-04-01,2026-04-01,12.5,STATE,Osun,Osun,Osun,South West,FALSE,20572.701252990395,NGN per refill,Average of Apr-26,TRUE,,12.5KG,2,LPG_Report_APR26.zip,GAS PRICE WATCH APRIL 2026_table.xlsx,Sheet1,44,14,N44
2026-04-01,2026-04-01,12.5,STATE,Oyo,Oyo,Oyo,South West,FALSE,21748.037193435954,NGN per refill,Average of Apr-26,TRUE,,12.5KG,2,LPG_Report_APR26.zip,GAS PRICE WATCH APRIL 2026_table.xlsx,Sheet1,45,14,N45
2026-04-01,2026-04-01,12.5,STATE,Plateau,Plateau,Plateau,North Central,FALSE,22565.985163032365,NGN per refill,Average of Apr-26,TRUE,,12.5KG,2,LPG_Report_APR26.zip,GAS PRICE WATCH APRIL 2026_table.xlsx,Sheet1,10,14,N10
2026-04-01,2026-04-01,12.5,STATE,Rivers,Rivers,Rivers,South South,FALSE,20898.05021481314,NGN per refill,Average of Apr-26,TRUE,,12.5KG,2,LPG_Report_APR26.zip,GAS PRICE WATCH APRIL 2026_table.xlsx,Sheet1,38,14,N38
2026-04-01,2026-04-01,12.5,STATE,Sokoto,Sokoto,Sokoto,North West,FALSE,22373.79700608301,NGN per refill,Average of Apr-26,TRUE,,12.5KG,2,LPG_Report_APR26.zip,GAS PRICE WATCH APRIL 2026_table.xlsx,Sheet1,24,14,N24
2026-04-01,2026-04-01,12.5,STATE,Taraba,Taraba,Taraba,North East,FALSE,22598.0253424112,NGN per refill,Average of Apr-26,TRUE,,12.5KG,2,LPG_Report_APR26.zip,GAS PRICE WATCH APRIL 2026_table.xlsx,Sheet1,16,14,N16
2026-04-01,2026-04-01,12.5,STATE,Yobe,Yobe,Yobe,North East,FALSE,23070.56505198428,NGN per refill,Average of Apr-26,TRUE,,12.5KG,2,LPG_Report_APR26.zip,GAS PRICE WATCH APRIL 2026_table.xlsx,Sheet1,17,14,N17
2026-04-01,2026-04-01,12.5,STATE,Zamfara,Zamfara,Zamfara,North West,FALSE,23428.588833918824,NGN per refill,Average of Apr-26,TRUE,,12.5KG,2,LPG_Report_APR26.zip,GAS PRICE WATCH APRIL 2026_table.xlsx,Sheet1,25,14,N25
2026-04-01,2026-04-01,12.5,ZONE,North Central,NORTH CENTRAL,,North Central,TRUE,22865.290170866818,NGN per refill,Average of Apr-26,TRUE,,12.5KG,2,LPG_Report_APR26.zip,GAS PRICE WATCH APRIL 2026_table.xlsx,Sheet1,3,14,N3
2026-04-01,2026-04-01,12.5,ZONE,North East,NORTH EAST,,North East,TRUE,22534.577155388575,NGN per refill,Average of Apr-26,TRUE,,12.5KG,2,LPG_Report_APR26.zip,GAS PRICE WATCH APRIL 2026_table.xlsx,Sheet1,11,14,N11
2026-04-01,2026-04-01,12.5,ZONE,North West,NORTH WEST,,North West,TRUE,23276.951660505845,NGN per refill,Average of Apr-26,TRUE,,12.5KG,2,LPG_Report_APR26.zip,GAS PRICE WATCH APRIL 2026_table.xlsx,Sheet1,18,14,N18
2026-04-01,2026-04-01,12.5,ZONE,South East,SOUTH EAST,,South East,TRUE,21060.92016476476,NGN per refill,Average of Apr-26,TRUE,,12.5KG,2,LPG_Report_APR26.zip,GAS PRICE WATCH APRIL 2026_table.xlsx,Sheet1,26,14,N26
2026-04-01,2026-04-01,12.5,ZONE,South South,SOUTH SOUTH,,South South,TRUE,22437.975147444653,NGN per refill,Average of Apr-26,TRUE,,12.5KG,2,LPG_Report_APR26.zip,GAS PRICE WATCH APRIL 2026_table.xlsx,Sheet1,32,14,N32
2026-04-01,2026-04-01,12.5,ZONE,South West,SOUTH WEST,,South West,TRUE,21667.608870048087,NGN per refill,Average of Apr-26,TRUE,,12.5KG,2,LPG_Report_APR26.zip,GAS PRICE WATCH APRIL 2026_table.xlsx,Sheet1,39,14,N39
2026-04-01,2026-04-01,12.5,NATIONAL,Nigeria,Grand Total,,,TRUE,22382.19623461406,NGN per refill,Average of Apr-26,TRUE,,12.5KG,2,LPG_Report_APR26.zip,GAS PRICE WATCH APRIL 2026_table.xlsx,Sheet1,46,14,N46
