release_month,observation_month,geography_type,geography_name,geography_raw_label,state,zone,is_aggregate,price_ngn_per_litre,unit,source_period_label,is_primary_release,source_anomaly,header_row_used,source_file,source_member,source_sheet,source_row,source_column_index,source_cell_reference
2025-01-01,2024-01-01,STATE,Abia,Abia,Abia,South East,FALSE,1171.08675799087,NGN per litre,2024-01-14,FALSE,,1,AGO_JAN_2025.xlsx,,DIESEL JANUARY 2025 ,26,2,B26
2025-01-01,2024-01-01,STATE,Abuja,Abuja,Abuja,North Central,FALSE,1226.7,NGN per litre,2024-01-14,FALSE,,1,AGO_JAN_2025.xlsx,,DIESEL JANUARY 2025 ,3,2,B3
2025-01-01,2024-01-01,STATE,Adamawa,Adamawa,Adamawa,North East,FALSE,1100,NGN per litre,2024-01-14,FALSE,,1,AGO_JAN_2025.xlsx,,DIESEL JANUARY 2025 ,11,2,B11
2025-01-01,2024-01-01,STATE,Akwa Ibom,Akwa Ibom,Akwa Ibom,South South,FALSE,1123,NGN per litre,2024-01-14,FALSE,,1,AGO_JAN_2025.xlsx,,DIESEL JANUARY 2025 ,32,2,B32
2025-01-01,2024-01-01,STATE,Anambra,Anambra,Anambra,South East,FALSE,1186.66666666667,NGN per litre,2024-01-14,FALSE,,1,AGO_JAN_2025.xlsx,,DIESEL JANUARY 2025 ,27,2,B27
2025-01-01,2024-01-01,STATE,Bauchi,Bauchi,Bauchi,North East,FALSE,1050,NGN per litre,2024-01-14,FALSE,,1,AGO_JAN_2025.xlsx,,DIESEL JANUARY 2025 ,12,2,B12
2025-01-01,2024-01-01,STATE,Bayelsa,Bayelsa,Bayelsa,South South,FALSE,1154,NGN per litre,2024-01-14,FALSE,,1,AGO_JAN_2025.xlsx,,DIESEL JANUARY 2025 ,33,2,B33
2025-01-01,2024-01-01,STATE,Benue,Benue,Benue,North Central,FALSE,1183.88888888889,NGN per litre,2024-01-14,FALSE,,1,AGO_JAN_2025.xlsx,,DIESEL JANUARY 2025 ,4,2,B4
2025-01-01,2024-01-01,STATE,Borno,Borno,Borno,North East,FALSE,927.272727272727,NGN per litre,2024-01-14,FALSE,,1,AGO_JAN_2025.xlsx,,DIESEL JANUARY 2025 ,13,2,B13
2025-01-01,2024-01-01,STATE,Cross River,Cross River,Cross River,South South,FALSE,1154.28571428571,NGN per litre,2024-01-14,FALSE,,1,AGO_JAN_2025.xlsx,,DIESEL JANUARY 2025 ,34,2,B34
2025-01-01,2024-01-01,STATE,Delta,Delta,Delta,South South,FALSE,1091.42857142857,NGN per litre,2024-01-14,FALSE,,1,AGO_JAN_2025.xlsx,,DIESEL JANUARY 2025 ,35,2,B35
2025-01-01,2024-01-01,STATE,Ebonyi,Ebonyi,Ebonyi,South East,FALSE,1158.33333333333,NGN per litre,2024-01-14,FALSE,,1,AGO_JAN_2025.xlsx,,DIESEL JANUARY 2025 ,28,2,B28
2025-01-01,2024-01-01,STATE,Edo,Edo,Edo,South South,FALSE,1210,NGN per litre,2024-01-14,FALSE,,1,AGO_JAN_2025.xlsx,,DIESEL JANUARY 2025 ,36,2,B36
2025-01-01,2024-01-01,STATE,Ekiti,Ekiti,Ekiti,South West,FALSE,1204.07534246575,NGN per litre,2024-01-14,FALSE,,1,AGO_JAN_2025.xlsx,,DIESEL JANUARY 2025 ,39,2,B39
2025-01-01,2024-01-01,STATE,Enugu,Enugu,Enugu,South East,FALSE,1194.44444444444,NGN per litre,2024-01-14,FALSE,,1,AGO_JAN_2025.xlsx,,DIESEL JANUARY 2025 ,29,2,B29
2025-01-01,2024-01-01,STATE,Gombe,Gombe,Gombe,North East,FALSE,1200,NGN per litre,2024-01-14,FALSE,,1,AGO_JAN_2025.xlsx,,DIESEL JANUARY 2025 ,14,2,B14
2025-01-01,2024-01-01,STATE,Imo,Imo,Imo,South East,FALSE,1179.7619047619,NGN per litre,2024-01-14,FALSE,,1,AGO_JAN_2025.xlsx,,DIESEL JANUARY 2025 ,30,2,B30
2025-01-01,2024-01-01,STATE,Jigawa,Jigawa,Jigawa,North West,FALSE,1193.63636363636,NGN per litre,2024-01-14,FALSE,,1,AGO_JAN_2025.xlsx,,DIESEL JANUARY 2025 ,18,2,B18
2025-01-01,2024-01-01,STATE,Kaduna,Kaduna,Kaduna,North West,FALSE,1100,NGN per litre,2024-01-14,FALSE,,1,AGO_JAN_2025.xlsx,,DIESEL JANUARY 2025 ,19,2,B19
2025-01-01,2024-01-01,STATE,Kano,Kano,Kano,North West,FALSE,940.888888888889,NGN per litre,2024-01-14,FALSE,,1,AGO_JAN_2025.xlsx,,DIESEL JANUARY 2025 ,20,2,B20
2025-01-01,2024-01-01,STATE,Katsina,Katsina,Katsina,North West,FALSE,1066.66666666667,NGN per litre,2024-01-14,FALSE,,1,AGO_JAN_2025.xlsx,,DIESEL JANUARY 2025 ,21,2,B21
2025-01-01,2024-01-01,STATE,Kebbi,Kebbi,Kebbi,North West,FALSE,1433.33313333333,NGN per litre,2024-01-14,FALSE,,1,AGO_JAN_2025.xlsx,,DIESEL JANUARY 2025 ,22,2,B22
2025-01-01,2024-01-01,STATE,Kogi,Kogi,Kogi,North Central,FALSE,1300,NGN per litre,2024-01-14,FALSE,,1,AGO_JAN_2025.xlsx,,DIESEL JANUARY 2025 ,5,2,B5
2025-01-01,2024-01-01,STATE,Kwara,Kwara,Kwara,North Central,FALSE,1134.70634920635,NGN per litre,2024-01-14,FALSE,,1,AGO_JAN_2025.xlsx,,DIESEL JANUARY 2025 ,6,2,B6
2025-01-01,2024-01-01,STATE,Lagos,Lagos,Lagos,South West,FALSE,1199.79452054795,NGN per litre,2024-01-14,FALSE,,1,AGO_JAN_2025.xlsx,,DIESEL JANUARY 2025 ,40,2,B40
2025-01-01,2024-01-01,STATE,Nasarawa,Nassarawa,Nasarawa,North Central,FALSE,1146,NGN per litre,2024-01-14,FALSE,,1,AGO_JAN_2025.xlsx,,DIESEL JANUARY 2025 ,7,2,B7
2025-01-01,2024-01-01,STATE,Niger,Niger,Niger,North Central,FALSE,1217.79333333333,NGN per litre,2024-01-14,FALSE,,1,AGO_JAN_2025.xlsx,,DIESEL JANUARY 2025 ,8,2,B8
2025-01-01,2024-01-01,STATE,Ogun,Ogun,Ogun,South West,FALSE,1182.30593607306,NGN per litre,2024-01-14,FALSE,,1,AGO_JAN_2025.xlsx,,DIESEL JANUARY 2025 ,41,2,B41
2025-01-01,2024-01-01,STATE,Ondo,Ondo,Ondo,South West,FALSE,1172.51467710372,NGN per litre,2024-01-14,FALSE,,1,AGO_JAN_2025.xlsx,,DIESEL JANUARY 2025 ,42,2,B42
2025-01-01,2024-01-01,STATE,Osun,Osun,Osun,South West,FALSE,1174.93911719939,NGN per litre,2024-01-14,FALSE,,1,AGO_JAN_2025.xlsx,,DIESEL JANUARY 2025 ,43,2,B43
2025-01-01,2024-01-01,STATE,Oyo,Oyo,Oyo,South West,FALSE,1173.6195995785,NGN per litre,2024-01-14,FALSE,,1,AGO_JAN_2025.xlsx,,DIESEL JANUARY 2025 ,44,2,B44
2025-01-01,2024-01-01,STATE,Plateau,Plateau,Plateau,North Central,FALSE,1226.69,NGN per litre,2024-01-14,FALSE,,1,AGO_JAN_2025.xlsx,,DIESEL JANUARY 2025 ,9,2,B9
2025-01-01,2024-01-01,STATE,Rivers,Rivers,Rivers,South South,FALSE,1008.88888888889,NGN per litre,2024-01-14,FALSE,,1,AGO_JAN_2025.xlsx,,DIESEL JANUARY 2025 ,37,2,B37
2025-01-01,2024-01-01,STATE,Sokoto,Sokoto,Sokoto,North West,FALSE,1125,NGN per litre,2024-01-14,FALSE,,1,AGO_JAN_2025.xlsx,,DIESEL JANUARY 2025 ,23,2,B23
2025-01-01,2024-01-01,STATE,Taraba,Taraba,Taraba,North East,FALSE,988.333333333333,NGN per litre,2024-01-14,FALSE,,1,AGO_JAN_2025.xlsx,,DIESEL JANUARY 2025 ,15,2,B15
2025-01-01,2024-01-01,STATE,Yobe,Yobe,Yobe,North East,FALSE,1178.57142857143,NGN per litre,2024-01-14,FALSE,,1,AGO_JAN_2025.xlsx,,DIESEL JANUARY 2025 ,16,2,B16
2025-01-01,2024-01-01,STATE,Zamfara,Zamfara,Zamfara,North West,FALSE,1182.595,NGN per litre,2024-01-14,FALSE,,1,AGO_JAN_2025.xlsx,,DIESEL JANUARY 2025 ,24,2,B24
2025-01-01,2024-01-01,ZONE,North Central,NORTH CENTRAL,,North Central,TRUE,1205.1112244898,NGN per litre,2024-01-14,FALSE,,1,AGO_JAN_2025.xlsx,,DIESEL JANUARY 2025 ,2,2,B2
2025-01-01,2024-01-01,ZONE,North East,NORTH EAST,,North East,TRUE,1074.02958152958,NGN per litre,2024-01-14,FALSE,,1,AGO_JAN_2025.xlsx,,DIESEL JANUARY 2025 ,10,2,B10
2025-01-01,2024-01-01,ZONE,North West,NORTH WEST,,North West,TRUE,1148.87429321789,NGN per litre,2024-01-14,FALSE,,1,AGO_JAN_2025.xlsx,,DIESEL JANUARY 2025 ,17,2,B17
2025-01-01,2024-01-01,ZONE,South East,SOUTH EAST,,South East,TRUE,1178.05862143944,NGN per litre,2024-01-14,FALSE,,1,AGO_JAN_2025.xlsx,,DIESEL JANUARY 2025 ,25,2,B25
2025-01-01,2024-01-01,ZONE,South South,SOUTH SOUTH,,South South,TRUE,1123.60052910053,NGN per litre,2024-01-14,FALSE,,1,AGO_JAN_2025.xlsx,,DIESEL JANUARY 2025 ,31,2,B31
2025-01-01,2024-01-01,ZONE,South West,SOUTH WEST,,South West,TRUE,1184.5415321614,NGN per litre,2024-01-14,FALSE,,1,AGO_JAN_2025.xlsx,,DIESEL JANUARY 2025 ,38,2,B38
2025-01-01,2024-01-01,NATIONAL,Nigeria,NATIONAL,,,TRUE,1153.00598886216,NGN per litre,2024-01-14,FALSE,,1,AGO_JAN_2025.xlsx,,DIESEL JANUARY 2025 ,45,2,B45
2025-01-01,2024-12-01,STATE,Abia,Abia,Abia,South East,FALSE,1350.2,NGN per litre,2024-12-14,FALSE,,1,AGO_JAN_2025.xlsx,,DIESEL JANUARY 2025 ,26,3,C26
2025-01-01,2024-12-01,STATE,Abuja,Abuja,Abuja,North Central,FALSE,1325,NGN per litre,2024-12-14,FALSE,,1,AGO_JAN_2025.xlsx,,DIESEL JANUARY 2025 ,3,3,C3
2025-01-01,2024-12-01,STATE,Adamawa,Adamawa,Adamawa,North East,FALSE,1500,NGN per litre,2024-12-14,FALSE,,1,AGO_JAN_2025.xlsx,,DIESEL JANUARY 2025 ,11,3,C11
2025-01-01,2024-12-01,STATE,Akwa Ibom,Akwa Ibom,Akwa Ibom,South South,FALSE,1448.5,NGN per litre,2024-12-14,FALSE,,1,AGO_JAN_2025.xlsx,,DIESEL JANUARY 2025 ,32,3,C32
2025-01-01,2024-12-01,STATE,Anambra,Anambra,Anambra,South East,FALSE,1310.73001098633,NGN per litre,2024-12-14,FALSE,,1,AGO_JAN_2025.xlsx,,DIESEL JANUARY 2025 ,27,3,C27
2025-01-01,2024-12-01,STATE,Bauchi,Bauchi,Bauchi,North East,FALSE,2300,NGN per litre,2024-12-14,FALSE,,1,AGO_JAN_2025.xlsx,,DIESEL JANUARY 2025 ,12,3,C12
2025-01-01,2024-12-01,STATE,Bayelsa,Bayelsa,Bayelsa,South South,FALSE,1608.33333333333,NGN per litre,2024-12-14,FALSE,,1,AGO_JAN_2025.xlsx,,DIESEL JANUARY 2025 ,33,3,C33
2025-01-01,2024-12-01,STATE,Benue,Benue,Benue,North Central,FALSE,1780,NGN per litre,2024-12-14,FALSE,,1,AGO_JAN_2025.xlsx,,DIESEL JANUARY 2025 ,4,3,C4
2025-01-01,2024-12-01,STATE,Borno,Borno,Borno,North East,FALSE,1725.47978210449,NGN per litre,2024-12-14,FALSE,,1,AGO_JAN_2025.xlsx,,DIESEL JANUARY 2025 ,13,3,C13
2025-01-01,2024-12-01,STATE,Cross River,Cross River,Cross River,South South,FALSE,1381.59858398437,NGN per litre,2024-12-14,FALSE,,1,AGO_JAN_2025.xlsx,,DIESEL JANUARY 2025 ,34,3,C34
2025-01-01,2024-12-01,STATE,Delta,Delta,Delta,South South,FALSE,1475,NGN per litre,2024-12-14,FALSE,,1,AGO_JAN_2025.xlsx,,DIESEL JANUARY 2025 ,35,3,C35
2025-01-01,2024-12-01,STATE,Ebonyi,Ebonyi,Ebonyi,South East,FALSE,1332.01416015625,NGN per litre,2024-12-14,FALSE,,1,AGO_JAN_2025.xlsx,,DIESEL JANUARY 2025 ,28,3,C28
2025-01-01,2024-12-01,STATE,Edo,Edo,Edo,South South,FALSE,1400,NGN per litre,2024-12-14,FALSE,,1,AGO_JAN_2025.xlsx,,DIESEL JANUARY 2025 ,36,3,C36
2025-01-01,2024-12-01,STATE,Ekiti,Ekiti,Ekiti,South West,FALSE,1257.85714285714,NGN per litre,2024-12-14,FALSE,,1,AGO_JAN_2025.xlsx,,DIESEL JANUARY 2025 ,39,3,C39
2025-01-01,2024-12-01,STATE,Enugu,Enugu,Enugu,South East,FALSE,1422.57444932726,NGN per litre,2024-12-14,FALSE,,1,AGO_JAN_2025.xlsx,,DIESEL JANUARY 2025 ,29,3,C29
2025-01-01,2024-12-01,STATE,Gombe,Gombe,Gombe,North East,FALSE,1479.17080078125,NGN per litre,2024-12-14,FALSE,,1,AGO_JAN_2025.xlsx,,DIESEL JANUARY 2025 ,14,3,C14
2025-01-01,2024-12-01,STATE,Imo,Imo,Imo,South East,FALSE,1307.375,NGN per litre,2024-12-14,FALSE,,1,AGO_JAN_2025.xlsx,,DIESEL JANUARY 2025 ,30,3,C30
2025-01-01,2024-12-01,STATE,Jigawa,Jigawa,Jigawa,North West,FALSE,1433.33333333333,NGN per litre,2024-12-14,FALSE,,1,AGO_JAN_2025.xlsx,,DIESEL JANUARY 2025 ,18,3,C18
2025-01-01,2024-12-01,STATE,Kaduna,Kaduna,Kaduna,North West,FALSE,1311.53846153846,NGN per litre,2024-12-14,FALSE,,1,AGO_JAN_2025.xlsx,,DIESEL JANUARY 2025 ,19,3,C19
2025-01-01,2024-12-01,STATE,Kano,Kano,Kano,North West,FALSE,1405.55555555556,NGN per litre,2024-12-14,FALSE,,1,AGO_JAN_2025.xlsx,,DIESEL JANUARY 2025 ,20,3,C20
2025-01-01,2024-12-01,STATE,Katsina,Katsina,Katsina,North West,FALSE,1350,NGN per litre,2024-12-14,FALSE,,1,AGO_JAN_2025.xlsx,,DIESEL JANUARY 2025 ,21,3,C21
2025-01-01,2024-12-01,STATE,Kebbi,Kebbi,Kebbi,North West,FALSE,1340,NGN per litre,2024-12-14,FALSE,,1,AGO_JAN_2025.xlsx,,DIESEL JANUARY 2025 ,22,3,C22
2025-01-01,2024-12-01,STATE,Kogi,Kogi,Kogi,North Central,FALSE,1282.5,NGN per litre,2024-12-14,FALSE,,1,AGO_JAN_2025.xlsx,,DIESEL JANUARY 2025 ,5,3,C5
2025-01-01,2024-12-01,STATE,Kwara,Kwara,Kwara,North Central,FALSE,1433.33333333333,NGN per litre,2024-12-14,FALSE,,1,AGO_JAN_2025.xlsx,,DIESEL JANUARY 2025 ,6,3,C6
2025-01-01,2024-12-01,STATE,Lagos,Lagos,Lagos,South West,FALSE,1215,NGN per litre,2024-12-14,FALSE,,1,AGO_JAN_2025.xlsx,,DIESEL JANUARY 2025 ,40,3,C40
2025-01-01,2024-12-01,STATE,Nasarawa,Nassarawa,Nasarawa,North Central,FALSE,1550,NGN per litre,2024-12-14,FALSE,,1,AGO_JAN_2025.xlsx,,DIESEL JANUARY 2025 ,7,3,C7
2025-01-01,2024-12-01,STATE,Niger,Niger,Niger,North Central,FALSE,1481.25,NGN per litre,2024-12-14,FALSE,,1,AGO_JAN_2025.xlsx,,DIESEL JANUARY 2025 ,8,3,C8
2025-01-01,2024-12-01,STATE,Ogun,Ogun,Ogun,South West,FALSE,1231.63636363636,NGN per litre,2024-12-14,FALSE,,1,AGO_JAN_2025.xlsx,,DIESEL JANUARY 2025 ,41,3,C41
2025-01-01,2024-12-01,STATE,Ondo,Ondo,Ondo,South West,FALSE,1395.45454545455,NGN per litre,2024-12-14,FALSE,,1,AGO_JAN_2025.xlsx,,DIESEL JANUARY 2025 ,42,3,C42
2025-01-01,2024-12-01,STATE,Osun,Osun,Osun,South West,FALSE,1363.63636363636,NGN per litre,2024-12-14,FALSE,,1,AGO_JAN_2025.xlsx,,DIESEL JANUARY 2025 ,43,3,C43
2025-01-01,2024-12-01,STATE,Oyo,Oyo,Oyo,South West,FALSE,1348.66666666667,NGN per litre,2024-12-14,FALSE,,1,AGO_JAN_2025.xlsx,,DIESEL JANUARY 2025 ,44,3,C44
2025-01-01,2024-12-01,STATE,Plateau,Plateau,Plateau,North Central,FALSE,1650,NGN per litre,2024-12-14,FALSE,,1,AGO_JAN_2025.xlsx,,DIESEL JANUARY 2025 ,9,3,C9
2025-01-01,2024-12-01,STATE,Rivers,Rivers,Rivers,South South,FALSE,1471.42857142857,NGN per litre,2024-12-14,FALSE,,1,AGO_JAN_2025.xlsx,,DIESEL JANUARY 2025 ,37,3,C37
2025-01-01,2024-12-01,STATE,Sokoto,Sokoto,Sokoto,North West,FALSE,1575,NGN per litre,2024-12-14,FALSE,,1,AGO_JAN_2025.xlsx,,DIESEL JANUARY 2025 ,23,3,C23
2025-01-01,2024-12-01,STATE,Taraba,Taraba,Taraba,North East,FALSE,1537.78361002604,NGN per litre,2024-12-14,FALSE,,1,AGO_JAN_2025.xlsx,,DIESEL JANUARY 2025 ,15,3,C15
2025-01-01,2024-12-01,STATE,Yobe,Yobe,Yobe,North East,FALSE,1467.52129255022,NGN per litre,2024-12-14,FALSE,,1,AGO_JAN_2025.xlsx,,DIESEL JANUARY 2025 ,16,3,C16
2025-01-01,2024-12-01,STATE,Zamfara,Zamfara,Zamfara,North West,FALSE,1314.28571428571,NGN per litre,2024-12-14,FALSE,,1,AGO_JAN_2025.xlsx,,DIESEL JANUARY 2025 ,24,3,C24
2025-01-01,2024-12-01,ZONE,North Central,NORTH CENTRAL,,North Central,TRUE,1500.29761904762,NGN per litre,2024-12-14,FALSE,,1,AGO_JAN_2025.xlsx,,DIESEL JANUARY 2025 ,2,3,C2
2025-01-01,2024-12-01,ZONE,North East,NORTH EAST,,North East,TRUE,1668.32591424367,NGN per litre,2024-12-14,FALSE,,1,AGO_JAN_2025.xlsx,,DIESEL JANUARY 2025 ,10,3,C10
2025-01-01,2024-12-01,ZONE,North West,NORTH WEST,,North West,TRUE,1389.95900924472,NGN per litre,2024-12-14,FALSE,,1,AGO_JAN_2025.xlsx,,DIESEL JANUARY 2025 ,17,3,C17
2025-01-01,2024-12-01,ZONE,South East,SOUTH EAST,,South East,TRUE,1344.57872409397,NGN per litre,2024-12-14,FALSE,,1,AGO_JAN_2025.xlsx,,DIESEL JANUARY 2025 ,25,3,C25
2025-01-01,2024-12-01,ZONE,South South,SOUTH SOUTH,,South South,TRUE,1464.14341479105,NGN per litre,2024-12-14,FALSE,,1,AGO_JAN_2025.xlsx,,DIESEL JANUARY 2025 ,31,3,C31
2025-01-01,2024-12-01,ZONE,South West,SOUTH WEST,,South West,TRUE,1302.04184704185,NGN per litre,2024-12-14,FALSE,,1,AGO_JAN_2025.xlsx,,DIESEL JANUARY 2025 ,38,3,C38
2025-01-01,2024-12-01,NATIONAL,Nigeria,NATIONAL,,,TRUE,1447.61505608042,NGN per litre,2024-12-14,FALSE,,1,AGO_JAN_2025.xlsx,,DIESEL JANUARY 2025 ,45,3,C45
2025-01-01,2025-01-01,STATE,Abia,Abia,Abia,South East,FALSE,1508.10127633333,NGN per litre,2025-01-14,TRUE,,1,AGO_JAN_2025.xlsx,,DIESEL JANUARY 2025 ,26,4,D26
2025-01-01,2025-01-01,STATE,Abuja,Abuja,Abuja,North Central,FALSE,1960,NGN per litre,2025-01-14,TRUE,,1,AGO_JAN_2025.xlsx,,DIESEL JANUARY 2025 ,3,4,D3
2025-01-01,2025-01-01,STATE,Adamawa,Adamawa,Adamawa,North East,FALSE,1800,NGN per litre,2025-01-14,TRUE,,1,AGO_JAN_2025.xlsx,,DIESEL JANUARY 2025 ,11,4,D11
2025-01-01,2025-01-01,STATE,Akwa Ibom,Akwa Ibom,Akwa Ibom,South South,FALSE,1714.28571428571,NGN per litre,2025-01-14,TRUE,,1,AGO_JAN_2025.xlsx,,DIESEL JANUARY 2025 ,32,4,D32
2025-01-01,2025-01-01,STATE,Anambra,Anambra,Anambra,South East,FALSE,1225,NGN per litre,2025-01-14,TRUE,,1,AGO_JAN_2025.xlsx,,DIESEL JANUARY 2025 ,27,4,D27
2025-01-01,2025-01-01,STATE,Bauchi,Bauchi,Bauchi,North East,FALSE,2000,NGN per litre,2025-01-14,TRUE,,1,AGO_JAN_2025.xlsx,,DIESEL JANUARY 2025 ,12,4,D12
2025-01-01,2025-01-01,STATE,Bayelsa,Bayelsa,Bayelsa,South South,FALSE,1700,NGN per litre,2025-01-14,TRUE,,1,AGO_JAN_2025.xlsx,,DIESEL JANUARY 2025 ,33,4,D33
2025-01-01,2025-01-01,STATE,Benue,Benue,Benue,North Central,FALSE,1925,NGN per litre,2025-01-14,TRUE,,1,AGO_JAN_2025.xlsx,,DIESEL JANUARY 2025 ,4,4,D4
2025-01-01,2025-01-01,STATE,Borno,Borno,Borno,North East,FALSE,1550,NGN per litre,2025-01-14,TRUE,,1,AGO_JAN_2025.xlsx,,DIESEL JANUARY 2025 ,13,4,D13
2025-01-01,2025-01-01,STATE,Cross River,Cross River,Cross River,South South,FALSE,1433.33333333333,NGN per litre,2025-01-14,TRUE,,1,AGO_JAN_2025.xlsx,,DIESEL JANUARY 2025 ,34,4,D34
2025-01-01,2025-01-01,STATE,Delta,Delta,Delta,South South,FALSE,1385.71428571429,NGN per litre,2025-01-14,TRUE,,1,AGO_JAN_2025.xlsx,,DIESEL JANUARY 2025 ,35,4,D35
2025-01-01,2025-01-01,STATE,Ebonyi,Ebonyi,Ebonyi,South East,FALSE,1293.3735715,NGN per litre,2025-01-14,TRUE,,1,AGO_JAN_2025.xlsx,,DIESEL JANUARY 2025 ,28,4,D28
2025-01-01,2025-01-01,STATE,Edo,Edo,Edo,South South,FALSE,1372.22222222222,NGN per litre,2025-01-14,TRUE,,1,AGO_JAN_2025.xlsx,,DIESEL JANUARY 2025 ,36,4,D36
2025-01-01,2025-01-01,STATE,Ekiti,Ekiti,Ekiti,South West,FALSE,1288.57142857143,NGN per litre,2025-01-14,TRUE,,1,AGO_JAN_2025.xlsx,,DIESEL JANUARY 2025 ,39,4,D39
2025-01-01,2025-01-01,STATE,Enugu,Enugu,Enugu,South East,FALSE,1500,NGN per litre,2025-01-14,TRUE,,1,AGO_JAN_2025.xlsx,,DIESEL JANUARY 2025 ,29,4,D29
2025-01-01,2025-01-01,STATE,Gombe,Gombe,Gombe,North East,FALSE,1400,NGN per litre,2025-01-14,TRUE,,1,AGO_JAN_2025.xlsx,,DIESEL JANUARY 2025 ,14,4,D14
2025-01-01,2025-01-01,STATE,Imo,Imo,Imo,South East,FALSE,1360,NGN per litre,2025-01-14,TRUE,,1,AGO_JAN_2025.xlsx,,DIESEL JANUARY 2025 ,30,4,D30
2025-01-01,2025-01-01,STATE,Jigawa,Jigawa,Jigawa,North West,FALSE,1250,NGN per litre,2025-01-14,TRUE,,1,AGO_JAN_2025.xlsx,,DIESEL JANUARY 2025 ,18,4,D18
2025-01-01,2025-01-01,STATE,Kaduna,Kaduna,Kaduna,North West,FALSE,1320,NGN per litre,2025-01-14,TRUE,,1,AGO_JAN_2025.xlsx,,DIESEL JANUARY 2025 ,19,4,D19
2025-01-01,2025-01-01,STATE,Kano,Kano,Kano,North West,FALSE,1670,NGN per litre,2025-01-14,TRUE,,1,AGO_JAN_2025.xlsx,,DIESEL JANUARY 2025 ,20,4,D20
2025-01-01,2025-01-01,STATE,Katsina,Katsina,Katsina,North West,FALSE,1463.33333333333,NGN per litre,2025-01-14,TRUE,,1,AGO_JAN_2025.xlsx,,DIESEL JANUARY 2025 ,21,4,D21
2025-01-01,2025-01-01,STATE,Kebbi,Kebbi,Kebbi,North West,FALSE,1296,NGN per litre,2025-01-14,TRUE,,1,AGO_JAN_2025.xlsx,,DIESEL JANUARY 2025 ,22,4,D22
2025-01-01,2025-01-01,STATE,Kogi,Kogi,Kogi,North Central,FALSE,1200,NGN per litre,2025-01-14,TRUE,,1,AGO_JAN_2025.xlsx,,DIESEL JANUARY 2025 ,5,4,D5
2025-01-01,2025-01-01,STATE,Kwara,Kwara,Kwara,North Central,FALSE,1465.084015,NGN per litre,2025-01-14,TRUE,,1,AGO_JAN_2025.xlsx,,DIESEL JANUARY 2025 ,6,4,D6
2025-01-01,2025-01-01,STATE,Lagos,Lagos,Lagos,South West,FALSE,1324.44444444444,NGN per litre,2025-01-14,TRUE,,1,AGO_JAN_2025.xlsx,,DIESEL JANUARY 2025 ,40,4,D40
2025-01-01,2025-01-01,STATE,Nasarawa,Nassarawa,Nasarawa,North Central,FALSE,1735.0683142,NGN per litre,2025-01-14,TRUE,,1,AGO_JAN_2025.xlsx,,DIESEL JANUARY 2025 ,7,4,D7
2025-01-01,2025-01-01,STATE,Niger,Niger,Niger,North Central,FALSE,1475.16373214286,NGN per litre,2025-01-14,TRUE,,1,AGO_JAN_2025.xlsx,,DIESEL JANUARY 2025 ,8,4,D8
2025-01-01,2025-01-01,STATE,Ogun,Ogun,Ogun,South West,FALSE,1250,NGN per litre,2025-01-14,TRUE,,1,AGO_JAN_2025.xlsx,,DIESEL JANUARY 2025 ,41,4,D41
2025-01-01,2025-01-01,STATE,Ondo,Ondo,Ondo,South West,FALSE,1401,NGN per litre,2025-01-14,TRUE,,1,AGO_JAN_2025.xlsx,,DIESEL JANUARY 2025 ,42,4,D42
2025-01-01,2025-01-01,STATE,Osun,Osun,Osun,South West,FALSE,1388.88888888889,NGN per litre,2025-01-14,TRUE,,1,AGO_JAN_2025.xlsx,,DIESEL JANUARY 2025 ,43,4,D43
2025-01-01,2025-01-01,STATE,Oyo,Oyo,Oyo,South West,FALSE,1315,NGN per litre,2025-01-14,TRUE,,1,AGO_JAN_2025.xlsx,,DIESEL JANUARY 2025 ,44,4,D44
2025-01-01,2025-01-01,STATE,Plateau,Plateau,Plateau,North Central,FALSE,2002.441007,NGN per litre,2025-01-14,TRUE,,1,AGO_JAN_2025.xlsx,,DIESEL JANUARY 2025 ,9,4,D9
2025-01-01,2025-01-01,STATE,Rivers,Rivers,Rivers,South South,FALSE,1406.25,NGN per litre,2025-01-14,TRUE,,1,AGO_JAN_2025.xlsx,,DIESEL JANUARY 2025 ,37,4,D37
2025-01-01,2025-01-01,STATE,Sokoto,Sokoto,Sokoto,North West,FALSE,1600,NGN per litre,2025-01-14,TRUE,,1,AGO_JAN_2025.xlsx,,DIESEL JANUARY 2025 ,23,4,D23
2025-01-01,2025-01-01,STATE,Taraba,Taraba,Taraba,North East,FALSE,1700,NGN per litre,2025-01-14,TRUE,,1,AGO_JAN_2025.xlsx,,DIESEL JANUARY 2025 ,15,4,D15
2025-01-01,2025-01-01,STATE,Yobe,Yobe,Yobe,North East,FALSE,1600,NGN per litre,2025-01-14,TRUE,,1,AGO_JAN_2025.xlsx,,DIESEL JANUARY 2025 ,16,4,D16
2025-01-01,2025-01-01,STATE,Zamfara,Zamfara,Zamfara,North West,FALSE,1280,NGN per litre,2025-01-14,TRUE,,1,AGO_JAN_2025.xlsx,,DIESEL JANUARY 2025 ,24,4,D24
2025-01-01,2025-01-01,ZONE,North Central,NORTH CENTRAL,,North Central,TRUE,1680.39386690612,NGN per litre,2025-01-14,TRUE,,1,AGO_JAN_2025.xlsx,,DIESEL JANUARY 2025 ,2,4,D2
2025-01-01,2025-01-01,ZONE,North East,NORTH EAST,,North East,TRUE,1675,NGN per litre,2025-01-14,TRUE,,1,AGO_JAN_2025.xlsx,,DIESEL JANUARY 2025 ,10,4,D10
2025-01-01,2025-01-01,ZONE,North West,NORTH WEST,,North West,TRUE,1411.33333333333,NGN per litre,2025-01-14,TRUE,,1,AGO_JAN_2025.xlsx,,DIESEL JANUARY 2025 ,17,4,D17
2025-01-01,2025-01-01,ZONE,South East,SOUTH EAST,,South East,TRUE,1377.29496956667,NGN per litre,2025-01-14,TRUE,,1,AGO_JAN_2025.xlsx,,DIESEL JANUARY 2025 ,25,4,D25
2025-01-01,2025-01-01,ZONE,South South,SOUTH SOUTH,,South South,TRUE,1501.96759259259,NGN per litre,2025-01-14,TRUE,,1,AGO_JAN_2025.xlsx,,DIESEL JANUARY 2025 ,31,4,D31
2025-01-01,2025-01-01,ZONE,South West,SOUTH WEST,,South West,TRUE,1327.98412698413,NGN per litre,2025-01-14,TRUE,,1,AGO_JAN_2025.xlsx,,DIESEL JANUARY 2025 ,38,4,D38
2025-01-01,2025-01-01,NATIONAL,Nigeria,NATIONAL,,,TRUE,1501.57501532351,NGN per litre,2025-01-14,TRUE,,1,AGO_JAN_2025.xlsx,,DIESEL JANUARY 2025 ,45,4,D45
2025-02-01,2024-02-01,STATE,Abia,Abia,Abia,South East,FALSE,1320.94051969178,NGN per litre,2024-02-14,FALSE,,1,AGO_FEB_2025.xlsx,,DIESEL FEBRUARY 2025,26,2,B26
2025-02-01,2024-02-01,STATE,Abuja,Abuja,Abuja,North Central,FALSE,1275,NGN per litre,2024-02-14,FALSE,,1,AGO_FEB_2025.xlsx,,DIESEL FEBRUARY 2025,3,2,B3
2025-02-01,2024-02-01,STATE,Adamawa,Adamawa,Adamawa,North East,FALSE,1037.5,NGN per litre,2024-02-14,FALSE,,1,AGO_FEB_2025.xlsx,,DIESEL FEBRUARY 2025,11,2,B11
2025-02-01,2024-02-01,STATE,Akwa Ibom,Akwa Ibom,Akwa Ibom,South South,FALSE,1525,NGN per litre,2024-02-14,FALSE,,1,AGO_FEB_2025.xlsx,,DIESEL FEBRUARY 2025,32,2,B32
2025-02-01,2024-02-01,STATE,Anambra,Anambra,Anambra,South East,FALSE,1282.97820231823,NGN per litre,2024-02-14,FALSE,,1,AGO_FEB_2025.xlsx,,DIESEL FEBRUARY 2025,27,2,B27
2025-02-01,2024-02-01,STATE,Bauchi,Bauchi,Bauchi,North East,FALSE,1250,NGN per litre,2024-02-14,FALSE,,1,AGO_FEB_2025.xlsx,,DIESEL FEBRUARY 2025,12,2,B12
2025-02-01,2024-02-01,STATE,Bayelsa,Bayelsa,Bayelsa,South South,FALSE,1225.2,NGN per litre,2024-02-14,FALSE,,1,AGO_FEB_2025.xlsx,,DIESEL FEBRUARY 2025,33,2,B33
2025-02-01,2024-02-01,STATE,Benue,Benue,Benue,North Central,FALSE,1230,NGN per litre,2024-02-14,FALSE,,1,AGO_FEB_2025.xlsx,,DIESEL FEBRUARY 2025,4,2,B4
2025-02-01,2024-02-01,STATE,Borno,Borno,Borno,North East,FALSE,1200,NGN per litre,2024-02-14,FALSE,,1,AGO_FEB_2025.xlsx,,DIESEL FEBRUARY 2025,13,2,B13
2025-02-01,2024-02-01,STATE,Cross River,Cross River,Cross River,South South,FALSE,1433.33333333333,NGN per litre,2024-02-14,FALSE,,1,AGO_FEB_2025.xlsx,,DIESEL FEBRUARY 2025,34,2,B34
2025-02-01,2024-02-01,STATE,Delta,Delta,Delta,South South,FALSE,1241.66666666667,NGN per litre,2024-02-14,FALSE,,1,AGO_FEB_2025.xlsx,,DIESEL FEBRUARY 2025,35,2,B35
2025-02-01,2024-02-01,STATE,Ebonyi,Ebonyi,Ebonyi,South East,FALSE,1265.69833333333,NGN per litre,2024-02-14,FALSE,,1,AGO_FEB_2025.xlsx,,DIESEL FEBRUARY 2025,28,2,B28
2025-02-01,2024-02-01,STATE,Edo,Edo,Edo,South South,FALSE,1383.33333333333,NGN per litre,2024-02-14,FALSE,,1,AGO_FEB_2025.xlsx,,DIESEL FEBRUARY 2025,36,2,B36
2025-02-01,2024-02-01,STATE,Ekiti,Ekiti,Ekiti,South West,FALSE,1175,NGN per litre,2024-02-14,FALSE,,1,AGO_FEB_2025.xlsx,,DIESEL FEBRUARY 2025,39,2,B39
2025-02-01,2024-02-01,STATE,Enugu,Enugu,Enugu,South East,FALSE,1287.72961281225,NGN per litre,2024-02-14,FALSE,,1,AGO_FEB_2025.xlsx,,DIESEL FEBRUARY 2025,29,2,B29
2025-02-01,2024-02-01,STATE,Gombe,Gombe,Gombe,North East,FALSE,1500,NGN per litre,2024-02-14,FALSE,,1,AGO_FEB_2025.xlsx,,DIESEL FEBRUARY 2025,14,2,B14
2025-02-01,2024-02-01,STATE,Imo,Imo,Imo,South East,FALSE,1297.26529696673,NGN per litre,2024-02-14,FALSE,,1,AGO_FEB_2025.xlsx,,DIESEL FEBRUARY 2025,30,2,B30
2025-02-01,2024-02-01,STATE,Jigawa,Jigawa,Jigawa,North West,FALSE,1316.66666666667,NGN per litre,2024-02-14,FALSE,,1,AGO_FEB_2025.xlsx,,DIESEL FEBRUARY 2025,18,2,B18
2025-02-01,2024-02-01,STATE,Kaduna,Kaduna,Kaduna,North West,FALSE,1230,NGN per litre,2024-02-14,FALSE,,1,AGO_FEB_2025.xlsx,,DIESEL FEBRUARY 2025,19,2,B19
2025-02-01,2024-02-01,STATE,Kano,Kano,Kano,North West,FALSE,1111.42857142857,NGN per litre,2024-02-14,FALSE,,1,AGO_FEB_2025.xlsx,,DIESEL FEBRUARY 2025,20,2,B20
2025-02-01,2024-02-01,STATE,Katsina,Katsina,Katsina,North West,FALSE,1125,NGN per litre,2024-02-14,FALSE,,1,AGO_FEB_2025.xlsx,,DIESEL FEBRUARY 2025,21,2,B21
2025-02-01,2024-02-01,STATE,Kebbi,Kebbi,Kebbi,North West,FALSE,1400,NGN per litre,2024-02-14,FALSE,,1,AGO_FEB_2025.xlsx,,DIESEL FEBRUARY 2025,22,2,B22
2025-02-01,2024-02-01,STATE,Kogi,Kogi,Kogi,North Central,FALSE,1280.55555555556,NGN per litre,2024-02-14,FALSE,,1,AGO_FEB_2025.xlsx,,DIESEL FEBRUARY 2025,5,2,B5
2025-02-01,2024-02-01,STATE,Kwara,Kwara,Kwara,North Central,FALSE,1444,NGN per litre,2024-02-14,FALSE,,1,AGO_FEB_2025.xlsx,,DIESEL FEBRUARY 2025,6,2,B6
2025-02-01,2024-02-01,STATE,Lagos,Lagos,Lagos,South West,FALSE,1161.66666666667,NGN per litre,2024-02-14,FALSE,,1,AGO_FEB_2025.xlsx,,DIESEL FEBRUARY 2025,40,2,B40
2025-02-01,2024-02-01,STATE,Nasarawa,Nassarawa,Nasarawa,North Central,FALSE,1275,NGN per litre,2024-02-14,FALSE,,1,AGO_FEB_2025.xlsx,,DIESEL FEBRUARY 2025,7,2,B7
2025-02-01,2024-02-01,STATE,Niger,Niger,Niger,North Central,FALSE,1180,NGN per litre,2024-02-14,FALSE,,1,AGO_FEB_2025.xlsx,,DIESEL FEBRUARY 2025,8,2,B8
2025-02-01,2024-02-01,STATE,Ogun,Ogun,Ogun,South West,FALSE,1157.14285714286,NGN per litre,2024-02-14,FALSE,,1,AGO_FEB_2025.xlsx,,DIESEL FEBRUARY 2025,41,2,B41
2025-02-01,2024-02-01,STATE,Ondo,Ondo,Ondo,South West,FALSE,1173.07692307692,NGN per litre,2024-02-14,FALSE,,1,AGO_FEB_2025.xlsx,,DIESEL FEBRUARY 2025,42,2,B42
2025-02-01,2024-02-01,STATE,Osun,Osun,Osun,South West,FALSE,1164.28571428571,NGN per litre,2024-02-14,FALSE,,1,AGO_FEB_2025.xlsx,,DIESEL FEBRUARY 2025,43,2,B43
2025-02-01,2024-02-01,STATE,Oyo,Oyo,Oyo,South West,FALSE,1153.125,NGN per litre,2024-02-14,FALSE,,1,AGO_FEB_2025.xlsx,,DIESEL FEBRUARY 2025,44,2,B44
2025-02-01,2024-02-01,STATE,Plateau,Plateau,Plateau,North Central,FALSE,1162,NGN per litre,2024-02-14,FALSE,,1,AGO_FEB_2025.xlsx,,DIESEL FEBRUARY 2025,9,2,B9
2025-02-01,2024-02-01,STATE,Rivers,Rivers,Rivers,South South,FALSE,1250,NGN per litre,2024-02-14,FALSE,,1,AGO_FEB_2025.xlsx,,DIESEL FEBRUARY 2025,37,2,B37
2025-02-01,2024-02-01,STATE,Sokoto,Sokoto,Sokoto,North West,FALSE,1383.33333333333,NGN per litre,2024-02-14,FALSE,,1,AGO_FEB_2025.xlsx,,DIESEL FEBRUARY 2025,23,2,B23
2025-02-01,2024-02-01,STATE,Taraba,Taraba,Taraba,North East,FALSE,1133.33333333333,NGN per litre,2024-02-14,FALSE,,1,AGO_FEB_2025.xlsx,,DIESEL FEBRUARY 2025,15,2,B15
2025-02-01,2024-02-01,STATE,Yobe,Yobe,Yobe,North East,FALSE,1255,NGN per litre,2024-02-14,FALSE,,1,AGO_FEB_2025.xlsx,,DIESEL FEBRUARY 2025,16,2,B16
2025-02-01,2024-02-01,STATE,Zamfara,Zamfara,Zamfara,North West,FALSE,1225,NGN per litre,2024-02-14,FALSE,,1,AGO_FEB_2025.xlsx,,DIESEL FEBRUARY 2025,24,2,B24
2025-02-01,2024-02-01,ZONE,North Central,NORTH CENTRAL,,North Central,TRUE,1263.79365079365,NGN per litre,2024-02-14,FALSE,,1,AGO_FEB_2025.xlsx,,DIESEL FEBRUARY 2025,2,2,B2
2025-02-01,2024-02-01,ZONE,North East,NORTH EAST,,North East,TRUE,1229.30555555555,NGN per litre,2024-02-14,FALSE,,1,AGO_FEB_2025.xlsx,,DIESEL FEBRUARY 2025,10,2,B10
2025-02-01,2024-02-01,ZONE,North West,NORTH WEST,,North West,TRUE,1255.91836734694,NGN per litre,2024-02-14,FALSE,,1,AGO_FEB_2025.xlsx,,DIESEL FEBRUARY 2025,17,2,B17
2025-02-01,2024-02-01,ZONE,South East,SOUTH EAST,,South East,TRUE,1290.92239302446,NGN per litre,2024-02-14,FALSE,,1,AGO_FEB_2025.xlsx,,DIESEL FEBRUARY 2025,25,2,B25
2025-02-01,2024-02-01,ZONE,South South,SOUTH SOUTH,,South South,TRUE,1343.08888888889,NGN per litre,2024-02-14,FALSE,,1,AGO_FEB_2025.xlsx,,DIESEL FEBRUARY 2025,31,2,B31
2025-02-01,2024-02-01,ZONE,South West,SOUTH WEST,,South West,TRUE,1164.04952686203,NGN per litre,2024-02-14,FALSE,,1,AGO_FEB_2025.xlsx,,DIESEL FEBRUARY 2025,38,2,B38
2025-02-01,2024-02-01,NATIONAL,Nigeria,NATIONAL,,,TRUE,1257.06107891744,NGN per litre,2024-02-14,FALSE,,1,AGO_FEB_2025.xlsx,,DIESEL FEBRUARY 2025,45,2,B45
2025-02-01,2025-01-01,STATE,Abia,Abia,Abia,South East,FALSE,1508.10127633333,NGN per litre,2025-01-14,FALSE,,1,AGO_FEB_2025.xlsx,,DIESEL FEBRUARY 2025,26,3,C26
2025-02-01,2025-01-01,STATE,Abuja,Abuja,Abuja,North Central,FALSE,1960,NGN per litre,2025-01-14,FALSE,,1,AGO_FEB_2025.xlsx,,DIESEL FEBRUARY 2025,3,3,C3
2025-02-01,2025-01-01,STATE,Adamawa,Adamawa,Adamawa,North East,FALSE,1800,NGN per litre,2025-01-14,FALSE,,1,AGO_FEB_2025.xlsx,,DIESEL FEBRUARY 2025,11,3,C11
2025-02-01,2025-01-01,STATE,Akwa Ibom,Akwa Ibom,Akwa Ibom,South South,FALSE,1714.28571428571,NGN per litre,2025-01-14,FALSE,,1,AGO_FEB_2025.xlsx,,DIESEL FEBRUARY 2025,32,3,C32
2025-02-01,2025-01-01,STATE,Anambra,Anambra,Anambra,South East,FALSE,1225,NGN per litre,2025-01-14,FALSE,,1,AGO_FEB_2025.xlsx,,DIESEL FEBRUARY 2025,27,3,C27
2025-02-01,2025-01-01,STATE,Bauchi,Bauchi,Bauchi,North East,FALSE,2000,NGN per litre,2025-01-14,FALSE,,1,AGO_FEB_2025.xlsx,,DIESEL FEBRUARY 2025,12,3,C12
2025-02-01,2025-01-01,STATE,Bayelsa,Bayelsa,Bayelsa,South South,FALSE,1700,NGN per litre,2025-01-14,FALSE,,1,AGO_FEB_2025.xlsx,,DIESEL FEBRUARY 2025,33,3,C33
2025-02-01,2025-01-01,STATE,Benue,Benue,Benue,North Central,FALSE,1925,NGN per litre,2025-01-14,FALSE,,1,AGO_FEB_2025.xlsx,,DIESEL FEBRUARY 2025,4,3,C4
2025-02-01,2025-01-01,STATE,Borno,Borno,Borno,North East,FALSE,1550,NGN per litre,2025-01-14,FALSE,,1,AGO_FEB_2025.xlsx,,DIESEL FEBRUARY 2025,13,3,C13
2025-02-01,2025-01-01,STATE,Cross River,Cross River,Cross River,South South,FALSE,1433.33333333333,NGN per litre,2025-01-14,FALSE,,1,AGO_FEB_2025.xlsx,,DIESEL FEBRUARY 2025,34,3,C34
2025-02-01,2025-01-01,STATE,Delta,Delta,Delta,South South,FALSE,1385.71428571429,NGN per litre,2025-01-14,FALSE,,1,AGO_FEB_2025.xlsx,,DIESEL FEBRUARY 2025,35,3,C35
2025-02-01,2025-01-01,STATE,Ebonyi,Ebonyi,Ebonyi,South East,FALSE,1293.3735715,NGN per litre,2025-01-14,FALSE,,1,AGO_FEB_2025.xlsx,,DIESEL FEBRUARY 2025,28,3,C28
2025-02-01,2025-01-01,STATE,Edo,Edo,Edo,South South,FALSE,1372.22222222222,NGN per litre,2025-01-14,FALSE,,1,AGO_FEB_2025.xlsx,,DIESEL FEBRUARY 2025,36,3,C36
2025-02-01,2025-01-01,STATE,Ekiti,Ekiti,Ekiti,South West,FALSE,1288.57142857143,NGN per litre,2025-01-14,FALSE,,1,AGO_FEB_2025.xlsx,,DIESEL FEBRUARY 2025,39,3,C39
2025-02-01,2025-01-01,STATE,Enugu,Enugu,Enugu,South East,FALSE,1500,NGN per litre,2025-01-14,FALSE,,1,AGO_FEB_2025.xlsx,,DIESEL FEBRUARY 2025,29,3,C29
2025-02-01,2025-01-01,STATE,Gombe,Gombe,Gombe,North East,FALSE,1400,NGN per litre,2025-01-14,FALSE,,1,AGO_FEB_2025.xlsx,,DIESEL FEBRUARY 2025,14,3,C14
2025-02-01,2025-01-01,STATE,Imo,Imo,Imo,South East,FALSE,1360,NGN per litre,2025-01-14,FALSE,,1,AGO_FEB_2025.xlsx,,DIESEL FEBRUARY 2025,30,3,C30
2025-02-01,2025-01-01,STATE,Jigawa,Jigawa,Jigawa,North West,FALSE,1250,NGN per litre,2025-01-14,FALSE,,1,AGO_FEB_2025.xlsx,,DIESEL FEBRUARY 2025,18,3,C18
2025-02-01,2025-01-01,STATE,Kaduna,Kaduna,Kaduna,North West,FALSE,1320,NGN per litre,2025-01-14,FALSE,,1,AGO_FEB_2025.xlsx,,DIESEL FEBRUARY 2025,19,3,C19
2025-02-01,2025-01-01,STATE,Kano,Kano,Kano,North West,FALSE,1670,NGN per litre,2025-01-14,FALSE,,1,AGO_FEB_2025.xlsx,,DIESEL FEBRUARY 2025,20,3,C20
2025-02-01,2025-01-01,STATE,Katsina,Katsina,Katsina,North West,FALSE,1463.33333333333,NGN per litre,2025-01-14,FALSE,,1,AGO_FEB_2025.xlsx,,DIESEL FEBRUARY 2025,21,3,C21
2025-02-01,2025-01-01,STATE,Kebbi,Kebbi,Kebbi,North West,FALSE,1296,NGN per litre,2025-01-14,FALSE,,1,AGO_FEB_2025.xlsx,,DIESEL FEBRUARY 2025,22,3,C22
2025-02-01,2025-01-01,STATE,Kogi,Kogi,Kogi,North Central,FALSE,1200,NGN per litre,2025-01-14,FALSE,,1,AGO_FEB_2025.xlsx,,DIESEL FEBRUARY 2025,5,3,C5
2025-02-01,2025-01-01,STATE,Kwara,Kwara,Kwara,North Central,FALSE,1465.084015,NGN per litre,2025-01-14,FALSE,,1,AGO_FEB_2025.xlsx,,DIESEL FEBRUARY 2025,6,3,C6
2025-02-01,2025-01-01,STATE,Lagos,Lagos,Lagos,South West,FALSE,1324.44444444444,NGN per litre,2025-01-14,FALSE,,1,AGO_FEB_2025.xlsx,,DIESEL FEBRUARY 2025,40,3,C40
2025-02-01,2025-01-01,STATE,Nasarawa,Nassarawa,Nasarawa,North Central,FALSE,1735.0683142,NGN per litre,2025-01-14,FALSE,,1,AGO_FEB_2025.xlsx,,DIESEL FEBRUARY 2025,7,3,C7
2025-02-01,2025-01-01,STATE,Niger,Niger,Niger,North Central,FALSE,1475.16373214286,NGN per litre,2025-01-14,FALSE,,1,AGO_FEB_2025.xlsx,,DIESEL FEBRUARY 2025,8,3,C8
2025-02-01,2025-01-01,STATE,Ogun,Ogun,Ogun,South West,FALSE,1250,NGN per litre,2025-01-14,FALSE,,1,AGO_FEB_2025.xlsx,,DIESEL FEBRUARY 2025,41,3,C41
2025-02-01,2025-01-01,STATE,Ondo,Ondo,Ondo,South West,FALSE,1401,NGN per litre,2025-01-14,FALSE,,1,AGO_FEB_2025.xlsx,,DIESEL FEBRUARY 2025,42,3,C42
2025-02-01,2025-01-01,STATE,Osun,Osun,Osun,South West,FALSE,1388.88888888889,NGN per litre,2025-01-14,FALSE,,1,AGO_FEB_2025.xlsx,,DIESEL FEBRUARY 2025,43,3,C43
2025-02-01,2025-01-01,STATE,Oyo,Oyo,Oyo,South West,FALSE,1315,NGN per litre,2025-01-14,FALSE,,1,AGO_FEB_2025.xlsx,,DIESEL FEBRUARY 2025,44,3,C44
2025-02-01,2025-01-01,STATE,Plateau,Plateau,Plateau,North Central,FALSE,2002.441007,NGN per litre,2025-01-14,FALSE,,1,AGO_FEB_2025.xlsx,,DIESEL FEBRUARY 2025,9,3,C9
2025-02-01,2025-01-01,STATE,Rivers,Rivers,Rivers,South South,FALSE,1406.25,NGN per litre,2025-01-14,FALSE,,1,AGO_FEB_2025.xlsx,,DIESEL FEBRUARY 2025,37,3,C37
2025-02-01,2025-01-01,STATE,Sokoto,Sokoto,Sokoto,North West,FALSE,1600,NGN per litre,2025-01-14,FALSE,,1,AGO_FEB_2025.xlsx,,DIESEL FEBRUARY 2025,23,3,C23
2025-02-01,2025-01-01,STATE,Taraba,Taraba,Taraba,North East,FALSE,1700,NGN per litre,2025-01-14,FALSE,,1,AGO_FEB_2025.xlsx,,DIESEL FEBRUARY 2025,15,3,C15
2025-02-01,2025-01-01,STATE,Yobe,Yobe,Yobe,North East,FALSE,1600,NGN per litre,2025-01-14,FALSE,,1,AGO_FEB_2025.xlsx,,DIESEL FEBRUARY 2025,16,3,C16
2025-02-01,2025-01-01,STATE,Zamfara,Zamfara,Zamfara,North West,FALSE,1280,NGN per litre,2025-01-14,FALSE,,1,AGO_FEB_2025.xlsx,,DIESEL FEBRUARY 2025,24,3,C24
2025-02-01,2025-01-01,ZONE,North Central,NORTH CENTRAL,,North Central,TRUE,1680.39386690612,NGN per litre,2025-01-14,FALSE,,1,AGO_FEB_2025.xlsx,,DIESEL FEBRUARY 2025,2,3,C2
2025-02-01,2025-01-01,ZONE,North East,NORTH EAST,,North East,TRUE,1675,NGN per litre,2025-01-14,FALSE,,1,AGO_FEB_2025.xlsx,,DIESEL FEBRUARY 2025,10,3,C10
2025-02-01,2025-01-01,ZONE,North West,NORTH WEST,,North West,TRUE,1411.33333333333,NGN per litre,2025-01-14,FALSE,,1,AGO_FEB_2025.xlsx,,DIESEL FEBRUARY 2025,17,3,C17
2025-02-01,2025-01-01,ZONE,South East,SOUTH EAST,,South East,TRUE,1377.29496956667,NGN per litre,2025-01-14,FALSE,,1,AGO_FEB_2025.xlsx,,DIESEL FEBRUARY 2025,25,3,C25
2025-02-01,2025-01-01,ZONE,South South,SOUTH SOUTH,,South South,TRUE,1501.96759259259,NGN per litre,2025-01-14,FALSE,,1,AGO_FEB_2025.xlsx,,DIESEL FEBRUARY 2025,31,3,C31
2025-02-01,2025-01-01,ZONE,South West,SOUTH WEST,,South West,TRUE,1327.98412698413,NGN per litre,2025-01-14,FALSE,,1,AGO_FEB_2025.xlsx,,DIESEL FEBRUARY 2025,38,3,C38
2025-02-01,2025-01-01,NATIONAL,Nigeria,NATIONAL,,,TRUE,1501.57501532351,NGN per litre,2025-01-14,FALSE,,1,AGO_FEB_2025.xlsx,,DIESEL FEBRUARY 2025,45,3,C45
2025-02-01,2025-02-01,STATE,Abia,Abia,Abia,South East,FALSE,1508.948902,NGN per litre,2025-02-14,TRUE,,1,AGO_FEB_2025.xlsx,,DIESEL FEBRUARY 2025,26,4,D26
2025-02-01,2025-02-01,STATE,Abuja,Abuja,Abuja,North Central,FALSE,2080,NGN per litre,2025-02-14,TRUE,,1,AGO_FEB_2025.xlsx,,DIESEL FEBRUARY 2025,3,4,D3
2025-02-01,2025-02-01,STATE,Adamawa,Adamawa,Adamawa,North East,FALSE,2000,NGN per litre,2025-02-14,TRUE,,1,AGO_FEB_2025.xlsx,,DIESEL FEBRUARY 2025,11,4,D11
2025-02-01,2025-02-01,STATE,Akwa Ibom,Akwa Ibom,Akwa Ibom,South South,FALSE,1558.16326514286,NGN per litre,2025-02-14,TRUE,,1,AGO_FEB_2025.xlsx,,DIESEL FEBRUARY 2025,32,4,D32
2025-02-01,2025-02-01,STATE,Anambra,Anambra,Anambra,South East,FALSE,1241.66666666667,NGN per litre,2025-02-14,TRUE,,1,AGO_FEB_2025.xlsx,,DIESEL FEBRUARY 2025,27,4,D27
2025-02-01,2025-02-01,STATE,Bauchi,Bauchi,Bauchi,North East,FALSE,1900,NGN per litre,2025-02-14,TRUE,,1,AGO_FEB_2025.xlsx,,DIESEL FEBRUARY 2025,12,4,D12
2025-02-01,2025-02-01,STATE,Bayelsa,Bayelsa,Bayelsa,South South,FALSE,1700,NGN per litre,2025-02-14,TRUE,,1,AGO_FEB_2025.xlsx,,DIESEL FEBRUARY 2025,33,4,D33
2025-02-01,2025-02-01,STATE,Benue,Benue,Benue,North Central,FALSE,1975,NGN per litre,2025-02-14,TRUE,,1,AGO_FEB_2025.xlsx,,DIESEL FEBRUARY 2025,4,4,D4
2025-02-01,2025-02-01,STATE,Borno,Borno,Borno,North East,FALSE,1550,NGN per litre,2025-02-14,TRUE,,1,AGO_FEB_2025.xlsx,,DIESEL FEBRUARY 2025,13,4,D13
2025-02-01,2025-02-01,STATE,Cross River,Cross River,Cross River,South South,FALSE,1733.33333333333,NGN per litre,2025-02-14,TRUE,,1,AGO_FEB_2025.xlsx,,DIESEL FEBRUARY 2025,34,4,D34
2025-02-01,2025-02-01,STATE,Delta,Delta,Delta,South South,FALSE,1242.85714285714,NGN per litre,2025-02-14,TRUE,,1,AGO_FEB_2025.xlsx,,DIESEL FEBRUARY 2025,35,4,D35
2025-02-01,2025-02-01,STATE,Ebonyi,Ebonyi,Ebonyi,South East,FALSE,1293.87525816667,NGN per litre,2025-02-14,TRUE,,1,AGO_FEB_2025.xlsx,,DIESEL FEBRUARY 2025,28,4,D28
2025-02-01,2025-02-01,STATE,Edo,Edo,Edo,South South,FALSE,1249.44444444444,NGN per litre,2025-02-14,TRUE,,1,AGO_FEB_2025.xlsx,,DIESEL FEBRUARY 2025,36,4,D36
2025-02-01,2025-02-01,STATE,Ekiti,Ekiti,Ekiti,South West,FALSE,1271.42857142857,NGN per litre,2025-02-14,TRUE,,1,AGO_FEB_2025.xlsx,,DIESEL FEBRUARY 2025,39,4,D39
2025-02-01,2025-02-01,STATE,Enugu,Enugu,Enugu,South East,FALSE,1500,NGN per litre,2025-02-14,TRUE,,1,AGO_FEB_2025.xlsx,,DIESEL FEBRUARY 2025,29,4,D29
2025-02-01,2025-02-01,STATE,Gombe,Gombe,Gombe,North East,FALSE,1350,NGN per litre,2025-02-14,TRUE,,1,AGO_FEB_2025.xlsx,,DIESEL FEBRUARY 2025,14,4,D14
2025-02-01,2025-02-01,STATE,Imo,Imo,Imo,South East,FALSE,1360,NGN per litre,2025-02-14,TRUE,,1,AGO_FEB_2025.xlsx,,DIESEL FEBRUARY 2025,30,4,D30
2025-02-01,2025-02-01,STATE,Jigawa,Jigawa,Jigawa,North West,FALSE,1250,NGN per litre,2025-02-14,TRUE,,1,AGO_FEB_2025.xlsx,,DIESEL FEBRUARY 2025,18,4,D18
2025-02-01,2025-02-01,STATE,Kaduna,Kaduna,Kaduna,North West,FALSE,1500,NGN per litre,2025-02-14,TRUE,,1,AGO_FEB_2025.xlsx,,DIESEL FEBRUARY 2025,19,4,D19
2025-02-01,2025-02-01,STATE,Kano,Kano,Kano,North West,FALSE,1720,NGN per litre,2025-02-14,TRUE,,1,AGO_FEB_2025.xlsx,,DIESEL FEBRUARY 2025,20,4,D20
2025-02-01,2025-02-01,STATE,Katsina,Katsina,Katsina,North West,FALSE,1433.33333333333,NGN per litre,2025-02-14,TRUE,,1,AGO_FEB_2025.xlsx,,DIESEL FEBRUARY 2025,21,4,D21
2025-02-01,2025-02-01,STATE,Kebbi,Kebbi,Kebbi,North West,FALSE,1345.25,NGN per litre,2025-02-14,TRUE,,1,AGO_FEB_2025.xlsx,,DIESEL FEBRUARY 2025,22,4,D22
2025-02-01,2025-02-01,STATE,Kogi,Kogi,Kogi,North Central,FALSE,1200,NGN per litre,2025-02-14,TRUE,,1,AGO_FEB_2025.xlsx,,DIESEL FEBRUARY 2025,5,4,D5
2025-02-01,2025-02-01,STATE,Kwara,Kwara,Kwara,North Central,FALSE,1450,NGN per litre,2025-02-14,TRUE,,1,AGO_FEB_2025.xlsx,,DIESEL FEBRUARY 2025,6,4,D6
2025-02-01,2025-02-01,STATE,Lagos,Lagos,Lagos,South West,FALSE,1222.22222222222,NGN per litre,2025-02-14,TRUE,,1,AGO_FEB_2025.xlsx,,DIESEL FEBRUARY 2025,40,4,D40
2025-02-01,2025-02-01,STATE,Nasarawa,Nassarawa,Nasarawa,North Central,FALSE,1500,NGN per litre,2025-02-14,TRUE,,1,AGO_FEB_2025.xlsx,,DIESEL FEBRUARY 2025,7,4,D7
2025-02-01,2025-02-01,STATE,Niger,Niger,Niger,North Central,FALSE,1515.11720428571,NGN per litre,2025-02-14,TRUE,,1,AGO_FEB_2025.xlsx,,DIESEL FEBRUARY 2025,8,4,D8
2025-02-01,2025-02-01,STATE,Ogun,Ogun,Ogun,South West,FALSE,1275,NGN per litre,2025-02-14,TRUE,,1,AGO_FEB_2025.xlsx,,DIESEL FEBRUARY 2025,41,4,D41
2025-02-01,2025-02-01,STATE,Ondo,Ondo,Ondo,South West,FALSE,1396.2857143,NGN per litre,2025-02-14,TRUE,,1,AGO_FEB_2025.xlsx,,DIESEL FEBRUARY 2025,42,4,D42
2025-02-01,2025-02-01,STATE,Osun,Osun,Osun,South West,FALSE,1333.33333333333,NGN per litre,2025-02-14,TRUE,,1,AGO_FEB_2025.xlsx,,DIESEL FEBRUARY 2025,43,4,D43
2025-02-01,2025-02-01,STATE,Oyo,Oyo,Oyo,South West,FALSE,1415,NGN per litre,2025-02-14,TRUE,,1,AGO_FEB_2025.xlsx,,DIESEL FEBRUARY 2025,44,4,D44
2025-02-01,2025-02-01,STATE,Plateau,Plateau,Plateau,North Central,FALSE,2000,NGN per litre,2025-02-14,TRUE,,1,AGO_FEB_2025.xlsx,,DIESEL FEBRUARY 2025,9,4,D9
2025-02-01,2025-02-01,STATE,Rivers,Rivers,Rivers,South South,FALSE,1318.75,NGN per litre,2025-02-14,TRUE,,1,AGO_FEB_2025.xlsx,,DIESEL FEBRUARY 2025,37,4,D37
2025-02-01,2025-02-01,STATE,Sokoto,Sokoto,Sokoto,North West,FALSE,1600,NGN per litre,2025-02-14,TRUE,,1,AGO_FEB_2025.xlsx,,DIESEL FEBRUARY 2025,23,4,D23
2025-02-01,2025-02-01,STATE,Taraba,Taraba,Taraba,North East,FALSE,1600,NGN per litre,2025-02-14,TRUE,,1,AGO_FEB_2025.xlsx,,DIESEL FEBRUARY 2025,15,4,D15
2025-02-01,2025-02-01,STATE,Yobe,Yobe,Yobe,North East,FALSE,1650,NGN per litre,2025-02-14,TRUE,,1,AGO_FEB_2025.xlsx,,DIESEL FEBRUARY 2025,16,4,D16
2025-02-01,2025-02-01,STATE,Zamfara,Zamfara,Zamfara,North West,FALSE,1300,NGN per litre,2025-02-14,TRUE,,1,AGO_FEB_2025.xlsx,,DIESEL FEBRUARY 2025,24,4,D24
2025-02-01,2025-02-01,ZONE,North Central,NORTH CENTRAL,,North Central,TRUE,1674.3024577551,NGN per litre,2025-02-14,TRUE,,1,AGO_FEB_2025.xlsx,,DIESEL FEBRUARY 2025,2,4,D2
2025-02-01,2025-02-01,ZONE,North East,NORTH EAST,,North East,TRUE,1675,NGN per litre,2025-02-14,TRUE,,1,AGO_FEB_2025.xlsx,,DIESEL FEBRUARY 2025,10,4,D10
2025-02-01,2025-02-01,ZONE,North West,NORTH WEST,,North West,TRUE,1449.79761904762,NGN per litre,2025-02-14,TRUE,,1,AGO_FEB_2025.xlsx,,DIESEL FEBRUARY 2025,17,4,D17
2025-02-01,2025-02-01,ZONE,South East,SOUTH EAST,,South East,TRUE,1380.89816536667,NGN per litre,2025-02-14,TRUE,,1,AGO_FEB_2025.xlsx,,DIESEL FEBRUARY 2025,25,4,D25
2025-02-01,2025-02-01,ZONE,South South,SOUTH SOUTH,,South South,TRUE,1467.0913642963,NGN per litre,2025-02-14,TRUE,,1,AGO_FEB_2025.xlsx,,DIESEL FEBRUARY 2025,31,4,D31
2025-02-01,2025-02-01,ZONE,South West,SOUTH WEST,,South West,TRUE,1318.87830688069,NGN per litre,2025-02-14,TRUE,,1,AGO_FEB_2025.xlsx,,DIESEL FEBRUARY 2025,38,4,D38
2025-02-01,2025-02-01,NATIONAL,Nigeria,NATIONAL,,,TRUE,1501.05430787876,NGN per litre,2025-02-14,TRUE,,1,AGO_FEB_2025.xlsx,,DIESEL FEBRUARY 2025,45,4,D45
2025-03-01,2024-03-01,STATE,Abia,Abia,Abia,South East,FALSE,1456.35752360026,NGN per litre,2024-03-14,FALSE,,1,Diesel Report March 2025.xlsx,,DIESEL MARCH 2025,26,2,B26
2025-03-01,2024-03-01,STATE,Abuja,Abuja,Abuja,North Central,FALSE,1338,NGN per litre,2024-03-14,FALSE,,1,Diesel Report March 2025.xlsx,,DIESEL MARCH 2025,3,2,B3
2025-03-01,2024-03-01,STATE,Adamawa,Adamawa,Adamawa,North East,FALSE,1175,NGN per litre,2024-03-14,FALSE,,1,Diesel Report March 2025.xlsx,,DIESEL MARCH 2025,11,2,B11
2025-03-01,2024-03-01,STATE,Akwa Ibom,Akwa Ibom,Akwa Ibom,South South,FALSE,1394.44444444444,NGN per litre,2024-03-14,FALSE,,1,Diesel Report March 2025.xlsx,,DIESEL MARCH 2025,32,2,B32
2025-03-01,2024-03-01,STATE,Anambra,Anambra,Anambra,South East,FALSE,1419.9946492513,NGN per litre,2024-03-14,FALSE,,1,Diesel Report March 2025.xlsx,,DIESEL MARCH 2025,27,2,B27
2025-03-01,2024-03-01,STATE,Bauchi,Bauchi,Bauchi,North East,FALSE,1457.5,NGN per litre,2024-03-14,FALSE,,1,Diesel Report March 2025.xlsx,,DIESEL MARCH 2025,12,2,B12
2025-03-01,2024-03-01,STATE,Bayelsa,Bayelsa,Bayelsa,South South,FALSE,1400,NGN per litre,2024-03-14,FALSE,,1,Diesel Report March 2025.xlsx,,DIESEL MARCH 2025,33,2,B33
2025-03-01,2024-03-01,STATE,Benue,Benue,Benue,North Central,FALSE,1244.6875,NGN per litre,2024-03-14,FALSE,,1,Diesel Report March 2025.xlsx,,DIESEL MARCH 2025,4,2,B4
2025-03-01,2024-03-01,STATE,Borno,Borno,Borno,North East,FALSE,1311.11111111111,NGN per litre,2024-03-14,FALSE,,1,Diesel Report March 2025.xlsx,,DIESEL MARCH 2025,13,2,B13
2025-03-01,2024-03-01,STATE,Cross River,Cross River,Cross River,South South,FALSE,1532.71428571429,NGN per litre,2024-03-14,FALSE,,1,Diesel Report March 2025.xlsx,,DIESEL MARCH 2025,34,2,B34
2025-03-01,2024-03-01,STATE,Delta,Delta,Delta,South South,FALSE,1400.42857142857,NGN per litre,2024-03-14,FALSE,,1,Diesel Report March 2025.xlsx,,DIESEL MARCH 2025,35,2,B35
2025-03-01,2024-03-01,STATE,Ebonyi,Ebonyi,Ebonyi,South East,FALSE,1392.26814778646,NGN per litre,2024-03-14,FALSE,,1,Diesel Report March 2025.xlsx,,DIESEL MARCH 2025,28,2,B28
2025-03-01,2024-03-01,STATE,Edo,Edo,Edo,South South,FALSE,1566.66666666667,NGN per litre,2024-03-14,FALSE,,1,Diesel Report March 2025.xlsx,,DIESEL MARCH 2025,36,2,B36
2025-03-01,2024-03-01,STATE,Ekiti,Ekiti,Ekiti,South West,FALSE,1281.66666666667,NGN per litre,2024-03-14,FALSE,,1,Diesel Report March 2025.xlsx,,DIESEL MARCH 2025,39,2,B39
2025-03-01,2024-03-01,STATE,Enugu,Enugu,Enugu,South East,FALSE,1382.10475376674,NGN per litre,2024-03-14,FALSE,,1,Diesel Report March 2025.xlsx,,DIESEL MARCH 2025,29,2,B29
2025-03-01,2024-03-01,STATE,Gombe,Gombe,Gombe,North East,FALSE,1375,NGN per litre,2024-03-14,FALSE,,1,Diesel Report March 2025.xlsx,,DIESEL MARCH 2025,14,2,B14
2025-03-01,2024-03-01,STATE,Imo,Imo,Imo,South East,FALSE,1403.97568088108,NGN per litre,2024-03-14,FALSE,,1,Diesel Report March 2025.xlsx,,DIESEL MARCH 2025,30,2,B30
2025-03-01,2024-03-01,STATE,Jigawa,Jigawa,Jigawa,North West,FALSE,1533.33333333333,NGN per litre,2024-03-14,FALSE,,1,Diesel Report March 2025.xlsx,,DIESEL MARCH 2025,18,2,B18
2025-03-01,2024-03-01,STATE,Kaduna,Kaduna,Kaduna,North West,FALSE,1461.81818181818,NGN per litre,2024-03-14,FALSE,,1,Diesel Report March 2025.xlsx,,DIESEL MARCH 2025,19,2,B19
2025-03-01,2024-03-01,STATE,Kano,Kano,Kano,North West,FALSE,1265.71428571429,NGN per litre,2024-03-14,FALSE,,1,Diesel Report March 2025.xlsx,,DIESEL MARCH 2025,20,2,B20
2025-03-01,2024-03-01,STATE,Katsina,Katsina,Katsina,North West,FALSE,1336.36363636364,NGN per litre,2024-03-14,FALSE,,1,Diesel Report March 2025.xlsx,,DIESEL MARCH 2025,21,2,B21
2025-03-01,2024-03-01,STATE,Kebbi,Kebbi,Kebbi,North West,FALSE,1370,NGN per litre,2024-03-14,FALSE,,1,Diesel Report March 2025.xlsx,,DIESEL MARCH 2025,22,2,B22
2025-03-01,2024-03-01,STATE,Kogi,Kogi,Kogi,North Central,FALSE,1234.42307692308,NGN per litre,2024-03-14,FALSE,,1,Diesel Report March 2025.xlsx,,DIESEL MARCH 2025,5,2,B5
2025-03-01,2024-03-01,STATE,Kwara,Kwara,Kwara,North Central,FALSE,1307.5,NGN per litre,2024-03-14,FALSE,,1,Diesel Report March 2025.xlsx,,DIESEL MARCH 2025,6,2,B6
2025-03-01,2024-03-01,STATE,Lagos,Lagos,Lagos,South West,FALSE,1231.25,NGN per litre,2024-03-14,FALSE,,1,Diesel Report March 2025.xlsx,,DIESEL MARCH 2025,40,2,B40
2025-03-01,2024-03-01,STATE,Nasarawa,Nassarawa,Nasarawa,North Central,FALSE,1285,NGN per litre,2024-03-14,FALSE,,1,Diesel Report March 2025.xlsx,,DIESEL MARCH 2025,7,2,B7
2025-03-01,2024-03-01,STATE,Niger,Niger,Niger,North Central,FALSE,1140,NGN per litre,2024-03-14,FALSE,,1,Diesel Report March 2025.xlsx,,DIESEL MARCH 2025,8,2,B8
2025-03-01,2024-03-01,STATE,Ogun,Ogun,Ogun,South West,FALSE,1422.5,NGN per litre,2024-03-14,FALSE,,1,Diesel Report March 2025.xlsx,,DIESEL MARCH 2025,41,2,B41
2025-03-01,2024-03-01,STATE,Ondo,Ondo,Ondo,South West,FALSE,1271.11111111111,NGN per litre,2024-03-14,FALSE,,1,Diesel Report March 2025.xlsx,,DIESEL MARCH 2025,42,2,B42
2025-03-01,2024-03-01,STATE,Osun,Osun,Osun,South West,FALSE,1291.66666666667,NGN per litre,2024-03-14,FALSE,,1,Diesel Report March 2025.xlsx,,DIESEL MARCH 2025,43,2,B43
2025-03-01,2024-03-01,STATE,Oyo,Oyo,Oyo,South West,FALSE,1253.23529411765,NGN per litre,2024-03-14,FALSE,,1,Diesel Report March 2025.xlsx,,DIESEL MARCH 2025,44,2,B44
2025-03-01,2024-03-01,STATE,Plateau,Plateau,Plateau,North Central,FALSE,1067.25,NGN per litre,2024-03-14,FALSE,,1,Diesel Report March 2025.xlsx,,DIESEL MARCH 2025,9,2,B9
2025-03-01,2024-03-01,STATE,Rivers,Rivers,Rivers,South South,FALSE,1221.85714285714,NGN per litre,2024-03-14,FALSE,,1,Diesel Report March 2025.xlsx,,DIESEL MARCH 2025,37,2,B37
2025-03-01,2024-03-01,STATE,Sokoto,Sokoto,Sokoto,North West,FALSE,1200,NGN per litre,2024-03-14,FALSE,,1,Diesel Report March 2025.xlsx,,DIESEL MARCH 2025,23,2,B23
2025-03-01,2024-03-01,STATE,Taraba,Taraba,Taraba,North East,FALSE,1325.83333333333,NGN per litre,2024-03-14,FALSE,,1,Diesel Report March 2025.xlsx,,DIESEL MARCH 2025,15,2,B15
2025-03-01,2024-03-01,STATE,Yobe,Yobe,Yobe,North East,FALSE,1510,NGN per litre,2024-03-14,FALSE,,1,Diesel Report March 2025.xlsx,,DIESEL MARCH 2025,16,2,B16
2025-03-01,2024-03-01,STATE,Zamfara,Zamfara,Zamfara,North West,FALSE,1362.114,NGN per litre,2024-03-14,FALSE,,1,Diesel Report March 2025.xlsx,,DIESEL MARCH 2025,24,2,B24
2025-03-01,2024-03-01,ZONE,North Central,NORTH CENTRAL,,North Central,TRUE,1230.98008241758,NGN per litre,2024-03-14,FALSE,,1,Diesel Report March 2025.xlsx,,DIESEL MARCH 2025,2,2,B2
2025-03-01,2024-03-01,ZONE,North East,NORTH EAST,,North East,TRUE,1359.07407407407,NGN per litre,2024-03-14,FALSE,,1,Diesel Report March 2025.xlsx,,DIESEL MARCH 2025,10,2,B10
2025-03-01,2024-03-01,ZONE,North West,NORTH WEST,,North West,TRUE,1361.33477674706,NGN per litre,2024-03-14,FALSE,,1,Diesel Report March 2025.xlsx,,DIESEL MARCH 2025,17,2,B17
2025-03-01,2024-03-01,ZONE,South East,SOUTH EAST,,South East,TRUE,1410.94015105717,NGN per litre,2024-03-14,FALSE,,1,Diesel Report March 2025.xlsx,,DIESEL MARCH 2025,25,2,B25
2025-03-01,2024-03-01,ZONE,South South,SOUTH SOUTH,,South South,TRUE,1419.35185185185,NGN per litre,2024-03-14,FALSE,,1,Diesel Report March 2025.xlsx,,DIESEL MARCH 2025,31,2,B31
2025-03-01,2024-03-01,ZONE,South West,SOUTH WEST,,South West,TRUE,1291.90495642702,NGN per litre,2024-03-14,FALSE,,1,Diesel Report March 2025.xlsx,,DIESEL MARCH 2025,38,2,B38
2025-03-01,2024-03-01,NATIONAL,Nigeria,NATIONAL,,,TRUE,1341.15919090692,NGN per litre,2024-03-14,FALSE,,1,Diesel Report March 2025.xlsx,,DIESEL MARCH 2025,45,2,B45
2025-03-01,2025-02-01,STATE,Abia,Abia,Abia,South East,FALSE,1508.948902,NGN per litre,2025-02-14,FALSE,,1,Diesel Report March 2025.xlsx,,DIESEL MARCH 2025,26,3,C26
2025-03-01,2025-02-01,STATE,Abuja,Abuja,Abuja,North Central,FALSE,2080,NGN per litre,2025-02-14,FALSE,,1,Diesel Report March 2025.xlsx,,DIESEL MARCH 2025,3,3,C3
2025-03-01,2025-02-01,STATE,Adamawa,Adamawa,Adamawa,North East,FALSE,2000,NGN per litre,2025-02-14,FALSE,,1,Diesel Report March 2025.xlsx,,DIESEL MARCH 2025,11,3,C11
2025-03-01,2025-02-01,STATE,Akwa Ibom,Akwa Ibom,Akwa Ibom,South South,FALSE,1558.16326514286,NGN per litre,2025-02-14,FALSE,,1,Diesel Report March 2025.xlsx,,DIESEL MARCH 2025,32,3,C32
2025-03-01,2025-02-01,STATE,Anambra,Anambra,Anambra,South East,FALSE,1241.66666666667,NGN per litre,2025-02-14,FALSE,,1,Diesel Report March 2025.xlsx,,DIESEL MARCH 2025,27,3,C27
2025-03-01,2025-02-01,STATE,Bauchi,Bauchi,Bauchi,North East,FALSE,1900,NGN per litre,2025-02-14,FALSE,,1,Diesel Report March 2025.xlsx,,DIESEL MARCH 2025,12,3,C12
2025-03-01,2025-02-01,STATE,Bayelsa,Bayelsa,Bayelsa,South South,FALSE,1700,NGN per litre,2025-02-14,FALSE,,1,Diesel Report March 2025.xlsx,,DIESEL MARCH 2025,33,3,C33
2025-03-01,2025-02-01,STATE,Benue,Benue,Benue,North Central,FALSE,1975,NGN per litre,2025-02-14,FALSE,,1,Diesel Report March 2025.xlsx,,DIESEL MARCH 2025,4,3,C4
2025-03-01,2025-02-01,STATE,Borno,Borno,Borno,North East,FALSE,1550,NGN per litre,2025-02-14,FALSE,,1,Diesel Report March 2025.xlsx,,DIESEL MARCH 2025,13,3,C13
2025-03-01,2025-02-01,STATE,Cross River,Cross River,Cross River,South South,FALSE,1733.33333333333,NGN per litre,2025-02-14,FALSE,,1,Diesel Report March 2025.xlsx,,DIESEL MARCH 2025,34,3,C34
2025-03-01,2025-02-01,STATE,Delta,Delta,Delta,South South,FALSE,1242.85714285714,NGN per litre,2025-02-14,FALSE,,1,Diesel Report March 2025.xlsx,,DIESEL MARCH 2025,35,3,C35
2025-03-01,2025-02-01,STATE,Ebonyi,Ebonyi,Ebonyi,South East,FALSE,1293.87525816667,NGN per litre,2025-02-14,FALSE,,1,Diesel Report March 2025.xlsx,,DIESEL MARCH 2025,28,3,C28
2025-03-01,2025-02-01,STATE,Edo,Edo,Edo,South South,FALSE,1249.44444444444,NGN per litre,2025-02-14,FALSE,,1,Diesel Report March 2025.xlsx,,DIESEL MARCH 2025,36,3,C36
2025-03-01,2025-02-01,STATE,Ekiti,Ekiti,Ekiti,South West,FALSE,1271.42857142857,NGN per litre,2025-02-14,FALSE,,1,Diesel Report March 2025.xlsx,,DIESEL MARCH 2025,39,3,C39
2025-03-01,2025-02-01,STATE,Enugu,Enugu,Enugu,South East,FALSE,1500,NGN per litre,2025-02-14,FALSE,,1,Diesel Report March 2025.xlsx,,DIESEL MARCH 2025,29,3,C29
2025-03-01,2025-02-01,STATE,Gombe,Gombe,Gombe,North East,FALSE,1350,NGN per litre,2025-02-14,FALSE,,1,Diesel Report March 2025.xlsx,,DIESEL MARCH 2025,14,3,C14
2025-03-01,2025-02-01,STATE,Imo,Imo,Imo,South East,FALSE,1360,NGN per litre,2025-02-14,FALSE,,1,Diesel Report March 2025.xlsx,,DIESEL MARCH 2025,30,3,C30
2025-03-01,2025-02-01,STATE,Jigawa,Jigawa,Jigawa,North West,FALSE,1250,NGN per litre,2025-02-14,FALSE,,1,Diesel Report March 2025.xlsx,,DIESEL MARCH 2025,18,3,C18
2025-03-01,2025-02-01,STATE,Kaduna,Kaduna,Kaduna,North West,FALSE,1500,NGN per litre,2025-02-14,FALSE,,1,Diesel Report March 2025.xlsx,,DIESEL MARCH 2025,19,3,C19
2025-03-01,2025-02-01,STATE,Kano,Kano,Kano,North West,FALSE,1720,NGN per litre,2025-02-14,FALSE,,1,Diesel Report March 2025.xlsx,,DIESEL MARCH 2025,20,3,C20
2025-03-01,2025-02-01,STATE,Katsina,Katsina,Katsina,North West,FALSE,1433.33333333333,NGN per litre,2025-02-14,FALSE,,1,Diesel Report March 2025.xlsx,,DIESEL MARCH 2025,21,3,C21
2025-03-01,2025-02-01,STATE,Kebbi,Kebbi,Kebbi,North West,FALSE,1345.25,NGN per litre,2025-02-14,FALSE,,1,Diesel Report March 2025.xlsx,,DIESEL MARCH 2025,22,3,C22
2025-03-01,2025-02-01,STATE,Kogi,Kogi,Kogi,North Central,FALSE,1200,NGN per litre,2025-02-14,FALSE,,1,Diesel Report March 2025.xlsx,,DIESEL MARCH 2025,5,3,C5
2025-03-01,2025-02-01,STATE,Kwara,Kwara,Kwara,North Central,FALSE,1450,NGN per litre,2025-02-14,FALSE,,1,Diesel Report March 2025.xlsx,,DIESEL MARCH 2025,6,3,C6
2025-03-01,2025-02-01,STATE,Lagos,Lagos,Lagos,South West,FALSE,1222.22222222222,NGN per litre,2025-02-14,FALSE,,1,Diesel Report March 2025.xlsx,,DIESEL MARCH 2025,40,3,C40
2025-03-01,2025-02-01,STATE,Nasarawa,Nassarawa,Nasarawa,North Central,FALSE,1500,NGN per litre,2025-02-14,FALSE,,1,Diesel Report March 2025.xlsx,,DIESEL MARCH 2025,7,3,C7
2025-03-01,2025-02-01,STATE,Niger,Niger,Niger,North Central,FALSE,1515.11720428571,NGN per litre,2025-02-14,FALSE,,1,Diesel Report March 2025.xlsx,,DIESEL MARCH 2025,8,3,C8
2025-03-01,2025-02-01,STATE,Ogun,Ogun,Ogun,South West,FALSE,1275,NGN per litre,2025-02-14,FALSE,,1,Diesel Report March 2025.xlsx,,DIESEL MARCH 2025,41,3,C41
2025-03-01,2025-02-01,STATE,Ondo,Ondo,Ondo,South West,FALSE,1396.2857143,NGN per litre,2025-02-14,FALSE,,1,Diesel Report March 2025.xlsx,,DIESEL MARCH 2025,42,3,C42
2025-03-01,2025-02-01,STATE,Osun,Osun,Osun,South West,FALSE,1333.33333333333,NGN per litre,2025-02-14,FALSE,,1,Diesel Report March 2025.xlsx,,DIESEL MARCH 2025,43,3,C43
2025-03-01,2025-02-01,STATE,Oyo,Oyo,Oyo,South West,FALSE,1415,NGN per litre,2025-02-14,FALSE,,1,Diesel Report March 2025.xlsx,,DIESEL MARCH 2025,44,3,C44
2025-03-01,2025-02-01,STATE,Plateau,Plateau,Plateau,North Central,FALSE,2000,NGN per litre,2025-02-14,FALSE,,1,Diesel Report March 2025.xlsx,,DIESEL MARCH 2025,9,3,C9
2025-03-01,2025-02-01,STATE,Rivers,Rivers,Rivers,South South,FALSE,1318.75,NGN per litre,2025-02-14,FALSE,,1,Diesel Report March 2025.xlsx,,DIESEL MARCH 2025,37,3,C37
2025-03-01,2025-02-01,STATE,Sokoto,Sokoto,Sokoto,North West,FALSE,1600,NGN per litre,2025-02-14,FALSE,,1,Diesel Report March 2025.xlsx,,DIESEL MARCH 2025,23,3,C23
2025-03-01,2025-02-01,STATE,Taraba,Taraba,Taraba,North East,FALSE,1600,NGN per litre,2025-02-14,FALSE,,1,Diesel Report March 2025.xlsx,,DIESEL MARCH 2025,15,3,C15
2025-03-01,2025-02-01,STATE,Yobe,Yobe,Yobe,North East,FALSE,1650,NGN per litre,2025-02-14,FALSE,,1,Diesel Report March 2025.xlsx,,DIESEL MARCH 2025,16,3,C16
2025-03-01,2025-02-01,STATE,Zamfara,Zamfara,Zamfara,North West,FALSE,1300,NGN per litre,2025-02-14,FALSE,,1,Diesel Report March 2025.xlsx,,DIESEL MARCH 2025,24,3,C24
2025-03-01,2025-02-01,ZONE,North Central,NORTH CENTRAL,,North Central,TRUE,1674.3024577551,NGN per litre,2025-02-14,FALSE,,1,Diesel Report March 2025.xlsx,,DIESEL MARCH 2025,2,3,C2
2025-03-01,2025-02-01,ZONE,North East,NORTH EAST,,North East,TRUE,1675,NGN per litre,2025-02-14,FALSE,,1,Diesel Report March 2025.xlsx,,DIESEL MARCH 2025,10,3,C10
2025-03-01,2025-02-01,ZONE,North West,NORTH WEST,,North West,TRUE,1449.79761904762,NGN per litre,2025-02-14,FALSE,,1,Diesel Report March 2025.xlsx,,DIESEL MARCH 2025,17,3,C17
2025-03-01,2025-02-01,ZONE,South East,SOUTH EAST,,South East,TRUE,1380.89816536667,NGN per litre,2025-02-14,FALSE,,1,Diesel Report March 2025.xlsx,,DIESEL MARCH 2025,25,3,C25
2025-03-01,2025-02-01,ZONE,South South,SOUTH SOUTH,,South South,TRUE,1467.0913642963,NGN per litre,2025-02-14,FALSE,,1,Diesel Report March 2025.xlsx,,DIESEL MARCH 2025,31,3,C31
2025-03-01,2025-02-01,ZONE,South West,SOUTH WEST,,South West,TRUE,1318.87830688069,NGN per litre,2025-02-14,FALSE,,1,Diesel Report March 2025.xlsx,,DIESEL MARCH 2025,38,3,C38
2025-03-01,2025-02-01,NATIONAL,Nigeria,NATIONAL,,,TRUE,1501.05430787876,NGN per litre,2025-02-14,FALSE,,1,Diesel Report March 2025.xlsx,,DIESEL MARCH 2025,45,3,C45
2025-03-01,2025-03-01,STATE,Abia,Abia,Abia,South East,FALSE,1635.0327597222,NGN per litre,2025-03-14,TRUE,,1,Diesel Report March 2025.xlsx,,DIESEL MARCH 2025,26,4,D26
2025-03-01,2025-03-01,STATE,Abuja,Abuja,Abuja,North Central,FALSE,2100,NGN per litre,2025-03-14,TRUE,,1,Diesel Report March 2025.xlsx,,DIESEL MARCH 2025,3,4,D3
2025-03-01,2025-03-01,STATE,Adamawa,Adamawa,Adamawa,North East,FALSE,2132.2,NGN per litre,2025-03-14,TRUE,,1,Diesel Report March 2025.xlsx,,DIESEL MARCH 2025,11,4,D11
2025-03-01,2025-03-01,STATE,Akwa Ibom,Akwa Ibom,Akwa Ibom,South South,FALSE,1709.11448959737,NGN per litre,2025-03-14,TRUE,,1,Diesel Report March 2025.xlsx,,DIESEL MARCH 2025,32,4,D32
2025-03-01,2025-03-01,STATE,Anambra,Anambra,Anambra,South East,FALSE,1309.99083333333,NGN per litre,2025-03-14,TRUE,,1,Diesel Report March 2025.xlsx,,DIESEL MARCH 2025,27,4,D27
2025-03-01,2025-03-01,STATE,Bauchi,Bauchi,Bauchi,North East,FALSE,2067.37,NGN per litre,2025-03-14,TRUE,,1,Diesel Report March 2025.xlsx,,DIESEL MARCH 2025,12,4,D12
2025-03-01,2025-03-01,STATE,Bayelsa,Bayelsa,Bayelsa,South South,FALSE,1700,NGN per litre,2025-03-14,TRUE,,1,Diesel Report March 2025.xlsx,,DIESEL MARCH 2025,33,4,D33
2025-03-01,2025-03-01,STATE,Benue,Benue,Benue,North Central,FALSE,2115.465,NGN per litre,2025-03-14,TRUE,,1,Diesel Report March 2025.xlsx,,DIESEL MARCH 2025,4,4,D4
2025-03-01,2025-03-01,STATE,Borno,Borno,Borno,North East,FALSE,1550,NGN per litre,2025-03-14,TRUE,,1,Diesel Report March 2025.xlsx,,DIESEL MARCH 2025,13,4,D13
2025-03-01,2025-03-01,STATE,Cross River,Cross River,Cross River,South South,FALSE,1733.33333333333,NGN per litre,2025-03-14,TRUE,,1,Diesel Report March 2025.xlsx,,DIESEL MARCH 2025,34,4,D34
2025-03-01,2025-03-01,STATE,Delta,Delta,Delta,South South,FALSE,1389.82857142857,NGN per litre,2025-03-14,TRUE,,1,Diesel Report March 2025.xlsx,,DIESEL MARCH 2025,35,4,D35
2025-03-01,2025-03-01,STATE,Ebonyi,Ebonyi,Ebonyi,South East,FALSE,1445.33661525,NGN per litre,2025-03-14,TRUE,,1,Diesel Report March 2025.xlsx,,DIESEL MARCH 2025,28,4,D28
2025-03-01,2025-03-01,STATE,Edo,Edo,Edo,South South,FALSE,1397.83938888889,NGN per litre,2025-03-14,TRUE,,1,Diesel Report March 2025.xlsx,,DIESEL MARCH 2025,36,4,D36
2025-03-01,2025-03-01,STATE,Ekiti,Ekiti,Ekiti,South West,FALSE,1325.78571428571,NGN per litre,2025-03-14,TRUE,,1,Diesel Report March 2025.xlsx,,DIESEL MARCH 2025,39,4,D39
2025-03-01,2025-03-01,STATE,Enugu,Enugu,Enugu,South East,FALSE,1624.15,NGN per litre,2025-03-14,TRUE,,1,Diesel Report March 2025.xlsx,,DIESEL MARCH 2025,29,4,D29
2025-03-01,2025-03-01,STATE,Gombe,Gombe,Gombe,North East,FALSE,1441.735,NGN per litre,2025-03-14,TRUE,,1,Diesel Report March 2025.xlsx,,DIESEL MARCH 2025,14,4,D14
2025-03-01,2025-03-01,STATE,Imo,Imo,Imo,South East,FALSE,1453.896,NGN per litre,2025-03-14,TRUE,,1,Diesel Report March 2025.xlsx,,DIESEL MARCH 2025,30,4,D30
2025-03-01,2025-03-01,STATE,Jigawa,Jigawa,Jigawa,North West,FALSE,1330.08333333333,NGN per litre,2025-03-14,TRUE,,1,Diesel Report March 2025.xlsx,,DIESEL MARCH 2025,18,4,D18
2025-03-01,2025-03-01,STATE,Kaduna,Kaduna,Kaduna,North West,FALSE,1724.15,NGN per litre,2025-03-14,TRUE,,1,Diesel Report March 2025.xlsx,,DIESEL MARCH 2025,19,4,D19
2025-03-01,2025-03-01,STATE,Kano,Kano,Kano,North West,FALSE,1800.692,NGN per litre,2025-03-14,TRUE,,1,Diesel Report March 2025.xlsx,,DIESEL MARCH 2025,20,4,D20
2025-03-01,2025-03-01,STATE,Katsina,Katsina,Katsina,North West,FALSE,1643.07666666667,NGN per litre,2025-03-14,TRUE,,1,Diesel Report March 2025.xlsx,,DIESEL MARCH 2025,21,4,D21
2025-03-01,2025-03-01,STATE,Kebbi,Kebbi,Kebbi,North West,FALSE,1635.958525,NGN per litre,2025-03-14,TRUE,,1,Diesel Report March 2025.xlsx,,DIESEL MARCH 2025,22,4,D22
2025-03-01,2025-03-01,STATE,Kogi,Kogi,Kogi,North Central,FALSE,1300,NGN per litre,2025-03-14,TRUE,,1,Diesel Report March 2025.xlsx,,DIESEL MARCH 2025,5,4,D5
2025-03-01,2025-03-01,STATE,Kwara,Kwara,Kwara,North Central,FALSE,1350,NGN per litre,2025-03-14,TRUE,,1,Diesel Report March 2025.xlsx,,DIESEL MARCH 2025,6,4,D6
2025-03-01,2025-03-01,STATE,Lagos,Lagos,Lagos,South West,FALSE,1386.34444444444,NGN per litre,2025-03-14,TRUE,,1,Diesel Report March 2025.xlsx,,DIESEL MARCH 2025,40,4,D40
2025-03-01,2025-03-01,STATE,Nasarawa,Nassarawa,Nasarawa,North Central,FALSE,1781.82432332876,NGN per litre,2025-03-14,TRUE,,1,Diesel Report March 2025.xlsx,,DIESEL MARCH 2025,7,4,D7
2025-03-01,2025-03-01,STATE,Niger,Niger,Niger,North Central,FALSE,1742.02220428571,NGN per litre,2025-03-14,TRUE,,1,Diesel Report March 2025.xlsx,,DIESEL MARCH 2025,8,4,D8
2025-03-01,2025-03-01,STATE,Ogun,Ogun,Ogun,South West,FALSE,1350.5275,NGN per litre,2025-03-14,TRUE,,1,Diesel Report March 2025.xlsx,,DIESEL MARCH 2025,41,4,D41
2025-03-01,2025-03-01,STATE,Ondo,Ondo,Ondo,South West,FALSE,1396.2857143,NGN per litre,2025-03-14,TRUE,,1,Diesel Report March 2025.xlsx,,DIESEL MARCH 2025,42,4,D42
2025-03-01,2025-03-01,STATE,Osun,Osun,Osun,South West,FALSE,1451.83444444444,NGN per litre,2025-03-14,TRUE,,1,Diesel Report March 2025.xlsx,,DIESEL MARCH 2025,43,4,D43
2025-03-01,2025-03-01,STATE,Oyo,Oyo,Oyo,South West,FALSE,1497.47816666667,NGN per litre,2025-03-14,TRUE,,1,Diesel Report March 2025.xlsx,,DIESEL MARCH 2025,44,4,D44
2025-03-01,2025-03-01,STATE,Plateau,Plateau,Plateau,North Central,FALSE,2042.441007,NGN per litre,2025-03-14,TRUE,,1,Diesel Report March 2025.xlsx,,DIESEL MARCH 2025,9,4,D9
2025-03-01,2025-03-01,STATE,Rivers,Rivers,Rivers,South South,FALSE,1464.56375,NGN per litre,2025-03-14,TRUE,,1,Diesel Report March 2025.xlsx,,DIESEL MARCH 2025,37,4,D37
2025-03-01,2025-03-01,STATE,Sokoto,Sokoto,Sokoto,North West,FALSE,1600,NGN per litre,2025-03-14,TRUE,,1,Diesel Report March 2025.xlsx,,DIESEL MARCH 2025,23,4,D23
2025-03-01,2025-03-01,STATE,Taraba,Taraba,Taraba,North East,FALSE,1645.76,NGN per litre,2025-03-14,TRUE,,1,Diesel Report March 2025.xlsx,,DIESEL MARCH 2025,15,4,D15
2025-03-01,2025-03-01,STATE,Yobe,Yobe,Yobe,North East,FALSE,1600,NGN per litre,2025-03-14,TRUE,,1,Diesel Report March 2025.xlsx,,DIESEL MARCH 2025,16,4,D16
2025-03-01,2025-03-01,STATE,Zamfara,Zamfara,Zamfara,North West,FALSE,1300,NGN per litre,2025-03-14,TRUE,,1,Diesel Report March 2025.xlsx,,DIESEL MARCH 2025,24,4,D24
2025-03-01,2025-03-01,ZONE,North Central,NORTH CENTRAL,,North Central,TRUE,1775.96464780207,NGN per litre,2025-03-14,TRUE,,1,Diesel Report March 2025.xlsx,,DIESEL MARCH 2025,2,4,D2
2025-03-01,2025-03-01,ZONE,North East,NORTH EAST,,North East,TRUE,1739.51083333333,NGN per litre,2025-03-14,TRUE,,1,Diesel Report March 2025.xlsx,,DIESEL MARCH 2025,10,4,D10
2025-03-01,2025-03-01,ZONE,North West,NORTH WEST,,North West,TRUE,1576.280075,NGN per litre,2025-03-14,TRUE,,1,Diesel Report March 2025.xlsx,,DIESEL MARCH 2025,17,4,D17
2025-03-01,2025-03-01,ZONE,South East,SOUTH EAST,,South East,TRUE,1493.68124166111,NGN per litre,2025-03-14,TRUE,,1,Diesel Report March 2025.xlsx,,DIESEL MARCH 2025,25,4,D25
2025-03-01,2025-03-01,ZONE,South South,SOUTH SOUTH,,South South,TRUE,1565.77992220803,NGN per litre,2025-03-14,TRUE,,1,Diesel Report March 2025.xlsx,,DIESEL MARCH 2025,31,4,D31
2025-03-01,2025-03-01,ZONE,South West,SOUTH WEST,,South West,TRUE,1401.37599735688,NGN per litre,2025-03-14,TRUE,,1,Diesel Report March 2025.xlsx,,DIESEL MARCH 2025,38,4,D38
2025-03-01,2025-03-01,NATIONAL,Nigeria,NATIONAL,,,TRUE,1599.30053473809,NGN per litre,2025-03-14,TRUE,,1,Diesel Report March 2025.xlsx,,DIESEL MARCH 2025,45,4,D45
2025-04-01,2024-04-01,STATE,Abia,Abia,Abia,South East,FALSE,1473.50923039363,NGN per litre,2024-04-14,FALSE,,1,Diesel_Report_April_2025.xlsx,,DIESEL APRIL 2025,26,2,B26
2025-04-01,2024-04-01,STATE,Abuja,Abuja,Abuja,North Central,FALSE,1360,NGN per litre,2024-04-14,FALSE,,1,Diesel_Report_April_2025.xlsx,,DIESEL APRIL 2025,3,2,B3
2025-04-01,2024-04-01,STATE,Adamawa,Adamawa,Adamawa,North East,FALSE,1257.5,NGN per litre,2024-04-14,FALSE,,1,Diesel_Report_April_2025.xlsx,,DIESEL APRIL 2025,11,2,B11
2025-04-01,2024-04-01,STATE,Akwa Ibom,Akwa Ibom,Akwa Ibom,South South,FALSE,1450,NGN per litre,2024-04-14,FALSE,,1,Diesel_Report_April_2025.xlsx,,DIESEL APRIL 2025,32,2,B32
2025-04-01,2024-04-01,STATE,Anambra,Anambra,Anambra,South East,FALSE,1508.0416370738637,NGN per litre,2024-04-14,FALSE,,1,Diesel_Report_April_2025.xlsx,,DIESEL APRIL 2025,27,2,B27
2025-04-01,2024-04-01,STATE,Bauchi,Bauchi,Bauchi,North East,FALSE,1669.625,NGN per litre,2024-04-14,FALSE,,1,Diesel_Report_April_2025.xlsx,,DIESEL APRIL 2025,12,2,B12
2025-04-01,2024-04-01,STATE,Bayelsa,Bayelsa,Bayelsa,South South,FALSE,1570,NGN per litre,2024-04-14,FALSE,,1,Diesel_Report_April_2025.xlsx,,DIESEL APRIL 2025,33,2,B33
2025-04-01,2024-04-01,STATE,Benue,Benue,Benue,North Central,FALSE,1456.25,NGN per litre,2024-04-14,FALSE,,1,Diesel_Report_April_2025.xlsx,,DIESEL APRIL 2025,4,2,B4
2025-04-01,2024-04-01,STATE,Borno,Borno,Borno,North East,FALSE,1652.611111111111,NGN per litre,2024-04-14,FALSE,,1,Diesel_Report_April_2025.xlsx,,DIESEL APRIL 2025,13,2,B13
2025-04-01,2024-04-01,STATE,Cross River,Cross River,Cross River,South South,FALSE,1531.25,NGN per litre,2024-04-14,FALSE,,1,Diesel_Report_April_2025.xlsx,,DIESEL APRIL 2025,34,2,B34
2025-04-01,2024-04-01,STATE,Delta,Delta,Delta,South South,FALSE,1431.25,NGN per litre,2024-04-14,FALSE,,1,Diesel_Report_April_2025.xlsx,,DIESEL APRIL 2025,35,2,B35
2025-04-01,2024-04-01,STATE,Ebonyi,Ebonyi,Ebonyi,South East,FALSE,1415.3307698567708,NGN per litre,2024-04-14,FALSE,,1,Diesel_Report_April_2025.xlsx,,DIESEL APRIL 2025,28,2,B28
2025-04-01,2024-04-01,STATE,Edo,Edo,Edo,South South,FALSE,1443.75,NGN per litre,2024-04-14,FALSE,,1,Diesel_Report_April_2025.xlsx,,DIESEL APRIL 2025,36,2,B36
2025-04-01,2024-04-01,STATE,Ekiti,Ekiti,Ekiti,South West,FALSE,1367.5,NGN per litre,2024-04-14,FALSE,,1,Diesel_Report_April_2025.xlsx,,DIESEL APRIL 2025,39,2,B39
2025-04-01,2024-04-01,STATE,Enugu,Enugu,Enugu,South East,FALSE,1518.4086143092106,NGN per litre,2024-04-14,FALSE,,1,Diesel_Report_April_2025.xlsx,,DIESEL APRIL 2025,29,2,B29
2025-04-01,2024-04-01,STATE,Gombe,Gombe,Gombe,North East,FALSE,1363.3333333333333,NGN per litre,2024-04-14,FALSE,,1,Diesel_Report_April_2025.xlsx,,DIESEL APRIL 2025,14,2,B14
2025-04-01,2024-04-01,STATE,Imo,Imo,Imo,South East,FALSE,1534.7945197610295,NGN per litre,2024-04-14,FALSE,,1,Diesel_Report_April_2025.xlsx,,DIESEL APRIL 2025,30,2,B30
2025-04-01,2024-04-01,STATE,Jigawa,Jigawa,Jigawa,North West,FALSE,1418.1818181818182,NGN per litre,2024-04-14,FALSE,,1,Diesel_Report_April_2025.xlsx,,DIESEL APRIL 2025,18,2,B18
2025-04-01,2024-04-01,STATE,Kaduna,Kaduna,Kaduna,North West,FALSE,1320.8333333333333,NGN per litre,2024-04-14,FALSE,,1,Diesel_Report_April_2025.xlsx,,DIESEL APRIL 2025,19,2,B19
2025-04-01,2024-04-01,STATE,Kano,Kano,Kano,North West,FALSE,1258.5714285714287,NGN per litre,2024-04-14,FALSE,,1,Diesel_Report_April_2025.xlsx,,DIESEL APRIL 2025,20,2,B20
2025-04-01,2024-04-01,STATE,Katsina,Katsina,Katsina,North West,FALSE,1305.5555555555557,NGN per litre,2024-04-14,FALSE,,1,Diesel_Report_April_2025.xlsx,,DIESEL APRIL 2025,21,2,B21
2025-04-01,2024-04-01,STATE,Kebbi,Kebbi,Kebbi,North West,FALSE,1380,NGN per litre,2024-04-14,FALSE,,1,Diesel_Report_April_2025.xlsx,,DIESEL APRIL 2025,22,2,B22
2025-04-01,2024-04-01,STATE,Kogi,Kogi,Kogi,North Central,FALSE,1152.5,NGN per litre,2024-04-14,FALSE,,1,Diesel_Report_April_2025.xlsx,,DIESEL APRIL 2025,5,2,B5
2025-04-01,2024-04-01,STATE,Kwara,Kwara,Kwara,North Central,FALSE,1345.7142857142858,NGN per litre,2024-04-14,FALSE,,1,Diesel_Report_April_2025.xlsx,,DIESEL APRIL 2025,6,2,B6
2025-04-01,2024-04-01,STATE,Lagos,Lagos,Lagos,South West,FALSE,1276.4705882352941,NGN per litre,2024-04-14,FALSE,,1,Diesel_Report_April_2025.xlsx,,DIESEL APRIL 2025,40,2,B40
2025-04-01,2024-04-01,STATE,Nasarawa,Nassarawa,Nasarawa,North Central,FALSE,1520,NGN per litre,2024-04-14,FALSE,,1,Diesel_Report_April_2025.xlsx,,DIESEL APRIL 2025,7,2,B7
2025-04-01,2024-04-01,STATE,Niger,Niger,Niger,North Central,FALSE,1023,NGN per litre,2024-04-14,FALSE,,1,Diesel_Report_April_2025.xlsx,,DIESEL APRIL 2025,8,2,B8
2025-04-01,2024-04-01,STATE,Ogun,Ogun,Ogun,South West,FALSE,1457,NGN per litre,2024-04-14,FALSE,,1,Diesel_Report_April_2025.xlsx,,DIESEL APRIL 2025,41,2,B41
2025-04-01,2024-04-01,STATE,Ondo,Ondo,Ondo,South West,FALSE,1383.3333333333333,NGN per litre,2024-04-14,FALSE,,1,Diesel_Report_April_2025.xlsx,,DIESEL APRIL 2025,42,2,B42
2025-04-01,2024-04-01,STATE,Osun,Osun,Osun,South West,FALSE,1375,NGN per litre,2024-04-14,FALSE,,1,Diesel_Report_April_2025.xlsx,,DIESEL APRIL 2025,43,2,B43
2025-04-01,2024-04-01,STATE,Oyo,Oyo,Oyo,South West,FALSE,1405,NGN per litre,2024-04-14,FALSE,,1,Diesel_Report_April_2025.xlsx,,DIESEL APRIL 2025,44,2,B44
2025-04-01,2024-04-01,STATE,Plateau,Plateau,Plateau,North Central,FALSE,1293,NGN per litre,2024-04-14,FALSE,,1,Diesel_Report_April_2025.xlsx,,DIESEL APRIL 2025,9,2,B9
2025-04-01,2024-04-01,STATE,Rivers,Rivers,Rivers,South South,FALSE,1344.4444444444443,NGN per litre,2024-04-14,FALSE,,1,Diesel_Report_April_2025.xlsx,,DIESEL APRIL 2025,37,2,B37
2025-04-01,2024-04-01,STATE,Sokoto,Sokoto,Sokoto,North West,FALSE,1400,NGN per litre,2024-04-14,FALSE,,1,Diesel_Report_April_2025.xlsx,,DIESEL APRIL 2025,23,2,B23
2025-04-01,2024-04-01,STATE,Taraba,Taraba,Taraba,North East,FALSE,1742.4583333333333,NGN per litre,2024-04-14,FALSE,,1,Diesel_Report_April_2025.xlsx,,DIESEL APRIL 2025,15,2,B15
2025-04-01,2024-04-01,STATE,Yobe,Yobe,Yobe,North East,FALSE,1637.25,NGN per litre,2024-04-14,FALSE,,1,Diesel_Report_April_2025.xlsx,,DIESEL APRIL 2025,16,2,B16
2025-04-01,2024-04-01,STATE,Zamfara,Zamfara,Zamfara,North West,FALSE,1315.7142857142858,NGN per litre,2024-04-14,FALSE,,1,Diesel_Report_April_2025.xlsx,,DIESEL APRIL 2025,24,2,B24
2025-04-01,2024-04-01,ZONE,North Central,NORTH CENTRAL,,North Central,TRUE,1307.2091836734694,NGN per litre,2024-04-14,FALSE,,1,Diesel_Report_April_2025.xlsx,,DIESEL APRIL 2025,2,2,B2
2025-04-01,2024-04-01,ZONE,North East,NORTH EAST,,North East,TRUE,1553.7962962962963,NGN per litre,2024-04-14,FALSE,,1,Diesel_Report_April_2025.xlsx,,DIESEL APRIL 2025,10,2,B10
2025-04-01,2024-04-01,ZONE,North West,NORTH WEST,,North West,TRUE,1342.6937744794889,NGN per litre,2024-04-14,FALSE,,1,Diesel_Report_April_2025.xlsx,,DIESEL APRIL 2025,17,2,B17
2025-04-01,2024-04-01,ZONE,South East,SOUTH EAST,,South East,TRUE,1490.016954278901,NGN per litre,2024-04-14,FALSE,,1,Diesel_Report_April_2025.xlsx,,DIESEL APRIL 2025,25,2,B25
2025-04-01,2024-04-01,ZONE,South South,SOUTH SOUTH,,South South,TRUE,1461.7824074074076,NGN per litre,2024-04-14,FALSE,,1,Diesel_Report_April_2025.xlsx,,DIESEL APRIL 2025,31,2,B31
2025-04-01,2024-04-01,ZONE,South West,SOUTH WEST,,South West,TRUE,1377.3839869281044,NGN per litre,2024-04-14,FALSE,,1,Diesel_Report_April_2025.xlsx,,DIESEL APRIL 2025,38,2,B38
2025-04-01,2024-04-01,NATIONAL,Nigeria,NATIONAL,,,TRUE,1415.0589627636775,NGN per litre,2024-04-14,FALSE,,1,Diesel_Report_April_2025.xlsx,,DIESEL APRIL 2025,45,2,B45
2025-04-01,2025-03-01,STATE,Abia,Abia,Abia,South East,FALSE,1635.0327597222,NGN per litre,2025-03-14,FALSE,,1,Diesel_Report_April_2025.xlsx,,DIESEL APRIL 2025,26,3,C26
2025-04-01,2025-03-01,STATE,Abuja,Abuja,Abuja,North Central,FALSE,2100,NGN per litre,2025-03-14,FALSE,,1,Diesel_Report_April_2025.xlsx,,DIESEL APRIL 2025,3,3,C3
2025-04-01,2025-03-01,STATE,Adamawa,Adamawa,Adamawa,North East,FALSE,2132.2,NGN per litre,2025-03-14,FALSE,,1,Diesel_Report_April_2025.xlsx,,DIESEL APRIL 2025,11,3,C11
2025-04-01,2025-03-01,STATE,Akwa Ibom,Akwa Ibom,Akwa Ibom,South South,FALSE,1709.11448959737,NGN per litre,2025-03-14,FALSE,,1,Diesel_Report_April_2025.xlsx,,DIESEL APRIL 2025,32,3,C32
2025-04-01,2025-03-01,STATE,Anambra,Anambra,Anambra,South East,FALSE,1309.99083333333,NGN per litre,2025-03-14,FALSE,,1,Diesel_Report_April_2025.xlsx,,DIESEL APRIL 2025,27,3,C27
2025-04-01,2025-03-01,STATE,Bauchi,Bauchi,Bauchi,North East,FALSE,2067.37,NGN per litre,2025-03-14,FALSE,,1,Diesel_Report_April_2025.xlsx,,DIESEL APRIL 2025,12,3,C12
2025-04-01,2025-03-01,STATE,Bayelsa,Bayelsa,Bayelsa,South South,FALSE,1700,NGN per litre,2025-03-14,FALSE,,1,Diesel_Report_April_2025.xlsx,,DIESEL APRIL 2025,33,3,C33
2025-04-01,2025-03-01,STATE,Benue,Benue,Benue,North Central,FALSE,2115.465,NGN per litre,2025-03-14,FALSE,,1,Diesel_Report_April_2025.xlsx,,DIESEL APRIL 2025,4,3,C4
2025-04-01,2025-03-01,STATE,Borno,Borno,Borno,North East,FALSE,1550,NGN per litre,2025-03-14,FALSE,,1,Diesel_Report_April_2025.xlsx,,DIESEL APRIL 2025,13,3,C13
2025-04-01,2025-03-01,STATE,Cross River,Cross River,Cross River,South South,FALSE,1733.3333333333333,NGN per litre,2025-03-14,FALSE,,1,Diesel_Report_April_2025.xlsx,,DIESEL APRIL 2025,34,3,C34
2025-04-01,2025-03-01,STATE,Delta,Delta,Delta,South South,FALSE,1389.8285714285714,NGN per litre,2025-03-14,FALSE,,1,Diesel_Report_April_2025.xlsx,,DIESEL APRIL 2025,35,3,C35
2025-04-01,2025-03-01,STATE,Ebonyi,Ebonyi,Ebonyi,South East,FALSE,1445.33661525,NGN per litre,2025-03-14,FALSE,,1,Diesel_Report_April_2025.xlsx,,DIESEL APRIL 2025,28,3,C28
2025-04-01,2025-03-01,STATE,Edo,Edo,Edo,South South,FALSE,1397.8393888888886,NGN per litre,2025-03-14,FALSE,,1,Diesel_Report_April_2025.xlsx,,DIESEL APRIL 2025,36,3,C36
2025-04-01,2025-03-01,STATE,Ekiti,Ekiti,Ekiti,South West,FALSE,1325.78571428571,NGN per litre,2025-03-14,FALSE,,1,Diesel_Report_April_2025.xlsx,,DIESEL APRIL 2025,39,3,C39
2025-04-01,2025-03-01,STATE,Enugu,Enugu,Enugu,South East,FALSE,1624.15,NGN per litre,2025-03-14,FALSE,,1,Diesel_Report_April_2025.xlsx,,DIESEL APRIL 2025,29,3,C29
2025-04-01,2025-03-01,STATE,Gombe,Gombe,Gombe,North East,FALSE,1441.735,NGN per litre,2025-03-14,FALSE,,1,Diesel_Report_April_2025.xlsx,,DIESEL APRIL 2025,14,3,C14
2025-04-01,2025-03-01,STATE,Imo,Imo,Imo,South East,FALSE,1453.896,NGN per litre,2025-03-14,FALSE,,1,Diesel_Report_April_2025.xlsx,,DIESEL APRIL 2025,30,3,C30
2025-04-01,2025-03-01,STATE,Jigawa,Jigawa,Jigawa,North West,FALSE,1330.08333333333,NGN per litre,2025-03-14,FALSE,,1,Diesel_Report_April_2025.xlsx,,DIESEL APRIL 2025,18,3,C18
2025-04-01,2025-03-01,STATE,Kaduna,Kaduna,Kaduna,North West,FALSE,1724.15,NGN per litre,2025-03-14,FALSE,,1,Diesel_Report_April_2025.xlsx,,DIESEL APRIL 2025,19,3,C19
2025-04-01,2025-03-01,STATE,Kano,Kano,Kano,North West,FALSE,1800.692,NGN per litre,2025-03-14,FALSE,,1,Diesel_Report_April_2025.xlsx,,DIESEL APRIL 2025,20,3,C20
2025-04-01,2025-03-01,STATE,Katsina,Katsina,Katsina,North West,FALSE,1643.07666666667,NGN per litre,2025-03-14,FALSE,,1,Diesel_Report_April_2025.xlsx,,DIESEL APRIL 2025,21,3,C21
2025-04-01,2025-03-01,STATE,Kebbi,Kebbi,Kebbi,North West,FALSE,1635.958525,NGN per litre,2025-03-14,FALSE,,1,Diesel_Report_April_2025.xlsx,,DIESEL APRIL 2025,22,3,C22
2025-04-01,2025-03-01,STATE,Kogi,Kogi,Kogi,North Central,FALSE,1300,NGN per litre,2025-03-14,FALSE,,1,Diesel_Report_April_2025.xlsx,,DIESEL APRIL 2025,5,3,C5
2025-04-01,2025-03-01,STATE,Kwara,Kwara,Kwara,North Central,FALSE,1350,NGN per litre,2025-03-14,FALSE,,1,Diesel_Report_April_2025.xlsx,,DIESEL APRIL 2025,6,3,C6
2025-04-01,2025-03-01,STATE,Lagos,Lagos,Lagos,South West,FALSE,1386.34444444444,NGN per litre,2025-03-14,FALSE,,1,Diesel_Report_April_2025.xlsx,,DIESEL APRIL 2025,40,3,C40
2025-04-01,2025-03-01,STATE,Nasarawa,Nassarawa,Nasarawa,North Central,FALSE,1781.82432332876,NGN per litre,2025-03-14,FALSE,,1,Diesel_Report_April_2025.xlsx,,DIESEL APRIL 2025,7,3,C7
2025-04-01,2025-03-01,STATE,Niger,Niger,Niger,North Central,FALSE,1742.0222042857145,NGN per litre,2025-03-14,FALSE,,1,Diesel_Report_April_2025.xlsx,,DIESEL APRIL 2025,8,3,C8
2025-04-01,2025-03-01,STATE,Ogun,Ogun,Ogun,South West,FALSE,1350.5275,NGN per litre,2025-03-14,FALSE,,1,Diesel_Report_April_2025.xlsx,,DIESEL APRIL 2025,41,3,C41
2025-04-01,2025-03-01,STATE,Ondo,Ondo,Ondo,South West,FALSE,1396.2857142999999,NGN per litre,2025-03-14,FALSE,,1,Diesel_Report_April_2025.xlsx,,DIESEL APRIL 2025,42,3,C42
2025-04-01,2025-03-01,STATE,Osun,Osun,Osun,South West,FALSE,1451.83444444444,NGN per litre,2025-03-14,FALSE,,1,Diesel_Report_April_2025.xlsx,,DIESEL APRIL 2025,43,3,C43
2025-04-01,2025-03-01,STATE,Oyo,Oyo,Oyo,South West,FALSE,1497.4781666666668,NGN per litre,2025-03-14,FALSE,,1,Diesel_Report_April_2025.xlsx,,DIESEL APRIL 2025,44,3,C44
2025-04-01,2025-03-01,STATE,Plateau,Plateau,Plateau,North Central,FALSE,2042.441007,NGN per litre,2025-03-14,FALSE,,1,Diesel_Report_April_2025.xlsx,,DIESEL APRIL 2025,9,3,C9
2025-04-01,2025-03-01,STATE,Rivers,Rivers,Rivers,South South,FALSE,1464.56375,NGN per litre,2025-03-14,FALSE,,1,Diesel_Report_April_2025.xlsx,,DIESEL APRIL 2025,37,3,C37
2025-04-01,2025-03-01,STATE,Sokoto,Sokoto,Sokoto,North West,FALSE,1600,NGN per litre,2025-03-14,FALSE,,1,Diesel_Report_April_2025.xlsx,,DIESEL APRIL 2025,23,3,C23
2025-04-01,2025-03-01,STATE,Taraba,Taraba,Taraba,North East,FALSE,1645.76,NGN per litre,2025-03-14,FALSE,,1,Diesel_Report_April_2025.xlsx,,DIESEL APRIL 2025,15,3,C15
2025-04-01,2025-03-01,STATE,Yobe,Yobe,Yobe,North East,FALSE,1600,NGN per litre,2025-03-14,FALSE,,1,Diesel_Report_April_2025.xlsx,,DIESEL APRIL 2025,16,3,C16
2025-04-01,2025-03-01,STATE,Zamfara,Zamfara,Zamfara,North West,FALSE,1300,NGN per litre,2025-03-14,FALSE,,1,Diesel_Report_April_2025.xlsx,,DIESEL APRIL 2025,24,3,C24
2025-04-01,2025-03-01,ZONE,North Central,NORTH CENTRAL,,North Central,TRUE,1775.9646478020677,NGN per litre,2025-03-14,FALSE,,1,Diesel_Report_April_2025.xlsx,,DIESEL APRIL 2025,2,3,C2
2025-04-01,2025-03-01,ZONE,North East,NORTH EAST,,North East,TRUE,1739.510833333333,NGN per litre,2025-03-14,FALSE,,1,Diesel_Report_April_2025.xlsx,,DIESEL APRIL 2025,10,3,C10
2025-04-01,2025-03-01,ZONE,North West,NORTH WEST,,North West,TRUE,1576.2800750000001,NGN per litre,2025-03-14,FALSE,,1,Diesel_Report_April_2025.xlsx,,DIESEL APRIL 2025,17,3,C17
2025-04-01,2025-03-01,ZONE,South East,SOUTH EAST,,South East,TRUE,1493.681241661106,NGN per litre,2025-03-14,FALSE,,1,Diesel_Report_April_2025.xlsx,,DIESEL APRIL 2025,25,3,C25
2025-04-01,2025-03-01,ZONE,South South,SOUTH SOUTH,,South South,TRUE,1565.7799222080273,NGN per litre,2025-03-14,FALSE,,1,Diesel_Report_April_2025.xlsx,,DIESEL APRIL 2025,31,3,C31
2025-04-01,2025-03-01,ZONE,South West,SOUTH WEST,,South West,TRUE,1401.375997356876,NGN per litre,2025-03-14,FALSE,,1,Diesel_Report_April_2025.xlsx,,DIESEL APRIL 2025,38,3,C38
2025-04-01,2025-03-01,NATIONAL,Nigeria,NATIONAL,,,TRUE,1599.3005347380927,NGN per litre,2025-03-14,FALSE,,1,Diesel_Report_April_2025.xlsx,,DIESEL APRIL 2025,45,3,C45
2025-04-01,2025-04-01,STATE,Abia,Abia,Abia,South East,FALSE,1786.8504675776,NGN per litre,2025-04-14,TRUE,,1,Diesel_Report_April_2025.xlsx,,DIESEL APRIL 2025,26,4,D26
2025-04-01,2025-04-01,STATE,Abuja,Abuja,Abuja,North Central,FALSE,1764.1666666666667,NGN per litre,2025-04-14,TRUE,,1,Diesel_Report_April_2025.xlsx,,DIESEL APRIL 2025,3,4,D3
2025-04-01,2025-04-01,STATE,Adamawa,Adamawa,Adamawa,North East,FALSE,2284.3199999999997,NGN per litre,2025-04-14,TRUE,,1,Diesel_Report_April_2025.xlsx,,DIESEL APRIL 2025,11,4,D11
2025-04-01,2025-04-01,STATE,Akwa Ibom,Akwa Ibom,Akwa Ibom,South South,FALSE,1693.526785625,NGN per litre,2025-04-14,TRUE,,1,Diesel_Report_April_2025.xlsx,,DIESEL APRIL 2025,32,4,D32
2025-04-01,2025-04-01,STATE,Anambra,Anambra,Anambra,South East,FALSE,1359.27497685185,NGN per litre,2025-04-14,TRUE,,1,Diesel_Report_April_2025.xlsx,,DIESEL APRIL 2025,27,4,D27
2025-04-01,2025-04-01,STATE,Bauchi,Bauchi,Bauchi,North East,FALSE,1824.47,NGN per litre,2025-04-14,TRUE,,1,Diesel_Report_April_2025.xlsx,,DIESEL APRIL 2025,12,4,D12
2025-04-01,2025-04-01,STATE,Bayelsa,Bayelsa,Bayelsa,South South,FALSE,1868.4,NGN per litre,2025-04-14,TRUE,,1,Diesel_Report_April_2025.xlsx,,DIESEL APRIL 2025,33,4,D33
2025-04-01,2025-04-01,STATE,Benue,Benue,Benue,North Central,FALSE,2419.30230769231,NGN per litre,2025-04-14,TRUE,,1,Diesel_Report_April_2025.xlsx,,DIESEL APRIL 2025,4,4,D4
2025-04-01,2025-04-01,STATE,Borno,Borno,Borno,North East,FALSE,1400,NGN per litre,2025-04-14,TRUE,,1,Diesel_Report_April_2025.xlsx,,DIESEL APRIL 2025,13,4,D13
2025-04-01,2025-04-01,STATE,Cross River,Cross River,Cross River,South South,FALSE,2009.1875,NGN per litre,2025-04-14,TRUE,,1,Diesel_Report_April_2025.xlsx,,DIESEL APRIL 2025,34,4,D34
2025-04-01,2025-04-01,STATE,Delta,Delta,Delta,South South,FALSE,1660.5252,NGN per litre,2025-04-14,TRUE,,1,Diesel_Report_April_2025.xlsx,,DIESEL APRIL 2025,35,4,D35
2025-04-01,2025-04-01,STATE,Ebonyi,Ebonyi,Ebonyi,South East,FALSE,1564.70033828571,NGN per litre,2025-04-14,TRUE,,1,Diesel_Report_April_2025.xlsx,,DIESEL APRIL 2025,28,4,D28
2025-04-01,2025-04-01,STATE,Edo,Edo,Edo,South South,FALSE,1909.8577333333333,NGN per litre,2025-04-14,TRUE,,1,Diesel_Report_April_2025.xlsx,,DIESEL APRIL 2025,36,4,D36
2025-04-01,2025-04-01,STATE,Ekiti,Ekiti,Ekiti,South West,FALSE,1517.884375,NGN per litre,2025-04-14,TRUE,,1,Diesel_Report_April_2025.xlsx,,DIESEL APRIL 2025,39,4,D39
2025-04-01,2025-04-01,STATE,Enugu,Enugu,Enugu,South East,FALSE,1778.7416666666668,NGN per litre,2025-04-14,TRUE,,1,Diesel_Report_April_2025.xlsx,,DIESEL APRIL 2025,29,4,D29
2025-04-01,2025-04-01,STATE,Gombe,Gombe,Gombe,North East,FALSE,1375,NGN per litre,2025-04-14,TRUE,,1,Diesel_Report_April_2025.xlsx,,DIESEL APRIL 2025,14,4,D14
2025-04-01,2025-04-01,STATE,Imo,Imo,Imo,South East,FALSE,1665.847142857143,NGN per litre,2025-04-14,TRUE,,1,Diesel_Report_April_2025.xlsx,,DIESEL APRIL 2025,30,4,D30
2025-04-01,2025-04-01,STATE,Jigawa,Jigawa,Jigawa,North West,FALSE,1644.33258333333,NGN per litre,2025-04-14,TRUE,,1,Diesel_Report_April_2025.xlsx,,DIESEL APRIL 2025,18,4,D18
2025-04-01,2025-04-01,STATE,Kaduna,Kaduna,Kaduna,North West,FALSE,1867.6980000000003,NGN per litre,2025-04-14,TRUE,,1,Diesel_Report_April_2025.xlsx,,DIESEL APRIL 2025,19,4,D19
2025-04-01,2025-04-01,STATE,Kano,Kano,Kano,North West,FALSE,2003.29784615385,NGN per litre,2025-04-14,TRUE,,1,Diesel_Report_April_2025.xlsx,,DIESEL APRIL 2025,20,4,D20
2025-04-01,2025-04-01,STATE,Katsina,Katsina,Katsina,North West,FALSE,1780.9,NGN per litre,2025-04-14,TRUE,,1,Diesel_Report_April_2025.xlsx,,DIESEL APRIL 2025,21,4,D21
2025-04-01,2025-04-01,STATE,Kebbi,Kebbi,Kebbi,North West,FALSE,1661.516775,NGN per litre,2025-04-14,TRUE,,1,Diesel_Report_April_2025.xlsx,,DIESEL APRIL 2025,22,4,D22
2025-04-01,2025-04-01,STATE,Kogi,Kogi,Kogi,North Central,FALSE,1300,NGN per litre,2025-04-14,TRUE,,1,Diesel_Report_April_2025.xlsx,,DIESEL APRIL 2025,5,4,D5
2025-04-01,2025-04-01,STATE,Kwara,Kwara,Kwara,North Central,FALSE,1559.4052509375,NGN per litre,2025-04-14,TRUE,,1,Diesel_Report_April_2025.xlsx,,DIESEL APRIL 2025,6,4,D6
2025-04-01,2025-04-01,STATE,Lagos,Lagos,Lagos,South West,FALSE,1489.6879999999999,NGN per litre,2025-04-14,TRUE,,1,Diesel_Report_April_2025.xlsx,,DIESEL APRIL 2025,40,4,D40
2025-04-01,2025-04-01,STATE,Nasarawa,Nassarawa,Nasarawa,North Central,FALSE,1931.3750269779998,NGN per litre,2025-04-14,TRUE,,1,Diesel_Report_April_2025.xlsx,,DIESEL APRIL 2025,7,4,D7
2025-04-01,2025-04-01,STATE,Niger,Niger,Niger,North Central,FALSE,1896.39694089375,NGN per litre,2025-04-14,TRUE,,1,Diesel_Report_April_2025.xlsx,,DIESEL APRIL 2025,8,4,D8
2025-04-01,2025-04-01,STATE,Ogun,Ogun,Ogun,South West,FALSE,1463.2175000000002,NGN per litre,2025-04-14,TRUE,,1,Diesel_Report_April_2025.xlsx,,DIESEL APRIL 2025,41,4,D41
2025-04-01,2025-04-01,STATE,Ondo,Ondo,Ondo,South West,FALSE,1313.3333333333333,NGN per litre,2025-04-14,TRUE,,1,Diesel_Report_April_2025.xlsx,,DIESEL APRIL 2025,42,4,D42
2025-04-01,2025-04-01,STATE,Osun,Osun,Osun,South West,FALSE,1759.62795,NGN per litre,2025-04-14,TRUE,,1,Diesel_Report_April_2025.xlsx,,DIESEL APRIL 2025,43,4,D43
2025-04-01,2025-04-01,STATE,Oyo,Oyo,Oyo,South West,FALSE,1522.9057500000001,NGN per litre,2025-04-14,TRUE,,1,Diesel_Report_April_2025.xlsx,,DIESEL APRIL 2025,44,4,D44
2025-04-01,2025-04-01,STATE,Plateau,Plateau,Plateau,North Central,FALSE,2205.12728399167,NGN per litre,2025-04-14,TRUE,,1,Diesel_Report_April_2025.xlsx,,DIESEL APRIL 2025,9,4,D9
2025-04-01,2025-04-01,STATE,Rivers,Rivers,Rivers,South South,FALSE,1852.8619555555556,NGN per litre,2025-04-14,TRUE,,1,Diesel_Report_April_2025.xlsx,,DIESEL APRIL 2025,37,4,D37
2025-04-01,2025-04-01,STATE,Sokoto,Sokoto,Sokoto,North West,FALSE,1593.75,NGN per litre,2025-04-14,TRUE,,1,Diesel_Report_April_2025.xlsx,,DIESEL APRIL 2025,23,4,D23
2025-04-01,2025-04-01,STATE,Taraba,Taraba,Taraba,North East,FALSE,1899.9974000000002,NGN per litre,2025-04-14,TRUE,,1,Diesel_Report_April_2025.xlsx,,DIESEL APRIL 2025,15,4,D15
2025-04-01,2025-04-01,STATE,Yobe,Yobe,Yobe,North East,FALSE,1600,NGN per litre,2025-04-14,TRUE,,1,Diesel_Report_April_2025.xlsx,,DIESEL APRIL 2025,16,4,D16
2025-04-01,2025-04-01,STATE,Zamfara,Zamfara,Zamfara,North West,FALSE,1503.2857142857142,NGN per litre,2025-04-14,TRUE,,1,Diesel_Report_April_2025.xlsx,,DIESEL APRIL 2025,24,4,D24
2025-04-01,2025-04-01,ZONE,North Central,NORTH CENTRAL,,North Central,TRUE,1867.9676395942708,NGN per litre,2025-04-14,TRUE,,1,Diesel_Report_April_2025.xlsx,,DIESEL APRIL 2025,2,4,D2
2025-04-01,2025-04-01,ZONE,North East,NORTH EAST,,North East,TRUE,1730.6312333333335,NGN per litre,2025-04-14,TRUE,,1,Diesel_Report_April_2025.xlsx,,DIESEL APRIL 2025,10,4,D10
2025-04-01,2025-04-01,ZONE,North West,NORTH WEST,,North West,TRUE,1722.1115598246993,NGN per litre,2025-04-14,TRUE,,1,Diesel_Report_April_2025.xlsx,,DIESEL APRIL 2025,17,4,D17
2025-04-01,2025-04-01,ZONE,South East,SOUTH EAST,,South East,TRUE,1631.0829184477939,NGN per litre,2025-04-14,TRUE,,1,Diesel_Report_April_2025.xlsx,,DIESEL APRIL 2025,25,4,D25
2025-04-01,2025-04-01,ZONE,South South,SOUTH SOUTH,,South South,TRUE,1832.3931957523148,NGN per litre,2025-04-14,TRUE,,1,Diesel_Report_April_2025.xlsx,,DIESEL APRIL 2025,31,4,D31
2025-04-01,2025-04-01,ZONE,South West,SOUTH WEST,,South West,TRUE,1511.1094847222223,NGN per litre,2025-04-14,TRUE,,1,Diesel_Report_April_2025.xlsx,,DIESEL APRIL 2025,38,4,D38
2025-04-01,2025-04-01,NATIONAL,Nigeria,NATIONAL,,,TRUE,1722.4533100275403,NGN per litre,2025-04-14,TRUE,,1,Diesel_Report_April_2025.xlsx,,DIESEL APRIL 2025,45,4,D45
2025-05-01,2024-05-01,STATE,Abia,Abia,Abia,South East,FALSE,1396.4178641183037,NGN per litre,2024-05-14,FALSE,,1,Diesel_Report_May_2025.xlsx,,DIESEL MAY 2025,26,2,B26
2025-05-01,2024-05-01,STATE,Abuja,Abuja,Abuja,North Central,FALSE,1254,NGN per litre,2024-05-14,FALSE,,1,Diesel_Report_May_2025.xlsx,,DIESEL MAY 2025,3,2,B3
2025-05-01,2024-05-01,STATE,Adamawa,Adamawa,Adamawa,North East,FALSE,1709,NGN per litre,2024-05-14,FALSE,,1,Diesel_Report_May_2025.xlsx,,DIESEL MAY 2025,11,2,B11
2025-05-01,2024-05-01,STATE,Akwa Ibom,Akwa Ibom,Akwa Ibom,South South,FALSE,1450,NGN per litre,2024-05-14,FALSE,,1,Diesel_Report_May_2025.xlsx,,DIESEL MAY 2025,32,2,B32
2025-05-01,2024-05-01,STATE,Anambra,Anambra,Anambra,South East,FALSE,1442.6470588235295,NGN per litre,2024-05-14,FALSE,,1,Diesel_Report_May_2025.xlsx,,DIESEL MAY 2025,27,2,B27
2025-05-01,2024-05-01,STATE,Bauchi,Bauchi,Bauchi,North East,FALSE,1657.22971191406,NGN per litre,2024-05-14,FALSE,,1,Diesel_Report_May_2025.xlsx,,DIESEL MAY 2025,12,2,B12
2025-05-01,2024-05-01,STATE,Bayelsa,Bayelsa,Bayelsa,South South,FALSE,1435,NGN per litre,2024-05-14,FALSE,,1,Diesel_Report_May_2025.xlsx,,DIESEL MAY 2025,33,2,B33
2025-05-01,2024-05-01,STATE,Benue,Benue,Benue,North Central,FALSE,1500,NGN per litre,2024-05-14,FALSE,,1,Diesel_Report_May_2025.xlsx,,DIESEL MAY 2025,4,2,B4
2025-05-01,2024-05-01,STATE,Borno,Borno,Borno,North East,FALSE,1592.361111111111,NGN per litre,2024-05-14,FALSE,,1,Diesel_Report_May_2025.xlsx,,DIESEL MAY 2025,13,2,B13
2025-05-01,2024-05-01,STATE,Cross River,Cross River,Cross River,South South,FALSE,1625,NGN per litre,2024-05-14,FALSE,,1,Diesel_Report_May_2025.xlsx,,DIESEL MAY 2025,34,2,B34
2025-05-01,2024-05-01,STATE,Delta,Delta,Delta,South South,FALSE,1511,NGN per litre,2024-05-14,FALSE,,1,Diesel_Report_May_2025.xlsx,,DIESEL MAY 2025,35,2,B35
2025-05-01,2024-05-01,STATE,Ebonyi,Ebonyi,Ebonyi,South East,FALSE,1320,NGN per litre,2024-05-14,FALSE,,1,Diesel_Report_May_2025.xlsx,,DIESEL MAY 2025,28,2,B28
2025-05-01,2024-05-01,STATE,Edo,Edo,Edo,South South,FALSE,1347.142857142857,NGN per litre,2024-05-14,FALSE,,1,Diesel_Report_May_2025.xlsx,,DIESEL MAY 2025,36,2,B36
2025-05-01,2024-05-01,STATE,Ekiti,Ekiti,Ekiti,South West,FALSE,1300,NGN per litre,2024-05-14,FALSE,,1,Diesel_Report_May_2025.xlsx,,DIESEL MAY 2025,39,2,B39
2025-05-01,2024-05-01,STATE,Enugu,Enugu,Enugu,South East,FALSE,1538.1818181818182,NGN per litre,2024-05-14,FALSE,,1,Diesel_Report_May_2025.xlsx,,DIESEL MAY 2025,29,2,B29
2025-05-01,2024-05-01,STATE,Gombe,Gombe,Gombe,North East,FALSE,1443.75,NGN per litre,2024-05-14,FALSE,,1,Diesel_Report_May_2025.xlsx,,DIESEL MAY 2025,14,2,B14
2025-05-01,2024-05-01,STATE,Imo,Imo,Imo,South East,FALSE,1545.1647658575148,NGN per litre,2024-05-14,FALSE,,1,Diesel_Report_May_2025.xlsx,,DIESEL MAY 2025,30,2,B30
2025-05-01,2024-05-01,STATE,Jigawa,Jigawa,Jigawa,North West,FALSE,1283.3333333333333,NGN per litre,2024-05-14,FALSE,,1,Diesel_Report_May_2025.xlsx,,DIESEL MAY 2025,18,2,B18
2025-05-01,2024-05-01,STATE,Kaduna,Kaduna,Kaduna,North West,FALSE,1327.5,NGN per litre,2024-05-14,FALSE,,1,Diesel_Report_May_2025.xlsx,,DIESEL MAY 2025,19,2,B19
2025-05-01,2024-05-01,STATE,Kano,Kano,Kano,North West,FALSE,1153.3333333333333,NGN per litre,2024-05-14,FALSE,,1,Diesel_Report_May_2025.xlsx,,DIESEL MAY 2025,20,2,B20
2025-05-01,2024-05-01,STATE,Katsina,Katsina,Katsina,North West,FALSE,1293.75,NGN per litre,2024-05-14,FALSE,,1,Diesel_Report_May_2025.xlsx,,DIESEL MAY 2025,21,2,B21
2025-05-01,2024-05-01,STATE,Kebbi,Kebbi,Kebbi,North West,FALSE,1253.3333333333333,NGN per litre,2024-05-14,FALSE,,1,Diesel_Report_May_2025.xlsx,,DIESEL MAY 2025,22,2,B22
2025-05-01,2024-05-01,STATE,Kogi,Kogi,Kogi,North Central,FALSE,1241.8696581196593,NGN per litre,2024-05-14,FALSE,,1,Diesel_Report_May_2025.xlsx,,DIESEL MAY 2025,5,2,B5
2025-05-01,2024-05-01,STATE,Kwara,Kwara,Kwara,North Central,FALSE,1307.9801587301586,NGN per litre,2024-05-14,FALSE,,1,Diesel_Report_May_2025.xlsx,,DIESEL MAY 2025,6,2,B6
2025-05-01,2024-05-01,STATE,Lagos,Lagos,Lagos,South West,FALSE,1299.5454545454545,NGN per litre,2024-05-14,FALSE,,1,Diesel_Report_May_2025.xlsx,,DIESEL MAY 2025,40,2,B40
2025-05-01,2024-05-01,STATE,Nasarawa,Nassarawa,Nasarawa,North Central,FALSE,1453.125,NGN per litre,2024-05-14,FALSE,,1,Diesel_Report_May_2025.xlsx,,DIESEL MAY 2025,7,2,B7
2025-05-01,2024-05-01,STATE,Niger,Niger,Niger,North Central,FALSE,1140.1983333333333,NGN per litre,2024-05-14,FALSE,,1,Diesel_Report_May_2025.xlsx,,DIESEL MAY 2025,8,2,B8
2025-05-01,2024-05-01,STATE,Ogun,Ogun,Ogun,South West,FALSE,1264.2857142857142,NGN per litre,2024-05-14,FALSE,,1,Diesel_Report_May_2025.xlsx,,DIESEL MAY 2025,41,2,B41
2025-05-01,2024-05-01,STATE,Ondo,Ondo,Ondo,South West,FALSE,1325.8333333333333,NGN per litre,2024-05-14,FALSE,,1,Diesel_Report_May_2025.xlsx,,DIESEL MAY 2025,42,2,B42
2025-05-01,2024-05-01,STATE,Osun,Osun,Osun,South West,FALSE,1395,NGN per litre,2024-05-14,FALSE,,1,Diesel_Report_May_2025.xlsx,,DIESEL MAY 2025,43,2,B43
2025-05-01,2024-05-01,STATE,Oyo,Oyo,Oyo,South West,FALSE,1236.923076923077,NGN per litre,2024-05-14,FALSE,,1,Diesel_Report_May_2025.xlsx,,DIESEL MAY 2025,44,2,B44
2025-05-01,2024-05-01,STATE,Plateau,Plateau,Plateau,North Central,FALSE,1287.235,NGN per litre,2024-05-14,FALSE,,1,Diesel_Report_May_2025.xlsx,,DIESEL MAY 2025,9,2,B9
2025-05-01,2024-05-01,STATE,Rivers,Rivers,Rivers,South South,FALSE,1375,NGN per litre,2024-05-14,FALSE,,1,Diesel_Report_May_2025.xlsx,,DIESEL MAY 2025,37,2,B37
2025-05-01,2024-05-01,STATE,Sokoto,Sokoto,Sokoto,North West,FALSE,1675,NGN per litre,2024-05-14,FALSE,,1,Diesel_Report_May_2025.xlsx,,DIESEL MAY 2025,23,2,B23
2025-05-01,2024-05-01,STATE,Taraba,Taraba,Taraba,North East,FALSE,1636.2237548828125,NGN per litre,2024-05-14,FALSE,,1,Diesel_Report_May_2025.xlsx,,DIESEL MAY 2025,15,2,B15
2025-05-01,2024-05-01,STATE,Yobe,Yobe,Yobe,North East,FALSE,1596.8964320591517,NGN per litre,2024-05-14,FALSE,,1,Diesel_Report_May_2025.xlsx,,DIESEL MAY 2025,16,2,B16
2025-05-01,2024-05-01,STATE,Zamfara,Zamfara,Zamfara,North West,FALSE,1333.3333333333333,NGN per litre,2024-05-14,FALSE,,1,Diesel_Report_May_2025.xlsx,,DIESEL MAY 2025,24,2,B24
2025-05-01,2024-05-01,ZONE,North Central,NORTH CENTRAL,,North Central,TRUE,1312.0583071690216,NGN per litre,2024-05-14,FALSE,,1,Diesel_Report_May_2025.xlsx,,DIESEL MAY 2025,2,2,B2
2025-05-01,2024-05-01,ZONE,North East,NORTH EAST,,North East,TRUE,1605.910168327856,NGN per litre,2024-05-14,FALSE,,1,Diesel_Report_May_2025.xlsx,,DIESEL MAY 2025,10,2,B10
2025-05-01,2024-05-01,ZONE,North West,NORTH WEST,,North West,TRUE,1331.3690476190475,NGN per litre,2024-05-14,FALSE,,1,Diesel_Report_May_2025.xlsx,,DIESEL MAY 2025,17,2,B17
2025-05-01,2024-05-01,ZONE,South East,SOUTH EAST,,South East,TRUE,1448.4823013962332,NGN per litre,2024-05-14,FALSE,,1,Diesel_Report_May_2025.xlsx,,DIESEL MAY 2025,25,2,B25
2025-05-01,2024-05-01,ZONE,South South,SOUTH SOUTH,,South South,TRUE,1457.1904761904761,NGN per litre,2024-05-14,FALSE,,1,Diesel_Report_May_2025.xlsx,,DIESEL MAY 2025,31,2,B31
2025-05-01,2024-05-01,ZONE,South West,SOUTH WEST,,South West,TRUE,1303.59792984793,NGN per litre,2024-05-14,FALSE,,1,Diesel_Report_May_2025.xlsx,,DIESEL MAY 2025,38,2,B38
2025-05-01,2024-05-01,NATIONAL,Nigeria,NATIONAL,,,TRUE,1403.9620118025737,NGN per litre,2024-05-14,FALSE,,1,Diesel_Report_May_2025.xlsx,,DIESEL MAY 2025,45,2,B45
2025-05-01,2025-04-01,STATE,Abia,Abia,Abia,South East,FALSE,1786.8504675776,NGN per litre,2025-04-14,FALSE,,1,Diesel_Report_May_2025.xlsx,,DIESEL MAY 2025,26,3,C26
2025-05-01,2025-04-01,STATE,Abuja,Abuja,Abuja,North Central,FALSE,1764.1666666666667,NGN per litre,2025-04-14,FALSE,,1,Diesel_Report_May_2025.xlsx,,DIESEL MAY 2025,3,3,C3
2025-05-01,2025-04-01,STATE,Adamawa,Adamawa,Adamawa,North East,FALSE,2284.3199999999997,NGN per litre,2025-04-14,FALSE,,1,Diesel_Report_May_2025.xlsx,,DIESEL MAY 2025,11,3,C11
2025-05-01,2025-04-01,STATE,Akwa Ibom,Akwa Ibom,Akwa Ibom,South South,FALSE,1693.526785625,NGN per litre,2025-04-14,FALSE,,1,Diesel_Report_May_2025.xlsx,,DIESEL MAY 2025,32,3,C32
2025-05-01,2025-04-01,STATE,Anambra,Anambra,Anambra,South East,FALSE,1359.27497685185,NGN per litre,2025-04-14,FALSE,,1,Diesel_Report_May_2025.xlsx,,DIESEL MAY 2025,27,3,C27
2025-05-01,2025-04-01,STATE,Bauchi,Bauchi,Bauchi,North East,FALSE,1824.47,NGN per litre,2025-04-14,FALSE,,1,Diesel_Report_May_2025.xlsx,,DIESEL MAY 2025,12,3,C12
2025-05-01,2025-04-01,STATE,Bayelsa,Bayelsa,Bayelsa,South South,FALSE,1868.4,NGN per litre,2025-04-14,FALSE,,1,Diesel_Report_May_2025.xlsx,,DIESEL MAY 2025,33,3,C33
2025-05-01,2025-04-01,STATE,Benue,Benue,Benue,North Central,FALSE,2419.30230769231,NGN per litre,2025-04-14,FALSE,,1,Diesel_Report_May_2025.xlsx,,DIESEL MAY 2025,4,3,C4
2025-05-01,2025-04-01,STATE,Borno,Borno,Borno,North East,FALSE,1400,NGN per litre,2025-04-14,FALSE,,1,Diesel_Report_May_2025.xlsx,,DIESEL MAY 2025,13,3,C13
2025-05-01,2025-04-01,STATE,Cross River,Cross River,Cross River,South South,FALSE,2009.1875,NGN per litre,2025-04-14,FALSE,,1,Diesel_Report_May_2025.xlsx,,DIESEL MAY 2025,34,3,C34
2025-05-01,2025-04-01,STATE,Delta,Delta,Delta,South South,FALSE,1660.5252,NGN per litre,2025-04-14,FALSE,,1,Diesel_Report_May_2025.xlsx,,DIESEL MAY 2025,35,3,C35
2025-05-01,2025-04-01,STATE,Ebonyi,Ebonyi,Ebonyi,South East,FALSE,1564.70033828571,NGN per litre,2025-04-14,FALSE,,1,Diesel_Report_May_2025.xlsx,,DIESEL MAY 2025,28,3,C28
2025-05-01,2025-04-01,STATE,Edo,Edo,Edo,South South,FALSE,1909.8577333333333,NGN per litre,2025-04-14,FALSE,,1,Diesel_Report_May_2025.xlsx,,DIESEL MAY 2025,36,3,C36
2025-05-01,2025-04-01,STATE,Ekiti,Ekiti,Ekiti,South West,FALSE,1517.884375,NGN per litre,2025-04-14,FALSE,,1,Diesel_Report_May_2025.xlsx,,DIESEL MAY 2025,39,3,C39
2025-05-01,2025-04-01,STATE,Enugu,Enugu,Enugu,South East,FALSE,1778.7416666666668,NGN per litre,2025-04-14,FALSE,,1,Diesel_Report_May_2025.xlsx,,DIESEL MAY 2025,29,3,C29
2025-05-01,2025-04-01,STATE,Gombe,Gombe,Gombe,North East,FALSE,1375,NGN per litre,2025-04-14,FALSE,,1,Diesel_Report_May_2025.xlsx,,DIESEL MAY 2025,14,3,C14
2025-05-01,2025-04-01,STATE,Imo,Imo,Imo,South East,FALSE,1665.847142857143,NGN per litre,2025-04-14,FALSE,,1,Diesel_Report_May_2025.xlsx,,DIESEL MAY 2025,30,3,C30
2025-05-01,2025-04-01,STATE,Jigawa,Jigawa,Jigawa,North West,FALSE,1644.33258333333,NGN per litre,2025-04-14,FALSE,,1,Diesel_Report_May_2025.xlsx,,DIESEL MAY 2025,18,3,C18
2025-05-01,2025-04-01,STATE,Kaduna,Kaduna,Kaduna,North West,FALSE,1867.6980000000003,NGN per litre,2025-04-14,FALSE,,1,Diesel_Report_May_2025.xlsx,,DIESEL MAY 2025,19,3,C19
2025-05-01,2025-04-01,STATE,Kano,Kano,Kano,North West,FALSE,2003.29784615385,NGN per litre,2025-04-14,FALSE,,1,Diesel_Report_May_2025.xlsx,,DIESEL MAY 2025,20,3,C20
2025-05-01,2025-04-01,STATE,Katsina,Katsina,Katsina,North West,FALSE,1780.9,NGN per litre,2025-04-14,FALSE,,1,Diesel_Report_May_2025.xlsx,,DIESEL MAY 2025,21,3,C21
2025-05-01,2025-04-01,STATE,Kebbi,Kebbi,Kebbi,North West,FALSE,1661.516775,NGN per litre,2025-04-14,FALSE,,1,Diesel_Report_May_2025.xlsx,,DIESEL MAY 2025,22,3,C22
2025-05-01,2025-04-01,STATE,Kogi,Kogi,Kogi,North Central,FALSE,1300,NGN per litre,2025-04-14,FALSE,,1,Diesel_Report_May_2025.xlsx,,DIESEL MAY 2025,5,3,C5
2025-05-01,2025-04-01,STATE,Kwara,Kwara,Kwara,North Central,FALSE,1559.4052509375,NGN per litre,2025-04-14,FALSE,,1,Diesel_Report_May_2025.xlsx,,DIESEL MAY 2025,6,3,C6
2025-05-01,2025-04-01,STATE,Lagos,Lagos,Lagos,South West,FALSE,1489.6879999999999,NGN per litre,2025-04-14,FALSE,,1,Diesel_Report_May_2025.xlsx,,DIESEL MAY 2025,40,3,C40
2025-05-01,2025-04-01,STATE,Nasarawa,Nassarawa,Nasarawa,North Central,FALSE,1931.3750269779998,NGN per litre,2025-04-14,FALSE,,1,Diesel_Report_May_2025.xlsx,,DIESEL MAY 2025,7,3,C7
2025-05-01,2025-04-01,STATE,Niger,Niger,Niger,North Central,FALSE,1896.39694089375,NGN per litre,2025-04-14,FALSE,,1,Diesel_Report_May_2025.xlsx,,DIESEL MAY 2025,8,3,C8
2025-05-01,2025-04-01,STATE,Ogun,Ogun,Ogun,South West,FALSE,1463.2175000000002,NGN per litre,2025-04-14,FALSE,,1,Diesel_Report_May_2025.xlsx,,DIESEL MAY 2025,41,3,C41
2025-05-01,2025-04-01,STATE,Ondo,Ondo,Ondo,South West,FALSE,1313.3333333333333,NGN per litre,2025-04-14,FALSE,,1,Diesel_Report_May_2025.xlsx,,DIESEL MAY 2025,42,3,C42
2025-05-01,2025-04-01,STATE,Osun,Osun,Osun,South West,FALSE,1759.62795,NGN per litre,2025-04-14,FALSE,,1,Diesel_Report_May_2025.xlsx,,DIESEL MAY 2025,43,3,C43
2025-05-01,2025-04-01,STATE,Oyo,Oyo,Oyo,South West,FALSE,1522.9057500000001,NGN per litre,2025-04-14,FALSE,,1,Diesel_Report_May_2025.xlsx,,DIESEL MAY 2025,44,3,C44
2025-05-01,2025-04-01,STATE,Plateau,Plateau,Plateau,North Central,FALSE,2205.12728399167,NGN per litre,2025-04-14,FALSE,,1,Diesel_Report_May_2025.xlsx,,DIESEL MAY 2025,9,3,C9
2025-05-01,2025-04-01,STATE,Rivers,Rivers,Rivers,South South,FALSE,1852.8619555555556,NGN per litre,2025-04-14,FALSE,,1,Diesel_Report_May_2025.xlsx,,DIESEL MAY 2025,37,3,C37
2025-05-01,2025-04-01,STATE,Sokoto,Sokoto,Sokoto,North West,FALSE,1593.75,NGN per litre,2025-04-14,FALSE,,1,Diesel_Report_May_2025.xlsx,,DIESEL MAY 2025,23,3,C23
2025-05-01,2025-04-01,STATE,Taraba,Taraba,Taraba,North East,FALSE,1899.9974000000002,NGN per litre,2025-04-14,FALSE,,1,Diesel_Report_May_2025.xlsx,,DIESEL MAY 2025,15,3,C15
2025-05-01,2025-04-01,STATE,Yobe,Yobe,Yobe,North East,FALSE,1600,NGN per litre,2025-04-14,FALSE,,1,Diesel_Report_May_2025.xlsx,,DIESEL MAY 2025,16,3,C16
2025-05-01,2025-04-01,STATE,Zamfara,Zamfara,Zamfara,North West,FALSE,1503.2857142857142,NGN per litre,2025-04-14,FALSE,,1,Diesel_Report_May_2025.xlsx,,DIESEL MAY 2025,24,3,C24
2025-05-01,2025-04-01,ZONE,North Central,NORTH CENTRAL,,North Central,TRUE,1867.9676395942708,NGN per litre,2025-04-14,FALSE,,1,Diesel_Report_May_2025.xlsx,,DIESEL MAY 2025,2,3,C2
2025-05-01,2025-04-01,ZONE,North East,NORTH EAST,,North East,TRUE,1730.6312333333335,NGN per litre,2025-04-14,FALSE,,1,Diesel_Report_May_2025.xlsx,,DIESEL MAY 2025,10,3,C10
2025-05-01,2025-04-01,ZONE,North West,NORTH WEST,,North West,TRUE,1722.1115598246993,NGN per litre,2025-04-14,FALSE,,1,Diesel_Report_May_2025.xlsx,,DIESEL MAY 2025,17,3,C17
2025-05-01,2025-04-01,ZONE,South East,SOUTH EAST,,South East,TRUE,1631.0829184477939,NGN per litre,2025-04-14,FALSE,,1,Diesel_Report_May_2025.xlsx,,DIESEL MAY 2025,25,3,C25
2025-05-01,2025-04-01,ZONE,South South,SOUTH SOUTH,,South South,TRUE,1832.3931957523148,NGN per litre,2025-04-14,FALSE,,1,Diesel_Report_May_2025.xlsx,,DIESEL MAY 2025,31,3,C31
2025-05-01,2025-04-01,ZONE,South West,SOUTH WEST,,South West,TRUE,1511.1094847222223,NGN per litre,2025-04-14,FALSE,,1,Diesel_Report_May_2025.xlsx,,DIESEL MAY 2025,38,3,C38
2025-05-01,2025-04-01,NATIONAL,Nigeria,NATIONAL,,,TRUE,1722.4533100275403,NGN per litre,2025-04-14,FALSE,,1,Diesel_Report_May_2025.xlsx,,DIESEL MAY 2025,45,3,C45
2025-05-01,2025-05-01,STATE,Abia,Abia,Abia,South East,FALSE,1729.79850498381,NGN per litre,2025-05-14,TRUE,,1,Diesel_Report_May_2025.xlsx,,DIESEL MAY 2025,26,4,D26
2025-05-01,2025-05-01,STATE,Abuja,Abuja,Abuja,North Central,FALSE,1800.16666666667,NGN per litre,2025-05-14,TRUE,,1,Diesel_Report_May_2025.xlsx,,DIESEL MAY 2025,3,4,D3
2025-05-01,2025-05-01,STATE,Adamawa,Adamawa,Adamawa,North East,FALSE,2350.3199999999997,NGN per litre,2025-05-14,TRUE,,1,Diesel_Report_May_2025.xlsx,,DIESEL MAY 2025,11,4,D11
2025-05-01,2025-05-01,STATE,Akwa Ibom,Akwa Ibom,Akwa Ibom,South South,FALSE,1666.1899999175,NGN per litre,2025-05-14,TRUE,,1,Diesel_Report_May_2025.xlsx,,DIESEL MAY 2025,32,4,D32
2025-05-01,2025-05-01,STATE,Anambra,Anambra,Anambra,South East,FALSE,1361.016975,NGN per litre,2025-05-14,TRUE,,1,Diesel_Report_May_2025.xlsx,,DIESEL MAY 2025,27,4,D27
2025-05-01,2025-05-01,STATE,Bauchi,Bauchi,Bauchi,North East,FALSE,1852.9601,NGN per litre,2025-05-14,TRUE,,1,Diesel_Report_May_2025.xlsx,,DIESEL MAY 2025,12,4,D12
2025-05-01,2025-05-01,STATE,Bayelsa,Bayelsa,Bayelsa,South South,FALSE,1915.472,NGN per litre,2025-05-14,TRUE,,1,Diesel_Report_May_2025.xlsx,,DIESEL MAY 2025,33,4,D33
2025-05-01,2025-05-01,STATE,Benue,Benue,Benue,North Central,FALSE,2441.46187692308,NGN per litre,2025-05-14,TRUE,,1,Diesel_Report_May_2025.xlsx,,DIESEL MAY 2025,4,4,D4
2025-05-01,2025-05-01,STATE,Borno,Borno,Borno,North East,FALSE,1446.9099999999999,NGN per litre,2025-05-14,TRUE,,1,Diesel_Report_May_2025.xlsx,,DIESEL MAY 2025,13,4,D13
2025-05-01,2025-05-01,STATE,Cross River,Cross River,Cross River,South South,FALSE,2028.3375,NGN per litre,2025-05-14,TRUE,,1,Diesel_Report_May_2025.xlsx,,DIESEL MAY 2025,34,4,D34
2025-05-01,2025-05-01,STATE,Delta,Delta,Delta,South South,FALSE,1710.167216,NGN per litre,2025-05-14,TRUE,,1,Diesel_Report_May_2025.xlsx,,DIESEL MAY 2025,35,4,D35
2025-05-01,2025-05-01,STATE,Ebonyi,Ebonyi,Ebonyi,South East,FALSE,1533.73350820571,NGN per litre,2025-05-14,TRUE,,1,Diesel_Report_May_2025.xlsx,,DIESEL MAY 2025,28,4,D28
2025-05-01,2025-05-01,STATE,Edo,Edo,Edo,South South,FALSE,1962.646352,NGN per litre,2025-05-14,TRUE,,1,Diesel_Report_May_2025.xlsx,,DIESEL MAY 2025,36,4,D36
2025-05-01,2025-05-01,STATE,Ekiti,Ekiti,Ekiti,South West,FALSE,1551.310125,NGN per litre,2025-05-14,TRUE,,1,Diesel_Report_May_2025.xlsx,,DIESEL MAY 2025,39,4,D39
2025-05-01,2025-05-01,STATE,Enugu,Enugu,Enugu,South East,FALSE,1921.0410000000002,NGN per litre,2025-05-14,TRUE,,1,Diesel_Report_May_2025.xlsx,,DIESEL MAY 2025,29,4,D29
2025-05-01,2025-05-01,STATE,Gombe,Gombe,Gombe,North East,FALSE,1385,NGN per litre,2025-05-14,TRUE,,1,Diesel_Report_May_2025.xlsx,,DIESEL MAY 2025,14,4,D14
2025-05-01,2025-05-01,STATE,Imo,Imo,Imo,South East,FALSE,1616.06134285714,NGN per litre,2025-05-14,TRUE,,1,Diesel_Report_May_2025.xlsx,,DIESEL MAY 2025,30,4,D30
2025-05-01,2025-05-01,STATE,Jigawa,Jigawa,Jigawa,North West,FALSE,1655.22995875,NGN per litre,2025-05-14,TRUE,,1,Diesel_Report_May_2025.xlsx,,DIESEL MAY 2025,18,4,D18
2025-05-01,2025-05-01,STATE,Kaduna,Kaduna,Kaduna,North West,FALSE,1979.736,NGN per litre,2025-05-14,TRUE,,1,Diesel_Report_May_2025.xlsx,,DIESEL MAY 2025,19,4,D19
2025-05-01,2025-05-01,STATE,Kano,Kano,Kano,North West,FALSE,2028.69350769231,NGN per litre,2025-05-14,TRUE,,1,Diesel_Report_May_2025.xlsx,,DIESEL MAY 2025,20,4,D20
2025-05-01,2025-05-01,STATE,Katsina,Katsina,Katsina,North West,FALSE,1902.5737500000002,NGN per litre,2025-05-14,TRUE,,1,Diesel_Report_May_2025.xlsx,,DIESEL MAY 2025,21,4,D21
2025-05-01,2025-05-01,STATE,Kebbi,Kebbi,Kebbi,North West,FALSE,1753.9358375,NGN per litre,2025-05-14,TRUE,,1,Diesel_Report_May_2025.xlsx,,DIESEL MAY 2025,22,4,D22
2025-05-01,2025-05-01,STATE,Kogi,Kogi,Kogi,North Central,FALSE,1360,NGN per litre,2025-05-14,TRUE,,1,Diesel_Report_May_2025.xlsx,,DIESEL MAY 2025,5,4,D5
2025-05-01,2025-05-01,STATE,Kwara,Kwara,Kwara,North Central,FALSE,1700.7826710125,NGN per litre,2025-05-14,TRUE,,1,Diesel_Report_May_2025.xlsx,,DIESEL MAY 2025,6,4,D6
2025-05-01,2025-05-01,STATE,Lagos,Lagos,Lagos,South West,FALSE,1458.25748,NGN per litre,2025-05-14,TRUE,,1,Diesel_Report_May_2025.xlsx,,DIESEL MAY 2025,40,4,D40
2025-05-01,2025-05-01,STATE,Nasarawa,Nassarawa,Nasarawa,North Central,FALSE,2006.58962812184,NGN per litre,2025-05-14,TRUE,,1,Diesel_Report_May_2025.xlsx,,DIESEL MAY 2025,7,4,D7
2025-05-01,2025-05-01,STATE,Niger,Niger,Niger,North Central,FALSE,1932.79576228375,NGN per litre,2025-05-14,TRUE,,1,Diesel_Report_May_2025.xlsx,,DIESEL MAY 2025,8,4,D8
2025-05-01,2025-05-01,STATE,Ogun,Ogun,Ogun,South West,FALSE,1504.44156666667,NGN per litre,2025-05-14,TRUE,,1,Diesel_Report_May_2025.xlsx,,DIESEL MAY 2025,41,4,D41
2025-05-01,2025-05-01,STATE,Ondo,Ondo,Ondo,South West,FALSE,1318.4,NGN per litre,2025-05-14,TRUE,,1,Diesel_Report_May_2025.xlsx,,DIESEL MAY 2025,42,4,D42
2025-05-01,2025-05-01,STATE,Osun,Osun,Osun,South West,FALSE,1843.040572222222,NGN per litre,2025-05-14,TRUE,,1,Diesel_Report_May_2025.xlsx,,DIESEL MAY 2025,43,4,D43
2025-05-01,2025-05-01,STATE,Oyo,Oyo,Oyo,South West,FALSE,1643.6715433333331,NGN per litre,2025-05-14,TRUE,,1,Diesel_Report_May_2025.xlsx,,DIESEL MAY 2025,44,4,D44
2025-05-01,2025-05-01,STATE,Plateau,Plateau,Plateau,North Central,FALSE,2201.51685115833,NGN per litre,2025-05-14,TRUE,,1,Diesel_Report_May_2025.xlsx,,DIESEL MAY 2025,9,4,D9
2025-05-01,2025-05-01,STATE,Rivers,Rivers,Rivers,South South,FALSE,1860.34938477778,NGN per litre,2025-05-14,TRUE,,1,Diesel_Report_May_2025.xlsx,,DIESEL MAY 2025,37,4,D37
2025-05-01,2025-05-01,STATE,Sokoto,Sokoto,Sokoto,North West,FALSE,1500,NGN per litre,2025-05-14,TRUE,,1,Diesel_Report_May_2025.xlsx,,DIESEL MAY 2025,23,4,D23
2025-05-01,2025-05-01,STATE,Taraba,Taraba,Taraba,North East,FALSE,1940.0674000000001,NGN per litre,2025-05-14,TRUE,,1,Diesel_Report_May_2025.xlsx,,DIESEL MAY 2025,15,4,D15
2025-05-01,2025-05-01,STATE,Yobe,Yobe,Yobe,North East,FALSE,1628,NGN per litre,2025-05-14,TRUE,,1,Diesel_Report_May_2025.xlsx,,DIESEL MAY 2025,16,4,D16
2025-05-01,2025-05-01,STATE,Zamfara,Zamfara,Zamfara,North West,FALSE,1564.80285714286,NGN per litre,2025-05-14,TRUE,,1,Diesel_Report_May_2025.xlsx,,DIESEL MAY 2025,24,4,D24
2025-05-01,2025-05-01,ZONE,North Central,NORTH CENTRAL,,North Central,TRUE,1920.4733508808815,NGN per litre,2025-05-14,TRUE,,1,Diesel_Report_May_2025.xlsx,,DIESEL MAY 2025,2,4,D2
2025-05-01,2025-05-01,ZONE,North East,NORTH EAST,,North East,TRUE,1767.2095833333333,NGN per litre,2025-05-14,TRUE,,1,Diesel_Report_May_2025.xlsx,,DIESEL MAY 2025,10,4,D10
2025-05-01,2025-05-01,ZONE,North West,NORTH WEST,,North West,TRUE,1769.2817015835958,NGN per litre,2025-05-14,TRUE,,1,Diesel_Report_May_2025.xlsx,,DIESEL MAY 2025,17,4,D17
2025-05-01,2025-05-01,ZONE,South East,SOUTH EAST,,South East,TRUE,1632.330266209332,NGN per litre,2025-05-14,TRUE,,1,Diesel_Report_May_2025.xlsx,,DIESEL MAY 2025,25,4,D25
2025-05-01,2025-05-01,ZONE,South South,SOUTH SOUTH,,South South,TRUE,1857.19374211588,NGN per litre,2025-05-14,TRUE,,1,Diesel_Report_May_2025.xlsx,,DIESEL MAY 2025,31,4,D31
2025-05-01,2025-05-01,ZONE,South West,SOUTH WEST,,South West,TRUE,1553.1868812037044,NGN per litre,2025-05-14,TRUE,,1,Diesel_Report_May_2025.xlsx,,DIESEL MAY 2025,38,4,D38
2025-05-01,2025-05-01,NATIONAL,Nigeria,NATIONAL,,,TRUE,1758.2561604923108,NGN per litre,2025-05-14,TRUE,,1,Diesel_Report_May_2025.xlsx,,DIESEL MAY 2025,45,4,D45
2025-06-01,2024-06-01,STATE,Abia,Abia,Abia,South East,FALSE,1335.4550374348958,NGN per litre,2024-06-14,FALSE,,1,Diesel_Report_June_2025.xlsx,,DIESEL JUNE 2025,26,2,B26
2025-06-01,2024-06-01,STATE,Abuja,Abuja,Abuja,North Central,FALSE,1240,NGN per litre,2024-06-14,FALSE,,1,Diesel_Report_June_2025.xlsx,,DIESEL JUNE 2025,3,2,B3
2025-06-01,2024-06-01,STATE,Adamawa,Adamawa,Adamawa,North East,FALSE,1657.5,NGN per litre,2024-06-14,FALSE,,1,Diesel_Report_June_2025.xlsx,,DIESEL JUNE 2025,11,2,B11
2025-06-01,2024-06-01,STATE,Akwa Ibom,Akwa Ibom,Akwa Ibom,South South,FALSE,1650,NGN per litre,2024-06-14,FALSE,,1,Diesel_Report_June_2025.xlsx,,DIESEL JUNE 2025,32,2,B32
2025-06-01,2024-06-01,STATE,Anambra,Anambra,Anambra,South East,FALSE,1357.0535714285713,NGN per litre,2024-06-14,FALSE,,1,Diesel_Report_June_2025.xlsx,,DIESEL JUNE 2025,27,2,B27
2025-06-01,2024-06-01,STATE,Bauchi,Bauchi,Bauchi,North East,FALSE,1669.625,NGN per litre,2024-06-14,FALSE,,1,Diesel_Report_June_2025.xlsx,,DIESEL JUNE 2025,12,2,B12
2025-06-01,2024-06-01,STATE,Bayelsa,Bayelsa,Bayelsa,South South,FALSE,1618.18181818182,NGN per litre,2024-06-14,FALSE,,1,Diesel_Report_June_2025.xlsx,,DIESEL JUNE 2025,33,2,B33
2025-06-01,2024-06-01,STATE,Benue,Benue,Benue,North Central,FALSE,1375,NGN per litre,2024-06-14,FALSE,,1,Diesel_Report_June_2025.xlsx,,DIESEL JUNE 2025,4,2,B4
2025-06-01,2024-06-01,STATE,Borno,Borno,Borno,North East,FALSE,1652.611111111111,NGN per litre,2024-06-14,FALSE,,1,Diesel_Report_June_2025.xlsx,,DIESEL JUNE 2025,13,2,B13
2025-06-01,2024-06-01,STATE,Cross River,Cross River,Cross River,South South,FALSE,1920.85714285714,NGN per litre,2024-06-14,FALSE,,1,Diesel_Report_June_2025.xlsx,,DIESEL JUNE 2025,34,2,B34
2025-06-01,2024-06-01,STATE,Delta,Delta,Delta,South South,FALSE,1707.142857142857,NGN per litre,2024-06-14,FALSE,,1,Diesel_Report_June_2025.xlsx,,DIESEL JUNE 2025,35,2,B35
2025-06-01,2024-06-01,STATE,Ebonyi,Ebonyi,Ebonyi,South East,FALSE,1325.8333333333333,NGN per litre,2024-06-14,FALSE,,1,Diesel_Report_June_2025.xlsx,,DIESEL JUNE 2025,28,2,B28
2025-06-01,2024-06-01,STATE,Edo,Edo,Edo,South South,FALSE,1537.5,NGN per litre,2024-06-14,FALSE,,1,Diesel_Report_June_2025.xlsx,,DIESEL JUNE 2025,36,2,B36
2025-06-01,2024-06-01,STATE,Ekiti,Ekiti,Ekiti,South West,FALSE,1306.6666666666667,NGN per litre,2024-06-14,FALSE,,1,Diesel_Report_June_2025.xlsx,,DIESEL JUNE 2025,39,2,B39
2025-06-01,2024-06-01,STATE,Enugu,Enugu,Enugu,South East,FALSE,1474.8958333333333,NGN per litre,2024-06-14,FALSE,,1,Diesel_Report_June_2025.xlsx,,DIESEL JUNE 2025,29,2,B29
2025-06-01,2024-06-01,STATE,Gombe,Gombe,Gombe,North East,FALSE,1595,NGN per litre,2024-06-14,FALSE,,1,Diesel_Report_June_2025.xlsx,,DIESEL JUNE 2025,14,2,B14
2025-06-01,2024-06-01,STATE,Imo,Imo,Imo,South East,FALSE,1450.9694260817307,NGN per litre,2024-06-14,FALSE,,1,Diesel_Report_June_2025.xlsx,,DIESEL JUNE 2025,30,2,B30
2025-06-01,2024-06-01,STATE,Jigawa,Jigawa,Jigawa,North West,FALSE,1281.8181818181818,NGN per litre,2024-06-14,FALSE,,1,Diesel_Report_June_2025.xlsx,,DIESEL JUNE 2025,18,2,B18
2025-06-01,2024-06-01,STATE,Kaduna,Kaduna,Kaduna,North West,FALSE,1521.4285714285713,NGN per litre,2024-06-14,FALSE,,1,Diesel_Report_June_2025.xlsx,,DIESEL JUNE 2025,19,2,B19
2025-06-01,2024-06-01,STATE,Kano,Kano,Kano,North West,FALSE,1243.3333333333333,NGN per litre,2024-06-14,FALSE,,1,Diesel_Report_June_2025.xlsx,,DIESEL JUNE 2025,20,2,B20
2025-06-01,2024-06-01,STATE,Katsina,Katsina,Katsina,North West,FALSE,1422.2222222222222,NGN per litre,2024-06-14,FALSE,,1,Diesel_Report_June_2025.xlsx,,DIESEL JUNE 2025,21,2,B21
2025-06-01,2024-06-01,STATE,Kebbi,Kebbi,Kebbi,North West,FALSE,1340,NGN per litre,2024-06-14,FALSE,,1,Diesel_Report_June_2025.xlsx,,DIESEL JUNE 2025,22,2,B22
2025-06-01,2024-06-01,STATE,Kogi,Kogi,Kogi,North Central,FALSE,1296.4,NGN per litre,2024-06-14,FALSE,,1,Diesel_Report_June_2025.xlsx,,DIESEL JUNE 2025,5,2,B5
2025-06-01,2024-06-01,STATE,Kwara,Kwara,Kwara,North Central,FALSE,1345.7142857142858,NGN per litre,2024-06-14,FALSE,,1,Diesel_Report_June_2025.xlsx,,DIESEL JUNE 2025,6,2,B6
2025-06-01,2024-06-01,STATE,Lagos,Lagos,Lagos,South West,FALSE,1210.7692307692307,NGN per litre,2024-06-14,FALSE,,1,Diesel_Report_June_2025.xlsx,,DIESEL JUNE 2025,40,2,B40
2025-06-01,2024-06-01,STATE,Nasarawa,Nassarawa,Nasarawa,North Central,FALSE,1448.5,NGN per litre,2024-06-14,FALSE,,1,Diesel_Report_June_2025.xlsx,,DIESEL JUNE 2025,7,2,B7
2025-06-01,2024-06-01,STATE,Niger,Niger,Niger,North Central,FALSE,1979.2307692307693,NGN per litre,2024-06-14,FALSE,,1,Diesel_Report_June_2025.xlsx,,DIESEL JUNE 2025,8,2,B8
2025-06-01,2024-06-01,STATE,Ogun,Ogun,Ogun,South West,FALSE,1239.1666666666667,NGN per litre,2024-06-14,FALSE,,1,Diesel_Report_June_2025.xlsx,,DIESEL JUNE 2025,41,2,B41
2025-06-01,2024-06-01,STATE,Ondo,Ondo,Ondo,South West,FALSE,1356.6666666666667,NGN per litre,2024-06-14,FALSE,,1,Diesel_Report_June_2025.xlsx,,DIESEL JUNE 2025,42,2,B42
2025-06-01,2024-06-01,STATE,Osun,Osun,Osun,South West,FALSE,1290,NGN per litre,2024-06-14,FALSE,,1,Diesel_Report_June_2025.xlsx,,DIESEL JUNE 2025,43,2,B43
2025-06-01,2024-06-01,STATE,Oyo,Oyo,Oyo,South West,FALSE,1280,NGN per litre,2024-06-14,FALSE,,1,Diesel_Report_June_2025.xlsx,,DIESEL JUNE 2025,44,2,B44
2025-06-01,2024-06-01,STATE,Plateau,Plateau,Plateau,North Central,FALSE,1450,NGN per litre,2024-06-14,FALSE,,1,Diesel_Report_June_2025.xlsx,,DIESEL JUNE 2025,9,2,B9
2025-06-01,2024-06-01,STATE,Rivers,Rivers,Rivers,South South,FALSE,1433.3333333333333,NGN per litre,2024-06-14,FALSE,,1,Diesel_Report_June_2025.xlsx,,DIESEL JUNE 2025,37,2,B37
2025-06-01,2024-06-01,STATE,Sokoto,Sokoto,Sokoto,North West,FALSE,1487.5,NGN per litre,2024-06-14,FALSE,,1,Diesel_Report_June_2025.xlsx,,DIESEL JUNE 2025,23,2,B23
2025-06-01,2024-06-01,STATE,Taraba,Taraba,Taraba,North East,FALSE,1742.4583333333333,NGN per litre,2024-06-14,FALSE,,1,Diesel_Report_June_2025.xlsx,,DIESEL JUNE 2025,15,2,B15
2025-06-01,2024-06-01,STATE,Yobe,Yobe,Yobe,North East,FALSE,1637.25,NGN per litre,2024-06-14,FALSE,,1,Diesel_Report_June_2025.xlsx,,DIESEL JUNE 2025,16,2,B16
2025-06-01,2024-06-01,STATE,Zamfara,Zamfara,Zamfara,North West,FALSE,1250,NGN per litre,2024-06-14,FALSE,,1,Diesel_Report_June_2025.xlsx,,DIESEL JUNE 2025,24,2,B24
2025-06-01,2024-06-01,ZONE,North Central,NORTH CENTRAL,,North Central,TRUE,1447.8350078492936,NGN per litre,2024-06-14,FALSE,,1,Diesel_Report_June_2025.xlsx,,DIESEL JUNE 2025,2,2,B2
2025-06-01,2024-06-01,ZONE,North East,NORTH EAST,,North East,TRUE,1659.0740740740741,NGN per litre,2024-06-14,FALSE,,1,Diesel_Report_June_2025.xlsx,,DIESEL JUNE 2025,10,2,B10
2025-06-01,2024-06-01,ZONE,North West,NORTH WEST,,North West,TRUE,1363.7574726860441,NGN per litre,2024-06-14,FALSE,,1,Diesel_Report_June_2025.xlsx,,DIESEL JUNE 2025,17,2,B17
2025-06-01,2024-06-01,ZONE,South East,SOUTH EAST,,South East,TRUE,1388.8414403223728,NGN per litre,2024-06-14,FALSE,,1,Diesel_Report_June_2025.xlsx,,DIESEL JUNE 2025,25,2,B25
2025-06-01,2024-06-01,ZONE,South South,SOUTH SOUTH,,South South,TRUE,1644.502525252525,NGN per litre,2024-06-14,FALSE,,1,Diesel_Report_June_2025.xlsx,,DIESEL JUNE 2025,31,2,B31
2025-06-01,2024-06-01,ZONE,South West,SOUTH WEST,,South West,TRUE,1280.5448717948718,NGN per litre,2024-06-14,FALSE,,1,Diesel_Report_June_2025.xlsx,,DIESEL JUNE 2025,38,2,B38
2025-06-01,2024-06-01,NATIONAL,Nigeria,NATIONAL,,,TRUE,1462.9752268131906,NGN per litre,2024-06-14,FALSE,,1,Diesel_Report_June_2025.xlsx,,DIESEL JUNE 2025,45,2,B45
2025-06-01,2025-05-01,STATE,Abia,Abia,Abia,South East,FALSE,1729.79850498381,NGN per litre,2025-05-14,FALSE,,1,Diesel_Report_June_2025.xlsx,,DIESEL JUNE 2025,26,3,C26
2025-06-01,2025-05-01,STATE,Abuja,Abuja,Abuja,North Central,FALSE,1800.16666666667,NGN per litre,2025-05-14,FALSE,,1,Diesel_Report_June_2025.xlsx,,DIESEL JUNE 2025,3,3,C3
2025-06-01,2025-05-01,STATE,Adamawa,Adamawa,Adamawa,North East,FALSE,2350.3199999999997,NGN per litre,2025-05-14,FALSE,,1,Diesel_Report_June_2025.xlsx,,DIESEL JUNE 2025,11,3,C11
2025-06-01,2025-05-01,STATE,Akwa Ibom,Akwa Ibom,Akwa Ibom,South South,FALSE,1666.1899999175,NGN per litre,2025-05-14,FALSE,,1,Diesel_Report_June_2025.xlsx,,DIESEL JUNE 2025,32,3,C32
2025-06-01,2025-05-01,STATE,Anambra,Anambra,Anambra,South East,FALSE,1361.016975,NGN per litre,2025-05-14,FALSE,,1,Diesel_Report_June_2025.xlsx,,DIESEL JUNE 2025,27,3,C27
2025-06-01,2025-05-01,STATE,Bauchi,Bauchi,Bauchi,North East,FALSE,1852.9601,NGN per litre,2025-05-14,FALSE,,1,Diesel_Report_June_2025.xlsx,,DIESEL JUNE 2025,12,3,C12
2025-06-01,2025-05-01,STATE,Bayelsa,Bayelsa,Bayelsa,South South,FALSE,1915.472,NGN per litre,2025-05-14,FALSE,,1,Diesel_Report_June_2025.xlsx,,DIESEL JUNE 2025,33,3,C33
2025-06-01,2025-05-01,STATE,Benue,Benue,Benue,North Central,FALSE,2441.46187692308,NGN per litre,2025-05-14,FALSE,,1,Diesel_Report_June_2025.xlsx,,DIESEL JUNE 2025,4,3,C4
2025-06-01,2025-05-01,STATE,Borno,Borno,Borno,North East,FALSE,1446.9099999999999,NGN per litre,2025-05-14,FALSE,,1,Diesel_Report_June_2025.xlsx,,DIESEL JUNE 2025,13,3,C13
2025-06-01,2025-05-01,STATE,Cross River,Cross River,Cross River,South South,FALSE,2028.3375,NGN per litre,2025-05-14,FALSE,,1,Diesel_Report_June_2025.xlsx,,DIESEL JUNE 2025,34,3,C34
2025-06-01,2025-05-01,STATE,Delta,Delta,Delta,South South,FALSE,1710.167216,NGN per litre,2025-05-14,FALSE,,1,Diesel_Report_June_2025.xlsx,,DIESEL JUNE 2025,35,3,C35
2025-06-01,2025-05-01,STATE,Ebonyi,Ebonyi,Ebonyi,South East,FALSE,1533.73350820571,NGN per litre,2025-05-14,FALSE,,1,Diesel_Report_June_2025.xlsx,,DIESEL JUNE 2025,28,3,C28
2025-06-01,2025-05-01,STATE,Edo,Edo,Edo,South South,FALSE,1962.646352,NGN per litre,2025-05-14,FALSE,,1,Diesel_Report_June_2025.xlsx,,DIESEL JUNE 2025,36,3,C36
2025-06-01,2025-05-01,STATE,Ekiti,Ekiti,Ekiti,South West,FALSE,1551.310125,NGN per litre,2025-05-14,FALSE,,1,Diesel_Report_June_2025.xlsx,,DIESEL JUNE 2025,39,3,C39
2025-06-01,2025-05-01,STATE,Enugu,Enugu,Enugu,South East,FALSE,1921.0410000000002,NGN per litre,2025-05-14,FALSE,,1,Diesel_Report_June_2025.xlsx,,DIESEL JUNE 2025,29,3,C29
2025-06-01,2025-05-01,STATE,Gombe,Gombe,Gombe,North East,FALSE,1385,NGN per litre,2025-05-14,FALSE,,1,Diesel_Report_June_2025.xlsx,,DIESEL JUNE 2025,14,3,C14
2025-06-01,2025-05-01,STATE,Imo,Imo,Imo,South East,FALSE,1616.06134285714,NGN per litre,2025-05-14,FALSE,,1,Diesel_Report_June_2025.xlsx,,DIESEL JUNE 2025,30,3,C30
2025-06-01,2025-05-01,STATE,Jigawa,Jigawa,Jigawa,North West,FALSE,1655.22995875,NGN per litre,2025-05-14,FALSE,,1,Diesel_Report_June_2025.xlsx,,DIESEL JUNE 2025,18,3,C18
2025-06-01,2025-05-01,STATE,Kaduna,Kaduna,Kaduna,North West,FALSE,1979.736,NGN per litre,2025-05-14,FALSE,,1,Diesel_Report_June_2025.xlsx,,DIESEL JUNE 2025,19,3,C19
2025-06-01,2025-05-01,STATE,Kano,Kano,Kano,North West,FALSE,2028.69350769231,NGN per litre,2025-05-14,FALSE,,1,Diesel_Report_June_2025.xlsx,,DIESEL JUNE 2025,20,3,C20
2025-06-01,2025-05-01,STATE,Katsina,Katsina,Katsina,North West,FALSE,1902.5737500000002,NGN per litre,2025-05-14,FALSE,,1,Diesel_Report_June_2025.xlsx,,DIESEL JUNE 2025,21,3,C21
2025-06-01,2025-05-01,STATE,Kebbi,Kebbi,Kebbi,North West,FALSE,1753.9358375,NGN per litre,2025-05-14,FALSE,,1,Diesel_Report_June_2025.xlsx,,DIESEL JUNE 2025,22,3,C22
2025-06-01,2025-05-01,STATE,Kogi,Kogi,Kogi,North Central,FALSE,1360,NGN per litre,2025-05-14,FALSE,,1,Diesel_Report_June_2025.xlsx,,DIESEL JUNE 2025,5,3,C5
2025-06-01,2025-05-01,STATE,Kwara,Kwara,Kwara,North Central,FALSE,1700.7826710125,NGN per litre,2025-05-14,FALSE,,1,Diesel_Report_June_2025.xlsx,,DIESEL JUNE 2025,6,3,C6
2025-06-01,2025-05-01,STATE,Lagos,Lagos,Lagos,South West,FALSE,1458.25748,NGN per litre,2025-05-14,FALSE,,1,Diesel_Report_June_2025.xlsx,,DIESEL JUNE 2025,40,3,C40
2025-06-01,2025-05-01,STATE,Nasarawa,Nassarawa,Nasarawa,North Central,FALSE,2006.58962812184,NGN per litre,2025-05-14,FALSE,,1,Diesel_Report_June_2025.xlsx,,DIESEL JUNE 2025,7,3,C7
2025-06-01,2025-05-01,STATE,Niger,Niger,Niger,North Central,FALSE,1932.79576228375,NGN per litre,2025-05-14,FALSE,,1,Diesel_Report_June_2025.xlsx,,DIESEL JUNE 2025,8,3,C8
2025-06-01,2025-05-01,STATE,Ogun,Ogun,Ogun,South West,FALSE,1504.44156666667,NGN per litre,2025-05-14,FALSE,,1,Diesel_Report_June_2025.xlsx,,DIESEL JUNE 2025,41,3,C41
2025-06-01,2025-05-01,STATE,Ondo,Ondo,Ondo,South West,FALSE,1318.4,NGN per litre,2025-05-14,FALSE,,1,Diesel_Report_June_2025.xlsx,,DIESEL JUNE 2025,42,3,C42
2025-06-01,2025-05-01,STATE,Osun,Osun,Osun,South West,FALSE,1843.040572222222,NGN per litre,2025-05-14,FALSE,,1,Diesel_Report_June_2025.xlsx,,DIESEL JUNE 2025,43,3,C43
2025-06-01,2025-05-01,STATE,Oyo,Oyo,Oyo,South West,FALSE,1643.6715433333331,NGN per litre,2025-05-14,FALSE,,1,Diesel_Report_June_2025.xlsx,,DIESEL JUNE 2025,44,3,C44
2025-06-01,2025-05-01,STATE,Plateau,Plateau,Plateau,North Central,FALSE,2201.51685115833,NGN per litre,2025-05-14,FALSE,,1,Diesel_Report_June_2025.xlsx,,DIESEL JUNE 2025,9,3,C9
2025-06-01,2025-05-01,STATE,Rivers,Rivers,Rivers,South South,FALSE,1860.34938477778,NGN per litre,2025-05-14,FALSE,,1,Diesel_Report_June_2025.xlsx,,DIESEL JUNE 2025,37,3,C37
2025-06-01,2025-05-01,STATE,Sokoto,Sokoto,Sokoto,North West,FALSE,1500,NGN per litre,2025-05-14,FALSE,,1,Diesel_Report_June_2025.xlsx,,DIESEL JUNE 2025,23,3,C23
2025-06-01,2025-05-01,STATE,Taraba,Taraba,Taraba,North East,FALSE,1940.0674000000001,NGN per litre,2025-05-14,FALSE,,1,Diesel_Report_June_2025.xlsx,,DIESEL JUNE 2025,15,3,C15
2025-06-01,2025-05-01,STATE,Yobe,Yobe,Yobe,North East,FALSE,1628,NGN per litre,2025-05-14,FALSE,,1,Diesel_Report_June_2025.xlsx,,DIESEL JUNE 2025,16,3,C16
2025-06-01,2025-05-01,STATE,Zamfara,Zamfara,Zamfara,North West,FALSE,1564.80285714286,NGN per litre,2025-05-14,FALSE,,1,Diesel_Report_June_2025.xlsx,,DIESEL JUNE 2025,24,3,C24
2025-06-01,2025-05-01,ZONE,North Central,NORTH CENTRAL,,North Central,TRUE,1920.4733508808815,NGN per litre,2025-05-14,FALSE,,1,Diesel_Report_June_2025.xlsx,,DIESEL JUNE 2025,2,3,C2
2025-06-01,2025-05-01,ZONE,North East,NORTH EAST,,North East,TRUE,1767.2095833333333,NGN per litre,2025-05-14,FALSE,,1,Diesel_Report_June_2025.xlsx,,DIESEL JUNE 2025,10,3,C10
2025-06-01,2025-05-01,ZONE,North West,NORTH WEST,,North West,TRUE,1769.2817015835958,NGN per litre,2025-05-14,FALSE,,1,Diesel_Report_June_2025.xlsx,,DIESEL JUNE 2025,17,3,C17
2025-06-01,2025-05-01,ZONE,South East,SOUTH EAST,,South East,TRUE,1632.330266209332,NGN per litre,2025-05-14,FALSE,,1,Diesel_Report_June_2025.xlsx,,DIESEL JUNE 2025,25,3,C25
2025-06-01,2025-05-01,ZONE,South South,SOUTH SOUTH,,South South,TRUE,1857.19374211588,NGN per litre,2025-05-14,FALSE,,1,Diesel_Report_June_2025.xlsx,,DIESEL JUNE 2025,31,3,C31
2025-06-01,2025-05-01,ZONE,South West,SOUTH WEST,,South West,TRUE,1553.1868812037044,NGN per litre,2025-05-14,FALSE,,1,Diesel_Report_June_2025.xlsx,,DIESEL JUNE 2025,38,3,C38
2025-06-01,2025-05-01,NATIONAL,Nigeria,NATIONAL,,,TRUE,1758.2561604923108,NGN per litre,2025-05-14,FALSE,,1,Diesel_Report_June_2025.xlsx,,DIESEL JUNE 2025,45,3,C45
2025-06-01,2025-06-01,STATE,Abia,Abia,Abia,South East,FALSE,1775.10026018681,NGN per litre,2025-06-14,TRUE,,1,Diesel_Report_June_2025.xlsx,,DIESEL JUNE 2025,26,4,D26
2025-06-01,2025-06-01,STATE,Abuja,Abuja,Abuja,North Central,FALSE,1818.83333333333,NGN per litre,2025-06-14,TRUE,,1,Diesel_Report_June_2025.xlsx,,DIESEL JUNE 2025,3,4,D3
2025-06-01,2025-06-01,STATE,Adamawa,Adamawa,Adamawa,North East,FALSE,2355.32,NGN per litre,2025-06-14,TRUE,,1,Diesel_Report_June_2025.xlsx,,DIESEL JUNE 2025,11,4,D11
2025-06-01,2025-06-01,STATE,Akwa Ibom,Akwa Ibom,Akwa Ibom,South South,FALSE,1766.1899999175,NGN per litre,2025-06-14,TRUE,,1,Diesel_Report_June_2025.xlsx,,DIESEL JUNE 2025,32,4,D32
2025-06-01,2025-06-01,STATE,Anambra,Anambra,Anambra,South East,FALSE,1391.016975,NGN per litre,2025-06-14,TRUE,,1,Diesel_Report_June_2025.xlsx,,DIESEL JUNE 2025,27,4,D27
2025-06-01,2025-06-01,STATE,Bauchi,Bauchi,Bauchi,North East,FALSE,1852.9601,NGN per litre,2025-06-14,TRUE,,1,Diesel_Report_June_2025.xlsx,,DIESEL JUNE 2025,12,4,D12
2025-06-01,2025-06-01,STATE,Bayelsa,Bayelsa,Bayelsa,South South,FALSE,2015.4720000000002,NGN per litre,2025-06-14,TRUE,,1,Diesel_Report_June_2025.xlsx,,DIESEL JUNE 2025,33,4,D33
2025-06-01,2025-06-01,STATE,Benue,Benue,Benue,North Central,FALSE,2541.461876923077,NGN per litre,2025-06-14,TRUE,,1,Diesel_Report_June_2025.xlsx,,DIESEL JUNE 2025,4,4,D4
2025-06-01,2025-06-01,STATE,Borno,Borno,Borno,North East,FALSE,1536.9099999999999,NGN per litre,2025-06-14,TRUE,,1,Diesel_Report_June_2025.xlsx,,DIESEL JUNE 2025,13,4,D13
2025-06-01,2025-06-01,STATE,Cross River,Cross River,Cross River,South South,FALSE,2128.3375,NGN per litre,2025-06-14,TRUE,,1,Diesel_Report_June_2025.xlsx,,DIESEL JUNE 2025,34,4,D34
2025-06-01,2025-06-01,STATE,Delta,Delta,Delta,South South,FALSE,1810.1672160000003,NGN per litre,2025-06-14,TRUE,,1,Diesel_Report_June_2025.xlsx,,DIESEL JUNE 2025,35,4,D35
2025-06-01,2025-06-01,STATE,Ebonyi,Ebonyi,Ebonyi,South East,FALSE,1652.61922249143,NGN per litre,2025-06-14,TRUE,,1,Diesel_Report_June_2025.xlsx,,DIESEL JUNE 2025,28,4,D28
2025-06-01,2025-06-01,STATE,Edo,Edo,Edo,South South,FALSE,2062.646352,NGN per litre,2025-06-14,TRUE,,1,Diesel_Report_June_2025.xlsx,,DIESEL JUNE 2025,36,4,D36
2025-06-01,2025-06-01,STATE,Ekiti,Ekiti,Ekiti,South West,FALSE,1651.310125,NGN per litre,2025-06-14,TRUE,,1,Diesel_Report_June_2025.xlsx,,DIESEL JUNE 2025,39,4,D39
2025-06-01,2025-06-01,STATE,Enugu,Enugu,Enugu,South East,FALSE,1921.0410000000002,NGN per litre,2025-06-14,TRUE,,1,Diesel_Report_June_2025.xlsx,,DIESEL JUNE 2025,29,4,D29
2025-06-01,2025-06-01,STATE,Gombe,Gombe,Gombe,North East,FALSE,1485,NGN per litre,2025-06-14,TRUE,,1,Diesel_Report_June_2025.xlsx,,DIESEL JUNE 2025,14,4,D14
2025-06-01,2025-06-01,STATE,Imo,Imo,Imo,South East,FALSE,1716.06134285714,NGN per litre,2025-06-14,TRUE,,1,Diesel_Report_June_2025.xlsx,,DIESEL JUNE 2025,30,4,D30
2025-06-01,2025-06-01,STATE,Jigawa,Jigawa,Jigawa,North West,FALSE,1655.22995875,NGN per litre,2025-06-14,TRUE,,1,Diesel_Report_June_2025.xlsx,,DIESEL JUNE 2025,18,4,D18
2025-06-01,2025-06-01,STATE,Kaduna,Kaduna,Kaduna,North West,FALSE,2023.736,NGN per litre,2025-06-14,TRUE,,1,Diesel_Report_June_2025.xlsx,,DIESEL JUNE 2025,19,4,D19
2025-06-01,2025-06-01,STATE,Kano,Kano,Kano,North West,FALSE,2151.7704307692306,NGN per litre,2025-06-14,TRUE,,1,Diesel_Report_June_2025.xlsx,,DIESEL JUNE 2025,20,4,D20
2025-06-01,2025-06-01,STATE,Katsina,Katsina,Katsina,North West,FALSE,1902.5737500000002,NGN per litre,2025-06-14,TRUE,,1,Diesel_Report_June_2025.xlsx,,DIESEL JUNE 2025,21,4,D21
2025-06-01,2025-06-01,STATE,Kebbi,Kebbi,Kebbi,North West,FALSE,1753.9358375,NGN per litre,2025-06-14,TRUE,,1,Diesel_Report_June_2025.xlsx,,DIESEL JUNE 2025,22,4,D22
2025-06-01,2025-06-01,STATE,Kogi,Kogi,Kogi,North Central,FALSE,1400,NGN per litre,2025-06-14,TRUE,,1,Diesel_Report_June_2025.xlsx,,DIESEL JUNE 2025,5,4,D5
2025-06-01,2025-06-01,STATE,Kwara,Kwara,Kwara,North Central,FALSE,1733.4526710125,NGN per litre,2025-06-14,TRUE,,1,Diesel_Report_June_2025.xlsx,,DIESEL JUNE 2025,6,4,D6
2025-06-01,2025-06-01,STATE,Lagos,Lagos,Lagos,South West,FALSE,1558.25748,NGN per litre,2025-06-14,TRUE,,1,Diesel_Report_June_2025.xlsx,,DIESEL JUNE 2025,40,4,D40
2025-06-01,2025-06-01,STATE,Nasarawa,Nassarawa,Nasarawa,North Central,FALSE,2046.5896281218397,NGN per litre,2025-06-14,TRUE,,1,Diesel_Report_June_2025.xlsx,,DIESEL JUNE 2025,7,4,D7
2025-06-01,2025-06-01,STATE,Niger,Niger,Niger,North Central,FALSE,1931.93826228375,NGN per litre,2025-06-14,TRUE,,1,Diesel_Report_June_2025.xlsx,,DIESEL JUNE 2025,8,4,D8
2025-06-01,2025-06-01,STATE,Ogun,Ogun,Ogun,South West,FALSE,1650.4395666666665,NGN per litre,2025-06-14,TRUE,,1,Diesel_Report_June_2025.xlsx,,DIESEL JUNE 2025,41,4,D41
2025-06-01,2025-06-01,STATE,Ondo,Ondo,Ondo,South West,FALSE,1365.70666666667,NGN per litre,2025-06-14,TRUE,,1,Diesel_Report_June_2025.xlsx,,DIESEL JUNE 2025,42,4,D42
2025-06-01,2025-06-01,STATE,Osun,Osun,Osun,South West,FALSE,1843.040572222222,NGN per litre,2025-06-14,TRUE,,1,Diesel_Report_June_2025.xlsx,,DIESEL JUNE 2025,43,4,D43
2025-06-01,2025-06-01,STATE,Oyo,Oyo,Oyo,South West,FALSE,1643.6715433333331,NGN per litre,2025-06-14,TRUE,,1,Diesel_Report_June_2025.xlsx,,DIESEL JUNE 2025,44,4,D44
2025-06-01,2025-06-01,STATE,Plateau,Plateau,Plateau,North Central,FALSE,2236.41778517667,NGN per litre,2025-06-14,TRUE,,1,Diesel_Report_June_2025.xlsx,,DIESEL JUNE 2025,9,4,D9
2025-06-01,2025-06-01,STATE,Rivers,Rivers,Rivers,South South,FALSE,2000.34938477778,NGN per litre,2025-06-14,TRUE,,1,Diesel_Report_June_2025.xlsx,,DIESEL JUNE 2025,37,4,D37
2025-06-01,2025-06-01,STATE,Sokoto,Sokoto,Sokoto,North West,FALSE,1607.195,NGN per litre,2025-06-14,TRUE,,1,Diesel_Report_June_2025.xlsx,,DIESEL JUNE 2025,23,4,D23
2025-06-01,2025-06-01,STATE,Taraba,Taraba,Taraba,North East,FALSE,1928,NGN per litre,2025-06-14,TRUE,,1,Diesel_Report_June_2025.xlsx,,DIESEL JUNE 2025,15,4,D15
2025-06-01,2025-06-01,STATE,Yobe,Yobe,Yobe,North East,FALSE,1638,NGN per litre,2025-06-14,TRUE,,1,Diesel_Report_June_2025.xlsx,,DIESEL JUNE 2025,16,4,D16
2025-06-01,2025-06-01,STATE,Zamfara,Zamfara,Zamfara,North West,FALSE,1560.17085714286,NGN per litre,2025-06-14,TRUE,,1,Diesel_Report_June_2025.xlsx,,DIESEL JUNE 2025,24,4,D24
2025-06-01,2025-06-01,ZONE,North Central,NORTH CENTRAL,,North Central,TRUE,1958.3847938358808,NGN per litre,2025-06-14,TRUE,,1,Diesel_Report_June_2025.xlsx,,DIESEL JUNE 2025,2,4,D2
2025-06-01,2025-06-01,ZONE,North East,NORTH EAST,,North East,TRUE,1799.3650166666666,NGN per litre,2025-06-14,TRUE,,1,Diesel_Report_June_2025.xlsx,,DIESEL JUNE 2025,10,4,D10
2025-06-01,2025-06-01,ZONE,North West,NORTH WEST,,North West,TRUE,1807.8016905945844,NGN per litre,2025-06-14,TRUE,,1,Diesel_Report_June_2025.xlsx,,DIESEL JUNE 2025,17,4,D17
2025-06-01,2025-06-01,ZONE,South East,SOUTH EAST,,South East,TRUE,1691.1677601070762,NGN per litre,2025-06-14,TRUE,,1,Diesel_Report_June_2025.xlsx,,DIESEL JUNE 2025,25,4,D25
2025-06-01,2025-06-01,ZONE,South South,SOUTH SOUTH,,South South,TRUE,1963.8604087825468,NGN per litre,2025-06-14,TRUE,,1,Diesel_Report_June_2025.xlsx,,DIESEL JUNE 2025,31,4,D31
2025-06-01,2025-06-01,ZONE,South West,SOUTH WEST,,South West,TRUE,1618.737658981482,NGN per litre,2025-06-14,TRUE,,1,Diesel_Report_June_2025.xlsx,,DIESEL JUNE 2025,38,4,D38
2025-06-01,2025-06-01,NATIONAL,Nigeria,NATIONAL,,,TRUE,1813.808721571157,NGN per litre,2025-06-14,TRUE,,1,Diesel_Report_June_2025.xlsx,,DIESEL JUNE 2025,45,4,D45
2025-07-01,2024-07-01,STATE,Abia,Abia,Abia,South East,FALSE,1406.16666666667,NGN per litre,2024-07-14,FALSE,,1,AGO_Report_JULY_2025.zip,Diesel_Report_July_2025.xlsx,DIESEL JULY 2025,26,2,B26
2025-07-01,2024-07-01,STATE,Abuja,Abuja,Abuja,North Central,FALSE,1254.4,NGN per litre,2024-07-14,FALSE,,1,AGO_Report_JULY_2025.zip,Diesel_Report_July_2025.xlsx,DIESEL JULY 2025,3,2,B3
2025-07-01,2024-07-01,STATE,Adamawa,Adamawa,Adamawa,North East,FALSE,1576.3999720982142,NGN per litre,2024-07-14,FALSE,,1,AGO_Report_JULY_2025.zip,Diesel_Report_July_2025.xlsx,DIESEL JULY 2025,11,2,B11
2025-07-01,2024-07-01,STATE,Akwa Ibom,Akwa Ibom,Akwa Ibom,South South,FALSE,1343.75,NGN per litre,2024-07-14,FALSE,,1,AGO_Report_JULY_2025.zip,Diesel_Report_July_2025.xlsx,DIESEL JULY 2025,32,2,B32
2025-07-01,2024-07-01,STATE,Anambra,Anambra,Anambra,South East,FALSE,1361.742388044085,NGN per litre,2024-07-14,FALSE,,1,AGO_Report_JULY_2025.zip,Diesel_Report_July_2025.xlsx,DIESEL JULY 2025,27,2,B27
2025-07-01,2024-07-01,STATE,Bauchi,Bauchi,Bauchi,North East,FALSE,1619.5411376953125,NGN per litre,2024-07-14,FALSE,,1,AGO_Report_JULY_2025.zip,Diesel_Report_July_2025.xlsx,DIESEL JULY 2025,12,2,B12
2025-07-01,2024-07-01,STATE,Bayelsa,Bayelsa,Bayelsa,South South,FALSE,1355,NGN per litre,2024-07-14,FALSE,,1,AGO_Report_JULY_2025.zip,Diesel_Report_July_2025.xlsx,DIESEL JULY 2025,33,2,B33
2025-07-01,2024-07-01,STATE,Benue,Benue,Benue,North Central,FALSE,1348.9375,NGN per litre,2024-07-14,FALSE,,1,AGO_Report_JULY_2025.zip,Diesel_Report_July_2025.xlsx,DIESEL JULY 2025,4,2,B4
2025-07-01,2024-07-01,STATE,Borno,Borno,Borno,North East,FALSE,1694.1666666666667,NGN per litre,2024-07-14,FALSE,,1,AGO_Report_JULY_2025.zip,Diesel_Report_July_2025.xlsx,DIESEL JULY 2025,13,2,B13
2025-07-01,2024-07-01,STATE,Cross River,Cross River,Cross River,South South,FALSE,1391.25,NGN per litre,2024-07-14,FALSE,,1,AGO_Report_JULY_2025.zip,Diesel_Report_July_2025.xlsx,DIESEL JULY 2025,34,2,B34
2025-07-01,2024-07-01,STATE,Delta,Delta,Delta,South South,FALSE,1346.6666666666667,NGN per litre,2024-07-14,FALSE,,1,AGO_Report_JULY_2025.zip,Diesel_Report_July_2025.xlsx,DIESEL JULY 2025,35,2,B35
2025-07-01,2024-07-01,STATE,Ebonyi,Ebonyi,Ebonyi,South East,FALSE,1279.724589029948,NGN per litre,2024-07-14,FALSE,,1,AGO_Report_JULY_2025.zip,Diesel_Report_July_2025.xlsx,DIESEL JULY 2025,28,2,B28
2025-07-01,2024-07-01,STATE,Edo,Edo,Edo,South South,FALSE,1266.6666666666667,NGN per litre,2024-07-14,FALSE,,1,AGO_Report_JULY_2025.zip,Diesel_Report_July_2025.xlsx,DIESEL JULY 2025,36,2,B36
2025-07-01,2024-07-01,STATE,Ekiti,Ekiti,Ekiti,South West,FALSE,1277.5,NGN per litre,2024-07-14,FALSE,,1,AGO_Report_JULY_2025.zip,Diesel_Report_July_2025.xlsx,DIESEL JULY 2025,39,2,B39
2025-07-01,2024-07-01,STATE,Enugu,Enugu,Enugu,South East,FALSE,1411.612811279297,NGN per litre,2024-07-14,FALSE,,1,AGO_Report_JULY_2025.zip,Diesel_Report_July_2025.xlsx,DIESEL JULY 2025,29,2,B29
2025-07-01,2024-07-01,STATE,Gombe,Gombe,Gombe,North East,FALSE,1382.3833414713542,NGN per litre,2024-07-14,FALSE,,1,AGO_Report_JULY_2025.zip,Diesel_Report_July_2025.xlsx,DIESEL JULY 2025,14,2,B14
2025-07-01,2024-07-01,STATE,Imo,Imo,Imo,South East,FALSE,1398.3247539813701,NGN per litre,2024-07-14,FALSE,,1,AGO_Report_JULY_2025.zip,Diesel_Report_July_2025.xlsx,DIESEL JULY 2025,30,2,B30
2025-07-01,2024-07-01,STATE,Jigawa,Jigawa,Jigawa,North West,FALSE,1312,NGN per litre,2024-07-14,FALSE,,1,AGO_Report_JULY_2025.zip,Diesel_Report_July_2025.xlsx,DIESEL JULY 2025,18,2,B18
2025-07-01,2024-07-01,STATE,Kaduna,Kaduna,Kaduna,North West,FALSE,1533.3333333333333,NGN per litre,2024-07-14,FALSE,,1,AGO_Report_JULY_2025.zip,Diesel_Report_July_2025.xlsx,DIESEL JULY 2025,19,2,B19
2025-07-01,2024-07-01,STATE,Kano,Kano,Kano,North West,FALSE,1211.111111111111,NGN per litre,2024-07-14,FALSE,,1,AGO_Report_JULY_2025.zip,Diesel_Report_July_2025.xlsx,DIESEL JULY 2025,20,2,B20
2025-07-01,2024-07-01,STATE,Katsina,Katsina,Katsina,North West,FALSE,1358.25968013468,NGN per litre,2024-07-14,FALSE,,1,AGO_Report_JULY_2025.zip,Diesel_Report_July_2025.xlsx,DIESEL JULY 2025,21,2,B21
2025-07-01,2024-07-01,STATE,Kebbi,Kebbi,Kebbi,North West,FALSE,1490,NGN per litre,2024-07-14,FALSE,,1,AGO_Report_JULY_2025.zip,Diesel_Report_July_2025.xlsx,DIESEL JULY 2025,22,2,B22
2025-07-01,2024-07-01,STATE,Kogi,Kogi,Kogi,North Central,FALSE,1186.314163208,NGN per litre,2024-07-14,FALSE,,1,AGO_Report_JULY_2025.zip,Diesel_Report_July_2025.xlsx,DIESEL JULY 2025,5,2,B5
2025-07-01,2024-07-01,STATE,Kwara,Kwara,Kwara,North Central,FALSE,1268,NGN per litre,2024-07-14,FALSE,,1,AGO_Report_JULY_2025.zip,Diesel_Report_July_2025.xlsx,DIESEL JULY 2025,6,2,B6
2025-07-01,2024-07-01,STATE,Lagos,Lagos,Lagos,South West,FALSE,1261.5625,NGN per litre,2024-07-14,FALSE,,1,AGO_Report_JULY_2025.zip,Diesel_Report_July_2025.xlsx,DIESEL JULY 2025,40,2,B40
2025-07-01,2024-07-01,STATE,Nasarawa,Nassarawa,Nasarawa,North Central,FALSE,1389.5087524414062,NGN per litre,2024-07-14,FALSE,,1,AGO_Report_JULY_2025.zip,Diesel_Report_July_2025.xlsx,DIESEL JULY 2025,7,2,B7
2025-07-01,2024-07-01,STATE,Niger,Niger,Niger,North Central,FALSE,1321.4583333333333,NGN per litre,2024-07-14,FALSE,,1,AGO_Report_JULY_2025.zip,Diesel_Report_July_2025.xlsx,DIESEL JULY 2025,8,2,B8
2025-07-01,2024-07-01,STATE,Ogun,Ogun,Ogun,South West,FALSE,1251.111111111111,NGN per litre,2024-07-14,FALSE,,1,AGO_Report_JULY_2025.zip,Diesel_Report_July_2025.xlsx,DIESEL JULY 2025,41,2,B41
2025-07-01,2024-07-01,STATE,Ondo,Ondo,Ondo,South West,FALSE,1289.09090909091,NGN per litre,2024-07-14,FALSE,,1,AGO_Report_JULY_2025.zip,Diesel_Report_July_2025.xlsx,DIESEL JULY 2025,42,2,B42
2025-07-01,2024-07-01,STATE,Osun,Osun,Osun,South West,FALSE,1246.8181818181818,NGN per litre,2024-07-14,FALSE,,1,AGO_Report_JULY_2025.zip,Diesel_Report_July_2025.xlsx,DIESEL JULY 2025,43,2,B43
2025-07-01,2024-07-01,STATE,Oyo,Oyo,Oyo,South West,FALSE,1273.3333333333333,NGN per litre,2024-07-14,FALSE,,1,AGO_Report_JULY_2025.zip,Diesel_Report_July_2025.xlsx,DIESEL JULY 2025,44,2,B44
2025-07-01,2024-07-01,STATE,Plateau,Plateau,Plateau,North Central,FALSE,1510.7777777777778,NGN per litre,2024-07-14,FALSE,,1,AGO_Report_JULY_2025.zip,Diesel_Report_July_2025.xlsx,DIESEL JULY 2025,9,2,B9
2025-07-01,2024-07-01,STATE,Rivers,Rivers,Rivers,South South,FALSE,1350,NGN per litre,2024-07-14,FALSE,,1,AGO_Report_JULY_2025.zip,Diesel_Report_July_2025.xlsx,DIESEL JULY 2025,37,2,B37
2025-07-01,2024-07-01,STATE,Sokoto,Sokoto,Sokoto,North West,FALSE,1457.142857142857,NGN per litre,2024-07-14,FALSE,,1,AGO_Report_JULY_2025.zip,Diesel_Report_July_2025.xlsx,DIESEL JULY 2025,23,2,B23
2025-07-01,2024-07-01,STATE,Taraba,Taraba,Taraba,North East,FALSE,1721.789501953125,NGN per litre,2024-07-14,FALSE,,1,AGO_Report_JULY_2025.zip,Diesel_Report_July_2025.xlsx,DIESEL JULY 2025,15,2,B15
2025-07-01,2024-07-01,STATE,Yobe,Yobe,Yobe,North East,FALSE,1610.8212585449219,NGN per litre,2024-07-14,FALSE,,1,AGO_Report_JULY_2025.zip,Diesel_Report_July_2025.xlsx,DIESEL JULY 2025,16,2,B16
2025-07-01,2024-07-01,STATE,Zamfara,Zamfara,Zamfara,North West,FALSE,1284,NGN per litre,2024-07-14,FALSE,,1,AGO_Report_JULY_2025.zip,Diesel_Report_July_2025.xlsx,DIESEL JULY 2025,24,2,B24
2025-07-01,2024-07-01,ZONE,North Central,NORTH CENTRAL,,North Central,TRUE,1325.6280752515027,NGN per litre,2024-07-14,FALSE,,1,AGO_Report_JULY_2025.zip,Diesel_Report_July_2025.xlsx,DIESEL JULY 2025,2,2,B2
2025-07-01,2024-07-01,ZONE,North East,NORTH EAST,,North East,TRUE,1600.8503130715992,NGN per litre,2024-07-14,FALSE,,1,AGO_Report_JULY_2025.zip,Diesel_Report_July_2025.xlsx,DIESEL JULY 2025,10,2,B10
2025-07-01,2024-07-01,ZONE,North West,NORTH WEST,,North West,TRUE,1377.9781402459973,NGN per litre,2024-07-14,FALSE,,1,AGO_Report_JULY_2025.zip,Diesel_Report_July_2025.xlsx,DIESEL JULY 2025,17,2,B17
2025-07-01,2024-07-01,ZONE,South East,SOUTH EAST,,South East,TRUE,1371.5142418002738,NGN per litre,2024-07-14,FALSE,,1,AGO_Report_JULY_2025.zip,Diesel_Report_July_2025.xlsx,DIESEL JULY 2025,25,2,B25
2025-07-01,2024-07-01,ZONE,South South,SOUTH SOUTH,,South South,TRUE,1342.2222222222224,NGN per litre,2024-07-14,FALSE,,1,AGO_Report_JULY_2025.zip,Diesel_Report_July_2025.xlsx,DIESEL JULY 2025,31,2,B31
2025-07-01,2024-07-01,ZONE,South West,SOUTH WEST,,South West,TRUE,1266.5693392255894,NGN per litre,2024-07-14,FALSE,,1,AGO_Report_JULY_2025.zip,Diesel_Report_July_2025.xlsx,DIESEL JULY 2025,38,2,B38
2025-07-01,2024-07-01,NATIONAL,Nigeria,NATIONAL,,,TRUE,1379.4774585027117,NGN per litre,2024-07-14,FALSE,,1,AGO_Report_JULY_2025.zip,Diesel_Report_July_2025.xlsx,DIESEL JULY 2025,45,2,B45
2025-07-01,2025-06-01,STATE,Abia,Abia,Abia,South East,FALSE,1775.10026018681,NGN per litre,2025-06-14,FALSE,,1,AGO_Report_JULY_2025.zip,Diesel_Report_July_2025.xlsx,DIESEL JULY 2025,26,3,C26
2025-07-01,2025-06-01,STATE,Abuja,Abuja,Abuja,North Central,FALSE,1818.83333333333,NGN per litre,2025-06-14,FALSE,,1,AGO_Report_JULY_2025.zip,Diesel_Report_July_2025.xlsx,DIESEL JULY 2025,3,3,C3
2025-07-01,2025-06-01,STATE,Adamawa,Adamawa,Adamawa,North East,FALSE,2355.32,NGN per litre,2025-06-14,FALSE,,1,AGO_Report_JULY_2025.zip,Diesel_Report_July_2025.xlsx,DIESEL JULY 2025,11,3,C11
2025-07-01,2025-06-01,STATE,Akwa Ibom,Akwa Ibom,Akwa Ibom,South South,FALSE,1766.1899999175,NGN per litre,2025-06-14,FALSE,,1,AGO_Report_JULY_2025.zip,Diesel_Report_July_2025.xlsx,DIESEL JULY 2025,32,3,C32
2025-07-01,2025-06-01,STATE,Anambra,Anambra,Anambra,South East,FALSE,1391.016975,NGN per litre,2025-06-14,FALSE,,1,AGO_Report_JULY_2025.zip,Diesel_Report_July_2025.xlsx,DIESEL JULY 2025,27,3,C27
2025-07-01,2025-06-01,STATE,Bauchi,Bauchi,Bauchi,North East,FALSE,1852.9601,NGN per litre,2025-06-14,FALSE,,1,AGO_Report_JULY_2025.zip,Diesel_Report_July_2025.xlsx,DIESEL JULY 2025,12,3,C12
2025-07-01,2025-06-01,STATE,Bayelsa,Bayelsa,Bayelsa,South South,FALSE,2015.4720000000002,NGN per litre,2025-06-14,FALSE,,1,AGO_Report_JULY_2025.zip,Diesel_Report_July_2025.xlsx,DIESEL JULY 2025,33,3,C33
2025-07-01,2025-06-01,STATE,Benue,Benue,Benue,North Central,FALSE,2541.461876923077,NGN per litre,2025-06-14,FALSE,,1,AGO_Report_JULY_2025.zip,Diesel_Report_July_2025.xlsx,DIESEL JULY 2025,4,3,C4
2025-07-01,2025-06-01,STATE,Borno,Borno,Borno,North East,FALSE,1536.9099999999999,NGN per litre,2025-06-14,FALSE,,1,AGO_Report_JULY_2025.zip,Diesel_Report_July_2025.xlsx,DIESEL JULY 2025,13,3,C13
2025-07-01,2025-06-01,STATE,Cross River,Cross River,Cross River,South South,FALSE,2128.3375,NGN per litre,2025-06-14,FALSE,,1,AGO_Report_JULY_2025.zip,Diesel_Report_July_2025.xlsx,DIESEL JULY 2025,34,3,C34
2025-07-01,2025-06-01,STATE,Delta,Delta,Delta,South South,FALSE,1810.1672160000003,NGN per litre,2025-06-14,FALSE,,1,AGO_Report_JULY_2025.zip,Diesel_Report_July_2025.xlsx,DIESEL JULY 2025,35,3,C35
2025-07-01,2025-06-01,STATE,Ebonyi,Ebonyi,Ebonyi,South East,FALSE,1652.61922249143,NGN per litre,2025-06-14,FALSE,,1,AGO_Report_JULY_2025.zip,Diesel_Report_July_2025.xlsx,DIESEL JULY 2025,28,3,C28
2025-07-01,2025-06-01,STATE,Edo,Edo,Edo,South South,FALSE,2062.646352,NGN per litre,2025-06-14,FALSE,,1,AGO_Report_JULY_2025.zip,Diesel_Report_July_2025.xlsx,DIESEL JULY 2025,36,3,C36
2025-07-01,2025-06-01,STATE,Ekiti,Ekiti,Ekiti,South West,FALSE,1651.310125,NGN per litre,2025-06-14,FALSE,,1,AGO_Report_JULY_2025.zip,Diesel_Report_July_2025.xlsx,DIESEL JULY 2025,39,3,C39
2025-07-01,2025-06-01,STATE,Enugu,Enugu,Enugu,South East,FALSE,1921.0410000000002,NGN per litre,2025-06-14,FALSE,,1,AGO_Report_JULY_2025.zip,Diesel_Report_July_2025.xlsx,DIESEL JULY 2025,29,3,C29
2025-07-01,2025-06-01,STATE,Gombe,Gombe,Gombe,North East,FALSE,1485,NGN per litre,2025-06-14,FALSE,,1,AGO_Report_JULY_2025.zip,Diesel_Report_July_2025.xlsx,DIESEL JULY 2025,14,3,C14
2025-07-01,2025-06-01,STATE,Imo,Imo,Imo,South East,FALSE,1716.06134285714,NGN per litre,2025-06-14,FALSE,,1,AGO_Report_JULY_2025.zip,Diesel_Report_July_2025.xlsx,DIESEL JULY 2025,30,3,C30
2025-07-01,2025-06-01,STATE,Jigawa,Jigawa,Jigawa,North West,FALSE,1655.22995875,NGN per litre,2025-06-14,FALSE,,1,AGO_Report_JULY_2025.zip,Diesel_Report_July_2025.xlsx,DIESEL JULY 2025,18,3,C18
2025-07-01,2025-06-01,STATE,Kaduna,Kaduna,Kaduna,North West,FALSE,2023.736,NGN per litre,2025-06-14,FALSE,,1,AGO_Report_JULY_2025.zip,Diesel_Report_July_2025.xlsx,DIESEL JULY 2025,19,3,C19
2025-07-01,2025-06-01,STATE,Kano,Kano,Kano,North West,FALSE,2151.7704307692306,NGN per litre,2025-06-14,FALSE,,1,AGO_Report_JULY_2025.zip,Diesel_Report_July_2025.xlsx,DIESEL JULY 2025,20,3,C20
2025-07-01,2025-06-01,STATE,Katsina,Katsina,Katsina,North West,FALSE,1902.5737500000002,NGN per litre,2025-06-14,FALSE,,1,AGO_Report_JULY_2025.zip,Diesel_Report_July_2025.xlsx,DIESEL JULY 2025,21,3,C21
2025-07-01,2025-06-01,STATE,Kebbi,Kebbi,Kebbi,North West,FALSE,1753.9358375,NGN per litre,2025-06-14,FALSE,,1,AGO_Report_JULY_2025.zip,Diesel_Report_July_2025.xlsx,DIESEL JULY 2025,22,3,C22
2025-07-01,2025-06-01,STATE,Kogi,Kogi,Kogi,North Central,FALSE,1400,NGN per litre,2025-06-14,FALSE,,1,AGO_Report_JULY_2025.zip,Diesel_Report_July_2025.xlsx,DIESEL JULY 2025,5,3,C5
2025-07-01,2025-06-01,STATE,Kwara,Kwara,Kwara,North Central,FALSE,1733.4526710125,NGN per litre,2025-06-14,FALSE,,1,AGO_Report_JULY_2025.zip,Diesel_Report_July_2025.xlsx,DIESEL JULY 2025,6,3,C6
2025-07-01,2025-06-01,STATE,Lagos,Lagos,Lagos,South West,FALSE,1558.25748,NGN per litre,2025-06-14,FALSE,,1,AGO_Report_JULY_2025.zip,Diesel_Report_July_2025.xlsx,DIESEL JULY 2025,40,3,C40
2025-07-01,2025-06-01,STATE,Nasarawa,Nassarawa,Nasarawa,North Central,FALSE,2046.5896281218397,NGN per litre,2025-06-14,FALSE,,1,AGO_Report_JULY_2025.zip,Diesel_Report_July_2025.xlsx,DIESEL JULY 2025,7,3,C7
2025-07-01,2025-06-01,STATE,Niger,Niger,Niger,North Central,FALSE,1931.93826228375,NGN per litre,2025-06-14,FALSE,,1,AGO_Report_JULY_2025.zip,Diesel_Report_July_2025.xlsx,DIESEL JULY 2025,8,3,C8
2025-07-01,2025-06-01,STATE,Ogun,Ogun,Ogun,South West,FALSE,1650.4395666666665,NGN per litre,2025-06-14,FALSE,,1,AGO_Report_JULY_2025.zip,Diesel_Report_July_2025.xlsx,DIESEL JULY 2025,41,3,C41
2025-07-01,2025-06-01,STATE,Ondo,Ondo,Ondo,South West,FALSE,1365.70666666667,NGN per litre,2025-06-14,FALSE,,1,AGO_Report_JULY_2025.zip,Diesel_Report_July_2025.xlsx,DIESEL JULY 2025,42,3,C42
2025-07-01,2025-06-01,STATE,Osun,Osun,Osun,South West,FALSE,1843.040572222222,NGN per litre,2025-06-14,FALSE,,1,AGO_Report_JULY_2025.zip,Diesel_Report_July_2025.xlsx,DIESEL JULY 2025,43,3,C43
2025-07-01,2025-06-01,STATE,Oyo,Oyo,Oyo,South West,FALSE,1643.6715433333331,NGN per litre,2025-06-14,FALSE,,1,AGO_Report_JULY_2025.zip,Diesel_Report_July_2025.xlsx,DIESEL JULY 2025,44,3,C44
2025-07-01,2025-06-01,STATE,Plateau,Plateau,Plateau,North Central,FALSE,2236.41778517667,NGN per litre,2025-06-14,FALSE,,1,AGO_Report_JULY_2025.zip,Diesel_Report_July_2025.xlsx,DIESEL JULY 2025,9,3,C9
2025-07-01,2025-06-01,STATE,Rivers,Rivers,Rivers,South South,FALSE,2000.34938477778,NGN per litre,2025-06-14,FALSE,,1,AGO_Report_JULY_2025.zip,Diesel_Report_July_2025.xlsx,DIESEL JULY 2025,37,3,C37
2025-07-01,2025-06-01,STATE,Sokoto,Sokoto,Sokoto,North West,FALSE,1607.195,NGN per litre,2025-06-14,FALSE,,1,AGO_Report_JULY_2025.zip,Diesel_Report_July_2025.xlsx,DIESEL JULY 2025,23,3,C23
2025-07-01,2025-06-01,STATE,Taraba,Taraba,Taraba,North East,FALSE,1928,NGN per litre,2025-06-14,FALSE,,1,AGO_Report_JULY_2025.zip,Diesel_Report_July_2025.xlsx,DIESEL JULY 2025,15,3,C15
2025-07-01,2025-06-01,STATE,Yobe,Yobe,Yobe,North East,FALSE,1638,NGN per litre,2025-06-14,FALSE,,1,AGO_Report_JULY_2025.zip,Diesel_Report_July_2025.xlsx,DIESEL JULY 2025,16,3,C16
2025-07-01,2025-06-01,STATE,Zamfara,Zamfara,Zamfara,North West,FALSE,1560.17085714286,NGN per litre,2025-06-14,FALSE,,1,AGO_Report_JULY_2025.zip,Diesel_Report_July_2025.xlsx,DIESEL JULY 2025,24,3,C24
2025-07-01,2025-06-01,ZONE,North Central,NORTH CENTRAL,,North Central,TRUE,1958.3847938358808,NGN per litre,2025-06-14,FALSE,,1,AGO_Report_JULY_2025.zip,Diesel_Report_July_2025.xlsx,DIESEL JULY 2025,2,3,C2
2025-07-01,2025-06-01,ZONE,North East,NORTH EAST,,North East,TRUE,1799.3650166666666,NGN per litre,2025-06-14,FALSE,,1,AGO_Report_JULY_2025.zip,Diesel_Report_July_2025.xlsx,DIESEL JULY 2025,10,3,C10
2025-07-01,2025-06-01,ZONE,North West,NORTH WEST,,North West,TRUE,1807.8016905945844,NGN per litre,2025-06-14,FALSE,,1,AGO_Report_JULY_2025.zip,Diesel_Report_July_2025.xlsx,DIESEL JULY 2025,17,3,C17
2025-07-01,2025-06-01,ZONE,South East,SOUTH EAST,,South East,TRUE,1691.1677601070762,NGN per litre,2025-06-14,FALSE,,1,AGO_Report_JULY_2025.zip,Diesel_Report_July_2025.xlsx,DIESEL JULY 2025,25,3,C25
2025-07-01,2025-06-01,ZONE,South South,SOUTH SOUTH,,South South,TRUE,1963.8604087825468,NGN per litre,2025-06-14,FALSE,,1,AGO_Report_JULY_2025.zip,Diesel_Report_July_2025.xlsx,DIESEL JULY 2025,31,3,C31
2025-07-01,2025-06-01,ZONE,South West,SOUTH WEST,,South West,TRUE,1618.737658981482,NGN per litre,2025-06-14,FALSE,,1,AGO_Report_JULY_2025.zip,Diesel_Report_July_2025.xlsx,DIESEL JULY 2025,38,3,C38
2025-07-01,2025-06-01,NATIONAL,Nigeria,NATIONAL,,,TRUE,1813.808721571157,NGN per litre,2025-06-14,FALSE,,1,AGO_Report_JULY_2025.zip,Diesel_Report_July_2025.xlsx,DIESEL JULY 2025,45,3,C45
2025-07-01,2025-07-01,STATE,Abia,Abia,Abia,South East,FALSE,1850.1002601868079,NGN per litre,2025-07-14,TRUE,,1,AGO_Report_JULY_2025.zip,Diesel_Report_July_2025.xlsx,DIESEL JULY 2025,26,4,D26
2025-07-01,2025-07-01,STATE,Abuja,Abuja,Abuja,North Central,FALSE,1718.83333333333,NGN per litre,2025-07-14,TRUE,,1,AGO_Report_JULY_2025.zip,Diesel_Report_July_2025.xlsx,DIESEL JULY 2025,3,4,D3
2025-07-01,2025-07-01,STATE,Adamawa,Adamawa,Adamawa,North East,FALSE,2163.88,NGN per litre,2025-07-14,TRUE,,1,AGO_Report_JULY_2025.zip,Diesel_Report_July_2025.xlsx,DIESEL JULY 2025,11,4,D11
2025-07-01,2025-07-01,STATE,Akwa Ibom,Akwa Ibom,Akwa Ibom,South South,FALSE,1866.1899999175,NGN per litre,2025-07-14,TRUE,,1,AGO_Report_JULY_2025.zip,Diesel_Report_July_2025.xlsx,DIESEL JULY 2025,32,4,D32
2025-07-01,2025-07-01,STATE,Anambra,Anambra,Anambra,South East,FALSE,1493.07833333333,NGN per litre,2025-07-14,TRUE,,1,AGO_Report_JULY_2025.zip,Diesel_Report_July_2025.xlsx,DIESEL JULY 2025,27,4,D27
2025-07-01,2025-07-01,STATE,Bauchi,Bauchi,Bauchi,North East,FALSE,1852.9601,NGN per litre,2025-07-14,TRUE,,1,AGO_Report_JULY_2025.zip,Diesel_Report_July_2025.xlsx,DIESEL JULY 2025,12,4,D12
2025-07-01,2025-07-01,STATE,Bayelsa,Bayelsa,Bayelsa,South South,FALSE,1943.472,NGN per litre,2025-07-14,TRUE,,1,AGO_Report_JULY_2025.zip,Diesel_Report_July_2025.xlsx,DIESEL JULY 2025,33,4,D33
2025-07-01,2025-07-01,STATE,Benue,Benue,Benue,North Central,FALSE,2341.46187692308,NGN per litre,2025-07-14,TRUE,,1,AGO_Report_JULY_2025.zip,Diesel_Report_July_2025.xlsx,DIESEL JULY 2025,4,4,D4
2025-07-01,2025-07-01,STATE,Borno,Borno,Borno,North East,FALSE,1536.9099999999999,NGN per litre,2025-07-14,TRUE,,1,AGO_Report_JULY_2025.zip,Diesel_Report_July_2025.xlsx,DIESEL JULY 2025,13,4,D13
2025-07-01,2025-07-01,STATE,Cross River,Cross River,Cross River,South South,FALSE,2036.5,NGN per litre,2025-07-14,TRUE,,1,AGO_Report_JULY_2025.zip,Diesel_Report_July_2025.xlsx,DIESEL JULY 2025,34,4,D34
2025-07-01,2025-07-01,STATE,Delta,Delta,Delta,South South,FALSE,1810.1672160000003,NGN per litre,2025-07-14,TRUE,,1,AGO_Report_JULY_2025.zip,Diesel_Report_July_2025.xlsx,DIESEL JULY 2025,35,4,D35
2025-07-01,2025-07-01,STATE,Ebonyi,Ebonyi,Ebonyi,South East,FALSE,1748.05074285714,NGN per litre,2025-07-14,TRUE,,1,AGO_Report_JULY_2025.zip,Diesel_Report_July_2025.xlsx,DIESEL JULY 2025,28,4,D28
2025-07-01,2025-07-01,STATE,Edo,Edo,Edo,South South,FALSE,2011.5967593333335,NGN per litre,2025-07-14,TRUE,,1,AGO_Report_JULY_2025.zip,Diesel_Report_July_2025.xlsx,DIESEL JULY 2025,36,4,D36
2025-07-01,2025-07-01,STATE,Ekiti,Ekiti,Ekiti,South West,FALSE,1602.68,NGN per litre,2025-07-14,TRUE,,1,AGO_Report_JULY_2025.zip,Diesel_Report_July_2025.xlsx,DIESEL JULY 2025,39,4,D39
2025-07-01,2025-07-01,STATE,Enugu,Enugu,Enugu,South East,FALSE,1858.3743333333334,NGN per litre,2025-07-14,TRUE,,1,AGO_Report_JULY_2025.zip,Diesel_Report_July_2025.xlsx,DIESEL JULY 2025,29,4,D29
2025-07-01,2025-07-01,STATE,Gombe,Gombe,Gombe,North East,FALSE,1485,NGN per litre,2025-07-14,TRUE,,1,AGO_Report_JULY_2025.zip,Diesel_Report_July_2025.xlsx,DIESEL JULY 2025,14,4,D14
2025-07-01,2025-07-01,STATE,Imo,Imo,Imo,South East,FALSE,1816.0613428571428,NGN per litre,2025-07-14,TRUE,,1,AGO_Report_JULY_2025.zip,Diesel_Report_July_2025.xlsx,DIESEL JULY 2025,30,4,D30
2025-07-01,2025-07-01,STATE,Jigawa,Jigawa,Jigawa,North West,FALSE,1758.2,NGN per litre,2025-07-14,TRUE,,1,AGO_Report_JULY_2025.zip,Diesel_Report_July_2025.xlsx,DIESEL JULY 2025,18,4,D18
2025-07-01,2025-07-01,STATE,Kaduna,Kaduna,Kaduna,North West,FALSE,1994.518,NGN per litre,2025-07-14,TRUE,,1,AGO_Report_JULY_2025.zip,Diesel_Report_July_2025.xlsx,DIESEL JULY 2025,19,4,D19
2025-07-01,2025-07-01,STATE,Kano,Kano,Kano,North West,FALSE,2027.9242769230768,NGN per litre,2025-07-14,TRUE,,1,AGO_Report_JULY_2025.zip,Diesel_Report_July_2025.xlsx,DIESEL JULY 2025,20,4,D20
2025-07-01,2025-07-01,STATE,Katsina,Katsina,Katsina,North West,FALSE,1848.5487500000004,NGN per litre,2025-07-14,TRUE,,1,AGO_Report_JULY_2025.zip,Diesel_Report_July_2025.xlsx,DIESEL JULY 2025,21,4,D21
2025-07-01,2025-07-01,STATE,Kebbi,Kebbi,Kebbi,North West,FALSE,1686.7315625,NGN per litre,2025-07-14,TRUE,,1,AGO_Report_JULY_2025.zip,Diesel_Report_July_2025.xlsx,DIESEL JULY 2025,22,4,D22
2025-07-01,2025-07-01,STATE,Kogi,Kogi,Kogi,North Central,FALSE,1500,NGN per litre,2025-07-14,TRUE,,1,AGO_Report_JULY_2025.zip,Diesel_Report_July_2025.xlsx,DIESEL JULY 2025,5,4,D5
2025-07-01,2025-07-01,STATE,Kwara,Kwara,Kwara,North Central,FALSE,1737.0826710125,NGN per litre,2025-07-14,TRUE,,1,AGO_Report_JULY_2025.zip,Diesel_Report_July_2025.xlsx,DIESEL JULY 2025,6,4,D6
2025-07-01,2025-07-01,STATE,Lagos,Lagos,Lagos,South West,FALSE,1658.2574799999998,NGN per litre,2025-07-14,TRUE,,1,AGO_Report_JULY_2025.zip,Diesel_Report_July_2025.xlsx,DIESEL JULY 2025,40,4,D40
2025-07-01,2025-07-01,STATE,Nasarawa,Nassarawa,Nasarawa,North Central,FALSE,1901.057041084,NGN per litre,2025-07-14,TRUE,,1,AGO_Report_JULY_2025.zip,Diesel_Report_July_2025.xlsx,DIESEL JULY 2025,7,4,D7
2025-07-01,2025-07-01,STATE,Niger,Niger,Niger,North Central,FALSE,1889.432838765,NGN per litre,2025-07-14,TRUE,,1,AGO_Report_JULY_2025.zip,Diesel_Report_July_2025.xlsx,DIESEL JULY 2025,8,4,D8
2025-07-01,2025-07-01,STATE,Ogun,Ogun,Ogun,South West,FALSE,1650.4395666666665,NGN per litre,2025-07-14,TRUE,,1,AGO_Report_JULY_2025.zip,Diesel_Report_July_2025.xlsx,DIESEL JULY 2025,41,4,D41
2025-07-01,2025-07-01,STATE,Ondo,Ondo,Ondo,South West,FALSE,1465.7066666666667,NGN per litre,2025-07-14,TRUE,,1,AGO_Report_JULY_2025.zip,Diesel_Report_July_2025.xlsx,DIESEL JULY 2025,42,4,D42
2025-07-01,2025-07-01,STATE,Osun,Osun,Osun,South West,FALSE,1757.1704,NGN per litre,2025-07-14,TRUE,,1,AGO_Report_JULY_2025.zip,Diesel_Report_July_2025.xlsx,DIESEL JULY 2025,43,4,D43
2025-07-01,2025-07-01,STATE,Oyo,Oyo,Oyo,South West,FALSE,1580.1048766666665,NGN per litre,2025-07-14,TRUE,,1,AGO_Report_JULY_2025.zip,Diesel_Report_July_2025.xlsx,DIESEL JULY 2025,44,4,D44
2025-07-01,2025-07-01,STATE,Plateau,Plateau,Plateau,North Central,FALSE,2029.7103312850002,NGN per litre,2025-07-14,TRUE,,1,AGO_Report_JULY_2025.zip,Diesel_Report_July_2025.xlsx,DIESEL JULY 2025,9,4,D9
2025-07-01,2025-07-01,STATE,Rivers,Rivers,Rivers,South South,FALSE,1983.92666666667,NGN per litre,2025-07-14,TRUE,,1,AGO_Report_JULY_2025.zip,Diesel_Report_July_2025.xlsx,DIESEL JULY 2025,37,4,D37
2025-07-01,2025-07-01,STATE,Sokoto,Sokoto,Sokoto,North West,FALSE,1600,NGN per litre,2025-07-14,TRUE,,1,AGO_Report_JULY_2025.zip,Diesel_Report_July_2025.xlsx,DIESEL JULY 2025,23,4,D23
2025-07-01,2025-07-01,STATE,Taraba,Taraba,Taraba,North East,FALSE,1807.195,NGN per litre,2025-07-14,TRUE,,1,AGO_Report_JULY_2025.zip,Diesel_Report_July_2025.xlsx,DIESEL JULY 2025,15,4,D15
2025-07-01,2025-07-01,STATE,Yobe,Yobe,Yobe,North East,FALSE,1728,NGN per litre,2025-07-14,TRUE,,1,AGO_Report_JULY_2025.zip,Diesel_Report_July_2025.xlsx,DIESEL JULY 2025,16,4,D16
2025-07-01,2025-07-01,STATE,Zamfara,Zamfara,Zamfara,North West,FALSE,1470.34864571429,NGN per litre,2025-07-14,TRUE,,1,AGO_Report_JULY_2025.zip,Diesel_Report_July_2025.xlsx,DIESEL JULY 2025,24,4,D24
2025-07-01,2025-07-01,ZONE,North Central,NORTH CENTRAL,,North Central,TRUE,1873.9397274861299,NGN per litre,2025-07-14,TRUE,,1,AGO_Report_JULY_2025.zip,Diesel_Report_July_2025.xlsx,DIESEL JULY 2025,2,4,D2
2025-07-01,2025-07-01,ZONE,North East,NORTH EAST,,North East,TRUE,1762.3241833333334,NGN per litre,2025-07-14,TRUE,,1,AGO_Report_JULY_2025.zip,Diesel_Report_July_2025.xlsx,DIESEL JULY 2025,10,4,D10
2025-07-01,2025-07-01,ZONE,North West,NORTH WEST,,North West,TRUE,1769.4673193053382,NGN per litre,2025-07-14,TRUE,,1,AGO_Report_JULY_2025.zip,Diesel_Report_July_2025.xlsx,DIESEL JULY 2025,17,4,D17
2025-07-01,2025-07-01,ZONE,South East,SOUTH EAST,,South East,TRUE,1753.1330025135508,NGN per litre,2025-07-14,TRUE,,1,AGO_Report_JULY_2025.zip,Diesel_Report_July_2025.xlsx,DIESEL JULY 2025,25,4,D25
2025-07-01,2025-07-01,ZONE,South South,SOUTH SOUTH,,South South,TRUE,1941.9754403195839,NGN per litre,2025-07-14,TRUE,,1,AGO_Report_JULY_2025.zip,Diesel_Report_July_2025.xlsx,DIESEL JULY 2025,31,4,D31
2025-07-01,2025-07-01,ZONE,South West,SOUTH WEST,,South West,TRUE,1619.0598316666667,NGN per litre,2025-07-14,TRUE,,1,AGO_Report_JULY_2025.zip,Diesel_Report_July_2025.xlsx,DIESEL JULY 2025,38,4,D38
2025-07-01,2025-07-01,NATIONAL,Nigeria,NATIONAL,,,TRUE,1789.450569514204,NGN per litre,2025-07-14,TRUE,,1,AGO_Report_JULY_2025.zip,Diesel_Report_July_2025.xlsx,DIESEL JULY 2025,45,4,D45
2025-08-01,2024-08-01,STATE,Abia,Abia,Abia,South East,FALSE,1392,NGN per litre,2024-08-14,FALSE,,3,AGO_Report_AUGUST_SEPTEMBER_2025.zip,DIESEL_AUGUST_2025.xlsx,Sheet1,28,2,B28
2025-08-01,2024-08-01,STATE,Abuja,Abuja,Abuja,North Central,FALSE,1286,NGN per litre,2024-08-14,FALSE,,3,AGO_Report_AUGUST_SEPTEMBER_2025.zip,DIESEL_AUGUST_2025.xlsx,Sheet1,5,2,B5
2025-08-01,2024-08-01,STATE,Adamawa,Adamawa,Adamawa,North East,FALSE,1528.6030578613281,NGN per litre,2024-08-14,FALSE,,3,AGO_Report_AUGUST_SEPTEMBER_2025.zip,DIESEL_AUGUST_2025.xlsx,Sheet1,13,2,B13
2025-08-01,2024-08-01,STATE,Akwa Ibom,Akwa Ibom,Akwa Ibom,South South,FALSE,1383.3333333333333,NGN per litre,2024-08-14,FALSE,,3,AGO_Report_AUGUST_SEPTEMBER_2025.zip,DIESEL_AUGUST_2025.xlsx,Sheet1,34,2,B34
2025-08-01,2024-08-01,STATE,Anambra,Anambra,Anambra,South East,FALSE,1343.527056012835,NGN per litre,2024-08-14,FALSE,,3,AGO_Report_AUGUST_SEPTEMBER_2025.zip,DIESEL_AUGUST_2025.xlsx,Sheet1,29,2,B29
2025-08-01,2024-08-01,STATE,Bauchi,Bauchi,Bauchi,North East,FALSE,1927.3369954427083,NGN per litre,2024-08-14,FALSE,,3,AGO_Report_AUGUST_SEPTEMBER_2025.zip,DIESEL_AUGUST_2025.xlsx,Sheet1,14,2,B14
2025-08-01,2024-08-01,STATE,Bayelsa,Bayelsa,Bayelsa,South South,FALSE,1390,NGN per litre,2024-08-14,FALSE,,3,AGO_Report_AUGUST_SEPTEMBER_2025.zip,DIESEL_AUGUST_2025.xlsx,Sheet1,35,2,B35
2025-08-01,2024-08-01,STATE,Benue,Benue,Benue,North Central,FALSE,1395.0499945746528,NGN per litre,2024-08-14,FALSE,,3,AGO_Report_AUGUST_SEPTEMBER_2025.zip,DIESEL_AUGUST_2025.xlsx,Sheet1,6,2,B6
2025-08-01,2024-08-01,STATE,Borno,Borno,Borno,North East,FALSE,1513.6499837239583,NGN per litre,2024-08-14,FALSE,,3,AGO_Report_AUGUST_SEPTEMBER_2025.zip,DIESEL_AUGUST_2025.xlsx,Sheet1,15,2,B15
2025-08-01,2024-08-01,STATE,Cross River,Cross River,Cross River,South South,FALSE,1398.75,NGN per litre,2024-08-14,FALSE,,3,AGO_Report_AUGUST_SEPTEMBER_2025.zip,DIESEL_AUGUST_2025.xlsx,Sheet1,36,2,B36
2025-08-01,2024-08-01,STATE,Delta,Delta,Delta,South South,FALSE,1333.5,NGN per litre,2024-08-14,FALSE,,3,AGO_Report_AUGUST_SEPTEMBER_2025.zip,DIESEL_AUGUST_2025.xlsx,Sheet1,37,2,B37
2025-08-01,2024-08-01,STATE,Ebonyi,Ebonyi,Ebonyi,South East,FALSE,1301.875,NGN per litre,2024-08-14,FALSE,,3,AGO_Report_AUGUST_SEPTEMBER_2025.zip,DIESEL_AUGUST_2025.xlsx,Sheet1,30,2,B30
2025-08-01,2024-08-01,STATE,Edo,Edo,Edo,South South,FALSE,1290.625,NGN per litre,2024-08-14,FALSE,,3,AGO_Report_AUGUST_SEPTEMBER_2025.zip,DIESEL_AUGUST_2025.xlsx,Sheet1,38,2,B38
2025-08-01,2024-08-01,STATE,Ekiti,Ekiti,Ekiti,South West,FALSE,1273.5714285714287,NGN per litre,2024-08-14,FALSE,,3,AGO_Report_AUGUST_SEPTEMBER_2025.zip,DIESEL_AUGUST_2025.xlsx,Sheet1,41,2,B41
2025-08-01,2024-08-01,STATE,Enugu,Enugu,Enugu,South East,FALSE,1363.5472412109375,NGN per litre,2024-08-14,FALSE,,3,AGO_Report_AUGUST_SEPTEMBER_2025.zip,DIESEL_AUGUST_2025.xlsx,Sheet1,31,2,B31
2025-08-01,2024-08-01,STATE,Gombe,Gombe,Gombe,North East,FALSE,1615,NGN per litre,2024-08-14,FALSE,,3,AGO_Report_AUGUST_SEPTEMBER_2025.zip,DIESEL_AUGUST_2025.xlsx,Sheet1,16,2,B16
2025-08-01,2024-08-01,STATE,Imo,Imo,Imo,South East,FALSE,1364.3943336123511,NGN per litre,2024-08-14,FALSE,,3,AGO_Report_AUGUST_SEPTEMBER_2025.zip,DIESEL_AUGUST_2025.xlsx,Sheet1,32,2,B32
2025-08-01,2024-08-01,STATE,Jigawa,Jigawa,Jigawa,North West,FALSE,1283.3333333333333,NGN per litre,2024-08-14,FALSE,,3,AGO_Report_AUGUST_SEPTEMBER_2025.zip,DIESEL_AUGUST_2025.xlsx,Sheet1,20,2,B20
2025-08-01,2024-08-01,STATE,Kaduna,Kaduna,Kaduna,North West,FALSE,1930.78571428571,NGN per litre,2024-08-14,FALSE,,3,AGO_Report_AUGUST_SEPTEMBER_2025.zip,DIESEL_AUGUST_2025.xlsx,Sheet1,21,2,B21
2025-08-01,2024-08-01,STATE,Kano,Kano,Kano,North West,FALSE,1358.5714285714287,NGN per litre,2024-08-14,FALSE,,3,AGO_Report_AUGUST_SEPTEMBER_2025.zip,DIESEL_AUGUST_2025.xlsx,Sheet1,22,2,B22
2025-08-01,2024-08-01,STATE,Katsina,Katsina,Katsina,North West,FALSE,1300,NGN per litre,2024-08-14,FALSE,,3,AGO_Report_AUGUST_SEPTEMBER_2025.zip,DIESEL_AUGUST_2025.xlsx,Sheet1,23,2,B23
2025-08-01,2024-08-01,STATE,Kebbi,Kebbi,Kebbi,North West,FALSE,1406.25,NGN per litre,2024-08-14,FALSE,,3,AGO_Report_AUGUST_SEPTEMBER_2025.zip,DIESEL_AUGUST_2025.xlsx,Sheet1,24,2,B24
2025-08-01,2024-08-01,STATE,Kogi,Kogi,Kogi,North Central,FALSE,1321.2413330078089,NGN per litre,2024-08-14,FALSE,,3,AGO_Report_AUGUST_SEPTEMBER_2025.zip,DIESEL_AUGUST_2025.xlsx,Sheet1,7,2,B7
2025-08-01,2024-08-01,STATE,Kwara,Kwara,Kwara,North Central,FALSE,1291.1000104631696,NGN per litre,2024-08-14,FALSE,,3,AGO_Report_AUGUST_SEPTEMBER_2025.zip,DIESEL_AUGUST_2025.xlsx,Sheet1,8,2,B8
2025-08-01,2024-08-01,STATE,Lagos,Lagos,Lagos,South West,FALSE,1237.142857142857,NGN per litre,2024-08-14,FALSE,,3,AGO_Report_AUGUST_SEPTEMBER_2025.zip,DIESEL_AUGUST_2025.xlsx,Sheet1,42,2,B42
2025-08-01,2024-08-01,STATE,Nasarawa,Nassarawa,Nasarawa,North Central,FALSE,1408.0199951171876,NGN per litre,2024-08-14,FALSE,,3,AGO_Report_AUGUST_SEPTEMBER_2025.zip,DIESEL_AUGUST_2025.xlsx,Sheet1,9,2,B9
2025-08-01,2024-08-01,STATE,Niger,Niger,Niger,North Central,FALSE,1308.8300048828125,NGN per litre,2024-08-14,FALSE,,3,AGO_Report_AUGUST_SEPTEMBER_2025.zip,DIESEL_AUGUST_2025.xlsx,Sheet1,10,2,B10
2025-08-01,2024-08-01,STATE,Ogun,Ogun,Ogun,South West,FALSE,1255,NGN per litre,2024-08-14,FALSE,,3,AGO_Report_AUGUST_SEPTEMBER_2025.zip,DIESEL_AUGUST_2025.xlsx,Sheet1,43,2,B43
2025-08-01,2024-08-01,STATE,Ondo,Ondo,Ondo,South West,FALSE,1368.1818181818182,NGN per litre,2024-08-14,FALSE,,3,AGO_Report_AUGUST_SEPTEMBER_2025.zip,DIESEL_AUGUST_2025.xlsx,Sheet1,44,2,B44
2025-08-01,2024-08-01,STATE,Osun,Osun,Osun,South West,FALSE,1268.1818181818182,NGN per litre,2024-08-14,FALSE,,3,AGO_Report_AUGUST_SEPTEMBER_2025.zip,DIESEL_AUGUST_2025.xlsx,Sheet1,45,2,B45
2025-08-01,2024-08-01,STATE,Oyo,Oyo,Oyo,South West,FALSE,1298.75,NGN per litre,2024-08-14,FALSE,,3,AGO_Report_AUGUST_SEPTEMBER_2025.zip,DIESEL_AUGUST_2025.xlsx,Sheet1,46,2,B46
2025-08-01,2024-08-01,STATE,Plateau,Plateau,Plateau,North Central,FALSE,1489.258327907986,NGN per litre,2024-08-14,FALSE,,3,AGO_Report_AUGUST_SEPTEMBER_2025.zip,DIESEL_AUGUST_2025.xlsx,Sheet1,11,2,B11
2025-08-01,2024-08-01,STATE,Rivers,Rivers,Rivers,South South,FALSE,1385,NGN per litre,2024-08-14,FALSE,,3,AGO_Report_AUGUST_SEPTEMBER_2025.zip,DIESEL_AUGUST_2025.xlsx,Sheet1,39,2,B39
2025-08-01,2024-08-01,STATE,Sokoto,Sokoto,Sokoto,North West,FALSE,1575,NGN per litre,2024-08-14,FALSE,,3,AGO_Report_AUGUST_SEPTEMBER_2025.zip,DIESEL_AUGUST_2025.xlsx,Sheet1,25,2,B25
2025-08-01,2024-08-01,STATE,Taraba,Taraba,Taraba,North East,FALSE,1638.1423095703126,NGN per litre,2024-08-14,FALSE,,3,AGO_Report_AUGUST_SEPTEMBER_2025.zip,DIESEL_AUGUST_2025.xlsx,Sheet1,17,2,B17
2025-08-01,2024-08-01,STATE,Yobe,Yobe,Yobe,North East,FALSE,1504.6332763671876,NGN per litre,2024-08-14,FALSE,,3,AGO_Report_AUGUST_SEPTEMBER_2025.zip,DIESEL_AUGUST_2025.xlsx,Sheet1,18,2,B18
2025-08-01,2024-08-01,STATE,Zamfara,Zamfara,Zamfara,North West,FALSE,1295.7142857142858,NGN per litre,2024-08-14,FALSE,,3,AGO_Report_AUGUST_SEPTEMBER_2025.zip,DIESEL_AUGUST_2025.xlsx,Sheet1,26,2,B26
2025-08-01,2024-08-01,ZONE,North Central,NORTH CENTRAL,,North Central,TRUE,1357.0713808505168,NGN per litre,2024-08-14,FALSE,,3,AGO_Report_AUGUST_SEPTEMBER_2025.zip,DIESEL_AUGUST_2025.xlsx,Sheet1,4,2,B4
2025-08-01,2024-08-01,ZONE,North East,NORTH EAST,,North East,TRUE,1621.2276038275822,NGN per litre,2024-08-14,FALSE,,3,AGO_Report_AUGUST_SEPTEMBER_2025.zip,DIESEL_AUGUST_2025.xlsx,Sheet1,12,2,B12
2025-08-01,2024-08-01,ZONE,North West,NORTH WEST,,North West,TRUE,1449.9506802721082,NGN per litre,2024-08-14,FALSE,,3,AGO_Report_AUGUST_SEPTEMBER_2025.zip,DIESEL_AUGUST_2025.xlsx,Sheet1,19,2,B19
2025-08-01,2024-08-01,ZONE,South East,SOUTH EAST,,South East,TRUE,1353.0687261672247,NGN per litre,2024-08-14,FALSE,,3,AGO_Report_AUGUST_SEPTEMBER_2025.zip,DIESEL_AUGUST_2025.xlsx,Sheet1,27,2,B27
2025-08-01,2024-08-01,ZONE,South South,SOUTH SOUTH,,South South,TRUE,1363.5347222222222,NGN per litre,2024-08-14,FALSE,,3,AGO_Report_AUGUST_SEPTEMBER_2025.zip,DIESEL_AUGUST_2025.xlsx,Sheet1,33,2,B33
2025-08-01,2024-08-01,ZONE,South West,SOUTH WEST,,South West,TRUE,1283.4713203463205,NGN per litre,2024-08-14,FALSE,,3,AGO_Report_AUGUST_SEPTEMBER_2025.zip,DIESEL_AUGUST_2025.xlsx,Sheet1,40,2,B40
2025-08-01,2024-08-01,NATIONAL,Nigeria,NATIONAL,,,TRUE,1406.0513496505741,NGN per litre,2024-08-14,FALSE,,3,AGO_Report_AUGUST_SEPTEMBER_2025.zip,DIESEL_AUGUST_2025.xlsx,Sheet1,47,2,B47
2025-08-01,2025-07-01,STATE,Abia,Abia,Abia,South East,FALSE,1850.1002601868079,NGN per litre,2025-07-14,FALSE,,3,AGO_Report_AUGUST_SEPTEMBER_2025.zip,DIESEL_AUGUST_2025.xlsx,Sheet1,28,3,C28
2025-08-01,2025-07-01,STATE,Abuja,Abuja,Abuja,North Central,FALSE,1718.83333333333,NGN per litre,2025-07-14,FALSE,,3,AGO_Report_AUGUST_SEPTEMBER_2025.zip,DIESEL_AUGUST_2025.xlsx,Sheet1,5,3,C5
2025-08-01,2025-07-01,STATE,Adamawa,Adamawa,Adamawa,North East,FALSE,2163.88,NGN per litre,2025-07-14,FALSE,,3,AGO_Report_AUGUST_SEPTEMBER_2025.zip,DIESEL_AUGUST_2025.xlsx,Sheet1,13,3,C13
2025-08-01,2025-07-01,STATE,Akwa Ibom,Akwa Ibom,Akwa Ibom,South South,FALSE,1866.1899999175,NGN per litre,2025-07-14,FALSE,,3,AGO_Report_AUGUST_SEPTEMBER_2025.zip,DIESEL_AUGUST_2025.xlsx,Sheet1,34,3,C34
2025-08-01,2025-07-01,STATE,Anambra,Anambra,Anambra,South East,FALSE,1493.07833333333,NGN per litre,2025-07-14,FALSE,,3,AGO_Report_AUGUST_SEPTEMBER_2025.zip,DIESEL_AUGUST_2025.xlsx,Sheet1,29,3,C29
2025-08-01,2025-07-01,STATE,Bauchi,Bauchi,Bauchi,North East,FALSE,1852.9601,NGN per litre,2025-07-14,FALSE,,3,AGO_Report_AUGUST_SEPTEMBER_2025.zip,DIESEL_AUGUST_2025.xlsx,Sheet1,14,3,C14
2025-08-01,2025-07-01,STATE,Bayelsa,Bayelsa,Bayelsa,South South,FALSE,1943.472,NGN per litre,2025-07-14,FALSE,,3,AGO_Report_AUGUST_SEPTEMBER_2025.zip,DIESEL_AUGUST_2025.xlsx,Sheet1,35,3,C35
2025-08-01,2025-07-01,STATE,Benue,Benue,Benue,North Central,FALSE,2341.46187692308,NGN per litre,2025-07-14,FALSE,,3,AGO_Report_AUGUST_SEPTEMBER_2025.zip,DIESEL_AUGUST_2025.xlsx,Sheet1,6,3,C6
2025-08-01,2025-07-01,STATE,Borno,Borno,Borno,North East,FALSE,1536.9099999999999,NGN per litre,2025-07-14,FALSE,,3,AGO_Report_AUGUST_SEPTEMBER_2025.zip,DIESEL_AUGUST_2025.xlsx,Sheet1,15,3,C15
2025-08-01,2025-07-01,STATE,Cross River,Cross River,Cross River,South South,FALSE,2036.5,NGN per litre,2025-07-14,FALSE,,3,AGO_Report_AUGUST_SEPTEMBER_2025.zip,DIESEL_AUGUST_2025.xlsx,Sheet1,36,3,C36
2025-08-01,2025-07-01,STATE,Delta,Delta,Delta,South South,FALSE,1810.1672160000003,NGN per litre,2025-07-14,FALSE,,3,AGO_Report_AUGUST_SEPTEMBER_2025.zip,DIESEL_AUGUST_2025.xlsx,Sheet1,37,3,C37
2025-08-01,2025-07-01,STATE,Ebonyi,Ebonyi,Ebonyi,South East,FALSE,1748.05074285714,NGN per litre,2025-07-14,FALSE,,3,AGO_Report_AUGUST_SEPTEMBER_2025.zip,DIESEL_AUGUST_2025.xlsx,Sheet1,30,3,C30
2025-08-01,2025-07-01,STATE,Edo,Edo,Edo,South South,FALSE,2011.5967593333335,NGN per litre,2025-07-14,FALSE,,3,AGO_Report_AUGUST_SEPTEMBER_2025.zip,DIESEL_AUGUST_2025.xlsx,Sheet1,38,3,C38
2025-08-01,2025-07-01,STATE,Ekiti,Ekiti,Ekiti,South West,FALSE,1602.68,NGN per litre,2025-07-14,FALSE,,3,AGO_Report_AUGUST_SEPTEMBER_2025.zip,DIESEL_AUGUST_2025.xlsx,Sheet1,41,3,C41
2025-08-01,2025-07-01,STATE,Enugu,Enugu,Enugu,South East,FALSE,1858.3743333333334,NGN per litre,2025-07-14,FALSE,,3,AGO_Report_AUGUST_SEPTEMBER_2025.zip,DIESEL_AUGUST_2025.xlsx,Sheet1,31,3,C31
2025-08-01,2025-07-01,STATE,Gombe,Gombe,Gombe,North East,FALSE,1485,NGN per litre,2025-07-14,FALSE,,3,AGO_Report_AUGUST_SEPTEMBER_2025.zip,DIESEL_AUGUST_2025.xlsx,Sheet1,16,3,C16
2025-08-01,2025-07-01,STATE,Imo,Imo,Imo,South East,FALSE,1816.0613428571428,NGN per litre,2025-07-14,FALSE,,3,AGO_Report_AUGUST_SEPTEMBER_2025.zip,DIESEL_AUGUST_2025.xlsx,Sheet1,32,3,C32
2025-08-01,2025-07-01,STATE,Jigawa,Jigawa,Jigawa,North West,FALSE,1758.2,NGN per litre,2025-07-14,FALSE,,3,AGO_Report_AUGUST_SEPTEMBER_2025.zip,DIESEL_AUGUST_2025.xlsx,Sheet1,20,3,C20
2025-08-01,2025-07-01,STATE,Kaduna,Kaduna,Kaduna,North West,FALSE,1994.518,NGN per litre,2025-07-14,FALSE,,3,AGO_Report_AUGUST_SEPTEMBER_2025.zip,DIESEL_AUGUST_2025.xlsx,Sheet1,21,3,C21
2025-08-01,2025-07-01,STATE,Kano,Kano,Kano,North West,FALSE,2027.9242769230768,NGN per litre,2025-07-14,FALSE,,3,AGO_Report_AUGUST_SEPTEMBER_2025.zip,DIESEL_AUGUST_2025.xlsx,Sheet1,22,3,C22
2025-08-01,2025-07-01,STATE,Katsina,Katsina,Katsina,North West,FALSE,1848.5487500000004,NGN per litre,2025-07-14,FALSE,,3,AGO_Report_AUGUST_SEPTEMBER_2025.zip,DIESEL_AUGUST_2025.xlsx,Sheet1,23,3,C23
2025-08-01,2025-07-01,STATE,Kebbi,Kebbi,Kebbi,North West,FALSE,1686.7315625,NGN per litre,2025-07-14,FALSE,,3,AGO_Report_AUGUST_SEPTEMBER_2025.zip,DIESEL_AUGUST_2025.xlsx,Sheet1,24,3,C24
2025-08-01,2025-07-01,STATE,Kogi,Kogi,Kogi,North Central,FALSE,1500,NGN per litre,2025-07-14,FALSE,,3,AGO_Report_AUGUST_SEPTEMBER_2025.zip,DIESEL_AUGUST_2025.xlsx,Sheet1,7,3,C7
2025-08-01,2025-07-01,STATE,Kwara,Kwara,Kwara,North Central,FALSE,1737.0826710125,NGN per litre,2025-07-14,FALSE,,3,AGO_Report_AUGUST_SEPTEMBER_2025.zip,DIESEL_AUGUST_2025.xlsx,Sheet1,8,3,C8
2025-08-01,2025-07-01,STATE,Lagos,Lagos,Lagos,South West,FALSE,1658.2574799999998,NGN per litre,2025-07-14,FALSE,,3,AGO_Report_AUGUST_SEPTEMBER_2025.zip,DIESEL_AUGUST_2025.xlsx,Sheet1,42,3,C42
2025-08-01,2025-07-01,STATE,Nasarawa,Nassarawa,Nasarawa,North Central,FALSE,1901.057041084,NGN per litre,2025-07-14,FALSE,,3,AGO_Report_AUGUST_SEPTEMBER_2025.zip,DIESEL_AUGUST_2025.xlsx,Sheet1,9,3,C9
2025-08-01,2025-07-01,STATE,Niger,Niger,Niger,North Central,FALSE,1889.432838765,NGN per litre,2025-07-14,FALSE,,3,AGO_Report_AUGUST_SEPTEMBER_2025.zip,DIESEL_AUGUST_2025.xlsx,Sheet1,10,3,C10
2025-08-01,2025-07-01,STATE,Ogun,Ogun,Ogun,South West,FALSE,1650.4395666666665,NGN per litre,2025-07-14,FALSE,,3,AGO_Report_AUGUST_SEPTEMBER_2025.zip,DIESEL_AUGUST_2025.xlsx,Sheet1,43,3,C43
2025-08-01,2025-07-01,STATE,Ondo,Ondo,Ondo,South West,FALSE,1465.7066666666667,NGN per litre,2025-07-14,FALSE,,3,AGO_Report_AUGUST_SEPTEMBER_2025.zip,DIESEL_AUGUST_2025.xlsx,Sheet1,44,3,C44
2025-08-01,2025-07-01,STATE,Osun,Osun,Osun,South West,FALSE,1757.1704,NGN per litre,2025-07-14,FALSE,,3,AGO_Report_AUGUST_SEPTEMBER_2025.zip,DIESEL_AUGUST_2025.xlsx,Sheet1,45,3,C45
2025-08-01,2025-07-01,STATE,Oyo,Oyo,Oyo,South West,FALSE,1580.1048766666665,NGN per litre,2025-07-14,FALSE,,3,AGO_Report_AUGUST_SEPTEMBER_2025.zip,DIESEL_AUGUST_2025.xlsx,Sheet1,46,3,C46
2025-08-01,2025-07-01,STATE,Plateau,Plateau,Plateau,North Central,FALSE,2029.7103312850002,NGN per litre,2025-07-14,FALSE,,3,AGO_Report_AUGUST_SEPTEMBER_2025.zip,DIESEL_AUGUST_2025.xlsx,Sheet1,11,3,C11
2025-08-01,2025-07-01,STATE,Rivers,Rivers,Rivers,South South,FALSE,1983.92666666667,NGN per litre,2025-07-14,FALSE,,3,AGO_Report_AUGUST_SEPTEMBER_2025.zip,DIESEL_AUGUST_2025.xlsx,Sheet1,39,3,C39
2025-08-01,2025-07-01,STATE,Sokoto,Sokoto,Sokoto,North West,FALSE,1600,NGN per litre,2025-07-14,FALSE,,3,AGO_Report_AUGUST_SEPTEMBER_2025.zip,DIESEL_AUGUST_2025.xlsx,Sheet1,25,3,C25
2025-08-01,2025-07-01,STATE,Taraba,Taraba,Taraba,North East,FALSE,1807.195,NGN per litre,2025-07-14,FALSE,,3,AGO_Report_AUGUST_SEPTEMBER_2025.zip,DIESEL_AUGUST_2025.xlsx,Sheet1,17,3,C17
2025-08-01,2025-07-01,STATE,Yobe,Yobe,Yobe,North East,FALSE,1728,NGN per litre,2025-07-14,FALSE,,3,AGO_Report_AUGUST_SEPTEMBER_2025.zip,DIESEL_AUGUST_2025.xlsx,Sheet1,18,3,C18
2025-08-01,2025-07-01,STATE,Zamfara,Zamfara,Zamfara,North West,FALSE,1470.34864571429,NGN per litre,2025-07-14,FALSE,,3,AGO_Report_AUGUST_SEPTEMBER_2025.zip,DIESEL_AUGUST_2025.xlsx,Sheet1,26,3,C26
2025-08-01,2025-07-01,ZONE,North Central,NORTH CENTRAL,,North Central,TRUE,1873.9397274861299,NGN per litre,2025-07-14,FALSE,,3,AGO_Report_AUGUST_SEPTEMBER_2025.zip,DIESEL_AUGUST_2025.xlsx,Sheet1,4,3,C4
2025-08-01,2025-07-01,ZONE,North East,NORTH EAST,,North East,TRUE,1762.3241833333334,NGN per litre,2025-07-14,FALSE,,3,AGO_Report_AUGUST_SEPTEMBER_2025.zip,DIESEL_AUGUST_2025.xlsx,Sheet1,12,3,C12
2025-08-01,2025-07-01,ZONE,North West,NORTH WEST,,North West,TRUE,1769.4673193053382,NGN per litre,2025-07-14,FALSE,,3,AGO_Report_AUGUST_SEPTEMBER_2025.zip,DIESEL_AUGUST_2025.xlsx,Sheet1,19,3,C19
2025-08-01,2025-07-01,ZONE,South East,SOUTH EAST,,South East,TRUE,1753.1330025135508,NGN per litre,2025-07-14,FALSE,,3,AGO_Report_AUGUST_SEPTEMBER_2025.zip,DIESEL_AUGUST_2025.xlsx,Sheet1,27,3,C27
2025-08-01,2025-07-01,ZONE,South South,SOUTH SOUTH,,South South,TRUE,1941.9754403195839,NGN per litre,2025-07-14,FALSE,,3,AGO_Report_AUGUST_SEPTEMBER_2025.zip,DIESEL_AUGUST_2025.xlsx,Sheet1,33,3,C33
2025-08-01,2025-07-01,ZONE,South West,SOUTH WEST,,South West,TRUE,1619.0598316666667,NGN per litre,2025-07-14,FALSE,,3,AGO_Report_AUGUST_SEPTEMBER_2025.zip,DIESEL_AUGUST_2025.xlsx,Sheet1,40,3,C40
2025-08-01,2025-07-01,NATIONAL,Nigeria,NATIONAL,,,TRUE,1789.450569514204,NGN per litre,2025-07-14,FALSE,,3,AGO_Report_AUGUST_SEPTEMBER_2025.zip,DIESEL_AUGUST_2025.xlsx,Sheet1,47,3,C47
2025-08-01,2025-08-01,STATE,Abia,Abia,Abia,South East,FALSE,1606,NGN per litre,2025-08-14,TRUE,,3,AGO_Report_AUGUST_SEPTEMBER_2025.zip,DIESEL_AUGUST_2025.xlsx,Sheet1,28,4,D28
2025-08-01,2025-08-01,STATE,Abuja,Abuja,Abuja,North Central,FALSE,1510.93833333333,NGN per litre,2025-08-14,TRUE,,3,AGO_Report_AUGUST_SEPTEMBER_2025.zip,DIESEL_AUGUST_2025.xlsx,Sheet1,5,4,D5
2025-08-01,2025-08-01,STATE,Adamawa,Adamawa,Adamawa,North East,FALSE,1765.44172707889,NGN per litre,2025-08-14,TRUE,,3,AGO_Report_AUGUST_SEPTEMBER_2025.zip,DIESEL_AUGUST_2025.xlsx,Sheet1,13,4,D13
2025-08-01,2025-08-01,STATE,Akwa Ibom,Akwa Ibom,Akwa Ibom,South South,FALSE,1608.985,NGN per litre,2025-08-14,TRUE,,3,AGO_Report_AUGUST_SEPTEMBER_2025.zip,DIESEL_AUGUST_2025.xlsx,Sheet1,34,4,D34
2025-08-01,2025-08-01,STATE,Anambra,Anambra,Anambra,South East,FALSE,1301.13636363636,NGN per litre,2025-08-14,TRUE,,3,AGO_Report_AUGUST_SEPTEMBER_2025.zip,DIESEL_AUGUST_2025.xlsx,Sheet1,29,4,D29
2025-08-01,2025-08-01,STATE,Bauchi,Bauchi,Bauchi,North East,FALSE,1616.9,NGN per litre,2025-08-14,TRUE,,3,AGO_Report_AUGUST_SEPTEMBER_2025.zip,DIESEL_AUGUST_2025.xlsx,Sheet1,14,4,D14
2025-08-01,2025-08-01,STATE,Bayelsa,Bayelsa,Bayelsa,South South,FALSE,1611.8575,NGN per litre,2025-08-14,TRUE,,3,AGO_Report_AUGUST_SEPTEMBER_2025.zip,DIESEL_AUGUST_2025.xlsx,Sheet1,35,4,D35
2025-08-01,2025-08-01,STATE,Benue,Benue,Benue,North Central,FALSE,1724.17989417989,NGN per litre,2025-08-14,TRUE,,3,AGO_Report_AUGUST_SEPTEMBER_2025.zip,DIESEL_AUGUST_2025.xlsx,Sheet1,6,4,D6
2025-08-01,2025-08-01,STATE,Borno,Borno,Borno,North East,FALSE,1350,NGN per litre,2025-08-14,TRUE,,3,AGO_Report_AUGUST_SEPTEMBER_2025.zip,DIESEL_AUGUST_2025.xlsx,Sheet1,15,4,D15
2025-08-01,2025-08-01,STATE,Cross River,Cross River,Cross River,South South,FALSE,1664.80718954248,NGN per litre,2025-08-14,TRUE,,3,AGO_Report_AUGUST_SEPTEMBER_2025.zip,DIESEL_AUGUST_2025.xlsx,Sheet1,36,4,D36
2025-08-01,2025-08-01,STATE,Delta,Delta,Delta,South South,FALSE,1610.71898601399,NGN per litre,2025-08-14,TRUE,,3,AGO_Report_AUGUST_SEPTEMBER_2025.zip,DIESEL_AUGUST_2025.xlsx,Sheet1,37,4,D37
2025-08-01,2025-08-01,STATE,Ebonyi,Ebonyi,Ebonyi,South East,FALSE,1524.29142857143,NGN per litre,2025-08-14,TRUE,,3,AGO_Report_AUGUST_SEPTEMBER_2025.zip,DIESEL_AUGUST_2025.xlsx,Sheet1,30,4,D30
2025-08-01,2025-08-01,STATE,Edo,Edo,Edo,South South,FALSE,1777,NGN per litre,2025-08-14,TRUE,,3,AGO_Report_AUGUST_SEPTEMBER_2025.zip,DIESEL_AUGUST_2025.xlsx,Sheet1,38,4,D38
2025-08-01,2025-08-01,STATE,Ekiti,Ekiti,Ekiti,South West,FALSE,1434.01833333333,NGN per litre,2025-08-14,TRUE,,3,AGO_Report_AUGUST_SEPTEMBER_2025.zip,DIESEL_AUGUST_2025.xlsx,Sheet1,41,4,D41
2025-08-01,2025-08-01,STATE,Enugu,Enugu,Enugu,South East,FALSE,1612.5,NGN per litre,2025-08-14,TRUE,,3,AGO_Report_AUGUST_SEPTEMBER_2025.zip,DIESEL_AUGUST_2025.xlsx,Sheet1,31,4,D31
2025-08-01,2025-08-01,STATE,Gombe,Gombe,Gombe,North East,FALSE,1270.83333333333,NGN per litre,2025-08-14,TRUE,,3,AGO_Report_AUGUST_SEPTEMBER_2025.zip,DIESEL_AUGUST_2025.xlsx,Sheet1,16,4,D16
2025-08-01,2025-08-01,STATE,Imo,Imo,Imo,South East,FALSE,1655.96638655462,NGN per litre,2025-08-14,TRUE,,3,AGO_Report_AUGUST_SEPTEMBER_2025.zip,DIESEL_AUGUST_2025.xlsx,Sheet1,32,4,D32
2025-08-01,2025-08-01,STATE,Jigawa,Jigawa,Jigawa,North West,FALSE,1496.00833333333,NGN per litre,2025-08-14,TRUE,,3,AGO_Report_AUGUST_SEPTEMBER_2025.zip,DIESEL_AUGUST_2025.xlsx,Sheet1,20,4,D20
2025-08-01,2025-08-01,STATE,Kaduna,Kaduna,Kaduna,North West,FALSE,1804.93333333333,NGN per litre,2025-08-14,TRUE,,3,AGO_Report_AUGUST_SEPTEMBER_2025.zip,DIESEL_AUGUST_2025.xlsx,Sheet1,21,4,D21
2025-08-01,2025-08-01,STATE,Kano,Kano,Kano,North West,FALSE,1789.59,NGN per litre,2025-08-14,TRUE,,3,AGO_Report_AUGUST_SEPTEMBER_2025.zip,DIESEL_AUGUST_2025.xlsx,Sheet1,22,4,D22
2025-08-01,2025-08-01,STATE,Katsina,Katsina,Katsina,North West,FALSE,1650.83851851852,NGN per litre,2025-08-14,TRUE,,3,AGO_Report_AUGUST_SEPTEMBER_2025.zip,DIESEL_AUGUST_2025.xlsx,Sheet1,23,4,D23
2025-08-01,2025-08-01,STATE,Kebbi,Kebbi,Kebbi,North West,FALSE,1418.302,NGN per litre,2025-08-14,TRUE,,3,AGO_Report_AUGUST_SEPTEMBER_2025.zip,DIESEL_AUGUST_2025.xlsx,Sheet1,24,4,D24
2025-08-01,2025-08-01,STATE,Kogi,Kogi,Kogi,North Central,FALSE,1339.51,NGN per litre,2025-08-14,TRUE,,3,AGO_Report_AUGUST_SEPTEMBER_2025.zip,DIESEL_AUGUST_2025.xlsx,Sheet1,7,4,D7
2025-08-01,2025-08-01,STATE,Kwara,Kwara,Kwara,North Central,FALSE,1554.70666666667,NGN per litre,2025-08-14,TRUE,,3,AGO_Report_AUGUST_SEPTEMBER_2025.zip,DIESEL_AUGUST_2025.xlsx,Sheet1,8,4,D8
2025-08-01,2025-08-01,STATE,Lagos,Lagos,Lagos,South West,FALSE,1515.6,NGN per litre,2025-08-14,TRUE,,3,AGO_Report_AUGUST_SEPTEMBER_2025.zip,DIESEL_AUGUST_2025.xlsx,Sheet1,42,4,D42
2025-08-01,2025-08-01,STATE,Nasarawa,Nassarawa,Nasarawa,North Central,FALSE,1708.027100271,NGN per litre,2025-08-14,TRUE,,3,AGO_Report_AUGUST_SEPTEMBER_2025.zip,DIESEL_AUGUST_2025.xlsx,Sheet1,9,4,D9
2025-08-01,2025-08-01,STATE,Niger,Niger,Niger,North Central,FALSE,1512.62476190477,NGN per litre,2025-08-14,TRUE,,3,AGO_Report_AUGUST_SEPTEMBER_2025.zip,DIESEL_AUGUST_2025.xlsx,Sheet1,10,4,D10
2025-08-01,2025-08-01,STATE,Ogun,Ogun,Ogun,South West,FALSE,1468.66742857143,NGN per litre,2025-08-14,TRUE,,3,AGO_Report_AUGUST_SEPTEMBER_2025.zip,DIESEL_AUGUST_2025.xlsx,Sheet1,43,4,D43
2025-08-01,2025-08-01,STATE,Ondo,Ondo,Ondo,South West,FALSE,1282,NGN per litre,2025-08-14,TRUE,,3,AGO_Report_AUGUST_SEPTEMBER_2025.zip,DIESEL_AUGUST_2025.xlsx,Sheet1,44,4,D44
2025-08-01,2025-08-01,STATE,Osun,Osun,Osun,South West,FALSE,1523.84285714286,NGN per litre,2025-08-14,TRUE,,3,AGO_Report_AUGUST_SEPTEMBER_2025.zip,DIESEL_AUGUST_2025.xlsx,Sheet1,45,4,D45
2025-08-01,2025-08-01,STATE,Oyo,Oyo,Oyo,South West,FALSE,1345.24028571429,NGN per litre,2025-08-14,TRUE,,3,AGO_Report_AUGUST_SEPTEMBER_2025.zip,DIESEL_AUGUST_2025.xlsx,Sheet1,46,4,D46
2025-08-01,2025-08-01,STATE,Plateau,Plateau,Plateau,North Central,FALSE,1831.83,NGN per litre,2025-08-14,TRUE,,3,AGO_Report_AUGUST_SEPTEMBER_2025.zip,DIESEL_AUGUST_2025.xlsx,Sheet1,11,4,D11
2025-08-01,2025-08-01,STATE,Rivers,Rivers,Rivers,South South,FALSE,1721.375,NGN per litre,2025-08-14,TRUE,,3,AGO_Report_AUGUST_SEPTEMBER_2025.zip,DIESEL_AUGUST_2025.xlsx,Sheet1,39,4,D39
2025-08-01,2025-08-01,STATE,Sokoto,Sokoto,Sokoto,North West,FALSE,1443.5,NGN per litre,2025-08-14,TRUE,,3,AGO_Report_AUGUST_SEPTEMBER_2025.zip,DIESEL_AUGUST_2025.xlsx,Sheet1,25,4,D25
2025-08-01,2025-08-01,STATE,Taraba,Taraba,Taraba,North East,FALSE,1606.4,NGN per litre,2025-08-14,TRUE,,3,AGO_Report_AUGUST_SEPTEMBER_2025.zip,DIESEL_AUGUST_2025.xlsx,Sheet1,17,4,D17
2025-08-01,2025-08-01,STATE,Yobe,Yobe,Yobe,North East,FALSE,1510.68235294118,NGN per litre,2025-08-14,TRUE,,3,AGO_Report_AUGUST_SEPTEMBER_2025.zip,DIESEL_AUGUST_2025.xlsx,Sheet1,18,4,D18
2025-08-01,2025-08-01,STATE,Zamfara,Zamfara,Zamfara,North West,FALSE,1250.34714285714,NGN per litre,2025-08-14,TRUE,,3,AGO_Report_AUGUST_SEPTEMBER_2025.zip,DIESEL_AUGUST_2025.xlsx,Sheet1,26,4,D26
2025-08-01,2025-08-01,ZONE,North Central,NORTH CENTRAL,,North Central,TRUE,1597.4023937650943,NGN per litre,2025-08-14,TRUE,,3,AGO_Report_AUGUST_SEPTEMBER_2025.zip,DIESEL_AUGUST_2025.xlsx,Sheet1,4,4,D4
2025-08-01,2025-08-01,ZONE,North East,NORTH EAST,,North East,TRUE,1520.0429022255666,NGN per litre,2025-08-14,TRUE,,3,AGO_Report_AUGUST_SEPTEMBER_2025.zip,DIESEL_AUGUST_2025.xlsx,Sheet1,12,4,D12
2025-08-01,2025-08-01,ZONE,North West,NORTH WEST,,North West,TRUE,1550.5027611489027,NGN per litre,2025-08-14,TRUE,,3,AGO_Report_AUGUST_SEPTEMBER_2025.zip,DIESEL_AUGUST_2025.xlsx,Sheet1,19,4,D19
2025-08-01,2025-08-01,ZONE,South East,SOUTH EAST,,South East,TRUE,1539.9788357524822,NGN per litre,2025-08-14,TRUE,,3,AGO_Report_AUGUST_SEPTEMBER_2025.zip,DIESEL_AUGUST_2025.xlsx,Sheet1,27,4,D27
2025-08-01,2025-08-01,ZONE,South South,SOUTH SOUTH,,South South,TRUE,1665.790612592745,NGN per litre,2025-08-14,TRUE,,3,AGO_Report_AUGUST_SEPTEMBER_2025.zip,DIESEL_AUGUST_2025.xlsx,Sheet1,33,4,D33
2025-08-01,2025-08-01,ZONE,South West,SOUTH WEST,,South West,TRUE,1428.2281507936516,NGN per litre,2025-08-14,TRUE,,3,AGO_Report_AUGUST_SEPTEMBER_2025.zip,DIESEL_AUGUST_2025.xlsx,Sheet1,40,4,D40
2025-08-01,2025-08-01,NATIONAL,Nigeria,NATIONAL,,,TRUE,1551.8810880224912,NGN per litre,2025-08-14,TRUE,,3,AGO_Report_AUGUST_SEPTEMBER_2025.zip,DIESEL_AUGUST_2025.xlsx,Sheet1,47,4,D47
2025-09-01,2024-09-01,STATE,Abia,Abia,Abia,South East,FALSE,1372.1923076923076,NGN per litre,2024-09-14,FALSE,,16,AGO_Report_AUGUST_SEPTEMBER_2025.zip,DIESEL_SEPTEMBER_2025.xlsx,Sheet1,41,2,B41
2025-09-01,2024-09-01,STATE,Abuja,Abuja,Abuja,North Central,FALSE,1262.25,NGN per litre,2024-09-14,FALSE,,16,AGO_Report_AUGUST_SEPTEMBER_2025.zip,DIESEL_SEPTEMBER_2025.xlsx,Sheet1,18,2,B18
2025-09-01,2024-09-01,STATE,Adamawa,Adamawa,Adamawa,North East,FALSE,1475,NGN per litre,2024-09-14,FALSE,,16,AGO_Report_AUGUST_SEPTEMBER_2025.zip,DIESEL_SEPTEMBER_2025.xlsx,Sheet1,26,2,B26
2025-09-01,2024-09-01,STATE,Akwa Ibom,Akwa Ibom,Akwa Ibom,South South,FALSE,1592.857142857143,NGN per litre,2024-09-14,FALSE,,16,AGO_Report_AUGUST_SEPTEMBER_2025.zip,DIESEL_SEPTEMBER_2025.xlsx,Sheet1,47,2,B47
2025-09-01,2024-09-01,STATE,Anambra,Anambra,Anambra,South East,FALSE,1296.7857142857142,NGN per litre,2024-09-14,FALSE,,16,AGO_Report_AUGUST_SEPTEMBER_2025.zip,DIESEL_SEPTEMBER_2025.xlsx,Sheet1,42,2,B42
2025-09-01,2024-09-01,STATE,Bauchi,Bauchi,Bauchi,North East,FALSE,2061.66666666667,NGN per litre,2024-09-14,FALSE,,16,AGO_Report_AUGUST_SEPTEMBER_2025.zip,DIESEL_SEPTEMBER_2025.xlsx,Sheet1,27,2,B27
2025-09-01,2024-09-01,STATE,Bayelsa,Bayelsa,Bayelsa,South South,FALSE,1454.5454545454545,NGN per litre,2024-09-14,FALSE,,16,AGO_Report_AUGUST_SEPTEMBER_2025.zip,DIESEL_SEPTEMBER_2025.xlsx,Sheet1,48,2,B48
2025-09-01,2024-09-01,STATE,Benue,Benue,Benue,North Central,FALSE,1508.3333333333333,NGN per litre,2024-09-14,FALSE,,16,AGO_Report_AUGUST_SEPTEMBER_2025.zip,DIESEL_SEPTEMBER_2025.xlsx,Sheet1,19,2,B19
2025-09-01,2024-09-01,STATE,Borno,Borno,Borno,North East,FALSE,1501,NGN per litre,2024-09-14,FALSE,,16,AGO_Report_AUGUST_SEPTEMBER_2025.zip,DIESEL_SEPTEMBER_2025.xlsx,Sheet1,28,2,B28
2025-09-01,2024-09-01,STATE,Cross River,Cross River,Cross River,South South,FALSE,1465.7142857142858,NGN per litre,2024-09-14,FALSE,,16,AGO_Report_AUGUST_SEPTEMBER_2025.zip,DIESEL_SEPTEMBER_2025.xlsx,Sheet1,49,2,B49
2025-09-01,2024-09-01,STATE,Delta,Delta,Delta,South South,FALSE,1430,NGN per litre,2024-09-14,FALSE,,16,AGO_Report_AUGUST_SEPTEMBER_2025.zip,DIESEL_SEPTEMBER_2025.xlsx,Sheet1,50,2,B50
2025-09-01,2024-09-01,STATE,Ebonyi,Ebonyi,Ebonyi,South East,FALSE,1304.0625,NGN per litre,2024-09-14,FALSE,,16,AGO_Report_AUGUST_SEPTEMBER_2025.zip,DIESEL_SEPTEMBER_2025.xlsx,Sheet1,43,2,B43
2025-09-01,2024-09-01,STATE,Edo,Edo,Edo,South South,FALSE,1368.75,NGN per litre,2024-09-14,FALSE,,16,AGO_Report_AUGUST_SEPTEMBER_2025.zip,DIESEL_SEPTEMBER_2025.xlsx,Sheet1,51,2,B51
2025-09-01,2024-09-01,STATE,Ekiti,Ekiti,Ekiti,South West,FALSE,1241.4615384615386,NGN per litre,2024-09-14,FALSE,,16,AGO_Report_AUGUST_SEPTEMBER_2025.zip,DIESEL_SEPTEMBER_2025.xlsx,Sheet1,54,2,B54
2025-09-01,2024-09-01,STATE,Enugu,Enugu,Enugu,South East,FALSE,1341.0294117647059,NGN per litre,2024-09-14,FALSE,,16,AGO_Report_AUGUST_SEPTEMBER_2025.zip,DIESEL_SEPTEMBER_2025.xlsx,Sheet1,44,2,B44
2025-09-01,2024-09-01,STATE,Gombe,Gombe,Gombe,North East,FALSE,1615,NGN per litre,2024-09-14,FALSE,,16,AGO_Report_AUGUST_SEPTEMBER_2025.zip,DIESEL_SEPTEMBER_2025.xlsx,Sheet1,29,2,B29
2025-09-01,2024-09-01,STATE,Imo,Imo,Imo,South East,FALSE,1375.6893696032073,NGN per litre,2024-09-14,FALSE,,16,AGO_Report_AUGUST_SEPTEMBER_2025.zip,DIESEL_SEPTEMBER_2025.xlsx,Sheet1,45,2,B45
2025-09-01,2024-09-01,STATE,Jigawa,Jigawa,Jigawa,North West,FALSE,1335.8333333333333,NGN per litre,2024-09-14,FALSE,,16,AGO_Report_AUGUST_SEPTEMBER_2025.zip,DIESEL_SEPTEMBER_2025.xlsx,Sheet1,33,2,B33
2025-09-01,2024-09-01,STATE,Kaduna,Kaduna,Kaduna,North West,FALSE,1511.5,NGN per litre,2024-09-14,FALSE,,16,AGO_Report_AUGUST_SEPTEMBER_2025.zip,DIESEL_SEPTEMBER_2025.xlsx,Sheet1,34,2,B34
2025-09-01,2024-09-01,STATE,Kano,Kano,Kano,North West,FALSE,1364.4444444444443,NGN per litre,2024-09-14,FALSE,,16,AGO_Report_AUGUST_SEPTEMBER_2025.zip,DIESEL_SEPTEMBER_2025.xlsx,Sheet1,35,2,B35
2025-09-01,2024-09-01,STATE,Katsina,Katsina,Katsina,North West,FALSE,1350,NGN per litre,2024-09-14,FALSE,,16,AGO_Report_AUGUST_SEPTEMBER_2025.zip,DIESEL_SEPTEMBER_2025.xlsx,Sheet1,36,2,B36
2025-09-01,2024-09-01,STATE,Kebbi,Kebbi,Kebbi,North West,FALSE,1363.6363636363637,NGN per litre,2024-09-14,FALSE,,16,AGO_Report_AUGUST_SEPTEMBER_2025.zip,DIESEL_SEPTEMBER_2025.xlsx,Sheet1,37,2,B37
2025-09-01,2024-09-01,STATE,Kogi,Kogi,Kogi,North Central,FALSE,1413.9306131998699,NGN per litre,2024-09-14,FALSE,,16,AGO_Report_AUGUST_SEPTEMBER_2025.zip,DIESEL_SEPTEMBER_2025.xlsx,Sheet1,20,2,B20
2025-09-01,2024-09-01,STATE,Kwara,Kwara,Kwara,North Central,FALSE,1386.5835658482142,NGN per litre,2024-09-14,FALSE,,16,AGO_Report_AUGUST_SEPTEMBER_2025.zip,DIESEL_SEPTEMBER_2025.xlsx,Sheet1,21,2,B21
2025-09-01,2024-09-01,STATE,Lagos,Lagos,Lagos,South West,FALSE,1305.5555555555557,NGN per litre,2024-09-14,FALSE,,16,AGO_Report_AUGUST_SEPTEMBER_2025.zip,DIESEL_SEPTEMBER_2025.xlsx,Sheet1,55,2,B55
2025-09-01,2024-09-01,STATE,Nasarawa,Nassarawa,Nasarawa,North Central,FALSE,1380.625,NGN per litre,2024-09-14,FALSE,,16,AGO_Report_AUGUST_SEPTEMBER_2025.zip,DIESEL_SEPTEMBER_2025.xlsx,Sheet1,22,2,B22
2025-09-01,2024-09-01,STATE,Niger,Niger,Niger,North Central,FALSE,1322.2552083333333,NGN per litre,2024-09-14,FALSE,,16,AGO_Report_AUGUST_SEPTEMBER_2025.zip,DIESEL_SEPTEMBER_2025.xlsx,Sheet1,23,2,B23
2025-09-01,2024-09-01,STATE,Ogun,Ogun,Ogun,South West,FALSE,1380,NGN per litre,2024-09-14,FALSE,,16,AGO_Report_AUGUST_SEPTEMBER_2025.zip,DIESEL_SEPTEMBER_2025.xlsx,Sheet1,56,2,B56
2025-09-01,2024-09-01,STATE,Ondo,Ondo,Ondo,South West,FALSE,1507,NGN per litre,2024-09-14,FALSE,,16,AGO_Report_AUGUST_SEPTEMBER_2025.zip,DIESEL_SEPTEMBER_2025.xlsx,Sheet1,57,2,B57
2025-09-01,2024-09-01,STATE,Osun,Osun,Osun,South West,FALSE,1287.857142857143,NGN per litre,2024-09-14,FALSE,,16,AGO_Report_AUGUST_SEPTEMBER_2025.zip,DIESEL_SEPTEMBER_2025.xlsx,Sheet1,58,2,B58
2025-09-01,2024-09-01,STATE,Oyo,Oyo,Oyo,South West,FALSE,1276.4705882352941,NGN per litre,2024-09-14,FALSE,,16,AGO_Report_AUGUST_SEPTEMBER_2025.zip,DIESEL_SEPTEMBER_2025.xlsx,Sheet1,59,2,B59
2025-09-01,2024-09-01,STATE,Plateau,Plateau,Plateau,North Central,FALSE,1526.388888888889,NGN per litre,2024-09-14,FALSE,,16,AGO_Report_AUGUST_SEPTEMBER_2025.zip,DIESEL_SEPTEMBER_2025.xlsx,Sheet1,24,2,B24
2025-09-01,2024-09-01,STATE,Rivers,Rivers,Rivers,South South,FALSE,1533.3333333333333,NGN per litre,2024-09-14,FALSE,,16,AGO_Report_AUGUST_SEPTEMBER_2025.zip,DIESEL_SEPTEMBER_2025.xlsx,Sheet1,52,2,B52
2025-09-01,2024-09-01,STATE,Sokoto,Sokoto,Sokoto,North West,FALSE,1433.3333333333333,NGN per litre,2024-09-14,FALSE,,16,AGO_Report_AUGUST_SEPTEMBER_2025.zip,DIESEL_SEPTEMBER_2025.xlsx,Sheet1,38,2,B38
2025-09-01,2024-09-01,STATE,Taraba,Taraba,Taraba,North East,FALSE,1369.1666666666667,NGN per litre,2024-09-14,FALSE,,16,AGO_Report_AUGUST_SEPTEMBER_2025.zip,DIESEL_SEPTEMBER_2025.xlsx,Sheet1,30,2,B30
2025-09-01,2024-09-01,STATE,Yobe,Yobe,Yobe,North East,FALSE,1470,NGN per litre,2024-09-14,FALSE,,16,AGO_Report_AUGUST_SEPTEMBER_2025.zip,DIESEL_SEPTEMBER_2025.xlsx,Sheet1,31,2,B31
2025-09-01,2024-09-01,STATE,Zamfara,Zamfara,Zamfara,North West,FALSE,1312.5,NGN per litre,2024-09-14,FALSE,,16,AGO_Report_AUGUST_SEPTEMBER_2025.zip,DIESEL_SEPTEMBER_2025.xlsx,Sheet1,39,2,B39
2025-09-01,2024-09-01,ZONE,North Central,NORTH CENTRAL,,North Central,TRUE,1400.0523728005198,NGN per litre,2024-09-14,FALSE,,16,AGO_Report_AUGUST_SEPTEMBER_2025.zip,DIESEL_SEPTEMBER_2025.xlsx,Sheet1,17,2,B17
2025-09-01,2024-09-01,ZONE,North East,NORTH EAST,,North East,TRUE,1581.9722222222226,NGN per litre,2024-09-14,FALSE,,16,AGO_Report_AUGUST_SEPTEMBER_2025.zip,DIESEL_SEPTEMBER_2025.xlsx,Sheet1,25,2,B25
2025-09-01,2024-09-01,ZONE,North West,NORTH WEST,,North West,TRUE,1381.6067821067822,NGN per litre,2024-09-14,FALSE,,16,AGO_Report_AUGUST_SEPTEMBER_2025.zip,DIESEL_SEPTEMBER_2025.xlsx,Sheet1,32,2,B32
2025-09-01,2024-09-01,ZONE,South East,SOUTH EAST,,South East,TRUE,1337.951860669187,NGN per litre,2024-09-14,FALSE,,16,AGO_Report_AUGUST_SEPTEMBER_2025.zip,DIESEL_SEPTEMBER_2025.xlsx,Sheet1,40,2,B40
2025-09-01,2024-09-01,ZONE,South South,SOUTH SOUTH,,South South,TRUE,1474.2000360750362,NGN per litre,2024-09-14,FALSE,,16,AGO_Report_AUGUST_SEPTEMBER_2025.zip,DIESEL_SEPTEMBER_2025.xlsx,Sheet1,46,2,B46
2025-09-01,2024-09-01,ZONE,South West,SOUTH WEST,,South West,TRUE,1333.0574708515885,NGN per litre,2024-09-14,FALSE,,16,AGO_Report_AUGUST_SEPTEMBER_2025.zip,DIESEL_SEPTEMBER_2025.xlsx,Sheet1,53,2,B53
2025-09-01,2024-09-01,NATIONAL,Nigeria,NATIONAL,,,TRUE,1418.8311287186523,NGN per litre,2024-09-14,FALSE,,16,AGO_Report_AUGUST_SEPTEMBER_2025.zip,DIESEL_SEPTEMBER_2025.xlsx,Sheet1,60,2,B60
2025-09-01,2025-08-01,STATE,Abia,Abia,Abia,South East,FALSE,1606,NGN per litre,2025-08-14,FALSE,,16,AGO_Report_AUGUST_SEPTEMBER_2025.zip,DIESEL_SEPTEMBER_2025.xlsx,Sheet1,41,3,C41
2025-09-01,2025-08-01,STATE,Abuja,Abuja,Abuja,North Central,FALSE,1510.93833333333,NGN per litre,2025-08-14,FALSE,,16,AGO_Report_AUGUST_SEPTEMBER_2025.zip,DIESEL_SEPTEMBER_2025.xlsx,Sheet1,18,3,C18
2025-09-01,2025-08-01,STATE,Adamawa,Adamawa,Adamawa,North East,FALSE,1765.44172707889,NGN per litre,2025-08-14,FALSE,,16,AGO_Report_AUGUST_SEPTEMBER_2025.zip,DIESEL_SEPTEMBER_2025.xlsx,Sheet1,26,3,C26
2025-09-01,2025-08-01,STATE,Akwa Ibom,Akwa Ibom,Akwa Ibom,South South,FALSE,1608.985,NGN per litre,2025-08-14,FALSE,,16,AGO_Report_AUGUST_SEPTEMBER_2025.zip,DIESEL_SEPTEMBER_2025.xlsx,Sheet1,47,3,C47
2025-09-01,2025-08-01,STATE,Anambra,Anambra,Anambra,South East,FALSE,1301.13636363636,NGN per litre,2025-08-14,FALSE,,16,AGO_Report_AUGUST_SEPTEMBER_2025.zip,DIESEL_SEPTEMBER_2025.xlsx,Sheet1,42,3,C42
2025-09-01,2025-08-01,STATE,Bauchi,Bauchi,Bauchi,North East,FALSE,1616.9,NGN per litre,2025-08-14,FALSE,,16,AGO_Report_AUGUST_SEPTEMBER_2025.zip,DIESEL_SEPTEMBER_2025.xlsx,Sheet1,27,3,C27
2025-09-01,2025-08-01,STATE,Bayelsa,Bayelsa,Bayelsa,South South,FALSE,1611.8575,NGN per litre,2025-08-14,FALSE,,16,AGO_Report_AUGUST_SEPTEMBER_2025.zip,DIESEL_SEPTEMBER_2025.xlsx,Sheet1,48,3,C48
2025-09-01,2025-08-01,STATE,Benue,Benue,Benue,North Central,FALSE,1724.17989417989,NGN per litre,2025-08-14,FALSE,,16,AGO_Report_AUGUST_SEPTEMBER_2025.zip,DIESEL_SEPTEMBER_2025.xlsx,Sheet1,19,3,C19
2025-09-01,2025-08-01,STATE,Borno,Borno,Borno,North East,FALSE,1350,NGN per litre,2025-08-14,FALSE,,16,AGO_Report_AUGUST_SEPTEMBER_2025.zip,DIESEL_SEPTEMBER_2025.xlsx,Sheet1,28,3,C28
2025-09-01,2025-08-01,STATE,Cross River,Cross River,Cross River,South South,FALSE,1664.80718954248,NGN per litre,2025-08-14,FALSE,,16,AGO_Report_AUGUST_SEPTEMBER_2025.zip,DIESEL_SEPTEMBER_2025.xlsx,Sheet1,49,3,C49
2025-09-01,2025-08-01,STATE,Delta,Delta,Delta,South South,FALSE,1610.71898601399,NGN per litre,2025-08-14,FALSE,,16,AGO_Report_AUGUST_SEPTEMBER_2025.zip,DIESEL_SEPTEMBER_2025.xlsx,Sheet1,50,3,C50
2025-09-01,2025-08-01,STATE,Ebonyi,Ebonyi,Ebonyi,South East,FALSE,1524.29142857143,NGN per litre,2025-08-14,FALSE,,16,AGO_Report_AUGUST_SEPTEMBER_2025.zip,DIESEL_SEPTEMBER_2025.xlsx,Sheet1,43,3,C43
2025-09-01,2025-08-01,STATE,Edo,Edo,Edo,South South,FALSE,1777,NGN per litre,2025-08-14,FALSE,,16,AGO_Report_AUGUST_SEPTEMBER_2025.zip,DIESEL_SEPTEMBER_2025.xlsx,Sheet1,51,3,C51
2025-09-01,2025-08-01,STATE,Ekiti,Ekiti,Ekiti,South West,FALSE,1434.01833333333,NGN per litre,2025-08-14,FALSE,,16,AGO_Report_AUGUST_SEPTEMBER_2025.zip,DIESEL_SEPTEMBER_2025.xlsx,Sheet1,54,3,C54
2025-09-01,2025-08-01,STATE,Enugu,Enugu,Enugu,South East,FALSE,1612.5,NGN per litre,2025-08-14,FALSE,,16,AGO_Report_AUGUST_SEPTEMBER_2025.zip,DIESEL_SEPTEMBER_2025.xlsx,Sheet1,44,3,C44
2025-09-01,2025-08-01,STATE,Gombe,Gombe,Gombe,North East,FALSE,1270.83333333333,NGN per litre,2025-08-14,FALSE,,16,AGO_Report_AUGUST_SEPTEMBER_2025.zip,DIESEL_SEPTEMBER_2025.xlsx,Sheet1,29,3,C29
2025-09-01,2025-08-01,STATE,Imo,Imo,Imo,South East,FALSE,1655.96638655462,NGN per litre,2025-08-14,FALSE,,16,AGO_Report_AUGUST_SEPTEMBER_2025.zip,DIESEL_SEPTEMBER_2025.xlsx,Sheet1,45,3,C45
2025-09-01,2025-08-01,STATE,Jigawa,Jigawa,Jigawa,North West,FALSE,1496.00833333333,NGN per litre,2025-08-14,FALSE,,16,AGO_Report_AUGUST_SEPTEMBER_2025.zip,DIESEL_SEPTEMBER_2025.xlsx,Sheet1,33,3,C33
2025-09-01,2025-08-01,STATE,Kaduna,Kaduna,Kaduna,North West,FALSE,1804.93333333333,NGN per litre,2025-08-14,FALSE,,16,AGO_Report_AUGUST_SEPTEMBER_2025.zip,DIESEL_SEPTEMBER_2025.xlsx,Sheet1,34,3,C34
2025-09-01,2025-08-01,STATE,Kano,Kano,Kano,North West,FALSE,1789.59,NGN per litre,2025-08-14,FALSE,,16,AGO_Report_AUGUST_SEPTEMBER_2025.zip,DIESEL_SEPTEMBER_2025.xlsx,Sheet1,35,3,C35
2025-09-01,2025-08-01,STATE,Katsina,Katsina,Katsina,North West,FALSE,1650.83851851852,NGN per litre,2025-08-14,FALSE,,16,AGO_Report_AUGUST_SEPTEMBER_2025.zip,DIESEL_SEPTEMBER_2025.xlsx,Sheet1,36,3,C36
2025-09-01,2025-08-01,STATE,Kebbi,Kebbi,Kebbi,North West,FALSE,1418.302,NGN per litre,2025-08-14,FALSE,,16,AGO_Report_AUGUST_SEPTEMBER_2025.zip,DIESEL_SEPTEMBER_2025.xlsx,Sheet1,37,3,C37
2025-09-01,2025-08-01,STATE,Kogi,Kogi,Kogi,North Central,FALSE,1339.51,NGN per litre,2025-08-14,FALSE,,16,AGO_Report_AUGUST_SEPTEMBER_2025.zip,DIESEL_SEPTEMBER_2025.xlsx,Sheet1,20,3,C20
2025-09-01,2025-08-01,STATE,Kwara,Kwara,Kwara,North Central,FALSE,1554.70666666667,NGN per litre,2025-08-14,FALSE,,16,AGO_Report_AUGUST_SEPTEMBER_2025.zip,DIESEL_SEPTEMBER_2025.xlsx,Sheet1,21,3,C21
2025-09-01,2025-08-01,STATE,Lagos,Lagos,Lagos,South West,FALSE,1515.6,NGN per litre,2025-08-14,FALSE,,16,AGO_Report_AUGUST_SEPTEMBER_2025.zip,DIESEL_SEPTEMBER_2025.xlsx,Sheet1,55,3,C55
2025-09-01,2025-08-01,STATE,Nasarawa,Nassarawa,Nasarawa,North Central,FALSE,1708.027100271,NGN per litre,2025-08-14,FALSE,,16,AGO_Report_AUGUST_SEPTEMBER_2025.zip,DIESEL_SEPTEMBER_2025.xlsx,Sheet1,22,3,C22
2025-09-01,2025-08-01,STATE,Niger,Niger,Niger,North Central,FALSE,1512.62476190477,NGN per litre,2025-08-14,FALSE,,16,AGO_Report_AUGUST_SEPTEMBER_2025.zip,DIESEL_SEPTEMBER_2025.xlsx,Sheet1,23,3,C23
2025-09-01,2025-08-01,STATE,Ogun,Ogun,Ogun,South West,FALSE,1468.66742857143,NGN per litre,2025-08-14,FALSE,,16,AGO_Report_AUGUST_SEPTEMBER_2025.zip,DIESEL_SEPTEMBER_2025.xlsx,Sheet1,56,3,C56
2025-09-01,2025-08-01,STATE,Ondo,Ondo,Ondo,South West,FALSE,1282,NGN per litre,2025-08-14,FALSE,,16,AGO_Report_AUGUST_SEPTEMBER_2025.zip,DIESEL_SEPTEMBER_2025.xlsx,Sheet1,57,3,C57
2025-09-01,2025-08-01,STATE,Osun,Osun,Osun,South West,FALSE,1523.84285714286,NGN per litre,2025-08-14,FALSE,,16,AGO_Report_AUGUST_SEPTEMBER_2025.zip,DIESEL_SEPTEMBER_2025.xlsx,Sheet1,58,3,C58
2025-09-01,2025-08-01,STATE,Oyo,Oyo,Oyo,South West,FALSE,1345.24028571429,NGN per litre,2025-08-14,FALSE,,16,AGO_Report_AUGUST_SEPTEMBER_2025.zip,DIESEL_SEPTEMBER_2025.xlsx,Sheet1,59,3,C59
2025-09-01,2025-08-01,STATE,Plateau,Plateau,Plateau,North Central,FALSE,1831.83,NGN per litre,2025-08-14,FALSE,,16,AGO_Report_AUGUST_SEPTEMBER_2025.zip,DIESEL_SEPTEMBER_2025.xlsx,Sheet1,24,3,C24
2025-09-01,2025-08-01,STATE,Rivers,Rivers,Rivers,South South,FALSE,1721.375,NGN per litre,2025-08-14,FALSE,,16,AGO_Report_AUGUST_SEPTEMBER_2025.zip,DIESEL_SEPTEMBER_2025.xlsx,Sheet1,52,3,C52
2025-09-01,2025-08-01,STATE,Sokoto,Sokoto,Sokoto,North West,FALSE,1443.5,NGN per litre,2025-08-14,FALSE,,16,AGO_Report_AUGUST_SEPTEMBER_2025.zip,DIESEL_SEPTEMBER_2025.xlsx,Sheet1,38,3,C38
2025-09-01,2025-08-01,STATE,Taraba,Taraba,Taraba,North East,FALSE,1606.4,NGN per litre,2025-08-14,FALSE,,16,AGO_Report_AUGUST_SEPTEMBER_2025.zip,DIESEL_SEPTEMBER_2025.xlsx,Sheet1,30,3,C30
2025-09-01,2025-08-01,STATE,Yobe,Yobe,Yobe,North East,FALSE,1510.68235294118,NGN per litre,2025-08-14,FALSE,,16,AGO_Report_AUGUST_SEPTEMBER_2025.zip,DIESEL_SEPTEMBER_2025.xlsx,Sheet1,31,3,C31
2025-09-01,2025-08-01,STATE,Zamfara,Zamfara,Zamfara,North West,FALSE,1250.34714285714,NGN per litre,2025-08-14,FALSE,,16,AGO_Report_AUGUST_SEPTEMBER_2025.zip,DIESEL_SEPTEMBER_2025.xlsx,Sheet1,39,3,C39
2025-09-01,2025-08-01,ZONE,North Central,NORTH CENTRAL,,North Central,TRUE,1597.4023937650943,NGN per litre,2025-08-14,FALSE,,16,AGO_Report_AUGUST_SEPTEMBER_2025.zip,DIESEL_SEPTEMBER_2025.xlsx,Sheet1,17,3,C17
2025-09-01,2025-08-01,ZONE,North East,NORTH EAST,,North East,TRUE,1520.0429022255666,NGN per litre,2025-08-14,FALSE,,16,AGO_Report_AUGUST_SEPTEMBER_2025.zip,DIESEL_SEPTEMBER_2025.xlsx,Sheet1,25,3,C25
2025-09-01,2025-08-01,ZONE,North West,NORTH WEST,,North West,TRUE,1550.5027611489027,NGN per litre,2025-08-14,FALSE,,16,AGO_Report_AUGUST_SEPTEMBER_2025.zip,DIESEL_SEPTEMBER_2025.xlsx,Sheet1,32,3,C32
2025-09-01,2025-08-01,ZONE,South East,SOUTH EAST,,South East,TRUE,1539.9788357524822,NGN per litre,2025-08-14,FALSE,,16,AGO_Report_AUGUST_SEPTEMBER_2025.zip,DIESEL_SEPTEMBER_2025.xlsx,Sheet1,40,3,C40
2025-09-01,2025-08-01,ZONE,South South,SOUTH SOUTH,,South South,TRUE,1665.790612592745,NGN per litre,2025-08-14,FALSE,,16,AGO_Report_AUGUST_SEPTEMBER_2025.zip,DIESEL_SEPTEMBER_2025.xlsx,Sheet1,46,3,C46
2025-09-01,2025-08-01,ZONE,South West,SOUTH WEST,,South West,TRUE,1428.2281507936516,NGN per litre,2025-08-14,FALSE,,16,AGO_Report_AUGUST_SEPTEMBER_2025.zip,DIESEL_SEPTEMBER_2025.xlsx,Sheet1,53,3,C53
2025-09-01,2025-08-01,NATIONAL,Nigeria,NATIONAL,,,TRUE,1551.8810880224912,NGN per litre,2025-08-14,FALSE,,16,AGO_Report_AUGUST_SEPTEMBER_2025.zip,DIESEL_SEPTEMBER_2025.xlsx,Sheet1,60,3,C60
2025-09-01,2025-09-01,STATE,Abia,Abia,Abia,South East,FALSE,1311,NGN per litre,2025-09-14,TRUE,,16,AGO_Report_AUGUST_SEPTEMBER_2025.zip,DIESEL_SEPTEMBER_2025.xlsx,Sheet1,41,4,D41
2025-09-01,2025-09-01,STATE,Abuja,Abuja,Abuja,North Central,FALSE,1283.81808333333,NGN per litre,2025-09-14,TRUE,,16,AGO_Report_AUGUST_SEPTEMBER_2025.zip,DIESEL_SEPTEMBER_2025.xlsx,Sheet1,18,4,D18
2025-09-01,2025-09-01,STATE,Adamawa,Adamawa,Adamawa,North East,FALSE,1517.93106929638,NGN per litre,2025-09-14,TRUE,,16,AGO_Report_AUGUST_SEPTEMBER_2025.zip,DIESEL_SEPTEMBER_2025.xlsx,Sheet1,26,4,D26
2025-09-01,2025-09-01,STATE,Akwa Ibom,Akwa Ibom,Akwa Ibom,South South,FALSE,1277.3816666666667,NGN per litre,2025-09-14,TRUE,,16,AGO_Report_AUGUST_SEPTEMBER_2025.zip,DIESEL_SEPTEMBER_2025.xlsx,Sheet1,47,4,D47
2025-09-01,2025-09-01,STATE,Anambra,Anambra,Anambra,South East,FALSE,1257.3295454545455,NGN per litre,2025-09-14,TRUE,,16,AGO_Report_AUGUST_SEPTEMBER_2025.zip,DIESEL_SEPTEMBER_2025.xlsx,Sheet1,42,4,D42
2025-09-01,2025-09-01,STATE,Bauchi,Bauchi,Bauchi,North East,FALSE,1277.355,NGN per litre,2025-09-14,TRUE,,16,AGO_Report_AUGUST_SEPTEMBER_2025.zip,DIESEL_SEPTEMBER_2025.xlsx,Sheet1,27,4,D27
2025-09-01,2025-09-01,STATE,Bayelsa,Bayelsa,Bayelsa,South South,FALSE,1231.9825,NGN per litre,2025-09-14,TRUE,,16,AGO_Report_AUGUST_SEPTEMBER_2025.zip,DIESEL_SEPTEMBER_2025.xlsx,Sheet1,48,4,D48
2025-09-01,2025-09-01,STATE,Benue,Benue,Benue,North Central,FALSE,1227.857142857143,NGN per litre,2025-09-14,TRUE,,16,AGO_Report_AUGUST_SEPTEMBER_2025.zip,DIESEL_SEPTEMBER_2025.xlsx,Sheet1,19,4,D19
2025-09-01,2025-09-01,STATE,Borno,Borno,Borno,North East,FALSE,1500,NGN per litre,2025-09-14,TRUE,,16,AGO_Report_AUGUST_SEPTEMBER_2025.zip,DIESEL_SEPTEMBER_2025.xlsx,Sheet1,28,4,D28
2025-09-01,2025-09-01,STATE,Cross River,Cross River,Cross River,South South,FALSE,1350.2067973856208,NGN per litre,2025-09-14,TRUE,,16,AGO_Report_AUGUST_SEPTEMBER_2025.zip,DIESEL_SEPTEMBER_2025.xlsx,Sheet1,49,4,D49
2025-09-01,2025-09-01,STATE,Delta,Delta,Delta,South South,FALSE,1193.8239458041958,NGN per litre,2025-09-14,TRUE,,16,AGO_Report_AUGUST_SEPTEMBER_2025.zip,DIESEL_SEPTEMBER_2025.xlsx,Sheet1,50,4,D50
2025-09-01,2025-09-01,STATE,Ebonyi,Ebonyi,Ebonyi,South East,FALSE,1265.932857142857,NGN per litre,2025-09-14,TRUE,,16,AGO_Report_AUGUST_SEPTEMBER_2025.zip,DIESEL_SEPTEMBER_2025.xlsx,Sheet1,43,4,D43
2025-09-01,2025-09-01,STATE,Edo,Edo,Edo,South South,FALSE,1330.625,NGN per litre,2025-09-14,TRUE,,16,AGO_Report_AUGUST_SEPTEMBER_2025.zip,DIESEL_SEPTEMBER_2025.xlsx,Sheet1,51,4,D51
2025-09-01,2025-09-01,STATE,Ekiti,Ekiti,Ekiti,South West,FALSE,1145.3966666666668,NGN per litre,2025-09-14,TRUE,,16,AGO_Report_AUGUST_SEPTEMBER_2025.zip,DIESEL_SEPTEMBER_2025.xlsx,Sheet1,54,4,D54
2025-09-01,2025-09-01,STATE,Enugu,Enugu,Enugu,South East,FALSE,1299.9,NGN per litre,2025-09-14,TRUE,,16,AGO_Report_AUGUST_SEPTEMBER_2025.zip,DIESEL_SEPTEMBER_2025.xlsx,Sheet1,44,4,D44
2025-09-01,2025-09-01,STATE,Gombe,Gombe,Gombe,North East,FALSE,1332.134,NGN per litre,2025-09-14,TRUE,,16,AGO_Report_AUGUST_SEPTEMBER_2025.zip,DIESEL_SEPTEMBER_2025.xlsx,Sheet1,29,4,D29
2025-09-01,2025-09-01,STATE,Imo,Imo,Imo,South East,FALSE,1242.8823529411764,NGN per litre,2025-09-14,TRUE,,16,AGO_Report_AUGUST_SEPTEMBER_2025.zip,DIESEL_SEPTEMBER_2025.xlsx,Sheet1,45,4,D45
2025-09-01,2025-09-01,STATE,Jigawa,Jigawa,Jigawa,North West,FALSE,1177.856375,NGN per litre,2025-09-14,TRUE,,16,AGO_Report_AUGUST_SEPTEMBER_2025.zip,DIESEL_SEPTEMBER_2025.xlsx,Sheet1,33,4,D33
2025-09-01,2025-09-01,STATE,Kaduna,Kaduna,Kaduna,North West,FALSE,1294.6866666666667,NGN per litre,2025-09-14,TRUE,,16,AGO_Report_AUGUST_SEPTEMBER_2025.zip,DIESEL_SEPTEMBER_2025.xlsx,Sheet1,34,4,D34
2025-09-01,2025-09-01,STATE,Kano,Kano,Kano,North West,FALSE,1279.4305,NGN per litre,2025-09-14,TRUE,,16,AGO_Report_AUGUST_SEPTEMBER_2025.zip,DIESEL_SEPTEMBER_2025.xlsx,Sheet1,35,4,D35
2025-09-01,2025-09-01,STATE,Katsina,Katsina,Katsina,North West,FALSE,1184.5806666666667,NGN per litre,2025-09-14,TRUE,,16,AGO_Report_AUGUST_SEPTEMBER_2025.zip,DIESEL_SEPTEMBER_2025.xlsx,Sheet1,36,4,D36
2025-09-01,2025-09-01,STATE,Kebbi,Kebbi,Kebbi,North West,FALSE,1234.8869,NGN per litre,2025-09-14,TRUE,,16,AGO_Report_AUGUST_SEPTEMBER_2025.zip,DIESEL_SEPTEMBER_2025.xlsx,Sheet1,37,4,D37
2025-09-01,2025-09-01,STATE,Kogi,Kogi,Kogi,North Central,FALSE,1177.5345,NGN per litre,2025-09-14,TRUE,,16,AGO_Report_AUGUST_SEPTEMBER_2025.zip,DIESEL_SEPTEMBER_2025.xlsx,Sheet1,20,4,D20
2025-09-01,2025-09-01,STATE,Kwara,Kwara,Kwara,North Central,FALSE,1175.3381666666667,NGN per litre,2025-09-14,TRUE,,16,AGO_Report_AUGUST_SEPTEMBER_2025.zip,DIESEL_SEPTEMBER_2025.xlsx,Sheet1,21,4,D21
2025-09-01,2025-09-01,STATE,Lagos,Lagos,Lagos,South West,FALSE,1168.1100000000001,NGN per litre,2025-09-14,TRUE,,16,AGO_Report_AUGUST_SEPTEMBER_2025.zip,DIESEL_SEPTEMBER_2025.xlsx,Sheet1,55,4,D55
2025-09-01,2025-09-01,STATE,Nasarawa,Nassarawa,Nasarawa,North Central,FALSE,1519.6776422764233,NGN per litre,2025-09-14,TRUE,,16,AGO_Report_AUGUST_SEPTEMBER_2025.zip,DIESEL_SEPTEMBER_2025.xlsx,Sheet1,22,4,D22
2025-09-01,2025-09-01,STATE,Niger,Niger,Niger,North Central,FALSE,1386.5595238095295,NGN per litre,2025-09-14,TRUE,,16,AGO_Report_AUGUST_SEPTEMBER_2025.zip,DIESEL_SEPTEMBER_2025.xlsx,Sheet1,23,4,D23
2025-09-01,2025-09-01,STATE,Ogun,Ogun,Ogun,South West,FALSE,1180.7740571428571,NGN per litre,2025-09-14,TRUE,,16,AGO_Report_AUGUST_SEPTEMBER_2025.zip,DIESEL_SEPTEMBER_2025.xlsx,Sheet1,56,4,D56
2025-09-01,2025-09-01,STATE,Ondo,Ondo,Ondo,South West,FALSE,1150.76,NGN per litre,2025-09-14,TRUE,,16,AGO_Report_AUGUST_SEPTEMBER_2025.zip,DIESEL_SEPTEMBER_2025.xlsx,Sheet1,57,4,D57
2025-09-01,2025-09-01,STATE,Osun,Osun,Osun,South West,FALSE,1245.3007142857143,NGN per litre,2025-09-14,TRUE,,16,AGO_Report_AUGUST_SEPTEMBER_2025.zip,DIESEL_SEPTEMBER_2025.xlsx,Sheet1,58,4,D58
2025-09-01,2025-09-01,STATE,Oyo,Oyo,Oyo,South West,FALSE,1202.0497,NGN per litre,2025-09-14,TRUE,,16,AGO_Report_AUGUST_SEPTEMBER_2025.zip,DIESEL_SEPTEMBER_2025.xlsx,Sheet1,59,4,D59
2025-09-01,2025-09-01,STATE,Plateau,Plateau,Plateau,North Central,FALSE,1312.5525,NGN per litre,2025-09-14,TRUE,,16,AGO_Report_AUGUST_SEPTEMBER_2025.zip,DIESEL_SEPTEMBER_2025.xlsx,Sheet1,24,4,D24
2025-09-01,2025-09-01,STATE,Rivers,Rivers,Rivers,South South,FALSE,1220.44375,NGN per litre,2025-09-14,TRUE,,16,AGO_Report_AUGUST_SEPTEMBER_2025.zip,DIESEL_SEPTEMBER_2025.xlsx,Sheet1,52,4,D52
2025-09-01,2025-09-01,STATE,Sokoto,Sokoto,Sokoto,North West,FALSE,1266.325,NGN per litre,2025-09-14,TRUE,,16,AGO_Report_AUGUST_SEPTEMBER_2025.zip,DIESEL_SEPTEMBER_2025.xlsx,Sheet1,38,4,D38
2025-09-01,2025-09-01,STATE,Taraba,Taraba,Taraba,North East,FALSE,1348.1979999999999,NGN per litre,2025-09-14,TRUE,,16,AGO_Report_AUGUST_SEPTEMBER_2025.zip,DIESEL_SEPTEMBER_2025.xlsx,Sheet1,30,4,D30
2025-09-01,2025-09-01,STATE,Yobe,Yobe,Yobe,North East,FALSE,1365.6482352941177,NGN per litre,2025-09-14,TRUE,,16,AGO_Report_AUGUST_SEPTEMBER_2025.zip,DIESEL_SEPTEMBER_2025.xlsx,Sheet1,31,4,D31
2025-09-01,2025-09-01,STATE,Zamfara,Zamfara,Zamfara,North West,FALSE,1342.6657142857143,NGN per litre,2025-09-14,TRUE,,16,AGO_Report_AUGUST_SEPTEMBER_2025.zip,DIESEL_SEPTEMBER_2025.xlsx,Sheet1,39,4,D39
2025-09-01,2025-09-01,ZONE,North Central,NORTH CENTRAL,,North Central,TRUE,1297.6196512775846,NGN per litre,2025-09-14,TRUE,,16,AGO_Report_AUGUST_SEPTEMBER_2025.zip,DIESEL_SEPTEMBER_2025.xlsx,Sheet1,17,4,D17
2025-09-01,2025-09-01,ZONE,North East,NORTH EAST,,North East,TRUE,1390.2110507650832,NGN per litre,2025-09-14,TRUE,,16,AGO_Report_AUGUST_SEPTEMBER_2025.zip,DIESEL_SEPTEMBER_2025.xlsx,Sheet1,25,4,D25
2025-09-01,2025-09-01,ZONE,North West,NORTH WEST,,North West,TRUE,1254.3474032312922,NGN per litre,2025-09-14,TRUE,,16,AGO_Report_AUGUST_SEPTEMBER_2025.zip,DIESEL_SEPTEMBER_2025.xlsx,Sheet1,32,4,D32
2025-09-01,2025-09-01,ZONE,South East,SOUTH EAST,,South East,TRUE,1275.408951107716,NGN per litre,2025-09-14,TRUE,,16,AGO_Report_AUGUST_SEPTEMBER_2025.zip,DIESEL_SEPTEMBER_2025.xlsx,Sheet1,40,4,D40
2025-09-01,2025-09-01,ZONE,South South,SOUTH SOUTH,,South South,TRUE,1267.4106099760804,NGN per litre,2025-09-14,TRUE,,16,AGO_Report_AUGUST_SEPTEMBER_2025.zip,DIESEL_SEPTEMBER_2025.xlsx,Sheet1,46,4,D46
2025-09-01,2025-09-01,ZONE,South West,SOUTH WEST,,South West,TRUE,1182.0651896825395,NGN per litre,2025-09-14,TRUE,,16,AGO_Report_AUGUST_SEPTEMBER_2025.zip,DIESEL_SEPTEMBER_2025.xlsx,Sheet1,53,4,D53
2025-09-01,2025-09-01,NATIONAL,Nigeria,NATIONAL,,,TRUE,1277.8090605308903,NGN per litre,2025-09-14,TRUE,,16,AGO_Report_AUGUST_SEPTEMBER_2025.zip,DIESEL_SEPTEMBER_2025.xlsx,Sheet1,60,4,D60
2025-10-01,2024-10-01,STATE,Abia,Abia,Abia,South East,FALSE,1363.2333333333333,NGN per litre,2024-10-14,FALSE,,16,AGO_Report_OCTOBER_2025.zip,AGO_OCT_2025.xlsx,DIESEL OCTOBER 2025,41,2,B41
2025-10-01,2024-10-01,STATE,Abuja,Abuja,Abuja,North Central,FALSE,1421.1,NGN per litre,2024-10-14,FALSE,,16,AGO_Report_OCTOBER_2025.zip,AGO_OCT_2025.xlsx,DIESEL OCTOBER 2025,18,2,B18
2025-10-01,2024-10-01,STATE,Adamawa,Adamawa,Adamawa,North East,FALSE,1552.5,NGN per litre,2024-10-14,FALSE,,16,AGO_Report_OCTOBER_2025.zip,AGO_OCT_2025.xlsx,DIESEL OCTOBER 2025,26,2,B26
2025-10-01,2024-10-01,STATE,Akwa Ibom,Akwa Ibom,Akwa Ibom,South South,FALSE,1562.857142857143,NGN per litre,2024-10-14,FALSE,,16,AGO_Report_OCTOBER_2025.zip,AGO_OCT_2025.xlsx,DIESEL OCTOBER 2025,47,2,B47
2025-10-01,2024-10-01,STATE,Anambra,Anambra,Anambra,South East,FALSE,1318.285140991211,NGN per litre,2024-10-14,FALSE,,16,AGO_Report_OCTOBER_2025.zip,AGO_OCT_2025.xlsx,DIESEL OCTOBER 2025,42,2,B42
2025-10-01,2024-10-01,STATE,Bauchi,Bauchi,Bauchi,North East,FALSE,2031,NGN per litre,2024-10-14,FALSE,,16,AGO_Report_OCTOBER_2025.zip,AGO_OCT_2025.xlsx,DIESEL OCTOBER 2025,27,2,B27
2025-10-01,2024-10-01,STATE,Bayelsa,Bayelsa,Bayelsa,South South,FALSE,1527.7777777777778,NGN per litre,2024-10-14,FALSE,,16,AGO_Report_OCTOBER_2025.zip,AGO_OCT_2025.xlsx,DIESEL OCTOBER 2025,48,2,B48
2025-10-01,2024-10-01,STATE,Benue,Benue,Benue,North Central,FALSE,1792,NGN per litre,2024-10-14,FALSE,,16,AGO_Report_OCTOBER_2025.zip,AGO_OCT_2025.xlsx,DIESEL OCTOBER 2025,19,2,B19
2025-10-01,2024-10-01,STATE,Borno,Borno,Borno,North East,FALSE,1743,NGN per litre,2024-10-14,FALSE,,16,AGO_Report_OCTOBER_2025.zip,AGO_OCT_2025.xlsx,DIESEL OCTOBER 2025,28,2,B28
2025-10-01,2024-10-01,STATE,Cross River,Cross River,Cross River,South South,FALSE,1515.6666666666667,NGN per litre,2024-10-14,FALSE,,16,AGO_Report_OCTOBER_2025.zip,AGO_OCT_2025.xlsx,DIESEL OCTOBER 2025,49,2,B49
2025-10-01,2024-10-01,STATE,Delta,Delta,Delta,South South,FALSE,1487.5,NGN per litre,2024-10-14,FALSE,,16,AGO_Report_OCTOBER_2025.zip,AGO_OCT_2025.xlsx,DIESEL OCTOBER 2025,50,2,B50
2025-10-01,2024-10-01,STATE,Ebonyi,Ebonyi,Ebonyi,South East,FALSE,1308.3333333333333,NGN per litre,2024-10-14,FALSE,,16,AGO_Report_OCTOBER_2025.zip,AGO_OCT_2025.xlsx,DIESEL OCTOBER 2025,43,2,B43
2025-10-01,2024-10-01,STATE,Edo,Edo,Edo,South South,FALSE,1281.25,NGN per litre,2024-10-14,FALSE,,16,AGO_Report_OCTOBER_2025.zip,AGO_OCT_2025.xlsx,DIESEL OCTOBER 2025,51,2,B51
2025-10-01,2024-10-01,STATE,Ekiti,Ekiti,Ekiti,South West,FALSE,1278.6470588235295,NGN per litre,2024-10-14,FALSE,,16,AGO_Report_OCTOBER_2025.zip,AGO_OCT_2025.xlsx,DIESEL OCTOBER 2025,54,2,B54
2025-10-01,2024-10-01,STATE,Enugu,Enugu,Enugu,South East,FALSE,1341.4375,NGN per litre,2024-10-14,FALSE,,16,AGO_Report_OCTOBER_2025.zip,AGO_OCT_2025.xlsx,DIESEL OCTOBER 2025,44,2,B44
2025-10-01,2024-10-01,STATE,Gombe,Gombe,Gombe,North East,FALSE,1566.550048828125,NGN per litre,2024-10-14,FALSE,,16,AGO_Report_OCTOBER_2025.zip,AGO_OCT_2025.xlsx,DIESEL OCTOBER 2025,29,2,B29
2025-10-01,2024-10-01,STATE,Imo,Imo,Imo,South East,FALSE,1345.1136363636363,NGN per litre,2024-10-14,FALSE,,16,AGO_Report_OCTOBER_2025.zip,AGO_OCT_2025.xlsx,DIESEL OCTOBER 2025,45,2,B45
2025-10-01,2024-10-01,STATE,Jigawa,Jigawa,Jigawa,North West,FALSE,1293.388888888889,NGN per litre,2024-10-14,FALSE,,16,AGO_Report_OCTOBER_2025.zip,AGO_OCT_2025.xlsx,DIESEL OCTOBER 2025,33,2,B33
2025-10-01,2024-10-01,STATE,Kaduna,Kaduna,Kaduna,North West,FALSE,1244.5,NGN per litre,2024-10-14,FALSE,,16,AGO_Report_OCTOBER_2025.zip,AGO_OCT_2025.xlsx,DIESEL OCTOBER 2025,34,2,B34
2025-10-01,2024-10-01,STATE,Kano,Kano,Kano,North West,FALSE,1404.2857142857142,NGN per litre,2024-10-14,FALSE,,16,AGO_Report_OCTOBER_2025.zip,AGO_OCT_2025.xlsx,DIESEL OCTOBER 2025,35,2,B35
2025-10-01,2024-10-01,STATE,Katsina,Katsina,Katsina,North West,FALSE,1300,NGN per litre,2024-10-14,FALSE,,16,AGO_Report_OCTOBER_2025.zip,AGO_OCT_2025.xlsx,DIESEL OCTOBER 2025,36,2,B36
2025-10-01,2024-10-01,STATE,Kebbi,Kebbi,Kebbi,North West,FALSE,1368,NGN per litre,2024-10-14,FALSE,,16,AGO_Report_OCTOBER_2025.zip,AGO_OCT_2025.xlsx,DIESEL OCTOBER 2025,37,2,B37
2025-10-01,2024-10-01,STATE,Kogi,Kogi,Kogi,North Central,FALSE,1314.9903971354167,NGN per litre,2024-10-14,FALSE,,16,AGO_Report_OCTOBER_2025.zip,AGO_OCT_2025.xlsx,DIESEL OCTOBER 2025,20,2,B20
2025-10-01,2024-10-01,STATE,Kwara,Kwara,Kwara,North Central,FALSE,1444.1666666666667,NGN per litre,2024-10-14,FALSE,,16,AGO_Report_OCTOBER_2025.zip,AGO_OCT_2025.xlsx,DIESEL OCTOBER 2025,21,2,B21
2025-10-01,2024-10-01,STATE,Lagos,Lagos,Lagos,South West,FALSE,1281.8333333333333,NGN per litre,2024-10-14,FALSE,,16,AGO_Report_OCTOBER_2025.zip,AGO_OCT_2025.xlsx,DIESEL OCTOBER 2025,55,2,B55
2025-10-01,2024-10-01,STATE,Nasarawa,Nassarawa,Nasarawa,North Central,FALSE,1425.8,NGN per litre,2024-10-14,FALSE,,16,AGO_Report_OCTOBER_2025.zip,AGO_OCT_2025.xlsx,DIESEL OCTOBER 2025,22,2,B22
2025-10-01,2024-10-01,STATE,Niger,Niger,Niger,North Central,FALSE,1366.539990234375,NGN per litre,2024-10-14,FALSE,,16,AGO_Report_OCTOBER_2025.zip,AGO_OCT_2025.xlsx,DIESEL OCTOBER 2025,23,2,B23
2025-10-01,2024-10-01,STATE,Ogun,Ogun,Ogun,South West,FALSE,1200.7142857142858,NGN per litre,2024-10-14,FALSE,,16,AGO_Report_OCTOBER_2025.zip,AGO_OCT_2025.xlsx,DIESEL OCTOBER 2025,56,2,B56
2025-10-01,2024-10-01,STATE,Ondo,Ondo,Ondo,South West,FALSE,1400,NGN per litre,2024-10-14,FALSE,,16,AGO_Report_OCTOBER_2025.zip,AGO_OCT_2025.xlsx,DIESEL OCTOBER 2025,57,2,B57
2025-10-01,2024-10-01,STATE,Osun,Osun,Osun,South West,FALSE,1425,NGN per litre,2024-10-14,FALSE,,16,AGO_Report_OCTOBER_2025.zip,AGO_OCT_2025.xlsx,DIESEL OCTOBER 2025,58,2,B58
2025-10-01,2024-10-01,STATE,Oyo,Oyo,Oyo,South West,FALSE,1372.8125,NGN per litre,2024-10-14,FALSE,,16,AGO_Report_OCTOBER_2025.zip,AGO_OCT_2025.xlsx,DIESEL OCTOBER 2025,59,2,B59
2025-10-01,2024-10-01,STATE,Plateau,Plateau,Plateau,North Central,FALSE,1743.5714285714287,NGN per litre,2024-10-14,FALSE,,16,AGO_Report_OCTOBER_2025.zip,AGO_OCT_2025.xlsx,DIESEL OCTOBER 2025,24,2,B24
2025-10-01,2024-10-01,STATE,Rivers,Rivers,Rivers,South South,FALSE,1335,NGN per litre,2024-10-14,FALSE,,16,AGO_Report_OCTOBER_2025.zip,AGO_OCT_2025.xlsx,DIESEL OCTOBER 2025,52,2,B52
2025-10-01,2024-10-01,STATE,Sokoto,Sokoto,Sokoto,North West,FALSE,1500,NGN per litre,2024-10-14,FALSE,,16,AGO_Report_OCTOBER_2025.zip,AGO_OCT_2025.xlsx,DIESEL OCTOBER 2025,38,2,B38
2025-10-01,2024-10-01,STATE,Taraba,Taraba,Taraba,North East,FALSE,1438.8349975585938,NGN per litre,2024-10-14,FALSE,,16,AGO_Report_OCTOBER_2025.zip,AGO_OCT_2025.xlsx,DIESEL OCTOBER 2025,30,2,B30
2025-10-01,2024-10-01,STATE,Yobe,Yobe,Yobe,North East,FALSE,1571.8333604600693,NGN per litre,2024-10-14,FALSE,,16,AGO_Report_OCTOBER_2025.zip,AGO_OCT_2025.xlsx,DIESEL OCTOBER 2025,31,2,B31
2025-10-01,2024-10-01,STATE,Zamfara,Zamfara,Zamfara,North West,FALSE,1460,NGN per litre,2024-10-14,FALSE,,16,AGO_Report_OCTOBER_2025.zip,AGO_OCT_2025.xlsx,DIESEL OCTOBER 2025,39,2,B39
2025-10-01,2024-10-01,ZONE,North Central,NORTH CENTRAL,,North Central,TRUE,1501.166926086841,NGN per litre,2024-10-14,FALSE,,16,AGO_Report_OCTOBER_2025.zip,AGO_OCT_2025.xlsx,DIESEL OCTOBER 2025,17,2,B17
2025-10-01,2024-10-01,ZONE,North East,NORTH EAST,,North East,TRUE,1650.6197344744644,NGN per litre,2024-10-14,FALSE,,16,AGO_Report_OCTOBER_2025.zip,AGO_OCT_2025.xlsx,DIESEL OCTOBER 2025,25,2,B25
2025-10-01,2024-10-01,ZONE,North West,NORTH WEST,,North West,TRUE,1367.1678004535147,NGN per litre,2024-10-14,FALSE,,16,AGO_Report_OCTOBER_2025.zip,AGO_OCT_2025.xlsx,DIESEL OCTOBER 2025,32,2,B32
2025-10-01,2024-10-01,ZONE,South East,SOUTH EAST,,South East,TRUE,1335.2805888043026,NGN per litre,2024-10-14,FALSE,,16,AGO_Report_OCTOBER_2025.zip,AGO_OCT_2025.xlsx,DIESEL OCTOBER 2025,40,2,B40
2025-10-01,2024-10-01,ZONE,South South,SOUTH SOUTH,,South South,TRUE,1451.6752645502645,NGN per litre,2024-10-14,FALSE,,16,AGO_Report_OCTOBER_2025.zip,AGO_OCT_2025.xlsx,DIESEL OCTOBER 2025,46,2,B46
2025-10-01,2024-10-01,ZONE,South West,SOUTH WEST,,South West,TRUE,1326.501196311858,NGN per litre,2024-10-14,FALSE,,16,AGO_Report_OCTOBER_2025.zip,AGO_OCT_2025.xlsx,DIESEL OCTOBER 2025,53,2,B53
2025-10-01,2024-10-01,NATIONAL,Nigeria,NATIONAL,,,TRUE,1441.2844108600957,NGN per litre,2024-10-14,FALSE,,16,AGO_Report_OCTOBER_2025.zip,AGO_OCT_2025.xlsx,DIESEL OCTOBER 2025,60,2,B60
2025-10-01,2025-09-01,STATE,Abia,Abia,Abia,South East,FALSE,1311,NGN per litre,2025-09-14,FALSE,,16,AGO_Report_OCTOBER_2025.zip,AGO_OCT_2025.xlsx,DIESEL OCTOBER 2025,41,3,C41
2025-10-01,2025-09-01,STATE,Abuja,Abuja,Abuja,North Central,FALSE,1283.81808333333,NGN per litre,2025-09-14,FALSE,,16,AGO_Report_OCTOBER_2025.zip,AGO_OCT_2025.xlsx,DIESEL OCTOBER 2025,18,3,C18
2025-10-01,2025-09-01,STATE,Adamawa,Adamawa,Adamawa,North East,FALSE,1517.93106929638,NGN per litre,2025-09-14,FALSE,,16,AGO_Report_OCTOBER_2025.zip,AGO_OCT_2025.xlsx,DIESEL OCTOBER 2025,26,3,C26
2025-10-01,2025-09-01,STATE,Akwa Ibom,Akwa Ibom,Akwa Ibom,South South,FALSE,1277.3816666666667,NGN per litre,2025-09-14,FALSE,,16,AGO_Report_OCTOBER_2025.zip,AGO_OCT_2025.xlsx,DIESEL OCTOBER 2025,47,3,C47
2025-10-01,2025-09-01,STATE,Anambra,Anambra,Anambra,South East,FALSE,1257.3295454545455,NGN per litre,2025-09-14,FALSE,,16,AGO_Report_OCTOBER_2025.zip,AGO_OCT_2025.xlsx,DIESEL OCTOBER 2025,42,3,C42
2025-10-01,2025-09-01,STATE,Bauchi,Bauchi,Bauchi,North East,FALSE,1277.355,NGN per litre,2025-09-14,FALSE,,16,AGO_Report_OCTOBER_2025.zip,AGO_OCT_2025.xlsx,DIESEL OCTOBER 2025,27,3,C27
2025-10-01,2025-09-01,STATE,Bayelsa,Bayelsa,Bayelsa,South South,FALSE,1231.9825,NGN per litre,2025-09-14,FALSE,,16,AGO_Report_OCTOBER_2025.zip,AGO_OCT_2025.xlsx,DIESEL OCTOBER 2025,48,3,C48
2025-10-01,2025-09-01,STATE,Benue,Benue,Benue,North Central,FALSE,1227.857142857143,NGN per litre,2025-09-14,FALSE,,16,AGO_Report_OCTOBER_2025.zip,AGO_OCT_2025.xlsx,DIESEL OCTOBER 2025,19,3,C19
2025-10-01,2025-09-01,STATE,Borno,Borno,Borno,North East,FALSE,1500,NGN per litre,2025-09-14,FALSE,,16,AGO_Report_OCTOBER_2025.zip,AGO_OCT_2025.xlsx,DIESEL OCTOBER 2025,28,3,C28
2025-10-01,2025-09-01,STATE,Cross River,Cross River,Cross River,South South,FALSE,1350.2067973856208,NGN per litre,2025-09-14,FALSE,,16,AGO_Report_OCTOBER_2025.zip,AGO_OCT_2025.xlsx,DIESEL OCTOBER 2025,49,3,C49
2025-10-01,2025-09-01,STATE,Delta,Delta,Delta,South South,FALSE,1193.8239458041958,NGN per litre,2025-09-14,FALSE,,16,AGO_Report_OCTOBER_2025.zip,AGO_OCT_2025.xlsx,DIESEL OCTOBER 2025,50,3,C50
2025-10-01,2025-09-01,STATE,Ebonyi,Ebonyi,Ebonyi,South East,FALSE,1265.932857142857,NGN per litre,2025-09-14,FALSE,,16,AGO_Report_OCTOBER_2025.zip,AGO_OCT_2025.xlsx,DIESEL OCTOBER 2025,43,3,C43
2025-10-01,2025-09-01,STATE,Edo,Edo,Edo,South South,FALSE,1330.625,NGN per litre,2025-09-14,FALSE,,16,AGO_Report_OCTOBER_2025.zip,AGO_OCT_2025.xlsx,DIESEL OCTOBER 2025,51,3,C51
2025-10-01,2025-09-01,STATE,Ekiti,Ekiti,Ekiti,South West,FALSE,1145.3966666666668,NGN per litre,2025-09-14,FALSE,,16,AGO_Report_OCTOBER_2025.zip,AGO_OCT_2025.xlsx,DIESEL OCTOBER 2025,54,3,C54
2025-10-01,2025-09-01,STATE,Enugu,Enugu,Enugu,South East,FALSE,1299.9,NGN per litre,2025-09-14,FALSE,,16,AGO_Report_OCTOBER_2025.zip,AGO_OCT_2025.xlsx,DIESEL OCTOBER 2025,44,3,C44
2025-10-01,2025-09-01,STATE,Gombe,Gombe,Gombe,North East,FALSE,1332.134,NGN per litre,2025-09-14,FALSE,,16,AGO_Report_OCTOBER_2025.zip,AGO_OCT_2025.xlsx,DIESEL OCTOBER 2025,29,3,C29
2025-10-01,2025-09-01,STATE,Imo,Imo,Imo,South East,FALSE,1242.8823529411764,NGN per litre,2025-09-14,FALSE,,16,AGO_Report_OCTOBER_2025.zip,AGO_OCT_2025.xlsx,DIESEL OCTOBER 2025,45,3,C45
2025-10-01,2025-09-01,STATE,Jigawa,Jigawa,Jigawa,North West,FALSE,1177.856375,NGN per litre,2025-09-14,FALSE,,16,AGO_Report_OCTOBER_2025.zip,AGO_OCT_2025.xlsx,DIESEL OCTOBER 2025,33,3,C33
2025-10-01,2025-09-01,STATE,Kaduna,Kaduna,Kaduna,North West,FALSE,1294.6866666666667,NGN per litre,2025-09-14,FALSE,,16,AGO_Report_OCTOBER_2025.zip,AGO_OCT_2025.xlsx,DIESEL OCTOBER 2025,34,3,C34
2025-10-01,2025-09-01,STATE,Kano,Kano,Kano,North West,FALSE,1279.4305,NGN per litre,2025-09-14,FALSE,,16,AGO_Report_OCTOBER_2025.zip,AGO_OCT_2025.xlsx,DIESEL OCTOBER 2025,35,3,C35
2025-10-01,2025-09-01,STATE,Katsina,Katsina,Katsina,North West,FALSE,1184.5806666666667,NGN per litre,2025-09-14,FALSE,,16,AGO_Report_OCTOBER_2025.zip,AGO_OCT_2025.xlsx,DIESEL OCTOBER 2025,36,3,C36
2025-10-01,2025-09-01,STATE,Kebbi,Kebbi,Kebbi,North West,FALSE,1234.8869,NGN per litre,2025-09-14,FALSE,,16,AGO_Report_OCTOBER_2025.zip,AGO_OCT_2025.xlsx,DIESEL OCTOBER 2025,37,3,C37
2025-10-01,2025-09-01,STATE,Kogi,Kogi,Kogi,North Central,FALSE,1177.5345,NGN per litre,2025-09-14,FALSE,,16,AGO_Report_OCTOBER_2025.zip,AGO_OCT_2025.xlsx,DIESEL OCTOBER 2025,20,3,C20
2025-10-01,2025-09-01,STATE,Kwara,Kwara,Kwara,North Central,FALSE,1175.3381666666667,NGN per litre,2025-09-14,FALSE,,16,AGO_Report_OCTOBER_2025.zip,AGO_OCT_2025.xlsx,DIESEL OCTOBER 2025,21,3,C21
2025-10-01,2025-09-01,STATE,Lagos,Lagos,Lagos,South West,FALSE,1168.1100000000001,NGN per litre,2025-09-14,FALSE,,16,AGO_Report_OCTOBER_2025.zip,AGO_OCT_2025.xlsx,DIESEL OCTOBER 2025,55,3,C55
2025-10-01,2025-09-01,STATE,Nasarawa,Nassarawa,Nasarawa,North Central,FALSE,1519.6776422764233,NGN per litre,2025-09-14,FALSE,,16,AGO_Report_OCTOBER_2025.zip,AGO_OCT_2025.xlsx,DIESEL OCTOBER 2025,22,3,C22
2025-10-01,2025-09-01,STATE,Niger,Niger,Niger,North Central,FALSE,1386.5595238095295,NGN per litre,2025-09-14,FALSE,,16,AGO_Report_OCTOBER_2025.zip,AGO_OCT_2025.xlsx,DIESEL OCTOBER 2025,23,3,C23
2025-10-01,2025-09-01,STATE,Ogun,Ogun,Ogun,South West,FALSE,1180.7740571428571,NGN per litre,2025-09-14,FALSE,,16,AGO_Report_OCTOBER_2025.zip,AGO_OCT_2025.xlsx,DIESEL OCTOBER 2025,56,3,C56
2025-10-01,2025-09-01,STATE,Ondo,Ondo,Ondo,South West,FALSE,1150.76,NGN per litre,2025-09-14,FALSE,,16,AGO_Report_OCTOBER_2025.zip,AGO_OCT_2025.xlsx,DIESEL OCTOBER 2025,57,3,C57
2025-10-01,2025-09-01,STATE,Osun,Osun,Osun,South West,FALSE,1245.3007142857143,NGN per litre,2025-09-14,FALSE,,16,AGO_Report_OCTOBER_2025.zip,AGO_OCT_2025.xlsx,DIESEL OCTOBER 2025,58,3,C58
2025-10-01,2025-09-01,STATE,Oyo,Oyo,Oyo,South West,FALSE,1202.0497,NGN per litre,2025-09-14,FALSE,,16,AGO_Report_OCTOBER_2025.zip,AGO_OCT_2025.xlsx,DIESEL OCTOBER 2025,59,3,C59
2025-10-01,2025-09-01,STATE,Plateau,Plateau,Plateau,North Central,FALSE,1312.5525,NGN per litre,2025-09-14,FALSE,,16,AGO_Report_OCTOBER_2025.zip,AGO_OCT_2025.xlsx,DIESEL OCTOBER 2025,24,3,C24
2025-10-01,2025-09-01,STATE,Rivers,Rivers,Rivers,South South,FALSE,1220.44375,NGN per litre,2025-09-14,FALSE,,16,AGO_Report_OCTOBER_2025.zip,AGO_OCT_2025.xlsx,DIESEL OCTOBER 2025,52,3,C52
2025-10-01,2025-09-01,STATE,Sokoto,Sokoto,Sokoto,North West,FALSE,1266.325,NGN per litre,2025-09-14,FALSE,,16,AGO_Report_OCTOBER_2025.zip,AGO_OCT_2025.xlsx,DIESEL OCTOBER 2025,38,3,C38
2025-10-01,2025-09-01,STATE,Taraba,Taraba,Taraba,North East,FALSE,1348.1979999999999,NGN per litre,2025-09-14,FALSE,,16,AGO_Report_OCTOBER_2025.zip,AGO_OCT_2025.xlsx,DIESEL OCTOBER 2025,30,3,C30
2025-10-01,2025-09-01,STATE,Yobe,Yobe,Yobe,North East,FALSE,1365.6482352941177,NGN per litre,2025-09-14,FALSE,,16,AGO_Report_OCTOBER_2025.zip,AGO_OCT_2025.xlsx,DIESEL OCTOBER 2025,31,3,C31
2025-10-01,2025-09-01,STATE,Zamfara,Zamfara,Zamfara,North West,FALSE,1342.6657142857143,NGN per litre,2025-09-14,FALSE,,16,AGO_Report_OCTOBER_2025.zip,AGO_OCT_2025.xlsx,DIESEL OCTOBER 2025,39,3,C39
2025-10-01,2025-09-01,ZONE,North Central,NORTH CENTRAL,,North Central,TRUE,1297.6196512775846,NGN per litre,2025-09-14,FALSE,,16,AGO_Report_OCTOBER_2025.zip,AGO_OCT_2025.xlsx,DIESEL OCTOBER 2025,17,3,C17
2025-10-01,2025-09-01,ZONE,North East,NORTH EAST,,North East,TRUE,1390.2110507650832,NGN per litre,2025-09-14,FALSE,,16,AGO_Report_OCTOBER_2025.zip,AGO_OCT_2025.xlsx,DIESEL OCTOBER 2025,25,3,C25
2025-10-01,2025-09-01,ZONE,North West,NORTH WEST,,North West,TRUE,1254.3474032312922,NGN per litre,2025-09-14,FALSE,,16,AGO_Report_OCTOBER_2025.zip,AGO_OCT_2025.xlsx,DIESEL OCTOBER 2025,32,3,C32
2025-10-01,2025-09-01,ZONE,South East,SOUTH EAST,,South East,TRUE,1275.408951107716,NGN per litre,2025-09-14,FALSE,,16,AGO_Report_OCTOBER_2025.zip,AGO_OCT_2025.xlsx,DIESEL OCTOBER 2025,40,3,C40
2025-10-01,2025-09-01,ZONE,South South,SOUTH SOUTH,,South South,TRUE,1267.4106099760804,NGN per litre,2025-09-14,FALSE,,16,AGO_Report_OCTOBER_2025.zip,AGO_OCT_2025.xlsx,DIESEL OCTOBER 2025,46,3,C46
2025-10-01,2025-09-01,ZONE,South West,SOUTH WEST,,South West,TRUE,1182.0651896825395,NGN per litre,2025-09-14,FALSE,,16,AGO_Report_OCTOBER_2025.zip,AGO_OCT_2025.xlsx,DIESEL OCTOBER 2025,53,3,C53
2025-10-01,2025-09-01,NATIONAL,Nigeria,NATIONAL,,,TRUE,1277.8090605308903,NGN per litre,2025-09-14,FALSE,,16,AGO_Report_OCTOBER_2025.zip,AGO_OCT_2025.xlsx,DIESEL OCTOBER 2025,60,3,C60
2025-10-01,2025-10-01,STATE,Abia,Abia,Abia,South East,FALSE,1425.22,NGN per litre,2025-10-14,TRUE,,16,AGO_Report_OCTOBER_2025.zip,AGO_OCT_2025.xlsx,DIESEL OCTOBER 2025,41,4,D41
2025-10-01,2025-10-01,STATE,Abuja,Abuja,Abuja,North Central,FALSE,1370.1833333333334,NGN per litre,2025-10-14,TRUE,,16,AGO_Report_OCTOBER_2025.zip,AGO_OCT_2025.xlsx,DIESEL OCTOBER 2025,18,4,D18
2025-10-01,2025-10-01,STATE,Adamawa,Adamawa,Adamawa,North East,FALSE,1402.775714285714,NGN per litre,2025-10-14,TRUE,,16,AGO_Report_OCTOBER_2025.zip,AGO_OCT_2025.xlsx,DIESEL OCTOBER 2025,26,4,D26
2025-10-01,2025-10-01,STATE,Akwa Ibom,Akwa Ibom,Akwa Ibom,South South,FALSE,1435.22,NGN per litre,2025-10-14,TRUE,,16,AGO_Report_OCTOBER_2025.zip,AGO_OCT_2025.xlsx,DIESEL OCTOBER 2025,47,4,D47
2025-10-01,2025-10-01,STATE,Anambra,Anambra,Anambra,South East,FALSE,1393.3174999999999,NGN per litre,2025-10-14,TRUE,,16,AGO_Report_OCTOBER_2025.zip,AGO_OCT_2025.xlsx,DIESEL OCTOBER 2025,42,4,D42
2025-10-01,2025-10-01,STATE,Bauchi,Bauchi,Bauchi,North East,FALSE,1386.2275000000002,NGN per litre,2025-10-14,TRUE,,16,AGO_Report_OCTOBER_2025.zip,AGO_OCT_2025.xlsx,DIESEL OCTOBER 2025,27,4,D27
2025-10-01,2025-10-01,STATE,Bayelsa,Bayelsa,Bayelsa,South South,FALSE,1400.8525000000002,NGN per litre,2025-10-14,TRUE,,16,AGO_Report_OCTOBER_2025.zip,AGO_OCT_2025.xlsx,DIESEL OCTOBER 2025,48,4,D48
2025-10-01,2025-10-01,STATE,Benue,Benue,Benue,North Central,FALSE,1357.7942857142857,NGN per litre,2025-10-14,TRUE,,16,AGO_Report_OCTOBER_2025.zip,AGO_OCT_2025.xlsx,DIESEL OCTOBER 2025,19,4,D19
2025-10-01,2025-10-01,STATE,Borno,Borno,Borno,North East,FALSE,1435.22,NGN per litre,2025-10-14,TRUE,,16,AGO_Report_OCTOBER_2025.zip,AGO_OCT_2025.xlsx,DIESEL OCTOBER 2025,28,4,D28
2025-10-01,2025-10-01,STATE,Cross River,Cross River,Cross River,South South,FALSE,1429.6644444444441,NGN per litre,2025-10-14,TRUE,,16,AGO_Report_OCTOBER_2025.zip,AGO_OCT_2025.xlsx,DIESEL OCTOBER 2025,49,4,D49
2025-10-01,2025-10-01,STATE,Delta,Delta,Delta,South South,FALSE,1377.9853293181818,NGN per litre,2025-10-14,TRUE,,16,AGO_Report_OCTOBER_2025.zip,AGO_OCT_2025.xlsx,DIESEL OCTOBER 2025,50,4,D50
2025-10-01,2025-10-01,STATE,Ebonyi,Ebonyi,Ebonyi,South East,FALSE,1398.01329,NGN per litre,2025-10-14,TRUE,,16,AGO_Report_OCTOBER_2025.zip,AGO_OCT_2025.xlsx,DIESEL OCTOBER 2025,43,4,D43
2025-10-01,2025-10-01,STATE,Edo,Edo,Edo,South South,FALSE,1307.835,NGN per litre,2025-10-14,TRUE,,16,AGO_Report_OCTOBER_2025.zip,AGO_OCT_2025.xlsx,DIESEL OCTOBER 2025,51,4,D51
2025-10-01,2025-10-01,STATE,Ekiti,Ekiti,Ekiti,South West,FALSE,1412.8376916666666,NGN per litre,2025-10-14,TRUE,,16,AGO_Report_OCTOBER_2025.zip,AGO_OCT_2025.xlsx,DIESEL OCTOBER 2025,54,4,D54
2025-10-01,2025-10-01,STATE,Enugu,Enugu,Enugu,South East,FALSE,1468.2900000000002,NGN per litre,2025-10-14,TRUE,,16,AGO_Report_OCTOBER_2025.zip,AGO_OCT_2025.xlsx,DIESEL OCTOBER 2025,44,4,D44
2025-10-01,2025-10-01,STATE,Gombe,Gombe,Gombe,North East,FALSE,1382.198,NGN per litre,2025-10-14,TRUE,,16,AGO_Report_OCTOBER_2025.zip,AGO_OCT_2025.xlsx,DIESEL OCTOBER 2025,29,4,D29
2025-10-01,2025-10-01,STATE,Imo,Imo,Imo,South East,FALSE,1394.3966387142857,NGN per litre,2025-10-14,TRUE,,16,AGO_Report_OCTOBER_2025.zip,AGO_OCT_2025.xlsx,DIESEL OCTOBER 2025,45,4,D45
2025-10-01,2025-10-01,STATE,Jigawa,Jigawa,Jigawa,North West,FALSE,1437.4020833333332,NGN per litre,2025-10-14,TRUE,,16,AGO_Report_OCTOBER_2025.zip,AGO_OCT_2025.xlsx,DIESEL OCTOBER 2025,33,4,D33
2025-10-01,2025-10-01,STATE,Kaduna,Kaduna,Kaduna,North West,FALSE,1418.5533333333333,NGN per litre,2025-10-14,TRUE,,16,AGO_Report_OCTOBER_2025.zip,AGO_OCT_2025.xlsx,DIESEL OCTOBER 2025,34,4,D34
2025-10-01,2025-10-01,STATE,Kano,Kano,Kano,North West,FALSE,1422.0487692307688,NGN per litre,2025-10-14,TRUE,,16,AGO_Report_OCTOBER_2025.zip,AGO_OCT_2025.xlsx,DIESEL OCTOBER 2025,35,4,D35
2025-10-01,2025-10-01,STATE,Katsina,Katsina,Katsina,North West,FALSE,1301.2388733333335,NGN per litre,2025-10-14,TRUE,,16,AGO_Report_OCTOBER_2025.zip,AGO_OCT_2025.xlsx,DIESEL OCTOBER 2025,36,4,D36
2025-10-01,2025-10-01,STATE,Kebbi,Kebbi,Kebbi,North West,FALSE,1308.9432315000001,NGN per litre,2025-10-14,TRUE,,16,AGO_Report_OCTOBER_2025.zip,AGO_OCT_2025.xlsx,DIESEL OCTOBER 2025,37,4,D37
2025-10-01,2025-10-01,STATE,Kogi,Kogi,Kogi,North Central,FALSE,1435.22,NGN per litre,2025-10-14,TRUE,,16,AGO_Report_OCTOBER_2025.zip,AGO_OCT_2025.xlsx,DIESEL OCTOBER 2025,20,4,D20
2025-10-01,2025-10-01,STATE,Kwara,Kwara,Kwara,North Central,FALSE,1396.9044444444444,NGN per litre,2025-10-14,TRUE,,16,AGO_Report_OCTOBER_2025.zip,AGO_OCT_2025.xlsx,DIESEL OCTOBER 2025,21,4,D21
2025-10-01,2025-10-01,STATE,Lagos,Lagos,Lagos,South West,FALSE,1435.22,NGN per litre,2025-10-14,TRUE,,16,AGO_Report_OCTOBER_2025.zip,AGO_OCT_2025.xlsx,DIESEL OCTOBER 2025,55,4,D55
2025-10-01,2025-10-01,STATE,Nasarawa,Nassarawa,Nasarawa,North Central,FALSE,1321.863875,NGN per litre,2025-10-14,TRUE,,16,AGO_Report_OCTOBER_2025.zip,AGO_OCT_2025.xlsx,DIESEL OCTOBER 2025,22,4,D22
2025-10-01,2025-10-01,STATE,Niger,Niger,Niger,North Central,FALSE,1465.6915238000001,NGN per litre,2025-10-14,TRUE,,16,AGO_Report_OCTOBER_2025.zip,AGO_OCT_2025.xlsx,DIESEL OCTOBER 2025,23,4,D23
2025-10-01,2025-10-01,STATE,Ogun,Ogun,Ogun,South West,FALSE,1399.6148572000002,NGN per litre,2025-10-14,TRUE,,16,AGO_Report_OCTOBER_2025.zip,AGO_OCT_2025.xlsx,DIESEL OCTOBER 2025,56,4,D56
2025-10-01,2025-10-01,STATE,Ondo,Ondo,Ondo,South West,FALSE,1393.2333333333336,NGN per litre,2025-10-14,TRUE,,16,AGO_Report_OCTOBER_2025.zip,AGO_OCT_2025.xlsx,DIESEL OCTOBER 2025,57,4,D57
2025-10-01,2025-10-01,STATE,Osun,Osun,Osun,South West,FALSE,1419.4742857142858,NGN per litre,2025-10-14,TRUE,,16,AGO_Report_OCTOBER_2025.zip,AGO_OCT_2025.xlsx,DIESEL OCTOBER 2025,58,4,D58
2025-10-01,2025-10-01,STATE,Oyo,Oyo,Oyo,South West,FALSE,1393.7257,NGN per litre,2025-10-14,TRUE,,16,AGO_Report_OCTOBER_2025.zip,AGO_OCT_2025.xlsx,DIESEL OCTOBER 2025,59,4,D59
2025-10-01,2025-10-01,STATE,Plateau,Plateau,Plateau,North Central,FALSE,1422.72,NGN per litre,2025-10-14,TRUE,,16,AGO_Report_OCTOBER_2025.zip,AGO_OCT_2025.xlsx,DIESEL OCTOBER 2025,24,4,D24
2025-10-01,2025-10-01,STATE,Rivers,Rivers,Rivers,South South,FALSE,1371.52125,NGN per litre,2025-10-14,TRUE,,16,AGO_Report_OCTOBER_2025.zip,AGO_OCT_2025.xlsx,DIESEL OCTOBER 2025,52,4,D52
2025-10-01,2025-10-01,STATE,Sokoto,Sokoto,Sokoto,North West,FALSE,1428.810125,NGN per litre,2025-10-14,TRUE,,16,AGO_Report_OCTOBER_2025.zip,AGO_OCT_2025.xlsx,DIESEL OCTOBER 2025,38,4,D38
2025-10-01,2025-10-01,STATE,Taraba,Taraba,Taraba,North East,FALSE,1368.1760000000002,NGN per litre,2025-10-14,TRUE,,16,AGO_Report_OCTOBER_2025.zip,AGO_OCT_2025.xlsx,DIESEL OCTOBER 2025,30,4,D30
2025-10-01,2025-10-01,STATE,Yobe,Yobe,Yobe,North East,FALSE,1425.22,NGN per litre,2025-10-14,TRUE,,16,AGO_Report_OCTOBER_2025.zip,AGO_OCT_2025.xlsx,DIESEL OCTOBER 2025,31,4,D31
2025-10-01,2025-10-01,STATE,Zamfara,Zamfara,Zamfara,North West,FALSE,1403.66,NGN per litre,2025-10-14,TRUE,,16,AGO_Report_OCTOBER_2025.zip,AGO_OCT_2025.xlsx,DIESEL OCTOBER 2025,39,4,D39
2025-10-01,2025-10-01,ZONE,North Central,NORTH CENTRAL,,North Central,TRUE,1395.768208898866,NGN per litre,2025-10-14,TRUE,,16,AGO_Report_OCTOBER_2025.zip,AGO_OCT_2025.xlsx,DIESEL OCTOBER 2025,17,4,D17
2025-10-01,2025-10-01,ZONE,North East,NORTH EAST,,North East,TRUE,1399.9695357142857,NGN per litre,2025-10-14,TRUE,,16,AGO_Report_OCTOBER_2025.zip,AGO_OCT_2025.xlsx,DIESEL OCTOBER 2025,25,4,D25
2025-10-01,2025-10-01,ZONE,North West,NORTH WEST,,North West,TRUE,1388.6652022472529,NGN per litre,2025-10-14,TRUE,,16,AGO_Report_OCTOBER_2025.zip,AGO_OCT_2025.xlsx,DIESEL OCTOBER 2025,32,4,D32
2025-10-01,2025-10-01,ZONE,South East,SOUTH EAST,,South East,TRUE,1415.847485742857,NGN per litre,2025-10-14,TRUE,,16,AGO_Report_OCTOBER_2025.zip,AGO_OCT_2025.xlsx,DIESEL OCTOBER 2025,40,4,D40
2025-10-01,2025-10-01,ZONE,South South,SOUTH SOUTH,,South South,TRUE,1387.179753960438,NGN per litre,2025-10-14,TRUE,,16,AGO_Report_OCTOBER_2025.zip,AGO_OCT_2025.xlsx,DIESEL OCTOBER 2025,46,4,D46
2025-10-01,2025-10-01,ZONE,South West,SOUTH WEST,,South West,TRUE,1409.017644652381,NGN per litre,2025-10-14,TRUE,,16,AGO_Report_OCTOBER_2025.zip,AGO_OCT_2025.xlsx,DIESEL OCTOBER 2025,53,4,D53
2025-10-01,2025-10-01,NATIONAL,Nigeria,NATIONAL,,,TRUE,1398.5749435864798,NGN per litre,2025-10-14,TRUE,,16,AGO_Report_OCTOBER_2025.zip,AGO_OCT_2025.xlsx,DIESEL OCTOBER 2025,60,4,D60
2025-11-01,2024-11-01,STATE,Abia,Abia,Abia,South East,FALSE,1329.1666666666667,NGN per litre,2024-11-14,FALSE,,16,AGO_REPORT_NOV_2025.zip,DIESEL_NOV_2025.xlsx,Sheet1,41,2,B41
2025-11-01,2024-11-01,STATE,Abuja,Abuja,Abuja,North Central,FALSE,1433.9,NGN per litre,2024-11-14,FALSE,,16,AGO_REPORT_NOV_2025.zip,DIESEL_NOV_2025.xlsx,Sheet1,18,2,B18
2025-11-01,2024-11-01,STATE,Adamawa,Adamawa,Adamawa,North East,FALSE,1550,NGN per litre,2024-11-14,FALSE,,16,AGO_REPORT_NOV_2025.zip,DIESEL_NOV_2025.xlsx,Sheet1,26,2,B26
2025-11-01,2024-11-01,STATE,Akwa Ibom,Akwa Ibom,Akwa Ibom,South South,FALSE,1406.6666666666667,NGN per litre,2024-11-14,FALSE,,16,AGO_REPORT_NOV_2025.zip,DIESEL_NOV_2025.xlsx,Sheet1,47,2,B47
2025-11-01,2024-11-01,STATE,Anambra,Anambra,Anambra,South East,FALSE,1296.75,NGN per litre,2024-11-14,FALSE,,16,AGO_REPORT_NOV_2025.zip,DIESEL_NOV_2025.xlsx,Sheet1,42,2,B42
2025-11-01,2024-11-01,STATE,Bauchi,Bauchi,Bauchi,North East,FALSE,2232.0350341796875,NGN per litre,2024-11-14,FALSE,,16,AGO_REPORT_NOV_2025.zip,DIESEL_NOV_2025.xlsx,Sheet1,27,2,B27
2025-11-01,2024-11-01,STATE,Bayelsa,Bayelsa,Bayelsa,South South,FALSE,1510.357142857143,NGN per litre,2024-11-14,FALSE,,16,AGO_REPORT_NOV_2025.zip,DIESEL_NOV_2025.xlsx,Sheet1,48,2,B48
2025-11-01,2024-11-01,STATE,Benue,Benue,Benue,North Central,FALSE,1770.5919921875,NGN per litre,2024-11-14,FALSE,,16,AGO_REPORT_NOV_2025.zip,DIESEL_NOV_2025.xlsx,Sheet1,19,2,B19
2025-11-01,2024-11-01,STATE,Borno,Borno,Borno,North East,FALSE,1751.1499837239583,NGN per litre,2024-11-14,FALSE,,16,AGO_REPORT_NOV_2025.zip,DIESEL_NOV_2025.xlsx,Sheet1,28,2,B28
2025-11-01,2024-11-01,STATE,Cross River,Cross River,Cross River,South South,FALSE,1454.7374877929701,NGN per litre,2024-11-14,FALSE,,16,AGO_REPORT_NOV_2025.zip,DIESEL_NOV_2025.xlsx,Sheet1,49,2,B49
2025-11-01,2024-11-01,STATE,Delta,Delta,Delta,South South,FALSE,1447.857142857143,NGN per litre,2024-11-14,FALSE,,16,AGO_REPORT_NOV_2025.zip,DIESEL_NOV_2025.xlsx,Sheet1,50,2,B50
2025-11-01,2024-11-01,STATE,Ebonyi,Ebonyi,Ebonyi,South East,FALSE,1288.8333333333333,NGN per litre,2024-11-14,FALSE,,16,AGO_REPORT_NOV_2025.zip,DIESEL_NOV_2025.xlsx,Sheet1,43,2,B43
2025-11-01,2024-11-01,STATE,Edo,Edo,Edo,South South,FALSE,1331.4285714285713,NGN per litre,2024-11-14,FALSE,,16,AGO_REPORT_NOV_2025.zip,DIESEL_NOV_2025.xlsx,Sheet1,51,2,B51
2025-11-01,2024-11-01,STATE,Ekiti,Ekiti,Ekiti,South West,FALSE,1285.6315789473683,NGN per litre,2024-11-14,FALSE,,16,AGO_REPORT_NOV_2025.zip,DIESEL_NOV_2025.xlsx,Sheet1,54,2,B54
2025-11-01,2024-11-01,STATE,Enugu,Enugu,Enugu,South East,FALSE,1356.4615384615386,NGN per litre,2024-11-14,FALSE,,16,AGO_REPORT_NOV_2025.zip,DIESEL_NOV_2025.xlsx,Sheet1,44,2,B44
2025-11-01,2024-11-01,STATE,Gombe,Gombe,Gombe,North East,FALSE,1519.5535888671875,NGN per litre,2024-11-14,FALSE,,16,AGO_REPORT_NOV_2025.zip,DIESEL_NOV_2025.xlsx,Sheet1,29,2,B29
2025-11-01,2024-11-01,STATE,Imo,Imo,Imo,South East,FALSE,1323.4449890136718,NGN per litre,2024-11-14,FALSE,,16,AGO_REPORT_NOV_2025.zip,DIESEL_NOV_2025.xlsx,Sheet1,45,2,B45
2025-11-01,2024-11-01,STATE,Jigawa,Jigawa,Jigawa,North West,FALSE,1336.1538461538462,NGN per litre,2024-11-14,FALSE,,16,AGO_REPORT_NOV_2025.zip,DIESEL_NOV_2025.xlsx,Sheet1,33,2,B33
2025-11-01,2024-11-01,STATE,Kaduna,Kaduna,Kaduna,North West,FALSE,1330.5555555555557,NGN per litre,2024-11-14,FALSE,,16,AGO_REPORT_NOV_2025.zip,DIESEL_NOV_2025.xlsx,Sheet1,34,2,B34
2025-11-01,2024-11-01,STATE,Kano,Kano,Kano,North West,FALSE,1486.6666666666667,NGN per litre,2024-11-14,FALSE,,16,AGO_REPORT_NOV_2025.zip,DIESEL_NOV_2025.xlsx,Sheet1,35,2,B35
2025-11-01,2024-11-01,STATE,Katsina,Katsina,Katsina,North West,FALSE,1433.3333333333333,NGN per litre,2024-11-14,FALSE,,16,AGO_REPORT_NOV_2025.zip,DIESEL_NOV_2025.xlsx,Sheet1,36,2,B36
2025-11-01,2024-11-01,STATE,Kebbi,Kebbi,Kebbi,North West,FALSE,1325,NGN per litre,2024-11-14,FALSE,,16,AGO_REPORT_NOV_2025.zip,DIESEL_NOV_2025.xlsx,Sheet1,37,2,B37
2025-11-01,2024-11-01,STATE,Kogi,Kogi,Kogi,North Central,FALSE,1365.5646514892578,NGN per litre,2024-11-14,FALSE,,16,AGO_REPORT_NOV_2025.zip,DIESEL_NOV_2025.xlsx,Sheet1,20,2,B20
2025-11-01,2024-11-01,STATE,Kwara,Kwara,Kwara,North Central,FALSE,1422.3416544596355,NGN per litre,2024-11-14,FALSE,,16,AGO_REPORT_NOV_2025.zip,DIESEL_NOV_2025.xlsx,Sheet1,21,2,B21
2025-11-01,2024-11-01,STATE,Lagos,Lagos,Lagos,South West,FALSE,1262.375,NGN per litre,2024-11-14,FALSE,,16,AGO_REPORT_NOV_2025.zip,DIESEL_NOV_2025.xlsx,Sheet1,55,2,B55
2025-11-01,2024-11-01,STATE,Nasarawa,Nassarawa,Nasarawa,North Central,FALSE,1466.125,NGN per litre,2024-11-14,FALSE,,16,AGO_REPORT_NOV_2025.zip,DIESEL_NOV_2025.xlsx,Sheet1,22,2,B22
2025-11-01,2024-11-01,STATE,Niger,Niger,Niger,North Central,FALSE,1442.8033621651787,NGN per litre,2024-11-14,FALSE,,16,AGO_REPORT_NOV_2025.zip,DIESEL_NOV_2025.xlsx,Sheet1,23,2,B23
2025-11-01,2024-11-01,STATE,Ogun,Ogun,Ogun,South West,FALSE,1258.076923076923,NGN per litre,2024-11-14,FALSE,,16,AGO_REPORT_NOV_2025.zip,DIESEL_NOV_2025.xlsx,Sheet1,56,2,B56
2025-11-01,2024-11-01,STATE,Ondo,Ondo,Ondo,South West,FALSE,1386.4285714285713,NGN per litre,2024-11-14,FALSE,,16,AGO_REPORT_NOV_2025.zip,DIESEL_NOV_2025.xlsx,Sheet1,57,2,B57
2025-11-01,2024-11-01,STATE,Osun,Osun,Osun,South West,FALSE,1379.1666666666667,NGN per litre,2024-11-14,FALSE,,16,AGO_REPORT_NOV_2025.zip,DIESEL_NOV_2025.xlsx,Sheet1,58,2,B58
2025-11-01,2024-11-01,STATE,Oyo,Oyo,Oyo,South West,FALSE,1250,NGN per litre,2024-11-14,FALSE,,16,AGO_REPORT_NOV_2025.zip,DIESEL_NOV_2025.xlsx,Sheet1,59,2,B59
2025-11-01,2024-11-01,STATE,Plateau,Plateau,Plateau,North Central,FALSE,1704.45,NGN per litre,2024-11-14,FALSE,,16,AGO_REPORT_NOV_2025.zip,DIESEL_NOV_2025.xlsx,Sheet1,24,2,B24
2025-11-01,2024-11-01,STATE,Rivers,Rivers,Rivers,South South,FALSE,1477.5,NGN per litre,2024-11-14,FALSE,,16,AGO_REPORT_NOV_2025.zip,DIESEL_NOV_2025.xlsx,Sheet1,52,2,B52
2025-11-01,2024-11-01,STATE,Sokoto,Sokoto,Sokoto,North West,FALSE,1537.5,NGN per litre,2024-11-14,FALSE,,16,AGO_REPORT_NOV_2025.zip,DIESEL_NOV_2025.xlsx,Sheet1,38,2,B38
2025-11-01,2024-11-01,STATE,Taraba,Taraba,Taraba,North East,FALSE,1481.3766682942708,NGN per litre,2024-11-14,FALSE,,16,AGO_REPORT_NOV_2025.zip,DIESEL_NOV_2025.xlsx,Sheet1,30,2,B30
2025-11-01,2024-11-01,STATE,Yobe,Yobe,Yobe,North East,FALSE,1522.560546875,NGN per litre,2024-11-14,FALSE,,16,AGO_REPORT_NOV_2025.zip,DIESEL_NOV_2025.xlsx,Sheet1,31,2,B31
2025-11-01,2024-11-01,STATE,Zamfara,Zamfara,Zamfara,North West,FALSE,1376.25,NGN per litre,2024-11-14,FALSE,,16,AGO_REPORT_NOV_2025.zip,DIESEL_NOV_2025.xlsx,Sheet1,39,2,B39
2025-11-01,2024-11-01,ZONE,North Central,NORTH CENTRAL,,North Central,TRUE,1515.1109514716534,NGN per litre,2024-11-14,FALSE,,16,AGO_REPORT_NOV_2025.zip,DIESEL_NOV_2025.xlsx,Sheet1,17,2,B17
2025-11-01,2024-11-01,ZONE,North East,NORTH EAST,,North East,TRUE,1676.1126369900173,NGN per litre,2024-11-14,FALSE,,16,AGO_REPORT_NOV_2025.zip,DIESEL_NOV_2025.xlsx,Sheet1,25,2,B25
2025-11-01,2024-11-01,ZONE,North West,NORTH WEST,,North West,TRUE,1403.6370573870574,NGN per litre,2024-11-14,FALSE,,16,AGO_REPORT_NOV_2025.zip,DIESEL_NOV_2025.xlsx,Sheet1,32,2,B32
2025-11-01,2024-11-01,ZONE,South East,SOUTH EAST,,South East,TRUE,1318.9313054950421,NGN per litre,2024-11-14,FALSE,,16,AGO_REPORT_NOV_2025.zip,DIESEL_NOV_2025.xlsx,Sheet1,40,2,B40
2025-11-01,2024-11-01,ZONE,South South,SOUTH SOUTH,,South South,TRUE,1438.0911686004158,NGN per litre,2024-11-14,FALSE,,16,AGO_REPORT_NOV_2025.zip,DIESEL_NOV_2025.xlsx,Sheet1,46,2,B46
2025-11-01,2024-11-01,ZONE,South West,SOUTH WEST,,South West,TRUE,1303.6131233532549,NGN per litre,2024-11-14,FALSE,,16,AGO_REPORT_NOV_2025.zip,DIESEL_NOV_2025.xlsx,Sheet1,53,2,B53
2025-11-01,2024-11-01,NATIONAL,Nigeria,NATIONAL,,,TRUE,1446.8322746796844,NGN per litre,2024-11-14,FALSE,,16,AGO_REPORT_NOV_2025.zip,DIESEL_NOV_2025.xlsx,Sheet1,60,2,B60
2025-11-01,2025-10-01,STATE,Abia,Abia,Abia,South East,FALSE,1425.22,NGN per litre,2025-10-25,FALSE,PERIOD_HEADER_DAY_NOT_14,16,AGO_REPORT_NOV_2025.zip,DIESEL_NOV_2025.xlsx,Sheet1,41,3,C41
2025-11-01,2025-10-01,STATE,Abuja,Abuja,Abuja,North Central,FALSE,1370.1833333333334,NGN per litre,2025-10-25,FALSE,PERIOD_HEADER_DAY_NOT_14,16,AGO_REPORT_NOV_2025.zip,DIESEL_NOV_2025.xlsx,Sheet1,18,3,C18
2025-11-01,2025-10-01,STATE,Adamawa,Adamawa,Adamawa,North East,FALSE,1402.775714285714,NGN per litre,2025-10-25,FALSE,PERIOD_HEADER_DAY_NOT_14,16,AGO_REPORT_NOV_2025.zip,DIESEL_NOV_2025.xlsx,Sheet1,26,3,C26
2025-11-01,2025-10-01,STATE,Akwa Ibom,Akwa Ibom,Akwa Ibom,South South,FALSE,1435.22,NGN per litre,2025-10-25,FALSE,PERIOD_HEADER_DAY_NOT_14,16,AGO_REPORT_NOV_2025.zip,DIESEL_NOV_2025.xlsx,Sheet1,47,3,C47
2025-11-01,2025-10-01,STATE,Anambra,Anambra,Anambra,South East,FALSE,1393.3174999999999,NGN per litre,2025-10-25,FALSE,PERIOD_HEADER_DAY_NOT_14,16,AGO_REPORT_NOV_2025.zip,DIESEL_NOV_2025.xlsx,Sheet1,42,3,C42
2025-11-01,2025-10-01,STATE,Bauchi,Bauchi,Bauchi,North East,FALSE,1386.2275000000002,NGN per litre,2025-10-25,FALSE,PERIOD_HEADER_DAY_NOT_14,16,AGO_REPORT_NOV_2025.zip,DIESEL_NOV_2025.xlsx,Sheet1,27,3,C27
2025-11-01,2025-10-01,STATE,Bayelsa,Bayelsa,Bayelsa,South South,FALSE,1400.8525000000002,NGN per litre,2025-10-25,FALSE,PERIOD_HEADER_DAY_NOT_14,16,AGO_REPORT_NOV_2025.zip,DIESEL_NOV_2025.xlsx,Sheet1,48,3,C48
2025-11-01,2025-10-01,STATE,Benue,Benue,Benue,North Central,FALSE,1357.7942857142857,NGN per litre,2025-10-25,FALSE,PERIOD_HEADER_DAY_NOT_14,16,AGO_REPORT_NOV_2025.zip,DIESEL_NOV_2025.xlsx,Sheet1,19,3,C19
2025-11-01,2025-10-01,STATE,Borno,Borno,Borno,North East,FALSE,1435.22,NGN per litre,2025-10-25,FALSE,PERIOD_HEADER_DAY_NOT_14,16,AGO_REPORT_NOV_2025.zip,DIESEL_NOV_2025.xlsx,Sheet1,28,3,C28
2025-11-01,2025-10-01,STATE,Cross River,Cross River,Cross River,South South,FALSE,1429.6644444444441,NGN per litre,2025-10-25,FALSE,PERIOD_HEADER_DAY_NOT_14,16,AGO_REPORT_NOV_2025.zip,DIESEL_NOV_2025.xlsx,Sheet1,49,3,C49
2025-11-01,2025-10-01,STATE,Delta,Delta,Delta,South South,FALSE,1377.9853293181818,NGN per litre,2025-10-25,FALSE,PERIOD_HEADER_DAY_NOT_14,16,AGO_REPORT_NOV_2025.zip,DIESEL_NOV_2025.xlsx,Sheet1,50,3,C50
2025-11-01,2025-10-01,STATE,Ebonyi,Ebonyi,Ebonyi,South East,FALSE,1398.01329,NGN per litre,2025-10-25,FALSE,PERIOD_HEADER_DAY_NOT_14,16,AGO_REPORT_NOV_2025.zip,DIESEL_NOV_2025.xlsx,Sheet1,43,3,C43
2025-11-01,2025-10-01,STATE,Edo,Edo,Edo,South South,FALSE,1307.835,NGN per litre,2025-10-25,FALSE,PERIOD_HEADER_DAY_NOT_14,16,AGO_REPORT_NOV_2025.zip,DIESEL_NOV_2025.xlsx,Sheet1,51,3,C51
2025-11-01,2025-10-01,STATE,Ekiti,Ekiti,Ekiti,South West,FALSE,1412.8376916666666,NGN per litre,2025-10-25,FALSE,PERIOD_HEADER_DAY_NOT_14,16,AGO_REPORT_NOV_2025.zip,DIESEL_NOV_2025.xlsx,Sheet1,54,3,C54
2025-11-01,2025-10-01,STATE,Enugu,Enugu,Enugu,South East,FALSE,1468.2900000000002,NGN per litre,2025-10-25,FALSE,PERIOD_HEADER_DAY_NOT_14,16,AGO_REPORT_NOV_2025.zip,DIESEL_NOV_2025.xlsx,Sheet1,44,3,C44
2025-11-01,2025-10-01,STATE,Gombe,Gombe,Gombe,North East,FALSE,1382.198,NGN per litre,2025-10-25,FALSE,PERIOD_HEADER_DAY_NOT_14,16,AGO_REPORT_NOV_2025.zip,DIESEL_NOV_2025.xlsx,Sheet1,29,3,C29
2025-11-01,2025-10-01,STATE,Imo,Imo,Imo,South East,FALSE,1394.3966387142857,NGN per litre,2025-10-25,FALSE,PERIOD_HEADER_DAY_NOT_14,16,AGO_REPORT_NOV_2025.zip,DIESEL_NOV_2025.xlsx,Sheet1,45,3,C45
2025-11-01,2025-10-01,STATE,Jigawa,Jigawa,Jigawa,North West,FALSE,1437.4020833333332,NGN per litre,2025-10-25,FALSE,PERIOD_HEADER_DAY_NOT_14,16,AGO_REPORT_NOV_2025.zip,DIESEL_NOV_2025.xlsx,Sheet1,33,3,C33
2025-11-01,2025-10-01,STATE,Kaduna,Kaduna,Kaduna,North West,FALSE,1418.5533333333333,NGN per litre,2025-10-25,FALSE,PERIOD_HEADER_DAY_NOT_14,16,AGO_REPORT_NOV_2025.zip,DIESEL_NOV_2025.xlsx,Sheet1,34,3,C34
2025-11-01,2025-10-01,STATE,Kano,Kano,Kano,North West,FALSE,1422.0487692307688,NGN per litre,2025-10-25,FALSE,PERIOD_HEADER_DAY_NOT_14,16,AGO_REPORT_NOV_2025.zip,DIESEL_NOV_2025.xlsx,Sheet1,35,3,C35
2025-11-01,2025-10-01,STATE,Katsina,Katsina,Katsina,North West,FALSE,1301.2388733333335,NGN per litre,2025-10-25,FALSE,PERIOD_HEADER_DAY_NOT_14,16,AGO_REPORT_NOV_2025.zip,DIESEL_NOV_2025.xlsx,Sheet1,36,3,C36
2025-11-01,2025-10-01,STATE,Kebbi,Kebbi,Kebbi,North West,FALSE,1308.9432315000001,NGN per litre,2025-10-25,FALSE,PERIOD_HEADER_DAY_NOT_14,16,AGO_REPORT_NOV_2025.zip,DIESEL_NOV_2025.xlsx,Sheet1,37,3,C37
2025-11-01,2025-10-01,STATE,Kogi,Kogi,Kogi,North Central,FALSE,1435.22,NGN per litre,2025-10-25,FALSE,PERIOD_HEADER_DAY_NOT_14,16,AGO_REPORT_NOV_2025.zip,DIESEL_NOV_2025.xlsx,Sheet1,20,3,C20
2025-11-01,2025-10-01,STATE,Kwara,Kwara,Kwara,North Central,FALSE,1396.9044444444444,NGN per litre,2025-10-25,FALSE,PERIOD_HEADER_DAY_NOT_14,16,AGO_REPORT_NOV_2025.zip,DIESEL_NOV_2025.xlsx,Sheet1,21,3,C21
2025-11-01,2025-10-01,STATE,Lagos,Lagos,Lagos,South West,FALSE,1435.22,NGN per litre,2025-10-25,FALSE,PERIOD_HEADER_DAY_NOT_14,16,AGO_REPORT_NOV_2025.zip,DIESEL_NOV_2025.xlsx,Sheet1,55,3,C55
2025-11-01,2025-10-01,STATE,Nasarawa,Nassarawa,Nasarawa,North Central,FALSE,1321.863875,NGN per litre,2025-10-25,FALSE,PERIOD_HEADER_DAY_NOT_14,16,AGO_REPORT_NOV_2025.zip,DIESEL_NOV_2025.xlsx,Sheet1,22,3,C22
2025-11-01,2025-10-01,STATE,Niger,Niger,Niger,North Central,FALSE,1465.6915238000001,NGN per litre,2025-10-25,FALSE,PERIOD_HEADER_DAY_NOT_14,16,AGO_REPORT_NOV_2025.zip,DIESEL_NOV_2025.xlsx,Sheet1,23,3,C23
2025-11-01,2025-10-01,STATE,Ogun,Ogun,Ogun,South West,FALSE,1399.6148572000002,NGN per litre,2025-10-25,FALSE,PERIOD_HEADER_DAY_NOT_14,16,AGO_REPORT_NOV_2025.zip,DIESEL_NOV_2025.xlsx,Sheet1,56,3,C56
2025-11-01,2025-10-01,STATE,Ondo,Ondo,Ondo,South West,FALSE,1393.2333333333336,NGN per litre,2025-10-25,FALSE,PERIOD_HEADER_DAY_NOT_14,16,AGO_REPORT_NOV_2025.zip,DIESEL_NOV_2025.xlsx,Sheet1,57,3,C57
2025-11-01,2025-10-01,STATE,Osun,Osun,Osun,South West,FALSE,1419.4742857142858,NGN per litre,2025-10-25,FALSE,PERIOD_HEADER_DAY_NOT_14,16,AGO_REPORT_NOV_2025.zip,DIESEL_NOV_2025.xlsx,Sheet1,58,3,C58
2025-11-01,2025-10-01,STATE,Oyo,Oyo,Oyo,South West,FALSE,1393.7257,NGN per litre,2025-10-25,FALSE,PERIOD_HEADER_DAY_NOT_14,16,AGO_REPORT_NOV_2025.zip,DIESEL_NOV_2025.xlsx,Sheet1,59,3,C59
2025-11-01,2025-10-01,STATE,Plateau,Plateau,Plateau,North Central,FALSE,1422.72,NGN per litre,2025-10-25,FALSE,PERIOD_HEADER_DAY_NOT_14,16,AGO_REPORT_NOV_2025.zip,DIESEL_NOV_2025.xlsx,Sheet1,24,3,C24
2025-11-01,2025-10-01,STATE,Rivers,Rivers,Rivers,South South,FALSE,1371.52125,NGN per litre,2025-10-25,FALSE,PERIOD_HEADER_DAY_NOT_14,16,AGO_REPORT_NOV_2025.zip,DIESEL_NOV_2025.xlsx,Sheet1,52,3,C52
2025-11-01,2025-10-01,STATE,Sokoto,Sokoto,Sokoto,North West,FALSE,1428.810125,NGN per litre,2025-10-25,FALSE,PERIOD_HEADER_DAY_NOT_14,16,AGO_REPORT_NOV_2025.zip,DIESEL_NOV_2025.xlsx,Sheet1,38,3,C38
2025-11-01,2025-10-01,STATE,Taraba,Taraba,Taraba,North East,FALSE,1368.1760000000002,NGN per litre,2025-10-25,FALSE,PERIOD_HEADER_DAY_NOT_14,16,AGO_REPORT_NOV_2025.zip,DIESEL_NOV_2025.xlsx,Sheet1,30,3,C30
2025-11-01,2025-10-01,STATE,Yobe,Yobe,Yobe,North East,FALSE,1425.22,NGN per litre,2025-10-25,FALSE,PERIOD_HEADER_DAY_NOT_14,16,AGO_REPORT_NOV_2025.zip,DIESEL_NOV_2025.xlsx,Sheet1,31,3,C31
2025-11-01,2025-10-01,STATE,Zamfara,Zamfara,Zamfara,North West,FALSE,1403.66,NGN per litre,2025-10-25,FALSE,PERIOD_HEADER_DAY_NOT_14,16,AGO_REPORT_NOV_2025.zip,DIESEL_NOV_2025.xlsx,Sheet1,39,3,C39
2025-11-01,2025-10-01,ZONE,North Central,NORTH CENTRAL,,North Central,TRUE,1395.768208898866,NGN per litre,2025-10-25,FALSE,PERIOD_HEADER_DAY_NOT_14,16,AGO_REPORT_NOV_2025.zip,DIESEL_NOV_2025.xlsx,Sheet1,17,3,C17
2025-11-01,2025-10-01,ZONE,North East,NORTH EAST,,North East,TRUE,1399.9695357142857,NGN per litre,2025-10-25,FALSE,PERIOD_HEADER_DAY_NOT_14,16,AGO_REPORT_NOV_2025.zip,DIESEL_NOV_2025.xlsx,Sheet1,25,3,C25
2025-11-01,2025-10-01,ZONE,North West,NORTH WEST,,North West,TRUE,1388.6652022472529,NGN per litre,2025-10-25,FALSE,PERIOD_HEADER_DAY_NOT_14,16,AGO_REPORT_NOV_2025.zip,DIESEL_NOV_2025.xlsx,Sheet1,32,3,C32
2025-11-01,2025-10-01,ZONE,South East,SOUTH EAST,,South East,TRUE,1415.847485742857,NGN per litre,2025-10-25,FALSE,PERIOD_HEADER_DAY_NOT_14,16,AGO_REPORT_NOV_2025.zip,DIESEL_NOV_2025.xlsx,Sheet1,40,3,C40
2025-11-01,2025-10-01,ZONE,South South,SOUTH SOUTH,,South South,TRUE,1387.179753960438,NGN per litre,2025-10-25,FALSE,PERIOD_HEADER_DAY_NOT_14,16,AGO_REPORT_NOV_2025.zip,DIESEL_NOV_2025.xlsx,Sheet1,46,3,C46
2025-11-01,2025-10-01,ZONE,South West,SOUTH WEST,,South West,TRUE,1409.017644652381,NGN per litre,2025-10-25,FALSE,PERIOD_HEADER_DAY_NOT_14,16,AGO_REPORT_NOV_2025.zip,DIESEL_NOV_2025.xlsx,Sheet1,53,3,C53
2025-11-01,2025-10-01,NATIONAL,Nigeria,NATIONAL,,,TRUE,1398.5749435864798,NGN per litre,2025-10-25,FALSE,PERIOD_HEADER_DAY_NOT_14,16,AGO_REPORT_NOV_2025.zip,DIESEL_NOV_2025.xlsx,Sheet1,60,3,C60
2025-11-01,2025-11-01,STATE,Abia,Abia,Abia,South East,FALSE,1425.22,NGN per litre,2025-11-14,TRUE,,16,AGO_REPORT_NOV_2025.zip,DIESEL_NOV_2025.xlsx,Sheet1,41,4,D41
2025-11-01,2025-11-01,STATE,Abuja,Abuja,Abuja,North Central,FALSE,1370.1833333333334,NGN per litre,2025-11-14,TRUE,,16,AGO_REPORT_NOV_2025.zip,DIESEL_NOV_2025.xlsx,Sheet1,18,4,D18
2025-11-01,2025-11-01,STATE,Adamawa,Adamawa,Adamawa,North East,FALSE,1428.8539714285712,NGN per litre,2025-11-14,TRUE,,16,AGO_REPORT_NOV_2025.zip,DIESEL_NOV_2025.xlsx,Sheet1,26,4,D26
2025-11-01,2025-11-01,STATE,Akwa Ibom,Akwa Ibom,Akwa Ibom,South South,FALSE,1437.6770666666669,NGN per litre,2025-11-14,TRUE,,16,AGO_REPORT_NOV_2025.zip,DIESEL_NOV_2025.xlsx,Sheet1,47,4,D47
2025-11-01,2025-11-01,STATE,Anambra,Anambra,Anambra,South East,FALSE,1399.0674999999999,NGN per litre,2025-11-14,TRUE,,16,AGO_REPORT_NOV_2025.zip,DIESEL_NOV_2025.xlsx,Sheet1,42,4,D42
2025-11-01,2025-11-01,STATE,Bauchi,Bauchi,Bauchi,North East,FALSE,1386.2275,NGN per litre,2025-11-14,TRUE,,16,AGO_REPORT_NOV_2025.zip,DIESEL_NOV_2025.xlsx,Sheet1,27,4,D27
2025-11-01,2025-11-01,STATE,Bayelsa,Bayelsa,Bayelsa,South South,FALSE,1435.0208,NGN per litre,2025-11-14,TRUE,,16,AGO_REPORT_NOV_2025.zip,DIESEL_NOV_2025.xlsx,Sheet1,48,4,D48
2025-11-01,2025-11-01,STATE,Benue,Benue,Benue,North Central,FALSE,1390.1334285714286,NGN per litre,2025-11-14,TRUE,,16,AGO_REPORT_NOV_2025.zip,DIESEL_NOV_2025.xlsx,Sheet1,19,4,D19
2025-11-01,2025-11-01,STATE,Borno,Borno,Borno,North East,FALSE,1442.5911999999998,NGN per litre,2025-11-14,TRUE,,16,AGO_REPORT_NOV_2025.zip,DIESEL_NOV_2025.xlsx,Sheet1,28,4,D28
2025-11-01,2025-11-01,STATE,Cross River,Cross River,Cross River,South South,FALSE,1437.288133333333,NGN per litre,2025-11-14,TRUE,,16,AGO_REPORT_NOV_2025.zip,DIESEL_NOV_2025.xlsx,Sheet1,49,4,D49
2025-11-01,2025-11-01,STATE,Delta,Delta,Delta,South South,FALSE,1377.9853293181818,NGN per litre,2025-11-14,TRUE,,16,AGO_REPORT_NOV_2025.zip,DIESEL_NOV_2025.xlsx,Sheet1,50,4,D50
2025-11-01,2025-11-01,STATE,Ebonyi,Ebonyi,Ebonyi,South East,FALSE,1398.01329,NGN per litre,2025-11-14,TRUE,,16,AGO_REPORT_NOV_2025.zip,DIESEL_NOV_2025.xlsx,Sheet1,43,4,D43
2025-11-01,2025-11-01,STATE,Edo,Edo,Edo,South South,FALSE,1327.371,NGN per litre,2025-11-14,TRUE,,16,AGO_REPORT_NOV_2025.zip,DIESEL_NOV_2025.xlsx,Sheet1,51,4,D51
2025-11-01,2025-11-01,STATE,Ekiti,Ekiti,Ekiti,South West,FALSE,1421.6950948333333,NGN per litre,2025-11-14,TRUE,,16,AGO_REPORT_NOV_2025.zip,DIESEL_NOV_2025.xlsx,Sheet1,54,4,D54
2025-11-01,2025-11-01,STATE,Enugu,Enugu,Enugu,South East,FALSE,1468.2900000000002,NGN per litre,2025-11-14,TRUE,,16,AGO_REPORT_NOV_2025.zip,DIESEL_NOV_2025.xlsx,Sheet1,44,4,D44
2025-11-01,2025-11-01,STATE,Gombe,Gombe,Gombe,North East,FALSE,1395.92064,NGN per litre,2025-11-14,TRUE,,16,AGO_REPORT_NOV_2025.zip,DIESEL_NOV_2025.xlsx,Sheet1,29,4,D29
2025-11-01,2025-11-01,STATE,Imo,Imo,Imo,South East,FALSE,1406.1113815714284,NGN per litre,2025-11-14,TRUE,,16,AGO_REPORT_NOV_2025.zip,DIESEL_NOV_2025.xlsx,Sheet1,45,4,D45
2025-11-01,2025-11-01,STATE,Jigawa,Jigawa,Jigawa,North West,FALSE,1477.3075333333334,NGN per litre,2025-11-14,TRUE,,16,AGO_REPORT_NOV_2025.zip,DIESEL_NOV_2025.xlsx,Sheet1,33,4,D33
2025-11-01,2025-11-01,STATE,Kaduna,Kaduna,Kaduna,North West,FALSE,1445.66653333333,NGN per litre,2025-11-14,TRUE,,16,AGO_REPORT_NOV_2025.zip,DIESEL_NOV_2025.xlsx,Sheet1,34,4,D34
2025-11-01,2025-11-01,STATE,Kano,Kano,Kano,North West,FALSE,1442.8452061538458,NGN per litre,2025-11-14,TRUE,,16,AGO_REPORT_NOV_2025.zip,DIESEL_NOV_2025.xlsx,Sheet1,35,4,D35
2025-11-01,2025-11-01,STATE,Katsina,Katsina,Katsina,North West,FALSE,1315.7789323999998,NGN per litre,2025-11-14,TRUE,,16,AGO_REPORT_NOV_2025.zip,DIESEL_NOV_2025.xlsx,Sheet1,36,4,D36
2025-11-01,2025-11-01,STATE,Kebbi,Kebbi,Kebbi,North West,FALSE,1308.9432315000001,NGN per litre,2025-11-14,TRUE,,16,AGO_REPORT_NOV_2025.zip,DIESEL_NOV_2025.xlsx,Sheet1,37,4,D37
2025-11-01,2025-11-01,STATE,Kogi,Kogi,Kogi,North Central,FALSE,1435.22,NGN per litre,2025-11-14,TRUE,,16,AGO_REPORT_NOV_2025.zip,DIESEL_NOV_2025.xlsx,Sheet1,20,4,D20
2025-11-01,2025-11-01,STATE,Kwara,Kwara,Kwara,North Central,FALSE,1400.9027111111109,NGN per litre,2025-11-14,TRUE,,16,AGO_REPORT_NOV_2025.zip,DIESEL_NOV_2025.xlsx,Sheet1,21,4,D21
2025-11-01,2025-11-01,STATE,Lagos,Lagos,Lagos,South West,FALSE,1435.22,NGN per litre,2025-11-14,TRUE,,16,AGO_REPORT_NOV_2025.zip,DIESEL_NOV_2025.xlsx,Sheet1,55,4,D55
2025-11-01,2025-11-01,STATE,Nasarawa,Nassarawa,Nasarawa,North Central,FALSE,1325.293875,NGN per litre,2025-11-14,TRUE,,16,AGO_REPORT_NOV_2025.zip,DIESEL_NOV_2025.xlsx,Sheet1,22,4,D22
2025-11-01,2025-11-01,STATE,Niger,Niger,Niger,North Central,FALSE,1477.5657638,NGN per litre,2025-11-14,TRUE,,16,AGO_REPORT_NOV_2025.zip,DIESEL_NOV_2025.xlsx,Sheet1,23,4,D23
2025-11-01,2025-11-01,STATE,Ogun,Ogun,Ogun,South West,FALSE,1402.3645257120002,NGN per litre,2025-11-14,TRUE,,16,AGO_REPORT_NOV_2025.zip,DIESEL_NOV_2025.xlsx,Sheet1,56,4,D56
2025-11-01,2025-11-01,STATE,Ondo,Ondo,Ondo,South West,FALSE,1402.944066666667,NGN per litre,2025-11-14,TRUE,,16,AGO_REPORT_NOV_2025.zip,DIESEL_NOV_2025.xlsx,Sheet1,57,4,D57
2025-11-01,2025-11-01,STATE,Osun,Osun,Osun,South West,FALSE,1436.4396571428572,NGN per litre,2025-11-14,TRUE,,16,AGO_REPORT_NOV_2025.zip,DIESEL_NOV_2025.xlsx,Sheet1,58,4,D58
2025-11-01,2025-11-01,STATE,Oyo,Oyo,Oyo,South West,FALSE,1403.3043400000001,NGN per litre,2025-11-14,TRUE,,16,AGO_REPORT_NOV_2025.zip,DIESEL_NOV_2025.xlsx,Sheet1,59,4,D59
2025-11-01,2025-11-01,STATE,Plateau,Plateau,Plateau,North Central,FALSE,1443.7861,NGN per litre,2025-11-14,TRUE,,16,AGO_REPORT_NOV_2025.zip,DIESEL_NOV_2025.xlsx,Sheet1,24,4,D24
2025-11-01,2025-11-01,STATE,Rivers,Rivers,Rivers,South South,FALSE,1388.13575,NGN per litre,2025-11-14,TRUE,,16,AGO_REPORT_NOV_2025.zip,DIESEL_NOV_2025.xlsx,Sheet1,52,4,D52
2025-11-01,2025-11-01,STATE,Sokoto,Sokoto,Sokoto,North West,FALSE,1428.810125,NGN per litre,2025-11-14,TRUE,,16,AGO_REPORT_NOV_2025.zip,DIESEL_NOV_2025.xlsx,Sheet1,38,4,D38
2025-11-01,2025-11-01,STATE,Taraba,Taraba,Taraba,North East,FALSE,1389.448,NGN per litre,2025-11-14,TRUE,,16,AGO_REPORT_NOV_2025.zip,DIESEL_NOV_2025.xlsx,Sheet1,30,4,D30
2025-11-01,2025-11-01,STATE,Yobe,Yobe,Yobe,North East,FALSE,1425.22,NGN per litre,2025-11-14,TRUE,,16,AGO_REPORT_NOV_2025.zip,DIESEL_NOV_2025.xlsx,Sheet1,31,4,D31
2025-11-01,2025-11-01,STATE,Zamfara,Zamfara,Zamfara,North West,FALSE,1422.77228571429,NGN per litre,2025-11-14,TRUE,,16,AGO_REPORT_NOV_2025.zip,DIESEL_NOV_2025.xlsx,Sheet1,39,4,D39
2025-11-01,2025-11-01,ZONE,North Central,NORTH CENTRAL,,North Central,TRUE,1406.1550302594103,NGN per litre,2025-11-14,TRUE,,16,AGO_REPORT_NOV_2025.zip,DIESEL_NOV_2025.xlsx,Sheet1,17,4,D17
2025-11-01,2025-11-01,ZONE,North East,NORTH EAST,,North East,TRUE,1411.3768852380952,NGN per litre,2025-11-14,TRUE,,16,AGO_REPORT_NOV_2025.zip,DIESEL_NOV_2025.xlsx,Sheet1,25,4,D25
2025-11-01,2025-11-01,ZONE,North West,NORTH WEST,,North West,TRUE,1406.0176924906857,NGN per litre,2025-11-14,TRUE,,16,AGO_REPORT_NOV_2025.zip,DIESEL_NOV_2025.xlsx,Sheet1,32,4,D32
2025-11-01,2025-11-01,ZONE,South East,SOUTH EAST,,South East,TRUE,1419.3404343142859,NGN per litre,2025-11-14,TRUE,,16,AGO_REPORT_NOV_2025.zip,DIESEL_NOV_2025.xlsx,Sheet1,40,4,D40
2025-11-01,2025-11-01,ZONE,South South,SOUTH SOUTH,,South South,TRUE,1400.5796798863637,NGN per litre,2025-11-14,TRUE,,16,AGO_REPORT_NOV_2025.zip,DIESEL_NOV_2025.xlsx,Sheet1,46,4,D46
2025-11-01,2025-11-01,ZONE,South West,SOUTH WEST,,South West,TRUE,1416.994614059143,NGN per litre,2025-11-14,TRUE,,16,AGO_REPORT_NOV_2025.zip,DIESEL_NOV_2025.xlsx,Sheet1,53,4,D53
2025-11-01,2025-11-01,NATIONAL,Nigeria,NATIONAL,,,TRUE,1409.6113055655057,NGN per litre,2025-11-14,TRUE,,16,AGO_REPORT_NOV_2025.zip,DIESEL_NOV_2025.xlsx,Sheet1,60,4,D60
2025-12-01,2024-12-01,STATE,Abia,Abia,Abia,South East,FALSE,1350.2,NGN per litre,2024-12-14,FALSE,,16,AGO_DECEMBER_2025.zip,DIESEL_DECEMBER_2025.xlsx,DIESEL DECEMBER 2025,41,2,B41
2025-12-01,2024-12-01,STATE,Abuja,Abuja,Abuja,North Central,FALSE,1325,NGN per litre,2024-12-14,FALSE,,16,AGO_DECEMBER_2025.zip,DIESEL_DECEMBER_2025.xlsx,DIESEL DECEMBER 2025,18,2,B18
2025-12-01,2024-12-01,STATE,Adamawa,Adamawa,Adamawa,North East,FALSE,1500,NGN per litre,2024-12-14,FALSE,,16,AGO_DECEMBER_2025.zip,DIESEL_DECEMBER_2025.xlsx,DIESEL DECEMBER 2025,26,2,B26
2025-12-01,2024-12-01,STATE,Akwa Ibom,Akwa Ibom,Akwa Ibom,South South,FALSE,1448.5,NGN per litre,2024-12-14,FALSE,,16,AGO_DECEMBER_2025.zip,DIESEL_DECEMBER_2025.xlsx,DIESEL DECEMBER 2025,47,2,B47
2025-12-01,2024-12-01,STATE,Anambra,Anambra,Anambra,South East,FALSE,1310.7300109863281,NGN per litre,2024-12-14,FALSE,,16,AGO_DECEMBER_2025.zip,DIESEL_DECEMBER_2025.xlsx,DIESEL DECEMBER 2025,42,2,B42
2025-12-01,2024-12-01,STATE,Bauchi,Bauchi,Bauchi,North East,FALSE,2300,NGN per litre,2024-12-14,FALSE,,16,AGO_DECEMBER_2025.zip,DIESEL_DECEMBER_2025.xlsx,DIESEL DECEMBER 2025,27,2,B27
2025-12-01,2024-12-01,STATE,Bayelsa,Bayelsa,Bayelsa,South South,FALSE,1608.3333333333333,NGN per litre,2024-12-14,FALSE,,16,AGO_DECEMBER_2025.zip,DIESEL_DECEMBER_2025.xlsx,DIESEL DECEMBER 2025,48,2,B48
2025-12-01,2024-12-01,STATE,Benue,Benue,Benue,North Central,FALSE,1780,NGN per litre,2024-12-14,FALSE,,16,AGO_DECEMBER_2025.zip,DIESEL_DECEMBER_2025.xlsx,DIESEL DECEMBER 2025,19,2,B19
2025-12-01,2024-12-01,STATE,Borno,Borno,Borno,North East,FALSE,1725.4797821044922,NGN per litre,2024-12-14,FALSE,,16,AGO_DECEMBER_2025.zip,DIESEL_DECEMBER_2025.xlsx,DIESEL DECEMBER 2025,28,2,B28
2025-12-01,2024-12-01,STATE,Cross River,Cross River,Cross River,South South,FALSE,1381.598583984375,NGN per litre,2024-12-14,FALSE,,16,AGO_DECEMBER_2025.zip,DIESEL_DECEMBER_2025.xlsx,DIESEL DECEMBER 2025,49,2,B49
2025-12-01,2024-12-01,STATE,Delta,Delta,Delta,South South,FALSE,1475,NGN per litre,2024-12-14,FALSE,,16,AGO_DECEMBER_2025.zip,DIESEL_DECEMBER_2025.xlsx,DIESEL DECEMBER 2025,50,2,B50
2025-12-01,2024-12-01,STATE,Ebonyi,Ebonyi,Ebonyi,South East,FALSE,1332.01416015625,NGN per litre,2024-12-14,FALSE,,16,AGO_DECEMBER_2025.zip,DIESEL_DECEMBER_2025.xlsx,DIESEL DECEMBER 2025,43,2,B43
2025-12-01,2024-12-01,STATE,Edo,Edo,Edo,South South,FALSE,1400,NGN per litre,2024-12-14,FALSE,,16,AGO_DECEMBER_2025.zip,DIESEL_DECEMBER_2025.xlsx,DIESEL DECEMBER 2025,51,2,B51
2025-12-01,2024-12-01,STATE,Ekiti,Ekiti,Ekiti,South West,FALSE,1257.857142857143,NGN per litre,2024-12-14,FALSE,,16,AGO_DECEMBER_2025.zip,DIESEL_DECEMBER_2025.xlsx,DIESEL DECEMBER 2025,54,2,B54
2025-12-01,2024-12-01,STATE,Enugu,Enugu,Enugu,South East,FALSE,1422.5744493272568,NGN per litre,2024-12-14,FALSE,,16,AGO_DECEMBER_2025.zip,DIESEL_DECEMBER_2025.xlsx,DIESEL DECEMBER 2025,44,2,B44
2025-12-01,2024-12-01,STATE,Gombe,Gombe,Gombe,North East,FALSE,1479.17080078125,NGN per litre,2024-12-14,FALSE,,16,AGO_DECEMBER_2025.zip,DIESEL_DECEMBER_2025.xlsx,DIESEL DECEMBER 2025,29,2,B29
2025-12-01,2024-12-01,STATE,Imo,Imo,Imo,South East,FALSE,1307.375,NGN per litre,2024-12-14,FALSE,,16,AGO_DECEMBER_2025.zip,DIESEL_DECEMBER_2025.xlsx,DIESEL DECEMBER 2025,45,2,B45
2025-12-01,2024-12-01,STATE,Jigawa,Jigawa,Jigawa,North West,FALSE,1433.3333333333333,NGN per litre,2024-12-14,FALSE,,16,AGO_DECEMBER_2025.zip,DIESEL_DECEMBER_2025.xlsx,DIESEL DECEMBER 2025,33,2,B33
2025-12-01,2024-12-01,STATE,Kaduna,Kaduna,Kaduna,North West,FALSE,1311.5384615384614,NGN per litre,2024-12-14,FALSE,,16,AGO_DECEMBER_2025.zip,DIESEL_DECEMBER_2025.xlsx,DIESEL DECEMBER 2025,34,2,B34
2025-12-01,2024-12-01,STATE,Kano,Kano,Kano,North West,FALSE,1405.55555555556,NGN per litre,2024-12-14,FALSE,,16,AGO_DECEMBER_2025.zip,DIESEL_DECEMBER_2025.xlsx,DIESEL DECEMBER 2025,35,2,B35
2025-12-01,2024-12-01,STATE,Katsina,Katsina,Katsina,North West,FALSE,1350,NGN per litre,2024-12-14,FALSE,,16,AGO_DECEMBER_2025.zip,DIESEL_DECEMBER_2025.xlsx,DIESEL DECEMBER 2025,36,2,B36
2025-12-01,2024-12-01,STATE,Kebbi,Kebbi,Kebbi,North West,FALSE,1340,NGN per litre,2024-12-14,FALSE,,16,AGO_DECEMBER_2025.zip,DIESEL_DECEMBER_2025.xlsx,DIESEL DECEMBER 2025,37,2,B37
2025-12-01,2024-12-01,STATE,Kogi,Kogi,Kogi,North Central,FALSE,1282.5,NGN per litre,2024-12-14,FALSE,,16,AGO_DECEMBER_2025.zip,DIESEL_DECEMBER_2025.xlsx,DIESEL DECEMBER 2025,20,2,B20
2025-12-01,2024-12-01,STATE,Kwara,Kwara,Kwara,North Central,FALSE,1433.3333333333333,NGN per litre,2024-12-14,FALSE,,16,AGO_DECEMBER_2025.zip,DIESEL_DECEMBER_2025.xlsx,DIESEL DECEMBER 2025,21,2,B21
2025-12-01,2024-12-01,STATE,Lagos,Lagos,Lagos,South West,FALSE,1215,NGN per litre,2024-12-14,FALSE,,16,AGO_DECEMBER_2025.zip,DIESEL_DECEMBER_2025.xlsx,DIESEL DECEMBER 2025,55,2,B55
2025-12-01,2024-12-01,STATE,Nasarawa,Nassarawa,Nasarawa,North Central,FALSE,1550,NGN per litre,2024-12-14,FALSE,,16,AGO_DECEMBER_2025.zip,DIESEL_DECEMBER_2025.xlsx,DIESEL DECEMBER 2025,22,2,B22
2025-12-01,2024-12-01,STATE,Niger,Niger,Niger,North Central,FALSE,1481.25,NGN per litre,2024-12-14,FALSE,,16,AGO_DECEMBER_2025.zip,DIESEL_DECEMBER_2025.xlsx,DIESEL DECEMBER 2025,23,2,B23
2025-12-01,2024-12-01,STATE,Ogun,Ogun,Ogun,South West,FALSE,1231.6363636363637,NGN per litre,2024-12-14,FALSE,,16,AGO_DECEMBER_2025.zip,DIESEL_DECEMBER_2025.xlsx,DIESEL DECEMBER 2025,56,2,B56
2025-12-01,2024-12-01,STATE,Ondo,Ondo,Ondo,South West,FALSE,1395.4545454545455,NGN per litre,2024-12-14,FALSE,,16,AGO_DECEMBER_2025.zip,DIESEL_DECEMBER_2025.xlsx,DIESEL DECEMBER 2025,57,2,B57
2025-12-01,2024-12-01,STATE,Osun,Osun,Osun,South West,FALSE,1363.6363636363637,NGN per litre,2024-12-14,FALSE,,16,AGO_DECEMBER_2025.zip,DIESEL_DECEMBER_2025.xlsx,DIESEL DECEMBER 2025,58,2,B58
2025-12-01,2024-12-01,STATE,Oyo,Oyo,Oyo,South West,FALSE,1348.6666666666667,NGN per litre,2024-12-14,FALSE,,16,AGO_DECEMBER_2025.zip,DIESEL_DECEMBER_2025.xlsx,DIESEL DECEMBER 2025,59,2,B59
2025-12-01,2024-12-01,STATE,Plateau,Plateau,Plateau,North Central,FALSE,1650,NGN per litre,2024-12-14,FALSE,,16,AGO_DECEMBER_2025.zip,DIESEL_DECEMBER_2025.xlsx,DIESEL DECEMBER 2025,24,2,B24
2025-12-01,2024-12-01,STATE,Rivers,Rivers,Rivers,South South,FALSE,1471.4285714285713,NGN per litre,2024-12-14,FALSE,,16,AGO_DECEMBER_2025.zip,DIESEL_DECEMBER_2025.xlsx,DIESEL DECEMBER 2025,52,2,B52
2025-12-01,2024-12-01,STATE,Sokoto,Sokoto,Sokoto,North West,FALSE,1575,NGN per litre,2024-12-14,FALSE,,16,AGO_DECEMBER_2025.zip,DIESEL_DECEMBER_2025.xlsx,DIESEL DECEMBER 2025,38,2,B38
2025-12-01,2024-12-01,STATE,Taraba,Taraba,Taraba,North East,FALSE,1537.7836100260417,NGN per litre,2024-12-14,FALSE,,16,AGO_DECEMBER_2025.zip,DIESEL_DECEMBER_2025.xlsx,DIESEL DECEMBER 2025,30,2,B30
2025-12-01,2024-12-01,STATE,Yobe,Yobe,Yobe,North East,FALSE,1467.5212925502233,NGN per litre,2024-12-14,FALSE,,16,AGO_DECEMBER_2025.zip,DIESEL_DECEMBER_2025.xlsx,DIESEL DECEMBER 2025,31,2,B31
2025-12-01,2024-12-01,STATE,Zamfara,Zamfara,Zamfara,North West,FALSE,1314.2857142857142,NGN per litre,2024-12-14,FALSE,,16,AGO_DECEMBER_2025.zip,DIESEL_DECEMBER_2025.xlsx,DIESEL DECEMBER 2025,39,2,B39
2025-12-01,2024-12-01,ZONE,North Central,NORTH CENTRAL,,North Central,TRUE,1500.2976190476188,NGN per litre,2024-12-14,FALSE,,16,AGO_DECEMBER_2025.zip,DIESEL_DECEMBER_2025.xlsx,DIESEL DECEMBER 2025,17,2,B17
2025-12-01,2024-12-01,ZONE,North East,NORTH EAST,,North East,TRUE,1668.325914243668,NGN per litre,2024-12-14,FALSE,,16,AGO_DECEMBER_2025.zip,DIESEL_DECEMBER_2025.xlsx,DIESEL DECEMBER 2025,25,2,B25
2025-12-01,2024-12-01,ZONE,North West,NORTH WEST,,North West,TRUE,1389.959009244724,NGN per litre,2024-12-14,FALSE,,16,AGO_DECEMBER_2025.zip,DIESEL_DECEMBER_2025.xlsx,DIESEL DECEMBER 2025,32,2,B32
2025-12-01,2024-12-01,ZONE,South East,SOUTH EAST,,South East,TRUE,1344.578724093967,NGN per litre,2024-12-14,FALSE,,16,AGO_DECEMBER_2025.zip,DIESEL_DECEMBER_2025.xlsx,DIESEL DECEMBER 2025,40,2,B40
2025-12-01,2024-12-01,ZONE,South South,SOUTH SOUTH,,South South,TRUE,1464.1434147910466,NGN per litre,2024-12-14,FALSE,,16,AGO_DECEMBER_2025.zip,DIESEL_DECEMBER_2025.xlsx,DIESEL DECEMBER 2025,46,2,B46
2025-12-01,2024-12-01,ZONE,South West,SOUTH WEST,,South West,TRUE,1302.0418470418474,NGN per litre,2024-12-14,FALSE,,16,AGO_DECEMBER_2025.zip,DIESEL_DECEMBER_2025.xlsx,DIESEL DECEMBER 2025,53,2,B53
2025-12-01,2024-12-01,NATIONAL,Nigeria,NATIONAL,,,TRUE,1447.6150560804215,NGN per litre,2024-12-14,FALSE,,16,AGO_DECEMBER_2025.zip,DIESEL_DECEMBER_2025.xlsx,DIESEL DECEMBER 2025,60,2,B60
2025-12-01,2025-11-01,STATE,Abia,Abia,Abia,South East,FALSE,1425.22,NGN per litre,2025-11-14,FALSE,,16,AGO_DECEMBER_2025.zip,DIESEL_DECEMBER_2025.xlsx,DIESEL DECEMBER 2025,41,3,C41
2025-12-01,2025-11-01,STATE,Abuja,Abuja,Abuja,North Central,FALSE,1370.1833333333334,NGN per litre,2025-11-14,FALSE,,16,AGO_DECEMBER_2025.zip,DIESEL_DECEMBER_2025.xlsx,DIESEL DECEMBER 2025,18,3,C18
2025-12-01,2025-11-01,STATE,Adamawa,Adamawa,Adamawa,North East,FALSE,1428.8539714285712,NGN per litre,2025-11-14,FALSE,,16,AGO_DECEMBER_2025.zip,DIESEL_DECEMBER_2025.xlsx,DIESEL DECEMBER 2025,26,3,C26
2025-12-01,2025-11-01,STATE,Akwa Ibom,Akwa Ibom,Akwa Ibom,South South,FALSE,1437.6770666666669,NGN per litre,2025-11-14,FALSE,,16,AGO_DECEMBER_2025.zip,DIESEL_DECEMBER_2025.xlsx,DIESEL DECEMBER 2025,47,3,C47
2025-12-01,2025-11-01,STATE,Anambra,Anambra,Anambra,South East,FALSE,1399.0674999999999,NGN per litre,2025-11-14,FALSE,,16,AGO_DECEMBER_2025.zip,DIESEL_DECEMBER_2025.xlsx,DIESEL DECEMBER 2025,42,3,C42
2025-12-01,2025-11-01,STATE,Bauchi,Bauchi,Bauchi,North East,FALSE,1386.2275,NGN per litre,2025-11-14,FALSE,,16,AGO_DECEMBER_2025.zip,DIESEL_DECEMBER_2025.xlsx,DIESEL DECEMBER 2025,27,3,C27
2025-12-01,2025-11-01,STATE,Bayelsa,Bayelsa,Bayelsa,South South,FALSE,1435.0208,NGN per litre,2025-11-14,FALSE,,16,AGO_DECEMBER_2025.zip,DIESEL_DECEMBER_2025.xlsx,DIESEL DECEMBER 2025,48,3,C48
2025-12-01,2025-11-01,STATE,Benue,Benue,Benue,North Central,FALSE,1390.1334285714286,NGN per litre,2025-11-14,FALSE,,16,AGO_DECEMBER_2025.zip,DIESEL_DECEMBER_2025.xlsx,DIESEL DECEMBER 2025,19,3,C19
2025-12-01,2025-11-01,STATE,Borno,Borno,Borno,North East,FALSE,1442.5911999999998,NGN per litre,2025-11-14,FALSE,,16,AGO_DECEMBER_2025.zip,DIESEL_DECEMBER_2025.xlsx,DIESEL DECEMBER 2025,28,3,C28
2025-12-01,2025-11-01,STATE,Cross River,Cross River,Cross River,South South,FALSE,1437.288133333333,NGN per litre,2025-11-14,FALSE,,16,AGO_DECEMBER_2025.zip,DIESEL_DECEMBER_2025.xlsx,DIESEL DECEMBER 2025,49,3,C49
2025-12-01,2025-11-01,STATE,Delta,Delta,Delta,South South,FALSE,1377.9853293181818,NGN per litre,2025-11-14,FALSE,,16,AGO_DECEMBER_2025.zip,DIESEL_DECEMBER_2025.xlsx,DIESEL DECEMBER 2025,50,3,C50
2025-12-01,2025-11-01,STATE,Ebonyi,Ebonyi,Ebonyi,South East,FALSE,1398.01329,NGN per litre,2025-11-14,FALSE,,16,AGO_DECEMBER_2025.zip,DIESEL_DECEMBER_2025.xlsx,DIESEL DECEMBER 2025,43,3,C43
2025-12-01,2025-11-01,STATE,Edo,Edo,Edo,South South,FALSE,1327.371,NGN per litre,2025-11-14,FALSE,,16,AGO_DECEMBER_2025.zip,DIESEL_DECEMBER_2025.xlsx,DIESEL DECEMBER 2025,51,3,C51
2025-12-01,2025-11-01,STATE,Ekiti,Ekiti,Ekiti,South West,FALSE,1421.6950948333333,NGN per litre,2025-11-14,FALSE,,16,AGO_DECEMBER_2025.zip,DIESEL_DECEMBER_2025.xlsx,DIESEL DECEMBER 2025,54,3,C54
2025-12-01,2025-11-01,STATE,Enugu,Enugu,Enugu,South East,FALSE,1468.2900000000002,NGN per litre,2025-11-14,FALSE,,16,AGO_DECEMBER_2025.zip,DIESEL_DECEMBER_2025.xlsx,DIESEL DECEMBER 2025,44,3,C44
2025-12-01,2025-11-01,STATE,Gombe,Gombe,Gombe,North East,FALSE,1395.92064,NGN per litre,2025-11-14,FALSE,,16,AGO_DECEMBER_2025.zip,DIESEL_DECEMBER_2025.xlsx,DIESEL DECEMBER 2025,29,3,C29
2025-12-01,2025-11-01,STATE,Imo,Imo,Imo,South East,FALSE,1406.1113815714284,NGN per litre,2025-11-14,FALSE,,16,AGO_DECEMBER_2025.zip,DIESEL_DECEMBER_2025.xlsx,DIESEL DECEMBER 2025,45,3,C45
2025-12-01,2025-11-01,STATE,Jigawa,Jigawa,Jigawa,North West,FALSE,1477.3075333333334,NGN per litre,2025-11-14,FALSE,,16,AGO_DECEMBER_2025.zip,DIESEL_DECEMBER_2025.xlsx,DIESEL DECEMBER 2025,33,3,C33
2025-12-01,2025-11-01,STATE,Kaduna,Kaduna,Kaduna,North West,FALSE,1445.66653333333,NGN per litre,2025-11-14,FALSE,,16,AGO_DECEMBER_2025.zip,DIESEL_DECEMBER_2025.xlsx,DIESEL DECEMBER 2025,34,3,C34
2025-12-01,2025-11-01,STATE,Kano,Kano,Kano,North West,FALSE,1442.8452061538458,NGN per litre,2025-11-14,FALSE,,16,AGO_DECEMBER_2025.zip,DIESEL_DECEMBER_2025.xlsx,DIESEL DECEMBER 2025,35,3,C35
2025-12-01,2025-11-01,STATE,Katsina,Katsina,Katsina,North West,FALSE,1315.7789323999998,NGN per litre,2025-11-14,FALSE,,16,AGO_DECEMBER_2025.zip,DIESEL_DECEMBER_2025.xlsx,DIESEL DECEMBER 2025,36,3,C36
2025-12-01,2025-11-01,STATE,Kebbi,Kebbi,Kebbi,North West,FALSE,1308.9432315000001,NGN per litre,2025-11-14,FALSE,,16,AGO_DECEMBER_2025.zip,DIESEL_DECEMBER_2025.xlsx,DIESEL DECEMBER 2025,37,3,C37
2025-12-01,2025-11-01,STATE,Kogi,Kogi,Kogi,North Central,FALSE,1435.22,NGN per litre,2025-11-14,FALSE,,16,AGO_DECEMBER_2025.zip,DIESEL_DECEMBER_2025.xlsx,DIESEL DECEMBER 2025,20,3,C20
2025-12-01,2025-11-01,STATE,Kwara,Kwara,Kwara,North Central,FALSE,1400.9027111111109,NGN per litre,2025-11-14,FALSE,,16,AGO_DECEMBER_2025.zip,DIESEL_DECEMBER_2025.xlsx,DIESEL DECEMBER 2025,21,3,C21
2025-12-01,2025-11-01,STATE,Lagos,Lagos,Lagos,South West,FALSE,1435.22,NGN per litre,2025-11-14,FALSE,,16,AGO_DECEMBER_2025.zip,DIESEL_DECEMBER_2025.xlsx,DIESEL DECEMBER 2025,55,3,C55
2025-12-01,2025-11-01,STATE,Nasarawa,Nassarawa,Nasarawa,North Central,FALSE,1325.293875,NGN per litre,2025-11-14,FALSE,,16,AGO_DECEMBER_2025.zip,DIESEL_DECEMBER_2025.xlsx,DIESEL DECEMBER 2025,22,3,C22
2025-12-01,2025-11-01,STATE,Niger,Niger,Niger,North Central,FALSE,1477.5657638,NGN per litre,2025-11-14,FALSE,,16,AGO_DECEMBER_2025.zip,DIESEL_DECEMBER_2025.xlsx,DIESEL DECEMBER 2025,23,3,C23
2025-12-01,2025-11-01,STATE,Ogun,Ogun,Ogun,South West,FALSE,1402.3645257120002,NGN per litre,2025-11-14,FALSE,,16,AGO_DECEMBER_2025.zip,DIESEL_DECEMBER_2025.xlsx,DIESEL DECEMBER 2025,56,3,C56
2025-12-01,2025-11-01,STATE,Ondo,Ondo,Ondo,South West,FALSE,1402.944066666667,NGN per litre,2025-11-14,FALSE,,16,AGO_DECEMBER_2025.zip,DIESEL_DECEMBER_2025.xlsx,DIESEL DECEMBER 2025,57,3,C57
2025-12-01,2025-11-01,STATE,Osun,Osun,Osun,South West,FALSE,1436.4396571428572,NGN per litre,2025-11-14,FALSE,,16,AGO_DECEMBER_2025.zip,DIESEL_DECEMBER_2025.xlsx,DIESEL DECEMBER 2025,58,3,C58
2025-12-01,2025-11-01,STATE,Oyo,Oyo,Oyo,South West,FALSE,1403.3043400000001,NGN per litre,2025-11-14,FALSE,,16,AGO_DECEMBER_2025.zip,DIESEL_DECEMBER_2025.xlsx,DIESEL DECEMBER 2025,59,3,C59
2025-12-01,2025-11-01,STATE,Plateau,Plateau,Plateau,North Central,FALSE,1443.7861,NGN per litre,2025-11-14,FALSE,,16,AGO_DECEMBER_2025.zip,DIESEL_DECEMBER_2025.xlsx,DIESEL DECEMBER 2025,24,3,C24
2025-12-01,2025-11-01,STATE,Rivers,Rivers,Rivers,South South,FALSE,1388.13575,NGN per litre,2025-11-14,FALSE,,16,AGO_DECEMBER_2025.zip,DIESEL_DECEMBER_2025.xlsx,DIESEL DECEMBER 2025,52,3,C52
2025-12-01,2025-11-01,STATE,Sokoto,Sokoto,Sokoto,North West,FALSE,1428.810125,NGN per litre,2025-11-14,FALSE,,16,AGO_DECEMBER_2025.zip,DIESEL_DECEMBER_2025.xlsx,DIESEL DECEMBER 2025,38,3,C38
2025-12-01,2025-11-01,STATE,Taraba,Taraba,Taraba,North East,FALSE,1389.448,NGN per litre,2025-11-14,FALSE,,16,AGO_DECEMBER_2025.zip,DIESEL_DECEMBER_2025.xlsx,DIESEL DECEMBER 2025,30,3,C30
2025-12-01,2025-11-01,STATE,Yobe,Yobe,Yobe,North East,FALSE,1425.22,NGN per litre,2025-11-14,FALSE,,16,AGO_DECEMBER_2025.zip,DIESEL_DECEMBER_2025.xlsx,DIESEL DECEMBER 2025,31,3,C31
2025-12-01,2025-11-01,STATE,Zamfara,Zamfara,Zamfara,North West,FALSE,1422.77228571429,NGN per litre,2025-11-14,FALSE,,16,AGO_DECEMBER_2025.zip,DIESEL_DECEMBER_2025.xlsx,DIESEL DECEMBER 2025,39,3,C39
2025-12-01,2025-11-01,ZONE,North Central,NORTH CENTRAL,,North Central,TRUE,1406.1550302594103,NGN per litre,2025-11-14,FALSE,,16,AGO_DECEMBER_2025.zip,DIESEL_DECEMBER_2025.xlsx,DIESEL DECEMBER 2025,17,3,C17
2025-12-01,2025-11-01,ZONE,North East,NORTH EAST,,North East,TRUE,1411.3768852380952,NGN per litre,2025-11-14,FALSE,,16,AGO_DECEMBER_2025.zip,DIESEL_DECEMBER_2025.xlsx,DIESEL DECEMBER 2025,25,3,C25
2025-12-01,2025-11-01,ZONE,North West,NORTH WEST,,North West,TRUE,1406.0176924906857,NGN per litre,2025-11-14,FALSE,,16,AGO_DECEMBER_2025.zip,DIESEL_DECEMBER_2025.xlsx,DIESEL DECEMBER 2025,32,3,C32
2025-12-01,2025-11-01,ZONE,South East,SOUTH EAST,,South East,TRUE,1419.3404343142859,NGN per litre,2025-11-14,FALSE,,16,AGO_DECEMBER_2025.zip,DIESEL_DECEMBER_2025.xlsx,DIESEL DECEMBER 2025,40,3,C40
2025-12-01,2025-11-01,ZONE,South South,SOUTH SOUTH,,South South,TRUE,1400.5796798863637,NGN per litre,2025-11-14,FALSE,,16,AGO_DECEMBER_2025.zip,DIESEL_DECEMBER_2025.xlsx,DIESEL DECEMBER 2025,46,3,C46
2025-12-01,2025-11-01,ZONE,South West,SOUTH WEST,,South West,TRUE,1416.994614059143,NGN per litre,2025-11-14,FALSE,,16,AGO_DECEMBER_2025.zip,DIESEL_DECEMBER_2025.xlsx,DIESEL DECEMBER 2025,53,3,C53
2025-12-01,2025-11-01,NATIONAL,Nigeria,NATIONAL,,,TRUE,1409.6113055655057,NGN per litre,2025-11-14,FALSE,,16,AGO_DECEMBER_2025.zip,DIESEL_DECEMBER_2025.xlsx,DIESEL DECEMBER 2025,60,3,C60
2025-12-01,2025-12-01,STATE,Abia,Abia,Abia,South East,FALSE,1412.3920400000002,NGN per litre,2025-12-14,TRUE,,16,AGO_DECEMBER_2025.zip,DIESEL_DECEMBER_2025.xlsx,DIESEL DECEMBER 2025,41,4,D41
2025-12-01,2025-12-01,STATE,Abuja,Abuja,Abuja,North Central,FALSE,1383.214516666667,NGN per litre,2025-12-14,TRUE,,16,AGO_DECEMBER_2025.zip,DIESEL_DECEMBER_2025.xlsx,DIESEL DECEMBER 2025,18,4,D18
2025-12-01,2025-12-01,STATE,Adamawa,Adamawa,Adamawa,North East,FALSE,1420.041155857143,NGN per litre,2025-12-14,TRUE,,16,AGO_DECEMBER_2025.zip,DIESEL_DECEMBER_2025.xlsx,DIESEL DECEMBER 2025,26,4,D26
2025-12-01,2025-12-01,STATE,Akwa Ibom,Akwa Ibom,Akwa Ibom,South South,FALSE,1435.309604,NGN per litre,2025-12-14,TRUE,,16,AGO_DECEMBER_2025.zip,DIESEL_DECEMBER_2025.xlsx,DIESEL DECEMBER 2025,47,4,D47
2025-12-01,2025-12-01,STATE,Anambra,Anambra,Anambra,South East,FALSE,1400.3192375,NGN per litre,2025-12-14,TRUE,,16,AGO_DECEMBER_2025.zip,DIESEL_DECEMBER_2025.xlsx,DIESEL DECEMBER 2025,42,4,D42
2025-12-01,2025-12-01,STATE,Bauchi,Bauchi,Bauchi,North East,FALSE,1368.7822124999998,NGN per litre,2025-12-14,TRUE,,16,AGO_DECEMBER_2025.zip,DIESEL_DECEMBER_2025.xlsx,DIESEL DECEMBER 2025,27,4,D27
2025-12-01,2025-12-01,STATE,Bayelsa,Bayelsa,Bayelsa,South South,FALSE,1441.6170625,NGN per litre,2025-12-14,TRUE,,16,AGO_DECEMBER_2025.zip,DIESEL_DECEMBER_2025.xlsx,DIESEL DECEMBER 2025,48,4,D48
2025-12-01,2025-12-01,STATE,Benue,Benue,Benue,North Central,FALSE,1376.0218671428572,NGN per litre,2025-12-14,TRUE,,16,AGO_DECEMBER_2025.zip,DIESEL_DECEMBER_2025.xlsx,DIESEL DECEMBER 2025,19,4,D19
2025-12-01,2025-12-01,STATE,Borno,Borno,Borno,North East,FALSE,1435.3782439999998,NGN per litre,2025-12-14,TRUE,,16,AGO_DECEMBER_2025.zip,DIESEL_DECEMBER_2025.xlsx,DIESEL DECEMBER 2025,28,4,D28
2025-12-01,2025-12-01,STATE,Cross River,Cross River,Cross River,South South,FALSE,1439.1740666666667,NGN per litre,2025-12-14,TRUE,,16,AGO_DECEMBER_2025.zip,DIESEL_DECEMBER_2025.xlsx,DIESEL DECEMBER 2025,49,4,D49
2025-12-01,2025-12-01,STATE,Delta,Delta,Delta,South South,FALSE,1371.7786286920455,NGN per litre,2025-12-14,TRUE,,16,AGO_DECEMBER_2025.zip,DIESEL_DECEMBER_2025.xlsx,DIESEL DECEMBER 2025,50,4,D50
2025-12-01,2025-12-01,STATE,Ebonyi,Ebonyi,Ebonyi,South East,FALSE,1383.8404535500001,NGN per litre,2025-12-14,TRUE,,16,AGO_DECEMBER_2025.zip,DIESEL_DECEMBER_2025.xlsx,DIESEL DECEMBER 2025,43,4,D43
2025-12-01,2025-12-01,STATE,Edo,Edo,Edo,South South,FALSE,1311.960435,NGN per litre,2025-12-14,TRUE,,16,AGO_DECEMBER_2025.zip,DIESEL_DECEMBER_2025.xlsx,DIESEL DECEMBER 2025,51,4,D51
2025-12-01,2025-12-01,STATE,Ekiti,Ekiti,Ekiti,South West,FALSE,1405.9028250000001,NGN per litre,2025-12-14,TRUE,,16,AGO_DECEMBER_2025.zip,DIESEL_DECEMBER_2025.xlsx,DIESEL DECEMBER 2025,54,4,D54
2025-12-01,2025-12-01,STATE,Enugu,Enugu,Enugu,South East,FALSE,1465.6862250000001,NGN per litre,2025-12-14,TRUE,,16,AGO_DECEMBER_2025.zip,DIESEL_DECEMBER_2025.xlsx,DIESEL DECEMBER 2025,44,4,D44
2025-12-01,2025-12-01,STATE,Gombe,Gombe,Gombe,North East,FALSE,1394.08769,NGN per litre,2025-12-14,TRUE,,16,AGO_DECEMBER_2025.zip,DIESEL_DECEMBER_2025.xlsx,DIESEL DECEMBER 2025,29,4,D29
2025-12-01,2025-12-01,STATE,Imo,Imo,Imo,South East,FALSE,1409.2204385807145,NGN per litre,2025-12-14,TRUE,,16,AGO_DECEMBER_2025.zip,DIESEL_DECEMBER_2025.xlsx,DIESEL DECEMBER 2025,45,4,D45
2025-12-01,2025-12-01,STATE,Jigawa,Jigawa,Jigawa,North West,FALSE,1436.8039415000003,NGN per litre,2025-12-14,TRUE,,16,AGO_DECEMBER_2025.zip,DIESEL_DECEMBER_2025.xlsx,DIESEL DECEMBER 2025,33,4,D33
2025-12-01,2025-12-01,STATE,Kaduna,Kaduna,Kaduna,North West,FALSE,1449.6965,NGN per litre,2025-12-14,TRUE,,16,AGO_DECEMBER_2025.zip,DIESEL_DECEMBER_2025.xlsx,DIESEL DECEMBER 2025,34,4,D34
2025-12-01,2025-12-01,STATE,Kano,Kano,Kano,North West,FALSE,1408.0264537692308,NGN per litre,2025-12-14,TRUE,,16,AGO_DECEMBER_2025.zip,DIESEL_DECEMBER_2025.xlsx,DIESEL DECEMBER 2025,35,4,D35
2025-12-01,2025-12-01,STATE,Katsina,Katsina,Katsina,North West,FALSE,1297.2366590899999,NGN per litre,2025-12-14,TRUE,,16,AGO_DECEMBER_2025.zip,DIESEL_DECEMBER_2025.xlsx,DIESEL DECEMBER 2025,36,4,D36
2025-12-01,2025-12-01,STATE,Kebbi,Kebbi,Kebbi,North West,FALSE,1301.0956053,NGN per litre,2025-12-14,TRUE,,16,AGO_DECEMBER_2025.zip,DIESEL_DECEMBER_2025.xlsx,DIESEL DECEMBER 2025,37,4,D37
2025-12-01,2025-12-01,STATE,Kogi,Kogi,Kogi,North Central,FALSE,1413.6917,NGN per litre,2025-12-14,TRUE,,16,AGO_DECEMBER_2025.zip,DIESEL_DECEMBER_2025.xlsx,DIESEL DECEMBER 2025,20,4,D20
2025-12-01,2025-12-01,STATE,Kwara,Kwara,Kwara,North Central,FALSE,1396.05888,NGN per litre,2025-12-14,TRUE,,16,AGO_DECEMBER_2025.zip,DIESEL_DECEMBER_2025.xlsx,DIESEL DECEMBER 2025,21,4,D21
2025-12-01,2025-12-01,STATE,Lagos,Lagos,Lagos,South West,FALSE,1425.17346,NGN per litre,2025-12-14,TRUE,,16,AGO_DECEMBER_2025.zip,DIESEL_DECEMBER_2025.xlsx,DIESEL DECEMBER 2025,55,4,D55
2025-12-01,2025-12-01,STATE,Nasarawa,Nassarawa,Nasarawa,North Central,FALSE,1313.24733375,NGN per litre,2025-12-14,TRUE,,16,AGO_DECEMBER_2025.zip,DIESEL_DECEMBER_2025.xlsx,DIESEL DECEMBER 2025,22,4,D22
2025-12-01,2025-12-01,STATE,Niger,Niger,Niger,North Central,FALSE,1432.98793977,NGN per litre,2025-12-14,TRUE,,16,AGO_DECEMBER_2025.zip,DIESEL_DECEMBER_2025.xlsx,DIESEL DECEMBER 2025,23,4,D23
2025-12-01,2025-12-01,STATE,Ogun,Ogun,Ogun,South West,FALSE,1403.9373430834398,NGN per litre,2025-12-14,TRUE,,16,AGO_DECEMBER_2025.zip,DIESEL_DECEMBER_2025.xlsx,DIESEL DECEMBER 2025,56,4,D56
2025-12-01,2025-12-01,STATE,Ondo,Ondo,Ondo,South West,FALSE,1404.5620256666668,NGN per litre,2025-12-14,TRUE,,16,AGO_DECEMBER_2025.zip,DIESEL_DECEMBER_2025.xlsx,DIESEL DECEMBER 2025,57,4,D57
2025-12-01,2025-12-01,STATE,Osun,Osun,Osun,South West,FALSE,1427.2569954285714,NGN per litre,2025-12-14,TRUE,,16,AGO_DECEMBER_2025.zip,DIESEL_DECEMBER_2025.xlsx,DIESEL DECEMBER 2025,58,4,D58
2025-12-01,2025-12-01,STATE,Oyo,Oyo,Oyo,South West,FALSE,1389.6622212999998,NGN per litre,2025-12-14,TRUE,,16,AGO_DECEMBER_2025.zip,DIESEL_DECEMBER_2025.xlsx,DIESEL DECEMBER 2025,59,4,D59
2025-12-01,2025-12-01,STATE,Plateau,Plateau,Plateau,North Central,FALSE,1428.3494680000001,NGN per litre,2025-12-14,TRUE,,16,AGO_DECEMBER_2025.zip,DIESEL_DECEMBER_2025.xlsx,DIESEL DECEMBER 2025,24,4,D24
2025-12-01,2025-12-01,STATE,Rivers,Rivers,Rivers,South South,FALSE,1383.15328125,NGN per litre,2025-12-14,TRUE,,16,AGO_DECEMBER_2025.zip,DIESEL_DECEMBER_2025.xlsx,DIESEL DECEMBER 2025,52,4,D52
2025-12-01,2025-12-01,STATE,Sokoto,Sokoto,Sokoto,North West,FALSE,1434.204175625,NGN per litre,2025-12-14,TRUE,,16,AGO_DECEMBER_2025.zip,DIESEL_DECEMBER_2025.xlsx,DIESEL DECEMBER 2025,38,4,D38
2025-12-01,2025-12-01,STATE,Taraba,Taraba,Taraba,North East,FALSE,1396.7567600000002,NGN per litre,2025-12-14,TRUE,,16,AGO_DECEMBER_2025.zip,DIESEL_DECEMBER_2025.xlsx,DIESEL DECEMBER 2025,30,4,D30
2025-12-01,2025-12-01,STATE,Yobe,Yobe,Yobe,North East,FALSE,1429.6146800000001,NGN per litre,2025-12-14,TRUE,,16,AGO_DECEMBER_2025.zip,DIESEL_DECEMBER_2025.xlsx,DIESEL DECEMBER 2025,31,4,D31
2025-12-01,2025-12-01,STATE,Zamfara,Zamfara,Zamfara,North West,FALSE,1434.0524414285715,NGN per litre,2025-12-14,TRUE,,16,AGO_DECEMBER_2025.zip,DIESEL_DECEMBER_2025.xlsx,DIESEL DECEMBER 2025,39,4,D39
2025-12-01,2025-12-01,ZONE,North Central,NORTH CENTRAL,,North Central,TRUE,1391.938815047075,NGN per litre,2025-12-14,TRUE,,16,AGO_DECEMBER_2025.zip,DIESEL_DECEMBER_2025.xlsx,DIESEL DECEMBER 2025,17,4,D17
2025-12-01,2025-12-01,ZONE,North East,NORTH EAST,,North East,TRUE,1407.4434570595238,NGN per litre,2025-12-14,TRUE,,16,AGO_DECEMBER_2025.zip,DIESEL_DECEMBER_2025.xlsx,DIESEL DECEMBER 2025,25,4,D25
2025-12-01,2025-12-01,ZONE,North West,NORTH WEST,,North West,TRUE,1394.4451109589718,NGN per litre,2025-12-14,TRUE,,16,AGO_DECEMBER_2025.zip,DIESEL_DECEMBER_2025.xlsx,DIESEL DECEMBER 2025,32,4,D32
2025-12-01,2025-12-01,ZONE,South East,SOUTH EAST,,South East,TRUE,1414.291678926143,NGN per litre,2025-12-14,TRUE,,16,AGO_DECEMBER_2025.zip,DIESEL_DECEMBER_2025.xlsx,DIESEL DECEMBER 2025,40,4,D40
2025-12-01,2025-12-01,ZONE,South South,SOUTH SOUTH,,South South,TRUE,1397.1655130181189,NGN per litre,2025-12-14,TRUE,,16,AGO_DECEMBER_2025.zip,DIESEL_DECEMBER_2025.xlsx,DIESEL DECEMBER 2025,46,4,D46
2025-12-01,2025-12-01,ZONE,South West,SOUTH WEST,,South West,TRUE,1409.415811746446,NGN per litre,2025-12-14,TRUE,,16,AGO_DECEMBER_2025.zip,DIESEL_DECEMBER_2025.xlsx,DIESEL DECEMBER 2025,53,4,D53
2025-12-01,2025-12-01,NATIONAL,Nigeria,NATIONAL,,,TRUE,1401.629582908583,NGN per litre,2025-12-14,TRUE,,16,AGO_DECEMBER_2025.zip,DIESEL_DECEMBER_2025.xlsx,DIESEL DECEMBER 2025,60,4,D60
2026-01-01,2025-01-01,STATE,Abia,Abia,Abia,South East,FALSE,1508.1012763333335,NGN per litre,2025-01-14,FALSE,,2,AGO_Report_JANUARY_2026.zip,AGO JANUARY 2026.xlsx,DIESEL JANUARY 2026,27,2,B27
2026-01-01,2025-01-01,STATE,Abuja,Abuja,Abuja,North Central,FALSE,1960,NGN per litre,2025-01-14,FALSE,,2,AGO_Report_JANUARY_2026.zip,AGO JANUARY 2026.xlsx,DIESEL JANUARY 2026,4,2,B4
2026-01-01,2025-01-01,STATE,Adamawa,Adamawa,Adamawa,North East,FALSE,1800,NGN per litre,2025-01-14,FALSE,,2,AGO_Report_JANUARY_2026.zip,AGO JANUARY 2026.xlsx,DIESEL JANUARY 2026,12,2,B12
2026-01-01,2025-01-01,STATE,Akwa Ibom,Akwa Ibom,Akwa Ibom,South South,FALSE,1714.2857142857142,NGN per litre,2025-01-14,FALSE,,2,AGO_Report_JANUARY_2026.zip,AGO JANUARY 2026.xlsx,DIESEL JANUARY 2026,33,2,B33
2026-01-01,2025-01-01,STATE,Anambra,Anambra,Anambra,South East,FALSE,1225,NGN per litre,2025-01-14,FALSE,,2,AGO_Report_JANUARY_2026.zip,AGO JANUARY 2026.xlsx,DIESEL JANUARY 2026,28,2,B28
2026-01-01,2025-01-01,STATE,Bauchi,Bauchi,Bauchi,North East,FALSE,2000,NGN per litre,2025-01-14,FALSE,,2,AGO_Report_JANUARY_2026.zip,AGO JANUARY 2026.xlsx,DIESEL JANUARY 2026,13,2,B13
2026-01-01,2025-01-01,STATE,Bayelsa,Bayelsa,Bayelsa,South South,FALSE,1700,NGN per litre,2025-01-14,FALSE,,2,AGO_Report_JANUARY_2026.zip,AGO JANUARY 2026.xlsx,DIESEL JANUARY 2026,34,2,B34
2026-01-01,2025-01-01,STATE,Benue,Benue,Benue,North Central,FALSE,1925,NGN per litre,2025-01-14,FALSE,,2,AGO_Report_JANUARY_2026.zip,AGO JANUARY 2026.xlsx,DIESEL JANUARY 2026,5,2,B5
2026-01-01,2025-01-01,STATE,Borno,Borno,Borno,North East,FALSE,1550,NGN per litre,2025-01-14,FALSE,,2,AGO_Report_JANUARY_2026.zip,AGO JANUARY 2026.xlsx,DIESEL JANUARY 2026,14,2,B14
2026-01-01,2025-01-01,STATE,Cross River,Cross River,Cross River,South South,FALSE,1433.33333333333,NGN per litre,2025-01-14,FALSE,,2,AGO_Report_JANUARY_2026.zip,AGO JANUARY 2026.xlsx,DIESEL JANUARY 2026,35,2,B35
2026-01-01,2025-01-01,STATE,Delta,Delta,Delta,South South,FALSE,1385.7142857142858,NGN per litre,2025-01-14,FALSE,,2,AGO_Report_JANUARY_2026.zip,AGO JANUARY 2026.xlsx,DIESEL JANUARY 2026,36,2,B36
2026-01-01,2025-01-01,STATE,Ebonyi,Ebonyi,Ebonyi,South East,FALSE,1293.3735715,NGN per litre,2025-01-14,FALSE,,2,AGO_Report_JANUARY_2026.zip,AGO JANUARY 2026.xlsx,DIESEL JANUARY 2026,29,2,B29
2026-01-01,2025-01-01,STATE,Edo,Edo,Edo,South South,FALSE,1372.2222222222222,NGN per litre,2025-01-14,FALSE,,2,AGO_Report_JANUARY_2026.zip,AGO JANUARY 2026.xlsx,DIESEL JANUARY 2026,37,2,B37
2026-01-01,2025-01-01,STATE,Ekiti,Ekiti,Ekiti,South West,FALSE,1288.5714285714287,NGN per litre,2025-01-14,FALSE,,2,AGO_Report_JANUARY_2026.zip,AGO JANUARY 2026.xlsx,DIESEL JANUARY 2026,40,2,B40
2026-01-01,2025-01-01,STATE,Enugu,Enugu,Enugu,South East,FALSE,1500,NGN per litre,2025-01-14,FALSE,,2,AGO_Report_JANUARY_2026.zip,AGO JANUARY 2026.xlsx,DIESEL JANUARY 2026,30,2,B30
2026-01-01,2025-01-01,STATE,Gombe,Gombe,Gombe,North East,FALSE,1400,NGN per litre,2025-01-14,FALSE,,2,AGO_Report_JANUARY_2026.zip,AGO JANUARY 2026.xlsx,DIESEL JANUARY 2026,15,2,B15
2026-01-01,2025-01-01,STATE,Imo,Imo,Imo,South East,FALSE,1360,NGN per litre,2025-01-14,FALSE,,2,AGO_Report_JANUARY_2026.zip,AGO JANUARY 2026.xlsx,DIESEL JANUARY 2026,31,2,B31
2026-01-01,2025-01-01,STATE,Jigawa,Jigawa,Jigawa,North West,FALSE,1250,NGN per litre,2025-01-14,FALSE,,2,AGO_Report_JANUARY_2026.zip,AGO JANUARY 2026.xlsx,DIESEL JANUARY 2026,19,2,B19
2026-01-01,2025-01-01,STATE,Kaduna,Kaduna,Kaduna,North West,FALSE,1320,NGN per litre,2025-01-14,FALSE,,2,AGO_Report_JANUARY_2026.zip,AGO JANUARY 2026.xlsx,DIESEL JANUARY 2026,20,2,B20
2026-01-01,2025-01-01,STATE,Kano,Kano,Kano,North West,FALSE,1670,NGN per litre,2025-01-14,FALSE,,2,AGO_Report_JANUARY_2026.zip,AGO JANUARY 2026.xlsx,DIESEL JANUARY 2026,21,2,B21
2026-01-01,2025-01-01,STATE,Katsina,Katsina,Katsina,North West,FALSE,1463.3333333333333,NGN per litre,2025-01-14,FALSE,,2,AGO_Report_JANUARY_2026.zip,AGO JANUARY 2026.xlsx,DIESEL JANUARY 2026,22,2,B22
2026-01-01,2025-01-01,STATE,Kebbi,Kebbi,Kebbi,North West,FALSE,1296,NGN per litre,2025-01-14,FALSE,,2,AGO_Report_JANUARY_2026.zip,AGO JANUARY 2026.xlsx,DIESEL JANUARY 2026,23,2,B23
2026-01-01,2025-01-01,STATE,Kogi,Kogi,Kogi,North Central,FALSE,1200,NGN per litre,2025-01-14,FALSE,,2,AGO_Report_JANUARY_2026.zip,AGO JANUARY 2026.xlsx,DIESEL JANUARY 2026,6,2,B6
2026-01-01,2025-01-01,STATE,Kwara,Kwara,Kwara,North Central,FALSE,1465.084015,NGN per litre,2025-01-14,FALSE,,2,AGO_Report_JANUARY_2026.zip,AGO JANUARY 2026.xlsx,DIESEL JANUARY 2026,7,2,B7
2026-01-01,2025-01-01,STATE,Lagos,Lagos,Lagos,South West,FALSE,1324.4444444444443,NGN per litre,2025-01-14,FALSE,,2,AGO_Report_JANUARY_2026.zip,AGO JANUARY 2026.xlsx,DIESEL JANUARY 2026,41,2,B41
2026-01-01,2025-01-01,STATE,Nasarawa,Nassarawa,Nasarawa,North Central,FALSE,1735.0683142,NGN per litre,2025-01-14,FALSE,,2,AGO_Report_JANUARY_2026.zip,AGO JANUARY 2026.xlsx,DIESEL JANUARY 2026,8,2,B8
2026-01-01,2025-01-01,STATE,Niger,Niger,Niger,North Central,FALSE,1475.1637321428573,NGN per litre,2025-01-14,FALSE,,2,AGO_Report_JANUARY_2026.zip,AGO JANUARY 2026.xlsx,DIESEL JANUARY 2026,9,2,B9
2026-01-01,2025-01-01,STATE,Ogun,Ogun,Ogun,South West,FALSE,1250,NGN per litre,2025-01-14,FALSE,,2,AGO_Report_JANUARY_2026.zip,AGO JANUARY 2026.xlsx,DIESEL JANUARY 2026,42,2,B42
2026-01-01,2025-01-01,STATE,Ondo,Ondo,Ondo,South West,FALSE,1401,NGN per litre,2025-01-14,FALSE,,2,AGO_Report_JANUARY_2026.zip,AGO JANUARY 2026.xlsx,DIESEL JANUARY 2026,43,2,B43
2026-01-01,2025-01-01,STATE,Osun,Osun,Osun,South West,FALSE,1388.888888888889,NGN per litre,2025-01-14,FALSE,,2,AGO_Report_JANUARY_2026.zip,AGO JANUARY 2026.xlsx,DIESEL JANUARY 2026,44,2,B44
2026-01-01,2025-01-01,STATE,Oyo,Oyo,Oyo,South West,FALSE,1315,NGN per litre,2025-01-14,FALSE,,2,AGO_Report_JANUARY_2026.zip,AGO JANUARY 2026.xlsx,DIESEL JANUARY 2026,45,2,B45
2026-01-01,2025-01-01,STATE,Plateau,Plateau,Plateau,North Central,FALSE,2002.441007,NGN per litre,2025-01-14,FALSE,,2,AGO_Report_JANUARY_2026.zip,AGO JANUARY 2026.xlsx,DIESEL JANUARY 2026,10,2,B10
2026-01-01,2025-01-01,STATE,Rivers,Rivers,Rivers,South South,FALSE,1406.25,NGN per litre,2025-01-14,FALSE,,2,AGO_Report_JANUARY_2026.zip,AGO JANUARY 2026.xlsx,DIESEL JANUARY 2026,38,2,B38
2026-01-01,2025-01-01,STATE,Sokoto,Sokoto,Sokoto,North West,FALSE,1600,NGN per litre,2025-01-14,FALSE,,2,AGO_Report_JANUARY_2026.zip,AGO JANUARY 2026.xlsx,DIESEL JANUARY 2026,24,2,B24
2026-01-01,2025-01-01,STATE,Taraba,Taraba,Taraba,North East,FALSE,1700,NGN per litre,2025-01-14,FALSE,,2,AGO_Report_JANUARY_2026.zip,AGO JANUARY 2026.xlsx,DIESEL JANUARY 2026,16,2,B16
2026-01-01,2025-01-01,STATE,Yobe,Yobe,Yobe,North East,FALSE,1600,NGN per litre,2025-01-14,FALSE,,2,AGO_Report_JANUARY_2026.zip,AGO JANUARY 2026.xlsx,DIESEL JANUARY 2026,17,2,B17
2026-01-01,2025-01-01,STATE,Zamfara,Zamfara,Zamfara,North West,FALSE,1280,NGN per litre,2025-01-14,FALSE,,2,AGO_Report_JANUARY_2026.zip,AGO JANUARY 2026.xlsx,DIESEL JANUARY 2026,25,2,B25
2026-01-01,2025-01-01,ZONE,North Central,NORTH CENTRAL,,North Central,TRUE,1680.39386690612,NGN per litre,2025-01-14,FALSE,,2,AGO_Report_JANUARY_2026.zip,AGO JANUARY 2026.xlsx,DIESEL JANUARY 2026,3,2,B3
2026-01-01,2025-01-01,ZONE,North East,NORTH EAST,,North East,TRUE,1675,NGN per litre,2025-01-14,FALSE,,2,AGO_Report_JANUARY_2026.zip,AGO JANUARY 2026.xlsx,DIESEL JANUARY 2026,11,2,B11
2026-01-01,2025-01-01,ZONE,North West,NORTH WEST,,North West,TRUE,1411.3333333333333,NGN per litre,2025-01-14,FALSE,,2,AGO_Report_JANUARY_2026.zip,AGO JANUARY 2026.xlsx,DIESEL JANUARY 2026,18,2,B18
2026-01-01,2025-01-01,ZONE,South East,SOUTH EAST,,South East,TRUE,1377.2949695666669,NGN per litre,2025-01-14,FALSE,,2,AGO_Report_JANUARY_2026.zip,AGO JANUARY 2026.xlsx,DIESEL JANUARY 2026,26,2,B26
2026-01-01,2025-01-01,ZONE,South South,SOUTH SOUTH,,South South,TRUE,1501.9675925925922,NGN per litre,2025-01-14,FALSE,,2,AGO_Report_JANUARY_2026.zip,AGO JANUARY 2026.xlsx,DIESEL JANUARY 2026,32,2,B32
2026-01-01,2025-01-01,ZONE,South West,SOUTH WEST,,South West,TRUE,1327.984126984127,NGN per litre,2025-01-14,FALSE,,2,AGO_Report_JANUARY_2026.zip,AGO JANUARY 2026.xlsx,DIESEL JANUARY 2026,39,2,B39
2026-01-01,2025-01-01,NATIONAL,Nigeria,NATIONAL,,,TRUE,1501.575015323509,NGN per litre,2025-01-14,FALSE,,2,AGO_Report_JANUARY_2026.zip,AGO JANUARY 2026.xlsx,DIESEL JANUARY 2026,46,2,B46
2026-01-01,2025-12-01,STATE,Abia,Abia,Abia,South East,FALSE,1412.3920400000002,NGN per litre,2025-12-14,FALSE,,2,AGO_Report_JANUARY_2026.zip,AGO JANUARY 2026.xlsx,DIESEL JANUARY 2026,27,3,C27
2026-01-01,2025-12-01,STATE,Abuja,Abuja,Abuja,North Central,FALSE,1383.214516666667,NGN per litre,2025-12-14,FALSE,,2,AGO_Report_JANUARY_2026.zip,AGO JANUARY 2026.xlsx,DIESEL JANUARY 2026,4,3,C4
2026-01-01,2025-12-01,STATE,Adamawa,Adamawa,Adamawa,North East,FALSE,1420.041155857143,NGN per litre,2025-12-14,FALSE,,2,AGO_Report_JANUARY_2026.zip,AGO JANUARY 2026.xlsx,DIESEL JANUARY 2026,12,3,C12
2026-01-01,2025-12-01,STATE,Akwa Ibom,Akwa Ibom,Akwa Ibom,South South,FALSE,1435.309604,NGN per litre,2025-12-14,FALSE,,2,AGO_Report_JANUARY_2026.zip,AGO JANUARY 2026.xlsx,DIESEL JANUARY 2026,33,3,C33
2026-01-01,2025-12-01,STATE,Anambra,Anambra,Anambra,South East,FALSE,1400.3192375,NGN per litre,2025-12-14,FALSE,,2,AGO_Report_JANUARY_2026.zip,AGO JANUARY 2026.xlsx,DIESEL JANUARY 2026,28,3,C28
2026-01-01,2025-12-01,STATE,Bauchi,Bauchi,Bauchi,North East,FALSE,1368.7822124999998,NGN per litre,2025-12-14,FALSE,,2,AGO_Report_JANUARY_2026.zip,AGO JANUARY 2026.xlsx,DIESEL JANUARY 2026,13,3,C13
2026-01-01,2025-12-01,STATE,Bayelsa,Bayelsa,Bayelsa,South South,FALSE,1441.6170625,NGN per litre,2025-12-14,FALSE,,2,AGO_Report_JANUARY_2026.zip,AGO JANUARY 2026.xlsx,DIESEL JANUARY 2026,34,3,C34
2026-01-01,2025-12-01,STATE,Benue,Benue,Benue,North Central,FALSE,1376.0218671428572,NGN per litre,2025-12-14,FALSE,,2,AGO_Report_JANUARY_2026.zip,AGO JANUARY 2026.xlsx,DIESEL JANUARY 2026,5,3,C5
2026-01-01,2025-12-01,STATE,Borno,Borno,Borno,North East,FALSE,1435.3782439999998,NGN per litre,2025-12-14,FALSE,,2,AGO_Report_JANUARY_2026.zip,AGO JANUARY 2026.xlsx,DIESEL JANUARY 2026,14,3,C14
2026-01-01,2025-12-01,STATE,Cross River,Cross River,Cross River,South South,FALSE,1439.1740666666667,NGN per litre,2025-12-14,FALSE,,2,AGO_Report_JANUARY_2026.zip,AGO JANUARY 2026.xlsx,DIESEL JANUARY 2026,35,3,C35
2026-01-01,2025-12-01,STATE,Delta,Delta,Delta,South South,FALSE,1371.7786286920455,NGN per litre,2025-12-14,FALSE,,2,AGO_Report_JANUARY_2026.zip,AGO JANUARY 2026.xlsx,DIESEL JANUARY 2026,36,3,C36
2026-01-01,2025-12-01,STATE,Ebonyi,Ebonyi,Ebonyi,South East,FALSE,1383.8404535500001,NGN per litre,2025-12-14,FALSE,,2,AGO_Report_JANUARY_2026.zip,AGO JANUARY 2026.xlsx,DIESEL JANUARY 2026,29,3,C29
2026-01-01,2025-12-01,STATE,Edo,Edo,Edo,South South,FALSE,1311.960435,NGN per litre,2025-12-14,FALSE,,2,AGO_Report_JANUARY_2026.zip,AGO JANUARY 2026.xlsx,DIESEL JANUARY 2026,37,3,C37
2026-01-01,2025-12-01,STATE,Ekiti,Ekiti,Ekiti,South West,FALSE,1405.9028250000001,NGN per litre,2025-12-14,FALSE,,2,AGO_Report_JANUARY_2026.zip,AGO JANUARY 2026.xlsx,DIESEL JANUARY 2026,40,3,C40
2026-01-01,2025-12-01,STATE,Enugu,Enugu,Enugu,South East,FALSE,1465.6862250000001,NGN per litre,2025-12-14,FALSE,,2,AGO_Report_JANUARY_2026.zip,AGO JANUARY 2026.xlsx,DIESEL JANUARY 2026,30,3,C30
2026-01-01,2025-12-01,STATE,Gombe,Gombe,Gombe,North East,FALSE,1394.08769,NGN per litre,2025-12-14,FALSE,,2,AGO_Report_JANUARY_2026.zip,AGO JANUARY 2026.xlsx,DIESEL JANUARY 2026,15,3,C15
2026-01-01,2025-12-01,STATE,Imo,Imo,Imo,South East,FALSE,1409.2204385807145,NGN per litre,2025-12-14,FALSE,,2,AGO_Report_JANUARY_2026.zip,AGO JANUARY 2026.xlsx,DIESEL JANUARY 2026,31,3,C31
2026-01-01,2025-12-01,STATE,Jigawa,Jigawa,Jigawa,North West,FALSE,1436.8039415000003,NGN per litre,2025-12-14,FALSE,,2,AGO_Report_JANUARY_2026.zip,AGO JANUARY 2026.xlsx,DIESEL JANUARY 2026,19,3,C19
2026-01-01,2025-12-01,STATE,Kaduna,Kaduna,Kaduna,North West,FALSE,1449.6965,NGN per litre,2025-12-14,FALSE,,2,AGO_Report_JANUARY_2026.zip,AGO JANUARY 2026.xlsx,DIESEL JANUARY 2026,20,3,C20
2026-01-01,2025-12-01,STATE,Kano,Kano,Kano,North West,FALSE,1408.0264537692308,NGN per litre,2025-12-14,FALSE,,2,AGO_Report_JANUARY_2026.zip,AGO JANUARY 2026.xlsx,DIESEL JANUARY 2026,21,3,C21
2026-01-01,2025-12-01,STATE,Katsina,Katsina,Katsina,North West,FALSE,1297.2366590899999,NGN per litre,2025-12-14,FALSE,,2,AGO_Report_JANUARY_2026.zip,AGO JANUARY 2026.xlsx,DIESEL JANUARY 2026,22,3,C22
2026-01-01,2025-12-01,STATE,Kebbi,Kebbi,Kebbi,North West,FALSE,1301.0956053,NGN per litre,2025-12-14,FALSE,,2,AGO_Report_JANUARY_2026.zip,AGO JANUARY 2026.xlsx,DIESEL JANUARY 2026,23,3,C23
2026-01-01,2025-12-01,STATE,Kogi,Kogi,Kogi,North Central,FALSE,1413.6917,NGN per litre,2025-12-14,FALSE,,2,AGO_Report_JANUARY_2026.zip,AGO JANUARY 2026.xlsx,DIESEL JANUARY 2026,6,3,C6
2026-01-01,2025-12-01,STATE,Kwara,Kwara,Kwara,North Central,FALSE,1396.05888,NGN per litre,2025-12-14,FALSE,,2,AGO_Report_JANUARY_2026.zip,AGO JANUARY 2026.xlsx,DIESEL JANUARY 2026,7,3,C7
2026-01-01,2025-12-01,STATE,Lagos,Lagos,Lagos,South West,FALSE,1425.17346,NGN per litre,2025-12-14,FALSE,,2,AGO_Report_JANUARY_2026.zip,AGO JANUARY 2026.xlsx,DIESEL JANUARY 2026,41,3,C41
2026-01-01,2025-12-01,STATE,Nasarawa,Nassarawa,Nasarawa,North Central,FALSE,1313.24733375,NGN per litre,2025-12-14,FALSE,,2,AGO_Report_JANUARY_2026.zip,AGO JANUARY 2026.xlsx,DIESEL JANUARY 2026,8,3,C8
2026-01-01,2025-12-01,STATE,Niger,Niger,Niger,North Central,FALSE,1432.98793977,NGN per litre,2025-12-14,FALSE,,2,AGO_Report_JANUARY_2026.zip,AGO JANUARY 2026.xlsx,DIESEL JANUARY 2026,9,3,C9
2026-01-01,2025-12-01,STATE,Ogun,Ogun,Ogun,South West,FALSE,1403.9373430834398,NGN per litre,2025-12-14,FALSE,,2,AGO_Report_JANUARY_2026.zip,AGO JANUARY 2026.xlsx,DIESEL JANUARY 2026,42,3,C42
2026-01-01,2025-12-01,STATE,Ondo,Ondo,Ondo,South West,FALSE,1404.5620256666668,NGN per litre,2025-12-14,FALSE,,2,AGO_Report_JANUARY_2026.zip,AGO JANUARY 2026.xlsx,DIESEL JANUARY 2026,43,3,C43
2026-01-01,2025-12-01,STATE,Osun,Osun,Osun,South West,FALSE,1427.2569954285714,NGN per litre,2025-12-14,FALSE,,2,AGO_Report_JANUARY_2026.zip,AGO JANUARY 2026.xlsx,DIESEL JANUARY 2026,44,3,C44
2026-01-01,2025-12-01,STATE,Oyo,Oyo,Oyo,South West,FALSE,1389.6622212999998,NGN per litre,2025-12-14,FALSE,,2,AGO_Report_JANUARY_2026.zip,AGO JANUARY 2026.xlsx,DIESEL JANUARY 2026,45,3,C45
2026-01-01,2025-12-01,STATE,Plateau,Plateau,Plateau,North Central,FALSE,1428.3494680000001,NGN per litre,2025-12-14,FALSE,,2,AGO_Report_JANUARY_2026.zip,AGO JANUARY 2026.xlsx,DIESEL JANUARY 2026,10,3,C10
2026-01-01,2025-12-01,STATE,Rivers,Rivers,Rivers,South South,FALSE,1383.15328125,NGN per litre,2025-12-14,FALSE,,2,AGO_Report_JANUARY_2026.zip,AGO JANUARY 2026.xlsx,DIESEL JANUARY 2026,38,3,C38
2026-01-01,2025-12-01,STATE,Sokoto,Sokoto,Sokoto,North West,FALSE,1434.204175625,NGN per litre,2025-12-14,FALSE,,2,AGO_Report_JANUARY_2026.zip,AGO JANUARY 2026.xlsx,DIESEL JANUARY 2026,24,3,C24
2026-01-01,2025-12-01,STATE,Taraba,Taraba,Taraba,North East,FALSE,1396.7567600000002,NGN per litre,2025-12-14,FALSE,,2,AGO_Report_JANUARY_2026.zip,AGO JANUARY 2026.xlsx,DIESEL JANUARY 2026,16,3,C16
2026-01-01,2025-12-01,STATE,Yobe,Yobe,Yobe,North East,FALSE,1429.6146800000001,NGN per litre,2025-12-14,FALSE,,2,AGO_Report_JANUARY_2026.zip,AGO JANUARY 2026.xlsx,DIESEL JANUARY 2026,17,3,C17
2026-01-01,2025-12-01,STATE,Zamfara,Zamfara,Zamfara,North West,FALSE,1434.0524414285715,NGN per litre,2025-12-14,FALSE,,2,AGO_Report_JANUARY_2026.zip,AGO JANUARY 2026.xlsx,DIESEL JANUARY 2026,25,3,C25
2026-01-01,2025-12-01,ZONE,North Central,NORTH CENTRAL,,North Central,TRUE,1391.938815047075,NGN per litre,2025-12-14,FALSE,,2,AGO_Report_JANUARY_2026.zip,AGO JANUARY 2026.xlsx,DIESEL JANUARY 2026,3,3,C3
2026-01-01,2025-12-01,ZONE,North East,NORTH EAST,,North East,TRUE,1407.4434570595238,NGN per litre,2025-12-14,FALSE,,2,AGO_Report_JANUARY_2026.zip,AGO JANUARY 2026.xlsx,DIESEL JANUARY 2026,11,3,C11
2026-01-01,2025-12-01,ZONE,North West,NORTH WEST,,North West,TRUE,1394.4451109589718,NGN per litre,2025-12-14,FALSE,,2,AGO_Report_JANUARY_2026.zip,AGO JANUARY 2026.xlsx,DIESEL JANUARY 2026,18,3,C18
2026-01-01,2025-12-01,ZONE,South East,SOUTH EAST,,South East,TRUE,1414.291678926143,NGN per litre,2025-12-14,FALSE,,2,AGO_Report_JANUARY_2026.zip,AGO JANUARY 2026.xlsx,DIESEL JANUARY 2026,26,3,C26
2026-01-01,2025-12-01,ZONE,South South,SOUTH SOUTH,,South South,TRUE,1397.1655130181189,NGN per litre,2025-12-14,FALSE,,2,AGO_Report_JANUARY_2026.zip,AGO JANUARY 2026.xlsx,DIESEL JANUARY 2026,32,3,C32
2026-01-01,2025-12-01,ZONE,South West,SOUTH WEST,,South West,TRUE,1409.415811746446,NGN per litre,2025-12-14,FALSE,,2,AGO_Report_JANUARY_2026.zip,AGO JANUARY 2026.xlsx,DIESEL JANUARY 2026,39,3,C39
2026-01-01,2025-12-01,NATIONAL,Nigeria,NATIONAL,,,TRUE,1401.629582908583,NGN per litre,2025-12-14,FALSE,,2,AGO_Report_JANUARY_2026.zip,AGO JANUARY 2026.xlsx,DIESEL JANUARY 2026,46,3,C46
2026-01-01,2026-01-01,STATE,Abia,Abia,Abia,South East,FALSE,1282.5,NGN per litre,2026-01-14,TRUE,,2,AGO_Report_JANUARY_2026.zip,AGO JANUARY 2026.xlsx,DIESEL JANUARY 2026,27,4,D27
2026-01-01,2026-01-01,STATE,Abuja,Abuja,Abuja,North Central,FALSE,1332.3665533333333,NGN per litre,2026-01-14,TRUE,,2,AGO_Report_JANUARY_2026.zip,AGO JANUARY 2026.xlsx,DIESEL JANUARY 2026,4,4,D4
2026-01-01,2026-01-01,STATE,Adamawa,Adamawa,Adamawa,North East,FALSE,1422.912508,NGN per litre,2026-01-14,TRUE,,2,AGO_Report_JANUARY_2026.zip,AGO JANUARY 2026.xlsx,DIESEL JANUARY 2026,12,4,D12
2026-01-01,2026-01-01,STATE,Akwa Ibom,Akwa Ibom,Akwa Ibom,South South,FALSE,1558.5228796133335,NGN per litre,2026-01-14,TRUE,,2,AGO_Report_JANUARY_2026.zip,AGO JANUARY 2026.xlsx,DIESEL JANUARY 2026,33,4,D33
2026-01-01,2026-01-01,STATE,Anambra,Anambra,Anambra,South East,FALSE,1243.075,NGN per litre,2026-01-14,TRUE,,2,AGO_Report_JANUARY_2026.zip,AGO JANUARY 2026.xlsx,DIESEL JANUARY 2026,28,4,D28
2026-01-01,2026-01-01,STATE,Bauchi,Bauchi,Bauchi,North East,FALSE,1449.618465625,NGN per litre,2026-01-14,TRUE,,2,AGO_Report_JANUARY_2026.zip,AGO JANUARY 2026.xlsx,DIESEL JANUARY 2026,13,4,D13
2026-01-01,2026-01-01,STATE,Bayelsa,Bayelsa,Bayelsa,South South,FALSE,1294.5109750000001,NGN per litre,2026-01-14,TRUE,,2,AGO_Report_JANUARY_2026.zip,AGO JANUARY 2026.xlsx,DIESEL JANUARY 2026,34,4,D34
2026-01-01,2026-01-01,STATE,Benue,Benue,Benue,North Central,FALSE,1309.2055107142858,NGN per litre,2026-01-14,TRUE,,2,AGO_Report_JANUARY_2026.zip,AGO JANUARY 2026.xlsx,DIESEL JANUARY 2026,5,4,D5
2026-01-01,2026-01-01,STATE,Borno,Borno,Borno,North East,FALSE,1480,NGN per litre,2026-01-14,TRUE,,2,AGO_Report_JANUARY_2026.zip,AGO JANUARY 2026.xlsx,DIESEL JANUARY 2026,14,4,D14
2026-01-01,2026-01-01,STATE,Cross River,Cross River,Cross River,South South,FALSE,1295.915445104355,NGN per litre,2026-01-14,TRUE,,2,AGO_Report_JANUARY_2026.zip,AGO JANUARY 2026.xlsx,DIESEL JANUARY 2026,35,4,D35
2026-01-01,2026-01-01,STATE,Delta,Delta,Delta,South South,FALSE,1323.4226258930692,NGN per litre,2026-01-14,TRUE,,2,AGO_Report_JANUARY_2026.zip,AGO JANUARY 2026.xlsx,DIESEL JANUARY 2026,36,4,D36
2026-01-01,2026-01-01,STATE,Ebonyi,Ebonyi,Ebonyi,South East,FALSE,1344.406683,NGN per litre,2026-01-14,TRUE,,2,AGO_Report_JANUARY_2026.zip,AGO JANUARY 2026.xlsx,DIESEL JANUARY 2026,29,4,D29
2026-01-01,2026-01-01,STATE,Edo,Edo,Edo,South South,FALSE,1414.11220295,NGN per litre,2026-01-14,TRUE,,2,AGO_Report_JANUARY_2026.zip,AGO JANUARY 2026.xlsx,DIESEL JANUARY 2026,37,4,D37
2026-01-01,2026-01-01,STATE,Ekiti,Ekiti,Ekiti,South West,FALSE,1311.5833333333333,NGN per litre,2026-01-14,TRUE,,2,AGO_Report_JANUARY_2026.zip,AGO JANUARY 2026.xlsx,DIESEL JANUARY 2026,40,4,D40
2026-01-01,2026-01-01,STATE,Enugu,Enugu,Enugu,South East,FALSE,1251.687075,NGN per litre,2026-01-14,TRUE,,2,AGO_Report_JANUARY_2026.zip,AGO JANUARY 2026.xlsx,DIESEL JANUARY 2026,30,4,D30
2026-01-01,2026-01-01,STATE,Gombe,Gombe,Gombe,North East,FALSE,1403.3044384452,NGN per litre,2026-01-14,TRUE,,2,AGO_Report_JANUARY_2026.zip,AGO JANUARY 2026.xlsx,DIESEL JANUARY 2026,15,4,D15
2026-01-01,2026-01-01,STATE,Imo,Imo,Imo,South East,FALSE,1319.327731152143,NGN per litre,2026-01-14,TRUE,,2,AGO_Report_JANUARY_2026.zip,AGO JANUARY 2026.xlsx,DIESEL JANUARY 2026,31,4,D31
2026-01-01,2026-01-01,STATE,Jigawa,Jigawa,Jigawa,North West,FALSE,1353.36941375,NGN per litre,2026-01-14,TRUE,,2,AGO_Report_JANUARY_2026.zip,AGO JANUARY 2026.xlsx,DIESEL JANUARY 2026,19,4,D19
2026-01-01,2026-01-01,STATE,Kaduna,Kaduna,Kaduna,North West,FALSE,1266.66666666667,NGN per litre,2026-01-14,TRUE,,2,AGO_Report_JANUARY_2026.zip,AGO JANUARY 2026.xlsx,DIESEL JANUARY 2026,20,4,D20
2026-01-01,2026-01-01,STATE,Kano,Kano,Kano,North West,FALSE,1281.920358544149,NGN per litre,2026-01-14,TRUE,,2,AGO_Report_JANUARY_2026.zip,AGO JANUARY 2026.xlsx,DIESEL JANUARY 2026,21,4,D21
2026-01-01,2026-01-01,STATE,Katsina,Katsina,Katsina,North West,FALSE,1310.6561766666666,NGN per litre,2026-01-14,TRUE,,2,AGO_Report_JANUARY_2026.zip,AGO JANUARY 2026.xlsx,DIESEL JANUARY 2026,22,4,D22
2026-01-01,2026-01-01,STATE,Kebbi,Kebbi,Kebbi,North West,FALSE,1382.3348168,NGN per litre,2026-01-14,TRUE,,2,AGO_Report_JANUARY_2026.zip,AGO JANUARY 2026.xlsx,DIESEL JANUARY 2026,23,4,D23
2026-01-01,2026-01-01,STATE,Kogi,Kogi,Kogi,North Central,FALSE,1200,NGN per litre,2026-01-14,TRUE,,2,AGO_Report_JANUARY_2026.zip,AGO JANUARY 2026.xlsx,DIESEL JANUARY 2026,6,4,D6
2026-01-01,2026-01-01,STATE,Kwara,Kwara,Kwara,North Central,FALSE,1397.7621086071438,NGN per litre,2026-01-14,TRUE,,2,AGO_Report_JANUARY_2026.zip,AGO JANUARY 2026.xlsx,DIESEL JANUARY 2026,7,4,D7
2026-01-01,2026-01-01,STATE,Lagos,Lagos,Lagos,South West,FALSE,1560.82320461578,NGN per litre,2026-01-14,TRUE,,2,AGO_Report_JANUARY_2026.zip,AGO JANUARY 2026.xlsx,DIESEL JANUARY 2026,41,4,D41
2026-01-01,2026-01-01,STATE,Nasarawa,Nassarawa,Nasarawa,North Central,FALSE,1379.349025,NGN per litre,2026-01-14,TRUE,,2,AGO_Report_JANUARY_2026.zip,AGO JANUARY 2026.xlsx,DIESEL JANUARY 2026,8,4,D8
2026-01-01,2026-01-01,STATE,Niger,Niger,Niger,North Central,FALSE,1276,NGN per litre,2026-01-14,TRUE,,2,AGO_Report_JANUARY_2026.zip,AGO JANUARY 2026.xlsx,DIESEL JANUARY 2026,9,4,D9
2026-01-01,2026-01-01,STATE,Ogun,Ogun,Ogun,South West,FALSE,1230.5158197305,NGN per litre,2026-01-14,TRUE,,2,AGO_Report_JANUARY_2026.zip,AGO JANUARY 2026.xlsx,DIESEL JANUARY 2026,42,4,D42
2026-01-01,2026-01-01,STATE,Ondo,Ondo,Ondo,South West,FALSE,1382.3071723432276,NGN per litre,2026-01-14,TRUE,,2,AGO_Report_JANUARY_2026.zip,AGO JANUARY 2026.xlsx,DIESEL JANUARY 2026,43,4,D43
2026-01-01,2026-01-01,STATE,Osun,Osun,Osun,South West,FALSE,1427.59337402571,NGN per litre,2026-01-14,TRUE,,2,AGO_Report_JANUARY_2026.zip,AGO JANUARY 2026.xlsx,DIESEL JANUARY 2026,44,4,D44
2026-01-01,2026-01-01,STATE,Oyo,Oyo,Oyo,South West,FALSE,1459.780045664,NGN per litre,2026-01-14,TRUE,,2,AGO_Report_JANUARY_2026.zip,AGO JANUARY 2026.xlsx,DIESEL JANUARY 2026,45,4,D45
2026-01-01,2026-01-01,STATE,Plateau,Plateau,Plateau,North Central,FALSE,1449.77882725,NGN per litre,2026-01-14,TRUE,,2,AGO_Report_JANUARY_2026.zip,AGO JANUARY 2026.xlsx,DIESEL JANUARY 2026,10,4,D10
2026-01-01,2026-01-01,STATE,Rivers,Rivers,Rivers,South South,FALSE,1439.610234635011,NGN per litre,2026-01-14,TRUE,,2,AGO_Report_JANUARY_2026.zip,AGO JANUARY 2026.xlsx,DIESEL JANUARY 2026,38,4,D38
2026-01-01,2026-01-01,STATE,Sokoto,Sokoto,Sokoto,North West,FALSE,1470.45542508762,NGN per litre,2026-01-14,TRUE,,2,AGO_Report_JANUARY_2026.zip,AGO JANUARY 2026.xlsx,DIESEL JANUARY 2026,24,4,D24
2026-01-01,2026-01-01,STATE,Taraba,Taraba,Taraba,North East,FALSE,1453.5,NGN per litre,2026-01-14,TRUE,,2,AGO_Report_JANUARY_2026.zip,AGO JANUARY 2026.xlsx,DIESEL JANUARY 2026,16,4,D16
2026-01-01,2026-01-01,STATE,Yobe,Yobe,Yobe,North East,FALSE,1376.41756,NGN per litre,2026-01-14,TRUE,,2,AGO_Report_JANUARY_2026.zip,AGO JANUARY 2026.xlsx,DIESEL JANUARY 2026,17,4,D17
2026-01-01,2026-01-01,STATE,Zamfara,Zamfara,Zamfara,North West,FALSE,1242.8235629449737,NGN per litre,2026-01-14,TRUE,,2,AGO_Report_JANUARY_2026.zip,AGO JANUARY 2026.xlsx,DIESEL JANUARY 2026,25,4,D25
2026-01-01,2026-01-01,ZONE,North Central,NORTH CENTRAL,,North Central,TRUE,1334.9231464149664,NGN per litre,2026-01-14,TRUE,,2,AGO_Report_JANUARY_2026.zip,AGO JANUARY 2026.xlsx,DIESEL JANUARY 2026,3,4,D3
2026-01-01,2026-01-01,ZONE,North East,NORTH EAST,,North East,TRUE,1430.9588286783667,NGN per litre,2026-01-14,TRUE,,2,AGO_Report_JANUARY_2026.zip,AGO JANUARY 2026.xlsx,DIESEL JANUARY 2026,11,4,D11
2026-01-01,2026-01-01,ZONE,North West,NORTH WEST,,North West,TRUE,1329.7466314942972,NGN per litre,2026-01-14,TRUE,,2,AGO_Report_JANUARY_2026.zip,AGO JANUARY 2026.xlsx,DIESEL JANUARY 2026,18,4,D18
2026-01-01,2026-01-01,ZONE,South East,SOUTH EAST,,South East,TRUE,1288.1992978304286,NGN per litre,2026-01-14,TRUE,,2,AGO_Report_JANUARY_2026.zip,AGO JANUARY 2026.xlsx,DIESEL JANUARY 2026,26,4,D26
2026-01-01,2026-01-01,ZONE,South South,SOUTH SOUTH,,South South,TRUE,1387.6823938659616,NGN per litre,2026-01-14,TRUE,,2,AGO_Report_JANUARY_2026.zip,AGO JANUARY 2026.xlsx,DIESEL JANUARY 2026,32,4,D32
2026-01-01,2026-01-01,ZONE,South West,SOUTH WEST,,South West,TRUE,1395.4338249520918,NGN per litre,2026-01-14,TRUE,,2,AGO_Report_JANUARY_2026.zip,AGO JANUARY 2026.xlsx,DIESEL JANUARY 2026,39,4,D39
2026-01-01,2026-01-01,NATIONAL,Nigeria,NATIONAL,,,TRUE,1361.5712221485276,NGN per litre,2026-01-14,TRUE,,2,AGO_Report_JANUARY_2026.zip,AGO JANUARY 2026.xlsx,DIESEL JANUARY 2026,46,4,D46
2026-02-01,2025-02-01,STATE,Abia,Abia,Abia,South East,FALSE,1508.948902,NGN per litre,2025-02-14,FALSE,,2,AGO_Report_FEBRUARY_2026.zip,AGO_FEBRUARY_2026.xlsx,Sheet1,27,2,B27
2026-02-01,2025-02-01,STATE,Abuja,Abuja,Abuja,North Central,FALSE,2080,NGN per litre,2025-02-14,FALSE,,2,AGO_Report_FEBRUARY_2026.zip,AGO_FEBRUARY_2026.xlsx,Sheet1,4,2,B4
2026-02-01,2025-02-01,STATE,Adamawa,Adamawa,Adamawa,North East,FALSE,2000,NGN per litre,2025-02-14,FALSE,,2,AGO_Report_FEBRUARY_2026.zip,AGO_FEBRUARY_2026.xlsx,Sheet1,12,2,B12
2026-02-01,2025-02-01,STATE,Akwa Ibom,Akwa Ibom,Akwa Ibom,South South,FALSE,1558.1632651428572,NGN per litre,2025-02-14,FALSE,,2,AGO_Report_FEBRUARY_2026.zip,AGO_FEBRUARY_2026.xlsx,Sheet1,33,2,B33
2026-02-01,2025-02-01,STATE,Anambra,Anambra,Anambra,South East,FALSE,1241.6666666666667,NGN per litre,2025-02-14,FALSE,,2,AGO_Report_FEBRUARY_2026.zip,AGO_FEBRUARY_2026.xlsx,Sheet1,28,2,B28
2026-02-01,2025-02-01,STATE,Bauchi,Bauchi,Bauchi,North East,FALSE,1900,NGN per litre,2025-02-14,FALSE,,2,AGO_Report_FEBRUARY_2026.zip,AGO_FEBRUARY_2026.xlsx,Sheet1,13,2,B13
2026-02-01,2025-02-01,STATE,Bayelsa,Bayelsa,Bayelsa,South South,FALSE,1700,NGN per litre,2025-02-14,FALSE,,2,AGO_Report_FEBRUARY_2026.zip,AGO_FEBRUARY_2026.xlsx,Sheet1,34,2,B34
2026-02-01,2025-02-01,STATE,Benue,Benue,Benue,North Central,FALSE,1975,NGN per litre,2025-02-14,FALSE,,2,AGO_Report_FEBRUARY_2026.zip,AGO_FEBRUARY_2026.xlsx,Sheet1,5,2,B5
2026-02-01,2025-02-01,STATE,Borno,Borno,Borno,North East,FALSE,1550,NGN per litre,2025-02-14,FALSE,,2,AGO_Report_FEBRUARY_2026.zip,AGO_FEBRUARY_2026.xlsx,Sheet1,14,2,B14
2026-02-01,2025-02-01,STATE,Cross River,Cross River,Cross River,South South,FALSE,1733.3333333333333,NGN per litre,2025-02-14,FALSE,,2,AGO_Report_FEBRUARY_2026.zip,AGO_FEBRUARY_2026.xlsx,Sheet1,35,2,B35
2026-02-01,2025-02-01,STATE,Delta,Delta,Delta,South South,FALSE,1242.85714285714,NGN per litre,2025-02-14,FALSE,,2,AGO_Report_FEBRUARY_2026.zip,AGO_FEBRUARY_2026.xlsx,Sheet1,36,2,B36
2026-02-01,2025-02-01,STATE,Ebonyi,Ebonyi,Ebonyi,South East,FALSE,1293.8752581666668,NGN per litre,2025-02-14,FALSE,,2,AGO_Report_FEBRUARY_2026.zip,AGO_FEBRUARY_2026.xlsx,Sheet1,29,2,B29
2026-02-01,2025-02-01,STATE,Edo,Edo,Edo,South South,FALSE,1249.44444444444,NGN per litre,2025-02-14,FALSE,,2,AGO_Report_FEBRUARY_2026.zip,AGO_FEBRUARY_2026.xlsx,Sheet1,37,2,B37
2026-02-01,2025-02-01,STATE,Ekiti,Ekiti,Ekiti,South West,FALSE,1271.4285714285713,NGN per litre,2025-02-14,FALSE,,2,AGO_Report_FEBRUARY_2026.zip,AGO_FEBRUARY_2026.xlsx,Sheet1,40,2,B40
2026-02-01,2025-02-01,STATE,Enugu,Enugu,Enugu,South East,FALSE,1500,NGN per litre,2025-02-14,FALSE,,2,AGO_Report_FEBRUARY_2026.zip,AGO_FEBRUARY_2026.xlsx,Sheet1,30,2,B30
2026-02-01,2025-02-01,STATE,Gombe,Gombe,Gombe,North East,FALSE,1350,NGN per litre,2025-02-14,FALSE,,2,AGO_Report_FEBRUARY_2026.zip,AGO_FEBRUARY_2026.xlsx,Sheet1,15,2,B15
2026-02-01,2025-02-01,STATE,Imo,Imo,Imo,South East,FALSE,1360,NGN per litre,2025-02-14,FALSE,,2,AGO_Report_FEBRUARY_2026.zip,AGO_FEBRUARY_2026.xlsx,Sheet1,31,2,B31
2026-02-01,2025-02-01,STATE,Jigawa,Jigawa,Jigawa,North West,FALSE,1250,NGN per litre,2025-02-14,FALSE,,2,AGO_Report_FEBRUARY_2026.zip,AGO_FEBRUARY_2026.xlsx,Sheet1,19,2,B19
2026-02-01,2025-02-01,STATE,Kaduna,Kaduna,Kaduna,North West,FALSE,1500,NGN per litre,2025-02-14,FALSE,,2,AGO_Report_FEBRUARY_2026.zip,AGO_FEBRUARY_2026.xlsx,Sheet1,20,2,B20
2026-02-01,2025-02-01,STATE,Kano,Kano,Kano,North West,FALSE,1720,NGN per litre,2025-02-14,FALSE,,2,AGO_Report_FEBRUARY_2026.zip,AGO_FEBRUARY_2026.xlsx,Sheet1,21,2,B21
2026-02-01,2025-02-01,STATE,Katsina,Katsina,Katsina,North West,FALSE,1433.3333333333333,NGN per litre,2025-02-14,FALSE,,2,AGO_Report_FEBRUARY_2026.zip,AGO_FEBRUARY_2026.xlsx,Sheet1,22,2,B22
2026-02-01,2025-02-01,STATE,Kebbi,Kebbi,Kebbi,North West,FALSE,1345.25,NGN per litre,2025-02-14,FALSE,,2,AGO_Report_FEBRUARY_2026.zip,AGO_FEBRUARY_2026.xlsx,Sheet1,23,2,B23
2026-02-01,2025-02-01,STATE,Kogi,Kogi,Kogi,North Central,FALSE,1200,NGN per litre,2025-02-14,FALSE,,2,AGO_Report_FEBRUARY_2026.zip,AGO_FEBRUARY_2026.xlsx,Sheet1,6,2,B6
2026-02-01,2025-02-01,STATE,Kwara,Kwara,Kwara,North Central,FALSE,1450,NGN per litre,2025-02-14,FALSE,,2,AGO_Report_FEBRUARY_2026.zip,AGO_FEBRUARY_2026.xlsx,Sheet1,7,2,B7
2026-02-01,2025-02-01,STATE,Lagos,Lagos,Lagos,South West,FALSE,1222.2222222222222,NGN per litre,2025-02-14,FALSE,,2,AGO_Report_FEBRUARY_2026.zip,AGO_FEBRUARY_2026.xlsx,Sheet1,41,2,B41
2026-02-01,2025-02-01,STATE,Nasarawa,Nassarawa,Nasarawa,North Central,FALSE,1500,NGN per litre,2025-02-14,FALSE,,2,AGO_Report_FEBRUARY_2026.zip,AGO_FEBRUARY_2026.xlsx,Sheet1,8,2,B8
2026-02-01,2025-02-01,STATE,Niger,Niger,Niger,North Central,FALSE,1515.1172042857143,NGN per litre,2025-02-14,FALSE,,2,AGO_Report_FEBRUARY_2026.zip,AGO_FEBRUARY_2026.xlsx,Sheet1,9,2,B9
2026-02-01,2025-02-01,STATE,Ogun,Ogun,Ogun,South West,FALSE,1275,NGN per litre,2025-02-14,FALSE,,2,AGO_Report_FEBRUARY_2026.zip,AGO_FEBRUARY_2026.xlsx,Sheet1,42,2,B42
2026-02-01,2025-02-01,STATE,Ondo,Ondo,Ondo,South West,FALSE,1396.2857142999999,NGN per litre,2025-02-14,FALSE,,2,AGO_Report_FEBRUARY_2026.zip,AGO_FEBRUARY_2026.xlsx,Sheet1,43,2,B43
2026-02-01,2025-02-01,STATE,Osun,Osun,Osun,South West,FALSE,1333.3333333333333,NGN per litre,2025-02-14,FALSE,,2,AGO_Report_FEBRUARY_2026.zip,AGO_FEBRUARY_2026.xlsx,Sheet1,44,2,B44
2026-02-01,2025-02-01,STATE,Oyo,Oyo,Oyo,South West,FALSE,1415,NGN per litre,2025-02-14,FALSE,,2,AGO_Report_FEBRUARY_2026.zip,AGO_FEBRUARY_2026.xlsx,Sheet1,45,2,B45
2026-02-01,2025-02-01,STATE,Plateau,Plateau,Plateau,North Central,FALSE,2000,NGN per litre,2025-02-14,FALSE,,2,AGO_Report_FEBRUARY_2026.zip,AGO_FEBRUARY_2026.xlsx,Sheet1,10,2,B10
2026-02-01,2025-02-01,STATE,Rivers,Rivers,Rivers,South South,FALSE,1318.75,NGN per litre,2025-02-14,FALSE,,2,AGO_Report_FEBRUARY_2026.zip,AGO_FEBRUARY_2026.xlsx,Sheet1,38,2,B38
2026-02-01,2025-02-01,STATE,Sokoto,Sokoto,Sokoto,North West,FALSE,1600,NGN per litre,2025-02-14,FALSE,,2,AGO_Report_FEBRUARY_2026.zip,AGO_FEBRUARY_2026.xlsx,Sheet1,24,2,B24
2026-02-01,2025-02-01,STATE,Taraba,Taraba,Taraba,North East,FALSE,1600,NGN per litre,2025-02-14,FALSE,,2,AGO_Report_FEBRUARY_2026.zip,AGO_FEBRUARY_2026.xlsx,Sheet1,16,2,B16
2026-02-01,2025-02-01,STATE,Yobe,Yobe,Yobe,North East,FALSE,1650,NGN per litre,2025-02-14,FALSE,,2,AGO_Report_FEBRUARY_2026.zip,AGO_FEBRUARY_2026.xlsx,Sheet1,17,2,B17
2026-02-01,2025-02-01,STATE,Zamfara,Zamfara,Zamfara,North West,FALSE,1300,NGN per litre,2025-02-14,FALSE,,2,AGO_Report_FEBRUARY_2026.zip,AGO_FEBRUARY_2026.xlsx,Sheet1,25,2,B25
2026-02-01,2025-02-01,ZONE,North Central,NORTH CENTRAL,,North Central,TRUE,1674.302457755102,NGN per litre,2025-02-14,FALSE,,2,AGO_Report_FEBRUARY_2026.zip,AGO_FEBRUARY_2026.xlsx,Sheet1,3,2,B3
2026-02-01,2025-02-01,ZONE,North East,NORTH EAST,,North East,TRUE,1675,NGN per litre,2025-02-14,FALSE,,2,AGO_Report_FEBRUARY_2026.zip,AGO_FEBRUARY_2026.xlsx,Sheet1,11,2,B11
2026-02-01,2025-02-01,ZONE,North West,NORTH WEST,,North West,TRUE,1449.7976190476188,NGN per litre,2025-02-14,FALSE,,2,AGO_Report_FEBRUARY_2026.zip,AGO_FEBRUARY_2026.xlsx,Sheet1,18,2,B18
2026-02-01,2025-02-01,ZONE,South East,SOUTH EAST,,South East,TRUE,1380.8981653666667,NGN per litre,2025-02-14,FALSE,,2,AGO_Report_FEBRUARY_2026.zip,AGO_FEBRUARY_2026.xlsx,Sheet1,26,2,B26
2026-02-01,2025-02-01,ZONE,South South,SOUTH SOUTH,,South South,TRUE,1467.091364296295,NGN per litre,2025-02-14,FALSE,,2,AGO_Report_FEBRUARY_2026.zip,AGO_FEBRUARY_2026.xlsx,Sheet1,32,2,B32
2026-02-01,2025-02-01,ZONE,South West,SOUTH WEST,,South West,TRUE,1318.8783068806877,NGN per litre,2025-02-14,FALSE,,2,AGO_Report_FEBRUARY_2026.zip,AGO_FEBRUARY_2026.xlsx,Sheet1,39,2,B39
2026-02-01,2025-02-01,NATIONAL,Nigeria,NATIONAL,,,TRUE,1501.0543078787641,NGN per litre,2025-02-14,FALSE,,2,AGO_Report_FEBRUARY_2026.zip,AGO_FEBRUARY_2026.xlsx,Sheet1,46,2,B46
2026-02-01,2026-01-01,STATE,Abia,Abia,Abia,South East,FALSE,1282.5,NGN per litre,2026-01-14,FALSE,,2,AGO_Report_FEBRUARY_2026.zip,AGO_FEBRUARY_2026.xlsx,Sheet1,27,3,C27
2026-02-01,2026-01-01,STATE,Abuja,Abuja,Abuja,North Central,FALSE,1332.3665533333333,NGN per litre,2026-01-14,FALSE,,2,AGO_Report_FEBRUARY_2026.zip,AGO_FEBRUARY_2026.xlsx,Sheet1,4,3,C4
2026-02-01,2026-01-01,STATE,Adamawa,Adamawa,Adamawa,North East,FALSE,1422.912508,NGN per litre,2026-01-14,FALSE,,2,AGO_Report_FEBRUARY_2026.zip,AGO_FEBRUARY_2026.xlsx,Sheet1,12,3,C12
2026-02-01,2026-01-01,STATE,Akwa Ibom,Akwa Ibom,Akwa Ibom,South South,FALSE,1558.5228796133335,NGN per litre,2026-01-14,FALSE,,2,AGO_Report_FEBRUARY_2026.zip,AGO_FEBRUARY_2026.xlsx,Sheet1,33,3,C33
2026-02-01,2026-01-01,STATE,Anambra,Anambra,Anambra,South East,FALSE,1243.075,NGN per litre,2026-01-14,FALSE,,2,AGO_Report_FEBRUARY_2026.zip,AGO_FEBRUARY_2026.xlsx,Sheet1,28,3,C28
2026-02-01,2026-01-01,STATE,Bauchi,Bauchi,Bauchi,North East,FALSE,1449.618465625,NGN per litre,2026-01-14,FALSE,,2,AGO_Report_FEBRUARY_2026.zip,AGO_FEBRUARY_2026.xlsx,Sheet1,13,3,C13
2026-02-01,2026-01-01,STATE,Bayelsa,Bayelsa,Bayelsa,South South,FALSE,1294.5109750000001,NGN per litre,2026-01-14,FALSE,,2,AGO_Report_FEBRUARY_2026.zip,AGO_FEBRUARY_2026.xlsx,Sheet1,34,3,C34
2026-02-01,2026-01-01,STATE,Benue,Benue,Benue,North Central,FALSE,1309.2055107142858,NGN per litre,2026-01-14,FALSE,,2,AGO_Report_FEBRUARY_2026.zip,AGO_FEBRUARY_2026.xlsx,Sheet1,5,3,C5
2026-02-01,2026-01-01,STATE,Borno,Borno,Borno,North East,FALSE,1480,NGN per litre,2026-01-14,FALSE,,2,AGO_Report_FEBRUARY_2026.zip,AGO_FEBRUARY_2026.xlsx,Sheet1,14,3,C14
2026-02-01,2026-01-01,STATE,Cross River,Cross River,Cross River,South South,FALSE,1295.915445104355,NGN per litre,2026-01-14,FALSE,,2,AGO_Report_FEBRUARY_2026.zip,AGO_FEBRUARY_2026.xlsx,Sheet1,35,3,C35
2026-02-01,2026-01-01,STATE,Delta,Delta,Delta,South South,FALSE,1323.4226258930692,NGN per litre,2026-01-14,FALSE,,2,AGO_Report_FEBRUARY_2026.zip,AGO_FEBRUARY_2026.xlsx,Sheet1,36,3,C36
2026-02-01,2026-01-01,STATE,Ebonyi,Ebonyi,Ebonyi,South East,FALSE,1344.406683,NGN per litre,2026-01-14,FALSE,,2,AGO_Report_FEBRUARY_2026.zip,AGO_FEBRUARY_2026.xlsx,Sheet1,29,3,C29
2026-02-01,2026-01-01,STATE,Edo,Edo,Edo,South South,FALSE,1414.11220295,NGN per litre,2026-01-14,FALSE,,2,AGO_Report_FEBRUARY_2026.zip,AGO_FEBRUARY_2026.xlsx,Sheet1,37,3,C37
2026-02-01,2026-01-01,STATE,Ekiti,Ekiti,Ekiti,South West,FALSE,1311.5833333333333,NGN per litre,2026-01-14,FALSE,,2,AGO_Report_FEBRUARY_2026.zip,AGO_FEBRUARY_2026.xlsx,Sheet1,40,3,C40
2026-02-01,2026-01-01,STATE,Enugu,Enugu,Enugu,South East,FALSE,1251.687075,NGN per litre,2026-01-14,FALSE,,2,AGO_Report_FEBRUARY_2026.zip,AGO_FEBRUARY_2026.xlsx,Sheet1,30,3,C30
2026-02-01,2026-01-01,STATE,Gombe,Gombe,Gombe,North East,FALSE,1403.3044384452,NGN per litre,2026-01-14,FALSE,,2,AGO_Report_FEBRUARY_2026.zip,AGO_FEBRUARY_2026.xlsx,Sheet1,15,3,C15
2026-02-01,2026-01-01,STATE,Imo,Imo,Imo,South East,FALSE,1319.327731152143,NGN per litre,2026-01-14,FALSE,,2,AGO_Report_FEBRUARY_2026.zip,AGO_FEBRUARY_2026.xlsx,Sheet1,31,3,C31
2026-02-01,2026-01-01,STATE,Jigawa,Jigawa,Jigawa,North West,FALSE,1353.36941375,NGN per litre,2026-01-14,FALSE,,2,AGO_Report_FEBRUARY_2026.zip,AGO_FEBRUARY_2026.xlsx,Sheet1,19,3,C19
2026-02-01,2026-01-01,STATE,Kaduna,Kaduna,Kaduna,North West,FALSE,1266.66666666667,NGN per litre,2026-01-14,FALSE,,2,AGO_Report_FEBRUARY_2026.zip,AGO_FEBRUARY_2026.xlsx,Sheet1,20,3,C20
2026-02-01,2026-01-01,STATE,Kano,Kano,Kano,North West,FALSE,1281.920358544149,NGN per litre,2026-01-14,FALSE,,2,AGO_Report_FEBRUARY_2026.zip,AGO_FEBRUARY_2026.xlsx,Sheet1,21,3,C21
2026-02-01,2026-01-01,STATE,Katsina,Katsina,Katsina,North West,FALSE,1310.6561766666666,NGN per litre,2026-01-14,FALSE,,2,AGO_Report_FEBRUARY_2026.zip,AGO_FEBRUARY_2026.xlsx,Sheet1,22,3,C22
2026-02-01,2026-01-01,STATE,Kebbi,Kebbi,Kebbi,North West,FALSE,1382.3348168,NGN per litre,2026-01-14,FALSE,,2,AGO_Report_FEBRUARY_2026.zip,AGO_FEBRUARY_2026.xlsx,Sheet1,23,3,C23
2026-02-01,2026-01-01,STATE,Kogi,Kogi,Kogi,North Central,FALSE,1200,NGN per litre,2026-01-14,FALSE,,2,AGO_Report_FEBRUARY_2026.zip,AGO_FEBRUARY_2026.xlsx,Sheet1,6,3,C6
2026-02-01,2026-01-01,STATE,Kwara,Kwara,Kwara,North Central,FALSE,1397.7621086071438,NGN per litre,2026-01-14,FALSE,,2,AGO_Report_FEBRUARY_2026.zip,AGO_FEBRUARY_2026.xlsx,Sheet1,7,3,C7
2026-02-01,2026-01-01,STATE,Lagos,Lagos,Lagos,South West,FALSE,1560.82320461578,NGN per litre,2026-01-14,FALSE,,2,AGO_Report_FEBRUARY_2026.zip,AGO_FEBRUARY_2026.xlsx,Sheet1,41,3,C41
2026-02-01,2026-01-01,STATE,Nasarawa,Nassarawa,Nasarawa,North Central,FALSE,1379.349025,NGN per litre,2026-01-14,FALSE,,2,AGO_Report_FEBRUARY_2026.zip,AGO_FEBRUARY_2026.xlsx,Sheet1,8,3,C8
2026-02-01,2026-01-01,STATE,Niger,Niger,Niger,North Central,FALSE,1276,NGN per litre,2026-01-14,FALSE,,2,AGO_Report_FEBRUARY_2026.zip,AGO_FEBRUARY_2026.xlsx,Sheet1,9,3,C9
2026-02-01,2026-01-01,STATE,Ogun,Ogun,Ogun,South West,FALSE,1230.5158197305,NGN per litre,2026-01-14,FALSE,,2,AGO_Report_FEBRUARY_2026.zip,AGO_FEBRUARY_2026.xlsx,Sheet1,42,3,C42
2026-02-01,2026-01-01,STATE,Ondo,Ondo,Ondo,South West,FALSE,1382.3071723432276,NGN per litre,2026-01-14,FALSE,,2,AGO_Report_FEBRUARY_2026.zip,AGO_FEBRUARY_2026.xlsx,Sheet1,43,3,C43
2026-02-01,2026-01-01,STATE,Osun,Osun,Osun,South West,FALSE,1427.59337402571,NGN per litre,2026-01-14,FALSE,,2,AGO_Report_FEBRUARY_2026.zip,AGO_FEBRUARY_2026.xlsx,Sheet1,44,3,C44
2026-02-01,2026-01-01,STATE,Oyo,Oyo,Oyo,South West,FALSE,1459.780045664,NGN per litre,2026-01-14,FALSE,,2,AGO_Report_FEBRUARY_2026.zip,AGO_FEBRUARY_2026.xlsx,Sheet1,45,3,C45
2026-02-01,2026-01-01,STATE,Plateau,Plateau,Plateau,North Central,FALSE,1449.77882725,NGN per litre,2026-01-14,FALSE,,2,AGO_Report_FEBRUARY_2026.zip,AGO_FEBRUARY_2026.xlsx,Sheet1,10,3,C10
2026-02-01,2026-01-01,STATE,Rivers,Rivers,Rivers,South South,FALSE,1439.610234635011,NGN per litre,2026-01-14,FALSE,,2,AGO_Report_FEBRUARY_2026.zip,AGO_FEBRUARY_2026.xlsx,Sheet1,38,3,C38
2026-02-01,2026-01-01,STATE,Sokoto,Sokoto,Sokoto,North West,FALSE,1470.45542508762,NGN per litre,2026-01-14,FALSE,,2,AGO_Report_FEBRUARY_2026.zip,AGO_FEBRUARY_2026.xlsx,Sheet1,24,3,C24
2026-02-01,2026-01-01,STATE,Taraba,Taraba,Taraba,North East,FALSE,1453.5,NGN per litre,2026-01-14,FALSE,,2,AGO_Report_FEBRUARY_2026.zip,AGO_FEBRUARY_2026.xlsx,Sheet1,16,3,C16
2026-02-01,2026-01-01,STATE,Yobe,Yobe,Yobe,North East,FALSE,1376.41756,NGN per litre,2026-01-14,FALSE,,2,AGO_Report_FEBRUARY_2026.zip,AGO_FEBRUARY_2026.xlsx,Sheet1,17,3,C17
2026-02-01,2026-01-01,STATE,Zamfara,Zamfara,Zamfara,North West,FALSE,1242.8235629449737,NGN per litre,2026-01-14,FALSE,,2,AGO_Report_FEBRUARY_2026.zip,AGO_FEBRUARY_2026.xlsx,Sheet1,25,3,C25
2026-02-01,2026-01-01,ZONE,North Central,NORTH CENTRAL,,North Central,TRUE,1334.9231464149664,NGN per litre,2026-01-14,FALSE,,2,AGO_Report_FEBRUARY_2026.zip,AGO_FEBRUARY_2026.xlsx,Sheet1,3,3,C3
2026-02-01,2026-01-01,ZONE,North East,NORTH EAST,,North East,TRUE,1430.9588286783667,NGN per litre,2026-01-14,FALSE,,2,AGO_Report_FEBRUARY_2026.zip,AGO_FEBRUARY_2026.xlsx,Sheet1,11,3,C11
2026-02-01,2026-01-01,ZONE,North West,NORTH WEST,,North West,TRUE,1329.7466314942972,NGN per litre,2026-01-14,FALSE,,2,AGO_Report_FEBRUARY_2026.zip,AGO_FEBRUARY_2026.xlsx,Sheet1,18,3,C18
2026-02-01,2026-01-01,ZONE,South East,SOUTH EAST,,South East,TRUE,1288.1992978304286,NGN per litre,2026-01-14,FALSE,,2,AGO_Report_FEBRUARY_2026.zip,AGO_FEBRUARY_2026.xlsx,Sheet1,26,3,C26
2026-02-01,2026-01-01,ZONE,South South,SOUTH SOUTH,,South South,TRUE,1387.6823938659616,NGN per litre,2026-01-14,FALSE,,2,AGO_Report_FEBRUARY_2026.zip,AGO_FEBRUARY_2026.xlsx,Sheet1,32,3,C32
2026-02-01,2026-01-01,ZONE,South West,SOUTH WEST,,South West,TRUE,1395.4338249520918,NGN per litre,2026-01-14,FALSE,,2,AGO_Report_FEBRUARY_2026.zip,AGO_FEBRUARY_2026.xlsx,Sheet1,39,3,C39
2026-02-01,2026-01-01,NATIONAL,Nigeria,NATIONAL,,,TRUE,1361.5712221485276,NGN per litre,2026-01-14,FALSE,,2,AGO_Report_FEBRUARY_2026.zip,AGO_FEBRUARY_2026.xlsx,Sheet1,46,3,C46
2026-02-01,2026-02-01,STATE,Abia,Abia,Abia,South East,FALSE,1390.1170759560416,NGN per litre,2026-02-14,TRUE,,2,AGO_Report_FEBRUARY_2026.zip,AGO_FEBRUARY_2026.xlsx,Sheet1,27,4,D27
2026-02-01,2026-02-01,STATE,Abuja,Abuja,Abuja,North Central,FALSE,1409.6666666666667,NGN per litre,2026-02-14,TRUE,,2,AGO_Report_FEBRUARY_2026.zip,AGO_FEBRUARY_2026.xlsx,Sheet1,4,4,D4
2026-02-01,2026-02-01,STATE,Adamawa,Adamawa,Adamawa,North East,FALSE,1492.9243857876277,NGN per litre,2026-02-14,TRUE,,2,AGO_Report_FEBRUARY_2026.zip,AGO_FEBRUARY_2026.xlsx,Sheet1,12,4,D12
2026-02-01,2026-02-01,STATE,Akwa Ibom,Akwa Ibom,Akwa Ibom,South South,FALSE,1587.18814467903,NGN per litre,2026-02-14,TRUE,,2,AGO_Report_FEBRUARY_2026.zip,AGO_FEBRUARY_2026.xlsx,Sheet1,33,4,D33
2026-02-01,2026-02-01,STATE,Anambra,Anambra,Anambra,South East,FALSE,1256.7646723996713,NGN per litre,2026-02-14,TRUE,,2,AGO_Report_FEBRUARY_2026.zip,AGO_FEBRUARY_2026.xlsx,Sheet1,28,4,D28
2026-02-01,2026-02-01,STATE,Bauchi,Bauchi,Bauchi,North East,FALSE,1524.8721097725909,NGN per litre,2026-02-14,TRUE,,2,AGO_Report_FEBRUARY_2026.zip,AGO_FEBRUARY_2026.xlsx,Sheet1,13,4,D13
2026-02-01,2026-02-01,STATE,Bayelsa,Bayelsa,Bayelsa,South South,FALSE,1336.8486379967517,NGN per litre,2026-02-14,TRUE,,2,AGO_Report_FEBRUARY_2026.zip,AGO_FEBRUARY_2026.xlsx,Sheet1,34,4,D34
2026-02-01,2026-02-01,STATE,Benue,Benue,Benue,North Central,FALSE,1404.5404958677686,NGN per litre,2026-02-14,TRUE,,2,AGO_Report_FEBRUARY_2026.zip,AGO_FEBRUARY_2026.xlsx,Sheet1,5,4,D5
2026-02-01,2026-02-01,STATE,Borno,Borno,Borno,North East,FALSE,1616.2524399938554,NGN per litre,2026-02-14,TRUE,,2,AGO_Report_FEBRUARY_2026.zip,AGO_FEBRUARY_2026.xlsx,Sheet1,14,4,D14
2026-02-01,2026-02-01,STATE,Cross River,Cross River,Cross River,South South,FALSE,1395.4901183963611,NGN per litre,2026-02-14,TRUE,,2,AGO_Report_FEBRUARY_2026.zip,AGO_FEBRUARY_2026.xlsx,Sheet1,35,4,D35
2026-02-01,2026-02-01,STATE,Delta,Delta,Delta,South South,FALSE,1371.330454217665,NGN per litre,2026-02-14,TRUE,,2,AGO_Report_FEBRUARY_2026.zip,AGO_FEBRUARY_2026.xlsx,Sheet1,36,4,D36
2026-02-01,2026-02-01,STATE,Ebonyi,Ebonyi,Ebonyi,South East,FALSE,1479.11651581965,NGN per litre,2026-02-14,TRUE,,2,AGO_Report_FEBRUARY_2026.zip,AGO_FEBRUARY_2026.xlsx,Sheet1,29,4,D29
2026-02-01,2026-02-01,STATE,Edo,Edo,Edo,South South,FALSE,1429.3814035166665,NGN per litre,2026-02-14,TRUE,,2,AGO_Report_FEBRUARY_2026.zip,AGO_FEBRUARY_2026.xlsx,Sheet1,37,4,D37
2026-02-01,2026-02-01,STATE,Ekiti,Ekiti,Ekiti,South West,FALSE,1364.5750255809066,NGN per litre,2026-02-14,TRUE,,2,AGO_Report_FEBRUARY_2026.zip,AGO_FEBRUARY_2026.xlsx,Sheet1,40,4,D40
2026-02-01,2026-02-01,STATE,Enugu,Enugu,Enugu,South East,FALSE,1369.172240214863,NGN per litre,2026-02-14,TRUE,,2,AGO_Report_FEBRUARY_2026.zip,AGO_FEBRUARY_2026.xlsx,Sheet1,30,4,D30
2026-02-01,2026-02-01,STATE,Gombe,Gombe,Gombe,North East,FALSE,1483.5178350334934,NGN per litre,2026-02-14,TRUE,,2,AGO_Report_FEBRUARY_2026.zip,AGO_FEBRUARY_2026.xlsx,Sheet1,15,4,D15
2026-02-01,2026-02-01,STATE,Imo,Imo,Imo,South East,FALSE,1423.672792521842,NGN per litre,2026-02-14,TRUE,,2,AGO_Report_FEBRUARY_2026.zip,AGO_FEBRUARY_2026.xlsx,Sheet1,31,4,D31
2026-02-01,2026-02-01,STATE,Jigawa,Jigawa,Jigawa,North West,FALSE,1432.2278374627801,NGN per litre,2026-02-14,TRUE,,2,AGO_Report_FEBRUARY_2026.zip,AGO_FEBRUARY_2026.xlsx,Sheet1,19,4,D19
2026-02-01,2026-02-01,STATE,Kaduna,Kaduna,Kaduna,North West,FALSE,1280,NGN per litre,2026-02-14,TRUE,,2,AGO_Report_FEBRUARY_2026.zip,AGO_FEBRUARY_2026.xlsx,Sheet1,20,4,D20
2026-02-01,2026-02-01,STATE,Kano,Kano,Kano,North West,FALSE,1399.620177240457,NGN per litre,2026-02-14,TRUE,,2,AGO_Report_FEBRUARY_2026.zip,AGO_FEBRUARY_2026.xlsx,Sheet1,21,4,D21
2026-02-01,2026-02-01,STATE,Katsina,Katsina,Katsina,North West,FALSE,1309.990750779514,NGN per litre,2026-02-14,TRUE,,2,AGO_Report_FEBRUARY_2026.zip,AGO_FEBRUARY_2026.xlsx,Sheet1,22,4,D22
2026-02-01,2026-02-01,STATE,Kebbi,Kebbi,Kebbi,North West,FALSE,1468.8168164019394,NGN per litre,2026-02-14,TRUE,,2,AGO_Report_FEBRUARY_2026.zip,AGO_FEBRUARY_2026.xlsx,Sheet1,23,4,D23
2026-02-01,2026-02-01,STATE,Kogi,Kogi,Kogi,North Central,FALSE,1220,NGN per litre,2026-02-14,TRUE,,2,AGO_Report_FEBRUARY_2026.zip,AGO_FEBRUARY_2026.xlsx,Sheet1,6,4,D6
2026-02-01,2026-02-01,STATE,Kwara,Kwara,Kwara,North Central,FALSE,1310.5825251654321,NGN per litre,2026-02-14,TRUE,,2,AGO_Report_FEBRUARY_2026.zip,AGO_FEBRUARY_2026.xlsx,Sheet1,7,4,D7
2026-02-01,2026-02-01,STATE,Lagos,Lagos,Lagos,South West,FALSE,1625.109836067412,NGN per litre,2026-02-14,TRUE,,2,AGO_Report_FEBRUARY_2026.zip,AGO_FEBRUARY_2026.xlsx,Sheet1,41,4,D41
2026-02-01,2026-02-01,STATE,Nasarawa,Nassarawa,Nasarawa,North Central,FALSE,1381.2339132284,NGN per litre,2026-02-14,TRUE,,2,AGO_Report_FEBRUARY_2026.zip,AGO_FEBRUARY_2026.xlsx,Sheet1,8,4,D8
2026-02-01,2026-02-01,STATE,Niger,Niger,Niger,North Central,FALSE,1385.6,NGN per litre,2026-02-14,TRUE,,2,AGO_Report_FEBRUARY_2026.zip,AGO_FEBRUARY_2026.xlsx,Sheet1,9,4,D9
2026-02-01,2026-02-01,STATE,Ogun,Ogun,Ogun,South West,FALSE,1183.3073939422811,NGN per litre,2026-02-14,TRUE,,2,AGO_Report_FEBRUARY_2026.zip,AGO_FEBRUARY_2026.xlsx,Sheet1,42,4,D42
2026-02-01,2026-02-01,STATE,Ondo,Ondo,Ondo,South West,FALSE,1496.9733802889484,NGN per litre,2026-02-14,TRUE,,2,AGO_Report_FEBRUARY_2026.zip,AGO_FEBRUARY_2026.xlsx,Sheet1,43,4,D43
2026-02-01,2026-02-01,STATE,Osun,Osun,Osun,South West,FALSE,1466.43469556873,NGN per litre,2026-02-14,TRUE,,2,AGO_Report_FEBRUARY_2026.zip,AGO_FEBRUARY_2026.xlsx,Sheet1,44,4,D44
2026-02-01,2026-02-01,STATE,Oyo,Oyo,Oyo,South West,FALSE,1470.6048669541105,NGN per litre,2026-02-14,TRUE,,2,AGO_Report_FEBRUARY_2026.zip,AGO_FEBRUARY_2026.xlsx,Sheet1,45,4,D45
2026-02-01,2026-02-01,STATE,Plateau,Plateau,Plateau,North Central,FALSE,1563.5410580758492,NGN per litre,2026-02-14,TRUE,,2,AGO_Report_FEBRUARY_2026.zip,AGO_FEBRUARY_2026.xlsx,Sheet1,10,4,D10
2026-02-01,2026-02-01,STATE,Rivers,Rivers,Rivers,South South,FALSE,1478.2722708540864,NGN per litre,2026-02-14,TRUE,,2,AGO_Report_FEBRUARY_2026.zip,AGO_FEBRUARY_2026.xlsx,Sheet1,38,4,D38
2026-02-01,2026-02-01,STATE,Sokoto,Sokoto,Sokoto,North West,FALSE,1554.63539830301,NGN per litre,2026-02-14,TRUE,,2,AGO_Report_FEBRUARY_2026.zip,AGO_FEBRUARY_2026.xlsx,Sheet1,24,4,D24
2026-02-01,2026-02-01,STATE,Taraba,Taraba,Taraba,North East,FALSE,1525.5,NGN per litre,2026-02-14,TRUE,,2,AGO_Report_FEBRUARY_2026.zip,AGO_FEBRUARY_2026.xlsx,Sheet1,16,4,D16
2026-02-01,2026-02-01,STATE,Yobe,Yobe,Yobe,North East,FALSE,1335.85189531262,NGN per litre,2026-02-14,TRUE,,2,AGO_Report_FEBRUARY_2026.zip,AGO_FEBRUARY_2026.xlsx,Sheet1,17,4,D17
2026-02-01,2026-02-01,STATE,Zamfara,Zamfara,Zamfara,North West,FALSE,1322.6197238383206,NGN per litre,2026-02-14,TRUE,,2,AGO_Report_FEBRUARY_2026.zip,AGO_FEBRUARY_2026.xlsx,Sheet1,25,4,D25
2026-02-01,2026-02-01,ZONE,North Central,NORTH CENTRAL,,North Central,TRUE,1382.1663798577308,NGN per litre,2026-02-14,TRUE,,2,AGO_Report_FEBRUARY_2026.zip,AGO_FEBRUARY_2026.xlsx,Sheet1,3,4,D3
2026-02-01,2026-02-01,ZONE,North East,NORTH EAST,,North East,TRUE,1496.486444316698,NGN per litre,2026-02-14,TRUE,,2,AGO_Report_FEBRUARY_2026.zip,AGO_FEBRUARY_2026.xlsx,Sheet1,11,4,D11
2026-02-01,2026-02-01,ZONE,North West,NORTH WEST,,North West,TRUE,1395.41581486086,NGN per litre,2026-02-14,TRUE,,2,AGO_Report_FEBRUARY_2026.zip,AGO_FEBRUARY_2026.xlsx,Sheet1,18,4,D18
2026-02-01,2026-02-01,ZONE,South East,SOUTH EAST,,South East,TRUE,1383.7686593824135,NGN per litre,2026-02-14,TRUE,,2,AGO_Report_FEBRUARY_2026.zip,AGO_FEBRUARY_2026.xlsx,Sheet1,26,4,D26
2026-02-01,2026-02-01,ZONE,South South,SOUTH SOUTH,,South South,TRUE,1433.0851716100933,NGN per litre,2026-02-14,TRUE,,2,AGO_Report_FEBRUARY_2026.zip,AGO_FEBRUARY_2026.xlsx,Sheet1,32,4,D32
2026-02-01,2026-02-01,ZONE,South West,SOUTH WEST,,South West,TRUE,1434.500866400398,NGN per litre,2026-02-14,TRUE,,2,AGO_Report_FEBRUARY_2026.zip,AGO_FEBRUARY_2026.xlsx,Sheet1,39,4,D39
2026-02-01,2026-02-01,NATIONAL,Nigeria,NATIONAL,,,TRUE,1420.1717176731172,NGN per litre,2026-02-14,TRUE,,2,AGO_Report_FEBRUARY_2026.zip,AGO_FEBRUARY_2026.xlsx,Sheet1,46,4,D46
2026-03-01,2025-03-01,STATE,Abia,Abia,Abia,South East,FALSE,1635.0327597222,NGN per litre,2025-03-14,FALSE,,16,AGO_Report_March_2026.zip,AGO_MARCH_2026.xlsx,DIESEL MARCH 2026,41,2,B41
2026-03-01,2025-03-01,STATE,Abuja,Abuja,Abuja,North Central,FALSE,2100,NGN per litre,2025-03-14,FALSE,,16,AGO_Report_March_2026.zip,AGO_MARCH_2026.xlsx,DIESEL MARCH 2026,18,2,B18
2026-03-01,2025-03-01,STATE,Adamawa,Adamawa,Adamawa,North East,FALSE,2132.2,NGN per litre,2025-03-14,FALSE,,16,AGO_Report_March_2026.zip,AGO_MARCH_2026.xlsx,DIESEL MARCH 2026,26,2,B26
2026-03-01,2025-03-01,STATE,Akwa Ibom,Akwa Ibom,Akwa Ibom,South South,FALSE,1709.11448959737,NGN per litre,2025-03-14,FALSE,,16,AGO_Report_March_2026.zip,AGO_MARCH_2026.xlsx,DIESEL MARCH 2026,47,2,B47
2026-03-01,2025-03-01,STATE,Anambra,Anambra,Anambra,South East,FALSE,1309.99083333333,NGN per litre,2025-03-14,FALSE,,16,AGO_Report_March_2026.zip,AGO_MARCH_2026.xlsx,DIESEL MARCH 2026,42,2,B42
2026-03-01,2025-03-01,STATE,Bauchi,Bauchi,Bauchi,North East,FALSE,2067.37,NGN per litre,2025-03-14,FALSE,,16,AGO_Report_March_2026.zip,AGO_MARCH_2026.xlsx,DIESEL MARCH 2026,27,2,B27
2026-03-01,2025-03-01,STATE,Bayelsa,Bayelsa,Bayelsa,South South,FALSE,1700,NGN per litre,2025-03-14,FALSE,,16,AGO_Report_March_2026.zip,AGO_MARCH_2026.xlsx,DIESEL MARCH 2026,48,2,B48
2026-03-01,2025-03-01,STATE,Benue,Benue,Benue,North Central,FALSE,2115.465,NGN per litre,2025-03-14,FALSE,,16,AGO_Report_March_2026.zip,AGO_MARCH_2026.xlsx,DIESEL MARCH 2026,19,2,B19
2026-03-01,2025-03-01,STATE,Borno,Borno,Borno,North East,FALSE,1550,NGN per litre,2025-03-14,FALSE,,16,AGO_Report_March_2026.zip,AGO_MARCH_2026.xlsx,DIESEL MARCH 2026,28,2,B28
2026-03-01,2025-03-01,STATE,Cross River,Cross River,Cross River,South South,FALSE,1733.33333333333,NGN per litre,2025-03-14,FALSE,,16,AGO_Report_March_2026.zip,AGO_MARCH_2026.xlsx,DIESEL MARCH 2026,49,2,B49
2026-03-01,2025-03-01,STATE,Delta,Delta,Delta,South South,FALSE,1389.82857142857,NGN per litre,2025-03-14,FALSE,,16,AGO_Report_March_2026.zip,AGO_MARCH_2026.xlsx,DIESEL MARCH 2026,50,2,B50
2026-03-01,2025-03-01,STATE,Ebonyi,Ebonyi,Ebonyi,South East,FALSE,1445.33661525,NGN per litre,2025-03-14,FALSE,,16,AGO_Report_March_2026.zip,AGO_MARCH_2026.xlsx,DIESEL MARCH 2026,43,2,B43
2026-03-01,2025-03-01,STATE,Edo,Edo,Edo,South South,FALSE,1397.83938888889,NGN per litre,2025-03-14,FALSE,,16,AGO_Report_March_2026.zip,AGO_MARCH_2026.xlsx,DIESEL MARCH 2026,51,2,B51
2026-03-01,2025-03-01,STATE,Ekiti,Ekiti,Ekiti,South West,FALSE,1325.78571428571,NGN per litre,2025-03-14,FALSE,,16,AGO_Report_March_2026.zip,AGO_MARCH_2026.xlsx,DIESEL MARCH 2026,54,2,B54
2026-03-01,2025-03-01,STATE,Enugu,Enugu,Enugu,South East,FALSE,1624.15,NGN per litre,2025-03-14,FALSE,,16,AGO_Report_March_2026.zip,AGO_MARCH_2026.xlsx,DIESEL MARCH 2026,44,2,B44
2026-03-01,2025-03-01,STATE,Gombe,Gombe,Gombe,North East,FALSE,1441.735,NGN per litre,2025-03-14,FALSE,,16,AGO_Report_March_2026.zip,AGO_MARCH_2026.xlsx,DIESEL MARCH 2026,29,2,B29
2026-03-01,2025-03-01,STATE,Imo,Imo,Imo,South East,FALSE,1453.896,NGN per litre,2025-03-14,FALSE,,16,AGO_Report_March_2026.zip,AGO_MARCH_2026.xlsx,DIESEL MARCH 2026,45,2,B45
2026-03-01,2025-03-01,STATE,Jigawa,Jigawa,Jigawa,North West,FALSE,1330.08333333333,NGN per litre,2025-03-14,FALSE,,16,AGO_Report_March_2026.zip,AGO_MARCH_2026.xlsx,DIESEL MARCH 2026,33,2,B33
2026-03-01,2025-03-01,STATE,Kaduna,Kaduna,Kaduna,North West,FALSE,1724.15,NGN per litre,2025-03-14,FALSE,,16,AGO_Report_March_2026.zip,AGO_MARCH_2026.xlsx,DIESEL MARCH 2026,34,2,B34
2026-03-01,2025-03-01,STATE,Kano,Kano,Kano,North West,FALSE,1800.692,NGN per litre,2025-03-14,FALSE,,16,AGO_Report_March_2026.zip,AGO_MARCH_2026.xlsx,DIESEL MARCH 2026,35,2,B35
2026-03-01,2025-03-01,STATE,Katsina,Katsina,Katsina,North West,FALSE,1643.07666666667,NGN per litre,2025-03-14,FALSE,,16,AGO_Report_March_2026.zip,AGO_MARCH_2026.xlsx,DIESEL MARCH 2026,36,2,B36
2026-03-01,2025-03-01,STATE,Kebbi,Kebbi,Kebbi,North West,FALSE,1635.958525,NGN per litre,2025-03-14,FALSE,,16,AGO_Report_March_2026.zip,AGO_MARCH_2026.xlsx,DIESEL MARCH 2026,37,2,B37
2026-03-01,2025-03-01,STATE,Kogi,Kogi,Kogi,North Central,FALSE,1300,NGN per litre,2025-03-14,FALSE,,16,AGO_Report_March_2026.zip,AGO_MARCH_2026.xlsx,DIESEL MARCH 2026,20,2,B20
2026-03-01,2025-03-01,STATE,Kwara,Kwara,Kwara,North Central,FALSE,1350,NGN per litre,2025-03-14,FALSE,,16,AGO_Report_March_2026.zip,AGO_MARCH_2026.xlsx,DIESEL MARCH 2026,21,2,B21
2026-03-01,2025-03-01,STATE,Lagos,Lagos,Lagos,South West,FALSE,1386.34444444444,NGN per litre,2025-03-14,FALSE,,16,AGO_Report_March_2026.zip,AGO_MARCH_2026.xlsx,DIESEL MARCH 2026,55,2,B55
2026-03-01,2025-03-01,STATE,Nasarawa,Nassarawa,Nasarawa,North Central,FALSE,1781.82432332876,NGN per litre,2025-03-14,FALSE,,16,AGO_Report_March_2026.zip,AGO_MARCH_2026.xlsx,DIESEL MARCH 2026,22,2,B22
2026-03-01,2025-03-01,STATE,Niger,Niger,Niger,North Central,FALSE,1742.02220428571,NGN per litre,2025-03-14,FALSE,,16,AGO_Report_March_2026.zip,AGO_MARCH_2026.xlsx,DIESEL MARCH 2026,23,2,B23
2026-03-01,2025-03-01,STATE,Ogun,Ogun,Ogun,South West,FALSE,1350.5275,NGN per litre,2025-03-14,FALSE,,16,AGO_Report_March_2026.zip,AGO_MARCH_2026.xlsx,DIESEL MARCH 2026,56,2,B56
2026-03-01,2025-03-01,STATE,Ondo,Ondo,Ondo,South West,FALSE,1396.2857143,NGN per litre,2025-03-14,FALSE,,16,AGO_Report_March_2026.zip,AGO_MARCH_2026.xlsx,DIESEL MARCH 2026,57,2,B57
2026-03-01,2025-03-01,STATE,Osun,Osun,Osun,South West,FALSE,1451.83444444444,NGN per litre,2025-03-14,FALSE,,16,AGO_Report_March_2026.zip,AGO_MARCH_2026.xlsx,DIESEL MARCH 2026,58,2,B58
2026-03-01,2025-03-01,STATE,Oyo,Oyo,Oyo,South West,FALSE,1497.47816666667,NGN per litre,2025-03-14,FALSE,,16,AGO_Report_March_2026.zip,AGO_MARCH_2026.xlsx,DIESEL MARCH 2026,59,2,B59
2026-03-01,2025-03-01,STATE,Plateau,Plateau,Plateau,North Central,FALSE,2042.441007,NGN per litre,2025-03-14,FALSE,,16,AGO_Report_March_2026.zip,AGO_MARCH_2026.xlsx,DIESEL MARCH 2026,24,2,B24
2026-03-01,2025-03-01,STATE,Rivers,Rivers,Rivers,South South,FALSE,1464.56375,NGN per litre,2025-03-14,FALSE,,16,AGO_Report_March_2026.zip,AGO_MARCH_2026.xlsx,DIESEL MARCH 2026,52,2,B52
2026-03-01,2025-03-01,STATE,Sokoto,Sokoto,Sokoto,North West,FALSE,1600,NGN per litre,2025-03-14,FALSE,,16,AGO_Report_March_2026.zip,AGO_MARCH_2026.xlsx,DIESEL MARCH 2026,38,2,B38
2026-03-01,2025-03-01,STATE,Taraba,Taraba,Taraba,North East,FALSE,1645.76,NGN per litre,2025-03-14,FALSE,,16,AGO_Report_March_2026.zip,AGO_MARCH_2026.xlsx,DIESEL MARCH 2026,30,2,B30
2026-03-01,2025-03-01,STATE,Yobe,Yobe,Yobe,North East,FALSE,1600,NGN per litre,2025-03-14,FALSE,,16,AGO_Report_March_2026.zip,AGO_MARCH_2026.xlsx,DIESEL MARCH 2026,31,2,B31
2026-03-01,2025-03-01,STATE,Zamfara,Zamfara,Zamfara,North West,FALSE,1300,NGN per litre,2025-03-14,FALSE,,16,AGO_Report_March_2026.zip,AGO_MARCH_2026.xlsx,DIESEL MARCH 2026,39,2,B39
2026-03-01,2025-03-01,ZONE,North Central,NORTH CENTRAL,,North Central,TRUE,1775.96464780207,NGN per litre,2025-03-14,FALSE,,16,AGO_Report_March_2026.zip,AGO_MARCH_2026.xlsx,DIESEL MARCH 2026,17,2,B17
2026-03-01,2025-03-01,ZONE,North East,NORTH EAST,,North East,TRUE,1739.51083333333,NGN per litre,2025-03-14,FALSE,,16,AGO_Report_March_2026.zip,AGO_MARCH_2026.xlsx,DIESEL MARCH 2026,25,2,B25
2026-03-01,2025-03-01,ZONE,North West,NORTH WEST,,North West,TRUE,1576.280075,NGN per litre,2025-03-14,FALSE,,16,AGO_Report_March_2026.zip,AGO_MARCH_2026.xlsx,DIESEL MARCH 2026,32,2,B32
2026-03-01,2025-03-01,ZONE,South East,SOUTH EAST,,South East,TRUE,1493.68124166111,NGN per litre,2025-03-14,FALSE,,16,AGO_Report_March_2026.zip,AGO_MARCH_2026.xlsx,DIESEL MARCH 2026,40,2,B40
2026-03-01,2025-03-01,ZONE,South South,SOUTH SOUTH,,South South,TRUE,1565.77992220803,NGN per litre,2025-03-14,FALSE,,16,AGO_Report_March_2026.zip,AGO_MARCH_2026.xlsx,DIESEL MARCH 2026,46,2,B46
2026-03-01,2025-03-01,ZONE,South West,SOUTH WEST,,South West,TRUE,1401.37599735688,NGN per litre,2025-03-14,FALSE,,16,AGO_Report_March_2026.zip,AGO_MARCH_2026.xlsx,DIESEL MARCH 2026,53,2,B53
2026-03-01,2025-03-01,NATIONAL,Nigeria,NATIONAL,,,TRUE,1599.30053473809,NGN per litre,2025-03-14,FALSE,,16,AGO_Report_March_2026.zip,AGO_MARCH_2026.xlsx,DIESEL MARCH 2026,60,2,B60
2026-03-01,2026-02-01,STATE,Abia,Abia,Abia,South East,FALSE,1390.11707595604,NGN per litre,2026-02-14,FALSE,,16,AGO_Report_March_2026.zip,AGO_MARCH_2026.xlsx,DIESEL MARCH 2026,41,3,C41
2026-03-01,2026-02-01,STATE,Abuja,Abuja,Abuja,North Central,FALSE,1409.66666666667,NGN per litre,2026-02-14,FALSE,,16,AGO_Report_March_2026.zip,AGO_MARCH_2026.xlsx,DIESEL MARCH 2026,18,3,C18
2026-03-01,2026-02-01,STATE,Adamawa,Adamawa,Adamawa,North East,FALSE,1492.92438578763,NGN per litre,2026-02-14,FALSE,,16,AGO_Report_March_2026.zip,AGO_MARCH_2026.xlsx,DIESEL MARCH 2026,26,3,C26
2026-03-01,2026-02-01,STATE,Akwa Ibom,Akwa Ibom,Akwa Ibom,South South,FALSE,1587.18814467903,NGN per litre,2026-02-14,FALSE,,16,AGO_Report_March_2026.zip,AGO_MARCH_2026.xlsx,DIESEL MARCH 2026,47,3,C47
2026-03-01,2026-02-01,STATE,Anambra,Anambra,Anambra,South East,FALSE,1256.76467239967,NGN per litre,2026-02-14,FALSE,,16,AGO_Report_March_2026.zip,AGO_MARCH_2026.xlsx,DIESEL MARCH 2026,42,3,C42
2026-03-01,2026-02-01,STATE,Bauchi,Bauchi,Bauchi,North East,FALSE,1524.87210977259,NGN per litre,2026-02-14,FALSE,,16,AGO_Report_March_2026.zip,AGO_MARCH_2026.xlsx,DIESEL MARCH 2026,27,3,C27
2026-03-01,2026-02-01,STATE,Bayelsa,Bayelsa,Bayelsa,South South,FALSE,1336.84863799675,NGN per litre,2026-02-14,FALSE,,16,AGO_Report_March_2026.zip,AGO_MARCH_2026.xlsx,DIESEL MARCH 2026,48,3,C48
2026-03-01,2026-02-01,STATE,Benue,Benue,Benue,North Central,FALSE,1404.54049586777,NGN per litre,2026-02-14,FALSE,,16,AGO_Report_March_2026.zip,AGO_MARCH_2026.xlsx,DIESEL MARCH 2026,19,3,C19
2026-03-01,2026-02-01,STATE,Borno,Borno,Borno,North East,FALSE,1616.25243999386,NGN per litre,2026-02-14,FALSE,,16,AGO_Report_March_2026.zip,AGO_MARCH_2026.xlsx,DIESEL MARCH 2026,28,3,C28
2026-03-01,2026-02-01,STATE,Cross River,Cross River,Cross River,South South,FALSE,1395.49011839636,NGN per litre,2026-02-14,FALSE,,16,AGO_Report_March_2026.zip,AGO_MARCH_2026.xlsx,DIESEL MARCH 2026,49,3,C49
2026-03-01,2026-02-01,STATE,Delta,Delta,Delta,South South,FALSE,1371.33045421766,NGN per litre,2026-02-14,FALSE,,16,AGO_Report_March_2026.zip,AGO_MARCH_2026.xlsx,DIESEL MARCH 2026,50,3,C50
2026-03-01,2026-02-01,STATE,Ebonyi,Ebonyi,Ebonyi,South East,FALSE,1479.11651581965,NGN per litre,2026-02-14,FALSE,,16,AGO_Report_March_2026.zip,AGO_MARCH_2026.xlsx,DIESEL MARCH 2026,43,3,C43
2026-03-01,2026-02-01,STATE,Edo,Edo,Edo,South South,FALSE,1429.38140351667,NGN per litre,2026-02-14,FALSE,,16,AGO_Report_March_2026.zip,AGO_MARCH_2026.xlsx,DIESEL MARCH 2026,51,3,C51
2026-03-01,2026-02-01,STATE,Ekiti,Ekiti,Ekiti,South West,FALSE,1364.57502558091,NGN per litre,2026-02-14,FALSE,,16,AGO_Report_March_2026.zip,AGO_MARCH_2026.xlsx,DIESEL MARCH 2026,54,3,C54
2026-03-01,2026-02-01,STATE,Enugu,Enugu,Enugu,South East,FALSE,1369.17224021486,NGN per litre,2026-02-14,FALSE,,16,AGO_Report_March_2026.zip,AGO_MARCH_2026.xlsx,DIESEL MARCH 2026,44,3,C44
2026-03-01,2026-02-01,STATE,Gombe,Gombe,Gombe,North East,FALSE,1483.51783503349,NGN per litre,2026-02-14,FALSE,,16,AGO_Report_March_2026.zip,AGO_MARCH_2026.xlsx,DIESEL MARCH 2026,29,3,C29
2026-03-01,2026-02-01,STATE,Imo,Imo,Imo,South East,FALSE,1423.67279252184,NGN per litre,2026-02-14,FALSE,,16,AGO_Report_March_2026.zip,AGO_MARCH_2026.xlsx,DIESEL MARCH 2026,45,3,C45
2026-03-01,2026-02-01,STATE,Jigawa,Jigawa,Jigawa,North West,FALSE,1432.22783746278,NGN per litre,2026-02-14,FALSE,,16,AGO_Report_March_2026.zip,AGO_MARCH_2026.xlsx,DIESEL MARCH 2026,33,3,C33
2026-03-01,2026-02-01,STATE,Kaduna,Kaduna,Kaduna,North West,FALSE,1280,NGN per litre,2026-02-14,FALSE,,16,AGO_Report_March_2026.zip,AGO_MARCH_2026.xlsx,DIESEL MARCH 2026,34,3,C34
2026-03-01,2026-02-01,STATE,Kano,Kano,Kano,North West,FALSE,1399.62017724046,NGN per litre,2026-02-14,FALSE,,16,AGO_Report_March_2026.zip,AGO_MARCH_2026.xlsx,DIESEL MARCH 2026,35,3,C35
2026-03-01,2026-02-01,STATE,Katsina,Katsina,Katsina,North West,FALSE,1309.99075077951,NGN per litre,2026-02-14,FALSE,,16,AGO_Report_March_2026.zip,AGO_MARCH_2026.xlsx,DIESEL MARCH 2026,36,3,C36
2026-03-01,2026-02-01,STATE,Kebbi,Kebbi,Kebbi,North West,FALSE,1468.81681640194,NGN per litre,2026-02-14,FALSE,,16,AGO_Report_March_2026.zip,AGO_MARCH_2026.xlsx,DIESEL MARCH 2026,37,3,C37
2026-03-01,2026-02-01,STATE,Kogi,Kogi,Kogi,North Central,FALSE,1220,NGN per litre,2026-02-14,FALSE,,16,AGO_Report_March_2026.zip,AGO_MARCH_2026.xlsx,DIESEL MARCH 2026,20,3,C20
2026-03-01,2026-02-01,STATE,Kwara,Kwara,Kwara,North Central,FALSE,1310.58252516543,NGN per litre,2026-02-14,FALSE,,16,AGO_Report_March_2026.zip,AGO_MARCH_2026.xlsx,DIESEL MARCH 2026,21,3,C21
2026-03-01,2026-02-01,STATE,Lagos,Lagos,Lagos,South West,FALSE,1625.10983606741,NGN per litre,2026-02-14,FALSE,,16,AGO_Report_March_2026.zip,AGO_MARCH_2026.xlsx,DIESEL MARCH 2026,55,3,C55
2026-03-01,2026-02-01,STATE,Nasarawa,Nassarawa,Nasarawa,North Central,FALSE,1381.2339132284,NGN per litre,2026-02-14,FALSE,,16,AGO_Report_March_2026.zip,AGO_MARCH_2026.xlsx,DIESEL MARCH 2026,22,3,C22
2026-03-01,2026-02-01,STATE,Niger,Niger,Niger,North Central,FALSE,1385.6,NGN per litre,2026-02-14,FALSE,,16,AGO_Report_March_2026.zip,AGO_MARCH_2026.xlsx,DIESEL MARCH 2026,23,3,C23
2026-03-01,2026-02-01,STATE,Ogun,Ogun,Ogun,South West,FALSE,1183.30739394228,NGN per litre,2026-02-14,FALSE,,16,AGO_Report_March_2026.zip,AGO_MARCH_2026.xlsx,DIESEL MARCH 2026,56,3,C56
2026-03-01,2026-02-01,STATE,Ondo,Ondo,Ondo,South West,FALSE,1496.97338028895,NGN per litre,2026-02-14,FALSE,,16,AGO_Report_March_2026.zip,AGO_MARCH_2026.xlsx,DIESEL MARCH 2026,57,3,C57
2026-03-01,2026-02-01,STATE,Osun,Osun,Osun,South West,FALSE,1466.43469556873,NGN per litre,2026-02-14,FALSE,,16,AGO_Report_March_2026.zip,AGO_MARCH_2026.xlsx,DIESEL MARCH 2026,58,3,C58
2026-03-01,2026-02-01,STATE,Oyo,Oyo,Oyo,South West,FALSE,1470.60486695411,NGN per litre,2026-02-14,FALSE,,16,AGO_Report_March_2026.zip,AGO_MARCH_2026.xlsx,DIESEL MARCH 2026,59,3,C59
2026-03-01,2026-02-01,STATE,Plateau,Plateau,Plateau,North Central,FALSE,1563.54105807585,NGN per litre,2026-02-14,FALSE,,16,AGO_Report_March_2026.zip,AGO_MARCH_2026.xlsx,DIESEL MARCH 2026,24,3,C24
2026-03-01,2026-02-01,STATE,Rivers,Rivers,Rivers,South South,FALSE,1478.27227085409,NGN per litre,2026-02-14,FALSE,,16,AGO_Report_March_2026.zip,AGO_MARCH_2026.xlsx,DIESEL MARCH 2026,52,3,C52
2026-03-01,2026-02-01,STATE,Sokoto,Sokoto,Sokoto,North West,FALSE,1554.63539830301,NGN per litre,2026-02-14,FALSE,,16,AGO_Report_March_2026.zip,AGO_MARCH_2026.xlsx,DIESEL MARCH 2026,38,3,C38
2026-03-01,2026-02-01,STATE,Taraba,Taraba,Taraba,North East,FALSE,1525.5,NGN per litre,2026-02-14,FALSE,,16,AGO_Report_March_2026.zip,AGO_MARCH_2026.xlsx,DIESEL MARCH 2026,30,3,C30
2026-03-01,2026-02-01,STATE,Yobe,Yobe,Yobe,North East,FALSE,1335.85189531262,NGN per litre,2026-02-14,FALSE,,16,AGO_Report_March_2026.zip,AGO_MARCH_2026.xlsx,DIESEL MARCH 2026,31,3,C31
2026-03-01,2026-02-01,STATE,Zamfara,Zamfara,Zamfara,North West,FALSE,1322.61972383832,NGN per litre,2026-02-14,FALSE,,16,AGO_Report_March_2026.zip,AGO_MARCH_2026.xlsx,DIESEL MARCH 2026,39,3,C39
2026-03-01,2026-02-01,ZONE,North Central,NORTH CENTRAL,,North Central,TRUE,1382.16637985773,NGN per litre,2026-02-14,FALSE,,16,AGO_Report_March_2026.zip,AGO_MARCH_2026.xlsx,DIESEL MARCH 2026,17,3,C17
2026-03-01,2026-02-01,ZONE,North East,NORTH EAST,,North East,TRUE,1496.4864443167,NGN per litre,2026-02-14,FALSE,,16,AGO_Report_March_2026.zip,AGO_MARCH_2026.xlsx,DIESEL MARCH 2026,25,3,C25
2026-03-01,2026-02-01,ZONE,North West,NORTH WEST,,North West,TRUE,1395.41581486086,NGN per litre,2026-02-14,FALSE,,16,AGO_Report_March_2026.zip,AGO_MARCH_2026.xlsx,DIESEL MARCH 2026,32,3,C32
2026-03-01,2026-02-01,ZONE,South East,SOUTH EAST,,South East,TRUE,1383.76865938241,NGN per litre,2026-02-14,FALSE,,16,AGO_Report_March_2026.zip,AGO_MARCH_2026.xlsx,DIESEL MARCH 2026,40,3,C40
2026-03-01,2026-02-01,ZONE,South South,SOUTH SOUTH,,South South,TRUE,1433.08517161009,NGN per litre,2026-02-14,FALSE,,16,AGO_Report_March_2026.zip,AGO_MARCH_2026.xlsx,DIESEL MARCH 2026,46,3,C46
2026-03-01,2026-02-01,ZONE,South West,SOUTH WEST,,South West,TRUE,1434.5008664004,NGN per litre,2026-02-14,FALSE,,16,AGO_Report_March_2026.zip,AGO_MARCH_2026.xlsx,DIESEL MARCH 2026,53,3,C53
2026-03-01,2026-02-01,NATIONAL,Nigeria,NATIONAL,,,TRUE,1420.17171767312,NGN per litre,2026-02-14,FALSE,,16,AGO_Report_March_2026.zip,AGO_MARCH_2026.xlsx,DIESEL MARCH 2026,60,3,C60
2026-03-01,2026-03-01,STATE,Abia,Abia,Abia,South East,FALSE,1653.00930943672,NGN per litre,2026-03-14,TRUE,,16,AGO_Report_March_2026.zip,AGO_MARCH_2026.xlsx,DIESEL MARCH 2026,41,4,D41
2026-03-01,2026-03-01,STATE,Abuja,Abuja,Abuja,North Central,FALSE,1718.34946735224,NGN per litre,2026-03-14,TRUE,,16,AGO_Report_March_2026.zip,AGO_MARCH_2026.xlsx,DIESEL MARCH 2026,18,4,D18
2026-03-01,2026-03-01,STATE,Adamawa,Adamawa,Adamawa,North East,FALSE,1757.45396392392,NGN per litre,2026-03-14,TRUE,,16,AGO_Report_March_2026.zip,AGO_MARCH_2026.xlsx,DIESEL MARCH 2026,26,4,D26
2026-03-01,2026-03-01,STATE,Akwa Ibom,Akwa Ibom,Akwa Ibom,South South,FALSE,1895.71829347274,NGN per litre,2026-03-14,TRUE,,16,AGO_Report_March_2026.zip,AGO_MARCH_2026.xlsx,DIESEL MARCH 2026,47,4,D47
2026-03-01,2026-03-01,STATE,Anambra,Anambra,Anambra,South East,FALSE,1698.29103573163,NGN per litre,2026-03-14,TRUE,,16,AGO_Report_March_2026.zip,AGO_MARCH_2026.xlsx,DIESEL MARCH 2026,42,4,D42
2026-03-01,2026-03-01,STATE,Bauchi,Bauchi,Bauchi,North East,FALSE,1592.7295940492,NGN per litre,2026-03-14,TRUE,,16,AGO_Report_March_2026.zip,AGO_MARCH_2026.xlsx,DIESEL MARCH 2026,27,4,D27
2026-03-01,2026-03-01,STATE,Bayelsa,Bayelsa,Bayelsa,South South,FALSE,1489.65417382643,NGN per litre,2026-03-14,TRUE,,16,AGO_Report_March_2026.zip,AGO_MARCH_2026.xlsx,DIESEL MARCH 2026,48,4,D48
2026-03-01,2026-03-01,STATE,Benue,Benue,Benue,North Central,FALSE,1506.93199527745,NGN per litre,2026-03-14,TRUE,,16,AGO_Report_March_2026.zip,AGO_MARCH_2026.xlsx,DIESEL MARCH 2026,19,4,D19
2026-03-01,2026-03-01,STATE,Borno,Borno,Borno,North East,FALSE,1616.25243999386,NGN per litre,2026-03-14,TRUE,,16,AGO_Report_March_2026.zip,AGO_MARCH_2026.xlsx,DIESEL MARCH 2026,28,4,D28
2026-03-01,2026-03-01,STATE,Cross River,Cross River,Cross River,South South,FALSE,1603.89282636239,NGN per litre,2026-03-14,TRUE,,16,AGO_Report_March_2026.zip,AGO_MARCH_2026.xlsx,DIESEL MARCH 2026,49,4,D49
2026-03-01,2026-03-01,STATE,Delta,Delta,Delta,South South,FALSE,1541.96867190898,NGN per litre,2026-03-14,TRUE,,16,AGO_Report_March_2026.zip,AGO_MARCH_2026.xlsx,DIESEL MARCH 2026,50,4,D50
2026-03-01,2026-03-01,STATE,Ebonyi,Ebonyi,Ebonyi,South East,FALSE,2262.28701701891,NGN per litre,2026-03-14,TRUE,,16,AGO_Report_March_2026.zip,AGO_MARCH_2026.xlsx,DIESEL MARCH 2026,43,4,D43
2026-03-01,2026-03-01,STATE,Edo,Edo,Edo,South South,FALSE,1748.84570733906,NGN per litre,2026-03-14,TRUE,,16,AGO_Report_March_2026.zip,AGO_MARCH_2026.xlsx,DIESEL MARCH 2026,51,4,D51
2026-03-01,2026-03-01,STATE,Ekiti,Ekiti,Ekiti,South West,FALSE,1491.18993121322,NGN per litre,2026-03-14,TRUE,,16,AGO_Report_March_2026.zip,AGO_MARCH_2026.xlsx,DIESEL MARCH 2026,54,4,D54
2026-03-01,2026-03-01,STATE,Enugu,Enugu,Enugu,South East,FALSE,1480.05843295234,NGN per litre,2026-03-14,TRUE,,16,AGO_Report_March_2026.zip,AGO_MARCH_2026.xlsx,DIESEL MARCH 2026,44,4,D44
2026-03-01,2026-03-01,STATE,Gombe,Gombe,Gombe,North East,FALSE,1856.25642535919,NGN per litre,2026-03-14,TRUE,,16,AGO_Report_March_2026.zip,AGO_MARCH_2026.xlsx,DIESEL MARCH 2026,29,4,D29
2026-03-01,2026-03-01,STATE,Imo,Imo,Imo,South East,FALSE,1557.06312770642,NGN per litre,2026-03-14,TRUE,,16,AGO_Report_March_2026.zip,AGO_MARCH_2026.xlsx,DIESEL MARCH 2026,45,4,D45
2026-03-01,2026-03-01,STATE,Jigawa,Jigawa,Jigawa,North West,FALSE,1600.1151508916,NGN per litre,2026-03-14,TRUE,,16,AGO_Report_March_2026.zip,AGO_MARCH_2026.xlsx,DIESEL MARCH 2026,33,4,D33
2026-03-01,2026-03-01,STATE,Kaduna,Kaduna,Kaduna,North West,FALSE,1678.93333333333,NGN per litre,2026-03-14,TRUE,,16,AGO_Report_March_2026.zip,AGO_MARCH_2026.xlsx,DIESEL MARCH 2026,34,4,D34
2026-03-01,2026-03-01,STATE,Kano,Kano,Kano,North West,FALSE,1610.85626999538,NGN per litre,2026-03-14,TRUE,,16,AGO_Report_March_2026.zip,AGO_MARCH_2026.xlsx,DIESEL MARCH 2026,35,4,D35
2026-03-01,2026-03-01,STATE,Katsina,Katsina,Katsina,North West,FALSE,1438.24618612635,NGN per litre,2026-03-14,TRUE,,16,AGO_Report_March_2026.zip,AGO_MARCH_2026.xlsx,DIESEL MARCH 2026,36,4,D36
2026-03-01,2026-03-01,STATE,Kebbi,Kebbi,Kebbi,North West,FALSE,1577.18001133757,NGN per litre,2026-03-14,TRUE,,16,AGO_Report_March_2026.zip,AGO_MARCH_2026.xlsx,DIESEL MARCH 2026,37,4,D37
2026-03-01,2026-03-01,STATE,Kogi,Kogi,Kogi,North Central,FALSE,1383.4,NGN per litre,2026-03-14,TRUE,,16,AGO_Report_March_2026.zip,AGO_MARCH_2026.xlsx,DIESEL MARCH 2026,20,4,D20
2026-03-01,2026-03-01,STATE,Kwara,Kwara,Kwara,North Central,FALSE,1488.59254093477,NGN per litre,2026-03-14,TRUE,,16,AGO_Report_March_2026.zip,AGO_MARCH_2026.xlsx,DIESEL MARCH 2026,21,4,D21
2026-03-01,2026-03-01,STATE,Lagos,Lagos,Lagos,South West,FALSE,1642.67198339207,NGN per litre,2026-03-14,TRUE,,16,AGO_Report_March_2026.zip,AGO_MARCH_2026.xlsx,DIESEL MARCH 2026,55,4,D55
2026-03-01,2026-03-01,STATE,Nasarawa,Nassarawa,Nasarawa,North Central,FALSE,1852.35872765864,NGN per litre,2026-03-14,TRUE,,16,AGO_Report_March_2026.zip,AGO_MARCH_2026.xlsx,DIESEL MARCH 2026,22,4,D22
2026-03-01,2026-03-01,STATE,Niger,Niger,Niger,North Central,FALSE,1548.04906119033,NGN per litre,2026-03-14,TRUE,,16,AGO_Report_March_2026.zip,AGO_MARCH_2026.xlsx,DIESEL MARCH 2026,23,4,D23
2026-03-01,2026-03-01,STATE,Ogun,Ogun,Ogun,South West,FALSE,1532.64753918342,NGN per litre,2026-03-14,TRUE,,16,AGO_Report_March_2026.zip,AGO_MARCH_2026.xlsx,DIESEL MARCH 2026,56,4,D56
2026-03-01,2026-03-01,STATE,Ondo,Ondo,Ondo,South West,FALSE,1660.44319975532,NGN per litre,2026-03-14,TRUE,,16,AGO_Report_March_2026.zip,AGO_MARCH_2026.xlsx,DIESEL MARCH 2026,57,4,D57
2026-03-01,2026-03-01,STATE,Osun,Osun,Osun,South West,FALSE,1872.15383014903,NGN per litre,2026-03-14,TRUE,,16,AGO_Report_March_2026.zip,AGO_MARCH_2026.xlsx,DIESEL MARCH 2026,58,4,D58
2026-03-01,2026-03-01,STATE,Oyo,Oyo,Oyo,South West,FALSE,1621.94789593881,NGN per litre,2026-03-14,TRUE,,16,AGO_Report_March_2026.zip,AGO_MARCH_2026.xlsx,DIESEL MARCH 2026,59,4,D59
2026-03-01,2026-03-01,STATE,Plateau,Plateau,Plateau,North Central,FALSE,1654.05822242122,NGN per litre,2026-03-14,TRUE,,16,AGO_Report_March_2026.zip,AGO_MARCH_2026.xlsx,DIESEL MARCH 2026,24,4,D24
2026-03-01,2026-03-01,STATE,Rivers,Rivers,Rivers,South South,FALSE,1572.94408165672,NGN per litre,2026-03-14,TRUE,,16,AGO_Report_March_2026.zip,AGO_MARCH_2026.xlsx,DIESEL MARCH 2026,52,4,D52
2026-03-01,2026-03-01,STATE,Sokoto,Sokoto,Sokoto,North West,FALSE,1759.04789830301,NGN per litre,2026-03-14,TRUE,,16,AGO_Report_March_2026.zip,AGO_MARCH_2026.xlsx,DIESEL MARCH 2026,38,4,D38
2026-03-01,2026-03-01,STATE,Taraba,Taraba,Taraba,North East,FALSE,1757.835,NGN per litre,2026-03-14,TRUE,,16,AGO_Report_March_2026.zip,AGO_MARCH_2026.xlsx,DIESEL MARCH 2026,30,4,D30
2026-03-01,2026-03-01,STATE,Yobe,Yobe,Yobe,North East,FALSE,1755.12740795035,NGN per litre,2026-03-14,TRUE,,16,AGO_Report_March_2026.zip,AGO_MARCH_2026.xlsx,DIESEL MARCH 2026,31,4,D31
2026-03-01,2026-03-01,STATE,Zamfara,Zamfara,Zamfara,North West,FALSE,1502.4969159425,NGN per litre,2026-03-14,TRUE,,16,AGO_Report_March_2026.zip,AGO_MARCH_2026.xlsx,DIESEL MARCH 2026,39,4,D39
2026-03-01,2026-03-01,ZONE,North Central,NORTH CENTRAL,,North Central,TRUE,1593.10571640495,NGN per litre,2026-03-14,TRUE,,16,AGO_Report_March_2026.zip,AGO_MARCH_2026.xlsx,DIESEL MARCH 2026,17,4,D17
2026-03-01,2026-03-01,ZONE,North East,NORTH EAST,,North East,TRUE,1722.60913854609,NGN per litre,2026-03-14,TRUE,,16,AGO_Report_March_2026.zip,AGO_MARCH_2026.xlsx,DIESEL MARCH 2026,25,4,D25
2026-03-01,2026-03-01,ZONE,North West,NORTH WEST,,North West,TRUE,1595.26796656139,NGN per litre,2026-03-14,TRUE,,16,AGO_Report_March_2026.zip,AGO_MARCH_2026.xlsx,DIESEL MARCH 2026,32,4,D32
2026-03-01,2026-03-01,ZONE,South East,SOUTH EAST,,South East,TRUE,1730.1417845692,NGN per litre,2026-03-14,TRUE,,16,AGO_Report_March_2026.zip,AGO_MARCH_2026.xlsx,DIESEL MARCH 2026,40,4,D40
2026-03-01,2026-03-01,ZONE,South South,SOUTH SOUTH,,South South,TRUE,1642.17062576105,NGN per litre,2026-03-14,TRUE,,16,AGO_Report_March_2026.zip,AGO_MARCH_2026.xlsx,DIESEL MARCH 2026,46,4,D46
2026-03-01,2026-03-01,ZONE,South West,SOUTH WEST,,South West,TRUE,1636.84239660531,NGN per litre,2026-03-14,TRUE,,16,AGO_Report_March_2026.zip,AGO_MARCH_2026.xlsx,DIESEL MARCH 2026,53,4,D53
2026-03-01,2026-03-01,NATIONAL,Nigeria,NATIONAL,,,TRUE,1648.082639705,NGN per litre,2026-03-14,TRUE,,16,AGO_Report_March_2026.zip,AGO_MARCH_2026.xlsx,DIESEL MARCH 2026,60,4,D60
2026-04-01,2025-04-01,STATE,Abia,Abia,Abia,South East,FALSE,1786.8504675776,NGN per litre,2025-04-14,FALSE,,2,AGO_APRIL_2026.zip,Diesel APRIL 2026.xlsx,DIESEL APRIL 2026,27,2,B27
2026-04-01,2025-04-01,STATE,Abuja,Abuja,Abuja,North Central,FALSE,1764.1666666666667,NGN per litre,2025-04-14,FALSE,,2,AGO_APRIL_2026.zip,Diesel APRIL 2026.xlsx,DIESEL APRIL 2026,4,2,B4
2026-04-01,2025-04-01,STATE,Adamawa,Adamawa,Adamawa,North East,FALSE,2284.3199999999997,NGN per litre,2025-04-14,FALSE,,2,AGO_APRIL_2026.zip,Diesel APRIL 2026.xlsx,DIESEL APRIL 2026,12,2,B12
2026-04-01,2025-04-01,STATE,Akwa Ibom,Akwa Ibom,Akwa Ibom,South South,FALSE,1693.526785625,NGN per litre,2025-04-14,FALSE,,2,AGO_APRIL_2026.zip,Diesel APRIL 2026.xlsx,DIESEL APRIL 2026,33,2,B33
2026-04-01,2025-04-01,STATE,Anambra,Anambra,Anambra,South East,FALSE,1359.27497685185,NGN per litre,2025-04-14,FALSE,,2,AGO_APRIL_2026.zip,Diesel APRIL 2026.xlsx,DIESEL APRIL 2026,28,2,B28
2026-04-01,2025-04-01,STATE,Bauchi,Bauchi,Bauchi,North East,FALSE,1824.47,NGN per litre,2025-04-14,FALSE,,2,AGO_APRIL_2026.zip,Diesel APRIL 2026.xlsx,DIESEL APRIL 2026,13,2,B13
2026-04-01,2025-04-01,STATE,Bayelsa,Bayelsa,Bayelsa,South South,FALSE,1868.4,NGN per litre,2025-04-14,FALSE,,2,AGO_APRIL_2026.zip,Diesel APRIL 2026.xlsx,DIESEL APRIL 2026,34,2,B34
2026-04-01,2025-04-01,STATE,Benue,Benue,Benue,North Central,FALSE,2419.30230769231,NGN per litre,2025-04-14,FALSE,,2,AGO_APRIL_2026.zip,Diesel APRIL 2026.xlsx,DIESEL APRIL 2026,5,2,B5
2026-04-01,2025-04-01,STATE,Borno,Borno,Borno,North East,FALSE,1400,NGN per litre,2025-04-14,FALSE,,2,AGO_APRIL_2026.zip,Diesel APRIL 2026.xlsx,DIESEL APRIL 2026,14,2,B14
2026-04-01,2025-04-01,STATE,Cross River,Cross River,Cross River,South South,FALSE,2009.1875,NGN per litre,2025-04-14,FALSE,,2,AGO_APRIL_2026.zip,Diesel APRIL 2026.xlsx,DIESEL APRIL 2026,35,2,B35
2026-04-01,2025-04-01,STATE,Delta,Delta,Delta,South South,FALSE,1660.5252,NGN per litre,2025-04-14,FALSE,,2,AGO_APRIL_2026.zip,Diesel APRIL 2026.xlsx,DIESEL APRIL 2026,36,2,B36
2026-04-01,2025-04-01,STATE,Ebonyi,Ebonyi,Ebonyi,South East,FALSE,1564.70033828571,NGN per litre,2025-04-14,FALSE,,2,AGO_APRIL_2026.zip,Diesel APRIL 2026.xlsx,DIESEL APRIL 2026,29,2,B29
2026-04-01,2025-04-01,STATE,Edo,Edo,Edo,South South,FALSE,1909.8577333333333,NGN per litre,2025-04-14,FALSE,,2,AGO_APRIL_2026.zip,Diesel APRIL 2026.xlsx,DIESEL APRIL 2026,37,2,B37
2026-04-01,2025-04-01,STATE,Ekiti,Ekiti,Ekiti,South West,FALSE,1517.884375,NGN per litre,2025-04-14,FALSE,,2,AGO_APRIL_2026.zip,Diesel APRIL 2026.xlsx,DIESEL APRIL 2026,40,2,B40
2026-04-01,2025-04-01,STATE,Enugu,Enugu,Enugu,South East,FALSE,1778.7416666666668,NGN per litre,2025-04-14,FALSE,,2,AGO_APRIL_2026.zip,Diesel APRIL 2026.xlsx,DIESEL APRIL 2026,30,2,B30
2026-04-01,2025-04-01,STATE,Gombe,Gombe,Gombe,North East,FALSE,1375,NGN per litre,2025-04-14,FALSE,,2,AGO_APRIL_2026.zip,Diesel APRIL 2026.xlsx,DIESEL APRIL 2026,15,2,B15
2026-04-01,2025-04-01,STATE,Imo,Imo,Imo,South East,FALSE,1665.847142857143,NGN per litre,2025-04-14,FALSE,,2,AGO_APRIL_2026.zip,Diesel APRIL 2026.xlsx,DIESEL APRIL 2026,31,2,B31
2026-04-01,2025-04-01,STATE,Jigawa,Jigawa,Jigawa,North West,FALSE,1644.33258333333,NGN per litre,2025-04-14,FALSE,,2,AGO_APRIL_2026.zip,Diesel APRIL 2026.xlsx,DIESEL APRIL 2026,19,2,B19
2026-04-01,2025-04-01,STATE,Kaduna,Kaduna,Kaduna,North West,FALSE,1867.6980000000003,NGN per litre,2025-04-14,FALSE,,2,AGO_APRIL_2026.zip,Diesel APRIL 2026.xlsx,DIESEL APRIL 2026,20,2,B20
2026-04-01,2025-04-01,STATE,Kano,Kano,Kano,North West,FALSE,2003.29784615385,NGN per litre,2025-04-14,FALSE,,2,AGO_APRIL_2026.zip,Diesel APRIL 2026.xlsx,DIESEL APRIL 2026,21,2,B21
2026-04-01,2025-04-01,STATE,Katsina,Katsina,Katsina,North West,FALSE,1780.9,NGN per litre,2025-04-14,FALSE,,2,AGO_APRIL_2026.zip,Diesel APRIL 2026.xlsx,DIESEL APRIL 2026,22,2,B22
2026-04-01,2025-04-01,STATE,Kebbi,Kebbi,Kebbi,North West,FALSE,1661.516775,NGN per litre,2025-04-14,FALSE,,2,AGO_APRIL_2026.zip,Diesel APRIL 2026.xlsx,DIESEL APRIL 2026,23,2,B23
2026-04-01,2025-04-01,STATE,Kogi,Kogi,Kogi,North Central,FALSE,1300,NGN per litre,2025-04-14,FALSE,,2,AGO_APRIL_2026.zip,Diesel APRIL 2026.xlsx,DIESEL APRIL 2026,6,2,B6
2026-04-01,2025-04-01,STATE,Kwara,Kwara,Kwara,North Central,FALSE,1559.4052509375,NGN per litre,2025-04-14,FALSE,,2,AGO_APRIL_2026.zip,Diesel APRIL 2026.xlsx,DIESEL APRIL 2026,7,2,B7
2026-04-01,2025-04-01,STATE,Lagos,Lagos,Lagos,South West,FALSE,1489.6879999999999,NGN per litre,2025-04-14,FALSE,,2,AGO_APRIL_2026.zip,Diesel APRIL 2026.xlsx,DIESEL APRIL 2026,41,2,B41
2026-04-01,2025-04-01,STATE,Nasarawa,Nassarawa,Nasarawa,North Central,FALSE,1931.3750269779998,NGN per litre,2025-04-14,FALSE,,2,AGO_APRIL_2026.zip,Diesel APRIL 2026.xlsx,DIESEL APRIL 2026,8,2,B8
2026-04-01,2025-04-01,STATE,Niger,Niger,Niger,North Central,FALSE,1896.39694089375,NGN per litre,2025-04-14,FALSE,,2,AGO_APRIL_2026.zip,Diesel APRIL 2026.xlsx,DIESEL APRIL 2026,9,2,B9
2026-04-01,2025-04-01,STATE,Ogun,Ogun,Ogun,South West,FALSE,1463.2175000000002,NGN per litre,2025-04-14,FALSE,,2,AGO_APRIL_2026.zip,Diesel APRIL 2026.xlsx,DIESEL APRIL 2026,42,2,B42
2026-04-01,2025-04-01,STATE,Ondo,Ondo,Ondo,South West,FALSE,1313.3333333333333,NGN per litre,2025-04-14,FALSE,,2,AGO_APRIL_2026.zip,Diesel APRIL 2026.xlsx,DIESEL APRIL 2026,43,2,B43
2026-04-01,2025-04-01,STATE,Osun,Osun,Osun,South West,FALSE,1759.62795,NGN per litre,2025-04-14,FALSE,,2,AGO_APRIL_2026.zip,Diesel APRIL 2026.xlsx,DIESEL APRIL 2026,44,2,B44
2026-04-01,2025-04-01,STATE,Oyo,Oyo,Oyo,South West,FALSE,1522.9057500000001,NGN per litre,2025-04-14,FALSE,,2,AGO_APRIL_2026.zip,Diesel APRIL 2026.xlsx,DIESEL APRIL 2026,45,2,B45
2026-04-01,2025-04-01,STATE,Plateau,Plateau,Plateau,North Central,FALSE,2205.12728399167,NGN per litre,2025-04-14,FALSE,,2,AGO_APRIL_2026.zip,Diesel APRIL 2026.xlsx,DIESEL APRIL 2026,10,2,B10
2026-04-01,2025-04-01,STATE,Rivers,Rivers,Rivers,South South,FALSE,1852.8619555555556,NGN per litre,2025-04-14,FALSE,,2,AGO_APRIL_2026.zip,Diesel APRIL 2026.xlsx,DIESEL APRIL 2026,38,2,B38
2026-04-01,2025-04-01,STATE,Sokoto,Sokoto,Sokoto,North West,FALSE,1593.75,NGN per litre,2025-04-14,FALSE,,2,AGO_APRIL_2026.zip,Diesel APRIL 2026.xlsx,DIESEL APRIL 2026,24,2,B24
2026-04-01,2025-04-01,STATE,Taraba,Taraba,Taraba,North East,FALSE,1899.9974000000002,NGN per litre,2025-04-14,FALSE,,2,AGO_APRIL_2026.zip,Diesel APRIL 2026.xlsx,DIESEL APRIL 2026,16,2,B16
2026-04-01,2025-04-01,STATE,Yobe,Yobe,Yobe,North East,FALSE,1600,NGN per litre,2025-04-14,FALSE,,2,AGO_APRIL_2026.zip,Diesel APRIL 2026.xlsx,DIESEL APRIL 2026,17,2,B17
2026-04-01,2025-04-01,STATE,Zamfara,Zamfara,Zamfara,North West,FALSE,1503.2857142857142,NGN per litre,2025-04-14,FALSE,,2,AGO_APRIL_2026.zip,Diesel APRIL 2026.xlsx,DIESEL APRIL 2026,25,2,B25
2026-04-01,2025-04-01,ZONE,North Central,NORTH CENTRAL,,North Central,TRUE,1867.9676395942708,NGN per litre,2025-04-14,FALSE,,2,AGO_APRIL_2026.zip,Diesel APRIL 2026.xlsx,DIESEL APRIL 2026,3,2,B3
2026-04-01,2025-04-01,ZONE,North East,NORTH EAST,,North East,TRUE,1730.6312333333335,NGN per litre,2025-04-14,FALSE,,2,AGO_APRIL_2026.zip,Diesel APRIL 2026.xlsx,DIESEL APRIL 2026,11,2,B11
2026-04-01,2025-04-01,ZONE,North West,NORTH WEST,,North West,TRUE,1722.1115598246993,NGN per litre,2025-04-14,FALSE,,2,AGO_APRIL_2026.zip,Diesel APRIL 2026.xlsx,DIESEL APRIL 2026,18,2,B18
2026-04-01,2025-04-01,ZONE,South East,SOUTH EAST,,South East,TRUE,1631.0829184477939,NGN per litre,2025-04-14,FALSE,,2,AGO_APRIL_2026.zip,Diesel APRIL 2026.xlsx,DIESEL APRIL 2026,26,2,B26
2026-04-01,2025-04-01,ZONE,South South,SOUTH SOUTH,,South South,TRUE,1832.3931957523148,NGN per litre,2025-04-14,FALSE,,2,AGO_APRIL_2026.zip,Diesel APRIL 2026.xlsx,DIESEL APRIL 2026,32,2,B32
2026-04-01,2025-04-01,ZONE,South West,SOUTH WEST,,South West,TRUE,1511.1094847222223,NGN per litre,2025-04-14,FALSE,,2,AGO_APRIL_2026.zip,Diesel APRIL 2026.xlsx,DIESEL APRIL 2026,39,2,B39
2026-04-01,2025-04-01,NATIONAL,Nigeria,NATIONAL,,,TRUE,1722.4533100275403,NGN per litre,2025-04-14,FALSE,,2,AGO_APRIL_2026.zip,Diesel APRIL 2026.xlsx,DIESEL APRIL 2026,46,2,B46
2026-04-01,2026-03-01,STATE,Abia,Abia,Abia,South East,FALSE,1653.009309436724,NGN per litre,2026-03-14,FALSE,,2,AGO_APRIL_2026.zip,Diesel APRIL 2026.xlsx,DIESEL APRIL 2026,27,3,C27
2026-04-01,2026-03-01,STATE,Abuja,Abuja,Abuja,North Central,FALSE,1718.3494673522375,NGN per litre,2026-03-14,FALSE,,2,AGO_APRIL_2026.zip,Diesel APRIL 2026.xlsx,DIESEL APRIL 2026,4,3,C4
2026-04-01,2026-03-01,STATE,Adamawa,Adamawa,Adamawa,North East,FALSE,1757.4539639239222,NGN per litre,2026-03-14,FALSE,,2,AGO_APRIL_2026.zip,Diesel APRIL 2026.xlsx,DIESEL APRIL 2026,12,3,C12
2026-04-01,2026-03-01,STATE,Akwa Ibom,Akwa Ibom,Akwa Ibom,South South,FALSE,1895.718293472735,NGN per litre,2026-03-14,FALSE,,2,AGO_APRIL_2026.zip,Diesel APRIL 2026.xlsx,DIESEL APRIL 2026,33,3,C33
2026-04-01,2026-03-01,STATE,Anambra,Anambra,Anambra,South East,FALSE,1698.29103573163,NGN per litre,2026-03-14,FALSE,,2,AGO_APRIL_2026.zip,Diesel APRIL 2026.xlsx,DIESEL APRIL 2026,28,3,C28
2026-04-01,2026-03-01,STATE,Bauchi,Bauchi,Bauchi,North East,FALSE,1592.7295940492006,NGN per litre,2026-03-14,FALSE,,2,AGO_APRIL_2026.zip,Diesel APRIL 2026.xlsx,DIESEL APRIL 2026,13,3,C13
2026-04-01,2026-03-01,STATE,Bayelsa,Bayelsa,Bayelsa,South South,FALSE,1489.6541738264345,NGN per litre,2026-03-14,FALSE,,2,AGO_APRIL_2026.zip,Diesel APRIL 2026.xlsx,DIESEL APRIL 2026,34,3,C34
2026-04-01,2026-03-01,STATE,Benue,Benue,Benue,North Central,FALSE,1506.93199527745,NGN per litre,2026-03-14,FALSE,,2,AGO_APRIL_2026.zip,Diesel APRIL 2026.xlsx,DIESEL APRIL 2026,5,3,C5
2026-04-01,2026-03-01,STATE,Borno,Borno,Borno,North East,FALSE,1616.25243999386,NGN per litre,2026-03-14,FALSE,,2,AGO_APRIL_2026.zip,Diesel APRIL 2026.xlsx,DIESEL APRIL 2026,14,3,C14
2026-04-01,2026-03-01,STATE,Cross River,Cross River,Cross River,South South,FALSE,1603.892826362393,NGN per litre,2026-03-14,FALSE,,2,AGO_APRIL_2026.zip,Diesel APRIL 2026.xlsx,DIESEL APRIL 2026,35,3,C35
2026-04-01,2026-03-01,STATE,Delta,Delta,Delta,South South,FALSE,1541.9686719089834,NGN per litre,2026-03-14,FALSE,,2,AGO_APRIL_2026.zip,Diesel APRIL 2026.xlsx,DIESEL APRIL 2026,36,3,C36
2026-04-01,2026-03-01,STATE,Ebonyi,Ebonyi,Ebonyi,South East,FALSE,2262.2870170189058,NGN per litre,2026-03-14,FALSE,,2,AGO_APRIL_2026.zip,Diesel APRIL 2026.xlsx,DIESEL APRIL 2026,29,3,C29
2026-04-01,2026-03-01,STATE,Edo,Edo,Edo,South South,FALSE,1748.845707339061,NGN per litre,2026-03-14,FALSE,,2,AGO_APRIL_2026.zip,Diesel APRIL 2026.xlsx,DIESEL APRIL 2026,37,3,C37
2026-04-01,2026-03-01,STATE,Ekiti,Ekiti,Ekiti,South West,FALSE,1491.1899312132227,NGN per litre,2026-03-14,FALSE,,2,AGO_APRIL_2026.zip,Diesel APRIL 2026.xlsx,DIESEL APRIL 2026,40,3,C40
2026-04-01,2026-03-01,STATE,Enugu,Enugu,Enugu,South East,FALSE,1480.0584329523351,NGN per litre,2026-03-14,FALSE,,2,AGO_APRIL_2026.zip,Diesel APRIL 2026.xlsx,DIESEL APRIL 2026,30,3,C30
2026-04-01,2026-03-01,STATE,Gombe,Gombe,Gombe,North East,FALSE,1856.256425359193,NGN per litre,2026-03-14,FALSE,,2,AGO_APRIL_2026.zip,Diesel APRIL 2026.xlsx,DIESEL APRIL 2026,15,3,C15
2026-04-01,2026-03-01,STATE,Imo,Imo,Imo,South East,FALSE,1557.0631277064235,NGN per litre,2026-03-14,FALSE,,2,AGO_APRIL_2026.zip,Diesel APRIL 2026.xlsx,DIESEL APRIL 2026,31,3,C31
2026-04-01,2026-03-01,STATE,Jigawa,Jigawa,Jigawa,North West,FALSE,1600.1151508915984,NGN per litre,2026-03-14,FALSE,,2,AGO_APRIL_2026.zip,Diesel APRIL 2026.xlsx,DIESEL APRIL 2026,19,3,C19
2026-04-01,2026-03-01,STATE,Kaduna,Kaduna,Kaduna,North West,FALSE,1678.9333333333334,NGN per litre,2026-03-14,FALSE,,2,AGO_APRIL_2026.zip,Diesel APRIL 2026.xlsx,DIESEL APRIL 2026,20,3,C20
2026-04-01,2026-03-01,STATE,Kano,Kano,Kano,North West,FALSE,1610.856269995381,NGN per litre,2026-03-14,FALSE,,2,AGO_APRIL_2026.zip,Diesel APRIL 2026.xlsx,DIESEL APRIL 2026,21,3,C21
2026-04-01,2026-03-01,STATE,Katsina,Katsina,Katsina,North West,FALSE,1438.2461861263453,NGN per litre,2026-03-14,FALSE,,2,AGO_APRIL_2026.zip,Diesel APRIL 2026.xlsx,DIESEL APRIL 2026,22,3,C22
2026-04-01,2026-03-01,STATE,Kebbi,Kebbi,Kebbi,North West,FALSE,1577.1800113375705,NGN per litre,2026-03-14,FALSE,,2,AGO_APRIL_2026.zip,Diesel APRIL 2026.xlsx,DIESEL APRIL 2026,23,3,C23
2026-04-01,2026-03-01,STATE,Kogi,Kogi,Kogi,North Central,FALSE,1383.4,NGN per litre,2026-03-14,FALSE,,2,AGO_APRIL_2026.zip,Diesel APRIL 2026.xlsx,DIESEL APRIL 2026,6,3,C6
2026-04-01,2026-03-01,STATE,Kwara,Kwara,Kwara,North Central,FALSE,1488.592540934774,NGN per litre,2026-03-14,FALSE,,2,AGO_APRIL_2026.zip,Diesel APRIL 2026.xlsx,DIESEL APRIL 2026,7,3,C7
2026-04-01,2026-03-01,STATE,Lagos,Lagos,Lagos,South West,FALSE,1642.6719833920693,NGN per litre,2026-03-14,FALSE,,2,AGO_APRIL_2026.zip,Diesel APRIL 2026.xlsx,DIESEL APRIL 2026,41,3,C41
2026-04-01,2026-03-01,STATE,Nasarawa,Nassarawa,Nasarawa,North Central,FALSE,1852.3587276586413,NGN per litre,2026-03-14,FALSE,,2,AGO_APRIL_2026.zip,Diesel APRIL 2026.xlsx,DIESEL APRIL 2026,8,3,C8
2026-04-01,2026-03-01,STATE,Niger,Niger,Niger,North Central,FALSE,1548.0490611903297,NGN per litre,2026-03-14,FALSE,,2,AGO_APRIL_2026.zip,Diesel APRIL 2026.xlsx,DIESEL APRIL 2026,9,3,C9
2026-04-01,2026-03-01,STATE,Ogun,Ogun,Ogun,South West,FALSE,1532.647539183418,NGN per litre,2026-03-14,FALSE,,2,AGO_APRIL_2026.zip,Diesel APRIL 2026.xlsx,DIESEL APRIL 2026,42,3,C42
2026-04-01,2026-03-01,STATE,Ondo,Ondo,Ondo,South West,FALSE,1660.4431997553181,NGN per litre,2026-03-14,FALSE,,2,AGO_APRIL_2026.zip,Diesel APRIL 2026.xlsx,DIESEL APRIL 2026,43,3,C43
2026-04-01,2026-03-01,STATE,Osun,Osun,Osun,South West,FALSE,1872.1538301490327,NGN per litre,2026-03-14,FALSE,,2,AGO_APRIL_2026.zip,Diesel APRIL 2026.xlsx,DIESEL APRIL 2026,44,3,C44
2026-04-01,2026-03-01,STATE,Oyo,Oyo,Oyo,South West,FALSE,1621.9478959388111,NGN per litre,2026-03-14,FALSE,,2,AGO_APRIL_2026.zip,Diesel APRIL 2026.xlsx,DIESEL APRIL 2026,45,3,C45
2026-04-01,2026-03-01,STATE,Plateau,Plateau,Plateau,North Central,FALSE,1654.0582224212244,NGN per litre,2026-03-14,FALSE,,2,AGO_APRIL_2026.zip,Diesel APRIL 2026.xlsx,DIESEL APRIL 2026,10,3,C10
2026-04-01,2026-03-01,STATE,Rivers,Rivers,Rivers,South South,FALSE,1572.9440816567187,NGN per litre,2026-03-14,FALSE,,2,AGO_APRIL_2026.zip,Diesel APRIL 2026.xlsx,DIESEL APRIL 2026,38,3,C38
2026-04-01,2026-03-01,STATE,Sokoto,Sokoto,Sokoto,North West,FALSE,1759.0478983030098,NGN per litre,2026-03-14,FALSE,,2,AGO_APRIL_2026.zip,Diesel APRIL 2026.xlsx,DIESEL APRIL 2026,24,3,C24
2026-04-01,2026-03-01,STATE,Taraba,Taraba,Taraba,North East,FALSE,1757.8349999999998,NGN per litre,2026-03-14,FALSE,,2,AGO_APRIL_2026.zip,Diesel APRIL 2026.xlsx,DIESEL APRIL 2026,16,3,C16
2026-04-01,2026-03-01,STATE,Yobe,Yobe,Yobe,North East,FALSE,1755.127407950348,NGN per litre,2026-03-14,FALSE,,2,AGO_APRIL_2026.zip,Diesel APRIL 2026.xlsx,DIESEL APRIL 2026,17,3,C17
2026-04-01,2026-03-01,STATE,Zamfara,Zamfara,Zamfara,North West,FALSE,1502.4969159424986,NGN per litre,2026-03-14,FALSE,,2,AGO_APRIL_2026.zip,Diesel APRIL 2026.xlsx,DIESEL APRIL 2026,25,3,C25
2026-04-01,2026-03-01,ZONE,North Central,NORTH CENTRAL,,North Central,TRUE,1593.105716404951,NGN per litre,2026-03-14,FALSE,,2,AGO_APRIL_2026.zip,Diesel APRIL 2026.xlsx,DIESEL APRIL 2026,3,3,C3
2026-04-01,2026-03-01,ZONE,North East,NORTH EAST,,North East,TRUE,1722.609138546087,NGN per litre,2026-03-14,FALSE,,2,AGO_APRIL_2026.zip,Diesel APRIL 2026.xlsx,DIESEL APRIL 2026,11,3,C11
2026-04-01,2026-03-01,ZONE,North West,NORTH WEST,,North West,TRUE,1595.267966561391,NGN per litre,2026-03-14,FALSE,,2,AGO_APRIL_2026.zip,Diesel APRIL 2026.xlsx,DIESEL APRIL 2026,18,3,C18
2026-04-01,2026-03-01,ZONE,South East,SOUTH EAST,,South East,TRUE,1730.1417845692038,NGN per litre,2026-03-14,FALSE,,2,AGO_APRIL_2026.zip,Diesel APRIL 2026.xlsx,DIESEL APRIL 2026,26,3,C26
2026-04-01,2026-03-01,ZONE,South South,SOUTH SOUTH,,South South,TRUE,1642.1706257610542,NGN per litre,2026-03-14,FALSE,,2,AGO_APRIL_2026.zip,Diesel APRIL 2026.xlsx,DIESEL APRIL 2026,32,3,C32
2026-04-01,2026-03-01,ZONE,South West,SOUTH WEST,,South West,TRUE,1636.8423966053117,NGN per litre,2026-03-14,FALSE,,2,AGO_APRIL_2026.zip,Diesel APRIL 2026.xlsx,DIESEL APRIL 2026,39,3,C39
2026-04-01,2026-03-01,NATIONAL,Nigeria,NATIONAL,,,TRUE,1648.0826397050034,NGN per litre,2026-03-14,FALSE,,2,AGO_APRIL_2026.zip,Diesel APRIL 2026.xlsx,DIESEL APRIL 2026,46,3,C46
2026-04-01,2026-04-01,STATE,Abia,Abia,Abia,South East,FALSE,2405.5882395888034,NGN per litre,2026-04-14,TRUE,,2,AGO_APRIL_2026.zip,Diesel APRIL 2026.xlsx,DIESEL APRIL 2026,27,4,D27
2026-04-01,2026-04-01,STATE,Abuja,Abuja,Abuja,North Central,FALSE,2492.9780197935456,NGN per litre,2026-04-14,TRUE,,2,AGO_APRIL_2026.zip,Diesel APRIL 2026.xlsx,DIESEL APRIL 2026,4,4,D4
2026-04-01,2026-04-01,STATE,Adamawa,Adamawa,Adamawa,North East,FALSE,2684.9450820178085,NGN per litre,2026-04-14,TRUE,,2,AGO_APRIL_2026.zip,Diesel APRIL 2026.xlsx,DIESEL APRIL 2026,12,4,D12
2026-04-01,2026-04-01,STATE,Akwa Ibom,Akwa Ibom,Akwa Ibom,South South,FALSE,2496.7299486807337,NGN per litre,2026-04-14,TRUE,,2,AGO_APRIL_2026.zip,Diesel APRIL 2026.xlsx,DIESEL APRIL 2026,33,4,D33
2026-04-01,2026-04-01,STATE,Anambra,Anambra,Anambra,South East,FALSE,2694.2246977999994,NGN per litre,2026-04-14,TRUE,,2,AGO_APRIL_2026.zip,Diesel APRIL 2026.xlsx,DIESEL APRIL 2026,28,4,D28
2026-04-01,2026-04-01,STATE,Bauchi,Bauchi,Bauchi,North East,FALSE,2515.6611892013943,NGN per litre,2026-04-14,TRUE,,2,AGO_APRIL_2026.zip,Diesel APRIL 2026.xlsx,DIESEL APRIL 2026,13,4,D13
2026-04-01,2026-04-01,STATE,Bayelsa,Bayelsa,Bayelsa,South South,FALSE,2369.0057837414606,NGN per litre,2026-04-14,TRUE,,2,AGO_APRIL_2026.zip,Diesel APRIL 2026.xlsx,DIESEL APRIL 2026,34,4,D34
2026-04-01,2026-04-01,STATE,Benue,Benue,Benue,North Central,FALSE,2309.7580321133414,NGN per litre,2026-04-14,TRUE,,2,AGO_APRIL_2026.zip,Diesel APRIL 2026.xlsx,DIESEL APRIL 2026,5,4,D5
2026-04-01,2026-04-01,STATE,Borno,Borno,Borno,North East,FALSE,2524.7808979177403,NGN per litre,2026-04-14,TRUE,,2,AGO_APRIL_2026.zip,Diesel APRIL 2026.xlsx,DIESEL APRIL 2026,14,4,D14
2026-04-01,2026-04-01,STATE,Cross River,Cross River,Cross River,South South,FALSE,2457.045055736704,NGN per litre,2026-04-14,TRUE,,2,AGO_APRIL_2026.zip,Diesel APRIL 2026.xlsx,DIESEL APRIL 2026,35,4,D35
2026-04-01,2026-04-01,STATE,Delta,Delta,Delta,South South,FALSE,2379.315188053994,NGN per litre,2026-04-14,TRUE,,2,AGO_APRIL_2026.zip,Diesel APRIL 2026.xlsx,DIESEL APRIL 2026,36,4,D36
2026-04-01,2026-04-01,STATE,Ebonyi,Ebonyi,Ebonyi,South East,FALSE,2754.0622645420963,NGN per litre,2026-04-14,TRUE,,2,AGO_APRIL_2026.zip,Diesel APRIL 2026.xlsx,DIESEL APRIL 2026,29,4,D29
2026-04-01,2026-04-01,STATE,Edo,Edo,Edo,South South,FALSE,2640.1026324589848,NGN per litre,2026-04-14,TRUE,,2,AGO_APRIL_2026.zip,Diesel APRIL 2026.xlsx,DIESEL APRIL 2026,37,4,D37
2026-04-01,2026-04-01,STATE,Ekiti,Ekiti,Ekiti,South West,FALSE,2352.7390079166958,NGN per litre,2026-04-14,TRUE,,2,AGO_APRIL_2026.zip,Diesel APRIL 2026.xlsx,DIESEL APRIL 2026,40,4,D40
2026-04-01,2026-04-01,STATE,Enugu,Enugu,Enugu,South East,FALSE,2342.408680421654,NGN per litre,2026-04-14,TRUE,,2,AGO_APRIL_2026.zip,Diesel APRIL 2026.xlsx,DIESEL APRIL 2026,30,4,D30
2026-04-01,2026-04-01,STATE,Gombe,Gombe,Gombe,North East,FALSE,2494.6902669002884,NGN per litre,2026-04-14,TRUE,,2,AGO_APRIL_2026.zip,Diesel APRIL 2026.xlsx,DIESEL APRIL 2026,15,4,D15
2026-04-01,2026-04-01,STATE,Imo,Imo,Imo,South East,FALSE,2385.4542293831846,NGN per litre,2026-04-14,TRUE,,2,AGO_APRIL_2026.zip,Diesel APRIL 2026.xlsx,DIESEL APRIL 2026,31,4,D31
2026-04-01,2026-04-01,STATE,Jigawa,Jigawa,Jigawa,North West,FALSE,2472.0440903203885,NGN per litre,2026-04-14,TRUE,,2,AGO_APRIL_2026.zip,Diesel APRIL 2026.xlsx,DIESEL APRIL 2026,19,4,D19
2026-04-01,2026-04-01,STATE,Kaduna,Kaduna,Kaduna,North West,FALSE,2552.2007999999996,NGN per litre,2026-04-14,TRUE,,2,AGO_APRIL_2026.zip,Diesel APRIL 2026.xlsx,DIESEL APRIL 2026,20,4,D20
2026-04-01,2026-04-01,STATE,Kano,Kano,Kano,North West,FALSE,2483.810980534766,NGN per litre,2026-04-14,TRUE,,2,AGO_APRIL_2026.zip,Diesel APRIL 2026.xlsx,DIESEL APRIL 2026,21,4,D21
2026-04-01,2026-04-01,STATE,Katsina,Katsina,Katsina,North West,FALSE,2269.141196767494,NGN per litre,2026-04-14,TRUE,,2,AGO_APRIL_2026.zip,Diesel APRIL 2026.xlsx,DIESEL APRIL 2026,22,4,D22
2026-04-01,2026-04-01,STATE,Kebbi,Kebbi,Kebbi,North West,FALSE,2180.2795106089316,NGN per litre,2026-04-14,TRUE,,2,AGO_APRIL_2026.zip,Diesel APRIL 2026.xlsx,DIESEL APRIL 2026,23,4,D23
2026-04-01,2026-04-01,STATE,Kogi,Kogi,Kogi,North Central,FALSE,2192.7040682645284,NGN per litre,2026-04-14,TRUE,,2,AGO_APRIL_2026.zip,Diesel APRIL 2026.xlsx,DIESEL APRIL 2026,6,4,D6
2026-04-01,2026-04-01,STATE,Kwara,Kwara,Kwara,North Central,FALSE,2279.6758403417284,NGN per litre,2026-04-14,TRUE,,2,AGO_APRIL_2026.zip,Diesel APRIL 2026.xlsx,DIESEL APRIL 2026,7,4,D7
2026-04-01,2026-04-01,STATE,Lagos,Lagos,Lagos,South West,FALSE,2293.2740841085238,NGN per litre,2026-04-14,TRUE,,2,AGO_APRIL_2026.zip,Diesel APRIL 2026.xlsx,DIESEL APRIL 2026,41,4,D41
2026-04-01,2026-04-01,STATE,Nasarawa,Nassarawa,Nasarawa,North Central,FALSE,2818.938152028743,NGN per litre,2026-04-14,TRUE,,2,AGO_APRIL_2026.zip,Diesel APRIL 2026.xlsx,DIESEL APRIL 2026,8,4,D8
2026-04-01,2026-04-01,STATE,Niger,Niger,Niger,North Central,FALSE,2430.421780176143,NGN per litre,2026-04-14,TRUE,,2,AGO_APRIL_2026.zip,Diesel APRIL 2026.xlsx,DIESEL APRIL 2026,9,4,D9
2026-04-01,2026-04-01,STATE,Ogun,Ogun,Ogun,South West,FALSE,2425.9442317860603,NGN per litre,2026-04-14,TRUE,,2,AGO_APRIL_2026.zip,Diesel APRIL 2026.xlsx,DIESEL APRIL 2026,42,4,D42
2026-04-01,2026-04-01,STATE,Ondo,Ondo,Ondo,South West,FALSE,2317.210009487878,NGN per litre,2026-04-14,TRUE,,2,AGO_APRIL_2026.zip,Diesel APRIL 2026.xlsx,DIESEL APRIL 2026,43,4,D43
2026-04-01,2026-04-01,STATE,Osun,Osun,Osun,South West,FALSE,2616.9678748388556,NGN per litre,2026-04-14,TRUE,,2,AGO_APRIL_2026.zip,Diesel APRIL 2026.xlsx,DIESEL APRIL 2026,44,4,D44
2026-04-01,2026-04-01,STATE,Oyo,Oyo,Oyo,South West,FALSE,2507.7830794434594,NGN per litre,2026-04-14,TRUE,,2,AGO_APRIL_2026.zip,Diesel APRIL 2026.xlsx,DIESEL APRIL 2026,45,4,D45
2026-04-01,2026-04-01,STATE,Plateau,Plateau,Plateau,North Central,FALSE,2655.2982550844617,NGN per litre,2026-04-14,TRUE,,2,AGO_APRIL_2026.zip,Diesel APRIL 2026.xlsx,DIESEL APRIL 2026,10,4,D10
2026-04-01,2026-04-01,STATE,Rivers,Rivers,Rivers,South South,FALSE,2462.501754733621,NGN per litre,2026-04-14,TRUE,,2,AGO_APRIL_2026.zip,Diesel APRIL 2026.xlsx,DIESEL APRIL 2026,38,4,D38
2026-04-01,2026-04-01,STATE,Sokoto,Sokoto,Sokoto,North West,FALSE,2570.562521626698,NGN per litre,2026-04-14,TRUE,,2,AGO_APRIL_2026.zip,Diesel APRIL 2026.xlsx,DIESEL APRIL 2026,24,4,D24
2026-04-01,2026-04-01,STATE,Taraba,Taraba,Taraba,North East,FALSE,2704.7590920125317,NGN per litre,2026-04-14,TRUE,,2,AGO_APRIL_2026.zip,Diesel APRIL 2026.xlsx,DIESEL APRIL 2026,16,4,D16
2026-04-01,2026-04-01,STATE,Yobe,Yobe,Yobe,North East,FALSE,2693.165195986742,NGN per litre,2026-04-14,TRUE,,2,AGO_APRIL_2026.zip,Diesel APRIL 2026.xlsx,DIESEL APRIL 2026,17,4,D17
2026-04-01,2026-04-01,STATE,Zamfara,Zamfara,Zamfara,North West,FALSE,2337.36348853602,NGN per litre,2026-04-14,TRUE,,2,AGO_APRIL_2026.zip,Diesel APRIL 2026.xlsx,DIESEL APRIL 2026,25,4,D25
2026-04-01,2026-04-01,ZONE,North Central,NORTH CENTRAL,,North Central,TRUE,2454.2534496860703,NGN per litre,2026-04-14,TRUE,,2,AGO_APRIL_2026.zip,Diesel APRIL 2026.xlsx,DIESEL APRIL 2026,3,4,D3
2026-04-01,2026-04-01,ZONE,North East,NORTH EAST,,North East,TRUE,2603.0002873394174,NGN per litre,2026-04-14,TRUE,,2,AGO_APRIL_2026.zip,Diesel APRIL 2026.xlsx,DIESEL APRIL 2026,11,4,D11
2026-04-01,2026-04-01,ZONE,North West,NORTH WEST,,North West,TRUE,2409.3432269134714,NGN per litre,2026-04-14,TRUE,,2,AGO_APRIL_2026.zip,Diesel APRIL 2026.xlsx,DIESEL APRIL 2026,18,4,D18
2026-04-01,2026-04-01,ZONE,South East,SOUTH EAST,,South East,TRUE,2516.347622347147,NGN per litre,2026-04-14,TRUE,,2,AGO_APRIL_2026.zip,Diesel APRIL 2026.xlsx,DIESEL APRIL 2026,26,4,D26
2026-04-01,2026-04-01,ZONE,South South,SOUTH SOUTH,,South South,TRUE,2467.4500605675826,NGN per litre,2026-04-14,TRUE,,2,AGO_APRIL_2026.zip,Diesel APRIL 2026.xlsx,DIESEL APRIL 2026,32,4,D32
2026-04-01,2026-04-01,ZONE,South West,SOUTH WEST,,South West,TRUE,2418.986381263579,NGN per litre,2026-04-14,TRUE,,2,AGO_APRIL_2026.zip,Diesel APRIL 2026.xlsx,DIESEL APRIL 2026,39,4,D39
2026-04-01,2026-04-01,NATIONAL,Nigeria,NATIONAL,,,TRUE,2474.690141160973,NGN per litre,2026-04-14,TRUE,,2,AGO_APRIL_2026.zip,Diesel APRIL 2026.xlsx,DIESEL APRIL 2026,46,4,D46
2026-05-01,2025-05-01,STATE,Abia,Abia,Abia,South East,FALSE,1729.79850498381,NGN per litre,2025-05-14,FALSE,,3,AGO_Report_MAY_2026.zip,DIESEL_MAY_2026.xlsx,DIESEL MAY 2026,28,2,B28
2026-05-01,2025-05-01,STATE,Abuja,Abuja,Abuja,North Central,FALSE,1800.16666666667,NGN per litre,2025-05-14,FALSE,,3,AGO_Report_MAY_2026.zip,DIESEL_MAY_2026.xlsx,DIESEL MAY 2026,5,2,B5
2026-05-01,2025-05-01,STATE,Adamawa,Adamawa,Adamawa,North East,FALSE,2350.3199999999997,NGN per litre,2025-05-14,FALSE,,3,AGO_Report_MAY_2026.zip,DIESEL_MAY_2026.xlsx,DIESEL MAY 2026,13,2,B13
2026-05-01,2025-05-01,STATE,Akwa Ibom,Akwa Ibom,Akwa Ibom,South South,FALSE,1666.1899999175,NGN per litre,2025-05-14,FALSE,,3,AGO_Report_MAY_2026.zip,DIESEL_MAY_2026.xlsx,DIESEL MAY 2026,34,2,B34
2026-05-01,2025-05-01,STATE,Anambra,Anambra,Anambra,South East,FALSE,1361.016975,NGN per litre,2025-05-14,FALSE,,3,AGO_Report_MAY_2026.zip,DIESEL_MAY_2026.xlsx,DIESEL MAY 2026,29,2,B29
2026-05-01,2025-05-01,STATE,Bauchi,Bauchi,Bauchi,North East,FALSE,1852.9601,NGN per litre,2025-05-14,FALSE,,3,AGO_Report_MAY_2026.zip,DIESEL_MAY_2026.xlsx,DIESEL MAY 2026,14,2,B14
2026-05-01,2025-05-01,STATE,Bayelsa,Bayelsa,Bayelsa,South South,FALSE,1915.472,NGN per litre,2025-05-14,FALSE,,3,AGO_Report_MAY_2026.zip,DIESEL_MAY_2026.xlsx,DIESEL MAY 2026,35,2,B35
2026-05-01,2025-05-01,STATE,Benue,Benue,Benue,North Central,FALSE,2441.46187692308,NGN per litre,2025-05-14,FALSE,,3,AGO_Report_MAY_2026.zip,DIESEL_MAY_2026.xlsx,DIESEL MAY 2026,6,2,B6
2026-05-01,2025-05-01,STATE,Borno,Borno,Borno,North East,FALSE,1446.9099999999999,NGN per litre,2025-05-14,FALSE,,3,AGO_Report_MAY_2026.zip,DIESEL_MAY_2026.xlsx,DIESEL MAY 2026,15,2,B15
2026-05-01,2025-05-01,STATE,Cross River,Cross River,Cross River,South South,FALSE,2028.3375,NGN per litre,2025-05-14,FALSE,,3,AGO_Report_MAY_2026.zip,DIESEL_MAY_2026.xlsx,DIESEL MAY 2026,36,2,B36
2026-05-01,2025-05-01,STATE,Delta,Delta,Delta,South South,FALSE,1710.167216,NGN per litre,2025-05-14,FALSE,,3,AGO_Report_MAY_2026.zip,DIESEL_MAY_2026.xlsx,DIESEL MAY 2026,37,2,B37
2026-05-01,2025-05-01,STATE,Ebonyi,Ebonyi,Ebonyi,South East,FALSE,1533.73350820571,NGN per litre,2025-05-14,FALSE,,3,AGO_Report_MAY_2026.zip,DIESEL_MAY_2026.xlsx,DIESEL MAY 2026,30,2,B30
2026-05-01,2025-05-01,STATE,Edo,Edo,Edo,South South,FALSE,1962.646352,NGN per litre,2025-05-14,FALSE,,3,AGO_Report_MAY_2026.zip,DIESEL_MAY_2026.xlsx,DIESEL MAY 2026,38,2,B38
2026-05-01,2025-05-01,STATE,Ekiti,Ekiti,Ekiti,South West,FALSE,1551.310125,NGN per litre,2025-05-14,FALSE,,3,AGO_Report_MAY_2026.zip,DIESEL_MAY_2026.xlsx,DIESEL MAY 2026,41,2,B41
2026-05-01,2025-05-01,STATE,Enugu,Enugu,Enugu,South East,FALSE,1921.0410000000002,NGN per litre,2025-05-14,FALSE,,3,AGO_Report_MAY_2026.zip,DIESEL_MAY_2026.xlsx,DIESEL MAY 2026,31,2,B31
2026-05-01,2025-05-01,STATE,Gombe,Gombe,Gombe,North East,FALSE,1385,NGN per litre,2025-05-14,FALSE,,3,AGO_Report_MAY_2026.zip,DIESEL_MAY_2026.xlsx,DIESEL MAY 2026,16,2,B16
2026-05-01,2025-05-01,STATE,Imo,Imo,Imo,South East,FALSE,1616.06134285714,NGN per litre,2025-05-14,FALSE,,3,AGO_Report_MAY_2026.zip,DIESEL_MAY_2026.xlsx,DIESEL MAY 2026,32,2,B32
2026-05-01,2025-05-01,STATE,Jigawa,Jigawa,Jigawa,North West,FALSE,1655.22995875,NGN per litre,2025-05-14,FALSE,,3,AGO_Report_MAY_2026.zip,DIESEL_MAY_2026.xlsx,DIESEL MAY 2026,20,2,B20
2026-05-01,2025-05-01,STATE,Kaduna,Kaduna,Kaduna,North West,FALSE,1979.736,NGN per litre,2025-05-14,FALSE,,3,AGO_Report_MAY_2026.zip,DIESEL_MAY_2026.xlsx,DIESEL MAY 2026,21,2,B21
2026-05-01,2025-05-01,STATE,Kano,Kano,Kano,North West,FALSE,2028.69350769231,NGN per litre,2025-05-14,FALSE,,3,AGO_Report_MAY_2026.zip,DIESEL_MAY_2026.xlsx,DIESEL MAY 2026,22,2,B22
2026-05-01,2025-05-01,STATE,Katsina,Katsina,Katsina,North West,FALSE,1902.5737500000002,NGN per litre,2025-05-14,FALSE,,3,AGO_Report_MAY_2026.zip,DIESEL_MAY_2026.xlsx,DIESEL MAY 2026,23,2,B23
2026-05-01,2025-05-01,STATE,Kebbi,Kebbi,Kebbi,North West,FALSE,1753.9358375,NGN per litre,2025-05-14,FALSE,,3,AGO_Report_MAY_2026.zip,DIESEL_MAY_2026.xlsx,DIESEL MAY 2026,24,2,B24
2026-05-01,2025-05-01,STATE,Kogi,Kogi,Kogi,North Central,FALSE,1360,NGN per litre,2025-05-14,FALSE,,3,AGO_Report_MAY_2026.zip,DIESEL_MAY_2026.xlsx,DIESEL MAY 2026,7,2,B7
2026-05-01,2025-05-01,STATE,Kwara,Kwara,Kwara,North Central,FALSE,1700.7826710125,NGN per litre,2025-05-14,FALSE,,3,AGO_Report_MAY_2026.zip,DIESEL_MAY_2026.xlsx,DIESEL MAY 2026,8,2,B8
2026-05-01,2025-05-01,STATE,Lagos,Lagos,Lagos,South West,FALSE,1458.25748,NGN per litre,2025-05-14,FALSE,,3,AGO_Report_MAY_2026.zip,DIESEL_MAY_2026.xlsx,DIESEL MAY 2026,42,2,B42
2026-05-01,2025-05-01,STATE,Nasarawa,Nassarawa,Nasarawa,North Central,FALSE,2006.58962812184,NGN per litre,2025-05-14,FALSE,,3,AGO_Report_MAY_2026.zip,DIESEL_MAY_2026.xlsx,DIESEL MAY 2026,9,2,B9
2026-05-01,2025-05-01,STATE,Niger,Niger,Niger,North Central,FALSE,1932.79576228375,NGN per litre,2025-05-14,FALSE,,3,AGO_Report_MAY_2026.zip,DIESEL_MAY_2026.xlsx,DIESEL MAY 2026,10,2,B10
2026-05-01,2025-05-01,STATE,Ogun,Ogun,Ogun,South West,FALSE,1504.44156666667,NGN per litre,2025-05-14,FALSE,,3,AGO_Report_MAY_2026.zip,DIESEL_MAY_2026.xlsx,DIESEL MAY 2026,43,2,B43
2026-05-01,2025-05-01,STATE,Ondo,Ondo,Ondo,South West,FALSE,1318.4,NGN per litre,2025-05-14,FALSE,,3,AGO_Report_MAY_2026.zip,DIESEL_MAY_2026.xlsx,DIESEL MAY 2026,44,2,B44
2026-05-01,2025-05-01,STATE,Osun,Osun,Osun,South West,FALSE,1843.040572222222,NGN per litre,2025-05-14,FALSE,,3,AGO_Report_MAY_2026.zip,DIESEL_MAY_2026.xlsx,DIESEL MAY 2026,45,2,B45
2026-05-01,2025-05-01,STATE,Oyo,Oyo,Oyo,South West,FALSE,1643.6715433333331,NGN per litre,2025-05-14,FALSE,,3,AGO_Report_MAY_2026.zip,DIESEL_MAY_2026.xlsx,DIESEL MAY 2026,46,2,B46
2026-05-01,2025-05-01,STATE,Plateau,Plateau,Plateau,North Central,FALSE,2201.51685115833,NGN per litre,2025-05-14,FALSE,,3,AGO_Report_MAY_2026.zip,DIESEL_MAY_2026.xlsx,DIESEL MAY 2026,11,2,B11
2026-05-01,2025-05-01,STATE,Rivers,Rivers,Rivers,South South,FALSE,1860.34938477778,NGN per litre,2025-05-14,FALSE,,3,AGO_Report_MAY_2026.zip,DIESEL_MAY_2026.xlsx,DIESEL MAY 2026,39,2,B39
2026-05-01,2025-05-01,STATE,Sokoto,Sokoto,Sokoto,North West,FALSE,1500,NGN per litre,2025-05-14,FALSE,,3,AGO_Report_MAY_2026.zip,DIESEL_MAY_2026.xlsx,DIESEL MAY 2026,25,2,B25
2026-05-01,2025-05-01,STATE,Taraba,Taraba,Taraba,North East,FALSE,1940.0674000000001,NGN per litre,2025-05-14,FALSE,,3,AGO_Report_MAY_2026.zip,DIESEL_MAY_2026.xlsx,DIESEL MAY 2026,17,2,B17
2026-05-01,2025-05-01,STATE,Yobe,Yobe,Yobe,North East,FALSE,1628,NGN per litre,2025-05-14,FALSE,,3,AGO_Report_MAY_2026.zip,DIESEL_MAY_2026.xlsx,DIESEL MAY 2026,18,2,B18
2026-05-01,2025-05-01,STATE,Zamfara,Zamfara,Zamfara,North West,FALSE,1564.80285714286,NGN per litre,2025-05-14,FALSE,,3,AGO_Report_MAY_2026.zip,DIESEL_MAY_2026.xlsx,DIESEL MAY 2026,26,2,B26
2026-05-01,2025-05-01,ZONE,North Central,NORTH CENTRAL,,North Central,TRUE,1920.4733508808815,NGN per litre,2025-05-14,FALSE,,3,AGO_Report_MAY_2026.zip,DIESEL_MAY_2026.xlsx,DIESEL MAY 2026,4,2,B4
2026-05-01,2025-05-01,ZONE,North East,NORTH EAST,,North East,TRUE,1767.2095833333333,NGN per litre,2025-05-14,FALSE,,3,AGO_Report_MAY_2026.zip,DIESEL_MAY_2026.xlsx,DIESEL MAY 2026,12,2,B12
2026-05-01,2025-05-01,ZONE,North West,NORTH WEST,,North West,TRUE,1769.2817015835958,NGN per litre,2025-05-14,FALSE,,3,AGO_Report_MAY_2026.zip,DIESEL_MAY_2026.xlsx,DIESEL MAY 2026,19,2,B19
2026-05-01,2025-05-01,ZONE,South East,SOUTH EAST,,South East,TRUE,1632.330266209332,NGN per litre,2025-05-14,FALSE,,3,AGO_Report_MAY_2026.zip,DIESEL_MAY_2026.xlsx,DIESEL MAY 2026,27,2,B27
2026-05-01,2025-05-01,ZONE,South South,SOUTH SOUTH,,South South,TRUE,1857.19374211588,NGN per litre,2025-05-14,FALSE,,3,AGO_Report_MAY_2026.zip,DIESEL_MAY_2026.xlsx,DIESEL MAY 2026,33,2,B33
2026-05-01,2025-05-01,ZONE,South West,SOUTH WEST,,South West,TRUE,1553.1868812037044,NGN per litre,2025-05-14,FALSE,,3,AGO_Report_MAY_2026.zip,DIESEL_MAY_2026.xlsx,DIESEL MAY 2026,40,2,B40
2026-05-01,2025-05-01,NATIONAL,Nigeria,NATIONAL,,,TRUE,1758.2561604923108,NGN per litre,2025-05-14,FALSE,,3,AGO_Report_MAY_2026.zip,DIESEL_MAY_2026.xlsx,DIESEL MAY 2026,47,2,B47
2026-05-01,2026-04-01,STATE,Abia,Abia,Abia,South East,FALSE,2405.5882395888034,NGN per litre,2026-04-14,FALSE,,3,AGO_Report_MAY_2026.zip,DIESEL_MAY_2026.xlsx,DIESEL MAY 2026,28,3,C28
2026-05-01,2026-04-01,STATE,Abuja,Abuja,Abuja,North Central,FALSE,2492.9780197935456,NGN per litre,2026-04-14,FALSE,,3,AGO_Report_MAY_2026.zip,DIESEL_MAY_2026.xlsx,DIESEL MAY 2026,5,3,C5
2026-05-01,2026-04-01,STATE,Adamawa,Adamawa,Adamawa,North East,FALSE,2684.9450820178085,NGN per litre,2026-04-14,FALSE,,3,AGO_Report_MAY_2026.zip,DIESEL_MAY_2026.xlsx,DIESEL MAY 2026,13,3,C13
2026-05-01,2026-04-01,STATE,Akwa Ibom,Akwa Ibom,Akwa Ibom,South South,FALSE,2496.7299486807337,NGN per litre,2026-04-14,FALSE,,3,AGO_Report_MAY_2026.zip,DIESEL_MAY_2026.xlsx,DIESEL MAY 2026,34,3,C34
2026-05-01,2026-04-01,STATE,Anambra,Anambra,Anambra,South East,FALSE,2694.2246977999994,NGN per litre,2026-04-14,FALSE,,3,AGO_Report_MAY_2026.zip,DIESEL_MAY_2026.xlsx,DIESEL MAY 2026,29,3,C29
2026-05-01,2026-04-01,STATE,Bauchi,Bauchi,Bauchi,North East,FALSE,2515.6611892013943,NGN per litre,2026-04-14,FALSE,,3,AGO_Report_MAY_2026.zip,DIESEL_MAY_2026.xlsx,DIESEL MAY 2026,14,3,C14
2026-05-01,2026-04-01,STATE,Bayelsa,Bayelsa,Bayelsa,South South,FALSE,2369.0057837414606,NGN per litre,2026-04-14,FALSE,,3,AGO_Report_MAY_2026.zip,DIESEL_MAY_2026.xlsx,DIESEL MAY 2026,35,3,C35
2026-05-01,2026-04-01,STATE,Benue,Benue,Benue,North Central,FALSE,2309.7580321133414,NGN per litre,2026-04-14,FALSE,,3,AGO_Report_MAY_2026.zip,DIESEL_MAY_2026.xlsx,DIESEL MAY 2026,6,3,C6
2026-05-01,2026-04-01,STATE,Borno,Borno,Borno,North East,FALSE,2524.7808979177403,NGN per litre,2026-04-14,FALSE,,3,AGO_Report_MAY_2026.zip,DIESEL_MAY_2026.xlsx,DIESEL MAY 2026,15,3,C15
2026-05-01,2026-04-01,STATE,Cross River,Cross River,Cross River,South South,FALSE,2457.045055736704,NGN per litre,2026-04-14,FALSE,,3,AGO_Report_MAY_2026.zip,DIESEL_MAY_2026.xlsx,DIESEL MAY 2026,36,3,C36
2026-05-01,2026-04-01,STATE,Delta,Delta,Delta,South South,FALSE,2379.315188053994,NGN per litre,2026-04-14,FALSE,,3,AGO_Report_MAY_2026.zip,DIESEL_MAY_2026.xlsx,DIESEL MAY 2026,37,3,C37
2026-05-01,2026-04-01,STATE,Ebonyi,Ebonyi,Ebonyi,South East,FALSE,2754.0622645420963,NGN per litre,2026-04-14,FALSE,,3,AGO_Report_MAY_2026.zip,DIESEL_MAY_2026.xlsx,DIESEL MAY 2026,30,3,C30
2026-05-01,2026-04-01,STATE,Edo,Edo,Edo,South South,FALSE,2640.1026324589848,NGN per litre,2026-04-14,FALSE,,3,AGO_Report_MAY_2026.zip,DIESEL_MAY_2026.xlsx,DIESEL MAY 2026,38,3,C38
2026-05-01,2026-04-01,STATE,Ekiti,Ekiti,Ekiti,South West,FALSE,2352.7390079166958,NGN per litre,2026-04-14,FALSE,,3,AGO_Report_MAY_2026.zip,DIESEL_MAY_2026.xlsx,DIESEL MAY 2026,41,3,C41
2026-05-01,2026-04-01,STATE,Enugu,Enugu,Enugu,South East,FALSE,2342.408680421654,NGN per litre,2026-04-14,FALSE,,3,AGO_Report_MAY_2026.zip,DIESEL_MAY_2026.xlsx,DIESEL MAY 2026,31,3,C31
2026-05-01,2026-04-01,STATE,Gombe,Gombe,Gombe,North East,FALSE,2494.6902669002884,NGN per litre,2026-04-14,FALSE,,3,AGO_Report_MAY_2026.zip,DIESEL_MAY_2026.xlsx,DIESEL MAY 2026,16,3,C16
2026-05-01,2026-04-01,STATE,Imo,Imo,Imo,South East,FALSE,2385.4542293831846,NGN per litre,2026-04-14,FALSE,,3,AGO_Report_MAY_2026.zip,DIESEL_MAY_2026.xlsx,DIESEL MAY 2026,32,3,C32
2026-05-01,2026-04-01,STATE,Jigawa,Jigawa,Jigawa,North West,FALSE,2472.0440903203885,NGN per litre,2026-04-14,FALSE,,3,AGO_Report_MAY_2026.zip,DIESEL_MAY_2026.xlsx,DIESEL MAY 2026,20,3,C20
2026-05-01,2026-04-01,STATE,Kaduna,Kaduna,Kaduna,North West,FALSE,2552.2007999999996,NGN per litre,2026-04-14,FALSE,,3,AGO_Report_MAY_2026.zip,DIESEL_MAY_2026.xlsx,DIESEL MAY 2026,21,3,C21
2026-05-01,2026-04-01,STATE,Kano,Kano,Kano,North West,FALSE,2483.810980534766,NGN per litre,2026-04-14,FALSE,,3,AGO_Report_MAY_2026.zip,DIESEL_MAY_2026.xlsx,DIESEL MAY 2026,22,3,C22
2026-05-01,2026-04-01,STATE,Katsina,Katsina,Katsina,North West,FALSE,2269.141196767494,NGN per litre,2026-04-14,FALSE,,3,AGO_Report_MAY_2026.zip,DIESEL_MAY_2026.xlsx,DIESEL MAY 2026,23,3,C23
2026-05-01,2026-04-01,STATE,Kebbi,Kebbi,Kebbi,North West,FALSE,2180.2795106089316,NGN per litre,2026-04-14,FALSE,,3,AGO_Report_MAY_2026.zip,DIESEL_MAY_2026.xlsx,DIESEL MAY 2026,24,3,C24
2026-05-01,2026-04-01,STATE,Kogi,Kogi,Kogi,North Central,FALSE,2192.7040682645284,NGN per litre,2026-04-14,FALSE,,3,AGO_Report_MAY_2026.zip,DIESEL_MAY_2026.xlsx,DIESEL MAY 2026,7,3,C7
2026-05-01,2026-04-01,STATE,Kwara,Kwara,Kwara,North Central,FALSE,2279.6758403417284,NGN per litre,2026-04-14,FALSE,,3,AGO_Report_MAY_2026.zip,DIESEL_MAY_2026.xlsx,DIESEL MAY 2026,8,3,C8
2026-05-01,2026-04-01,STATE,Lagos,Lagos,Lagos,South West,FALSE,2293.2740841085238,NGN per litre,2026-04-14,FALSE,,3,AGO_Report_MAY_2026.zip,DIESEL_MAY_2026.xlsx,DIESEL MAY 2026,42,3,C42
2026-05-01,2026-04-01,STATE,Nasarawa,Nassarawa,Nasarawa,North Central,FALSE,2818.938152028743,NGN per litre,2026-04-14,FALSE,,3,AGO_Report_MAY_2026.zip,DIESEL_MAY_2026.xlsx,DIESEL MAY 2026,9,3,C9
2026-05-01,2026-04-01,STATE,Niger,Niger,Niger,North Central,FALSE,2430.421780176143,NGN per litre,2026-04-14,FALSE,,3,AGO_Report_MAY_2026.zip,DIESEL_MAY_2026.xlsx,DIESEL MAY 2026,10,3,C10
2026-05-01,2026-04-01,STATE,Ogun,Ogun,Ogun,South West,FALSE,2425.9442317860603,NGN per litre,2026-04-14,FALSE,,3,AGO_Report_MAY_2026.zip,DIESEL_MAY_2026.xlsx,DIESEL MAY 2026,43,3,C43
2026-05-01,2026-04-01,STATE,Ondo,Ondo,Ondo,South West,FALSE,2317.210009487878,NGN per litre,2026-04-14,FALSE,,3,AGO_Report_MAY_2026.zip,DIESEL_MAY_2026.xlsx,DIESEL MAY 2026,44,3,C44
2026-05-01,2026-04-01,STATE,Osun,Osun,Osun,South West,FALSE,2616.9678748388556,NGN per litre,2026-04-14,FALSE,,3,AGO_Report_MAY_2026.zip,DIESEL_MAY_2026.xlsx,DIESEL MAY 2026,45,3,C45
2026-05-01,2026-04-01,STATE,Oyo,Oyo,Oyo,South West,FALSE,2507.7830794434594,NGN per litre,2026-04-14,FALSE,,3,AGO_Report_MAY_2026.zip,DIESEL_MAY_2026.xlsx,DIESEL MAY 2026,46,3,C46
2026-05-01,2026-04-01,STATE,Plateau,Plateau,Plateau,North Central,FALSE,2655.2982550844617,NGN per litre,2026-04-14,FALSE,,3,AGO_Report_MAY_2026.zip,DIESEL_MAY_2026.xlsx,DIESEL MAY 2026,11,3,C11
2026-05-01,2026-04-01,STATE,Rivers,Rivers,Rivers,South South,FALSE,2462.501754733621,NGN per litre,2026-04-14,FALSE,,3,AGO_Report_MAY_2026.zip,DIESEL_MAY_2026.xlsx,DIESEL MAY 2026,39,3,C39
2026-05-01,2026-04-01,STATE,Sokoto,Sokoto,Sokoto,North West,FALSE,2570.562521626698,NGN per litre,2026-04-14,FALSE,,3,AGO_Report_MAY_2026.zip,DIESEL_MAY_2026.xlsx,DIESEL MAY 2026,25,3,C25
2026-05-01,2026-04-01,STATE,Taraba,Taraba,Taraba,North East,FALSE,2704.7590920125317,NGN per litre,2026-04-14,FALSE,,3,AGO_Report_MAY_2026.zip,DIESEL_MAY_2026.xlsx,DIESEL MAY 2026,17,3,C17
2026-05-01,2026-04-01,STATE,Yobe,Yobe,Yobe,North East,FALSE,2693.165195986742,NGN per litre,2026-04-14,FALSE,,3,AGO_Report_MAY_2026.zip,DIESEL_MAY_2026.xlsx,DIESEL MAY 2026,18,3,C18
2026-05-01,2026-04-01,STATE,Zamfara,Zamfara,Zamfara,North West,FALSE,2337.36348853602,NGN per litre,2026-04-14,FALSE,,3,AGO_Report_MAY_2026.zip,DIESEL_MAY_2026.xlsx,DIESEL MAY 2026,26,3,C26
2026-05-01,2026-04-01,ZONE,North Central,NORTH CENTRAL,,North Central,TRUE,2454.2534496860703,NGN per litre,2026-04-14,FALSE,,3,AGO_Report_MAY_2026.zip,DIESEL_MAY_2026.xlsx,DIESEL MAY 2026,4,3,C4
2026-05-01,2026-04-01,ZONE,North East,NORTH EAST,,North East,TRUE,2603.0002873394174,NGN per litre,2026-04-14,FALSE,,3,AGO_Report_MAY_2026.zip,DIESEL_MAY_2026.xlsx,DIESEL MAY 2026,12,3,C12
2026-05-01,2026-04-01,ZONE,North West,NORTH WEST,,North West,TRUE,2409.3432269134714,NGN per litre,2026-04-14,FALSE,,3,AGO_Report_MAY_2026.zip,DIESEL_MAY_2026.xlsx,DIESEL MAY 2026,19,3,C19
2026-05-01,2026-04-01,ZONE,South East,SOUTH EAST,,South East,TRUE,2516.347622347147,NGN per litre,2026-04-14,FALSE,,3,AGO_Report_MAY_2026.zip,DIESEL_MAY_2026.xlsx,DIESEL MAY 2026,27,3,C27
2026-05-01,2026-04-01,ZONE,South South,SOUTH SOUTH,,South South,TRUE,2467.4500605675826,NGN per litre,2026-04-14,FALSE,,3,AGO_Report_MAY_2026.zip,DIESEL_MAY_2026.xlsx,DIESEL MAY 2026,33,3,C33
2026-05-01,2026-04-01,ZONE,South West,SOUTH WEST,,South West,TRUE,2418.986381263579,NGN per litre,2026-04-14,FALSE,,3,AGO_Report_MAY_2026.zip,DIESEL_MAY_2026.xlsx,DIESEL MAY 2026,40,3,C40
2026-05-01,2026-04-01,NATIONAL,Nigeria,NATIONAL,,,TRUE,2474.690141160973,NGN per litre,2026-04-14,FALSE,,3,AGO_Report_MAY_2026.zip,DIESEL_MAY_2026.xlsx,DIESEL MAY 2026,47,3,C47
2026-05-01,2026-05-01,STATE,Abia,Abia,Abia,South East,FALSE,3215.379369339974,NGN per litre,2026-05-14,TRUE,,3,AGO_Report_MAY_2026.zip,DIESEL_MAY_2026.xlsx,DIESEL MAY 2026,28,4,D28
2026-05-01,2026-05-01,STATE,Abuja,Abuja,Abuja,North Central,FALSE,3319.388228589593,NGN per litre,2026-05-14,TRUE,,3,AGO_Report_MAY_2026.zip,DIESEL_MAY_2026.xlsx,DIESEL MAY 2026,5,4,D5
2026-05-01,2026-05-01,STATE,Adamawa,Adamawa,Adamawa,North East,FALSE,3275.4309954948667,NGN per litre,2026-05-14,TRUE,,3,AGO_Report_MAY_2026.zip,DIESEL_MAY_2026.xlsx,DIESEL MAY 2026,13,4,D13
2026-05-01,2026-05-01,STATE,Akwa Ibom,Akwa Ibom,Akwa Ibom,South South,FALSE,3249.955042939069,NGN per litre,2026-05-14,TRUE,,3,AGO_Report_MAY_2026.zip,DIESEL_MAY_2026.xlsx,DIESEL MAY 2026,34,4,D34
2026-05-01,2026-05-01,STATE,Anambra,Anambra,Anambra,South East,FALSE,3365.48837150961,NGN per litre,2026-05-14,TRUE,,3,AGO_Report_MAY_2026.zip,DIESEL_MAY_2026.xlsx,DIESEL MAY 2026,29,4,D29
2026-05-01,2026-05-01,STATE,Bauchi,Bauchi,Bauchi,North East,FALSE,3160.044754524091,NGN per litre,2026-05-14,TRUE,,3,AGO_Report_MAY_2026.zip,DIESEL_MAY_2026.xlsx,DIESEL MAY 2026,14,4,D14
2026-05-01,2026-05-01,STATE,Bayelsa,Bayelsa,Bayelsa,South South,FALSE,3131.6281746745276,NGN per litre,2026-05-14,TRUE,,3,AGO_Report_MAY_2026.zip,DIESEL_MAY_2026.xlsx,DIESEL MAY 2026,35,4,D35
2026-05-01,2026-05-01,STATE,Benue,Benue,Benue,North Central,FALSE,2961.325532846098,NGN per litre,2026-05-14,TRUE,,3,AGO_Report_MAY_2026.zip,DIESEL_MAY_2026.xlsx,DIESEL MAY 2026,6,4,D6
2026-05-01,2026-05-01,STATE,Borno,Borno,Borno,North East,FALSE,3226.6699875388713,NGN per litre,2026-05-14,TRUE,,3,AGO_Report_MAY_2026.zip,DIESEL_MAY_2026.xlsx,DIESEL MAY 2026,15,4,D15
2026-05-01,2026-05-01,STATE,Cross River,Cross River,Cross River,South South,FALSE,3388.8536407474394,NGN per litre,2026-05-14,TRUE,,3,AGO_Report_MAY_2026.zip,DIESEL_MAY_2026.xlsx,DIESEL MAY 2026,36,4,D36
2026-05-01,2026-05-01,STATE,Delta,Delta,Delta,South South,FALSE,3198.6380993537605,NGN per litre,2026-05-14,TRUE,,3,AGO_Report_MAY_2026.zip,DIESEL_MAY_2026.xlsx,DIESEL MAY 2026,37,4,D37
2026-05-01,2026-05-01,STATE,Ebonyi,Ebonyi,Ebonyi,South East,FALSE,3574.754611957276,NGN per litre,2026-05-14,TRUE,,3,AGO_Report_MAY_2026.zip,DIESEL_MAY_2026.xlsx,DIESEL MAY 2026,30,4,D30
2026-05-01,2026-05-01,STATE,Edo,Edo,Edo,South South,FALSE,3314.347832407356,NGN per litre,2026-05-14,TRUE,,3,AGO_Report_MAY_2026.zip,DIESEL_MAY_2026.xlsx,DIESEL MAY 2026,38,4,D38
2026-05-01,2026-05-01,STATE,Ekiti,Ekiti,Ekiti,South West,FALSE,3208.231181742028,NGN per litre,2026-05-14,TRUE,,3,AGO_Report_MAY_2026.zip,DIESEL_MAY_2026.xlsx,DIESEL MAY 2026,41,4,D41
2026-05-01,2026-05-01,STATE,Enugu,Enugu,Enugu,South East,FALSE,3157.4369456857785,NGN per litre,2026-05-14,TRUE,,3,AGO_Report_MAY_2026.zip,DIESEL_MAY_2026.xlsx,DIESEL MAY 2026,31,4,D31
2026-05-01,2026-05-01,STATE,Gombe,Gombe,Gombe,North East,FALSE,3192.0807225399985,NGN per litre,2026-05-14,TRUE,,3,AGO_Report_MAY_2026.zip,DIESEL_MAY_2026.xlsx,DIESEL MAY 2026,16,4,D16
2026-05-01,2026-05-01,STATE,Imo,Imo,Imo,South East,FALSE,3171.9609343762672,NGN per litre,2026-05-14,TRUE,,3,AGO_Report_MAY_2026.zip,DIESEL_MAY_2026.xlsx,DIESEL MAY 2026,32,4,D32
2026-05-01,2026-05-01,STATE,Jigawa,Jigawa,Jigawa,North West,FALSE,3442.977337824841,NGN per litre,2026-05-14,TRUE,,3,AGO_Report_MAY_2026.zip,DIESEL_MAY_2026.xlsx,DIESEL MAY 2026,20,4,D20
2026-05-01,2026-05-01,STATE,Kaduna,Kaduna,Kaduna,North West,FALSE,3535.842620729816,NGN per litre,2026-05-14,TRUE,,3,AGO_Report_MAY_2026.zip,DIESEL_MAY_2026.xlsx,DIESEL MAY 2026,21,4,D21
2026-05-01,2026-05-01,STATE,Kano,Kano,Kano,North West,FALSE,3302.9629353308774,NGN per litre,2026-05-14,TRUE,,3,AGO_Report_MAY_2026.zip,DIESEL_MAY_2026.xlsx,DIESEL MAY 2026,22,4,D22
2026-05-01,2026-05-01,STATE,Katsina,Katsina,Katsina,North West,FALSE,3131.7088520724938,NGN per litre,2026-05-14,TRUE,,3,AGO_Report_MAY_2026.zip,DIESEL_MAY_2026.xlsx,DIESEL MAY 2026,23,4,D23
2026-05-01,2026-05-01,STATE,Kebbi,Kebbi,Kebbi,North West,FALSE,3016.1448249285263,NGN per litre,2026-05-14,TRUE,,3,AGO_Report_MAY_2026.zip,DIESEL_MAY_2026.xlsx,DIESEL MAY 2026,24,4,D24
2026-05-01,2026-05-01,STATE,Kogi,Kogi,Kogi,North Central,FALSE,2823.852839379679,NGN per litre,2026-05-14,TRUE,,3,AGO_Report_MAY_2026.zip,DIESEL_MAY_2026.xlsx,DIESEL MAY 2026,7,4,D7
2026-05-01,2026-05-01,STATE,Kwara,Kwara,Kwara,North Central,FALSE,3136.144649693465,NGN per litre,2026-05-14,TRUE,,3,AGO_Report_MAY_2026.zip,DIESEL_MAY_2026.xlsx,DIESEL MAY 2026,8,4,D8
2026-05-01,2026-05-01,STATE,Lagos,Lagos,Lagos,South West,FALSE,3150.4505949897484,NGN per litre,2026-05-14,TRUE,,3,AGO_Report_MAY_2026.zip,DIESEL_MAY_2026.xlsx,DIESEL MAY 2026,42,4,D42
2026-05-01,2026-05-01,STATE,Nasarawa,Nassarawa,Nasarawa,North Central,FALSE,3785.836482582041,NGN per litre,2026-05-14,TRUE,,3,AGO_Report_MAY_2026.zip,DIESEL_MAY_2026.xlsx,DIESEL MAY 2026,9,4,D9
2026-05-01,2026-05-01,STATE,Niger,Niger,Niger,North Central,FALSE,3167.461622811281,NGN per litre,2026-05-14,TRUE,,3,AGO_Report_MAY_2026.zip,DIESEL_MAY_2026.xlsx,DIESEL MAY 2026,10,4,D10
2026-05-01,2026-05-01,STATE,Ogun,Ogun,Ogun,South West,FALSE,3249.557760335826,NGN per litre,2026-05-14,TRUE,,3,AGO_Report_MAY_2026.zip,DIESEL_MAY_2026.xlsx,DIESEL MAY 2026,43,4,D43
2026-05-01,2026-05-01,STATE,Ondo,Ondo,Ondo,South West,FALSE,3028.601234855,NGN per litre,2026-05-14,TRUE,,3,AGO_Report_MAY_2026.zip,DIESEL_MAY_2026.xlsx,DIESEL MAY 2026,44,4,D44
2026-05-01,2026-05-01,STATE,Osun,Osun,Osun,South West,FALSE,3421.3214500429526,NGN per litre,2026-05-14,TRUE,,3,AGO_Report_MAY_2026.zip,DIESEL_MAY_2026.xlsx,DIESEL MAY 2026,45,4,D45
2026-05-01,2026-05-01,STATE,Oyo,Oyo,Oyo,South West,FALSE,3307.1551911729694,NGN per litre,2026-05-14,TRUE,,3,AGO_Report_MAY_2026.zip,DIESEL_MAY_2026.xlsx,DIESEL MAY 2026,46,4,D46
2026-05-01,2026-05-01,STATE,Plateau,Plateau,Plateau,North Central,FALSE,3576.4010805755147,NGN per litre,2026-05-14,TRUE,,3,AGO_Report_MAY_2026.zip,DIESEL_MAY_2026.xlsx,DIESEL MAY 2026,11,4,D11
2026-05-01,2026-05-01,STATE,Rivers,Rivers,Rivers,South South,FALSE,3428.7155245138492,NGN per litre,2026-05-14,TRUE,,3,AGO_Report_MAY_2026.zip,DIESEL_MAY_2026.xlsx,DIESEL MAY 2026,39,4,D39
2026-05-01,2026-05-01,STATE,Sokoto,Sokoto,Sokoto,North West,FALSE,3514.1643949935233,NGN per litre,2026-05-14,TRUE,,3,AGO_Report_MAY_2026.zip,DIESEL_MAY_2026.xlsx,DIESEL MAY 2026,25,4,D25
2026-05-01,2026-05-01,STATE,Taraba,Taraba,Taraba,North East,FALSE,3489.197843160826,NGN per litre,2026-05-14,TRUE,,3,AGO_Report_MAY_2026.zip,DIESEL_MAY_2026.xlsx,DIESEL MAY 2026,17,4,D17
2026-05-01,2026-05-01,STATE,Yobe,Yobe,Yobe,North East,FALSE,3394.995885535807,NGN per litre,2026-05-14,TRUE,,3,AGO_Report_MAY_2026.zip,DIESEL_MAY_2026.xlsx,DIESEL MAY 2026,18,4,D18
2026-05-01,2026-05-01,STATE,Zamfara,Zamfara,Zamfara,North West,FALSE,3251.4268160438282,NGN per litre,2026-05-14,TRUE,,3,AGO_Report_MAY_2026.zip,DIESEL_MAY_2026.xlsx,DIESEL MAY 2026,26,4,D26
2026-05-01,2026-05-01,ZONE,North Central,NORTH CENTRAL,,North Central,TRUE,3252.915776639667,NGN per litre,2026-05-14,TRUE,,3,AGO_Report_MAY_2026.zip,DIESEL_MAY_2026.xlsx,DIESEL MAY 2026,4,4,D4
2026-05-01,2026-05-01,ZONE,North East,NORTH EAST,,North East,TRUE,3289.73669813241,NGN per litre,2026-05-14,TRUE,,3,AGO_Report_MAY_2026.zip,DIESEL_MAY_2026.xlsx,DIESEL MAY 2026,12,4,D12
2026-05-01,2026-05-01,ZONE,North West,NORTH WEST,,North West,TRUE,3313.603968846273,NGN per litre,2026-05-14,TRUE,,3,AGO_Report_MAY_2026.zip,DIESEL_MAY_2026.xlsx,DIESEL MAY 2026,19,4,D19
2026-05-01,2026-05-01,ZONE,South East,SOUTH EAST,,South East,TRUE,3297.004046573781,NGN per litre,2026-05-14,TRUE,,3,AGO_Report_MAY_2026.zip,DIESEL_MAY_2026.xlsx,DIESEL MAY 2026,27,4,D27
2026-05-01,2026-05-01,ZONE,South South,SOUTH SOUTH,,South South,TRUE,3285.356385772667,NGN per litre,2026-05-14,TRUE,,3,AGO_Report_MAY_2026.zip,DIESEL_MAY_2026.xlsx,DIESEL MAY 2026,33,4,D33
2026-05-01,2026-05-01,ZONE,South West,SOUTH WEST,,South West,TRUE,3227.552902189754,NGN per litre,2026-05-14,TRUE,,3,AGO_Report_MAY_2026.zip,DIESEL_MAY_2026.xlsx,DIESEL MAY 2026,40,4,D40
2026-05-01,2026-05-01,NATIONAL,Nigeria,NATIONAL,,,TRUE,3277.473901833499,NGN per litre,2026-05-14,TRUE,,3,AGO_Report_MAY_2026.zip,DIESEL_MAY_2026.xlsx,DIESEL MAY 2026,47,4,D47
