observation_month,release_month,item_code,item_label,item_label_raw,unit,unit_source,geography_type,geography_name,avg_price_ngn,value_status,period_position,source_period_label,is_primary_release,source_anomaly,header_row_used,header_label_raw,source_file,source_member,source_sheet,source_row,source_column_index,source_cell_reference
2024-10-01,2025-10-01,EGG_AGRIC,"Agric hen eggs,","Agric hen eggs,",,,NATIONAL,Nigeria,235.67349814172533,OK,YEAR_AGO,Average of October-24,FALSE,,1,Item Label,Selected_Food Report_Oct25.zip,selected food table October25.xlsx,Selected Food October 2025,2,2,B2
2025-09-01,2025-10-01,EGG_AGRIC,"Agric hen eggs,","Agric hen eggs,",,,NATIONAL,Nigeria,248.215446160356,OK,PRIOR_MONTH,Average of September-25,FALSE,,1,Item Label,Selected_Food Report_Oct25.zip,selected food table October25.xlsx,Selected Food October 2025,2,3,C2
2025-10-01,2025-10-01,EGG_AGRIC,"Agric hen eggs,","Agric hen eggs,",,,NATIONAL,Nigeria,252.79055205869216,OK,CURRENT_MONTH,Average of October-25,TRUE,,1,Item Label,Selected_Food Report_Oct25.zip,selected food table October25.xlsx,Selected Food October 2025,2,4,D2
2024-10-01,2025-10-01,EGG_AGRIC_CRATE30,"Agric hen eggs, (a Crate of 30 pieces)","Agric hen eggs, (a Crate of 30 pieces)",1 crate of 30 pieces,SPREADSHEET_LABEL,NATIONAL,Nigeria,,NOT_REPORTED,YEAR_AGO,Average of October-24,FALSE,,1,Item Label,Selected_Food Report_Oct25.zip,selected food table October25.xlsx,Selected Food October 2025,3,2,B3
2025-09-01,2025-10-01,EGG_AGRIC_CRATE30,"Agric hen eggs, (a Crate of 30 pieces)","Agric hen eggs, (a Crate of 30 pieces)",1 crate of 30 pieces,SPREADSHEET_LABEL,NATIONAL,Nigeria,5897.874998021113,OK,PRIOR_MONTH,Average of September-25,FALSE,,1,Item Label,Selected_Food Report_Oct25.zip,selected food table October25.xlsx,Selected Food October 2025,3,3,C3
2025-10-01,2025-10-01,EGG_AGRIC_CRATE30,"Agric hen eggs, (a Crate of 30 pieces)","Agric hen eggs, (a Crate of 30 pieces)",1 crate of 30 pieces,SPREADSHEET_LABEL,NATIONAL,Nigeria,5993.009131680979,OK,CURRENT_MONTH,Average of October-25,TRUE,,1,Item Label,Selected_Food Report_Oct25.zip,selected food table October25.xlsx,Selected Food October 2025,3,4,D3
2024-10-01,2025-10-01,BEANS_BROWN,Beans Brown,Beans Brown,1 kg,NBS_REPORT_PDF,NATIONAL,Nigeria,2798.4962083299024,OK,YEAR_AGO,Average of October-24,FALSE,,1,Item Label,Selected_Food Report_Oct25.zip,selected food table October25.xlsx,Selected Food October 2025,4,2,B4
2025-09-01,2025-10-01,BEANS_BROWN,Beans Brown,Beans Brown,1 kg,NBS_REPORT_PDF,NATIONAL,Nigeria,1815.7590283673646,OK,PRIOR_MONTH,Average of September-25,FALSE,,1,Item Label,Selected_Food Report_Oct25.zip,selected food table October25.xlsx,Selected Food October 2025,4,3,C4
2025-10-01,2025-10-01,BEANS_BROWN,Beans Brown,Beans Brown,1 kg,NBS_REPORT_PDF,NATIONAL,Nigeria,1760.52769721203,OK,CURRENT_MONTH,Average of October-25,TRUE,,1,Item Label,Selected_Food Report_Oct25.zip,selected food table October25.xlsx,Selected Food October 2025,4,4,D4
2024-10-01,2025-10-01,BEANS_WHITE,Beans white,Beans white,,,NATIONAL,Nigeria,2603.318029115321,OK,YEAR_AGO,Average of October-24,FALSE,,1,Item Label,Selected_Food Report_Oct25.zip,selected food table October25.xlsx,Selected Food October 2025,5,2,B5
2025-09-01,2025-10-01,BEANS_WHITE,Beans white,Beans white,,,NATIONAL,Nigeria,1623.423953434283,OK,PRIOR_MONTH,Average of September-25,FALSE,,1,Item Label,Selected_Food Report_Oct25.zip,selected food table October25.xlsx,Selected Food October 2025,5,3,C5
2025-10-01,2025-10-01,BEANS_WHITE,Beans white,Beans white,,,NATIONAL,Nigeria,1587.8173955384163,OK,CURRENT_MONTH,Average of October-25,TRUE,,1,Item Label,Selected_Food Report_Oct25.zip,selected food table October25.xlsx,Selected Food October 2025,5,4,D5
2024-10-01,2025-10-01,BEEF_BONELESS,Beef Boneless,Beef Boneless,1 kg,NBS_REPORT_PDF,NATIONAL,Nigeria,5858.576745540555,OK,YEAR_AGO,Average of October-24,FALSE,,1,Item Label,Selected_Food Report_Oct25.zip,selected food table October25.xlsx,Selected Food October 2025,6,2,B6
2025-09-01,2025-10-01,BEEF_BONELESS,Beef Boneless,Beef Boneless,1 kg,NBS_REPORT_PDF,NATIONAL,Nigeria,6861.246548099691,OK,PRIOR_MONTH,Average of September-25,FALSE,,1,Item Label,Selected_Food Report_Oct25.zip,selected food table October25.xlsx,Selected Food October 2025,6,3,C6
2025-10-01,2025-10-01,BEEF_BONELESS,Beef Boneless,Beef Boneless,1 kg,NBS_REPORT_PDF,NATIONAL,Nigeria,6850.5096699105,OK,CURRENT_MONTH,Average of October-25,TRUE,,1,Item Label,Selected_Food Report_Oct25.zip,selected food table October25.xlsx,Selected Food October 2025,6,4,D6
2024-10-01,2025-10-01,BREAD_SLICED_450G,"Bread (sliced), 450g","Bread (sliced), 450g",450 g,SPREADSHEET_LABEL,NATIONAL,Nigeria,,NOT_REPORTED,YEAR_AGO,Average of October-24,FALSE,,1,Item Label,Selected_Food Report_Oct25.zip,selected food table October25.xlsx,Selected Food October 2025,7,2,B7
2025-09-01,2025-10-01,BREAD_SLICED_450G,"Bread (sliced), 450g","Bread (sliced), 450g",450 g,SPREADSHEET_LABEL,NATIONAL,Nigeria,1660.508897145389,OK,PRIOR_MONTH,Average of September-25,FALSE,,1,Item Label,Selected_Food Report_Oct25.zip,selected food table October25.xlsx,Selected Food October 2025,7,3,C7
2025-10-01,2025-10-01,BREAD_SLICED_450G,"Bread (sliced), 450g","Bread (sliced), 450g",450 g,SPREADSHEET_LABEL,NATIONAL,Nigeria,1675.507169036891,OK,CURRENT_MONTH,Average of October-25,TRUE,,1,Item Label,Selected_Food Report_Oct25.zip,selected food table October25.xlsx,Selected Food October 2025,7,4,D7
2024-10-01,2025-10-01,BREAD_UNSLICED_450G,"Bread (unsliced), 450g","Bread (unsliced), 450g",450 g,SPREADSHEET_LABEL,NATIONAL,Nigeria,,NOT_REPORTED,YEAR_AGO,Average of October-24,FALSE,,1,Item Label,Selected_Food Report_Oct25.zip,selected food table October25.xlsx,Selected Food October 2025,8,2,B8
2025-09-01,2025-10-01,BREAD_UNSLICED_450G,"Bread (unsliced), 450g","Bread (unsliced), 450g",450 g,SPREADSHEET_LABEL,NATIONAL,Nigeria,1555.6725952008244,OK,PRIOR_MONTH,Average of September-25,FALSE,,1,Item Label,Selected_Food Report_Oct25.zip,selected food table October25.xlsx,Selected Food October 2025,8,3,C8
2025-10-01,2025-10-01,BREAD_UNSLICED_450G,"Bread (unsliced), 450g","Bread (unsliced), 450g",450 g,SPREADSHEET_LABEL,NATIONAL,Nigeria,1583.9091644128425,OK,CURRENT_MONTH,Average of October-25,TRUE,,1,Item Label,Selected_Food Report_Oct25.zip,selected food table October25.xlsx,Selected Food October 2025,8,4,D8
2024-10-01,2025-10-01,CARROTS_FRESH,"Carrots, fresh","Carrots, fresh",1 kg,NBS_REPORT_PDF,NATIONAL,Nigeria,,NOT_REPORTED,YEAR_AGO,Average of October-24,FALSE,,1,Item Label,Selected_Food Report_Oct25.zip,selected food table October25.xlsx,Selected Food October 2025,9,2,B9
2025-09-01,2025-10-01,CARROTS_FRESH,"Carrots, fresh","Carrots, fresh",1 kg,NBS_REPORT_PDF,NATIONAL,Nigeria,1919.7626001197227,OK,PRIOR_MONTH,Average of September-25,FALSE,,1,Item Label,Selected_Food Report_Oct25.zip,selected food table October25.xlsx,Selected Food October 2025,9,3,C9
2025-10-01,2025-10-01,CARROTS_FRESH,"Carrots, fresh","Carrots, fresh",1 kg,NBS_REPORT_PDF,NATIONAL,Nigeria,1930.071956371793,OK,CURRENT_MONTH,Average of October-25,TRUE,,1,Item Label,Selected_Food Report_Oct25.zip,selected food table October25.xlsx,Selected Food October 2025,9,4,D9
2024-10-01,2025-10-01,FISH_CATFISH_FRESH,Cat fresh fish,Cat fresh fish,,,NATIONAL,Nigeria,4148.741367387596,OK,YEAR_AGO,Average of October-24,FALSE,,1,Item Label,Selected_Food Report_Oct25.zip,selected food table October25.xlsx,Selected Food October 2025,10,2,B10
2025-09-01,2025-10-01,FISH_CATFISH_FRESH,Cat fresh fish,Cat fresh fish,,,NATIONAL,Nigeria,5974.669380354981,OK,PRIOR_MONTH,Average of September-25,FALSE,,1,Item Label,Selected_Food Report_Oct25.zip,selected food table October25.xlsx,Selected Food October 2025,10,3,C10
2025-10-01,2025-10-01,FISH_CATFISH_FRESH,Cat fresh fish,Cat fresh fish,,,NATIONAL,Nigeria,6047.172426530218,OK,CURRENT_MONTH,Average of October-25,TRUE,,1,Item Label,Selected_Food Report_Oct25.zip,selected food table October25.xlsx,Selected Food October 2025,10,4,D10
2024-10-01,2025-10-01,CHICKEN_FEET,Chicken feet,Chicken feet,,,NATIONAL,Nigeria,3267.624252326546,OK,YEAR_AGO,Average of October-24,FALSE,,1,Item Label,Selected_Food Report_Oct25.zip,selected food table October25.xlsx,Selected Food October 2025,11,2,B11
2025-09-01,2025-10-01,CHICKEN_FEET,Chicken feet,Chicken feet,,,NATIONAL,Nigeria,3702.59737443637,OK,PRIOR_MONTH,Average of September-25,FALSE,,1,Item Label,Selected_Food Report_Oct25.zip,selected food table October25.xlsx,Selected Food October 2025,11,3,C11
2025-10-01,2025-10-01,CHICKEN_FEET,Chicken feet,Chicken feet,,,NATIONAL,Nigeria,3739.0245502051375,OK,CURRENT_MONTH,Average of October-25,TRUE,,1,Item Label,Selected_Food Report_Oct25.zip,selected food table October25.xlsx,Selected Food October 2025,11,4,D11
2024-10-01,2025-10-01,CHICKEN_MEAT_FROZEN,Chicken meat (Frozen),Chicken meat (Frozen),,,NATIONAL,Nigeria,5971.976202435055,OK,YEAR_AGO,Average of October-24,FALSE,,1,Item Label,Selected_Food Report_Oct25.zip,selected food table October25.xlsx,Selected Food October 2025,12,2,B12
2025-09-01,2025-10-01,CHICKEN_MEAT_FROZEN,Chicken meat (Frozen),Chicken meat (Frozen),,,NATIONAL,Nigeria,5875.583415758296,OK,PRIOR_MONTH,Average of September-25,FALSE,,1,Item Label,Selected_Food Report_Oct25.zip,selected food table October25.xlsx,Selected Food October 2025,12,3,C12
2025-10-01,2025-10-01,CHICKEN_MEAT_FROZEN,Chicken meat (Frozen),Chicken meat (Frozen),,,NATIONAL,Nigeria,5899.460024791653,OK,CURRENT_MONTH,Average of October-25,TRUE,,1,Item Label,Selected_Food Report_Oct25.zip,selected food table October25.xlsx,Selected Food October 2025,12,4,D12
2024-10-01,2025-10-01,CHICKEN_WINGS,Chicken Wings,Chicken Wings,,,NATIONAL,Nigeria,4193.966112761167,OK,YEAR_AGO,Average of October-24,FALSE,,1,Item Label,Selected_Food Report_Oct25.zip,selected food table October25.xlsx,Selected Food October 2025,13,2,B13
2025-09-01,2025-10-01,CHICKEN_WINGS,Chicken Wings,Chicken Wings,,,NATIONAL,Nigeria,4898.147541427127,OK,PRIOR_MONTH,Average of September-25,FALSE,,1,Item Label,Selected_Food Report_Oct25.zip,selected food table October25.xlsx,Selected Food October 2025,13,3,C13
2025-10-01,2025-10-01,CHICKEN_WINGS,Chicken Wings,Chicken Wings,,,NATIONAL,Nigeria,4945.535029292948,OK,CURRENT_MONTH,Average of October-25,TRUE,,1,Item Label,Selected_Food Report_Oct25.zip,selected food table October25.xlsx,Selected Food October 2025,13,4,D13
2024-10-01,2025-10-01,CRAYFISH_SMALL_WHITE,Cray fish small white,Cray fish small white,1 kg,NBS_REPORT_PDF,NATIONAL,Nigeria,,NOT_REPORTED,YEAR_AGO,Average of October-24,FALSE,,1,Item Label,Selected_Food Report_Oct25.zip,selected food table October25.xlsx,Selected Food October 2025,14,2,B14
2025-09-01,2025-10-01,CRAYFISH_SMALL_WHITE,Cray fish small white,Cray fish small white,1 kg,NBS_REPORT_PDF,NATIONAL,Nigeria,8754.601454689308,OK,PRIOR_MONTH,Average of September-25,FALSE,,1,Item Label,Selected_Food Report_Oct25.zip,selected food table October25.xlsx,Selected Food October 2025,14,3,C14
2025-10-01,2025-10-01,CRAYFISH_SMALL_WHITE,Cray fish small white,Cray fish small white,1 kg,NBS_REPORT_PDF,NATIONAL,Nigeria,8690.200282227315,OK,CURRENT_MONTH,Average of October-25,TRUE,,1,Item Label,Selected_Food Report_Oct25.zip,selected food table October25.xlsx,Selected Food October 2025,14,4,D14
2024-10-01,2025-10-01,FISH_DRIED_BONGA,"Dried fish, Bonga","Dried fish, Bonga",,,NATIONAL,Nigeria,,NOT_REPORTED,YEAR_AGO,Average of October-24,FALSE,,1,Item Label,Selected_Food Report_Oct25.zip,selected food table October25.xlsx,Selected Food October 2025,15,2,B15
2025-09-01,2025-10-01,FISH_DRIED_BONGA,"Dried fish, Bonga","Dried fish, Bonga",,,NATIONAL,Nigeria,7030.168543112501,OK,PRIOR_MONTH,Average of September-25,FALSE,,1,Item Label,Selected_Food Report_Oct25.zip,selected food table October25.xlsx,Selected Food October 2025,15,3,C15
2025-10-01,2025-10-01,FISH_DRIED_BONGA,"Dried fish, Bonga","Dried fish, Bonga",,,NATIONAL,Nigeria,7213.334550321499,OK,CURRENT_MONTH,Average of October-25,TRUE,,1,Item Label,Selected_Food Report_Oct25.zip,selected food table October25.xlsx,Selected Food October 2025,15,4,D15
2024-10-01,2025-10-01,GARRI_WHITE,Garri white,Garri white,1 kg,NBS_REPORT_PDF,NATIONAL,Nigeria,1198.04717975912,OK,YEAR_AGO,Average of October-24,FALSE,,1,Item Label,Selected_Food Report_Oct25.zip,selected food table October25.xlsx,Selected Food October 2025,16,2,B16
2025-09-01,2025-10-01,GARRI_WHITE,Garri white,Garri white,1 kg,NBS_REPORT_PDF,NATIONAL,Nigeria,871.7757576006741,OK,PRIOR_MONTH,Average of September-25,FALSE,,1,Item Label,Selected_Food Report_Oct25.zip,selected food table October25.xlsx,Selected Food October 2025,16,3,C16
2025-10-01,2025-10-01,GARRI_WHITE,Garri white,Garri white,1 kg,NBS_REPORT_PDF,NATIONAL,Nigeria,846.6882745067923,OK,CURRENT_MONTH,Average of October-25,TRUE,,1,Item Label,Selected_Food Report_Oct25.zip,selected food table October25.xlsx,Selected Food October 2025,16,4,D16
2024-10-01,2025-10-01,GARRI_YELLOW,Garri Yellow,Garri Yellow,,,NATIONAL,Nigeria,1266.314962807737,OK,YEAR_AGO,Average of October-24,FALSE,,1,Item Label,Selected_Food Report_Oct25.zip,selected food table October25.xlsx,Selected Food October 2025,17,2,B17
2025-09-01,2025-10-01,GARRI_YELLOW,Garri Yellow,Garri Yellow,,,NATIONAL,Nigeria,961.2109972829221,OK,PRIOR_MONTH,Average of September-25,FALSE,,1,Item Label,Selected_Food Report_Oct25.zip,selected food table October25.xlsx,Selected Food October 2025,17,3,C17
2025-10-01,2025-10-01,GARRI_YELLOW,Garri Yellow,Garri Yellow,,,NATIONAL,Nigeria,925.4296467690699,OK,CURRENT_MONTH,Average of October-25,TRUE,,1,Item Label,Selected_Food Report_Oct25.zip,selected food table October25.xlsx,Selected Food October 2025,17,4,D17
2024-10-01,2025-10-01,GINGER_FRESH,"Ginger, fresh","Ginger, fresh",1 kg,NBS_REPORT_PDF,NATIONAL,Nigeria,,NOT_REPORTED,YEAR_AGO,Average of October-24,FALSE,,1,Item Label,Selected_Food Report_Oct25.zip,selected food table October25.xlsx,Selected Food October 2025,18,2,B18
2025-09-01,2025-10-01,GINGER_FRESH,"Ginger, fresh","Ginger, fresh",1 kg,NBS_REPORT_PDF,NATIONAL,Nigeria,5463.518930469908,OK,PRIOR_MONTH,Average of September-25,FALSE,,1,Item Label,Selected_Food Report_Oct25.zip,selected food table October25.xlsx,Selected Food October 2025,18,3,C18
2025-10-01,2025-10-01,GINGER_FRESH,"Ginger, fresh","Ginger, fresh",1 kg,NBS_REPORT_PDF,NATIONAL,Nigeria,5414.91765745556,OK,CURRENT_MONTH,Average of October-25,TRUE,,1,Item Label,Selected_Food Report_Oct25.zip,selected food table October25.xlsx,Selected Food October 2025,18,4,D18
2024-10-01,2025-10-01,GOAT_MEAT_BONE_IN,Goat Meat Bone in,Goat Meat Bone in,,,NATIONAL,Nigeria,,NOT_REPORTED,YEAR_AGO,Average of October-24,FALSE,,1,Item Label,Selected_Food Report_Oct25.zip,selected food table October25.xlsx,Selected Food October 2025,19,2,B19
2025-09-01,2025-10-01,GOAT_MEAT_BONE_IN,Goat Meat Bone in,Goat Meat Bone in,,,NATIONAL,Nigeria,6812.960814162584,OK,PRIOR_MONTH,Average of September-25,FALSE,,1,Item Label,Selected_Food Report_Oct25.zip,selected food table October25.xlsx,Selected Food October 2025,19,3,C19
2025-10-01,2025-10-01,GOAT_MEAT_BONE_IN,Goat Meat Bone in,Goat Meat Bone in,,,NATIONAL,Nigeria,6891.44199027489,OK,CURRENT_MONTH,Average of October-25,TRUE,,1,Item Label,Selected_Food Report_Oct25.zip,selected food table October25.xlsx,Selected Food October 2025,19,4,D19
2024-10-01,2025-10-01,GROUNDNUT_OIL_75CL,"Groundnut oil, 75cl","Groundnut oil, 75cl",75 cl,SPREADSHEET_LABEL,NATIONAL,Nigeria,,NOT_REPORTED,YEAR_AGO,Average of October-24,FALSE,,1,Item Label,Selected_Food Report_Oct25.zip,selected food table October25.xlsx,Selected Food October 2025,20,2,B20
2025-09-01,2025-10-01,GROUNDNUT_OIL_75CL,"Groundnut oil, 75cl","Groundnut oil, 75cl",75 cl,SPREADSHEET_LABEL,NATIONAL,Nigeria,3276.6683106069527,OK,PRIOR_MONTH,Average of September-25,FALSE,,1,Item Label,Selected_Food Report_Oct25.zip,selected food table October25.xlsx,Selected Food October 2025,20,3,C20
2025-10-01,2025-10-01,GROUNDNUT_OIL_75CL,"Groundnut oil, 75cl","Groundnut oil, 75cl",75 cl,SPREADSHEET_LABEL,NATIONAL,Nigeria,3297.0255624727492,OK,CURRENT_MONTH,Average of October-25,TRUE,,1,Item Label,Selected_Food Report_Oct25.zip,selected food table October25.xlsx,Selected Food October 2025,20,4,D20
2024-10-01,2025-10-01,GROUNDNUTS_ROASTED_75CL,"Groundnuts, roasted,75cl bottle","Groundnuts, roasted,75cl bottle",75 cl bottle,SPREADSHEET_LABEL,NATIONAL,Nigeria,,NOT_REPORTED,YEAR_AGO,Average of October-24,FALSE,,1,Item Label,Selected_Food Report_Oct25.zip,selected food table October25.xlsx,Selected Food October 2025,21,2,B21
2025-09-01,2025-10-01,GROUNDNUTS_ROASTED_75CL,"Groundnuts, roasted,75cl bottle","Groundnuts, roasted,75cl bottle",75 cl bottle,SPREADSHEET_LABEL,NATIONAL,Nigeria,2645.5090459705084,OK,PRIOR_MONTH,Average of September-25,FALSE,,1,Item Label,Selected_Food Report_Oct25.zip,selected food table October25.xlsx,Selected Food October 2025,21,3,C21
2025-10-01,2025-10-01,GROUNDNUTS_ROASTED_75CL,"Groundnuts, roasted,75cl bottle","Groundnuts, roasted,75cl bottle",75 cl bottle,SPREADSHEET_LABEL,NATIONAL,Nigeria,2639.871778087812,OK,CURRENT_MONTH,Average of October-25,TRUE,,1,Item Label,Selected_Food Report_Oct25.zip,selected food table October25.xlsx,Selected Food October 2025,21,4,D21
2024-10-01,2025-10-01,POTATO_IRISH,Irish Potatoe,Irish Potatoe,1 kg,NBS_REPORT_PDF,NATIONAL,Nigeria,1733.47830153844,OK,YEAR_AGO,Average of October-24,FALSE,,1,Item Label,Selected_Food Report_Oct25.zip,selected food table October25.xlsx,Selected Food October 2025,22,2,B22
2025-09-01,2025-10-01,POTATO_IRISH,Irish Potatoe,Irish Potatoe,1 kg,NBS_REPORT_PDF,NATIONAL,Nigeria,1633.0904070698634,OK,PRIOR_MONTH,Average of September-25,FALSE,,1,Item Label,Selected_Food Report_Oct25.zip,selected food table October25.xlsx,Selected Food October 2025,22,3,C22
2025-10-01,2025-10-01,POTATO_IRISH,Irish Potatoe,Irish Potatoe,1 kg,NBS_REPORT_PDF,NATIONAL,Nigeria,1567.3211537204168,OK,CURRENT_MONTH,Average of October-25,TRUE,,1,Item Label,Selected_Food Report_Oct25.zip,selected food table October25.xlsx,Selected Food October 2025,22,4,D22
2024-10-01,2025-10-01,RICE_LOCAL_BROKEN,Local Rice (Broken),Local Rice (Broken),,,NATIONAL,Nigeria,,NOT_REPORTED,YEAR_AGO,Average of October-24,FALSE,,1,Item Label,Selected_Food Report_Oct25.zip,selected food table October25.xlsx,Selected Food October 2025,23,2,B23
2025-09-01,2025-10-01,RICE_LOCAL_BROKEN,Local Rice (Broken),Local Rice (Broken),,,NATIONAL,Nigeria,2313.344909851626,OK,PRIOR_MONTH,Average of September-25,FALSE,,1,Item Label,Selected_Food Report_Oct25.zip,selected food table October25.xlsx,Selected Food October 2025,23,3,C23
2025-10-01,2025-10-01,RICE_LOCAL_BROKEN,Local Rice (Broken),Local Rice (Broken),,,NATIONAL,Nigeria,2311.067303873303,OK,CURRENT_MONTH,Average of October-25,TRUE,,1,Item Label,Selected_Food Report_Oct25.zip,selected food table October25.xlsx,Selected Food October 2025,23,4,D23
2024-10-01,2025-10-01,FISH_MACKEREL_FROZEN,"Mackerel, Frozen","Mackerel, Frozen",,,NATIONAL,Nigeria,4136.1425292325,OK,YEAR_AGO,Average of October-24,FALSE,,1,Item Label,Selected_Food Report_Oct25.zip,selected food table October25.xlsx,Selected Food October 2025,24,2,B24
2025-09-01,2025-10-01,FISH_MACKEREL_FROZEN,"Mackerel, Frozen","Mackerel, Frozen",,,NATIONAL,Nigeria,5719.082602431877,OK,PRIOR_MONTH,Average of September-25,FALSE,,1,Item Label,Selected_Food Report_Oct25.zip,selected food table October25.xlsx,Selected Food October 2025,24,3,C24
2025-10-01,2025-10-01,FISH_MACKEREL_FROZEN,"Mackerel, Frozen","Mackerel, Frozen",,,NATIONAL,Nigeria,5768.916952276916,OK,CURRENT_MONTH,Average of October-25,TRUE,,1,Item Label,Selected_Food Report_Oct25.zip,selected food table October25.xlsx,Selected Food October 2025,24,4,D24
2024-10-01,2025-10-01,MAIZE_GRAIN_WHITE_LOOSE,Maize (Corn) Grains (White) sold loose,Maize (Corn) Grains (White) sold loose,1 kg,NBS_REPORT_PDF,NATIONAL,Nigeria,1080.4421040131906,OK,YEAR_AGO,Average of October-24,FALSE,,1,Item Label,Selected_Food Report_Oct25.zip,selected food table October25.xlsx,Selected Food October 2025,25,2,B25
2025-09-01,2025-10-01,MAIZE_GRAIN_WHITE_LOOSE,Maize (Corn) Grains (White) sold loose,Maize (Corn) Grains (White) sold loose,1 kg,NBS_REPORT_PDF,NATIONAL,Nigeria,888.6815455869121,OK,PRIOR_MONTH,Average of September-25,FALSE,,1,Item Label,Selected_Food Report_Oct25.zip,selected food table October25.xlsx,Selected Food October 2025,25,3,C25
2025-10-01,2025-10-01,MAIZE_GRAIN_WHITE_LOOSE,Maize (Corn) Grains (White) sold loose,Maize (Corn) Grains (White) sold loose,1 kg,NBS_REPORT_PDF,NATIONAL,Nigeria,904.7357076881837,OK,CURRENT_MONTH,Average of October-25,TRUE,,1,Item Label,Selected_Food Report_Oct25.zip,selected food table October25.xlsx,Selected Food October 2025,25,4,D25
2024-10-01,2025-10-01,ONIONS_FRESH,"Onions, fresh","Onions, fresh",1 kg,NBS_REPORT_PDF,NATIONAL,Nigeria,1251.52366019721,OK,YEAR_AGO,Average of October-24,FALSE,,1,Item Label,Selected_Food Report_Oct25.zip,selected food table October25.xlsx,Selected Food October 2025,26,2,B26
2025-09-01,2025-10-01,ONIONS_FRESH,"Onions, fresh","Onions, fresh",1 kg,NBS_REPORT_PDF,NATIONAL,Nigeria,1307.436653548032,OK,PRIOR_MONTH,Average of September-25,FALSE,,1,Item Label,Selected_Food Report_Oct25.zip,selected food table October25.xlsx,Selected Food October 2025,26,3,C26
2025-10-01,2025-10-01,ONIONS_FRESH,"Onions, fresh","Onions, fresh",1 kg,NBS_REPORT_PDF,NATIONAL,Nigeria,1368.3236656435977,OK,CURRENT_MONTH,Average of October-25,TRUE,,1,Item Label,Selected_Food Report_Oct25.zip,selected food table October25.xlsx,Selected Food October 2025,26,4,D26
2024-10-01,2025-10-01,PALM_OIL_75CL,"Palm oil, 75cl","Palm oil, 75cl",75 cl,SPREADSHEET_LABEL,NATIONAL,Nigeria,2146.9874710394374,OK,YEAR_AGO,Average of October-24,FALSE,,1,Item Label,Selected_Food Report_Oct25.zip,selected food table October25.xlsx,Selected Food October 2025,27,2,B27
2025-09-01,2025-10-01,PALM_OIL_75CL,"Palm oil, 75cl","Palm oil, 75cl",75 cl,SPREADSHEET_LABEL,NATIONAL,Nigeria,2525.401261601325,OK,PRIOR_MONTH,Average of September-25,FALSE,,1,Item Label,Selected_Food Report_Oct25.zip,selected food table October25.xlsx,Selected Food October 2025,27,3,C27
2025-10-01,2025-10-01,PALM_OIL_75CL,"Palm oil, 75cl","Palm oil, 75cl",75 cl,SPREADSHEET_LABEL,NATIONAL,Nigeria,2537.89942642186,OK,CURRENT_MONTH,Average of October-25,TRUE,,1,Item Label,Selected_Food Report_Oct25.zip,selected food table October25.xlsx,Selected Food October 2025,27,4,D27
2024-10-01,2025-10-01,PLANTAIN_RIPE,Plantain (ripe),Plantain (ripe),,,NATIONAL,Nigeria,1507.205915273078,OK,YEAR_AGO,Average of October-24,FALSE,,1,Item Label,Selected_Food Report_Oct25.zip,selected food table October25.xlsx,Selected Food October 2025,28,2,B28
2025-09-01,2025-10-01,PLANTAIN_RIPE,Plantain (ripe),Plantain (ripe),,,NATIONAL,Nigeria,2153.844998657108,OK,PRIOR_MONTH,Average of September-25,FALSE,,1,Item Label,Selected_Food Report_Oct25.zip,selected food table October25.xlsx,Selected Food October 2025,28,3,C28
2025-10-01,2025-10-01,PLANTAIN_RIPE,Plantain (ripe),Plantain (ripe),,,NATIONAL,Nigeria,2155.3577663254064,OK,CURRENT_MONTH,Average of October-25,TRUE,,1,Item Label,Selected_Food Report_Oct25.zip,selected food table October25.xlsx,Selected Food October 2025,28,4,D28
2024-10-01,2025-10-01,PLANTAIN_UNRIPE,Plantain (unripe),Plantain (unripe),,,NATIONAL,Nigeria,1539.656399778249,OK,YEAR_AGO,Average of October-24,FALSE,,1,Item Label,Selected_Food Report_Oct25.zip,selected food table October25.xlsx,Selected Food October 2025,29,2,B29
2025-09-01,2025-10-01,PLANTAIN_UNRIPE,Plantain (unripe),Plantain (unripe),,,NATIONAL,Nigeria,2226.4385389516437,OK,PRIOR_MONTH,Average of September-25,FALSE,,1,Item Label,Selected_Food Report_Oct25.zip,selected food table October25.xlsx,Selected Food October 2025,29,3,C29
2025-10-01,2025-10-01,PLANTAIN_UNRIPE,Plantain (unripe),Plantain (unripe),,,NATIONAL,Nigeria,2233.5260593618405,OK,CURRENT_MONTH,Average of October-25,TRUE,,1,Item Label,Selected_Food Report_Oct25.zip,selected food table October25.xlsx,Selected Food October 2025,29,4,D29
2024-10-01,2025-10-01,RICE_LOCAL_SHORT_GRAIN,"Rice Local, short-Grained","Rice Local, short-Grained",1 kg,NBS_REPORT_PDF,NATIONAL,Nigeria,1944.6436738238372,OK,YEAR_AGO,Average of October-24,FALSE,,1,Item Label,Selected_Food Report_Oct25.zip,selected food table October25.xlsx,Selected Food October 2025,30,2,B30
2025-09-01,2025-10-01,RICE_LOCAL_SHORT_GRAIN,"Rice Local, short-Grained","Rice Local, short-Grained",1 kg,NBS_REPORT_PDF,NATIONAL,Nigeria,1952.9401716901048,OK,PRIOR_MONTH,Average of September-25,FALSE,,1,Item Label,Selected_Food Report_Oct25.zip,selected food table October25.xlsx,Selected Food October 2025,30,3,C30
2025-10-01,2025-10-01,RICE_LOCAL_SHORT_GRAIN,"Rice Local, short-Grained","Rice Local, short-Grained",1 kg,NBS_REPORT_PDF,NATIONAL,Nigeria,1913.7751697182339,OK,CURRENT_MONTH,Average of October-25,TRUE,,1,Item Label,Selected_Food Report_Oct25.zip,selected food table October25.xlsx,Selected Food October 2025,30,4,D30
2024-10-01,2025-10-01,RICE_IMPORTED_LONG_GRAIN,Rice Long-Grained (Imported),Rice Long-Grained (Imported),,,NATIONAL,Nigeria,2471.2836299822566,OK,YEAR_AGO,Average of October-24,FALSE,,1,Item Label,Selected_Food Report_Oct25.zip,selected food table October25.xlsx,Selected Food October 2025,31,2,B31
2025-09-01,2025-10-01,RICE_IMPORTED_LONG_GRAIN,Rice Long-Grained (Imported),Rice Long-Grained (Imported),,,NATIONAL,Nigeria,2319.3076275228395,OK,PRIOR_MONTH,Average of September-25,FALSE,,1,Item Label,Selected_Food Report_Oct25.zip,selected food table October25.xlsx,Selected Food October 2025,31,3,C31
2025-10-01,2025-10-01,RICE_IMPORTED_LONG_GRAIN,Rice Long-Grained (Imported),Rice Long-Grained (Imported),,,NATIONAL,Nigeria,2255.2775768973675,OK,CURRENT_MONTH,Average of October-25,TRUE,,1,Item Label,Selected_Food Report_Oct25.zip,selected food table October25.xlsx,Selected Food October 2025,31,4,D31
2024-10-01,2025-10-01,SEMOVITA_1KG,"Semovita, Prepacked (1kg)","Semovita, Prepacked (1kg)",1 kg,SPREADSHEET_LABEL,NATIONAL,Nigeria,,NOT_REPORTED,YEAR_AGO,Average of October-24,FALSE,,1,Item Label,Selected_Food Report_Oct25.zip,selected food table October25.xlsx,Selected Food October 2025,32,2,B32
2025-09-01,2025-10-01,SEMOVITA_1KG,"Semovita, Prepacked (1kg)","Semovita, Prepacked (1kg)",1 kg,SPREADSHEET_LABEL,NATIONAL,Nigeria,2352.318395005702,OK,PRIOR_MONTH,Average of September-25,FALSE,,1,Item Label,Selected_Food Report_Oct25.zip,selected food table October25.xlsx,Selected Food October 2025,32,3,C32
2025-10-01,2025-10-01,SEMOVITA_1KG,"Semovita, Prepacked (1kg)","Semovita, Prepacked (1kg)",1 kg,SPREADSHEET_LABEL,NATIONAL,Nigeria,2354.2340508651146,OK,CURRENT_MONTH,Average of October-25,TRUE,,1,Item Label,Selected_Food Report_Oct25.zip,selected food table October25.xlsx,Selected Food October 2025,32,4,D32
2024-10-01,2025-10-01,FISH_SMOKED_MACKEREL,Smoked fish (Mackerel),Smoked fish (Mackerel),,,NATIONAL,Nigeria,,NOT_REPORTED,YEAR_AGO,Average of October-24,FALSE,,1,Item Label,Selected_Food Report_Oct25.zip,selected food table October25.xlsx,Selected Food October 2025,33,2,B33
2025-09-01,2025-10-01,FISH_SMOKED_MACKEREL,Smoked fish (Mackerel),Smoked fish (Mackerel),,,NATIONAL,Nigeria,6231.508034602872,OK,PRIOR_MONTH,Average of September-25,FALSE,,1,Item Label,Selected_Food Report_Oct25.zip,selected food table October25.xlsx,Selected Food October 2025,33,3,C33
2025-10-01,2025-10-01,FISH_SMOKED_MACKEREL,Smoked fish (Mackerel),Smoked fish (Mackerel),,,NATIONAL,Nigeria,6231.02169313778,OK,CURRENT_MONTH,Average of October-25,TRUE,,1,Item Label,Selected_Food Report_Oct25.zip,selected food table October25.xlsx,Selected Food October 2025,33,4,D33
2024-10-01,2025-10-01,POTATO_SWEET,Sweet potatoes,Sweet potatoes,,,NATIONAL,Nigeria,898.5318625844754,OK,YEAR_AGO,Average of October-24,FALSE,,1,Item Label,Selected_Food Report_Oct25.zip,selected food table October25.xlsx,Selected Food October 2025,34,2,B34
2025-09-01,2025-10-01,POTATO_SWEET,Sweet potatoes,Sweet potatoes,,,NATIONAL,Nigeria,834.3496651420653,OK,PRIOR_MONTH,Average of September-25,FALSE,,1,Item Label,Selected_Food Report_Oct25.zip,selected food table October25.xlsx,Selected Food October 2025,34,3,C34
2025-10-01,2025-10-01,POTATO_SWEET,Sweet potatoes,Sweet potatoes,,,NATIONAL,Nigeria,838.9954456008941,OK,CURRENT_MONTH,Average of October-25,TRUE,,1,Item Label,Selected_Food Report_Oct25.zip,selected food table October25.xlsx,Selected Food October 2025,34,4,D34
2024-10-01,2025-10-01,FISH_TILAPIA_FRESH,Tilapia fresh fish (Epiya),Tilapia fresh fish (Epiya),,,NATIONAL,Nigeria,3944.3936965903017,OK,YEAR_AGO,Average of October-24,FALSE,,1,Item Label,Selected_Food Report_Oct25.zip,selected food table October25.xlsx,Selected Food October 2025,35,2,B35
2025-09-01,2025-10-01,FISH_TILAPIA_FRESH,Tilapia fresh fish (Epiya),Tilapia fresh fish (Epiya),,,NATIONAL,Nigeria,5720.0692840419715,OK,PRIOR_MONTH,Average of September-25,FALSE,,1,Item Label,Selected_Food Report_Oct25.zip,selected food table October25.xlsx,Selected Food October 2025,35,3,C35
2025-10-01,2025-10-01,FISH_TILAPIA_FRESH,Tilapia fresh fish (Epiya),Tilapia fresh fish (Epiya),,,NATIONAL,Nigeria,5819.974591260185,OK,CURRENT_MONTH,Average of October-25,TRUE,,1,Item Label,Selected_Food Report_Oct25.zip,selected food table October25.xlsx,Selected Food October 2025,35,4,D35
2024-10-01,2025-10-01,MILK_EVAP_PEAK_150G,"Tin Milk-Evaporated, Peak Milk, 150g","Tin Milk-Evaporated, Peak Milk, 150g",150 g,SPREADSHEET_LABEL,NATIONAL,Nigeria,955.7272365344721,OK,YEAR_AGO,Average of October-24,FALSE,,1,Item Label,Selected_Food Report_Oct25.zip,selected food table October25.xlsx,Selected Food October 2025,36,2,B36
2025-09-01,2025-10-01,MILK_EVAP_PEAK_150G,"Tin Milk-Evaporated, Peak Milk, 150g","Tin Milk-Evaporated, Peak Milk, 150g",150 g,SPREADSHEET_LABEL,NATIONAL,Nigeria,1034.195228546039,OK,PRIOR_MONTH,Average of September-25,FALSE,,1,Item Label,Selected_Food Report_Oct25.zip,selected food table October25.xlsx,Selected Food October 2025,36,3,C36
2025-10-01,2025-10-01,MILK_EVAP_PEAK_150G,"Tin Milk-Evaporated, Peak Milk, 150g","Tin Milk-Evaporated, Peak Milk, 150g",150 g,SPREADSHEET_LABEL,NATIONAL,Nigeria,1058.152214365552,OK,CURRENT_MONTH,Average of October-25,TRUE,,1,Item Label,Selected_Food Report_Oct25.zip,selected food table October25.xlsx,Selected Food October 2025,36,4,D36
2024-10-01,2025-10-01,MILK_EVAP_THREECROWN_160G,"Tin Milk-Evaporated, Three Crown Milk, 160g","Tin Milk-Evaporated, Three Crown Milk, 160g",160 g,SPREADSHEET_LABEL,NATIONAL,Nigeria,,NOT_REPORTED,YEAR_AGO,Average of October-24,FALSE,,1,Item Label,Selected_Food Report_Oct25.zip,selected food table October25.xlsx,Selected Food October 2025,37,2,B37
2025-09-01,2025-10-01,MILK_EVAP_THREECROWN_160G,"Tin Milk-Evaporated, Three Crown Milk, 160g","Tin Milk-Evaporated, Three Crown Milk, 160g",160 g,SPREADSHEET_LABEL,NATIONAL,Nigeria,900.7322712108167,OK,PRIOR_MONTH,Average of September-25,FALSE,,1,Item Label,Selected_Food Report_Oct25.zip,selected food table October25.xlsx,Selected Food October 2025,37,3,C37
2025-10-01,2025-10-01,MILK_EVAP_THREECROWN_160G,"Tin Milk-Evaporated, Three Crown Milk, 160g","Tin Milk-Evaporated, Three Crown Milk, 160g",160 g,SPREADSHEET_LABEL,NATIONAL,Nigeria,939.0318268341351,OK,CURRENT_MONTH,Average of October-25,TRUE,,1,Item Label,Selected_Food Report_Oct25.zip,selected food table October25.xlsx,Selected Food October 2025,37,4,D37
2024-10-01,2025-10-01,FISH_TITUS_FROZEN,"Titus, frozen","Titus, frozen",,,NATIONAL,Nigeria,4509.384057608442,OK,YEAR_AGO,Average of October-24,FALSE,,1,Item Label,Selected_Food Report_Oct25.zip,selected food table October25.xlsx,Selected Food October 2025,38,2,B38
2025-09-01,2025-10-01,FISH_TITUS_FROZEN,"Titus, frozen","Titus, frozen",,,NATIONAL,Nigeria,6352.951258554096,OK,PRIOR_MONTH,Average of September-25,FALSE,,1,Item Label,Selected_Food Report_Oct25.zip,selected food table October25.xlsx,Selected Food October 2025,38,3,C38
2025-10-01,2025-10-01,FISH_TITUS_FROZEN,"Titus, frozen","Titus, frozen",,,NATIONAL,Nigeria,6415.748643915964,OK,CURRENT_MONTH,Average of October-25,TRUE,,1,Item Label,Selected_Food Report_Oct25.zip,selected food table October25.xlsx,Selected Food October 2025,38,4,D38
2024-10-01,2025-10-01,TOMATOES_FRESH,"Tomatoes, fresh","Tomatoes, fresh",1 kg,NBS_REPORT_PDF,NATIONAL,Nigeria,1465.9858796281085,OK,YEAR_AGO,Average of October-24,FALSE,,1,Item Label,Selected_Food Report_Oct25.zip,selected food table October25.xlsx,Selected Food October 2025,39,2,B39
2025-09-01,2025-10-01,TOMATOES_FRESH,"Tomatoes, fresh","Tomatoes, fresh",1 kg,NBS_REPORT_PDF,NATIONAL,Nigeria,1279.8359139494032,OK,PRIOR_MONTH,Average of September-25,FALSE,,1,Item Label,Selected_Food Report_Oct25.zip,selected food table October25.xlsx,Selected Food October 2025,39,3,C39
2025-10-01,2025-10-01,TOMATOES_FRESH,"Tomatoes, fresh","Tomatoes, fresh",1 kg,NBS_REPORT_PDF,NATIONAL,Nigeria,1269.1679915276582,OK,CURRENT_MONTH,Average of October-25,TRUE,,1,Item Label,Selected_Food Report_Oct25.zip,selected food table October25.xlsx,Selected Food October 2025,39,4,D39
2024-10-01,2025-10-01,VEG_OIL_75CL,"Vegetable Oil, 75cl","Vegetable Oil, 75cl",75 cl,SPREADSHEET_LABEL,NATIONAL,Nigeria,2719.1648740973133,OK,YEAR_AGO,Average of October-24,FALSE,,1,Item Label,Selected_Food Report_Oct25.zip,selected food table October25.xlsx,Selected Food October 2025,40,2,B40
2025-09-01,2025-10-01,VEG_OIL_75CL,"Vegetable Oil, 75cl","Vegetable Oil, 75cl",75 cl,SPREADSHEET_LABEL,NATIONAL,Nigeria,3229.625604509319,OK,PRIOR_MONTH,Average of September-25,FALSE,,1,Item Label,Selected_Food Report_Oct25.zip,selected food table October25.xlsx,Selected Food October 2025,40,3,C40
2025-10-01,2025-10-01,VEG_OIL_75CL,"Vegetable Oil, 75cl","Vegetable Oil, 75cl",75 cl,SPREADSHEET_LABEL,NATIONAL,Nigeria,3204.288157128556,OK,CURRENT_MONTH,Average of October-25,TRUE,,1,Item Label,Selected_Food Report_Oct25.zip,selected food table October25.xlsx,Selected Food October 2025,40,4,D40
2024-10-01,2025-10-01,WATERMELON_WHOLE,"Watermelon whole, medium size fresh","Watermelon whole, medium size fresh",,,NATIONAL,Nigeria,,NOT_REPORTED,YEAR_AGO,Average of October-24,FALSE,,1,Item Label,Selected_Food Report_Oct25.zip,selected food table October25.xlsx,Selected Food October 2025,41,2,B41
2025-09-01,2025-10-01,WATERMELON_WHOLE,"Watermelon whole, medium size fresh","Watermelon whole, medium size fresh",,,NATIONAL,Nigeria,2065.4648206781158,OK,PRIOR_MONTH,Average of September-25,FALSE,,1,Item Label,Selected_Food Report_Oct25.zip,selected food table October25.xlsx,Selected Food October 2025,41,3,C41
2025-10-01,2025-10-01,WATERMELON_WHOLE,"Watermelon whole, medium size fresh","Watermelon whole, medium size fresh",,,NATIONAL,Nigeria,2073.9786009882596,OK,CURRENT_MONTH,Average of October-25,TRUE,,1,Item Label,Selected_Food Report_Oct25.zip,selected food table October25.xlsx,Selected Food October 2025,41,4,D41
2024-10-01,2025-10-01,WHEAT_FLOUR_2KG,"Wheat Flour, Prepacked (2kg)","Wheat Flour, Prepacked (2kg)",2 kg,SPREADSHEET_LABEL,NATIONAL,Nigeria,3747.865499533216,OK,YEAR_AGO,Average of October-24,FALSE,,1,Item Label,Selected_Food Report_Oct25.zip,selected food table October25.xlsx,Selected Food October 2025,42,2,B42
2025-09-01,2025-10-01,WHEAT_FLOUR_2KG,"Wheat Flour, Prepacked (2kg)","Wheat Flour, Prepacked (2kg)",2 kg,SPREADSHEET_LABEL,NATIONAL,Nigeria,3879.31210752501,OK,PRIOR_MONTH,Average of September-25,FALSE,,1,Item Label,Selected_Food Report_Oct25.zip,selected food table October25.xlsx,Selected Food October 2025,42,3,C42
2025-10-01,2025-10-01,WHEAT_FLOUR_2KG,"Wheat Flour, Prepacked (2kg)","Wheat Flour, Prepacked (2kg)",2 kg,SPREADSHEET_LABEL,NATIONAL,Nigeria,3786.7531337822275,OK,CURRENT_MONTH,Average of October-25,TRUE,,1,Item Label,Selected_Food Report_Oct25.zip,selected food table October25.xlsx,Selected Food October 2025,42,4,D42
2024-10-01,2025-10-01,YAM_TUBER,Yam Tuber,Yam Tuber,1 kg,NBS_REPORT_PDF,NATIONAL,Nigeria,1705.5835043337868,OK,YEAR_AGO,Average of October-24,FALSE,,1,Item Label,Selected_Food Report_Oct25.zip,selected food table October25.xlsx,Selected Food October 2025,43,2,B43
2025-09-01,2025-10-01,YAM_TUBER,Yam Tuber,Yam Tuber,1 kg,NBS_REPORT_PDF,NATIONAL,Nigeria,2052.4624020530755,OK,PRIOR_MONTH,Average of September-25,FALSE,,1,Item Label,Selected_Food Report_Oct25.zip,selected food table October25.xlsx,Selected Food October 2025,43,3,C43
2025-10-01,2025-10-01,YAM_TUBER,Yam Tuber,Yam Tuber,1 kg,NBS_REPORT_PDF,NATIONAL,Nigeria,2023.8335370623092,OK,CURRENT_MONTH,Average of October-25,TRUE,,1,Item Label,Selected_Food Report_Oct25.zip,selected food table October25.xlsx,Selected Food October 2025,43,4,D43
2024-08-01,2025-08-01,EGG_AGRIC,"Agric hen eggs,","Agric hen eggs,",,,NATIONAL,Nigeria,198.63494048738735,OK,YEAR_AGO,Average of August-24,FALSE,,1,Item Label,SELECTED_FOOD_PRICES_AUG_SEPT_2025.zip,selected food table August-25.xlsx,Selected Food August 2025,2,2,B2
2025-07-01,2025-08-01,EGG_AGRIC,"Agric hen eggs,","Agric hen eggs,",,,NATIONAL,Nigeria,270.7705925485273,OK,PRIOR_MONTH,Average of July-25,FALSE,,1,Item Label,SELECTED_FOOD_PRICES_AUG_SEPT_2025.zip,selected food table August-25.xlsx,Selected Food August 2025,2,3,C2
2025-08-01,2025-08-01,EGG_AGRIC,"Agric hen eggs,","Agric hen eggs,",,,NATIONAL,Nigeria,254.696751969535,OK,CURRENT_MONTH,Average of August-25,TRUE,,1,Item Label,SELECTED_FOOD_PRICES_AUG_SEPT_2025.zip,selected food table August-25.xlsx,Selected Food August 2025,2,4,D2
2024-08-01,2025-08-01,EGG_AGRIC_CRATE30,"Agric hen eggs, (a Crate of 30 pieces)","Agric hen eggs, (a Crate of 30 pieces)",1 crate of 30 pieces,SPREADSHEET_LABEL,NATIONAL,Nigeria,,NOT_REPORTED,YEAR_AGO,Average of August-24,FALSE,,1,Item Label,SELECTED_FOOD_PRICES_AUG_SEPT_2025.zip,selected food table August-25.xlsx,Selected Food August 2025,3,2,B3
2025-07-01,2025-08-01,EGG_AGRIC_CRATE30,"Agric hen eggs, (a Crate of 30 pieces)","Agric hen eggs, (a Crate of 30 pieces)",1 crate of 30 pieces,SPREADSHEET_LABEL,NATIONAL,Nigeria,6267.534269108003,OK,PRIOR_MONTH,Average of July-25,FALSE,,1,Item Label,SELECTED_FOOD_PRICES_AUG_SEPT_2025.zip,selected food table August-25.xlsx,Selected Food August 2025,3,3,C3
2025-08-01,2025-08-01,EGG_AGRIC_CRATE30,"Agric hen eggs, (a Crate of 30 pieces)","Agric hen eggs, (a Crate of 30 pieces)",1 crate of 30 pieces,SPREADSHEET_LABEL,NATIONAL,Nigeria,6040.069464083746,OK,CURRENT_MONTH,Average of August-25,TRUE,,1,Item Label,SELECTED_FOOD_PRICES_AUG_SEPT_2025.zip,selected food table August-25.xlsx,Selected Food August 2025,3,4,D3
2024-08-01,2025-08-01,BEANS_BROWN,Beans Brown,Beans Brown,1 kg,NBS_REPORT_PDF,NATIONAL,Nigeria,2574.63287226282,OK,YEAR_AGO,Average of August-24,FALSE,,1,Item Label,SELECTED_FOOD_PRICES_AUG_SEPT_2025.zip,selected food table August-25.xlsx,Selected Food August 2025,4,2,B4
2025-07-01,2025-08-01,BEANS_BROWN,Beans Brown,Beans Brown,1 kg,NBS_REPORT_PDF,NATIONAL,Nigeria,2319.2653816194043,OK,PRIOR_MONTH,Average of July-25,FALSE,,1,Item Label,SELECTED_FOOD_PRICES_AUG_SEPT_2025.zip,selected food table August-25.xlsx,Selected Food August 2025,4,3,C4
2025-08-01,2025-08-01,BEANS_BROWN,Beans Brown,Beans Brown,1 kg,NBS_REPORT_PDF,NATIONAL,Nigeria,1847.8187955592769,OK,CURRENT_MONTH,Average of August-25,TRUE,,1,Item Label,SELECTED_FOOD_PRICES_AUG_SEPT_2025.zip,selected food table August-25.xlsx,Selected Food August 2025,4,4,D4
2024-08-01,2025-08-01,BEANS_WHITE,Beans white,Beans white,,,NATIONAL,Nigeria,2425.923812272297,OK,YEAR_AGO,Average of August-24,FALSE,,1,Item Label,SELECTED_FOOD_PRICES_AUG_SEPT_2025.zip,selected food table August-25.xlsx,Selected Food August 2025,5,2,B5
2025-07-01,2025-08-01,BEANS_WHITE,Beans white,Beans white,,,NATIONAL,Nigeria,2020.9619336040175,OK,PRIOR_MONTH,Average of July-25,FALSE,,1,Item Label,SELECTED_FOOD_PRICES_AUG_SEPT_2025.zip,selected food table August-25.xlsx,Selected Food August 2025,5,3,C5
2025-08-01,2025-08-01,BEANS_WHITE,Beans white,Beans white,,,NATIONAL,Nigeria,1664.988307653676,OK,CURRENT_MONTH,Average of August-25,TRUE,,1,Item Label,SELECTED_FOOD_PRICES_AUG_SEPT_2025.zip,selected food table August-25.xlsx,Selected Food August 2025,5,4,D5
2024-08-01,2025-08-01,BEEF_BONELESS,Beef Boneless,Beef Boneless,1 kg,NBS_REPORT_PDF,NATIONAL,Nigeria,5553.804223212464,OK,YEAR_AGO,Average of August-24,FALSE,,1,Item Label,SELECTED_FOOD_PRICES_AUG_SEPT_2025.zip,selected food table August-25.xlsx,Selected Food August 2025,6,2,B6
2025-07-01,2025-08-01,BEEF_BONELESS,Beef Boneless,Beef Boneless,1 kg,NBS_REPORT_PDF,NATIONAL,Nigeria,6831.352773878651,OK,PRIOR_MONTH,Average of July-25,FALSE,,1,Item Label,SELECTED_FOOD_PRICES_AUG_SEPT_2025.zip,selected food table August-25.xlsx,Selected Food August 2025,6,3,C6
2025-08-01,2025-08-01,BEEF_BONELESS,Beef Boneless,Beef Boneless,1 kg,NBS_REPORT_PDF,NATIONAL,Nigeria,6860.069305188064,OK,CURRENT_MONTH,Average of August-25,TRUE,,1,Item Label,SELECTED_FOOD_PRICES_AUG_SEPT_2025.zip,selected food table August-25.xlsx,Selected Food August 2025,6,4,D6
2024-08-01,2025-08-01,BREAD_SLICED_450G,"Bread (sliced), 450g","Bread (sliced), 450g",450 g,SPREADSHEET_LABEL,NATIONAL,Nigeria,,NOT_REPORTED,YEAR_AGO,Average of August-24,FALSE,,1,Item Label,SELECTED_FOOD_PRICES_AUG_SEPT_2025.zip,selected food table August-25.xlsx,Selected Food August 2025,7,2,B7
2025-07-01,2025-08-01,BREAD_SLICED_450G,"Bread (sliced), 450g","Bread (sliced), 450g",450 g,SPREADSHEET_LABEL,NATIONAL,Nigeria,1661.867672397997,OK,PRIOR_MONTH,Average of July-25,FALSE,,1,Item Label,SELECTED_FOOD_PRICES_AUG_SEPT_2025.zip,selected food table August-25.xlsx,Selected Food August 2025,7,3,C7
2025-08-01,2025-08-01,BREAD_SLICED_450G,"Bread (sliced), 450g","Bread (sliced), 450g",450 g,SPREADSHEET_LABEL,NATIONAL,Nigeria,1659.2731791835517,OK,CURRENT_MONTH,Average of August-25,TRUE,,1,Item Label,SELECTED_FOOD_PRICES_AUG_SEPT_2025.zip,selected food table August-25.xlsx,Selected Food August 2025,7,4,D7
2024-08-01,2025-08-01,BREAD_UNSLICED_450G,"Bread (unsliced), 450g","Bread (unsliced), 450g",450 g,SPREADSHEET_LABEL,NATIONAL,Nigeria,,NOT_REPORTED,YEAR_AGO,Average of August-24,FALSE,,1,Item Label,SELECTED_FOOD_PRICES_AUG_SEPT_2025.zip,selected food table August-25.xlsx,Selected Food August 2025,8,2,B8
2025-07-01,2025-08-01,BREAD_UNSLICED_450G,"Bread (unsliced), 450g","Bread (unsliced), 450g",450 g,SPREADSHEET_LABEL,NATIONAL,Nigeria,1577.7176473808383,OK,PRIOR_MONTH,Average of July-25,FALSE,,1,Item Label,SELECTED_FOOD_PRICES_AUG_SEPT_2025.zip,selected food table August-25.xlsx,Selected Food August 2025,8,3,C8
2025-08-01,2025-08-01,BREAD_UNSLICED_450G,"Bread (unsliced), 450g","Bread (unsliced), 450g",450 g,SPREADSHEET_LABEL,NATIONAL,Nigeria,1556.1362209347158,OK,CURRENT_MONTH,Average of August-25,TRUE,,1,Item Label,SELECTED_FOOD_PRICES_AUG_SEPT_2025.zip,selected food table August-25.xlsx,Selected Food August 2025,8,4,D8
2024-08-01,2025-08-01,CARROTS_FRESH,"Carrots, fresh","Carrots, fresh",1 kg,NBS_REPORT_PDF,NATIONAL,Nigeria,,NOT_REPORTED,YEAR_AGO,Average of August-24,FALSE,,1,Item Label,SELECTED_FOOD_PRICES_AUG_SEPT_2025.zip,selected food table August-25.xlsx,Selected Food August 2025,9,2,B9
2025-07-01,2025-08-01,CARROTS_FRESH,"Carrots, fresh","Carrots, fresh",1 kg,NBS_REPORT_PDF,NATIONAL,Nigeria,1913.0567759784753,OK,PRIOR_MONTH,Average of July-25,FALSE,,1,Item Label,SELECTED_FOOD_PRICES_AUG_SEPT_2025.zip,selected food table August-25.xlsx,Selected Food August 2025,9,3,C9
2025-08-01,2025-08-01,CARROTS_FRESH,"Carrots, fresh","Carrots, fresh",1 kg,NBS_REPORT_PDF,NATIONAL,Nigeria,1905.323311110037,OK,CURRENT_MONTH,Average of August-25,TRUE,,1,Item Label,SELECTED_FOOD_PRICES_AUG_SEPT_2025.zip,selected food table August-25.xlsx,Selected Food August 2025,9,4,D9
2024-08-01,2025-08-01,FISH_CATFISH_FRESH,Cat fresh fish,Cat fresh fish,,,NATIONAL,Nigeria,3934.2272163640787,OK,YEAR_AGO,Average of August-24,FALSE,,1,Item Label,SELECTED_FOOD_PRICES_AUG_SEPT_2025.zip,selected food table August-25.xlsx,Selected Food August 2025,10,2,B10
2025-07-01,2025-08-01,FISH_CATFISH_FRESH,Cat fresh fish,Cat fresh fish,,,NATIONAL,Nigeria,5778.811187594452,OK,PRIOR_MONTH,Average of July-25,FALSE,,1,Item Label,SELECTED_FOOD_PRICES_AUG_SEPT_2025.zip,selected food table August-25.xlsx,Selected Food August 2025,10,3,C10
2025-08-01,2025-08-01,FISH_CATFISH_FRESH,Cat fresh fish,Cat fresh fish,,,NATIONAL,Nigeria,5933.186716015304,OK,CURRENT_MONTH,Average of August-25,TRUE,,1,Item Label,SELECTED_FOOD_PRICES_AUG_SEPT_2025.zip,selected food table August-25.xlsx,Selected Food August 2025,10,4,D10
2024-08-01,2025-08-01,CHICKEN_FEET,Chicken feet,Chicken feet,,,NATIONAL,Nigeria,3163.160701149699,OK,YEAR_AGO,Average of August-24,FALSE,,1,Item Label,SELECTED_FOOD_PRICES_AUG_SEPT_2025.zip,selected food table August-25.xlsx,Selected Food August 2025,11,2,B11
2025-07-01,2025-08-01,CHICKEN_FEET,Chicken feet,Chicken feet,,,NATIONAL,Nigeria,3598.742621827061,OK,PRIOR_MONTH,Average of July-25,FALSE,,1,Item Label,SELECTED_FOOD_PRICES_AUG_SEPT_2025.zip,selected food table August-25.xlsx,Selected Food August 2025,11,3,C11
2025-08-01,2025-08-01,CHICKEN_FEET,Chicken feet,Chicken feet,,,NATIONAL,Nigeria,3701.5526688903283,OK,CURRENT_MONTH,Average of August-25,TRUE,,1,Item Label,SELECTED_FOOD_PRICES_AUG_SEPT_2025.zip,selected food table August-25.xlsx,Selected Food August 2025,11,4,D11
2024-08-01,2025-08-01,CHICKEN_MEAT_FROZEN,Chicken meat (Frozen),Chicken meat (Frozen),,,NATIONAL,Nigeria,5507.610331294922,OK,YEAR_AGO,Average of August-24,FALSE,,1,Item Label,SELECTED_FOOD_PRICES_AUG_SEPT_2025.zip,selected food table August-25.xlsx,Selected Food August 2025,12,2,B12
2025-07-01,2025-08-01,CHICKEN_MEAT_FROZEN,Chicken meat (Frozen),Chicken meat (Frozen),,,NATIONAL,Nigeria,5839.810204898159,OK,PRIOR_MONTH,Average of July-25,FALSE,,1,Item Label,SELECTED_FOOD_PRICES_AUG_SEPT_2025.zip,selected food table August-25.xlsx,Selected Food August 2025,12,3,C12
2025-08-01,2025-08-01,CHICKEN_MEAT_FROZEN,Chicken meat (Frozen),Chicken meat (Frozen),,,NATIONAL,Nigeria,5854.543055637018,OK,CURRENT_MONTH,Average of August-25,TRUE,,1,Item Label,SELECTED_FOOD_PRICES_AUG_SEPT_2025.zip,selected food table August-25.xlsx,Selected Food August 2025,12,4,D12
2024-08-01,2025-08-01,CHICKEN_WINGS,Chicken Wings,Chicken Wings,,,NATIONAL,Nigeria,3954.0812987030636,OK,YEAR_AGO,Average of August-24,FALSE,,1,Item Label,SELECTED_FOOD_PRICES_AUG_SEPT_2025.zip,selected food table August-25.xlsx,Selected Food August 2025,13,2,B13
2025-07-01,2025-08-01,CHICKEN_WINGS,Chicken Wings,Chicken Wings,,,NATIONAL,Nigeria,4836.378810829006,OK,PRIOR_MONTH,Average of July-25,FALSE,,1,Item Label,SELECTED_FOOD_PRICES_AUG_SEPT_2025.zip,selected food table August-25.xlsx,Selected Food August 2025,13,3,C13
2025-08-01,2025-08-01,CHICKEN_WINGS,Chicken Wings,Chicken Wings,,,NATIONAL,Nigeria,4892.877434196505,OK,CURRENT_MONTH,Average of August-25,TRUE,,1,Item Label,SELECTED_FOOD_PRICES_AUG_SEPT_2025.zip,selected food table August-25.xlsx,Selected Food August 2025,13,4,D13
2024-08-01,2025-08-01,CRAYFISH_SMALL_WHITE,Cray fish small white,Cray fish small white,1 kg,NBS_REPORT_PDF,NATIONAL,Nigeria,,NOT_REPORTED,YEAR_AGO,Average of August-24,FALSE,,1,Item Label,SELECTED_FOOD_PRICES_AUG_SEPT_2025.zip,selected food table August-25.xlsx,Selected Food August 2025,14,2,B14
2025-07-01,2025-08-01,CRAYFISH_SMALL_WHITE,Cray fish small white,Cray fish small white,1 kg,NBS_REPORT_PDF,NATIONAL,Nigeria,9380.68707277979,OK,PRIOR_MONTH,Average of July-25,FALSE,,1,Item Label,SELECTED_FOOD_PRICES_AUG_SEPT_2025.zip,selected food table August-25.xlsx,Selected Food August 2025,14,3,C14
2025-08-01,2025-08-01,CRAYFISH_SMALL_WHITE,Cray fish small white,Cray fish small white,1 kg,NBS_REPORT_PDF,NATIONAL,Nigeria,8806.616267587202,OK,CURRENT_MONTH,Average of August-25,TRUE,,1,Item Label,SELECTED_FOOD_PRICES_AUG_SEPT_2025.zip,selected food table August-25.xlsx,Selected Food August 2025,14,4,D14
2024-08-01,2025-08-01,FISH_DRIED_BONGA,"Dried fish, Bonga","Dried fish, Bonga",,,NATIONAL,Nigeria,,NOT_REPORTED,YEAR_AGO,Average of August-24,FALSE,,1,Item Label,SELECTED_FOOD_PRICES_AUG_SEPT_2025.zip,selected food table August-25.xlsx,Selected Food August 2025,15,2,B15
2025-07-01,2025-08-01,FISH_DRIED_BONGA,"Dried fish, Bonga","Dried fish, Bonga",,,NATIONAL,Nigeria,7072.976572436164,OK,PRIOR_MONTH,Average of July-25,FALSE,,1,Item Label,SELECTED_FOOD_PRICES_AUG_SEPT_2025.zip,selected food table August-25.xlsx,Selected Food August 2025,15,3,C15
2025-08-01,2025-08-01,FISH_DRIED_BONGA,"Dried fish, Bonga","Dried fish, Bonga",,,NATIONAL,Nigeria,7019.717617002845,OK,CURRENT_MONTH,Average of August-25,TRUE,,1,Item Label,SELECTED_FOOD_PRICES_AUG_SEPT_2025.zip,selected food table August-25.xlsx,Selected Food August 2025,15,4,D15
2024-08-01,2025-08-01,GARRI_WHITE,Garri white,Garri white,1 kg,NBS_REPORT_PDF,NATIONAL,Nigeria,1124.3983802475027,OK,YEAR_AGO,Average of August-24,FALSE,,1,Item Label,SELECTED_FOOD_PRICES_AUG_SEPT_2025.zip,selected food table August-25.xlsx,Selected Food August 2025,16,2,B16
2025-07-01,2025-08-01,GARRI_WHITE,Garri white,Garri white,1 kg,NBS_REPORT_PDF,NATIONAL,Nigeria,1258.637331548774,OK,PRIOR_MONTH,Average of July-25,FALSE,,1,Item Label,SELECTED_FOOD_PRICES_AUG_SEPT_2025.zip,selected food table August-25.xlsx,Selected Food August 2025,16,3,C16
2025-08-01,2025-08-01,GARRI_WHITE,Garri white,Garri white,1 kg,NBS_REPORT_PDF,NATIONAL,Nigeria,932.5318107042713,OK,CURRENT_MONTH,Average of August-25,TRUE,,1,Item Label,SELECTED_FOOD_PRICES_AUG_SEPT_2025.zip,selected food table August-25.xlsx,Selected Food August 2025,16,4,D16
2024-08-01,2025-08-01,GARRI_YELLOW,Garri Yellow,Garri Yellow,,,NATIONAL,Nigeria,1170.6513273593343,OK,YEAR_AGO,Average of August-24,FALSE,,1,Item Label,SELECTED_FOOD_PRICES_AUG_SEPT_2025.zip,selected food table August-25.xlsx,Selected Food August 2025,17,2,B17
2025-07-01,2025-08-01,GARRI_YELLOW,Garri Yellow,Garri Yellow,,,NATIONAL,Nigeria,1358.6755362275126,OK,PRIOR_MONTH,Average of July-25,FALSE,,1,Item Label,SELECTED_FOOD_PRICES_AUG_SEPT_2025.zip,selected food table August-25.xlsx,Selected Food August 2025,17,3,C17
2025-08-01,2025-08-01,GARRI_YELLOW,Garri Yellow,Garri Yellow,,,NATIONAL,Nigeria,1001.9660010814604,OK,CURRENT_MONTH,Average of August-25,TRUE,,1,Item Label,SELECTED_FOOD_PRICES_AUG_SEPT_2025.zip,selected food table August-25.xlsx,Selected Food August 2025,17,4,D17
2024-08-01,2025-08-01,GINGER_FRESH,"Ginger, fresh","Ginger, fresh",1 kg,NBS_REPORT_PDF,NATIONAL,Nigeria,,NOT_REPORTED,YEAR_AGO,Average of August-24,FALSE,,1,Item Label,SELECTED_FOOD_PRICES_AUG_SEPT_2025.zip,selected food table August-25.xlsx,Selected Food August 2025,18,2,B18
2025-07-01,2025-08-01,GINGER_FRESH,"Ginger, fresh","Ginger, fresh",1 kg,NBS_REPORT_PDF,NATIONAL,Nigeria,5659.526105269955,OK,PRIOR_MONTH,Average of July-25,FALSE,,1,Item Label,SELECTED_FOOD_PRICES_AUG_SEPT_2025.zip,selected food table August-25.xlsx,Selected Food August 2025,18,3,C18
2025-08-01,2025-08-01,GINGER_FRESH,"Ginger, fresh","Ginger, fresh",1 kg,NBS_REPORT_PDF,NATIONAL,Nigeria,5512.123296346397,OK,CURRENT_MONTH,Average of August-25,TRUE,,1,Item Label,SELECTED_FOOD_PRICES_AUG_SEPT_2025.zip,selected food table August-25.xlsx,Selected Food August 2025,18,4,D18
2024-08-01,2025-08-01,GOAT_MEAT_BONE_IN,Goat Meat Bone in,Goat Meat Bone in,,,NATIONAL,Nigeria,,NOT_REPORTED,YEAR_AGO,Average of August-24,FALSE,,1,Item Label,SELECTED_FOOD_PRICES_AUG_SEPT_2025.zip,selected food table August-25.xlsx,Selected Food August 2025,19,2,B19
2025-07-01,2025-08-01,GOAT_MEAT_BONE_IN,Goat Meat Bone in,Goat Meat Bone in,,,NATIONAL,Nigeria,6821.309058255563,OK,PRIOR_MONTH,Average of July-25,FALSE,,1,Item Label,SELECTED_FOOD_PRICES_AUG_SEPT_2025.zip,selected food table August-25.xlsx,Selected Food August 2025,19,3,C19
2025-08-01,2025-08-01,GOAT_MEAT_BONE_IN,Goat Meat Bone in,Goat Meat Bone in,,,NATIONAL,Nigeria,6810.852769970482,OK,CURRENT_MONTH,Average of August-25,TRUE,,1,Item Label,SELECTED_FOOD_PRICES_AUG_SEPT_2025.zip,selected food table August-25.xlsx,Selected Food August 2025,19,4,D19
2024-08-01,2025-08-01,GROUNDNUT_OIL_75CL,"Groundnut oil, 75cl","Groundnut oil, 75cl",75 cl,SPREADSHEET_LABEL,NATIONAL,Nigeria,,NOT_REPORTED,YEAR_AGO,Average of August-24,FALSE,,1,Item Label,SELECTED_FOOD_PRICES_AUG_SEPT_2025.zip,selected food table August-25.xlsx,Selected Food August 2025,20,2,B20
2025-07-01,2025-08-01,GROUNDNUT_OIL_75CL,"Groundnut oil, 75cl","Groundnut oil, 75cl",75 cl,SPREADSHEET_LABEL,NATIONAL,Nigeria,3284.6082067226357,OK,PRIOR_MONTH,Average of July-25,FALSE,,1,Item Label,SELECTED_FOOD_PRICES_AUG_SEPT_2025.zip,selected food table August-25.xlsx,Selected Food August 2025,20,3,C20
2025-08-01,2025-08-01,GROUNDNUT_OIL_75CL,"Groundnut oil, 75cl","Groundnut oil, 75cl",75 cl,SPREADSHEET_LABEL,NATIONAL,Nigeria,3243.3588024283385,OK,CURRENT_MONTH,Average of August-25,TRUE,,1,Item Label,SELECTED_FOOD_PRICES_AUG_SEPT_2025.zip,selected food table August-25.xlsx,Selected Food August 2025,20,4,D20
2024-08-01,2025-08-01,GROUNDNUTS_ROASTED_75CL,"Groundnuts, roasted,75cl bottle","Groundnuts, roasted,75cl bottle",75 cl bottle,SPREADSHEET_LABEL,NATIONAL,Nigeria,,NOT_REPORTED,YEAR_AGO,Average of August-24,FALSE,,1,Item Label,SELECTED_FOOD_PRICES_AUG_SEPT_2025.zip,selected food table August-25.xlsx,Selected Food August 2025,21,2,B21
2025-07-01,2025-08-01,GROUNDNUTS_ROASTED_75CL,"Groundnuts, roasted,75cl bottle","Groundnuts, roasted,75cl bottle",75 cl bottle,SPREADSHEET_LABEL,NATIONAL,Nigeria,2637.09908243723,OK,PRIOR_MONTH,Average of July-25,FALSE,,1,Item Label,SELECTED_FOOD_PRICES_AUG_SEPT_2025.zip,selected food table August-25.xlsx,Selected Food August 2025,21,3,C21
2025-08-01,2025-08-01,GROUNDNUTS_ROASTED_75CL,"Groundnuts, roasted,75cl bottle","Groundnuts, roasted,75cl bottle",75 cl bottle,SPREADSHEET_LABEL,NATIONAL,Nigeria,2642.745211986165,OK,CURRENT_MONTH,Average of August-25,TRUE,,1,Item Label,SELECTED_FOOD_PRICES_AUG_SEPT_2025.zip,selected food table August-25.xlsx,Selected Food August 2025,21,4,D21
2024-08-01,2025-08-01,POTATO_IRISH,Irish Potatoe,Irish Potatoe,1 kg,NBS_REPORT_PDF,NATIONAL,Nigeria,1650.7432320262296,OK,YEAR_AGO,Average of August-24,FALSE,,1,Item Label,SELECTED_FOOD_PRICES_AUG_SEPT_2025.zip,selected food table August-25.xlsx,Selected Food August 2025,22,2,B22
2025-07-01,2025-08-01,POTATO_IRISH,Irish Potatoe,Irish Potatoe,1 kg,NBS_REPORT_PDF,NATIONAL,Nigeria,2033.0798935380249,OK,PRIOR_MONTH,Average of July-25,FALSE,,1,Item Label,SELECTED_FOOD_PRICES_AUG_SEPT_2025.zip,selected food table August-25.xlsx,Selected Food August 2025,22,3,C22
2025-08-01,2025-08-01,POTATO_IRISH,Irish Potatoe,Irish Potatoe,1 kg,NBS_REPORT_PDF,NATIONAL,Nigeria,1670.9649464468741,OK,CURRENT_MONTH,Average of August-25,TRUE,,1,Item Label,SELECTED_FOOD_PRICES_AUG_SEPT_2025.zip,selected food table August-25.xlsx,Selected Food August 2025,22,4,D22
2024-08-01,2025-08-01,RICE_LOCAL_BROKEN,Local Rice (Broken),Local Rice (Broken),,,NATIONAL,Nigeria,,NOT_REPORTED,YEAR_AGO,Average of August-24,FALSE,,1,Item Label,SELECTED_FOOD_PRICES_AUG_SEPT_2025.zip,selected food table August-25.xlsx,Selected Food August 2025,23,2,B23
2025-07-01,2025-08-01,RICE_LOCAL_BROKEN,Local Rice (Broken),Local Rice (Broken),,,NATIONAL,Nigeria,2586.0488043157384,OK,PRIOR_MONTH,Average of July-25,FALSE,,1,Item Label,SELECTED_FOOD_PRICES_AUG_SEPT_2025.zip,selected food table August-25.xlsx,Selected Food August 2025,23,3,C23
2025-08-01,2025-08-01,RICE_LOCAL_BROKEN,Local Rice (Broken),Local Rice (Broken),,,NATIONAL,Nigeria,2321.8420584560467,OK,CURRENT_MONTH,Average of August-25,TRUE,,1,Item Label,SELECTED_FOOD_PRICES_AUG_SEPT_2025.zip,selected food table August-25.xlsx,Selected Food August 2025,23,4,D23
2024-08-01,2025-08-01,FISH_MACKEREL_FROZEN,"Mackerel, Frozen","Mackerel, Frozen",,,NATIONAL,Nigeria,3941.5893903041206,OK,YEAR_AGO,Average of August-24,FALSE,,1,Item Label,SELECTED_FOOD_PRICES_AUG_SEPT_2025.zip,selected food table August-25.xlsx,Selected Food August 2025,24,2,B24
2025-07-01,2025-08-01,FISH_MACKEREL_FROZEN,"Mackerel, Frozen","Mackerel, Frozen",,,NATIONAL,Nigeria,5681.313249588093,OK,PRIOR_MONTH,Average of July-25,FALSE,,1,Item Label,SELECTED_FOOD_PRICES_AUG_SEPT_2025.zip,selected food table August-25.xlsx,Selected Food August 2025,24,3,C24
2025-08-01,2025-08-01,FISH_MACKEREL_FROZEN,"Mackerel, Frozen","Mackerel, Frozen",,,NATIONAL,Nigeria,5725.5096441249425,OK,CURRENT_MONTH,Average of August-25,TRUE,,1,Item Label,SELECTED_FOOD_PRICES_AUG_SEPT_2025.zip,selected food table August-25.xlsx,Selected Food August 2025,24,4,D24
2024-08-01,2025-08-01,MAIZE_GRAIN_WHITE_LOOSE,Maize (Corn) Grains (White) sold loose,Maize (Corn) Grains (White) sold loose,1 kg,NBS_REPORT_PDF,NATIONAL,Nigeria,1028.3321958217523,OK,YEAR_AGO,Average of August-24,FALSE,,1,Item Label,SELECTED_FOOD_PRICES_AUG_SEPT_2025.zip,selected food table August-25.xlsx,Selected Food August 2025,25,2,B25
2025-07-01,2025-08-01,MAIZE_GRAIN_WHITE_LOOSE,Maize (Corn) Grains (White) sold loose,Maize (Corn) Grains (White) sold loose,1 kg,NBS_REPORT_PDF,NATIONAL,Nigeria,1166.8085070098991,OK,PRIOR_MONTH,Average of July-25,FALSE,,1,Item Label,SELECTED_FOOD_PRICES_AUG_SEPT_2025.zip,selected food table August-25.xlsx,Selected Food August 2025,25,3,C25
2025-08-01,2025-08-01,MAIZE_GRAIN_WHITE_LOOSE,Maize (Corn) Grains (White) sold loose,Maize (Corn) Grains (White) sold loose,1 kg,NBS_REPORT_PDF,NATIONAL,Nigeria,951.0393816695682,OK,CURRENT_MONTH,Average of August-25,TRUE,,1,Item Label,SELECTED_FOOD_PRICES_AUG_SEPT_2025.zip,selected food table August-25.xlsx,Selected Food August 2025,25,4,D25
2024-08-01,2025-08-01,ONIONS_FRESH,"Onions, fresh","Onions, fresh",1 kg,NBS_REPORT_PDF,NATIONAL,Nigeria,1201.0934641769595,OK,YEAR_AGO,Average of August-24,FALSE,,1,Item Label,SELECTED_FOOD_PRICES_AUG_SEPT_2025.zip,selected food table August-25.xlsx,Selected Food August 2025,26,2,B26
2025-07-01,2025-08-01,ONIONS_FRESH,"Onions, fresh","Onions, fresh",1 kg,NBS_REPORT_PDF,NATIONAL,Nigeria,1538.7591764210324,OK,PRIOR_MONTH,Average of July-25,FALSE,,1,Item Label,SELECTED_FOOD_PRICES_AUG_SEPT_2025.zip,selected food table August-25.xlsx,Selected Food August 2025,26,3,C26
2025-08-01,2025-08-01,ONIONS_FRESH,"Onions, fresh","Onions, fresh",1 kg,NBS_REPORT_PDF,NATIONAL,Nigeria,1335.8423737752935,OK,CURRENT_MONTH,Average of August-25,TRUE,,1,Item Label,SELECTED_FOOD_PRICES_AUG_SEPT_2025.zip,selected food table August-25.xlsx,Selected Food August 2025,26,4,D26
2024-08-01,2025-08-01,PALM_OIL_75CL,"Palm oil, 75cl","Palm oil, 75cl",75 cl,SPREADSHEET_LABEL,NATIONAL,Nigeria,1884.8120872442323,OK,YEAR_AGO,Average of August-24,FALSE,,1,Item Label,SELECTED_FOOD_PRICES_AUG_SEPT_2025.zip,selected food table August-25.xlsx,Selected Food August 2025,27,2,B27
2025-07-01,2025-08-01,PALM_OIL_75CL,"Palm oil, 75cl","Palm oil, 75cl",75 cl,SPREADSHEET_LABEL,NATIONAL,Nigeria,2553.538225074949,OK,PRIOR_MONTH,Average of July-25,FALSE,,1,Item Label,SELECTED_FOOD_PRICES_AUG_SEPT_2025.zip,selected food table August-25.xlsx,Selected Food August 2025,27,3,C27
2025-08-01,2025-08-01,PALM_OIL_75CL,"Palm oil, 75cl","Palm oil, 75cl",75 cl,SPREADSHEET_LABEL,NATIONAL,Nigeria,2512.120647982092,OK,CURRENT_MONTH,Average of August-25,TRUE,,1,Item Label,SELECTED_FOOD_PRICES_AUG_SEPT_2025.zip,selected food table August-25.xlsx,Selected Food August 2025,27,4,D27
2024-08-01,2025-08-01,PLANTAIN_RIPE,Plantain (ripe),Plantain (ripe),,,NATIONAL,Nigeria,1492.6270057963854,OK,YEAR_AGO,Average of August-24,FALSE,,1,Item Label,SELECTED_FOOD_PRICES_AUG_SEPT_2025.zip,selected food table August-25.xlsx,Selected Food August 2025,28,2,B28
2025-07-01,2025-08-01,PLANTAIN_RIPE,Plantain (ripe),Plantain (ripe),,,NATIONAL,Nigeria,2137.3708139295436,OK,PRIOR_MONTH,Average of July-25,FALSE,,1,Item Label,SELECTED_FOOD_PRICES_AUG_SEPT_2025.zip,selected food table August-25.xlsx,Selected Food August 2025,28,3,C28
2025-08-01,2025-08-01,PLANTAIN_RIPE,Plantain (ripe),Plantain (ripe),,,NATIONAL,Nigeria,2147.233785781944,OK,CURRENT_MONTH,Average of August-25,TRUE,,1,Item Label,SELECTED_FOOD_PRICES_AUG_SEPT_2025.zip,selected food table August-25.xlsx,Selected Food August 2025,28,4,D28
2024-08-01,2025-08-01,PLANTAIN_UNRIPE,Plantain (unripe),Plantain (unripe),,,NATIONAL,Nigeria,1450.3173345431096,OK,YEAR_AGO,Average of August-24,FALSE,,1,Item Label,SELECTED_FOOD_PRICES_AUG_SEPT_2025.zip,selected food table August-25.xlsx,Selected Food August 2025,29,2,B29
2025-07-01,2025-08-01,PLANTAIN_UNRIPE,Plantain (unripe),Plantain (unripe),,,NATIONAL,Nigeria,2325.070485372628,OK,PRIOR_MONTH,Average of July-25,FALSE,,1,Item Label,SELECTED_FOOD_PRICES_AUG_SEPT_2025.zip,selected food table August-25.xlsx,Selected Food August 2025,29,3,C29
2025-08-01,2025-08-01,PLANTAIN_UNRIPE,Plantain (unripe),Plantain (unripe),,,NATIONAL,Nigeria,2205.446962297973,OK,CURRENT_MONTH,Average of August-25,TRUE,,1,Item Label,SELECTED_FOOD_PRICES_AUG_SEPT_2025.zip,selected food table August-25.xlsx,Selected Food August 2025,29,4,D29
2024-08-01,2025-08-01,RICE_LOCAL_SHORT_GRAIN,"Rice Local, short-Grained","Rice Local, short-Grained",1 kg,NBS_REPORT_PDF,NATIONAL,Nigeria,1831.051703316375,OK,YEAR_AGO,Average of August-24,FALSE,,1,Item Label,SELECTED_FOOD_PRICES_AUG_SEPT_2025.zip,selected food table August-25.xlsx,Selected Food August 2025,30,2,B30
2025-07-01,2025-08-01,RICE_LOCAL_SHORT_GRAIN,"Rice Local, short-Grained","Rice Local, short-Grained",1 kg,NBS_REPORT_PDF,NATIONAL,Nigeria,2064.074663614012,OK,PRIOR_MONTH,Average of July-25,FALSE,,1,Item Label,SELECTED_FOOD_PRICES_AUG_SEPT_2025.zip,selected food table August-25.xlsx,Selected Food August 2025,30,3,C30
2025-08-01,2025-08-01,RICE_LOCAL_SHORT_GRAIN,"Rice Local, short-Grained","Rice Local, short-Grained",1 kg,NBS_REPORT_PDF,NATIONAL,Nigeria,1963.872477362818,OK,CURRENT_MONTH,Average of August-25,TRUE,,1,Item Label,SELECTED_FOOD_PRICES_AUG_SEPT_2025.zip,selected food table August-25.xlsx,Selected Food August 2025,30,4,D30
2024-08-01,2025-08-01,RICE_IMPORTED_LONG_GRAIN,Rice Long-Grained (Imported),Rice Long-Grained (Imported),,,NATIONAL,Nigeria,2329.049694326848,OK,YEAR_AGO,Average of August-24,FALSE,,1,Item Label,SELECTED_FOOD_PRICES_AUG_SEPT_2025.zip,selected food table August-25.xlsx,Selected Food August 2025,31,2,B31
2025-07-01,2025-08-01,RICE_IMPORTED_LONG_GRAIN,Rice Long-Grained (Imported),Rice Long-Grained (Imported),,,NATIONAL,Nigeria,2642.2229347668285,OK,PRIOR_MONTH,Average of July-25,FALSE,,1,Item Label,SELECTED_FOOD_PRICES_AUG_SEPT_2025.zip,selected food table August-25.xlsx,Selected Food August 2025,31,3,C31
2025-08-01,2025-08-01,RICE_IMPORTED_LONG_GRAIN,Rice Long-Grained (Imported),Rice Long-Grained (Imported),,,NATIONAL,Nigeria,2358.8883792470633,OK,CURRENT_MONTH,Average of August-25,TRUE,,1,Item Label,SELECTED_FOOD_PRICES_AUG_SEPT_2025.zip,selected food table August-25.xlsx,Selected Food August 2025,31,4,D31
2024-08-01,2025-08-01,SEMOVITA_1KG,"Semovita, Prepacked (1kg)","Semovita, Prepacked (1kg)",1 kg,SPREADSHEET_LABEL,NATIONAL,Nigeria,,NOT_REPORTED,YEAR_AGO,Average of August-24,FALSE,,1,Item Label,SELECTED_FOOD_PRICES_AUG_SEPT_2025.zip,selected food table August-25.xlsx,Selected Food August 2025,32,2,B32
2025-07-01,2025-08-01,SEMOVITA_1KG,"Semovita, Prepacked (1kg)","Semovita, Prepacked (1kg)",1 kg,SPREADSHEET_LABEL,NATIONAL,Nigeria,2329.3537307159145,OK,PRIOR_MONTH,Average of July-25,FALSE,,1,Item Label,SELECTED_FOOD_PRICES_AUG_SEPT_2025.zip,selected food table August-25.xlsx,Selected Food August 2025,32,3,C32
2025-08-01,2025-08-01,SEMOVITA_1KG,"Semovita, Prepacked (1kg)","Semovita, Prepacked (1kg)",1 kg,SPREADSHEET_LABEL,NATIONAL,Nigeria,2324.8578493309674,OK,CURRENT_MONTH,Average of August-25,TRUE,,1,Item Label,SELECTED_FOOD_PRICES_AUG_SEPT_2025.zip,selected food table August-25.xlsx,Selected Food August 2025,32,4,D32
2024-08-01,2025-08-01,FISH_SMOKED_MACKEREL,Smoked fish (Mackerel),Smoked fish (Mackerel),,,NATIONAL,Nigeria,,NOT_REPORTED,YEAR_AGO,Average of August-24,FALSE,,1,Item Label,SELECTED_FOOD_PRICES_AUG_SEPT_2025.zip,selected food table August-25.xlsx,Selected Food August 2025,33,2,B33
2025-07-01,2025-08-01,FISH_SMOKED_MACKEREL,Smoked fish (Mackerel),Smoked fish (Mackerel),,,NATIONAL,Nigeria,6317.532680969681,OK,PRIOR_MONTH,Average of July-25,FALSE,,1,Item Label,SELECTED_FOOD_PRICES_AUG_SEPT_2025.zip,selected food table August-25.xlsx,Selected Food August 2025,33,3,C33
2025-08-01,2025-08-01,FISH_SMOKED_MACKEREL,Smoked fish (Mackerel),Smoked fish (Mackerel),,,NATIONAL,Nigeria,6218.623532245154,OK,CURRENT_MONTH,Average of August-25,TRUE,,1,Item Label,SELECTED_FOOD_PRICES_AUG_SEPT_2025.zip,selected food table August-25.xlsx,Selected Food August 2025,33,4,D33
2024-08-01,2025-08-01,POTATO_SWEET,Sweet potatoes,Sweet potatoes,,,NATIONAL,Nigeria,850.3149979083796,OK,YEAR_AGO,Average of August-24,FALSE,,1,Item Label,SELECTED_FOOD_PRICES_AUG_SEPT_2025.zip,selected food table August-25.xlsx,Selected Food August 2025,34,2,B34
2025-07-01,2025-08-01,POTATO_SWEET,Sweet potatoes,Sweet potatoes,,,NATIONAL,Nigeria,1052.9715462212248,OK,PRIOR_MONTH,Average of July-25,FALSE,,1,Item Label,SELECTED_FOOD_PRICES_AUG_SEPT_2025.zip,selected food table August-25.xlsx,Selected Food August 2025,34,3,C34
2025-08-01,2025-08-01,POTATO_SWEET,Sweet potatoes,Sweet potatoes,,,NATIONAL,Nigeria,877.8346398274067,OK,CURRENT_MONTH,Average of August-25,TRUE,,1,Item Label,SELECTED_FOOD_PRICES_AUG_SEPT_2025.zip,selected food table August-25.xlsx,Selected Food August 2025,34,4,D34
2024-08-01,2025-08-01,FISH_TILAPIA_FRESH,Tilapia fresh fish (Epiya),Tilapia fresh fish (Epiya),,,NATIONAL,Nigeria,3711.3598233995567,OK,YEAR_AGO,Average of August-24,FALSE,,1,Item Label,SELECTED_FOOD_PRICES_AUG_SEPT_2025.zip,selected food table August-25.xlsx,Selected Food August 2025,35,2,B35
2025-07-01,2025-08-01,FISH_TILAPIA_FRESH,Tilapia fresh fish (Epiya),Tilapia fresh fish (Epiya),,,NATIONAL,Nigeria,5727.762682051476,OK,PRIOR_MONTH,Average of July-25,FALSE,,1,Item Label,SELECTED_FOOD_PRICES_AUG_SEPT_2025.zip,selected food table August-25.xlsx,Selected Food August 2025,35,3,C35
2025-08-01,2025-08-01,FISH_TILAPIA_FRESH,Tilapia fresh fish (Epiya),Tilapia fresh fish (Epiya),,,NATIONAL,Nigeria,5731.078800263176,OK,CURRENT_MONTH,Average of August-25,TRUE,,1,Item Label,SELECTED_FOOD_PRICES_AUG_SEPT_2025.zip,selected food table August-25.xlsx,Selected Food August 2025,35,4,D35
2024-08-01,2025-08-01,MILK_EVAP_PEAK_150G,"Tin Milk-Evaporated, Peak Milk, 150g","Tin Milk-Evaporated, Peak Milk, 150g",150 g,SPREADSHEET_LABEL,NATIONAL,Nigeria,893.3768372331342,OK,YEAR_AGO,Average of August-24,FALSE,,1,Item Label,SELECTED_FOOD_PRICES_AUG_SEPT_2025.zip,selected food table August-25.xlsx,Selected Food August 2025,36,2,B36
2025-07-01,2025-08-01,MILK_EVAP_PEAK_150G,"Tin Milk-Evaporated, Peak Milk, 150g","Tin Milk-Evaporated, Peak Milk, 150g",150 g,SPREADSHEET_LABEL,NATIONAL,Nigeria,1034.6028212842873,OK,PRIOR_MONTH,Average of July-25,FALSE,,1,Item Label,SELECTED_FOOD_PRICES_AUG_SEPT_2025.zip,selected food table August-25.xlsx,Selected Food August 2025,36,3,C36
2025-08-01,2025-08-01,MILK_EVAP_PEAK_150G,"Tin Milk-Evaporated, Peak Milk, 150g","Tin Milk-Evaporated, Peak Milk, 150g",150 g,SPREADSHEET_LABEL,NATIONAL,Nigeria,1031.434795491714,OK,CURRENT_MONTH,Average of August-25,TRUE,,1,Item Label,SELECTED_FOOD_PRICES_AUG_SEPT_2025.zip,selected food table August-25.xlsx,Selected Food August 2025,36,4,D36
2024-08-01,2025-08-01,MILK_EVAP_THREECROWN_160G,"Tin Milk-Evaporated, Three Crown Milk, 160g","Tin Milk-Evaporated, Three Crown Milk, 160g",160 g,SPREADSHEET_LABEL,NATIONAL,Nigeria,,NOT_REPORTED,YEAR_AGO,Average of August-24,FALSE,,1,Item Label,SELECTED_FOOD_PRICES_AUG_SEPT_2025.zip,selected food table August-25.xlsx,Selected Food August 2025,37,2,B37
2025-07-01,2025-08-01,MILK_EVAP_THREECROWN_160G,"Tin Milk-Evaporated, Three Crown Milk, 160g","Tin Milk-Evaporated, Three Crown Milk, 160g",160 g,SPREADSHEET_LABEL,NATIONAL,Nigeria,923.4343693818231,OK,PRIOR_MONTH,Average of July-25,FALSE,,1,Item Label,SELECTED_FOOD_PRICES_AUG_SEPT_2025.zip,selected food table August-25.xlsx,Selected Food August 2025,37,3,C37
2025-08-01,2025-08-01,MILK_EVAP_THREECROWN_160G,"Tin Milk-Evaporated, Three Crown Milk, 160g","Tin Milk-Evaporated, Three Crown Milk, 160g",160 g,SPREADSHEET_LABEL,NATIONAL,Nigeria,910.2792792431875,OK,CURRENT_MONTH,Average of August-25,TRUE,,1,Item Label,SELECTED_FOOD_PRICES_AUG_SEPT_2025.zip,selected food table August-25.xlsx,Selected Food August 2025,37,4,D37
2024-08-01,2025-08-01,FISH_TITUS_FROZEN,"Titus, frozen","Titus, frozen",,,NATIONAL,Nigeria,4235.564093367671,OK,YEAR_AGO,Average of August-24,FALSE,,1,Item Label,SELECTED_FOOD_PRICES_AUG_SEPT_2025.zip,selected food table August-25.xlsx,Selected Food August 2025,38,2,B38
2025-07-01,2025-08-01,FISH_TITUS_FROZEN,"Titus, frozen","Titus, frozen",,,NATIONAL,Nigeria,6271.45068255048,OK,PRIOR_MONTH,Average of July-25,FALSE,,1,Item Label,SELECTED_FOOD_PRICES_AUG_SEPT_2025.zip,selected food table August-25.xlsx,Selected Food August 2025,38,3,C38
2025-08-01,2025-08-01,FISH_TITUS_FROZEN,"Titus, frozen","Titus, frozen",,,NATIONAL,Nigeria,6310.328619375551,OK,CURRENT_MONTH,Average of August-25,TRUE,,1,Item Label,SELECTED_FOOD_PRICES_AUG_SEPT_2025.zip,selected food table August-25.xlsx,Selected Food August 2025,38,4,D38
2024-08-01,2025-08-01,TOMATOES_FRESH,"Tomatoes, fresh","Tomatoes, fresh",1 kg,NBS_REPORT_PDF,NATIONAL,Nigeria,1506.3499068329802,OK,YEAR_AGO,Average of August-24,FALSE,,1,Item Label,SELECTED_FOOD_PRICES_AUG_SEPT_2025.zip,selected food table August-25.xlsx,Selected Food August 2025,39,2,B39
2025-07-01,2025-08-01,TOMATOES_FRESH,"Tomatoes, fresh","Tomatoes, fresh",1 kg,NBS_REPORT_PDF,NATIONAL,Nigeria,1367.8877089206924,OK,PRIOR_MONTH,Average of July-25,FALSE,,1,Item Label,SELECTED_FOOD_PRICES_AUG_SEPT_2025.zip,selected food table August-25.xlsx,Selected Food August 2025,39,3,C39
2025-08-01,2025-08-01,TOMATOES_FRESH,"Tomatoes, fresh","Tomatoes, fresh",1 kg,NBS_REPORT_PDF,NATIONAL,Nigeria,1285.6084602311923,OK,CURRENT_MONTH,Average of August-25,TRUE,,1,Item Label,SELECTED_FOOD_PRICES_AUG_SEPT_2025.zip,selected food table August-25.xlsx,Selected Food August 2025,39,4,D39
2024-08-01,2025-08-01,VEG_OIL_75CL,"Vegetable Oil, 75cl","Vegetable Oil, 75cl",75 cl,SPREADSHEET_LABEL,NATIONAL,Nigeria,2552.105000331268,OK,YEAR_AGO,Average of August-24,FALSE,,1,Item Label,SELECTED_FOOD_PRICES_AUG_SEPT_2025.zip,selected food table August-25.xlsx,Selected Food August 2025,40,2,B40
2025-07-01,2025-08-01,VEG_OIL_75CL,"Vegetable Oil, 75cl","Vegetable Oil, 75cl",75 cl,SPREADSHEET_LABEL,NATIONAL,Nigeria,3399.5980900467525,OK,PRIOR_MONTH,Average of July-25,FALSE,,1,Item Label,SELECTED_FOOD_PRICES_AUG_SEPT_2025.zip,selected food table August-25.xlsx,Selected Food August 2025,40,3,C40
2025-08-01,2025-08-01,VEG_OIL_75CL,"Vegetable Oil, 75cl","Vegetable Oil, 75cl",75 cl,SPREADSHEET_LABEL,NATIONAL,Nigeria,3238.631181510298,OK,CURRENT_MONTH,Average of August-25,TRUE,,1,Item Label,SELECTED_FOOD_PRICES_AUG_SEPT_2025.zip,selected food table August-25.xlsx,Selected Food August 2025,40,4,D40
2024-08-01,2025-08-01,WATERMELON_WHOLE,"Watermelon whole, medium size fresh","Watermelon whole, medium size fresh",,,NATIONAL,Nigeria,,NOT_REPORTED,YEAR_AGO,Average of August-24,FALSE,,1,Item Label,SELECTED_FOOD_PRICES_AUG_SEPT_2025.zip,selected food table August-25.xlsx,Selected Food August 2025,41,2,B41
2025-07-01,2025-08-01,WATERMELON_WHOLE,"Watermelon whole, medium size fresh","Watermelon whole, medium size fresh",,,NATIONAL,Nigeria,2080.2683791334057,OK,PRIOR_MONTH,Average of July-25,FALSE,,1,Item Label,SELECTED_FOOD_PRICES_AUG_SEPT_2025.zip,selected food table August-25.xlsx,Selected Food August 2025,41,3,C41
2025-08-01,2025-08-01,WATERMELON_WHOLE,"Watermelon whole, medium size fresh","Watermelon whole, medium size fresh",,,NATIONAL,Nigeria,2059.0465004699563,OK,CURRENT_MONTH,Average of August-25,TRUE,,1,Item Label,SELECTED_FOOD_PRICES_AUG_SEPT_2025.zip,selected food table August-25.xlsx,Selected Food August 2025,41,4,D41
2024-08-01,2025-08-01,WHEAT_FLOUR_2KG,"Wheat Flour, Prepacked (2kg)","Wheat Flour, Prepacked (2kg)",2 kg,SPREADSHEET_LABEL,NATIONAL,Nigeria,3485.338127635866,OK,YEAR_AGO,Average of August-24,FALSE,,1,Item Label,SELECTED_FOOD_PRICES_AUG_SEPT_2025.zip,selected food table August-25.xlsx,Selected Food August 2025,42,2,B42
2025-07-01,2025-08-01,WHEAT_FLOUR_2KG,"Wheat Flour, Prepacked (2kg)","Wheat Flour, Prepacked (2kg)",2 kg,SPREADSHEET_LABEL,NATIONAL,Nigeria,4194.085679751597,OK,PRIOR_MONTH,Average of July-25,FALSE,,1,Item Label,SELECTED_FOOD_PRICES_AUG_SEPT_2025.zip,selected food table August-25.xlsx,Selected Food August 2025,42,3,C42
2025-08-01,2025-08-01,WHEAT_FLOUR_2KG,"Wheat Flour, Prepacked (2kg)","Wheat Flour, Prepacked (2kg)",2 kg,SPREADSHEET_LABEL,NATIONAL,Nigeria,3904.528873868031,OK,CURRENT_MONTH,Average of August-25,TRUE,,1,Item Label,SELECTED_FOOD_PRICES_AUG_SEPT_2025.zip,selected food table August-25.xlsx,Selected Food August 2025,42,4,D42
2024-08-01,2025-08-01,YAM_TUBER,Yam Tuber,Yam Tuber,1 kg,NBS_REPORT_PDF,NATIONAL,Nigeria,1661.7955416030443,OK,YEAR_AGO,Average of August-24,FALSE,,1,Item Label,SELECTED_FOOD_PRICES_AUG_SEPT_2025.zip,selected food table August-25.xlsx,Selected Food August 2025,43,2,B43
2025-07-01,2025-08-01,YAM_TUBER,Yam Tuber,Yam Tuber,1 kg,NBS_REPORT_PDF,NATIONAL,Nigeria,2484.404972297706,OK,PRIOR_MONTH,Average of July-25,FALSE,,1,Item Label,SELECTED_FOOD_PRICES_AUG_SEPT_2025.zip,selected food table August-25.xlsx,Selected Food August 2025,43,3,C43
2025-08-01,2025-08-01,YAM_TUBER,Yam Tuber,Yam Tuber,1 kg,NBS_REPORT_PDF,NATIONAL,Nigeria,2086.1475368667748,OK,CURRENT_MONTH,Average of August-25,TRUE,,1,Item Label,SELECTED_FOOD_PRICES_AUG_SEPT_2025.zip,selected food table August-25.xlsx,Selected Food August 2025,43,4,D43
2024-09-01,2025-09-01,EGG_AGRIC,"Agric hen eggs,","Agric hen eggs,",,,NATIONAL,Nigeria,219.63850517306676,OK,YEAR_AGO,Average of September-24,FALSE,,1,Item Label,SELECTED_FOOD_PRICES_AUG_SEPT_2025.zip,selected food table september-25.xlsx,Selected Food Sept 2025,2,2,B2
2025-08-01,2025-09-01,EGG_AGRIC,"Agric hen eggs,","Agric hen eggs,",,,NATIONAL,Nigeria,254.696751969535,OK,PRIOR_MONTH,Average of August-25,FALSE,,1,Item Label,SELECTED_FOOD_PRICES_AUG_SEPT_2025.zip,selected food table september-25.xlsx,Selected Food Sept 2025,2,3,C2
2025-09-01,2025-09-01,EGG_AGRIC,"Agric hen eggs,","Agric hen eggs,",,,NATIONAL,Nigeria,248.215446160356,OK,CURRENT_MONTH,Average of September-25,TRUE,,1,Item Label,SELECTED_FOOD_PRICES_AUG_SEPT_2025.zip,selected food table september-25.xlsx,Selected Food Sept 2025,2,4,D2
2024-09-01,2025-09-01,EGG_AGRIC_CRATE30,"Agric hen eggs, (a Crate of 30 pieces)","Agric hen eggs, (a Crate of 30 pieces)",1 crate of 30 pieces,SPREADSHEET_LABEL,NATIONAL,Nigeria,,NOT_REPORTED,YEAR_AGO,Average of September-24,FALSE,,1,Item Label,SELECTED_FOOD_PRICES_AUG_SEPT_2025.zip,selected food table september-25.xlsx,Selected Food Sept 2025,3,2,B3
2025-08-01,2025-09-01,EGG_AGRIC_CRATE30,"Agric hen eggs, (a Crate of 30 pieces)","Agric hen eggs, (a Crate of 30 pieces)",1 crate of 30 pieces,SPREADSHEET_LABEL,NATIONAL,Nigeria,6040.069464083746,OK,PRIOR_MONTH,Average of August-25,FALSE,,1,Item Label,SELECTED_FOOD_PRICES_AUG_SEPT_2025.zip,selected food table september-25.xlsx,Selected Food Sept 2025,3,3,C3
2025-09-01,2025-09-01,EGG_AGRIC_CRATE30,"Agric hen eggs, (a Crate of 30 pieces)","Agric hen eggs, (a Crate of 30 pieces)",1 crate of 30 pieces,SPREADSHEET_LABEL,NATIONAL,Nigeria,5897.874998021113,OK,CURRENT_MONTH,Average of September-25,TRUE,,1,Item Label,SELECTED_FOOD_PRICES_AUG_SEPT_2025.zip,selected food table september-25.xlsx,Selected Food Sept 2025,3,4,D3
2024-09-01,2025-09-01,BEANS_BROWN,Beans Brown,Beans Brown,1 kg,NBS_REPORT_PDF,NATIONAL,Nigeria,2738.592848247756,OK,YEAR_AGO,Average of September-24,FALSE,,1,Item Label,SELECTED_FOOD_PRICES_AUG_SEPT_2025.zip,selected food table september-25.xlsx,Selected Food Sept 2025,4,2,B4
2025-08-01,2025-09-01,BEANS_BROWN,Beans Brown,Beans Brown,1 kg,NBS_REPORT_PDF,NATIONAL,Nigeria,1847.8187955592769,OK,PRIOR_MONTH,Average of August-25,FALSE,,1,Item Label,SELECTED_FOOD_PRICES_AUG_SEPT_2025.zip,selected food table september-25.xlsx,Selected Food Sept 2025,4,3,C4
2025-09-01,2025-09-01,BEANS_BROWN,Beans Brown,Beans Brown,1 kg,NBS_REPORT_PDF,NATIONAL,Nigeria,1815.7590283673646,OK,CURRENT_MONTH,Average of September-25,TRUE,,1,Item Label,SELECTED_FOOD_PRICES_AUG_SEPT_2025.zip,selected food table september-25.xlsx,Selected Food Sept 2025,4,4,D4
2024-09-01,2025-09-01,BEANS_WHITE,Beans white,Beans white,,,NATIONAL,Nigeria,2579.0188668300616,OK,YEAR_AGO,Average of September-24,FALSE,,1,Item Label,SELECTED_FOOD_PRICES_AUG_SEPT_2025.zip,selected food table september-25.xlsx,Selected Food Sept 2025,5,2,B5
2025-08-01,2025-09-01,BEANS_WHITE,Beans white,Beans white,,,NATIONAL,Nigeria,1664.988307653676,OK,PRIOR_MONTH,Average of August-25,FALSE,,1,Item Label,SELECTED_FOOD_PRICES_AUG_SEPT_2025.zip,selected food table september-25.xlsx,Selected Food Sept 2025,5,3,C5
2025-09-01,2025-09-01,BEANS_WHITE,Beans white,Beans white,,,NATIONAL,Nigeria,1623.423953434283,OK,CURRENT_MONTH,Average of September-25,TRUE,,1,Item Label,SELECTED_FOOD_PRICES_AUG_SEPT_2025.zip,selected food table september-25.xlsx,Selected Food Sept 2025,5,4,D5
2024-09-01,2025-09-01,BEEF_BONELESS,Beef Boneless,Beef Boneless,1 kg,NBS_REPORT_PDF,NATIONAL,Nigeria,5633.598920756465,OK,YEAR_AGO,Average of September-24,FALSE,,1,Item Label,SELECTED_FOOD_PRICES_AUG_SEPT_2025.zip,selected food table september-25.xlsx,Selected Food Sept 2025,6,2,B6
2025-08-01,2025-09-01,BEEF_BONELESS,Beef Boneless,Beef Boneless,1 kg,NBS_REPORT_PDF,NATIONAL,Nigeria,6860.069305188064,OK,PRIOR_MONTH,Average of August-25,FALSE,,1,Item Label,SELECTED_FOOD_PRICES_AUG_SEPT_2025.zip,selected food table september-25.xlsx,Selected Food Sept 2025,6,3,C6
2025-09-01,2025-09-01,BEEF_BONELESS,Beef Boneless,Beef Boneless,1 kg,NBS_REPORT_PDF,NATIONAL,Nigeria,6861.246548099691,OK,CURRENT_MONTH,Average of September-25,TRUE,,1,Item Label,SELECTED_FOOD_PRICES_AUG_SEPT_2025.zip,selected food table september-25.xlsx,Selected Food Sept 2025,6,4,D6
2024-09-01,2025-09-01,BREAD_SLICED_450G,"Bread (sliced), 450g","Bread (sliced), 450g",450 g,SPREADSHEET_LABEL,NATIONAL,Nigeria,,NOT_REPORTED,YEAR_AGO,Average of September-24,FALSE,,1,Item Label,SELECTED_FOOD_PRICES_AUG_SEPT_2025.zip,selected food table september-25.xlsx,Selected Food Sept 2025,7,2,B7
2025-08-01,2025-09-01,BREAD_SLICED_450G,"Bread (sliced), 450g","Bread (sliced), 450g",450 g,SPREADSHEET_LABEL,NATIONAL,Nigeria,1659.2731791835517,OK,PRIOR_MONTH,Average of August-25,FALSE,,1,Item Label,SELECTED_FOOD_PRICES_AUG_SEPT_2025.zip,selected food table september-25.xlsx,Selected Food Sept 2025,7,3,C7
2025-09-01,2025-09-01,BREAD_SLICED_450G,"Bread (sliced), 450g","Bread (sliced), 450g",450 g,SPREADSHEET_LABEL,NATIONAL,Nigeria,1660.508897145389,OK,CURRENT_MONTH,Average of September-25,TRUE,,1,Item Label,SELECTED_FOOD_PRICES_AUG_SEPT_2025.zip,selected food table september-25.xlsx,Selected Food Sept 2025,7,4,D7
2024-09-01,2025-09-01,BREAD_UNSLICED_450G,"Bread (unsliced), 450g","Bread (unsliced), 450g",450 g,SPREADSHEET_LABEL,NATIONAL,Nigeria,,NOT_REPORTED,YEAR_AGO,Average of September-24,FALSE,,1,Item Label,SELECTED_FOOD_PRICES_AUG_SEPT_2025.zip,selected food table september-25.xlsx,Selected Food Sept 2025,8,2,B8
2025-08-01,2025-09-01,BREAD_UNSLICED_450G,"Bread (unsliced), 450g","Bread (unsliced), 450g",450 g,SPREADSHEET_LABEL,NATIONAL,Nigeria,1556.1362209347158,OK,PRIOR_MONTH,Average of August-25,FALSE,,1,Item Label,SELECTED_FOOD_PRICES_AUG_SEPT_2025.zip,selected food table september-25.xlsx,Selected Food Sept 2025,8,3,C8
2025-09-01,2025-09-01,BREAD_UNSLICED_450G,"Bread (unsliced), 450g","Bread (unsliced), 450g",450 g,SPREADSHEET_LABEL,NATIONAL,Nigeria,1555.6725952008244,OK,CURRENT_MONTH,Average of September-25,TRUE,,1,Item Label,SELECTED_FOOD_PRICES_AUG_SEPT_2025.zip,selected food table september-25.xlsx,Selected Food Sept 2025,8,4,D8
2024-09-01,2025-09-01,CARROTS_FRESH,"Carrots, fresh","Carrots, fresh",1 kg,NBS_REPORT_PDF,NATIONAL,Nigeria,,NOT_REPORTED,YEAR_AGO,Average of September-24,FALSE,,1,Item Label,SELECTED_FOOD_PRICES_AUG_SEPT_2025.zip,selected food table september-25.xlsx,Selected Food Sept 2025,9,2,B9
2025-08-01,2025-09-01,CARROTS_FRESH,"Carrots, fresh","Carrots, fresh",1 kg,NBS_REPORT_PDF,NATIONAL,Nigeria,1905.323311110037,OK,PRIOR_MONTH,Average of August-25,FALSE,,1,Item Label,SELECTED_FOOD_PRICES_AUG_SEPT_2025.zip,selected food table september-25.xlsx,Selected Food Sept 2025,9,3,C9
2025-09-01,2025-09-01,CARROTS_FRESH,"Carrots, fresh","Carrots, fresh",1 kg,NBS_REPORT_PDF,NATIONAL,Nigeria,1919.7626001197227,OK,CURRENT_MONTH,Average of September-25,TRUE,,1,Item Label,SELECTED_FOOD_PRICES_AUG_SEPT_2025.zip,selected food table september-25.xlsx,Selected Food Sept 2025,9,4,D9
2024-09-01,2025-09-01,FISH_CATFISH_FRESH,Cat fresh fish,Cat fresh fish,,,NATIONAL,Nigeria,4060.286849062284,OK,YEAR_AGO,Average of September-24,FALSE,,1,Item Label,SELECTED_FOOD_PRICES_AUG_SEPT_2025.zip,selected food table september-25.xlsx,Selected Food Sept 2025,10,2,B10
2025-08-01,2025-09-01,FISH_CATFISH_FRESH,Cat fresh fish,Cat fresh fish,,,NATIONAL,Nigeria,5933.186716015304,OK,PRIOR_MONTH,Average of August-25,FALSE,,1,Item Label,SELECTED_FOOD_PRICES_AUG_SEPT_2025.zip,selected food table september-25.xlsx,Selected Food Sept 2025,10,3,C10
2025-09-01,2025-09-01,FISH_CATFISH_FRESH,Cat fresh fish,Cat fresh fish,,,NATIONAL,Nigeria,5974.669380354981,OK,CURRENT_MONTH,Average of September-25,TRUE,,1,Item Label,SELECTED_FOOD_PRICES_AUG_SEPT_2025.zip,selected food table september-25.xlsx,Selected Food Sept 2025,10,4,D10
2024-09-01,2025-09-01,CHICKEN_FEET,Chicken feet,Chicken feet,,,NATIONAL,Nigeria,3243.766048236469,OK,YEAR_AGO,Average of September-24,FALSE,,1,Item Label,SELECTED_FOOD_PRICES_AUG_SEPT_2025.zip,selected food table september-25.xlsx,Selected Food Sept 2025,11,2,B11
2025-08-01,2025-09-01,CHICKEN_FEET,Chicken feet,Chicken feet,,,NATIONAL,Nigeria,3701.5526688903283,OK,PRIOR_MONTH,Average of August-25,FALSE,,1,Item Label,SELECTED_FOOD_PRICES_AUG_SEPT_2025.zip,selected food table september-25.xlsx,Selected Food Sept 2025,11,3,C11
2025-09-01,2025-09-01,CHICKEN_FEET,Chicken feet,Chicken feet,,,NATIONAL,Nigeria,3702.59737443637,OK,CURRENT_MONTH,Average of September-25,TRUE,,1,Item Label,SELECTED_FOOD_PRICES_AUG_SEPT_2025.zip,selected food table september-25.xlsx,Selected Food Sept 2025,11,4,D11
2024-09-01,2025-09-01,CHICKEN_MEAT_FROZEN,Chicken meat (Frozen),Chicken meat (Frozen),,,NATIONAL,Nigeria,5759.798614447027,OK,YEAR_AGO,Average of September-24,FALSE,,1,Item Label,SELECTED_FOOD_PRICES_AUG_SEPT_2025.zip,selected food table september-25.xlsx,Selected Food Sept 2025,12,2,B12
2025-08-01,2025-09-01,CHICKEN_MEAT_FROZEN,Chicken meat (Frozen),Chicken meat (Frozen),,,NATIONAL,Nigeria,5854.543055637018,OK,PRIOR_MONTH,Average of August-25,FALSE,,1,Item Label,SELECTED_FOOD_PRICES_AUG_SEPT_2025.zip,selected food table september-25.xlsx,Selected Food Sept 2025,12,3,C12
2025-09-01,2025-09-01,CHICKEN_MEAT_FROZEN,Chicken meat (Frozen),Chicken meat (Frozen),,,NATIONAL,Nigeria,5875.583415758296,OK,CURRENT_MONTH,Average of September-25,TRUE,,1,Item Label,SELECTED_FOOD_PRICES_AUG_SEPT_2025.zip,selected food table september-25.xlsx,Selected Food Sept 2025,12,4,D12
2024-09-01,2025-09-01,CHICKEN_WINGS,Chicken Wings,Chicken Wings,,,NATIONAL,Nigeria,4062.9619814335083,OK,YEAR_AGO,Average of September-24,FALSE,,1,Item Label,SELECTED_FOOD_PRICES_AUG_SEPT_2025.zip,selected food table september-25.xlsx,Selected Food Sept 2025,13,2,B13
2025-08-01,2025-09-01,CHICKEN_WINGS,Chicken Wings,Chicken Wings,,,NATIONAL,Nigeria,4892.877434196505,OK,PRIOR_MONTH,Average of August-25,FALSE,,1,Item Label,SELECTED_FOOD_PRICES_AUG_SEPT_2025.zip,selected food table september-25.xlsx,Selected Food Sept 2025,13,3,C13
2025-09-01,2025-09-01,CHICKEN_WINGS,Chicken Wings,Chicken Wings,,,NATIONAL,Nigeria,4898.147541427127,OK,CURRENT_MONTH,Average of September-25,TRUE,,1,Item Label,SELECTED_FOOD_PRICES_AUG_SEPT_2025.zip,selected food table september-25.xlsx,Selected Food Sept 2025,13,4,D13
2024-09-01,2025-09-01,CRAYFISH_SMALL_WHITE,Cray fish small white,Cray fish small white,1 kg,NBS_REPORT_PDF,NATIONAL,Nigeria,,NOT_REPORTED,YEAR_AGO,Average of September-24,FALSE,,1,Item Label,SELECTED_FOOD_PRICES_AUG_SEPT_2025.zip,selected food table september-25.xlsx,Selected Food Sept 2025,14,2,B14
2025-08-01,2025-09-01,CRAYFISH_SMALL_WHITE,Cray fish small white,Cray fish small white,1 kg,NBS_REPORT_PDF,NATIONAL,Nigeria,8806.616267587202,OK,PRIOR_MONTH,Average of August-25,FALSE,,1,Item Label,SELECTED_FOOD_PRICES_AUG_SEPT_2025.zip,selected food table september-25.xlsx,Selected Food Sept 2025,14,3,C14
2025-09-01,2025-09-01,CRAYFISH_SMALL_WHITE,Cray fish small white,Cray fish small white,1 kg,NBS_REPORT_PDF,NATIONAL,Nigeria,8754.601454689308,OK,CURRENT_MONTH,Average of September-25,TRUE,,1,Item Label,SELECTED_FOOD_PRICES_AUG_SEPT_2025.zip,selected food table september-25.xlsx,Selected Food Sept 2025,14,4,D14
2024-09-01,2025-09-01,FISH_DRIED_BONGA,"Dried fish, Bonga","Dried fish, Bonga",,,NATIONAL,Nigeria,,NOT_REPORTED,YEAR_AGO,Average of September-24,FALSE,,1,Item Label,SELECTED_FOOD_PRICES_AUG_SEPT_2025.zip,selected food table september-25.xlsx,Selected Food Sept 2025,15,2,B15
2025-08-01,2025-09-01,FISH_DRIED_BONGA,"Dried fish, Bonga","Dried fish, Bonga",,,NATIONAL,Nigeria,7019.717617002845,OK,PRIOR_MONTH,Average of August-25,FALSE,,1,Item Label,SELECTED_FOOD_PRICES_AUG_SEPT_2025.zip,selected food table september-25.xlsx,Selected Food Sept 2025,15,3,C15
2025-09-01,2025-09-01,FISH_DRIED_BONGA,"Dried fish, Bonga","Dried fish, Bonga",,,NATIONAL,Nigeria,7030.168543112501,OK,CURRENT_MONTH,Average of September-25,TRUE,,1,Item Label,SELECTED_FOOD_PRICES_AUG_SEPT_2025.zip,selected food table september-25.xlsx,Selected Food Sept 2025,15,4,D15
2024-09-01,2025-09-01,GARRI_WHITE,Garri white,Garri white,1 kg,NBS_REPORT_PDF,NATIONAL,Nigeria,1170.2482267938462,OK,YEAR_AGO,Average of September-24,FALSE,,1,Item Label,SELECTED_FOOD_PRICES_AUG_SEPT_2025.zip,selected food table september-25.xlsx,Selected Food Sept 2025,16,2,B16
2025-08-01,2025-09-01,GARRI_WHITE,Garri white,Garri white,1 kg,NBS_REPORT_PDF,NATIONAL,Nigeria,932.5318107042713,OK,PRIOR_MONTH,Average of August-25,FALSE,,1,Item Label,SELECTED_FOOD_PRICES_AUG_SEPT_2025.zip,selected food table september-25.xlsx,Selected Food Sept 2025,16,3,C16
2025-09-01,2025-09-01,GARRI_WHITE,Garri white,Garri white,1 kg,NBS_REPORT_PDF,NATIONAL,Nigeria,871.7757576006741,OK,CURRENT_MONTH,Average of September-25,TRUE,,1,Item Label,SELECTED_FOOD_PRICES_AUG_SEPT_2025.zip,selected food table september-25.xlsx,Selected Food Sept 2025,16,4,D16
2024-09-01,2025-09-01,GARRI_YELLOW,Garri Yellow,Garri Yellow,,,NATIONAL,Nigeria,1238.1526371015332,OK,YEAR_AGO,Average of September-24,FALSE,,1,Item Label,SELECTED_FOOD_PRICES_AUG_SEPT_2025.zip,selected food table september-25.xlsx,Selected Food Sept 2025,17,2,B17
2025-08-01,2025-09-01,GARRI_YELLOW,Garri Yellow,Garri Yellow,,,NATIONAL,Nigeria,1001.9660010814604,OK,PRIOR_MONTH,Average of August-25,FALSE,,1,Item Label,SELECTED_FOOD_PRICES_AUG_SEPT_2025.zip,selected food table september-25.xlsx,Selected Food Sept 2025,17,3,C17
2025-09-01,2025-09-01,GARRI_YELLOW,Garri Yellow,Garri Yellow,,,NATIONAL,Nigeria,961.2109972829221,OK,CURRENT_MONTH,Average of September-25,TRUE,,1,Item Label,SELECTED_FOOD_PRICES_AUG_SEPT_2025.zip,selected food table september-25.xlsx,Selected Food Sept 2025,17,4,D17
2024-09-01,2025-09-01,GINGER_FRESH,"Ginger, fresh","Ginger, fresh",1 kg,NBS_REPORT_PDF,NATIONAL,Nigeria,,NOT_REPORTED,YEAR_AGO,Average of September-24,FALSE,,1,Item Label,SELECTED_FOOD_PRICES_AUG_SEPT_2025.zip,selected food table september-25.xlsx,Selected Food Sept 2025,18,2,B18
2025-08-01,2025-09-01,GINGER_FRESH,"Ginger, fresh","Ginger, fresh",1 kg,NBS_REPORT_PDF,NATIONAL,Nigeria,5512.123296346397,OK,PRIOR_MONTH,Average of August-25,FALSE,,1,Item Label,SELECTED_FOOD_PRICES_AUG_SEPT_2025.zip,selected food table september-25.xlsx,Selected Food Sept 2025,18,3,C18
2025-09-01,2025-09-01,GINGER_FRESH,"Ginger, fresh","Ginger, fresh",1 kg,NBS_REPORT_PDF,NATIONAL,Nigeria,5463.518930469908,OK,CURRENT_MONTH,Average of September-25,TRUE,,1,Item Label,SELECTED_FOOD_PRICES_AUG_SEPT_2025.zip,selected food table september-25.xlsx,Selected Food Sept 2025,18,4,D18
2024-09-01,2025-09-01,GOAT_MEAT_BONE_IN,Goat Meat Bone in,Goat Meat Bone in,,,NATIONAL,Nigeria,,NOT_REPORTED,YEAR_AGO,Average of September-24,FALSE,,1,Item Label,SELECTED_FOOD_PRICES_AUG_SEPT_2025.zip,selected food table september-25.xlsx,Selected Food Sept 2025,19,2,B19
2025-08-01,2025-09-01,GOAT_MEAT_BONE_IN,Goat Meat Bone in,Goat Meat Bone in,,,NATIONAL,Nigeria,6810.852769970482,OK,PRIOR_MONTH,Average of August-25,FALSE,,1,Item Label,SELECTED_FOOD_PRICES_AUG_SEPT_2025.zip,selected food table september-25.xlsx,Selected Food Sept 2025,19,3,C19
2025-09-01,2025-09-01,GOAT_MEAT_BONE_IN,Goat Meat Bone in,Goat Meat Bone in,,,NATIONAL,Nigeria,6812.960814162584,OK,CURRENT_MONTH,Average of September-25,TRUE,,1,Item Label,SELECTED_FOOD_PRICES_AUG_SEPT_2025.zip,selected food table september-25.xlsx,Selected Food Sept 2025,19,4,D19
2024-09-01,2025-09-01,GROUNDNUT_OIL_75CL,"Groundnut oil, 75cl","Groundnut oil, 75cl",75 cl,SPREADSHEET_LABEL,NATIONAL,Nigeria,,NOT_REPORTED,YEAR_AGO,Average of September-24,FALSE,,1,Item Label,SELECTED_FOOD_PRICES_AUG_SEPT_2025.zip,selected food table september-25.xlsx,Selected Food Sept 2025,20,2,B20
2025-08-01,2025-09-01,GROUNDNUT_OIL_75CL,"Groundnut oil, 75cl","Groundnut oil, 75cl",75 cl,SPREADSHEET_LABEL,NATIONAL,Nigeria,3243.3588024283385,OK,PRIOR_MONTH,Average of August-25,FALSE,,1,Item Label,SELECTED_FOOD_PRICES_AUG_SEPT_2025.zip,selected food table september-25.xlsx,Selected Food Sept 2025,20,3,C20
2025-09-01,2025-09-01,GROUNDNUT_OIL_75CL,"Groundnut oil, 75cl","Groundnut oil, 75cl",75 cl,SPREADSHEET_LABEL,NATIONAL,Nigeria,3276.6683106069527,OK,CURRENT_MONTH,Average of September-25,TRUE,,1,Item Label,SELECTED_FOOD_PRICES_AUG_SEPT_2025.zip,selected food table september-25.xlsx,Selected Food Sept 2025,20,4,D20
2024-09-01,2025-09-01,GROUNDNUTS_ROASTED_75CL,"Groundnuts, roasted,75cl bottle","Groundnuts, roasted,75cl bottle",75 cl bottle,SPREADSHEET_LABEL,NATIONAL,Nigeria,,NOT_REPORTED,YEAR_AGO,Average of September-24,FALSE,,1,Item Label,SELECTED_FOOD_PRICES_AUG_SEPT_2025.zip,selected food table september-25.xlsx,Selected Food Sept 2025,21,2,B21
2025-08-01,2025-09-01,GROUNDNUTS_ROASTED_75CL,"Groundnuts, roasted,75cl bottle","Groundnuts, roasted,75cl bottle",75 cl bottle,SPREADSHEET_LABEL,NATIONAL,Nigeria,2642.745211986165,OK,PRIOR_MONTH,Average of August-25,FALSE,,1,Item Label,SELECTED_FOOD_PRICES_AUG_SEPT_2025.zip,selected food table september-25.xlsx,Selected Food Sept 2025,21,3,C21
2025-09-01,2025-09-01,GROUNDNUTS_ROASTED_75CL,"Groundnuts, roasted,75cl bottle","Groundnuts, roasted,75cl bottle",75 cl bottle,SPREADSHEET_LABEL,NATIONAL,Nigeria,2645.5090459705084,OK,CURRENT_MONTH,Average of September-25,TRUE,,1,Item Label,SELECTED_FOOD_PRICES_AUG_SEPT_2025.zip,selected food table september-25.xlsx,Selected Food Sept 2025,21,4,D21
2024-09-01,2025-09-01,POTATO_IRISH,Irish Potatoe,Irish Potatoe,1 kg,NBS_REPORT_PDF,NATIONAL,Nigeria,1662.8123618455945,OK,YEAR_AGO,Average of September-24,FALSE,,1,Item Label,SELECTED_FOOD_PRICES_AUG_SEPT_2025.zip,selected food table september-25.xlsx,Selected Food Sept 2025,22,2,B22
2025-08-01,2025-09-01,POTATO_IRISH,Irish Potatoe,Irish Potatoe,1 kg,NBS_REPORT_PDF,NATIONAL,Nigeria,1670.9649464468741,OK,PRIOR_MONTH,Average of August-25,FALSE,,1,Item Label,SELECTED_FOOD_PRICES_AUG_SEPT_2025.zip,selected food table september-25.xlsx,Selected Food Sept 2025,22,3,C22
2025-09-01,2025-09-01,POTATO_IRISH,Irish Potatoe,Irish Potatoe,1 kg,NBS_REPORT_PDF,NATIONAL,Nigeria,1633.0904070698634,OK,CURRENT_MONTH,Average of September-25,TRUE,,1,Item Label,SELECTED_FOOD_PRICES_AUG_SEPT_2025.zip,selected food table september-25.xlsx,Selected Food Sept 2025,22,4,D22
2024-09-01,2025-09-01,RICE_LOCAL_BROKEN,Local Rice (Broken),Local Rice (Broken),,,NATIONAL,Nigeria,,NOT_REPORTED,YEAR_AGO,Average of September-24,FALSE,,1,Item Label,SELECTED_FOOD_PRICES_AUG_SEPT_2025.zip,selected food table september-25.xlsx,Selected Food Sept 2025,23,2,B23
2025-08-01,2025-09-01,RICE_LOCAL_BROKEN,Local Rice (Broken),Local Rice (Broken),,,NATIONAL,Nigeria,2321.8420584560467,OK,PRIOR_MONTH,Average of August-25,FALSE,,1,Item Label,SELECTED_FOOD_PRICES_AUG_SEPT_2025.zip,selected food table september-25.xlsx,Selected Food Sept 2025,23,3,C23
2025-09-01,2025-09-01,RICE_LOCAL_BROKEN,Local Rice (Broken),Local Rice (Broken),,,NATIONAL,Nigeria,2313.344909851626,OK,CURRENT_MONTH,Average of September-25,TRUE,,1,Item Label,SELECTED_FOOD_PRICES_AUG_SEPT_2025.zip,selected food table september-25.xlsx,Selected Food Sept 2025,23,4,D23
2024-09-01,2025-09-01,FISH_MACKEREL_FROZEN,"Mackerel, Frozen","Mackerel, Frozen",,,NATIONAL,Nigeria,4046.994036437787,OK,YEAR_AGO,Average of September-24,FALSE,,1,Item Label,SELECTED_FOOD_PRICES_AUG_SEPT_2025.zip,selected food table september-25.xlsx,Selected Food Sept 2025,24,2,B24
2025-08-01,2025-09-01,FISH_MACKEREL_FROZEN,"Mackerel, Frozen","Mackerel, Frozen",,,NATIONAL,Nigeria,5725.5096441249425,OK,PRIOR_MONTH,Average of August-25,FALSE,,1,Item Label,SELECTED_FOOD_PRICES_AUG_SEPT_2025.zip,selected food table september-25.xlsx,Selected Food Sept 2025,24,3,C24
2025-09-01,2025-09-01,FISH_MACKEREL_FROZEN,"Mackerel, Frozen","Mackerel, Frozen",,,NATIONAL,Nigeria,5719.082602431877,OK,CURRENT_MONTH,Average of September-25,TRUE,,1,Item Label,SELECTED_FOOD_PRICES_AUG_SEPT_2025.zip,selected food table september-25.xlsx,Selected Food Sept 2025,24,4,D24
2024-09-01,2025-09-01,MAIZE_GRAIN_WHITE_LOOSE,Maize (Corn) Grains (White) sold loose,Maize (Corn) Grains (White) sold loose,1 kg,NBS_REPORT_PDF,NATIONAL,Nigeria,1065.1352786849639,OK,YEAR_AGO,Average of September-24,FALSE,,1,Item Label,SELECTED_FOOD_PRICES_AUG_SEPT_2025.zip,selected food table september-25.xlsx,Selected Food Sept 2025,25,2,B25
2025-08-01,2025-09-01,MAIZE_GRAIN_WHITE_LOOSE,Maize (Corn) Grains (White) sold loose,Maize (Corn) Grains (White) sold loose,1 kg,NBS_REPORT_PDF,NATIONAL,Nigeria,951.0393816695682,OK,PRIOR_MONTH,Average of August-25,FALSE,,1,Item Label,SELECTED_FOOD_PRICES_AUG_SEPT_2025.zip,selected food table september-25.xlsx,Selected Food Sept 2025,25,3,C25
2025-09-01,2025-09-01,MAIZE_GRAIN_WHITE_LOOSE,Maize (Corn) Grains (White) sold loose,Maize (Corn) Grains (White) sold loose,1 kg,NBS_REPORT_PDF,NATIONAL,Nigeria,888.6815455869121,OK,CURRENT_MONTH,Average of September-25,TRUE,,1,Item Label,SELECTED_FOOD_PRICES_AUG_SEPT_2025.zip,selected food table september-25.xlsx,Selected Food Sept 2025,25,4,D25
2024-09-01,2025-09-01,ONIONS_FRESH,"Onions, fresh","Onions, fresh",1 kg,NBS_REPORT_PDF,NATIONAL,Nigeria,1207.2700127395144,OK,YEAR_AGO,Average of September-24,FALSE,,1,Item Label,SELECTED_FOOD_PRICES_AUG_SEPT_2025.zip,selected food table september-25.xlsx,Selected Food Sept 2025,26,2,B26
2025-08-01,2025-09-01,ONIONS_FRESH,"Onions, fresh","Onions, fresh",1 kg,NBS_REPORT_PDF,NATIONAL,Nigeria,1335.8423737752935,OK,PRIOR_MONTH,Average of August-25,FALSE,,1,Item Label,SELECTED_FOOD_PRICES_AUG_SEPT_2025.zip,selected food table september-25.xlsx,Selected Food Sept 2025,26,3,C26
2025-09-01,2025-09-01,ONIONS_FRESH,"Onions, fresh","Onions, fresh",1 kg,NBS_REPORT_PDF,NATIONAL,Nigeria,1307.436653548032,OK,CURRENT_MONTH,Average of September-25,TRUE,,1,Item Label,SELECTED_FOOD_PRICES_AUG_SEPT_2025.zip,selected food table september-25.xlsx,Selected Food Sept 2025,26,4,D26
2024-09-01,2025-09-01,PALM_OIL_75CL,"Palm oil, 75cl","Palm oil, 75cl",75 cl,SPREADSHEET_LABEL,NATIONAL,Nigeria,2070.619956811394,OK,YEAR_AGO,Average of September-24,FALSE,,1,Item Label,SELECTED_FOOD_PRICES_AUG_SEPT_2025.zip,selected food table september-25.xlsx,Selected Food Sept 2025,27,2,B27
2025-08-01,2025-09-01,PALM_OIL_75CL,"Palm oil, 75cl","Palm oil, 75cl",75 cl,SPREADSHEET_LABEL,NATIONAL,Nigeria,2512.120647982092,OK,PRIOR_MONTH,Average of August-25,FALSE,,1,Item Label,SELECTED_FOOD_PRICES_AUG_SEPT_2025.zip,selected food table september-25.xlsx,Selected Food Sept 2025,27,3,C27
2025-09-01,2025-09-01,PALM_OIL_75CL,"Palm oil, 75cl","Palm oil, 75cl",75 cl,SPREADSHEET_LABEL,NATIONAL,Nigeria,2525.401261601325,OK,CURRENT_MONTH,Average of September-25,TRUE,,1,Item Label,SELECTED_FOOD_PRICES_AUG_SEPT_2025.zip,selected food table september-25.xlsx,Selected Food Sept 2025,27,4,D27
2024-09-01,2025-09-01,PLANTAIN_RIPE,Plantain (ripe),Plantain (ripe),,,NATIONAL,Nigeria,1500.4281779408952,OK,YEAR_AGO,Average of September-24,FALSE,,1,Item Label,SELECTED_FOOD_PRICES_AUG_SEPT_2025.zip,selected food table september-25.xlsx,Selected Food Sept 2025,28,2,B28
2025-08-01,2025-09-01,PLANTAIN_RIPE,Plantain (ripe),Plantain (ripe),,,NATIONAL,Nigeria,2147.233785781944,OK,PRIOR_MONTH,Average of August-25,FALSE,,1,Item Label,SELECTED_FOOD_PRICES_AUG_SEPT_2025.zip,selected food table september-25.xlsx,Selected Food Sept 2025,28,3,C28
2025-09-01,2025-09-01,PLANTAIN_RIPE,Plantain (ripe),Plantain (ripe),,,NATIONAL,Nigeria,2153.844998657108,OK,CURRENT_MONTH,Average of September-25,TRUE,,1,Item Label,SELECTED_FOOD_PRICES_AUG_SEPT_2025.zip,selected food table september-25.xlsx,Selected Food Sept 2025,28,4,D28
2024-09-01,2025-09-01,PLANTAIN_UNRIPE,Plantain (unripe),Plantain (unripe),,,NATIONAL,Nigeria,1511.0943051063373,OK,YEAR_AGO,Average of September-24,FALSE,,1,Item Label,SELECTED_FOOD_PRICES_AUG_SEPT_2025.zip,selected food table september-25.xlsx,Selected Food Sept 2025,29,2,B29
2025-08-01,2025-09-01,PLANTAIN_UNRIPE,Plantain (unripe),Plantain (unripe),,,NATIONAL,Nigeria,2205.446962297973,OK,PRIOR_MONTH,Average of August-25,FALSE,,1,Item Label,SELECTED_FOOD_PRICES_AUG_SEPT_2025.zip,selected food table september-25.xlsx,Selected Food Sept 2025,29,3,C29
2025-09-01,2025-09-01,PLANTAIN_UNRIPE,Plantain (unripe),Plantain (unripe),,,NATIONAL,Nigeria,2226.4385389516437,OK,CURRENT_MONTH,Average of September-25,TRUE,,1,Item Label,SELECTED_FOOD_PRICES_AUG_SEPT_2025.zip,selected food table september-25.xlsx,Selected Food Sept 2025,29,4,D29
2024-09-01,2025-09-01,RICE_LOCAL_SHORT_GRAIN,"Rice Local, short-Grained","Rice Local, short-Grained",1 kg,NBS_REPORT_PDF,NATIONAL,Nigeria,1914.7728602664602,OK,YEAR_AGO,Average of September-24,FALSE,,1,Item Label,SELECTED_FOOD_PRICES_AUG_SEPT_2025.zip,selected food table september-25.xlsx,Selected Food Sept 2025,30,2,B30
2025-08-01,2025-09-01,RICE_LOCAL_SHORT_GRAIN,"Rice Local, short-Grained","Rice Local, short-Grained",1 kg,NBS_REPORT_PDF,NATIONAL,Nigeria,1963.872477362818,OK,PRIOR_MONTH,Average of August-25,FALSE,,1,Item Label,SELECTED_FOOD_PRICES_AUG_SEPT_2025.zip,selected food table september-25.xlsx,Selected Food Sept 2025,30,3,C30
2025-09-01,2025-09-01,RICE_LOCAL_SHORT_GRAIN,"Rice Local, short-Grained","Rice Local, short-Grained",1 kg,NBS_REPORT_PDF,NATIONAL,Nigeria,1952.9401716901048,OK,CURRENT_MONTH,Average of September-25,TRUE,,1,Item Label,SELECTED_FOOD_PRICES_AUG_SEPT_2025.zip,selected food table september-25.xlsx,Selected Food Sept 2025,30,4,D30
2024-09-01,2025-09-01,RICE_IMPORTED_LONG_GRAIN,Rice Long-Grained (Imported),Rice Long-Grained (Imported),,,NATIONAL,Nigeria,2403.860840690423,OK,YEAR_AGO,Average of September-24,FALSE,,1,Item Label,SELECTED_FOOD_PRICES_AUG_SEPT_2025.zip,selected food table september-25.xlsx,Selected Food Sept 2025,31,2,B31
2025-08-01,2025-09-01,RICE_IMPORTED_LONG_GRAIN,Rice Long-Grained (Imported),Rice Long-Grained (Imported),,,NATIONAL,Nigeria,2358.8883792470633,OK,PRIOR_MONTH,Average of August-25,FALSE,,1,Item Label,SELECTED_FOOD_PRICES_AUG_SEPT_2025.zip,selected food table september-25.xlsx,Selected Food Sept 2025,31,3,C31
2025-09-01,2025-09-01,RICE_IMPORTED_LONG_GRAIN,Rice Long-Grained (Imported),Rice Long-Grained (Imported),,,NATIONAL,Nigeria,2319.3076275228395,OK,CURRENT_MONTH,Average of September-25,TRUE,,1,Item Label,SELECTED_FOOD_PRICES_AUG_SEPT_2025.zip,selected food table september-25.xlsx,Selected Food Sept 2025,31,4,D31
2024-09-01,2025-09-01,SEMOVITA_1KG,"Semovita, Prepacked (1kg)","Semovita, Prepacked (1kg)",1 kg,SPREADSHEET_LABEL,NATIONAL,Nigeria,,NOT_REPORTED,YEAR_AGO,Average of September-24,FALSE,,1,Item Label,SELECTED_FOOD_PRICES_AUG_SEPT_2025.zip,selected food table september-25.xlsx,Selected Food Sept 2025,32,2,B32
2025-08-01,2025-09-01,SEMOVITA_1KG,"Semovita, Prepacked (1kg)","Semovita, Prepacked (1kg)",1 kg,SPREADSHEET_LABEL,NATIONAL,Nigeria,2324.8578493309674,OK,PRIOR_MONTH,Average of August-25,FALSE,,1,Item Label,SELECTED_FOOD_PRICES_AUG_SEPT_2025.zip,selected food table september-25.xlsx,Selected Food Sept 2025,32,3,C32
2025-09-01,2025-09-01,SEMOVITA_1KG,"Semovita, Prepacked (1kg)","Semovita, Prepacked (1kg)",1 kg,SPREADSHEET_LABEL,NATIONAL,Nigeria,2352.318395005702,OK,CURRENT_MONTH,Average of September-25,TRUE,,1,Item Label,SELECTED_FOOD_PRICES_AUG_SEPT_2025.zip,selected food table september-25.xlsx,Selected Food Sept 2025,32,4,D32
2024-09-01,2025-09-01,FISH_SMOKED_MACKEREL,Smoked fish (Mackerel),Smoked fish (Mackerel),,,NATIONAL,Nigeria,,NOT_REPORTED,YEAR_AGO,Average of September-24,FALSE,,1,Item Label,SELECTED_FOOD_PRICES_AUG_SEPT_2025.zip,selected food table september-25.xlsx,Selected Food Sept 2025,33,2,B33
2025-08-01,2025-09-01,FISH_SMOKED_MACKEREL,Smoked fish (Mackerel),Smoked fish (Mackerel),,,NATIONAL,Nigeria,6218.623532245154,OK,PRIOR_MONTH,Average of August-25,FALSE,,1,Item Label,SELECTED_FOOD_PRICES_AUG_SEPT_2025.zip,selected food table september-25.xlsx,Selected Food Sept 2025,33,3,C33
2025-09-01,2025-09-01,FISH_SMOKED_MACKEREL,Smoked fish (Mackerel),Smoked fish (Mackerel),,,NATIONAL,Nigeria,6231.508034602872,OK,CURRENT_MONTH,Average of September-25,TRUE,,1,Item Label,SELECTED_FOOD_PRICES_AUG_SEPT_2025.zip,selected food table september-25.xlsx,Selected Food Sept 2025,33,4,D33
2024-09-01,2025-09-01,POTATO_SWEET,Sweet potatoes,Sweet potatoes,,,NATIONAL,Nigeria,870.1536849811964,OK,YEAR_AGO,Average of September-24,FALSE,,1,Item Label,SELECTED_FOOD_PRICES_AUG_SEPT_2025.zip,selected food table september-25.xlsx,Selected Food Sept 2025,34,2,B34
2025-08-01,2025-09-01,POTATO_SWEET,Sweet potatoes,Sweet potatoes,,,NATIONAL,Nigeria,877.8346398274067,OK,PRIOR_MONTH,Average of August-25,FALSE,,1,Item Label,SELECTED_FOOD_PRICES_AUG_SEPT_2025.zip,selected food table september-25.xlsx,Selected Food Sept 2025,34,3,C34
2025-09-01,2025-09-01,POTATO_SWEET,Sweet potatoes,Sweet potatoes,,,NATIONAL,Nigeria,834.3496651420653,OK,CURRENT_MONTH,Average of September-25,TRUE,,1,Item Label,SELECTED_FOOD_PRICES_AUG_SEPT_2025.zip,selected food table september-25.xlsx,Selected Food Sept 2025,34,4,D34
2024-09-01,2025-09-01,FISH_TILAPIA_FRESH,Tilapia fresh fish (Epiya),Tilapia fresh fish (Epiya),,,NATIONAL,Nigeria,3850.9710212307327,OK,YEAR_AGO,Average of September-24,FALSE,,1,Item Label,SELECTED_FOOD_PRICES_AUG_SEPT_2025.zip,selected food table september-25.xlsx,Selected Food Sept 2025,35,2,B35
2025-08-01,2025-09-01,FISH_TILAPIA_FRESH,Tilapia fresh fish (Epiya),Tilapia fresh fish (Epiya),,,NATIONAL,Nigeria,5731.078800263176,OK,PRIOR_MONTH,Average of August-25,FALSE,,1,Item Label,SELECTED_FOOD_PRICES_AUG_SEPT_2025.zip,selected food table september-25.xlsx,Selected Food Sept 2025,35,3,C35
2025-09-01,2025-09-01,FISH_TILAPIA_FRESH,Tilapia fresh fish (Epiya),Tilapia fresh fish (Epiya),,,NATIONAL,Nigeria,5720.0692840419715,OK,CURRENT_MONTH,Average of September-25,TRUE,,1,Item Label,SELECTED_FOOD_PRICES_AUG_SEPT_2025.zip,selected food table september-25.xlsx,Selected Food Sept 2025,35,4,D35
2024-09-01,2025-09-01,MILK_EVAP_PEAK_150G,"Tin Milk-Evaporated, Peak Milk, 150g","Tin Milk-Evaporated, Peak Milk, 150g",150 g,SPREADSHEET_LABEL,NATIONAL,Nigeria,935.4887379290185,OK,YEAR_AGO,Average of September-24,FALSE,,1,Item Label,SELECTED_FOOD_PRICES_AUG_SEPT_2025.zip,selected food table september-25.xlsx,Selected Food Sept 2025,36,2,B36
2025-08-01,2025-09-01,MILK_EVAP_PEAK_150G,"Tin Milk-Evaporated, Peak Milk, 150g","Tin Milk-Evaporated, Peak Milk, 150g",150 g,SPREADSHEET_LABEL,NATIONAL,Nigeria,1031.434795491714,OK,PRIOR_MONTH,Average of August-25,FALSE,,1,Item Label,SELECTED_FOOD_PRICES_AUG_SEPT_2025.zip,selected food table september-25.xlsx,Selected Food Sept 2025,36,3,C36
2025-09-01,2025-09-01,MILK_EVAP_PEAK_150G,"Tin Milk-Evaporated, Peak Milk, 150g","Tin Milk-Evaporated, Peak Milk, 150g",150 g,SPREADSHEET_LABEL,NATIONAL,Nigeria,1034.195228546039,OK,CURRENT_MONTH,Average of September-25,TRUE,,1,Item Label,SELECTED_FOOD_PRICES_AUG_SEPT_2025.zip,selected food table september-25.xlsx,Selected Food Sept 2025,36,4,D36
2024-09-01,2025-09-01,MILK_EVAP_THREECROWN_160G,"Tin Milk-Evaporated, Three Crown Milk, 160g","Tin Milk-Evaporated, Three Crown Milk, 160g",160 g,SPREADSHEET_LABEL,NATIONAL,Nigeria,,NOT_REPORTED,YEAR_AGO,Average of September-24,FALSE,,1,Item Label,SELECTED_FOOD_PRICES_AUG_SEPT_2025.zip,selected food table september-25.xlsx,Selected Food Sept 2025,37,2,B37
2025-08-01,2025-09-01,MILK_EVAP_THREECROWN_160G,"Tin Milk-Evaporated, Three Crown Milk, 160g","Tin Milk-Evaporated, Three Crown Milk, 160g",160 g,SPREADSHEET_LABEL,NATIONAL,Nigeria,910.2792792431875,OK,PRIOR_MONTH,Average of August-25,FALSE,,1,Item Label,SELECTED_FOOD_PRICES_AUG_SEPT_2025.zip,selected food table september-25.xlsx,Selected Food Sept 2025,37,3,C37
2025-09-01,2025-09-01,MILK_EVAP_THREECROWN_160G,"Tin Milk-Evaporated, Three Crown Milk, 160g","Tin Milk-Evaporated, Three Crown Milk, 160g",160 g,SPREADSHEET_LABEL,NATIONAL,Nigeria,900.7322712108167,OK,CURRENT_MONTH,Average of September-25,TRUE,,1,Item Label,SELECTED_FOOD_PRICES_AUG_SEPT_2025.zip,selected food table september-25.xlsx,Selected Food Sept 2025,37,4,D37
2024-09-01,2025-09-01,FISH_TITUS_FROZEN,"Titus, frozen","Titus, frozen",,,NATIONAL,Nigeria,4416.927114872952,OK,YEAR_AGO,Average of September-24,FALSE,,1,Item Label,SELECTED_FOOD_PRICES_AUG_SEPT_2025.zip,selected food table september-25.xlsx,Selected Food Sept 2025,38,2,B38
2025-08-01,2025-09-01,FISH_TITUS_FROZEN,"Titus, frozen","Titus, frozen",,,NATIONAL,Nigeria,6310.328619375551,OK,PRIOR_MONTH,Average of August-25,FALSE,,1,Item Label,SELECTED_FOOD_PRICES_AUG_SEPT_2025.zip,selected food table september-25.xlsx,Selected Food Sept 2025,38,3,C38
2025-09-01,2025-09-01,FISH_TITUS_FROZEN,"Titus, frozen","Titus, frozen",,,NATIONAL,Nigeria,6352.951258554096,OK,CURRENT_MONTH,Average of September-25,TRUE,,1,Item Label,SELECTED_FOOD_PRICES_AUG_SEPT_2025.zip,selected food table september-25.xlsx,Selected Food Sept 2025,38,4,D38
2024-09-01,2025-09-01,TOMATOES_FRESH,"Tomatoes, fresh","Tomatoes, fresh",1 kg,NBS_REPORT_PDF,NATIONAL,Nigeria,1430.866013156212,OK,YEAR_AGO,Average of September-24,FALSE,,1,Item Label,SELECTED_FOOD_PRICES_AUG_SEPT_2025.zip,selected food table september-25.xlsx,Selected Food Sept 2025,39,2,B39
2025-08-01,2025-09-01,TOMATOES_FRESH,"Tomatoes, fresh","Tomatoes, fresh",1 kg,NBS_REPORT_PDF,NATIONAL,Nigeria,1285.6084602311923,OK,PRIOR_MONTH,Average of August-25,FALSE,,1,Item Label,SELECTED_FOOD_PRICES_AUG_SEPT_2025.zip,selected food table september-25.xlsx,Selected Food Sept 2025,39,3,C39
2025-09-01,2025-09-01,TOMATOES_FRESH,"Tomatoes, fresh","Tomatoes, fresh",1 kg,NBS_REPORT_PDF,NATIONAL,Nigeria,1279.8359139494032,OK,CURRENT_MONTH,Average of September-25,TRUE,,1,Item Label,SELECTED_FOOD_PRICES_AUG_SEPT_2025.zip,selected food table september-25.xlsx,Selected Food Sept 2025,39,4,D39
2024-09-01,2025-09-01,VEG_OIL_75CL,"Vegetable Oil, 75cl","Vegetable Oil, 75cl",75 cl,SPREADSHEET_LABEL,NATIONAL,Nigeria,2607.6655231833943,OK,YEAR_AGO,Average of September-24,FALSE,,1,Item Label,SELECTED_FOOD_PRICES_AUG_SEPT_2025.zip,selected food table september-25.xlsx,Selected Food Sept 2025,40,2,B40
2025-08-01,2025-09-01,VEG_OIL_75CL,"Vegetable Oil, 75cl","Vegetable Oil, 75cl",75 cl,SPREADSHEET_LABEL,NATIONAL,Nigeria,3238.631181510298,OK,PRIOR_MONTH,Average of August-25,FALSE,,1,Item Label,SELECTED_FOOD_PRICES_AUG_SEPT_2025.zip,selected food table september-25.xlsx,Selected Food Sept 2025,40,3,C40
2025-09-01,2025-09-01,VEG_OIL_75CL,"Vegetable Oil, 75cl","Vegetable Oil, 75cl",75 cl,SPREADSHEET_LABEL,NATIONAL,Nigeria,3229.625604509319,OK,CURRENT_MONTH,Average of September-25,TRUE,,1,Item Label,SELECTED_FOOD_PRICES_AUG_SEPT_2025.zip,selected food table september-25.xlsx,Selected Food Sept 2025,40,4,D40
2024-09-01,2025-09-01,WATERMELON_WHOLE,"Watermelon whole, medium size fresh","Watermelon whole, medium size fresh",,,NATIONAL,Nigeria,,NOT_REPORTED,YEAR_AGO,Average of September-24,FALSE,,1,Item Label,SELECTED_FOOD_PRICES_AUG_SEPT_2025.zip,selected food table september-25.xlsx,Selected Food Sept 2025,41,2,B41
2025-08-01,2025-09-01,WATERMELON_WHOLE,"Watermelon whole, medium size fresh","Watermelon whole, medium size fresh",,,NATIONAL,Nigeria,2059.0465004699563,OK,PRIOR_MONTH,Average of August-25,FALSE,,1,Item Label,SELECTED_FOOD_PRICES_AUG_SEPT_2025.zip,selected food table september-25.xlsx,Selected Food Sept 2025,41,3,C41
2025-09-01,2025-09-01,WATERMELON_WHOLE,"Watermelon whole, medium size fresh","Watermelon whole, medium size fresh",,,NATIONAL,Nigeria,2065.4648206781158,OK,CURRENT_MONTH,Average of September-25,TRUE,,1,Item Label,SELECTED_FOOD_PRICES_AUG_SEPT_2025.zip,selected food table september-25.xlsx,Selected Food Sept 2025,41,4,D41
2024-09-01,2025-09-01,WHEAT_FLOUR_2KG,"Wheat Flour, Prepacked (2kg)","Wheat Flour, Prepacked (2kg)",2 kg,SPREADSHEET_LABEL,NATIONAL,Nigeria,3570.7537127956607,OK,YEAR_AGO,Average of September-24,FALSE,,1,Item Label,SELECTED_FOOD_PRICES_AUG_SEPT_2025.zip,selected food table september-25.xlsx,Selected Food Sept 2025,42,2,B42
2025-08-01,2025-09-01,WHEAT_FLOUR_2KG,"Wheat Flour, Prepacked (2kg)","Wheat Flour, Prepacked (2kg)",2 kg,SPREADSHEET_LABEL,NATIONAL,Nigeria,3904.528873868031,OK,PRIOR_MONTH,Average of August-25,FALSE,,1,Item Label,SELECTED_FOOD_PRICES_AUG_SEPT_2025.zip,selected food table september-25.xlsx,Selected Food Sept 2025,42,3,C42
2025-09-01,2025-09-01,WHEAT_FLOUR_2KG,"Wheat Flour, Prepacked (2kg)","Wheat Flour, Prepacked (2kg)",2 kg,SPREADSHEET_LABEL,NATIONAL,Nigeria,3879.31210752501,OK,CURRENT_MONTH,Average of September-25,TRUE,,1,Item Label,SELECTED_FOOD_PRICES_AUG_SEPT_2025.zip,selected food table september-25.xlsx,Selected Food Sept 2025,42,4,D42
2024-09-01,2025-09-01,YAM_TUBER,Yam Tuber,Yam Tuber,1 kg,NBS_REPORT_PDF,NATIONAL,Nigeria,1668.4942979224702,OK,YEAR_AGO,Average of September-24,FALSE,,1,Item Label,SELECTED_FOOD_PRICES_AUG_SEPT_2025.zip,selected food table september-25.xlsx,Selected Food Sept 2025,43,2,B43
2025-08-01,2025-09-01,YAM_TUBER,Yam Tuber,Yam Tuber,1 kg,NBS_REPORT_PDF,NATIONAL,Nigeria,2086.1475368667748,OK,PRIOR_MONTH,Average of August-25,FALSE,,1,Item Label,SELECTED_FOOD_PRICES_AUG_SEPT_2025.zip,selected food table september-25.xlsx,Selected Food Sept 2025,43,3,C43
2025-09-01,2025-09-01,YAM_TUBER,Yam Tuber,Yam Tuber,1 kg,NBS_REPORT_PDF,NATIONAL,Nigeria,2052.4624020530755,OK,CURRENT_MONTH,Average of September-25,TRUE,,1,Item Label,SELECTED_FOOD_PRICES_AUG_SEPT_2025.zip,selected food table september-25.xlsx,Selected Food Sept 2025,43,4,D43
2025-04-01,2026-04-01,EGG_AGRIC,"Agric hen eggs,","Agric hen eggs,",,,NATIONAL,Nigeria,259.31615245998495,OK,YEAR_AGO,Average of April-25,FALSE,,1,Item Label,Selected_Food_Report_April_2026.zip,selected food table Apr26.xlsx,Selected Food April 2026,2,2,B2
2026-03-01,2026-04-01,EGG_AGRIC,"Agric hen eggs,","Agric hen eggs,",,,NATIONAL,Nigeria,256.48492026575803,OK,PRIOR_MONTH,Average of March-26,FALSE,,1,Item Label,Selected_Food_Report_April_2026.zip,selected food table Apr26.xlsx,Selected Food April 2026,2,3,C2
2026-04-01,2026-04-01,EGG_AGRIC,"Agric hen eggs,","Agric hen eggs,",,,NATIONAL,Nigeria,259.21819457952904,OK,CURRENT_MONTH,Average of April-26,TRUE,,1,Item Label,Selected_Food_Report_April_2026.zip,selected food table Apr26.xlsx,Selected Food April 2026,2,4,D2
2025-04-01,2026-04-01,EGG_AGRIC_CRATE30,"Agric hen eggs, (a Crate of 30 pieces)","Agric hen eggs, (a Crate of 30 pieces)",1 crate of 30 pieces,SPREADSHEET_LABEL,NATIONAL,Nigeria,6150.178072072072,OK,YEAR_AGO,Average of April-25,FALSE,,1,Item Label,Selected_Food_Report_April_2026.zip,selected food table Apr26.xlsx,Selected Food April 2026,3,2,B3
2026-03-01,2026-04-01,EGG_AGRIC_CRATE30,"Agric hen eggs, (a Crate of 30 pieces)","Agric hen eggs, (a Crate of 30 pieces)",1 crate of 30 pieces,SPREADSHEET_LABEL,NATIONAL,Nigeria,6127.617009887306,OK,PRIOR_MONTH,Average of March-26,FALSE,,1,Item Label,Selected_Food_Report_April_2026.zip,selected food table Apr26.xlsx,Selected Food April 2026,3,3,C3
2026-04-01,2026-04-01,EGG_AGRIC_CRATE30,"Agric hen eggs, (a Crate of 30 pieces)","Agric hen eggs, (a Crate of 30 pieces)",1 crate of 30 pieces,SPREADSHEET_LABEL,NATIONAL,Nigeria,6143.1126621405165,OK,CURRENT_MONTH,Average of April-26,TRUE,,1,Item Label,Selected_Food_Report_April_2026.zip,selected food table Apr26.xlsx,Selected Food April 2026,3,4,D3
2025-04-01,2026-04-01,BEANS_BROWN,Beans Brown,Beans Brown,1 kg,NBS_REPORT_PDF,NATIONAL,Nigeria,2429.3885720073285,OK,YEAR_AGO,Average of April-25,FALSE,,1,Item Label,Selected_Food_Report_April_2026.zip,selected food table Apr26.xlsx,Selected Food April 2026,4,2,B4
2026-03-01,2026-04-01,BEANS_BROWN,Beans Brown,Beans Brown,1 kg,NBS_REPORT_PDF,NATIONAL,Nigeria,1325.8538773674757,OK,PRIOR_MONTH,Average of March-26,FALSE,,1,Item Label,Selected_Food_Report_April_2026.zip,selected food table Apr26.xlsx,Selected Food April 2026,4,3,C4
2026-04-01,2026-04-01,BEANS_BROWN,Beans Brown,Beans Brown,1 kg,NBS_REPORT_PDF,NATIONAL,Nigeria,1338.9328294458949,OK,CURRENT_MONTH,Average of April-26,TRUE,,1,Item Label,Selected_Food_Report_April_2026.zip,selected food table Apr26.xlsx,Selected Food April 2026,4,4,D4
2025-04-01,2026-04-01,BEANS_WHITE,Beans white,Beans white,,,NATIONAL,Nigeria,2097.309931445076,OK,YEAR_AGO,Average of April-25,FALSE,,1,Item Label,Selected_Food_Report_April_2026.zip,selected food table Apr26.xlsx,Selected Food April 2026,5,2,B5
2026-03-01,2026-04-01,BEANS_WHITE,Beans white,Beans white,,,NATIONAL,Nigeria,1276.6337728138787,OK,PRIOR_MONTH,Average of March-26,FALSE,,1,Item Label,Selected_Food_Report_April_2026.zip,selected food table Apr26.xlsx,Selected Food April 2026,5,3,C5
2026-04-01,2026-04-01,BEANS_WHITE,Beans white,Beans white,,,NATIONAL,Nigeria,1291.3314506590189,OK,CURRENT_MONTH,Average of April-26,TRUE,,1,Item Label,Selected_Food_Report_April_2026.zip,selected food table Apr26.xlsx,Selected Food April 2026,5,4,D5
2025-04-01,2026-04-01,BEEF_BONELESS,Beef Boneless,Beef Boneless,1 kg,NBS_REPORT_PDF,NATIONAL,Nigeria,6544.536858449178,OK,YEAR_AGO,Average of April-25,FALSE,,1,Item Label,Selected_Food_Report_April_2026.zip,selected food table Apr26.xlsx,Selected Food April 2026,6,2,B6
2026-03-01,2026-04-01,BEEF_BONELESS,Beef Boneless,Beef Boneless,1 kg,NBS_REPORT_PDF,NATIONAL,Nigeria,6903.310592408742,OK,PRIOR_MONTH,Average of March-26,FALSE,,1,Item Label,Selected_Food_Report_April_2026.zip,selected food table Apr26.xlsx,Selected Food April 2026,6,3,C6
2026-04-01,2026-04-01,BEEF_BONELESS,Beef Boneless,Beef Boneless,1 kg,NBS_REPORT_PDF,NATIONAL,Nigeria,6919.937600371186,OK,CURRENT_MONTH,Average of April-26,TRUE,,1,Item Label,Selected_Food_Report_April_2026.zip,selected food table Apr26.xlsx,Selected Food April 2026,6,4,D6
2025-04-01,2026-04-01,BREAD_SLICED_450G,"Bread (sliced), 450g","Bread (sliced), 450g",450 g,SPREADSHEET_LABEL,NATIONAL,Nigeria,1688.3998457337566,OK,YEAR_AGO,Average of April-25,FALSE,,1,Item Label,Selected_Food_Report_April_2026.zip,selected food table Apr26.xlsx,Selected Food April 2026,7,2,B7
2026-03-01,2026-04-01,BREAD_SLICED_450G,"Bread (sliced), 450g","Bread (sliced), 450g",450 g,SPREADSHEET_LABEL,NATIONAL,Nigeria,1675.308890723947,OK,PRIOR_MONTH,Average of March-26,FALSE,,1,Item Label,Selected_Food_Report_April_2026.zip,selected food table Apr26.xlsx,Selected Food April 2026,7,3,C7
2026-04-01,2026-04-01,BREAD_SLICED_450G,"Bread (sliced), 450g","Bread (sliced), 450g",450 g,SPREADSHEET_LABEL,NATIONAL,Nigeria,1682.596329234819,OK,CURRENT_MONTH,Average of April-26,TRUE,,1,Item Label,Selected_Food_Report_April_2026.zip,selected food table Apr26.xlsx,Selected Food April 2026,7,4,D7
2025-04-01,2026-04-01,BREAD_UNSLICED_450G,"Bread (unsliced), 450g","Bread (unsliced), 450g",450 g,SPREADSHEET_LABEL,NATIONAL,Nigeria,1547.5179018417966,OK,YEAR_AGO,Average of April-25,FALSE,,1,Item Label,Selected_Food_Report_April_2026.zip,selected food table Apr26.xlsx,Selected Food April 2026,8,2,B8
2026-03-01,2026-04-01,BREAD_UNSLICED_450G,"Bread (unsliced), 450g","Bread (unsliced), 450g",450 g,SPREADSHEET_LABEL,NATIONAL,Nigeria,1600.1350551782627,OK,PRIOR_MONTH,Average of March-26,FALSE,,1,Item Label,Selected_Food_Report_April_2026.zip,selected food table Apr26.xlsx,Selected Food April 2026,8,3,C8
2026-04-01,2026-04-01,BREAD_UNSLICED_450G,"Bread (unsliced), 450g","Bread (unsliced), 450g",450 g,SPREADSHEET_LABEL,NATIONAL,Nigeria,1605.5612230811857,OK,CURRENT_MONTH,Average of April-26,TRUE,,1,Item Label,Selected_Food_Report_April_2026.zip,selected food table Apr26.xlsx,Selected Food April 2026,8,4,D8
2025-04-01,2026-04-01,CARROTS_FRESH,"Carrots, fresh","Carrots, fresh",1 kg,NBS_REPORT_PDF,NATIONAL,Nigeria,1931.3178570403522,OK,YEAR_AGO,Average of April-25,FALSE,,1,Item Label,Selected_Food_Report_April_2026.zip,selected food table Apr26.xlsx,Selected Food April 2026,9,2,B9
2026-03-01,2026-04-01,CARROTS_FRESH,"Carrots, fresh","Carrots, fresh",1 kg,NBS_REPORT_PDF,NATIONAL,Nigeria,2003.08143338144,OK,PRIOR_MONTH,Average of March-26,FALSE,,1,Item Label,Selected_Food_Report_April_2026.zip,selected food table Apr26.xlsx,Selected Food April 2026,9,3,C9
2026-04-01,2026-04-01,CARROTS_FRESH,"Carrots, fresh","Carrots, fresh",1 kg,NBS_REPORT_PDF,NATIONAL,Nigeria,2025.1234982988303,OK,CURRENT_MONTH,Average of April-26,TRUE,,1,Item Label,Selected_Food_Report_April_2026.zip,selected food table Apr26.xlsx,Selected Food April 2026,9,4,D9
2025-04-01,2026-04-01,FISH_CATFISH_FRESH,Cat fresh fish,Cat fresh fish,,,NATIONAL,Nigeria,5572.493422580557,OK,YEAR_AGO,Average of April-25,FALSE,,1,Item Label,Selected_Food_Report_April_2026.zip,selected food table Apr26.xlsx,Selected Food April 2026,10,2,B10
2026-03-01,2026-04-01,FISH_CATFISH_FRESH,Cat fresh fish,Cat fresh fish,,,NATIONAL,Nigeria,6080.020725454623,OK,PRIOR_MONTH,Average of March-26,FALSE,,1,Item Label,Selected_Food_Report_April_2026.zip,selected food table Apr26.xlsx,Selected Food April 2026,10,3,C10
2026-04-01,2026-04-01,FISH_CATFISH_FRESH,Cat fresh fish,Cat fresh fish,,,NATIONAL,Nigeria,6094.103148587778,OK,CURRENT_MONTH,Average of April-26,TRUE,,1,Item Label,Selected_Food_Report_April_2026.zip,selected food table Apr26.xlsx,Selected Food April 2026,10,4,D10
2025-04-01,2026-04-01,CHICKEN_FEET,Chicken feet,Chicken feet,,,NATIONAL,Nigeria,3502.6970441309572,OK,YEAR_AGO,Average of April-25,FALSE,,1,Item Label,Selected_Food_Report_April_2026.zip,selected food table Apr26.xlsx,Selected Food April 2026,11,2,B11
2026-03-01,2026-04-01,CHICKEN_FEET,Chicken feet,Chicken feet,,,NATIONAL,Nigeria,3979.847730320467,OK,PRIOR_MONTH,Average of March-26,FALSE,,1,Item Label,Selected_Food_Report_April_2026.zip,selected food table Apr26.xlsx,Selected Food April 2026,11,3,C11
2026-04-01,2026-04-01,CHICKEN_FEET,Chicken feet,Chicken feet,,,NATIONAL,Nigeria,3992.01235394647,OK,CURRENT_MONTH,Average of April-26,TRUE,,1,Item Label,Selected_Food_Report_April_2026.zip,selected food table Apr26.xlsx,Selected Food April 2026,11,4,D11
2025-04-01,2026-04-01,CHICKEN_MEAT_FROZEN,Chicken meat (Frozen),Chicken meat (Frozen),,,NATIONAL,Nigeria,5740.149243826533,OK,YEAR_AGO,Average of April-25,FALSE,,1,Item Label,Selected_Food_Report_April_2026.zip,selected food table Apr26.xlsx,Selected Food April 2026,12,2,B12
2026-03-01,2026-04-01,CHICKEN_MEAT_FROZEN,Chicken meat (Frozen),Chicken meat (Frozen),,,NATIONAL,Nigeria,5926.602277414922,OK,PRIOR_MONTH,Average of March-26,FALSE,,1,Item Label,Selected_Food_Report_April_2026.zip,selected food table Apr26.xlsx,Selected Food April 2026,12,3,C12
2026-04-01,2026-04-01,CHICKEN_MEAT_FROZEN,Chicken meat (Frozen),Chicken meat (Frozen),,,NATIONAL,Nigeria,5943.0026735870315,OK,CURRENT_MONTH,Average of April-26,TRUE,,1,Item Label,Selected_Food_Report_April_2026.zip,selected food table Apr26.xlsx,Selected Food April 2026,12,4,D12
2025-04-01,2026-04-01,CHICKEN_WINGS,Chicken Wings,Chicken Wings,,,NATIONAL,Nigeria,4771.9236733382295,OK,YEAR_AGO,Average of April-25,FALSE,,1,Item Label,Selected_Food_Report_April_2026.zip,selected food table Apr26.xlsx,Selected Food April 2026,13,2,B13
2026-03-01,2026-04-01,CHICKEN_WINGS,Chicken Wings,Chicken Wings,,,NATIONAL,Nigeria,5011.298418797165,OK,PRIOR_MONTH,Average of March-26,FALSE,,1,Item Label,Selected_Food_Report_April_2026.zip,selected food table Apr26.xlsx,Selected Food April 2026,13,3,C13
2026-04-01,2026-04-01,CHICKEN_WINGS,Chicken Wings,Chicken Wings,,,NATIONAL,Nigeria,5026.334754054623,OK,CURRENT_MONTH,Average of April-26,TRUE,,1,Item Label,Selected_Food_Report_April_2026.zip,selected food table Apr26.xlsx,Selected Food April 2026,13,4,D13
2025-04-01,2026-04-01,CRAYFISH_SMALL_WHITE,Cray fish small white,Cray fish small white,1 kg,NBS_REPORT_PDF,NATIONAL,Nigeria,6655.661528806915,OK,YEAR_AGO,Average of April-25,FALSE,,1,Item Label,Selected_Food_Report_April_2026.zip,selected food table Apr26.xlsx,Selected Food April 2026,14,2,B14
2026-03-01,2026-04-01,CRAYFISH_SMALL_WHITE,Cray fish small white,Cray fish small white,1 kg,NBS_REPORT_PDF,NATIONAL,Nigeria,8820.593259575033,OK,PRIOR_MONTH,Average of March-26,FALSE,,1,Item Label,Selected_Food_Report_April_2026.zip,selected food table Apr26.xlsx,Selected Food April 2026,14,3,C14
2026-04-01,2026-04-01,CRAYFISH_SMALL_WHITE,Cray fish small white,Cray fish small white,1 kg,NBS_REPORT_PDF,NATIONAL,Nigeria,8857.89749745431,OK,CURRENT_MONTH,Average of April-26,TRUE,,1,Item Label,Selected_Food_Report_April_2026.zip,selected food table Apr26.xlsx,Selected Food April 2026,14,4,D14
2025-04-01,2026-04-01,FISH_DRIED_BONGA,"Dried fish, Bonga","Dried fish, Bonga",,,NATIONAL,Nigeria,6657.742776414057,OK,YEAR_AGO,Average of April-25,FALSE,,1,Item Label,Selected_Food_Report_April_2026.zip,selected food table Apr26.xlsx,Selected Food April 2026,15,2,B15
2026-03-01,2026-04-01,FISH_DRIED_BONGA,"Dried fish, Bonga","Dried fish, Bonga",,,NATIONAL,Nigeria,7292.624883978964,OK,PRIOR_MONTH,Average of March-26,FALSE,,1,Item Label,Selected_Food_Report_April_2026.zip,selected food table Apr26.xlsx,Selected Food April 2026,15,3,C15
2026-04-01,2026-04-01,FISH_DRIED_BONGA,"Dried fish, Bonga","Dried fish, Bonga",,,NATIONAL,Nigeria,7314.418602716091,OK,CURRENT_MONTH,Average of April-26,TRUE,,1,Item Label,Selected_Food_Report_April_2026.zip,selected food table Apr26.xlsx,Selected Food April 2026,15,4,D15
2025-04-01,2026-04-01,GARRI_WHITE,Garri white,Garri white,1 kg,NBS_REPORT_PDF,NATIONAL,Nigeria,1345.0978505148996,OK,YEAR_AGO,Average of April-25,FALSE,,1,Item Label,Selected_Food_Report_April_2026.zip,selected food table Apr26.xlsx,Selected Food April 2026,16,2,B16
2026-03-01,2026-04-01,GARRI_WHITE,Garri white,Garri white,1 kg,NBS_REPORT_PDF,NATIONAL,Nigeria,801.5403940406949,OK,PRIOR_MONTH,Average of March-26,FALSE,,1,Item Label,Selected_Food_Report_April_2026.zip,selected food table Apr26.xlsx,Selected Food April 2026,16,3,C16
2026-04-01,2026-04-01,GARRI_WHITE,Garri white,Garri white,1 kg,NBS_REPORT_PDF,NATIONAL,Nigeria,808.9592319960332,OK,CURRENT_MONTH,Average of April-26,TRUE,,1,Item Label,Selected_Food_Report_April_2026.zip,selected food table Apr26.xlsx,Selected Food April 2026,16,4,D16
2025-04-01,2026-04-01,GARRI_YELLOW,Garri Yellow,Garri Yellow,,,NATIONAL,Nigeria,1422.3398477023618,OK,YEAR_AGO,Average of April-25,FALSE,,1,Item Label,Selected_Food_Report_April_2026.zip,selected food table Apr26.xlsx,Selected Food April 2026,17,2,B17
2026-03-01,2026-04-01,GARRI_YELLOW,Garri Yellow,Garri Yellow,,,NATIONAL,Nigeria,853.6471834488206,OK,PRIOR_MONTH,Average of March-26,FALSE,,1,Item Label,Selected_Food_Report_April_2026.zip,selected food table Apr26.xlsx,Selected Food April 2026,17,3,C17
2026-04-01,2026-04-01,GARRI_YELLOW,Garri Yellow,Garri Yellow,,,NATIONAL,Nigeria,861.91861075139,OK,CURRENT_MONTH,Average of April-26,TRUE,,1,Item Label,Selected_Food_Report_April_2026.zip,selected food table Apr26.xlsx,Selected Food April 2026,17,4,D17
2025-04-01,2026-04-01,GINGER_FRESH,"Ginger, fresh","Ginger, fresh",1 kg,NBS_REPORT_PDF,NATIONAL,Nigeria,4970.658842575682,OK,YEAR_AGO,Average of April-25,FALSE,,1,Item Label,Selected_Food_Report_April_2026.zip,selected food table Apr26.xlsx,Selected Food April 2026,18,2,B18
2026-03-01,2026-04-01,GINGER_FRESH,"Ginger, fresh","Ginger, fresh",1 kg,NBS_REPORT_PDF,NATIONAL,Nigeria,5541.252667840406,OK,PRIOR_MONTH,Average of March-26,FALSE,,1,Item Label,Selected_Food_Report_April_2026.zip,selected food table Apr26.xlsx,Selected Food April 2026,18,3,C18
2026-04-01,2026-04-01,GINGER_FRESH,"Ginger, fresh","Ginger, fresh",1 kg,NBS_REPORT_PDF,NATIONAL,Nigeria,5581.824918493482,OK,CURRENT_MONTH,Average of April-26,TRUE,,1,Item Label,Selected_Food_Report_April_2026.zip,selected food table Apr26.xlsx,Selected Food April 2026,18,4,D18
2025-04-01,2026-04-01,GOAT_MEAT_BONE_IN,Goat Meat Bone in,Goat Meat Bone in,,,NATIONAL,Nigeria,6708.452752046177,OK,YEAR_AGO,Average of April-25,FALSE,,1,Item Label,Selected_Food_Report_April_2026.zip,selected food table Apr26.xlsx,Selected Food April 2026,19,2,B19
2026-03-01,2026-04-01,GOAT_MEAT_BONE_IN,Goat Meat Bone in,Goat Meat Bone in,,,NATIONAL,Nigeria,6860.540373417374,OK,PRIOR_MONTH,Average of March-26,FALSE,,1,Item Label,Selected_Food_Report_April_2026.zip,selected food table Apr26.xlsx,Selected Food April 2026,19,3,C19
2026-04-01,2026-04-01,GOAT_MEAT_BONE_IN,Goat Meat Bone in,Goat Meat Bone in,,,NATIONAL,Nigeria,6874.6153470694,OK,CURRENT_MONTH,Average of April-26,TRUE,,1,Item Label,Selected_Food_Report_April_2026.zip,selected food table Apr26.xlsx,Selected Food April 2026,19,4,D19
2025-04-01,2026-04-01,GROUNDNUT_OIL_75CL,"Groundnut oil, 75cl","Groundnut oil, 75cl",75 cl,SPREADSHEET_LABEL,NATIONAL,Nigeria,3250.319134382641,OK,YEAR_AGO,Average of April-25,FALSE,,1,Item Label,Selected_Food_Report_April_2026.zip,selected food table Apr26.xlsx,Selected Food April 2026,20,2,B20
2026-03-01,2026-04-01,GROUNDNUT_OIL_75CL,"Groundnut oil, 75cl","Groundnut oil, 75cl",75 cl,SPREADSHEET_LABEL,NATIONAL,Nigeria,3093.093319940079,OK,PRIOR_MONTH,Average of March-26,FALSE,,1,Item Label,Selected_Food_Report_April_2026.zip,selected food table Apr26.xlsx,Selected Food April 2026,20,3,C20
2026-04-01,2026-04-01,GROUNDNUT_OIL_75CL,"Groundnut oil, 75cl","Groundnut oil, 75cl",75 cl,SPREADSHEET_LABEL,NATIONAL,Nigeria,3104.3038375905567,OK,CURRENT_MONTH,Average of April-26,TRUE,,1,Item Label,Selected_Food_Report_April_2026.zip,selected food table Apr26.xlsx,Selected Food April 2026,20,4,D20
2025-04-01,2026-04-01,GROUNDNUTS_ROASTED_75CL,"Groundnuts, roasted,75cl bottle","Groundnuts, roasted,75cl bottle",75 cl bottle,SPREADSHEET_LABEL,NATIONAL,Nigeria,2545.7164478089503,OK,YEAR_AGO,Average of April-25,FALSE,,1,Item Label,Selected_Food_Report_April_2026.zip,selected food table Apr26.xlsx,Selected Food April 2026,21,2,B21
2026-03-01,2026-04-01,GROUNDNUTS_ROASTED_75CL,"Groundnuts, roasted,75cl bottle","Groundnuts, roasted,75cl bottle",75 cl bottle,SPREADSHEET_LABEL,NATIONAL,Nigeria,2591.40067258202,OK,PRIOR_MONTH,Average of March-26,FALSE,,1,Item Label,Selected_Food_Report_April_2026.zip,selected food table Apr26.xlsx,Selected Food April 2026,21,3,C21
2026-04-01,2026-04-01,GROUNDNUTS_ROASTED_75CL,"Groundnuts, roasted,75cl bottle","Groundnuts, roasted,75cl bottle",75 cl bottle,SPREADSHEET_LABEL,NATIONAL,Nigeria,2597.138010190979,OK,CURRENT_MONTH,Average of April-26,TRUE,,1,Item Label,Selected_Food_Report_April_2026.zip,selected food table Apr26.xlsx,Selected Food April 2026,21,4,D21
2025-04-01,2026-04-01,POTATO_IRISH,Irish Potatoe,Irish Potatoe,1 kg,NBS_REPORT_PDF,NATIONAL,Nigeria,1948.6077123661707,OK,YEAR_AGO,Average of April-25,FALSE,,1,Item Label,Selected_Food_Report_April_2026.zip,selected food table Apr26.xlsx,Selected Food April 2026,22,2,B22
2026-03-01,2026-04-01,POTATO_IRISH,Irish Potatoe,Irish Potatoe,1 kg,NBS_REPORT_PDF,NATIONAL,Nigeria,2044.4013189103548,OK,PRIOR_MONTH,Average of March-26,FALSE,,1,Item Label,Selected_Food_Report_April_2026.zip,selected food table Apr26.xlsx,Selected Food April 2026,22,3,C22
2026-04-01,2026-04-01,POTATO_IRISH,Irish Potatoe,Irish Potatoe,1 kg,NBS_REPORT_PDF,NATIONAL,Nigeria,2065.2388312014073,OK,CURRENT_MONTH,Average of April-26,TRUE,,1,Item Label,Selected_Food_Report_April_2026.zip,selected food table Apr26.xlsx,Selected Food April 2026,22,4,D22
2025-04-01,2026-04-01,RICE_LOCAL_BROKEN,Local Rice (Broken),Local Rice (Broken),,,NATIONAL,Nigeria,2517.8856093511167,OK,YEAR_AGO,Average of April-25,FALSE,,1,Item Label,Selected_Food_Report_April_2026.zip,selected food table Apr26.xlsx,Selected Food April 2026,23,2,B23
2026-03-01,2026-04-01,RICE_LOCAL_BROKEN,Local Rice (Broken),Local Rice (Broken),,,NATIONAL,Nigeria,2188.447657873707,OK,PRIOR_MONTH,Average of March-26,FALSE,,1,Item Label,Selected_Food_Report_April_2026.zip,selected food table Apr26.xlsx,Selected Food April 2026,23,3,C23
2026-04-01,2026-04-01,RICE_LOCAL_BROKEN,Local Rice (Broken),Local Rice (Broken),,,NATIONAL,Nigeria,2195.7801307373784,OK,CURRENT_MONTH,Average of April-26,TRUE,,1,Item Label,Selected_Food_Report_April_2026.zip,selected food table Apr26.xlsx,Selected Food April 2026,23,4,D23
2025-04-01,2026-04-01,FISH_MACKEREL_FROZEN,"Mackerel, Frozen","Mackerel, Frozen",,,NATIONAL,Nigeria,5417.3963473999565,OK,YEAR_AGO,Average of April-25,FALSE,,1,Item Label,Selected_Food_Report_April_2026.zip,selected food table Apr26.xlsx,Selected Food April 2026,24,2,B24
2026-03-01,2026-04-01,FISH_MACKEREL_FROZEN,"Mackerel, Frozen","Mackerel, Frozen",,,NATIONAL,Nigeria,5801.331728340608,OK,PRIOR_MONTH,Average of March-26,FALSE,,1,Item Label,Selected_Food_Report_April_2026.zip,selected food table Apr26.xlsx,Selected Food April 2026,24,3,C24
2026-04-01,2026-04-01,FISH_MACKEREL_FROZEN,"Mackerel, Frozen","Mackerel, Frozen",,,NATIONAL,Nigeria,5817.1579525233565,OK,CURRENT_MONTH,Average of April-26,TRUE,,1,Item Label,Selected_Food_Report_April_2026.zip,selected food table Apr26.xlsx,Selected Food April 2026,24,4,D24
2025-04-01,2026-04-01,MAIZE_GRAIN_WHITE_LOOSE,Maize (Corn) Grains (White) sold loose,Maize (Corn) Grains (White) sold loose,1 kg,NBS_REPORT_PDF,NATIONAL,Nigeria,1239.6096604979955,OK,YEAR_AGO,Average of April-25,FALSE,,1,Item Label,Selected_Food_Report_April_2026.zip,selected food table Apr26.xlsx,Selected Food April 2026,25,2,B25
2026-03-01,2026-04-01,MAIZE_GRAIN_WHITE_LOOSE,Maize (Corn) Grains (White) sold loose,Maize (Corn) Grains (White) sold loose,1 kg,NBS_REPORT_PDF,NATIONAL,Nigeria,803.2747553397459,OK,PRIOR_MONTH,Average of March-26,FALSE,,1,Item Label,Selected_Food_Report_April_2026.zip,selected food table Apr26.xlsx,Selected Food April 2026,25,3,C25
2026-04-01,2026-04-01,MAIZE_GRAIN_WHITE_LOOSE,Maize (Corn) Grains (White) sold loose,Maize (Corn) Grains (White) sold loose,1 kg,NBS_REPORT_PDF,NATIONAL,Nigeria,811.3322285245588,OK,CURRENT_MONTH,Average of April-26,TRUE,,1,Item Label,Selected_Food_Report_April_2026.zip,selected food table Apr26.xlsx,Selected Food April 2026,25,4,D25
2025-04-01,2026-04-01,ONIONS_FRESH,"Onions, fresh","Onions, fresh",1 kg,NBS_REPORT_PDF,NATIONAL,Nigeria,1503.5644918098744,OK,YEAR_AGO,Average of April-25,FALSE,,1,Item Label,Selected_Food_Report_April_2026.zip,selected food table Apr26.xlsx,Selected Food April 2026,26,2,B26
2026-03-01,2026-04-01,ONIONS_FRESH,"Onions, fresh","Onions, fresh",1 kg,NBS_REPORT_PDF,NATIONAL,Nigeria,1153.1379971451154,OK,PRIOR_MONTH,Average of March-26,FALSE,,1,Item Label,Selected_Food_Report_April_2026.zip,selected food table Apr26.xlsx,Selected Food April 2026,26,3,C26
2026-04-01,2026-04-01,ONIONS_FRESH,"Onions, fresh","Onions, fresh",1 kg,NBS_REPORT_PDF,NATIONAL,Nigeria,1164.387848108438,OK,CURRENT_MONTH,Average of April-26,TRUE,,1,Item Label,Selected_Food_Report_April_2026.zip,selected food table Apr26.xlsx,Selected Food April 2026,26,4,D26
2025-04-01,2026-04-01,PALM_OIL_75CL,"Palm oil, 75cl","Palm oil, 75cl",75 cl,SPREADSHEET_LABEL,NATIONAL,Nigeria,2516.3571664481105,OK,YEAR_AGO,Average of April-25,FALSE,,1,Item Label,Selected_Food_Report_April_2026.zip,selected food table Apr26.xlsx,Selected Food April 2026,27,2,B27
2026-03-01,2026-04-01,PALM_OIL_75CL,"Palm oil, 75cl","Palm oil, 75cl",75 cl,SPREADSHEET_LABEL,NATIONAL,Nigeria,2393.3772395685796,OK,PRIOR_MONTH,Average of March-26,FALSE,,1,Item Label,Selected_Food_Report_April_2026.zip,selected food table Apr26.xlsx,Selected Food April 2026,27,3,C27
2026-04-01,2026-04-01,PALM_OIL_75CL,"Palm oil, 75cl","Palm oil, 75cl",75 cl,SPREADSHEET_LABEL,NATIONAL,Nigeria,2396.322748551216,OK,CURRENT_MONTH,Average of April-26,TRUE,,1,Item Label,Selected_Food_Report_April_2026.zip,selected food table Apr26.xlsx,Selected Food April 2026,27,4,D27
2025-04-01,2026-04-01,PLANTAIN_RIPE,Plantain (ripe),Plantain (ripe),,,NATIONAL,Nigeria,2057.3966196227657,OK,YEAR_AGO,Average of April-25,FALSE,,1,Item Label,Selected_Food_Report_April_2026.zip,selected food table Apr26.xlsx,Selected Food April 2026,28,2,B28
2026-03-01,2026-04-01,PLANTAIN_RIPE,Plantain (ripe),Plantain (ripe),,,NATIONAL,Nigeria,2135.5960800137805,OK,PRIOR_MONTH,Average of March-26,FALSE,,1,Item Label,Selected_Food_Report_April_2026.zip,selected food table Apr26.xlsx,Selected Food April 2026,28,3,C28
2026-04-01,2026-04-01,PLANTAIN_RIPE,Plantain (ripe),Plantain (ripe),,,NATIONAL,Nigeria,2159.9638268981807,OK,CURRENT_MONTH,Average of April-26,TRUE,,1,Item Label,Selected_Food_Report_April_2026.zip,selected food table Apr26.xlsx,Selected Food April 2026,28,4,D28
2025-04-01,2026-04-01,PLANTAIN_UNRIPE,Plantain (unripe),Plantain (unripe),,,NATIONAL,Nigeria,2231.8082619367033,OK,YEAR_AGO,Average of April-25,FALSE,,1,Item Label,Selected_Food_Report_April_2026.zip,selected food table Apr26.xlsx,Selected Food April 2026,29,2,B29
2026-03-01,2026-04-01,PLANTAIN_UNRIPE,Plantain (unripe),Plantain (unripe),,,NATIONAL,Nigeria,2178.931006295384,OK,PRIOR_MONTH,Average of March-26,FALSE,,1,Item Label,Selected_Food_Report_April_2026.zip,selected food table Apr26.xlsx,Selected Food April 2026,29,3,C29
2026-04-01,2026-04-01,PLANTAIN_UNRIPE,Plantain (unripe),Plantain (unripe),,,NATIONAL,Nigeria,2202.153513700148,OK,CURRENT_MONTH,Average of April-26,TRUE,,1,Item Label,Selected_Food_Report_April_2026.zip,selected food table Apr26.xlsx,Selected Food April 2026,29,4,D29
2025-04-01,2026-04-01,RICE_LOCAL_SHORT_GRAIN,"Rice Local, short-Grained","Rice Local, short-Grained",1 kg,NBS_REPORT_PDF,NATIONAL,Nigeria,2144.0498599702564,OK,YEAR_AGO,Average of April-25,FALSE,,1,Item Label,Selected_Food_Report_April_2026.zip,selected food table Apr26.xlsx,Selected Food April 2026,30,2,B30
2026-03-01,2026-04-01,RICE_LOCAL_SHORT_GRAIN,"Rice Local, short-Grained","Rice Local, short-Grained",1 kg,NBS_REPORT_PDF,NATIONAL,Nigeria,1876.360850383895,OK,PRIOR_MONTH,Average of March-26,FALSE,,1,Item Label,Selected_Food_Report_April_2026.zip,selected food table Apr26.xlsx,Selected Food April 2026,30,3,C30
2026-04-01,2026-04-01,RICE_LOCAL_SHORT_GRAIN,"Rice Local, short-Grained","Rice Local, short-Grained",1 kg,NBS_REPORT_PDF,NATIONAL,Nigeria,1893.4376473349278,OK,CURRENT_MONTH,Average of April-26,TRUE,,1,Item Label,Selected_Food_Report_April_2026.zip,selected food table Apr26.xlsx,Selected Food April 2026,30,4,D30
2025-04-01,2026-04-01,RICE_IMPORTED_LONG_GRAIN,Rice Long-Grained (Imported),Rice Long-Grained (Imported),,,NATIONAL,Nigeria,2574.114841876285,OK,YEAR_AGO,Average of April-25,FALSE,,1,Item Label,Selected_Food_Report_April_2026.zip,selected food table Apr26.xlsx,Selected Food April 2026,31,2,B31
2026-03-01,2026-04-01,RICE_IMPORTED_LONG_GRAIN,Rice Long-Grained (Imported),Rice Long-Grained (Imported),,,NATIONAL,Nigeria,2223.8302399733257,OK,PRIOR_MONTH,Average of March-26,FALSE,,1,Item Label,Selected_Food_Report_April_2026.zip,selected food table Apr26.xlsx,Selected Food April 2026,31,3,C31
2026-04-01,2026-04-01,RICE_IMPORTED_LONG_GRAIN,Rice Long-Grained (Imported),Rice Long-Grained (Imported),,,NATIONAL,Nigeria,2233.7115588101046,OK,CURRENT_MONTH,Average of April-26,TRUE,,1,Item Label,Selected_Food_Report_April_2026.zip,selected food table Apr26.xlsx,Selected Food April 2026,31,4,D31
2025-04-01,2026-04-01,SEMOVITA_1KG,"Semovita, Prepacked (1kg)","Semovita, Prepacked (1kg)",1 kg,SPREADSHEET_LABEL,NATIONAL,Nigeria,2257.1981600205663,OK,YEAR_AGO,Average of April-25,FALSE,,1,Item Label,Selected_Food_Report_April_2026.zip,selected food table Apr26.xlsx,Selected Food April 2026,32,2,B32
2026-03-01,2026-04-01,SEMOVITA_1KG,"Semovita, Prepacked (1kg)","Semovita, Prepacked (1kg)",1 kg,SPREADSHEET_LABEL,NATIONAL,Nigeria,2160.4205037608244,OK,PRIOR_MONTH,Average of March-26,FALSE,,1,Item Label,Selected_Food_Report_April_2026.zip,selected food table Apr26.xlsx,Selected Food April 2026,32,3,C32
2026-04-01,2026-04-01,SEMOVITA_1KG,"Semovita, Prepacked (1kg)","Semovita, Prepacked (1kg)",1 kg,SPREADSHEET_LABEL,NATIONAL,Nigeria,2161.167302188671,OK,CURRENT_MONTH,Average of April-26,TRUE,,1,Item Label,Selected_Food_Report_April_2026.zip,selected food table Apr26.xlsx,Selected Food April 2026,32,4,D32
2025-04-01,2026-04-01,FISH_SMOKED_MACKEREL,Smoked fish (Mackerel),Smoked fish (Mackerel),,,NATIONAL,Nigeria,5920.837282189649,OK,YEAR_AGO,Average of April-25,FALSE,,1,Item Label,Selected_Food_Report_April_2026.zip,selected food table Apr26.xlsx,Selected Food April 2026,33,2,B33
2026-03-01,2026-04-01,FISH_SMOKED_MACKEREL,Smoked fish (Mackerel),Smoked fish (Mackerel),,,NATIONAL,Nigeria,6293.572849046083,OK,PRIOR_MONTH,Average of March-26,FALSE,,1,Item Label,Selected_Food_Report_April_2026.zip,selected food table Apr26.xlsx,Selected Food April 2026,33,3,C33
2026-04-01,2026-04-01,FISH_SMOKED_MACKEREL,Smoked fish (Mackerel),Smoked fish (Mackerel),,,NATIONAL,Nigeria,6304.708322849441,OK,CURRENT_MONTH,Average of April-26,TRUE,,1,Item Label,Selected_Food_Report_April_2026.zip,selected food table Apr26.xlsx,Selected Food April 2026,33,4,D33
2025-04-01,2026-04-01,POTATO_SWEET,Sweet potatoes,Sweet potatoes,,,NATIONAL,Nigeria,938.4237846517723,OK,YEAR_AGO,Average of April-25,FALSE,,1,Item Label,Selected_Food_Report_April_2026.zip,selected food table Apr26.xlsx,Selected Food April 2026,34,2,B34
2026-03-01,2026-04-01,POTATO_SWEET,Sweet potatoes,Sweet potatoes,,,NATIONAL,Nigeria,828.3438406529549,OK,PRIOR_MONTH,Average of March-26,FALSE,,1,Item Label,Selected_Food_Report_April_2026.zip,selected food table Apr26.xlsx,Selected Food April 2026,34,3,C34
2026-04-01,2026-04-01,POTATO_SWEET,Sweet potatoes,Sweet potatoes,,,NATIONAL,Nigeria,844.2952064822684,OK,CURRENT_MONTH,Average of April-26,TRUE,,1,Item Label,Selected_Food_Report_April_2026.zip,selected food table Apr26.xlsx,Selected Food April 2026,34,4,D34
2025-04-01,2026-04-01,FISH_TILAPIA_FRESH,Tilapia fresh fish (Epiya),Tilapia fresh fish (Epiya),,,NATIONAL,Nigeria,5489.282024685323,OK,YEAR_AGO,Average of April-25,FALSE,,1,Item Label,Selected_Food_Report_April_2026.zip,selected food table Apr26.xlsx,Selected Food April 2026,35,2,B35
2026-03-01,2026-04-01,FISH_TILAPIA_FRESH,Tilapia fresh fish (Epiya),Tilapia fresh fish (Epiya),,,NATIONAL,Nigeria,5875.264028528877,OK,PRIOR_MONTH,Average of March-26,FALSE,,1,Item Label,Selected_Food_Report_April_2026.zip,selected food table Apr26.xlsx,Selected Food April 2026,35,3,C35
2026-04-01,2026-04-01,FISH_TILAPIA_FRESH,Tilapia fresh fish (Epiya),Tilapia fresh fish (Epiya),,,NATIONAL,Nigeria,5885.781865113797,OK,CURRENT_MONTH,Average of April-26,TRUE,,1,Item Label,Selected_Food_Report_April_2026.zip,selected food table Apr26.xlsx,Selected Food April 2026,35,4,D35
2025-04-01,2026-04-01,MILK_EVAP_PEAK_150G,"Tin Milk-Evaporated, Peak Milk, 150g","Tin Milk-Evaporated, Peak Milk, 150g",150 g,SPREADSHEET_LABEL,NATIONAL,Nigeria,994.191736164736,OK,YEAR_AGO,Average of April-25,FALSE,,1,Item Label,Selected_Food_Report_April_2026.zip,selected food table Apr26.xlsx,Selected Food April 2026,36,2,B36
2026-03-01,2026-04-01,MILK_EVAP_PEAK_150G,"Tin Milk-Evaporated, Peak Milk, 150g","Tin Milk-Evaporated, Peak Milk, 150g",150 g,SPREADSHEET_LABEL,NATIONAL,Nigeria,1050.0039301348254,OK,PRIOR_MONTH,Average of March-26,FALSE,,1,Item Label,Selected_Food_Report_April_2026.zip,selected food table Apr26.xlsx,Selected Food April 2026,36,3,C36
2026-04-01,2026-04-01,MILK_EVAP_PEAK_150G,"Tin Milk-Evaporated, Peak Milk, 150g","Tin Milk-Evaporated, Peak Milk, 150g",150 g,SPREADSHEET_LABEL,NATIONAL,Nigeria,1055.154362656538,OK,CURRENT_MONTH,Average of April-26,TRUE,,1,Item Label,Selected_Food_Report_April_2026.zip,selected food table Apr26.xlsx,Selected Food April 2026,36,4,D36
2025-04-01,2026-04-01,MILK_EVAP_THREECROWN_160G,"Tin Milk-Evaporated, Three Crown Milk, 160g","Tin Milk-Evaporated, Three Crown Milk, 160g",160 g,SPREADSHEET_LABEL,NATIONAL,Nigeria,888.9103697335029,OK,YEAR_AGO,Average of April-25,FALSE,,1,Item Label,Selected_Food_Report_April_2026.zip,selected food table Apr26.xlsx,Selected Food April 2026,37,2,B37
2026-03-01,2026-04-01,MILK_EVAP_THREECROWN_160G,"Tin Milk-Evaporated, Three Crown Milk, 160g","Tin Milk-Evaporated, Three Crown Milk, 160g",160 g,SPREADSHEET_LABEL,NATIONAL,Nigeria,933.1239617579234,OK,PRIOR_MONTH,Average of March-26,FALSE,,1,Item Label,Selected_Food_Report_April_2026.zip,selected food table Apr26.xlsx,Selected Food April 2026,37,3,C37
2026-04-01,2026-04-01,MILK_EVAP_THREECROWN_160G,"Tin Milk-Evaporated, Three Crown Milk, 160g","Tin Milk-Evaporated, Three Crown Milk, 160g",160 g,SPREADSHEET_LABEL,NATIONAL,Nigeria,936.7018974208937,OK,CURRENT_MONTH,Average of April-26,TRUE,,1,Item Label,Selected_Food_Report_April_2026.zip,selected food table Apr26.xlsx,Selected Food April 2026,37,4,D37
2025-04-01,2026-04-01,FISH_TITUS_FROZEN,"Titus, frozen","Titus, frozen",,,NATIONAL,Nigeria,5939.287288693675,OK,YEAR_AGO,Average of April-25,FALSE,,1,Item Label,Selected_Food_Report_April_2026.zip,selected food table Apr26.xlsx,Selected Food April 2026,38,2,B38
2026-03-01,2026-04-01,FISH_TITUS_FROZEN,"Titus, frozen","Titus, frozen",,,NATIONAL,Nigeria,6377.756737339963,OK,PRIOR_MONTH,Average of March-26,FALSE,,1,Item Label,Selected_Food_Report_April_2026.zip,selected food table Apr26.xlsx,Selected Food April 2026,38,3,C38
2026-04-01,2026-04-01,FISH_TITUS_FROZEN,"Titus, frozen","Titus, frozen",,,NATIONAL,Nigeria,6416.582932406275,OK,CURRENT_MONTH,Average of April-26,TRUE,,1,Item Label,Selected_Food_Report_April_2026.zip,selected food table Apr26.xlsx,Selected Food April 2026,38,4,D38
2025-04-01,2026-04-01,TOMATOES_FRESH,"Tomatoes, fresh","Tomatoes, fresh",1 kg,NBS_REPORT_PDF,NATIONAL,Nigeria,1283.5712136417649,OK,YEAR_AGO,Average of April-25,FALSE,,1,Item Label,Selected_Food_Report_April_2026.zip,selected food table Apr26.xlsx,Selected Food April 2026,39,2,B39
2026-03-01,2026-04-01,TOMATOES_FRESH,"Tomatoes, fresh","Tomatoes, fresh",1 kg,NBS_REPORT_PDF,NATIONAL,Nigeria,1104.9520740906787,OK,PRIOR_MONTH,Average of March-26,FALSE,,1,Item Label,Selected_Food_Report_April_2026.zip,selected food table Apr26.xlsx,Selected Food April 2026,39,3,C39
2026-04-01,2026-04-01,TOMATOES_FRESH,"Tomatoes, fresh","Tomatoes, fresh",1 kg,NBS_REPORT_PDF,NATIONAL,Nigeria,1177.9212724226147,OK,CURRENT_MONTH,Average of April-26,TRUE,,1,Item Label,Selected_Food_Report_April_2026.zip,selected food table Apr26.xlsx,Selected Food April 2026,39,4,D39
2025-04-01,2026-04-01,VEG_OIL_75CL,"Vegetable Oil, 75cl","Vegetable Oil, 75cl",75 cl,SPREADSHEET_LABEL,NATIONAL,Nigeria,3374.8094323292303,OK,YEAR_AGO,Average of April-25,FALSE,,1,Item Label,Selected_Food_Report_April_2026.zip,selected food table Apr26.xlsx,Selected Food April 2026,40,2,B40
2026-03-01,2026-04-01,VEG_OIL_75CL,"Vegetable Oil, 75cl","Vegetable Oil, 75cl",75 cl,SPREADSHEET_LABEL,NATIONAL,Nigeria,3242.4759243445446,OK,PRIOR_MONTH,Average of March-26,FALSE,,1,Item Label,Selected_Food_Report_April_2026.zip,selected food table Apr26.xlsx,Selected Food April 2026,40,3,C40
2026-04-01,2026-04-01,VEG_OIL_75CL,"Vegetable Oil, 75cl","Vegetable Oil, 75cl",75 cl,SPREADSHEET_LABEL,NATIONAL,Nigeria,3253.3521792691417,OK,CURRENT_MONTH,Average of April-26,TRUE,,1,Item Label,Selected_Food_Report_April_2026.zip,selected food table Apr26.xlsx,Selected Food April 2026,40,4,D40
2025-04-01,2026-04-01,WATERMELON_WHOLE,"Watermelon whole, medium size fresh","Watermelon whole, medium size fresh",,,NATIONAL,Nigeria,2057.348804901336,OK,YEAR_AGO,Average of April-25,FALSE,,1,Item Label,Selected_Food_Report_April_2026.zip,selected food table Apr26.xlsx,Selected Food April 2026,41,2,B41
2026-03-01,2026-04-01,WATERMELON_WHOLE,"Watermelon whole, medium size fresh","Watermelon whole, medium size fresh",,,NATIONAL,Nigeria,2068.051119358296,OK,PRIOR_MONTH,Average of March-26,FALSE,,1,Item Label,Selected_Food_Report_April_2026.zip,selected food table Apr26.xlsx,Selected Food April 2026,41,3,C41
2026-04-01,2026-04-01,WATERMELON_WHOLE,"Watermelon whole, medium size fresh","Watermelon whole, medium size fresh",,,NATIONAL,Nigeria,2079.2379619594726,OK,CURRENT_MONTH,Average of April-26,TRUE,,1,Item Label,Selected_Food_Report_April_2026.zip,selected food table Apr26.xlsx,Selected Food April 2026,41,4,D41
2025-04-01,2026-04-01,WHEAT_FLOUR_2KG,"Wheat Flour, Prepacked (2kg)","Wheat Flour, Prepacked (2kg)",2 kg,SPREADSHEET_LABEL,NATIONAL,Nigeria,4166.568199613053,OK,YEAR_AGO,Average of April-25,FALSE,,1,Item Label,Selected_Food_Report_April_2026.zip,selected food table Apr26.xlsx,Selected Food April 2026,42,2,B42
2026-03-01,2026-04-01,WHEAT_FLOUR_2KG,"Wheat Flour, Prepacked (2kg)","Wheat Flour, Prepacked (2kg)",2 kg,SPREADSHEET_LABEL,NATIONAL,Nigeria,3660.6056967789846,OK,PRIOR_MONTH,Average of March-26,FALSE,,1,Item Label,Selected_Food_Report_April_2026.zip,selected food table Apr26.xlsx,Selected Food April 2026,42,3,C42
2026-04-01,2026-04-01,WHEAT_FLOUR_2KG,"Wheat Flour, Prepacked (2kg)","Wheat Flour, Prepacked (2kg)",2 kg,SPREADSHEET_LABEL,NATIONAL,Nigeria,3666.5125632119384,OK,CURRENT_MONTH,Average of April-26,TRUE,,1,Item Label,Selected_Food_Report_April_2026.zip,selected food table Apr26.xlsx,Selected Food April 2026,42,4,D42
2025-04-01,2026-04-01,YAM_TUBER,Yam Tuber,Yam Tuber,1 kg,NBS_REPORT_PDF,NATIONAL,Nigeria,2240.083777435253,OK,YEAR_AGO,Average of April-25,FALSE,,1,Item Label,Selected_Food_Report_April_2026.zip,selected food table Apr26.xlsx,Selected Food April 2026,43,2,B43
2026-03-01,2026-04-01,YAM_TUBER,Yam Tuber,Yam Tuber,1 kg,NBS_REPORT_PDF,NATIONAL,Nigeria,2144.6961689132977,OK,PRIOR_MONTH,Average of March-26,FALSE,,1,Item Label,Selected_Food_Report_April_2026.zip,selected food table Apr26.xlsx,Selected Food April 2026,43,3,C43
2026-04-01,2026-04-01,YAM_TUBER,Yam Tuber,Yam Tuber,1 kg,NBS_REPORT_PDF,NATIONAL,Nigeria,2218.4593732075145,OK,CURRENT_MONTH,Average of April-26,TRUE,,1,Item Label,Selected_Food_Report_April_2026.zip,selected food table Apr26.xlsx,Selected Food April 2026,43,4,D43
2024-12-01,2025-12-01,EGG_AGRIC,"Agric hen eggs,","Agric hen eggs,",,,NATIONAL,Nigeria,252.17,OK,YEAR_AGO,Average of December-24,FALSE,,1,Item Label,Selected_Food_Report_Dec_25.zip,selected food table Dec25.xlsx,Selected Food December 2025,2,2,B2
2025-11-01,2025-12-01,EGG_AGRIC,"Agric hen eggs,","Agric hen eggs,",,,NATIONAL,Nigeria,244.9653384010952,OK,PRIOR_MONTH,Average of November-25,FALSE,,1,Item Label,Selected_Food_Report_Dec_25.zip,selected food table Dec25.xlsx,Selected Food December 2025,2,3,C2
2025-12-01,2025-12-01,EGG_AGRIC,"Agric hen eggs,","Agric hen eggs,",,,NATIONAL,Nigeria,240.95684693717112,OK,CURRENT_MONTH,Average of December-25,TRUE,,1,Item Label,Selected_Food_Report_Dec_25.zip,selected food table Dec25.xlsx,Selected Food December 2025,2,4,D2
2024-12-01,2025-12-01,EGG_AGRIC_CRATE30,"Agric hen eggs, (a Crate of 30 pieces)","Agric hen eggs, (a Crate of 30 pieces)",1 crate of 30 pieces,SPREADSHEET_LABEL,NATIONAL,Nigeria,,NOT_REPORTED,YEAR_AGO,Average of December-24,FALSE,,1,Item Label,Selected_Food_Report_Dec_25.zip,selected food table Dec25.xlsx,Selected Food December 2025,3,2,B3
2025-11-01,2025-12-01,EGG_AGRIC_CRATE30,"Agric hen eggs, (a Crate of 30 pieces)","Agric hen eggs, (a Crate of 30 pieces)",1 crate of 30 pieces,SPREADSHEET_LABEL,NATIONAL,Nigeria,5966.166355090028,OK,PRIOR_MONTH,Average of November-25,FALSE,,1,Item Label,Selected_Food_Report_Dec_25.zip,selected food table Dec25.xlsx,Selected Food December 2025,3,3,C3
2025-12-01,2025-12-01,EGG_AGRIC_CRATE30,"Agric hen eggs, (a Crate of 30 pieces)","Agric hen eggs, (a Crate of 30 pieces)",1 crate of 30 pieces,SPREADSHEET_LABEL,NATIONAL,Nigeria,5927.106264039954,OK,CURRENT_MONTH,Average of December-25,TRUE,,1,Item Label,Selected_Food_Report_Dec_25.zip,selected food table Dec25.xlsx,Selected Food December 2025,3,4,D3
2024-12-01,2025-12-01,BEANS_BROWN,Beans Brown,Beans Brown,1 kg,NBS_REPORT_PDF,NATIONAL,Nigeria,2501.32352545728,OK,YEAR_AGO,Average of December-24,FALSE,,1,Item Label,Selected_Food_Report_Dec_25.zip,selected food table Dec25.xlsx,Selected Food December 2025,4,2,B4
2025-11-01,2025-12-01,BEANS_BROWN,Beans Brown,Beans Brown,1 kg,NBS_REPORT_PDF,NATIONAL,Nigeria,1547.0277455812504,OK,PRIOR_MONTH,Average of November-25,FALSE,,1,Item Label,Selected_Food_Report_Dec_25.zip,selected food table Dec25.xlsx,Selected Food December 2025,4,3,C4
2025-12-01,2025-12-01,BEANS_BROWN,Beans Brown,Beans Brown,1 kg,NBS_REPORT_PDF,NATIONAL,Nigeria,1250.1114353511443,OK,CURRENT_MONTH,Average of December-25,TRUE,,1,Item Label,Selected_Food_Report_Dec_25.zip,selected food table Dec25.xlsx,Selected Food December 2025,4,4,D4
2024-12-01,2025-12-01,BEANS_WHITE,Beans white,Beans white,,,NATIONAL,Nigeria,2319.0422043194067,OK,YEAR_AGO,Average of December-24,FALSE,,1,Item Label,Selected_Food_Report_Dec_25.zip,selected food table Dec25.xlsx,Selected Food December 2025,5,2,B5
2025-11-01,2025-12-01,BEANS_WHITE,Beans white,Beans white,,,NATIONAL,Nigeria,1430.582470228561,OK,PRIOR_MONTH,Average of November-25,FALSE,,1,Item Label,Selected_Food_Report_Dec_25.zip,selected food table Dec25.xlsx,Selected Food December 2025,5,3,C5
2025-12-01,2025-12-01,BEANS_WHITE,Beans white,Beans white,,,NATIONAL,Nigeria,1200.8776927395431,OK,CURRENT_MONTH,Average of December-25,TRUE,,1,Item Label,Selected_Food_Report_Dec_25.zip,selected food table Dec25.xlsx,Selected Food December 2025,5,4,D5
2024-12-01,2025-12-01,BEEF_BONELESS,Beef Boneless,Beef Boneless,1 kg,NBS_REPORT_PDF,NATIONAL,Nigeria,6150.18288265039,OK,YEAR_AGO,Average of December-24,FALSE,,1,Item Label,Selected_Food_Report_Dec_25.zip,selected food table Dec25.xlsx,Selected Food December 2025,6,2,B6
2025-11-01,2025-12-01,BEEF_BONELESS,Beef Boneless,Beef Boneless,1 kg,NBS_REPORT_PDF,NATIONAL,Nigeria,6908.218147414411,OK,PRIOR_MONTH,Average of November-25,FALSE,,1,Item Label,Selected_Food_Report_Dec_25.zip,selected food table Dec25.xlsx,Selected Food December 2025,6,3,C6
2025-12-01,2025-12-01,BEEF_BONELESS,Beef Boneless,Beef Boneless,1 kg,NBS_REPORT_PDF,NATIONAL,Nigeria,6885.086262588314,OK,CURRENT_MONTH,Average of December-25,TRUE,,1,Item Label,Selected_Food_Report_Dec_25.zip,selected food table Dec25.xlsx,Selected Food December 2025,6,4,D6
2024-12-01,2025-12-01,BREAD_SLICED_450G,"Bread (sliced), 450g","Bread (sliced), 450g",450 g,SPREADSHEET_LABEL,NATIONAL,Nigeria,,NOT_REPORTED,YEAR_AGO,Average of December-24,FALSE,,1,Item Label,Selected_Food_Report_Dec_25.zip,selected food table Dec25.xlsx,Selected Food December 2025,7,2,B7
2025-11-01,2025-12-01,BREAD_SLICED_450G,"Bread (sliced), 450g","Bread (sliced), 450g",450 g,SPREADSHEET_LABEL,NATIONAL,Nigeria,1677.2828056540436,OK,PRIOR_MONTH,Average of November-25,FALSE,,1,Item Label,Selected_Food_Report_Dec_25.zip,selected food table Dec25.xlsx,Selected Food December 2025,7,3,C7
2025-12-01,2025-12-01,BREAD_SLICED_450G,"Bread (sliced), 450g","Bread (sliced), 450g",450 g,SPREADSHEET_LABEL,NATIONAL,Nigeria,1667.6311744669272,OK,CURRENT_MONTH,Average of December-25,TRUE,,1,Item Label,Selected_Food_Report_Dec_25.zip,selected food table Dec25.xlsx,Selected Food December 2025,7,4,D7
2024-12-01,2025-12-01,BREAD_UNSLICED_450G,"Bread (unsliced), 450g","Bread (unsliced), 450g",450 g,SPREADSHEET_LABEL,NATIONAL,Nigeria,,NOT_REPORTED,YEAR_AGO,Average of December-24,FALSE,,1,Item Label,Selected_Food_Report_Dec_25.zip,selected food table Dec25.xlsx,Selected Food December 2025,8,2,B8
2025-11-01,2025-12-01,BREAD_UNSLICED_450G,"Bread (unsliced), 450g","Bread (unsliced), 450g",450 g,SPREADSHEET_LABEL,NATIONAL,Nigeria,1580.6314178491464,OK,PRIOR_MONTH,Average of November-25,FALSE,,1,Item Label,Selected_Food_Report_Dec_25.zip,selected food table Dec25.xlsx,Selected Food December 2025,8,3,C8
2025-12-01,2025-12-01,BREAD_UNSLICED_450G,"Bread (unsliced), 450g","Bread (unsliced), 450g",450 g,SPREADSHEET_LABEL,NATIONAL,Nigeria,1581.2866809402326,OK,CURRENT_MONTH,Average of December-25,TRUE,,1,Item Label,Selected_Food_Report_Dec_25.zip,selected food table Dec25.xlsx,Selected Food December 2025,8,4,D8
2024-12-01,2025-12-01,CARROTS_FRESH,"Carrots, fresh","Carrots, fresh",1 kg,NBS_REPORT_PDF,NATIONAL,Nigeria,,NOT_REPORTED,YEAR_AGO,Average of December-24,FALSE,,1,Item Label,Selected_Food_Report_Dec_25.zip,selected food table Dec25.xlsx,Selected Food December 2025,9,2,B9
2025-11-01,2025-12-01,CARROTS_FRESH,"Carrots, fresh","Carrots, fresh",1 kg,NBS_REPORT_PDF,NATIONAL,Nigeria,1923.610420813202,OK,PRIOR_MONTH,Average of November-25,FALSE,,1,Item Label,Selected_Food_Report_Dec_25.zip,selected food table Dec25.xlsx,Selected Food December 2025,9,3,C9
2025-12-01,2025-12-01,CARROTS_FRESH,"Carrots, fresh","Carrots, fresh",1 kg,NBS_REPORT_PDF,NATIONAL,Nigeria,1920.3325484935265,OK,CURRENT_MONTH,Average of December-25,TRUE,,1,Item Label,Selected_Food_Report_Dec_25.zip,selected food table Dec25.xlsx,Selected Food December 2025,9,4,D9
2024-12-01,2025-12-01,FISH_CATFISH_FRESH,Cat fresh fish,Cat fresh fish,,,NATIONAL,Nigeria,4347.444551175032,OK,YEAR_AGO,Average of December-24,FALSE,,1,Item Label,Selected_Food_Report_Dec_25.zip,selected food table Dec25.xlsx,Selected Food December 2025,10,2,B10
2025-11-01,2025-12-01,FISH_CATFISH_FRESH,Cat fresh fish,Cat fresh fish,,,NATIONAL,Nigeria,6097.447923762898,OK,PRIOR_MONTH,Average of November-25,FALSE,,1,Item Label,Selected_Food_Report_Dec_25.zip,selected food table Dec25.xlsx,Selected Food December 2025,10,3,C10
2025-12-01,2025-12-01,FISH_CATFISH_FRESH,Cat fresh fish,Cat fresh fish,,,NATIONAL,Nigeria,6068.397122843194,OK,CURRENT_MONTH,Average of December-25,TRUE,,1,Item Label,Selected_Food_Report_Dec_25.zip,selected food table Dec25.xlsx,Selected Food December 2025,10,4,D10
2024-12-01,2025-12-01,CHICKEN_FEET,Chicken feet,Chicken feet,,,NATIONAL,Nigeria,3397.833350159044,OK,YEAR_AGO,Average of December-24,FALSE,,1,Item Label,Selected_Food_Report_Dec_25.zip,selected food table Dec25.xlsx,Selected Food December 2025,11,2,B11
2025-11-01,2025-12-01,CHICKEN_FEET,Chicken feet,Chicken feet,,,NATIONAL,Nigeria,3743.1196432478814,OK,PRIOR_MONTH,Average of November-25,FALSE,,1,Item Label,Selected_Food_Report_Dec_25.zip,selected food table Dec25.xlsx,Selected Food December 2025,11,3,C11
2025-12-01,2025-12-01,CHICKEN_FEET,Chicken feet,Chicken feet,,,NATIONAL,Nigeria,3956.88179194173,OK,CURRENT_MONTH,Average of December-25,TRUE,,1,Item Label,Selected_Food_Report_Dec_25.zip,selected food table Dec25.xlsx,Selected Food December 2025,11,4,D11
2024-12-01,2025-12-01,CHICKEN_MEAT_FROZEN,Chicken meat (Frozen),Chicken meat (Frozen),,,NATIONAL,Nigeria,6473.806417137772,OK,YEAR_AGO,Average of December-24,FALSE,,1,Item Label,Selected_Food_Report_Dec_25.zip,selected food table Dec25.xlsx,Selected Food December 2025,12,2,B12
2025-11-01,2025-12-01,CHICKEN_MEAT_FROZEN,Chicken meat (Frozen),Chicken meat (Frozen),,,NATIONAL,Nigeria,5924.198212496068,OK,PRIOR_MONTH,Average of November-25,FALSE,,1,Item Label,Selected_Food_Report_Dec_25.zip,selected food table Dec25.xlsx,Selected Food December 2025,12,3,C12
2025-12-01,2025-12-01,CHICKEN_MEAT_FROZEN,Chicken meat (Frozen),Chicken meat (Frozen),,,NATIONAL,Nigeria,5910.029839949825,OK,CURRENT_MONTH,Average of December-25,TRUE,,1,Item Label,Selected_Food_Report_Dec_25.zip,selected food table Dec25.xlsx,Selected Food December 2025,12,4,D12
2024-12-01,2025-12-01,CHICKEN_WINGS,Chicken Wings,Chicken Wings,,,NATIONAL,Nigeria,4422.802156232942,OK,YEAR_AGO,Average of December-24,FALSE,,1,Item Label,Selected_Food_Report_Dec_25.zip,selected food table Dec25.xlsx,Selected Food December 2025,13,2,B13
2025-11-01,2025-12-01,CHICKEN_WINGS,Chicken Wings,Chicken Wings,,,NATIONAL,Nigeria,4954.242122027532,OK,PRIOR_MONTH,Average of November-25,FALSE,,1,Item Label,Selected_Food_Report_Dec_25.zip,selected food table Dec25.xlsx,Selected Food December 2025,13,3,C13
2025-12-01,2025-12-01,CHICKEN_WINGS,Chicken Wings,Chicken Wings,,,NATIONAL,Nigeria,4992.944682300731,OK,CURRENT_MONTH,Average of December-25,TRUE,,1,Item Label,Selected_Food_Report_Dec_25.zip,selected food table Dec25.xlsx,Selected Food December 2025,13,4,D13
2024-12-01,2025-12-01,CRAYFISH_SMALL_WHITE,Cray fish small white,Cray fish small white,1 kg,NBS_REPORT_PDF,NATIONAL,Nigeria,,NOT_REPORTED,YEAR_AGO,Average of December-24,FALSE,,1,Item Label,Selected_Food_Report_Dec_25.zip,selected food table Dec25.xlsx,Selected Food December 2025,14,2,B14
2025-11-01,2025-12-01,CRAYFISH_SMALL_WHITE,Cray fish small white,Cray fish small white,1 kg,NBS_REPORT_PDF,NATIONAL,Nigeria,8606.72333004746,OK,PRIOR_MONTH,Average of November-25,FALSE,,1,Item Label,Selected_Food_Report_Dec_25.zip,selected food table Dec25.xlsx,Selected Food December 2025,14,3,C14
2025-12-01,2025-12-01,CRAYFISH_SMALL_WHITE,Cray fish small white,Cray fish small white,1 kg,NBS_REPORT_PDF,NATIONAL,Nigeria,8586.035190351799,OK,CURRENT_MONTH,Average of December-25,TRUE,,1,Item Label,Selected_Food_Report_Dec_25.zip,selected food table Dec25.xlsx,Selected Food December 2025,14,4,D14
2024-12-01,2025-12-01,FISH_DRIED_BONGA,"Dried fish, Bonga","Dried fish, Bonga",,,NATIONAL,Nigeria,,NOT_REPORTED,YEAR_AGO,Average of December-24,FALSE,,1,Item Label,Selected_Food_Report_Dec_25.zip,selected food table Dec25.xlsx,Selected Food December 2025,15,2,B15
2025-11-01,2025-12-01,FISH_DRIED_BONGA,"Dried fish, Bonga","Dried fish, Bonga",,,NATIONAL,Nigeria,7263.979829461666,OK,PRIOR_MONTH,Average of November-25,FALSE,,1,Item Label,Selected_Food_Report_Dec_25.zip,selected food table Dec25.xlsx,Selected Food December 2025,15,3,C15
2025-12-01,2025-12-01,FISH_DRIED_BONGA,"Dried fish, Bonga","Dried fish, Bonga",,,NATIONAL,Nigeria,7243.91031677665,OK,CURRENT_MONTH,Average of December-25,TRUE,,1,Item Label,Selected_Food_Report_Dec_25.zip,selected food table Dec25.xlsx,Selected Food December 2025,15,4,D15
2024-12-01,2025-12-01,GARRI_WHITE,Garri white,Garri white,1 kg,NBS_REPORT_PDF,NATIONAL,Nigeria,1184.766182872789,OK,YEAR_AGO,Average of December-24,FALSE,,1,Item Label,Selected_Food_Report_Dec_25.zip,selected food table Dec25.xlsx,Selected Food December 2025,16,2,B16
2025-11-01,2025-12-01,GARRI_WHITE,Garri white,Garri white,1 kg,NBS_REPORT_PDF,NATIONAL,Nigeria,819.6990852323411,OK,PRIOR_MONTH,Average of November-25,FALSE,,1,Item Label,Selected_Food_Report_Dec_25.zip,selected food table Dec25.xlsx,Selected Food December 2025,16,3,C16
2025-12-01,2025-12-01,GARRI_WHITE,Garri white,Garri white,1 kg,NBS_REPORT_PDF,NATIONAL,Nigeria,776.3559045724118,OK,CURRENT_MONTH,Average of December-25,TRUE,,1,Item Label,Selected_Food_Report_Dec_25.zip,selected food table Dec25.xlsx,Selected Food December 2025,16,4,D16
2024-12-01,2025-12-01,GARRI_YELLOW,Garri Yellow,Garri Yellow,,,NATIONAL,Nigeria,1296.9267315173272,OK,YEAR_AGO,Average of December-24,FALSE,,1,Item Label,Selected_Food_Report_Dec_25.zip,selected food table Dec25.xlsx,Selected Food December 2025,17,2,B17
2025-11-01,2025-12-01,GARRI_YELLOW,Garri Yellow,Garri Yellow,,,NATIONAL,Nigeria,887.9656714472967,OK,PRIOR_MONTH,Average of November-25,FALSE,,1,Item Label,Selected_Food_Report_Dec_25.zip,selected food table Dec25.xlsx,Selected Food December 2025,17,3,C17
2025-12-01,2025-12-01,GARRI_YELLOW,Garri Yellow,Garri Yellow,,,NATIONAL,Nigeria,835.23965312997,OK,CURRENT_MONTH,Average of December-25,TRUE,,1,Item Label,Selected_Food_Report_Dec_25.zip,selected food table Dec25.xlsx,Selected Food December 2025,17,4,D17
2024-12-01,2025-12-01,GINGER_FRESH,"Ginger, fresh","Ginger, fresh",1 kg,NBS_REPORT_PDF,NATIONAL,Nigeria,,NOT_REPORTED,YEAR_AGO,Average of December-24,FALSE,,1,Item Label,Selected_Food_Report_Dec_25.zip,selected food table Dec25.xlsx,Selected Food December 2025,18,2,B18
2025-11-01,2025-12-01,GINGER_FRESH,"Ginger, fresh","Ginger, fresh",1 kg,NBS_REPORT_PDF,NATIONAL,Nigeria,5390.564601331841,OK,PRIOR_MONTH,Average of November-25,FALSE,,1,Item Label,Selected_Food_Report_Dec_25.zip,selected food table Dec25.xlsx,Selected Food December 2025,18,3,C18
2025-12-01,2025-12-01,GINGER_FRESH,"Ginger, fresh","Ginger, fresh",1 kg,NBS_REPORT_PDF,NATIONAL,Nigeria,5361.8486319087515,OK,CURRENT_MONTH,Average of December-25,TRUE,,1,Item Label,Selected_Food_Report_Dec_25.zip,selected food table Dec25.xlsx,Selected Food December 2025,18,4,D18
2024-12-01,2025-12-01,GOAT_MEAT_BONE_IN,Goat Meat Bone in,Goat Meat Bone in,,,NATIONAL,Nigeria,,NOT_REPORTED,YEAR_AGO,Average of December-24,FALSE,,1,Item Label,Selected_Food_Report_Dec_25.zip,selected food table Dec25.xlsx,Selected Food December 2025,19,2,B19
2025-11-01,2025-12-01,GOAT_MEAT_BONE_IN,Goat Meat Bone in,Goat Meat Bone in,,,NATIONAL,Nigeria,6911.3864320600205,OK,PRIOR_MONTH,Average of November-25,FALSE,,1,Item Label,Selected_Food_Report_Dec_25.zip,selected food table Dec25.xlsx,Selected Food December 2025,19,3,C19
2025-12-01,2025-12-01,GOAT_MEAT_BONE_IN,Goat Meat Bone in,Goat Meat Bone in,,,NATIONAL,Nigeria,6848.929899599978,OK,CURRENT_MONTH,Average of December-25,TRUE,,1,Item Label,Selected_Food_Report_Dec_25.zip,selected food table Dec25.xlsx,Selected Food December 2025,19,4,D19
2024-12-01,2025-12-01,GROUNDNUT_OIL_75CL,"Groundnut oil, 75cl","Groundnut oil, 75cl",75 cl,SPREADSHEET_LABEL,NATIONAL,Nigeria,,NOT_REPORTED,YEAR_AGO,Average of December-24,FALSE,,1,Item Label,Selected_Food_Report_Dec_25.zip,selected food table Dec25.xlsx,Selected Food December 2025,20,2,B20
2025-11-01,2025-12-01,GROUNDNUT_OIL_75CL,"Groundnut oil, 75cl","Groundnut oil, 75cl",75 cl,SPREADSHEET_LABEL,NATIONAL,Nigeria,3336.127322859571,OK,PRIOR_MONTH,Average of November-25,FALSE,,1,Item Label,Selected_Food_Report_Dec_25.zip,selected food table Dec25.xlsx,Selected Food December 2025,20,3,C20
2025-12-01,2025-12-01,GROUNDNUT_OIL_75CL,"Groundnut oil, 75cl","Groundnut oil, 75cl",75 cl,SPREADSHEET_LABEL,NATIONAL,Nigeria,3126.5471991209347,OK,CURRENT_MONTH,Average of December-25,TRUE,,1,Item Label,Selected_Food_Report_Dec_25.zip,selected food table Dec25.xlsx,Selected Food December 2025,20,4,D20
2024-12-01,2025-12-01,GROUNDNUTS_ROASTED_75CL,"Groundnuts, roasted,75cl bottle","Groundnuts, roasted,75cl bottle",75 cl bottle,SPREADSHEET_LABEL,NATIONAL,Nigeria,,NOT_REPORTED,YEAR_AGO,Average of December-24,FALSE,,1,Item Label,Selected_Food_Report_Dec_25.zip,selected food table Dec25.xlsx,Selected Food December 2025,21,2,B21
2025-11-01,2025-12-01,GROUNDNUTS_ROASTED_75CL,"Groundnuts, roasted,75cl bottle","Groundnuts, roasted,75cl bottle",75 cl bottle,SPREADSHEET_LABEL,NATIONAL,Nigeria,2669.605741295383,OK,PRIOR_MONTH,Average of November-25,FALSE,,1,Item Label,Selected_Food_Report_Dec_25.zip,selected food table Dec25.xlsx,Selected Food December 2025,21,3,C21
2025-12-01,2025-12-01,GROUNDNUTS_ROASTED_75CL,"Groundnuts, roasted,75cl bottle","Groundnuts, roasted,75cl bottle",75 cl bottle,SPREADSHEET_LABEL,NATIONAL,Nigeria,2589.1120195699827,OK,CURRENT_MONTH,Average of December-25,TRUE,,1,Item Label,Selected_Food_Report_Dec_25.zip,selected food table Dec25.xlsx,Selected Food December 2025,21,4,D21
2024-12-01,2025-12-01,POTATO_IRISH,Irish Potatoe,Irish Potatoe,1 kg,NBS_REPORT_PDF,NATIONAL,Nigeria,1818.2876324441518,OK,YEAR_AGO,Average of December-24,FALSE,,1,Item Label,Selected_Food_Report_Dec_25.zip,selected food table Dec25.xlsx,Selected Food December 2025,22,2,B22
2025-11-01,2025-12-01,POTATO_IRISH,Irish Potatoe,Irish Potatoe,1 kg,NBS_REPORT_PDF,NATIONAL,Nigeria,1706.9224169581964,OK,PRIOR_MONTH,Average of November-25,FALSE,,1,Item Label,Selected_Food_Report_Dec_25.zip,selected food table Dec25.xlsx,Selected Food December 2025,22,3,C22
2025-12-01,2025-12-01,POTATO_IRISH,Irish Potatoe,Irish Potatoe,1 kg,NBS_REPORT_PDF,NATIONAL,Nigeria,1902.608963385862,OK,CURRENT_MONTH,Average of December-25,TRUE,,1,Item Label,Selected_Food_Report_Dec_25.zip,selected food table Dec25.xlsx,Selected Food December 2025,22,4,D22
2024-12-01,2025-12-01,RICE_LOCAL_BROKEN,Local Rice (Broken),Local Rice (Broken),,,NATIONAL,Nigeria,,NOT_REPORTED,YEAR_AGO,Average of December-24,FALSE,,1,Item Label,Selected_Food_Report_Dec_25.zip,selected food table Dec25.xlsx,Selected Food December 2025,23,2,B23
2025-11-01,2025-12-01,RICE_LOCAL_BROKEN,Local Rice (Broken),Local Rice (Broken),,,NATIONAL,Nigeria,2207.9224992035206,OK,PRIOR_MONTH,Average of November-25,FALSE,,1,Item Label,Selected_Food_Report_Dec_25.zip,selected food table Dec25.xlsx,Selected Food December 2025,23,3,C23
2025-12-01,2025-12-01,RICE_LOCAL_BROKEN,Local Rice (Broken),Local Rice (Broken),,,NATIONAL,Nigeria,2169.3123952199585,OK,CURRENT_MONTH,Average of December-25,TRUE,,1,Item Label,Selected_Food_Report_Dec_25.zip,selected food table Dec25.xlsx,Selected Food December 2025,23,4,D23
2024-12-01,2025-12-01,FISH_MACKEREL_FROZEN,"Mackerel, Frozen","Mackerel, Frozen",,,NATIONAL,Nigeria,4287.654017970142,OK,YEAR_AGO,Average of December-24,FALSE,,1,Item Label,Selected_Food_Report_Dec_25.zip,selected food table Dec25.xlsx,Selected Food December 2025,24,2,B24
2025-11-01,2025-12-01,FISH_MACKEREL_FROZEN,"Mackerel, Frozen","Mackerel, Frozen",,,NATIONAL,Nigeria,5818.556382971164,OK,PRIOR_MONTH,Average of November-25,FALSE,,1,Item Label,Selected_Food_Report_Dec_25.zip,selected food table Dec25.xlsx,Selected Food December 2025,24,3,C24
2025-12-01,2025-12-01,FISH_MACKEREL_FROZEN,"Mackerel, Frozen","Mackerel, Frozen",,,NATIONAL,Nigeria,5799.043694799065,OK,CURRENT_MONTH,Average of December-25,TRUE,,1,Item Label,Selected_Food_Report_Dec_25.zip,selected food table Dec25.xlsx,Selected Food December 2025,24,4,D24
2024-12-01,2025-12-01,MAIZE_GRAIN_WHITE_LOOSE,Maize (Corn) Grains (White) sold loose,Maize (Corn) Grains (White) sold loose,1 kg,NBS_REPORT_PDF,NATIONAL,Nigeria,1151.1347128757118,OK,YEAR_AGO,Average of December-24,FALSE,,1,Item Label,Selected_Food_Report_Dec_25.zip,selected food table Dec25.xlsx,Selected Food December 2025,25,2,B25
2025-11-01,2025-12-01,MAIZE_GRAIN_WHITE_LOOSE,Maize (Corn) Grains (White) sold loose,Maize (Corn) Grains (White) sold loose,1 kg,NBS_REPORT_PDF,NATIONAL,Nigeria,843.7726101385778,OK,PRIOR_MONTH,Average of November-25,FALSE,,1,Item Label,Selected_Food_Report_Dec_25.zip,selected food table Dec25.xlsx,Selected Food December 2025,25,3,C25
2025-12-01,2025-12-01,MAIZE_GRAIN_WHITE_LOOSE,Maize (Corn) Grains (White) sold loose,Maize (Corn) Grains (White) sold loose,1 kg,NBS_REPORT_PDF,NATIONAL,Nigeria,798.9693254550754,OK,CURRENT_MONTH,Average of December-25,TRUE,,1,Item Label,Selected_Food_Report_Dec_25.zip,selected food table Dec25.xlsx,Selected Food December 2025,25,4,D25
2024-12-01,2025-12-01,ONIONS_FRESH,"Onions, fresh","Onions, fresh",1 kg,NBS_REPORT_PDF,NATIONAL,Nigeria,2057.8108721538,OK,YEAR_AGO,Average of December-24,FALSE,,1,Item Label,Selected_Food_Report_Dec_25.zip,selected food table Dec25.xlsx,Selected Food December 2025,26,2,B26
2025-11-01,2025-12-01,ONIONS_FRESH,"Onions, fresh","Onions, fresh",1 kg,NBS_REPORT_PDF,NATIONAL,Nigeria,1332.767097118573,OK,PRIOR_MONTH,Average of November-25,FALSE,,1,Item Label,Selected_Food_Report_Dec_25.zip,selected food table Dec25.xlsx,Selected Food December 2025,26,3,C26
2025-12-01,2025-12-01,ONIONS_FRESH,"Onions, fresh","Onions, fresh",1 kg,NBS_REPORT_PDF,NATIONAL,Nigeria,1172.3933182095002,OK,CURRENT_MONTH,Average of December-25,TRUE,,1,Item Label,Selected_Food_Report_Dec_25.zip,selected food table Dec25.xlsx,Selected Food December 2025,26,4,D26
2024-12-01,2025-12-01,PALM_OIL_75CL,"Palm oil, 75cl","Palm oil, 75cl",75 cl,SPREADSHEET_LABEL,NATIONAL,Nigeria,2582.34799869504,OK,YEAR_AGO,Average of December-24,FALSE,,1,Item Label,Selected_Food_Report_Dec_25.zip,selected food table Dec25.xlsx,Selected Food December 2025,27,2,B27
2025-11-01,2025-12-01,PALM_OIL_75CL,"Palm oil, 75cl","Palm oil, 75cl",75 cl,SPREADSHEET_LABEL,NATIONAL,Nigeria,2508.7339193862344,OK,PRIOR_MONTH,Average of November-25,FALSE,,1,Item Label,Selected_Food_Report_Dec_25.zip,selected food table Dec25.xlsx,Selected Food December 2025,27,3,C27
2025-12-01,2025-12-01,PALM_OIL_75CL,"Palm oil, 75cl","Palm oil, 75cl",75 cl,SPREADSHEET_LABEL,NATIONAL,Nigeria,2425.468908255818,OK,CURRENT_MONTH,Average of December-25,TRUE,,1,Item Label,Selected_Food_Report_Dec_25.zip,selected food table Dec25.xlsx,Selected Food December 2025,27,4,D27
2024-12-01,2025-12-01,PLANTAIN_RIPE,Plantain (ripe),Plantain (ripe),,,NATIONAL,Nigeria,1533.6809681028672,OK,YEAR_AGO,Average of December-24,FALSE,,1,Item Label,Selected_Food_Report_Dec_25.zip,selected food table Dec25.xlsx,Selected Food December 2025,28,2,B28
2025-11-01,2025-12-01,PLANTAIN_RIPE,Plantain (ripe),Plantain (ripe),,,NATIONAL,Nigeria,2133.62389235034,OK,PRIOR_MONTH,Average of November-25,FALSE,,1,Item Label,Selected_Food_Report_Dec_25.zip,selected food table Dec25.xlsx,Selected Food December 2025,28,3,C28
2025-12-01,2025-12-01,PLANTAIN_RIPE,Plantain (ripe),Plantain (ripe),,,NATIONAL,Nigeria,2081.028640575847,OK,CURRENT_MONTH,Average of December-25,TRUE,,1,Item Label,Selected_Food_Report_Dec_25.zip,selected food table Dec25.xlsx,Selected Food December 2025,28,4,D28
2024-12-01,2025-12-01,PLANTAIN_UNRIPE,Plantain (unripe),Plantain (unripe),,,NATIONAL,Nigeria,1550.1513842884733,OK,YEAR_AGO,Average of December-24,FALSE,,1,Item Label,Selected_Food_Report_Dec_25.zip,selected food table Dec25.xlsx,Selected Food December 2025,29,2,B29
2025-11-01,2025-12-01,PLANTAIN_UNRIPE,Plantain (unripe),Plantain (unripe),,,NATIONAL,Nigeria,2202.1300179317154,OK,PRIOR_MONTH,Average of November-25,FALSE,,1,Item Label,Selected_Food_Report_Dec_25.zip,selected food table Dec25.xlsx,Selected Food December 2025,29,3,C29
2025-12-01,2025-12-01,PLANTAIN_UNRIPE,Plantain (unripe),Plantain (unripe),,,NATIONAL,Nigeria,2140.2268698664066,OK,CURRENT_MONTH,Average of December-25,TRUE,,1,Item Label,Selected_Food_Report_Dec_25.zip,selected food table Dec25.xlsx,Selected Food December 2025,29,4,D29
2024-12-01,2025-12-01,RICE_LOCAL_SHORT_GRAIN,"Rice Local, short-Grained","Rice Local, short-Grained",1 kg,NBS_REPORT_PDF,NATIONAL,Nigeria,1944.40389945518,OK,YEAR_AGO,Average of December-24,FALSE,,1,Item Label,Selected_Food_Report_Dec_25.zip,selected food table Dec25.xlsx,Selected Food December 2025,30,2,B30
2025-11-01,2025-12-01,RICE_LOCAL_SHORT_GRAIN,"Rice Local, short-Grained","Rice Local, short-Grained",1 kg,NBS_REPORT_PDF,NATIONAL,Nigeria,1861.9490651433712,OK,PRIOR_MONTH,Average of November-25,FALSE,,1,Item Label,Selected_Food_Report_Dec_25.zip,selected food table Dec25.xlsx,Selected Food December 2025,30,3,C30
2025-12-01,2025-12-01,RICE_LOCAL_SHORT_GRAIN,"Rice Local, short-Grained","Rice Local, short-Grained",1 kg,NBS_REPORT_PDF,NATIONAL,Nigeria,1845.0809328860444,OK,CURRENT_MONTH,Average of December-25,TRUE,,1,Item Label,Selected_Food_Report_Dec_25.zip,selected food table Dec25.xlsx,Selected Food December 2025,30,4,D30
2024-12-01,2025-12-01,RICE_IMPORTED_LONG_GRAIN,Rice Long-Grained (Imported),Rice Long-Grained (Imported),,,NATIONAL,Nigeria,2520.775724770338,OK,YEAR_AGO,Average of December-24,FALSE,,1,Item Label,Selected_Food_Report_Dec_25.zip,selected food table Dec25.xlsx,Selected Food December 2025,31,2,B31
2025-11-01,2025-12-01,RICE_IMPORTED_LONG_GRAIN,Rice Long-Grained (Imported),Rice Long-Grained (Imported),,,NATIONAL,Nigeria,2219.547883346318,OK,PRIOR_MONTH,Average of November-25,FALSE,,1,Item Label,Selected_Food_Report_Dec_25.zip,selected food table Dec25.xlsx,Selected Food December 2025,31,3,C31
2025-12-01,2025-12-01,RICE_IMPORTED_LONG_GRAIN,Rice Long-Grained (Imported),Rice Long-Grained (Imported),,,NATIONAL,Nigeria,2201.2193583355447,OK,CURRENT_MONTH,Average of December-25,TRUE,,1,Item Label,Selected_Food_Report_Dec_25.zip,selected food table Dec25.xlsx,Selected Food December 2025,31,4,D31
2024-12-01,2025-12-01,SEMOVITA_1KG,"Semovita, Prepacked (1kg)","Semovita, Prepacked (1kg)",1 kg,SPREADSHEET_LABEL,NATIONAL,Nigeria,,NOT_REPORTED,YEAR_AGO,Average of December-24,FALSE,,1,Item Label,Selected_Food_Report_Dec_25.zip,selected food table Dec25.xlsx,Selected Food December 2025,32,2,B32
2025-11-01,2025-12-01,SEMOVITA_1KG,"Semovita, Prepacked (1kg)","Semovita, Prepacked (1kg)",1 kg,SPREADSHEET_LABEL,NATIONAL,Nigeria,2360.4044264781337,OK,PRIOR_MONTH,Average of November-25,FALSE,,1,Item Label,Selected_Food_Report_Dec_25.zip,selected food table Dec25.xlsx,Selected Food December 2025,32,3,C32
2025-12-01,2025-12-01,SEMOVITA_1KG,"Semovita, Prepacked (1kg)","Semovita, Prepacked (1kg)",1 kg,SPREADSHEET_LABEL,NATIONAL,Nigeria,2270.151175191935,OK,CURRENT_MONTH,Average of December-25,TRUE,,1,Item Label,Selected_Food_Report_Dec_25.zip,selected food table Dec25.xlsx,Selected Food December 2025,32,4,D32
2024-12-01,2025-12-01,FISH_SMOKED_MACKEREL,Smoked fish (Mackerel),Smoked fish (Mackerel),,,NATIONAL,Nigeria,,NOT_REPORTED,YEAR_AGO,Average of December-24,FALSE,,1,Item Label,Selected_Food_Report_Dec_25.zip,selected food table Dec25.xlsx,Selected Food December 2025,33,2,B33
2025-11-01,2025-12-01,FISH_SMOKED_MACKEREL,Smoked fish (Mackerel),Smoked fish (Mackerel),,,NATIONAL,Nigeria,6283.708479783887,OK,PRIOR_MONTH,Average of November-25,FALSE,,1,Item Label,Selected_Food_Report_Dec_25.zip,selected food table Dec25.xlsx,Selected Food December 2025,33,3,C33
2025-12-01,2025-12-01,FISH_SMOKED_MACKEREL,Smoked fish (Mackerel),Smoked fish (Mackerel),,,NATIONAL,Nigeria,6286.567589805612,OK,CURRENT_MONTH,Average of December-25,TRUE,,1,Item Label,Selected_Food_Report_Dec_25.zip,selected food table Dec25.xlsx,Selected Food December 2025,33,4,D33
2024-12-01,2025-12-01,POTATO_SWEET,Sweet potatoes,Sweet potatoes,,,NATIONAL,Nigeria,930.789008126665,OK,YEAR_AGO,Average of December-24,FALSE,,1,Item Label,Selected_Food_Report_Dec_25.zip,selected food table Dec25.xlsx,Selected Food December 2025,34,2,B34
2025-11-01,2025-12-01,POTATO_SWEET,Sweet potatoes,Sweet potatoes,,,NATIONAL,Nigeria,809.6818681039933,OK,PRIOR_MONTH,Average of November-25,FALSE,,1,Item Label,Selected_Food_Report_Dec_25.zip,selected food table Dec25.xlsx,Selected Food December 2025,34,3,C34
2025-12-01,2025-12-01,POTATO_SWEET,Sweet potatoes,Sweet potatoes,,,NATIONAL,Nigeria,752.8599377407112,OK,CURRENT_MONTH,Average of December-25,TRUE,,1,Item Label,Selected_Food_Report_Dec_25.zip,selected food table Dec25.xlsx,Selected Food December 2025,34,4,D34
2024-12-01,2025-12-01,FISH_TILAPIA_FRESH,Tilapia fresh fish (Epiya),Tilapia fresh fish (Epiya),,,NATIONAL,Nigeria,4106.716195474023,OK,YEAR_AGO,Average of December-24,FALSE,,1,Item Label,Selected_Food_Report_Dec_25.zip,selected food table Dec25.xlsx,Selected Food December 2025,35,2,B35
2025-11-01,2025-12-01,FISH_TILAPIA_FRESH,Tilapia fresh fish (Epiya),Tilapia fresh fish (Epiya),,,NATIONAL,Nigeria,5880.416108810753,OK,PRIOR_MONTH,Average of November-25,FALSE,,1,Item Label,Selected_Food_Report_Dec_25.zip,selected food table Dec25.xlsx,Selected Food December 2025,35,3,C35
2025-12-01,2025-12-01,FISH_TILAPIA_FRESH,Tilapia fresh fish (Epiya),Tilapia fresh fish (Epiya),,,NATIONAL,Nigeria,5845.439980463254,OK,CURRENT_MONTH,Average of December-25,TRUE,,1,Item Label,Selected_Food_Report_Dec_25.zip,selected food table Dec25.xlsx,Selected Food December 2025,35,4,D35
2024-12-01,2025-12-01,MILK_EVAP_PEAK_150G,"Tin Milk-Evaporated, Peak Milk, 150g","Tin Milk-Evaporated, Peak Milk, 150g",150 g,SPREADSHEET_LABEL,NATIONAL,Nigeria,1014.7414650661032,OK,YEAR_AGO,Average of December-24,FALSE,,1,Item Label,Selected_Food_Report_Dec_25.zip,selected food table Dec25.xlsx,Selected Food December 2025,36,2,B36
2025-11-01,2025-12-01,MILK_EVAP_PEAK_150G,"Tin Milk-Evaporated, Peak Milk, 150g","Tin Milk-Evaporated, Peak Milk, 150g",150 g,SPREADSHEET_LABEL,NATIONAL,Nigeria,1056.7968204249764,OK,PRIOR_MONTH,Average of November-25,FALSE,,1,Item Label,Selected_Food_Report_Dec_25.zip,selected food table Dec25.xlsx,Selected Food December 2025,36,3,C36
2025-12-01,2025-12-01,MILK_EVAP_PEAK_150G,"Tin Milk-Evaporated, Peak Milk, 150g","Tin Milk-Evaporated, Peak Milk, 150g",150 g,SPREADSHEET_LABEL,NATIONAL,Nigeria,1047.4687296457425,OK,CURRENT_MONTH,Average of December-25,TRUE,,1,Item Label,Selected_Food_Report_Dec_25.zip,selected food table Dec25.xlsx,Selected Food December 2025,36,4,D36
2024-12-01,2025-12-01,MILK_EVAP_THREECROWN_160G,"Tin Milk-Evaporated, Three Crown Milk, 160g","Tin Milk-Evaporated, Three Crown Milk, 160g",160 g,SPREADSHEET_LABEL,NATIONAL,Nigeria,,NOT_REPORTED,YEAR_AGO,Average of December-24,FALSE,,1,Item Label,Selected_Food_Report_Dec_25.zip,selected food table Dec25.xlsx,Selected Food December 2025,37,2,B37
2025-11-01,2025-12-01,MILK_EVAP_THREECROWN_160G,"Tin Milk-Evaporated, Three Crown Milk, 160g","Tin Milk-Evaporated, Three Crown Milk, 160g",160 g,SPREADSHEET_LABEL,NATIONAL,Nigeria,950.7691424919699,OK,PRIOR_MONTH,Average of November-25,FALSE,,1,Item Label,Selected_Food_Report_Dec_25.zip,selected food table Dec25.xlsx,Selected Food December 2025,37,3,C37
2025-12-01,2025-12-01,MILK_EVAP_THREECROWN_160G,"Tin Milk-Evaporated, Three Crown Milk, 160g","Tin Milk-Evaporated, Three Crown Milk, 160g",160 g,SPREADSHEET_LABEL,NATIONAL,Nigeria,928.6625648885415,OK,CURRENT_MONTH,Average of December-25,TRUE,,1,Item Label,Selected_Food_Report_Dec_25.zip,selected food table Dec25.xlsx,Selected Food December 2025,37,4,D37
2024-12-01,2025-12-01,FISH_TITUS_FROZEN,"Titus, frozen","Titus, frozen",,,NATIONAL,Nigeria,4725.165442629427,OK,YEAR_AGO,Average of December-24,FALSE,,1,Item Label,Selected_Food_Report_Dec_25.zip,selected food table Dec25.xlsx,Selected Food December 2025,38,2,B38
2025-11-01,2025-12-01,FISH_TITUS_FROZEN,"Titus, frozen","Titus, frozen",,,NATIONAL,Nigeria,6413.414468709263,OK,PRIOR_MONTH,Average of November-25,FALSE,,1,Item Label,Selected_Food_Report_Dec_25.zip,selected food table Dec25.xlsx,Selected Food December 2025,38,3,C38
2025-12-01,2025-12-01,FISH_TITUS_FROZEN,"Titus, frozen","Titus, frozen",,,NATIONAL,Nigeria,6341.112221562442,OK,CURRENT_MONTH,Average of December-25,TRUE,,1,Item Label,Selected_Food_Report_Dec_25.zip,selected food table Dec25.xlsx,Selected Food December 2025,38,4,D38
2024-12-01,2025-12-01,TOMATOES_FRESH,"Tomatoes, fresh","Tomatoes, fresh",1 kg,NBS_REPORT_PDF,NATIONAL,Nigeria,1453.495667857513,OK,YEAR_AGO,Average of December-24,FALSE,,1,Item Label,Selected_Food_Report_Dec_25.zip,selected food table Dec25.xlsx,Selected Food December 2025,39,2,B39
2025-11-01,2025-12-01,TOMATOES_FRESH,"Tomatoes, fresh","Tomatoes, fresh",1 kg,NBS_REPORT_PDF,NATIONAL,Nigeria,1243.02432880054,OK,PRIOR_MONTH,Average of November-25,FALSE,,1,Item Label,Selected_Food_Report_Dec_25.zip,selected food table Dec25.xlsx,Selected Food December 2025,39,3,C39
2025-12-01,2025-12-01,TOMATOES_FRESH,"Tomatoes, fresh","Tomatoes, fresh",1 kg,NBS_REPORT_PDF,NATIONAL,Nigeria,1057.103853797777,OK,CURRENT_MONTH,Average of December-25,TRUE,,1,Item Label,Selected_Food_Report_Dec_25.zip,selected food table Dec25.xlsx,Selected Food December 2025,39,4,D39
2024-12-01,2025-12-01,VEG_OIL_75CL,"Vegetable Oil, 75cl","Vegetable Oil, 75cl",75 cl,SPREADSHEET_LABEL,NATIONAL,Nigeria,3362.8340562642097,OK,YEAR_AGO,Average of December-24,FALSE,,1,Item Label,Selected_Food_Report_Dec_25.zip,selected food table Dec25.xlsx,Selected Food December 2025,40,2,B40
2025-11-01,2025-12-01,VEG_OIL_75CL,"Vegetable Oil, 75cl","Vegetable Oil, 75cl",75 cl,SPREADSHEET_LABEL,NATIONAL,Nigeria,3264.5453409004067,OK,PRIOR_MONTH,Average of November-25,FALSE,,1,Item Label,Selected_Food_Report_Dec_25.zip,selected food table Dec25.xlsx,Selected Food December 2025,40,3,C40
2025-12-01,2025-12-01,VEG_OIL_75CL,"Vegetable Oil, 75cl","Vegetable Oil, 75cl",75 cl,SPREADSHEET_LABEL,NATIONAL,Nigeria,3272.2067388649907,OK,CURRENT_MONTH,Average of December-25,TRUE,,1,Item Label,Selected_Food_Report_Dec_25.zip,selected food table Dec25.xlsx,Selected Food December 2025,40,4,D40
2024-12-01,2025-12-01,WATERMELON_WHOLE,"Watermelon whole, medium size fresh","Watermelon whole, medium size fresh",,,NATIONAL,Nigeria,,NOT_REPORTED,YEAR_AGO,Average of December-24,FALSE,,1,Item Label,Selected_Food_Report_Dec_25.zip,selected food table Dec25.xlsx,Selected Food December 2025,41,2,B41
2025-11-01,2025-12-01,WATERMELON_WHOLE,"Watermelon whole, medium size fresh","Watermelon whole, medium size fresh",,,NATIONAL,Nigeria,2120.923761495227,OK,PRIOR_MONTH,Average of November-25,FALSE,,1,Item Label,Selected_Food_Report_Dec_25.zip,selected food table Dec25.xlsx,Selected Food December 2025,41,3,C41
2025-12-01,2025-12-01,WATERMELON_WHOLE,"Watermelon whole, medium size fresh","Watermelon whole, medium size fresh",,,NATIONAL,Nigeria,2013.4542235299455,OK,CURRENT_MONTH,Average of December-25,TRUE,,1,Item Label,Selected_Food_Report_Dec_25.zip,selected food table Dec25.xlsx,Selected Food December 2025,41,4,D41
2024-12-01,2025-12-01,WHEAT_FLOUR_2KG,"Wheat Flour, Prepacked (2kg)","Wheat Flour, Prepacked (2kg)",2 kg,SPREADSHEET_LABEL,NATIONAL,Nigeria,3871.4754362969393,OK,YEAR_AGO,Average of December-24,FALSE,,1,Item Label,Selected_Food_Report_Dec_25.zip,selected food table Dec25.xlsx,Selected Food December 2025,42,2,B42
2025-11-01,2025-12-01,WHEAT_FLOUR_2KG,"Wheat Flour, Prepacked (2kg)","Wheat Flour, Prepacked (2kg)",2 kg,SPREADSHEET_LABEL,NATIONAL,Nigeria,3808.5363510907555,OK,PRIOR_MONTH,Average of November-25,FALSE,,1,Item Label,Selected_Food_Report_Dec_25.zip,selected food table Dec25.xlsx,Selected Food December 2025,42,3,C42
2025-12-01,2025-12-01,WHEAT_FLOUR_2KG,"Wheat Flour, Prepacked (2kg)","Wheat Flour, Prepacked (2kg)",2 kg,SPREADSHEET_LABEL,NATIONAL,Nigeria,3652.109086375852,OK,CURRENT_MONTH,Average of December-25,TRUE,,1,Item Label,Selected_Food_Report_Dec_25.zip,selected food table Dec25.xlsx,Selected Food December 2025,42,4,D42
2024-12-01,2025-12-01,YAM_TUBER,Yam Tuber,Yam Tuber,1 kg,NBS_REPORT_PDF,NATIONAL,Nigeria,1905.9009786079298,OK,YEAR_AGO,Average of December-24,FALSE,,1,Item Label,Selected_Food_Report_Dec_25.zip,selected food table Dec25.xlsx,Selected Food December 2025,43,2,B43
2025-11-01,2025-12-01,YAM_TUBER,Yam Tuber,Yam Tuber,1 kg,NBS_REPORT_PDF,NATIONAL,Nigeria,2035.592298029741,OK,PRIOR_MONTH,Average of November-25,FALSE,,1,Item Label,Selected_Food_Report_Dec_25.zip,selected food table Dec25.xlsx,Selected Food December 2025,43,3,C43
2025-12-01,2025-12-01,YAM_TUBER,Yam Tuber,Yam Tuber,1 kg,NBS_REPORT_PDF,NATIONAL,Nigeria,2054.630728108715,OK,CURRENT_MONTH,Average of December-25,TRUE,,1,Item Label,Selected_Food_Report_Dec_25.zip,selected food table Dec25.xlsx,Selected Food December 2025,43,4,D43
2025-02-01,2026-02-01,EGG_AGRIC,"Agric hen eggs,","Agric hen eggs,",,,NATIONAL,Nigeria,251.94051654054056,OK,YEAR_AGO,Average of February-25,FALSE,,1,Item Label,Selected_Food_Report_Feb_2026.zip,selected food table Feb 26.xlsx,Selected Food February 2026,2,2,B2
2026-01-01,2026-02-01,EGG_AGRIC,"Agric hen eggs,","Agric hen eggs,",,,NATIONAL,Nigeria,240.1632790829544,OK,PRIOR_MONTH,Average of January-26,FALSE,,1,Item Label,Selected_Food_Report_Feb_2026.zip,selected food table Feb 26.xlsx,Selected Food February 2026,2,3,C2
2026-02-01,2026-02-01,EGG_AGRIC,"Agric hen eggs,","Agric hen eggs,",,,NATIONAL,Nigeria,248.34928079654358,OK,CURRENT_MONTH,Average of February-26,TRUE,,1,Item Label,Selected_Food_Report_Feb_2026.zip,selected food table Feb 26.xlsx,Selected Food February 2026,2,4,D2
2025-02-01,2026-02-01,EGG_AGRIC_CRATE30,"Agric hen eggs, (a Crate of 30 pieces)","Agric hen eggs, (a Crate of 30 pieces)",1 crate of 30 pieces,SPREADSHEET_LABEL,NATIONAL,Nigeria,5976.115851545045,OK,YEAR_AGO,Average of February-25,FALSE,,1,Item Label,Selected_Food_Report_Feb_2026.zip,selected food table Feb 26.xlsx,Selected Food February 2026,3,2,B3
2026-01-01,2026-02-01,EGG_AGRIC_CRATE30,"Agric hen eggs, (a Crate of 30 pieces)","Agric hen eggs, (a Crate of 30 pieces)",1 crate of 30 pieces,SPREADSHEET_LABEL,NATIONAL,Nigeria,5923.164846365731,OK,PRIOR_MONTH,Average of January-26,FALSE,,1,Item Label,Selected_Food_Report_Feb_2026.zip,selected food table Feb 26.xlsx,Selected Food February 2026,3,3,C3
2026-02-01,2026-02-01,EGG_AGRIC_CRATE30,"Agric hen eggs, (a Crate of 30 pieces)","Agric hen eggs, (a Crate of 30 pieces)",1 crate of 30 pieces,SPREADSHEET_LABEL,NATIONAL,Nigeria,6007.352086489929,OK,CURRENT_MONTH,Average of February-26,TRUE,,1,Item Label,Selected_Food_Report_Feb_2026.zip,selected food table Feb 26.xlsx,Selected Food February 2026,3,4,D3
2025-02-01,2026-02-01,BEANS_BROWN,Beans Brown,Beans Brown,1 kg,NBS_REPORT_PDF,NATIONAL,Nigeria,2465.9627716485425,OK,YEAR_AGO,Average of February-25,FALSE,,1,Item Label,Selected_Food_Report_Feb_2026.zip,selected food table Feb 26.xlsx,Selected Food February 2026,4,2,B4
2026-01-01,2026-02-01,BEANS_BROWN,Beans Brown,Beans Brown,1 kg,NBS_REPORT_PDF,NATIONAL,Nigeria,1262.4259913573987,OK,PRIOR_MONTH,Average of January-26,FALSE,,1,Item Label,Selected_Food_Report_Feb_2026.zip,selected food table Feb 26.xlsx,Selected Food February 2026,4,3,C4
2026-02-01,2026-02-01,BEANS_BROWN,Beans Brown,Beans Brown,1 kg,NBS_REPORT_PDF,NATIONAL,Nigeria,1307.4430519039395,OK,CURRENT_MONTH,Average of February-26,TRUE,,1,Item Label,Selected_Food_Report_Feb_2026.zip,selected food table Feb 26.xlsx,Selected Food February 2026,4,4,D4
2025-02-01,2026-02-01,BEANS_WHITE,Beans white,Beans white,,,NATIONAL,Nigeria,2114.329235707744,OK,YEAR_AGO,Average of February-25,FALSE,,1,Item Label,Selected_Food_Report_Feb_2026.zip,selected food table Feb 26.xlsx,Selected Food February 2026,5,2,B5
2026-01-01,2026-02-01,BEANS_WHITE,Beans white,Beans white,,,NATIONAL,Nigeria,1209.9093026900814,OK,PRIOR_MONTH,Average of January-26,FALSE,,1,Item Label,Selected_Food_Report_Feb_2026.zip,selected food table Feb 26.xlsx,Selected Food February 2026,5,3,C5
2026-02-01,2026-02-01,BEANS_WHITE,Beans white,Beans white,,,NATIONAL,Nigeria,1255.1334410785132,OK,CURRENT_MONTH,Average of February-26,TRUE,,1,Item Label,Selected_Food_Report_Feb_2026.zip,selected food table Feb 26.xlsx,Selected Food February 2026,5,4,D5
2025-02-01,2026-02-01,BEEF_BONELESS,Beef Boneless,Beef Boneless,1 kg,NBS_REPORT_PDF,NATIONAL,Nigeria,6269.45881945785,OK,YEAR_AGO,Average of February-25,FALSE,,1,Item Label,Selected_Food_Report_Feb_2026.zip,selected food table Feb 26.xlsx,Selected Food February 2026,6,2,B6
2026-01-01,2026-02-01,BEEF_BONELESS,Beef Boneless,Beef Boneless,1 kg,NBS_REPORT_PDF,NATIONAL,Nigeria,6874.171309295031,OK,PRIOR_MONTH,Average of January-26,FALSE,,1,Item Label,Selected_Food_Report_Feb_2026.zip,selected food table Feb 26.xlsx,Selected Food February 2026,6,3,C6
2026-02-01,2026-02-01,BEEF_BONELESS,Beef Boneless,Beef Boneless,1 kg,NBS_REPORT_PDF,NATIONAL,Nigeria,6893.872839411953,OK,CURRENT_MONTH,Average of February-26,TRUE,,1,Item Label,Selected_Food_Report_Feb_2026.zip,selected food table Feb 26.xlsx,Selected Food February 2026,6,4,D6
2025-02-01,2026-02-01,BREAD_SLICED_450G,"Bread (sliced), 450g","Bread (sliced), 450g",450 g,SPREADSHEET_LABEL,NATIONAL,Nigeria,1633.18538583033,OK,YEAR_AGO,Average of February-25,FALSE,,1,Item Label,Selected_Food_Report_Feb_2026.zip,selected food table Feb 26.xlsx,Selected Food February 2026,7,2,B7
2026-01-01,2026-02-01,BREAD_SLICED_450G,"Bread (sliced), 450g","Bread (sliced), 450g",450 g,SPREADSHEET_LABEL,NATIONAL,Nigeria,1667.013043683109,OK,PRIOR_MONTH,Average of January-26,FALSE,,1,Item Label,Selected_Food_Report_Feb_2026.zip,selected food table Feb 26.xlsx,Selected Food February 2026,7,3,C7
2026-02-01,2026-02-01,BREAD_SLICED_450G,"Bread (sliced), 450g","Bread (sliced), 450g",450 g,SPREADSHEET_LABEL,NATIONAL,Nigeria,1672.380683756617,OK,CURRENT_MONTH,Average of February-26,TRUE,,1,Item Label,Selected_Food_Report_Feb_2026.zip,selected food table Feb 26.xlsx,Selected Food February 2026,7,4,D7
2025-02-01,2026-02-01,BREAD_UNSLICED_450G,"Bread (unsliced), 450g","Bread (unsliced), 450g",450 g,SPREADSHEET_LABEL,NATIONAL,Nigeria,1497.4271531465035,OK,YEAR_AGO,Average of February-25,FALSE,,1,Item Label,Selected_Food_Report_Feb_2026.zip,selected food table Feb 26.xlsx,Selected Food February 2026,8,2,B8
2026-01-01,2026-02-01,BREAD_UNSLICED_450G,"Bread (unsliced), 450g","Bread (unsliced), 450g",450 g,SPREADSHEET_LABEL,NATIONAL,Nigeria,1583.994806390397,OK,PRIOR_MONTH,Average of January-26,FALSE,,1,Item Label,Selected_Food_Report_Feb_2026.zip,selected food table Feb 26.xlsx,Selected Food February 2026,8,3,C8
2026-02-01,2026-02-01,BREAD_UNSLICED_450G,"Bread (unsliced), 450g","Bread (unsliced), 450g",450 g,SPREADSHEET_LABEL,NATIONAL,Nigeria,1597.4349238982988,OK,CURRENT_MONTH,Average of February-26,TRUE,,1,Item Label,Selected_Food_Report_Feb_2026.zip,selected food table Feb 26.xlsx,Selected Food February 2026,8,4,D8
2025-02-01,2026-02-01,CARROTS_FRESH,"Carrots, fresh","Carrots, fresh",1 kg,NBS_REPORT_PDF,NATIONAL,Nigeria,1838.592826911824,OK,YEAR_AGO,Average of February-25,FALSE,,1,Item Label,Selected_Food_Report_Feb_2026.zip,selected food table Feb 26.xlsx,Selected Food February 2026,9,2,B9
2026-01-01,2026-02-01,CARROTS_FRESH,"Carrots, fresh","Carrots, fresh",1 kg,NBS_REPORT_PDF,NATIONAL,Nigeria,1953.032284421805,OK,PRIOR_MONTH,Average of January-26,FALSE,,1,Item Label,Selected_Food_Report_Feb_2026.zip,selected food table Feb 26.xlsx,Selected Food February 2026,9,3,C9
2026-02-01,2026-02-01,CARROTS_FRESH,"Carrots, fresh","Carrots, fresh",1 kg,NBS_REPORT_PDF,NATIONAL,Nigeria,1970.611274136475,OK,CURRENT_MONTH,Average of February-26,TRUE,,1,Item Label,Selected_Food_Report_Feb_2026.zip,selected food table Feb 26.xlsx,Selected Food February 2026,9,4,D9
2025-02-01,2026-02-01,FISH_CATFISH_FRESH,Cat fresh fish,Cat fresh fish,,,NATIONAL,Nigeria,5284.359541375001,OK,YEAR_AGO,Average of February-25,FALSE,,1,Item Label,Selected_Food_Report_Feb_2026.zip,selected food table Feb 26.xlsx,Selected Food February 2026,10,2,B10
2026-01-01,2026-02-01,FISH_CATFISH_FRESH,Cat fresh fish,Cat fresh fish,,,NATIONAL,Nigeria,6053.602914029602,OK,PRIOR_MONTH,Average of January-26,FALSE,,1,Item Label,Selected_Food_Report_Feb_2026.zip,selected food table Feb 26.xlsx,Selected Food February 2026,10,3,C10
2026-02-01,2026-02-01,FISH_CATFISH_FRESH,Cat fresh fish,Cat fresh fish,,,NATIONAL,Nigeria,6064.9638314077,OK,CURRENT_MONTH,Average of February-26,TRUE,,1,Item Label,Selected_Food_Report_Feb_2026.zip,selected food table Feb 26.xlsx,Selected Food February 2026,10,4,D10
2025-02-01,2026-02-01,CHICKEN_FEET,Chicken feet,Chicken feet,,,NATIONAL,Nigeria,3346.6242356636126,OK,YEAR_AGO,Average of February-25,FALSE,,1,Item Label,Selected_Food_Report_Feb_2026.zip,selected food table Feb 26.xlsx,Selected Food February 2026,11,2,B11
2026-01-01,2026-02-01,CHICKEN_FEET,Chicken feet,Chicken feet,,,NATIONAL,Nigeria,3953.0385998480997,OK,PRIOR_MONTH,Average of January-26,FALSE,,1,Item Label,Selected_Food_Report_Feb_2026.zip,selected food table Feb 26.xlsx,Selected Food February 2026,11,3,C11
2026-02-01,2026-02-01,CHICKEN_FEET,Chicken feet,Chicken feet,,,NATIONAL,Nigeria,3970.9412970337276,OK,CURRENT_MONTH,Average of February-26,TRUE,,1,Item Label,Selected_Food_Report_Feb_2026.zip,selected food table Feb 26.xlsx,Selected Food February 2026,11,4,D11
2025-02-01,2026-02-01,CHICKEN_MEAT_FROZEN,Chicken meat (Frozen),Chicken meat (Frozen),,,NATIONAL,Nigeria,5552.7027027027025,OK,YEAR_AGO,Average of February-25,FALSE,,1,Item Label,Selected_Food_Report_Feb_2026.zip,selected food table Feb 26.xlsx,Selected Food February 2026,12,2,B12
2026-01-01,2026-02-01,CHICKEN_MEAT_FROZEN,Chicken meat (Frozen),Chicken meat (Frozen),,,NATIONAL,Nigeria,5910.027725441917,OK,PRIOR_MONTH,Average of January-26,FALSE,,1,Item Label,Selected_Food_Report_Feb_2026.zip,selected food table Feb 26.xlsx,Selected Food February 2026,12,3,C12
2026-02-01,2026-02-01,CHICKEN_MEAT_FROZEN,Chicken meat (Frozen),Chicken meat (Frozen),,,NATIONAL,Nigeria,5917.605025618603,OK,CURRENT_MONTH,Average of February-26,TRUE,,1,Item Label,Selected_Food_Report_Feb_2026.zip,selected food table Feb 26.xlsx,Selected Food February 2026,12,4,D12
2025-02-01,2026-02-01,CHICKEN_WINGS,Chicken Wings,Chicken Wings,,,NATIONAL,Nigeria,4394.405379046846,OK,YEAR_AGO,Average of February-25,FALSE,,1,Item Label,Selected_Food_Report_Feb_2026.zip,selected food table Feb 26.xlsx,Selected Food February 2026,13,2,B13
2026-01-01,2026-02-01,CHICKEN_WINGS,Chicken Wings,Chicken Wings,,,NATIONAL,Nigeria,4982.102717451487,OK,PRIOR_MONTH,Average of January-26,FALSE,,1,Item Label,Selected_Food_Report_Feb_2026.zip,selected food table Feb 26.xlsx,Selected Food February 2026,13,3,C13
2026-02-01,2026-02-01,CHICKEN_WINGS,Chicken Wings,Chicken Wings,,,NATIONAL,Nigeria,4997.313018217791,OK,CURRENT_MONTH,Average of February-26,TRUE,,1,Item Label,Selected_Food_Report_Feb_2026.zip,selected food table Feb 26.xlsx,Selected Food February 2026,13,4,D13
2025-02-01,2026-02-01,CRAYFISH_SMALL_WHITE,Cray fish small white,Cray fish small white,1 kg,NBS_REPORT_PDF,NATIONAL,Nigeria,6440.441082801802,OK,YEAR_AGO,Average of February-25,FALSE,,1,Item Label,Selected_Food_Report_Feb_2026.zip,selected food table Feb 26.xlsx,Selected Food February 2026,14,2,B14
2026-01-01,2026-02-01,CRAYFISH_SMALL_WHITE,Cray fish small white,Cray fish small white,1 kg,NBS_REPORT_PDF,NATIONAL,Nigeria,8660.060921113944,OK,PRIOR_MONTH,Average of January-26,FALSE,,1,Item Label,Selected_Food_Report_Feb_2026.zip,selected food table Feb 26.xlsx,Selected Food February 2026,14,3,C14
2026-02-01,2026-02-01,CRAYFISH_SMALL_WHITE,Cray fish small white,Cray fish small white,1 kg,NBS_REPORT_PDF,NATIONAL,Nigeria,8785.158287506805,OK,CURRENT_MONTH,Average of February-26,TRUE,,1,Item Label,Selected_Food_Report_Feb_2026.zip,selected food table Feb 26.xlsx,Selected Food February 2026,14,4,D14
2025-02-01,2026-02-01,FISH_DRIED_BONGA,"Dried fish, Bonga","Dried fish, Bonga",,,NATIONAL,Nigeria,6160.021309324324,OK,YEAR_AGO,Average of February-25,FALSE,,1,Item Label,Selected_Food_Report_Feb_2026.zip,selected food table Feb 26.xlsx,Selected Food February 2026,15,2,B15
2026-01-01,2026-02-01,FISH_DRIED_BONGA,"Dried fish, Bonga","Dried fish, Bonga",,,NATIONAL,Nigeria,7268.449111721935,OK,PRIOR_MONTH,Average of January-26,FALSE,,1,Item Label,Selected_Food_Report_Feb_2026.zip,selected food table Feb 26.xlsx,Selected Food February 2026,15,3,C15
2026-02-01,2026-02-01,FISH_DRIED_BONGA,"Dried fish, Bonga","Dried fish, Bonga",,,NATIONAL,Nigeria,7279.894958796047,OK,CURRENT_MONTH,Average of February-26,TRUE,,1,Item Label,Selected_Food_Report_Feb_2026.zip,selected food table Feb 26.xlsx,Selected Food February 2026,15,4,D15
2025-02-01,2026-02-01,GARRI_WHITE,Garri white,Garri white,1 kg,NBS_REPORT_PDF,NATIONAL,Nigeria,1277.2470703903475,OK,YEAR_AGO,Average of February-25,FALSE,,1,Item Label,Selected_Food_Report_Feb_2026.zip,selected food table Feb 26.xlsx,Selected Food February 2026,16,2,B16
2026-01-01,2026-02-01,GARRI_WHITE,Garri white,Garri white,1 kg,NBS_REPORT_PDF,NATIONAL,Nigeria,771.9764099457353,OK,PRIOR_MONTH,Average of January-26,FALSE,,1,Item Label,Selected_Food_Report_Feb_2026.zip,selected food table Feb 26.xlsx,Selected Food February 2026,16,3,C16
2026-02-01,2026-02-01,GARRI_WHITE,Garri white,Garri white,1 kg,NBS_REPORT_PDF,NATIONAL,Nigeria,790.6246042261746,OK,CURRENT_MONTH,Average of February-26,TRUE,,1,Item Label,Selected_Food_Report_Feb_2026.zip,selected food table Feb 26.xlsx,Selected Food February 2026,16,4,D16
2025-02-01,2026-02-01,GARRI_YELLOW,Garri Yellow,Garri Yellow,,,NATIONAL,Nigeria,1378.1547063621408,OK,YEAR_AGO,Average of February-25,FALSE,,1,Item Label,Selected_Food_Report_Feb_2026.zip,selected food table Feb 26.xlsx,Selected Food February 2026,17,2,B17
2026-01-01,2026-02-01,GARRI_YELLOW,Garri Yellow,Garri Yellow,,,NATIONAL,Nigeria,821.9054782674585,OK,PRIOR_MONTH,Average of January-26,FALSE,,1,Item Label,Selected_Food_Report_Feb_2026.zip,selected food table Feb 26.xlsx,Selected Food February 2026,17,3,C17
2026-02-01,2026-02-01,GARRI_YELLOW,Garri Yellow,Garri Yellow,,,NATIONAL,Nigeria,841.7366786068142,OK,CURRENT_MONTH,Average of February-26,TRUE,,1,Item Label,Selected_Food_Report_Feb_2026.zip,selected food table Feb 26.xlsx,Selected Food February 2026,17,4,D17
2025-02-01,2026-02-01,GINGER_FRESH,"Ginger, fresh","Ginger, fresh",1 kg,NBS_REPORT_PDF,NATIONAL,Nigeria,4371.8969465990995,OK,YEAR_AGO,Average of February-25,FALSE,,1,Item Label,Selected_Food_Report_Feb_2026.zip,selected food table Feb 26.xlsx,Selected Food February 2026,18,2,B18
2026-01-01,2026-02-01,GINGER_FRESH,"Ginger, fresh","Ginger, fresh",1 kg,NBS_REPORT_PDF,NATIONAL,Nigeria,5445.03269452446,OK,PRIOR_MONTH,Average of January-26,FALSE,,1,Item Label,Selected_Food_Report_Feb_2026.zip,selected food table Feb 26.xlsx,Selected Food February 2026,18,3,C18
2026-02-01,2026-02-01,GINGER_FRESH,"Ginger, fresh","Ginger, fresh",1 kg,NBS_REPORT_PDF,NATIONAL,Nigeria,5507.430583123195,OK,CURRENT_MONTH,Average of February-26,TRUE,,1,Item Label,Selected_Food_Report_Feb_2026.zip,selected food table Feb 26.xlsx,Selected Food February 2026,18,4,D18
2025-02-01,2026-02-01,GOAT_MEAT_BONE_IN,Goat Meat Bone in,Goat Meat Bone in,,,NATIONAL,Nigeria,6298.893395608558,OK,YEAR_AGO,Average of February-25,FALSE,,1,Item Label,Selected_Food_Report_Feb_2026.zip,selected food table Feb 26.xlsx,Selected Food February 2026,19,2,B19
2026-01-01,2026-02-01,GOAT_MEAT_BONE_IN,Goat Meat Bone in,Goat Meat Bone in,,,NATIONAL,Nigeria,6825.897527124245,OK,PRIOR_MONTH,Average of January-26,FALSE,,1,Item Label,Selected_Food_Report_Feb_2026.zip,selected food table Feb 26.xlsx,Selected Food February 2026,19,3,C19
2026-02-01,2026-02-01,GOAT_MEAT_BONE_IN,Goat Meat Bone in,Goat Meat Bone in,,,NATIONAL,Nigeria,6845.738268698997,OK,CURRENT_MONTH,Average of February-26,TRUE,,1,Item Label,Selected_Food_Report_Feb_2026.zip,selected food table Feb 26.xlsx,Selected Food February 2026,19,4,D19
2025-02-01,2026-02-01,GROUNDNUT_OIL_75CL,"Groundnut oil, 75cl","Groundnut oil, 75cl",75 cl,SPREADSHEET_LABEL,NATIONAL,Nigeria,3039.829476112612,OK,YEAR_AGO,Average of February-25,FALSE,,1,Item Label,Selected_Food_Report_Feb_2026.zip,selected food table Feb 26.xlsx,Selected Food February 2026,20,2,B20
2026-01-01,2026-02-01,GROUNDNUT_OIL_75CL,"Groundnut oil, 75cl","Groundnut oil, 75cl",75 cl,SPREADSHEET_LABEL,NATIONAL,Nigeria,3068.072306527483,OK,PRIOR_MONTH,Average of January-26,FALSE,,1,Item Label,Selected_Food_Report_Feb_2026.zip,selected food table Feb 26.xlsx,Selected Food February 2026,20,3,C20
2026-02-01,2026-02-01,GROUNDNUT_OIL_75CL,"Groundnut oil, 75cl","Groundnut oil, 75cl",75 cl,SPREADSHEET_LABEL,NATIONAL,Nigeria,3085.180192923652,OK,CURRENT_MONTH,Average of February-26,TRUE,,1,Item Label,Selected_Food_Report_Feb_2026.zip,selected food table Feb 26.xlsx,Selected Food February 2026,20,4,D20
2025-02-01,2026-02-01,GROUNDNUTS_ROASTED_75CL,"Groundnuts, roasted,75cl bottle","Groundnuts, roasted,75cl bottle",75 cl bottle,SPREADSHEET_LABEL,NATIONAL,Nigeria,2392.471054513513,OK,YEAR_AGO,Average of February-25,FALSE,,1,Item Label,Selected_Food_Report_Feb_2026.zip,selected food table Feb 26.xlsx,Selected Food February 2026,21,2,B21
2026-01-01,2026-02-01,GROUNDNUTS_ROASTED_75CL,"Groundnuts, roasted,75cl bottle","Groundnuts, roasted,75cl bottle",75 cl bottle,SPREADSHEET_LABEL,NATIONAL,Nigeria,2567.2488276931363,OK,PRIOR_MONTH,Average of January-26,FALSE,,1,Item Label,Selected_Food_Report_Feb_2026.zip,selected food table Feb 26.xlsx,Selected Food February 2026,21,3,C21
2026-02-01,2026-02-01,GROUNDNUTS_ROASTED_75CL,"Groundnuts, roasted,75cl bottle","Groundnuts, roasted,75cl bottle",75 cl bottle,SPREADSHEET_LABEL,NATIONAL,Nigeria,2584.4192390532007,OK,CURRENT_MONTH,Average of February-26,TRUE,,1,Item Label,Selected_Food_Report_Feb_2026.zip,selected food table Feb 26.xlsx,Selected Food February 2026,21,4,D21
2025-02-01,2026-02-01,POTATO_IRISH,Irish Potatoe,Irish Potatoe,1 kg,NBS_REPORT_PDF,NATIONAL,Nigeria,1756.4072669697568,OK,YEAR_AGO,Average of February-25,FALSE,,1,Item Label,Selected_Food_Report_Feb_2026.zip,selected food table Feb 26.xlsx,Selected Food February 2026,22,2,B22
2026-01-01,2026-02-01,POTATO_IRISH,Irish Potatoe,Irish Potatoe,1 kg,NBS_REPORT_PDF,NATIONAL,Nigeria,1973.4507458807332,OK,PRIOR_MONTH,Average of January-26,FALSE,,1,Item Label,Selected_Food_Report_Feb_2026.zip,selected food table Feb 26.xlsx,Selected Food February 2026,22,3,C22
2026-02-01,2026-02-01,POTATO_IRISH,Irish Potatoe,Irish Potatoe,1 kg,NBS_REPORT_PDF,NATIONAL,Nigeria,2008.919460979377,OK,CURRENT_MONTH,Average of February-26,TRUE,,1,Item Label,Selected_Food_Report_Feb_2026.zip,selected food table Feb 26.xlsx,Selected Food February 2026,22,4,D22
2025-02-01,2026-02-01,RICE_LOCAL_BROKEN,Local Rice (Broken),Local Rice (Broken),,,NATIONAL,Nigeria,2564.951820402969,OK,YEAR_AGO,Average of February-25,FALSE,,1,Item Label,Selected_Food_Report_Feb_2026.zip,selected food table Feb 26.xlsx,Selected Food February 2026,23,2,B23
2026-01-01,2026-02-01,RICE_LOCAL_BROKEN,Local Rice (Broken),Local Rice (Broken),,,NATIONAL,Nigeria,2171.745997740476,OK,PRIOR_MONTH,Average of January-26,FALSE,,1,Item Label,Selected_Food_Report_Feb_2026.zip,selected food table Feb 26.xlsx,Selected Food February 2026,23,3,C23
2026-02-01,2026-02-01,RICE_LOCAL_BROKEN,Local Rice (Broken),Local Rice (Broken),,,NATIONAL,Nigeria,2180.498637880816,OK,CURRENT_MONTH,Average of February-26,TRUE,,1,Item Label,Selected_Food_Report_Feb_2026.zip,selected food table Feb 26.xlsx,Selected Food February 2026,23,4,D23
2025-02-01,2026-02-01,FISH_MACKEREL_FROZEN,"Mackerel, Frozen","Mackerel, Frozen",,,NATIONAL,Nigeria,5233.151444246847,OK,YEAR_AGO,Average of February-25,FALSE,,1,Item Label,Selected_Food_Report_Feb_2026.zip,selected food table Feb 26.xlsx,Selected Food February 2026,24,2,B24
2026-01-01,2026-02-01,FISH_MACKEREL_FROZEN,"Mackerel, Frozen","Mackerel, Frozen",,,NATIONAL,Nigeria,5774.600650270193,OK,PRIOR_MONTH,Average of January-26,FALSE,,1,Item Label,Selected_Food_Report_Feb_2026.zip,selected food table Feb 26.xlsx,Selected Food February 2026,24,3,C24
2026-02-01,2026-02-01,FISH_MACKEREL_FROZEN,"Mackerel, Frozen","Mackerel, Frozen",,,NATIONAL,Nigeria,5789.297291628057,OK,CURRENT_MONTH,Average of February-26,TRUE,,1,Item Label,Selected_Food_Report_Feb_2026.zip,selected food table Feb 26.xlsx,Selected Food February 2026,24,4,D24
2025-02-01,2026-02-01,MAIZE_GRAIN_WHITE_LOOSE,Maize (Corn) Grains (White) sold loose,Maize (Corn) Grains (White) sold loose,1 kg,NBS_REPORT_PDF,NATIONAL,Nigeria,1169.3210112602158,OK,YEAR_AGO,Average of February-25,FALSE,,1,Item Label,Selected_Food_Report_Feb_2026.zip,selected food table Feb 26.xlsx,Selected Food February 2026,25,2,B25
2026-01-01,2026-02-01,MAIZE_GRAIN_WHITE_LOOSE,Maize (Corn) Grains (White) sold loose,Maize (Corn) Grains (White) sold loose,1 kg,NBS_REPORT_PDF,NATIONAL,Nigeria,784.5917952651989,OK,PRIOR_MONTH,Average of January-26,FALSE,,1,Item Label,Selected_Food_Report_Feb_2026.zip,selected food table Feb 26.xlsx,Selected Food February 2026,25,3,C25
2026-02-01,2026-02-01,MAIZE_GRAIN_WHITE_LOOSE,Maize (Corn) Grains (White) sold loose,Maize (Corn) Grains (White) sold loose,1 kg,NBS_REPORT_PDF,NATIONAL,Nigeria,795.8172531201585,OK,CURRENT_MONTH,Average of February-26,TRUE,,1,Item Label,Selected_Food_Report_Feb_2026.zip,selected food table Feb 26.xlsx,Selected Food February 2026,25,4,D25
2025-02-01,2026-02-01,ONIONS_FRESH,"Onions, fresh","Onions, fresh",1 kg,NBS_REPORT_PDF,NATIONAL,Nigeria,1372.041902596686,OK,YEAR_AGO,Average of February-25,FALSE,,1,Item Label,Selected_Food_Report_Feb_2026.zip,selected food table Feb 26.xlsx,Selected Food February 2026,26,2,B26
2026-01-01,2026-02-01,ONIONS_FRESH,"Onions, fresh","Onions, fresh",1 kg,NBS_REPORT_PDF,NATIONAL,Nigeria,1123.2611530440272,OK,PRIOR_MONTH,Average of January-26,FALSE,,1,Item Label,Selected_Food_Report_Feb_2026.zip,selected food table Feb 26.xlsx,Selected Food February 2026,26,3,C26
2026-02-01,2026-02-01,ONIONS_FRESH,"Onions, fresh","Onions, fresh",1 kg,NBS_REPORT_PDF,NATIONAL,Nigeria,1135.1183215298256,OK,CURRENT_MONTH,Average of February-26,TRUE,,1,Item Label,Selected_Food_Report_Feb_2026.zip,selected food table Feb 26.xlsx,Selected Food February 2026,26,4,D26
2025-02-01,2026-02-01,PALM_OIL_75CL,"Palm oil, 75cl","Palm oil, 75cl",75 cl,SPREADSHEET_LABEL,NATIONAL,Nigeria,2384.151114086625,OK,YEAR_AGO,Average of February-25,FALSE,,1,Item Label,Selected_Food_Report_Feb_2026.zip,selected food table Feb 26.xlsx,Selected Food February 2026,27,2,B27
2026-01-01,2026-02-01,PALM_OIL_75CL,"Palm oil, 75cl","Palm oil, 75cl",75 cl,SPREADSHEET_LABEL,NATIONAL,Nigeria,2366.280066022777,OK,PRIOR_MONTH,Average of January-26,FALSE,,1,Item Label,Selected_Food_Report_Feb_2026.zip,selected food table Feb 26.xlsx,Selected Food February 2026,27,3,C27
2026-02-01,2026-02-01,PALM_OIL_75CL,"Palm oil, 75cl","Palm oil, 75cl",75 cl,SPREADSHEET_LABEL,NATIONAL,Nigeria,2386.9602820486193,OK,CURRENT_MONTH,Average of February-26,TRUE,,1,Item Label,Selected_Food_Report_Feb_2026.zip,selected food table Feb 26.xlsx,Selected Food February 2026,27,4,D27
2025-02-01,2026-02-01,PLANTAIN_RIPE,Plantain (ripe),Plantain (ripe),,,NATIONAL,Nigeria,1914.4990136459394,OK,YEAR_AGO,Average of February-25,FALSE,,1,Item Label,Selected_Food_Report_Feb_2026.zip,selected food table Feb 26.xlsx,Selected Food February 2026,28,2,B28
2026-01-01,2026-02-01,PLANTAIN_RIPE,Plantain (ripe),Plantain (ripe),,,NATIONAL,Nigeria,2087.218114972527,OK,PRIOR_MONTH,Average of January-26,FALSE,,1,Item Label,Selected_Food_Report_Feb_2026.zip,selected food table Feb 26.xlsx,Selected Food February 2026,28,3,C28
2026-02-01,2026-02-01,PLANTAIN_RIPE,Plantain (ripe),Plantain (ripe),,,NATIONAL,Nigeria,2110.034423495265,OK,CURRENT_MONTH,Average of February-26,TRUE,,1,Item Label,Selected_Food_Report_Feb_2026.zip,selected food table Feb 26.xlsx,Selected Food February 2026,28,4,D28
2025-02-01,2026-02-01,PLANTAIN_UNRIPE,Plantain (unripe),Plantain (unripe),,,NATIONAL,Nigeria,2127.671268425246,OK,YEAR_AGO,Average of February-25,FALSE,,1,Item Label,Selected_Food_Report_Feb_2026.zip,selected food table Feb 26.xlsx,Selected Food February 2026,29,2,B29
2026-01-01,2026-02-01,PLANTAIN_UNRIPE,Plantain (unripe),Plantain (unripe),,,NATIONAL,Nigeria,2120.5445230432806,OK,PRIOR_MONTH,Average of January-26,FALSE,,1,Item Label,Selected_Food_Report_Feb_2026.zip,selected food table Feb 26.xlsx,Selected Food February 2026,29,3,C29
2026-02-01,2026-02-01,PLANTAIN_UNRIPE,Plantain (unripe),Plantain (unripe),,,NATIONAL,Nigeria,2154.8538166556614,OK,CURRENT_MONTH,Average of February-26,TRUE,,1,Item Label,Selected_Food_Report_Feb_2026.zip,selected food table Feb 26.xlsx,Selected Food February 2026,29,4,D29
2025-02-01,2026-02-01,RICE_LOCAL_SHORT_GRAIN,"Rice Local, short-Grained","Rice Local, short-Grained",1 kg,NBS_REPORT_PDF,NATIONAL,Nigeria,2088.821683060393,OK,YEAR_AGO,Average of February-25,FALSE,,1,Item Label,Selected_Food_Report_Feb_2026.zip,selected food table Feb 26.xlsx,Selected Food February 2026,30,2,B30
2026-01-01,2026-02-01,RICE_LOCAL_SHORT_GRAIN,"Rice Local, short-Grained","Rice Local, short-Grained",1 kg,NBS_REPORT_PDF,NATIONAL,Nigeria,1841.8265986421632,OK,PRIOR_MONTH,Average of January-26,FALSE,,1,Item Label,Selected_Food_Report_Feb_2026.zip,selected food table Feb 26.xlsx,Selected Food February 2026,30,3,C30
2026-02-01,2026-02-01,RICE_LOCAL_SHORT_GRAIN,"Rice Local, short-Grained","Rice Local, short-Grained",1 kg,NBS_REPORT_PDF,NATIONAL,Nigeria,1858.9259922731371,OK,CURRENT_MONTH,Average of February-26,TRUE,,1,Item Label,Selected_Food_Report_Feb_2026.zip,selected food table Feb 26.xlsx,Selected Food February 2026,30,4,D30
2025-02-01,2026-02-01,RICE_IMPORTED_LONG_GRAIN,Rice Long-Grained (Imported),Rice Long-Grained (Imported),,,NATIONAL,Nigeria,2565.0914537854455,OK,YEAR_AGO,Average of February-25,FALSE,,1,Item Label,Selected_Food_Report_Feb_2026.zip,selected food table Feb 26.xlsx,Selected Food February 2026,31,2,B31
2026-01-01,2026-02-01,RICE_IMPORTED_LONG_GRAIN,Rice Long-Grained (Imported),Rice Long-Grained (Imported),,,NATIONAL,Nigeria,2197.014883869169,OK,PRIOR_MONTH,Average of January-26,FALSE,,1,Item Label,Selected_Food_Report_Feb_2026.zip,selected food table Feb 26.xlsx,Selected Food February 2026,31,3,C31
2026-02-01,2026-02-01,RICE_IMPORTED_LONG_GRAIN,Rice Long-Grained (Imported),Rice Long-Grained (Imported),,,NATIONAL,Nigeria,2211.794411459619,OK,CURRENT_MONTH,Average of February-26,TRUE,,1,Item Label,Selected_Food_Report_Feb_2026.zip,selected food table Feb 26.xlsx,Selected Food February 2026,31,4,D31
2025-02-01,2026-02-01,SEMOVITA_1KG,"Semovita, Prepacked (1kg)","Semovita, Prepacked (1kg)",1 kg,SPREADSHEET_LABEL,NATIONAL,Nigeria,2089.7943657252254,OK,YEAR_AGO,Average of February-25,FALSE,,1,Item Label,Selected_Food_Report_Feb_2026.zip,selected food table Feb 26.xlsx,Selected Food February 2026,32,2,B32
2026-01-01,2026-02-01,SEMOVITA_1KG,"Semovita, Prepacked (1kg)","Semovita, Prepacked (1kg)",1 kg,SPREADSHEET_LABEL,NATIONAL,Nigeria,2234.234262214284,OK,PRIOR_MONTH,Average of January-26,FALSE,,1,Item Label,Selected_Food_Report_Feb_2026.zip,selected food table Feb 26.xlsx,Selected Food February 2026,32,3,C32
2026-02-01,2026-02-01,SEMOVITA_1KG,"Semovita, Prepacked (1kg)","Semovita, Prepacked (1kg)",1 kg,SPREADSHEET_LABEL,NATIONAL,Nigeria,2241.0433976238114,OK,CURRENT_MONTH,Average of February-26,TRUE,,1,Item Label,Selected_Food_Report_Feb_2026.zip,selected food table Feb 26.xlsx,Selected Food February 2026,32,4,D32
2025-02-01,2026-02-01,FISH_SMOKED_MACKEREL,Smoked fish (Mackerel),Smoked fish (Mackerel),,,NATIONAL,Nigeria,5458.01897597883,OK,YEAR_AGO,Average of February-25,FALSE,,1,Item Label,Selected_Food_Report_Feb_2026.zip,selected food table Feb 26.xlsx,Selected Food February 2026,33,2,B33
2026-01-01,2026-02-01,FISH_SMOKED_MACKEREL,Smoked fish (Mackerel),Smoked fish (Mackerel),,,NATIONAL,Nigeria,6259.722769587541,OK,PRIOR_MONTH,Average of January-26,FALSE,,1,Item Label,Selected_Food_Report_Feb_2026.zip,selected food table Feb 26.xlsx,Selected Food February 2026,33,3,C33
2026-02-01,2026-02-01,FISH_SMOKED_MACKEREL,Smoked fish (Mackerel),Smoked fish (Mackerel),,,NATIONAL,Nigeria,6276.991453650049,OK,CURRENT_MONTH,Average of February-26,TRUE,,1,Item Label,Selected_Food_Report_Feb_2026.zip,selected food table Feb 26.xlsx,Selected Food February 2026,33,4,D33
2025-02-01,2026-02-01,POTATO_SWEET,Sweet potatoes,Sweet potatoes,,,NATIONAL,Nigeria,823.2986999806628,OK,YEAR_AGO,Average of February-25,FALSE,,1,Item Label,Selected_Food_Report_Feb_2026.zip,selected food table Feb 26.xlsx,Selected Food February 2026,34,2,B34
2026-01-01,2026-02-01,POTATO_SWEET,Sweet potatoes,Sweet potatoes,,,NATIONAL,Nigeria,744.6545095271078,OK,PRIOR_MONTH,Average of January-26,FALSE,,1,Item Label,Selected_Food_Report_Feb_2026.zip,selected food table Feb 26.xlsx,Selected Food February 2026,34,3,C34
2026-02-01,2026-02-01,POTATO_SWEET,Sweet potatoes,Sweet potatoes,,,NATIONAL,Nigeria,805.4089807869747,OK,CURRENT_MONTH,Average of February-26,TRUE,,1,Item Label,Selected_Food_Report_Feb_2026.zip,selected food table Feb 26.xlsx,Selected Food February 2026,34,4,D34
2025-02-01,2026-02-01,FISH_TILAPIA_FRESH,Tilapia fresh fish (Epiya),Tilapia fresh fish (Epiya),,,NATIONAL,Nigeria,5103.942028691891,OK,YEAR_AGO,Average of February-25,FALSE,,1,Item Label,Selected_Food_Report_Feb_2026.zip,selected food table Feb 26.xlsx,Selected Food February 2026,35,2,B35
2026-01-01,2026-02-01,FISH_TILAPIA_FRESH,Tilapia fresh fish (Epiya),Tilapia fresh fish (Epiya),,,NATIONAL,Nigeria,5848.641377542854,OK,PRIOR_MONTH,Average of January-26,FALSE,,1,Item Label,Selected_Food_Report_Feb_2026.zip,selected food table Feb 26.xlsx,Selected Food February 2026,35,3,C35
2026-02-01,2026-02-01,FISH_TILAPIA_FRESH,Tilapia fresh fish (Epiya),Tilapia fresh fish (Epiya),,,NATIONAL,Nigeria,5862.4049052063865,OK,CURRENT_MONTH,Average of February-26,TRUE,,1,Item Label,Selected_Food_Report_Feb_2026.zip,selected food table Feb 26.xlsx,Selected Food February 2026,35,4,D35
2025-02-01,2026-02-01,MILK_EVAP_PEAK_150G,"Tin Milk-Evaporated, Peak Milk, 150g","Tin Milk-Evaporated, Peak Milk, 150g",150 g,SPREADSHEET_LABEL,NATIONAL,Nigeria,931.0347338363364,OK,YEAR_AGO,Average of February-25,FALSE,,1,Item Label,Selected_Food_Report_Feb_2026.zip,selected food table Feb 26.xlsx,Selected Food February 2026,36,2,B36
2026-01-01,2026-02-01,MILK_EVAP_PEAK_150G,"Tin Milk-Evaporated, Peak Milk, 150g","Tin Milk-Evaporated, Peak Milk, 150g",150 g,SPREADSHEET_LABEL,NATIONAL,Nigeria,1039.0630194486005,OK,PRIOR_MONTH,Average of January-26,FALSE,,1,Item Label,Selected_Food_Report_Feb_2026.zip,selected food table Feb 26.xlsx,Selected Food February 2026,36,3,C36
2026-02-01,2026-02-01,MILK_EVAP_PEAK_150G,"Tin Milk-Evaporated, Peak Milk, 150g","Tin Milk-Evaporated, Peak Milk, 150g",150 g,SPREADSHEET_LABEL,NATIONAL,Nigeria,1044.5175223896551,OK,CURRENT_MONTH,Average of February-26,TRUE,,1,Item Label,Selected_Food_Report_Feb_2026.zip,selected food table Feb 26.xlsx,Selected Food February 2026,36,4,D36
2025-02-01,2026-02-01,MILK_EVAP_THREECROWN_160G,"Tin Milk-Evaporated, Three Crown Milk, 160g","Tin Milk-Evaporated, Three Crown Milk, 160g",160 g,SPREADSHEET_LABEL,NATIONAL,Nigeria,827.3148444054054,OK,YEAR_AGO,Average of February-25,FALSE,,1,Item Label,Selected_Food_Report_Feb_2026.zip,selected food table Feb 26.xlsx,Selected Food February 2026,37,2,B37
2026-01-01,2026-02-01,MILK_EVAP_THREECROWN_160G,"Tin Milk-Evaporated, Three Crown Milk, 160g","Tin Milk-Evaporated, Three Crown Milk, 160g",160 g,SPREADSHEET_LABEL,NATIONAL,Nigeria,923.2719696279894,OK,PRIOR_MONTH,Average of January-26,FALSE,,1,Item Label,Selected_Food_Report_Feb_2026.zip,selected food table Feb 26.xlsx,Selected Food February 2026,37,3,C37
2026-02-01,2026-02-01,MILK_EVAP_THREECROWN_160G,"Tin Milk-Evaporated, Three Crown Milk, 160g","Tin Milk-Evaporated, Three Crown Milk, 160g",160 g,SPREADSHEET_LABEL,NATIONAL,Nigeria,928.0023430885843,OK,CURRENT_MONTH,Average of February-26,TRUE,,1,Item Label,Selected_Food_Report_Feb_2026.zip,selected food table Feb 26.xlsx,Selected Food February 2026,37,4,D37
2025-02-01,2026-02-01,FISH_TITUS_FROZEN,"Titus, frozen","Titus, frozen",,,NATIONAL,Nigeria,5564.289075565916,OK,YEAR_AGO,Average of February-25,FALSE,,1,Item Label,Selected_Food_Report_Feb_2026.zip,selected food table Feb 26.xlsx,Selected Food February 2026,38,2,B38
2026-01-01,2026-02-01,FISH_TITUS_FROZEN,"Titus, frozen","Titus, frozen",,,NATIONAL,Nigeria,6343.685264509165,OK,PRIOR_MONTH,Average of January-26,FALSE,,1,Item Label,Selected_Food_Report_Feb_2026.zip,selected food table Feb 26.xlsx,Selected Food February 2026,38,3,C38
2026-02-01,2026-02-01,FISH_TITUS_FROZEN,"Titus, frozen","Titus, frozen",,,NATIONAL,Nigeria,6363.686463970369,OK,CURRENT_MONTH,Average of February-26,TRUE,,1,Item Label,Selected_Food_Report_Feb_2026.zip,selected food table Feb 26.xlsx,Selected Food February 2026,38,4,D38
2025-02-01,2026-02-01,TOMATOES_FRESH,"Tomatoes, fresh","Tomatoes, fresh",1 kg,NBS_REPORT_PDF,NATIONAL,Nigeria,1111.1395879256434,OK,YEAR_AGO,Average of February-25,FALSE,,1,Item Label,Selected_Food_Report_Feb_2026.zip,selected food table Feb 26.xlsx,Selected Food February 2026,39,2,B39
2026-01-01,2026-02-01,TOMATOES_FRESH,"Tomatoes, fresh","Tomatoes, fresh",1 kg,NBS_REPORT_PDF,NATIONAL,Nigeria,1024.6460436814316,OK,PRIOR_MONTH,Average of January-26,FALSE,,1,Item Label,Selected_Food_Report_Feb_2026.zip,selected food table Feb 26.xlsx,Selected Food February 2026,39,3,C39
2026-02-01,2026-02-01,TOMATOES_FRESH,"Tomatoes, fresh","Tomatoes, fresh",1 kg,NBS_REPORT_PDF,NATIONAL,Nigeria,1077.429423408858,OK,CURRENT_MONTH,Average of February-26,TRUE,,1,Item Label,Selected_Food_Report_Feb_2026.zip,selected food table Feb 26.xlsx,Selected Food February 2026,39,4,D39
2025-02-01,2026-02-01,VEG_OIL_75CL,"Vegetable Oil, 75cl","Vegetable Oil, 75cl",75 cl,SPREADSHEET_LABEL,NATIONAL,Nigeria,3090.5103853288288,OK,YEAR_AGO,Average of February-25,FALSE,,1,Item Label,Selected_Food_Report_Feb_2026.zip,selected food table Feb 26.xlsx,Selected Food February 2026,40,2,B40
2026-01-01,2026-02-01,VEG_OIL_75CL,"Vegetable Oil, 75cl","Vegetable Oil, 75cl",75 cl,SPREADSHEET_LABEL,NATIONAL,Nigeria,3220.951096973747,OK,PRIOR_MONTH,Average of January-26,FALSE,,1,Item Label,Selected_Food_Report_Feb_2026.zip,selected food table Feb 26.xlsx,Selected Food February 2026,40,3,C40
2026-02-01,2026-02-01,VEG_OIL_75CL,"Vegetable Oil, 75cl","Vegetable Oil, 75cl",75 cl,SPREADSHEET_LABEL,NATIONAL,Nigeria,3233.7863161569317,OK,CURRENT_MONTH,Average of February-26,TRUE,,1,Item Label,Selected_Food_Report_Feb_2026.zip,selected food table Feb 26.xlsx,Selected Food February 2026,40,4,D40
2025-02-01,2026-02-01,WATERMELON_WHOLE,"Watermelon whole, medium size fresh","Watermelon whole, medium size fresh",,,NATIONAL,Nigeria,1926.2041193291504,OK,YEAR_AGO,Average of February-25,FALSE,,1,Item Label,Selected_Food_Report_Feb_2026.zip,selected food table Feb 26.xlsx,Selected Food February 2026,41,2,B41
2026-01-01,2026-02-01,WATERMELON_WHOLE,"Watermelon whole, medium size fresh","Watermelon whole, medium size fresh",,,NATIONAL,Nigeria,2024.2786619364456,OK,PRIOR_MONTH,Average of January-26,FALSE,,1,Item Label,Selected_Food_Report_Feb_2026.zip,selected food table Feb 26.xlsx,Selected Food February 2026,41,3,C41
2026-02-01,2026-02-01,WATERMELON_WHOLE,"Watermelon whole, medium size fresh","Watermelon whole, medium size fresh",,,NATIONAL,Nigeria,2046.909568976239,OK,CURRENT_MONTH,Average of February-26,TRUE,,1,Item Label,Selected_Food_Report_Feb_2026.zip,selected food table Feb 26.xlsx,Selected Food February 2026,41,4,D41
2025-02-01,2026-02-01,WHEAT_FLOUR_2KG,"Wheat Flour, Prepacked (2kg)","Wheat Flour, Prepacked (2kg)",2 kg,SPREADSHEET_LABEL,NATIONAL,Nigeria,3890.802997644842,OK,YEAR_AGO,Average of February-25,FALSE,,1,Item Label,Selected_Food_Report_Feb_2026.zip,selected food table Feb 26.xlsx,Selected Food February 2026,42,2,B42
2026-01-01,2026-02-01,WHEAT_FLOUR_2KG,"Wheat Flour, Prepacked (2kg)","Wheat Flour, Prepacked (2kg)",2 kg,SPREADSHEET_LABEL,NATIONAL,Nigeria,3641.1636565137596,OK,PRIOR_MONTH,Average of January-26,FALSE,,1,Item Label,Selected_Food_Report_Feb_2026.zip,selected food table Feb 26.xlsx,Selected Food February 2026,42,3,C42
2026-02-01,2026-02-01,WHEAT_FLOUR_2KG,"Wheat Flour, Prepacked (2kg)","Wheat Flour, Prepacked (2kg)",2 kg,SPREADSHEET_LABEL,NATIONAL,Nigeria,3650.565738604113,OK,CURRENT_MONTH,Average of February-26,TRUE,,1,Item Label,Selected_Food_Report_Feb_2026.zip,selected food table Feb 26.xlsx,Selected Food February 2026,42,4,D42
2025-02-01,2026-02-01,YAM_TUBER,Yam Tuber,Yam Tuber,1 kg,NBS_REPORT_PDF,NATIONAL,Nigeria,2022.032912530438,OK,YEAR_AGO,Average of February-25,FALSE,,1,Item Label,Selected_Food_Report_Feb_2026.zip,selected food table Feb 26.xlsx,Selected Food February 2026,43,2,B43
2026-01-01,2026-02-01,YAM_TUBER,Yam Tuber,Yam Tuber,1 kg,NBS_REPORT_PDF,NATIONAL,Nigeria,2065.7642917643143,OK,PRIOR_MONTH,Average of January-26,FALSE,,1,Item Label,Selected_Food_Report_Feb_2026.zip,selected food table Feb 26.xlsx,Selected Food February 2026,43,3,C43
2026-02-01,2026-02-01,YAM_TUBER,Yam Tuber,Yam Tuber,1 kg,NBS_REPORT_PDF,NATIONAL,Nigeria,2108.9892589257224,OK,CURRENT_MONTH,Average of February-26,TRUE,,1,Item Label,Selected_Food_Report_Feb_2026.zip,selected food table Feb 26.xlsx,Selected Food February 2026,43,4,D43
2025-01-01,2026-01-01,EGG_AGRIC,"Agric hen eggs,","Agric hen eggs,",,,NATIONAL,Nigeria,248.04139052252253,OK,YEAR_AGO,Average of January-25,FALSE,,1,Item Label,Selected_Food_Report_Jan26.zip,selected food table Jan26.xlsx,Selected Food January 2026,2,2,B2
2025-12-01,2026-01-01,EGG_AGRIC,"Agric hen eggs,","Agric hen eggs,",,,NATIONAL,Nigeria,240.68657666690086,OK,PRIOR_MONTH,Average of December-25,FALSE,,1,Item Label,Selected_Food_Report_Jan26.zip,selected food table Jan26.xlsx,Selected Food January 2026,2,3,C2
2026-01-01,2026-01-01,EGG_AGRIC,"Agric hen eggs,","Agric hen eggs,",,,NATIONAL,Nigeria,240.1632790829544,OK,CURRENT_MONTH,Average of January-26,TRUE,,1,Item Label,Selected_Food_Report_Jan26.zip,selected food table Jan26.xlsx,Selected Food January 2026,2,4,D2
2025-01-01,2026-01-01,EGG_AGRIC_CRATE30,"Agric hen eggs, (a Crate of 30 pieces)","Agric hen eggs, (a Crate of 30 pieces)",1 crate of 30 pieces,SPREADSHEET_LABEL,NATIONAL,Nigeria,5878.140646621622,OK,YEAR_AGO,Average of January-25,FALSE,,1,Item Label,Selected_Food_Report_Jan26.zip,selected food table Jan26.xlsx,Selected Food January 2026,3,2,B3
2025-12-01,2026-01-01,EGG_AGRIC_CRATE30,"Agric hen eggs, (a Crate of 30 pieces)","Agric hen eggs, (a Crate of 30 pieces)",1 crate of 30 pieces,SPREADSHEET_LABEL,NATIONAL,Nigeria,5926.835993769684,OK,PRIOR_MONTH,Average of December-25,FALSE,,1,Item Label,Selected_Food_Report_Jan26.zip,selected food table Jan26.xlsx,Selected Food January 2026,3,3,C3
2026-01-01,2026-01-01,EGG_AGRIC_CRATE30,"Agric hen eggs, (a Crate of 30 pieces)","Agric hen eggs, (a Crate of 30 pieces)",1 crate of 30 pieces,SPREADSHEET_LABEL,NATIONAL,Nigeria,5923.164846365731,OK,CURRENT_MONTH,Average of January-26,TRUE,,1,Item Label,Selected_Food_Report_Jan26.zip,selected food table Jan26.xlsx,Selected Food January 2026,3,4,D3
2025-01-01,2026-01-01,BEANS_BROWN,Beans Brown,Beans Brown,1 kg,NBS_REPORT_PDF,NATIONAL,Nigeria,2458.5332882957205,OK,YEAR_AGO,Average of January-25,FALSE,,1,Item Label,Selected_Food_Report_Jan26.zip,selected food table Jan26.xlsx,Selected Food January 2026,4,2,B4
2025-12-01,2026-01-01,BEANS_BROWN,Beans Brown,Beans Brown,1 kg,NBS_REPORT_PDF,NATIONAL,Nigeria,1250.1114353511443,OK,PRIOR_MONTH,Average of December-25,FALSE,,1,Item Label,Selected_Food_Report_Jan26.zip,selected food table Jan26.xlsx,Selected Food January 2026,4,3,C4
2026-01-01,2026-01-01,BEANS_BROWN,Beans Brown,Beans Brown,1 kg,NBS_REPORT_PDF,NATIONAL,Nigeria,1262.4259913573987,OK,CURRENT_MONTH,Average of January-26,TRUE,,1,Item Label,Selected_Food_Report_Jan26.zip,selected food table Jan26.xlsx,Selected Food January 2026,4,4,D4
2025-01-01,2026-01-01,BEANS_WHITE,Beans white,Beans white,,,NATIONAL,Nigeria,2123.8529942048917,OK,YEAR_AGO,Average of January-25,FALSE,,1,Item Label,Selected_Food_Report_Jan26.zip,selected food table Jan26.xlsx,Selected Food January 2026,5,2,B5
2025-12-01,2026-01-01,BEANS_WHITE,Beans white,Beans white,,,NATIONAL,Nigeria,1200.8776927395431,OK,PRIOR_MONTH,Average of December-25,FALSE,,1,Item Label,Selected_Food_Report_Jan26.zip,selected food table Jan26.xlsx,Selected Food January 2026,5,3,C5
2026-01-01,2026-01-01,BEANS_WHITE,Beans white,Beans white,,,NATIONAL,Nigeria,1209.9093026900814,OK,CURRENT_MONTH,Average of January-26,TRUE,,1,Item Label,Selected_Food_Report_Jan26.zip,selected food table Jan26.xlsx,Selected Food January 2026,5,4,D5
2025-01-01,2026-01-01,BEEF_BONELESS,Beef Boneless,Beef Boneless,1 kg,NBS_REPORT_PDF,NATIONAL,Nigeria,6122.568294312323,OK,YEAR_AGO,Average of January-25,FALSE,,1,Item Label,Selected_Food_Report_Jan26.zip,selected food table Jan26.xlsx,Selected Food January 2026,6,2,B6
2025-12-01,2026-01-01,BEEF_BONELESS,Beef Boneless,Beef Boneless,1 kg,NBS_REPORT_PDF,NATIONAL,Nigeria,6885.086262588314,OK,PRIOR_MONTH,Average of December-25,FALSE,,1,Item Label,Selected_Food_Report_Jan26.zip,selected food table Jan26.xlsx,Selected Food January 2026,6,3,C6
2026-01-01,2026-01-01,BEEF_BONELESS,Beef Boneless,Beef Boneless,1 kg,NBS_REPORT_PDF,NATIONAL,Nigeria,6874.171309295031,OK,CURRENT_MONTH,Average of January-26,TRUE,,1,Item Label,Selected_Food_Report_Jan26.zip,selected food table Jan26.xlsx,Selected Food January 2026,6,4,D6
2025-01-01,2026-01-01,BREAD_SLICED_450G,"Bread (sliced), 450g","Bread (sliced), 450g",450 g,SPREADSHEET_LABEL,NATIONAL,Nigeria,1604.7842497597594,OK,YEAR_AGO,Average of January-25,FALSE,,1,Item Label,Selected_Food_Report_Jan26.zip,selected food table Jan26.xlsx,Selected Food January 2026,7,2,B7
2025-12-01,2026-01-01,BREAD_SLICED_450G,"Bread (sliced), 450g","Bread (sliced), 450g",450 g,SPREADSHEET_LABEL,NATIONAL,Nigeria,1667.6311744669272,OK,PRIOR_MONTH,Average of December-25,FALSE,,1,Item Label,Selected_Food_Report_Jan26.zip,selected food table Jan26.xlsx,Selected Food January 2026,7,3,C7
2026-01-01,2026-01-01,BREAD_SLICED_450G,"Bread (sliced), 450g","Bread (sliced), 450g",450 g,SPREADSHEET_LABEL,NATIONAL,Nigeria,1667.013043683109,OK,CURRENT_MONTH,Average of January-26,TRUE,,1,Item Label,Selected_Food_Report_Jan26.zip,selected food table Jan26.xlsx,Selected Food January 2026,7,4,D7
2025-01-01,2026-01-01,BREAD_UNSLICED_450G,"Bread (unsliced), 450g","Bread (unsliced), 450g",450 g,SPREADSHEET_LABEL,NATIONAL,Nigeria,1452.9829733163879,OK,YEAR_AGO,Average of January-25,FALSE,,1,Item Label,Selected_Food_Report_Jan26.zip,selected food table Jan26.xlsx,Selected Food January 2026,8,2,B8
2025-12-01,2026-01-01,BREAD_UNSLICED_450G,"Bread (unsliced), 450g","Bread (unsliced), 450g",450 g,SPREADSHEET_LABEL,NATIONAL,Nigeria,1581.2866809402326,OK,PRIOR_MONTH,Average of December-25,FALSE,,1,Item Label,Selected_Food_Report_Jan26.zip,selected food table Jan26.xlsx,Selected Food January 2026,8,3,C8
2026-01-01,2026-01-01,BREAD_UNSLICED_450G,"Bread (unsliced), 450g","Bread (unsliced), 450g",450 g,SPREADSHEET_LABEL,NATIONAL,Nigeria,1583.994806390397,OK,CURRENT_MONTH,Average of January-26,TRUE,,1,Item Label,Selected_Food_Report_Jan26.zip,selected food table Jan26.xlsx,Selected Food January 2026,8,4,D8
2025-01-01,2026-01-01,CARROTS_FRESH,"Carrots, fresh","Carrots, fresh",1 kg,NBS_REPORT_PDF,NATIONAL,Nigeria,1787.161451333333,OK,YEAR_AGO,Average of January-25,FALSE,,1,Item Label,Selected_Food_Report_Jan26.zip,selected food table Jan26.xlsx,Selected Food January 2026,9,2,B9
2025-12-01,2026-01-01,CARROTS_FRESH,"Carrots, fresh","Carrots, fresh",1 kg,NBS_REPORT_PDF,NATIONAL,Nigeria,1920.3325484935265,OK,PRIOR_MONTH,Average of December-25,FALSE,,1,Item Label,Selected_Food_Report_Jan26.zip,selected food table Jan26.xlsx,Selected Food January 2026,9,3,C9
2026-01-01,2026-01-01,CARROTS_FRESH,"Carrots, fresh","Carrots, fresh",1 kg,NBS_REPORT_PDF,NATIONAL,Nigeria,1953.032284421805,OK,CURRENT_MONTH,Average of January-26,TRUE,,1,Item Label,Selected_Food_Report_Jan26.zip,selected food table Jan26.xlsx,Selected Food January 2026,9,4,D9
2025-01-01,2026-01-01,FISH_CATFISH_FRESH,Cat fresh fish,Cat fresh fish,,,NATIONAL,Nigeria,5226.870577840466,OK,YEAR_AGO,Average of January-25,FALSE,,1,Item Label,Selected_Food_Report_Jan26.zip,selected food table Jan26.xlsx,Selected Food January 2026,10,2,B10
2025-12-01,2026-01-01,FISH_CATFISH_FRESH,Cat fresh fish,Cat fresh fish,,,NATIONAL,Nigeria,6068.397122843194,OK,PRIOR_MONTH,Average of December-25,FALSE,,1,Item Label,Selected_Food_Report_Jan26.zip,selected food table Jan26.xlsx,Selected Food January 2026,10,3,C10
2026-01-01,2026-01-01,FISH_CATFISH_FRESH,Cat fresh fish,Cat fresh fish,,,NATIONAL,Nigeria,6053.602914029602,OK,CURRENT_MONTH,Average of January-26,TRUE,,1,Item Label,Selected_Food_Report_Jan26.zip,selected food table Jan26.xlsx,Selected Food January 2026,10,4,D10
2025-01-01,2026-01-01,CHICKEN_FEET,Chicken feet,Chicken feet,,,NATIONAL,Nigeria,3293.6295746176575,OK,YEAR_AGO,Average of January-25,FALSE,,1,Item Label,Selected_Food_Report_Jan26.zip,selected food table Jan26.xlsx,Selected Food January 2026,11,2,B11
2025-12-01,2026-01-01,CHICKEN_FEET,Chicken feet,Chicken feet,,,NATIONAL,Nigeria,3956.88179194173,OK,PRIOR_MONTH,Average of December-25,FALSE,,1,Item Label,Selected_Food_Report_Jan26.zip,selected food table Jan26.xlsx,Selected Food January 2026,11,3,C11
2026-01-01,2026-01-01,CHICKEN_FEET,Chicken feet,Chicken feet,,,NATIONAL,Nigeria,3953.0385998480997,OK,CURRENT_MONTH,Average of January-26,TRUE,,1,Item Label,Selected_Food_Report_Jan26.zip,selected food table Jan26.xlsx,Selected Food January 2026,11,4,D11
2025-01-01,2026-01-01,CHICKEN_MEAT_FROZEN,Chicken meat (Frozen),Chicken meat (Frozen),,,NATIONAL,Nigeria,5497.031135370547,OK,YEAR_AGO,Average of January-25,FALSE,,1,Item Label,Selected_Food_Report_Jan26.zip,selected food table Jan26.xlsx,Selected Food January 2026,12,2,B12
2025-12-01,2026-01-01,CHICKEN_MEAT_FROZEN,Chicken meat (Frozen),Chicken meat (Frozen),,,NATIONAL,Nigeria,5910.029839949825,OK,PRIOR_MONTH,Average of December-25,FALSE,,1,Item Label,Selected_Food_Report_Jan26.zip,selected food table Jan26.xlsx,Selected Food January 2026,12,3,C12
2026-01-01,2026-01-01,CHICKEN_MEAT_FROZEN,Chicken meat (Frozen),Chicken meat (Frozen),,,NATIONAL,Nigeria,5910.027725441917,OK,CURRENT_MONTH,Average of January-26,TRUE,,1,Item Label,Selected_Food_Report_Jan26.zip,selected food table Jan26.xlsx,Selected Food January 2026,12,4,D12
2025-01-01,2026-01-01,CHICKEN_WINGS,Chicken Wings,Chicken Wings,,,NATIONAL,Nigeria,4340.107780662224,OK,YEAR_AGO,Average of January-25,FALSE,,1,Item Label,Selected_Food_Report_Jan26.zip,selected food table Jan26.xlsx,Selected Food January 2026,13,2,B13
2025-12-01,2026-01-01,CHICKEN_WINGS,Chicken Wings,Chicken Wings,,,NATIONAL,Nigeria,4992.944682300731,OK,PRIOR_MONTH,Average of December-25,FALSE,,1,Item Label,Selected_Food_Report_Jan26.zip,selected food table Jan26.xlsx,Selected Food January 2026,13,3,C13
2026-01-01,2026-01-01,CHICKEN_WINGS,Chicken Wings,Chicken Wings,,,NATIONAL,Nigeria,4982.102717451487,OK,CURRENT_MONTH,Average of January-26,TRUE,,1,Item Label,Selected_Food_Report_Jan26.zip,selected food table Jan26.xlsx,Selected Food January 2026,13,4,D13
2025-01-01,2026-01-01,CRAYFISH_SMALL_WHITE,Cray fish small white,Cray fish small white,1 kg,NBS_REPORT_PDF,NATIONAL,Nigeria,6227.04071992117,OK,YEAR_AGO,Average of January-25,FALSE,,1,Item Label,Selected_Food_Report_Jan26.zip,selected food table Jan26.xlsx,Selected Food January 2026,14,2,B14
2025-12-01,2026-01-01,CRAYFISH_SMALL_WHITE,Cray fish small white,Cray fish small white,1 kg,NBS_REPORT_PDF,NATIONAL,Nigeria,8586.035190351799,OK,PRIOR_MONTH,Average of December-25,FALSE,,1,Item Label,Selected_Food_Report_Jan26.zip,selected food table Jan26.xlsx,Selected Food January 2026,14,3,C14
2026-01-01,2026-01-01,CRAYFISH_SMALL_WHITE,Cray fish small white,Cray fish small white,1 kg,NBS_REPORT_PDF,NATIONAL,Nigeria,8660.060921113944,OK,CURRENT_MONTH,Average of January-26,TRUE,,1,Item Label,Selected_Food_Report_Jan26.zip,selected food table Jan26.xlsx,Selected Food January 2026,14,4,D14
2025-01-01,2026-01-01,FISH_DRIED_BONGA,"Dried fish, Bonga","Dried fish, Bonga",,,NATIONAL,Nigeria,6131.980115364863,OK,YEAR_AGO,Average of January-25,FALSE,,1,Item Label,Selected_Food_Report_Jan26.zip,selected food table Jan26.xlsx,Selected Food January 2026,15,2,B15
2025-12-01,2026-01-01,FISH_DRIED_BONGA,"Dried fish, Bonga","Dried fish, Bonga",,,NATIONAL,Nigeria,7243.91031677665,OK,PRIOR_MONTH,Average of December-25,FALSE,,1,Item Label,Selected_Food_Report_Jan26.zip,selected food table Jan26.xlsx,Selected Food January 2026,15,3,C15
2026-01-01,2026-01-01,FISH_DRIED_BONGA,"Dried fish, Bonga","Dried fish, Bonga",,,NATIONAL,Nigeria,7268.449111721935,OK,CURRENT_MONTH,Average of January-26,TRUE,,1,Item Label,Selected_Food_Report_Jan26.zip,selected food table Jan26.xlsx,Selected Food January 2026,15,4,D15
2025-01-01,2026-01-01,GARRI_WHITE,Garri white,Garri white,1 kg,NBS_REPORT_PDF,NATIONAL,Nigeria,1267.6348809931148,OK,YEAR_AGO,Average of January-25,FALSE,,1,Item Label,Selected_Food_Report_Jan26.zip,selected food table Jan26.xlsx,Selected Food January 2026,16,2,B16
2025-12-01,2026-01-01,GARRI_WHITE,Garri white,Garri white,1 kg,NBS_REPORT_PDF,NATIONAL,Nigeria,776.3559045724118,OK,PRIOR_MONTH,Average of December-25,FALSE,,1,Item Label,Selected_Food_Report_Jan26.zip,selected food table Jan26.xlsx,Selected Food January 2026,16,3,C16
2026-01-01,2026-01-01,GARRI_WHITE,Garri white,Garri white,1 kg,NBS_REPORT_PDF,NATIONAL,Nigeria,771.9764099457353,OK,CURRENT_MONTH,Average of January-26,TRUE,,1,Item Label,Selected_Food_Report_Jan26.zip,selected food table Jan26.xlsx,Selected Food January 2026,16,4,D16
2025-01-01,2026-01-01,GARRI_YELLOW,Garri Yellow,Garri Yellow,,,NATIONAL,Nigeria,1358.9584184214177,OK,YEAR_AGO,Average of January-25,FALSE,,1,Item Label,Selected_Food_Report_Jan26.zip,selected food table Jan26.xlsx,Selected Food January 2026,17,2,B17
2025-12-01,2026-01-01,GARRI_YELLOW,Garri Yellow,Garri Yellow,,,NATIONAL,Nigeria,835.23965312997,OK,PRIOR_MONTH,Average of December-25,FALSE,,1,Item Label,Selected_Food_Report_Jan26.zip,selected food table Jan26.xlsx,Selected Food January 2026,17,3,C17
2026-01-01,2026-01-01,GARRI_YELLOW,Garri Yellow,Garri Yellow,,,NATIONAL,Nigeria,821.9054782674585,OK,CURRENT_MONTH,Average of January-26,TRUE,,1,Item Label,Selected_Food_Report_Jan26.zip,selected food table Jan26.xlsx,Selected Food January 2026,17,4,D17
2025-01-01,2026-01-01,GINGER_FRESH,"Ginger, fresh","Ginger, fresh",1 kg,NBS_REPORT_PDF,NATIONAL,Nigeria,4206.799548941442,OK,YEAR_AGO,Average of January-25,FALSE,,1,Item Label,Selected_Food_Report_Jan26.zip,selected food table Jan26.xlsx,Selected Food January 2026,18,2,B18
2025-12-01,2026-01-01,GINGER_FRESH,"Ginger, fresh","Ginger, fresh",1 kg,NBS_REPORT_PDF,NATIONAL,Nigeria,5361.8486319087515,OK,PRIOR_MONTH,Average of December-25,FALSE,,1,Item Label,Selected_Food_Report_Jan26.zip,selected food table Jan26.xlsx,Selected Food January 2026,18,3,C18
2026-01-01,2026-01-01,GINGER_FRESH,"Ginger, fresh","Ginger, fresh",1 kg,NBS_REPORT_PDF,NATIONAL,Nigeria,5445.03269452446,OK,CURRENT_MONTH,Average of January-26,TRUE,,1,Item Label,Selected_Food_Report_Jan26.zip,selected food table Jan26.xlsx,Selected Food January 2026,18,4,D18
2025-01-01,2026-01-01,GOAT_MEAT_BONE_IN,Goat Meat Bone in,Goat Meat Bone in,,,NATIONAL,Nigeria,6202.35750472635,OK,YEAR_AGO,Average of January-25,FALSE,,1,Item Label,Selected_Food_Report_Jan26.zip,selected food table Jan26.xlsx,Selected Food January 2026,19,2,B19
2025-12-01,2026-01-01,GOAT_MEAT_BONE_IN,Goat Meat Bone in,Goat Meat Bone in,,,NATIONAL,Nigeria,6848.929899599978,OK,PRIOR_MONTH,Average of December-25,FALSE,,1,Item Label,Selected_Food_Report_Jan26.zip,selected food table Jan26.xlsx,Selected Food January 2026,19,3,C19
2026-01-01,2026-01-01,GOAT_MEAT_BONE_IN,Goat Meat Bone in,Goat Meat Bone in,,,NATIONAL,Nigeria,6825.897527124245,OK,CURRENT_MONTH,Average of January-26,TRUE,,1,Item Label,Selected_Food_Report_Jan26.zip,selected food table Jan26.xlsx,Selected Food January 2026,19,4,D19
2025-01-01,2026-01-01,GROUNDNUT_OIL_75CL,"Groundnut oil, 75cl","Groundnut oil, 75cl",75 cl,SPREADSHEET_LABEL,NATIONAL,Nigeria,2939.7346322297294,OK,YEAR_AGO,Average of January-25,FALSE,,1,Item Label,Selected_Food_Report_Jan26.zip,selected food table Jan26.xlsx,Selected Food January 2026,20,2,B20
2025-12-01,2026-01-01,GROUNDNUT_OIL_75CL,"Groundnut oil, 75cl","Groundnut oil, 75cl",75 cl,SPREADSHEET_LABEL,NATIONAL,Nigeria,3126.5471991209347,OK,PRIOR_MONTH,Average of December-25,FALSE,,1,Item Label,Selected_Food_Report_Jan26.zip,selected food table Jan26.xlsx,Selected Food January 2026,20,3,C20
2026-01-01,2026-01-01,GROUNDNUT_OIL_75CL,"Groundnut oil, 75cl","Groundnut oil, 75cl",75 cl,SPREADSHEET_LABEL,NATIONAL,Nigeria,3068.072306527483,OK,CURRENT_MONTH,Average of January-26,TRUE,,1,Item Label,Selected_Food_Report_Jan26.zip,selected food table Jan26.xlsx,Selected Food January 2026,20,4,D20
2025-01-01,2026-01-01,GROUNDNUTS_ROASTED_75CL,"Groundnuts, roasted,75cl bottle","Groundnuts, roasted,75cl bottle",75 cl bottle,SPREADSHEET_LABEL,NATIONAL,Nigeria,2387.756803352135,OK,YEAR_AGO,Average of January-25,FALSE,,1,Item Label,Selected_Food_Report_Jan26.zip,selected food table Jan26.xlsx,Selected Food January 2026,21,2,B21
2025-12-01,2026-01-01,GROUNDNUTS_ROASTED_75CL,"Groundnuts, roasted,75cl bottle","Groundnuts, roasted,75cl bottle",75 cl bottle,SPREADSHEET_LABEL,NATIONAL,Nigeria,2589.1120195699827,OK,PRIOR_MONTH,Average of December-25,FALSE,,1,Item Label,Selected_Food_Report_Jan26.zip,selected food table Jan26.xlsx,Selected Food January 2026,21,3,C21
2026-01-01,2026-01-01,GROUNDNUTS_ROASTED_75CL,"Groundnuts, roasted,75cl bottle","Groundnuts, roasted,75cl bottle",75 cl bottle,SPREADSHEET_LABEL,NATIONAL,Nigeria,2567.2488276931363,OK,CURRENT_MONTH,Average of January-26,TRUE,,1,Item Label,Selected_Food_Report_Jan26.zip,selected food table Jan26.xlsx,Selected Food January 2026,21,4,D21
2025-01-01,2026-01-01,POTATO_IRISH,Irish Potatoe,Irish Potatoe,1 kg,NBS_REPORT_PDF,NATIONAL,Nigeria,1790.9108765279882,OK,YEAR_AGO,Average of January-25,FALSE,,1,Item Label,Selected_Food_Report_Jan26.zip,selected food table Jan26.xlsx,Selected Food January 2026,22,2,B22
2025-12-01,2026-01-01,POTATO_IRISH,Irish Potatoe,Irish Potatoe,1 kg,NBS_REPORT_PDF,NATIONAL,Nigeria,1902.608963385862,OK,PRIOR_MONTH,Average of December-25,FALSE,,1,Item Label,Selected_Food_Report_Jan26.zip,selected food table Jan26.xlsx,Selected Food January 2026,22,3,C22
2026-01-01,2026-01-01,POTATO_IRISH,Irish Potatoe,Irish Potatoe,1 kg,NBS_REPORT_PDF,NATIONAL,Nigeria,1973.4507458807332,OK,CURRENT_MONTH,Average of January-26,TRUE,,1,Item Label,Selected_Food_Report_Jan26.zip,selected food table Jan26.xlsx,Selected Food January 2026,22,4,D22
2025-01-01,2026-01-01,RICE_LOCAL_BROKEN,Local Rice (Broken),Local Rice (Broken),,,NATIONAL,Nigeria,2508.1549602219034,OK,YEAR_AGO,Average of January-25,FALSE,,1,Item Label,Selected_Food_Report_Jan26.zip,selected food table Jan26.xlsx,Selected Food January 2026,23,2,B23
2025-12-01,2026-01-01,RICE_LOCAL_BROKEN,Local Rice (Broken),Local Rice (Broken),,,NATIONAL,Nigeria,2169.3123952199585,OK,PRIOR_MONTH,Average of December-25,FALSE,,1,Item Label,Selected_Food_Report_Jan26.zip,selected food table Jan26.xlsx,Selected Food January 2026,23,3,C23
2026-01-01,2026-01-01,RICE_LOCAL_BROKEN,Local Rice (Broken),Local Rice (Broken),,,NATIONAL,Nigeria,2171.745997740476,OK,CURRENT_MONTH,Average of January-26,TRUE,,1,Item Label,Selected_Food_Report_Jan26.zip,selected food table Jan26.xlsx,Selected Food January 2026,23,4,D23
2025-01-01,2026-01-01,FISH_MACKEREL_FROZEN,"Mackerel, Frozen","Mackerel, Frozen",,,NATIONAL,Nigeria,5117.805935192943,OK,YEAR_AGO,Average of January-25,FALSE,,1,Item Label,Selected_Food_Report_Jan26.zip,selected food table Jan26.xlsx,Selected Food January 2026,24,2,B24
2025-12-01,2026-01-01,FISH_MACKEREL_FROZEN,"Mackerel, Frozen","Mackerel, Frozen",,,NATIONAL,Nigeria,5799.043694799065,OK,PRIOR_MONTH,Average of December-25,FALSE,,1,Item Label,Selected_Food_Report_Jan26.zip,selected food table Jan26.xlsx,Selected Food January 2026,24,3,C24
2026-01-01,2026-01-01,FISH_MACKEREL_FROZEN,"Mackerel, Frozen","Mackerel, Frozen",,,NATIONAL,Nigeria,5774.600650270193,OK,CURRENT_MONTH,Average of January-26,TRUE,,1,Item Label,Selected_Food_Report_Jan26.zip,selected food table Jan26.xlsx,Selected Food January 2026,24,4,D24
2025-01-01,2026-01-01,MAIZE_GRAIN_WHITE_LOOSE,Maize (Corn) Grains (White) sold loose,Maize (Corn) Grains (White) sold loose,1 kg,NBS_REPORT_PDF,NATIONAL,Nigeria,1168.3379724972651,OK,YEAR_AGO,Average of January-25,FALSE,,1,Item Label,Selected_Food_Report_Jan26.zip,selected food table Jan26.xlsx,Selected Food January 2026,25,2,B25
2025-12-01,2026-01-01,MAIZE_GRAIN_WHITE_LOOSE,Maize (Corn) Grains (White) sold loose,Maize (Corn) Grains (White) sold loose,1 kg,NBS_REPORT_PDF,NATIONAL,Nigeria,798.9693254550754,OK,PRIOR_MONTH,Average of December-25,FALSE,,1,Item Label,Selected_Food_Report_Jan26.zip,selected food table Jan26.xlsx,Selected Food January 2026,25,3,C25
2026-01-01,2026-01-01,MAIZE_GRAIN_WHITE_LOOSE,Maize (Corn) Grains (White) sold loose,Maize (Corn) Grains (White) sold loose,1 kg,NBS_REPORT_PDF,NATIONAL,Nigeria,784.5917952651989,OK,CURRENT_MONTH,Average of January-26,TRUE,,1,Item Label,Selected_Food_Report_Jan26.zip,selected food table Jan26.xlsx,Selected Food January 2026,25,4,D25
2025-01-01,2026-01-01,ONIONS_FRESH,"Onions, fresh","Onions, fresh",1 kg,NBS_REPORT_PDF,NATIONAL,Nigeria,1367.6215629373394,OK,YEAR_AGO,Average of January-25,FALSE,,1,Item Label,Selected_Food_Report_Jan26.zip,selected food table Jan26.xlsx,Selected Food January 2026,26,2,B26
2025-12-01,2026-01-01,ONIONS_FRESH,"Onions, fresh","Onions, fresh",1 kg,NBS_REPORT_PDF,NATIONAL,Nigeria,1172.3933182095002,OK,PRIOR_MONTH,Average of December-25,FALSE,,1,Item Label,Selected_Food_Report_Jan26.zip,selected food table Jan26.xlsx,Selected Food January 2026,26,3,C26
2026-01-01,2026-01-01,ONIONS_FRESH,"Onions, fresh","Onions, fresh",1 kg,NBS_REPORT_PDF,NATIONAL,Nigeria,1123.2611530440272,OK,CURRENT_MONTH,Average of January-26,TRUE,,1,Item Label,Selected_Food_Report_Jan26.zip,selected food table Jan26.xlsx,Selected Food January 2026,26,4,D26
2025-01-01,2026-01-01,PALM_OIL_75CL,"Palm oil, 75cl","Palm oil, 75cl",75 cl,SPREADSHEET_LABEL,NATIONAL,Nigeria,2329.5428046950337,OK,YEAR_AGO,Average of January-25,FALSE,,1,Item Label,Selected_Food_Report_Jan26.zip,selected food table Jan26.xlsx,Selected Food January 2026,27,2,B27
2025-12-01,2026-01-01,PALM_OIL_75CL,"Palm oil, 75cl","Palm oil, 75cl",75 cl,SPREADSHEET_LABEL,NATIONAL,Nigeria,2425.468908255818,OK,PRIOR_MONTH,Average of December-25,FALSE,,1,Item Label,Selected_Food_Report_Jan26.zip,selected food table Jan26.xlsx,Selected Food January 2026,27,3,C27
2026-01-01,2026-01-01,PALM_OIL_75CL,"Palm oil, 75cl","Palm oil, 75cl",75 cl,SPREADSHEET_LABEL,NATIONAL,Nigeria,2366.280066022777,OK,CURRENT_MONTH,Average of January-26,TRUE,,1,Item Label,Selected_Food_Report_Jan26.zip,selected food table Jan26.xlsx,Selected Food January 2026,27,4,D27
2025-01-01,2026-01-01,PLANTAIN_RIPE,Plantain (ripe),Plantain (ripe),,,NATIONAL,Nigeria,1876.0258662337449,OK,YEAR_AGO,Average of January-25,FALSE,,1,Item Label,Selected_Food_Report_Jan26.zip,selected food table Jan26.xlsx,Selected Food January 2026,28,2,B28
2025-12-01,2026-01-01,PLANTAIN_RIPE,Plantain (ripe),Plantain (ripe),,,NATIONAL,Nigeria,2081.028640575847,OK,PRIOR_MONTH,Average of December-25,FALSE,,1,Item Label,Selected_Food_Report_Jan26.zip,selected food table Jan26.xlsx,Selected Food January 2026,28,3,C28
2026-01-01,2026-01-01,PLANTAIN_RIPE,Plantain (ripe),Plantain (ripe),,,NATIONAL,Nigeria,2087.218114972527,OK,CURRENT_MONTH,Average of January-26,TRUE,,1,Item Label,Selected_Food_Report_Jan26.zip,selected food table Jan26.xlsx,Selected Food January 2026,28,4,D28
2025-01-01,2026-01-01,PLANTAIN_UNRIPE,Plantain (unripe),Plantain (unripe),,,NATIONAL,Nigeria,2119.0689292685547,OK,YEAR_AGO,Average of January-25,FALSE,,1,Item Label,Selected_Food_Report_Jan26.zip,selected food table Jan26.xlsx,Selected Food January 2026,29,2,B29
2025-12-01,2026-01-01,PLANTAIN_UNRIPE,Plantain (unripe),Plantain (unripe),,,NATIONAL,Nigeria,2140.2268698664066,OK,PRIOR_MONTH,Average of December-25,FALSE,,1,Item Label,Selected_Food_Report_Jan26.zip,selected food table Jan26.xlsx,Selected Food January 2026,29,3,C29
2026-01-01,2026-01-01,PLANTAIN_UNRIPE,Plantain (unripe),Plantain (unripe),,,NATIONAL,Nigeria,2120.5445230432806,OK,CURRENT_MONTH,Average of January-26,TRUE,,1,Item Label,Selected_Food_Report_Jan26.zip,selected food table Jan26.xlsx,Selected Food January 2026,29,4,D29
2025-01-01,2026-01-01,RICE_LOCAL_SHORT_GRAIN,"Rice Local, short-Grained","Rice Local, short-Grained",1 kg,NBS_REPORT_PDF,NATIONAL,Nigeria,2067.9978229893177,OK,YEAR_AGO,Average of January-25,FALSE,,1,Item Label,Selected_Food_Report_Jan26.zip,selected food table Jan26.xlsx,Selected Food January 2026,30,2,B30
2025-12-01,2026-01-01,RICE_LOCAL_SHORT_GRAIN,"Rice Local, short-Grained","Rice Local, short-Grained",1 kg,NBS_REPORT_PDF,NATIONAL,Nigeria,1845.0809328860444,OK,PRIOR_MONTH,Average of December-25,FALSE,,1,Item Label,Selected_Food_Report_Jan26.zip,selected food table Jan26.xlsx,Selected Food January 2026,30,3,C30
2026-01-01,2026-01-01,RICE_LOCAL_SHORT_GRAIN,"Rice Local, short-Grained","Rice Local, short-Grained",1 kg,NBS_REPORT_PDF,NATIONAL,Nigeria,1841.8265986421632,OK,CURRENT_MONTH,Average of January-26,TRUE,,1,Item Label,Selected_Food_Report_Jan26.zip,selected food table Jan26.xlsx,Selected Food January 2026,30,4,D30
2025-01-01,2026-01-01,RICE_IMPORTED_LONG_GRAIN,Rice Long-Grained (Imported),Rice Long-Grained (Imported),,,NATIONAL,Nigeria,2505.4793990864414,OK,YEAR_AGO,Average of January-25,FALSE,,1,Item Label,Selected_Food_Report_Jan26.zip,selected food table Jan26.xlsx,Selected Food January 2026,31,2,B31
2025-12-01,2026-01-01,RICE_IMPORTED_LONG_GRAIN,Rice Long-Grained (Imported),Rice Long-Grained (Imported),,,NATIONAL,Nigeria,2201.2193583355447,OK,PRIOR_MONTH,Average of December-25,FALSE,,1,Item Label,Selected_Food_Report_Jan26.zip,selected food table Jan26.xlsx,Selected Food January 2026,31,3,C31
2026-01-01,2026-01-01,RICE_IMPORTED_LONG_GRAIN,Rice Long-Grained (Imported),Rice Long-Grained (Imported),,,NATIONAL,Nigeria,2197.014883869169,OK,CURRENT_MONTH,Average of January-26,TRUE,,1,Item Label,Selected_Food_Report_Jan26.zip,selected food table Jan26.xlsx,Selected Food January 2026,31,4,D31
2025-01-01,2026-01-01,SEMOVITA_1KG,"Semovita, Prepacked (1kg)","Semovita, Prepacked (1kg)",1 kg,SPREADSHEET_LABEL,NATIONAL,Nigeria,2072.0011794684688,OK,YEAR_AGO,Average of January-25,FALSE,,1,Item Label,Selected_Food_Report_Jan26.zip,selected food table Jan26.xlsx,Selected Food January 2026,32,2,B32
2025-12-01,2026-01-01,SEMOVITA_1KG,"Semovita, Prepacked (1kg)","Semovita, Prepacked (1kg)",1 kg,SPREADSHEET_LABEL,NATIONAL,Nigeria,2270.151175191935,OK,PRIOR_MONTH,Average of December-25,FALSE,,1,Item Label,Selected_Food_Report_Jan26.zip,selected food table Jan26.xlsx,Selected Food January 2026,32,3,C32
2026-01-01,2026-01-01,SEMOVITA_1KG,"Semovita, Prepacked (1kg)","Semovita, Prepacked (1kg)",1 kg,SPREADSHEET_LABEL,NATIONAL,Nigeria,2234.234262214284,OK,CURRENT_MONTH,Average of January-26,TRUE,,1,Item Label,Selected_Food_Report_Jan26.zip,selected food table Jan26.xlsx,Selected Food January 2026,32,4,D32
2025-01-01,2026-01-01,FISH_SMOKED_MACKEREL,Smoked fish (Mackerel),Smoked fish (Mackerel),,,NATIONAL,Nigeria,5407.632679016666,OK,YEAR_AGO,Average of January-25,FALSE,,1,Item Label,Selected_Food_Report_Jan26.zip,selected food table Jan26.xlsx,Selected Food January 2026,33,2,B33
2025-12-01,2026-01-01,FISH_SMOKED_MACKEREL,Smoked fish (Mackerel),Smoked fish (Mackerel),,,NATIONAL,Nigeria,6286.567589805612,OK,PRIOR_MONTH,Average of December-25,FALSE,,1,Item Label,Selected_Food_Report_Jan26.zip,selected food table Jan26.xlsx,Selected Food January 2026,33,3,C33
2026-01-01,2026-01-01,FISH_SMOKED_MACKEREL,Smoked fish (Mackerel),Smoked fish (Mackerel),,,NATIONAL,Nigeria,6259.722769587541,OK,CURRENT_MONTH,Average of January-26,TRUE,,1,Item Label,Selected_Food_Report_Jan26.zip,selected food table Jan26.xlsx,Selected Food January 2026,33,4,D33
2025-01-01,2026-01-01,POTATO_SWEET,Sweet potatoes,Sweet potatoes,,,NATIONAL,Nigeria,852.5153115486488,OK,YEAR_AGO,Average of January-25,FALSE,,1,Item Label,Selected_Food_Report_Jan26.zip,selected food table Jan26.xlsx,Selected Food January 2026,34,2,B34
2025-12-01,2026-01-01,POTATO_SWEET,Sweet potatoes,Sweet potatoes,,,NATIONAL,Nigeria,752.8599377407112,OK,PRIOR_MONTH,Average of December-25,FALSE,,1,Item Label,Selected_Food_Report_Jan26.zip,selected food table Jan26.xlsx,Selected Food January 2026,34,3,C34
2026-01-01,2026-01-01,POTATO_SWEET,Sweet potatoes,Sweet potatoes,,,NATIONAL,Nigeria,744.6545095271078,OK,CURRENT_MONTH,Average of January-26,TRUE,,1,Item Label,Selected_Food_Report_Jan26.zip,selected food table Jan26.xlsx,Selected Food January 2026,34,4,D34
2025-01-01,2026-01-01,FISH_TILAPIA_FRESH,Tilapia fresh fish (Epiya),Tilapia fresh fish (Epiya),,,NATIONAL,Nigeria,5065.363191184375,OK,YEAR_AGO,Average of January-25,FALSE,,1,Item Label,Selected_Food_Report_Jan26.zip,selected food table Jan26.xlsx,Selected Food January 2026,35,2,B35
2025-12-01,2026-01-01,FISH_TILAPIA_FRESH,Tilapia fresh fish (Epiya),Tilapia fresh fish (Epiya),,,NATIONAL,Nigeria,5845.439980463254,OK,PRIOR_MONTH,Average of December-25,FALSE,,1,Item Label,Selected_Food_Report_Jan26.zip,selected food table Jan26.xlsx,Selected Food January 2026,35,3,C35
2026-01-01,2026-01-01,FISH_TILAPIA_FRESH,Tilapia fresh fish (Epiya),Tilapia fresh fish (Epiya),,,NATIONAL,Nigeria,5848.641377542854,OK,CURRENT_MONTH,Average of January-26,TRUE,,1,Item Label,Selected_Food_Report_Jan26.zip,selected food table Jan26.xlsx,Selected Food January 2026,35,4,D35
2025-01-01,2026-01-01,MILK_EVAP_PEAK_150G,"Tin Milk-Evaporated, Peak Milk, 150g","Tin Milk-Evaporated, Peak Milk, 150g",150 g,SPREADSHEET_LABEL,NATIONAL,Nigeria,928.0016281540771,OK,YEAR_AGO,Average of January-25,FALSE,,1,Item Label,Selected_Food_Report_Jan26.zip,selected food table Jan26.xlsx,Selected Food January 2026,36,2,B36
2025-12-01,2026-01-01,MILK_EVAP_PEAK_150G,"Tin Milk-Evaporated, Peak Milk, 150g","Tin Milk-Evaporated, Peak Milk, 150g",150 g,SPREADSHEET_LABEL,NATIONAL,Nigeria,1047.4687296457425,OK,PRIOR_MONTH,Average of December-25,FALSE,,1,Item Label,Selected_Food_Report_Jan26.zip,selected food table Jan26.xlsx,Selected Food January 2026,36,3,C36
2026-01-01,2026-01-01,MILK_EVAP_PEAK_150G,"Tin Milk-Evaporated, Peak Milk, 150g","Tin Milk-Evaporated, Peak Milk, 150g",150 g,SPREADSHEET_LABEL,NATIONAL,Nigeria,1039.0630194486005,OK,CURRENT_MONTH,Average of January-26,TRUE,,1,Item Label,Selected_Food_Report_Jan26.zip,selected food table Jan26.xlsx,Selected Food January 2026,36,4,D36
2025-01-01,2026-01-01,MILK_EVAP_THREECROWN_160G,"Tin Milk-Evaporated, Three Crown Milk, 160g","Tin Milk-Evaporated, Three Crown Milk, 160g",160 g,SPREADSHEET_LABEL,NATIONAL,Nigeria,837.2325512462462,OK,YEAR_AGO,Average of January-25,FALSE,,1,Item Label,Selected_Food_Report_Jan26.zip,selected food table Jan26.xlsx,Selected Food January 2026,37,2,B37
2025-12-01,2026-01-01,MILK_EVAP_THREECROWN_160G,"Tin Milk-Evaporated, Three Crown Milk, 160g","Tin Milk-Evaporated, Three Crown Milk, 160g",160 g,SPREADSHEET_LABEL,NATIONAL,Nigeria,928.6625648885415,OK,PRIOR_MONTH,Average of December-25,FALSE,,1,Item Label,Selected_Food_Report_Jan26.zip,selected food table Jan26.xlsx,Selected Food January 2026,37,3,C37
2026-01-01,2026-01-01,MILK_EVAP_THREECROWN_160G,"Tin Milk-Evaporated, Three Crown Milk, 160g","Tin Milk-Evaporated, Three Crown Milk, 160g",160 g,SPREADSHEET_LABEL,NATIONAL,Nigeria,923.2719696279894,OK,CURRENT_MONTH,Average of January-26,TRUE,,1,Item Label,Selected_Food_Report_Jan26.zip,selected food table Jan26.xlsx,Selected Food January 2026,37,4,D37
2025-01-01,2026-01-01,FISH_TITUS_FROZEN,"Titus, frozen","Titus, frozen",,,NATIONAL,Nigeria,5467.231344622807,OK,YEAR_AGO,Average of January-25,FALSE,,1,Item Label,Selected_Food_Report_Jan26.zip,selected food table Jan26.xlsx,Selected Food January 2026,38,2,B38
2025-12-01,2026-01-01,FISH_TITUS_FROZEN,"Titus, frozen","Titus, frozen",,,NATIONAL,Nigeria,6341.112221562442,OK,PRIOR_MONTH,Average of December-25,FALSE,,1,Item Label,Selected_Food_Report_Jan26.zip,selected food table Jan26.xlsx,Selected Food January 2026,38,3,C38
2026-01-01,2026-01-01,FISH_TITUS_FROZEN,"Titus, frozen","Titus, frozen",,,NATIONAL,Nigeria,6343.685264509165,OK,CURRENT_MONTH,Average of January-26,TRUE,,1,Item Label,Selected_Food_Report_Jan26.zip,selected food table Jan26.xlsx,Selected Food January 2026,38,4,D38
2025-01-01,2026-01-01,TOMATOES_FRESH,"Tomatoes, fresh","Tomatoes, fresh",1 kg,NBS_REPORT_PDF,NATIONAL,Nigeria,1081.439135977027,OK,YEAR_AGO,Average of January-25,FALSE,,1,Item Label,Selected_Food_Report_Jan26.zip,selected food table Jan26.xlsx,Selected Food January 2026,39,2,B39
2025-12-01,2026-01-01,TOMATOES_FRESH,"Tomatoes, fresh","Tomatoes, fresh",1 kg,NBS_REPORT_PDF,NATIONAL,Nigeria,1057.103853797777,OK,PRIOR_MONTH,Average of December-25,FALSE,,1,Item Label,Selected_Food_Report_Jan26.zip,selected food table Jan26.xlsx,Selected Food January 2026,39,3,C39
2026-01-01,2026-01-01,TOMATOES_FRESH,"Tomatoes, fresh","Tomatoes, fresh",1 kg,NBS_REPORT_PDF,NATIONAL,Nigeria,1024.6460436814316,OK,CURRENT_MONTH,Average of January-26,TRUE,,1,Item Label,Selected_Food_Report_Jan26.zip,selected food table Jan26.xlsx,Selected Food January 2026,39,4,D39
2025-01-01,2026-01-01,VEG_OIL_75CL,"Vegetable Oil, 75cl","Vegetable Oil, 75cl",75 cl,SPREADSHEET_LABEL,NATIONAL,Nigeria,2975.961923490991,OK,YEAR_AGO,Average of January-25,FALSE,,1,Item Label,Selected_Food_Report_Jan26.zip,selected food table Jan26.xlsx,Selected Food January 2026,40,2,B40
2025-12-01,2026-01-01,VEG_OIL_75CL,"Vegetable Oil, 75cl","Vegetable Oil, 75cl",75 cl,SPREADSHEET_LABEL,NATIONAL,Nigeria,3272.2067388649907,OK,PRIOR_MONTH,Average of December-25,FALSE,,1,Item Label,Selected_Food_Report_Jan26.zip,selected food table Jan26.xlsx,Selected Food January 2026,40,3,C40
2026-01-01,2026-01-01,VEG_OIL_75CL,"Vegetable Oil, 75cl","Vegetable Oil, 75cl",75 cl,SPREADSHEET_LABEL,NATIONAL,Nigeria,3220.951096973747,OK,CURRENT_MONTH,Average of January-26,TRUE,,1,Item Label,Selected_Food_Report_Jan26.zip,selected food table Jan26.xlsx,Selected Food January 2026,40,4,D40
2025-01-01,2026-01-01,WATERMELON_WHOLE,"Watermelon whole, medium size fresh","Watermelon whole, medium size fresh",,,NATIONAL,Nigeria,1850.843269956081,OK,YEAR_AGO,Average of January-25,FALSE,,1,Item Label,Selected_Food_Report_Jan26.zip,selected food table Jan26.xlsx,Selected Food January 2026,41,2,B41
2025-12-01,2026-01-01,WATERMELON_WHOLE,"Watermelon whole, medium size fresh","Watermelon whole, medium size fresh",,,NATIONAL,Nigeria,2013.4542235299455,OK,PRIOR_MONTH,Average of December-25,FALSE,,1,Item Label,Selected_Food_Report_Jan26.zip,selected food table Jan26.xlsx,Selected Food January 2026,41,3,C41
2026-01-01,2026-01-01,WATERMELON_WHOLE,"Watermelon whole, medium size fresh","Watermelon whole, medium size fresh",,,NATIONAL,Nigeria,2024.2786619364456,OK,CURRENT_MONTH,Average of January-26,TRUE,,1,Item Label,Selected_Food_Report_Jan26.zip,selected food table Jan26.xlsx,Selected Food January 2026,41,4,D41
2025-01-01,2026-01-01,WHEAT_FLOUR_2KG,"Wheat Flour, Prepacked (2kg)","Wheat Flour, Prepacked (2kg)",2 kg,SPREADSHEET_LABEL,NATIONAL,Nigeria,3847.3656922479145,OK,YEAR_AGO,Average of January-25,FALSE,,1,Item Label,Selected_Food_Report_Jan26.zip,selected food table Jan26.xlsx,Selected Food January 2026,42,2,B42
2025-12-01,2026-01-01,WHEAT_FLOUR_2KG,"Wheat Flour, Prepacked (2kg)","Wheat Flour, Prepacked (2kg)",2 kg,SPREADSHEET_LABEL,NATIONAL,Nigeria,3652.109086375852,OK,PRIOR_MONTH,Average of December-25,FALSE,,1,Item Label,Selected_Food_Report_Jan26.zip,selected food table Jan26.xlsx,Selected Food January 2026,42,3,C42
2026-01-01,2026-01-01,WHEAT_FLOUR_2KG,"Wheat Flour, Prepacked (2kg)","Wheat Flour, Prepacked (2kg)",2 kg,SPREADSHEET_LABEL,NATIONAL,Nigeria,3641.1636565137596,OK,CURRENT_MONTH,Average of January-26,TRUE,,1,Item Label,Selected_Food_Report_Jan26.zip,selected food table Jan26.xlsx,Selected Food January 2026,42,4,D42
2025-01-01,2026-01-01,YAM_TUBER,Yam Tuber,Yam Tuber,1 kg,NBS_REPORT_PDF,NATIONAL,Nigeria,1991.3299394697337,OK,YEAR_AGO,Average of January-25,FALSE,,1,Item Label,Selected_Food_Report_Jan26.zip,selected food table Jan26.xlsx,Selected Food January 2026,43,2,B43
2025-12-01,2026-01-01,YAM_TUBER,Yam Tuber,Yam Tuber,1 kg,NBS_REPORT_PDF,NATIONAL,Nigeria,2054.630728108715,OK,PRIOR_MONTH,Average of December-25,FALSE,,1,Item Label,Selected_Food_Report_Jan26.zip,selected food table Jan26.xlsx,Selected Food January 2026,43,3,C43
2026-01-01,2026-01-01,YAM_TUBER,Yam Tuber,Yam Tuber,1 kg,NBS_REPORT_PDF,NATIONAL,Nigeria,2065.7642917643143,OK,CURRENT_MONTH,Average of January-26,TRUE,,1,Item Label,Selected_Food_Report_Jan26.zip,selected food table Jan26.xlsx,Selected Food January 2026,43,4,D43
2024-07-01,2025-07-01,EGG_AGRIC,"Agric hen eggs,","Agric hen eggs,",,,NATIONAL,Nigeria,185.1027163063961,OK,YEAR_AGO,Average of July-24,FALSE,,1,Item Label,Selected_Food_Report_July_2025.zip,selected_food_table_July-25.xlsx,Selected Food July 2025,2,2,B2
2025-06-01,2025-07-01,EGG_AGRIC,"Agric hen eggs,","Agric hen eggs,",,,NATIONAL,Nigeria,268.1321911996009,OK,PRIOR_MONTH,Average of June-25,FALSE,,1,Item Label,Selected_Food_Report_July_2025.zip,selected_food_table_July-25.xlsx,Selected Food July 2025,2,3,C2
2025-07-01,2025-07-01,EGG_AGRIC,"Agric hen eggs,","Agric hen eggs,",,,NATIONAL,Nigeria,270.7705925485273,OK,CURRENT_MONTH,Average of July-25,TRUE,,1,Item Label,Selected_Food_Report_July_2025.zip,selected_food_table_July-25.xlsx,Selected Food July 2025,2,4,D2
2024-07-01,2025-07-01,EGG_AGRIC_CRATE30,"Agric hen eggs, (a Crate of 30 pieces)","Agric hen eggs, (a Crate of 30 pieces)",1 crate of 30 pieces,SPREADSHEET_LABEL,NATIONAL,Nigeria,,NOT_REPORTED,YEAR_AGO,Average of July-24,FALSE,,1,Item Label,Selected_Food_Report_July_2025.zip,selected_food_table_July-25.xlsx,Selected Food July 2025,3,2,B3
2025-06-01,2025-07-01,EGG_AGRIC_CRATE30,"Agric hen eggs, (a Crate of 30 pieces)","Agric hen eggs, (a Crate of 30 pieces)",1 crate of 30 pieces,SPREADSHEET_LABEL,NATIONAL,Nigeria,6326.553235870359,OK,PRIOR_MONTH,Average of June-25,FALSE,,1,Item Label,Selected_Food_Report_July_2025.zip,selected_food_table_July-25.xlsx,Selected Food July 2025,3,3,C3
2025-07-01,2025-07-01,EGG_AGRIC_CRATE30,"Agric hen eggs, (a Crate of 30 pieces)","Agric hen eggs, (a Crate of 30 pieces)",1 crate of 30 pieces,SPREADSHEET_LABEL,NATIONAL,Nigeria,6294.29102586476,OK,CURRENT_MONTH,Average of July-25,TRUE,,1,Item Label,Selected_Food_Report_July_2025.zip,selected_food_table_July-25.xlsx,Selected Food July 2025,3,4,D3
2024-07-01,2025-07-01,BEANS_BROWN,Beans Brown,Beans Brown,1 kg,NBS_REPORT_PDF,NATIONAL,Nigeria,2444.80790517462,OK,YEAR_AGO,Average of July-24,FALSE,,1,Item Label,Selected_Food_Report_July_2025.zip,selected_food_table_July-25.xlsx,Selected Food July 2025,4,2,B4
2025-06-01,2025-07-01,BEANS_BROWN,Beans Brown,Beans Brown,1 kg,NBS_REPORT_PDF,NATIONAL,Nigeria,2319.9935123540827,OK,PRIOR_MONTH,Average of June-25,FALSE,,1,Item Label,Selected_Food_Report_July_2025.zip,selected_food_table_July-25.xlsx,Selected Food July 2025,4,3,C4
2025-07-01,2025-07-01,BEANS_BROWN,Beans Brown,Beans Brown,1 kg,NBS_REPORT_PDF,NATIONAL,Nigeria,2319.2653816194043,OK,CURRENT_MONTH,Average of July-25,TRUE,,1,Item Label,Selected_Food_Report_July_2025.zip,selected_food_table_July-25.xlsx,Selected Food July 2025,4,4,D4
2024-07-01,2025-07-01,BEANS_WHITE,Beans white,Beans white,,,NATIONAL,Nigeria,2309.5321143761344,OK,YEAR_AGO,Average of July-24,FALSE,,1,Item Label,Selected_Food_Report_July_2025.zip,selected_food_table_July-25.xlsx,Selected Food July 2025,5,2,B5
2025-06-01,2025-07-01,BEANS_WHITE,Beans white,Beans white,,,NATIONAL,Nigeria,2030.0760329370744,OK,PRIOR_MONTH,Average of June-25,FALSE,,1,Item Label,Selected_Food_Report_July_2025.zip,selected_food_table_July-25.xlsx,Selected Food July 2025,5,3,C5
2025-07-01,2025-07-01,BEANS_WHITE,Beans white,Beans white,,,NATIONAL,Nigeria,2020.9619336040175,OK,CURRENT_MONTH,Average of July-25,TRUE,,1,Item Label,Selected_Food_Report_July_2025.zip,selected_food_table_July-25.xlsx,Selected Food July 2025,5,4,D5
2024-07-01,2025-07-01,BEEF_BONELESS,Beef Boneless,Beef Boneless,1 kg,NBS_REPORT_PDF,NATIONAL,Nigeria,5441.065615067457,OK,YEAR_AGO,Average of July-24,FALSE,,1,Item Label,Selected_Food_Report_July_2025.zip,selected_food_table_July-25.xlsx,Selected Food July 2025,6,2,B6
2025-06-01,2025-07-01,BEEF_BONELESS,Beef Boneless,Beef Boneless,1 kg,NBS_REPORT_PDF,NATIONAL,Nigeria,6808.960907077878,OK,PRIOR_MONTH,Average of June-25,FALSE,,1,Item Label,Selected_Food_Report_July_2025.zip,selected_food_table_July-25.xlsx,Selected Food July 2025,6,3,C6
2025-07-01,2025-07-01,BEEF_BONELESS,Beef Boneless,Beef Boneless,1 kg,NBS_REPORT_PDF,NATIONAL,Nigeria,6831.352773878651,OK,CURRENT_MONTH,Average of July-25,TRUE,,1,Item Label,Selected_Food_Report_July_2025.zip,selected_food_table_July-25.xlsx,Selected Food July 2025,6,4,D6
2024-07-01,2025-07-01,BREAD_SLICED_450G,"Bread (sliced), 450g","Bread (sliced), 450g",450 g,SPREADSHEET_LABEL,NATIONAL,Nigeria,,NOT_REPORTED,YEAR_AGO,Average of July-24,FALSE,,1,Item Label,Selected_Food_Report_July_2025.zip,selected_food_table_July-25.xlsx,Selected Food July 2025,7,2,B7
2025-06-01,2025-07-01,BREAD_SLICED_450G,"Bread (sliced), 450g","Bread (sliced), 450g",450 g,SPREADSHEET_LABEL,NATIONAL,Nigeria,1651.3902781011402,OK,PRIOR_MONTH,Average of June-25,FALSE,,1,Item Label,Selected_Food_Report_July_2025.zip,selected_food_table_July-25.xlsx,Selected Food July 2025,7,3,C7
2025-07-01,2025-07-01,BREAD_SLICED_450G,"Bread (sliced), 450g","Bread (sliced), 450g",450 g,SPREADSHEET_LABEL,NATIONAL,Nigeria,1661.867672397997,OK,CURRENT_MONTH,Average of July-25,TRUE,,1,Item Label,Selected_Food_Report_July_2025.zip,selected_food_table_July-25.xlsx,Selected Food July 2025,7,4,D7
2024-07-01,2025-07-01,BREAD_UNSLICED_450G,"Bread (unsliced), 450g","Bread (unsliced), 450g",450 g,SPREADSHEET_LABEL,NATIONAL,Nigeria,,NOT_REPORTED,YEAR_AGO,Average of July-24,FALSE,,1,Item Label,Selected_Food_Report_July_2025.zip,selected_food_table_July-25.xlsx,Selected Food July 2025,8,2,B8
2025-06-01,2025-07-01,BREAD_UNSLICED_450G,"Bread (unsliced), 450g","Bread (unsliced), 450g",450 g,SPREADSHEET_LABEL,NATIONAL,Nigeria,1569.9491416693436,OK,PRIOR_MONTH,Average of June-25,FALSE,,1,Item Label,Selected_Food_Report_July_2025.zip,selected_food_table_July-25.xlsx,Selected Food July 2025,8,3,C8
2025-07-01,2025-07-01,BREAD_UNSLICED_450G,"Bread (unsliced), 450g","Bread (unsliced), 450g",450 g,SPREADSHEET_LABEL,NATIONAL,Nigeria,1577.7176473808383,OK,CURRENT_MONTH,Average of July-25,TRUE,,1,Item Label,Selected_Food_Report_July_2025.zip,selected_food_table_July-25.xlsx,Selected Food July 2025,8,4,D8
2024-07-01,2025-07-01,CARROTS_FRESH,"Carrots, fresh","Carrots, fresh",1 kg,NBS_REPORT_PDF,NATIONAL,Nigeria,,NOT_REPORTED,YEAR_AGO,Average of July-24,FALSE,,1,Item Label,Selected_Food_Report_July_2025.zip,selected_food_table_July-25.xlsx,Selected Food July 2025,9,2,B9
2025-06-01,2025-07-01,CARROTS_FRESH,"Carrots, fresh","Carrots, fresh",1 kg,NBS_REPORT_PDF,NATIONAL,Nigeria,1897.7477690032974,OK,PRIOR_MONTH,Average of June-25,FALSE,,1,Item Label,Selected_Food_Report_July_2025.zip,selected_food_table_July-25.xlsx,Selected Food July 2025,9,3,C9
2025-07-01,2025-07-01,CARROTS_FRESH,"Carrots, fresh","Carrots, fresh",1 kg,NBS_REPORT_PDF,NATIONAL,Nigeria,1913.0567759784753,OK,CURRENT_MONTH,Average of July-25,TRUE,,1,Item Label,Selected_Food_Report_July_2025.zip,selected_food_table_July-25.xlsx,Selected Food July 2025,9,4,D9
2024-07-01,2025-07-01,FISH_CATFISH_FRESH,Cat fresh fish,Cat fresh fish,,,NATIONAL,Nigeria,3926.1154615557657,OK,YEAR_AGO,Average of July-24,FALSE,,1,Item Label,Selected_Food_Report_July_2025.zip,selected_food_table_July-25.xlsx,Selected Food July 2025,10,2,B10
2025-06-01,2025-07-01,FISH_CATFISH_FRESH,Cat fresh fish,Cat fresh fish,,,NATIONAL,Nigeria,5744.253269767942,OK,PRIOR_MONTH,Average of June-25,FALSE,,1,Item Label,Selected_Food_Report_July_2025.zip,selected_food_table_July-25.xlsx,Selected Food July 2025,10,3,C10
2025-07-01,2025-07-01,FISH_CATFISH_FRESH,Cat fresh fish,Cat fresh fish,,,NATIONAL,Nigeria,5778.811187594452,OK,CURRENT_MONTH,Average of July-25,TRUE,,1,Item Label,Selected_Food_Report_July_2025.zip,selected_food_table_July-25.xlsx,Selected Food July 2025,10,4,D10
2024-07-01,2025-07-01,CHICKEN_FEET,Chicken feet,Chicken feet,,,NATIONAL,Nigeria,3110.5508028415475,OK,YEAR_AGO,Average of July-24,FALSE,,1,Item Label,Selected_Food_Report_July_2025.zip,selected_food_table_July-25.xlsx,Selected Food July 2025,11,2,B11
2025-06-01,2025-07-01,CHICKEN_FEET,Chicken feet,Chicken feet,,,NATIONAL,Nigeria,3576.326402454737,OK,PRIOR_MONTH,Average of June-25,FALSE,,1,Item Label,Selected_Food_Report_July_2025.zip,selected_food_table_July-25.xlsx,Selected Food July 2025,11,3,C11
2025-07-01,2025-07-01,CHICKEN_FEET,Chicken feet,Chicken feet,,,NATIONAL,Nigeria,3598.742621827061,OK,CURRENT_MONTH,Average of July-25,TRUE,,1,Item Label,Selected_Food_Report_July_2025.zip,selected_food_table_July-25.xlsx,Selected Food July 2025,11,4,D11
2024-07-01,2025-07-01,CHICKEN_MEAT_FROZEN,Chicken meat (Frozen),Chicken meat (Frozen),,,NATIONAL,Nigeria,5425.896411477582,OK,YEAR_AGO,Average of July-24,FALSE,,1,Item Label,Selected_Food_Report_July_2025.zip,selected_food_table_July-25.xlsx,Selected Food July 2025,12,2,B12
2025-06-01,2025-07-01,CHICKEN_MEAT_FROZEN,Chicken meat (Frozen),Chicken meat (Frozen),,,NATIONAL,Nigeria,5833.057929102609,OK,PRIOR_MONTH,Average of June-25,FALSE,,1,Item Label,Selected_Food_Report_July_2025.zip,selected_food_table_July-25.xlsx,Selected Food July 2025,12,3,C12
2025-07-01,2025-07-01,CHICKEN_MEAT_FROZEN,Chicken meat (Frozen),Chicken meat (Frozen),,,NATIONAL,Nigeria,5839.810204898159,OK,CURRENT_MONTH,Average of July-25,TRUE,,1,Item Label,Selected_Food_Report_July_2025.zip,selected_food_table_July-25.xlsx,Selected Food July 2025,12,4,D12
2024-07-01,2025-07-01,CHICKEN_WINGS,Chicken Wings,Chicken Wings,,,NATIONAL,Nigeria,3852.696262484993,OK,YEAR_AGO,Average of July-24,FALSE,,1,Item Label,Selected_Food_Report_July_2025.zip,selected_food_table_July-25.xlsx,Selected Food July 2025,13,2,B13
2025-06-01,2025-07-01,CHICKEN_WINGS,Chicken Wings,Chicken Wings,,,NATIONAL,Nigeria,4839.85424055575,OK,PRIOR_MONTH,Average of June-25,FALSE,,1,Item Label,Selected_Food_Report_July_2025.zip,selected_food_table_July-25.xlsx,Selected Food July 2025,13,3,C13
2025-07-01,2025-07-01,CHICKEN_WINGS,Chicken Wings,Chicken Wings,,,NATIONAL,Nigeria,4836.378810829006,OK,CURRENT_MONTH,Average of July-25,TRUE,,1,Item Label,Selected_Food_Report_July_2025.zip,selected_food_table_July-25.xlsx,Selected Food July 2025,13,4,D13
2024-07-01,2025-07-01,CRAYFISH_SMALL_WHITE,Cray fish small white,Cray fish small white,1 kg,NBS_REPORT_PDF,NATIONAL,Nigeria,,NOT_REPORTED,YEAR_AGO,Average of July-24,FALSE,,1,Item Label,Selected_Food_Report_July_2025.zip,selected_food_table_July-25.xlsx,Selected Food July 2025,14,2,B14
2025-06-01,2025-07-01,CRAYFISH_SMALL_WHITE,Cray fish small white,Cray fish small white,1 kg,NBS_REPORT_PDF,NATIONAL,Nigeria,8753.212366291289,OK,PRIOR_MONTH,Average of June-25,FALSE,,1,Item Label,Selected_Food_Report_July_2025.zip,selected_food_table_July-25.xlsx,Selected Food July 2025,14,3,C14
2025-07-01,2025-07-01,CRAYFISH_SMALL_WHITE,Cray fish small white,Cray fish small white,1 kg,NBS_REPORT_PDF,NATIONAL,Nigeria,9380.68707277979,OK,CURRENT_MONTH,Average of July-25,TRUE,,1,Item Label,Selected_Food_Report_July_2025.zip,selected_food_table_July-25.xlsx,Selected Food July 2025,14,4,D14
2024-07-01,2025-07-01,FISH_DRIED_BONGA,"Dried fish, Bonga","Dried fish, Bonga",,,NATIONAL,Nigeria,,NOT_REPORTED,YEAR_AGO,Average of July-24,FALSE,,1,Item Label,Selected_Food_Report_July_2025.zip,selected_food_table_July-25.xlsx,Selected Food July 2025,15,2,B15
2025-06-01,2025-07-01,FISH_DRIED_BONGA,"Dried fish, Bonga","Dried fish, Bonga",,,NATIONAL,Nigeria,7024.1582933911595,OK,PRIOR_MONTH,Average of June-25,FALSE,,1,Item Label,Selected_Food_Report_July_2025.zip,selected_food_table_July-25.xlsx,Selected Food July 2025,15,3,C15
2025-07-01,2025-07-01,FISH_DRIED_BONGA,"Dried fish, Bonga","Dried fish, Bonga",,,NATIONAL,Nigeria,7072.976572436164,OK,CURRENT_MONTH,Average of July-25,TRUE,,1,Item Label,Selected_Food_Report_July_2025.zip,selected_food_table_July-25.xlsx,Selected Food July 2025,15,4,D15
2024-07-01,2025-07-01,GARRI_WHITE,Garri white,Garri white,1 kg,NBS_REPORT_PDF,NATIONAL,Nigeria,1151.79021769458,OK,YEAR_AGO,Average of July-24,FALSE,,1,Item Label,Selected_Food_Report_July_2025.zip,selected_food_table_July-25.xlsx,Selected Food July 2025,16,2,B16
2025-06-01,2025-07-01,GARRI_WHITE,Garri white,Garri white,1 kg,NBS_REPORT_PDF,NATIONAL,Nigeria,1298.192947559117,OK,PRIOR_MONTH,Average of June-25,FALSE,,1,Item Label,Selected_Food_Report_July_2025.zip,selected_food_table_July-25.xlsx,Selected Food July 2025,16,3,C16
2025-07-01,2025-07-01,GARRI_WHITE,Garri white,Garri white,1 kg,NBS_REPORT_PDF,NATIONAL,Nigeria,1258.637331548774,OK,CURRENT_MONTH,Average of July-25,TRUE,,1,Item Label,Selected_Food_Report_July_2025.zip,selected_food_table_July-25.xlsx,Selected Food July 2025,16,4,D16
2024-07-01,2025-07-01,GARRI_YELLOW,Garri Yellow,Garri Yellow,,,NATIONAL,Nigeria,1218.675345047761,OK,YEAR_AGO,Average of July-24,FALSE,,1,Item Label,Selected_Food_Report_July_2025.zip,selected_food_table_July-25.xlsx,Selected Food July 2025,17,2,B17
2025-06-01,2025-07-01,GARRI_YELLOW,Garri Yellow,Garri Yellow,,,NATIONAL,Nigeria,1396.7201596534426,OK,PRIOR_MONTH,Average of June-25,FALSE,,1,Item Label,Selected_Food_Report_July_2025.zip,selected_food_table_July-25.xlsx,Selected Food July 2025,17,3,C17
2025-07-01,2025-07-01,GARRI_YELLOW,Garri Yellow,Garri Yellow,,,NATIONAL,Nigeria,1358.6755362275126,OK,CURRENT_MONTH,Average of July-25,TRUE,,1,Item Label,Selected_Food_Report_July_2025.zip,selected_food_table_July-25.xlsx,Selected Food July 2025,17,4,D17
2024-07-01,2025-07-01,GINGER_FRESH,"Ginger, fresh","Ginger, fresh",1 kg,NBS_REPORT_PDF,NATIONAL,Nigeria,,NOT_REPORTED,YEAR_AGO,Average of July-24,FALSE,,1,Item Label,Selected_Food_Report_July_2025.zip,selected_food_table_July-25.xlsx,Selected Food July 2025,18,2,B18
2025-06-01,2025-07-01,GINGER_FRESH,"Ginger, fresh","Ginger, fresh",1 kg,NBS_REPORT_PDF,NATIONAL,Nigeria,5618.722488436312,OK,PRIOR_MONTH,Average of June-25,FALSE,,1,Item Label,Selected_Food_Report_July_2025.zip,selected_food_table_July-25.xlsx,Selected Food July 2025,18,3,C18
2025-07-01,2025-07-01,GINGER_FRESH,"Ginger, fresh","Ginger, fresh",1 kg,NBS_REPORT_PDF,NATIONAL,Nigeria,5659.526105269955,OK,CURRENT_MONTH,Average of July-25,TRUE,,1,Item Label,Selected_Food_Report_July_2025.zip,selected_food_table_July-25.xlsx,Selected Food July 2025,18,4,D18
2024-07-01,2025-07-01,GOAT_MEAT_BONE_IN,Goat Meat Bone in,Goat Meat Bone in,,,NATIONAL,Nigeria,,NOT_REPORTED,YEAR_AGO,Average of July-24,FALSE,,1,Item Label,Selected_Food_Report_July_2025.zip,selected_food_table_July-25.xlsx,Selected Food July 2025,19,2,B19
2025-06-01,2025-07-01,GOAT_MEAT_BONE_IN,Goat Meat Bone in,Goat Meat Bone in,,,NATIONAL,Nigeria,6779.4905285461255,OK,PRIOR_MONTH,Average of June-25,FALSE,,1,Item Label,Selected_Food_Report_July_2025.zip,selected_food_table_July-25.xlsx,Selected Food July 2025,19,3,C19
2025-07-01,2025-07-01,GOAT_MEAT_BONE_IN,Goat Meat Bone in,Goat Meat Bone in,,,NATIONAL,Nigeria,6821.309058255563,OK,CURRENT_MONTH,Average of July-25,TRUE,,1,Item Label,Selected_Food_Report_July_2025.zip,selected_food_table_July-25.xlsx,Selected Food July 2025,19,4,D19
2024-07-01,2025-07-01,GROUNDNUT_OIL_75CL,"Groundnut oil, 75cl","Groundnut oil, 75cl",75 cl,SPREADSHEET_LABEL,NATIONAL,Nigeria,,NOT_REPORTED,YEAR_AGO,Average of July-24,FALSE,,1,Item Label,Selected_Food_Report_July_2025.zip,selected_food_table_July-25.xlsx,Selected Food July 2025,20,2,B20
2025-06-01,2025-07-01,GROUNDNUT_OIL_75CL,"Groundnut oil, 75cl","Groundnut oil, 75cl",75 cl,SPREADSHEET_LABEL,NATIONAL,Nigeria,3279.627497791497,OK,PRIOR_MONTH,Average of June-25,FALSE,,1,Item Label,Selected_Food_Report_July_2025.zip,selected_food_table_July-25.xlsx,Selected Food July 2025,20,3,C20
2025-07-01,2025-07-01,GROUNDNUT_OIL_75CL,"Groundnut oil, 75cl","Groundnut oil, 75cl",75 cl,SPREADSHEET_LABEL,NATIONAL,Nigeria,3284.6082067226357,OK,CURRENT_MONTH,Average of July-25,TRUE,,1,Item Label,Selected_Food_Report_July_2025.zip,selected_food_table_July-25.xlsx,Selected Food July 2025,20,4,D20
2024-07-01,2025-07-01,GROUNDNUTS_ROASTED_75CL,"Groundnuts, roasted,75cl bottle","Groundnuts, roasted,75cl bottle",75 cl bottle,SPREADSHEET_LABEL,NATIONAL,Nigeria,,NOT_REPORTED,YEAR_AGO,Average of July-24,FALSE,,1,Item Label,Selected_Food_Report_July_2025.zip,selected_food_table_July-25.xlsx,Selected Food July 2025,21,2,B21
2025-06-01,2025-07-01,GROUNDNUTS_ROASTED_75CL,"Groundnuts, roasted,75cl bottle","Groundnuts, roasted,75cl bottle",75 cl bottle,SPREADSHEET_LABEL,NATIONAL,Nigeria,2636.262077482718,OK,PRIOR_MONTH,Average of June-25,FALSE,,1,Item Label,Selected_Food_Report_July_2025.zip,selected_food_table_July-25.xlsx,Selected Food July 2025,21,3,C21
2025-07-01,2025-07-01,GROUNDNUTS_ROASTED_75CL,"Groundnuts, roasted,75cl bottle","Groundnuts, roasted,75cl bottle",75 cl bottle,SPREADSHEET_LABEL,NATIONAL,Nigeria,2637.09908243723,OK,CURRENT_MONTH,Average of July-25,TRUE,,1,Item Label,Selected_Food_Report_July_2025.zip,selected_food_table_July-25.xlsx,Selected Food July 2025,21,4,D21
2024-07-01,2025-07-01,POTATO_IRISH,Irish Potatoe,Irish Potatoe,1 kg,NBS_REPORT_PDF,NATIONAL,Nigeria,1781.0120854709185,OK,YEAR_AGO,Average of July-24,FALSE,,1,Item Label,Selected_Food_Report_July_2025.zip,selected_food_table_July-25.xlsx,Selected Food July 2025,22,2,B22
2025-06-01,2025-07-01,POTATO_IRISH,Irish Potatoe,Irish Potatoe,1 kg,NBS_REPORT_PDF,NATIONAL,Nigeria,2045.9420469011002,OK,PRIOR_MONTH,Average of June-25,FALSE,,1,Item Label,Selected_Food_Report_July_2025.zip,selected_food_table_July-25.xlsx,Selected Food July 2025,22,3,C22
2025-07-01,2025-07-01,POTATO_IRISH,Irish Potatoe,Irish Potatoe,1 kg,NBS_REPORT_PDF,NATIONAL,Nigeria,2033.0798935380249,OK,CURRENT_MONTH,Average of July-25,TRUE,,1,Item Label,Selected_Food_Report_July_2025.zip,selected_food_table_July-25.xlsx,Selected Food July 2025,22,4,D22
2024-07-01,2025-07-01,RICE_LOCAL_BROKEN,Local Rice (Broken),Local Rice (Broken),,,NATIONAL,Nigeria,,NOT_REPORTED,YEAR_AGO,Average of July-24,FALSE,,1,Item Label,Selected_Food_Report_July_2025.zip,selected_food_table_July-25.xlsx,Selected Food July 2025,23,2,B23
2025-06-01,2025-07-01,RICE_LOCAL_BROKEN,Local Rice (Broken),Local Rice (Broken),,,NATIONAL,Nigeria,2579.830185301154,OK,PRIOR_MONTH,Average of June-25,FALSE,,1,Item Label,Selected_Food_Report_July_2025.zip,selected_food_table_July-25.xlsx,Selected Food July 2025,23,3,C23
2025-07-01,2025-07-01,RICE_LOCAL_BROKEN,Local Rice (Broken),Local Rice (Broken),,,NATIONAL,Nigeria,2586.0488043157384,OK,CURRENT_MONTH,Average of July-25,TRUE,,1,Item Label,Selected_Food_Report_July_2025.zip,selected_food_table_July-25.xlsx,Selected Food July 2025,23,4,D23
2024-07-01,2025-07-01,FISH_MACKEREL_FROZEN,"Mackerel, Frozen","Mackerel, Frozen",,,NATIONAL,Nigeria,3865.4193555852453,OK,YEAR_AGO,Average of July-24,FALSE,,1,Item Label,Selected_Food_Report_July_2025.zip,selected_food_table_July-25.xlsx,Selected Food July 2025,24,2,B24
2025-06-01,2025-07-01,FISH_MACKEREL_FROZEN,"Mackerel, Frozen","Mackerel, Frozen",,,NATIONAL,Nigeria,5557.244551450072,OK,PRIOR_MONTH,Average of June-25,FALSE,,1,Item Label,Selected_Food_Report_July_2025.zip,selected_food_table_July-25.xlsx,Selected Food July 2025,24,3,C24
2025-07-01,2025-07-01,FISH_MACKEREL_FROZEN,"Mackerel, Frozen","Mackerel, Frozen",,,NATIONAL,Nigeria,5681.313249588093,OK,CURRENT_MONTH,Average of July-25,TRUE,,1,Item Label,Selected_Food_Report_July_2025.zip,selected_food_table_July-25.xlsx,Selected Food July 2025,24,4,D24
2024-07-01,2025-07-01,MAIZE_GRAIN_WHITE_LOOSE,Maize (Corn) Grains (White) sold loose,Maize (Corn) Grains (White) sold loose,1 kg,NBS_REPORT_PDF,NATIONAL,Nigeria,1029.2974745998304,OK,YEAR_AGO,Average of July-24,FALSE,,1,Item Label,Selected_Food_Report_July_2025.zip,selected_food_table_July-25.xlsx,Selected Food July 2025,25,2,B25
2025-06-01,2025-07-01,MAIZE_GRAIN_WHITE_LOOSE,Maize (Corn) Grains (White) sold loose,Maize (Corn) Grains (White) sold loose,1 kg,NBS_REPORT_PDF,NATIONAL,Nigeria,1188.371421042367,OK,PRIOR_MONTH,Average of June-25,FALSE,,1,Item Label,Selected_Food_Report_July_2025.zip,selected_food_table_July-25.xlsx,Selected Food July 2025,25,3,C25
2025-07-01,2025-07-01,MAIZE_GRAIN_WHITE_LOOSE,Maize (Corn) Grains (White) sold loose,Maize (Corn) Grains (White) sold loose,1 kg,NBS_REPORT_PDF,NATIONAL,Nigeria,1166.8085070098991,OK,CURRENT_MONTH,Average of July-25,TRUE,,1,Item Label,Selected_Food_Report_July_2025.zip,selected_food_table_July-25.xlsx,Selected Food July 2025,25,4,D25
2024-07-01,2025-07-01,ONIONS_FRESH,"Onions, fresh","Onions, fresh",1 kg,NBS_REPORT_PDF,NATIONAL,Nigeria,1273.7500741796146,OK,YEAR_AGO,Average of July-24,FALSE,,1,Item Label,Selected_Food_Report_July_2025.zip,selected_food_table_July-25.xlsx,Selected Food July 2025,26,2,B26
2025-06-01,2025-07-01,ONIONS_FRESH,"Onions, fresh","Onions, fresh",1 kg,NBS_REPORT_PDF,NATIONAL,Nigeria,1559.0190817775465,OK,PRIOR_MONTH,Average of June-25,FALSE,,1,Item Label,Selected_Food_Report_July_2025.zip,selected_food_table_July-25.xlsx,Selected Food July 2025,26,3,C26
2025-07-01,2025-07-01,ONIONS_FRESH,"Onions, fresh","Onions, fresh",1 kg,NBS_REPORT_PDF,NATIONAL,Nigeria,1538.7591764210324,OK,CURRENT_MONTH,Average of July-25,TRUE,,1,Item Label,Selected_Food_Report_July_2025.zip,selected_food_table_July-25.xlsx,Selected Food July 2025,26,4,D26
2024-07-01,2025-07-01,PALM_OIL_75CL,"Palm oil, 75cl","Palm oil, 75cl",75 cl,SPREADSHEET_LABEL,NATIONAL,Nigeria,1855.4176417189371,OK,YEAR_AGO,Average of July-24,FALSE,,1,Item Label,Selected_Food_Report_July_2025.zip,selected_food_table_July-25.xlsx,Selected Food July 2025,27,2,B27
2025-06-01,2025-07-01,PALM_OIL_75CL,"Palm oil, 75cl","Palm oil, 75cl",75 cl,SPREADSHEET_LABEL,NATIONAL,Nigeria,2509.1609017244396,OK,PRIOR_MONTH,Average of June-25,FALSE,,1,Item Label,Selected_Food_Report_July_2025.zip,selected_food_table_July-25.xlsx,Selected Food July 2025,27,3,C27
2025-07-01,2025-07-01,PALM_OIL_75CL,"Palm oil, 75cl","Palm oil, 75cl",75 cl,SPREADSHEET_LABEL,NATIONAL,Nigeria,2553.538225074949,OK,CURRENT_MONTH,Average of July-25,TRUE,,1,Item Label,Selected_Food_Report_July_2025.zip,selected_food_table_July-25.xlsx,Selected Food July 2025,27,4,D27
2024-07-01,2025-07-01,PLANTAIN_RIPE,Plantain (ripe),Plantain (ripe),,,NATIONAL,Nigeria,1497.3934136507148,OK,YEAR_AGO,Average of July-24,FALSE,,1,Item Label,Selected_Food_Report_July_2025.zip,selected_food_table_July-25.xlsx,Selected Food July 2025,28,2,B28
2025-06-01,2025-07-01,PLANTAIN_RIPE,Plantain (ripe),Plantain (ripe),,,NATIONAL,Nigeria,2109.6644735417044,OK,PRIOR_MONTH,Average of June-25,FALSE,,1,Item Label,Selected_Food_Report_July_2025.zip,selected_food_table_July-25.xlsx,Selected Food July 2025,28,3,C28
2025-07-01,2025-07-01,PLANTAIN_RIPE,Plantain (ripe),Plantain (ripe),,,NATIONAL,Nigeria,2137.3708139295436,OK,CURRENT_MONTH,Average of July-25,TRUE,,1,Item Label,Selected_Food_Report_July_2025.zip,selected_food_table_July-25.xlsx,Selected Food July 2025,28,4,D28
2024-07-01,2025-07-01,PLANTAIN_UNRIPE,Plantain (unripe),Plantain (unripe),,,NATIONAL,Nigeria,1430.8271530469663,OK,YEAR_AGO,Average of July-24,FALSE,,1,Item Label,Selected_Food_Report_July_2025.zip,selected_food_table_July-25.xlsx,Selected Food July 2025,29,2,B29
2025-06-01,2025-07-01,PLANTAIN_UNRIPE,Plantain (unripe),Plantain (unripe),,,NATIONAL,Nigeria,2305.6216531932346,OK,PRIOR_MONTH,Average of June-25,FALSE,,1,Item Label,Selected_Food_Report_July_2025.zip,selected_food_table_July-25.xlsx,Selected Food July 2025,29,3,C29
2025-07-01,2025-07-01,PLANTAIN_UNRIPE,Plantain (unripe),Plantain (unripe),,,NATIONAL,Nigeria,2325.070485372628,OK,CURRENT_MONTH,Average of July-25,TRUE,,1,Item Label,Selected_Food_Report_July_2025.zip,selected_food_table_July-25.xlsx,Selected Food July 2025,29,4,D29
2024-07-01,2025-07-01,RICE_LOCAL_SHORT_GRAIN,"Rice Local, short-Grained","Rice Local, short-Grained",1 kg,NBS_REPORT_PDF,NATIONAL,Nigeria,1766.6352589474357,OK,YEAR_AGO,Average of July-24,FALSE,,1,Item Label,Selected_Food_Report_July_2025.zip,selected_food_table_July-25.xlsx,Selected Food July 2025,30,2,B30
2025-06-01,2025-07-01,RICE_LOCAL_SHORT_GRAIN,"Rice Local, short-Grained","Rice Local, short-Grained",1 kg,NBS_REPORT_PDF,NATIONAL,Nigeria,2084.0367570936814,OK,PRIOR_MONTH,Average of June-25,FALSE,,1,Item Label,Selected_Food_Report_July_2025.zip,selected_food_table_July-25.xlsx,Selected Food July 2025,30,3,C30
2025-07-01,2025-07-01,RICE_LOCAL_SHORT_GRAIN,"Rice Local, short-Grained","Rice Local, short-Grained",1 kg,NBS_REPORT_PDF,NATIONAL,Nigeria,2064.074663614012,OK,CURRENT_MONTH,Average of July-25,TRUE,,1,Item Label,Selected_Food_Report_July_2025.zip,selected_food_table_July-25.xlsx,Selected Food July 2025,30,4,D30
2024-07-01,2025-07-01,RICE_IMPORTED_LONG_GRAIN,Rice Long-Grained (Imported),Rice Long-Grained (Imported),,,NATIONAL,Nigeria,2191.0624625461287,OK,YEAR_AGO,Average of July-24,FALSE,,1,Item Label,Selected_Food_Report_July_2025.zip,selected_food_table_July-25.xlsx,Selected Food July 2025,31,2,B31
2025-06-01,2025-07-01,RICE_IMPORTED_LONG_GRAIN,Rice Long-Grained (Imported),Rice Long-Grained (Imported),,,NATIONAL,Nigeria,2627.731674479681,OK,PRIOR_MONTH,Average of June-25,FALSE,,1,Item Label,Selected_Food_Report_July_2025.zip,selected_food_table_July-25.xlsx,Selected Food July 2025,31,3,C31
2025-07-01,2025-07-01,RICE_IMPORTED_LONG_GRAIN,Rice Long-Grained (Imported),Rice Long-Grained (Imported),,,NATIONAL,Nigeria,2642.2229347668285,OK,CURRENT_MONTH,Average of July-25,TRUE,,1,Item Label,Selected_Food_Report_July_2025.zip,selected_food_table_July-25.xlsx,Selected Food July 2025,31,4,D31
2024-07-01,2025-07-01,SEMOVITA_1KG,"Semovita, Prepacked (1kg)","Semovita, Prepacked (1kg)",1 kg,SPREADSHEET_LABEL,NATIONAL,Nigeria,,NOT_REPORTED,YEAR_AGO,Average of July-24,FALSE,,1,Item Label,Selected_Food_Report_July_2025.zip,selected_food_table_July-25.xlsx,Selected Food July 2025,32,2,B32
2025-06-01,2025-07-01,SEMOVITA_1KG,"Semovita, Prepacked (1kg)","Semovita, Prepacked (1kg)",1 kg,SPREADSHEET_LABEL,NATIONAL,Nigeria,2311.5227732427784,OK,PRIOR_MONTH,Average of June-25,FALSE,,1,Item Label,Selected_Food_Report_July_2025.zip,selected_food_table_July-25.xlsx,Selected Food July 2025,32,3,C32
2025-07-01,2025-07-01,SEMOVITA_1KG,"Semovita, Prepacked (1kg)","Semovita, Prepacked (1kg)",1 kg,SPREADSHEET_LABEL,NATIONAL,Nigeria,2329.3537307159145,OK,CURRENT_MONTH,Average of July-25,TRUE,,1,Item Label,Selected_Food_Report_July_2025.zip,selected_food_table_July-25.xlsx,Selected Food July 2025,32,4,D32
2024-07-01,2025-07-01,FISH_SMOKED_MACKEREL,Smoked fish (Mackerel),Smoked fish (Mackerel),,,NATIONAL,Nigeria,,NOT_REPORTED,YEAR_AGO,Average of July-24,FALSE,,1,Item Label,Selected_Food_Report_July_2025.zip,selected_food_table_July-25.xlsx,Selected Food July 2025,33,2,B33
2025-06-01,2025-07-01,FISH_SMOKED_MACKEREL,Smoked fish (Mackerel),Smoked fish (Mackerel),,,NATIONAL,Nigeria,6229.503936853234,OK,PRIOR_MONTH,Average of June-25,FALSE,,1,Item Label,Selected_Food_Report_July_2025.zip,selected_food_table_July-25.xlsx,Selected Food July 2025,33,3,C33
2025-07-01,2025-07-01,FISH_SMOKED_MACKEREL,Smoked fish (Mackerel),Smoked fish (Mackerel),,,NATIONAL,Nigeria,6317.532680969681,OK,CURRENT_MONTH,Average of July-25,TRUE,,1,Item Label,Selected_Food_Report_July_2025.zip,selected_food_table_July-25.xlsx,Selected Food July 2025,33,4,D33
2024-07-01,2025-07-01,POTATO_SWEET,Sweet potatoes,Sweet potatoes,,,NATIONAL,Nigeria,970.4995791305256,OK,YEAR_AGO,Average of July-24,FALSE,,1,Item Label,Selected_Food_Report_July_2025.zip,selected_food_table_July-25.xlsx,Selected Food July 2025,34,2,B34
2025-06-01,2025-07-01,POTATO_SWEET,Sweet potatoes,Sweet potatoes,,,NATIONAL,Nigeria,1039.3271276420412,OK,PRIOR_MONTH,Average of June-25,FALSE,,1,Item Label,Selected_Food_Report_July_2025.zip,selected_food_table_July-25.xlsx,Selected Food July 2025,34,3,C34
2025-07-01,2025-07-01,POTATO_SWEET,Sweet potatoes,Sweet potatoes,,,NATIONAL,Nigeria,1052.9715462212248,OK,CURRENT_MONTH,Average of July-25,TRUE,,1,Item Label,Selected_Food_Report_July_2025.zip,selected_food_table_July-25.xlsx,Selected Food July 2025,34,4,D34
2024-07-01,2025-07-01,FISH_TILAPIA_FRESH,Tilapia fresh fish (Epiya),Tilapia fresh fish (Epiya),,,NATIONAL,Nigeria,3648.8671788368288,OK,YEAR_AGO,Average of July-24,FALSE,,1,Item Label,Selected_Food_Report_July_2025.zip,selected_food_table_July-25.xlsx,Selected Food July 2025,35,2,B35
2025-06-01,2025-07-01,FISH_TILAPIA_FRESH,Tilapia fresh fish (Epiya),Tilapia fresh fish (Epiya),,,NATIONAL,Nigeria,5723.023942242524,OK,PRIOR_MONTH,Average of June-25,FALSE,,1,Item Label,Selected_Food_Report_July_2025.zip,selected_food_table_July-25.xlsx,Selected Food July 2025,35,3,C35
2025-07-01,2025-07-01,FISH_TILAPIA_FRESH,Tilapia fresh fish (Epiya),Tilapia fresh fish (Epiya),,,NATIONAL,Nigeria,5727.762682051476,OK,CURRENT_MONTH,Average of July-25,TRUE,,1,Item Label,Selected_Food_Report_July_2025.zip,selected_food_table_July-25.xlsx,Selected Food July 2025,35,4,D35
2024-07-01,2025-07-01,MILK_EVAP_PEAK_150G,"Tin Milk-Evaporated, Peak Milk, 150g","Tin Milk-Evaporated, Peak Milk, 150g",150 g,SPREADSHEET_LABEL,NATIONAL,Nigeria,851.0732027490944,OK,YEAR_AGO,Average of July-24,FALSE,,1,Item Label,Selected_Food_Report_July_2025.zip,selected_food_table_July-25.xlsx,Selected Food July 2025,36,2,B36
2025-06-01,2025-07-01,MILK_EVAP_PEAK_150G,"Tin Milk-Evaporated, Peak Milk, 150g","Tin Milk-Evaporated, Peak Milk, 150g",150 g,SPREADSHEET_LABEL,NATIONAL,Nigeria,1028.285334549053,OK,PRIOR_MONTH,Average of June-25,FALSE,,1,Item Label,Selected_Food_Report_July_2025.zip,selected_food_table_July-25.xlsx,Selected Food July 2025,36,3,C36
2025-07-01,2025-07-01,MILK_EVAP_PEAK_150G,"Tin Milk-Evaporated, Peak Milk, 150g","Tin Milk-Evaporated, Peak Milk, 150g",150 g,SPREADSHEET_LABEL,NATIONAL,Nigeria,1034.6028212842873,OK,CURRENT_MONTH,Average of July-25,TRUE,,1,Item Label,Selected_Food_Report_July_2025.zip,selected_food_table_July-25.xlsx,Selected Food July 2025,36,4,D36
2024-07-01,2025-07-01,MILK_EVAP_THREECROWN_160G,"Tin Milk-Evaporated, Three Crown Milk, 160g","Tin Milk-Evaporated, Three Crown Milk, 160g",160 g,SPREADSHEET_LABEL,NATIONAL,Nigeria,,NOT_REPORTED,YEAR_AGO,Average of July-24,FALSE,,1,Item Label,Selected_Food_Report_July_2025.zip,selected_food_table_July-25.xlsx,Selected Food July 2025,37,2,B37
2025-06-01,2025-07-01,MILK_EVAP_THREECROWN_160G,"Tin Milk-Evaporated, Three Crown Milk, 160g","Tin Milk-Evaporated, Three Crown Milk, 160g",160 g,SPREADSHEET_LABEL,NATIONAL,Nigeria,910.0812839690196,OK,PRIOR_MONTH,Average of June-25,FALSE,,1,Item Label,Selected_Food_Report_July_2025.zip,selected_food_table_July-25.xlsx,Selected Food July 2025,37,3,C37
2025-07-01,2025-07-01,MILK_EVAP_THREECROWN_160G,"Tin Milk-Evaporated, Three Crown Milk, 160g","Tin Milk-Evaporated, Three Crown Milk, 160g",160 g,SPREADSHEET_LABEL,NATIONAL,Nigeria,923.4343693818231,OK,CURRENT_MONTH,Average of July-25,TRUE,,1,Item Label,Selected_Food_Report_July_2025.zip,selected_food_table_July-25.xlsx,Selected Food July 2025,37,4,D37
2024-07-01,2025-07-01,FISH_TITUS_FROZEN,"Titus, frozen","Titus, frozen",,,NATIONAL,Nigeria,4165.903010845133,OK,YEAR_AGO,Average of July-24,FALSE,,1,Item Label,Selected_Food_Report_July_2025.zip,selected_food_table_July-25.xlsx,Selected Food July 2025,38,2,B38
2025-06-01,2025-07-01,FISH_TITUS_FROZEN,"Titus, frozen","Titus, frozen",,,NATIONAL,Nigeria,6238.707812532653,OK,PRIOR_MONTH,Average of June-25,FALSE,,1,Item Label,Selected_Food_Report_July_2025.zip,selected_food_table_July-25.xlsx,Selected Food July 2025,38,3,C38
2025-07-01,2025-07-01,FISH_TITUS_FROZEN,"Titus, frozen","Titus, frozen",,,NATIONAL,Nigeria,6271.45068255048,OK,CURRENT_MONTH,Average of July-25,TRUE,,1,Item Label,Selected_Food_Report_July_2025.zip,selected_food_table_July-25.xlsx,Selected Food July 2025,38,4,D38
2024-07-01,2025-07-01,TOMATOES_FRESH,"Tomatoes, fresh","Tomatoes, fresh",1 kg,NBS_REPORT_PDF,NATIONAL,Nigeria,1693.83304320966,OK,YEAR_AGO,Average of July-24,FALSE,,1,Item Label,Selected_Food_Report_July_2025.zip,selected_food_table_July-25.xlsx,Selected Food July 2025,39,2,B39
2025-06-01,2025-07-01,TOMATOES_FRESH,"Tomatoes, fresh","Tomatoes, fresh",1 kg,NBS_REPORT_PDF,NATIONAL,Nigeria,1394.7709227774014,OK,PRIOR_MONTH,Average of June-25,FALSE,,1,Item Label,Selected_Food_Report_July_2025.zip,selected_food_table_July-25.xlsx,Selected Food July 2025,39,3,C39
2025-07-01,2025-07-01,TOMATOES_FRESH,"Tomatoes, fresh","Tomatoes, fresh",1 kg,NBS_REPORT_PDF,NATIONAL,Nigeria,1367.8877089206924,OK,CURRENT_MONTH,Average of July-25,TRUE,,1,Item Label,Selected_Food_Report_July_2025.zip,selected_food_table_July-25.xlsx,Selected Food July 2025,39,4,D39
2024-07-01,2025-07-01,VEG_OIL_75CL,"Vegetable Oil, 75cl","Vegetable Oil, 75cl",75 cl,SPREADSHEET_LABEL,NATIONAL,Nigeria,2478.9452185152877,OK,YEAR_AGO,Average of July-24,FALSE,,1,Item Label,Selected_Food_Report_July_2025.zip,selected_food_table_July-25.xlsx,Selected Food July 2025,40,2,B40
2025-06-01,2025-07-01,VEG_OIL_75CL,"Vegetable Oil, 75cl","Vegetable Oil, 75cl",75 cl,SPREADSHEET_LABEL,NATIONAL,Nigeria,3398.8387238508994,OK,PRIOR_MONTH,Average of June-25,FALSE,,1,Item Label,Selected_Food_Report_July_2025.zip,selected_food_table_July-25.xlsx,Selected Food July 2025,40,3,C40
2025-07-01,2025-07-01,VEG_OIL_75CL,"Vegetable Oil, 75cl","Vegetable Oil, 75cl",75 cl,SPREADSHEET_LABEL,NATIONAL,Nigeria,3399.5980900467525,OK,CURRENT_MONTH,Average of July-25,TRUE,,1,Item Label,Selected_Food_Report_July_2025.zip,selected_food_table_July-25.xlsx,Selected Food July 2025,40,4,D40
2024-07-01,2025-07-01,WATERMELON_WHOLE,"Watermelon whole, medium size fresh","Watermelon whole, medium size fresh",,,NATIONAL,Nigeria,,NOT_REPORTED,YEAR_AGO,Average of July-24,FALSE,,1,Item Label,Selected_Food_Report_July_2025.zip,selected_food_table_July-25.xlsx,Selected Food July 2025,41,2,B41
2025-06-01,2025-07-01,WATERMELON_WHOLE,"Watermelon whole, medium size fresh","Watermelon whole, medium size fresh",,,NATIONAL,Nigeria,2077.264552740451,OK,PRIOR_MONTH,Average of June-25,FALSE,,1,Item Label,Selected_Food_Report_July_2025.zip,selected_food_table_July-25.xlsx,Selected Food July 2025,41,3,C41
2025-07-01,2025-07-01,WATERMELON_WHOLE,"Watermelon whole, medium size fresh","Watermelon whole, medium size fresh",,,NATIONAL,Nigeria,2080.2683791334057,OK,CURRENT_MONTH,Average of July-25,TRUE,,1,Item Label,Selected_Food_Report_July_2025.zip,selected_food_table_July-25.xlsx,Selected Food July 2025,41,4,D41
2024-07-01,2025-07-01,WHEAT_FLOUR_2KG,"Wheat Flour, Prepacked (2kg)","Wheat Flour, Prepacked (2kg)",2 kg,SPREADSHEET_LABEL,NATIONAL,Nigeria,3259.8198015688868,OK,YEAR_AGO,Average of July-24,FALSE,,1,Item Label,Selected_Food_Report_July_2025.zip,selected_food_table_July-25.xlsx,Selected Food July 2025,42,2,B42
2025-06-01,2025-07-01,WHEAT_FLOUR_2KG,"Wheat Flour, Prepacked (2kg)","Wheat Flour, Prepacked (2kg)",2 kg,SPREADSHEET_LABEL,NATIONAL,Nigeria,4169.007013217462,OK,PRIOR_MONTH,Average of June-25,FALSE,,1,Item Label,Selected_Food_Report_July_2025.zip,selected_food_table_July-25.xlsx,Selected Food July 2025,42,3,C42
2025-07-01,2025-07-01,WHEAT_FLOUR_2KG,"Wheat Flour, Prepacked (2kg)","Wheat Flour, Prepacked (2kg)",2 kg,SPREADSHEET_LABEL,NATIONAL,Nigeria,4194.085679751597,OK,CURRENT_MONTH,Average of July-25,TRUE,,1,Item Label,Selected_Food_Report_July_2025.zip,selected_food_table_July-25.xlsx,Selected Food July 2025,42,4,D42
2024-07-01,2025-07-01,YAM_TUBER,Yam Tuber,Yam Tuber,1 kg,NBS_REPORT_PDF,NATIONAL,Nigeria,1802.83739098872,OK,YEAR_AGO,Average of July-24,FALSE,,1,Item Label,Selected_Food_Report_July_2025.zip,selected_food_table_July-25.xlsx,Selected Food July 2025,43,2,B43
2025-06-01,2025-07-01,YAM_TUBER,Yam Tuber,Yam Tuber,1 kg,NBS_REPORT_PDF,NATIONAL,Nigeria,2463.7007403680545,OK,PRIOR_MONTH,Average of June-25,FALSE,,1,Item Label,Selected_Food_Report_July_2025.zip,selected_food_table_July-25.xlsx,Selected Food July 2025,43,3,C43
2025-07-01,2025-07-01,YAM_TUBER,Yam Tuber,Yam Tuber,1 kg,NBS_REPORT_PDF,NATIONAL,Nigeria,2484.404972297706,OK,CURRENT_MONTH,Average of July-25,TRUE,,1,Item Label,Selected_Food_Report_July_2025.zip,selected_food_table_July-25.xlsx,Selected Food July 2025,43,4,D43
2024-06-01,2025-06-01,EGG_AGRIC,"Agric hen eggs,","Agric hen eggs,",,,NATIONAL,Nigeria,168.51178745247913,OK,YEAR_AGO,Average of June-24,FALSE,,1,Item Label,Selected_Food_Report_June_2025.zip,selected_food_table_June-25.xlsx,Selected Food June 2025,2,2,B2
2025-05-01,2025-06-01,EGG_AGRIC,"Agric hen eggs,","Agric hen eggs,",,,NATIONAL,Nigeria,265.72525010413347,OK,PRIOR_MONTH,Average of May-25,FALSE,,1,Item Label,Selected_Food_Report_June_2025.zip,selected_food_table_June-25.xlsx,Selected Food June 2025,2,3,C2
2025-06-01,2025-06-01,EGG_AGRIC,"Agric hen eggs,","Agric hen eggs,",,,NATIONAL,Nigeria,268.1321911996009,OK,CURRENT_MONTH,Average of June-25,TRUE,,1,Item Label,Selected_Food_Report_June_2025.zip,selected_food_table_June-25.xlsx,Selected Food June 2025,2,4,D2
2024-06-01,2025-06-01,EGG_AGRIC_CRATE30,"Agric hen eggs, (a Crate of 30 pieces)","Agric hen eggs, (a Crate of 30 pieces)",1 crate of 30 pieces,SPREADSHEET_LABEL,NATIONAL,Nigeria,,NOT_REPORTED,YEAR_AGO,Average of June-24,FALSE,,1,Item Label,Selected_Food_Report_June_2025.zip,selected_food_table_June-25.xlsx,Selected Food June 2025,3,2,B3
2025-05-01,2025-06-01,EGG_AGRIC_CRATE30,"Agric hen eggs, (a Crate of 30 pieces)","Agric hen eggs, (a Crate of 30 pieces)",1 crate of 30 pieces,SPREADSHEET_LABEL,NATIONAL,Nigeria,6263.915591640825,OK,PRIOR_MONTH,Average of May-25,FALSE,,1,Item Label,Selected_Food_Report_June_2025.zip,selected_food_table_June-25.xlsx,Selected Food June 2025,3,3,C3
2025-06-01,2025-06-01,EGG_AGRIC_CRATE30,"Agric hen eggs, (a Crate of 30 pieces)","Agric hen eggs, (a Crate of 30 pieces)",1 crate of 30 pieces,SPREADSHEET_LABEL,NATIONAL,Nigeria,6326.553235870359,OK,CURRENT_MONTH,Average of June-25,TRUE,,1,Item Label,Selected_Food_Report_June_2025.zip,selected_food_table_June-25.xlsx,Selected Food June 2025,3,4,D3
2024-06-01,2025-06-01,BEANS_BROWN,Beans Brown,Beans Brown,1 kg,NBS_REPORT_PDF,NATIONAL,Nigeria,2292.7622676491433,OK,YEAR_AGO,Average of June-24,FALSE,,1,Item Label,Selected_Food_Report_June_2025.zip,selected_food_table_June-25.xlsx,Selected Food June 2025,4,2,B4
2025-05-01,2025-06-01,BEANS_BROWN,Beans Brown,Beans Brown,1 kg,NBS_REPORT_PDF,NATIONAL,Nigeria,2385.151862935156,OK,PRIOR_MONTH,Average of May-25,FALSE,,1,Item Label,Selected_Food_Report_June_2025.zip,selected_food_table_June-25.xlsx,Selected Food June 2025,4,3,C4
2025-06-01,2025-06-01,BEANS_BROWN,Beans Brown,Beans Brown,1 kg,NBS_REPORT_PDF,NATIONAL,Nigeria,2319.9935123540827,OK,CURRENT_MONTH,Average of June-25,TRUE,,1,Item Label,Selected_Food_Report_June_2025.zip,selected_food_table_June-25.xlsx,Selected Food June 2025,4,4,D4
2024-06-01,2025-06-01,BEANS_WHITE,Beans white,Beans white,,,NATIONAL,Nigeria,2153.869261700576,OK,YEAR_AGO,Average of June-24,FALSE,,1,Item Label,Selected_Food_Report_June_2025.zip,selected_food_table_June-25.xlsx,Selected Food June 2025,5,2,B5
2025-05-01,2025-06-01,BEANS_WHITE,Beans white,Beans white,,,NATIONAL,Nigeria,2040.508123180201,OK,PRIOR_MONTH,Average of May-25,FALSE,,1,Item Label,Selected_Food_Report_June_2025.zip,selected_food_table_June-25.xlsx,Selected Food June 2025,5,3,C5
2025-06-01,2025-06-01,BEANS_WHITE,Beans white,Beans white,,,NATIONAL,Nigeria,2030.0760329370744,OK,CURRENT_MONTH,Average of June-25,TRUE,,1,Item Label,Selected_Food_Report_June_2025.zip,selected_food_table_June-25.xlsx,Selected Food June 2025,5,4,D5
2024-06-01,2025-06-01,BEEF_BONELESS,Beef Boneless,Beef Boneless,1 kg,NBS_REPORT_PDF,NATIONAL,Nigeria,5400.544674360542,OK,YEAR_AGO,Average of June-24,FALSE,,1,Item Label,Selected_Food_Report_June_2025.zip,selected_food_table_June-25.xlsx,Selected Food June 2025,6,2,B6
2025-05-01,2025-06-01,BEEF_BONELESS,Beef Boneless,Beef Boneless,1 kg,NBS_REPORT_PDF,NATIONAL,Nigeria,6662.924661994583,OK,PRIOR_MONTH,Average of May-25,FALSE,,1,Item Label,Selected_Food_Report_June_2025.zip,selected_food_table_June-25.xlsx,Selected Food June 2025,6,3,C6
2025-06-01,2025-06-01,BEEF_BONELESS,Beef Boneless,Beef Boneless,1 kg,NBS_REPORT_PDF,NATIONAL,Nigeria,6808.960907077878,OK,CURRENT_MONTH,Average of June-25,TRUE,,1,Item Label,Selected_Food_Report_June_2025.zip,selected_food_table_June-25.xlsx,Selected Food June 2025,6,4,D6
2024-06-01,2025-06-01,BREAD_SLICED_450G,"Bread (sliced), 450g","Bread (sliced), 450g",450 g,SPREADSHEET_LABEL,NATIONAL,Nigeria,,NOT_REPORTED,YEAR_AGO,Average of June-24,FALSE,,1,Item Label,Selected_Food_Report_June_2025.zip,selected_food_table_June-25.xlsx,Selected Food June 2025,7,2,B7
2025-05-01,2025-06-01,BREAD_SLICED_450G,"Bread (sliced), 450g","Bread (sliced), 450g",450 g,SPREADSHEET_LABEL,NATIONAL,Nigeria,1657.5872954082151,OK,PRIOR_MONTH,Average of May-25,FALSE,,1,Item Label,Selected_Food_Report_June_2025.zip,selected_food_table_June-25.xlsx,Selected Food June 2025,7,3,C7
2025-06-01,2025-06-01,BREAD_SLICED_450G,"Bread (sliced), 450g","Bread (sliced), 450g",450 g,SPREADSHEET_LABEL,NATIONAL,Nigeria,1651.3902781011402,OK,CURRENT_MONTH,Average of June-25,TRUE,,1,Item Label,Selected_Food_Report_June_2025.zip,selected_food_table_June-25.xlsx,Selected Food June 2025,7,4,D7
2024-06-01,2025-06-01,BREAD_UNSLICED_450G,"Bread (unsliced), 450g","Bread (unsliced), 450g",450 g,SPREADSHEET_LABEL,NATIONAL,Nigeria,,NOT_REPORTED,YEAR_AGO,Average of June-24,FALSE,,1,Item Label,Selected_Food_Report_June_2025.zip,selected_food_table_June-25.xlsx,Selected Food June 2025,8,2,B8
2025-05-01,2025-06-01,BREAD_UNSLICED_450G,"Bread (unsliced), 450g","Bread (unsliced), 450g",450 g,SPREADSHEET_LABEL,NATIONAL,Nigeria,1556.0566784842156,OK,PRIOR_MONTH,Average of May-25,FALSE,,1,Item Label,Selected_Food_Report_June_2025.zip,selected_food_table_June-25.xlsx,Selected Food June 2025,8,3,C8
2025-06-01,2025-06-01,BREAD_UNSLICED_450G,"Bread (unsliced), 450g","Bread (unsliced), 450g",450 g,SPREADSHEET_LABEL,NATIONAL,Nigeria,1569.9491416693436,OK,CURRENT_MONTH,Average of June-25,TRUE,,1,Item Label,Selected_Food_Report_June_2025.zip,selected_food_table_June-25.xlsx,Selected Food June 2025,8,4,D8
2024-06-01,2025-06-01,CARROTS_FRESH,"Carrots, fresh","Carrots, fresh",1 kg,NBS_REPORT_PDF,NATIONAL,Nigeria,,NOT_REPORTED,YEAR_AGO,Average of June-24,FALSE,,1,Item Label,Selected_Food_Report_June_2025.zip,selected_food_table_June-25.xlsx,Selected Food June 2025,9,2,B9
2025-05-01,2025-06-01,CARROTS_FRESH,"Carrots, fresh","Carrots, fresh",1 kg,NBS_REPORT_PDF,NATIONAL,Nigeria,1911.6871622141748,OK,PRIOR_MONTH,Average of May-25,FALSE,,1,Item Label,Selected_Food_Report_June_2025.zip,selected_food_table_June-25.xlsx,Selected Food June 2025,9,3,C9
2025-06-01,2025-06-01,CARROTS_FRESH,"Carrots, fresh","Carrots, fresh",1 kg,NBS_REPORT_PDF,NATIONAL,Nigeria,1897.7477690032974,OK,CURRENT_MONTH,Average of June-25,TRUE,,1,Item Label,Selected_Food_Report_June_2025.zip,selected_food_table_June-25.xlsx,Selected Food June 2025,9,4,D9
2024-06-01,2025-06-01,FISH_CATFISH_FRESH,Cat fresh fish,Cat fresh fish,,,NATIONAL,Nigeria,3615.186720131945,OK,YEAR_AGO,Average of June-24,FALSE,,1,Item Label,Selected_Food_Report_June_2025.zip,selected_food_table_June-25.xlsx,Selected Food June 2025,10,2,B10
2025-05-01,2025-06-01,FISH_CATFISH_FRESH,Cat fresh fish,Cat fresh fish,,,NATIONAL,Nigeria,5613.435478702279,OK,PRIOR_MONTH,Average of May-25,FALSE,,1,Item Label,Selected_Food_Report_June_2025.zip,selected_food_table_June-25.xlsx,Selected Food June 2025,10,3,C10
2025-06-01,2025-06-01,FISH_CATFISH_FRESH,Cat fresh fish,Cat fresh fish,,,NATIONAL,Nigeria,5744.253269767942,OK,CURRENT_MONTH,Average of June-25,TRUE,,1,Item Label,Selected_Food_Report_June_2025.zip,selected_food_table_June-25.xlsx,Selected Food June 2025,10,4,D10
2024-06-01,2025-06-01,CHICKEN_FEET,Chicken feet,Chicken feet,,,NATIONAL,Nigeria,3088.7963418699833,OK,YEAR_AGO,Average of June-24,FALSE,,1,Item Label,Selected_Food_Report_June_2025.zip,selected_food_table_June-25.xlsx,Selected Food June 2025,11,2,B11
2025-05-01,2025-06-01,CHICKEN_FEET,Chicken feet,Chicken feet,,,NATIONAL,Nigeria,3506.125073141734,OK,PRIOR_MONTH,Average of May-25,FALSE,,1,Item Label,Selected_Food_Report_June_2025.zip,selected_food_table_June-25.xlsx,Selected Food June 2025,11,3,C11
2025-06-01,2025-06-01,CHICKEN_FEET,Chicken feet,Chicken feet,,,NATIONAL,Nigeria,3576.326402454737,OK,CURRENT_MONTH,Average of June-25,TRUE,,1,Item Label,Selected_Food_Report_June_2025.zip,selected_food_table_June-25.xlsx,Selected Food June 2025,11,4,D11
2024-06-01,2025-06-01,CHICKEN_MEAT_FROZEN,Chicken meat (Frozen),Chicken meat (Frozen),,,NATIONAL,Nigeria,5240.598946444465,OK,YEAR_AGO,Average of June-24,FALSE,,1,Item Label,Selected_Food_Report_June_2025.zip,selected_food_table_June-25.xlsx,Selected Food June 2025,12,2,B12
2025-05-01,2025-06-01,CHICKEN_MEAT_FROZEN,Chicken meat (Frozen),Chicken meat (Frozen),,,NATIONAL,Nigeria,5808.5200285604715,OK,PRIOR_MONTH,Average of May-25,FALSE,,1,Item Label,Selected_Food_Report_June_2025.zip,selected_food_table_June-25.xlsx,Selected Food June 2025,12,3,C12
2025-06-01,2025-06-01,CHICKEN_MEAT_FROZEN,Chicken meat (Frozen),Chicken meat (Frozen),,,NATIONAL,Nigeria,5833.057929102609,OK,CURRENT_MONTH,Average of June-25,TRUE,,1,Item Label,Selected_Food_Report_June_2025.zip,selected_food_table_June-25.xlsx,Selected Food June 2025,12,4,D12
2024-06-01,2025-06-01,CHICKEN_WINGS,Chicken Wings,Chicken Wings,,,NATIONAL,Nigeria,3756.894629320271,OK,YEAR_AGO,Average of June-24,FALSE,,1,Item Label,Selected_Food_Report_June_2025.zip,selected_food_table_June-25.xlsx,Selected Food June 2025,13,2,B13
2025-05-01,2025-06-01,CHICKEN_WINGS,Chicken Wings,Chicken Wings,,,NATIONAL,Nigeria,4831.508880989896,OK,PRIOR_MONTH,Average of May-25,FALSE,,1,Item Label,Selected_Food_Report_June_2025.zip,selected_food_table_June-25.xlsx,Selected Food June 2025,13,3,C13
2025-06-01,2025-06-01,CHICKEN_WINGS,Chicken Wings,Chicken Wings,,,NATIONAL,Nigeria,4839.85424055575,OK,CURRENT_MONTH,Average of June-25,TRUE,,1,Item Label,Selected_Food_Report_June_2025.zip,selected_food_table_June-25.xlsx,Selected Food June 2025,13,4,D13
2024-06-01,2025-06-01,CRAYFISH_SMALL_WHITE,Cray fish small white,Cray fish small white,1 kg,NBS_REPORT_PDF,NATIONAL,Nigeria,,NOT_REPORTED,YEAR_AGO,Average of June-24,FALSE,,1,Item Label,Selected_Food_Report_June_2025.zip,selected_food_table_June-25.xlsx,Selected Food June 2025,14,2,B14
2025-05-01,2025-06-01,CRAYFISH_SMALL_WHITE,Cray fish small white,Cray fish small white,1 kg,NBS_REPORT_PDF,NATIONAL,Nigeria,8046.835984100141,OK,PRIOR_MONTH,Average of May-25,FALSE,,1,Item Label,Selected_Food_Report_June_2025.zip,selected_food_table_June-25.xlsx,Selected Food June 2025,14,3,C14
2025-06-01,2025-06-01,CRAYFISH_SMALL_WHITE,Cray fish small white,Cray fish small white,1 kg,NBS_REPORT_PDF,NATIONAL,Nigeria,8753.212366291289,OK,CURRENT_MONTH,Average of June-25,TRUE,,1,Item Label,Selected_Food_Report_June_2025.zip,selected_food_table_June-25.xlsx,Selected Food June 2025,14,4,D14
2024-06-01,2025-06-01,FISH_DRIED_BONGA,"Dried fish, Bonga","Dried fish, Bonga",,,NATIONAL,Nigeria,,NOT_REPORTED,YEAR_AGO,Average of June-24,FALSE,,1,Item Label,Selected_Food_Report_June_2025.zip,selected_food_table_June-25.xlsx,Selected Food June 2025,15,2,B15
2025-05-01,2025-06-01,FISH_DRIED_BONGA,"Dried fish, Bonga","Dried fish, Bonga",,,NATIONAL,Nigeria,6703.079156122976,OK,PRIOR_MONTH,Average of May-25,FALSE,,1,Item Label,Selected_Food_Report_June_2025.zip,selected_food_table_June-25.xlsx,Selected Food June 2025,15,3,C15
2025-06-01,2025-06-01,FISH_DRIED_BONGA,"Dried fish, Bonga","Dried fish, Bonga",,,NATIONAL,Nigeria,7024.1582933911595,OK,CURRENT_MONTH,Average of June-25,TRUE,,1,Item Label,Selected_Food_Report_June_2025.zip,selected_food_table_June-25.xlsx,Selected Food June 2025,15,4,D15
2024-06-01,2025-06-01,GARRI_WHITE,Garri white,Garri white,1 kg,NBS_REPORT_PDF,NATIONAL,Nigeria,1135.5077423584617,OK,YEAR_AGO,Average of June-24,FALSE,,1,Item Label,Selected_Food_Report_June_2025.zip,selected_food_table_June-25.xlsx,Selected Food June 2025,16,2,B16
2025-05-01,2025-06-01,GARRI_WHITE,Garri white,Garri white,1 kg,NBS_REPORT_PDF,NATIONAL,Nigeria,1341.7898618019171,OK,PRIOR_MONTH,Average of May-25,FALSE,,1,Item Label,Selected_Food_Report_June_2025.zip,selected_food_table_June-25.xlsx,Selected Food June 2025,16,3,C16
2025-06-01,2025-06-01,GARRI_WHITE,Garri white,Garri white,1 kg,NBS_REPORT_PDF,NATIONAL,Nigeria,1298.192947559117,OK,CURRENT_MONTH,Average of June-25,TRUE,,1,Item Label,Selected_Food_Report_June_2025.zip,selected_food_table_June-25.xlsx,Selected Food June 2025,16,4,D16
2024-06-01,2025-06-01,GARRI_YELLOW,Garri Yellow,Garri Yellow,,,NATIONAL,Nigeria,1213.9769321588938,OK,YEAR_AGO,Average of June-24,FALSE,,1,Item Label,Selected_Food_Report_June_2025.zip,selected_food_table_June-25.xlsx,Selected Food June 2025,17,2,B17
2025-05-01,2025-06-01,GARRI_YELLOW,Garri Yellow,Garri Yellow,,,NATIONAL,Nigeria,1438.2574315410434,OK,PRIOR_MONTH,Average of May-25,FALSE,,1,Item Label,Selected_Food_Report_June_2025.zip,selected_food_table_June-25.xlsx,Selected Food June 2025,17,3,C17
2025-06-01,2025-06-01,GARRI_YELLOW,Garri Yellow,Garri Yellow,,,NATIONAL,Nigeria,1396.7201596534426,OK,CURRENT_MONTH,Average of June-25,TRUE,,1,Item Label,Selected_Food_Report_June_2025.zip,selected_food_table_June-25.xlsx,Selected Food June 2025,17,4,D17
2024-06-01,2025-06-01,GINGER_FRESH,"Ginger, fresh","Ginger, fresh",1 kg,NBS_REPORT_PDF,NATIONAL,Nigeria,,NOT_REPORTED,YEAR_AGO,Average of June-24,FALSE,,1,Item Label,Selected_Food_Report_June_2025.zip,selected_food_table_June-25.xlsx,Selected Food June 2025,18,2,B18
2025-05-01,2025-06-01,GINGER_FRESH,"Ginger, fresh","Ginger, fresh",1 kg,NBS_REPORT_PDF,NATIONAL,Nigeria,5505.774794777313,OK,PRIOR_MONTH,Average of May-25,FALSE,,1,Item Label,Selected_Food_Report_June_2025.zip,selected_food_table_June-25.xlsx,Selected Food June 2025,18,3,C18
2025-06-01,2025-06-01,GINGER_FRESH,"Ginger, fresh","Ginger, fresh",1 kg,NBS_REPORT_PDF,NATIONAL,Nigeria,5618.722488436312,OK,CURRENT_MONTH,Average of June-25,TRUE,,1,Item Label,Selected_Food_Report_June_2025.zip,selected_food_table_June-25.xlsx,Selected Food June 2025,18,4,D18
2024-06-01,2025-06-01,GOAT_MEAT_BONE_IN,Goat Meat Bone in,Goat Meat Bone in,,,NATIONAL,Nigeria,,NOT_REPORTED,YEAR_AGO,Average of June-24,FALSE,,1,Item Label,Selected_Food_Report_June_2025.zip,selected_food_table_June-25.xlsx,Selected Food June 2025,19,2,B19
2025-05-01,2025-06-01,GOAT_MEAT_BONE_IN,Goat Meat Bone in,Goat Meat Bone in,,,NATIONAL,Nigeria,6710.944109953071,OK,PRIOR_MONTH,Average of May-25,FALSE,,1,Item Label,Selected_Food_Report_June_2025.zip,selected_food_table_June-25.xlsx,Selected Food June 2025,19,3,C19
2025-06-01,2025-06-01,GOAT_MEAT_BONE_IN,Goat Meat Bone in,Goat Meat Bone in,,,NATIONAL,Nigeria,6779.4905285461255,OK,CURRENT_MONTH,Average of June-25,TRUE,,1,Item Label,Selected_Food_Report_June_2025.zip,selected_food_table_June-25.xlsx,Selected Food June 2025,19,4,D19
2024-06-01,2025-06-01,GROUNDNUT_OIL_75CL,"Groundnut oil, 75cl","Groundnut oil, 75cl",75 cl,SPREADSHEET_LABEL,NATIONAL,Nigeria,,NOT_REPORTED,YEAR_AGO,Average of June-24,FALSE,,1,Item Label,Selected_Food_Report_June_2025.zip,selected_food_table_June-25.xlsx,Selected Food June 2025,20,2,B20
2025-05-01,2025-06-01,GROUNDNUT_OIL_75CL,"Groundnut oil, 75cl","Groundnut oil, 75cl",75 cl,SPREADSHEET_LABEL,NATIONAL,Nigeria,3215.2685759093283,OK,PRIOR_MONTH,Average of May-25,FALSE,,1,Item Label,Selected_Food_Report_June_2025.zip,selected_food_table_June-25.xlsx,Selected Food June 2025,20,3,C20
2025-06-01,2025-06-01,GROUNDNUT_OIL_75CL,"Groundnut oil, 75cl","Groundnut oil, 75cl",75 cl,SPREADSHEET_LABEL,NATIONAL,Nigeria,3279.627497791497,OK,CURRENT_MONTH,Average of June-25,TRUE,,1,Item Label,Selected_Food_Report_June_2025.zip,selected_food_table_June-25.xlsx,Selected Food June 2025,20,4,D20
2024-06-01,2025-06-01,GROUNDNUTS_ROASTED_75CL,"Groundnuts, roasted,75cl bottle","Groundnuts, roasted,75cl bottle",75 cl bottle,SPREADSHEET_LABEL,NATIONAL,Nigeria,,NOT_REPORTED,YEAR_AGO,Average of June-24,FALSE,,1,Item Label,Selected_Food_Report_June_2025.zip,selected_food_table_June-25.xlsx,Selected Food June 2025,21,2,B21
2025-05-01,2025-06-01,GROUNDNUTS_ROASTED_75CL,"Groundnuts, roasted,75cl bottle","Groundnuts, roasted,75cl bottle",75 cl bottle,SPREADSHEET_LABEL,NATIONAL,Nigeria,2605.8510434332757,OK,PRIOR_MONTH,Average of May-25,FALSE,,1,Item Label,Selected_Food_Report_June_2025.zip,selected_food_table_June-25.xlsx,Selected Food June 2025,21,3,C21
2025-06-01,2025-06-01,GROUNDNUTS_ROASTED_75CL,"Groundnuts, roasted,75cl bottle","Groundnuts, roasted,75cl bottle",75 cl bottle,SPREADSHEET_LABEL,NATIONAL,Nigeria,2636.262077482718,OK,CURRENT_MONTH,Average of June-25,TRUE,,1,Item Label,Selected_Food_Report_June_2025.zip,selected_food_table_June-25.xlsx,Selected Food June 2025,21,4,D21
2024-06-01,2025-06-01,POTATO_IRISH,Irish Potatoe,Irish Potatoe,1 kg,NBS_REPORT_PDF,NATIONAL,Nigeria,2423.2651066180642,OK,YEAR_AGO,Average of June-24,FALSE,,1,Item Label,Selected_Food_Report_June_2025.zip,selected_food_table_June-25.xlsx,Selected Food June 2025,22,2,B22
2025-05-01,2025-06-01,POTATO_IRISH,Irish Potatoe,Irish Potatoe,1 kg,NBS_REPORT_PDF,NATIONAL,Nigeria,2081.093364678997,OK,PRIOR_MONTH,Average of May-25,FALSE,,1,Item Label,Selected_Food_Report_June_2025.zip,selected_food_table_June-25.xlsx,Selected Food June 2025,22,3,C22
2025-06-01,2025-06-01,POTATO_IRISH,Irish Potatoe,Irish Potatoe,1 kg,NBS_REPORT_PDF,NATIONAL,Nigeria,2045.9420469011002,OK,CURRENT_MONTH,Average of June-25,TRUE,,1,Item Label,Selected_Food_Report_June_2025.zip,selected_food_table_June-25.xlsx,Selected Food June 2025,22,4,D22
2024-06-01,2025-06-01,RICE_LOCAL_BROKEN,Local Rice (Broken),Local Rice (Broken),,,NATIONAL,Nigeria,,NOT_REPORTED,YEAR_AGO,Average of June-24,FALSE,,1,Item Label,Selected_Food_Report_June_2025.zip,selected_food_table_June-25.xlsx,Selected Food June 2025,23,2,B23
2025-05-01,2025-06-01,RICE_LOCAL_BROKEN,Local Rice (Broken),Local Rice (Broken),,,NATIONAL,Nigeria,2576.5995316525646,OK,PRIOR_MONTH,Average of May-25,FALSE,,1,Item Label,Selected_Food_Report_June_2025.zip,selected_food_table_June-25.xlsx,Selected Food June 2025,23,3,C23
2025-06-01,2025-06-01,RICE_LOCAL_BROKEN,Local Rice (Broken),Local Rice (Broken),,,NATIONAL,Nigeria,2579.830185301154,OK,CURRENT_MONTH,Average of June-25,TRUE,,1,Item Label,Selected_Food_Report_June_2025.zip,selected_food_table_June-25.xlsx,Selected Food June 2025,23,4,D23
2024-06-01,2025-06-01,FISH_MACKEREL_FROZEN,"Mackerel, Frozen","Mackerel, Frozen",,,NATIONAL,Nigeria,3617.594947719097,OK,YEAR_AGO,Average of June-24,FALSE,,1,Item Label,Selected_Food_Report_June_2025.zip,selected_food_table_June-25.xlsx,Selected Food June 2025,24,2,B24
2025-05-01,2025-06-01,FISH_MACKEREL_FROZEN,"Mackerel, Frozen","Mackerel, Frozen",,,NATIONAL,Nigeria,5466.1949008716365,OK,PRIOR_MONTH,Average of May-25,FALSE,,1,Item Label,Selected_Food_Report_June_2025.zip,selected_food_table_June-25.xlsx,Selected Food June 2025,24,3,C24
2025-06-01,2025-06-01,FISH_MACKEREL_FROZEN,"Mackerel, Frozen","Mackerel, Frozen",,,NATIONAL,Nigeria,5557.244551450072,OK,CURRENT_MONTH,Average of June-25,TRUE,,1,Item Label,Selected_Food_Report_June_2025.zip,selected_food_table_June-25.xlsx,Selected Food June 2025,24,4,D24
2024-06-01,2025-06-01,MAIZE_GRAIN_WHITE_LOOSE,Maize (Corn) Grains (White) sold loose,Maize (Corn) Grains (White) sold loose,1 kg,NBS_REPORT_PDF,NATIONAL,Nigeria,1002.2201248081062,OK,YEAR_AGO,Average of June-24,FALSE,,1,Item Label,Selected_Food_Report_June_2025.zip,selected_food_table_June-25.xlsx,Selected Food June 2025,25,2,B25
2025-05-01,2025-06-01,MAIZE_GRAIN_WHITE_LOOSE,Maize (Corn) Grains (White) sold loose,Maize (Corn) Grains (White) sold loose,1 kg,NBS_REPORT_PDF,NATIONAL,Nigeria,1216.5508678938475,OK,PRIOR_MONTH,Average of May-25,FALSE,,1,Item Label,Selected_Food_Report_June_2025.zip,selected_food_table_June-25.xlsx,Selected Food June 2025,25,3,C25
2025-06-01,2025-06-01,MAIZE_GRAIN_WHITE_LOOSE,Maize (Corn) Grains (White) sold loose,Maize (Corn) Grains (White) sold loose,1 kg,NBS_REPORT_PDF,NATIONAL,Nigeria,1188.371421042367,OK,CURRENT_MONTH,Average of June-25,TRUE,,1,Item Label,Selected_Food_Report_June_2025.zip,selected_food_table_June-25.xlsx,Selected Food June 2025,25,4,D25
2024-06-01,2025-06-01,ONIONS_FRESH,"Onions, fresh","Onions, fresh",1 kg,NBS_REPORT_PDF,NATIONAL,Nigeria,1547.776685945903,OK,YEAR_AGO,Average of June-24,FALSE,,1,Item Label,Selected_Food_Report_June_2025.zip,selected_food_table_June-25.xlsx,Selected Food June 2025,26,2,B26
2025-05-01,2025-06-01,ONIONS_FRESH,"Onions, fresh","Onions, fresh",1 kg,NBS_REPORT_PDF,NATIONAL,Nigeria,1607.3794757928383,OK,PRIOR_MONTH,Average of May-25,FALSE,,1,Item Label,Selected_Food_Report_June_2025.zip,selected_food_table_June-25.xlsx,Selected Food June 2025,26,3,C26
2025-06-01,2025-06-01,ONIONS_FRESH,"Onions, fresh","Onions, fresh",1 kg,NBS_REPORT_PDF,NATIONAL,Nigeria,1559.0190817775465,OK,CURRENT_MONTH,Average of June-25,TRUE,,1,Item Label,Selected_Food_Report_June_2025.zip,selected_food_table_June-25.xlsx,Selected Food June 2025,26,4,D26
2024-06-01,2025-06-01,PALM_OIL_75CL,"Palm oil, 75cl","Palm oil, 75cl",75 cl,SPREADSHEET_LABEL,NATIONAL,Nigeria,1842.2688076845134,OK,YEAR_AGO,Average of June-24,FALSE,,1,Item Label,Selected_Food_Report_June_2025.zip,selected_food_table_June-25.xlsx,Selected Food June 2025,27,2,B27
2025-05-01,2025-06-01,PALM_OIL_75CL,"Palm oil, 75cl","Palm oil, 75cl",75 cl,SPREADSHEET_LABEL,NATIONAL,Nigeria,2475.08091840505,OK,PRIOR_MONTH,Average of May-25,FALSE,,1,Item Label,Selected_Food_Report_June_2025.zip,selected_food_table_June-25.xlsx,Selected Food June 2025,27,3,C27
2025-06-01,2025-06-01,PALM_OIL_75CL,"Palm oil, 75cl","Palm oil, 75cl",75 cl,SPREADSHEET_LABEL,NATIONAL,Nigeria,2509.1609017244396,OK,CURRENT_MONTH,Average of June-25,TRUE,,1,Item Label,Selected_Food_Report_June_2025.zip,selected_food_table_June-25.xlsx,Selected Food June 2025,27,4,D27
2024-06-01,2025-06-01,PLANTAIN_RIPE,Plantain (ripe),Plantain (ripe),,,NATIONAL,Nigeria,1417.1295395966908,OK,YEAR_AGO,Average of June-24,FALSE,,1,Item Label,Selected_Food_Report_June_2025.zip,selected_food_table_June-25.xlsx,Selected Food June 2025,28,2,B28
2025-05-01,2025-06-01,PLANTAIN_RIPE,Plantain (ripe),Plantain (ripe),,,NATIONAL,Nigeria,2079.840307325534,OK,PRIOR_MONTH,Average of May-25,FALSE,,1,Item Label,Selected_Food_Report_June_2025.zip,selected_food_table_June-25.xlsx,Selected Food June 2025,28,3,C28
2025-06-01,2025-06-01,PLANTAIN_RIPE,Plantain (ripe),Plantain (ripe),,,NATIONAL,Nigeria,2109.6644735417044,OK,CURRENT_MONTH,Average of June-25,TRUE,,1,Item Label,Selected_Food_Report_June_2025.zip,selected_food_table_June-25.xlsx,Selected Food June 2025,28,4,D28
2024-06-01,2025-06-01,PLANTAIN_UNRIPE,Plantain (unripe),Plantain (unripe),,,NATIONAL,Nigeria,1325.6262261766176,OK,YEAR_AGO,Average of June-24,FALSE,,1,Item Label,Selected_Food_Report_June_2025.zip,selected_food_table_June-25.xlsx,Selected Food June 2025,29,2,B29
2025-05-01,2025-06-01,PLANTAIN_UNRIPE,Plantain (unripe),Plantain (unripe),,,NATIONAL,Nigeria,2307.6407699461543,OK,PRIOR_MONTH,Average of May-25,FALSE,,1,Item Label,Selected_Food_Report_June_2025.zip,selected_food_table_June-25.xlsx,Selected Food June 2025,29,3,C29
2025-06-01,2025-06-01,PLANTAIN_UNRIPE,Plantain (unripe),Plantain (unripe),,,NATIONAL,Nigeria,2305.6216531932346,OK,CURRENT_MONTH,Average of June-25,TRUE,,1,Item Label,Selected_Food_Report_June_2025.zip,selected_food_table_June-25.xlsx,Selected Food June 2025,29,4,D29
2024-06-01,2025-06-01,RICE_LOCAL_SHORT_GRAIN,"Rice Local, short-Grained","Rice Local, short-Grained",1 kg,NBS_REPORT_PDF,NATIONAL,Nigeria,1702.742593742742,OK,YEAR_AGO,Average of June-24,FALSE,,1,Item Label,Selected_Food_Report_June_2025.zip,selected_food_table_June-25.xlsx,Selected Food June 2025,30,2,B30
2025-05-01,2025-06-01,RICE_LOCAL_SHORT_GRAIN,"Rice Local, short-Grained","Rice Local, short-Grained",1 kg,NBS_REPORT_PDF,NATIONAL,Nigeria,2095.289293980627,OK,PRIOR_MONTH,Average of May-25,FALSE,,1,Item Label,Selected_Food_Report_June_2025.zip,selected_food_table_June-25.xlsx,Selected Food June 2025,30,3,C30
2025-06-01,2025-06-01,RICE_LOCAL_SHORT_GRAIN,"Rice Local, short-Grained","Rice Local, short-Grained",1 kg,NBS_REPORT_PDF,NATIONAL,Nigeria,2084.0367570936814,OK,CURRENT_MONTH,Average of June-25,TRUE,,1,Item Label,Selected_Food_Report_June_2025.zip,selected_food_table_June-25.xlsx,Selected Food June 2025,30,4,D30
2024-06-01,2025-06-01,RICE_IMPORTED_LONG_GRAIN,Rice Long-Grained (Imported),Rice Long-Grained (Imported),,,NATIONAL,Nigeria,2104.1476903547077,OK,YEAR_AGO,Average of June-24,FALSE,,1,Item Label,Selected_Food_Report_June_2025.zip,selected_food_table_June-25.xlsx,Selected Food June 2025,31,2,B31
2025-05-01,2025-06-01,RICE_IMPORTED_LONG_GRAIN,Rice Long-Grained (Imported),Rice Long-Grained (Imported),,,NATIONAL,Nigeria,2604.687331911487,OK,PRIOR_MONTH,Average of May-25,FALSE,,1,Item Label,Selected_Food_Report_June_2025.zip,selected_food_table_June-25.xlsx,Selected Food June 2025,31,3,C31
2025-06-01,2025-06-01,RICE_IMPORTED_LONG_GRAIN,Rice Long-Grained (Imported),Rice Long-Grained (Imported),,,NATIONAL,Nigeria,2627.731674479681,OK,CURRENT_MONTH,Average of June-25,TRUE,,1,Item Label,Selected_Food_Report_June_2025.zip,selected_food_table_June-25.xlsx,Selected Food June 2025,31,4,D31
2024-06-01,2025-06-01,SEMOVITA_1KG,"Semovita, Prepacked (1kg)","Semovita, Prepacked (1kg)",1 kg,SPREADSHEET_LABEL,NATIONAL,Nigeria,,NOT_REPORTED,YEAR_AGO,Average of June-24,FALSE,,1,Item Label,Selected_Food_Report_June_2025.zip,selected_food_table_June-25.xlsx,Selected Food June 2025,32,2,B32
2025-05-01,2025-06-01,SEMOVITA_1KG,"Semovita, Prepacked (1kg)","Semovita, Prepacked (1kg)",1 kg,SPREADSHEET_LABEL,NATIONAL,Nigeria,2293.907862535843,OK,PRIOR_MONTH,Average of May-25,FALSE,,1,Item Label,Selected_Food_Report_June_2025.zip,selected_food_table_June-25.xlsx,Selected Food June 2025,32,3,C32
2025-06-01,2025-06-01,SEMOVITA_1KG,"Semovita, Prepacked (1kg)","Semovita, Prepacked (1kg)",1 kg,SPREADSHEET_LABEL,NATIONAL,Nigeria,2311.5227732427784,OK,CURRENT_MONTH,Average of June-25,TRUE,,1,Item Label,Selected_Food_Report_June_2025.zip,selected_food_table_June-25.xlsx,Selected Food June 2025,32,4,D32
2024-06-01,2025-06-01,FISH_SMOKED_MACKEREL,Smoked fish (Mackerel),Smoked fish (Mackerel),,,NATIONAL,Nigeria,,NOT_REPORTED,YEAR_AGO,Average of June-24,FALSE,,1,Item Label,Selected_Food_Report_June_2025.zip,selected_food_table_June-25.xlsx,Selected Food June 2025,33,2,B33
2025-05-01,2025-06-01,FISH_SMOKED_MACKEREL,Smoked fish (Mackerel),Smoked fish (Mackerel),,,NATIONAL,Nigeria,6064.739673619357,OK,PRIOR_MONTH,Average of May-25,FALSE,,1,Item Label,Selected_Food_Report_June_2025.zip,selected_food_table_June-25.xlsx,Selected Food June 2025,33,3,C33
2025-06-01,2025-06-01,FISH_SMOKED_MACKEREL,Smoked fish (Mackerel),Smoked fish (Mackerel),,,NATIONAL,Nigeria,6229.503936853234,OK,CURRENT_MONTH,Average of June-25,TRUE,,1,Item Label,Selected_Food_Report_June_2025.zip,selected_food_table_June-25.xlsx,Selected Food June 2025,33,4,D33
2024-06-01,2025-06-01,POTATO_SWEET,Sweet potatoes,Sweet potatoes,,,NATIONAL,Nigeria,976.962022234585,OK,YEAR_AGO,Average of June-24,FALSE,,1,Item Label,Selected_Food_Report_June_2025.zip,selected_food_table_June-25.xlsx,Selected Food June 2025,34,2,B34
2025-05-01,2025-06-01,POTATO_SWEET,Sweet potatoes,Sweet potatoes,,,NATIONAL,Nigeria,1045.0330238530312,OK,PRIOR_MONTH,Average of May-25,FALSE,,1,Item Label,Selected_Food_Report_June_2025.zip,selected_food_table_June-25.xlsx,Selected Food June 2025,34,3,C34
2025-06-01,2025-06-01,POTATO_SWEET,Sweet potatoes,Sweet potatoes,,,NATIONAL,Nigeria,1039.3271276420412,OK,CURRENT_MONTH,Average of June-25,TRUE,,1,Item Label,Selected_Food_Report_June_2025.zip,selected_food_table_June-25.xlsx,Selected Food June 2025,34,4,D34
2024-06-01,2025-06-01,FISH_TILAPIA_FRESH,Tilapia fresh fish (Epiya),Tilapia fresh fish (Epiya),,,NATIONAL,Nigeria,3389.290989501279,OK,YEAR_AGO,Average of June-24,FALSE,,1,Item Label,Selected_Food_Report_June_2025.zip,selected_food_table_June-25.xlsx,Selected Food June 2025,35,2,B35
2025-05-01,2025-06-01,FISH_TILAPIA_FRESH,Tilapia fresh fish (Epiya),Tilapia fresh fish (Epiya),,,NATIONAL,Nigeria,5557.975986147316,OK,PRIOR_MONTH,Average of May-25,FALSE,,1,Item Label,Selected_Food_Report_June_2025.zip,selected_food_table_June-25.xlsx,Selected Food June 2025,35,3,C35
2025-06-01,2025-06-01,FISH_TILAPIA_FRESH,Tilapia fresh fish (Epiya),Tilapia fresh fish (Epiya),,,NATIONAL,Nigeria,5723.023942242524,OK,CURRENT_MONTH,Average of June-25,TRUE,,1,Item Label,Selected_Food_Report_June_2025.zip,selected_food_table_June-25.xlsx,Selected Food June 2025,35,4,D35
2024-06-01,2025-06-01,MILK_EVAP_PEAK_150G,"Tin Milk-Evaporated, Peak Milk, 150g","Tin Milk-Evaporated, Peak Milk, 150g",150 g,SPREADSHEET_LABEL,NATIONAL,Nigeria,801.4948616128767,OK,YEAR_AGO,Average of June-24,FALSE,,1,Item Label,Selected_Food_Report_June_2025.zip,selected_food_table_June-25.xlsx,Selected Food June 2025,36,2,B36
2025-05-01,2025-06-01,MILK_EVAP_PEAK_150G,"Tin Milk-Evaporated, Peak Milk, 150g","Tin Milk-Evaporated, Peak Milk, 150g",150 g,SPREADSHEET_LABEL,NATIONAL,Nigeria,1011.7469640669237,OK,PRIOR_MONTH,Average of May-25,FALSE,,1,Item Label,Selected_Food_Report_June_2025.zip,selected_food_table_June-25.xlsx,Selected Food June 2025,36,3,C36
2025-06-01,2025-06-01,MILK_EVAP_PEAK_150G,"Tin Milk-Evaporated, Peak Milk, 150g","Tin Milk-Evaporated, Peak Milk, 150g",150 g,SPREADSHEET_LABEL,NATIONAL,Nigeria,1028.285334549053,OK,CURRENT_MONTH,Average of June-25,TRUE,,1,Item Label,Selected_Food_Report_June_2025.zip,selected_food_table_June-25.xlsx,Selected Food June 2025,36,4,D36
2024-06-01,2025-06-01,MILK_EVAP_THREECROWN_160G,"Tin Milk-Evaporated, Three Crown Milk, 160g","Tin Milk-Evaporated, Three Crown Milk, 160g",160 g,SPREADSHEET_LABEL,NATIONAL,Nigeria,,NOT_REPORTED,YEAR_AGO,Average of June-24,FALSE,,1,Item Label,Selected_Food_Report_June_2025.zip,selected_food_table_June-25.xlsx,Selected Food June 2025,37,2,B37
2025-05-01,2025-06-01,MILK_EVAP_THREECROWN_160G,"Tin Milk-Evaporated, Three Crown Milk, 160g","Tin Milk-Evaporated, Three Crown Milk, 160g",160 g,SPREADSHEET_LABEL,NATIONAL,Nigeria,906.0829505159229,OK,PRIOR_MONTH,Average of May-25,FALSE,,1,Item Label,Selected_Food_Report_June_2025.zip,selected_food_table_June-25.xlsx,Selected Food June 2025,37,3,C37
2025-06-01,2025-06-01,MILK_EVAP_THREECROWN_160G,"Tin Milk-Evaporated, Three Crown Milk, 160g","Tin Milk-Evaporated, Three Crown Milk, 160g",160 g,SPREADSHEET_LABEL,NATIONAL,Nigeria,910.0812839690196,OK,CURRENT_MONTH,Average of June-25,TRUE,,1,Item Label,Selected_Food_Report_June_2025.zip,selected_food_table_June-25.xlsx,Selected Food June 2025,37,4,D37
2024-06-01,2025-06-01,FISH_TITUS_FROZEN,"Titus, frozen","Titus, frozen",,,NATIONAL,Nigeria,3802.0025447285984,OK,YEAR_AGO,Average of June-24,FALSE,,1,Item Label,Selected_Food_Report_June_2025.zip,selected_food_table_June-25.xlsx,Selected Food June 2025,38,2,B38
2025-05-01,2025-06-01,FISH_TITUS_FROZEN,"Titus, frozen","Titus, frozen",,,NATIONAL,Nigeria,6076.519664913661,OK,PRIOR_MONTH,Average of May-25,FALSE,,1,Item Label,Selected_Food_Report_June_2025.zip,selected_food_table_June-25.xlsx,Selected Food June 2025,38,3,C38
2025-06-01,2025-06-01,FISH_TITUS_FROZEN,"Titus, frozen","Titus, frozen",,,NATIONAL,Nigeria,6238.707812532653,OK,CURRENT_MONTH,Average of June-25,TRUE,,1,Item Label,Selected_Food_Report_June_2025.zip,selected_food_table_June-25.xlsx,Selected Food June 2025,38,4,D38
2024-06-01,2025-06-01,TOMATOES_FRESH,"Tomatoes, fresh","Tomatoes, fresh",1 kg,NBS_REPORT_PDF,NATIONAL,Nigeria,2302.25854011339,OK,YEAR_AGO,Average of June-24,FALSE,,1,Item Label,Selected_Food_Report_June_2025.zip,selected_food_table_June-25.xlsx,Selected Food June 2025,39,2,B39
2025-05-01,2025-06-01,TOMATOES_FRESH,"Tomatoes, fresh","Tomatoes, fresh",1 kg,NBS_REPORT_PDF,NATIONAL,Nigeria,1392.7107193307363,OK,PRIOR_MONTH,Average of May-25,FALSE,,1,Item Label,Selected_Food_Report_June_2025.zip,selected_food_table_June-25.xlsx,Selected Food June 2025,39,3,C39
2025-06-01,2025-06-01,TOMATOES_FRESH,"Tomatoes, fresh","Tomatoes, fresh",1 kg,NBS_REPORT_PDF,NATIONAL,Nigeria,1394.7709227774014,OK,CURRENT_MONTH,Average of June-25,TRUE,,1,Item Label,Selected_Food_Report_June_2025.zip,selected_food_table_June-25.xlsx,Selected Food June 2025,39,4,D39
2024-06-01,2025-06-01,VEG_OIL_75CL,"Vegetable Oil, 75cl","Vegetable Oil, 75cl",75 cl,SPREADSHEET_LABEL,NATIONAL,Nigeria,2405.1428758229695,OK,YEAR_AGO,Average of June-24,FALSE,,1,Item Label,Selected_Food_Report_June_2025.zip,selected_food_table_June-25.xlsx,Selected Food June 2025,40,2,B40
2025-05-01,2025-06-01,VEG_OIL_75CL,"Vegetable Oil, 75cl","Vegetable Oil, 75cl",75 cl,SPREADSHEET_LABEL,NATIONAL,Nigeria,3347.4881740083824,OK,PRIOR_MONTH,Average of May-25,FALSE,,1,Item Label,Selected_Food_Report_June_2025.zip,selected_food_table_June-25.xlsx,Selected Food June 2025,40,3,C40
2025-06-01,2025-06-01,VEG_OIL_75CL,"Vegetable Oil, 75cl","Vegetable Oil, 75cl",75 cl,SPREADSHEET_LABEL,NATIONAL,Nigeria,3398.8387238508994,OK,CURRENT_MONTH,Average of June-25,TRUE,,1,Item Label,Selected_Food_Report_June_2025.zip,selected_food_table_June-25.xlsx,Selected Food June 2025,40,4,D40
2024-06-01,2025-06-01,WATERMELON_WHOLE,"Watermelon whole, medium size fresh","Watermelon whole, medium size fresh",,,NATIONAL,Nigeria,,NOT_REPORTED,YEAR_AGO,Average of June-24,FALSE,,1,Item Label,Selected_Food_Report_June_2025.zip,selected_food_table_June-25.xlsx,Selected Food June 2025,41,2,B41
2025-05-01,2025-06-01,WATERMELON_WHOLE,"Watermelon whole, medium size fresh","Watermelon whole, medium size fresh",,,NATIONAL,Nigeria,2078.4978315296826,OK,PRIOR_MONTH,Average of May-25,FALSE,,1,Item Label,Selected_Food_Report_June_2025.zip,selected_food_table_June-25.xlsx,Selected Food June 2025,41,3,C41
2025-06-01,2025-06-01,WATERMELON_WHOLE,"Watermelon whole, medium size fresh","Watermelon whole, medium size fresh",,,NATIONAL,Nigeria,2077.264552740451,OK,CURRENT_MONTH,Average of June-25,TRUE,,1,Item Label,Selected_Food_Report_June_2025.zip,selected_food_table_June-25.xlsx,Selected Food June 2025,41,4,D41
2024-06-01,2025-06-01,WHEAT_FLOUR_2KG,"Wheat Flour, Prepacked (2kg)","Wheat Flour, Prepacked (2kg)",2 kg,SPREADSHEET_LABEL,NATIONAL,Nigeria,3157.7489623491647,OK,YEAR_AGO,Average of June-24,FALSE,,1,Item Label,Selected_Food_Report_June_2025.zip,selected_food_table_June-25.xlsx,Selected Food June 2025,42,2,B42
2025-05-01,2025-06-01,WHEAT_FLOUR_2KG,"Wheat Flour, Prepacked (2kg)","Wheat Flour, Prepacked (2kg)",2 kg,SPREADSHEET_LABEL,NATIONAL,Nigeria,4185.545277589043,OK,PRIOR_MONTH,Average of May-25,FALSE,,1,Item Label,Selected_Food_Report_June_2025.zip,selected_food_table_June-25.xlsx,Selected Food June 2025,42,3,C42
2025-06-01,2025-06-01,WHEAT_FLOUR_2KG,"Wheat Flour, Prepacked (2kg)","Wheat Flour, Prepacked (2kg)",2 kg,SPREADSHEET_LABEL,NATIONAL,Nigeria,4169.007013217462,OK,CURRENT_MONTH,Average of June-25,TRUE,,1,Item Label,Selected_Food_Report_June_2025.zip,selected_food_table_June-25.xlsx,Selected Food June 2025,42,4,D42
2024-06-01,2025-06-01,YAM_TUBER,Yam Tuber,Yam Tuber,1 kg,NBS_REPORT_PDF,NATIONAL,Nigeria,2021.5451789153055,OK,YEAR_AGO,Average of June-24,FALSE,,1,Item Label,Selected_Food_Report_June_2025.zip,selected_food_table_June-25.xlsx,Selected Food June 2025,43,2,B43
2025-05-01,2025-06-01,YAM_TUBER,Yam Tuber,Yam Tuber,1 kg,NBS_REPORT_PDF,NATIONAL,Nigeria,2375.3986192037783,OK,PRIOR_MONTH,Average of May-25,FALSE,,1,Item Label,Selected_Food_Report_June_2025.zip,selected_food_table_June-25.xlsx,Selected Food June 2025,43,3,C43
2025-06-01,2025-06-01,YAM_TUBER,Yam Tuber,Yam Tuber,1 kg,NBS_REPORT_PDF,NATIONAL,Nigeria,2463.7007403680545,OK,CURRENT_MONTH,Average of June-25,TRUE,,1,Item Label,Selected_Food_Report_June_2025.zip,selected_food_table_June-25.xlsx,Selected Food June 2025,43,4,D43
2025-03-01,2026-03-01,EGG_AGRIC,"Agric hen eggs,","Agric hen eggs,",,,NATIONAL,Nigeria,261.1823462867568,OK,YEAR_AGO,Average of March-25,FALSE,,1,Item Label,Selected_Food_Report_Mar_2026.zip,selected food table Mar26.xlsx,Selected Food March 2026,2,2,B2
2026-02-01,2026-03-01,EGG_AGRIC,"Agric hen eggs,","Agric hen eggs,",,,NATIONAL,Nigeria,248.34928079654358,OK,PRIOR_MONTH,Average of February-26,FALSE,,1,Item Label,Selected_Food_Report_Mar_2026.zip,selected food table Mar26.xlsx,Selected Food March 2026,2,3,C2
2026-03-01,2026-03-01,EGG_AGRIC,"Agric hen eggs,","Agric hen eggs,",,,NATIONAL,Nigeria,256.48492026575803,OK,CURRENT_MONTH,Average of March-26,TRUE,,1,Item Label,Selected_Food_Report_Mar_2026.zip,selected food table Mar26.xlsx,Selected Food March 2026,2,4,D2
2025-03-01,2026-03-01,EGG_AGRIC_CRATE30,"Agric hen eggs, (a Crate of 30 pieces)","Agric hen eggs, (a Crate of 30 pieces)",1 crate of 30 pieces,SPREADSHEET_LABEL,NATIONAL,Nigeria,7670.559190085271,OK,YEAR_AGO,Average of March-25,FALSE,NATIONAL_ABOVE_ALL_ZONES,1,Item Label,Selected_Food_Report_Mar_2026.zip,selected food table Mar26.xlsx,Selected Food March 2026,3,2,B3
2026-02-01,2026-03-01,EGG_AGRIC_CRATE30,"Agric hen eggs, (a Crate of 30 pieces)","Agric hen eggs, (a Crate of 30 pieces)",1 crate of 30 pieces,SPREADSHEET_LABEL,NATIONAL,Nigeria,6007.352086489929,OK,PRIOR_MONTH,Average of February-26,FALSE,,1,Item Label,Selected_Food_Report_Mar_2026.zip,selected food table Mar26.xlsx,Selected Food March 2026,3,3,C3
2026-03-01,2026-03-01,EGG_AGRIC_CRATE30,"Agric hen eggs, (a Crate of 30 pieces)","Agric hen eggs, (a Crate of 30 pieces)",1 crate of 30 pieces,SPREADSHEET_LABEL,NATIONAL,Nigeria,6127.617009887306,OK,CURRENT_MONTH,Average of March-26,TRUE,,1,Item Label,Selected_Food_Report_Mar_2026.zip,selected food table Mar26.xlsx,Selected Food March 2026,3,4,D3
2025-03-01,2026-03-01,BEANS_BROWN,Beans Brown,Beans Brown,1 kg,NBS_REPORT_PDF,NATIONAL,Nigeria,2616.263610923184,OK,YEAR_AGO,Average of March-25,FALSE,,1,Item Label,Selected_Food_Report_Mar_2026.zip,selected food table Mar26.xlsx,Selected Food March 2026,4,2,B4
2026-02-01,2026-03-01,BEANS_BROWN,Beans Brown,Beans Brown,1 kg,NBS_REPORT_PDF,NATIONAL,Nigeria,1307.4430519039395,OK,PRIOR_MONTH,Average of February-26,FALSE,,1,Item Label,Selected_Food_Report_Mar_2026.zip,selected food table Mar26.xlsx,Selected Food March 2026,4,3,C4
2026-03-01,2026-03-01,BEANS_BROWN,Beans Brown,Beans Brown,1 kg,NBS_REPORT_PDF,NATIONAL,Nigeria,1325.8538773674757,OK,CURRENT_MONTH,Average of March-26,TRUE,,1,Item Label,Selected_Food_Report_Mar_2026.zip,selected food table Mar26.xlsx,Selected Food March 2026,4,4,D4
2025-03-01,2026-03-01,BEANS_WHITE,Beans white,Beans white,,,NATIONAL,Nigeria,2215.107057094709,OK,YEAR_AGO,Average of March-25,FALSE,,1,Item Label,Selected_Food_Report_Mar_2026.zip,selected food table Mar26.xlsx,Selected Food March 2026,5,2,B5
2026-02-01,2026-03-01,BEANS_WHITE,Beans white,Beans white,,,NATIONAL,Nigeria,1255.1334410785132,OK,PRIOR_MONTH,Average of February-26,FALSE,,1,Item Label,Selected_Food_Report_Mar_2026.zip,selected food table Mar26.xlsx,Selected Food March 2026,5,3,C5
2026-03-01,2026-03-01,BEANS_WHITE,Beans white,Beans white,,,NATIONAL,Nigeria,1276.6337728138787,OK,CURRENT_MONTH,Average of March-26,TRUE,,1,Item Label,Selected_Food_Report_Mar_2026.zip,selected food table Mar26.xlsx,Selected Food March 2026,5,4,D5
2025-03-01,2026-03-01,BEEF_BONELESS,Beef Boneless,Beef Boneless,1 kg,NBS_REPORT_PDF,NATIONAL,Nigeria,6523.500990714252,OK,YEAR_AGO,Average of March-25,FALSE,,1,Item Label,Selected_Food_Report_Mar_2026.zip,selected food table Mar26.xlsx,Selected Food March 2026,6,2,B6
2026-02-01,2026-03-01,BEEF_BONELESS,Beef Boneless,Beef Boneless,1 kg,NBS_REPORT_PDF,NATIONAL,Nigeria,6893.872839411953,OK,PRIOR_MONTH,Average of February-26,FALSE,,1,Item Label,Selected_Food_Report_Mar_2026.zip,selected food table Mar26.xlsx,Selected Food March 2026,6,3,C6
2026-03-01,2026-03-01,BEEF_BONELESS,Beef Boneless,Beef Boneless,1 kg,NBS_REPORT_PDF,NATIONAL,Nigeria,6903.310592408742,OK,CURRENT_MONTH,Average of March-26,TRUE,,1,Item Label,Selected_Food_Report_Mar_2026.zip,selected food table Mar26.xlsx,Selected Food March 2026,6,4,D6
2025-03-01,2026-03-01,BREAD_SLICED_450G,"Bread (sliced), 450g","Bread (sliced), 450g",450 g,SPREADSHEET_LABEL,NATIONAL,Nigeria,1680.1746973918919,OK,YEAR_AGO,Average of March-25,FALSE,,1,Item Label,Selected_Food_Report_Mar_2026.zip,selected food table Mar26.xlsx,Selected Food March 2026,7,2,B7
2026-02-01,2026-03-01,BREAD_SLICED_450G,"Bread (sliced), 450g","Bread (sliced), 450g",450 g,SPREADSHEET_LABEL,NATIONAL,Nigeria,1672.380683756617,OK,PRIOR_MONTH,Average of February-26,FALSE,,1,Item Label,Selected_Food_Report_Mar_2026.zip,selected food table Mar26.xlsx,Selected Food March 2026,7,3,C7
2026-03-01,2026-03-01,BREAD_SLICED_450G,"Bread (sliced), 450g","Bread (sliced), 450g",450 g,SPREADSHEET_LABEL,NATIONAL,Nigeria,1675.308890723947,OK,CURRENT_MONTH,Average of March-26,TRUE,,1,Item Label,Selected_Food_Report_Mar_2026.zip,selected food table Mar26.xlsx,Selected Food March 2026,7,4,D7
2025-03-01,2026-03-01,BREAD_UNSLICED_450G,"Bread (unsliced), 450g","Bread (unsliced), 450g",450 g,SPREADSHEET_LABEL,NATIONAL,Nigeria,1561.2438133998007,OK,YEAR_AGO,Average of March-25,FALSE,,1,Item Label,Selected_Food_Report_Mar_2026.zip,selected food table Mar26.xlsx,Selected Food March 2026,8,2,B8
2026-02-01,2026-03-01,BREAD_UNSLICED_450G,"Bread (unsliced), 450g","Bread (unsliced), 450g",450 g,SPREADSHEET_LABEL,NATIONAL,Nigeria,1597.4349238982988,OK,PRIOR_MONTH,Average of February-26,FALSE,,1,Item Label,Selected_Food_Report_Mar_2026.zip,selected food table Mar26.xlsx,Selected Food March 2026,8,3,C8
2026-03-01,2026-03-01,BREAD_UNSLICED_450G,"Bread (unsliced), 450g","Bread (unsliced), 450g",450 g,SPREADSHEET_LABEL,NATIONAL,Nigeria,1600.1350551782627,OK,CURRENT_MONTH,Average of March-26,TRUE,,1,Item Label,Selected_Food_Report_Mar_2026.zip,selected food table Mar26.xlsx,Selected Food March 2026,8,4,D8
2025-03-01,2026-03-01,CARROTS_FRESH,"Carrots, fresh","Carrots, fresh",1 kg,NBS_REPORT_PDF,NATIONAL,Nigeria,1947.049737680731,OK,YEAR_AGO,Average of March-25,FALSE,,1,Item Label,Selected_Food_Report_Mar_2026.zip,selected food table Mar26.xlsx,Selected Food March 2026,9,2,B9
2026-02-01,2026-03-01,CARROTS_FRESH,"Carrots, fresh","Carrots, fresh",1 kg,NBS_REPORT_PDF,NATIONAL,Nigeria,1970.611274136475,OK,PRIOR_MONTH,Average of February-26,FALSE,,1,Item Label,Selected_Food_Report_Mar_2026.zip,selected food table Mar26.xlsx,Selected Food March 2026,9,3,C9
2026-03-01,2026-03-01,CARROTS_FRESH,"Carrots, fresh","Carrots, fresh",1 kg,NBS_REPORT_PDF,NATIONAL,Nigeria,2003.08143338144,OK,CURRENT_MONTH,Average of March-26,TRUE,,1,Item Label,Selected_Food_Report_Mar_2026.zip,selected food table Mar26.xlsx,Selected Food March 2026,9,4,D9
2025-03-01,2026-03-01,FISH_CATFISH_FRESH,Cat fresh fish,Cat fresh fish,,,NATIONAL,Nigeria,5507.109940563151,OK,YEAR_AGO,Average of March-25,FALSE,,1,Item Label,Selected_Food_Report_Mar_2026.zip,selected food table Mar26.xlsx,Selected Food March 2026,10,2,B10
2026-02-01,2026-03-01,FISH_CATFISH_FRESH,Cat fresh fish,Cat fresh fish,,,NATIONAL,Nigeria,6064.9638314077,OK,PRIOR_MONTH,Average of February-26,FALSE,,1,Item Label,Selected_Food_Report_Mar_2026.zip,selected food table Mar26.xlsx,Selected Food March 2026,10,3,C10
2026-03-01,2026-03-01,FISH_CATFISH_FRESH,Cat fresh fish,Cat fresh fish,,,NATIONAL,Nigeria,6080.020725454623,OK,CURRENT_MONTH,Average of March-26,TRUE,,1,Item Label,Selected_Food_Report_Mar_2026.zip,selected food table Mar26.xlsx,Selected Food March 2026,10,4,D10
2025-03-01,2026-03-01,CHICKEN_FEET,Chicken feet,Chicken feet,,,NATIONAL,Nigeria,3487.0587798892566,OK,YEAR_AGO,Average of March-25,FALSE,,1,Item Label,Selected_Food_Report_Mar_2026.zip,selected food table Mar26.xlsx,Selected Food March 2026,11,2,B11
2026-02-01,2026-03-01,CHICKEN_FEET,Chicken feet,Chicken feet,,,NATIONAL,Nigeria,3970.9412970337276,OK,PRIOR_MONTH,Average of February-26,FALSE,,1,Item Label,Selected_Food_Report_Mar_2026.zip,selected food table Mar26.xlsx,Selected Food March 2026,11,3,C11
2026-03-01,2026-03-01,CHICKEN_FEET,Chicken feet,Chicken feet,,,NATIONAL,Nigeria,3979.847730320467,OK,CURRENT_MONTH,Average of March-26,TRUE,,1,Item Label,Selected_Food_Report_Mar_2026.zip,selected food table Mar26.xlsx,Selected Food March 2026,11,4,D11
2025-03-01,2026-03-01,CHICKEN_MEAT_FROZEN,Chicken meat (Frozen),Chicken meat (Frozen),,,NATIONAL,Nigeria,5675.675675675676,OK,YEAR_AGO,Average of March-25,FALSE,,1,Item Label,Selected_Food_Report_Mar_2026.zip,selected food table Mar26.xlsx,Selected Food March 2026,12,2,B12
2026-02-01,2026-03-01,CHICKEN_MEAT_FROZEN,Chicken meat (Frozen),Chicken meat (Frozen),,,NATIONAL,Nigeria,5917.605025618603,OK,PRIOR_MONTH,Average of February-26,FALSE,,1,Item Label,Selected_Food_Report_Mar_2026.zip,selected food table Mar26.xlsx,Selected Food March 2026,12,3,C12
2026-03-01,2026-03-01,CHICKEN_MEAT_FROZEN,Chicken meat (Frozen),Chicken meat (Frozen),,,NATIONAL,Nigeria,5926.602277414922,OK,CURRENT_MONTH,Average of March-26,TRUE,,1,Item Label,Selected_Food_Report_Mar_2026.zip,selected food table Mar26.xlsx,Selected Food March 2026,12,4,D12
2025-03-01,2026-03-01,CHICKEN_WINGS,Chicken Wings,Chicken Wings,,,NATIONAL,Nigeria,4671.313314349039,OK,YEAR_AGO,Average of March-25,FALSE,,1,Item Label,Selected_Food_Report_Mar_2026.zip,selected food table Mar26.xlsx,Selected Food March 2026,13,2,B13
2026-02-01,2026-03-01,CHICKEN_WINGS,Chicken Wings,Chicken Wings,,,NATIONAL,Nigeria,4997.313018217791,OK,PRIOR_MONTH,Average of February-26,FALSE,,1,Item Label,Selected_Food_Report_Mar_2026.zip,selected food table Mar26.xlsx,Selected Food March 2026,13,3,C13
2026-03-01,2026-03-01,CHICKEN_WINGS,Chicken Wings,Chicken Wings,,,NATIONAL,Nigeria,5011.298418797165,OK,CURRENT_MONTH,Average of March-26,TRUE,,1,Item Label,Selected_Food_Report_Mar_2026.zip,selected food table Mar26.xlsx,Selected Food March 2026,13,4,D13
2025-03-01,2026-03-01,CRAYFISH_SMALL_WHITE,Cray fish small white,Cray fish small white,1 kg,NBS_REPORT_PDF,NATIONAL,Nigeria,6657.002535356239,OK,YEAR_AGO,Average of March-25,FALSE,,1,Item Label,Selected_Food_Report_Mar_2026.zip,selected food table Mar26.xlsx,Selected Food March 2026,14,2,B14
2026-02-01,2026-03-01,CRAYFISH_SMALL_WHITE,Cray fish small white,Cray fish small white,1 kg,NBS_REPORT_PDF,NATIONAL,Nigeria,8785.158287506805,OK,PRIOR_MONTH,Average of February-26,FALSE,,1,Item Label,Selected_Food_Report_Mar_2026.zip,selected food table Mar26.xlsx,Selected Food March 2026,14,3,C14
2026-03-01,2026-03-01,CRAYFISH_SMALL_WHITE,Cray fish small white,Cray fish small white,1 kg,NBS_REPORT_PDF,NATIONAL,Nigeria,8820.593259575033,OK,CURRENT_MONTH,Average of March-26,TRUE,,1,Item Label,Selected_Food_Report_Mar_2026.zip,selected food table Mar26.xlsx,Selected Food March 2026,14,4,D14
2025-03-01,2026-03-01,FISH_DRIED_BONGA,"Dried fish, Bonga","Dried fish, Bonga",,,NATIONAL,Nigeria,6493.784328495541,OK,YEAR_AGO,Average of March-25,FALSE,,1,Item Label,Selected_Food_Report_Mar_2026.zip,selected food table Mar26.xlsx,Selected Food March 2026,15,2,B15
2026-02-01,2026-03-01,FISH_DRIED_BONGA,"Dried fish, Bonga","Dried fish, Bonga",,,NATIONAL,Nigeria,7279.894958796047,OK,PRIOR_MONTH,Average of February-26,FALSE,,1,Item Label,Selected_Food_Report_Mar_2026.zip,selected food table Mar26.xlsx,Selected Food March 2026,15,3,C15
2026-03-01,2026-03-01,FISH_DRIED_BONGA,"Dried fish, Bonga","Dried fish, Bonga",,,NATIONAL,Nigeria,7292.624883978964,OK,CURRENT_MONTH,Average of March-26,TRUE,,1,Item Label,Selected_Food_Report_Mar_2026.zip,selected food table Mar26.xlsx,Selected Food March 2026,15,4,D15
2025-03-01,2026-03-01,GARRI_WHITE,Garri white,Garri white,1 kg,NBS_REPORT_PDF,NATIONAL,Nigeria,1362.95931475153,OK,YEAR_AGO,Average of March-25,FALSE,,1,Item Label,Selected_Food_Report_Mar_2026.zip,selected food table Mar26.xlsx,Selected Food March 2026,16,2,B16
2026-02-01,2026-03-01,GARRI_WHITE,Garri white,Garri white,1 kg,NBS_REPORT_PDF,NATIONAL,Nigeria,790.6246042261746,OK,PRIOR_MONTH,Average of February-26,FALSE,,1,Item Label,Selected_Food_Report_Mar_2026.zip,selected food table Mar26.xlsx,Selected Food March 2026,16,3,C16
2026-03-01,2026-03-01,GARRI_WHITE,Garri white,Garri white,1 kg,NBS_REPORT_PDF,NATIONAL,Nigeria,801.5403940406949,OK,CURRENT_MONTH,Average of March-26,TRUE,,1,Item Label,Selected_Food_Report_Mar_2026.zip,selected food table Mar26.xlsx,Selected Food March 2026,16,4,D16
2025-03-01,2026-03-01,GARRI_YELLOW,Garri Yellow,Garri Yellow,,,NATIONAL,Nigeria,1456.6512649646875,OK,YEAR_AGO,Average of March-25,FALSE,,1,Item Label,Selected_Food_Report_Mar_2026.zip,selected food table Mar26.xlsx,Selected Food March 2026,17,2,B17
2026-02-01,2026-03-01,GARRI_YELLOW,Garri Yellow,Garri Yellow,,,NATIONAL,Nigeria,841.7366786068142,OK,PRIOR_MONTH,Average of February-26,FALSE,,1,Item Label,Selected_Food_Report_Mar_2026.zip,selected food table Mar26.xlsx,Selected Food March 2026,17,3,C17
2026-03-01,2026-03-01,GARRI_YELLOW,Garri Yellow,Garri Yellow,,,NATIONAL,Nigeria,853.6471834488206,OK,CURRENT_MONTH,Average of March-26,TRUE,,1,Item Label,Selected_Food_Report_Mar_2026.zip,selected food table Mar26.xlsx,Selected Food March 2026,17,4,D17
2025-03-01,2026-03-01,GINGER_FRESH,"Ginger, fresh","Ginger, fresh",1 kg,NBS_REPORT_PDF,NATIONAL,Nigeria,4600.230818051035,OK,YEAR_AGO,Average of March-25,FALSE,,1,Item Label,Selected_Food_Report_Mar_2026.zip,selected food table Mar26.xlsx,Selected Food March 2026,18,2,B18
2026-02-01,2026-03-01,GINGER_FRESH,"Ginger, fresh","Ginger, fresh",1 kg,NBS_REPORT_PDF,NATIONAL,Nigeria,5507.430583123195,OK,PRIOR_MONTH,Average of February-26,FALSE,,1,Item Label,Selected_Food_Report_Mar_2026.zip,selected food table Mar26.xlsx,Selected Food March 2026,18,3,C18
2026-03-01,2026-03-01,GINGER_FRESH,"Ginger, fresh","Ginger, fresh",1 kg,NBS_REPORT_PDF,NATIONAL,Nigeria,5541.252667840406,OK,CURRENT_MONTH,Average of March-26,TRUE,,1,Item Label,Selected_Food_Report_Mar_2026.zip,selected food table Mar26.xlsx,Selected Food March 2026,18,4,D18
2025-03-01,2026-03-01,GOAT_MEAT_BONE_IN,Goat Meat Bone in,Goat Meat Bone in,,,NATIONAL,Nigeria,6892.462295546797,OK,YEAR_AGO,Average of March-25,FALSE,,1,Item Label,Selected_Food_Report_Mar_2026.zip,selected food table Mar26.xlsx,Selected Food March 2026,19,2,B19
2026-02-01,2026-03-01,GOAT_MEAT_BONE_IN,Goat Meat Bone in,Goat Meat Bone in,,,NATIONAL,Nigeria,6845.738268698997,OK,PRIOR_MONTH,Average of February-26,FALSE,,1,Item Label,Selected_Food_Report_Mar_2026.zip,selected food table Mar26.xlsx,Selected Food March 2026,19,3,C19
2026-03-01,2026-03-01,GOAT_MEAT_BONE_IN,Goat Meat Bone in,Goat Meat Bone in,,,NATIONAL,Nigeria,6860.540373417374,OK,CURRENT_MONTH,Average of March-26,TRUE,,1,Item Label,Selected_Food_Report_Mar_2026.zip,selected food table Mar26.xlsx,Selected Food March 2026,19,4,D19
2025-03-01,2026-03-01,GROUNDNUT_OIL_75CL,"Groundnut oil, 75cl","Groundnut oil, 75cl",75 cl,SPREADSHEET_LABEL,NATIONAL,Nigeria,3218.8178332615544,OK,YEAR_AGO,Average of March-25,FALSE,,1,Item Label,Selected_Food_Report_Mar_2026.zip,selected food table Mar26.xlsx,Selected Food March 2026,20,2,B20
2026-02-01,2026-03-01,GROUNDNUT_OIL_75CL,"Groundnut oil, 75cl","Groundnut oil, 75cl",75 cl,SPREADSHEET_LABEL,NATIONAL,Nigeria,3085.180192923652,OK,PRIOR_MONTH,Average of February-26,FALSE,,1,Item Label,Selected_Food_Report_Mar_2026.zip,selected food table Mar26.xlsx,Selected Food March 2026,20,3,C20
2026-03-01,2026-03-01,GROUNDNUT_OIL_75CL,"Groundnut oil, 75cl","Groundnut oil, 75cl",75 cl,SPREADSHEET_LABEL,NATIONAL,Nigeria,3093.093319940079,OK,CURRENT_MONTH,Average of March-26,TRUE,,1,Item Label,Selected_Food_Report_Mar_2026.zip,selected food table Mar26.xlsx,Selected Food March 2026,20,4,D20
2025-03-01,2026-03-01,GROUNDNUTS_ROASTED_75CL,"Groundnuts, roasted,75cl bottle","Groundnuts, roasted,75cl bottle",75 cl bottle,SPREADSHEET_LABEL,NATIONAL,Nigeria,2487.6765241772973,OK,YEAR_AGO,Average of March-25,FALSE,,1,Item Label,Selected_Food_Report_Mar_2026.zip,selected food table Mar26.xlsx,Selected Food March 2026,21,2,B21
2026-02-01,2026-03-01,GROUNDNUTS_ROASTED_75CL,"Groundnuts, roasted,75cl bottle","Groundnuts, roasted,75cl bottle",75 cl bottle,SPREADSHEET_LABEL,NATIONAL,Nigeria,2584.4192390532007,OK,PRIOR_MONTH,Average of February-26,FALSE,,1,Item Label,Selected_Food_Report_Mar_2026.zip,selected food table Mar26.xlsx,Selected Food March 2026,21,3,C21
2026-03-01,2026-03-01,GROUNDNUTS_ROASTED_75CL,"Groundnuts, roasted,75cl bottle","Groundnuts, roasted,75cl bottle",75 cl bottle,SPREADSHEET_LABEL,NATIONAL,Nigeria,2591.40067258202,OK,CURRENT_MONTH,Average of March-26,TRUE,,1,Item Label,Selected_Food_Report_Mar_2026.zip,selected food table Mar26.xlsx,Selected Food March 2026,21,4,D21
2025-03-01,2026-03-01,POTATO_IRISH,Irish Potatoe,Irish Potatoe,1 kg,NBS_REPORT_PDF,NATIONAL,Nigeria,1881.7562755561667,OK,YEAR_AGO,Average of March-25,FALSE,,1,Item Label,Selected_Food_Report_Mar_2026.zip,selected food table Mar26.xlsx,Selected Food March 2026,22,2,B22
2026-02-01,2026-03-01,POTATO_IRISH,Irish Potatoe,Irish Potatoe,1 kg,NBS_REPORT_PDF,NATIONAL,Nigeria,2008.919460979377,OK,PRIOR_MONTH,Average of February-26,FALSE,,1,Item Label,Selected_Food_Report_Mar_2026.zip,selected food table Mar26.xlsx,Selected Food March 2026,22,3,C22
2026-03-01,2026-03-01,POTATO_IRISH,Irish Potatoe,Irish Potatoe,1 kg,NBS_REPORT_PDF,NATIONAL,Nigeria,2044.4013189103548,OK,CURRENT_MONTH,Average of March-26,TRUE,,1,Item Label,Selected_Food_Report_Mar_2026.zip,selected food table Mar26.xlsx,Selected Food March 2026,22,4,D22
2025-03-01,2026-03-01,RICE_LOCAL_BROKEN,Local Rice (Broken),Local Rice (Broken),,,NATIONAL,Nigeria,2671.7289628642798,OK,YEAR_AGO,Average of March-25,FALSE,,1,Item Label,Selected_Food_Report_Mar_2026.zip,selected food table Mar26.xlsx,Selected Food March 2026,23,2,B23
2026-02-01,2026-03-01,RICE_LOCAL_BROKEN,Local Rice (Broken),Local Rice (Broken),,,NATIONAL,Nigeria,2180.498637880816,OK,PRIOR_MONTH,Average of February-26,FALSE,,1,Item Label,Selected_Food_Report_Mar_2026.zip,selected food table Mar26.xlsx,Selected Food March 2026,23,3,C23
2026-03-01,2026-03-01,RICE_LOCAL_BROKEN,Local Rice (Broken),Local Rice (Broken),,,NATIONAL,Nigeria,2188.447657873707,OK,CURRENT_MONTH,Average of March-26,TRUE,,1,Item Label,Selected_Food_Report_Mar_2026.zip,selected food table Mar26.xlsx,Selected Food March 2026,23,4,D23
2025-03-01,2026-03-01,FISH_MACKEREL_FROZEN,"Mackerel, Frozen","Mackerel, Frozen",,,NATIONAL,Nigeria,5482.632785948785,OK,YEAR_AGO,Average of March-25,FALSE,,1,Item Label,Selected_Food_Report_Mar_2026.zip,selected food table Mar26.xlsx,Selected Food March 2026,24,2,B24
2026-02-01,2026-03-01,FISH_MACKEREL_FROZEN,"Mackerel, Frozen","Mackerel, Frozen",,,NATIONAL,Nigeria,5789.297291628057,OK,PRIOR_MONTH,Average of February-26,FALSE,,1,Item Label,Selected_Food_Report_Mar_2026.zip,selected food table Mar26.xlsx,Selected Food March 2026,24,3,C24
2026-03-01,2026-03-01,FISH_MACKEREL_FROZEN,"Mackerel, Frozen","Mackerel, Frozen",,,NATIONAL,Nigeria,5801.331728340608,OK,CURRENT_MONTH,Average of March-26,TRUE,,1,Item Label,Selected_Food_Report_Mar_2026.zip,selected food table Mar26.xlsx,Selected Food March 2026,24,4,D24
2025-03-01,2026-03-01,MAIZE_GRAIN_WHITE_LOOSE,Maize (Corn) Grains (White) sold loose,Maize (Corn) Grains (White) sold loose,1 kg,NBS_REPORT_PDF,NATIONAL,Nigeria,1278.7595198008491,OK,YEAR_AGO,Average of March-25,FALSE,,1,Item Label,Selected_Food_Report_Mar_2026.zip,selected food table Mar26.xlsx,Selected Food March 2026,25,2,B25
2026-02-01,2026-03-01,MAIZE_GRAIN_WHITE_LOOSE,Maize (Corn) Grains (White) sold loose,Maize (Corn) Grains (White) sold loose,1 kg,NBS_REPORT_PDF,NATIONAL,Nigeria,795.8172531201585,OK,PRIOR_MONTH,Average of February-26,FALSE,,1,Item Label,Selected_Food_Report_Mar_2026.zip,selected food table Mar26.xlsx,Selected Food March 2026,25,3,C25
2026-03-01,2026-03-01,MAIZE_GRAIN_WHITE_LOOSE,Maize (Corn) Grains (White) sold loose,Maize (Corn) Grains (White) sold loose,1 kg,NBS_REPORT_PDF,NATIONAL,Nigeria,803.2747553397459,OK,CURRENT_MONTH,Average of March-26,TRUE,,1,Item Label,Selected_Food_Report_Mar_2026.zip,selected food table Mar26.xlsx,Selected Food March 2026,25,4,D25
2025-03-01,2026-03-01,ONIONS_FRESH,"Onions, fresh","Onions, fresh",1 kg,NBS_REPORT_PDF,NATIONAL,Nigeria,1434.8498267248613,OK,YEAR_AGO,Average of March-25,FALSE,,1,Item Label,Selected_Food_Report_Mar_2026.zip,selected food table Mar26.xlsx,Selected Food March 2026,26,2,B26
2026-02-01,2026-03-01,ONIONS_FRESH,"Onions, fresh","Onions, fresh",1 kg,NBS_REPORT_PDF,NATIONAL,Nigeria,1135.1183215298256,OK,PRIOR_MONTH,Average of February-26,FALSE,,1,Item Label,Selected_Food_Report_Mar_2026.zip,selected food table Mar26.xlsx,Selected Food March 2026,26,3,C26
2026-03-01,2026-03-01,ONIONS_FRESH,"Onions, fresh","Onions, fresh",1 kg,NBS_REPORT_PDF,NATIONAL,Nigeria,1153.1379971451154,OK,CURRENT_MONTH,Average of March-26,TRUE,,1,Item Label,Selected_Food_Report_Mar_2026.zip,selected food table Mar26.xlsx,Selected Food March 2026,26,4,D26
2025-03-01,2026-03-01,PALM_OIL_75CL,"Palm oil, 75cl","Palm oil, 75cl",75 cl,SPREADSHEET_LABEL,NATIONAL,Nigeria,2511.7729143043784,OK,YEAR_AGO,Average of March-25,FALSE,,1,Item Label,Selected_Food_Report_Mar_2026.zip,selected food table Mar26.xlsx,Selected Food March 2026,27,2,B27
2026-02-01,2026-03-01,PALM_OIL_75CL,"Palm oil, 75cl","Palm oil, 75cl",75 cl,SPREADSHEET_LABEL,NATIONAL,Nigeria,2386.9602820486193,OK,PRIOR_MONTH,Average of February-26,FALSE,,1,Item Label,Selected_Food_Report_Mar_2026.zip,selected food table Mar26.xlsx,Selected Food March 2026,27,3,C27
2026-03-01,2026-03-01,PALM_OIL_75CL,"Palm oil, 75cl","Palm oil, 75cl",75 cl,SPREADSHEET_LABEL,NATIONAL,Nigeria,2393.3772395685796,OK,CURRENT_MONTH,Average of March-26,TRUE,,1,Item Label,Selected_Food_Report_Mar_2026.zip,selected food table Mar26.xlsx,Selected Food March 2026,27,4,D27
2025-03-01,2026-03-01,PLANTAIN_RIPE,Plantain (ripe),Plantain (ripe),,,NATIONAL,Nigeria,2002.584171777326,OK,YEAR_AGO,Average of March-25,FALSE,,1,Item Label,Selected_Food_Report_Mar_2026.zip,selected food table Mar26.xlsx,Selected Food March 2026,28,2,B28
2026-02-01,2026-03-01,PLANTAIN_RIPE,Plantain (ripe),Plantain (ripe),,,NATIONAL,Nigeria,2110.034423495265,OK,PRIOR_MONTH,Average of February-26,FALSE,,1,Item Label,Selected_Food_Report_Mar_2026.zip,selected food table Mar26.xlsx,Selected Food March 2026,28,3,C28
2026-03-01,2026-03-01,PLANTAIN_RIPE,Plantain (ripe),Plantain (ripe),,,NATIONAL,Nigeria,2135.5960800137805,OK,CURRENT_MONTH,Average of March-26,TRUE,,1,Item Label,Selected_Food_Report_Mar_2026.zip,selected food table Mar26.xlsx,Selected Food March 2026,28,4,D28
2025-03-01,2026-03-01,PLANTAIN_UNRIPE,Plantain (unripe),Plantain (unripe),,,NATIONAL,Nigeria,2214.565279777661,OK,YEAR_AGO,Average of March-25,FALSE,,1,Item Label,Selected_Food_Report_Mar_2026.zip,selected food table Mar26.xlsx,Selected Food March 2026,29,2,B29
2026-02-01,2026-03-01,PLANTAIN_UNRIPE,Plantain (unripe),Plantain (unripe),,,NATIONAL,Nigeria,2154.8538166556614,OK,PRIOR_MONTH,Average of February-26,FALSE,,1,Item Label,Selected_Food_Report_Mar_2026.zip,selected food table Mar26.xlsx,Selected Food March 2026,29,3,C29
2026-03-01,2026-03-01,PLANTAIN_UNRIPE,Plantain (unripe),Plantain (unripe),,,NATIONAL,Nigeria,2178.931006295384,OK,CURRENT_MONTH,Average of March-26,TRUE,,1,Item Label,Selected_Food_Report_Mar_2026.zip,selected food table Mar26.xlsx,Selected Food March 2026,29,4,D29
2025-03-01,2026-03-01,RICE_LOCAL_SHORT_GRAIN,"Rice Local, short-Grained","Rice Local, short-Grained",1 kg,NBS_REPORT_PDF,NATIONAL,Nigeria,2242.6382187062827,OK,YEAR_AGO,Average of March-25,FALSE,,1,Item Label,Selected_Food_Report_Mar_2026.zip,selected food table Mar26.xlsx,Selected Food March 2026,30,2,B30
2026-02-01,2026-03-01,RICE_LOCAL_SHORT_GRAIN,"Rice Local, short-Grained","Rice Local, short-Grained",1 kg,NBS_REPORT_PDF,NATIONAL,Nigeria,1858.9259922731371,OK,PRIOR_MONTH,Average of February-26,FALSE,,1,Item Label,Selected_Food_Report_Mar_2026.zip,selected food table Mar26.xlsx,Selected Food March 2026,30,3,C30
2026-03-01,2026-03-01,RICE_LOCAL_SHORT_GRAIN,"Rice Local, short-Grained","Rice Local, short-Grained",1 kg,NBS_REPORT_PDF,NATIONAL,Nigeria,1876.360850383895,OK,CURRENT_MONTH,Average of March-26,TRUE,,1,Item Label,Selected_Food_Report_Mar_2026.zip,selected food table Mar26.xlsx,Selected Food March 2026,30,4,D30
2025-03-01,2026-03-01,RICE_IMPORTED_LONG_GRAIN,Rice Long-Grained (Imported),Rice Long-Grained (Imported),,,NATIONAL,Nigeria,2679.5060014625356,OK,YEAR_AGO,Average of March-25,FALSE,,1,Item Label,Selected_Food_Report_Mar_2026.zip,selected food table Mar26.xlsx,Selected Food March 2026,31,2,B31
2026-02-01,2026-03-01,RICE_IMPORTED_LONG_GRAIN,Rice Long-Grained (Imported),Rice Long-Grained (Imported),,,NATIONAL,Nigeria,2211.794411459619,OK,PRIOR_MONTH,Average of February-26,FALSE,,1,Item Label,Selected_Food_Report_Mar_2026.zip,selected food table Mar26.xlsx,Selected Food March 2026,31,3,C31
2026-03-01,2026-03-01,RICE_IMPORTED_LONG_GRAIN,Rice Long-Grained (Imported),Rice Long-Grained (Imported),,,NATIONAL,Nigeria,2223.8302399733257,OK,CURRENT_MONTH,Average of March-26,TRUE,,1,Item Label,Selected_Food_Report_Mar_2026.zip,selected food table Mar26.xlsx,Selected Food March 2026,31,4,D31
2025-03-01,2026-03-01,SEMOVITA_1KG,"Semovita, Prepacked (1kg)","Semovita, Prepacked (1kg)",1 kg,SPREADSHEET_LABEL,NATIONAL,Nigeria,2173.1178654254054,OK,YEAR_AGO,Average of March-25,FALSE,,1,Item Label,Selected_Food_Report_Mar_2026.zip,selected food table Mar26.xlsx,Selected Food March 2026,32,2,B32
2026-02-01,2026-03-01,SEMOVITA_1KG,"Semovita, Prepacked (1kg)","Semovita, Prepacked (1kg)",1 kg,SPREADSHEET_LABEL,NATIONAL,Nigeria,2241.0433976238114,OK,PRIOR_MONTH,Average of February-26,FALSE,,1,Item Label,Selected_Food_Report_Mar_2026.zip,selected food table Mar26.xlsx,Selected Food March 2026,32,3,C32
2026-03-01,2026-03-01,SEMOVITA_1KG,"Semovita, Prepacked (1kg)","Semovita, Prepacked (1kg)",1 kg,SPREADSHEET_LABEL,NATIONAL,Nigeria,2160.4205037608244,OK,CURRENT_MONTH,Average of March-26,TRUE,,1,Item Label,Selected_Food_Report_Mar_2026.zip,selected food table Mar26.xlsx,Selected Food March 2026,32,4,D32
2025-03-01,2026-03-01,FISH_SMOKED_MACKEREL,Smoked fish (Mackerel),Smoked fish (Mackerel),,,NATIONAL,Nigeria,5752.75512147591,OK,YEAR_AGO,Average of March-25,FALSE,,1,Item Label,Selected_Food_Report_Mar_2026.zip,selected food table Mar26.xlsx,Selected Food March 2026,33,2,B33
2026-02-01,2026-03-01,FISH_SMOKED_MACKEREL,Smoked fish (Mackerel),Smoked fish (Mackerel),,,NATIONAL,Nigeria,6276.991453650049,OK,PRIOR_MONTH,Average of February-26,FALSE,,1,Item Label,Selected_Food_Report_Mar_2026.zip,selected food table Mar26.xlsx,Selected Food March 2026,33,3,C33
2026-03-01,2026-03-01,FISH_SMOKED_MACKEREL,Smoked fish (Mackerel),Smoked fish (Mackerel),,,NATIONAL,Nigeria,6293.572849046083,OK,CURRENT_MONTH,Average of March-26,TRUE,,1,Item Label,Selected_Food_Report_Mar_2026.zip,selected food table Mar26.xlsx,Selected Food March 2026,33,4,D33
2025-03-01,2026-03-01,POTATO_SWEET,Sweet potatoes,Sweet potatoes,,,NATIONAL,Nigeria,909.8848797793393,OK,YEAR_AGO,Average of March-25,FALSE,,1,Item Label,Selected_Food_Report_Mar_2026.zip,selected food table Mar26.xlsx,Selected Food March 2026,34,2,B34
2026-02-01,2026-03-01,POTATO_SWEET,Sweet potatoes,Sweet potatoes,,,NATIONAL,Nigeria,805.4089807869747,OK,PRIOR_MONTH,Average of February-26,FALSE,,1,Item Label,Selected_Food_Report_Mar_2026.zip,selected food table Mar26.xlsx,Selected Food March 2026,34,3,C34
2026-03-01,2026-03-01,POTATO_SWEET,Sweet potatoes,Sweet potatoes,,,NATIONAL,Nigeria,828.3438406529549,OK,CURRENT_MONTH,Average of March-26,TRUE,,1,Item Label,Selected_Food_Report_Mar_2026.zip,selected food table Mar26.xlsx,Selected Food March 2026,34,4,D34
2025-03-01,2026-03-01,FISH_TILAPIA_FRESH,Tilapia fresh fish (Epiya),Tilapia fresh fish (Epiya),,,NATIONAL,Nigeria,5459.042142929825,OK,YEAR_AGO,Average of March-25,FALSE,,1,Item Label,Selected_Food_Report_Mar_2026.zip,selected food table Mar26.xlsx,Selected Food March 2026,35,2,B35
2026-02-01,2026-03-01,FISH_TILAPIA_FRESH,Tilapia fresh fish (Epiya),Tilapia fresh fish (Epiya),,,NATIONAL,Nigeria,5862.4049052063865,OK,PRIOR_MONTH,Average of February-26,FALSE,,1,Item Label,Selected_Food_Report_Mar_2026.zip,selected food table Mar26.xlsx,Selected Food March 2026,35,3,C35
2026-03-01,2026-03-01,FISH_TILAPIA_FRESH,Tilapia fresh fish (Epiya),Tilapia fresh fish (Epiya),,,NATIONAL,Nigeria,5875.264028528877,OK,CURRENT_MONTH,Average of March-26,TRUE,,1,Item Label,Selected_Food_Report_Mar_2026.zip,selected food table Mar26.xlsx,Selected Food March 2026,35,4,D35
2025-03-01,2026-03-01,MILK_EVAP_PEAK_150G,"Tin Milk-Evaporated, Peak Milk, 150g","Tin Milk-Evaporated, Peak Milk, 150g",150 g,SPREADSHEET_LABEL,NATIONAL,Nigeria,999.1796744651351,OK,YEAR_AGO,Average of March-25,FALSE,,1,Item Label,Selected_Food_Report_Mar_2026.zip,selected food table Mar26.xlsx,Selected Food March 2026,36,2,B36
2026-02-01,2026-03-01,MILK_EVAP_PEAK_150G,"Tin Milk-Evaporated, Peak Milk, 150g","Tin Milk-Evaporated, Peak Milk, 150g",150 g,SPREADSHEET_LABEL,NATIONAL,Nigeria,1044.5175223896551,OK,PRIOR_MONTH,Average of February-26,FALSE,,1,Item Label,Selected_Food_Report_Mar_2026.zip,selected food table Mar26.xlsx,Selected Food March 2026,36,3,C36
2026-03-01,2026-03-01,MILK_EVAP_PEAK_150G,"Tin Milk-Evaporated, Peak Milk, 150g","Tin Milk-Evaporated, Peak Milk, 150g",150 g,SPREADSHEET_LABEL,NATIONAL,Nigeria,1050.0039301348254,OK,CURRENT_MONTH,Average of March-26,TRUE,,1,Item Label,Selected_Food_Report_Mar_2026.zip,selected food table Mar26.xlsx,Selected Food March 2026,36,4,D36
2025-03-01,2026-03-01,MILK_EVAP_THREECROWN_160G,"Tin Milk-Evaporated, Three Crown Milk, 160g","Tin Milk-Evaporated, Three Crown Milk, 160g",160 g,SPREADSHEET_LABEL,NATIONAL,Nigeria,872.1352708081082,OK,YEAR_AGO,Average of March-25,FALSE,,1,Item Label,Selected_Food_Report_Mar_2026.zip,selected food table Mar26.xlsx,Selected Food March 2026,37,2,B37
2026-02-01,2026-03-01,MILK_EVAP_THREECROWN_160G,"Tin Milk-Evaporated, Three Crown Milk, 160g","Tin Milk-Evaporated, Three Crown Milk, 160g",160 g,SPREADSHEET_LABEL,NATIONAL,Nigeria,928.0023430885843,OK,PRIOR_MONTH,Average of February-26,FALSE,,1,Item Label,Selected_Food_Report_Mar_2026.zip,selected food table Mar26.xlsx,Selected Food March 2026,37,3,C37
2026-03-01,2026-03-01,MILK_EVAP_THREECROWN_160G,"Tin Milk-Evaporated, Three Crown Milk, 160g","Tin Milk-Evaporated, Three Crown Milk, 160g",160 g,SPREADSHEET_LABEL,NATIONAL,Nigeria,933.1239617579234,OK,CURRENT_MONTH,Average of March-26,TRUE,,1,Item Label,Selected_Food_Report_Mar_2026.zip,selected food table Mar26.xlsx,Selected Food March 2026,37,4,D37
2025-03-01,2026-03-01,FISH_TITUS_FROZEN,"Titus, frozen","Titus, frozen",,,NATIONAL,Nigeria,5860.007123733654,OK,YEAR_AGO,Average of March-25,FALSE,,1,Item Label,Selected_Food_Report_Mar_2026.zip,selected food table Mar26.xlsx,Selected Food March 2026,38,2,B38
2026-02-01,2026-03-01,FISH_TITUS_FROZEN,"Titus, frozen","Titus, frozen",,,NATIONAL,Nigeria,6363.686463970369,OK,PRIOR_MONTH,Average of February-26,FALSE,,1,Item Label,Selected_Food_Report_Mar_2026.zip,selected food table Mar26.xlsx,Selected Food March 2026,38,3,C38
2026-03-01,2026-03-01,FISH_TITUS_FROZEN,"Titus, frozen","Titus, frozen",,,NATIONAL,Nigeria,6377.756737339963,OK,CURRENT_MONTH,Average of March-26,TRUE,,1,Item Label,Selected_Food_Report_Mar_2026.zip,selected food table Mar26.xlsx,Selected Food March 2026,38,4,D38
2025-03-01,2026-03-01,TOMATOES_FRESH,"Tomatoes, fresh","Tomatoes, fresh",1 kg,NBS_REPORT_PDF,NATIONAL,Nigeria,1157.3457186910782,OK,YEAR_AGO,Average of March-25,FALSE,,1,Item Label,Selected_Food_Report_Mar_2026.zip,selected food table Mar26.xlsx,Selected Food March 2026,39,2,B39
2026-02-01,2026-03-01,TOMATOES_FRESH,"Tomatoes, fresh","Tomatoes, fresh",1 kg,NBS_REPORT_PDF,NATIONAL,Nigeria,1077.429423408858,OK,PRIOR_MONTH,Average of February-26,FALSE,,1,Item Label,Selected_Food_Report_Mar_2026.zip,selected food table Mar26.xlsx,Selected Food March 2026,39,3,C39
2026-03-01,2026-03-01,TOMATOES_FRESH,"Tomatoes, fresh","Tomatoes, fresh",1 kg,NBS_REPORT_PDF,NATIONAL,Nigeria,1104.9520740906787,OK,CURRENT_MONTH,Average of March-26,TRUE,,1,Item Label,Selected_Food_Report_Mar_2026.zip,selected food table Mar26.xlsx,Selected Food March 2026,39,4,D39
2025-03-01,2026-03-01,VEG_OIL_75CL,"Vegetable Oil, 75cl","Vegetable Oil, 75cl",75 cl,SPREADSHEET_LABEL,NATIONAL,Nigeria,3337.0082982445942,OK,YEAR_AGO,Average of March-25,FALSE,,1,Item Label,Selected_Food_Report_Mar_2026.zip,selected food table Mar26.xlsx,Selected Food March 2026,40,2,B40
2026-02-01,2026-03-01,VEG_OIL_75CL,"Vegetable Oil, 75cl","Vegetable Oil, 75cl",75 cl,SPREADSHEET_LABEL,NATIONAL,Nigeria,3233.7863161569317,OK,PRIOR_MONTH,Average of February-26,FALSE,,1,Item Label,Selected_Food_Report_Mar_2026.zip,selected food table Mar26.xlsx,Selected Food March 2026,40,3,C40
2026-03-01,2026-03-01,VEG_OIL_75CL,"Vegetable Oil, 75cl","Vegetable Oil, 75cl",75 cl,SPREADSHEET_LABEL,NATIONAL,Nigeria,3242.4759243445446,OK,CURRENT_MONTH,Average of March-26,TRUE,,1,Item Label,Selected_Food_Report_Mar_2026.zip,selected food table Mar26.xlsx,Selected Food March 2026,40,4,D40
2025-03-01,2026-03-01,WATERMELON_WHOLE,"Watermelon whole, medium size fresh","Watermelon whole, medium size fresh",,,NATIONAL,Nigeria,2040.818732955811,OK,YEAR_AGO,Average of March-25,FALSE,,1,Item Label,Selected_Food_Report_Mar_2026.zip,selected food table Mar26.xlsx,Selected Food March 2026,41,2,B41
2026-02-01,2026-03-01,WATERMELON_WHOLE,"Watermelon whole, medium size fresh","Watermelon whole, medium size fresh",,,NATIONAL,Nigeria,2046.909568976239,OK,PRIOR_MONTH,Average of February-26,FALSE,,1,Item Label,Selected_Food_Report_Mar_2026.zip,selected food table Mar26.xlsx,Selected Food March 2026,41,3,C41
2026-03-01,2026-03-01,WATERMELON_WHOLE,"Watermelon whole, medium size fresh","Watermelon whole, medium size fresh",,,NATIONAL,Nigeria,2068.051119358296,OK,CURRENT_MONTH,Average of March-26,TRUE,,1,Item Label,Selected_Food_Report_Mar_2026.zip,selected food table Mar26.xlsx,Selected Food March 2026,41,4,D41
2025-03-01,2026-03-01,WHEAT_FLOUR_2KG,"Wheat Flour, Prepacked (2kg)","Wheat Flour, Prepacked (2kg)",2 kg,SPREADSHEET_LABEL,NATIONAL,Nigeria,4114.2425360704465,OK,YEAR_AGO,Average of March-25,FALSE,,1,Item Label,Selected_Food_Report_Mar_2026.zip,selected food table Mar26.xlsx,Selected Food March 2026,42,2,B42
2026-02-01,2026-03-01,WHEAT_FLOUR_2KG,"Wheat Flour, Prepacked (2kg)","Wheat Flour, Prepacked (2kg)",2 kg,SPREADSHEET_LABEL,NATIONAL,Nigeria,3650.565738604113,OK,PRIOR_MONTH,Average of February-26,FALSE,,1,Item Label,Selected_Food_Report_Mar_2026.zip,selected food table Mar26.xlsx,Selected Food March 2026,42,3,C42
2026-03-01,2026-03-01,WHEAT_FLOUR_2KG,"Wheat Flour, Prepacked (2kg)","Wheat Flour, Prepacked (2kg)",2 kg,SPREADSHEET_LABEL,NATIONAL,Nigeria,3660.6056967789846,OK,CURRENT_MONTH,Average of March-26,TRUE,,1,Item Label,Selected_Food_Report_Mar_2026.zip,selected food table Mar26.xlsx,Selected Food March 2026,42,4,D42
2025-03-01,2026-03-01,YAM_TUBER,Yam Tuber,Yam Tuber,1 kg,NBS_REPORT_PDF,NATIONAL,Nigeria,2141.1300356787556,OK,YEAR_AGO,Average of March-25,FALSE,,1,Item Label,Selected_Food_Report_Mar_2026.zip,selected food table Mar26.xlsx,Selected Food March 2026,43,2,B43
2026-02-01,2026-03-01,YAM_TUBER,Yam Tuber,Yam Tuber,1 kg,NBS_REPORT_PDF,NATIONAL,Nigeria,2108.9892589257224,OK,PRIOR_MONTH,Average of February-26,FALSE,,1,Item Label,Selected_Food_Report_Mar_2026.zip,selected food table Mar26.xlsx,Selected Food March 2026,43,3,C43
2026-03-01,2026-03-01,YAM_TUBER,Yam Tuber,Yam Tuber,1 kg,NBS_REPORT_PDF,NATIONAL,Nigeria,2144.6961689132977,OK,CURRENT_MONTH,Average of March-26,TRUE,,1,Item Label,Selected_Food_Report_Mar_2026.zip,selected food table Mar26.xlsx,Selected Food March 2026,43,4,D43
2025-05-01,2026-05-01,EGG_AGRIC,"Agric hen eggs,","Agric hen eggs,",,,NATIONAL,Nigeria,265.72525010413347,OK,YEAR_AGO,Average of May-25,FALSE,,1,Item Label,Selected_Food_Report_May 26.zip,selected food table May 26.xlsx,Selected Food May 2026,2,2,B2
2026-04-01,2026-05-01,EGG_AGRIC,"Agric hen eggs,","Agric hen eggs,",,,NATIONAL,Nigeria,259.21819457952904,OK,PRIOR_MONTH,Average of April-26,FALSE,,1,Item Label,Selected_Food_Report_May 26.zip,selected food table May 26.xlsx,Selected Food May 2026,2,3,C2
2026-05-01,2026-05-01,EGG_AGRIC,"Agric hen eggs,","Agric hen eggs,",,,NATIONAL,Nigeria,261.14176246330453,OK,CURRENT_MONTH,Average of May-26,TRUE,,1,Item Label,Selected_Food_Report_May 26.zip,selected food table May 26.xlsx,Selected Food May 2026,2,4,D2
2025-05-01,2026-05-01,EGG_AGRIC_CRATE30,"Agric hen eggs, (a Crate of 30 pieces)","Agric hen eggs, (a Crate of 30 pieces)",1 crate of 30 pieces,SPREADSHEET_LABEL,NATIONAL,Nigeria,6263.915591640825,OK,YEAR_AGO,Average of May-25,FALSE,,1,Item Label,Selected_Food_Report_May 26.zip,selected food table May 26.xlsx,Selected Food May 2026,3,2,B3
2026-04-01,2026-05-01,EGG_AGRIC_CRATE30,"Agric hen eggs, (a Crate of 30 pieces)","Agric hen eggs, (a Crate of 30 pieces)",1 crate of 30 pieces,SPREADSHEET_LABEL,NATIONAL,Nigeria,6143.1126621405165,OK,PRIOR_MONTH,Average of April-26,FALSE,,1,Item Label,Selected_Food_Report_May 26.zip,selected food table May 26.xlsx,Selected Food May 2026,3,3,C3
2026-05-01,2026-05-01,EGG_AGRIC_CRATE30,"Agric hen eggs, (a Crate of 30 pieces)","Agric hen eggs, (a Crate of 30 pieces)",1 crate of 30 pieces,SPREADSHEET_LABEL,NATIONAL,Nigeria,6149.177994707396,OK,CURRENT_MONTH,Average of May-26,TRUE,,1,Item Label,Selected_Food_Report_May 26.zip,selected food table May 26.xlsx,Selected Food May 2026,3,4,D3
2025-05-01,2026-05-01,BEANS_BROWN,Beans Brown,Beans Brown,1 kg,NBS_REPORT_PDF,NATIONAL,Nigeria,2385.151862935156,OK,YEAR_AGO,Average of May-25,FALSE,,1,Item Label,Selected_Food_Report_May 26.zip,selected food table May 26.xlsx,Selected Food May 2026,4,2,B4
2026-04-01,2026-05-01,BEANS_BROWN,Beans Brown,Beans Brown,1 kg,NBS_REPORT_PDF,NATIONAL,Nigeria,1338.9328294458949,OK,PRIOR_MONTH,Average of April-26,FALSE,,1,Item Label,Selected_Food_Report_May 26.zip,selected food table May 26.xlsx,Selected Food May 2026,4,3,C4
2026-05-01,2026-05-01,BEANS_BROWN,Beans Brown,Beans Brown,1 kg,NBS_REPORT_PDF,NATIONAL,Nigeria,1344.9319046192759,OK,CURRENT_MONTH,Average of May-26,TRUE,,1,Item Label,Selected_Food_Report_May 26.zip,selected food table May 26.xlsx,Selected Food May 2026,4,4,D4
2025-05-01,2026-05-01,BEANS_WHITE,Beans white,Beans white,,,NATIONAL,Nigeria,2040.508123180201,OK,YEAR_AGO,Average of May-25,FALSE,,1,Item Label,Selected_Food_Report_May 26.zip,selected food table May 26.xlsx,Selected Food May 2026,5,2,B5
2026-04-01,2026-05-01,BEANS_WHITE,Beans white,Beans white,,,NATIONAL,Nigeria,1291.3314506590189,OK,PRIOR_MONTH,Average of April-26,FALSE,,1,Item Label,Selected_Food_Report_May 26.zip,selected food table May 26.xlsx,Selected Food May 2026,5,3,C5
2026-05-01,2026-05-01,BEANS_WHITE,Beans white,Beans white,,,NATIONAL,Nigeria,1297.177234745508,OK,CURRENT_MONTH,Average of May-26,TRUE,,1,Item Label,Selected_Food_Report_May 26.zip,selected food table May 26.xlsx,Selected Food May 2026,5,4,D5
2025-05-01,2026-05-01,BEEF_BONELESS,Beef Boneless,Beef Boneless,1 kg,NBS_REPORT_PDF,NATIONAL,Nigeria,6662.924661994583,OK,YEAR_AGO,Average of May-25,FALSE,,1,Item Label,Selected_Food_Report_May 26.zip,selected food table May 26.xlsx,Selected Food May 2026,6,2,B6
2026-04-01,2026-05-01,BEEF_BONELESS,Beef Boneless,Beef Boneless,1 kg,NBS_REPORT_PDF,NATIONAL,Nigeria,6919.937600371186,OK,PRIOR_MONTH,Average of April-26,FALSE,,1,Item Label,Selected_Food_Report_May 26.zip,selected food table May 26.xlsx,Selected Food May 2026,6,3,C6
2026-05-01,2026-05-01,BEEF_BONELESS,Beef Boneless,Beef Boneless,1 kg,NBS_REPORT_PDF,NATIONAL,Nigeria,7171.408124179038,OK,CURRENT_MONTH,Average of May-26,TRUE,,1,Item Label,Selected_Food_Report_May 26.zip,selected food table May 26.xlsx,Selected Food May 2026,6,4,D6
2025-05-01,2026-05-01,BREAD_SLICED_450G,"Bread (sliced), 450g","Bread (sliced), 450g",450 g,SPREADSHEET_LABEL,NATIONAL,Nigeria,1657.5872954082151,OK,YEAR_AGO,Average of May-25,FALSE,,1,Item Label,Selected_Food_Report_May 26.zip,selected food table May 26.xlsx,Selected Food May 2026,7,2,B7
2026-04-01,2026-05-01,BREAD_SLICED_450G,"Bread (sliced), 450g","Bread (sliced), 450g",450 g,SPREADSHEET_LABEL,NATIONAL,Nigeria,1682.596329234819,OK,PRIOR_MONTH,Average of April-26,FALSE,,1,Item Label,Selected_Food_Report_May 26.zip,selected food table May 26.xlsx,Selected Food May 2026,7,3,C7
2026-05-01,2026-05-01,BREAD_SLICED_450G,"Bread (sliced), 450g","Bread (sliced), 450g",450 g,SPREADSHEET_LABEL,NATIONAL,Nigeria,1687.182902415158,OK,CURRENT_MONTH,Average of May-26,TRUE,,1,Item Label,Selected_Food_Report_May 26.zip,selected food table May 26.xlsx,Selected Food May 2026,7,4,D7
2025-05-01,2026-05-01,BREAD_UNSLICED_450G,"Bread (unsliced), 450g","Bread (unsliced), 450g",450 g,SPREADSHEET_LABEL,NATIONAL,Nigeria,1556.0566784842156,OK,YEAR_AGO,Average of May-25,FALSE,,1,Item Label,Selected_Food_Report_May 26.zip,selected food table May 26.xlsx,Selected Food May 2026,8,2,B8
2026-04-01,2026-05-01,BREAD_UNSLICED_450G,"Bread (unsliced), 450g","Bread (unsliced), 450g",450 g,SPREADSHEET_LABEL,NATIONAL,Nigeria,1605.5612230811857,OK,PRIOR_MONTH,Average of April-26,FALSE,,1,Item Label,Selected_Food_Report_May 26.zip,selected food table May 26.xlsx,Selected Food May 2026,8,3,C8
2026-05-01,2026-05-01,BREAD_UNSLICED_450G,"Bread (unsliced), 450g","Bread (unsliced), 450g",450 g,SPREADSHEET_LABEL,NATIONAL,Nigeria,1609.2954869131709,OK,CURRENT_MONTH,Average of May-26,TRUE,,1,Item Label,Selected_Food_Report_May 26.zip,selected food table May 26.xlsx,Selected Food May 2026,8,4,D8
2025-05-01,2026-05-01,CARROTS_FRESH,"Carrots, fresh","Carrots, fresh",1 kg,NBS_REPORT_PDF,NATIONAL,Nigeria,1911.6871622141748,OK,YEAR_AGO,Average of May-25,FALSE,,1,Item Label,Selected_Food_Report_May 26.zip,selected food table May 26.xlsx,Selected Food May 2026,9,2,B9
2026-04-01,2026-05-01,CARROTS_FRESH,"Carrots, fresh","Carrots, fresh",1 kg,NBS_REPORT_PDF,NATIONAL,Nigeria,2025.1234982988303,OK,PRIOR_MONTH,Average of April-26,FALSE,,1,Item Label,Selected_Food_Report_May 26.zip,selected food table May 26.xlsx,Selected Food May 2026,9,3,C9
2026-05-01,2026-05-01,CARROTS_FRESH,"Carrots, fresh","Carrots, fresh",1 kg,NBS_REPORT_PDF,NATIONAL,Nigeria,2080.4853625043015,OK,CURRENT_MONTH,Average of May-26,TRUE,,1,Item Label,Selected_Food_Report_May 26.zip,selected food table May 26.xlsx,Selected Food May 2026,9,4,D9
2025-05-01,2026-05-01,FISH_CATFISH_FRESH,Cat fresh fish,Cat fresh fish,,,NATIONAL,Nigeria,5613.435478702279,OK,YEAR_AGO,Average of May-25,FALSE,,1,Item Label,Selected_Food_Report_May 26.zip,selected food table May 26.xlsx,Selected Food May 2026,10,2,B10
2026-04-01,2026-05-01,FISH_CATFISH_FRESH,Cat fresh fish,Cat fresh fish,,,NATIONAL,Nigeria,6094.103148587778,OK,PRIOR_MONTH,Average of April-26,FALSE,,1,Item Label,Selected_Food_Report_May 26.zip,selected food table May 26.xlsx,Selected Food May 2026,10,3,C10
2026-05-01,2026-05-01,FISH_CATFISH_FRESH,Cat fresh fish,Cat fresh fish,,,NATIONAL,Nigeria,6118.83132966506,OK,CURRENT_MONTH,Average of May-26,TRUE,,1,Item Label,Selected_Food_Report_May 26.zip,selected food table May 26.xlsx,Selected Food May 2026,10,4,D10
2025-05-01,2026-05-01,CHICKEN_FEET,Chicken feet,Chicken feet,,,NATIONAL,Nigeria,3506.125073141734,OK,YEAR_AGO,Average of May-25,FALSE,,1,Item Label,Selected_Food_Report_May 26.zip,selected food table May 26.xlsx,Selected Food May 2026,11,2,B11
2026-04-01,2026-05-01,CHICKEN_FEET,Chicken feet,Chicken feet,,,NATIONAL,Nigeria,3992.01235394647,OK,PRIOR_MONTH,Average of April-26,FALSE,,1,Item Label,Selected_Food_Report_May 26.zip,selected food table May 26.xlsx,Selected Food May 2026,11,3,C11
2026-05-01,2026-05-01,CHICKEN_FEET,Chicken feet,Chicken feet,,,NATIONAL,Nigeria,4006.0655544257575,OK,CURRENT_MONTH,Average of May-26,TRUE,,1,Item Label,Selected_Food_Report_May 26.zip,selected food table May 26.xlsx,Selected Food May 2026,11,4,D11
2025-05-01,2026-05-01,CHICKEN_MEAT_FROZEN,Chicken meat (Frozen),Chicken meat (Frozen),,,NATIONAL,Nigeria,5808.5200285604715,OK,YEAR_AGO,Average of May-25,FALSE,,1,Item Label,Selected_Food_Report_May 26.zip,selected food table May 26.xlsx,Selected Food May 2026,12,2,B12
2026-04-01,2026-05-01,CHICKEN_MEAT_FROZEN,Chicken meat (Frozen),Chicken meat (Frozen),,,NATIONAL,Nigeria,5943.0026735870315,OK,PRIOR_MONTH,Average of April-26,FALSE,,1,Item Label,Selected_Food_Report_May 26.zip,selected food table May 26.xlsx,Selected Food May 2026,12,3,C12
2026-05-01,2026-05-01,CHICKEN_MEAT_FROZEN,Chicken meat (Frozen),Chicken meat (Frozen),,,NATIONAL,Nigeria,6012.602918549528,OK,CURRENT_MONTH,Average of May-26,TRUE,,1,Item Label,Selected_Food_Report_May 26.zip,selected food table May 26.xlsx,Selected Food May 2026,12,4,D12
2025-05-01,2026-05-01,CHICKEN_WINGS,Chicken Wings,Chicken Wings,,,NATIONAL,Nigeria,4831.508880989896,OK,YEAR_AGO,Average of May-25,FALSE,,1,Item Label,Selected_Food_Report_May 26.zip,selected food table May 26.xlsx,Selected Food May 2026,13,2,B13
2026-04-01,2026-05-01,CHICKEN_WINGS,Chicken Wings,Chicken Wings,,,NATIONAL,Nigeria,5026.334754054623,OK,PRIOR_MONTH,Average of April-26,FALSE,,1,Item Label,Selected_Food_Report_May 26.zip,selected food table May 26.xlsx,Selected Food May 2026,13,3,C13
2026-05-01,2026-05-01,CHICKEN_WINGS,Chicken Wings,Chicken Wings,,,NATIONAL,Nigeria,5037.891951232595,OK,CURRENT_MONTH,Average of May-26,TRUE,,1,Item Label,Selected_Food_Report_May 26.zip,selected food table May 26.xlsx,Selected Food May 2026,13,4,D13
2025-05-01,2026-05-01,CRAYFISH_SMALL_WHITE,Cray fish small white,Cray fish small white,1 kg,NBS_REPORT_PDF,NATIONAL,Nigeria,8046.835984100141,OK,YEAR_AGO,Average of May-25,FALSE,,1,Item Label,Selected_Food_Report_May 26.zip,selected food table May 26.xlsx,Selected Food May 2026,14,2,B14
2026-04-01,2026-05-01,CRAYFISH_SMALL_WHITE,Cray fish small white,Cray fish small white,1 kg,NBS_REPORT_PDF,NATIONAL,Nigeria,8857.89749745431,OK,PRIOR_MONTH,Average of April-26,FALSE,,1,Item Label,Selected_Food_Report_May 26.zip,selected food table May 26.xlsx,Selected Food May 2026,14,3,C14
2026-05-01,2026-05-01,CRAYFISH_SMALL_WHITE,Cray fish small white,Cray fish small white,1 kg,NBS_REPORT_PDF,NATIONAL,Nigeria,8971.55902850211,OK,CURRENT_MONTH,Average of May-26,TRUE,,1,Item Label,Selected_Food_Report_May 26.zip,selected food table May 26.xlsx,Selected Food May 2026,14,4,D14
2025-05-01,2026-05-01,FISH_DRIED_BONGA,"Dried fish, Bonga","Dried fish, Bonga",,,NATIONAL,Nigeria,6703.079156122976,OK,YEAR_AGO,Average of May-25,FALSE,,1,Item Label,Selected_Food_Report_May 26.zip,selected food table May 26.xlsx,Selected Food May 2026,15,2,B15
2026-04-01,2026-05-01,FISH_DRIED_BONGA,"Dried fish, Bonga","Dried fish, Bonga",,,NATIONAL,Nigeria,7314.418602716091,OK,PRIOR_MONTH,Average of April-26,FALSE,,1,Item Label,Selected_Food_Report_May 26.zip,selected food table May 26.xlsx,Selected Food May 2026,15,3,C15
2026-05-01,2026-05-01,FISH_DRIED_BONGA,"Dried fish, Bonga","Dried fish, Bonga",,,NATIONAL,Nigeria,7369.159617272357,OK,CURRENT_MONTH,Average of May-26,TRUE,,1,Item Label,Selected_Food_Report_May 26.zip,selected food table May 26.xlsx,Selected Food May 2026,15,4,D15
2025-05-01,2026-05-01,GARRI_WHITE,Garri white,Garri white,1 kg,NBS_REPORT_PDF,NATIONAL,Nigeria,1341.7898618019171,OK,YEAR_AGO,Average of May-25,FALSE,,1,Item Label,Selected_Food_Report_May 26.zip,selected food table May 26.xlsx,Selected Food May 2026,16,2,B16
2026-04-01,2026-05-01,GARRI_WHITE,Garri white,Garri white,1 kg,NBS_REPORT_PDF,NATIONAL,Nigeria,808.9592319960332,OK,PRIOR_MONTH,Average of April-26,FALSE,,1,Item Label,Selected_Food_Report_May 26.zip,selected food table May 26.xlsx,Selected Food May 2026,16,3,C16
2026-05-01,2026-05-01,GARRI_WHITE,Garri white,Garri white,1 kg,NBS_REPORT_PDF,NATIONAL,Nigeria,813.2421892588295,OK,CURRENT_MONTH,Average of May-26,TRUE,,1,Item Label,Selected_Food_Report_May 26.zip,selected food table May 26.xlsx,Selected Food May 2026,16,4,D16
2025-05-01,2026-05-01,GARRI_YELLOW,Garri Yellow,Garri Yellow,,,NATIONAL,Nigeria,1438.2574315410434,OK,YEAR_AGO,Average of May-25,FALSE,,1,Item Label,Selected_Food_Report_May 26.zip,selected food table May 26.xlsx,Selected Food May 2026,17,2,B17
2026-04-01,2026-05-01,GARRI_YELLOW,Garri Yellow,Garri Yellow,,,NATIONAL,Nigeria,861.91861075139,OK,PRIOR_MONTH,Average of April-26,FALSE,,1,Item Label,Selected_Food_Report_May 26.zip,selected food table May 26.xlsx,Selected Food May 2026,17,3,C17
2026-05-01,2026-05-01,GARRI_YELLOW,Garri Yellow,Garri Yellow,,,NATIONAL,Nigeria,865.4077121759906,OK,CURRENT_MONTH,Average of May-26,TRUE,,1,Item Label,Selected_Food_Report_May 26.zip,selected food table May 26.xlsx,Selected Food May 2026,17,4,D17
2025-05-01,2026-05-01,GINGER_FRESH,"Ginger, fresh","Ginger, fresh",1 kg,NBS_REPORT_PDF,NATIONAL,Nigeria,5505.774794777313,OK,YEAR_AGO,Average of May-25,FALSE,,1,Item Label,Selected_Food_Report_May 26.zip,selected food table May 26.xlsx,Selected Food May 2026,18,2,B18
2026-04-01,2026-05-01,GINGER_FRESH,"Ginger, fresh","Ginger, fresh",1 kg,NBS_REPORT_PDF,NATIONAL,Nigeria,5581.824918493482,OK,PRIOR_MONTH,Average of April-26,FALSE,,1,Item Label,Selected_Food_Report_May 26.zip,selected food table May 26.xlsx,Selected Food May 2026,18,3,C18
2026-05-01,2026-05-01,GINGER_FRESH,"Ginger, fresh","Ginger, fresh",1 kg,NBS_REPORT_PDF,NATIONAL,Nigeria,5906.817221065205,OK,CURRENT_MONTH,Average of May-26,TRUE,,1,Item Label,Selected_Food_Report_May 26.zip,selected food table May 26.xlsx,Selected Food May 2026,18,4,D18
2025-05-01,2026-05-01,GOAT_MEAT_BONE_IN,Goat Meat Bone in,Goat Meat Bone in,,,NATIONAL,Nigeria,6710.944109953071,OK,YEAR_AGO,Average of May-25,FALSE,,1,Item Label,Selected_Food_Report_May 26.zip,selected food table May 26.xlsx,Selected Food May 2026,19,2,B19
2026-04-01,2026-05-01,GOAT_MEAT_BONE_IN,Goat Meat Bone in,Goat Meat Bone in,,,NATIONAL,Nigeria,6874.6153470694,OK,PRIOR_MONTH,Average of April-26,FALSE,,1,Item Label,Selected_Food_Report_May 26.zip,selected food table May 26.xlsx,Selected Food May 2026,19,3,C19
2026-05-01,2026-05-01,GOAT_MEAT_BONE_IN,Goat Meat Bone in,Goat Meat Bone in,,,NATIONAL,Nigeria,6923.966956216868,OK,CURRENT_MONTH,Average of May-26,TRUE,,1,Item Label,Selected_Food_Report_May 26.zip,selected food table May 26.xlsx,Selected Food May 2026,19,4,D19
2025-05-01,2026-05-01,GROUNDNUT_OIL_75CL,"Groundnut oil, 75cl","Groundnut oil, 75cl",75 cl,SPREADSHEET_LABEL,NATIONAL,Nigeria,3215.2685759093283,OK,YEAR_AGO,Average of May-25,FALSE,,1,Item Label,Selected_Food_Report_May 26.zip,selected food table May 26.xlsx,Selected Food May 2026,20,2,B20
2026-04-01,2026-05-01,GROUNDNUT_OIL_75CL,"Groundnut oil, 75cl","Groundnut oil, 75cl",75 cl,SPREADSHEET_LABEL,NATIONAL,Nigeria,3104.3038375905567,OK,PRIOR_MONTH,Average of April-26,FALSE,,1,Item Label,Selected_Food_Report_May 26.zip,selected food table May 26.xlsx,Selected Food May 2026,20,3,C20
2026-05-01,2026-05-01,GROUNDNUT_OIL_75CL,"Groundnut oil, 75cl","Groundnut oil, 75cl",75 cl,SPREADSHEET_LABEL,NATIONAL,Nigeria,3113.0475343559915,OK,CURRENT_MONTH,Average of May-26,TRUE,,1,Item Label,Selected_Food_Report_May 26.zip,selected food table May 26.xlsx,Selected Food May 2026,20,4,D20
2025-05-01,2026-05-01,GROUNDNUTS_ROASTED_75CL,"Groundnuts, roasted,75cl bottle","Groundnuts, roasted,75cl bottle",75 cl bottle,SPREADSHEET_LABEL,NATIONAL,Nigeria,2605.8510434332757,OK,YEAR_AGO,Average of May-25,FALSE,,1,Item Label,Selected_Food_Report_May 26.zip,selected food table May 26.xlsx,Selected Food May 2026,21,2,B21
2026-04-01,2026-05-01,GROUNDNUTS_ROASTED_75CL,"Groundnuts, roasted,75cl bottle","Groundnuts, roasted,75cl bottle",75 cl bottle,SPREADSHEET_LABEL,NATIONAL,Nigeria,2597.138010190979,OK,PRIOR_MONTH,Average of April-26,FALSE,,1,Item Label,Selected_Food_Report_May 26.zip,selected food table May 26.xlsx,Selected Food May 2026,21,3,C21
2026-05-01,2026-05-01,GROUNDNUTS_ROASTED_75CL,"Groundnuts, roasted,75cl bottle","Groundnuts, roasted,75cl bottle",75 cl bottle,SPREADSHEET_LABEL,NATIONAL,Nigeria,2600.2186511810123,OK,CURRENT_MONTH,Average of May-26,TRUE,,1,Item Label,Selected_Food_Report_May 26.zip,selected food table May 26.xlsx,Selected Food May 2026,21,4,D21
2025-05-01,2026-05-01,POTATO_IRISH,Irish Potatoe,Irish Potatoe,1 kg,NBS_REPORT_PDF,NATIONAL,Nigeria,2081.093364678997,OK,YEAR_AGO,Average of May-25,FALSE,,1,Item Label,Selected_Food_Report_May 26.zip,selected food table May 26.xlsx,Selected Food May 2026,22,2,B22
2026-04-01,2026-05-01,POTATO_IRISH,Irish Potatoe,Irish Potatoe,1 kg,NBS_REPORT_PDF,NATIONAL,Nigeria,2065.2388312014073,OK,PRIOR_MONTH,Average of April-26,FALSE,,1,Item Label,Selected_Food_Report_May 26.zip,selected food table May 26.xlsx,Selected Food May 2026,22,3,C22
2026-05-01,2026-05-01,POTATO_IRISH,Irish Potatoe,Irish Potatoe,1 kg,NBS_REPORT_PDF,NATIONAL,Nigeria,2104.0401382477553,OK,CURRENT_MONTH,Average of May-26,TRUE,,1,Item Label,Selected_Food_Report_May 26.zip,selected food table May 26.xlsx,Selected Food May 2026,22,4,D22
2025-05-01,2026-05-01,RICE_LOCAL_BROKEN,Local Rice (Broken),Local Rice (Broken),,,NATIONAL,Nigeria,2576.5995316525646,OK,YEAR_AGO,Average of May-25,FALSE,,1,Item Label,Selected_Food_Report_May 26.zip,selected food table May 26.xlsx,Selected Food May 2026,23,2,B23
2026-04-01,2026-05-01,RICE_LOCAL_BROKEN,Local Rice (Broken),Local Rice (Broken),,,NATIONAL,Nigeria,2195.7801307373784,OK,PRIOR_MONTH,Average of April-26,FALSE,,1,Item Label,Selected_Food_Report_May 26.zip,selected food table May 26.xlsx,Selected Food May 2026,23,3,C23
2026-05-01,2026-05-01,RICE_LOCAL_BROKEN,Local Rice (Broken),Local Rice (Broken),,,NATIONAL,Nigeria,2208.078527792335,OK,CURRENT_MONTH,Average of May-26,TRUE,,1,Item Label,Selected_Food_Report_May 26.zip,selected food table May 26.xlsx,Selected Food May 2026,23,4,D23
2025-05-01,2026-05-01,FISH_MACKEREL_FROZEN,"Mackerel, Frozen","Mackerel, Frozen",,,NATIONAL,Nigeria,5466.1949008716365,OK,YEAR_AGO,Average of May-25,FALSE,,1,Item Label,Selected_Food_Report_May 26.zip,selected food table May 26.xlsx,Selected Food May 2026,24,2,B24
2026-04-01,2026-05-01,FISH_MACKEREL_FROZEN,"Mackerel, Frozen","Mackerel, Frozen",,,NATIONAL,Nigeria,5817.1579525233565,OK,PRIOR_MONTH,Average of April-26,FALSE,,1,Item Label,Selected_Food_Report_May 26.zip,selected food table May 26.xlsx,Selected Food May 2026,24,3,C24
2026-05-01,2026-05-01,FISH_MACKEREL_FROZEN,"Mackerel, Frozen","Mackerel, Frozen",,,NATIONAL,Nigeria,5834.952448992669,OK,CURRENT_MONTH,Average of May-26,TRUE,,1,Item Label,Selected_Food_Report_May 26.zip,selected food table May 26.xlsx,Selected Food May 2026,24,4,D24
2025-05-01,2026-05-01,MAIZE_GRAIN_WHITE_LOOSE,Maize (Corn) Grains (White) sold loose,Maize (Corn) Grains (White) sold loose,1 kg,NBS_REPORT_PDF,NATIONAL,Nigeria,1216.5508678938475,OK,YEAR_AGO,Average of May-25,FALSE,,1,Item Label,Selected_Food_Report_May 26.zip,selected food table May 26.xlsx,Selected Food May 2026,25,2,B25
2026-04-01,2026-05-01,MAIZE_GRAIN_WHITE_LOOSE,Maize (Corn) Grains (White) sold loose,Maize (Corn) Grains (White) sold loose,1 kg,NBS_REPORT_PDF,NATIONAL,Nigeria,811.3322285245588,OK,PRIOR_MONTH,Average of April-26,FALSE,,1,Item Label,Selected_Food_Report_May 26.zip,selected food table May 26.xlsx,Selected Food May 2026,25,3,C25
2026-05-01,2026-05-01,MAIZE_GRAIN_WHITE_LOOSE,Maize (Corn) Grains (White) sold loose,Maize (Corn) Grains (White) sold loose,1 kg,NBS_REPORT_PDF,NATIONAL,Nigeria,815.8250150106671,OK,CURRENT_MONTH,Average of May-26,TRUE,,1,Item Label,Selected_Food_Report_May 26.zip,selected food table May 26.xlsx,Selected Food May 2026,25,4,D25
2025-05-01,2026-05-01,ONIONS_FRESH,"Onions, fresh","Onions, fresh",1 kg,NBS_REPORT_PDF,NATIONAL,Nigeria,1607.3794757928383,OK,YEAR_AGO,Average of May-25,FALSE,,1,Item Label,Selected_Food_Report_May 26.zip,selected food table May 26.xlsx,Selected Food May 2026,26,2,B26
2026-04-01,2026-05-01,ONIONS_FRESH,"Onions, fresh","Onions, fresh",1 kg,NBS_REPORT_PDF,NATIONAL,Nigeria,1164.387848108438,OK,PRIOR_MONTH,Average of April-26,FALSE,,1,Item Label,Selected_Food_Report_May 26.zip,selected food table May 26.xlsx,Selected Food May 2026,26,3,C26
2026-05-01,2026-05-01,ONIONS_FRESH,"Onions, fresh","Onions, fresh",1 kg,NBS_REPORT_PDF,NATIONAL,Nigeria,1180.0105691410638,OK,CURRENT_MONTH,Average of May-26,TRUE,,1,Item Label,Selected_Food_Report_May 26.zip,selected food table May 26.xlsx,Selected Food May 2026,26,4,D26
2025-05-01,2026-05-01,PALM_OIL_75CL,"Palm oil, 75cl","Palm oil, 75cl",75 cl,SPREADSHEET_LABEL,NATIONAL,Nigeria,2475.08091840505,OK,YEAR_AGO,Average of May-25,FALSE,,1,Item Label,Selected_Food_Report_May 26.zip,selected food table May 26.xlsx,Selected Food May 2026,27,2,B27
2026-04-01,2026-05-01,PALM_OIL_75CL,"Palm oil, 75cl","Palm oil, 75cl",75 cl,SPREADSHEET_LABEL,NATIONAL,Nigeria,2396.322748551216,OK,PRIOR_MONTH,Average of April-26,FALSE,,1,Item Label,Selected_Food_Report_May 26.zip,selected food table May 26.xlsx,Selected Food May 2026,27,3,C27
2026-05-01,2026-05-01,PALM_OIL_75CL,"Palm oil, 75cl","Palm oil, 75cl",75 cl,SPREADSHEET_LABEL,NATIONAL,Nigeria,2396.6156775260065,OK,CURRENT_MONTH,Average of May-26,TRUE,,1,Item Label,Selected_Food_Report_May 26.zip,selected food table May 26.xlsx,Selected Food May 2026,27,4,D27
2025-05-01,2026-05-01,PLANTAIN_RIPE,Plantain (ripe),Plantain (ripe),,,NATIONAL,Nigeria,2079.840307325534,OK,YEAR_AGO,Average of May-25,FALSE,,1,Item Label,Selected_Food_Report_May 26.zip,selected food table May 26.xlsx,Selected Food May 2026,28,2,B28
2026-04-01,2026-05-01,PLANTAIN_RIPE,Plantain (ripe),Plantain (ripe),,,NATIONAL,Nigeria,2159.9638268981807,OK,PRIOR_MONTH,Average of April-26,FALSE,,1,Item Label,Selected_Food_Report_May 26.zip,selected food table May 26.xlsx,Selected Food May 2026,28,3,C28
2026-05-01,2026-05-01,PLANTAIN_RIPE,Plantain (ripe),Plantain (ripe),,,NATIONAL,Nigeria,2210.2414542014667,OK,CURRENT_MONTH,Average of May-26,TRUE,,1,Item Label,Selected_Food_Report_May 26.zip,selected food table May 26.xlsx,Selected Food May 2026,28,4,D28
2025-05-01,2026-05-01,PLANTAIN_UNRIPE,Plantain (unripe),Plantain (unripe),,,NATIONAL,Nigeria,2307.6407699461543,OK,YEAR_AGO,Average of May-25,FALSE,,1,Item Label,Selected_Food_Report_May 26.zip,selected food table May 26.xlsx,Selected Food May 2026,29,2,B29
2026-04-01,2026-05-01,PLANTAIN_UNRIPE,Plantain (unripe),Plantain (unripe),,,NATIONAL,Nigeria,2202.153513700148,OK,PRIOR_MONTH,Average of April-26,FALSE,,1,Item Label,Selected_Food_Report_May 26.zip,selected food table May 26.xlsx,Selected Food May 2026,29,3,C29
2026-05-01,2026-05-01,PLANTAIN_UNRIPE,Plantain (unripe),Plantain (unripe),,,NATIONAL,Nigeria,2256.90977911934,OK,CURRENT_MONTH,Average of May-26,TRUE,,1,Item Label,Selected_Food_Report_May 26.zip,selected food table May 26.xlsx,Selected Food May 2026,29,4,D29
2025-05-01,2026-05-01,RICE_LOCAL_SHORT_GRAIN,"Rice Local, short-Grained","Rice Local, short-Grained",1 kg,NBS_REPORT_PDF,NATIONAL,Nigeria,2095.289293980627,OK,YEAR_AGO,Average of May-25,FALSE,,1,Item Label,Selected_Food_Report_May 26.zip,selected food table May 26.xlsx,Selected Food May 2026,30,2,B30
2026-04-01,2026-05-01,RICE_LOCAL_SHORT_GRAIN,"Rice Local, short-Grained","Rice Local, short-Grained",1 kg,NBS_REPORT_PDF,NATIONAL,Nigeria,1893.4376473349278,OK,PRIOR_MONTH,Average of April-26,FALSE,,1,Item Label,Selected_Food_Report_May 26.zip,selected food table May 26.xlsx,Selected Food May 2026,30,3,C30
2026-05-01,2026-05-01,RICE_LOCAL_SHORT_GRAIN,"Rice Local, short-Grained","Rice Local, short-Grained",1 kg,NBS_REPORT_PDF,NATIONAL,Nigeria,1905.4312487370357,OK,CURRENT_MONTH,Average of May-26,TRUE,,1,Item Label,Selected_Food_Report_May 26.zip,selected food table May 26.xlsx,Selected Food May 2026,30,4,D30
2025-05-01,2026-05-01,RICE_IMPORTED_LONG_GRAIN,Rice Long-Grained (Imported),Rice Long-Grained (Imported),,,NATIONAL,Nigeria,2604.687331911487,OK,YEAR_AGO,Average of May-25,FALSE,,1,Item Label,Selected_Food_Report_May 26.zip,selected food table May 26.xlsx,Selected Food May 2026,31,2,B31
2026-04-01,2026-05-01,RICE_IMPORTED_LONG_GRAIN,Rice Long-Grained (Imported),Rice Long-Grained (Imported),,,NATIONAL,Nigeria,2233.7115588101046,OK,PRIOR_MONTH,Average of April-26,FALSE,,1,Item Label,Selected_Food_Report_May 26.zip,selected food table May 26.xlsx,Selected Food May 2026,31,3,C31
2026-05-01,2026-05-01,RICE_IMPORTED_LONG_GRAIN,Rice Long-Grained (Imported),Rice Long-Grained (Imported),,,NATIONAL,Nigeria,2245.6969804606533,OK,CURRENT_MONTH,Average of May-26,TRUE,,1,Item Label,Selected_Food_Report_May 26.zip,selected food table May 26.xlsx,Selected Food May 2026,31,4,D31
2025-05-01,2026-05-01,SEMOVITA_1KG,"Semovita, Prepacked (1kg)","Semovita, Prepacked (1kg)",1 kg,SPREADSHEET_LABEL,NATIONAL,Nigeria,2293.907862535843,OK,YEAR_AGO,Average of May-25,FALSE,,1,Item Label,Selected_Food_Report_May 26.zip,selected food table May 26.xlsx,Selected Food May 2026,32,2,B32
2026-04-01,2026-05-01,SEMOVITA_1KG,"Semovita, Prepacked (1kg)","Semovita, Prepacked (1kg)",1 kg,SPREADSHEET_LABEL,NATIONAL,Nigeria,2161.167302188671,OK,PRIOR_MONTH,Average of April-26,FALSE,,1,Item Label,Selected_Food_Report_May 26.zip,selected food table May 26.xlsx,Selected Food May 2026,32,3,C32
2026-05-01,2026-05-01,SEMOVITA_1KG,"Semovita, Prepacked (1kg)","Semovita, Prepacked (1kg)",1 kg,SPREADSHEET_LABEL,NATIONAL,Nigeria,2166.706589331522,OK,CURRENT_MONTH,Average of May-26,TRUE,,1,Item Label,Selected_Food_Report_May 26.zip,selected food table May 26.xlsx,Selected Food May 2026,32,4,D32
2025-05-01,2026-05-01,FISH_SMOKED_MACKEREL,Smoked fish (Mackerel),Smoked fish (Mackerel),,,NATIONAL,Nigeria,6064.739673619357,OK,YEAR_AGO,Average of May-25,FALSE,,1,Item Label,Selected_Food_Report_May 26.zip,selected food table May 26.xlsx,Selected Food May 2026,33,2,B33
2026-04-01,2026-05-01,FISH_SMOKED_MACKEREL,Smoked fish (Mackerel),Smoked fish (Mackerel),,,NATIONAL,Nigeria,6304.708322849441,OK,PRIOR_MONTH,Average of April-26,FALSE,,1,Item Label,Selected_Food_Report_May 26.zip,selected food table May 26.xlsx,Selected Food May 2026,33,3,C33
2026-05-01,2026-05-01,FISH_SMOKED_MACKEREL,Smoked fish (Mackerel),Smoked fish (Mackerel),,,NATIONAL,Nigeria,6321.173482278503,OK,CURRENT_MONTH,Average of May-26,TRUE,,1,Item Label,Selected_Food_Report_May 26.zip,selected food table May 26.xlsx,Selected Food May 2026,33,4,D33
2025-05-01,2026-05-01,POTATO_SWEET,Sweet potatoes,Sweet potatoes,,,NATIONAL,Nigeria,1045.0330238530312,OK,YEAR_AGO,Average of May-25,FALSE,,1,Item Label,Selected_Food_Report_May 26.zip,selected food table May 26.xlsx,Selected Food May 2026,34,2,B34
2026-04-01,2026-05-01,POTATO_SWEET,Sweet potatoes,Sweet potatoes,,,NATIONAL,Nigeria,844.2952064822684,OK,PRIOR_MONTH,Average of April-26,FALSE,,1,Item Label,Selected_Food_Report_May 26.zip,selected food table May 26.xlsx,Selected Food May 2026,34,3,C34
2026-05-01,2026-05-01,POTATO_SWEET,Sweet potatoes,Sweet potatoes,,,NATIONAL,Nigeria,862.2530706661815,OK,CURRENT_MONTH,Average of May-26,TRUE,,1,Item Label,Selected_Food_Report_May 26.zip,selected food table May 26.xlsx,Selected Food May 2026,34,4,D34
2025-05-01,2026-05-01,FISH_TILAPIA_FRESH,Tilapia fresh fish (Epiya),Tilapia fresh fish (Epiya),,,NATIONAL,Nigeria,5557.975986147316,OK,YEAR_AGO,Average of May-25,FALSE,,1,Item Label,Selected_Food_Report_May 26.zip,selected food table May 26.xlsx,Selected Food May 2026,35,2,B35
2026-04-01,2026-05-01,FISH_TILAPIA_FRESH,Tilapia fresh fish (Epiya),Tilapia fresh fish (Epiya),,,NATIONAL,Nigeria,5885.781865113797,OK,PRIOR_MONTH,Average of April-26,FALSE,,1,Item Label,Selected_Food_Report_May 26.zip,selected food table May 26.xlsx,Selected Food May 2026,35,3,C35
2026-05-01,2026-05-01,FISH_TILAPIA_FRESH,Tilapia fresh fish (Epiya),Tilapia fresh fish (Epiya),,,NATIONAL,Nigeria,5894.839996791182,OK,CURRENT_MONTH,Average of May-26,TRUE,,1,Item Label,Selected_Food_Report_May 26.zip,selected food table May 26.xlsx,Selected Food May 2026,35,4,D35
2025-05-01,2026-05-01,MILK_EVAP_PEAK_150G,"Tin Milk-Evaporated, Peak Milk, 150g","Tin Milk-Evaporated, Peak Milk, 150g",150 g,SPREADSHEET_LABEL,NATIONAL,Nigeria,1011.7469640669237,OK,YEAR_AGO,Average of May-25,FALSE,,1,Item Label,Selected_Food_Report_May 26.zip,selected food table May 26.xlsx,Selected Food May 2026,36,2,B36
2026-04-01,2026-05-01,MILK_EVAP_PEAK_150G,"Tin Milk-Evaporated, Peak Milk, 150g","Tin Milk-Evaporated, Peak Milk, 150g",150 g,SPREADSHEET_LABEL,NATIONAL,Nigeria,1055.154362656538,OK,PRIOR_MONTH,Average of April-26,FALSE,,1,Item Label,Selected_Food_Report_May 26.zip,selected food table May 26.xlsx,Selected Food May 2026,36,3,C36
2026-05-01,2026-05-01,MILK_EVAP_PEAK_150G,"Tin Milk-Evaporated, Peak Milk, 150g","Tin Milk-Evaporated, Peak Milk, 150g",150 g,SPREADSHEET_LABEL,NATIONAL,Nigeria,1057.9688272021003,OK,CURRENT_MONTH,Average of May-26,TRUE,,1,Item Label,Selected_Food_Report_May 26.zip,selected food table May 26.xlsx,Selected Food May 2026,36,4,D36
2025-05-01,2026-05-01,MILK_EVAP_THREECROWN_160G,"Tin Milk-Evaporated, Three Crown Milk, 160g","Tin Milk-Evaporated, Three Crown Milk, 160g",160 g,SPREADSHEET_LABEL,NATIONAL,Nigeria,906.0829505159229,OK,YEAR_AGO,Average of May-25,FALSE,,1,Item Label,Selected_Food_Report_May 26.zip,selected food table May 26.xlsx,Selected Food May 2026,37,2,B37
2026-04-01,2026-05-01,MILK_EVAP_THREECROWN_160G,"Tin Milk-Evaporated, Three Crown Milk, 160g","Tin Milk-Evaporated, Three Crown Milk, 160g",160 g,SPREADSHEET_LABEL,NATIONAL,Nigeria,936.7018974208937,OK,PRIOR_MONTH,Average of April-26,FALSE,,1,Item Label,Selected_Food_Report_May 26.zip,selected food table May 26.xlsx,Selected Food May 2026,37,3,C37
2026-05-01,2026-05-01,MILK_EVAP_THREECROWN_160G,"Tin Milk-Evaporated, Three Crown Milk, 160g","Tin Milk-Evaporated, Three Crown Milk, 160g",160 g,SPREADSHEET_LABEL,NATIONAL,Nigeria,938.0713965665612,OK,CURRENT_MONTH,Average of May-26,TRUE,,1,Item Label,Selected_Food_Report_May 26.zip,selected food table May 26.xlsx,Selected Food May 2026,37,4,D37
2025-05-01,2026-05-01,FISH_TITUS_FROZEN,"Titus, frozen","Titus, frozen",,,NATIONAL,Nigeria,6076.519664913661,OK,YEAR_AGO,Average of May-25,FALSE,,1,Item Label,Selected_Food_Report_May 26.zip,selected food table May 26.xlsx,Selected Food May 2026,38,2,B38
2026-04-01,2026-05-01,FISH_TITUS_FROZEN,"Titus, frozen","Titus, frozen",,,NATIONAL,Nigeria,6416.582932406275,OK,PRIOR_MONTH,Average of April-26,FALSE,,1,Item Label,Selected_Food_Report_May 26.zip,selected food table May 26.xlsx,Selected Food May 2026,38,3,C38
2026-05-01,2026-05-01,FISH_TITUS_FROZEN,"Titus, frozen","Titus, frozen",,,NATIONAL,Nigeria,7739.31131255172,OK,CURRENT_MONTH,Average of May-26,TRUE,,1,Item Label,Selected_Food_Report_May 26.zip,selected food table May 26.xlsx,Selected Food May 2026,38,4,D38
2025-05-01,2026-05-01,TOMATOES_FRESH,"Tomatoes, fresh","Tomatoes, fresh",1 kg,NBS_REPORT_PDF,NATIONAL,Nigeria,1392.7107193307363,OK,YEAR_AGO,Average of May-25,FALSE,,1,Item Label,Selected_Food_Report_May 26.zip,selected food table May 26.xlsx,Selected Food May 2026,39,2,B39
2026-04-01,2026-05-01,TOMATOES_FRESH,"Tomatoes, fresh","Tomatoes, fresh",1 kg,NBS_REPORT_PDF,NATIONAL,Nigeria,1177.9212724226147,OK,PRIOR_MONTH,Average of April-26,FALSE,,1,Item Label,Selected_Food_Report_May 26.zip,selected food table May 26.xlsx,Selected Food May 2026,39,3,C39
2026-05-01,2026-05-01,TOMATOES_FRESH,"Tomatoes, fresh","Tomatoes, fresh",1 kg,NBS_REPORT_PDF,NATIONAL,Nigeria,1560.5582277761139,OK,CURRENT_MONTH,Average of May-26,TRUE,,1,Item Label,Selected_Food_Report_May 26.zip,selected food table May 26.xlsx,Selected Food May 2026,39,4,D39
2025-05-01,2026-05-01,VEG_OIL_75CL,"Vegetable Oil, 75cl","Vegetable Oil, 75cl",75 cl,SPREADSHEET_LABEL,NATIONAL,Nigeria,3347.4881740083824,OK,YEAR_AGO,Average of May-25,FALSE,,1,Item Label,Selected_Food_Report_May 26.zip,selected food table May 26.xlsx,Selected Food May 2026,40,2,B40
2026-04-01,2026-05-01,VEG_OIL_75CL,"Vegetable Oil, 75cl","Vegetable Oil, 75cl",75 cl,SPREADSHEET_LABEL,NATIONAL,Nigeria,3253.3521792691417,OK,PRIOR_MONTH,Average of April-26,FALSE,,1,Item Label,Selected_Food_Report_May 26.zip,selected food table May 26.xlsx,Selected Food May 2026,40,3,C40
2026-05-01,2026-05-01,VEG_OIL_75CL,"Vegetable Oil, 75cl","Vegetable Oil, 75cl",75 cl,SPREADSHEET_LABEL,NATIONAL,Nigeria,3263.496155366526,OK,CURRENT_MONTH,Average of May-26,TRUE,,1,Item Label,Selected_Food_Report_May 26.zip,selected food table May 26.xlsx,Selected Food May 2026,40,4,D40
2025-05-01,2026-05-01,WATERMELON_WHOLE,"Watermelon whole, medium size fresh","Watermelon whole, medium size fresh",,,NATIONAL,Nigeria,2078.4978315296826,OK,YEAR_AGO,Average of May-25,FALSE,,1,Item Label,Selected_Food_Report_May 26.zip,selected food table May 26.xlsx,Selected Food May 2026,41,2,B41
2026-04-01,2026-05-01,WATERMELON_WHOLE,"Watermelon whole, medium size fresh","Watermelon whole, medium size fresh",,,NATIONAL,Nigeria,2079.2379619594726,OK,PRIOR_MONTH,Average of April-26,FALSE,,1,Item Label,Selected_Food_Report_May 26.zip,selected food table May 26.xlsx,Selected Food May 2026,41,3,C41
2026-05-01,2026-05-01,WATERMELON_WHOLE,"Watermelon whole, medium size fresh","Watermelon whole, medium size fresh",,,NATIONAL,Nigeria,2085.60512980831,OK,CURRENT_MONTH,Average of May-26,TRUE,,1,Item Label,Selected_Food_Report_May 26.zip,selected food table May 26.xlsx,Selected Food May 2026,41,4,D41
2025-05-01,2026-05-01,WHEAT_FLOUR_2KG,"Wheat Flour, Prepacked (2kg)","Wheat Flour, Prepacked (2kg)",2 kg,SPREADSHEET_LABEL,NATIONAL,Nigeria,4185.545277589043,OK,YEAR_AGO,Average of May-25,FALSE,,1,Item Label,Selected_Food_Report_May 26.zip,selected food table May 26.xlsx,Selected Food May 2026,42,2,B42
2026-04-01,2026-05-01,WHEAT_FLOUR_2KG,"Wheat Flour, Prepacked (2kg)","Wheat Flour, Prepacked (2kg)",2 kg,SPREADSHEET_LABEL,NATIONAL,Nigeria,3666.5125632119384,OK,PRIOR_MONTH,Average of April-26,FALSE,,1,Item Label,Selected_Food_Report_May 26.zip,selected food table May 26.xlsx,Selected Food May 2026,42,3,C42
2026-05-01,2026-05-01,WHEAT_FLOUR_2KG,"Wheat Flour, Prepacked (2kg)","Wheat Flour, Prepacked (2kg)",2 kg,SPREADSHEET_LABEL,NATIONAL,Nigeria,3672.9364600018134,OK,CURRENT_MONTH,Average of May-26,TRUE,,1,Item Label,Selected_Food_Report_May 26.zip,selected food table May 26.xlsx,Selected Food May 2026,42,4,D42
2025-05-01,2026-05-01,YAM_TUBER,Yam Tuber,Yam Tuber,1 kg,NBS_REPORT_PDF,NATIONAL,Nigeria,2375.3986192037783,OK,YEAR_AGO,Average of May-25,FALSE,,1,Item Label,Selected_Food_Report_May 26.zip,selected food table May 26.xlsx,Selected Food May 2026,43,2,B43
2026-04-01,2026-05-01,YAM_TUBER,Yam Tuber,Yam Tuber,1 kg,NBS_REPORT_PDF,NATIONAL,Nigeria,2218.4593732075145,OK,PRIOR_MONTH,Average of April-26,FALSE,,1,Item Label,Selected_Food_Report_May 26.zip,selected food table May 26.xlsx,Selected Food May 2026,43,3,C43
2026-05-01,2026-05-01,YAM_TUBER,Yam Tuber,Yam Tuber,1 kg,NBS_REPORT_PDF,NATIONAL,Nigeria,2347.086737657898,OK,CURRENT_MONTH,Average of May-26,TRUE,,1,Item Label,Selected_Food_Report_May 26.zip,selected food table May 26.xlsx,Selected Food May 2026,43,4,D43
2024-05-01,2025-05-01,EGG_AGRIC,"Agric hen eggs,","Agric hen eggs,",,,NATIONAL,Nigeria,160.31,OK,YEAR_AGO,Average of May-24,FALSE,,1,Item Label,Selected_Food_Report_May_2025.zip,selected_food_table_May-25.xlsx,Selected Food May 2025,2,2,B2
2025-04-01,2025-05-01,EGG_AGRIC,"Agric hen eggs,","Agric hen eggs,",,,NATIONAL,Nigeria,259.31615245998495,OK,PRIOR_MONTH,Average of Apr-25,FALSE,,1,Item Label,Selected_Food_Report_May_2025.zip,selected_food_table_May-25.xlsx,Selected Food May 2025,2,3,C2
2025-05-01,2025-05-01,EGG_AGRIC,"Agric hen eggs,","Agric hen eggs,",,,NATIONAL,Nigeria,265.72525010413347,OK,CURRENT_MONTH,Average of May-25,TRUE,,1,Item Label,Selected_Food_Report_May_2025.zip,selected_food_table_May-25.xlsx,Selected Food May 2025,2,4,D2
2024-05-01,2025-05-01,EGG_AGRIC_CRATE30,"Agric hen eggs, (a Crate of 30 pieces)","Agric hen eggs, (a Crate of 30 pieces)",1 crate of 30 pieces,SPREADSHEET_LABEL,NATIONAL,Nigeria,,NOT_REPORTED,YEAR_AGO,Average of May-24,FALSE,,1,Item Label,Selected_Food_Report_May_2025.zip,selected_food_table_May-25.xlsx,Selected Food May 2025,3,2,B3
2025-04-01,2025-05-01,EGG_AGRIC_CRATE30,"Agric hen eggs, (a Crate of 30 pieces)","Agric hen eggs, (a Crate of 30 pieces)",1 crate of 30 pieces,SPREADSHEET_LABEL,NATIONAL,Nigeria,6281.5294234234225,OK,PRIOR_MONTH,Average of Apr-25,FALSE,,1,Item Label,Selected_Food_Report_May_2025.zip,selected_food_table_May-25.xlsx,Selected Food May 2025,3,3,C3
2025-05-01,2025-05-01,EGG_AGRIC_CRATE30,"Agric hen eggs, (a Crate of 30 pieces)","Agric hen eggs, (a Crate of 30 pieces)",1 crate of 30 pieces,SPREADSHEET_LABEL,NATIONAL,Nigeria,6263.915591640825,OK,CURRENT_MONTH,Average of May-25,TRUE,,1,Item Label,Selected_Food_Report_May_2025.zip,selected_food_table_May-25.xlsx,Selected Food May 2025,3,4,D3
2024-05-01,2025-05-01,BEANS_BROWN,Beans Brown,Beans Brown,1 kg,NBS_REPORT_PDF,NATIONAL,Nigeria,2009.22607976258,OK,YEAR_AGO,Average of May-24,FALSE,,1,Item Label,Selected_Food_Report_May_2025.zip,selected_food_table_May-25.xlsx,Selected Food May 2025,4,2,B4
2025-04-01,2025-05-01,BEANS_BROWN,Beans Brown,Beans Brown,1 kg,NBS_REPORT_PDF,NATIONAL,Nigeria,2429.3885720073285,OK,PRIOR_MONTH,Average of Apr-25,FALSE,,1,Item Label,Selected_Food_Report_May_2025.zip,selected_food_table_May-25.xlsx,Selected Food May 2025,4,3,C4
2025-05-01,2025-05-01,BEANS_BROWN,Beans Brown,Beans Brown,1 kg,NBS_REPORT_PDF,NATIONAL,Nigeria,2385.151862935156,OK,CURRENT_MONTH,Average of May-25,TRUE,,1,Item Label,Selected_Food_Report_May_2025.zip,selected_food_table_May-25.xlsx,Selected Food May 2025,4,4,D4
2024-05-01,2025-05-01,BEANS_WHITE,Beans white,Beans white,,,NATIONAL,Nigeria,1847.8369188767354,OK,YEAR_AGO,Average of May-24,FALSE,,1,Item Label,Selected_Food_Report_May_2025.zip,selected_food_table_May-25.xlsx,Selected Food May 2025,5,2,B5
2025-04-01,2025-05-01,BEANS_WHITE,Beans white,Beans white,,,NATIONAL,Nigeria,2097.309931445076,OK,PRIOR_MONTH,Average of Apr-25,FALSE,,1,Item Label,Selected_Food_Report_May_2025.zip,selected_food_table_May-25.xlsx,Selected Food May 2025,5,3,C5
2025-05-01,2025-05-01,BEANS_WHITE,Beans white,Beans white,,,NATIONAL,Nigeria,2040.508123180201,OK,CURRENT_MONTH,Average of May-25,TRUE,,1,Item Label,Selected_Food_Report_May_2025.zip,selected_food_table_May-25.xlsx,Selected Food May 2025,5,4,D5
2024-05-01,2025-05-01,BEEF_BONELESS,Beef Boneless,Beef Boneless,1 kg,NBS_REPORT_PDF,NATIONAL,Nigeria,5137.5246472997505,OK,YEAR_AGO,Average of May-24,FALSE,,1,Item Label,Selected_Food_Report_May_2025.zip,selected_food_table_May-25.xlsx,Selected Food May 2025,6,2,B6
2025-04-01,2025-05-01,BEEF_BONELESS,Beef Boneless,Beef Boneless,1 kg,NBS_REPORT_PDF,NATIONAL,Nigeria,6544.536858449178,OK,PRIOR_MONTH,Average of Apr-25,FALSE,,1,Item Label,Selected_Food_Report_May_2025.zip,selected_food_table_May-25.xlsx,Selected Food May 2025,6,3,C6
2025-05-01,2025-05-01,BEEF_BONELESS,Beef Boneless,Beef Boneless,1 kg,NBS_REPORT_PDF,NATIONAL,Nigeria,6662.924661994583,OK,CURRENT_MONTH,Average of May-25,TRUE,,1,Item Label,Selected_Food_Report_May_2025.zip,selected_food_table_May-25.xlsx,Selected Food May 2025,6,4,D6
2024-05-01,2025-05-01,BREAD_SLICED_450G,"Bread (sliced), 450g","Bread (sliced), 450g",450 g,SPREADSHEET_LABEL,NATIONAL,Nigeria,,NOT_REPORTED,YEAR_AGO,Average of May-24,FALSE,,1,Item Label,Selected_Food_Report_May_2025.zip,selected_food_table_May-25.xlsx,Selected Food May 2025,7,2,B7
2025-04-01,2025-05-01,BREAD_SLICED_450G,"Bread (sliced), 450g","Bread (sliced), 450g",450 g,SPREADSHEET_LABEL,NATIONAL,Nigeria,1688.3998457337566,OK,PRIOR_MONTH,Average of Apr-25,FALSE,,1,Item Label,Selected_Food_Report_May_2025.zip,selected_food_table_May-25.xlsx,Selected Food May 2025,7,3,C7
2025-05-01,2025-05-01,BREAD_SLICED_450G,"Bread (sliced), 450g","Bread (sliced), 450g",450 g,SPREADSHEET_LABEL,NATIONAL,Nigeria,1657.5872954082151,OK,CURRENT_MONTH,Average of May-25,TRUE,,1,Item Label,Selected_Food_Report_May_2025.zip,selected_food_table_May-25.xlsx,Selected Food May 2025,7,4,D7
2024-05-01,2025-05-01,BREAD_UNSLICED_450G,"Bread (unsliced), 450g","Bread (unsliced), 450g",450 g,SPREADSHEET_LABEL,NATIONAL,Nigeria,,NOT_REPORTED,YEAR_AGO,Average of May-24,FALSE,,1,Item Label,Selected_Food_Report_May_2025.zip,selected_food_table_May-25.xlsx,Selected Food May 2025,8,2,B8
2025-04-01,2025-05-01,BREAD_UNSLICED_450G,"Bread (unsliced), 450g","Bread (unsliced), 450g",450 g,SPREADSHEET_LABEL,NATIONAL,Nigeria,1547.5179018417966,OK,PRIOR_MONTH,Average of Apr-25,FALSE,,1,Item Label,Selected_Food_Report_May_2025.zip,selected_food_table_May-25.xlsx,Selected Food May 2025,8,3,C8
2025-05-01,2025-05-01,BREAD_UNSLICED_450G,"Bread (unsliced), 450g","Bread (unsliced), 450g",450 g,SPREADSHEET_LABEL,NATIONAL,Nigeria,1556.0566784842156,OK,CURRENT_MONTH,Average of May-25,TRUE,,1,Item Label,Selected_Food_Report_May_2025.zip,selected_food_table_May-25.xlsx,Selected Food May 2025,8,4,D8
2024-05-01,2025-05-01,CARROTS_FRESH,"Carrots, fresh","Carrots, fresh",1 kg,NBS_REPORT_PDF,NATIONAL,Nigeria,,NOT_REPORTED,YEAR_AGO,Average of May-24,FALSE,,1,Item Label,Selected_Food_Report_May_2025.zip,selected_food_table_May-25.xlsx,Selected Food May 2025,9,2,B9
2025-04-01,2025-05-01,CARROTS_FRESH,"Carrots, fresh","Carrots, fresh",1 kg,NBS_REPORT_PDF,NATIONAL,Nigeria,1931.3178570403522,OK,PRIOR_MONTH,Average of Apr-25,FALSE,,1,Item Label,Selected_Food_Report_May_2025.zip,selected_food_table_May-25.xlsx,Selected Food May 2025,9,3,C9
2025-05-01,2025-05-01,CARROTS_FRESH,"Carrots, fresh","Carrots, fresh",1 kg,NBS_REPORT_PDF,NATIONAL,Nigeria,1911.6871622141748,OK,CURRENT_MONTH,Average of May-25,TRUE,,1,Item Label,Selected_Food_Report_May_2025.zip,selected_food_table_May-25.xlsx,Selected Food May 2025,9,4,D9
2024-05-01,2025-05-01,FISH_CATFISH_FRESH,Cat fresh fish,Cat fresh fish,,,NATIONAL,Nigeria,3418.7316100762937,OK,YEAR_AGO,Average of May-24,FALSE,,1,Item Label,Selected_Food_Report_May_2025.zip,selected_food_table_May-25.xlsx,Selected Food May 2025,10,2,B10
2025-04-01,2025-05-01,FISH_CATFISH_FRESH,Cat fresh fish,Cat fresh fish,,,NATIONAL,Nigeria,5572.493422580557,OK,PRIOR_MONTH,Average of Apr-25,FALSE,,1,Item Label,Selected_Food_Report_May_2025.zip,selected_food_table_May-25.xlsx,Selected Food May 2025,10,3,C10
2025-05-01,2025-05-01,FISH_CATFISH_FRESH,Cat fresh fish,Cat fresh fish,,,NATIONAL,Nigeria,5613.435478702279,OK,CURRENT_MONTH,Average of May-25,TRUE,,1,Item Label,Selected_Food_Report_May_2025.zip,selected_food_table_May-25.xlsx,Selected Food May 2025,10,4,D10
2024-05-01,2025-05-01,CHICKEN_FEET,Chicken feet,Chicken feet,,,NATIONAL,Nigeria,2907.33214502364,OK,YEAR_AGO,Average of May-24,FALSE,,1,Item Label,Selected_Food_Report_May_2025.zip,selected_food_table_May-25.xlsx,Selected Food May 2025,11,2,B11
2025-04-01,2025-05-01,CHICKEN_FEET,Chicken feet,Chicken feet,,,NATIONAL,Nigeria,3502.6970441309572,OK,PRIOR_MONTH,Average of Apr-25,FALSE,,1,Item Label,Selected_Food_Report_May_2025.zip,selected_food_table_May-25.xlsx,Selected Food May 2025,11,3,C11
2025-05-01,2025-05-01,CHICKEN_FEET,Chicken feet,Chicken feet,,,NATIONAL,Nigeria,3506.125073141734,OK,CURRENT_MONTH,Average of May-25,TRUE,,1,Item Label,Selected_Food_Report_May_2025.zip,selected_food_table_May-25.xlsx,Selected Food May 2025,11,4,D11
2024-05-01,2025-05-01,CHICKEN_MEAT_FROZEN,Chicken meat (Frozen),Chicken meat (Frozen),,,NATIONAL,Nigeria,5032.0423171067105,OK,YEAR_AGO,Average of May-24,FALSE,,1,Item Label,Selected_Food_Report_May_2025.zip,selected_food_table_May-25.xlsx,Selected Food May 2025,12,2,B12
2025-04-01,2025-05-01,CHICKEN_MEAT_FROZEN,Chicken meat (Frozen),Chicken meat (Frozen),,,NATIONAL,Nigeria,5740.149243826533,OK,PRIOR_MONTH,Average of Apr-25,FALSE,,1,Item Label,Selected_Food_Report_May_2025.zip,selected_food_table_May-25.xlsx,Selected Food May 2025,12,3,C12
2025-05-01,2025-05-01,CHICKEN_MEAT_FROZEN,Chicken meat (Frozen),Chicken meat (Frozen),,,NATIONAL,Nigeria,5808.5200285604715,OK,CURRENT_MONTH,Average of May-25,TRUE,,1,Item Label,Selected_Food_Report_May_2025.zip,selected_food_table_May-25.xlsx,Selected Food May 2025,12,4,D12
2024-05-01,2025-05-01,CHICKEN_WINGS,Chicken Wings,Chicken Wings,,,NATIONAL,Nigeria,3561.639318630306,OK,YEAR_AGO,Average of May-24,FALSE,,1,Item Label,Selected_Food_Report_May_2025.zip,selected_food_table_May-25.xlsx,Selected Food May 2025,13,2,B13
2025-04-01,2025-05-01,CHICKEN_WINGS,Chicken Wings,Chicken Wings,,,NATIONAL,Nigeria,4771.9236733382295,OK,PRIOR_MONTH,Average of Apr-25,FALSE,,1,Item Label,Selected_Food_Report_May_2025.zip,selected_food_table_May-25.xlsx,Selected Food May 2025,13,3,C13
2025-05-01,2025-05-01,CHICKEN_WINGS,Chicken Wings,Chicken Wings,,,NATIONAL,Nigeria,4831.508880989896,OK,CURRENT_MONTH,Average of May-25,TRUE,,1,Item Label,Selected_Food_Report_May_2025.zip,selected_food_table_May-25.xlsx,Selected Food May 2025,13,4,D13
2024-05-01,2025-05-01,CRAYFISH_SMALL_WHITE,Cray fish small white,Cray fish small white,1 kg,NBS_REPORT_PDF,NATIONAL,Nigeria,,NOT_REPORTED,YEAR_AGO,Average of May-24,FALSE,,1,Item Label,Selected_Food_Report_May_2025.zip,selected_food_table_May-25.xlsx,Selected Food May 2025,14,2,B14
2025-04-01,2025-05-01,CRAYFISH_SMALL_WHITE,Cray fish small white,Cray fish small white,1 kg,NBS_REPORT_PDF,NATIONAL,Nigeria,6655.661528806915,OK,PRIOR_MONTH,Average of Apr-25,FALSE,,1,Item Label,Selected_Food_Report_May_2025.zip,selected_food_table_May-25.xlsx,Selected Food May 2025,14,3,C14
2025-05-01,2025-05-01,CRAYFISH_SMALL_WHITE,Cray fish small white,Cray fish small white,1 kg,NBS_REPORT_PDF,NATIONAL,Nigeria,8046.835984100141,OK,CURRENT_MONTH,Average of May-25,TRUE,,1,Item Label,Selected_Food_Report_May_2025.zip,selected_food_table_May-25.xlsx,Selected Food May 2025,14,4,D14
2024-05-01,2025-05-01,FISH_DRIED_BONGA,"Dried fish, Bonga","Dried fish, Bonga",,,NATIONAL,Nigeria,,NOT_REPORTED,YEAR_AGO,Average of May-24,FALSE,,1,Item Label,Selected_Food_Report_May_2025.zip,selected_food_table_May-25.xlsx,Selected Food May 2025,15,2,B15
2025-04-01,2025-05-01,FISH_DRIED_BONGA,"Dried fish, Bonga","Dried fish, Bonga",,,NATIONAL,Nigeria,6657.742776414057,OK,PRIOR_MONTH,Average of Apr-25,FALSE,,1,Item Label,Selected_Food_Report_May_2025.zip,selected_food_table_May-25.xlsx,Selected Food May 2025,15,3,C15
2025-05-01,2025-05-01,FISH_DRIED_BONGA,"Dried fish, Bonga","Dried fish, Bonga",,,NATIONAL,Nigeria,6703.079156122976,OK,CURRENT_MONTH,Average of May-25,TRUE,,1,Item Label,Selected_Food_Report_May_2025.zip,selected_food_table_May-25.xlsx,Selected Food May 2025,15,4,D15
2024-05-01,2025-05-01,GARRI_WHITE,Garri white,Garri white,1 kg,NBS_REPORT_PDF,NATIONAL,Nigeria,1114.71965803169,OK,YEAR_AGO,Average of May-24,FALSE,,1,Item Label,Selected_Food_Report_May_2025.zip,selected_food_table_May-25.xlsx,Selected Food May 2025,16,2,B16
2025-04-01,2025-05-01,GARRI_WHITE,Garri white,Garri white,1 kg,NBS_REPORT_PDF,NATIONAL,Nigeria,1345.0978505148996,OK,PRIOR_MONTH,Average of Apr-25,FALSE,,1,Item Label,Selected_Food_Report_May_2025.zip,selected_food_table_May-25.xlsx,Selected Food May 2025,16,3,C16
2025-05-01,2025-05-01,GARRI_WHITE,Garri white,Garri white,1 kg,NBS_REPORT_PDF,NATIONAL,Nigeria,1341.7898618019171,OK,CURRENT_MONTH,Average of May-25,TRUE,,1,Item Label,Selected_Food_Report_May_2025.zip,selected_food_table_May-25.xlsx,Selected Food May 2025,16,4,D16
2024-05-01,2025-05-01,GARRI_YELLOW,Garri Yellow,Garri Yellow,,,NATIONAL,Nigeria,1184.3451421132656,OK,YEAR_AGO,Average of May-24,FALSE,,1,Item Label,Selected_Food_Report_May_2025.zip,selected_food_table_May-25.xlsx,Selected Food May 2025,17,2,B17
2025-04-01,2025-05-01,GARRI_YELLOW,Garri Yellow,Garri Yellow,,,NATIONAL,Nigeria,1422.3398477023618,OK,PRIOR_MONTH,Average of Apr-25,FALSE,,1,Item Label,Selected_Food_Report_May_2025.zip,selected_food_table_May-25.xlsx,Selected Food May 2025,17,3,C17
2025-05-01,2025-05-01,GARRI_YELLOW,Garri Yellow,Garri Yellow,,,NATIONAL,Nigeria,1438.2574315410434,OK,CURRENT_MONTH,Average of May-25,TRUE,,1,Item Label,Selected_Food_Report_May_2025.zip,selected_food_table_May-25.xlsx,Selected Food May 2025,17,4,D17
2024-05-01,2025-05-01,GINGER_FRESH,"Ginger, fresh","Ginger, fresh",1 kg,NBS_REPORT_PDF,NATIONAL,Nigeria,,NOT_REPORTED,YEAR_AGO,Average of May-24,FALSE,,1,Item Label,Selected_Food_Report_May_2025.zip,selected_food_table_May-25.xlsx,Selected Food May 2025,18,2,B18
2025-04-01,2025-05-01,GINGER_FRESH,"Ginger, fresh","Ginger, fresh",1 kg,NBS_REPORT_PDF,NATIONAL,Nigeria,4970.658842575682,OK,PRIOR_MONTH,Average of Apr-25,FALSE,,1,Item Label,Selected_Food_Report_May_2025.zip,selected_food_table_May-25.xlsx,Selected Food May 2025,18,3,C18
2025-05-01,2025-05-01,GINGER_FRESH,"Ginger, fresh","Ginger, fresh",1 kg,NBS_REPORT_PDF,NATIONAL,Nigeria,5505.774794777313,OK,CURRENT_MONTH,Average of May-25,TRUE,,1,Item Label,Selected_Food_Report_May_2025.zip,selected_food_table_May-25.xlsx,Selected Food May 2025,18,4,D18
2024-05-01,2025-05-01,GOAT_MEAT_BONE_IN,Goat Meat Bone in,Goat Meat Bone in,,,NATIONAL,Nigeria,,NOT_REPORTED,YEAR_AGO,Average of May-24,FALSE,,1,Item Label,Selected_Food_Report_May_2025.zip,selected_food_table_May-25.xlsx,Selected Food May 2025,19,2,B19
2025-04-01,2025-05-01,GOAT_MEAT_BONE_IN,Goat Meat Bone in,Goat Meat Bone in,,,NATIONAL,Nigeria,6708.452752046177,OK,PRIOR_MONTH,Average of Apr-25,FALSE,,1,Item Label,Selected_Food_Report_May_2025.zip,selected_food_table_May-25.xlsx,Selected Food May 2025,19,3,C19
2025-05-01,2025-05-01,GOAT_MEAT_BONE_IN,Goat Meat Bone in,Goat Meat Bone in,,,NATIONAL,Nigeria,6710.944109953071,OK,CURRENT_MONTH,Average of May-25,TRUE,,1,Item Label,Selected_Food_Report_May_2025.zip,selected_food_table_May-25.xlsx,Selected Food May 2025,19,4,D19
2024-05-01,2025-05-01,GROUNDNUT_OIL_75CL,"Groundnut oil, 75cl","Groundnut oil, 75cl",75 cl,SPREADSHEET_LABEL,NATIONAL,Nigeria,,NOT_REPORTED,YEAR_AGO,Average of May-24,FALSE,,1,Item Label,Selected_Food_Report_May_2025.zip,selected_food_table_May-25.xlsx,Selected Food May 2025,20,2,B20
2025-04-01,2025-05-01,GROUNDNUT_OIL_75CL,"Groundnut oil, 75cl","Groundnut oil, 75cl",75 cl,SPREADSHEET_LABEL,NATIONAL,Nigeria,3250.319134382641,OK,PRIOR_MONTH,Average of Apr-25,FALSE,,1,Item Label,Selected_Food_Report_May_2025.zip,selected_food_table_May-25.xlsx,Selected Food May 2025,20,3,C20
2025-05-01,2025-05-01,GROUNDNUT_OIL_75CL,"Groundnut oil, 75cl","Groundnut oil, 75cl",75 cl,SPREADSHEET_LABEL,NATIONAL,Nigeria,3215.2685759093283,OK,CURRENT_MONTH,Average of May-25,TRUE,,1,Item Label,Selected_Food_Report_May_2025.zip,selected_food_table_May-25.xlsx,Selected Food May 2025,20,4,D20
2024-05-01,2025-05-01,GROUNDNUTS_ROASTED_75CL,"Groundnuts, roasted,75cl bottle","Groundnuts, roasted,75cl bottle",75 cl bottle,SPREADSHEET_LABEL,NATIONAL,Nigeria,,NOT_REPORTED,YEAR_AGO,Average of May-24,FALSE,,1,Item Label,Selected_Food_Report_May_2025.zip,selected_food_table_May-25.xlsx,Selected Food May 2025,21,2,B21
2025-04-01,2025-05-01,GROUNDNUTS_ROASTED_75CL,"Groundnuts, roasted,75cl bottle","Groundnuts, roasted,75cl bottle",75 cl bottle,SPREADSHEET_LABEL,NATIONAL,Nigeria,2545.7164478089503,OK,PRIOR_MONTH,Average of Apr-25,FALSE,,1,Item Label,Selected_Food_Report_May_2025.zip,selected_food_table_May-25.xlsx,Selected Food May 2025,21,3,C21
2025-05-01,2025-05-01,GROUNDNUTS_ROASTED_75CL,"Groundnuts, roasted,75cl bottle","Groundnuts, roasted,75cl bottle",75 cl bottle,SPREADSHEET_LABEL,NATIONAL,Nigeria,2605.8510434332757,OK,CURRENT_MONTH,Average of May-25,TRUE,,1,Item Label,Selected_Food_Report_May_2025.zip,selected_food_table_May-25.xlsx,Selected Food May 2025,21,4,D21
2024-05-01,2025-05-01,POTATO_IRISH,Irish Potatoe,Irish Potatoe,1 kg,NBS_REPORT_PDF,NATIONAL,Nigeria,1595.0680658841134,OK,YEAR_AGO,Average of May-24,FALSE,,1,Item Label,Selected_Food_Report_May_2025.zip,selected_food_table_May-25.xlsx,Selected Food May 2025,22,2,B22
2025-04-01,2025-05-01,POTATO_IRISH,Irish Potatoe,Irish Potatoe,1 kg,NBS_REPORT_PDF,NATIONAL,Nigeria,1948.6077123661707,OK,PRIOR_MONTH,Average of Apr-25,FALSE,,1,Item Label,Selected_Food_Report_May_2025.zip,selected_food_table_May-25.xlsx,Selected Food May 2025,22,3,C22
2025-05-01,2025-05-01,POTATO_IRISH,Irish Potatoe,Irish Potatoe,1 kg,NBS_REPORT_PDF,NATIONAL,Nigeria,2081.093364678997,OK,CURRENT_MONTH,Average of May-25,TRUE,,1,Item Label,Selected_Food_Report_May_2025.zip,selected_food_table_May-25.xlsx,Selected Food May 2025,22,4,D22
2024-05-01,2025-05-01,RICE_LOCAL_BROKEN,Local Rice (Broken),Local Rice (Broken),,,NATIONAL,Nigeria,,NOT_REPORTED,YEAR_AGO,Average of May-24,FALSE,,1,Item Label,Selected_Food_Report_May_2025.zip,selected_food_table_May-25.xlsx,Selected Food May 2025,23,2,B23
2025-04-01,2025-05-01,RICE_LOCAL_BROKEN,Local Rice (Broken),Local Rice (Broken),,,NATIONAL,Nigeria,2517.8856093511167,OK,PRIOR_MONTH,Average of Apr-25,FALSE,,1,Item Label,Selected_Food_Report_May_2025.zip,selected_food_table_May-25.xlsx,Selected Food May 2025,23,3,C23
2025-05-01,2025-05-01,RICE_LOCAL_BROKEN,Local Rice (Broken),Local Rice (Broken),,,NATIONAL,Nigeria,2576.5995316525646,OK,CURRENT_MONTH,Average of May-25,TRUE,,1,Item Label,Selected_Food_Report_May_2025.zip,selected_food_table_May-25.xlsx,Selected Food May 2025,23,4,D23
2024-05-01,2025-05-01,FISH_MACKEREL_FROZEN,"Mackerel, Frozen","Mackerel, Frozen",,,NATIONAL,Nigeria,3404.621822213926,OK,YEAR_AGO,Average of May-24,FALSE,,1,Item Label,Selected_Food_Report_May_2025.zip,selected_food_table_May-25.xlsx,Selected Food May 2025,24,2,B24
2025-04-01,2025-05-01,FISH_MACKEREL_FROZEN,"Mackerel, Frozen","Mackerel, Frozen",,,NATIONAL,Nigeria,5417.3963473999565,OK,PRIOR_MONTH,Average of Apr-25,FALSE,,1,Item Label,Selected_Food_Report_May_2025.zip,selected_food_table_May-25.xlsx,Selected Food May 2025,24,3,C24
2025-05-01,2025-05-01,FISH_MACKEREL_FROZEN,"Mackerel, Frozen","Mackerel, Frozen",,,NATIONAL,Nigeria,5466.1949008716365,OK,CURRENT_MONTH,Average of May-25,TRUE,,1,Item Label,Selected_Food_Report_May_2025.zip,selected_food_table_May-25.xlsx,Selected Food May 2025,24,4,D24
2024-05-01,2025-05-01,MAIZE_GRAIN_WHITE_LOOSE,Maize (Corn) Grains (White) sold loose,Maize (Corn) Grains (White) sold loose,1 kg,NBS_REPORT_PDF,NATIONAL,Nigeria,950.1584664328491,OK,YEAR_AGO,Average of May-24,FALSE,,1,Item Label,Selected_Food_Report_May_2025.zip,selected_food_table_May-25.xlsx,Selected Food May 2025,25,2,B25
2025-04-01,2025-05-01,MAIZE_GRAIN_WHITE_LOOSE,Maize (Corn) Grains (White) sold loose,Maize (Corn) Grains (White) sold loose,1 kg,NBS_REPORT_PDF,NATIONAL,Nigeria,1239.6096604979955,OK,PRIOR_MONTH,Average of Apr-25,FALSE,,1,Item Label,Selected_Food_Report_May_2025.zip,selected_food_table_May-25.xlsx,Selected Food May 2025,25,3,C25
2025-05-01,2025-05-01,MAIZE_GRAIN_WHITE_LOOSE,Maize (Corn) Grains (White) sold loose,Maize (Corn) Grains (White) sold loose,1 kg,NBS_REPORT_PDF,NATIONAL,Nigeria,1216.5508678938475,OK,CURRENT_MONTH,Average of May-25,TRUE,,1,Item Label,Selected_Food_Report_May_2025.zip,selected_food_table_May-25.xlsx,Selected Food May 2025,25,4,D25
2024-05-01,2025-05-01,ONIONS_FRESH,"Onions, fresh","Onions, fresh",1 kg,NBS_REPORT_PDF,NATIONAL,Nigeria,1168.9105146034249,OK,YEAR_AGO,Average of May-24,FALSE,,1,Item Label,Selected_Food_Report_May_2025.zip,selected_food_table_May-25.xlsx,Selected Food May 2025,26,2,B26
2025-04-01,2025-05-01,ONIONS_FRESH,"Onions, fresh","Onions, fresh",1 kg,NBS_REPORT_PDF,NATIONAL,Nigeria,1503.5644918098744,OK,PRIOR_MONTH,Average of Apr-25,FALSE,,1,Item Label,Selected_Food_Report_May_2025.zip,selected_food_table_May-25.xlsx,Selected Food May 2025,26,3,C26
2025-05-01,2025-05-01,ONIONS_FRESH,"Onions, fresh","Onions, fresh",1 kg,NBS_REPORT_PDF,NATIONAL,Nigeria,1607.3794757928383,OK,CURRENT_MONTH,Average of May-25,TRUE,,1,Item Label,Selected_Food_Report_May_2025.zip,selected_food_table_May-25.xlsx,Selected Food May 2025,26,4,D26
2024-05-01,2025-05-01,PALM_OIL_75CL,"Palm oil, 75cl","Palm oil, 75cl",75 cl,SPREADSHEET_LABEL,NATIONAL,Nigeria,1683.0297692300978,OK,YEAR_AGO,Average of May-24,FALSE,,1,Item Label,Selected_Food_Report_May_2025.zip,selected_food_table_May-25.xlsx,Selected Food May 2025,27,2,B27
2025-04-01,2025-05-01,PALM_OIL_75CL,"Palm oil, 75cl","Palm oil, 75cl",75 cl,SPREADSHEET_LABEL,NATIONAL,Nigeria,2516.3571664481105,OK,PRIOR_MONTH,Average of Apr-25,FALSE,,1,Item Label,Selected_Food_Report_May_2025.zip,selected_food_table_May-25.xlsx,Selected Food May 2025,27,3,C27
2025-05-01,2025-05-01,PALM_OIL_75CL,"Palm oil, 75cl","Palm oil, 75cl",75 cl,SPREADSHEET_LABEL,NATIONAL,Nigeria,2475.08091840505,OK,CURRENT_MONTH,Average of May-25,TRUE,,1,Item Label,Selected_Food_Report_May_2025.zip,selected_food_table_May-25.xlsx,Selected Food May 2025,27,4,D27
2024-05-01,2025-05-01,PLANTAIN_RIPE,Plantain (ripe),Plantain (ripe),,,NATIONAL,Nigeria,1106.3257134990129,OK,YEAR_AGO,Average of May-24,FALSE,,1,Item Label,Selected_Food_Report_May_2025.zip,selected_food_table_May-25.xlsx,Selected Food May 2025,28,2,B28
2025-04-01,2025-05-01,PLANTAIN_RIPE,Plantain (ripe),Plantain (ripe),,,NATIONAL,Nigeria,2057.3966196227657,OK,PRIOR_MONTH,Average of Apr-25,FALSE,,1,Item Label,Selected_Food_Report_May_2025.zip,selected_food_table_May-25.xlsx,Selected Food May 2025,28,3,C28
2025-05-01,2025-05-01,PLANTAIN_RIPE,Plantain (ripe),Plantain (ripe),,,NATIONAL,Nigeria,2079.840307325534,OK,CURRENT_MONTH,Average of May-25,TRUE,,1,Item Label,Selected_Food_Report_May_2025.zip,selected_food_table_May-25.xlsx,Selected Food May 2025,28,4,D28
2024-05-01,2025-05-01,PLANTAIN_UNRIPE,Plantain (unripe),Plantain (unripe),,,NATIONAL,Nigeria,1139.0196163479043,OK,YEAR_AGO,Average of May-24,FALSE,,1,Item Label,Selected_Food_Report_May_2025.zip,selected_food_table_May-25.xlsx,Selected Food May 2025,29,2,B29
2025-04-01,2025-05-01,PLANTAIN_UNRIPE,Plantain (unripe),Plantain (unripe),,,NATIONAL,Nigeria,2231.8082619367033,OK,PRIOR_MONTH,Average of Apr-25,FALSE,,1,Item Label,Selected_Food_Report_May_2025.zip,selected_food_table_May-25.xlsx,Selected Food May 2025,29,3,C29
2025-05-01,2025-05-01,PLANTAIN_UNRIPE,Plantain (unripe),Plantain (unripe),,,NATIONAL,Nigeria,2307.6407699461543,OK,CURRENT_MONTH,Average of May-25,TRUE,,1,Item Label,Selected_Food_Report_May_2025.zip,selected_food_table_May-25.xlsx,Selected Food May 2025,29,4,D29
2024-05-01,2025-05-01,RICE_LOCAL_SHORT_GRAIN,"Rice Local, short-Grained","Rice Local, short-Grained",1 kg,NBS_REPORT_PDF,NATIONAL,Nigeria,1608.89213017027,OK,YEAR_AGO,Average of May-24,FALSE,,1,Item Label,Selected_Food_Report_May_2025.zip,selected_food_table_May-25.xlsx,Selected Food May 2025,30,2,B30
2025-04-01,2025-05-01,RICE_LOCAL_SHORT_GRAIN,"Rice Local, short-Grained","Rice Local, short-Grained",1 kg,NBS_REPORT_PDF,NATIONAL,Nigeria,2144.0498599702564,OK,PRIOR_MONTH,Average of Apr-25,FALSE,,1,Item Label,Selected_Food_Report_May_2025.zip,selected_food_table_May-25.xlsx,Selected Food May 2025,30,3,C30
2025-05-01,2025-05-01,RICE_LOCAL_SHORT_GRAIN,"Rice Local, short-Grained","Rice Local, short-Grained",1 kg,NBS_REPORT_PDF,NATIONAL,Nigeria,2095.289293980627,OK,CURRENT_MONTH,Average of May-25,TRUE,,1,Item Label,Selected_Food_Report_May_2025.zip,selected_food_table_May-25.xlsx,Selected Food May 2025,30,4,D30
2024-05-01,2025-05-01,RICE_IMPORTED_LONG_GRAIN,Rice Long-Grained (Imported),Rice Long-Grained (Imported),,,NATIONAL,Nigeria,1984.8832589886108,OK,YEAR_AGO,Average of May-24,FALSE,,1,Item Label,Selected_Food_Report_May_2025.zip,selected_food_table_May-25.xlsx,Selected Food May 2025,31,2,B31
2025-04-01,2025-05-01,RICE_IMPORTED_LONG_GRAIN,Rice Long-Grained (Imported),Rice Long-Grained (Imported),,,NATIONAL,Nigeria,2574.114841876285,OK,PRIOR_MONTH,Average of Apr-25,FALSE,,1,Item Label,Selected_Food_Report_May_2025.zip,selected_food_table_May-25.xlsx,Selected Food May 2025,31,3,C31
2025-05-01,2025-05-01,RICE_IMPORTED_LONG_GRAIN,Rice Long-Grained (Imported),Rice Long-Grained (Imported),,,NATIONAL,Nigeria,2604.687331911487,OK,CURRENT_MONTH,Average of May-25,TRUE,,1,Item Label,Selected_Food_Report_May_2025.zip,selected_food_table_May-25.xlsx,Selected Food May 2025,31,4,D31
2024-05-01,2025-05-01,SEMOVITA_1KG,"Semovita, Prepacked (1kg)","Semovita, Prepacked (1kg)",1 kg,SPREADSHEET_LABEL,NATIONAL,Nigeria,,NOT_REPORTED,YEAR_AGO,Average of May-24,FALSE,,1,Item Label,Selected_Food_Report_May_2025.zip,selected_food_table_May-25.xlsx,Selected Food May 2025,32,2,B32
2025-04-01,2025-05-01,SEMOVITA_1KG,"Semovita, Prepacked (1kg)","Semovita, Prepacked (1kg)",1 kg,SPREADSHEET_LABEL,NATIONAL,Nigeria,2257.1981600205663,OK,PRIOR_MONTH,Average of Apr-25,FALSE,,1,Item Label,Selected_Food_Report_May_2025.zip,selected_food_table_May-25.xlsx,Selected Food May 2025,32,3,C32
2025-05-01,2025-05-01,SEMOVITA_1KG,"Semovita, Prepacked (1kg)","Semovita, Prepacked (1kg)",1 kg,SPREADSHEET_LABEL,NATIONAL,Nigeria,2293.907862535843,OK,CURRENT_MONTH,Average of May-25,TRUE,,1,Item Label,Selected_Food_Report_May_2025.zip,selected_food_table_May-25.xlsx,Selected Food May 2025,32,4,D32
2024-05-01,2025-05-01,FISH_SMOKED_MACKEREL,Smoked fish (Mackerel),Smoked fish (Mackerel),,,NATIONAL,Nigeria,,NOT_REPORTED,YEAR_AGO,Average of May-24,FALSE,,1,Item Label,Selected_Food_Report_May_2025.zip,selected_food_table_May-25.xlsx,Selected Food May 2025,33,2,B33
2025-04-01,2025-05-01,FISH_SMOKED_MACKEREL,Smoked fish (Mackerel),Smoked fish (Mackerel),,,NATIONAL,Nigeria,5920.837282189649,OK,PRIOR_MONTH,Average of Apr-25,FALSE,,1,Item Label,Selected_Food_Report_May_2025.zip,selected_food_table_May-25.xlsx,Selected Food May 2025,33,3,C33
2025-05-01,2025-05-01,FISH_SMOKED_MACKEREL,Smoked fish (Mackerel),Smoked fish (Mackerel),,,NATIONAL,Nigeria,6064.739673619357,OK,CURRENT_MONTH,Average of May-25,TRUE,,1,Item Label,Selected_Food_Report_May_2025.zip,selected_food_table_May-25.xlsx,Selected Food May 2025,33,4,D33
2024-05-01,2025-05-01,POTATO_SWEET,Sweet potatoes,Sweet potatoes,,,NATIONAL,Nigeria,1062.304980547623,OK,YEAR_AGO,Average of May-24,FALSE,,1,Item Label,Selected_Food_Report_May_2025.zip,selected_food_table_May-25.xlsx,Selected Food May 2025,34,2,B34
2025-04-01,2025-05-01,POTATO_SWEET,Sweet potatoes,Sweet potatoes,,,NATIONAL,Nigeria,938.4237846517723,OK,PRIOR_MONTH,Average of Apr-25,FALSE,,1,Item Label,Selected_Food_Report_May_2025.zip,selected_food_table_May-25.xlsx,Selected Food May 2025,34,3,C34
2025-05-01,2025-05-01,POTATO_SWEET,Sweet potatoes,Sweet potatoes,,,NATIONAL,Nigeria,1045.0330238530312,OK,CURRENT_MONTH,Average of May-25,TRUE,,1,Item Label,Selected_Food_Report_May_2025.zip,selected_food_table_May-25.xlsx,Selected Food May 2025,34,4,D34
2024-05-01,2025-05-01,FISH_TILAPIA_FRESH,Tilapia fresh fish (Epiya),Tilapia fresh fish (Epiya),,,NATIONAL,Nigeria,3148.32755752517,OK,YEAR_AGO,Average of May-24,FALSE,,1,Item Label,Selected_Food_Report_May_2025.zip,selected_food_table_May-25.xlsx,Selected Food May 2025,35,2,B35
2025-04-01,2025-05-01,FISH_TILAPIA_FRESH,Tilapia fresh fish (Epiya),Tilapia fresh fish (Epiya),,,NATIONAL,Nigeria,5489.282024685323,OK,PRIOR_MONTH,Average of Apr-25,FALSE,,1,Item Label,Selected_Food_Report_May_2025.zip,selected_food_table_May-25.xlsx,Selected Food May 2025,35,3,C35
2025-05-01,2025-05-01,FISH_TILAPIA_FRESH,Tilapia fresh fish (Epiya),Tilapia fresh fish (Epiya),,,NATIONAL,Nigeria,5557.975986147316,OK,CURRENT_MONTH,Average of May-25,TRUE,,1,Item Label,Selected_Food_Report_May_2025.zip,selected_food_table_May-25.xlsx,Selected Food May 2025,35,4,D35
2024-05-01,2025-05-01,MILK_EVAP_PEAK_150G,"Tin Milk-Evaporated, Peak Milk, 150g","Tin Milk-Evaporated, Peak Milk, 150g",150 g,SPREADSHEET_LABEL,NATIONAL,Nigeria,783.9829097253262,OK,YEAR_AGO,Average of May-24,FALSE,,1,Item Label,Selected_Food_Report_May_2025.zip,selected_food_table_May-25.xlsx,Selected Food May 2025,36,2,B36
2025-04-01,2025-05-01,MILK_EVAP_PEAK_150G,"Tin Milk-Evaporated, Peak Milk, 150g","Tin Milk-Evaporated, Peak Milk, 150g",150 g,SPREADSHEET_LABEL,NATIONAL,Nigeria,994.191736164736,OK,PRIOR_MONTH,Average of Apr-25,FALSE,,1,Item Label,Selected_Food_Report_May_2025.zip,selected_food_table_May-25.xlsx,Selected Food May 2025,36,3,C36
2025-05-01,2025-05-01,MILK_EVAP_PEAK_150G,"Tin Milk-Evaporated, Peak Milk, 150g","Tin Milk-Evaporated, Peak Milk, 150g",150 g,SPREADSHEET_LABEL,NATIONAL,Nigeria,1011.7469640669237,OK,CURRENT_MONTH,Average of May-25,TRUE,,1,Item Label,Selected_Food_Report_May_2025.zip,selected_food_table_May-25.xlsx,Selected Food May 2025,36,4,D36
2024-05-01,2025-05-01,MILK_EVAP_THREECROWN_160G,"Tin Milk-Evaporated, Three Crown Milk, 160g","Tin Milk-Evaporated, Three Crown Milk, 160g",160 g,SPREADSHEET_LABEL,NATIONAL,Nigeria,,NOT_REPORTED,YEAR_AGO,Average of May-24,FALSE,,1,Item Label,Selected_Food_Report_May_2025.zip,selected_food_table_May-25.xlsx,Selected Food May 2025,37,2,B37
2025-04-01,2025-05-01,MILK_EVAP_THREECROWN_160G,"Tin Milk-Evaporated, Three Crown Milk, 160g","Tin Milk-Evaporated, Three Crown Milk, 160g",160 g,SPREADSHEET_LABEL,NATIONAL,Nigeria,888.9103697335029,OK,PRIOR_MONTH,Average of Apr-25,FALSE,,1,Item Label,Selected_Food_Report_May_2025.zip,selected_food_table_May-25.xlsx,Selected Food May 2025,37,3,C37
2025-05-01,2025-05-01,MILK_EVAP_THREECROWN_160G,"Tin Milk-Evaporated, Three Crown Milk, 160g","Tin Milk-Evaporated, Three Crown Milk, 160g",160 g,SPREADSHEET_LABEL,NATIONAL,Nigeria,906.0829505159229,OK,CURRENT_MONTH,Average of May-25,TRUE,,1,Item Label,Selected_Food_Report_May_2025.zip,selected_food_table_May-25.xlsx,Selected Food May 2025,37,4,D37
2024-05-01,2025-05-01,FISH_TITUS_FROZEN,"Titus, frozen","Titus, frozen",,,NATIONAL,Nigeria,3577.4769799706623,OK,YEAR_AGO,Average of May-24,FALSE,,1,Item Label,Selected_Food_Report_May_2025.zip,selected_food_table_May-25.xlsx,Selected Food May 2025,38,2,B38
2025-04-01,2025-05-01,FISH_TITUS_FROZEN,"Titus, frozen","Titus, frozen",,,NATIONAL,Nigeria,5939.287288693675,OK,PRIOR_MONTH,Average of Apr-25,FALSE,,1,Item Label,Selected_Food_Report_May_2025.zip,selected_food_table_May-25.xlsx,Selected Food May 2025,38,3,C38
2025-05-01,2025-05-01,FISH_TITUS_FROZEN,"Titus, frozen","Titus, frozen",,,NATIONAL,Nigeria,6076.519664913661,OK,CURRENT_MONTH,Average of May-25,TRUE,,1,Item Label,Selected_Food_Report_May_2025.zip,selected_food_table_May-25.xlsx,Selected Food May 2025,38,4,D38
2024-05-01,2025-05-01,TOMATOES_FRESH,"Tomatoes, fresh","Tomatoes, fresh",1 kg,NBS_REPORT_PDF,NATIONAL,Nigeria,1479.6860366412,OK,YEAR_AGO,Average of May-24,FALSE,,1,Item Label,Selected_Food_Report_May_2025.zip,selected_food_table_May-25.xlsx,Selected Food May 2025,39,2,B39
2025-04-01,2025-05-01,TOMATOES_FRESH,"Tomatoes, fresh","Tomatoes, fresh",1 kg,NBS_REPORT_PDF,NATIONAL,Nigeria,1283.5712136417649,OK,PRIOR_MONTH,Average of Apr-25,FALSE,,1,Item Label,Selected_Food_Report_May_2025.zip,selected_food_table_May-25.xlsx,Selected Food May 2025,39,3,C39
2025-05-01,2025-05-01,TOMATOES_FRESH,"Tomatoes, fresh","Tomatoes, fresh",1 kg,NBS_REPORT_PDF,NATIONAL,Nigeria,1392.7107193307363,OK,CURRENT_MONTH,Average of May-25,TRUE,,1,Item Label,Selected_Food_Report_May_2025.zip,selected_food_table_May-25.xlsx,Selected Food May 2025,39,4,D39
2024-05-01,2025-05-01,VEG_OIL_75CL,"Vegetable Oil, 75cl","Vegetable Oil, 75cl",75 cl,SPREADSHEET_LABEL,NATIONAL,Nigeria,2230.9684864310043,OK,YEAR_AGO,Average of May-24,FALSE,,1,Item Label,Selected_Food_Report_May_2025.zip,selected_food_table_May-25.xlsx,Selected Food May 2025,40,2,B40
2025-04-01,2025-05-01,VEG_OIL_75CL,"Vegetable Oil, 75cl","Vegetable Oil, 75cl",75 cl,SPREADSHEET_LABEL,NATIONAL,Nigeria,3374.8094323292303,OK,PRIOR_MONTH,Average of Apr-25,FALSE,,1,Item Label,Selected_Food_Report_May_2025.zip,selected_food_table_May-25.xlsx,Selected Food May 2025,40,3,C40
2025-05-01,2025-05-01,VEG_OIL_75CL,"Vegetable Oil, 75cl","Vegetable Oil, 75cl",75 cl,SPREADSHEET_LABEL,NATIONAL,Nigeria,3347.4881740083824,OK,CURRENT_MONTH,Average of May-25,TRUE,,1,Item Label,Selected_Food_Report_May_2025.zip,selected_food_table_May-25.xlsx,Selected Food May 2025,40,4,D40
2024-05-01,2025-05-01,WATERMELON_WHOLE,"Watermelon whole, medium size fresh","Watermelon whole, medium size fresh",,,NATIONAL,Nigeria,,NOT_REPORTED,YEAR_AGO,Average of May-24,FALSE,,1,Item Label,Selected_Food_Report_May_2025.zip,selected_food_table_May-25.xlsx,Selected Food May 2025,41,2,B41
2025-04-01,2025-05-01,WATERMELON_WHOLE,"Watermelon whole, medium size fresh","Watermelon whole, medium size fresh",,,NATIONAL,Nigeria,2057.348804901336,OK,PRIOR_MONTH,Average of Apr-25,FALSE,,1,Item Label,Selected_Food_Report_May_2025.zip,selected_food_table_May-25.xlsx,Selected Food May 2025,41,3,C41
2025-05-01,2025-05-01,WATERMELON_WHOLE,"Watermelon whole, medium size fresh","Watermelon whole, medium size fresh",,,NATIONAL,Nigeria,2078.4978315296826,OK,CURRENT_MONTH,Average of May-25,TRUE,,1,Item Label,Selected_Food_Report_May_2025.zip,selected_food_table_May-25.xlsx,Selected Food May 2025,41,4,D41
2024-05-01,2025-05-01,WHEAT_FLOUR_2KG,"Wheat Flour, Prepacked (2kg)","Wheat Flour, Prepacked (2kg)",2 kg,SPREADSHEET_LABEL,NATIONAL,Nigeria,3001.590721201033,OK,YEAR_AGO,Average of May-24,FALSE,,1,Item Label,Selected_Food_Report_May_2025.zip,selected_food_table_May-25.xlsx,Selected Food May 2025,42,2,B42
2025-04-01,2025-05-01,WHEAT_FLOUR_2KG,"Wheat Flour, Prepacked (2kg)","Wheat Flour, Prepacked (2kg)",2 kg,SPREADSHEET_LABEL,NATIONAL,Nigeria,4166.568199613053,OK,PRIOR_MONTH,Average of Apr-25,FALSE,,1,Item Label,Selected_Food_Report_May_2025.zip,selected_food_table_May-25.xlsx,Selected Food May 2025,42,3,C42
2025-05-01,2025-05-01,WHEAT_FLOUR_2KG,"Wheat Flour, Prepacked (2kg)","Wheat Flour, Prepacked (2kg)",2 kg,SPREADSHEET_LABEL,NATIONAL,Nigeria,4185.545277589043,OK,CURRENT_MONTH,Average of May-25,TRUE,,1,Item Label,Selected_Food_Report_May_2025.zip,selected_food_table_May-25.xlsx,Selected Food May 2025,42,4,D42
2024-05-01,2025-05-01,YAM_TUBER,Yam Tuber,Yam Tuber,1 kg,NBS_REPORT_PDF,NATIONAL,Nigeria,1322.36168616832,OK,YEAR_AGO,Average of May-24,FALSE,,1,Item Label,Selected_Food_Report_May_2025.zip,selected_food_table_May-25.xlsx,Selected Food May 2025,43,2,B43
2025-04-01,2025-05-01,YAM_TUBER,Yam Tuber,Yam Tuber,1 kg,NBS_REPORT_PDF,NATIONAL,Nigeria,2240.083777435253,OK,PRIOR_MONTH,Average of Apr-25,FALSE,,1,Item Label,Selected_Food_Report_May_2025.zip,selected_food_table_May-25.xlsx,Selected Food May 2025,43,3,C43
2025-05-01,2025-05-01,YAM_TUBER,Yam Tuber,Yam Tuber,1 kg,NBS_REPORT_PDF,NATIONAL,Nigeria,2375.3986192037783,OK,CURRENT_MONTH,Average of May-25,TRUE,,1,Item Label,Selected_Food_Report_May_2025.zip,selected_food_table_May-25.xlsx,Selected Food May 2025,43,4,D43
2024-11-01,2025-11-01,EGG_AGRIC,"Agric hen eggs,","Agric hen eggs,",,,NATIONAL,Nigeria,247.26,OK,YEAR_AGO,Average of November-24,FALSE,,1,Item Label,Selected_Food_Report_Nov_25.zip,selected food table Nov25.xlsx,Selected Food November 2025,2,2,B2
2025-10-01,2025-11-01,EGG_AGRIC,"Agric hen eggs,","Agric hen eggs,",,,NATIONAL,Nigeria,252.79055205869216,OK,PRIOR_MONTH,Average of October-25,FALSE,,1,Item Label,Selected_Food_Report_Nov_25.zip,selected food table Nov25.xlsx,Selected Food November 2025,2,3,C2
2025-11-01,2025-11-01,EGG_AGRIC,"Agric hen eggs,","Agric hen eggs,",,,NATIONAL,Nigeria,244.9653384010952,OK,CURRENT_MONTH,Average of November-25,TRUE,,1,Item Label,Selected_Food_Report_Nov_25.zip,selected food table Nov25.xlsx,Selected Food November 2025,2,4,D2
2024-11-01,2025-11-01,EGG_AGRIC_CRATE30,"Agric hen eggs, (a Crate of 30 pieces)","Agric hen eggs, (a Crate of 30 pieces)",1 crate of 30 pieces,SPREADSHEET_LABEL,NATIONAL,Nigeria,,NOT_REPORTED,YEAR_AGO,Average of November-24,FALSE,,1,Item Label,Selected_Food_Report_Nov_25.zip,selected food table Nov25.xlsx,Selected Food November 2025,3,2,B3
2025-10-01,2025-11-01,EGG_AGRIC_CRATE30,"Agric hen eggs, (a Crate of 30 pieces)","Agric hen eggs, (a Crate of 30 pieces)",1 crate of 30 pieces,SPREADSHEET_LABEL,NATIONAL,Nigeria,5993.009131680979,OK,PRIOR_MONTH,Average of October-25,FALSE,,1,Item Label,Selected_Food_Report_Nov_25.zip,selected food table Nov25.xlsx,Selected Food November 2025,3,3,C3
2025-11-01,2025-11-01,EGG_AGRIC_CRATE30,"Agric hen eggs, (a Crate of 30 pieces)","Agric hen eggs, (a Crate of 30 pieces)",1 crate of 30 pieces,SPREADSHEET_LABEL,NATIONAL,Nigeria,5966.166355090028,OK,CURRENT_MONTH,Average of November-25,TRUE,,1,Item Label,Selected_Food_Report_Nov_25.zip,selected food table Nov25.xlsx,Selected Food November 2025,3,4,D3
2024-11-01,2025-11-01,BEANS_BROWN,Beans Brown,Beans Brown,1 kg,NBS_REPORT_PDF,NATIONAL,Nigeria,2720.96,OK,YEAR_AGO,Average of November-24,FALSE,,1,Item Label,Selected_Food_Report_Nov_25.zip,selected food table Nov25.xlsx,Selected Food November 2025,4,2,B4
2025-10-01,2025-11-01,BEANS_BROWN,Beans Brown,Beans Brown,1 kg,NBS_REPORT_PDF,NATIONAL,Nigeria,1760.52769721203,OK,PRIOR_MONTH,Average of October-25,FALSE,,1,Item Label,Selected_Food_Report_Nov_25.zip,selected food table Nov25.xlsx,Selected Food November 2025,4,3,C4
2025-11-01,2025-11-01,BEANS_BROWN,Beans Brown,Beans Brown,1 kg,NBS_REPORT_PDF,NATIONAL,Nigeria,1547.0277455812504,OK,CURRENT_MONTH,Average of November-25,TRUE,,1,Item Label,Selected_Food_Report_Nov_25.zip,selected food table Nov25.xlsx,Selected Food November 2025,4,4,D4
2024-11-01,2025-11-01,BEANS_WHITE,Beans white,Beans white,,,NATIONAL,Nigeria,2546.7,OK,YEAR_AGO,Average of November-24,FALSE,,1,Item Label,Selected_Food_Report_Nov_25.zip,selected food table Nov25.xlsx,Selected Food November 2025,5,2,B5
2025-10-01,2025-11-01,BEANS_WHITE,Beans white,Beans white,,,NATIONAL,Nigeria,1587.8173955384163,OK,PRIOR_MONTH,Average of October-25,FALSE,,1,Item Label,Selected_Food_Report_Nov_25.zip,selected food table Nov25.xlsx,Selected Food November 2025,5,3,C5
2025-11-01,2025-11-01,BEANS_WHITE,Beans white,Beans white,,,NATIONAL,Nigeria,1430.582470228561,OK,CURRENT_MONTH,Average of November-25,TRUE,,1,Item Label,Selected_Food_Report_Nov_25.zip,selected food table Nov25.xlsx,Selected Food November 2025,5,4,D5
2024-11-01,2025-11-01,BEEF_BONELESS,Beef Boneless,Beef Boneless,1 kg,NBS_REPORT_PDF,NATIONAL,Nigeria,6001.32,OK,YEAR_AGO,Average of November-24,FALSE,,1,Item Label,Selected_Food_Report_Nov_25.zip,selected food table Nov25.xlsx,Selected Food November 2025,6,2,B6
2025-10-01,2025-11-01,BEEF_BONELESS,Beef Boneless,Beef Boneless,1 kg,NBS_REPORT_PDF,NATIONAL,Nigeria,6850.5096699105,OK,PRIOR_MONTH,Average of October-25,FALSE,,1,Item Label,Selected_Food_Report_Nov_25.zip,selected food table Nov25.xlsx,Selected Food November 2025,6,3,C6
2025-11-01,2025-11-01,BEEF_BONELESS,Beef Boneless,Beef Boneless,1 kg,NBS_REPORT_PDF,NATIONAL,Nigeria,6908.218147414411,OK,CURRENT_MONTH,Average of November-25,TRUE,,1,Item Label,Selected_Food_Report_Nov_25.zip,selected food table Nov25.xlsx,Selected Food November 2025,6,4,D6
2024-11-01,2025-11-01,BREAD_SLICED_450G,"Bread (sliced), 450g","Bread (sliced), 450g",450 g,SPREADSHEET_LABEL,NATIONAL,Nigeria,,NOT_REPORTED,YEAR_AGO,Average of November-24,FALSE,,1,Item Label,Selected_Food_Report_Nov_25.zip,selected food table Nov25.xlsx,Selected Food November 2025,7,2,B7
2025-10-01,2025-11-01,BREAD_SLICED_450G,"Bread (sliced), 450g","Bread (sliced), 450g",450 g,SPREADSHEET_LABEL,NATIONAL,Nigeria,1675.507169036891,OK,PRIOR_MONTH,Average of October-25,FALSE,,1,Item Label,Selected_Food_Report_Nov_25.zip,selected food table Nov25.xlsx,Selected Food November 2025,7,3,C7
2025-11-01,2025-11-01,BREAD_SLICED_450G,"Bread (sliced), 450g","Bread (sliced), 450g",450 g,SPREADSHEET_LABEL,NATIONAL,Nigeria,1677.2828056540436,OK,CURRENT_MONTH,Average of November-25,TRUE,,1,Item Label,Selected_Food_Report_Nov_25.zip,selected food table Nov25.xlsx,Selected Food November 2025,7,4,D7
2024-11-01,2025-11-01,BREAD_UNSLICED_450G,"Bread (unsliced), 450g","Bread (unsliced), 450g",450 g,SPREADSHEET_LABEL,NATIONAL,Nigeria,,NOT_REPORTED,YEAR_AGO,Average of November-24,FALSE,,1,Item Label,Selected_Food_Report_Nov_25.zip,selected food table Nov25.xlsx,Selected Food November 2025,8,2,B8
2025-10-01,2025-11-01,BREAD_UNSLICED_450G,"Bread (unsliced), 450g","Bread (unsliced), 450g",450 g,SPREADSHEET_LABEL,NATIONAL,Nigeria,1583.9091644128425,OK,PRIOR_MONTH,Average of October-25,FALSE,,1,Item Label,Selected_Food_Report_Nov_25.zip,selected food table Nov25.xlsx,Selected Food November 2025,8,3,C8
2025-11-01,2025-11-01,BREAD_UNSLICED_450G,"Bread (unsliced), 450g","Bread (unsliced), 450g",450 g,SPREADSHEET_LABEL,NATIONAL,Nigeria,1580.6314178491464,OK,CURRENT_MONTH,Average of November-25,TRUE,,1,Item Label,Selected_Food_Report_Nov_25.zip,selected food table Nov25.xlsx,Selected Food November 2025,8,4,D8
2024-11-01,2025-11-01,CARROTS_FRESH,"Carrots, fresh","Carrots, fresh",1 kg,NBS_REPORT_PDF,NATIONAL,Nigeria,,NOT_REPORTED,YEAR_AGO,Average of November-24,FALSE,,1,Item Label,Selected_Food_Report_Nov_25.zip,selected food table Nov25.xlsx,Selected Food November 2025,9,2,B9
2025-10-01,2025-11-01,CARROTS_FRESH,"Carrots, fresh","Carrots, fresh",1 kg,NBS_REPORT_PDF,NATIONAL,Nigeria,1930.071956371793,OK,PRIOR_MONTH,Average of October-25,FALSE,,1,Item Label,Selected_Food_Report_Nov_25.zip,selected food table Nov25.xlsx,Selected Food November 2025,9,3,C9
2025-11-01,2025-11-01,CARROTS_FRESH,"Carrots, fresh","Carrots, fresh",1 kg,NBS_REPORT_PDF,NATIONAL,Nigeria,1923.610420813202,OK,CURRENT_MONTH,Average of November-25,TRUE,,1,Item Label,Selected_Food_Report_Nov_25.zip,selected food table Nov25.xlsx,Selected Food November 2025,9,4,D9
2024-11-01,2025-11-01,FISH_CATFISH_FRESH,Cat fresh fish,Cat fresh fish,,,NATIONAL,Nigeria,4259.99,OK,YEAR_AGO,Average of November-24,FALSE,,1,Item Label,Selected_Food_Report_Nov_25.zip,selected food table Nov25.xlsx,Selected Food November 2025,10,2,B10
2025-10-01,2025-11-01,FISH_CATFISH_FRESH,Cat fresh fish,Cat fresh fish,,,NATIONAL,Nigeria,6047.172426530218,OK,PRIOR_MONTH,Average of October-25,FALSE,,1,Item Label,Selected_Food_Report_Nov_25.zip,selected food table Nov25.xlsx,Selected Food November 2025,10,3,C10
2025-11-01,2025-11-01,FISH_CATFISH_FRESH,Cat fresh fish,Cat fresh fish,,,NATIONAL,Nigeria,6097.447923762898,OK,CURRENT_MONTH,Average of November-25,TRUE,,1,Item Label,Selected_Food_Report_Nov_25.zip,selected food table Nov25.xlsx,Selected Food November 2025,10,4,D10
2024-11-01,2025-11-01,CHICKEN_FEET,Chicken feet,Chicken feet,,,NATIONAL,Nigeria,3336.7,OK,YEAR_AGO,Average of November-24,FALSE,,1,Item Label,Selected_Food_Report_Nov_25.zip,selected food table Nov25.xlsx,Selected Food November 2025,11,2,B11
2025-10-01,2025-11-01,CHICKEN_FEET,Chicken feet,Chicken feet,,,NATIONAL,Nigeria,3739.0245502051375,OK,PRIOR_MONTH,Average of October-25,FALSE,,1,Item Label,Selected_Food_Report_Nov_25.zip,selected food table Nov25.xlsx,Selected Food November 2025,11,3,C11
2025-11-01,2025-11-01,CHICKEN_FEET,Chicken feet,Chicken feet,,,NATIONAL,Nigeria,3743.1196432478814,OK,CURRENT_MONTH,Average of November-25,TRUE,,1,Item Label,Selected_Food_Report_Nov_25.zip,selected food table Nov25.xlsx,Selected Food November 2025,11,4,D11
2024-11-01,2025-11-01,CHICKEN_MEAT_FROZEN,Chicken meat (Frozen),Chicken meat (Frozen),,,NATIONAL,Nigeria,6130.51,OK,YEAR_AGO,Average of November-24,FALSE,,1,Item Label,Selected_Food_Report_Nov_25.zip,selected food table Nov25.xlsx,Selected Food November 2025,12,2,B12
2025-10-01,2025-11-01,CHICKEN_MEAT_FROZEN,Chicken meat (Frozen),Chicken meat (Frozen),,,NATIONAL,Nigeria,5899.460024791653,OK,PRIOR_MONTH,Average of October-25,FALSE,,1,Item Label,Selected_Food_Report_Nov_25.zip,selected food table Nov25.xlsx,Selected Food November 2025,12,3,C12
2025-11-01,2025-11-01,CHICKEN_MEAT_FROZEN,Chicken meat (Frozen),Chicken meat (Frozen),,,NATIONAL,Nigeria,5924.198212496068,OK,CURRENT_MONTH,Average of November-25,TRUE,,1,Item Label,Selected_Food_Report_Nov_25.zip,selected food table Nov25.xlsx,Selected Food November 2025,12,4,D12
2024-11-01,2025-11-01,CHICKEN_WINGS,Chicken Wings,Chicken Wings,,,NATIONAL,Nigeria,4316.41,OK,YEAR_AGO,Average of November-24,FALSE,,1,Item Label,Selected_Food_Report_Nov_25.zip,selected food table Nov25.xlsx,Selected Food November 2025,13,2,B13
2025-10-01,2025-11-01,CHICKEN_WINGS,Chicken Wings,Chicken Wings,,,NATIONAL,Nigeria,4945.535029292948,OK,PRIOR_MONTH,Average of October-25,FALSE,,1,Item Label,Selected_Food_Report_Nov_25.zip,selected food table Nov25.xlsx,Selected Food November 2025,13,3,C13
2025-11-01,2025-11-01,CHICKEN_WINGS,Chicken Wings,Chicken Wings,,,NATIONAL,Nigeria,4954.242122027532,OK,CURRENT_MONTH,Average of November-25,TRUE,,1,Item Label,Selected_Food_Report_Nov_25.zip,selected food table Nov25.xlsx,Selected Food November 2025,13,4,D13
2024-11-01,2025-11-01,CRAYFISH_SMALL_WHITE,Cray fish small white,Cray fish small white,1 kg,NBS_REPORT_PDF,NATIONAL,Nigeria,,NOT_REPORTED,YEAR_AGO,Average of November-24,FALSE,,1,Item Label,Selected_Food_Report_Nov_25.zip,selected food table Nov25.xlsx,Selected Food November 2025,14,2,B14
2025-10-01,2025-11-01,CRAYFISH_SMALL_WHITE,Cray fish small white,Cray fish small white,1 kg,NBS_REPORT_PDF,NATIONAL,Nigeria,8690.200282227315,OK,PRIOR_MONTH,Average of October-25,FALSE,,1,Item Label,Selected_Food_Report_Nov_25.zip,selected food table Nov25.xlsx,Selected Food November 2025,14,3,C14
2025-11-01,2025-11-01,CRAYFISH_SMALL_WHITE,Cray fish small white,Cray fish small white,1 kg,NBS_REPORT_PDF,NATIONAL,Nigeria,8606.72333004746,OK,CURRENT_MONTH,Average of November-25,TRUE,,1,Item Label,Selected_Food_Report_Nov_25.zip,selected food table Nov25.xlsx,Selected Food November 2025,14,4,D14
2024-11-01,2025-11-01,FISH_DRIED_BONGA,"Dried fish, Bonga","Dried fish, Bonga",,,NATIONAL,Nigeria,,NOT_REPORTED,YEAR_AGO,Average of November-24,FALSE,,1,Item Label,Selected_Food_Report_Nov_25.zip,selected food table Nov25.xlsx,Selected Food November 2025,15,2,B15
2025-10-01,2025-11-01,FISH_DRIED_BONGA,"Dried fish, Bonga","Dried fish, Bonga",,,NATIONAL,Nigeria,7213.334550321499,OK,PRIOR_MONTH,Average of October-25,FALSE,,1,Item Label,Selected_Food_Report_Nov_25.zip,selected food table Nov25.xlsx,Selected Food November 2025,15,3,C15
2025-11-01,2025-11-01,FISH_DRIED_BONGA,"Dried fish, Bonga","Dried fish, Bonga",,,NATIONAL,Nigeria,7263.979829461666,OK,CURRENT_MONTH,Average of November-25,TRUE,,1,Item Label,Selected_Food_Report_Nov_25.zip,selected food table Nov25.xlsx,Selected Food November 2025,15,4,D15
2024-11-01,2025-11-01,GARRI_WHITE,Garri white,Garri white,1 kg,NBS_REPORT_PDF,NATIONAL,Nigeria,1205.39,OK,YEAR_AGO,Average of November-24,FALSE,,1,Item Label,Selected_Food_Report_Nov_25.zip,selected food table Nov25.xlsx,Selected Food November 2025,16,2,B16
2025-10-01,2025-11-01,GARRI_WHITE,Garri white,Garri white,1 kg,NBS_REPORT_PDF,NATIONAL,Nigeria,846.6882745067923,OK,PRIOR_MONTH,Average of October-25,FALSE,,1,Item Label,Selected_Food_Report_Nov_25.zip,selected food table Nov25.xlsx,Selected Food November 2025,16,3,C16
2025-11-01,2025-11-01,GARRI_WHITE,Garri white,Garri white,1 kg,NBS_REPORT_PDF,NATIONAL,Nigeria,819.6990852323411,OK,CURRENT_MONTH,Average of November-25,TRUE,,1,Item Label,Selected_Food_Report_Nov_25.zip,selected food table Nov25.xlsx,Selected Food November 2025,16,4,D16
2024-11-01,2025-11-01,GARRI_YELLOW,Garri Yellow,Garri Yellow,,,NATIONAL,Nigeria,1311.03,OK,YEAR_AGO,Average of November-24,FALSE,,1,Item Label,Selected_Food_Report_Nov_25.zip,selected food table Nov25.xlsx,Selected Food November 2025,17,2,B17
2025-10-01,2025-11-01,GARRI_YELLOW,Garri Yellow,Garri Yellow,,,NATIONAL,Nigeria,925.4296467690699,OK,PRIOR_MONTH,Average of October-25,FALSE,,1,Item Label,Selected_Food_Report_Nov_25.zip,selected food table Nov25.xlsx,Selected Food November 2025,17,3,C17
2025-11-01,2025-11-01,GARRI_YELLOW,Garri Yellow,Garri Yellow,,,NATIONAL,Nigeria,887.9656714472967,OK,CURRENT_MONTH,Average of November-25,TRUE,,1,Item Label,Selected_Food_Report_Nov_25.zip,selected food table Nov25.xlsx,Selected Food November 2025,17,4,D17
2024-11-01,2025-11-01,GINGER_FRESH,"Ginger, fresh","Ginger, fresh",1 kg,NBS_REPORT_PDF,NATIONAL,Nigeria,,NOT_REPORTED,YEAR_AGO,Average of November-24,FALSE,,1,Item Label,Selected_Food_Report_Nov_25.zip,selected food table Nov25.xlsx,Selected Food November 2025,18,2,B18
2025-10-01,2025-11-01,GINGER_FRESH,"Ginger, fresh","Ginger, fresh",1 kg,NBS_REPORT_PDF,NATIONAL,Nigeria,5414.91765745556,OK,PRIOR_MONTH,Average of October-25,FALSE,,1,Item Label,Selected_Food_Report_Nov_25.zip,selected food table Nov25.xlsx,Selected Food November 2025,18,3,C18
2025-11-01,2025-11-01,GINGER_FRESH,"Ginger, fresh","Ginger, fresh",1 kg,NBS_REPORT_PDF,NATIONAL,Nigeria,5390.564601331841,OK,CURRENT_MONTH,Average of November-25,TRUE,,1,Item Label,Selected_Food_Report_Nov_25.zip,selected food table Nov25.xlsx,Selected Food November 2025,18,4,D18
2024-11-01,2025-11-01,GOAT_MEAT_BONE_IN,Goat Meat Bone in,Goat Meat Bone in,,,NATIONAL,Nigeria,,NOT_REPORTED,YEAR_AGO,Average of November-24,FALSE,,1,Item Label,Selected_Food_Report_Nov_25.zip,selected food table Nov25.xlsx,Selected Food November 2025,19,2,B19
2025-10-01,2025-11-01,GOAT_MEAT_BONE_IN,Goat Meat Bone in,Goat Meat Bone in,,,NATIONAL,Nigeria,6891.44199027489,OK,PRIOR_MONTH,Average of October-25,FALSE,,1,Item Label,Selected_Food_Report_Nov_25.zip,selected food table Nov25.xlsx,Selected Food November 2025,19,3,C19
2025-11-01,2025-11-01,GOAT_MEAT_BONE_IN,Goat Meat Bone in,Goat Meat Bone in,,,NATIONAL,Nigeria,6911.3864320600205,OK,CURRENT_MONTH,Average of November-25,TRUE,,1,Item Label,Selected_Food_Report_Nov_25.zip,selected food table Nov25.xlsx,Selected Food November 2025,19,4,D19
2024-11-01,2025-11-01,GROUNDNUT_OIL_75CL,"Groundnut oil, 75cl","Groundnut oil, 75cl",75 cl,SPREADSHEET_LABEL,NATIONAL,Nigeria,,NOT_REPORTED,YEAR_AGO,Average of November-24,FALSE,,1,Item Label,Selected_Food_Report_Nov_25.zip,selected food table Nov25.xlsx,Selected Food November 2025,20,2,B20
2025-10-01,2025-11-01,GROUNDNUT_OIL_75CL,"Groundnut oil, 75cl","Groundnut oil, 75cl",75 cl,SPREADSHEET_LABEL,NATIONAL,Nigeria,3297.0255624727492,OK,PRIOR_MONTH,Average of October-25,FALSE,,1,Item Label,Selected_Food_Report_Nov_25.zip,selected food table Nov25.xlsx,Selected Food November 2025,20,3,C20
2025-11-01,2025-11-01,GROUNDNUT_OIL_75CL,"Groundnut oil, 75cl","Groundnut oil, 75cl",75 cl,SPREADSHEET_LABEL,NATIONAL,Nigeria,3336.127322859571,OK,CURRENT_MONTH,Average of November-25,TRUE,,1,Item Label,Selected_Food_Report_Nov_25.zip,selected food table Nov25.xlsx,Selected Food November 2025,20,4,D20
2024-11-01,2025-11-01,GROUNDNUTS_ROASTED_75CL,"Groundnuts, roasted,75cl bottle","Groundnuts, roasted,75cl bottle",75 cl bottle,SPREADSHEET_LABEL,NATIONAL,Nigeria,,NOT_REPORTED,YEAR_AGO,Average of November-24,FALSE,,1,Item Label,Selected_Food_Report_Nov_25.zip,selected food table Nov25.xlsx,Selected Food November 2025,21,2,B21
2025-10-01,2025-11-01,GROUNDNUTS_ROASTED_75CL,"Groundnuts, roasted,75cl bottle","Groundnuts, roasted,75cl bottle",75 cl bottle,SPREADSHEET_LABEL,NATIONAL,Nigeria,2639.871778087812,OK,PRIOR_MONTH,Average of October-25,FALSE,,1,Item Label,Selected_Food_Report_Nov_25.zip,selected food table Nov25.xlsx,Selected Food November 2025,21,3,C21
2025-11-01,2025-11-01,GROUNDNUTS_ROASTED_75CL,"Groundnuts, roasted,75cl bottle","Groundnuts, roasted,75cl bottle",75 cl bottle,SPREADSHEET_LABEL,NATIONAL,Nigeria,2669.605741295383,OK,CURRENT_MONTH,Average of November-25,TRUE,,1,Item Label,Selected_Food_Report_Nov_25.zip,selected food table Nov25.xlsx,Selected Food November 2025,21,4,D21
2024-11-01,2025-11-01,POTATO_IRISH,Irish Potatoe,Irish Potatoe,1 kg,NBS_REPORT_PDF,NATIONAL,Nigeria,1778.96,OK,YEAR_AGO,Average of November-24,FALSE,,1,Item Label,Selected_Food_Report_Nov_25.zip,selected food table Nov25.xlsx,Selected Food November 2025,22,2,B22
2025-10-01,2025-11-01,POTATO_IRISH,Irish Potatoe,Irish Potatoe,1 kg,NBS_REPORT_PDF,NATIONAL,Nigeria,1567.3211537204168,OK,PRIOR_MONTH,Average of October-25,FALSE,,1,Item Label,Selected_Food_Report_Nov_25.zip,selected food table Nov25.xlsx,Selected Food November 2025,22,3,C22
2025-11-01,2025-11-01,POTATO_IRISH,Irish Potatoe,Irish Potatoe,1 kg,NBS_REPORT_PDF,NATIONAL,Nigeria,1706.9224169581964,OK,CURRENT_MONTH,Average of November-25,TRUE,,1,Item Label,Selected_Food_Report_Nov_25.zip,selected food table Nov25.xlsx,Selected Food November 2025,22,4,D22
2024-11-01,2025-11-01,RICE_LOCAL_BROKEN,Local Rice (Broken),Local Rice (Broken),,,NATIONAL,Nigeria,,NOT_REPORTED,YEAR_AGO,Average of November-24,FALSE,,1,Item Label,Selected_Food_Report_Nov_25.zip,selected food table Nov25.xlsx,Selected Food November 2025,23,2,B23
2025-10-01,2025-11-01,RICE_LOCAL_BROKEN,Local Rice (Broken),Local Rice (Broken),,,NATIONAL,Nigeria,2311.067303873303,OK,PRIOR_MONTH,Average of October-25,FALSE,,1,Item Label,Selected_Food_Report_Nov_25.zip,selected food table Nov25.xlsx,Selected Food November 2025,23,3,C23
2025-11-01,2025-11-01,RICE_LOCAL_BROKEN,Local Rice (Broken),Local Rice (Broken),,,NATIONAL,Nigeria,2207.9224992035206,OK,CURRENT_MONTH,Average of November-25,TRUE,,1,Item Label,Selected_Food_Report_Nov_25.zip,selected food table Nov25.xlsx,Selected Food November 2025,23,4,D23
2024-11-01,2025-11-01,FISH_MACKEREL_FROZEN,"Mackerel, Frozen","Mackerel, Frozen",,,NATIONAL,Nigeria,4203.76,OK,YEAR_AGO,Average of November-24,FALSE,,1,Item Label,Selected_Food_Report_Nov_25.zip,selected food table Nov25.xlsx,Selected Food November 2025,24,2,B24
2025-10-01,2025-11-01,FISH_MACKEREL_FROZEN,"Mackerel, Frozen","Mackerel, Frozen",,,NATIONAL,Nigeria,5768.916952276916,OK,PRIOR_MONTH,Average of October-25,FALSE,,1,Item Label,Selected_Food_Report_Nov_25.zip,selected food table Nov25.xlsx,Selected Food November 2025,24,3,C24
2025-11-01,2025-11-01,FISH_MACKEREL_FROZEN,"Mackerel, Frozen","Mackerel, Frozen",,,NATIONAL,Nigeria,5818.556382971164,OK,CURRENT_MONTH,Average of November-25,TRUE,,1,Item Label,Selected_Food_Report_Nov_25.zip,selected food table Nov25.xlsx,Selected Food November 2025,24,4,D24
2024-11-01,2025-11-01,MAIZE_GRAIN_WHITE_LOOSE,Maize (Corn) Grains (White) sold loose,Maize (Corn) Grains (White) sold loose,1 kg,NBS_REPORT_PDF,NATIONAL,Nigeria,1156.91,OK,YEAR_AGO,Average of November-24,FALSE,,1,Item Label,Selected_Food_Report_Nov_25.zip,selected food table Nov25.xlsx,Selected Food November 2025,25,2,B25
2025-10-01,2025-11-01,MAIZE_GRAIN_WHITE_LOOSE,Maize (Corn) Grains (White) sold loose,Maize (Corn) Grains (White) sold loose,1 kg,NBS_REPORT_PDF,NATIONAL,Nigeria,904.7357076881837,OK,PRIOR_MONTH,Average of October-25,FALSE,,1,Item Label,Selected_Food_Report_Nov_25.zip,selected food table Nov25.xlsx,Selected Food November 2025,25,3,C25
2025-11-01,2025-11-01,MAIZE_GRAIN_WHITE_LOOSE,Maize (Corn) Grains (White) sold loose,Maize (Corn) Grains (White) sold loose,1 kg,NBS_REPORT_PDF,NATIONAL,Nigeria,843.7726101385778,OK,CURRENT_MONTH,Average of November-25,TRUE,,1,Item Label,Selected_Food_Report_Nov_25.zip,selected food table Nov25.xlsx,Selected Food November 2025,25,4,D25
2024-11-01,2025-11-01,ONIONS_FRESH,"Onions, fresh","Onions, fresh",1 kg,NBS_REPORT_PDF,NATIONAL,Nigeria,1878,OK,YEAR_AGO,Average of November-24,FALSE,,1,Item Label,Selected_Food_Report_Nov_25.zip,selected food table Nov25.xlsx,Selected Food November 2025,26,2,B26
2025-10-01,2025-11-01,ONIONS_FRESH,"Onions, fresh","Onions, fresh",1 kg,NBS_REPORT_PDF,NATIONAL,Nigeria,1368.3236656435977,OK,PRIOR_MONTH,Average of October-25,FALSE,,1,Item Label,Selected_Food_Report_Nov_25.zip,selected food table Nov25.xlsx,Selected Food November 2025,26,3,C26
2025-11-01,2025-11-01,ONIONS_FRESH,"Onions, fresh","Onions, fresh",1 kg,NBS_REPORT_PDF,NATIONAL,Nigeria,1332.767097118573,OK,CURRENT_MONTH,Average of November-25,TRUE,,1,Item Label,Selected_Food_Report_Nov_25.zip,selected food table Nov25.xlsx,Selected Food November 2025,26,4,D26
2024-11-01,2025-11-01,PALM_OIL_75CL,"Palm oil, 75cl","Palm oil, 75cl",75 cl,SPREADSHEET_LABEL,NATIONAL,Nigeria,2466.79,OK,YEAR_AGO,Average of November-24,FALSE,,1,Item Label,Selected_Food_Report_Nov_25.zip,selected food table Nov25.xlsx,Selected Food November 2025,27,2,B27
2025-10-01,2025-11-01,PALM_OIL_75CL,"Palm oil, 75cl","Palm oil, 75cl",75 cl,SPREADSHEET_LABEL,NATIONAL,Nigeria,2537.89942642186,OK,PRIOR_MONTH,Average of October-25,FALSE,,1,Item Label,Selected_Food_Report_Nov_25.zip,selected food table Nov25.xlsx,Selected Food November 2025,27,3,C27
2025-11-01,2025-11-01,PALM_OIL_75CL,"Palm oil, 75cl","Palm oil, 75cl",75 cl,SPREADSHEET_LABEL,NATIONAL,Nigeria,2508.7339193862344,OK,CURRENT_MONTH,Average of November-25,TRUE,,1,Item Label,Selected_Food_Report_Nov_25.zip,selected food table Nov25.xlsx,Selected Food November 2025,27,4,D27
2024-11-01,2025-11-01,PLANTAIN_RIPE,Plantain (ripe),Plantain (ripe),,,NATIONAL,Nigeria,1540.2,OK,YEAR_AGO,Average of November-24,FALSE,,1,Item Label,Selected_Food_Report_Nov_25.zip,selected food table Nov25.xlsx,Selected Food November 2025,28,2,B28
2025-10-01,2025-11-01,PLANTAIN_RIPE,Plantain (ripe),Plantain (ripe),,,NATIONAL,Nigeria,2155.3577663254064,OK,PRIOR_MONTH,Average of October-25,FALSE,,1,Item Label,Selected_Food_Report_Nov_25.zip,selected food table Nov25.xlsx,Selected Food November 2025,28,3,C28
2025-11-01,2025-11-01,PLANTAIN_RIPE,Plantain (ripe),Plantain (ripe),,,NATIONAL,Nigeria,2133.62389235034,OK,CURRENT_MONTH,Average of November-25,TRUE,,1,Item Label,Selected_Food_Report_Nov_25.zip,selected food table Nov25.xlsx,Selected Food November 2025,28,4,D28
2024-11-01,2025-11-01,PLANTAIN_UNRIPE,Plantain (unripe),Plantain (unripe),,,NATIONAL,Nigeria,1566.2,OK,YEAR_AGO,Average of November-24,FALSE,,1,Item Label,Selected_Food_Report_Nov_25.zip,selected food table Nov25.xlsx,Selected Food November 2025,29,2,B29
2025-10-01,2025-11-01,PLANTAIN_UNRIPE,Plantain (unripe),Plantain (unripe),,,NATIONAL,Nigeria,2233.5260593618405,OK,PRIOR_MONTH,Average of October-25,FALSE,,1,Item Label,Selected_Food_Report_Nov_25.zip,selected food table Nov25.xlsx,Selected Food November 2025,29,3,C29
2025-11-01,2025-11-01,PLANTAIN_UNRIPE,Plantain (unripe),Plantain (unripe),,,NATIONAL,Nigeria,2202.1300179317154,OK,CURRENT_MONTH,Average of November-25,TRUE,,1,Item Label,Selected_Food_Report_Nov_25.zip,selected food table Nov25.xlsx,Selected Food November 2025,29,4,D29
2024-11-01,2025-11-01,RICE_LOCAL_SHORT_GRAIN,"Rice Local, short-Grained","Rice Local, short-Grained",1 kg,NBS_REPORT_PDF,NATIONAL,Nigeria,1959.98,OK,YEAR_AGO,Average of November-24,FALSE,,1,Item Label,Selected_Food_Report_Nov_25.zip,selected food table Nov25.xlsx,Selected Food November 2025,30,2,B30
2025-10-01,2025-11-01,RICE_LOCAL_SHORT_GRAIN,"Rice Local, short-Grained","Rice Local, short-Grained",1 kg,NBS_REPORT_PDF,NATIONAL,Nigeria,1913.7751697182339,OK,PRIOR_MONTH,Average of October-25,FALSE,,1,Item Label,Selected_Food_Report_Nov_25.zip,selected food table Nov25.xlsx,Selected Food November 2025,30,3,C30
2025-11-01,2025-11-01,RICE_LOCAL_SHORT_GRAIN,"Rice Local, short-Grained","Rice Local, short-Grained",1 kg,NBS_REPORT_PDF,NATIONAL,Nigeria,1861.9490651433712,OK,CURRENT_MONTH,Average of November-25,TRUE,,1,Item Label,Selected_Food_Report_Nov_25.zip,selected food table Nov25.xlsx,Selected Food November 2025,30,4,D30
2024-11-01,2025-11-01,RICE_IMPORTED_LONG_GRAIN,Rice Long-Grained (Imported),Rice Long-Grained (Imported),,,NATIONAL,Nigeria,2489.15,OK,YEAR_AGO,Average of November-24,FALSE,,1,Item Label,Selected_Food_Report_Nov_25.zip,selected food table Nov25.xlsx,Selected Food November 2025,31,2,B31
2025-10-01,2025-11-01,RICE_IMPORTED_LONG_GRAIN,Rice Long-Grained (Imported),Rice Long-Grained (Imported),,,NATIONAL,Nigeria,2255.2775768973675,OK,PRIOR_MONTH,Average of October-25,FALSE,,1,Item Label,Selected_Food_Report_Nov_25.zip,selected food table Nov25.xlsx,Selected Food November 2025,31,3,C31
2025-11-01,2025-11-01,RICE_IMPORTED_LONG_GRAIN,Rice Long-Grained (Imported),Rice Long-Grained (Imported),,,NATIONAL,Nigeria,2219.547883346318,OK,CURRENT_MONTH,Average of November-25,TRUE,,1,Item Label,Selected_Food_Report_Nov_25.zip,selected food table Nov25.xlsx,Selected Food November 2025,31,4,D31
2024-11-01,2025-11-01,SEMOVITA_1KG,"Semovita, Prepacked (1kg)","Semovita, Prepacked (1kg)",1 kg,SPREADSHEET_LABEL,NATIONAL,Nigeria,,NOT_REPORTED,YEAR_AGO,Average of November-24,FALSE,,1,Item Label,Selected_Food_Report_Nov_25.zip,selected food table Nov25.xlsx,Selected Food November 2025,32,2,B32
2025-10-01,2025-11-01,SEMOVITA_1KG,"Semovita, Prepacked (1kg)","Semovita, Prepacked (1kg)",1 kg,SPREADSHEET_LABEL,NATIONAL,Nigeria,2354.2340508651146,OK,PRIOR_MONTH,Average of October-25,FALSE,,1,Item Label,Selected_Food_Report_Nov_25.zip,selected food table Nov25.xlsx,Selected Food November 2025,32,3,C32
2025-11-01,2025-11-01,SEMOVITA_1KG,"Semovita, Prepacked (1kg)","Semovita, Prepacked (1kg)",1 kg,SPREADSHEET_LABEL,NATIONAL,Nigeria,2360.4044264781337,OK,CURRENT_MONTH,Average of November-25,TRUE,,1,Item Label,Selected_Food_Report_Nov_25.zip,selected food table Nov25.xlsx,Selected Food November 2025,32,4,D32
2024-11-01,2025-11-01,FISH_SMOKED_MACKEREL,Smoked fish (Mackerel),Smoked fish (Mackerel),,,NATIONAL,Nigeria,,NOT_REPORTED,YEAR_AGO,Average of November-24,FALSE,,1,Item Label,Selected_Food_Report_Nov_25.zip,selected food table Nov25.xlsx,Selected Food November 2025,33,2,B33
2025-10-01,2025-11-01,FISH_SMOKED_MACKEREL,Smoked fish (Mackerel),Smoked fish (Mackerel),,,NATIONAL,Nigeria,6231.02169313778,OK,PRIOR_MONTH,Average of October-25,FALSE,,1,Item Label,Selected_Food_Report_Nov_25.zip,selected food table Nov25.xlsx,Selected Food November 2025,33,3,C33
2025-11-01,2025-11-01,FISH_SMOKED_MACKEREL,Smoked fish (Mackerel),Smoked fish (Mackerel),,,NATIONAL,Nigeria,6283.708479783887,OK,CURRENT_MONTH,Average of November-25,TRUE,,1,Item Label,Selected_Food_Report_Nov_25.zip,selected food table Nov25.xlsx,Selected Food November 2025,33,4,D33
2024-11-01,2025-11-01,POTATO_SWEET,Sweet potatoes,Sweet potatoes,,,NATIONAL,Nigeria,942.24,OK,YEAR_AGO,Average of November-24,FALSE,,1,Item Label,Selected_Food_Report_Nov_25.zip,selected food table Nov25.xlsx,Selected Food November 2025,34,2,B34
2025-10-01,2025-11-01,POTATO_SWEET,Sweet potatoes,Sweet potatoes,,,NATIONAL,Nigeria,838.9954456008941,OK,PRIOR_MONTH,Average of October-25,FALSE,,1,Item Label,Selected_Food_Report_Nov_25.zip,selected food table Nov25.xlsx,Selected Food November 2025,34,3,C34
2025-11-01,2025-11-01,POTATO_SWEET,Sweet potatoes,Sweet potatoes,,,NATIONAL,Nigeria,809.6818681039933,OK,CURRENT_MONTH,Average of November-25,TRUE,,1,Item Label,Selected_Food_Report_Nov_25.zip,selected food table Nov25.xlsx,Selected Food November 2025,34,4,D34
2024-11-01,2025-11-01,FISH_TILAPIA_FRESH,Tilapia fresh fish (Epiya),Tilapia fresh fish (Epiya),,,NATIONAL,Nigeria,4039.63,OK,YEAR_AGO,Average of November-24,FALSE,,1,Item Label,Selected_Food_Report_Nov_25.zip,selected food table Nov25.xlsx,Selected Food November 2025,35,2,B35
2025-10-01,2025-11-01,FISH_TILAPIA_FRESH,Tilapia fresh fish (Epiya),Tilapia fresh fish (Epiya),,,NATIONAL,Nigeria,5819.974591260185,OK,PRIOR_MONTH,Average of October-25,FALSE,,1,Item Label,Selected_Food_Report_Nov_25.zip,selected food table Nov25.xlsx,Selected Food November 2025,35,3,C35
2025-11-01,2025-11-01,FISH_TILAPIA_FRESH,Tilapia fresh fish (Epiya),Tilapia fresh fish (Epiya),,,NATIONAL,Nigeria,5880.416108810753,OK,CURRENT_MONTH,Average of November-25,TRUE,,1,Item Label,Selected_Food_Report_Nov_25.zip,selected food table Nov25.xlsx,Selected Food November 2025,35,4,D35
2024-11-01,2025-11-01,MILK_EVAP_PEAK_150G,"Tin Milk-Evaporated, Peak Milk, 150g","Tin Milk-Evaporated, Peak Milk, 150g",150 g,SPREADSHEET_LABEL,NATIONAL,Nigeria,991.2,OK,YEAR_AGO,Average of November-24,FALSE,,1,Item Label,Selected_Food_Report_Nov_25.zip,selected food table Nov25.xlsx,Selected Food November 2025,36,2,B36
2025-10-01,2025-11-01,MILK_EVAP_PEAK_150G,"Tin Milk-Evaporated, Peak Milk, 150g","Tin Milk-Evaporated, Peak Milk, 150g",150 g,SPREADSHEET_LABEL,NATIONAL,Nigeria,1058.152214365552,OK,PRIOR_MONTH,Average of October-25,FALSE,,1,Item Label,Selected_Food_Report_Nov_25.zip,selected food table Nov25.xlsx,Selected Food November 2025,36,3,C36
2025-11-01,2025-11-01,MILK_EVAP_PEAK_150G,"Tin Milk-Evaporated, Peak Milk, 150g","Tin Milk-Evaporated, Peak Milk, 150g",150 g,SPREADSHEET_LABEL,NATIONAL,Nigeria,1056.7968204249764,OK,CURRENT_MONTH,Average of November-25,TRUE,,1,Item Label,Selected_Food_Report_Nov_25.zip,selected food table Nov25.xlsx,Selected Food November 2025,36,4,D36
2024-11-01,2025-11-01,MILK_EVAP_THREECROWN_160G,"Tin Milk-Evaporated, Three Crown Milk, 160g","Tin Milk-Evaporated, Three Crown Milk, 160g",160 g,SPREADSHEET_LABEL,NATIONAL,Nigeria,,NOT_REPORTED,YEAR_AGO,Average of November-24,FALSE,,1,Item Label,Selected_Food_Report_Nov_25.zip,selected food table Nov25.xlsx,Selected Food November 2025,37,2,B37
2025-10-01,2025-11-01,MILK_EVAP_THREECROWN_160G,"Tin Milk-Evaporated, Three Crown Milk, 160g","Tin Milk-Evaporated, Three Crown Milk, 160g",160 g,SPREADSHEET_LABEL,NATIONAL,Nigeria,939.0318268341351,OK,PRIOR_MONTH,Average of October-25,FALSE,,1,Item Label,Selected_Food_Report_Nov_25.zip,selected food table Nov25.xlsx,Selected Food November 2025,37,3,C37
2025-11-01,2025-11-01,MILK_EVAP_THREECROWN_160G,"Tin Milk-Evaporated, Three Crown Milk, 160g","Tin Milk-Evaporated, Three Crown Milk, 160g",160 g,SPREADSHEET_LABEL,NATIONAL,Nigeria,950.7691424919699,OK,CURRENT_MONTH,Average of November-25,TRUE,,1,Item Label,Selected_Food_Report_Nov_25.zip,selected food table Nov25.xlsx,Selected Food November 2025,37,4,D37
2024-11-01,2025-11-01,FISH_TITUS_FROZEN,"Titus, frozen","Titus, frozen",,,NATIONAL,Nigeria,4626.82,OK,YEAR_AGO,Average of November-24,FALSE,,1,Item Label,Selected_Food_Report_Nov_25.zip,selected food table Nov25.xlsx,Selected Food November 2025,38,2,B38
2025-10-01,2025-11-01,FISH_TITUS_FROZEN,"Titus, frozen","Titus, frozen",,,NATIONAL,Nigeria,6415.748643915964,OK,PRIOR_MONTH,Average of October-25,FALSE,,1,Item Label,Selected_Food_Report_Nov_25.zip,selected food table Nov25.xlsx,Selected Food November 2025,38,3,C38
2025-11-01,2025-11-01,FISH_TITUS_FROZEN,"Titus, frozen","Titus, frozen",,,NATIONAL,Nigeria,6413.414468709263,OK,CURRENT_MONTH,Average of November-25,TRUE,,1,Item Label,Selected_Food_Report_Nov_25.zip,selected food table Nov25.xlsx,Selected Food November 2025,38,4,D38
2024-11-01,2025-11-01,TOMATOES_FRESH,"Tomatoes, fresh","Tomatoes, fresh",1 kg,NBS_REPORT_PDF,NATIONAL,Nigeria,1472.18,OK,YEAR_AGO,Average of November-24,FALSE,,1,Item Label,Selected_Food_Report_Nov_25.zip,selected food table Nov25.xlsx,Selected Food November 2025,39,2,B39
2025-10-01,2025-11-01,TOMATOES_FRESH,"Tomatoes, fresh","Tomatoes, fresh",1 kg,NBS_REPORT_PDF,NATIONAL,Nigeria,1269.1679915276582,OK,PRIOR_MONTH,Average of October-25,FALSE,,1,Item Label,Selected_Food_Report_Nov_25.zip,selected food table Nov25.xlsx,Selected Food November 2025,39,3,C39
2025-11-01,2025-11-01,TOMATOES_FRESH,"Tomatoes, fresh","Tomatoes, fresh",1 kg,NBS_REPORT_PDF,NATIONAL,Nigeria,1243.02432880054,OK,CURRENT_MONTH,Average of November-25,TRUE,,1,Item Label,Selected_Food_Report_Nov_25.zip,selected food table Nov25.xlsx,Selected Food November 2025,39,4,D39
2024-11-01,2025-11-01,VEG_OIL_75CL,"Vegetable Oil, 75cl","Vegetable Oil, 75cl",75 cl,SPREADSHEET_LABEL,NATIONAL,Nigeria,3147.05,OK,YEAR_AGO,Average of November-24,FALSE,,1,Item Label,Selected_Food_Report_Nov_25.zip,selected food table Nov25.xlsx,Selected Food November 2025,40,2,B40
2025-10-01,2025-11-01,VEG_OIL_75CL,"Vegetable Oil, 75cl","Vegetable Oil, 75cl",75 cl,SPREADSHEET_LABEL,NATIONAL,Nigeria,3204.288157128556,OK,PRIOR_MONTH,Average of October-25,FALSE,,1,Item Label,Selected_Food_Report_Nov_25.zip,selected food table Nov25.xlsx,Selected Food November 2025,40,3,C40
2025-11-01,2025-11-01,VEG_OIL_75CL,"Vegetable Oil, 75cl","Vegetable Oil, 75cl",75 cl,SPREADSHEET_LABEL,NATIONAL,Nigeria,3264.5453409004067,OK,CURRENT_MONTH,Average of November-25,TRUE,,1,Item Label,Selected_Food_Report_Nov_25.zip,selected food table Nov25.xlsx,Selected Food November 2025,40,4,D40
2024-11-01,2025-11-01,WATERMELON_WHOLE,"Watermelon whole, medium size fresh","Watermelon whole, medium size fresh",,,NATIONAL,Nigeria,,NOT_REPORTED,YEAR_AGO,Average of November-24,FALSE,,1,Item Label,Selected_Food_Report_Nov_25.zip,selected food table Nov25.xlsx,Selected Food November 2025,41,2,B41
2025-10-01,2025-11-01,WATERMELON_WHOLE,"Watermelon whole, medium size fresh","Watermelon whole, medium size fresh",,,NATIONAL,Nigeria,2073.9786009882596,OK,PRIOR_MONTH,Average of October-25,FALSE,,1,Item Label,Selected_Food_Report_Nov_25.zip,selected food table Nov25.xlsx,Selected Food November 2025,41,3,C41
2025-11-01,2025-11-01,WATERMELON_WHOLE,"Watermelon whole, medium size fresh","Watermelon whole, medium size fresh",,,NATIONAL,Nigeria,2120.923761495227,OK,CURRENT_MONTH,Average of November-25,TRUE,,1,Item Label,Selected_Food_Report_Nov_25.zip,selected food table Nov25.xlsx,Selected Food November 2025,41,4,D41
2024-11-01,2025-11-01,WHEAT_FLOUR_2KG,"Wheat Flour, Prepacked (2kg)","Wheat Flour, Prepacked (2kg)",2 kg,SPREADSHEET_LABEL,NATIONAL,Nigeria,3819.37,OK,YEAR_AGO,Average of November-24,FALSE,,1,Item Label,Selected_Food_Report_Nov_25.zip,selected food table Nov25.xlsx,Selected Food November 2025,42,2,B42
2025-10-01,2025-11-01,WHEAT_FLOUR_2KG,"Wheat Flour, Prepacked (2kg)","Wheat Flour, Prepacked (2kg)",2 kg,SPREADSHEET_LABEL,NATIONAL,Nigeria,3786.7531337822275,OK,PRIOR_MONTH,Average of October-25,FALSE,,1,Item Label,Selected_Food_Report_Nov_25.zip,selected food table Nov25.xlsx,Selected Food November 2025,42,3,C42
2025-11-01,2025-11-01,WHEAT_FLOUR_2KG,"Wheat Flour, Prepacked (2kg)","Wheat Flour, Prepacked (2kg)",2 kg,SPREADSHEET_LABEL,NATIONAL,Nigeria,3808.5363510907555,OK,CURRENT_MONTH,Average of November-25,TRUE,,1,Item Label,Selected_Food_Report_Nov_25.zip,selected food table Nov25.xlsx,Selected Food November 2025,42,4,D42
2024-11-01,2025-11-01,YAM_TUBER,Yam Tuber,Yam Tuber,1 kg,NBS_REPORT_PDF,NATIONAL,Nigeria,1836.01,OK,YEAR_AGO,Average of November-24,FALSE,,1,Item Label,Selected_Food_Report_Nov_25.zip,selected food table Nov25.xlsx,Selected Food November 2025,43,2,B43
2025-10-01,2025-11-01,YAM_TUBER,Yam Tuber,Yam Tuber,1 kg,NBS_REPORT_PDF,NATIONAL,Nigeria,2023.8335370623092,OK,PRIOR_MONTH,Average of October-25,FALSE,,1,Item Label,Selected_Food_Report_Nov_25.zip,selected food table Nov25.xlsx,Selected Food November 2025,43,3,C43
2025-11-01,2025-11-01,YAM_TUBER,Yam Tuber,Yam Tuber,1 kg,NBS_REPORT_PDF,NATIONAL,Nigeria,2035.592298029741,OK,CURRENT_MONTH,Average of November-25,TRUE,,1,Item Label,Selected_Food_Report_Nov_25.zip,selected food table Nov25.xlsx,Selected Food November 2025,43,4,D43
2024-04-01,2025-04-01,EGG_AGRIC,"Agric hen eggs,","Agric hen eggs,",,,NATIONAL,Nigeria,150.84890993392594,OK,YEAR_AGO,Average of Apr-24,FALSE,STALE_SHEET_NAME,1,Item Label,selected_food_table_Apr25.xlsx,,Selected Food Dec 2024,2,2,B2
2025-03-01,2025-04-01,EGG_AGRIC,"Agric hen eggs,","Agric hen eggs,",,,NATIONAL,Nigeria,261.1823462867568,OK,PRIOR_MONTH,Average of Mar-25,FALSE,STALE_SHEET_NAME,1,Item Label,selected_food_table_Apr25.xlsx,,Selected Food Dec 2024,2,3,C2
2025-04-01,2025-04-01,EGG_AGRIC,"Agric hen eggs,","Agric hen eggs,",,,NATIONAL,Nigeria,259.31615245998495,OK,CURRENT_MONTH,Average of Apr-25,TRUE,STALE_SHEET_NAME,1,Item Label,selected_food_table_Apr25.xlsx,,Selected Food Dec 2024,2,4,D2
2024-04-01,2025-04-01,EGG_AGRIC_CRATE30,"Agric hen eggs, (a Crate of 30 pieces)","Agric hen eggs, (a Crate of 30 pieces)",1 crate of 30 pieces,SPREADSHEET_LABEL,NATIONAL,Nigeria,,NOT_REPORTED,YEAR_AGO,Average of Apr-24,FALSE,STALE_SHEET_NAME,1,Item Label,selected_food_table_Apr25.xlsx,,Selected Food Dec 2024,3,2,B3
2025-03-01,2025-04-01,EGG_AGRIC_CRATE30,"Agric hen eggs, (a Crate of 30 pieces)","Agric hen eggs, (a Crate of 30 pieces)",1 crate of 30 pieces,SPREADSHEET_LABEL,NATIONAL,Nigeria,7670.559190085271,OK,PRIOR_MONTH,Average of Mar-25,FALSE,STALE_SHEET_NAME|NATIONAL_ABOVE_ALL_ZONES,1,Item Label,selected_food_table_Apr25.xlsx,,Selected Food Dec 2024,3,3,C3
2025-04-01,2025-04-01,EGG_AGRIC_CRATE30,"Agric hen eggs, (a Crate of 30 pieces)","Agric hen eggs, (a Crate of 30 pieces)",1 crate of 30 pieces,SPREADSHEET_LABEL,NATIONAL,Nigeria,6150.178072072072,OK,CURRENT_MONTH,Average of Apr-25,TRUE,STALE_SHEET_NAME,1,Item Label,selected_food_table_Apr25.xlsx,,Selected Food Dec 2024,3,4,D3
2024-04-01,2025-04-01,BEANS_BROWN,Beans Brown,Beans Brown,1 kg,NBS_REPORT_PDF,NATIONAL,Nigeria,1387.9030212503003,OK,YEAR_AGO,Average of Apr-24,FALSE,STALE_SHEET_NAME,1,Item Label,selected_food_table_Apr25.xlsx,,Selected Food Dec 2024,4,2,B4
2025-03-01,2025-04-01,BEANS_BROWN,Beans Brown,Beans Brown,1 kg,NBS_REPORT_PDF,NATIONAL,Nigeria,2616.263610923184,OK,PRIOR_MONTH,Average of Mar-25,FALSE,STALE_SHEET_NAME,1,Item Label,selected_food_table_Apr25.xlsx,,Selected Food Dec 2024,4,3,C4
2025-04-01,2025-04-01,BEANS_BROWN,Beans Brown,Beans Brown,1 kg,NBS_REPORT_PDF,NATIONAL,Nigeria,2429.3885720073285,OK,CURRENT_MONTH,Average of Apr-25,TRUE,STALE_SHEET_NAME,1,Item Label,selected_food_table_Apr25.xlsx,,Selected Food Dec 2024,4,4,D4
2024-04-01,2025-04-01,BEANS_WHITE,Beans white,Beans white,,,NATIONAL,Nigeria,1313.4789746048705,OK,YEAR_AGO,Average of Apr-24,FALSE,STALE_SHEET_NAME,1,Item Label,selected_food_table_Apr25.xlsx,,Selected Food Dec 2024,5,2,B5
2025-03-01,2025-04-01,BEANS_WHITE,Beans white,Beans white,,,NATIONAL,Nigeria,2215.107057094709,OK,PRIOR_MONTH,Average of Mar-25,FALSE,STALE_SHEET_NAME,1,Item Label,selected_food_table_Apr25.xlsx,,Selected Food Dec 2024,5,3,C5
2025-04-01,2025-04-01,BEANS_WHITE,Beans white,Beans white,,,NATIONAL,Nigeria,2097.309931445076,OK,CURRENT_MONTH,Average of Apr-25,TRUE,STALE_SHEET_NAME,1,Item Label,selected_food_table_Apr25.xlsx,,Selected Food Dec 2024,5,4,D5
2024-04-01,2025-04-01,BEEF_BONELESS,Beef Boneless,Beef Boneless,1 kg,NBS_REPORT_PDF,NATIONAL,Nigeria,4711.646953685974,OK,YEAR_AGO,Average of Apr-24,FALSE,STALE_SHEET_NAME,1,Item Label,selected_food_table_Apr25.xlsx,,Selected Food Dec 2024,6,2,B6
2025-03-01,2025-04-01,BEEF_BONELESS,Beef Boneless,Beef Boneless,1 kg,NBS_REPORT_PDF,NATIONAL,Nigeria,6523.500990714252,OK,PRIOR_MONTH,Average of Mar-25,FALSE,STALE_SHEET_NAME,1,Item Label,selected_food_table_Apr25.xlsx,,Selected Food Dec 2024,6,3,C6
2025-04-01,2025-04-01,BEEF_BONELESS,Beef Boneless,Beef Boneless,1 kg,NBS_REPORT_PDF,NATIONAL,Nigeria,6544.536858449178,OK,CURRENT_MONTH,Average of Apr-25,TRUE,STALE_SHEET_NAME,1,Item Label,selected_food_table_Apr25.xlsx,,Selected Food Dec 2024,6,4,D6
2024-04-01,2025-04-01,BREAD_SLICED_450G,"Bread (sliced), 450g","Bread (sliced), 450g",450 g,SPREADSHEET_LABEL,NATIONAL,Nigeria,,NOT_REPORTED,YEAR_AGO,Average of Apr-24,FALSE,STALE_SHEET_NAME,1,Item Label,selected_food_table_Apr25.xlsx,,Selected Food Dec 2024,7,2,B7
2025-03-01,2025-04-01,BREAD_SLICED_450G,"Bread (sliced), 450g","Bread (sliced), 450g",450 g,SPREADSHEET_LABEL,NATIONAL,Nigeria,1680.1746973918919,OK,PRIOR_MONTH,Average of Mar-25,FALSE,STALE_SHEET_NAME,1,Item Label,selected_food_table_Apr25.xlsx,,Selected Food Dec 2024,7,3,C7
2025-04-01,2025-04-01,BREAD_SLICED_450G,"Bread (sliced), 450g","Bread (sliced), 450g",450 g,SPREADSHEET_LABEL,NATIONAL,Nigeria,1688.3998457337566,OK,CURRENT_MONTH,Average of Apr-25,TRUE,STALE_SHEET_NAME,1,Item Label,selected_food_table_Apr25.xlsx,,Selected Food Dec 2024,7,4,D7
2024-04-01,2025-04-01,BREAD_UNSLICED_450G,"Bread (unsliced), 450g","Bread (unsliced), 450g",450 g,SPREADSHEET_LABEL,NATIONAL,Nigeria,,NOT_REPORTED,YEAR_AGO,Average of Apr-24,FALSE,STALE_SHEET_NAME,1,Item Label,selected_food_table_Apr25.xlsx,,Selected Food Dec 2024,8,2,B8
2025-03-01,2025-04-01,BREAD_UNSLICED_450G,"Bread (unsliced), 450g","Bread (unsliced), 450g",450 g,SPREADSHEET_LABEL,NATIONAL,Nigeria,1561.2438133998007,OK,PRIOR_MONTH,Average of Mar-25,FALSE,STALE_SHEET_NAME,1,Item Label,selected_food_table_Apr25.xlsx,,Selected Food Dec 2024,8,3,C8
2025-04-01,2025-04-01,BREAD_UNSLICED_450G,"Bread (unsliced), 450g","Bread (unsliced), 450g",450 g,SPREADSHEET_LABEL,NATIONAL,Nigeria,1547.5179018417966,OK,CURRENT_MONTH,Average of Apr-25,TRUE,STALE_SHEET_NAME,1,Item Label,selected_food_table_Apr25.xlsx,,Selected Food Dec 2024,8,4,D8
2024-04-01,2025-04-01,CARROTS_FRESH,"Carrots, fresh","Carrots, fresh",1 kg,NBS_REPORT_PDF,NATIONAL,Nigeria,,NOT_REPORTED,YEAR_AGO,Average of Apr-24,FALSE,STALE_SHEET_NAME,1,Item Label,selected_food_table_Apr25.xlsx,,Selected Food Dec 2024,9,2,B9
2025-03-01,2025-04-01,CARROTS_FRESH,"Carrots, fresh","Carrots, fresh",1 kg,NBS_REPORT_PDF,NATIONAL,Nigeria,1947.049737680731,OK,PRIOR_MONTH,Average of Mar-25,FALSE,STALE_SHEET_NAME,1,Item Label,selected_food_table_Apr25.xlsx,,Selected Food Dec 2024,9,3,C9
2025-04-01,2025-04-01,CARROTS_FRESH,"Carrots, fresh","Carrots, fresh",1 kg,NBS_REPORT_PDF,NATIONAL,Nigeria,1931.3178570403522,OK,CURRENT_MONTH,Average of Apr-25,TRUE,STALE_SHEET_NAME,1,Item Label,selected_food_table_Apr25.xlsx,,Selected Food Dec 2024,9,4,D9
2024-04-01,2025-04-01,FISH_CATFISH_FRESH,Cat fresh fish,Cat fresh fish,,,NATIONAL,Nigeria,3140.5331120351575,OK,YEAR_AGO,Average of Apr-24,FALSE,STALE_SHEET_NAME,1,Item Label,selected_food_table_Apr25.xlsx,,Selected Food Dec 2024,10,2,B10
2025-03-01,2025-04-01,FISH_CATFISH_FRESH,Cat fresh fish,Cat fresh fish,,,NATIONAL,Nigeria,5507.109940563151,OK,PRIOR_MONTH,Average of Mar-25,FALSE,STALE_SHEET_NAME,1,Item Label,selected_food_table_Apr25.xlsx,,Selected Food Dec 2024,10,3,C10
2025-04-01,2025-04-01,FISH_CATFISH_FRESH,Cat fresh fish,Cat fresh fish,,,NATIONAL,Nigeria,5572.493422580557,OK,CURRENT_MONTH,Average of Apr-25,TRUE,STALE_SHEET_NAME,1,Item Label,selected_food_table_Apr25.xlsx,,Selected Food Dec 2024,10,4,D10
2024-04-01,2025-04-01,CHICKEN_FEET,Chicken feet,Chicken feet,,,NATIONAL,Nigeria,2660.897075167064,OK,YEAR_AGO,Average of Apr-24,FALSE,STALE_SHEET_NAME,1,Item Label,selected_food_table_Apr25.xlsx,,Selected Food Dec 2024,11,2,B11
2025-03-01,2025-04-01,CHICKEN_FEET,Chicken feet,Chicken feet,,,NATIONAL,Nigeria,3487.0587798892566,OK,PRIOR_MONTH,Average of Mar-25,FALSE,STALE_SHEET_NAME,1,Item Label,selected_food_table_Apr25.xlsx,,Selected Food Dec 2024,11,3,C11
2025-04-01,2025-04-01,CHICKEN_FEET,Chicken feet,Chicken feet,,,NATIONAL,Nigeria,3502.6970441309572,OK,CURRENT_MONTH,Average of Apr-25,TRUE,STALE_SHEET_NAME,1,Item Label,selected_food_table_Apr25.xlsx,,Selected Food Dec 2024,11,4,D11
2024-04-01,2025-04-01,CHICKEN_MEAT_FROZEN,Chicken meat (Frozen),Chicken meat (Frozen),,,NATIONAL,Nigeria,4829.13076813042,OK,YEAR_AGO,Average of Apr-24,FALSE,STALE_SHEET_NAME,1,Item Label,selected_food_table_Apr25.xlsx,,Selected Food Dec 2024,12,2,B12
2025-03-01,2025-04-01,CHICKEN_MEAT_FROZEN,Chicken meat (Frozen),Chicken meat (Frozen),,,NATIONAL,Nigeria,5675.675675675676,OK,PRIOR_MONTH,Average of Mar-25,FALSE,STALE_SHEET_NAME,1,Item Label,selected_food_table_Apr25.xlsx,,Selected Food Dec 2024,12,3,C12
2025-04-01,2025-04-01,CHICKEN_MEAT_FROZEN,Chicken meat (Frozen),Chicken meat (Frozen),,,NATIONAL,Nigeria,5740.149243826533,OK,CURRENT_MONTH,Average of Apr-25,TRUE,STALE_SHEET_NAME,1,Item Label,selected_food_table_Apr25.xlsx,,Selected Food Dec 2024,12,4,D12
2024-04-01,2025-04-01,CHICKEN_WINGS,Chicken Wings,Chicken Wings,,,NATIONAL,Nigeria,3330.3014098634035,OK,YEAR_AGO,Average of Apr-24,FALSE,STALE_SHEET_NAME,1,Item Label,selected_food_table_Apr25.xlsx,,Selected Food Dec 2024,13,2,B13
2025-03-01,2025-04-01,CHICKEN_WINGS,Chicken Wings,Chicken Wings,,,NATIONAL,Nigeria,4671.313314349039,OK,PRIOR_MONTH,Average of Mar-25,FALSE,STALE_SHEET_NAME,1,Item Label,selected_food_table_Apr25.xlsx,,Selected Food Dec 2024,13,3,C13
2025-04-01,2025-04-01,CHICKEN_WINGS,Chicken Wings,Chicken Wings,,,NATIONAL,Nigeria,4771.9236733382295,OK,CURRENT_MONTH,Average of Apr-25,TRUE,STALE_SHEET_NAME,1,Item Label,selected_food_table_Apr25.xlsx,,Selected Food Dec 2024,13,4,D13
2024-04-01,2025-04-01,CRAYFISH_SMALL_WHITE,Cray fish small white,Cray fish small white,1 kg,NBS_REPORT_PDF,NATIONAL,Nigeria,,NOT_REPORTED,YEAR_AGO,Average of Apr-24,FALSE,STALE_SHEET_NAME,1,Item Label,selected_food_table_Apr25.xlsx,,Selected Food Dec 2024,14,2,B14
2025-03-01,2025-04-01,CRAYFISH_SMALL_WHITE,Cray fish small white,Cray fish small white,1 kg,NBS_REPORT_PDF,NATIONAL,Nigeria,6657.002535356239,OK,PRIOR_MONTH,Average of Mar-25,FALSE,STALE_SHEET_NAME,1,Item Label,selected_food_table_Apr25.xlsx,,Selected Food Dec 2024,14,3,C14
2025-04-01,2025-04-01,CRAYFISH_SMALL_WHITE,Cray fish small white,Cray fish small white,1 kg,NBS_REPORT_PDF,NATIONAL,Nigeria,6655.661528806915,OK,CURRENT_MONTH,Average of Apr-25,TRUE,STALE_SHEET_NAME,1,Item Label,selected_food_table_Apr25.xlsx,,Selected Food Dec 2024,14,4,D14
2024-04-01,2025-04-01,FISH_DRIED_BONGA,"Dried fish, Bonga","Dried fish, Bonga",,,NATIONAL,Nigeria,,NOT_REPORTED,YEAR_AGO,Average of Apr-24,FALSE,STALE_SHEET_NAME,1,Item Label,selected_food_table_Apr25.xlsx,,Selected Food Dec 2024,15,2,B15
2025-03-01,2025-04-01,FISH_DRIED_BONGA,"Dried fish, Bonga","Dried fish, Bonga",,,NATIONAL,Nigeria,6493.784328495541,OK,PRIOR_MONTH,Average of Mar-25,FALSE,STALE_SHEET_NAME,1,Item Label,selected_food_table_Apr25.xlsx,,Selected Food Dec 2024,15,3,C15
2025-04-01,2025-04-01,FISH_DRIED_BONGA,"Dried fish, Bonga","Dried fish, Bonga",,,NATIONAL,Nigeria,6657.742776414057,OK,CURRENT_MONTH,Average of Apr-25,TRUE,STALE_SHEET_NAME,1,Item Label,selected_food_table_Apr25.xlsx,,Selected Food Dec 2024,15,4,D15
2024-04-01,2025-04-01,GARRI_WHITE,Garri white,Garri white,1 kg,NBS_REPORT_PDF,NATIONAL,Nigeria,851.808590114912,OK,YEAR_AGO,Average of Apr-24,FALSE,STALE_SHEET_NAME,1,Item Label,selected_food_table_Apr25.xlsx,,Selected Food Dec 2024,16,2,B16
2025-03-01,2025-04-01,GARRI_WHITE,Garri white,Garri white,1 kg,NBS_REPORT_PDF,NATIONAL,Nigeria,1362.95931475153,OK,PRIOR_MONTH,Average of Mar-25,FALSE,STALE_SHEET_NAME,1,Item Label,selected_food_table_Apr25.xlsx,,Selected Food Dec 2024,16,3,C16
2025-04-01,2025-04-01,GARRI_WHITE,Garri white,Garri white,1 kg,NBS_REPORT_PDF,NATIONAL,Nigeria,1345.0978505148996,OK,CURRENT_MONTH,Average of Apr-25,TRUE,STALE_SHEET_NAME,1,Item Label,selected_food_table_Apr25.xlsx,,Selected Food Dec 2024,16,4,D16
2024-04-01,2025-04-01,GARRI_YELLOW,Garri Yellow,Garri Yellow,,,NATIONAL,Nigeria,909.765922367583,OK,YEAR_AGO,Average of Apr-24,FALSE,STALE_SHEET_NAME,1,Item Label,selected_food_table_Apr25.xlsx,,Selected Food Dec 2024,17,2,B17
2025-03-01,2025-04-01,GARRI_YELLOW,Garri Yellow,Garri Yellow,,,NATIONAL,Nigeria,1456.6512649646875,OK,PRIOR_MONTH,Average of Mar-25,FALSE,STALE_SHEET_NAME,1,Item Label,selected_food_table_Apr25.xlsx,,Selected Food Dec 2024,17,3,C17
2025-04-01,2025-04-01,GARRI_YELLOW,Garri Yellow,Garri Yellow,,,NATIONAL,Nigeria,1422.3398477023618,OK,CURRENT_MONTH,Average of Apr-25,TRUE,STALE_SHEET_NAME,1,Item Label,selected_food_table_Apr25.xlsx,,Selected Food Dec 2024,17,4,D17
2024-04-01,2025-04-01,GINGER_FRESH,"Ginger, fresh","Ginger, fresh",1 kg,NBS_REPORT_PDF,NATIONAL,Nigeria,,NOT_REPORTED,YEAR_AGO,Average of Apr-24,FALSE,STALE_SHEET_NAME,1,Item Label,selected_food_table_Apr25.xlsx,,Selected Food Dec 2024,18,2,B18
2025-03-01,2025-04-01,GINGER_FRESH,"Ginger, fresh","Ginger, fresh",1 kg,NBS_REPORT_PDF,NATIONAL,Nigeria,4600.230818051035,OK,PRIOR_MONTH,Average of Mar-25,FALSE,STALE_SHEET_NAME,1,Item Label,selected_food_table_Apr25.xlsx,,Selected Food Dec 2024,18,3,C18
2025-04-01,2025-04-01,GINGER_FRESH,"Ginger, fresh","Ginger, fresh",1 kg,NBS_REPORT_PDF,NATIONAL,Nigeria,4970.658842575682,OK,CURRENT_MONTH,Average of Apr-25,TRUE,STALE_SHEET_NAME,1,Item Label,selected_food_table_Apr25.xlsx,,Selected Food Dec 2024,18,4,D18
2024-04-01,2025-04-01,GOAT_MEAT_BONE_IN,Goat Meat Bone in,Goat Meat Bone in,,,NATIONAL,Nigeria,,NOT_REPORTED,YEAR_AGO,Average of Apr-24,FALSE,STALE_SHEET_NAME,1,Item Label,selected_food_table_Apr25.xlsx,,Selected Food Dec 2024,19,2,B19
2025-03-01,2025-04-01,GOAT_MEAT_BONE_IN,Goat Meat Bone in,Goat Meat Bone in,,,NATIONAL,Nigeria,6892.462295546797,OK,PRIOR_MONTH,Average of Mar-25,FALSE,STALE_SHEET_NAME,1,Item Label,selected_food_table_Apr25.xlsx,,Selected Food Dec 2024,19,3,C19
2025-04-01,2025-04-01,GOAT_MEAT_BONE_IN,Goat Meat Bone in,Goat Meat Bone in,,,NATIONAL,Nigeria,6708.452752046177,OK,CURRENT_MONTH,Average of Apr-25,TRUE,STALE_SHEET_NAME,1,Item Label,selected_food_table_Apr25.xlsx,,Selected Food Dec 2024,19,4,D19
2024-04-01,2025-04-01,GROUNDNUT_OIL_75CL,"Groundnut oil, 75cl","Groundnut oil, 75cl",75 cl,SPREADSHEET_LABEL,NATIONAL,Nigeria,,NOT_REPORTED,YEAR_AGO,Average of Apr-24,FALSE,STALE_SHEET_NAME,1,Item Label,selected_food_table_Apr25.xlsx,,Selected Food Dec 2024,20,2,B20
2025-03-01,2025-04-01,GROUNDNUT_OIL_75CL,"Groundnut oil, 75cl","Groundnut oil, 75cl",75 cl,SPREADSHEET_LABEL,NATIONAL,Nigeria,3218.8178332615544,OK,PRIOR_MONTH,Average of Mar-25,FALSE,STALE_SHEET_NAME,1,Item Label,selected_food_table_Apr25.xlsx,,Selected Food Dec 2024,20,3,C20
2025-04-01,2025-04-01,GROUNDNUT_OIL_75CL,"Groundnut oil, 75cl","Groundnut oil, 75cl",75 cl,SPREADSHEET_LABEL,NATIONAL,Nigeria,3250.319134382641,OK,CURRENT_MONTH,Average of Apr-25,TRUE,STALE_SHEET_NAME,1,Item Label,selected_food_table_Apr25.xlsx,,Selected Food Dec 2024,20,4,D20
2024-04-01,2025-04-01,GROUNDNUTS_ROASTED_75CL,"Groundnuts, roasted,75cl bottle","Groundnuts, roasted,75cl bottle",75 cl bottle,SPREADSHEET_LABEL,NATIONAL,Nigeria,,NOT_REPORTED,YEAR_AGO,Average of Apr-24,FALSE,STALE_SHEET_NAME,1,Item Label,selected_food_table_Apr25.xlsx,,Selected Food Dec 2024,21,2,B21
2025-03-01,2025-04-01,GROUNDNUTS_ROASTED_75CL,"Groundnuts, roasted,75cl bottle","Groundnuts, roasted,75cl bottle",75 cl bottle,SPREADSHEET_LABEL,NATIONAL,Nigeria,2487.6765241772973,OK,PRIOR_MONTH,Average of Mar-25,FALSE,STALE_SHEET_NAME,1,Item Label,selected_food_table_Apr25.xlsx,,Selected Food Dec 2024,21,3,C21
2025-04-01,2025-04-01,GROUNDNUTS_ROASTED_75CL,"Groundnuts, roasted,75cl bottle","Groundnuts, roasted,75cl bottle",75 cl bottle,SPREADSHEET_LABEL,NATIONAL,Nigeria,2545.7164478089503,OK,CURRENT_MONTH,Average of Apr-25,TRUE,STALE_SHEET_NAME,1,Item Label,selected_food_table_Apr25.xlsx,,Selected Food Dec 2024,21,4,D21
2024-04-01,2025-04-01,POTATO_IRISH,Irish Potatoe,Irish Potatoe,1 kg,NBS_REPORT_PDF,NATIONAL,Nigeria,1413.56536354201,OK,YEAR_AGO,Average of Apr-24,FALSE,STALE_SHEET_NAME,1,Item Label,selected_food_table_Apr25.xlsx,,Selected Food Dec 2024,22,2,B22
2025-03-01,2025-04-01,POTATO_IRISH,Irish Potatoe,Irish Potatoe,1 kg,NBS_REPORT_PDF,NATIONAL,Nigeria,1881.7562755561667,OK,PRIOR_MONTH,Average of Mar-25,FALSE,STALE_SHEET_NAME,1,Item Label,selected_food_table_Apr25.xlsx,,Selected Food Dec 2024,22,3,C22
2025-04-01,2025-04-01,POTATO_IRISH,Irish Potatoe,Irish Potatoe,1 kg,NBS_REPORT_PDF,NATIONAL,Nigeria,1948.6077123661707,OK,CURRENT_MONTH,Average of Apr-25,TRUE,STALE_SHEET_NAME,1,Item Label,selected_food_table_Apr25.xlsx,,Selected Food Dec 2024,22,4,D22
2024-04-01,2025-04-01,RICE_LOCAL_BROKEN,Local Rice (Broken),Local Rice (Broken),,,NATIONAL,Nigeria,,NOT_REPORTED,YEAR_AGO,Average of Apr-24,FALSE,STALE_SHEET_NAME,1,Item Label,selected_food_table_Apr25.xlsx,,Selected Food Dec 2024,23,2,B23
2025-03-01,2025-04-01,RICE_LOCAL_BROKEN,Local Rice (Broken),Local Rice (Broken),,,NATIONAL,Nigeria,2671.7289628642798,OK,PRIOR_MONTH,Average of Mar-25,FALSE,STALE_SHEET_NAME,1,Item Label,selected_food_table_Apr25.xlsx,,Selected Food Dec 2024,23,3,C23
2025-04-01,2025-04-01,RICE_LOCAL_BROKEN,Local Rice (Broken),Local Rice (Broken),,,NATIONAL,Nigeria,2517.8856093511167,OK,CURRENT_MONTH,Average of Apr-25,TRUE,STALE_SHEET_NAME,1,Item Label,selected_food_table_Apr25.xlsx,,Selected Food Dec 2024,23,4,D23
2024-04-01,2025-04-01,FISH_MACKEREL_FROZEN,"Mackerel, Frozen","Mackerel, Frozen",,,NATIONAL,Nigeria,3224.985167152322,OK,YEAR_AGO,Average of Apr-24,FALSE,STALE_SHEET_NAME,1,Item Label,selected_food_table_Apr25.xlsx,,Selected Food Dec 2024,24,2,B24
2025-03-01,2025-04-01,FISH_MACKEREL_FROZEN,"Mackerel, Frozen","Mackerel, Frozen",,,NATIONAL,Nigeria,5482.632785948785,OK,PRIOR_MONTH,Average of Mar-25,FALSE,STALE_SHEET_NAME,1,Item Label,selected_food_table_Apr25.xlsx,,Selected Food Dec 2024,24,3,C24
2025-04-01,2025-04-01,FISH_MACKEREL_FROZEN,"Mackerel, Frozen","Mackerel, Frozen",,,NATIONAL,Nigeria,5417.3963473999565,OK,CURRENT_MONTH,Average of Apr-25,TRUE,STALE_SHEET_NAME,1,Item Label,selected_food_table_Apr25.xlsx,,Selected Food Dec 2024,24,4,D24
2024-04-01,2025-04-01,MAIZE_GRAIN_WHITE_LOOSE,Maize (Corn) Grains (White) sold loose,Maize (Corn) Grains (White) sold loose,1 kg,NBS_REPORT_PDF,NATIONAL,Nigeria,797.6092865101311,OK,YEAR_AGO,Average of Apr-24,FALSE,STALE_SHEET_NAME,1,Item Label,selected_food_table_Apr25.xlsx,,Selected Food Dec 2024,25,2,B25
2025-03-01,2025-04-01,MAIZE_GRAIN_WHITE_LOOSE,Maize (Corn) Grains (White) sold loose,Maize (Corn) Grains (White) sold loose,1 kg,NBS_REPORT_PDF,NATIONAL,Nigeria,1278.7595198008491,OK,PRIOR_MONTH,Average of Mar-25,FALSE,STALE_SHEET_NAME,1,Item Label,selected_food_table_Apr25.xlsx,,Selected Food Dec 2024,25,3,C25
2025-04-01,2025-04-01,MAIZE_GRAIN_WHITE_LOOSE,Maize (Corn) Grains (White) sold loose,Maize (Corn) Grains (White) sold loose,1 kg,NBS_REPORT_PDF,NATIONAL,Nigeria,1239.6096604979955,OK,CURRENT_MONTH,Average of Apr-25,TRUE,STALE_SHEET_NAME,1,Item Label,selected_food_table_Apr25.xlsx,,Selected Food Dec 2024,25,4,D25
2024-04-01,2025-04-01,ONIONS_FRESH,"Onions, fresh","Onions, fresh",1 kg,NBS_REPORT_PDF,NATIONAL,Nigeria,1018.8331855140067,OK,YEAR_AGO,Average of Apr-24,FALSE,STALE_SHEET_NAME,1,Item Label,selected_food_table_Apr25.xlsx,,Selected Food Dec 2024,26,2,B26
2025-03-01,2025-04-01,ONIONS_FRESH,"Onions, fresh","Onions, fresh",1 kg,NBS_REPORT_PDF,NATIONAL,Nigeria,1434.8498267248613,OK,PRIOR_MONTH,Average of Mar-25,FALSE,STALE_SHEET_NAME,1,Item Label,selected_food_table_Apr25.xlsx,,Selected Food Dec 2024,26,3,C26
2025-04-01,2025-04-01,ONIONS_FRESH,"Onions, fresh","Onions, fresh",1 kg,NBS_REPORT_PDF,NATIONAL,Nigeria,1503.5644918098744,OK,CURRENT_MONTH,Average of Apr-25,TRUE,STALE_SHEET_NAME,1,Item Label,selected_food_table_Apr25.xlsx,,Selected Food Dec 2024,26,4,D26
2024-04-01,2025-04-01,PALM_OIL_75CL,"Palm oil, 75cl","Palm oil, 75cl",75 cl,SPREADSHEET_LABEL,NATIONAL,Nigeria,1634.054028721901,OK,YEAR_AGO,Average of Apr-24,FALSE,STALE_SHEET_NAME,1,Item Label,selected_food_table_Apr25.xlsx,,Selected Food Dec 2024,27,2,B27
2025-03-01,2025-04-01,PALM_OIL_75CL,"Palm oil, 75cl","Palm oil, 75cl",75 cl,SPREADSHEET_LABEL,NATIONAL,Nigeria,2511.7729143043784,OK,PRIOR_MONTH,Average of Mar-25,FALSE,STALE_SHEET_NAME,1,Item Label,selected_food_table_Apr25.xlsx,,Selected Food Dec 2024,27,3,C27
2025-04-01,2025-04-01,PALM_OIL_75CL,"Palm oil, 75cl","Palm oil, 75cl",75 cl,SPREADSHEET_LABEL,NATIONAL,Nigeria,2516.3571664481105,OK,CURRENT_MONTH,Average of Apr-25,TRUE,STALE_SHEET_NAME,1,Item Label,selected_food_table_Apr25.xlsx,,Selected Food Dec 2024,27,4,D27
2024-04-01,2025-04-01,PLANTAIN_RIPE,Plantain (ripe),Plantain (ripe),,,NATIONAL,Nigeria,1009.052271765775,OK,YEAR_AGO,Average of Apr-24,FALSE,STALE_SHEET_NAME,1,Item Label,selected_food_table_Apr25.xlsx,,Selected Food Dec 2024,28,2,B28
2025-03-01,2025-04-01,PLANTAIN_RIPE,Plantain (ripe),Plantain (ripe),,,NATIONAL,Nigeria,2002.584171777326,OK,PRIOR_MONTH,Average of Mar-25,FALSE,STALE_SHEET_NAME,1,Item Label,selected_food_table_Apr25.xlsx,,Selected Food Dec 2024,28,3,C28
2025-04-01,2025-04-01,PLANTAIN_RIPE,Plantain (ripe),Plantain (ripe),,,NATIONAL,Nigeria,2057.3966196227657,OK,CURRENT_MONTH,Average of Apr-25,TRUE,STALE_SHEET_NAME,1,Item Label,selected_food_table_Apr25.xlsx,,Selected Food Dec 2024,28,4,D28
2024-04-01,2025-04-01,PLANTAIN_UNRIPE,Plantain (unripe),Plantain (unripe),,,NATIONAL,Nigeria,1000.4077025281122,OK,YEAR_AGO,Average of Apr-24,FALSE,STALE_SHEET_NAME,1,Item Label,selected_food_table_Apr25.xlsx,,Selected Food Dec 2024,29,2,B29
2025-03-01,2025-04-01,PLANTAIN_UNRIPE,Plantain (unripe),Plantain (unripe),,,NATIONAL,Nigeria,2214.565279777661,OK,PRIOR_MONTH,Average of Mar-25,FALSE,STALE_SHEET_NAME,1,Item Label,selected_food_table_Apr25.xlsx,,Selected Food Dec 2024,29,3,C29
2025-04-01,2025-04-01,PLANTAIN_UNRIPE,Plantain (unripe),Plantain (unripe),,,NATIONAL,Nigeria,2231.8082619367033,OK,CURRENT_MONTH,Average of Apr-25,TRUE,STALE_SHEET_NAME,1,Item Label,selected_food_table_Apr25.xlsx,,Selected Food Dec 2024,29,4,D29
2024-04-01,2025-04-01,RICE_LOCAL_SHORT_GRAIN,"Rice Local, short-Grained","Rice Local, short-Grained",1 kg,NBS_REPORT_PDF,NATIONAL,Nigeria,1399.340800116044,OK,YEAR_AGO,Average of Apr-24,FALSE,STALE_SHEET_NAME,1,Item Label,selected_food_table_Apr25.xlsx,,Selected Food Dec 2024,30,2,B30
2025-03-01,2025-04-01,RICE_LOCAL_SHORT_GRAIN,"Rice Local, short-Grained","Rice Local, short-Grained",1 kg,NBS_REPORT_PDF,NATIONAL,Nigeria,2242.6382187062827,OK,PRIOR_MONTH,Average of Mar-25,FALSE,STALE_SHEET_NAME,1,Item Label,selected_food_table_Apr25.xlsx,,Selected Food Dec 2024,30,3,C30
2025-04-01,2025-04-01,RICE_LOCAL_SHORT_GRAIN,"Rice Local, short-Grained","Rice Local, short-Grained",1 kg,NBS_REPORT_PDF,NATIONAL,Nigeria,2144.0498599702564,OK,CURRENT_MONTH,Average of Apr-25,TRUE,STALE_SHEET_NAME,1,Item Label,selected_food_table_Apr25.xlsx,,Selected Food Dec 2024,30,4,D30
2024-04-01,2025-04-01,RICE_IMPORTED_LONG_GRAIN,Rice Long-Grained (Imported),Rice Long-Grained (Imported),,,NATIONAL,Nigeria,1771.5635205881172,OK,YEAR_AGO,Average of Apr-24,FALSE,STALE_SHEET_NAME,1,Item Label,selected_food_table_Apr25.xlsx,,Selected Food Dec 2024,31,2,B31
2025-03-01,2025-04-01,RICE_IMPORTED_LONG_GRAIN,Rice Long-Grained (Imported),Rice Long-Grained (Imported),,,NATIONAL,Nigeria,2679.5060014625356,OK,PRIOR_MONTH,Average of Mar-25,FALSE,STALE_SHEET_NAME,1,Item Label,selected_food_table_Apr25.xlsx,,Selected Food Dec 2024,31,3,C31
2025-04-01,2025-04-01,RICE_IMPORTED_LONG_GRAIN,Rice Long-Grained (Imported),Rice Long-Grained (Imported),,,NATIONAL,Nigeria,2574.114841876285,OK,CURRENT_MONTH,Average of Apr-25,TRUE,STALE_SHEET_NAME,1,Item Label,selected_food_table_Apr25.xlsx,,Selected Food Dec 2024,31,4,D31
2024-04-01,2025-04-01,SEMOVITA_1KG,"Semovita, Prepacked (1kg)","Semovita, Prepacked (1kg)",1 kg,SPREADSHEET_LABEL,NATIONAL,Nigeria,,NOT_REPORTED,YEAR_AGO,Average of Apr-24,FALSE,STALE_SHEET_NAME,1,Item Label,selected_food_table_Apr25.xlsx,,Selected Food Dec 2024,32,2,B32
2025-03-01,2025-04-01,SEMOVITA_1KG,"Semovita, Prepacked (1kg)","Semovita, Prepacked (1kg)",1 kg,SPREADSHEET_LABEL,NATIONAL,Nigeria,2173.1178654254054,OK,PRIOR_MONTH,Average of Mar-25,FALSE,STALE_SHEET_NAME,1,Item Label,selected_food_table_Apr25.xlsx,,Selected Food Dec 2024,32,3,C32
2025-04-01,2025-04-01,SEMOVITA_1KG,"Semovita, Prepacked (1kg)","Semovita, Prepacked (1kg)",1 kg,SPREADSHEET_LABEL,NATIONAL,Nigeria,2257.1981600205663,OK,CURRENT_MONTH,Average of Apr-25,TRUE,STALE_SHEET_NAME,1,Item Label,selected_food_table_Apr25.xlsx,,Selected Food Dec 2024,32,4,D32
2024-04-01,2025-04-01,FISH_SMOKED_MACKEREL,Smoked fish (Mackerel),Smoked fish (Mackerel),,,NATIONAL,Nigeria,,NOT_REPORTED,YEAR_AGO,Average of Apr-24,FALSE,STALE_SHEET_NAME,1,Item Label,selected_food_table_Apr25.xlsx,,Selected Food Dec 2024,33,2,B33
2025-03-01,2025-04-01,FISH_SMOKED_MACKEREL,Smoked fish (Mackerel),Smoked fish (Mackerel),,,NATIONAL,Nigeria,5752.75512147591,OK,PRIOR_MONTH,Average of Mar-25,FALSE,STALE_SHEET_NAME,1,Item Label,selected_food_table_Apr25.xlsx,,Selected Food Dec 2024,33,3,C33
2025-04-01,2025-04-01,FISH_SMOKED_MACKEREL,Smoked fish (Mackerel),Smoked fish (Mackerel),,,NATIONAL,Nigeria,5920.837282189649,OK,CURRENT_MONTH,Average of Apr-25,TRUE,STALE_SHEET_NAME,1,Item Label,selected_food_table_Apr25.xlsx,,Selected Food Dec 2024,33,4,D33
2024-04-01,2025-04-01,POTATO_SWEET,Sweet potatoes,Sweet potatoes,,,NATIONAL,Nigeria,807.3489329399551,OK,YEAR_AGO,Average of Apr-24,FALSE,STALE_SHEET_NAME,1,Item Label,selected_food_table_Apr25.xlsx,,Selected Food Dec 2024,34,2,B34
2025-03-01,2025-04-01,POTATO_SWEET,Sweet potatoes,Sweet potatoes,,,NATIONAL,Nigeria,909.8848797793393,OK,PRIOR_MONTH,Average of Mar-25,FALSE,STALE_SHEET_NAME,1,Item Label,selected_food_table_Apr25.xlsx,,Selected Food Dec 2024,34,3,C34
2025-04-01,2025-04-01,POTATO_SWEET,Sweet potatoes,Sweet potatoes,,,NATIONAL,Nigeria,938.4237846517723,OK,CURRENT_MONTH,Average of Apr-25,TRUE,STALE_SHEET_NAME,1,Item Label,selected_food_table_Apr25.xlsx,,Selected Food Dec 2024,34,4,D34
2024-04-01,2025-04-01,FISH_TILAPIA_FRESH,Tilapia fresh fish (Epiya),Tilapia fresh fish (Epiya),,,NATIONAL,Nigeria,2828.874746765632,OK,YEAR_AGO,Average of Apr-24,FALSE,STALE_SHEET_NAME,1,Item Label,selected_food_table_Apr25.xlsx,,Selected Food Dec 2024,35,2,B35
2025-03-01,2025-04-01,FISH_TILAPIA_FRESH,Tilapia fresh fish (Epiya),Tilapia fresh fish (Epiya),,,NATIONAL,Nigeria,5459.042142929825,OK,PRIOR_MONTH,Average of Mar-25,FALSE,STALE_SHEET_NAME,1,Item Label,selected_food_table_Apr25.xlsx,,Selected Food Dec 2024,35,3,C35
2025-04-01,2025-04-01,FISH_TILAPIA_FRESH,Tilapia fresh fish (Epiya),Tilapia fresh fish (Epiya),,,NATIONAL,Nigeria,5489.282024685323,OK,CURRENT_MONTH,Average of Apr-25,TRUE,STALE_SHEET_NAME,1,Item Label,selected_food_table_Apr25.xlsx,,Selected Food Dec 2024,35,4,D35
2024-04-01,2025-04-01,MILK_EVAP_PEAK_150G,"Tin Milk-Evaporated, Peak Milk, 150g","Tin Milk-Evaporated, Peak Milk, 150g",150 g,SPREADSHEET_LABEL,NATIONAL,Nigeria,725.7396874710564,OK,YEAR_AGO,Average of Apr-24,FALSE,STALE_SHEET_NAME,1,Item Label,selected_food_table_Apr25.xlsx,,Selected Food Dec 2024,36,2,B36
2025-03-01,2025-04-01,MILK_EVAP_PEAK_150G,"Tin Milk-Evaporated, Peak Milk, 150g","Tin Milk-Evaporated, Peak Milk, 150g",150 g,SPREADSHEET_LABEL,NATIONAL,Nigeria,999.1796744651351,OK,PRIOR_MONTH,Average of Mar-25,FALSE,STALE_SHEET_NAME,1,Item Label,selected_food_table_Apr25.xlsx,,Selected Food Dec 2024,36,3,C36
2025-04-01,2025-04-01,MILK_EVAP_PEAK_150G,"Tin Milk-Evaporated, Peak Milk, 150g","Tin Milk-Evaporated, Peak Milk, 150g",150 g,SPREADSHEET_LABEL,NATIONAL,Nigeria,994.191736164736,OK,CURRENT_MONTH,Average of Apr-25,TRUE,STALE_SHEET_NAME,1,Item Label,selected_food_table_Apr25.xlsx,,Selected Food Dec 2024,36,4,D36
2024-04-01,2025-04-01,MILK_EVAP_THREECROWN_160G,"Tin Milk-Evaporated, Three Crown Milk, 160g","Tin Milk-Evaporated, Three Crown Milk, 160g",160 g,SPREADSHEET_LABEL,NATIONAL,Nigeria,,NOT_REPORTED,YEAR_AGO,Average of Apr-24,FALSE,STALE_SHEET_NAME,1,Item Label,selected_food_table_Apr25.xlsx,,Selected Food Dec 2024,37,2,B37
2025-03-01,2025-04-01,MILK_EVAP_THREECROWN_160G,"Tin Milk-Evaporated, Three Crown Milk, 160g","Tin Milk-Evaporated, Three Crown Milk, 160g",160 g,SPREADSHEET_LABEL,NATIONAL,Nigeria,872.1352708081082,OK,PRIOR_MONTH,Average of Mar-25,FALSE,STALE_SHEET_NAME,1,Item Label,selected_food_table_Apr25.xlsx,,Selected Food Dec 2024,37,3,C37
2025-04-01,2025-04-01,MILK_EVAP_THREECROWN_160G,"Tin Milk-Evaporated, Three Crown Milk, 160g","Tin Milk-Evaporated, Three Crown Milk, 160g",160 g,SPREADSHEET_LABEL,NATIONAL,Nigeria,888.9103697335029,OK,CURRENT_MONTH,Average of Apr-25,TRUE,STALE_SHEET_NAME,1,Item Label,selected_food_table_Apr25.xlsx,,Selected Food Dec 2024,37,4,D37
2024-04-01,2025-04-01,FISH_TITUS_FROZEN,"Titus, frozen","Titus, frozen",,,NATIONAL,Nigeria,3395.049319691122,OK,YEAR_AGO,Average of Apr-24,FALSE,STALE_SHEET_NAME,1,Item Label,selected_food_table_Apr25.xlsx,,Selected Food Dec 2024,38,2,B38
2025-03-01,2025-04-01,FISH_TITUS_FROZEN,"Titus, frozen","Titus, frozen",,,NATIONAL,Nigeria,5860.007123733654,OK,PRIOR_MONTH,Average of Mar-25,FALSE,STALE_SHEET_NAME,1,Item Label,selected_food_table_Apr25.xlsx,,Selected Food Dec 2024,38,3,C38
2025-04-01,2025-04-01,FISH_TITUS_FROZEN,"Titus, frozen","Titus, frozen",,,NATIONAL,Nigeria,5939.287288693675,OK,CURRENT_MONTH,Average of Apr-25,TRUE,STALE_SHEET_NAME,1,Item Label,selected_food_table_Apr25.xlsx,,Selected Food Dec 2024,38,4,D38
2024-04-01,2025-04-01,TOMATOES_FRESH,"Tomatoes, fresh","Tomatoes, fresh",1 kg,NBS_REPORT_PDF,NATIONAL,Nigeria,1123.4134982294665,OK,YEAR_AGO,Average of Apr-24,FALSE,STALE_SHEET_NAME,1,Item Label,selected_food_table_Apr25.xlsx,,Selected Food Dec 2024,39,2,B39
2025-03-01,2025-04-01,TOMATOES_FRESH,"Tomatoes, fresh","Tomatoes, fresh",1 kg,NBS_REPORT_PDF,NATIONAL,Nigeria,1157.3457186910782,OK,PRIOR_MONTH,Average of Mar-25,FALSE,STALE_SHEET_NAME,1,Item Label,selected_food_table_Apr25.xlsx,,Selected Food Dec 2024,39,3,C39
2025-04-01,2025-04-01,TOMATOES_FRESH,"Tomatoes, fresh","Tomatoes, fresh",1 kg,NBS_REPORT_PDF,NATIONAL,Nigeria,1283.5712136417649,OK,CURRENT_MONTH,Average of Apr-25,TRUE,STALE_SHEET_NAME,1,Item Label,selected_food_table_Apr25.xlsx,,Selected Food Dec 2024,39,4,D39
2024-04-01,2025-04-01,VEG_OIL_75CL,"Vegetable Oil, 75cl","Vegetable Oil, 75cl",75 cl,SPREADSHEET_LABEL,NATIONAL,Nigeria,2078.208483417907,OK,YEAR_AGO,Average of Apr-24,FALSE,STALE_SHEET_NAME,1,Item Label,selected_food_table_Apr25.xlsx,,Selected Food Dec 2024,40,2,B40
2025-03-01,2025-04-01,VEG_OIL_75CL,"Vegetable Oil, 75cl","Vegetable Oil, 75cl",75 cl,SPREADSHEET_LABEL,NATIONAL,Nigeria,3337.0082982445942,OK,PRIOR_MONTH,Average of Mar-25,FALSE,STALE_SHEET_NAME,1,Item Label,selected_food_table_Apr25.xlsx,,Selected Food Dec 2024,40,3,C40
2025-04-01,2025-04-01,VEG_OIL_75CL,"Vegetable Oil, 75cl","Vegetable Oil, 75cl",75 cl,SPREADSHEET_LABEL,NATIONAL,Nigeria,3374.8094323292303,OK,CURRENT_MONTH,Average of Apr-25,TRUE,STALE_SHEET_NAME,1,Item Label,selected_food_table_Apr25.xlsx,,Selected Food Dec 2024,40,4,D40
2024-04-01,2025-04-01,WATERMELON_WHOLE,"Watermelon whole, medium size fresh","Watermelon whole, medium size fresh",,,NATIONAL,Nigeria,,NOT_REPORTED,YEAR_AGO,Average of Apr-24,FALSE,STALE_SHEET_NAME,1,Item Label,selected_food_table_Apr25.xlsx,,Selected Food Dec 2024,41,2,B41
2025-03-01,2025-04-01,WATERMELON_WHOLE,"Watermelon whole, medium size fresh","Watermelon whole, medium size fresh",,,NATIONAL,Nigeria,2040.818732955811,OK,PRIOR_MONTH,Average of Mar-25,FALSE,STALE_SHEET_NAME,1,Item Label,selected_food_table_Apr25.xlsx,,Selected Food Dec 2024,41,3,C41
2025-04-01,2025-04-01,WATERMELON_WHOLE,"Watermelon whole, medium size fresh","Watermelon whole, medium size fresh",,,NATIONAL,Nigeria,2057.348804901336,OK,CURRENT_MONTH,Average of Apr-25,TRUE,STALE_SHEET_NAME,1,Item Label,selected_food_table_Apr25.xlsx,,Selected Food Dec 2024,41,4,D41
2024-04-01,2025-04-01,WHEAT_FLOUR_2KG,"Wheat Flour, Prepacked (2kg)","Wheat Flour, Prepacked (2kg)",2 kg,SPREADSHEET_LABEL,NATIONAL,Nigeria,2573.2493221031414,OK,YEAR_AGO,Average of Apr-24,FALSE,STALE_SHEET_NAME,1,Item Label,selected_food_table_Apr25.xlsx,,Selected Food Dec 2024,42,2,B42
2025-03-01,2025-04-01,WHEAT_FLOUR_2KG,"Wheat Flour, Prepacked (2kg)","Wheat Flour, Prepacked (2kg)",2 kg,SPREADSHEET_LABEL,NATIONAL,Nigeria,4114.2425360704465,OK,PRIOR_MONTH,Average of Mar-25,FALSE,STALE_SHEET_NAME,1,Item Label,selected_food_table_Apr25.xlsx,,Selected Food Dec 2024,42,3,C42
2025-04-01,2025-04-01,WHEAT_FLOUR_2KG,"Wheat Flour, Prepacked (2kg)","Wheat Flour, Prepacked (2kg)",2 kg,SPREADSHEET_LABEL,NATIONAL,Nigeria,4166.568199613053,OK,CURRENT_MONTH,Average of Apr-25,TRUE,STALE_SHEET_NAME,1,Item Label,selected_food_table_Apr25.xlsx,,Selected Food Dec 2024,42,4,D42
2024-04-01,2025-04-01,YAM_TUBER,Yam Tuber,Yam Tuber,1 kg,NBS_REPORT_PDF,NATIONAL,Nigeria,1130.3692191499467,OK,YEAR_AGO,Average of Apr-24,FALSE,STALE_SHEET_NAME,1,Item Label,selected_food_table_Apr25.xlsx,,Selected Food Dec 2024,43,2,B43
2025-03-01,2025-04-01,YAM_TUBER,Yam Tuber,Yam Tuber,1 kg,NBS_REPORT_PDF,NATIONAL,Nigeria,2141.1300356787556,OK,PRIOR_MONTH,Average of Mar-25,FALSE,STALE_SHEET_NAME,1,Item Label,selected_food_table_Apr25.xlsx,,Selected Food Dec 2024,43,3,C43
2025-04-01,2025-04-01,YAM_TUBER,Yam Tuber,Yam Tuber,1 kg,NBS_REPORT_PDF,NATIONAL,Nigeria,2240.083777435253,OK,CURRENT_MONTH,Average of Apr-25,TRUE,STALE_SHEET_NAME,1,Item Label,selected_food_table_Apr25.xlsx,,Selected Food Dec 2024,43,4,D43
2024-02-01,2025-02-01,EGG_AGRIC,"Agric hen eggs,","Agric hen eggs,",,,NATIONAL,Nigeria,139.28021228988646,OK,YEAR_AGO,Average of feb-24,FALSE,HEADER_ITEM_LABELS_PLURAL,1,Item Labels,selected_food_table_Feb_25.xlsx,,Selected Food Feb. 2025,2,2,B2
2025-01-01,2025-02-01,EGG_AGRIC,"Agric hen eggs,","Agric hen eggs,",,,NATIONAL,Nigeria,248.04139052252253,OK,PRIOR_MONTH,Average of Jan-25,FALSE,HEADER_ITEM_LABELS_PLURAL,1,Item Labels,selected_food_table_Feb_25.xlsx,,Selected Food Feb. 2025,2,3,C2
2025-02-01,2025-02-01,EGG_AGRIC,"Agric hen eggs,","Agric hen eggs,",,,NATIONAL,Nigeria,251.94051654054056,OK,CURRENT_MONTH,Average of Feb-25,TRUE,HEADER_ITEM_LABELS_PLURAL,1,Item Labels,selected_food_table_Feb_25.xlsx,,Selected Food Feb. 2025,2,4,D2
2024-02-01,2025-02-01,EGG_AGRIC_CRATE30,"Agric hen eggs, (a Crate of 30 pieces)","Agric hen eggs, (a Crate of 30 pieces)",1 crate of 30 pieces,SPREADSHEET_LABEL,NATIONAL,Nigeria,,NOT_REPORTED,YEAR_AGO,Average of feb-24,FALSE,HEADER_ITEM_LABELS_PLURAL,1,Item Labels,selected_food_table_Feb_25.xlsx,,Selected Food Feb. 2025,3,2,B3
2025-01-01,2025-02-01,EGG_AGRIC_CRATE30,"Agric hen eggs, (a Crate of 30 pieces)","Agric hen eggs, (a Crate of 30 pieces)",1 crate of 30 pieces,SPREADSHEET_LABEL,NATIONAL,Nigeria,5878.140646621622,OK,PRIOR_MONTH,Average of Jan-25,FALSE,HEADER_ITEM_LABELS_PLURAL,1,Item Labels,selected_food_table_Feb_25.xlsx,,Selected Food Feb. 2025,3,3,C3
2025-02-01,2025-02-01,EGG_AGRIC_CRATE30,"Agric hen eggs, (a Crate of 30 pieces)","Agric hen eggs, (a Crate of 30 pieces)",1 crate of 30 pieces,SPREADSHEET_LABEL,NATIONAL,Nigeria,5976.115851545045,OK,CURRENT_MONTH,Average of Feb-25,TRUE,HEADER_ITEM_LABELS_PLURAL,1,Item Labels,selected_food_table_Feb_25.xlsx,,Selected Food Feb. 2025,3,4,D3
2024-02-01,2025-02-01,BEANS_BROWN,Beans Brown,Beans Brown,1 kg,NBS_REPORT_PDF,NATIONAL,Nigeria,1177.92579799199,OK,YEAR_AGO,Average of feb-24,FALSE,HEADER_ITEM_LABELS_PLURAL,1,Item Labels,selected_food_table_Feb_25.xlsx,,Selected Food Feb. 2025,4,2,B4
2025-01-01,2025-02-01,BEANS_BROWN,Beans Brown,Beans Brown,1 kg,NBS_REPORT_PDF,NATIONAL,Nigeria,2458.5332882957205,OK,PRIOR_MONTH,Average of Jan-25,FALSE,HEADER_ITEM_LABELS_PLURAL,1,Item Labels,selected_food_table_Feb_25.xlsx,,Selected Food Feb. 2025,4,3,C4
2025-02-01,2025-02-01,BEANS_BROWN,Beans Brown,Beans Brown,1 kg,NBS_REPORT_PDF,NATIONAL,Nigeria,2465.9627716485425,OK,CURRENT_MONTH,Average of Feb-25,TRUE,HEADER_ITEM_LABELS_PLURAL,1,Item Labels,selected_food_table_Feb_25.xlsx,,Selected Food Feb. 2025,4,4,D4
2024-02-01,2025-02-01,BEANS_WHITE,Beans white,Beans white,,,NATIONAL,Nigeria,1156.8221421709832,OK,YEAR_AGO,Average of feb-24,FALSE,HEADER_ITEM_LABELS_PLURAL,1,Item Labels,selected_food_table_Feb_25.xlsx,,Selected Food Feb. 2025,5,2,B5
2025-01-01,2025-02-01,BEANS_WHITE,Beans white,Beans white,,,NATIONAL,Nigeria,2123.8529942048917,OK,PRIOR_MONTH,Average of Jan-25,FALSE,HEADER_ITEM_LABELS_PLURAL,1,Item Labels,selected_food_table_Feb_25.xlsx,,Selected Food Feb. 2025,5,3,C5
2025-02-01,2025-02-01,BEANS_WHITE,Beans white,Beans white,,,NATIONAL,Nigeria,2114.329235707744,OK,CURRENT_MONTH,Average of Feb-25,TRUE,HEADER_ITEM_LABELS_PLURAL,1,Item Labels,selected_food_table_Feb_25.xlsx,,Selected Food Feb. 2025,5,4,D5
2024-02-01,2025-02-01,BEEF_BONELESS,Beef Boneless,Beef Boneless,1 kg,NBS_REPORT_PDF,NATIONAL,Nigeria,3654.56122526405,OK,YEAR_AGO,Average of feb-24,FALSE,HEADER_ITEM_LABELS_PLURAL,1,Item Labels,selected_food_table_Feb_25.xlsx,,Selected Food Feb. 2025,6,2,B6
2025-01-01,2025-02-01,BEEF_BONELESS,Beef Boneless,Beef Boneless,1 kg,NBS_REPORT_PDF,NATIONAL,Nigeria,6122.568294312323,OK,PRIOR_MONTH,Average of Jan-25,FALSE,HEADER_ITEM_LABELS_PLURAL,1,Item Labels,selected_food_table_Feb_25.xlsx,,Selected Food Feb. 2025,6,3,C6
2025-02-01,2025-02-01,BEEF_BONELESS,Beef Boneless,Beef Boneless,1 kg,NBS_REPORT_PDF,NATIONAL,Nigeria,6269.45881945785,OK,CURRENT_MONTH,Average of Feb-25,TRUE,HEADER_ITEM_LABELS_PLURAL,1,Item Labels,selected_food_table_Feb_25.xlsx,,Selected Food Feb. 2025,6,4,D6
2024-02-01,2025-02-01,BREAD_SLICED_450G,"Bread (sliced), 450g","Bread (sliced), 450g",450 g,SPREADSHEET_LABEL,NATIONAL,Nigeria,,NOT_REPORTED,YEAR_AGO,Average of feb-24,FALSE,HEADER_ITEM_LABELS_PLURAL,1,Item Labels,selected_food_table_Feb_25.xlsx,,Selected Food Feb. 2025,7,2,B7
2025-01-01,2025-02-01,BREAD_SLICED_450G,"Bread (sliced), 450g","Bread (sliced), 450g",450 g,SPREADSHEET_LABEL,NATIONAL,Nigeria,1604.7842497597594,OK,PRIOR_MONTH,Average of Jan-25,FALSE,HEADER_ITEM_LABELS_PLURAL,1,Item Labels,selected_food_table_Feb_25.xlsx,,Selected Food Feb. 2025,7,3,C7
2025-02-01,2025-02-01,BREAD_SLICED_450G,"Bread (sliced), 450g","Bread (sliced), 450g",450 g,SPREADSHEET_LABEL,NATIONAL,Nigeria,1633.18538583033,OK,CURRENT_MONTH,Average of Feb-25,TRUE,HEADER_ITEM_LABELS_PLURAL,1,Item Labels,selected_food_table_Feb_25.xlsx,,Selected Food Feb. 2025,7,4,D7
2024-02-01,2025-02-01,BREAD_UNSLICED_450G,"Bread (unsliced), 450g","Bread (unsliced), 450g",450 g,SPREADSHEET_LABEL,NATIONAL,Nigeria,,NOT_REPORTED,YEAR_AGO,Average of feb-24,FALSE,HEADER_ITEM_LABELS_PLURAL,1,Item Labels,selected_food_table_Feb_25.xlsx,,Selected Food Feb. 2025,8,2,B8
2025-01-01,2025-02-01,BREAD_UNSLICED_450G,"Bread (unsliced), 450g","Bread (unsliced), 450g",450 g,SPREADSHEET_LABEL,NATIONAL,Nigeria,1452.9829733163879,OK,PRIOR_MONTH,Average of Jan-25,FALSE,HEADER_ITEM_LABELS_PLURAL,1,Item Labels,selected_food_table_Feb_25.xlsx,,Selected Food Feb. 2025,8,3,C8
2025-02-01,2025-02-01,BREAD_UNSLICED_450G,"Bread (unsliced), 450g","Bread (unsliced), 450g",450 g,SPREADSHEET_LABEL,NATIONAL,Nigeria,1497.4271531465035,OK,CURRENT_MONTH,Average of Feb-25,TRUE,HEADER_ITEM_LABELS_PLURAL,1,Item Labels,selected_food_table_Feb_25.xlsx,,Selected Food Feb. 2025,8,4,D8
2024-02-01,2025-02-01,CARROTS_FRESH,"Carrots, fresh","Carrots, fresh",1 kg,NBS_REPORT_PDF,NATIONAL,Nigeria,,NOT_REPORTED,YEAR_AGO,Average of feb-24,FALSE,HEADER_ITEM_LABELS_PLURAL,1,Item Labels,selected_food_table_Feb_25.xlsx,,Selected Food Feb. 2025,9,2,B9
2025-01-01,2025-02-01,CARROTS_FRESH,"Carrots, fresh","Carrots, fresh",1 kg,NBS_REPORT_PDF,NATIONAL,Nigeria,1787.161451333333,OK,PRIOR_MONTH,Average of Jan-25,FALSE,HEADER_ITEM_LABELS_PLURAL,1,Item Labels,selected_food_table_Feb_25.xlsx,,Selected Food Feb. 2025,9,3,C9
2025-02-01,2025-02-01,CARROTS_FRESH,"Carrots, fresh","Carrots, fresh",1 kg,NBS_REPORT_PDF,NATIONAL,Nigeria,1838.592826911824,OK,CURRENT_MONTH,Average of Feb-25,TRUE,HEADER_ITEM_LABELS_PLURAL,1,Item Labels,selected_food_table_Feb_25.xlsx,,Selected Food Feb. 2025,9,4,D9
2024-02-01,2025-02-01,FISH_CATFISH_FRESH,Cat fresh fish,Cat fresh fish,,,NATIONAL,Nigeria,2758.378722634151,OK,YEAR_AGO,Average of feb-24,FALSE,HEADER_ITEM_LABELS_PLURAL,1,Item Labels,selected_food_table_Feb_25.xlsx,,Selected Food Feb. 2025,10,2,B10
2025-01-01,2025-02-01,FISH_CATFISH_FRESH,Cat fresh fish,Cat fresh fish,,,NATIONAL,Nigeria,5226.870577840466,OK,PRIOR_MONTH,Average of Jan-25,FALSE,HEADER_ITEM_LABELS_PLURAL,1,Item Labels,selected_food_table_Feb_25.xlsx,,Selected Food Feb. 2025,10,3,C10
2025-02-01,2025-02-01,FISH_CATFISH_FRESH,Cat fresh fish,Cat fresh fish,,,NATIONAL,Nigeria,5284.359541375001,OK,CURRENT_MONTH,Average of Feb-25,TRUE,HEADER_ITEM_LABELS_PLURAL,1,Item Labels,selected_food_table_Feb_25.xlsx,,Selected Food Feb. 2025,10,4,D10
2024-02-01,2025-02-01,CHICKEN_FEET,Chicken feet,Chicken feet,,,NATIONAL,Nigeria,2313.497679770934,OK,YEAR_AGO,Average of feb-24,FALSE,HEADER_ITEM_LABELS_PLURAL,1,Item Labels,selected_food_table_Feb_25.xlsx,,Selected Food Feb. 2025,11,2,B11
2025-01-01,2025-02-01,CHICKEN_FEET,Chicken feet,Chicken feet,,,NATIONAL,Nigeria,3293.62957461766,OK,PRIOR_MONTH,Average of Jan-25,FALSE,HEADER_ITEM_LABELS_PLURAL,1,Item Labels,selected_food_table_Feb_25.xlsx,,Selected Food Feb. 2025,11,3,C11
2025-02-01,2025-02-01,CHICKEN_FEET,Chicken feet,Chicken feet,,,NATIONAL,Nigeria,3346.6242356636126,OK,CURRENT_MONTH,Average of Feb-25,TRUE,HEADER_ITEM_LABELS_PLURAL,1,Item Labels,selected_food_table_Feb_25.xlsx,,Selected Food Feb. 2025,11,4,D11
2024-02-01,2025-02-01,CHICKEN_MEAT_FROZEN,Chicken meat (Frozen),Chicken meat (Frozen),,,NATIONAL,Nigeria,4370.782111598116,OK,YEAR_AGO,Average of feb-24,FALSE,HEADER_ITEM_LABELS_PLURAL,1,Item Labels,selected_food_table_Feb_25.xlsx,,Selected Food Feb. 2025,12,2,B12
2025-01-01,2025-02-01,CHICKEN_MEAT_FROZEN,Chicken meat (Frozen),Chicken meat (Frozen),,,NATIONAL,Nigeria,5497.031135370547,OK,PRIOR_MONTH,Average of Jan-25,FALSE,HEADER_ITEM_LABELS_PLURAL,1,Item Labels,selected_food_table_Feb_25.xlsx,,Selected Food Feb. 2025,12,3,C12
2025-02-01,2025-02-01,CHICKEN_MEAT_FROZEN,Chicken meat (Frozen),Chicken meat (Frozen),,,NATIONAL,Nigeria,5552.7027027027025,OK,CURRENT_MONTH,Average of Feb-25,TRUE,HEADER_ITEM_LABELS_PLURAL,1,Item Labels,selected_food_table_Feb_25.xlsx,,Selected Food Feb. 2025,12,4,D12
2024-02-01,2025-02-01,CHICKEN_WINGS,Chicken Wings,Chicken Wings,,,NATIONAL,Nigeria,2751.904157185653,OK,YEAR_AGO,Average of feb-24,FALSE,HEADER_ITEM_LABELS_PLURAL,1,Item Labels,selected_food_table_Feb_25.xlsx,,Selected Food Feb. 2025,13,2,B13
2025-01-01,2025-02-01,CHICKEN_WINGS,Chicken Wings,Chicken Wings,,,NATIONAL,Nigeria,4340.107780662224,OK,PRIOR_MONTH,Average of Jan-25,FALSE,HEADER_ITEM_LABELS_PLURAL,1,Item Labels,selected_food_table_Feb_25.xlsx,,Selected Food Feb. 2025,13,3,C13
2025-02-01,2025-02-01,CHICKEN_WINGS,Chicken Wings,Chicken Wings,,,NATIONAL,Nigeria,4394.405379046846,OK,CURRENT_MONTH,Average of Feb-25,TRUE,HEADER_ITEM_LABELS_PLURAL,1,Item Labels,selected_food_table_Feb_25.xlsx,,Selected Food Feb. 2025,13,4,D13
2024-02-01,2025-02-01,CRAYFISH_SMALL_WHITE,Cray fish small white,Cray fish small white,1 kg,NBS_REPORT_PDF,NATIONAL,Nigeria,,NOT_REPORTED,YEAR_AGO,Average of feb-24,FALSE,HEADER_ITEM_LABELS_PLURAL,1,Item Labels,selected_food_table_Feb_25.xlsx,,Selected Food Feb. 2025,14,2,B14
2025-01-01,2025-02-01,CRAYFISH_SMALL_WHITE,Cray fish small white,Cray fish small white,1 kg,NBS_REPORT_PDF,NATIONAL,Nigeria,6227.04071992117,OK,PRIOR_MONTH,Average of Jan-25,FALSE,HEADER_ITEM_LABELS_PLURAL,1,Item Labels,selected_food_table_Feb_25.xlsx,,Selected Food Feb. 2025,14,3,C14
2025-02-01,2025-02-01,CRAYFISH_SMALL_WHITE,Cray fish small white,Cray fish small white,1 kg,NBS_REPORT_PDF,NATIONAL,Nigeria,6440.441082801802,OK,CURRENT_MONTH,Average of Feb-25,TRUE,HEADER_ITEM_LABELS_PLURAL,1,Item Labels,selected_food_table_Feb_25.xlsx,,Selected Food Feb. 2025,14,4,D14
2024-02-01,2025-02-01,FISH_DRIED_BONGA,"Dried fish, Bonga","Dried fish, Bonga",,,NATIONAL,Nigeria,,NOT_REPORTED,YEAR_AGO,Average of feb-24,FALSE,HEADER_ITEM_LABELS_PLURAL,1,Item Labels,selected_food_table_Feb_25.xlsx,,Selected Food Feb. 2025,15,2,B15
2025-01-01,2025-02-01,FISH_DRIED_BONGA,"Dried fish, Bonga","Dried fish, Bonga",,,NATIONAL,Nigeria,6131.980115364863,OK,PRIOR_MONTH,Average of Jan-25,FALSE,HEADER_ITEM_LABELS_PLURAL,1,Item Labels,selected_food_table_Feb_25.xlsx,,Selected Food Feb. 2025,15,3,C15
2025-02-01,2025-02-01,FISH_DRIED_BONGA,"Dried fish, Bonga","Dried fish, Bonga",,,NATIONAL,Nigeria,6160.021309324324,OK,CURRENT_MONTH,Average of Feb-25,TRUE,HEADER_ITEM_LABELS_PLURAL,1,Item Labels,selected_food_table_Feb_25.xlsx,,Selected Food Feb. 2025,15,4,D15
2024-02-01,2025-02-01,GARRI_WHITE,Garri white,Garri white,1 kg,NBS_REPORT_PDF,NATIONAL,Nigeria,723.4489448286969,OK,YEAR_AGO,Average of feb-24,FALSE,HEADER_ITEM_LABELS_PLURAL,1,Item Labels,selected_food_table_Feb_25.xlsx,,Selected Food Feb. 2025,16,2,B16
2025-01-01,2025-02-01,GARRI_WHITE,Garri white,Garri white,1 kg,NBS_REPORT_PDF,NATIONAL,Nigeria,1267.6348809931148,OK,PRIOR_MONTH,Average of Jan-25,FALSE,HEADER_ITEM_LABELS_PLURAL,1,Item Labels,selected_food_table_Feb_25.xlsx,,Selected Food Feb. 2025,16,3,C16
2025-02-01,2025-02-01,GARRI_WHITE,Garri white,Garri white,1 kg,NBS_REPORT_PDF,NATIONAL,Nigeria,1277.2470703903475,OK,CURRENT_MONTH,Average of Feb-25,TRUE,HEADER_ITEM_LABELS_PLURAL,1,Item Labels,selected_food_table_Feb_25.xlsx,,Selected Food Feb. 2025,16,4,D16
2024-02-01,2025-02-01,GARRI_YELLOW,Garri Yellow,Garri Yellow,,,NATIONAL,Nigeria,753.5640477521644,OK,YEAR_AGO,Average of feb-24,FALSE,HEADER_ITEM_LABELS_PLURAL,1,Item Labels,selected_food_table_Feb_25.xlsx,,Selected Food Feb. 2025,17,2,B17
2025-01-01,2025-02-01,GARRI_YELLOW,Garri Yellow,Garri Yellow,,,NATIONAL,Nigeria,1358.9584184214177,OK,PRIOR_MONTH,Average of Jan-25,FALSE,HEADER_ITEM_LABELS_PLURAL,1,Item Labels,selected_food_table_Feb_25.xlsx,,Selected Food Feb. 2025,17,3,C17
2025-02-01,2025-02-01,GARRI_YELLOW,Garri Yellow,Garri Yellow,,,NATIONAL,Nigeria,1378.1547063621408,OK,CURRENT_MONTH,Average of Feb-25,TRUE,HEADER_ITEM_LABELS_PLURAL,1,Item Labels,selected_food_table_Feb_25.xlsx,,Selected Food Feb. 2025,17,4,D17
2024-02-01,2025-02-01,GINGER_FRESH,"Ginger, fresh","Ginger, fresh",1 kg,NBS_REPORT_PDF,NATIONAL,Nigeria,,NOT_REPORTED,YEAR_AGO,Average of feb-24,FALSE,HEADER_ITEM_LABELS_PLURAL,1,Item Labels,selected_food_table_Feb_25.xlsx,,Selected Food Feb. 2025,18,2,B18
2025-01-01,2025-02-01,GINGER_FRESH,"Ginger, fresh","Ginger, fresh",1 kg,NBS_REPORT_PDF,NATIONAL,Nigeria,4206.799548941442,OK,PRIOR_MONTH,Average of Jan-25,FALSE,HEADER_ITEM_LABELS_PLURAL,1,Item Labels,selected_food_table_Feb_25.xlsx,,Selected Food Feb. 2025,18,3,C18
2025-02-01,2025-02-01,GINGER_FRESH,"Ginger, fresh","Ginger, fresh",1 kg,NBS_REPORT_PDF,NATIONAL,Nigeria,4371.8969465990995,OK,CURRENT_MONTH,Average of Feb-25,TRUE,HEADER_ITEM_LABELS_PLURAL,1,Item Labels,selected_food_table_Feb_25.xlsx,,Selected Food Feb. 2025,18,4,D18
2024-02-01,2025-02-01,GOAT_MEAT_BONE_IN,Goat Meat Bone in,Goat Meat Bone in,,,NATIONAL,Nigeria,,NOT_REPORTED,YEAR_AGO,Average of feb-24,FALSE,HEADER_ITEM_LABELS_PLURAL,1,Item Labels,selected_food_table_Feb_25.xlsx,,Selected Food Feb. 2025,19,2,B19
2025-01-01,2025-02-01,GOAT_MEAT_BONE_IN,Goat Meat Bone in,Goat Meat Bone in,,,NATIONAL,Nigeria,6202.35750472635,OK,PRIOR_MONTH,Average of Jan-25,FALSE,HEADER_ITEM_LABELS_PLURAL,1,Item Labels,selected_food_table_Feb_25.xlsx,,Selected Food Feb. 2025,19,3,C19
2025-02-01,2025-02-01,GOAT_MEAT_BONE_IN,Goat Meat Bone in,Goat Meat Bone in,,,NATIONAL,Nigeria,6298.893395608558,OK,CURRENT_MONTH,Average of Feb-25,TRUE,HEADER_ITEM_LABELS_PLURAL,1,Item Labels,selected_food_table_Feb_25.xlsx,,Selected Food Feb. 2025,19,4,D19
2024-02-01,2025-02-01,GROUNDNUT_OIL_75CL,"Groundnut oil, 75cl","Groundnut oil, 75cl",75 cl,SPREADSHEET_LABEL,NATIONAL,Nigeria,,NOT_REPORTED,YEAR_AGO,Average of feb-24,FALSE,HEADER_ITEM_LABELS_PLURAL,1,Item Labels,selected_food_table_Feb_25.xlsx,,Selected Food Feb. 2025,20,2,B20
2025-01-01,2025-02-01,GROUNDNUT_OIL_75CL,"Groundnut oil, 75cl","Groundnut oil, 75cl",75 cl,SPREADSHEET_LABEL,NATIONAL,Nigeria,2939.7346322297294,OK,PRIOR_MONTH,Average of Jan-25,FALSE,HEADER_ITEM_LABELS_PLURAL,1,Item Labels,selected_food_table_Feb_25.xlsx,,Selected Food Feb. 2025,20,3,C20
2025-02-01,2025-02-01,GROUNDNUT_OIL_75CL,"Groundnut oil, 75cl","Groundnut oil, 75cl",75 cl,SPREADSHEET_LABEL,NATIONAL,Nigeria,3039.829476112612,OK,CURRENT_MONTH,Average of Feb-25,TRUE,HEADER_ITEM_LABELS_PLURAL,1,Item Labels,selected_food_table_Feb_25.xlsx,,Selected Food Feb. 2025,20,4,D20
2024-02-01,2025-02-01,GROUNDNUTS_ROASTED_75CL,"Groundnuts, roasted,75cl bottle","Groundnuts, roasted,75cl bottle",75 cl bottle,SPREADSHEET_LABEL,NATIONAL,Nigeria,,NOT_REPORTED,YEAR_AGO,Average of feb-24,FALSE,HEADER_ITEM_LABELS_PLURAL,1,Item Labels,selected_food_table_Feb_25.xlsx,,Selected Food Feb. 2025,21,2,B21
2025-01-01,2025-02-01,GROUNDNUTS_ROASTED_75CL,"Groundnuts, roasted,75cl bottle","Groundnuts, roasted,75cl bottle",75 cl bottle,SPREADSHEET_LABEL,NATIONAL,Nigeria,2387.756803352135,OK,PRIOR_MONTH,Average of Jan-25,FALSE,HEADER_ITEM_LABELS_PLURAL,1,Item Labels,selected_food_table_Feb_25.xlsx,,Selected Food Feb. 2025,21,3,C21
2025-02-01,2025-02-01,GROUNDNUTS_ROASTED_75CL,"Groundnuts, roasted,75cl bottle","Groundnuts, roasted,75cl bottle",75 cl bottle,SPREADSHEET_LABEL,NATIONAL,Nigeria,2392.471054513513,OK,CURRENT_MONTH,Average of Feb-25,TRUE,HEADER_ITEM_LABELS_PLURAL,1,Item Labels,selected_food_table_Feb_25.xlsx,,Selected Food Feb. 2025,21,4,D21
2024-02-01,2025-02-01,POTATO_IRISH,Irish Potatoe,Irish Potatoe,1 kg,NBS_REPORT_PDF,NATIONAL,Nigeria,1130.6297085106496,OK,YEAR_AGO,Average of feb-24,FALSE,HEADER_ITEM_LABELS_PLURAL,1,Item Labels,selected_food_table_Feb_25.xlsx,,Selected Food Feb. 2025,22,2,B22
2025-01-01,2025-02-01,POTATO_IRISH,Irish Potatoe,Irish Potatoe,1 kg,NBS_REPORT_PDF,NATIONAL,Nigeria,1790.9108765279882,OK,PRIOR_MONTH,Average of Jan-25,FALSE,HEADER_ITEM_LABELS_PLURAL,1,Item Labels,selected_food_table_Feb_25.xlsx,,Selected Food Feb. 2025,22,3,C22
2025-02-01,2025-02-01,POTATO_IRISH,Irish Potatoe,Irish Potatoe,1 kg,NBS_REPORT_PDF,NATIONAL,Nigeria,1756.4072669697568,OK,CURRENT_MONTH,Average of Feb-25,TRUE,HEADER_ITEM_LABELS_PLURAL,1,Item Labels,selected_food_table_Feb_25.xlsx,,Selected Food Feb. 2025,22,4,D22
2024-02-01,2025-02-01,RICE_LOCAL_BROKEN,Local Rice (Broken),Local Rice (Broken),,,NATIONAL,Nigeria,,NOT_REPORTED,YEAR_AGO,Average of feb-24,FALSE,HEADER_ITEM_LABELS_PLURAL,1,Item Labels,selected_food_table_Feb_25.xlsx,,Selected Food Feb. 2025,23,2,B23
2025-01-01,2025-02-01,RICE_LOCAL_BROKEN,Local Rice (Broken),Local Rice (Broken),,,NATIONAL,Nigeria,2508.1549602219034,OK,PRIOR_MONTH,Average of Jan-25,FALSE,HEADER_ITEM_LABELS_PLURAL,1,Item Labels,selected_food_table_Feb_25.xlsx,,Selected Food Feb. 2025,23,3,C23
2025-02-01,2025-02-01,RICE_LOCAL_BROKEN,Local Rice (Broken),Local Rice (Broken),,,NATIONAL,Nigeria,2564.951820402969,OK,CURRENT_MONTH,Average of Feb-25,TRUE,HEADER_ITEM_LABELS_PLURAL,1,Item Labels,selected_food_table_Feb_25.xlsx,,Selected Food Feb. 2025,23,4,D23
2024-02-01,2025-02-01,FISH_MACKEREL_FROZEN,"Mackerel, Frozen","Mackerel, Frozen",,,NATIONAL,Nigeria,2711.7727629978667,OK,YEAR_AGO,Average of feb-24,FALSE,HEADER_ITEM_LABELS_PLURAL,1,Item Labels,selected_food_table_Feb_25.xlsx,,Selected Food Feb. 2025,24,2,B24
2025-01-01,2025-02-01,FISH_MACKEREL_FROZEN,"Mackerel, Frozen","Mackerel, Frozen",,,NATIONAL,Nigeria,5117.805935192943,OK,PRIOR_MONTH,Average of Jan-25,FALSE,HEADER_ITEM_LABELS_PLURAL,1,Item Labels,selected_food_table_Feb_25.xlsx,,Selected Food Feb. 2025,24,3,C24
2025-02-01,2025-02-01,FISH_MACKEREL_FROZEN,"Mackerel, Frozen","Mackerel, Frozen",,,NATIONAL,Nigeria,5233.151444246847,OK,CURRENT_MONTH,Average of Feb-25,TRUE,HEADER_ITEM_LABELS_PLURAL,1,Item Labels,selected_food_table_Feb_25.xlsx,,Selected Food Feb. 2025,24,4,D24
2024-02-01,2025-02-01,MAIZE_GRAIN_WHITE_LOOSE,Maize (Corn) Grains (White) sold loose,Maize (Corn) Grains (White) sold loose,1 kg,NBS_REPORT_PDF,NATIONAL,Nigeria,729.4516863183851,OK,YEAR_AGO,Average of feb-24,FALSE,HEADER_ITEM_LABELS_PLURAL,1,Item Labels,selected_food_table_Feb_25.xlsx,,Selected Food Feb. 2025,25,2,B25
2025-01-01,2025-02-01,MAIZE_GRAIN_WHITE_LOOSE,Maize (Corn) Grains (White) sold loose,Maize (Corn) Grains (White) sold loose,1 kg,NBS_REPORT_PDF,NATIONAL,Nigeria,1168.3379724972651,OK,PRIOR_MONTH,Average of Jan-25,FALSE,HEADER_ITEM_LABELS_PLURAL,1,Item Labels,selected_food_table_Feb_25.xlsx,,Selected Food Feb. 2025,25,3,C25
2025-02-01,2025-02-01,MAIZE_GRAIN_WHITE_LOOSE,Maize (Corn) Grains (White) sold loose,Maize (Corn) Grains (White) sold loose,1 kg,NBS_REPORT_PDF,NATIONAL,Nigeria,1169.3210112602158,OK,CURRENT_MONTH,Average of Feb-25,TRUE,HEADER_ITEM_LABELS_PLURAL,1,Item Labels,selected_food_table_Feb_25.xlsx,,Selected Food Feb. 2025,25,4,D25
2024-02-01,2025-02-01,ONIONS_FRESH,"Onions, fresh","Onions, fresh",1 kg,NBS_REPORT_PDF,NATIONAL,Nigeria,915.6098382395159,OK,YEAR_AGO,Average of feb-24,FALSE,HEADER_ITEM_LABELS_PLURAL,1,Item Labels,selected_food_table_Feb_25.xlsx,,Selected Food Feb. 2025,26,2,B26
2025-01-01,2025-02-01,ONIONS_FRESH,"Onions, fresh","Onions, fresh",1 kg,NBS_REPORT_PDF,NATIONAL,Nigeria,1367.6215629373394,OK,PRIOR_MONTH,Average of Jan-25,FALSE,HEADER_ITEM_LABELS_PLURAL,1,Item Labels,selected_food_table_Feb_25.xlsx,,Selected Food Feb. 2025,26,3,C26
2025-02-01,2025-02-01,ONIONS_FRESH,"Onions, fresh","Onions, fresh",1 kg,NBS_REPORT_PDF,NATIONAL,Nigeria,1372.041902596686,OK,CURRENT_MONTH,Average of Feb-25,TRUE,HEADER_ITEM_LABELS_PLURAL,1,Item Labels,selected_food_table_Feb_25.xlsx,,Selected Food Feb. 2025,26,4,D26
2024-02-01,2025-02-01,PALM_OIL_75CL,"Palm oil, 75cl","Palm oil, 75cl",75 cl,SPREADSHEET_LABEL,NATIONAL,Nigeria,1561.4594047618543,OK,YEAR_AGO,Average of feb-24,FALSE,HEADER_ITEM_LABELS_PLURAL,1,Item Labels,selected_food_table_Feb_25.xlsx,,Selected Food Feb. 2025,27,2,B27
2025-01-01,2025-02-01,PALM_OIL_75CL,"Palm oil, 75cl","Palm oil, 75cl",75 cl,SPREADSHEET_LABEL,NATIONAL,Nigeria,2329.5428046950337,OK,PRIOR_MONTH,Average of Jan-25,FALSE,HEADER_ITEM_LABELS_PLURAL,1,Item Labels,selected_food_table_Feb_25.xlsx,,Selected Food Feb. 2025,27,3,C27
2025-02-01,2025-02-01,PALM_OIL_75CL,"Palm oil, 75cl","Palm oil, 75cl",75 cl,SPREADSHEET_LABEL,NATIONAL,Nigeria,2384.151114086625,OK,CURRENT_MONTH,Average of Feb-25,TRUE,HEADER_ITEM_LABELS_PLURAL,1,Item Labels,selected_food_table_Feb_25.xlsx,,Selected Food Feb. 2025,27,4,D27
2024-02-01,2025-02-01,PLANTAIN_RIPE,Plantain (ripe),Plantain (ripe),,,NATIONAL,Nigeria,846.5005962048504,OK,YEAR_AGO,Average of feb-24,FALSE,HEADER_ITEM_LABELS_PLURAL,1,Item Labels,selected_food_table_Feb_25.xlsx,,Selected Food Feb. 2025,28,2,B28
2025-01-01,2025-02-01,PLANTAIN_RIPE,Plantain (ripe),Plantain (ripe),,,NATIONAL,Nigeria,1876.0258662337449,OK,PRIOR_MONTH,Average of Jan-25,FALSE,HEADER_ITEM_LABELS_PLURAL,1,Item Labels,selected_food_table_Feb_25.xlsx,,Selected Food Feb. 2025,28,3,C28
2025-02-01,2025-02-01,PLANTAIN_RIPE,Plantain (ripe),Plantain (ripe),,,NATIONAL,Nigeria,1914.4990136459394,OK,CURRENT_MONTH,Average of Feb-25,TRUE,HEADER_ITEM_LABELS_PLURAL,1,Item Labels,selected_food_table_Feb_25.xlsx,,Selected Food Feb. 2025,28,4,D28
2024-02-01,2025-02-01,PLANTAIN_UNRIPE,Plantain (unripe),Plantain (unripe),,,NATIONAL,Nigeria,858.9919131690307,OK,YEAR_AGO,Average of feb-24,FALSE,HEADER_ITEM_LABELS_PLURAL,1,Item Labels,selected_food_table_Feb_25.xlsx,,Selected Food Feb. 2025,29,2,B29
2025-01-01,2025-02-01,PLANTAIN_UNRIPE,Plantain (unripe),Plantain (unripe),,,NATIONAL,Nigeria,2119.0689292685547,OK,PRIOR_MONTH,Average of Jan-25,FALSE,HEADER_ITEM_LABELS_PLURAL,1,Item Labels,selected_food_table_Feb_25.xlsx,,Selected Food Feb. 2025,29,3,C29
2025-02-01,2025-02-01,PLANTAIN_UNRIPE,Plantain (unripe),Plantain (unripe),,,NATIONAL,Nigeria,2127.671268425246,OK,CURRENT_MONTH,Average of Feb-25,TRUE,HEADER_ITEM_LABELS_PLURAL,1,Item Labels,selected_food_table_Feb_25.xlsx,,Selected Food Feb. 2025,29,4,D29
2024-02-01,2025-02-01,RICE_LOCAL_SHORT_GRAIN,"Rice Local, short-Grained","Rice Local, short-Grained",1 kg,NBS_REPORT_PDF,NATIONAL,Nigeria,1222.96659302136,OK,YEAR_AGO,Average of feb-24,FALSE,HEADER_ITEM_LABELS_PLURAL,1,Item Labels,selected_food_table_Feb_25.xlsx,,Selected Food Feb. 2025,30,2,B30
2025-01-01,2025-02-01,RICE_LOCAL_SHORT_GRAIN,"Rice Local, short-Grained","Rice Local, short-Grained",1 kg,NBS_REPORT_PDF,NATIONAL,Nigeria,2067.9978229893177,OK,PRIOR_MONTH,Average of Jan-25,FALSE,HEADER_ITEM_LABELS_PLURAL,1,Item Labels,selected_food_table_Feb_25.xlsx,,Selected Food Feb. 2025,30,3,C30
2025-02-01,2025-02-01,RICE_LOCAL_SHORT_GRAIN,"Rice Local, short-Grained","Rice Local, short-Grained",1 kg,NBS_REPORT_PDF,NATIONAL,Nigeria,2088.821683060393,OK,CURRENT_MONTH,Average of Feb-25,TRUE,HEADER_ITEM_LABELS_PLURAL,1,Item Labels,selected_food_table_Feb_25.xlsx,,Selected Food Feb. 2025,30,4,D30
2024-02-01,2025-02-01,RICE_IMPORTED_LONG_GRAIN,Rice Long-Grained (Imported),Rice Long-Grained (Imported),,,NATIONAL,Nigeria,1549.4998070945628,OK,YEAR_AGO,Average of feb-24,FALSE,HEADER_ITEM_LABELS_PLURAL,1,Item Labels,selected_food_table_Feb_25.xlsx,,Selected Food Feb. 2025,31,2,B31
2025-01-01,2025-02-01,RICE_IMPORTED_LONG_GRAIN,Rice Long-Grained (Imported),Rice Long-Grained (Imported),,,NATIONAL,Nigeria,2505.4793990864414,OK,PRIOR_MONTH,Average of Jan-25,FALSE,HEADER_ITEM_LABELS_PLURAL,1,Item Labels,selected_food_table_Feb_25.xlsx,,Selected Food Feb. 2025,31,3,C31
2025-02-01,2025-02-01,RICE_IMPORTED_LONG_GRAIN,Rice Long-Grained (Imported),Rice Long-Grained (Imported),,,NATIONAL,Nigeria,2565.0914537854455,OK,CURRENT_MONTH,Average of Feb-25,TRUE,HEADER_ITEM_LABELS_PLURAL,1,Item Labels,selected_food_table_Feb_25.xlsx,,Selected Food Feb. 2025,31,4,D31
2024-02-01,2025-02-01,SEMOVITA_1KG,"Semovita, Prepacked (1kg)","Semovita, Prepacked (1kg)",1 kg,SPREADSHEET_LABEL,NATIONAL,Nigeria,,NOT_REPORTED,YEAR_AGO,Average of feb-24,FALSE,HEADER_ITEM_LABELS_PLURAL,1,Item Labels,selected_food_table_Feb_25.xlsx,,Selected Food Feb. 2025,32,2,B32
2025-01-01,2025-02-01,SEMOVITA_1KG,"Semovita, Prepacked (1kg)","Semovita, Prepacked (1kg)",1 kg,SPREADSHEET_LABEL,NATIONAL,Nigeria,2072.0011794684688,OK,PRIOR_MONTH,Average of Jan-25,FALSE,HEADER_ITEM_LABELS_PLURAL,1,Item Labels,selected_food_table_Feb_25.xlsx,,Selected Food Feb. 2025,32,3,C32
2025-02-01,2025-02-01,SEMOVITA_1KG,"Semovita, Prepacked (1kg)","Semovita, Prepacked (1kg)",1 kg,SPREADSHEET_LABEL,NATIONAL,Nigeria,2089.7943657252254,OK,CURRENT_MONTH,Average of Feb-25,TRUE,HEADER_ITEM_LABELS_PLURAL,1,Item Labels,selected_food_table_Feb_25.xlsx,,Selected Food Feb. 2025,32,4,D32
2024-02-01,2025-02-01,FISH_SMOKED_MACKEREL,Smoked fish (Mackerel),Smoked fish (Mackerel),,,NATIONAL,Nigeria,,NOT_REPORTED,YEAR_AGO,Average of feb-24,FALSE,HEADER_ITEM_LABELS_PLURAL,1,Item Labels,selected_food_table_Feb_25.xlsx,,Selected Food Feb. 2025,33,2,B33
2025-01-01,2025-02-01,FISH_SMOKED_MACKEREL,Smoked fish (Mackerel),Smoked fish (Mackerel),,,NATIONAL,Nigeria,5407.632679016666,OK,PRIOR_MONTH,Average of Jan-25,FALSE,HEADER_ITEM_LABELS_PLURAL,1,Item Labels,selected_food_table_Feb_25.xlsx,,Selected Food Feb. 2025,33,3,C33
2025-02-01,2025-02-01,FISH_SMOKED_MACKEREL,Smoked fish (Mackerel),Smoked fish (Mackerel),,,NATIONAL,Nigeria,5458.01897597883,OK,CURRENT_MONTH,Average of Feb-25,TRUE,HEADER_ITEM_LABELS_PLURAL,1,Item Labels,selected_food_table_Feb_25.xlsx,,Selected Food Feb. 2025,33,4,D33
2024-02-01,2025-02-01,POTATO_SWEET,Sweet potatoes,Sweet potatoes,,,NATIONAL,Nigeria,672.8286265841525,OK,YEAR_AGO,Average of feb-24,FALSE,HEADER_ITEM_LABELS_PLURAL,1,Item Labels,selected_food_table_Feb_25.xlsx,,Selected Food Feb. 2025,34,2,B34
2025-01-01,2025-02-01,POTATO_SWEET,Sweet potatoes,Sweet potatoes,,,NATIONAL,Nigeria,852.5153115486488,OK,PRIOR_MONTH,Average of Jan-25,FALSE,HEADER_ITEM_LABELS_PLURAL,1,Item Labels,selected_food_table_Feb_25.xlsx,,Selected Food Feb. 2025,34,3,C34
2025-02-01,2025-02-01,POTATO_SWEET,Sweet potatoes,Sweet potatoes,,,NATIONAL,Nigeria,823.2986999806628,OK,CURRENT_MONTH,Average of Feb-25,TRUE,HEADER_ITEM_LABELS_PLURAL,1,Item Labels,selected_food_table_Feb_25.xlsx,,Selected Food Feb. 2025,34,4,D34
2024-02-01,2025-02-01,FISH_TILAPIA_FRESH,Tilapia fresh fish (Epiya),Tilapia fresh fish (Epiya),,,NATIONAL,Nigeria,2445.262484539103,OK,YEAR_AGO,Average of feb-24,FALSE,HEADER_ITEM_LABELS_PLURAL,1,Item Labels,selected_food_table_Feb_25.xlsx,,Selected Food Feb. 2025,35,2,B35
2025-01-01,2025-02-01,FISH_TILAPIA_FRESH,Tilapia fresh fish (Epiya),Tilapia fresh fish (Epiya),,,NATIONAL,Nigeria,5065.363191184375,OK,PRIOR_MONTH,Average of Jan-25,FALSE,HEADER_ITEM_LABELS_PLURAL,1,Item Labels,selected_food_table_Feb_25.xlsx,,Selected Food Feb. 2025,35,3,C35
2025-02-01,2025-02-01,FISH_TILAPIA_FRESH,Tilapia fresh fish (Epiya),Tilapia fresh fish (Epiya),,,NATIONAL,Nigeria,5103.942028691891,OK,CURRENT_MONTH,Average of Feb-25,TRUE,HEADER_ITEM_LABELS_PLURAL,1,Item Labels,selected_food_table_Feb_25.xlsx,,Selected Food Feb. 2025,35,4,D35
2024-02-01,2025-02-01,MILK_EVAP_PEAK_150G,"Tin Milk-Evaporated, Peak Milk, 150g","Tin Milk-Evaporated, Peak Milk, 150g",150 g,SPREADSHEET_LABEL,NATIONAL,Nigeria,635.999519194828,OK,YEAR_AGO,Average of feb-24,FALSE,HEADER_ITEM_LABELS_PLURAL,1,Item Labels,selected_food_table_Feb_25.xlsx,,Selected Food Feb. 2025,36,2,B36
2025-01-01,2025-02-01,MILK_EVAP_PEAK_150G,"Tin Milk-Evaporated, Peak Milk, 150g","Tin Milk-Evaporated, Peak Milk, 150g",150 g,SPREADSHEET_LABEL,NATIONAL,Nigeria,928.0016281540771,OK,PRIOR_MONTH,Average of Jan-25,FALSE,HEADER_ITEM_LABELS_PLURAL,1,Item Labels,selected_food_table_Feb_25.xlsx,,Selected Food Feb. 2025,36,3,C36
2025-02-01,2025-02-01,MILK_EVAP_PEAK_150G,"Tin Milk-Evaporated, Peak Milk, 150g","Tin Milk-Evaporated, Peak Milk, 150g",150 g,SPREADSHEET_LABEL,NATIONAL,Nigeria,931.0347338363364,OK,CURRENT_MONTH,Average of Feb-25,TRUE,HEADER_ITEM_LABELS_PLURAL,1,Item Labels,selected_food_table_Feb_25.xlsx,,Selected Food Feb. 2025,36,4,D36
2024-02-01,2025-02-01,MILK_EVAP_THREECROWN_160G,"Tin Milk-Evaporated, Three Crown Milk, 160g","Tin Milk-Evaporated, Three Crown Milk, 160g",160 g,SPREADSHEET_LABEL,NATIONAL,Nigeria,,NOT_REPORTED,YEAR_AGO,Average of feb-24,FALSE,HEADER_ITEM_LABELS_PLURAL,1,Item Labels,selected_food_table_Feb_25.xlsx,,Selected Food Feb. 2025,37,2,B37
2025-01-01,2025-02-01,MILK_EVAP_THREECROWN_160G,"Tin Milk-Evaporated, Three Crown Milk, 160g","Tin Milk-Evaporated, Three Crown Milk, 160g",160 g,SPREADSHEET_LABEL,NATIONAL,Nigeria,837.2325512462462,OK,PRIOR_MONTH,Average of Jan-25,FALSE,HEADER_ITEM_LABELS_PLURAL,1,Item Labels,selected_food_table_Feb_25.xlsx,,Selected Food Feb. 2025,37,3,C37
2025-02-01,2025-02-01,MILK_EVAP_THREECROWN_160G,"Tin Milk-Evaporated, Three Crown Milk, 160g","Tin Milk-Evaporated, Three Crown Milk, 160g",160 g,SPREADSHEET_LABEL,NATIONAL,Nigeria,827.3148444054054,OK,CURRENT_MONTH,Average of Feb-25,TRUE,HEADER_ITEM_LABELS_PLURAL,1,Item Labels,selected_food_table_Feb_25.xlsx,,Selected Food Feb. 2025,37,4,D37
2024-02-01,2025-02-01,FISH_TITUS_FROZEN,"Titus, frozen","Titus, frozen",,,NATIONAL,Nigeria,2883.0737845792387,OK,YEAR_AGO,Average of feb-24,FALSE,HEADER_ITEM_LABELS_PLURAL,1,Item Labels,selected_food_table_Feb_25.xlsx,,Selected Food Feb. 2025,38,2,B38
2025-01-01,2025-02-01,FISH_TITUS_FROZEN,"Titus, frozen","Titus, frozen",,,NATIONAL,Nigeria,5467.231344622807,OK,PRIOR_MONTH,Average of Jan-25,FALSE,HEADER_ITEM_LABELS_PLURAL,1,Item Labels,selected_food_table_Feb_25.xlsx,,Selected Food Feb. 2025,38,3,C38
2025-02-01,2025-02-01,FISH_TITUS_FROZEN,"Titus, frozen","Titus, frozen",,,NATIONAL,Nigeria,5564.289075565916,OK,CURRENT_MONTH,Average of Feb-25,TRUE,HEADER_ITEM_LABELS_PLURAL,1,Item Labels,selected_food_table_Feb_25.xlsx,,Selected Food Feb. 2025,38,4,D38
2024-02-01,2025-02-01,TOMATOES_FRESH,"Tomatoes, fresh","Tomatoes, fresh",1 kg,NBS_REPORT_PDF,NATIONAL,Nigeria,937.8484073447404,OK,YEAR_AGO,Average of feb-24,FALSE,HEADER_ITEM_LABELS_PLURAL,1,Item Labels,selected_food_table_Feb_25.xlsx,,Selected Food Feb. 2025,39,2,B39
2025-01-01,2025-02-01,TOMATOES_FRESH,"Tomatoes, fresh","Tomatoes, fresh",1 kg,NBS_REPORT_PDF,NATIONAL,Nigeria,1081.439135977027,OK,PRIOR_MONTH,Average of Jan-25,FALSE,HEADER_ITEM_LABELS_PLURAL,1,Item Labels,selected_food_table_Feb_25.xlsx,,Selected Food Feb. 2025,39,3,C39
2025-02-01,2025-02-01,TOMATOES_FRESH,"Tomatoes, fresh","Tomatoes, fresh",1 kg,NBS_REPORT_PDF,NATIONAL,Nigeria,1111.1395879256434,OK,CURRENT_MONTH,Average of Feb-25,TRUE,HEADER_ITEM_LABELS_PLURAL,1,Item Labels,selected_food_table_Feb_25.xlsx,,Selected Food Feb. 2025,39,4,D39
2024-02-01,2025-02-01,VEG_OIL_75CL,"Vegetable Oil, 75cl","Vegetable Oil, 75cl",75 cl,SPREADSHEET_LABEL,NATIONAL,Nigeria,1878.812296999397,OK,YEAR_AGO,Average of feb-24,FALSE,HEADER_ITEM_LABELS_PLURAL,1,Item Labels,selected_food_table_Feb_25.xlsx,,Selected Food Feb. 2025,40,2,B40
2025-01-01,2025-02-01,VEG_OIL_75CL,"Vegetable Oil, 75cl","Vegetable Oil, 75cl",75 cl,SPREADSHEET_LABEL,NATIONAL,Nigeria,2975.961923490991,OK,PRIOR_MONTH,Average of Jan-25,FALSE,HEADER_ITEM_LABELS_PLURAL,1,Item Labels,selected_food_table_Feb_25.xlsx,,Selected Food Feb. 2025,40,3,C40
2025-02-01,2025-02-01,VEG_OIL_75CL,"Vegetable Oil, 75cl","Vegetable Oil, 75cl",75 cl,SPREADSHEET_LABEL,NATIONAL,Nigeria,3090.5103853288288,OK,CURRENT_MONTH,Average of Feb-25,TRUE,HEADER_ITEM_LABELS_PLURAL,1,Item Labels,selected_food_table_Feb_25.xlsx,,Selected Food Feb. 2025,40,4,D40
2024-02-01,2025-02-01,WATERMELON_WHOLE,"Watermelon whole, medium size fresh","Watermelon whole, medium size fresh",,,NATIONAL,Nigeria,,NOT_REPORTED,YEAR_AGO,Average of feb-24,FALSE,HEADER_ITEM_LABELS_PLURAL,1,Item Labels,selected_food_table_Feb_25.xlsx,,Selected Food Feb. 2025,41,2,B41
2025-01-01,2025-02-01,WATERMELON_WHOLE,"Watermelon whole, medium size fresh","Watermelon whole, medium size fresh",,,NATIONAL,Nigeria,1850.843269956081,OK,PRIOR_MONTH,Average of Jan-25,FALSE,HEADER_ITEM_LABELS_PLURAL,1,Item Labels,selected_food_table_Feb_25.xlsx,,Selected Food Feb. 2025,41,3,C41
2025-02-01,2025-02-01,WATERMELON_WHOLE,"Watermelon whole, medium size fresh","Watermelon whole, medium size fresh",,,NATIONAL,Nigeria,1926.2041193291504,OK,CURRENT_MONTH,Average of Feb-25,TRUE,HEADER_ITEM_LABELS_PLURAL,1,Item Labels,selected_food_table_Feb_25.xlsx,,Selected Food Feb. 2025,41,4,D41
2024-02-01,2025-02-01,WHEAT_FLOUR_2KG,"Wheat Flour, Prepacked (2kg)","Wheat Flour, Prepacked (2kg)",2 kg,SPREADSHEET_LABEL,NATIONAL,Nigeria,2277.5858108989532,OK,YEAR_AGO,Average of feb-24,FALSE,HEADER_ITEM_LABELS_PLURAL,1,Item Labels,selected_food_table_Feb_25.xlsx,,Selected Food Feb. 2025,42,2,B42
2025-01-01,2025-02-01,WHEAT_FLOUR_2KG,"Wheat Flour, Prepacked (2kg)","Wheat Flour, Prepacked (2kg)",2 kg,SPREADSHEET_LABEL,NATIONAL,Nigeria,3847.3656922479145,OK,PRIOR_MONTH,Average of Jan-25,FALSE,HEADER_ITEM_LABELS_PLURAL,1,Item Labels,selected_food_table_Feb_25.xlsx,,Selected Food Feb. 2025,42,3,C42
2025-02-01,2025-02-01,WHEAT_FLOUR_2KG,"Wheat Flour, Prepacked (2kg)","Wheat Flour, Prepacked (2kg)",2 kg,SPREADSHEET_LABEL,NATIONAL,Nigeria,3890.802997644842,OK,CURRENT_MONTH,Average of Feb-25,TRUE,HEADER_ITEM_LABELS_PLURAL,1,Item Labels,selected_food_table_Feb_25.xlsx,,Selected Food Feb. 2025,42,4,D42
2024-02-01,2025-02-01,YAM_TUBER,Yam Tuber,Yam Tuber,1 kg,NBS_REPORT_PDF,NATIONAL,Nigeria,1009.55598963637,OK,YEAR_AGO,Average of feb-24,FALSE,HEADER_ITEM_LABELS_PLURAL,1,Item Labels,selected_food_table_Feb_25.xlsx,,Selected Food Feb. 2025,43,2,B43
2025-01-01,2025-02-01,YAM_TUBER,Yam Tuber,Yam Tuber,1 kg,NBS_REPORT_PDF,NATIONAL,Nigeria,1991.3299394697337,OK,PRIOR_MONTH,Average of Jan-25,FALSE,HEADER_ITEM_LABELS_PLURAL,1,Item Labels,selected_food_table_Feb_25.xlsx,,Selected Food Feb. 2025,43,3,C43
2025-02-01,2025-02-01,YAM_TUBER,Yam Tuber,Yam Tuber,1 kg,NBS_REPORT_PDF,NATIONAL,Nigeria,2022.032912530438,OK,CURRENT_MONTH,Average of Feb-25,TRUE,HEADER_ITEM_LABELS_PLURAL,1,Item Labels,selected_food_table_Feb_25.xlsx,,Selected Food Feb. 2025,43,4,D43
2024-01-01,2025-01-01,EGG_AGRIC,"Agric hen eggs,",Agric hen eggs,,,NATIONAL,Nigeria,116.41,OK,YEAR_AGO,Average of Jan-24,FALSE,,1,Item Label,Selected_food_table_Jan25.xlsx,,Selected Food Jan 2025,2,2,B2
2024-12-01,2025-01-01,EGG_AGRIC,"Agric hen eggs,",Agric hen eggs,,,NATIONAL,Nigeria,252.16549790250127,OK,PRIOR_MONTH,Average of Dec-24,FALSE,,1,Item Label,Selected_food_table_Jan25.xlsx,,Selected Food Jan 2025,2,3,C2
2025-01-01,2025-01-01,EGG_AGRIC,"Agric hen eggs,",Agric hen eggs,,,NATIONAL,Nigeria,248.04139052252253,OK,CURRENT_MONTH,Average of Jan-25,TRUE,,1,Item Label,Selected_food_table_Jan25.xlsx,,Selected Food Jan 2025,2,4,D2
2024-01-01,2025-01-01,EGG_AGRIC_CRATE30,"Agric hen eggs, (a Crate of 30 pieces)","Agric hen eggs, (a Crate of 30 pieces)",1 crate of 30 pieces,SPREADSHEET_LABEL,NATIONAL,Nigeria,,NOT_REPORTED,YEAR_AGO,Average of Jan-24,FALSE,,1,Item Label,Selected_food_table_Jan25.xlsx,,Selected Food Jan 2025,3,2,B3
2024-12-01,2025-01-01,EGG_AGRIC_CRATE30,"Agric hen eggs, (a Crate of 30 pieces)","Agric hen eggs, (a Crate of 30 pieces)",1 crate of 30 pieces,SPREADSHEET_LABEL,NATIONAL,Nigeria,,NOT_REPORTED,PRIOR_MONTH,Average of Dec-24,FALSE,,1,Item Label,Selected_food_table_Jan25.xlsx,,Selected Food Jan 2025,3,3,C3
2025-01-01,2025-01-01,EGG_AGRIC_CRATE30,"Agric hen eggs, (a Crate of 30 pieces)","Agric hen eggs, (a Crate of 30 pieces)",1 crate of 30 pieces,SPREADSHEET_LABEL,NATIONAL,Nigeria,5878.140646621622,OK,CURRENT_MONTH,Average of Jan-25,TRUE,,1,Item Label,Selected_food_table_Jan25.xlsx,,Selected Food Jan 2025,3,4,D3
2024-01-01,2025-01-01,BEANS_BROWN,Beans Brown,Beans Brown,1 kg,NBS_REPORT_PDF,NATIONAL,Nigeria,976.5840710461092,OK,YEAR_AGO,Average of Jan-24,FALSE,,1,Item Label,Selected_food_table_Jan25.xlsx,,Selected Food Jan 2025,4,2,B4
2024-12-01,2025-01-01,BEANS_BROWN,Beans Brown,Beans Brown,1 kg,NBS_REPORT_PDF,NATIONAL,Nigeria,2501.32352545728,OK,PRIOR_MONTH,Average of Dec-24,FALSE,,1,Item Label,Selected_food_table_Jan25.xlsx,,Selected Food Jan 2025,4,3,C4
2025-01-01,2025-01-01,BEANS_BROWN,Beans Brown,Beans Brown,1 kg,NBS_REPORT_PDF,NATIONAL,Nigeria,2458.5332882957205,OK,CURRENT_MONTH,Average of Jan-25,TRUE,,1,Item Label,Selected_food_table_Jan25.xlsx,,Selected Food Jan 2025,4,4,D4
2024-01-01,2025-01-01,BEANS_WHITE,Beans white,Beans white,,,NATIONAL,Nigeria,921.3782243181649,OK,YEAR_AGO,Average of Jan-24,FALSE,,1,Item Label,Selected_food_table_Jan25.xlsx,,Selected Food Jan 2025,5,2,B5
2024-12-01,2025-01-01,BEANS_WHITE,Beans white,Beans white,,,NATIONAL,Nigeria,2319.0422043194067,OK,PRIOR_MONTH,Average of Dec-24,FALSE,,1,Item Label,Selected_food_table_Jan25.xlsx,,Selected Food Jan 2025,5,3,C5
2025-01-01,2025-01-01,BEANS_WHITE,Beans white,Beans white,,,NATIONAL,Nigeria,2123.8529942048917,OK,CURRENT_MONTH,Average of Jan-25,TRUE,,1,Item Label,Selected_food_table_Jan25.xlsx,,Selected Food Jan 2025,5,4,D5
2024-01-01,2025-01-01,BEEF_BONELESS,Beef Boneless,Beef Boneless,1 kg,NBS_REPORT_PDF,NATIONAL,Nigeria,3315.781106045532,OK,YEAR_AGO,Average of Jan-24,FALSE,,1,Item Label,Selected_food_table_Jan25.xlsx,,Selected Food Jan 2025,6,2,B6
2024-12-01,2025-01-01,BEEF_BONELESS,Beef Boneless,Beef Boneless,1 kg,NBS_REPORT_PDF,NATIONAL,Nigeria,6150.18288265039,OK,PRIOR_MONTH,Average of Dec-24,FALSE,,1,Item Label,Selected_food_table_Jan25.xlsx,,Selected Food Jan 2025,6,3,C6
2025-01-01,2025-01-01,BEEF_BONELESS,Beef Boneless,Beef Boneless,1 kg,NBS_REPORT_PDF,NATIONAL,Nigeria,6122.568294312323,OK,CURRENT_MONTH,Average of Jan-25,TRUE,,1,Item Label,Selected_food_table_Jan25.xlsx,,Selected Food Jan 2025,6,4,D6
2024-01-01,2025-01-01,BREAD_SLICED_450G,"Bread (sliced), 450g","Bread (sliced), 450g",450 g,SPREADSHEET_LABEL,NATIONAL,Nigeria,,NOT_REPORTED,YEAR_AGO,Average of Jan-24,FALSE,,1,Item Label,Selected_food_table_Jan25.xlsx,,Selected Food Jan 2025,7,2,B7
2024-12-01,2025-01-01,BREAD_SLICED_450G,"Bread (sliced), 450g","Bread (sliced), 450g",450 g,SPREADSHEET_LABEL,NATIONAL,Nigeria,,NOT_REPORTED,PRIOR_MONTH,Average of Dec-24,FALSE,,1,Item Label,Selected_food_table_Jan25.xlsx,,Selected Food Jan 2025,7,3,C7
2025-01-01,2025-01-01,BREAD_SLICED_450G,"Bread (sliced), 450g","Bread (sliced), 450g",450 g,SPREADSHEET_LABEL,NATIONAL,Nigeria,1604.7842497597594,OK,CURRENT_MONTH,Average of Jan-25,TRUE,,1,Item Label,Selected_food_table_Jan25.xlsx,,Selected Food Jan 2025,7,4,D7
2024-01-01,2025-01-01,BREAD_UNSLICED_450G,"Bread (unsliced), 450g","Bread (unsliced), 450g",450 g,SPREADSHEET_LABEL,NATIONAL,Nigeria,,NOT_REPORTED,YEAR_AGO,Average of Jan-24,FALSE,,1,Item Label,Selected_food_table_Jan25.xlsx,,Selected Food Jan 2025,8,2,B8
2024-12-01,2025-01-01,BREAD_UNSLICED_450G,"Bread (unsliced), 450g","Bread (unsliced), 450g",450 g,SPREADSHEET_LABEL,NATIONAL,Nigeria,,NOT_REPORTED,PRIOR_MONTH,Average of Dec-24,FALSE,,1,Item Label,Selected_food_table_Jan25.xlsx,,Selected Food Jan 2025,8,3,C8
2025-01-01,2025-01-01,BREAD_UNSLICED_450G,"Bread (unsliced), 450g","Bread (unsliced), 450g",450 g,SPREADSHEET_LABEL,NATIONAL,Nigeria,1452.9829733163879,OK,CURRENT_MONTH,Average of Jan-25,TRUE,,1,Item Label,Selected_food_table_Jan25.xlsx,,Selected Food Jan 2025,8,4,D8
2024-01-01,2025-01-01,CARROTS_FRESH,"Carrots, fresh","Carrots, fresh",1 kg,NBS_REPORT_PDF,NATIONAL,Nigeria,,NOT_REPORTED,YEAR_AGO,Average of Jan-24,FALSE,,1,Item Label,Selected_food_table_Jan25.xlsx,,Selected Food Jan 2025,9,2,B9
2024-12-01,2025-01-01,CARROTS_FRESH,"Carrots, fresh","Carrots, fresh",1 kg,NBS_REPORT_PDF,NATIONAL,Nigeria,,NOT_REPORTED,PRIOR_MONTH,Average of Dec-24,FALSE,,1,Item Label,Selected_food_table_Jan25.xlsx,,Selected Food Jan 2025,9,3,C9
2025-01-01,2025-01-01,CARROTS_FRESH,"Carrots, fresh","Carrots, fresh",1 kg,NBS_REPORT_PDF,NATIONAL,Nigeria,1787.161451333333,OK,CURRENT_MONTH,Average of Jan-25,TRUE,,1,Item Label,Selected_food_table_Jan25.xlsx,,Selected Food Jan 2025,9,4,D9
2024-01-01,2025-01-01,FISH_CATFISH_FRESH,Cat fresh fish,Cat fresh fish,,,NATIONAL,Nigeria,2497.374124764141,OK,YEAR_AGO,Average of Jan-24,FALSE,,1,Item Label,Selected_food_table_Jan25.xlsx,,Selected Food Jan 2025,10,2,B10
2024-12-01,2025-01-01,FISH_CATFISH_FRESH,Cat fresh fish,Cat fresh fish,,,NATIONAL,Nigeria,4347.444551175032,OK,PRIOR_MONTH,Average of Dec-24,FALSE,,1,Item Label,Selected_food_table_Jan25.xlsx,,Selected Food Jan 2025,10,3,C10
2025-01-01,2025-01-01,FISH_CATFISH_FRESH,Cat fresh fish,Cat fresh fish,,,NATIONAL,Nigeria,5226.870577840466,OK,CURRENT_MONTH,Average of Jan-25,TRUE,,1,Item Label,Selected_food_table_Jan25.xlsx,,Selected Food Jan 2025,10,4,D10
2024-01-01,2025-01-01,CHICKEN_FEET,Chicken feet,Chicken feet,,,NATIONAL,Nigeria,2052.1003035521235,OK,YEAR_AGO,Average of Jan-24,FALSE,,1,Item Label,Selected_food_table_Jan25.xlsx,,Selected Food Jan 2025,11,2,B11
2024-12-01,2025-01-01,CHICKEN_FEET,Chicken feet,Chicken feet,,,NATIONAL,Nigeria,3397.833350159044,OK,PRIOR_MONTH,Average of Dec-24,FALSE,,1,Item Label,Selected_food_table_Jan25.xlsx,,Selected Food Jan 2025,11,3,C11
2025-01-01,2025-01-01,CHICKEN_FEET,Chicken feet,Chicken feet,,,NATIONAL,Nigeria,3293.62957461766,OK,CURRENT_MONTH,Average of Jan-25,TRUE,,1,Item Label,Selected_food_table_Jan25.xlsx,,Selected Food Jan 2025,11,4,D11
2024-01-01,2025-01-01,CHICKEN_MEAT_FROZEN,Chicken meat (Frozen),Chicken meat (Frozen),,,NATIONAL,Nigeria,4007.5773169253207,OK,YEAR_AGO,Average of Jan-24,FALSE,,1,Item Label,Selected_food_table_Jan25.xlsx,,Selected Food Jan 2025,12,2,B12
2024-12-01,2025-01-01,CHICKEN_MEAT_FROZEN,Chicken meat (Frozen),Chicken meat (Frozen),,,NATIONAL,Nigeria,6473.806417137772,OK,PRIOR_MONTH,Average of Dec-24,FALSE,,1,Item Label,Selected_food_table_Jan25.xlsx,,Selected Food Jan 2025,12,3,C12
2025-01-01,2025-01-01,CHICKEN_MEAT_FROZEN,Chicken meat (Frozen),Chicken meat (Frozen),,,NATIONAL,Nigeria,5497.031135370547,OK,CURRENT_MONTH,Average of Jan-25,TRUE,,1,Item Label,Selected_food_table_Jan25.xlsx,,Selected Food Jan 2025,12,4,D12
2024-01-01,2025-01-01,CHICKEN_WINGS,Chicken Wings,Chicken Wings,,,NATIONAL,Nigeria,2506.8092084185414,OK,YEAR_AGO,Average of Jan-24,FALSE,,1,Item Label,Selected_food_table_Jan25.xlsx,,Selected Food Jan 2025,13,2,B13
2024-12-01,2025-01-01,CHICKEN_WINGS,Chicken Wings,Chicken Wings,,,NATIONAL,Nigeria,4422.802156232942,OK,PRIOR_MONTH,Average of Dec-24,FALSE,,1,Item Label,Selected_food_table_Jan25.xlsx,,Selected Food Jan 2025,13,3,C13
2025-01-01,2025-01-01,CHICKEN_WINGS,Chicken Wings,Chicken Wings,,,NATIONAL,Nigeria,4340.107780662224,OK,CURRENT_MONTH,Average of Jan-25,TRUE,,1,Item Label,Selected_food_table_Jan25.xlsx,,Selected Food Jan 2025,13,4,D13
2024-01-01,2025-01-01,CRAYFISH_SMALL_WHITE,Cray fish small white,Cray fish small white,1 kg,NBS_REPORT_PDF,NATIONAL,Nigeria,,NOT_REPORTED,YEAR_AGO,Average of Jan-24,FALSE,,1,Item Label,Selected_food_table_Jan25.xlsx,,Selected Food Jan 2025,14,2,B14
2024-12-01,2025-01-01,CRAYFISH_SMALL_WHITE,Cray fish small white,Cray fish small white,1 kg,NBS_REPORT_PDF,NATIONAL,Nigeria,,NOT_REPORTED,PRIOR_MONTH,Average of Dec-24,FALSE,,1,Item Label,Selected_food_table_Jan25.xlsx,,Selected Food Jan 2025,14,3,C14
2025-01-01,2025-01-01,CRAYFISH_SMALL_WHITE,Cray fish small white,Cray fish small white,1 kg,NBS_REPORT_PDF,NATIONAL,Nigeria,6227.04071992117,OK,CURRENT_MONTH,Average of Jan-25,TRUE,,1,Item Label,Selected_food_table_Jan25.xlsx,,Selected Food Jan 2025,14,4,D14
2024-01-01,2025-01-01,FISH_DRIED_BONGA,"Dried fish, Bonga","Dried fish, Bonga",,,NATIONAL,Nigeria,,NOT_REPORTED,YEAR_AGO,Average of Jan-24,FALSE,,1,Item Label,Selected_food_table_Jan25.xlsx,,Selected Food Jan 2025,15,2,B15
2024-12-01,2025-01-01,FISH_DRIED_BONGA,"Dried fish, Bonga","Dried fish, Bonga",,,NATIONAL,Nigeria,,NOT_REPORTED,PRIOR_MONTH,Average of Dec-24,FALSE,,1,Item Label,Selected_food_table_Jan25.xlsx,,Selected Food Jan 2025,15,3,C15
2025-01-01,2025-01-01,FISH_DRIED_BONGA,"Dried fish, Bonga","Dried fish, Bonga",,,NATIONAL,Nigeria,6131.980115364863,OK,CURRENT_MONTH,Average of Jan-25,TRUE,,1,Item Label,Selected_food_table_Jan25.xlsx,,Selected Food Jan 2025,15,4,D15
2024-01-01,2025-01-01,GARRI_WHITE,Garri white,Garri white,1 kg,NBS_REPORT_PDF,NATIONAL,Nigeria,600.6871957820216,OK,YEAR_AGO,Average of Jan-24,FALSE,,1,Item Label,Selected_food_table_Jan25.xlsx,,Selected Food Jan 2025,16,2,B16
2024-12-01,2025-01-01,GARRI_WHITE,Garri white,Garri white,1 kg,NBS_REPORT_PDF,NATIONAL,Nigeria,1184.766182872789,OK,PRIOR_MONTH,Average of Dec-24,FALSE,,1,Item Label,Selected_food_table_Jan25.xlsx,,Selected Food Jan 2025,16,3,C16
2025-01-01,2025-01-01,GARRI_WHITE,Garri white,Garri white,1 kg,NBS_REPORT_PDF,NATIONAL,Nigeria,1267.6348809931148,OK,CURRENT_MONTH,Average of Jan-25,TRUE,,1,Item Label,Selected_food_table_Jan25.xlsx,,Selected Food Jan 2025,16,4,D16
2024-01-01,2025-01-01,GARRI_YELLOW,Garri Yellow,Garri Yellow,,,NATIONAL,Nigeria,624.2126589087948,OK,YEAR_AGO,Average of Jan-24,FALSE,,1,Item Label,Selected_food_table_Jan25.xlsx,,Selected Food Jan 2025,17,2,B17
2024-12-01,2025-01-01,GARRI_YELLOW,Garri Yellow,Garri Yellow,,,NATIONAL,Nigeria,1296.9267315173272,OK,PRIOR_MONTH,Average of Dec-24,FALSE,,1,Item Label,Selected_food_table_Jan25.xlsx,,Selected Food Jan 2025,17,3,C17
2025-01-01,2025-01-01,GARRI_YELLOW,Garri Yellow,Garri Yellow,,,NATIONAL,Nigeria,1358.9584184214177,OK,CURRENT_MONTH,Average of Jan-25,TRUE,,1,Item Label,Selected_food_table_Jan25.xlsx,,Selected Food Jan 2025,17,4,D17
2024-01-01,2025-01-01,GINGER_FRESH,"Ginger, fresh","Ginger, fresh",1 kg,NBS_REPORT_PDF,NATIONAL,Nigeria,,NOT_REPORTED,YEAR_AGO,Average of Jan-24,FALSE,,1,Item Label,Selected_food_table_Jan25.xlsx,,Selected Food Jan 2025,18,2,B18
2024-12-01,2025-01-01,GINGER_FRESH,"Ginger, fresh","Ginger, fresh",1 kg,NBS_REPORT_PDF,NATIONAL,Nigeria,,NOT_REPORTED,PRIOR_MONTH,Average of Dec-24,FALSE,,1,Item Label,Selected_food_table_Jan25.xlsx,,Selected Food Jan 2025,18,3,C18
2025-01-01,2025-01-01,GINGER_FRESH,"Ginger, fresh","Ginger, fresh",1 kg,NBS_REPORT_PDF,NATIONAL,Nigeria,4206.799548941442,OK,CURRENT_MONTH,Average of Jan-25,TRUE,,1,Item Label,Selected_food_table_Jan25.xlsx,,Selected Food Jan 2025,18,4,D18
2024-01-01,2025-01-01,GOAT_MEAT_BONE_IN,Goat Meat Bone in,Goat Meat Bone in,,,NATIONAL,Nigeria,,NOT_REPORTED,YEAR_AGO,Average of Jan-24,FALSE,,1,Item Label,Selected_food_table_Jan25.xlsx,,Selected Food Jan 2025,19,2,B19
2024-12-01,2025-01-01,GOAT_MEAT_BONE_IN,Goat Meat Bone in,Goat Meat Bone in,,,NATIONAL,Nigeria,,NOT_REPORTED,PRIOR_MONTH,Average of Dec-24,FALSE,,1,Item Label,Selected_food_table_Jan25.xlsx,,Selected Food Jan 2025,19,3,C19
2025-01-01,2025-01-01,GOAT_MEAT_BONE_IN,Goat Meat Bone in,Goat Meat Bone in,,,NATIONAL,Nigeria,6202.35750472635,OK,CURRENT_MONTH,Average of Jan-25,TRUE,,1,Item Label,Selected_food_table_Jan25.xlsx,,Selected Food Jan 2025,19,4,D19
2024-01-01,2025-01-01,GROUNDNUT_OIL_75CL,"Groundnut oil, 75cl","Groundnut oil, 75cl",75 cl,SPREADSHEET_LABEL,NATIONAL,Nigeria,,NOT_REPORTED,YEAR_AGO,Average of Jan-24,FALSE,,1,Item Label,Selected_food_table_Jan25.xlsx,,Selected Food Jan 2025,20,2,B20
2024-12-01,2025-01-01,GROUNDNUT_OIL_75CL,"Groundnut oil, 75cl","Groundnut oil, 75cl",75 cl,SPREADSHEET_LABEL,NATIONAL,Nigeria,,NOT_REPORTED,PRIOR_MONTH,Average of Dec-24,FALSE,,1,Item Label,Selected_food_table_Jan25.xlsx,,Selected Food Jan 2025,20,3,C20
2025-01-01,2025-01-01,GROUNDNUT_OIL_75CL,"Groundnut oil, 75cl","Groundnut oil, 75cl",75 cl,SPREADSHEET_LABEL,NATIONAL,Nigeria,2939.7346322297294,OK,CURRENT_MONTH,Average of Jan-25,TRUE,,1,Item Label,Selected_food_table_Jan25.xlsx,,Selected Food Jan 2025,20,4,D20
2024-01-01,2025-01-01,GROUNDNUTS_ROASTED_75CL,"Groundnuts, roasted,75cl bottle","Groundnuts, roasted,75cl bottle",75 cl bottle,SPREADSHEET_LABEL,NATIONAL,Nigeria,,NOT_REPORTED,YEAR_AGO,Average of Jan-24,FALSE,,1,Item Label,Selected_food_table_Jan25.xlsx,,Selected Food Jan 2025,21,2,B21
2024-12-01,2025-01-01,GROUNDNUTS_ROASTED_75CL,"Groundnuts, roasted,75cl bottle","Groundnuts, roasted,75cl bottle",75 cl bottle,SPREADSHEET_LABEL,NATIONAL,Nigeria,,NOT_REPORTED,PRIOR_MONTH,Average of Dec-24,FALSE,,1,Item Label,Selected_food_table_Jan25.xlsx,,Selected Food Jan 2025,21,3,C21
2025-01-01,2025-01-01,GROUNDNUTS_ROASTED_75CL,"Groundnuts, roasted,75cl bottle","Groundnuts, roasted,75cl bottle",75 cl bottle,SPREADSHEET_LABEL,NATIONAL,Nigeria,2387.756803352135,OK,CURRENT_MONTH,Average of Jan-25,TRUE,,1,Item Label,Selected_food_table_Jan25.xlsx,,Selected Food Jan 2025,21,4,D21
2024-01-01,2025-01-01,POTATO_IRISH,Irish Potatoe,Irish Potatoe,1 kg,NBS_REPORT_PDF,NATIONAL,Nigeria,1051.7684368720343,OK,YEAR_AGO,Average of Jan-24,FALSE,,1,Item Label,Selected_food_table_Jan25.xlsx,,Selected Food Jan 2025,22,2,B22
2024-12-01,2025-01-01,POTATO_IRISH,Irish Potatoe,Irish Potatoe,1 kg,NBS_REPORT_PDF,NATIONAL,Nigeria,1818.2876324441518,OK,PRIOR_MONTH,Average of Dec-24,FALSE,,1,Item Label,Selected_food_table_Jan25.xlsx,,Selected Food Jan 2025,22,3,C22
2025-01-01,2025-01-01,POTATO_IRISH,Irish Potatoe,Irish Potatoe,1 kg,NBS_REPORT_PDF,NATIONAL,Nigeria,1790.9108765279882,OK,CURRENT_MONTH,Average of Jan-25,TRUE,,1,Item Label,Selected_food_table_Jan25.xlsx,,Selected Food Jan 2025,22,4,D22
2024-01-01,2025-01-01,RICE_LOCAL_BROKEN,Local Rice (Broken),Local Rice (Broken),,,NATIONAL,Nigeria,,NOT_REPORTED,YEAR_AGO,Average of Jan-24,FALSE,,1,Item Label,Selected_food_table_Jan25.xlsx,,Selected Food Jan 2025,23,2,B23
2024-12-01,2025-01-01,RICE_LOCAL_BROKEN,Local Rice (Broken),Local Rice (Broken),,,NATIONAL,Nigeria,,NOT_REPORTED,PRIOR_MONTH,Average of Dec-24,FALSE,,1,Item Label,Selected_food_table_Jan25.xlsx,,Selected Food Jan 2025,23,3,C23
2025-01-01,2025-01-01,RICE_LOCAL_BROKEN,Local Rice (Broken),Local Rice (Broken),,,NATIONAL,Nigeria,2508.1549602219034,OK,CURRENT_MONTH,Average of Jan-25,TRUE,,1,Item Label,Selected_food_table_Jan25.xlsx,,Selected Food Jan 2025,23,4,D23
2024-01-01,2025-01-01,FISH_MACKEREL_FROZEN,"Mackerel, Frozen","Mackerel, Frozen",,,NATIONAL,Nigeria,2457.9634949297056,OK,YEAR_AGO,Average of Jan-24,FALSE,,1,Item Label,Selected_food_table_Jan25.xlsx,,Selected Food Jan 2025,24,2,B24
2024-12-01,2025-01-01,FISH_MACKEREL_FROZEN,"Mackerel, Frozen","Mackerel, Frozen",,,NATIONAL,Nigeria,4287.654017970142,OK,PRIOR_MONTH,Average of Dec-24,FALSE,,1,Item Label,Selected_food_table_Jan25.xlsx,,Selected Food Jan 2025,24,3,C24
2025-01-01,2025-01-01,FISH_MACKEREL_FROZEN,"Mackerel, Frozen","Mackerel, Frozen",,,NATIONAL,Nigeria,5117.805935192943,OK,CURRENT_MONTH,Average of Jan-25,TRUE,,1,Item Label,Selected_food_table_Jan25.xlsx,,Selected Food Jan 2025,24,4,D24
2024-01-01,2025-01-01,MAIZE_GRAIN_WHITE_LOOSE,Maize (Corn) Grains (White) sold loose,Maize (Corn) Grains (White) sold loose,1 kg,NBS_REPORT_PDF,NATIONAL,Nigeria,633.9120530456735,OK,YEAR_AGO,Average of Jan-24,FALSE,,1,Item Label,Selected_food_table_Jan25.xlsx,,Selected Food Jan 2025,25,2,B25
2024-12-01,2025-01-01,MAIZE_GRAIN_WHITE_LOOSE,Maize (Corn) Grains (White) sold loose,Maize (Corn) Grains (White) sold loose,1 kg,NBS_REPORT_PDF,NATIONAL,Nigeria,1151.1347128757118,OK,PRIOR_MONTH,Average of Dec-24,FALSE,,1,Item Label,Selected_food_table_Jan25.xlsx,,Selected Food Jan 2025,25,3,C25
2025-01-01,2025-01-01,MAIZE_GRAIN_WHITE_LOOSE,Maize (Corn) Grains (White) sold loose,Maize (Corn) Grains (White) sold loose,1 kg,NBS_REPORT_PDF,NATIONAL,Nigeria,1168.3379724972651,OK,CURRENT_MONTH,Average of Jan-25,TRUE,,1,Item Label,Selected_food_table_Jan25.xlsx,,Selected Food Jan 2025,25,4,D25
2024-01-01,2025-01-01,ONIONS_FRESH,"Onions, fresh","Onions, fresh",1 kg,NBS_REPORT_PDF,NATIONAL,Nigeria,881.1976532260215,OK,YEAR_AGO,Average of Jan-24,FALSE,,1,Item Label,Selected_food_table_Jan25.xlsx,,Selected Food Jan 2025,26,2,B26
2024-12-01,2025-01-01,ONIONS_FRESH,"Onions, fresh","Onions, fresh",1 kg,NBS_REPORT_PDF,NATIONAL,Nigeria,2057.8108721538,OK,PRIOR_MONTH,Average of Dec-24,FALSE,,1,Item Label,Selected_food_table_Jan25.xlsx,,Selected Food Jan 2025,26,3,C26
2025-01-01,2025-01-01,ONIONS_FRESH,"Onions, fresh","Onions, fresh",1 kg,NBS_REPORT_PDF,NATIONAL,Nigeria,1367.6215629373394,OK,CURRENT_MONTH,Average of Jan-25,TRUE,,1,Item Label,Selected_food_table_Jan25.xlsx,,Selected Food Jan 2025,26,4,D26
2024-01-01,2025-01-01,PALM_OIL_75CL,"Palm oil, 75cl","Palm oil, 75cl",75 cl,SPREADSHEET_LABEL,NATIONAL,Nigeria,1456.7227539583407,OK,YEAR_AGO,Average of Jan-24,FALSE,,1,Item Label,Selected_food_table_Jan25.xlsx,,Selected Food Jan 2025,27,2,B27
2024-12-01,2025-01-01,PALM_OIL_75CL,"Palm oil, 75cl","Palm oil, 75cl",75 cl,SPREADSHEET_LABEL,NATIONAL,Nigeria,2582.34799869504,OK,PRIOR_MONTH,Average of Dec-24,FALSE,,1,Item Label,Selected_food_table_Jan25.xlsx,,Selected Food Jan 2025,27,3,C27
2025-01-01,2025-01-01,PALM_OIL_75CL,"Palm oil, 75cl","Palm oil, 75cl",75 cl,SPREADSHEET_LABEL,NATIONAL,Nigeria,2329.5428046950337,OK,CURRENT_MONTH,Average of Jan-25,TRUE,,1,Item Label,Selected_food_table_Jan25.xlsx,,Selected Food Jan 2025,27,4,D27
2024-01-01,2025-01-01,PLANTAIN_RIPE,Plantain (ripe),Plantain (ripe),,,NATIONAL,Nigeria,810.6669787894792,OK,YEAR_AGO,Average of Jan-24,FALSE,,1,Item Label,Selected_food_table_Jan25.xlsx,,Selected Food Jan 2025,28,2,B28
2024-12-01,2025-01-01,PLANTAIN_RIPE,Plantain (ripe),Plantain (ripe),,,NATIONAL,Nigeria,1533.6809681028672,OK,PRIOR_MONTH,Average of Dec-24,FALSE,,1,Item Label,Selected_food_table_Jan25.xlsx,,Selected Food Jan 2025,28,3,C28
2025-01-01,2025-01-01,PLANTAIN_RIPE,Plantain (ripe),Plantain (ripe),,,NATIONAL,Nigeria,1876.0258662337449,OK,CURRENT_MONTH,Average of Jan-25,TRUE,,1,Item Label,Selected_food_table_Jan25.xlsx,,Selected Food Jan 2025,28,4,D28
2024-01-01,2025-01-01,PLANTAIN_UNRIPE,Plantain (unripe),Plantain (unripe),,,NATIONAL,Nigeria,811.945166608191,OK,YEAR_AGO,Average of Jan-24,FALSE,,1,Item Label,Selected_food_table_Jan25.xlsx,,Selected Food Jan 2025,29,2,B29
2024-12-01,2025-01-01,PLANTAIN_UNRIPE,Plantain (unripe),Plantain (unripe),,,NATIONAL,Nigeria,1550.1513842884733,OK,PRIOR_MONTH,Average of Dec-24,FALSE,,1,Item Label,Selected_food_table_Jan25.xlsx,,Selected Food Jan 2025,29,3,C29
2025-01-01,2025-01-01,PLANTAIN_UNRIPE,Plantain (unripe),Plantain (unripe),,,NATIONAL,Nigeria,2119.0689292685547,OK,CURRENT_MONTH,Average of Jan-25,TRUE,,1,Item Label,Selected_food_table_Jan25.xlsx,,Selected Food Jan 2025,29,4,D29
2024-01-01,2025-01-01,RICE_LOCAL_SHORT_GRAIN,"Rice Local, short-Grained","Rice Local, short-Grained",1 kg,NBS_REPORT_PDF,NATIONAL,Nigeria,1021.785694288337,OK,YEAR_AGO,Average of Jan-24,FALSE,,1,Item Label,Selected_food_table_Jan25.xlsx,,Selected Food Jan 2025,30,2,B30
2024-12-01,2025-01-01,RICE_LOCAL_SHORT_GRAIN,"Rice Local, short-Grained","Rice Local, short-Grained",1 kg,NBS_REPORT_PDF,NATIONAL,Nigeria,1944.40389945518,OK,PRIOR_MONTH,Average of Dec-24,FALSE,,1,Item Label,Selected_food_table_Jan25.xlsx,,Selected Food Jan 2025,30,3,C30
2025-01-01,2025-01-01,RICE_LOCAL_SHORT_GRAIN,"Rice Local, short-Grained","Rice Local, short-Grained",1 kg,NBS_REPORT_PDF,NATIONAL,Nigeria,2067.9978229893177,OK,CURRENT_MONTH,Average of Jan-25,TRUE,,1,Item Label,Selected_food_table_Jan25.xlsx,,Selected Food Jan 2025,30,4,D30
2024-01-01,2025-01-01,RICE_IMPORTED_LONG_GRAIN,Rice Long-Grained (Imported),Rice Long-Grained (Imported),,,NATIONAL,Nigeria,1322.005606715556,OK,YEAR_AGO,Average of Jan-24,FALSE,,1,Item Label,Selected_food_table_Jan25.xlsx,,Selected Food Jan 2025,31,2,B31
2024-12-01,2025-01-01,RICE_IMPORTED_LONG_GRAIN,Rice Long-Grained (Imported),Rice Long-Grained (Imported),,,NATIONAL,Nigeria,2520.775724770338,OK,PRIOR_MONTH,Average of Dec-24,FALSE,,1,Item Label,Selected_food_table_Jan25.xlsx,,Selected Food Jan 2025,31,3,C31
2025-01-01,2025-01-01,RICE_IMPORTED_LONG_GRAIN,Rice Long-Grained (Imported),Rice Long-Grained (Imported),,,NATIONAL,Nigeria,2505.4793990864414,OK,CURRENT_MONTH,Average of Jan-25,TRUE,,1,Item Label,Selected_food_table_Jan25.xlsx,,Selected Food Jan 2025,31,4,D31
2024-01-01,2025-01-01,SEMOVITA_1KG,"Semovita, Prepacked (1kg)","Semovita, Prepacked (1kg)",1 kg,SPREADSHEET_LABEL,NATIONAL,Nigeria,,NOT_REPORTED,YEAR_AGO,Average of Jan-24,FALSE,,1,Item Label,Selected_food_table_Jan25.xlsx,,Selected Food Jan 2025,32,2,B32
2024-12-01,2025-01-01,SEMOVITA_1KG,"Semovita, Prepacked (1kg)","Semovita, Prepacked (1kg)",1 kg,SPREADSHEET_LABEL,NATIONAL,Nigeria,,NOT_REPORTED,PRIOR_MONTH,Average of Dec-24,FALSE,,1,Item Label,Selected_food_table_Jan25.xlsx,,Selected Food Jan 2025,32,3,C32
2025-01-01,2025-01-01,SEMOVITA_1KG,"Semovita, Prepacked (1kg)","Semovita, Prepacked (1kg)",1 kg,SPREADSHEET_LABEL,NATIONAL,Nigeria,2072.0011794684688,OK,CURRENT_MONTH,Average of Jan-25,TRUE,,1,Item Label,Selected_food_table_Jan25.xlsx,,Selected Food Jan 2025,32,4,D32
2024-01-01,2025-01-01,FISH_SMOKED_MACKEREL,Smoked fish (Mackerel),Smoked fish (Mackerel),,,NATIONAL,Nigeria,,NOT_REPORTED,YEAR_AGO,Average of Jan-24,FALSE,,1,Item Label,Selected_food_table_Jan25.xlsx,,Selected Food Jan 2025,33,2,B33
2024-12-01,2025-01-01,FISH_SMOKED_MACKEREL,Smoked fish (Mackerel),Smoked fish (Mackerel),,,NATIONAL,Nigeria,,NOT_REPORTED,PRIOR_MONTH,Average of Dec-24,FALSE,,1,Item Label,Selected_food_table_Jan25.xlsx,,Selected Food Jan 2025,33,3,C33
2025-01-01,2025-01-01,FISH_SMOKED_MACKEREL,Smoked fish (Mackerel),Smoked fish (Mackerel),,,NATIONAL,Nigeria,5407.632679016666,OK,CURRENT_MONTH,Average of Jan-25,TRUE,,1,Item Label,Selected_food_table_Jan25.xlsx,,Selected Food Jan 2025,33,4,D33
2024-01-01,2025-01-01,POTATO_SWEET,Sweet potatoes,Sweet potatoes,,,NATIONAL,Nigeria,615.4725834838831,OK,YEAR_AGO,Average of Jan-24,FALSE,,1,Item Label,Selected_food_table_Jan25.xlsx,,Selected Food Jan 2025,34,2,B34
2024-12-01,2025-01-01,POTATO_SWEET,Sweet potatoes,Sweet potatoes,,,NATIONAL,Nigeria,930.789008126665,OK,PRIOR_MONTH,Average of Dec-24,FALSE,,1,Item Label,Selected_food_table_Jan25.xlsx,,Selected Food Jan 2025,34,3,C34
2025-01-01,2025-01-01,POTATO_SWEET,Sweet potatoes,Sweet potatoes,,,NATIONAL,Nigeria,852.5153115486488,OK,CURRENT_MONTH,Average of Jan-25,TRUE,,1,Item Label,Selected_food_table_Jan25.xlsx,,Selected Food Jan 2025,34,4,D34
2024-01-01,2025-01-01,FISH_TILAPIA_FRESH,Tilapia fresh fish (Epiya),Tilapia fresh fish (Epiya),,,NATIONAL,Nigeria,2214.428413572696,OK,YEAR_AGO,Average of Jan-24,FALSE,,1,Item Label,Selected_food_table_Jan25.xlsx,,Selected Food Jan 2025,35,2,B35
2024-12-01,2025-01-01,FISH_TILAPIA_FRESH,Tilapia fresh fish (Epiya),Tilapia fresh fish (Epiya),,,NATIONAL,Nigeria,4106.716195474023,OK,PRIOR_MONTH,Average of Dec-24,FALSE,,1,Item Label,Selected_food_table_Jan25.xlsx,,Selected Food Jan 2025,35,3,C35
2025-01-01,2025-01-01,FISH_TILAPIA_FRESH,Tilapia fresh fish (Epiya),Tilapia fresh fish (Epiya),,,NATIONAL,Nigeria,5065.363191184375,OK,CURRENT_MONTH,Average of Jan-25,TRUE,,1,Item Label,Selected_food_table_Jan25.xlsx,,Selected Food Jan 2025,35,4,D35
2024-01-01,2025-01-01,MILK_EVAP_PEAK_150G,"Tin Milk-Evaporated, Peak Milk, 150g","Tin Milk-Evaporated, Peak Milk, 150g",150 g,SPREADSHEET_LABEL,NATIONAL,Nigeria,575.783062372468,OK,YEAR_AGO,Average of Jan-24,FALSE,,1,Item Label,Selected_food_table_Jan25.xlsx,,Selected Food Jan 2025,36,2,B36
2024-12-01,2025-01-01,MILK_EVAP_PEAK_150G,"Tin Milk-Evaporated, Peak Milk, 150g","Tin Milk-Evaporated, Peak Milk, 150g",150 g,SPREADSHEET_LABEL,NATIONAL,Nigeria,1014.7414650661032,OK,PRIOR_MONTH,Average of Dec-24,FALSE,,1,Item Label,Selected_food_table_Jan25.xlsx,,Selected Food Jan 2025,36,3,C36
2025-01-01,2025-01-01,MILK_EVAP_PEAK_150G,"Tin Milk-Evaporated, Peak Milk, 150g","Tin Milk-Evaporated, Peak Milk, 150g",150 g,SPREADSHEET_LABEL,NATIONAL,Nigeria,928.0016281540771,OK,CURRENT_MONTH,Average of Jan-25,TRUE,,1,Item Label,Selected_food_table_Jan25.xlsx,,Selected Food Jan 2025,36,4,D36
2024-01-01,2025-01-01,MILK_EVAP_THREECROWN_160G,"Tin Milk-Evaporated, Three Crown Milk, 160g","Tin Milk-Evaporated, Three Crown Milk, 160g",160 g,SPREADSHEET_LABEL,NATIONAL,Nigeria,,NOT_REPORTED,YEAR_AGO,Average of Jan-24,FALSE,,1,Item Label,Selected_food_table_Jan25.xlsx,,Selected Food Jan 2025,37,2,B37
2024-12-01,2025-01-01,MILK_EVAP_THREECROWN_160G,"Tin Milk-Evaporated, Three Crown Milk, 160g","Tin Milk-Evaporated, Three Crown Milk, 160g",160 g,SPREADSHEET_LABEL,NATIONAL,Nigeria,,NOT_REPORTED,PRIOR_MONTH,Average of Dec-24,FALSE,,1,Item Label,Selected_food_table_Jan25.xlsx,,Selected Food Jan 2025,37,3,C37
2025-01-01,2025-01-01,MILK_EVAP_THREECROWN_160G,"Tin Milk-Evaporated, Three Crown Milk, 160g","Tin Milk-Evaporated, Three Crown Milk, 160g",160 g,SPREADSHEET_LABEL,NATIONAL,Nigeria,837.2325512462462,OK,CURRENT_MONTH,Average of Jan-25,TRUE,,1,Item Label,Selected_food_table_Jan25.xlsx,,Selected Food Jan 2025,37,4,D37
2024-01-01,2025-01-01,FISH_TITUS_FROZEN,"Titus, frozen","Titus, frozen",,,NATIONAL,Nigeria,2628.5079693409893,OK,YEAR_AGO,Average of Jan-24,FALSE,,1,Item Label,Selected_food_table_Jan25.xlsx,,Selected Food Jan 2025,38,2,B38
2024-12-01,2025-01-01,FISH_TITUS_FROZEN,"Titus, frozen","Titus, frozen",,,NATIONAL,Nigeria,4725.165442629427,OK,PRIOR_MONTH,Average of Dec-24,FALSE,,1,Item Label,Selected_food_table_Jan25.xlsx,,Selected Food Jan 2025,38,3,C38
2025-01-01,2025-01-01,FISH_TITUS_FROZEN,"Titus, frozen","Titus, frozen",,,NATIONAL,Nigeria,5467.231344622807,OK,CURRENT_MONTH,Average of Jan-25,TRUE,,1,Item Label,Selected_food_table_Jan25.xlsx,,Selected Food Jan 2025,38,4,D38
2024-01-01,2025-01-01,TOMATOES_FRESH,"Tomatoes, fresh","Tomatoes, fresh",1 kg,NBS_REPORT_PDF,NATIONAL,Nigeria,845.2582399473574,OK,YEAR_AGO,Average of Jan-24,FALSE,,1,Item Label,Selected_food_table_Jan25.xlsx,,Selected Food Jan 2025,39,2,B39
2024-12-01,2025-01-01,TOMATOES_FRESH,"Tomatoes, fresh","Tomatoes, fresh",1 kg,NBS_REPORT_PDF,NATIONAL,Nigeria,1453.495667857513,OK,PRIOR_MONTH,Average of Dec-24,FALSE,,1,Item Label,Selected_food_table_Jan25.xlsx,,Selected Food Jan 2025,39,3,C39
2025-01-01,2025-01-01,TOMATOES_FRESH,"Tomatoes, fresh","Tomatoes, fresh",1 kg,NBS_REPORT_PDF,NATIONAL,Nigeria,1081.439135977027,OK,CURRENT_MONTH,Average of Jan-25,TRUE,,1,Item Label,Selected_food_table_Jan25.xlsx,,Selected Food Jan 2025,39,4,D39
2024-01-01,2025-01-01,VEG_OIL_75CL,"Vegetable Oil, 75cl","Vegetable Oil, 75cl",75 cl,SPREADSHEET_LABEL,NATIONAL,Nigeria,1782.7715119918375,OK,YEAR_AGO,Average of Jan-24,FALSE,,1,Item Label,Selected_food_table_Jan25.xlsx,,Selected Food Jan 2025,40,2,B40
2024-12-01,2025-01-01,VEG_OIL_75CL,"Vegetable Oil, 75cl","Vegetable Oil, 75cl",75 cl,SPREADSHEET_LABEL,NATIONAL,Nigeria,3362.8340562642097,OK,PRIOR_MONTH,Average of Dec-24,FALSE,,1,Item Label,Selected_food_table_Jan25.xlsx,,Selected Food Jan 2025,40,3,C40
2025-01-01,2025-01-01,VEG_OIL_75CL,"Vegetable Oil, 75cl","Vegetable Oil, 75cl",75 cl,SPREADSHEET_LABEL,NATIONAL,Nigeria,2975.961923490991,OK,CURRENT_MONTH,Average of Jan-25,TRUE,,1,Item Label,Selected_food_table_Jan25.xlsx,,Selected Food Jan 2025,40,4,D40
2024-01-01,2025-01-01,WATERMELON_WHOLE,"Watermelon whole, medium size fresh","Watermelon whole, medium size fresh",,,NATIONAL,Nigeria,,NOT_REPORTED,YEAR_AGO,Average of Jan-24,FALSE,,1,Item Label,Selected_food_table_Jan25.xlsx,,Selected Food Jan 2025,41,2,B41
2024-12-01,2025-01-01,WATERMELON_WHOLE,"Watermelon whole, medium size fresh","Watermelon whole, medium size fresh",,,NATIONAL,Nigeria,,NOT_REPORTED,PRIOR_MONTH,Average of Dec-24,FALSE,,1,Item Label,Selected_food_table_Jan25.xlsx,,Selected Food Jan 2025,41,3,C41
2025-01-01,2025-01-01,WATERMELON_WHOLE,"Watermelon whole, medium size fresh","Watermelon whole, medium size fresh",,,NATIONAL,Nigeria,1850.843269956081,OK,CURRENT_MONTH,Average of Jan-25,TRUE,,1,Item Label,Selected_food_table_Jan25.xlsx,,Selected Food Jan 2025,41,4,D41
2024-01-01,2025-01-01,WHEAT_FLOUR_2KG,"Wheat Flour, Prepacked (2kg)","Wheat Flour, Prepacked (2kg)",2 kg,SPREADSHEET_LABEL,NATIONAL,Nigeria,2042.9839571345094,OK,YEAR_AGO,Average of Jan-24,FALSE,,1,Item Label,Selected_food_table_Jan25.xlsx,,Selected Food Jan 2025,42,2,B42
2024-12-01,2025-01-01,WHEAT_FLOUR_2KG,"Wheat Flour, Prepacked (2kg)","Wheat Flour, Prepacked (2kg)",2 kg,SPREADSHEET_LABEL,NATIONAL,Nigeria,3871.4754362969393,OK,PRIOR_MONTH,Average of Dec-24,FALSE,,1,Item Label,Selected_food_table_Jan25.xlsx,,Selected Food Jan 2025,42,3,C42
2025-01-01,2025-01-01,WHEAT_FLOUR_2KG,"Wheat Flour, Prepacked (2kg)","Wheat Flour, Prepacked (2kg)",2 kg,SPREADSHEET_LABEL,NATIONAL,Nigeria,3847.3656922479145,OK,CURRENT_MONTH,Average of Jan-25,TRUE,,1,Item Label,Selected_food_table_Jan25.xlsx,,Selected Food Jan 2025,42,4,D42
2024-01-01,2025-01-01,YAM_TUBER,Yam Tuber,Yam Tuber,1 kg,NBS_REPORT_PDF,NATIONAL,Nigeria,901.9420457256962,OK,YEAR_AGO,Average of Jan-24,FALSE,,1,Item Label,Selected_food_table_Jan25.xlsx,,Selected Food Jan 2025,43,2,B43
2024-12-01,2025-01-01,YAM_TUBER,Yam Tuber,Yam Tuber,1 kg,NBS_REPORT_PDF,NATIONAL,Nigeria,1905.9009786079298,OK,PRIOR_MONTH,Average of Dec-24,FALSE,,1,Item Label,Selected_food_table_Jan25.xlsx,,Selected Food Jan 2025,43,3,C43
2025-01-01,2025-01-01,YAM_TUBER,Yam Tuber,Yam Tuber,1 kg,NBS_REPORT_PDF,NATIONAL,Nigeria,1991.3299394697337,OK,CURRENT_MONTH,Average of Jan-25,TRUE,,1,Item Label,Selected_food_table_Jan25.xlsx,,Selected Food Jan 2025,43,4,D43
2024-03-01,2025-03-01,EGG_AGRIC,"Agric hen eggs,","Agric hen eggs,",,,NATIONAL,Nigeria,147.92333733834465,OK,YEAR_AGO,Average of Mar-24,FALSE,STALE_SHEET_NAME,1,Item Label,selected_food_table_Mar_25.xlsx,,Selected Food Dec 2024,2,2,B2
2025-02-01,2025-03-01,EGG_AGRIC,"Agric hen eggs,","Agric hen eggs,",,,NATIONAL,Nigeria,251.94051654054056,OK,PRIOR_MONTH,Average of Feb-25,FALSE,STALE_SHEET_NAME,1,Item Label,selected_food_table_Mar_25.xlsx,,Selected Food Dec 2024,2,3,C2
2025-03-01,2025-03-01,EGG_AGRIC,"Agric hen eggs,","Agric hen eggs,",,,NATIONAL,Nigeria,261.1823462867568,OK,CURRENT_MONTH,Average of Mar-25,TRUE,STALE_SHEET_NAME,1,Item Label,selected_food_table_Mar_25.xlsx,,Selected Food Dec 2024,2,4,D2
2024-03-01,2025-03-01,EGG_AGRIC_CRATE30,"Agric hen eggs, (a Crate of 30 pieces)","Agric hen eggs, (a Crate of 30 pieces)",1 crate of 30 pieces,SPREADSHEET_LABEL,NATIONAL,Nigeria,,NOT_REPORTED,YEAR_AGO,Average of Mar-24,FALSE,STALE_SHEET_NAME,1,Item Label,selected_food_table_Mar_25.xlsx,,Selected Food Dec 2024,3,2,B3
2025-02-01,2025-03-01,EGG_AGRIC_CRATE30,"Agric hen eggs, (a Crate of 30 pieces)","Agric hen eggs, (a Crate of 30 pieces)",1 crate of 30 pieces,SPREADSHEET_LABEL,NATIONAL,Nigeria,5976.115851545045,OK,PRIOR_MONTH,Average of Feb-25,FALSE,STALE_SHEET_NAME,1,Item Label,selected_food_table_Mar_25.xlsx,,Selected Food Dec 2024,3,3,C3
2025-03-01,2025-03-01,EGG_AGRIC_CRATE30,"Agric hen eggs, (a Crate of 30 pieces)","Agric hen eggs, (a Crate of 30 pieces)",1 crate of 30 pieces,SPREADSHEET_LABEL,NATIONAL,Nigeria,7670.559190085271,OK,CURRENT_MONTH,Average of Mar-25,TRUE,STALE_SHEET_NAME|NATIONAL_ABOVE_ALL_ZONES,1,Item Label,selected_food_table_Mar_25.xlsx,,Selected Food Dec 2024,3,4,D3
2024-03-01,2025-03-01,BEANS_BROWN,Beans Brown,Beans Brown,1 kg,NBS_REPORT_PDF,NATIONAL,Nigeria,1234.40218503331,OK,YEAR_AGO,Average of Mar-24,FALSE,STALE_SHEET_NAME,1,Item Label,selected_food_table_Mar_25.xlsx,,Selected Food Dec 2024,4,2,B4
2025-02-01,2025-03-01,BEANS_BROWN,Beans Brown,Beans Brown,1 kg,NBS_REPORT_PDF,NATIONAL,Nigeria,2465.9627716485425,OK,PRIOR_MONTH,Average of Feb-25,FALSE,STALE_SHEET_NAME,1,Item Label,selected_food_table_Mar_25.xlsx,,Selected Food Dec 2024,4,3,C4
2025-03-01,2025-03-01,BEANS_BROWN,Beans Brown,Beans Brown,1 kg,NBS_REPORT_PDF,NATIONAL,Nigeria,2616.263610923184,OK,CURRENT_MONTH,Average of Mar-25,TRUE,STALE_SHEET_NAME,1,Item Label,selected_food_table_Mar_25.xlsx,,Selected Food Dec 2024,4,4,D4
2024-03-01,2025-03-01,BEANS_WHITE,Beans white,Beans white,,,NATIONAL,Nigeria,1192.2158126364805,OK,YEAR_AGO,Average of Mar-24,FALSE,STALE_SHEET_NAME,1,Item Label,selected_food_table_Mar_25.xlsx,,Selected Food Dec 2024,5,2,B5
2025-02-01,2025-03-01,BEANS_WHITE,Beans white,Beans white,,,NATIONAL,Nigeria,2114.329235707744,OK,PRIOR_MONTH,Average of Feb-25,FALSE,STALE_SHEET_NAME,1,Item Label,selected_food_table_Mar_25.xlsx,,Selected Food Dec 2024,5,3,C5
2025-03-01,2025-03-01,BEANS_WHITE,Beans white,Beans white,,,NATIONAL,Nigeria,2215.107057094709,OK,CURRENT_MONTH,Average of Mar-25,TRUE,STALE_SHEET_NAME,1,Item Label,selected_food_table_Mar_25.xlsx,,Selected Food Dec 2024,5,4,D5
2024-03-01,2025-03-01,BEEF_BONELESS,Beef Boneless,Beef Boneless,1 kg,NBS_REPORT_PDF,NATIONAL,Nigeria,4309.16431954642,OK,YEAR_AGO,Average of Mar-24,FALSE,STALE_SHEET_NAME,1,Item Label,selected_food_table_Mar_25.xlsx,,Selected Food Dec 2024,6,2,B6
2025-02-01,2025-03-01,BEEF_BONELESS,Beef Boneless,Beef Boneless,1 kg,NBS_REPORT_PDF,NATIONAL,Nigeria,6269.45881945785,OK,PRIOR_MONTH,Average of Feb-25,FALSE,STALE_SHEET_NAME,1,Item Label,selected_food_table_Mar_25.xlsx,,Selected Food Dec 2024,6,3,C6
2025-03-01,2025-03-01,BEEF_BONELESS,Beef Boneless,Beef Boneless,1 kg,NBS_REPORT_PDF,NATIONAL,Nigeria,6523.500990714252,OK,CURRENT_MONTH,Average of Mar-25,TRUE,STALE_SHEET_NAME,1,Item Label,selected_food_table_Mar_25.xlsx,,Selected Food Dec 2024,6,4,D6
2024-03-01,2025-03-01,BREAD_SLICED_450G,"Bread (sliced), 450g","Bread (sliced), 450g",450 g,SPREADSHEET_LABEL,NATIONAL,Nigeria,,NOT_REPORTED,YEAR_AGO,Average of Mar-24,FALSE,STALE_SHEET_NAME,1,Item Label,selected_food_table_Mar_25.xlsx,,Selected Food Dec 2024,7,2,B7
2025-02-01,2025-03-01,BREAD_SLICED_450G,"Bread (sliced), 450g","Bread (sliced), 450g",450 g,SPREADSHEET_LABEL,NATIONAL,Nigeria,1633.18538583033,OK,PRIOR_MONTH,Average of Feb-25,FALSE,STALE_SHEET_NAME,1,Item Label,selected_food_table_Mar_25.xlsx,,Selected Food Dec 2024,7,3,C7
2025-03-01,2025-03-01,BREAD_SLICED_450G,"Bread (sliced), 450g","Bread (sliced), 450g",450 g,SPREADSHEET_LABEL,NATIONAL,Nigeria,1680.1746973918919,OK,CURRENT_MONTH,Average of Mar-25,TRUE,STALE_SHEET_NAME,1,Item Label,selected_food_table_Mar_25.xlsx,,Selected Food Dec 2024,7,4,D7
2024-03-01,2025-03-01,BREAD_UNSLICED_450G,"Bread (unsliced), 450g","Bread (unsliced), 450g",450 g,SPREADSHEET_LABEL,NATIONAL,Nigeria,,NOT_REPORTED,YEAR_AGO,Average of Mar-24,FALSE,STALE_SHEET_NAME,1,Item Label,selected_food_table_Mar_25.xlsx,,Selected Food Dec 2024,8,2,B8
2025-02-01,2025-03-01,BREAD_UNSLICED_450G,"Bread (unsliced), 450g","Bread (unsliced), 450g",450 g,SPREADSHEET_LABEL,NATIONAL,Nigeria,1497.4271531465035,OK,PRIOR_MONTH,Average of Feb-25,FALSE,STALE_SHEET_NAME,1,Item Label,selected_food_table_Mar_25.xlsx,,Selected Food Dec 2024,8,3,C8
2025-03-01,2025-03-01,BREAD_UNSLICED_450G,"Bread (unsliced), 450g","Bread (unsliced), 450g",450 g,SPREADSHEET_LABEL,NATIONAL,Nigeria,1561.2438133998007,OK,CURRENT_MONTH,Average of Mar-25,TRUE,STALE_SHEET_NAME,1,Item Label,selected_food_table_Mar_25.xlsx,,Selected Food Dec 2024,8,4,D8
2024-03-01,2025-03-01,CARROTS_FRESH,"Carrots, fresh","Carrots, fresh",1 kg,NBS_REPORT_PDF,NATIONAL,Nigeria,,NOT_REPORTED,YEAR_AGO,Average of Mar-24,FALSE,STALE_SHEET_NAME,1,Item Label,selected_food_table_Mar_25.xlsx,,Selected Food Dec 2024,9,2,B9
2025-02-01,2025-03-01,CARROTS_FRESH,"Carrots, fresh","Carrots, fresh",1 kg,NBS_REPORT_PDF,NATIONAL,Nigeria,1838.592826911824,OK,PRIOR_MONTH,Average of Feb-25,FALSE,STALE_SHEET_NAME,1,Item Label,selected_food_table_Mar_25.xlsx,,Selected Food Dec 2024,9,3,C9
2025-03-01,2025-03-01,CARROTS_FRESH,"Carrots, fresh","Carrots, fresh",1 kg,NBS_REPORT_PDF,NATIONAL,Nigeria,1947.049737680731,OK,CURRENT_MONTH,Average of Mar-25,TRUE,STALE_SHEET_NAME,1,Item Label,selected_food_table_Mar_25.xlsx,,Selected Food Dec 2024,9,4,D9
2024-03-01,2025-03-01,FISH_CATFISH_FRESH,Cat fresh fish,Cat fresh fish,,,NATIONAL,Nigeria,3043.4361968541125,OK,YEAR_AGO,Average of Mar-24,FALSE,STALE_SHEET_NAME,1,Item Label,selected_food_table_Mar_25.xlsx,,Selected Food Dec 2024,10,2,B10
2025-02-01,2025-03-01,FISH_CATFISH_FRESH,Cat fresh fish,Cat fresh fish,,,NATIONAL,Nigeria,5284.359541375001,OK,PRIOR_MONTH,Average of Feb-25,FALSE,STALE_SHEET_NAME,1,Item Label,selected_food_table_Mar_25.xlsx,,Selected Food Dec 2024,10,3,C10
2025-03-01,2025-03-01,FISH_CATFISH_FRESH,Cat fresh fish,Cat fresh fish,,,NATIONAL,Nigeria,5507.109940563151,OK,CURRENT_MONTH,Average of Mar-25,TRUE,STALE_SHEET_NAME,1,Item Label,selected_food_table_Mar_25.xlsx,,Selected Food Dec 2024,10,4,D10
2024-03-01,2025-03-01,CHICKEN_FEET,Chicken feet,Chicken feet,,,NATIONAL,Nigeria,2440.353883612125,OK,YEAR_AGO,Average of Mar-24,FALSE,STALE_SHEET_NAME,1,Item Label,selected_food_table_Mar_25.xlsx,,Selected Food Dec 2024,11,2,B11
2025-02-01,2025-03-01,CHICKEN_FEET,Chicken feet,Chicken feet,,,NATIONAL,Nigeria,3346.6242356636126,OK,PRIOR_MONTH,Average of Feb-25,FALSE,STALE_SHEET_NAME,1,Item Label,selected_food_table_Mar_25.xlsx,,Selected Food Dec 2024,11,3,C11
2025-03-01,2025-03-01,CHICKEN_FEET,Chicken feet,Chicken feet,,,NATIONAL,Nigeria,3487.0587798892566,OK,CURRENT_MONTH,Average of Mar-25,TRUE,STALE_SHEET_NAME,1,Item Label,selected_food_table_Mar_25.xlsx,,Selected Food Dec 2024,11,4,D11
2024-03-01,2025-03-01,CHICKEN_MEAT_FROZEN,Chicken meat (Frozen),Chicken meat (Frozen),,,NATIONAL,Nigeria,4564.58043967818,OK,YEAR_AGO,Average of Mar-24,FALSE,STALE_SHEET_NAME,1,Item Label,selected_food_table_Mar_25.xlsx,,Selected Food Dec 2024,12,2,B12
2025-02-01,2025-03-01,CHICKEN_MEAT_FROZEN,Chicken meat (Frozen),Chicken meat (Frozen),,,NATIONAL,Nigeria,5552.7027027027025,OK,PRIOR_MONTH,Average of Feb-25,FALSE,STALE_SHEET_NAME,1,Item Label,selected_food_table_Mar_25.xlsx,,Selected Food Dec 2024,12,3,C12
2025-03-01,2025-03-01,CHICKEN_MEAT_FROZEN,Chicken meat (Frozen),Chicken meat (Frozen),,,NATIONAL,Nigeria,5675.675675675676,OK,CURRENT_MONTH,Average of Mar-25,TRUE,STALE_SHEET_NAME,1,Item Label,selected_food_table_Mar_25.xlsx,,Selected Food Dec 2024,12,4,D12
2024-03-01,2025-03-01,CHICKEN_WINGS,Chicken Wings,Chicken Wings,,,NATIONAL,Nigeria,2992.37256178019,OK,YEAR_AGO,Average of Mar-24,FALSE,STALE_SHEET_NAME,1,Item Label,selected_food_table_Mar_25.xlsx,,Selected Food Dec 2024,13,2,B13
2025-02-01,2025-03-01,CHICKEN_WINGS,Chicken Wings,Chicken Wings,,,NATIONAL,Nigeria,4394.405379046846,OK,PRIOR_MONTH,Average of Feb-25,FALSE,STALE_SHEET_NAME,1,Item Label,selected_food_table_Mar_25.xlsx,,Selected Food Dec 2024,13,3,C13
2025-03-01,2025-03-01,CHICKEN_WINGS,Chicken Wings,Chicken Wings,,,NATIONAL,Nigeria,4671.313314349039,OK,CURRENT_MONTH,Average of Mar-25,TRUE,STALE_SHEET_NAME,1,Item Label,selected_food_table_Mar_25.xlsx,,Selected Food Dec 2024,13,4,D13
2024-03-01,2025-03-01,CRAYFISH_SMALL_WHITE,Cray fish small white,Cray fish small white,1 kg,NBS_REPORT_PDF,NATIONAL,Nigeria,,NOT_REPORTED,YEAR_AGO,Average of Mar-24,FALSE,STALE_SHEET_NAME,1,Item Label,selected_food_table_Mar_25.xlsx,,Selected Food Dec 2024,14,2,B14
2025-02-01,2025-03-01,CRAYFISH_SMALL_WHITE,Cray fish small white,Cray fish small white,1 kg,NBS_REPORT_PDF,NATIONAL,Nigeria,6440.441082801802,OK,PRIOR_MONTH,Average of Feb-25,FALSE,STALE_SHEET_NAME,1,Item Label,selected_food_table_Mar_25.xlsx,,Selected Food Dec 2024,14,3,C14
2025-03-01,2025-03-01,CRAYFISH_SMALL_WHITE,Cray fish small white,Cray fish small white,1 kg,NBS_REPORT_PDF,NATIONAL,Nigeria,6657.002535356239,OK,CURRENT_MONTH,Average of Mar-25,TRUE,STALE_SHEET_NAME,1,Item Label,selected_food_table_Mar_25.xlsx,,Selected Food Dec 2024,14,4,D14
2024-03-01,2025-03-01,FISH_DRIED_BONGA,"Dried fish, Bonga","Dried fish, Bonga",,,NATIONAL,Nigeria,,NOT_REPORTED,YEAR_AGO,Average of Mar-24,FALSE,STALE_SHEET_NAME,1,Item Label,selected_food_table_Mar_25.xlsx,,Selected Food Dec 2024,15,2,B15
2025-02-01,2025-03-01,FISH_DRIED_BONGA,"Dried fish, Bonga","Dried fish, Bonga",,,NATIONAL,Nigeria,6160.021309324324,OK,PRIOR_MONTH,Average of Feb-25,FALSE,STALE_SHEET_NAME,1,Item Label,selected_food_table_Mar_25.xlsx,,Selected Food Dec 2024,15,3,C15
2025-03-01,2025-03-01,FISH_DRIED_BONGA,"Dried fish, Bonga","Dried fish, Bonga",,,NATIONAL,Nigeria,6493.784328495541,OK,CURRENT_MONTH,Average of Mar-25,TRUE,STALE_SHEET_NAME,1,Item Label,selected_food_table_Mar_25.xlsx,,Selected Food Dec 2024,15,4,D15
2024-03-01,2025-03-01,GARRI_WHITE,Garri white,Garri white,1 kg,NBS_REPORT_PDF,NATIONAL,Nigeria,749.892769178421,OK,YEAR_AGO,Average of Mar-24,FALSE,STALE_SHEET_NAME,1,Item Label,selected_food_table_Mar_25.xlsx,,Selected Food Dec 2024,16,2,B16
2025-02-01,2025-03-01,GARRI_WHITE,Garri white,Garri white,1 kg,NBS_REPORT_PDF,NATIONAL,Nigeria,1277.2470703903475,OK,PRIOR_MONTH,Average of Feb-25,FALSE,STALE_SHEET_NAME,1,Item Label,selected_food_table_Mar_25.xlsx,,Selected Food Dec 2024,16,3,C16
2025-03-01,2025-03-01,GARRI_WHITE,Garri white,Garri white,1 kg,NBS_REPORT_PDF,NATIONAL,Nigeria,1362.95931475153,OK,CURRENT_MONTH,Average of Mar-25,TRUE,STALE_SHEET_NAME,1,Item Label,selected_food_table_Mar_25.xlsx,,Selected Food Dec 2024,16,4,D16
2024-03-01,2025-03-01,GARRI_YELLOW,Garri Yellow,Garri Yellow,,,NATIONAL,Nigeria,804.0118210935187,OK,YEAR_AGO,Average of Mar-24,FALSE,STALE_SHEET_NAME,1,Item Label,selected_food_table_Mar_25.xlsx,,Selected Food Dec 2024,17,2,B17
2025-02-01,2025-03-01,GARRI_YELLOW,Garri Yellow,Garri Yellow,,,NATIONAL,Nigeria,1378.1547063621408,OK,PRIOR_MONTH,Average of Feb-25,FALSE,STALE_SHEET_NAME,1,Item Label,selected_food_table_Mar_25.xlsx,,Selected Food Dec 2024,17,3,C17
2025-03-01,2025-03-01,GARRI_YELLOW,Garri Yellow,Garri Yellow,,,NATIONAL,Nigeria,1456.6512649646875,OK,CURRENT_MONTH,Average of Mar-25,TRUE,STALE_SHEET_NAME,1,Item Label,selected_food_table_Mar_25.xlsx,,Selected Food Dec 2024,17,4,D17
2024-03-01,2025-03-01,GINGER_FRESH,"Ginger, fresh","Ginger, fresh",1 kg,NBS_REPORT_PDF,NATIONAL,Nigeria,,NOT_REPORTED,YEAR_AGO,Average of Mar-24,FALSE,STALE_SHEET_NAME,1,Item Label,selected_food_table_Mar_25.xlsx,,Selected Food Dec 2024,18,2,B18
2025-02-01,2025-03-01,GINGER_FRESH,"Ginger, fresh","Ginger, fresh",1 kg,NBS_REPORT_PDF,NATIONAL,Nigeria,4371.8969465990995,OK,PRIOR_MONTH,Average of Feb-25,FALSE,STALE_SHEET_NAME,1,Item Label,selected_food_table_Mar_25.xlsx,,Selected Food Dec 2024,18,3,C18
2025-03-01,2025-03-01,GINGER_FRESH,"Ginger, fresh","Ginger, fresh",1 kg,NBS_REPORT_PDF,NATIONAL,Nigeria,4600.230818051035,OK,CURRENT_MONTH,Average of Mar-25,TRUE,STALE_SHEET_NAME,1,Item Label,selected_food_table_Mar_25.xlsx,,Selected Food Dec 2024,18,4,D18
2024-03-01,2025-03-01,GOAT_MEAT_BONE_IN,Goat Meat Bone in,Goat Meat Bone in,,,NATIONAL,Nigeria,,NOT_REPORTED,YEAR_AGO,Average of Mar-24,FALSE,STALE_SHEET_NAME,1,Item Label,selected_food_table_Mar_25.xlsx,,Selected Food Dec 2024,19,2,B19
2025-02-01,2025-03-01,GOAT_MEAT_BONE_IN,Goat Meat Bone in,Goat Meat Bone in,,,NATIONAL,Nigeria,6298.893395608558,OK,PRIOR_MONTH,Average of Feb-25,FALSE,STALE_SHEET_NAME,1,Item Label,selected_food_table_Mar_25.xlsx,,Selected Food Dec 2024,19,3,C19
2025-03-01,2025-03-01,GOAT_MEAT_BONE_IN,Goat Meat Bone in,Goat Meat Bone in,,,NATIONAL,Nigeria,6892.462295546797,OK,CURRENT_MONTH,Average of Mar-25,TRUE,STALE_SHEET_NAME,1,Item Label,selected_food_table_Mar_25.xlsx,,Selected Food Dec 2024,19,4,D19
2024-03-01,2025-03-01,GROUNDNUT_OIL_75CL,"Groundnut oil, 75cl","Groundnut oil, 75cl",75 cl,SPREADSHEET_LABEL,NATIONAL,Nigeria,,NOT_REPORTED,YEAR_AGO,Average of Mar-24,FALSE,STALE_SHEET_NAME,1,Item Label,selected_food_table_Mar_25.xlsx,,Selected Food Dec 2024,20,2,B20
2025-02-01,2025-03-01,GROUNDNUT_OIL_75CL,"Groundnut oil, 75cl","Groundnut oil, 75cl",75 cl,SPREADSHEET_LABEL,NATIONAL,Nigeria,3039.829476112612,OK,PRIOR_MONTH,Average of Feb-25,FALSE,STALE_SHEET_NAME,1,Item Label,selected_food_table_Mar_25.xlsx,,Selected Food Dec 2024,20,3,C20
2025-03-01,2025-03-01,GROUNDNUT_OIL_75CL,"Groundnut oil, 75cl","Groundnut oil, 75cl",75 cl,SPREADSHEET_LABEL,NATIONAL,Nigeria,3218.8178332615544,OK,CURRENT_MONTH,Average of Mar-25,TRUE,STALE_SHEET_NAME,1,Item Label,selected_food_table_Mar_25.xlsx,,Selected Food Dec 2024,20,4,D20
2024-03-01,2025-03-01,GROUNDNUTS_ROASTED_75CL,"Groundnuts, roasted,75cl bottle","Groundnuts, roasted,75cl bottle",75 cl bottle,SPREADSHEET_LABEL,NATIONAL,Nigeria,,NOT_REPORTED,YEAR_AGO,Average of Mar-24,FALSE,STALE_SHEET_NAME,1,Item Label,selected_food_table_Mar_25.xlsx,,Selected Food Dec 2024,21,2,B21
2025-02-01,2025-03-01,GROUNDNUTS_ROASTED_75CL,"Groundnuts, roasted,75cl bottle","Groundnuts, roasted,75cl bottle",75 cl bottle,SPREADSHEET_LABEL,NATIONAL,Nigeria,2392.471054513513,OK,PRIOR_MONTH,Average of Feb-25,FALSE,STALE_SHEET_NAME,1,Item Label,selected_food_table_Mar_25.xlsx,,Selected Food Dec 2024,21,3,C21
2025-03-01,2025-03-01,GROUNDNUTS_ROASTED_75CL,"Groundnuts, roasted,75cl bottle","Groundnuts, roasted,75cl bottle",75 cl bottle,SPREADSHEET_LABEL,NATIONAL,Nigeria,2487.6765241772973,OK,CURRENT_MONTH,Average of Mar-25,TRUE,STALE_SHEET_NAME,1,Item Label,selected_food_table_Mar_25.xlsx,,Selected Food Dec 2024,21,4,D21
2024-03-01,2025-03-01,POTATO_IRISH,Irish Potatoe,Irish Potatoe,1 kg,NBS_REPORT_PDF,NATIONAL,Nigeria,1254.4505633985927,OK,YEAR_AGO,Average of Mar-24,FALSE,STALE_SHEET_NAME,1,Item Label,selected_food_table_Mar_25.xlsx,,Selected Food Dec 2024,22,2,B22
2025-02-01,2025-03-01,POTATO_IRISH,Irish Potatoe,Irish Potatoe,1 kg,NBS_REPORT_PDF,NATIONAL,Nigeria,1756.4072669697568,OK,PRIOR_MONTH,Average of Feb-25,FALSE,STALE_SHEET_NAME,1,Item Label,selected_food_table_Mar_25.xlsx,,Selected Food Dec 2024,22,3,C22
2025-03-01,2025-03-01,POTATO_IRISH,Irish Potatoe,Irish Potatoe,1 kg,NBS_REPORT_PDF,NATIONAL,Nigeria,1881.7562755561667,OK,CURRENT_MONTH,Average of Mar-25,TRUE,STALE_SHEET_NAME,1,Item Label,selected_food_table_Mar_25.xlsx,,Selected Food Dec 2024,22,4,D22
2024-03-01,2025-03-01,RICE_LOCAL_BROKEN,Local Rice (Broken),Local Rice (Broken),,,NATIONAL,Nigeria,,NOT_REPORTED,YEAR_AGO,Average of Mar-24,FALSE,STALE_SHEET_NAME,1,Item Label,selected_food_table_Mar_25.xlsx,,Selected Food Dec 2024,23,2,B23
2025-02-01,2025-03-01,RICE_LOCAL_BROKEN,Local Rice (Broken),Local Rice (Broken),,,NATIONAL,Nigeria,2564.951820402969,OK,PRIOR_MONTH,Average of Feb-25,FALSE,STALE_SHEET_NAME,1,Item Label,selected_food_table_Mar_25.xlsx,,Selected Food Dec 2024,23,3,C23
2025-03-01,2025-03-01,RICE_LOCAL_BROKEN,Local Rice (Broken),Local Rice (Broken),,,NATIONAL,Nigeria,2671.7289628642798,OK,CURRENT_MONTH,Average of Mar-25,TRUE,STALE_SHEET_NAME,1,Item Label,selected_food_table_Mar_25.xlsx,,Selected Food Dec 2024,23,4,D23
2024-03-01,2025-03-01,FISH_MACKEREL_FROZEN,"Mackerel, Frozen","Mackerel, Frozen",,,NATIONAL,Nigeria,2972.114100512965,OK,YEAR_AGO,Average of Mar-24,FALSE,STALE_SHEET_NAME,1,Item Label,selected_food_table_Mar_25.xlsx,,Selected Food Dec 2024,24,2,B24
2025-02-01,2025-03-01,FISH_MACKEREL_FROZEN,"Mackerel, Frozen","Mackerel, Frozen",,,NATIONAL,Nigeria,5233.151444246847,OK,PRIOR_MONTH,Average of Feb-25,FALSE,STALE_SHEET_NAME,1,Item Label,selected_food_table_Mar_25.xlsx,,Selected Food Dec 2024,24,3,C24
2025-03-01,2025-03-01,FISH_MACKEREL_FROZEN,"Mackerel, Frozen","Mackerel, Frozen",,,NATIONAL,Nigeria,5482.632785948785,OK,CURRENT_MONTH,Average of Mar-25,TRUE,STALE_SHEET_NAME,1,Item Label,selected_food_table_Mar_25.xlsx,,Selected Food Dec 2024,24,4,D24
2024-03-01,2025-03-01,MAIZE_GRAIN_WHITE_LOOSE,Maize (Corn) Grains (White) sold loose,Maize (Corn) Grains (White) sold loose,1 kg,NBS_REPORT_PDF,NATIONAL,Nigeria,757.8574832860179,OK,YEAR_AGO,Average of Mar-24,FALSE,STALE_SHEET_NAME,1,Item Label,selected_food_table_Mar_25.xlsx,,Selected Food Dec 2024,25,2,B25
2025-02-01,2025-03-01,MAIZE_GRAIN_WHITE_LOOSE,Maize (Corn) Grains (White) sold loose,Maize (Corn) Grains (White) sold loose,1 kg,NBS_REPORT_PDF,NATIONAL,Nigeria,1169.3210112602158,OK,PRIOR_MONTH,Average of Feb-25,FALSE,STALE_SHEET_NAME,1,Item Label,selected_food_table_Mar_25.xlsx,,Selected Food Dec 2024,25,3,C25
2025-03-01,2025-03-01,MAIZE_GRAIN_WHITE_LOOSE,Maize (Corn) Grains (White) sold loose,Maize (Corn) Grains (White) sold loose,1 kg,NBS_REPORT_PDF,NATIONAL,Nigeria,1278.7595198008491,OK,CURRENT_MONTH,Average of Mar-25,TRUE,STALE_SHEET_NAME,1,Item Label,selected_food_table_Mar_25.xlsx,,Selected Food Dec 2024,25,4,D25
2024-03-01,2025-03-01,ONIONS_FRESH,"Onions, fresh","Onions, fresh",1 kg,NBS_REPORT_PDF,NATIONAL,Nigeria,938.8667193688455,OK,YEAR_AGO,Average of Mar-24,FALSE,STALE_SHEET_NAME,1,Item Label,selected_food_table_Mar_25.xlsx,,Selected Food Dec 2024,26,2,B26
2025-02-01,2025-03-01,ONIONS_FRESH,"Onions, fresh","Onions, fresh",1 kg,NBS_REPORT_PDF,NATIONAL,Nigeria,1372.041902596686,OK,PRIOR_MONTH,Average of Feb-25,FALSE,STALE_SHEET_NAME,1,Item Label,selected_food_table_Mar_25.xlsx,,Selected Food Dec 2024,26,3,C26
2025-03-01,2025-03-01,ONIONS_FRESH,"Onions, fresh","Onions, fresh",1 kg,NBS_REPORT_PDF,NATIONAL,Nigeria,1434.8498267248613,OK,CURRENT_MONTH,Average of Mar-25,TRUE,STALE_SHEET_NAME,1,Item Label,selected_food_table_Mar_25.xlsx,,Selected Food Dec 2024,26,4,D26
2024-03-01,2025-03-01,PALM_OIL_75CL,"Palm oil, 75cl","Palm oil, 75cl",75 cl,SPREADSHEET_LABEL,NATIONAL,Nigeria,1565.9009523673153,OK,YEAR_AGO,Average of Mar-24,FALSE,STALE_SHEET_NAME,1,Item Label,selected_food_table_Mar_25.xlsx,,Selected Food Dec 2024,27,2,B27
2025-02-01,2025-03-01,PALM_OIL_75CL,"Palm oil, 75cl","Palm oil, 75cl",75 cl,SPREADSHEET_LABEL,NATIONAL,Nigeria,2384.151114086625,OK,PRIOR_MONTH,Average of Feb-25,FALSE,STALE_SHEET_NAME,1,Item Label,selected_food_table_Mar_25.xlsx,,Selected Food Dec 2024,27,3,C27
2025-03-01,2025-03-01,PALM_OIL_75CL,"Palm oil, 75cl","Palm oil, 75cl",75 cl,SPREADSHEET_LABEL,NATIONAL,Nigeria,2511.7729143043784,OK,CURRENT_MONTH,Average of Mar-25,TRUE,STALE_SHEET_NAME,1,Item Label,selected_food_table_Mar_25.xlsx,,Selected Food Dec 2024,27,4,D27
2024-03-01,2025-03-01,PLANTAIN_RIPE,Plantain (ripe),Plantain (ripe),,,NATIONAL,Nigeria,947.3490444645121,OK,YEAR_AGO,Average of Mar-24,FALSE,STALE_SHEET_NAME,1,Item Label,selected_food_table_Mar_25.xlsx,,Selected Food Dec 2024,28,2,B28
2025-02-01,2025-03-01,PLANTAIN_RIPE,Plantain (ripe),Plantain (ripe),,,NATIONAL,Nigeria,1914.4990136459394,OK,PRIOR_MONTH,Average of Feb-25,FALSE,STALE_SHEET_NAME,1,Item Label,selected_food_table_Mar_25.xlsx,,Selected Food Dec 2024,28,3,C28
2025-03-01,2025-03-01,PLANTAIN_RIPE,Plantain (ripe),Plantain (ripe),,,NATIONAL,Nigeria,2002.584171777326,OK,CURRENT_MONTH,Average of Mar-25,TRUE,STALE_SHEET_NAME,1,Item Label,selected_food_table_Mar_25.xlsx,,Selected Food Dec 2024,28,4,D28
2024-03-01,2025-03-01,PLANTAIN_UNRIPE,Plantain (unripe),Plantain (unripe),,,NATIONAL,Nigeria,933.1569890831678,OK,YEAR_AGO,Average of Mar-24,FALSE,STALE_SHEET_NAME,1,Item Label,selected_food_table_Mar_25.xlsx,,Selected Food Dec 2024,29,2,B29
2025-02-01,2025-03-01,PLANTAIN_UNRIPE,Plantain (unripe),Plantain (unripe),,,NATIONAL,Nigeria,2127.671268425246,OK,PRIOR_MONTH,Average of Feb-25,FALSE,STALE_SHEET_NAME,1,Item Label,selected_food_table_Mar_25.xlsx,,Selected Food Dec 2024,29,3,C29
2025-03-01,2025-03-01,PLANTAIN_UNRIPE,Plantain (unripe),Plantain (unripe),,,NATIONAL,Nigeria,2214.565279777661,OK,CURRENT_MONTH,Average of Mar-25,TRUE,STALE_SHEET_NAME,1,Item Label,selected_food_table_Mar_25.xlsx,,Selected Food Dec 2024,29,4,D29
2024-03-01,2025-03-01,RICE_LOCAL_SHORT_GRAIN,"Rice Local, short-Grained","Rice Local, short-Grained",1 kg,NBS_REPORT_PDF,NATIONAL,Nigeria,1340.7437666679,OK,YEAR_AGO,Average of Mar-24,FALSE,STALE_SHEET_NAME,1,Item Label,selected_food_table_Mar_25.xlsx,,Selected Food Dec 2024,30,2,B30
2025-02-01,2025-03-01,RICE_LOCAL_SHORT_GRAIN,"Rice Local, short-Grained","Rice Local, short-Grained",1 kg,NBS_REPORT_PDF,NATIONAL,Nigeria,2088.821683060393,OK,PRIOR_MONTH,Average of Feb-25,FALSE,STALE_SHEET_NAME,1,Item Label,selected_food_table_Mar_25.xlsx,,Selected Food Dec 2024,30,3,C30
2025-03-01,2025-03-01,RICE_LOCAL_SHORT_GRAIN,"Rice Local, short-Grained","Rice Local, short-Grained",1 kg,NBS_REPORT_PDF,NATIONAL,Nigeria,2242.6382187062827,OK,CURRENT_MONTH,Average of Mar-25,TRUE,STALE_SHEET_NAME,1,Item Label,selected_food_table_Mar_25.xlsx,,Selected Food Dec 2024,30,4,D30
2024-03-01,2025-03-01,RICE_IMPORTED_LONG_GRAIN,Rice Long-Grained (Imported),Rice Long-Grained (Imported),,,NATIONAL,Nigeria,1633.9359284030281,OK,YEAR_AGO,Average of Mar-24,FALSE,STALE_SHEET_NAME,1,Item Label,selected_food_table_Mar_25.xlsx,,Selected Food Dec 2024,31,2,B31
2025-02-01,2025-03-01,RICE_IMPORTED_LONG_GRAIN,Rice Long-Grained (Imported),Rice Long-Grained (Imported),,,NATIONAL,Nigeria,2565.0914537854455,OK,PRIOR_MONTH,Average of Feb-25,FALSE,STALE_SHEET_NAME,1,Item Label,selected_food_table_Mar_25.xlsx,,Selected Food Dec 2024,31,3,C31
2025-03-01,2025-03-01,RICE_IMPORTED_LONG_GRAIN,Rice Long-Grained (Imported),Rice Long-Grained (Imported),,,NATIONAL,Nigeria,2679.5060014625356,OK,CURRENT_MONTH,Average of Mar-25,TRUE,STALE_SHEET_NAME,1,Item Label,selected_food_table_Mar_25.xlsx,,Selected Food Dec 2024,31,4,D31
2024-03-01,2025-03-01,SEMOVITA_1KG,"Semovita, Prepacked (1kg)","Semovita, Prepacked (1kg)",1 kg,SPREADSHEET_LABEL,NATIONAL,Nigeria,,NOT_REPORTED,YEAR_AGO,Average of Mar-24,FALSE,STALE_SHEET_NAME,1,Item Label,selected_food_table_Mar_25.xlsx,,Selected Food Dec 2024,32,2,B32
2025-02-01,2025-03-01,SEMOVITA_1KG,"Semovita, Prepacked (1kg)","Semovita, Prepacked (1kg)",1 kg,SPREADSHEET_LABEL,NATIONAL,Nigeria,2089.7943657252254,OK,PRIOR_MONTH,Average of Feb-25,FALSE,STALE_SHEET_NAME,1,Item Label,selected_food_table_Mar_25.xlsx,,Selected Food Dec 2024,32,3,C32
2025-03-01,2025-03-01,SEMOVITA_1KG,"Semovita, Prepacked (1kg)","Semovita, Prepacked (1kg)",1 kg,SPREADSHEET_LABEL,NATIONAL,Nigeria,2173.1178654254054,OK,CURRENT_MONTH,Average of Mar-25,TRUE,STALE_SHEET_NAME,1,Item Label,selected_food_table_Mar_25.xlsx,,Selected Food Dec 2024,32,4,D32
2024-03-01,2025-03-01,FISH_SMOKED_MACKEREL,Smoked fish (Mackerel),Smoked fish (Mackerel),,,NATIONAL,Nigeria,,NOT_REPORTED,YEAR_AGO,Average of Mar-24,FALSE,STALE_SHEET_NAME,1,Item Label,selected_food_table_Mar_25.xlsx,,Selected Food Dec 2024,33,2,B33
2025-02-01,2025-03-01,FISH_SMOKED_MACKEREL,Smoked fish (Mackerel),Smoked fish (Mackerel),,,NATIONAL,Nigeria,5458.01897597883,OK,PRIOR_MONTH,Average of Feb-25,FALSE,STALE_SHEET_NAME,1,Item Label,selected_food_table_Mar_25.xlsx,,Selected Food Dec 2024,33,3,C33
2025-03-01,2025-03-01,FISH_SMOKED_MACKEREL,Smoked fish (Mackerel),Smoked fish (Mackerel),,,NATIONAL,Nigeria,5752.75512147591,OK,CURRENT_MONTH,Average of Mar-25,TRUE,STALE_SHEET_NAME,1,Item Label,selected_food_table_Mar_25.xlsx,,Selected Food Dec 2024,33,4,D33
2024-03-01,2025-03-01,POTATO_SWEET,Sweet potatoes,Sweet potatoes,,,NATIONAL,Nigeria,689.4675645181007,OK,YEAR_AGO,Average of Mar-24,FALSE,STALE_SHEET_NAME,1,Item Label,selected_food_table_Mar_25.xlsx,,Selected Food Dec 2024,34,2,B34
2025-02-01,2025-03-01,POTATO_SWEET,Sweet potatoes,Sweet potatoes,,,NATIONAL,Nigeria,823.2986999806628,OK,PRIOR_MONTH,Average of Feb-25,FALSE,STALE_SHEET_NAME,1,Item Label,selected_food_table_Mar_25.xlsx,,Selected Food Dec 2024,34,3,C34
2025-03-01,2025-03-01,POTATO_SWEET,Sweet potatoes,Sweet potatoes,,,NATIONAL,Nigeria,909.8848797793393,OK,CURRENT_MONTH,Average of Mar-25,TRUE,STALE_SHEET_NAME,1,Item Label,selected_food_table_Mar_25.xlsx,,Selected Food Dec 2024,34,4,D34
2024-03-01,2025-03-01,FISH_TILAPIA_FRESH,Tilapia fresh fish (Epiya),Tilapia fresh fish (Epiya),,,NATIONAL,Nigeria,2728.632983166569,OK,YEAR_AGO,Average of Mar-24,FALSE,STALE_SHEET_NAME,1,Item Label,selected_food_table_Mar_25.xlsx,,Selected Food Dec 2024,35,2,B35
2025-02-01,2025-03-01,FISH_TILAPIA_FRESH,Tilapia fresh fish (Epiya),Tilapia fresh fish (Epiya),,,NATIONAL,Nigeria,5103.942028691891,OK,PRIOR_MONTH,Average of Feb-25,FALSE,STALE_SHEET_NAME,1,Item Label,selected_food_table_Mar_25.xlsx,,Selected Food Dec 2024,35,3,C35
2025-03-01,2025-03-01,FISH_TILAPIA_FRESH,Tilapia fresh fish (Epiya),Tilapia fresh fish (Epiya),,,NATIONAL,Nigeria,5459.042142929825,OK,CURRENT_MONTH,Average of Mar-25,TRUE,STALE_SHEET_NAME,1,Item Label,selected_food_table_Mar_25.xlsx,,Selected Food Dec 2024,35,4,D35
2024-03-01,2025-03-01,MILK_EVAP_PEAK_150G,"Tin Milk-Evaporated, Peak Milk, 150g","Tin Milk-Evaporated, Peak Milk, 150g",150 g,SPREADSHEET_LABEL,NATIONAL,Nigeria,669.7089003085894,OK,YEAR_AGO,Average of Mar-24,FALSE,STALE_SHEET_NAME,1,Item Label,selected_food_table_Mar_25.xlsx,,Selected Food Dec 2024,36,2,B36
2025-02-01,2025-03-01,MILK_EVAP_PEAK_150G,"Tin Milk-Evaporated, Peak Milk, 150g","Tin Milk-Evaporated, Peak Milk, 150g",150 g,SPREADSHEET_LABEL,NATIONAL,Nigeria,931.0347338363364,OK,PRIOR_MONTH,Average of Feb-25,FALSE,STALE_SHEET_NAME,1,Item Label,selected_food_table_Mar_25.xlsx,,Selected Food Dec 2024,36,3,C36
2025-03-01,2025-03-01,MILK_EVAP_PEAK_150G,"Tin Milk-Evaporated, Peak Milk, 150g","Tin Milk-Evaporated, Peak Milk, 150g",150 g,SPREADSHEET_LABEL,NATIONAL,Nigeria,999.1796744651351,OK,CURRENT_MONTH,Average of Mar-25,TRUE,STALE_SHEET_NAME,1,Item Label,selected_food_table_Mar_25.xlsx,,Selected Food Dec 2024,36,4,D36
2024-03-01,2025-03-01,MILK_EVAP_THREECROWN_160G,"Tin Milk-Evaporated, Three Crown Milk, 160g","Tin Milk-Evaporated, Three Crown Milk, 160g",160 g,SPREADSHEET_LABEL,NATIONAL,Nigeria,,NOT_REPORTED,YEAR_AGO,Average of Mar-24,FALSE,STALE_SHEET_NAME,1,Item Label,selected_food_table_Mar_25.xlsx,,Selected Food Dec 2024,37,2,B37
2025-02-01,2025-03-01,MILK_EVAP_THREECROWN_160G,"Tin Milk-Evaporated, Three Crown Milk, 160g","Tin Milk-Evaporated, Three Crown Milk, 160g",160 g,SPREADSHEET_LABEL,NATIONAL,Nigeria,827.3148444054054,OK,PRIOR_MONTH,Average of Feb-25,FALSE,STALE_SHEET_NAME,1,Item Label,selected_food_table_Mar_25.xlsx,,Selected Food Dec 2024,37,3,C37
2025-03-01,2025-03-01,MILK_EVAP_THREECROWN_160G,"Tin Milk-Evaporated, Three Crown Milk, 160g","Tin Milk-Evaporated, Three Crown Milk, 160g",160 g,SPREADSHEET_LABEL,NATIONAL,Nigeria,872.1352708081082,OK,CURRENT_MONTH,Average of Mar-25,TRUE,STALE_SHEET_NAME,1,Item Label,selected_food_table_Mar_25.xlsx,,Selected Food Dec 2024,37,4,D37
2024-03-01,2025-03-01,FISH_TITUS_FROZEN,"Titus, frozen","Titus, frozen",,,NATIONAL,Nigeria,3124.0443485127107,OK,YEAR_AGO,Average of Mar-24,FALSE,STALE_SHEET_NAME,1,Item Label,selected_food_table_Mar_25.xlsx,,Selected Food Dec 2024,38,2,B38
2025-02-01,2025-03-01,FISH_TITUS_FROZEN,"Titus, frozen","Titus, frozen",,,NATIONAL,Nigeria,5564.289075565916,OK,PRIOR_MONTH,Average of Feb-25,FALSE,STALE_SHEET_NAME,1,Item Label,selected_food_table_Mar_25.xlsx,,Selected Food Dec 2024,38,3,C38
2025-03-01,2025-03-01,FISH_TITUS_FROZEN,"Titus, frozen","Titus, frozen",,,NATIONAL,Nigeria,5860.007123733654,OK,CURRENT_MONTH,Average of Mar-25,TRUE,STALE_SHEET_NAME,1,Item Label,selected_food_table_Mar_25.xlsx,,Selected Food Dec 2024,38,4,D38
2024-03-01,2025-03-01,TOMATOES_FRESH,"Tomatoes, fresh","Tomatoes, fresh",1 kg,NBS_REPORT_PDF,NATIONAL,Nigeria,959.6835235437665,OK,YEAR_AGO,Average of Mar-24,FALSE,STALE_SHEET_NAME,1,Item Label,selected_food_table_Mar_25.xlsx,,Selected Food Dec 2024,39,2,B39
2025-02-01,2025-03-01,TOMATOES_FRESH,"Tomatoes, fresh","Tomatoes, fresh",1 kg,NBS_REPORT_PDF,NATIONAL,Nigeria,1111.1395879256434,OK,PRIOR_MONTH,Average of Feb-25,FALSE,STALE_SHEET_NAME,1,Item Label,selected_food_table_Mar_25.xlsx,,Selected Food Dec 2024,39,3,C39
2025-03-01,2025-03-01,TOMATOES_FRESH,"Tomatoes, fresh","Tomatoes, fresh",1 kg,NBS_REPORT_PDF,NATIONAL,Nigeria,1157.3457186910782,OK,CURRENT_MONTH,Average of Mar-25,TRUE,STALE_SHEET_NAME,1,Item Label,selected_food_table_Mar_25.xlsx,,Selected Food Dec 2024,39,4,D39
2024-03-01,2025-03-01,VEG_OIL_75CL,"Vegetable Oil, 75cl","Vegetable Oil, 75cl",75 cl,SPREADSHEET_LABEL,NATIONAL,Nigeria,2003.6460001141263,OK,YEAR_AGO,Average of Mar-24,FALSE,STALE_SHEET_NAME,1,Item Label,selected_food_table_Mar_25.xlsx,,Selected Food Dec 2024,40,2,B40
2025-02-01,2025-03-01,VEG_OIL_75CL,"Vegetable Oil, 75cl","Vegetable Oil, 75cl",75 cl,SPREADSHEET_LABEL,NATIONAL,Nigeria,3090.5103853288288,OK,PRIOR_MONTH,Average of Feb-25,FALSE,STALE_SHEET_NAME,1,Item Label,selected_food_table_Mar_25.xlsx,,Selected Food Dec 2024,40,3,C40
2025-03-01,2025-03-01,VEG_OIL_75CL,"Vegetable Oil, 75cl","Vegetable Oil, 75cl",75 cl,SPREADSHEET_LABEL,NATIONAL,Nigeria,3337.0082982445942,OK,CURRENT_MONTH,Average of Mar-25,TRUE,STALE_SHEET_NAME,1,Item Label,selected_food_table_Mar_25.xlsx,,Selected Food Dec 2024,40,4,D40
2024-03-01,2025-03-01,WATERMELON_WHOLE,"Watermelon whole, medium size fresh","Watermelon whole, medium size fresh",,,NATIONAL,Nigeria,,NOT_REPORTED,YEAR_AGO,Average of Mar-24,FALSE,STALE_SHEET_NAME,1,Item Label,selected_food_table_Mar_25.xlsx,,Selected Food Dec 2024,41,2,B41
2025-02-01,2025-03-01,WATERMELON_WHOLE,"Watermelon whole, medium size fresh","Watermelon whole, medium size fresh",,,NATIONAL,Nigeria,1926.2041193291504,OK,PRIOR_MONTH,Average of Feb-25,FALSE,STALE_SHEET_NAME,1,Item Label,selected_food_table_Mar_25.xlsx,,Selected Food Dec 2024,41,3,C41
2025-03-01,2025-03-01,WATERMELON_WHOLE,"Watermelon whole, medium size fresh","Watermelon whole, medium size fresh",,,NATIONAL,Nigeria,2040.818732955811,OK,CURRENT_MONTH,Average of Mar-25,TRUE,STALE_SHEET_NAME,1,Item Label,selected_food_table_Mar_25.xlsx,,Selected Food Dec 2024,41,4,D41
2024-03-01,2025-03-01,WHEAT_FLOUR_2KG,"Wheat Flour, Prepacked (2kg)","Wheat Flour, Prepacked (2kg)",2 kg,SPREADSHEET_LABEL,NATIONAL,Nigeria,2477.6305328736125,OK,YEAR_AGO,Average of Mar-24,FALSE,STALE_SHEET_NAME,1,Item Label,selected_food_table_Mar_25.xlsx,,Selected Food Dec 2024,42,2,B42
2025-02-01,2025-03-01,WHEAT_FLOUR_2KG,"Wheat Flour, Prepacked (2kg)","Wheat Flour, Prepacked (2kg)",2 kg,SPREADSHEET_LABEL,NATIONAL,Nigeria,3890.802997644842,OK,PRIOR_MONTH,Average of Feb-25,FALSE,STALE_SHEET_NAME,1,Item Label,selected_food_table_Mar_25.xlsx,,Selected Food Dec 2024,42,3,C42
2025-03-01,2025-03-01,WHEAT_FLOUR_2KG,"Wheat Flour, Prepacked (2kg)","Wheat Flour, Prepacked (2kg)",2 kg,SPREADSHEET_LABEL,NATIONAL,Nigeria,4114.2425360704465,OK,CURRENT_MONTH,Average of Mar-25,TRUE,STALE_SHEET_NAME,1,Item Label,selected_food_table_Mar_25.xlsx,,Selected Food Dec 2024,42,4,D42
2024-03-01,2025-03-01,YAM_TUBER,Yam Tuber,Yam Tuber,1 kg,NBS_REPORT_PDF,NATIONAL,Nigeria,1068.77645806394,OK,YEAR_AGO,Average of Mar-24,FALSE,STALE_SHEET_NAME,1,Item Label,selected_food_table_Mar_25.xlsx,,Selected Food Dec 2024,43,2,B43
2025-02-01,2025-03-01,YAM_TUBER,Yam Tuber,Yam Tuber,1 kg,NBS_REPORT_PDF,NATIONAL,Nigeria,2022.032912530438,OK,PRIOR_MONTH,Average of Feb-25,FALSE,STALE_SHEET_NAME,1,Item Label,selected_food_table_Mar_25.xlsx,,Selected Food Dec 2024,43,3,C43
2025-03-01,2025-03-01,YAM_TUBER,Yam Tuber,Yam Tuber,1 kg,NBS_REPORT_PDF,NATIONAL,Nigeria,2141.1300356787556,OK,CURRENT_MONTH,Average of Mar-25,TRUE,STALE_SHEET_NAME,1,Item Label,selected_food_table_Mar_25.xlsx,,Selected Food Dec 2024,43,4,D43
