release_month,observation_month,geography_type,geography_name,geography_raw_label,state,zone,is_aggregate,price_ngn_per_litre,unit,source_period_label,is_primary_release,source_anomaly,header_row_used,source_file,source_member,source_sheet,source_row,source_column_index,source_cell_reference
2025-01-01,2024-01-01,STATE,Abia,Abia,Abia,South East,FALSE,687.5,NGN per litre,2024-01-01,FALSE,,1,PMS_Jan_2025.xlsx,,Fuel January 2025,2,2,B2
2025-01-01,2024-01-01,STATE,Abuja,Abuja,Abuja,North Central,FALSE,632.124444444444,NGN per litre,2024-01-01,FALSE,,1,PMS_Jan_2025.xlsx,,Fuel January 2025,3,2,B3
2025-01-01,2024-01-01,STATE,Adamawa,Adamawa,Adamawa,North East,FALSE,671.4,NGN per litre,2024-01-01,FALSE,,1,PMS_Jan_2025.xlsx,,Fuel January 2025,4,2,B4
2025-01-01,2024-01-01,STATE,Akwa Ibom,Akwa Ibom,Akwa Ibom,South South,FALSE,677,NGN per litre,2024-01-01,FALSE,,1,PMS_Jan_2025.xlsx,,Fuel January 2025,5,2,B5
2025-01-01,2024-01-01,STATE,Anambra,Anambra,Anambra,South East,FALSE,680,NGN per litre,2024-01-01,FALSE,,1,PMS_Jan_2025.xlsx,,Fuel January 2025,6,2,B6
2025-01-01,2024-01-01,STATE,Bauchi,Bauchi,Bauchi,North East,FALSE,650,NGN per litre,2024-01-01,FALSE,,1,PMS_Jan_2025.xlsx,,Fuel January 2025,7,2,B7
2025-01-01,2024-01-01,STATE,Bayelsa,Bayelsa,Bayelsa,South South,FALSE,673,NGN per litre,2024-01-01,FALSE,,1,PMS_Jan_2025.xlsx,,Fuel January 2025,8,2,B8
2025-01-01,2024-01-01,STATE,Benue,Benue,Benue,North Central,FALSE,632.844576719577,NGN per litre,2024-01-01,FALSE,,1,PMS_Jan_2025.xlsx,,Fuel January 2025,9,2,B9
2025-01-01,2024-01-01,STATE,Borno,Borno,Borno,North East,FALSE,657.272727272727,NGN per litre,2024-01-01,FALSE,,1,PMS_Jan_2025.xlsx,,Fuel January 2025,10,2,B10
2025-01-01,2024-01-01,STATE,Cross River,Cross River,Cross River,South South,FALSE,663.333333333333,NGN per litre,2024-01-01,FALSE,,1,PMS_Jan_2025.xlsx,,Fuel January 2025,11,2,B11
2025-01-01,2024-01-01,STATE,Delta,Delta,Delta,South South,FALSE,665.625,NGN per litre,2024-01-01,FALSE,,1,PMS_Jan_2025.xlsx,,Fuel January 2025,12,2,B12
2025-01-01,2024-01-01,STATE,Ebonyi,Ebonyi,Ebonyi,South East,FALSE,638.714285714286,NGN per litre,2024-01-01,FALSE,,1,PMS_Jan_2025.xlsx,,Fuel January 2025,13,2,B13
2025-01-01,2024-01-01,STATE,Edo,Edo,Edo,South South,FALSE,662,NGN per litre,2024-01-01,FALSE,,1,PMS_Jan_2025.xlsx,,Fuel January 2025,14,2,B14
2025-01-01,2024-01-01,STATE,Ekiti,Ekiti,Ekiti,South West,FALSE,651.331269349845,NGN per litre,2024-01-01,FALSE,,1,PMS_Jan_2025.xlsx,,Fuel January 2025,15,2,B15
2025-01-01,2024-01-01,STATE,Enugu,Enugu,Enugu,South East,FALSE,673.872180451128,NGN per litre,2024-01-01,FALSE,,1,PMS_Jan_2025.xlsx,,Fuel January 2025,16,2,B16
2025-01-01,2024-01-01,STATE,Gombe,Gombe,Gombe,North East,FALSE,703,NGN per litre,2024-01-01,FALSE,,1,PMS_Jan_2025.xlsx,,Fuel January 2025,17,2,B17
2025-01-01,2024-01-01,STATE,Imo,Imo,Imo,South East,FALSE,687,NGN per litre,2024-01-01,FALSE,,1,PMS_Jan_2025.xlsx,,Fuel January 2025,18,2,B18
2025-01-01,2024-01-01,STATE,Jigawa,Jigawa,Jigawa,North West,FALSE,679.666666666667,NGN per litre,2024-01-01,FALSE,,1,PMS_Jan_2025.xlsx,,Fuel January 2025,19,2,B19
2025-01-01,2024-01-01,STATE,Kaduna,Kaduna,Kaduna,North West,FALSE,640,NGN per litre,2024-01-01,FALSE,,1,PMS_Jan_2025.xlsx,,Fuel January 2025,20,2,B20
2025-01-01,2024-01-01,STATE,Kano,Kano,Kano,North West,FALSE,678.266666666667,NGN per litre,2024-01-01,FALSE,,1,PMS_Jan_2025.xlsx,,Fuel January 2025,21,2,B21
2025-01-01,2024-01-01,STATE,Katsina,Katsina,Katsina,North West,FALSE,680.4,NGN per litre,2024-01-01,FALSE,,1,PMS_Jan_2025.xlsx,,Fuel January 2025,22,2,B22
2025-01-01,2024-01-01,STATE,Kebbi,Kebbi,Kebbi,North West,FALSE,796.666666666667,NGN per litre,2024-01-01,FALSE,,1,PMS_Jan_2025.xlsx,,Fuel January 2025,23,2,B23
2025-01-01,2024-01-01,STATE,Kogi,Kogi,Kogi,North Central,FALSE,626.787037037037,NGN per litre,2024-01-01,FALSE,,1,PMS_Jan_2025.xlsx,,Fuel January 2025,24,2,B24
2025-01-01,2024-01-01,STATE,Kwara,Kwara,Kwara,North Central,FALSE,614.90085978836,NGN per litre,2024-01-01,FALSE,,1,PMS_Jan_2025.xlsx,,Fuel January 2025,25,2,B25
2025-01-01,2024-01-01,STATE,Lagos,Lagos,Lagos,South West,FALSE,663.049535603715,NGN per litre,2024-01-01,FALSE,,1,PMS_Jan_2025.xlsx,,Fuel January 2025,26,2,B26
2025-01-01,2024-01-01,STATE,Nasarawa,Nassarawa,Nasarawa,North Central,FALSE,629.319444444444,NGN per litre,2024-01-01,FALSE,,1,PMS_Jan_2025.xlsx,,Fuel January 2025,27,2,B27
2025-01-01,2024-01-01,STATE,Niger,Niger,Niger,North Central,FALSE,624.038425925926,NGN per litre,2024-01-01,FALSE,,1,PMS_Jan_2025.xlsx,,Fuel January 2025,28,2,B28
2025-01-01,2024-01-01,STATE,Ogun,Ogun,Ogun,South West,FALSE,653.105263157895,NGN per litre,2024-01-01,FALSE,,1,PMS_Jan_2025.xlsx,,Fuel January 2025,29,2,B29
2025-01-01,2024-01-01,STATE,Ondo,Ondo,Ondo,South West,FALSE,653.018575851393,NGN per litre,2024-01-01,FALSE,,1,PMS_Jan_2025.xlsx,,Fuel January 2025,30,2,B30
2025-01-01,2024-01-01,STATE,Osun,Osun,Osun,South West,FALSE,658.771929824561,NGN per litre,2024-01-01,FALSE,,1,PMS_Jan_2025.xlsx,,Fuel January 2025,31,2,B31
2025-01-01,2024-01-01,STATE,Oyo,Oyo,Oyo,South West,FALSE,662.532894736842,NGN per litre,2024-01-01,FALSE,,1,PMS_Jan_2025.xlsx,,Fuel January 2025,32,2,B32
2025-01-01,2024-01-01,STATE,Plateau,Plateau,Plateau,North Central,FALSE,670,NGN per litre,2024-01-01,FALSE,,1,PMS_Jan_2025.xlsx,,Fuel January 2025,33,2,B33
2025-01-01,2024-01-01,STATE,Rivers,Rivers,Rivers,South South,FALSE,674.545454545455,NGN per litre,2024-01-01,FALSE,,1,PMS_Jan_2025.xlsx,,Fuel January 2025,34,2,B34
2025-01-01,2024-01-01,STATE,Sokoto,Sokoto,Sokoto,North West,FALSE,664.8,NGN per litre,2024-01-01,FALSE,,1,PMS_Jan_2025.xlsx,,Fuel January 2025,35,2,B35
2025-01-01,2024-01-01,STATE,Taraba,Taraba,Taraba,North East,FALSE,704.111111111111,NGN per litre,2024-01-01,FALSE,,1,PMS_Jan_2025.xlsx,,Fuel January 2025,36,2,B36
2025-01-01,2024-01-01,STATE,Yobe,Yobe,Yobe,North East,FALSE,675.545454545455,NGN per litre,2024-01-01,FALSE,,1,PMS_Jan_2025.xlsx,,Fuel January 2025,37,2,B37
2025-01-01,2024-01-01,STATE,Zamfara,Zamfara,Zamfara,North West,FALSE,771.428571428571,NGN per litre,2024-01-01,FALSE,,1,PMS_Jan_2025.xlsx,,Fuel January 2025,38,2,B38
2025-01-01,2024-01-01,NATIONAL,Nigeria,AVERAGE,,,TRUE,668.296550683408,NGN per litre,2024-01-01,FALSE,,1,PMS_Jan_2025.xlsx,,Fuel January 2025,39,2,B39
2025-01-01,2024-12-01,STATE,Abia,Abia,Abia,South East,FALSE,1224.671875,NGN per litre,2024-12-01,FALSE,,1,PMS_Jan_2025.xlsx,,Fuel January 2025,2,3,C2
2025-01-01,2024-12-01,STATE,Abuja,Abuja,Abuja,North Central,FALSE,1102.25,NGN per litre,2024-12-01,FALSE,,1,PMS_Jan_2025.xlsx,,Fuel January 2025,3,3,C3
2025-01-01,2024-12-01,STATE,Adamawa,Adamawa,Adamawa,North East,FALSE,1301.33333333333,NGN per litre,2024-12-01,FALSE,,1,PMS_Jan_2025.xlsx,,Fuel January 2025,4,3,C4
2025-01-01,2024-12-01,STATE,Akwa Ibom,Akwa Ibom,Akwa Ibom,South South,FALSE,1146.9375,NGN per litre,2024-12-01,FALSE,,1,PMS_Jan_2025.xlsx,,Fuel January 2025,5,3,C5
2025-01-01,2024-12-01,STATE,Anambra,Anambra,Anambra,South East,FALSE,1238.76113552517,NGN per litre,2024-12-01,FALSE,,1,PMS_Jan_2025.xlsx,,Fuel January 2025,6,3,C6
2025-01-01,2024-12-01,STATE,Bauchi,Bauchi,Bauchi,North East,FALSE,1183.47727272727,NGN per litre,2024-12-01,FALSE,,1,PMS_Jan_2025.xlsx,,Fuel January 2025,7,3,C7
2025-01-01,2024-12-01,STATE,Bayelsa,Bayelsa,Bayelsa,South South,FALSE,1161.875,NGN per litre,2024-12-01,FALSE,,1,PMS_Jan_2025.xlsx,,Fuel January 2025,8,3,C8
2025-01-01,2024-12-01,STATE,Benue,Benue,Benue,North Central,FALSE,1234.54545454545,NGN per litre,2024-12-01,FALSE,,1,PMS_Jan_2025.xlsx,,Fuel January 2025,9,3,C9
2025-01-01,2024-12-01,STATE,Borno,Borno,Borno,North East,FALSE,1282.38461538462,NGN per litre,2024-12-01,FALSE,,1,PMS_Jan_2025.xlsx,,Fuel January 2025,10,3,C10
2025-01-01,2024-12-01,STATE,Cross River,Cross River,Cross River,South South,FALSE,1228.1875,NGN per litre,2024-12-01,FALSE,,1,PMS_Jan_2025.xlsx,,Fuel January 2025,11,3,C11
2025-01-01,2024-12-01,STATE,Delta,Delta,Delta,South South,FALSE,1282.71428571429,NGN per litre,2024-12-01,FALSE,,1,PMS_Jan_2025.xlsx,,Fuel January 2025,12,3,C12
2025-01-01,2024-12-01,STATE,Ebonyi,Ebonyi,Ebonyi,South East,FALSE,1280.41359165737,NGN per litre,2024-12-01,FALSE,,1,PMS_Jan_2025.xlsx,,Fuel January 2025,13,3,C13
2025-01-01,2024-12-01,STATE,Edo,Edo,Edo,South South,FALSE,1142.4,NGN per litre,2024-12-01,FALSE,,1,PMS_Jan_2025.xlsx,,Fuel January 2025,14,3,C14
2025-01-01,2024-12-01,STATE,Ekiti,Ekiti,Ekiti,South West,FALSE,1120,NGN per litre,2024-12-01,FALSE,,1,PMS_Jan_2025.xlsx,,Fuel January 2025,15,3,C15
2025-01-01,2024-12-01,STATE,Enugu,Enugu,Enugu,South East,FALSE,1278.46665445964,NGN per litre,2024-12-01,FALSE,,1,PMS_Jan_2025.xlsx,,Fuel January 2025,16,3,C16
2025-01-01,2024-12-01,STATE,Gombe,Gombe,Gombe,North East,FALSE,1176.125,NGN per litre,2024-12-01,FALSE,,1,PMS_Jan_2025.xlsx,,Fuel January 2025,17,3,C17
2025-01-01,2024-12-01,STATE,Imo,Imo,Imo,South East,FALSE,1198.8891015625,NGN per litre,2024-12-01,FALSE,,1,PMS_Jan_2025.xlsx,,Fuel January 2025,18,3,C18
2025-01-01,2024-12-01,STATE,Jigawa,Jigawa,Jigawa,North West,FALSE,1258.46153846154,NGN per litre,2024-12-01,FALSE,,1,PMS_Jan_2025.xlsx,,Fuel January 2025,19,3,C19
2025-01-01,2024-12-01,STATE,Kaduna,Kaduna,Kaduna,North West,FALSE,1161.2,NGN per litre,2024-12-01,FALSE,,1,PMS_Jan_2025.xlsx,,Fuel January 2025,20,3,C20
2025-01-01,2024-12-01,STATE,Kano,Kano,Kano,North West,FALSE,1152.14285714286,NGN per litre,2024-12-01,FALSE,,1,PMS_Jan_2025.xlsx,,Fuel January 2025,21,3,C21
2025-01-01,2024-12-01,STATE,Katsina,Katsina,Katsina,North West,FALSE,1187.5,NGN per litre,2024-12-01,FALSE,,1,PMS_Jan_2025.xlsx,,Fuel January 2025,22,3,C22
2025-01-01,2024-12-01,STATE,Kebbi,Kebbi,Kebbi,North West,FALSE,1194,NGN per litre,2024-12-01,FALSE,,1,PMS_Jan_2025.xlsx,,Fuel January 2025,23,3,C23
2025-01-01,2024-12-01,STATE,Kogi,Kogi,Kogi,North Central,FALSE,1188.18181818182,NGN per litre,2024-12-01,FALSE,,1,PMS_Jan_2025.xlsx,,Fuel January 2025,24,3,C24
2025-01-01,2024-12-01,STATE,Kwara,Kwara,Kwara,North Central,FALSE,1133.07692307692,NGN per litre,2024-12-01,FALSE,,1,PMS_Jan_2025.xlsx,,Fuel January 2025,25,3,C25
2025-01-01,2024-12-01,STATE,Lagos,Lagos,Lagos,South West,FALSE,1106.33333333333,NGN per litre,2024-12-01,FALSE,,1,PMS_Jan_2025.xlsx,,Fuel January 2025,26,3,C26
2025-01-01,2024-12-01,STATE,Nasarawa,Nassarawa,Nasarawa,North Central,FALSE,1157.14285714286,NGN per litre,2024-12-01,FALSE,,1,PMS_Jan_2025.xlsx,,Fuel January 2025,27,3,C27
2025-01-01,2024-12-01,STATE,Niger,Niger,Niger,North Central,FALSE,1176.07142857143,NGN per litre,2024-12-01,FALSE,,1,PMS_Jan_2025.xlsx,,Fuel January 2025,28,3,C28
2025-01-01,2024-12-01,STATE,Ogun,Ogun,Ogun,South West,FALSE,1106.06666666667,NGN per litre,2024-12-01,FALSE,,1,PMS_Jan_2025.xlsx,,Fuel January 2025,29,3,C29
2025-01-01,2024-12-01,STATE,Ondo,Ondo,Ondo,South West,FALSE,1137.77777777778,NGN per litre,2024-12-01,FALSE,,1,PMS_Jan_2025.xlsx,,Fuel January 2025,30,3,C30
2025-01-01,2024-12-01,STATE,Osun,Osun,Osun,South West,FALSE,1137.05882352941,NGN per litre,2024-12-01,FALSE,,1,PMS_Jan_2025.xlsx,,Fuel January 2025,31,3,C31
2025-01-01,2024-12-01,STATE,Oyo,Oyo,Oyo,South West,FALSE,1088.75,NGN per litre,2024-12-01,FALSE,,1,PMS_Jan_2025.xlsx,,Fuel January 2025,32,3,C32
2025-01-01,2024-12-01,STATE,Plateau,Plateau,Plateau,North Central,FALSE,1260,NGN per litre,2024-12-01,FALSE,,1,PMS_Jan_2025.xlsx,,Fuel January 2025,33,3,C33
2025-01-01,2024-12-01,STATE,Rivers,Rivers,Rivers,South South,FALSE,1164.90625,NGN per litre,2024-12-01,FALSE,,1,PMS_Jan_2025.xlsx,,Fuel January 2025,34,3,C34
2025-01-01,2024-12-01,STATE,Sokoto,Sokoto,Sokoto,North West,FALSE,1113.33333333333,NGN per litre,2024-12-01,FALSE,,1,PMS_Jan_2025.xlsx,,Fuel January 2025,35,3,C35
2025-01-01,2024-12-01,STATE,Taraba,Taraba,Taraba,North East,FALSE,1307.04987182617,NGN per litre,2024-12-01,FALSE,,1,PMS_Jan_2025.xlsx,,Fuel January 2025,36,3,C36
2025-01-01,2024-12-01,STATE,Yobe,Yobe,Yobe,North East,FALSE,1225,NGN per litre,2024-12-01,FALSE,,1,PMS_Jan_2025.xlsx,,Fuel January 2025,37,3,C37
2025-01-01,2024-12-01,STATE,Zamfara,Zamfara,Zamfara,North West,FALSE,1160,NGN per litre,2024-12-01,FALSE,,1,PMS_Jan_2025.xlsx,,Fuel January 2025,38,3,C38
2025-01-01,2024-12-01,NATIONAL,Nigeria,AVERAGE,,,TRUE,1189.12123780956,NGN per litre,2024-12-01,FALSE,,1,PMS_Jan_2025.xlsx,,Fuel January 2025,39,3,C39
2025-01-01,2025-01-01,STATE,Abia,Abia,Abia,South East,FALSE,1308.2604734,NGN per litre,2025-01-01,TRUE,,1,PMS_Jan_2025.xlsx,,Fuel January 2025,2,4,D2
2025-01-01,2025-01-01,STATE,Abuja,Abuja,Abuja,North Central,FALSE,1182,NGN per litre,2025-01-01,TRUE,,1,PMS_Jan_2025.xlsx,,Fuel January 2025,3,4,D3
2025-01-01,2025-01-01,STATE,Adamawa,Adamawa,Adamawa,North East,FALSE,1350,NGN per litre,2025-01-01,TRUE,,1,PMS_Jan_2025.xlsx,,Fuel January 2025,4,4,D4
2025-01-01,2025-01-01,STATE,Akwa Ibom,Akwa Ibom,Akwa Ibom,South South,FALSE,1287.5,NGN per litre,2025-01-01,TRUE,,1,PMS_Jan_2025.xlsx,,Fuel January 2025,5,4,D5
2025-01-01,2025-01-01,STATE,Anambra,Anambra,Anambra,South East,FALSE,1080,NGN per litre,2025-01-01,TRUE,,1,PMS_Jan_2025.xlsx,,Fuel January 2025,6,4,D6
2025-01-01,2025-01-01,STATE,Bauchi,Bauchi,Bauchi,North East,FALSE,1225,NGN per litre,2025-01-01,TRUE,,1,PMS_Jan_2025.xlsx,,Fuel January 2025,7,4,D7
2025-01-01,2025-01-01,STATE,Bayelsa,Bayelsa,Bayelsa,South South,FALSE,1000,NGN per litre,2025-01-01,TRUE,,1,PMS_Jan_2025.xlsx,,Fuel January 2025,8,4,D8
2025-01-01,2025-01-01,STATE,Benue,Benue,Benue,North Central,FALSE,1411.11111111111,NGN per litre,2025-01-01,TRUE,,1,PMS_Jan_2025.xlsx,,Fuel January 2025,9,4,D9
2025-01-01,2025-01-01,STATE,Borno,Borno,Borno,North East,FALSE,1066.66666666667,NGN per litre,2025-01-01,TRUE,,1,PMS_Jan_2025.xlsx,,Fuel January 2025,10,4,D10
2025-01-01,2025-01-01,STATE,Cross River,Cross River,Cross River,South South,FALSE,1483.33333333333,NGN per litre,2025-01-01,TRUE,,1,PMS_Jan_2025.xlsx,,Fuel January 2025,11,4,D11
2025-01-01,2025-01-01,STATE,Delta,Delta,Delta,South South,FALSE,1364.28571428571,NGN per litre,2025-01-01,TRUE,,1,PMS_Jan_2025.xlsx,,Fuel January 2025,12,4,D12
2025-01-01,2025-01-01,STATE,Ebonyi,Ebonyi,Ebonyi,South East,FALSE,1133.33333333333,NGN per litre,2025-01-01,TRUE,,1,PMS_Jan_2025.xlsx,,Fuel January 2025,13,4,D13
2025-01-01,2025-01-01,STATE,Edo,Edo,Edo,South South,FALSE,1146,NGN per litre,2025-01-01,TRUE,,1,PMS_Jan_2025.xlsx,,Fuel January 2025,14,4,D14
2025-01-01,2025-01-01,STATE,Ekiti,Ekiti,Ekiti,South West,FALSE,1180,NGN per litre,2025-01-01,TRUE,,1,PMS_Jan_2025.xlsx,,Fuel January 2025,15,4,D15
2025-01-01,2025-01-01,STATE,Enugu,Enugu,Enugu,South East,FALSE,1433.33333333333,NGN per litre,2025-01-01,TRUE,,1,PMS_Jan_2025.xlsx,,Fuel January 2025,16,4,D16
2025-01-01,2025-01-01,STATE,Gombe,Gombe,Gombe,North East,FALSE,1090,NGN per litre,2025-01-01,TRUE,,1,PMS_Jan_2025.xlsx,,Fuel January 2025,17,4,D17
2025-01-01,2025-01-01,STATE,Imo,Imo,Imo,South East,FALSE,1466.66666666667,NGN per litre,2025-01-01,TRUE,,1,PMS_Jan_2025.xlsx,,Fuel January 2025,18,4,D18
2025-01-01,2025-01-01,STATE,Jigawa,Jigawa,Jigawa,North West,FALSE,1530,NGN per litre,2025-01-01,TRUE,,1,PMS_Jan_2025.xlsx,,Fuel January 2025,19,4,D19
2025-01-01,2025-01-01,STATE,Kaduna,Kaduna,Kaduna,North West,FALSE,1638.33333333333,NGN per litre,2025-01-01,TRUE,,1,PMS_Jan_2025.xlsx,,Fuel January 2025,20,4,D20
2025-01-01,2025-01-01,STATE,Kano,Kano,Kano,North West,FALSE,1541.66666666667,NGN per litre,2025-01-01,TRUE,,1,PMS_Jan_2025.xlsx,,Fuel January 2025,21,4,D21
2025-01-01,2025-01-01,STATE,Katsina,Katsina,Katsina,North West,FALSE,1469.4444445,NGN per litre,2025-01-01,TRUE,,1,PMS_Jan_2025.xlsx,,Fuel January 2025,22,4,D22
2025-01-01,2025-01-01,STATE,Kebbi,Kebbi,Kebbi,North West,FALSE,1090,NGN per litre,2025-01-01,TRUE,,1,PMS_Jan_2025.xlsx,,Fuel January 2025,23,4,D23
2025-01-01,2025-01-01,STATE,Kogi,Kogi,Kogi,North Central,FALSE,1114.28571428571,NGN per litre,2025-01-01,TRUE,,1,PMS_Jan_2025.xlsx,,Fuel January 2025,24,4,D24
2025-01-01,2025-01-01,STATE,Kwara,Kwara,Kwara,North Central,FALSE,1171.996855,NGN per litre,2025-01-01,TRUE,,1,PMS_Jan_2025.xlsx,,Fuel January 2025,25,4,D25
2025-01-01,2025-01-01,STATE,Lagos,Lagos,Lagos,South West,FALSE,1122.22222222222,NGN per litre,2025-01-01,TRUE,,1,PMS_Jan_2025.xlsx,,Fuel January 2025,26,4,D26
2025-01-01,2025-01-01,STATE,Nasarawa,Nassarawa,Nasarawa,North Central,FALSE,1302.257815,NGN per litre,2025-01-01,TRUE,,1,PMS_Jan_2025.xlsx,,Fuel January 2025,27,4,D27
2025-01-01,2025-01-01,STATE,Niger,Niger,Niger,North Central,FALSE,1386.686215,NGN per litre,2025-01-01,TRUE,,1,PMS_Jan_2025.xlsx,,Fuel January 2025,28,4,D28
2025-01-01,2025-01-01,STATE,Ogun,Ogun,Ogun,South West,FALSE,1141.66666666667,NGN per litre,2025-01-01,TRUE,,1,PMS_Jan_2025.xlsx,,Fuel January 2025,29,4,D29
2025-01-01,2025-01-01,STATE,Ondo,Ondo,Ondo,South West,FALSE,1141.7,NGN per litre,2025-01-01,TRUE,,1,PMS_Jan_2025.xlsx,,Fuel January 2025,30,4,D30
2025-01-01,2025-01-01,STATE,Osun,Osun,Osun,South West,FALSE,950,NGN per litre,2025-01-01,TRUE,,1,PMS_Jan_2025.xlsx,,Fuel January 2025,31,4,D31
2025-01-01,2025-01-01,STATE,Oyo,Oyo,Oyo,South West,FALSE,1015,NGN per litre,2025-01-01,TRUE,,1,PMS_Jan_2025.xlsx,,Fuel January 2025,32,4,D32
2025-01-01,2025-01-01,STATE,Plateau,Plateau,Plateau,North Central,FALSE,1446.992215,NGN per litre,2025-01-01,TRUE,,1,PMS_Jan_2025.xlsx,,Fuel January 2025,33,4,D33
2025-01-01,2025-01-01,STATE,Rivers,Rivers,Rivers,South South,FALSE,1308.88888888889,NGN per litre,2025-01-01,TRUE,,1,PMS_Jan_2025.xlsx,,Fuel January 2025,34,4,D34
2025-01-01,2025-01-01,STATE,Sokoto,Sokoto,Sokoto,North West,FALSE,1330,NGN per litre,2025-01-01,TRUE,,1,PMS_Jan_2025.xlsx,,Fuel January 2025,35,4,D35
2025-01-01,2025-01-01,STATE,Taraba,Taraba,Taraba,North East,FALSE,1433.33333333333,NGN per litre,2025-01-01,TRUE,,1,PMS_Jan_2025.xlsx,,Fuel January 2025,36,4,D36
2025-01-01,2025-01-01,STATE,Yobe,Yobe,Yobe,North East,FALSE,1112.5,NGN per litre,2025-01-01,TRUE,,1,PMS_Jan_2025.xlsx,,Fuel January 2025,37,4,D37
2025-01-01,2025-01-01,STATE,Zamfara,Zamfara,Zamfara,North West,FALSE,1104.28571428571,NGN per litre,2025-01-01,TRUE,,1,PMS_Jan_2025.xlsx,,Fuel January 2025,38,4,D38
2025-01-01,2025-01-01,ZONE,North Central,North Central,,North Central,TRUE,1307.22,NGN per litre,Average Price,TRUE,,1,PMS_Jan_2025.xlsx,,Fuel January 2025,3,7,G3
2025-01-01,2025-01-01,ZONE,North East,North East,,North East,TRUE,1212.92,NGN per litre,Average Price,TRUE,,1,PMS_Jan_2025.xlsx,,Fuel January 2025,4,7,G4
2025-01-01,2025-01-01,ZONE,North West,North West,,North West,TRUE,1386.25,NGN per litre,Average Price,TRUE,,1,PMS_Jan_2025.xlsx,,Fuel January 2025,7,7,G7
2025-01-01,2025-01-01,ZONE,South East,South East,,South East,TRUE,1284.32,NGN per litre,Average Price,TRUE,,1,PMS_Jan_2025.xlsx,,Fuel January 2025,2,7,G2
2025-01-01,2025-01-01,ZONE,South South,South South,,South South,TRUE,1265.00132275132,NGN per litre,Average Price,TRUE,,1,PMS_Jan_2025.xlsx,,Fuel January 2025,5,7,G5
2025-01-01,2025-01-01,ZONE,South West,South West,,South West,TRUE,1091.76,NGN per litre,Average Price,TRUE,,1,PMS_Jan_2025.xlsx,,Fuel January 2025,6,7,G6
2025-01-01,2025-01-01,NATIONAL,Nigeria,AVERAGE,,,TRUE,1258.3446139544,NGN per litre,2025-01-01,TRUE,,1,PMS_Jan_2025.xlsx,,Fuel January 2025,39,4,D39
2025-02-01,2024-02-01,STATE,Abia,Abia,Abia,South East,FALSE,688.62,NGN per litre,2024-02-01,FALSE,,1,PMS_FEB_2025.xlsx,,Fuel February 2025,2,2,B2
2025-02-01,2024-02-01,STATE,Abuja,Abuja,Abuja,North Central,FALSE,653.2,NGN per litre,2024-02-01,FALSE,,1,PMS_FEB_2025.xlsx,,Fuel February 2025,3,2,B3
2025-02-01,2024-02-01,STATE,Adamawa,Adamawa,Adamawa,North East,FALSE,680.42,NGN per litre,2024-02-01,FALSE,,1,PMS_FEB_2025.xlsx,,Fuel February 2025,4,2,B4
2025-02-01,2024-02-01,STATE,Akwa Ibom,Akwa Ibom,Akwa Ibom,South South,FALSE,678,NGN per litre,2024-02-01,FALSE,,1,PMS_FEB_2025.xlsx,,Fuel February 2025,5,2,B5
2025-02-01,2024-02-01,STATE,Anambra,Anambra,Anambra,South East,FALSE,685.17,NGN per litre,2024-02-01,FALSE,,1,PMS_FEB_2025.xlsx,,Fuel February 2025,6,2,B6
2025-02-01,2024-02-01,STATE,Bauchi,Bauchi,Bauchi,North East,FALSE,688.571428571429,NGN per litre,2024-02-01,FALSE,,1,PMS_FEB_2025.xlsx,,Fuel February 2025,7,2,B7
2025-02-01,2024-02-01,STATE,Bayelsa,Bayelsa,Bayelsa,South South,FALSE,680,NGN per litre,2024-02-01,FALSE,,1,PMS_FEB_2025.xlsx,,Fuel February 2025,8,2,B8
2025-02-01,2024-02-01,STATE,Benue,Benue,Benue,North Central,FALSE,652.727272727273,NGN per litre,2024-02-01,FALSE,,1,PMS_FEB_2025.xlsx,,Fuel February 2025,9,2,B9
2025-02-01,2024-02-01,STATE,Borno,Borno,Borno,North East,FALSE,680.22,NGN per litre,2024-02-01,FALSE,,1,PMS_FEB_2025.xlsx,,Fuel February 2025,10,2,B10
2025-02-01,2024-02-01,STATE,Cross River,Cross River,Cross River,South South,FALSE,665.625,NGN per litre,2024-02-01,FALSE,,1,PMS_FEB_2025.xlsx,,Fuel February 2025,11,2,B11
2025-02-01,2024-02-01,STATE,Delta,Delta,Delta,South South,FALSE,687,NGN per litre,2024-02-01,FALSE,,1,PMS_FEB_2025.xlsx,,Fuel February 2025,12,2,B12
2025-02-01,2024-02-01,STATE,Ebonyi,Ebonyi,Ebonyi,South East,FALSE,670,NGN per litre,2024-02-01,FALSE,,1,PMS_FEB_2025.xlsx,,Fuel February 2025,13,2,B13
2025-02-01,2024-02-01,STATE,Edo,Edo,Edo,South South,FALSE,672.5,NGN per litre,2024-02-01,FALSE,,1,PMS_FEB_2025.xlsx,,Fuel February 2025,14,2,B14
2025-02-01,2024-02-01,STATE,Ekiti,Ekiti,Ekiti,South West,FALSE,655,NGN per litre,2024-02-01,FALSE,,1,PMS_FEB_2025.xlsx,,Fuel February 2025,15,2,B15
2025-02-01,2024-02-01,STATE,Enugu,Enugu,Enugu,South East,FALSE,688.21,NGN per litre,2024-02-01,FALSE,,1,PMS_FEB_2025.xlsx,,Fuel February 2025,16,2,B16
2025-02-01,2024-02-01,STATE,Gombe,Gombe,Gombe,North East,FALSE,710,NGN per litre,2024-02-01,FALSE,,1,PMS_FEB_2025.xlsx,,Fuel February 2025,17,2,B17
2025-02-01,2024-02-01,STATE,Imo,Imo,Imo,South East,FALSE,705.512545454546,NGN per litre,2024-02-01,FALSE,,1,PMS_FEB_2025.xlsx,,Fuel February 2025,18,2,B18
2025-02-01,2024-02-01,STATE,Jigawa,Jigawa,Jigawa,North West,FALSE,696.428571428571,NGN per litre,2024-02-01,FALSE,,1,PMS_FEB_2025.xlsx,,Fuel February 2025,19,2,B19
2025-02-01,2024-02-01,STATE,Kaduna,Kaduna,Kaduna,North West,FALSE,678.416666666667,NGN per litre,2024-02-01,FALSE,,1,PMS_FEB_2025.xlsx,,Fuel February 2025,20,2,B20
2025-02-01,2024-02-01,STATE,Kano,Kano,Kano,North West,FALSE,675,NGN per litre,2024-02-01,FALSE,,1,PMS_FEB_2025.xlsx,,Fuel February 2025,21,2,B21
2025-02-01,2024-02-01,STATE,Katsina,Katsina,Katsina,North West,FALSE,680,NGN per litre,2024-02-01,FALSE,,1,PMS_FEB_2025.xlsx,,Fuel February 2025,22,2,B22
2025-02-01,2024-02-01,STATE,Kebbi,Kebbi,Kebbi,North West,FALSE,746.666666666667,NGN per litre,2024-02-01,FALSE,,1,PMS_FEB_2025.xlsx,,Fuel February 2025,23,2,B23
2025-02-01,2024-02-01,STATE,Kogi,Kogi,Kogi,North Central,FALSE,675.5,NGN per litre,2024-02-01,FALSE,,1,PMS_FEB_2025.xlsx,,Fuel February 2025,24,2,B24
2025-02-01,2024-02-01,STATE,Kwara,Kwara,Kwara,North Central,FALSE,650,NGN per litre,2024-02-01,FALSE,,1,PMS_FEB_2025.xlsx,,Fuel February 2025,25,2,B25
2025-02-01,2024-02-01,STATE,Lagos,Lagos,Lagos,South West,FALSE,654.230769230769,NGN per litre,2024-02-01,FALSE,,1,PMS_FEB_2025.xlsx,,Fuel February 2025,26,2,B26
2025-02-01,2024-02-01,STATE,Nasarawa,Nassarawa,Nasarawa,North Central,FALSE,655,NGN per litre,2024-02-01,FALSE,,1,PMS_FEB_2025.xlsx,,Fuel February 2025,27,2,B27
2025-02-01,2024-02-01,STATE,Niger,Niger,Niger,North Central,FALSE,653.7,NGN per litre,2024-02-01,FALSE,,1,PMS_FEB_2025.xlsx,,Fuel February 2025,28,2,B28
2025-02-01,2024-02-01,STATE,Ogun,Ogun,Ogun,South West,FALSE,650.833333333333,NGN per litre,2024-02-01,FALSE,,1,PMS_FEB_2025.xlsx,,Fuel February 2025,29,2,B29
2025-02-01,2024-02-01,STATE,Ondo,Ondo,Ondo,South West,FALSE,666.25,NGN per litre,2024-02-01,FALSE,,1,PMS_FEB_2025.xlsx,,Fuel February 2025,30,2,B30
2025-02-01,2024-02-01,STATE,Osun,Osun,Osun,South West,FALSE,664.545454545455,NGN per litre,2024-02-01,FALSE,,1,PMS_FEB_2025.xlsx,,Fuel February 2025,31,2,B31
2025-02-01,2024-02-01,STATE,Oyo,Oyo,Oyo,South West,FALSE,652.352941176471,NGN per litre,2024-02-01,FALSE,,1,PMS_FEB_2025.xlsx,,Fuel February 2025,32,2,B32
2025-02-01,2024-02-01,STATE,Plateau,Plateau,Plateau,North Central,FALSE,686.166666666667,NGN per litre,2024-02-01,FALSE,,1,PMS_FEB_2025.xlsx,,Fuel February 2025,33,2,B33
2025-02-01,2024-02-01,STATE,Rivers,Rivers,Rivers,South South,FALSE,680,NGN per litre,2024-02-01,FALSE,,1,PMS_FEB_2025.xlsx,,Fuel February 2025,34,2,B34
2025-02-01,2024-02-01,STATE,Sokoto,Sokoto,Sokoto,North West,FALSE,681.428571428571,NGN per litre,2024-02-01,FALSE,,1,PMS_FEB_2025.xlsx,,Fuel February 2025,35,2,B35
2025-02-01,2024-02-01,STATE,Taraba,Taraba,Taraba,North East,FALSE,710.56,NGN per litre,2024-02-01,FALSE,,1,PMS_FEB_2025.xlsx,,Fuel February 2025,36,2,B36
2025-02-01,2024-02-01,STATE,Yobe,Yobe,Yobe,North East,FALSE,688.2,NGN per litre,2024-02-01,FALSE,,1,PMS_FEB_2025.xlsx,,Fuel February 2025,37,2,B37
2025-02-01,2024-02-01,STATE,Zamfara,Zamfara,Zamfara,North West,FALSE,750.43,NGN per litre,2024-02-01,FALSE,,1,PMS_FEB_2025.xlsx,,Fuel February 2025,38,2,B38
2025-02-01,2024-02-01,NATIONAL,Nigeria,AVERAGE,,,TRUE,679.36448345666,NGN per litre,2024-02-01,FALSE,,1,PMS_FEB_2025.xlsx,,Fuel February 2025,39,2,B39
2025-02-01,2025-01-01,STATE,Abia,Abia,Abia,South East,FALSE,1308.2604734,NGN per litre,2025-01-01,FALSE,,1,PMS_FEB_2025.xlsx,,Fuel February 2025,2,3,C2
2025-02-01,2025-01-01,STATE,Abuja,Abuja,Abuja,North Central,FALSE,1182,NGN per litre,2025-01-01,FALSE,,1,PMS_FEB_2025.xlsx,,Fuel February 2025,3,3,C3
2025-02-01,2025-01-01,STATE,Adamawa,Adamawa,Adamawa,North East,FALSE,1350,NGN per litre,2025-01-01,FALSE,,1,PMS_FEB_2025.xlsx,,Fuel February 2025,4,3,C4
2025-02-01,2025-01-01,STATE,Akwa Ibom,Akwa Ibom,Akwa Ibom,South South,FALSE,1287.5,NGN per litre,2025-01-01,FALSE,,1,PMS_FEB_2025.xlsx,,Fuel February 2025,5,3,C5
2025-02-01,2025-01-01,STATE,Anambra,Anambra,Anambra,South East,FALSE,1080,NGN per litre,2025-01-01,FALSE,,1,PMS_FEB_2025.xlsx,,Fuel February 2025,6,3,C6
2025-02-01,2025-01-01,STATE,Bauchi,Bauchi,Bauchi,North East,FALSE,1225,NGN per litre,2025-01-01,FALSE,,1,PMS_FEB_2025.xlsx,,Fuel February 2025,7,3,C7
2025-02-01,2025-01-01,STATE,Bayelsa,Bayelsa,Bayelsa,South South,FALSE,1000,NGN per litre,2025-01-01,FALSE,,1,PMS_FEB_2025.xlsx,,Fuel February 2025,8,3,C8
2025-02-01,2025-01-01,STATE,Benue,Benue,Benue,North Central,FALSE,1411.11111111111,NGN per litre,2025-01-01,FALSE,,1,PMS_FEB_2025.xlsx,,Fuel February 2025,9,3,C9
2025-02-01,2025-01-01,STATE,Borno,Borno,Borno,North East,FALSE,1066.66666666667,NGN per litre,2025-01-01,FALSE,,1,PMS_FEB_2025.xlsx,,Fuel February 2025,10,3,C10
2025-02-01,2025-01-01,STATE,Cross River,Cross River,Cross River,South South,FALSE,1483.33333333333,NGN per litre,2025-01-01,FALSE,,1,PMS_FEB_2025.xlsx,,Fuel February 2025,11,3,C11
2025-02-01,2025-01-01,STATE,Delta,Delta,Delta,South South,FALSE,1364.28571428571,NGN per litre,2025-01-01,FALSE,,1,PMS_FEB_2025.xlsx,,Fuel February 2025,12,3,C12
2025-02-01,2025-01-01,STATE,Ebonyi,Ebonyi,Ebonyi,South East,FALSE,1133.33333333333,NGN per litre,2025-01-01,FALSE,,1,PMS_FEB_2025.xlsx,,Fuel February 2025,13,3,C13
2025-02-01,2025-01-01,STATE,Edo,Edo,Edo,South South,FALSE,1146,NGN per litre,2025-01-01,FALSE,,1,PMS_FEB_2025.xlsx,,Fuel February 2025,14,3,C14
2025-02-01,2025-01-01,STATE,Ekiti,Ekiti,Ekiti,South West,FALSE,1180,NGN per litre,2025-01-01,FALSE,,1,PMS_FEB_2025.xlsx,,Fuel February 2025,15,3,C15
2025-02-01,2025-01-01,STATE,Enugu,Enugu,Enugu,South East,FALSE,1433.33333333333,NGN per litre,2025-01-01,FALSE,,1,PMS_FEB_2025.xlsx,,Fuel February 2025,16,3,C16
2025-02-01,2025-01-01,STATE,Gombe,Gombe,Gombe,North East,FALSE,1090,NGN per litre,2025-01-01,FALSE,,1,PMS_FEB_2025.xlsx,,Fuel February 2025,17,3,C17
2025-02-01,2025-01-01,STATE,Imo,Imo,Imo,South East,FALSE,1466.66666666667,NGN per litre,2025-01-01,FALSE,,1,PMS_FEB_2025.xlsx,,Fuel February 2025,18,3,C18
2025-02-01,2025-01-01,STATE,Jigawa,Jigawa,Jigawa,North West,FALSE,1530,NGN per litre,2025-01-01,FALSE,,1,PMS_FEB_2025.xlsx,,Fuel February 2025,19,3,C19
2025-02-01,2025-01-01,STATE,Kaduna,Kaduna,Kaduna,North West,FALSE,1638.33333333333,NGN per litre,2025-01-01,FALSE,,1,PMS_FEB_2025.xlsx,,Fuel February 2025,20,3,C20
2025-02-01,2025-01-01,STATE,Kano,Kano,Kano,North West,FALSE,1541.66666666667,NGN per litre,2025-01-01,FALSE,,1,PMS_FEB_2025.xlsx,,Fuel February 2025,21,3,C21
2025-02-01,2025-01-01,STATE,Katsina,Katsina,Katsina,North West,FALSE,1469.4444445,NGN per litre,2025-01-01,FALSE,,1,PMS_FEB_2025.xlsx,,Fuel February 2025,22,3,C22
2025-02-01,2025-01-01,STATE,Kebbi,Kebbi,Kebbi,North West,FALSE,1090,NGN per litre,2025-01-01,FALSE,,1,PMS_FEB_2025.xlsx,,Fuel February 2025,23,3,C23
2025-02-01,2025-01-01,STATE,Kogi,Kogi,Kogi,North Central,FALSE,1114.28571428571,NGN per litre,2025-01-01,FALSE,,1,PMS_FEB_2025.xlsx,,Fuel February 2025,24,3,C24
2025-02-01,2025-01-01,STATE,Kwara,Kwara,Kwara,North Central,FALSE,1171.996855,NGN per litre,2025-01-01,FALSE,,1,PMS_FEB_2025.xlsx,,Fuel February 2025,25,3,C25
2025-02-01,2025-01-01,STATE,Lagos,Lagos,Lagos,South West,FALSE,1122.22222222222,NGN per litre,2025-01-01,FALSE,,1,PMS_FEB_2025.xlsx,,Fuel February 2025,26,3,C26
2025-02-01,2025-01-01,STATE,Nasarawa,Nassarawa,Nasarawa,North Central,FALSE,1302.257815,NGN per litre,2025-01-01,FALSE,,1,PMS_FEB_2025.xlsx,,Fuel February 2025,27,3,C27
2025-02-01,2025-01-01,STATE,Niger,Niger,Niger,North Central,FALSE,1386.686215,NGN per litre,2025-01-01,FALSE,,1,PMS_FEB_2025.xlsx,,Fuel February 2025,28,3,C28
2025-02-01,2025-01-01,STATE,Ogun,Ogun,Ogun,South West,FALSE,1141.66666666667,NGN per litre,2025-01-01,FALSE,,1,PMS_FEB_2025.xlsx,,Fuel February 2025,29,3,C29
2025-02-01,2025-01-01,STATE,Ondo,Ondo,Ondo,South West,FALSE,1141.7,NGN per litre,2025-01-01,FALSE,,1,PMS_FEB_2025.xlsx,,Fuel February 2025,30,3,C30
2025-02-01,2025-01-01,STATE,Osun,Osun,Osun,South West,FALSE,950,NGN per litre,2025-01-01,FALSE,,1,PMS_FEB_2025.xlsx,,Fuel February 2025,31,3,C31
2025-02-01,2025-01-01,STATE,Oyo,Oyo,Oyo,South West,FALSE,1015,NGN per litre,2025-01-01,FALSE,,1,PMS_FEB_2025.xlsx,,Fuel February 2025,32,3,C32
2025-02-01,2025-01-01,STATE,Plateau,Plateau,Plateau,North Central,FALSE,1446.992215,NGN per litre,2025-01-01,FALSE,,1,PMS_FEB_2025.xlsx,,Fuel February 2025,33,3,C33
2025-02-01,2025-01-01,STATE,Rivers,Rivers,Rivers,South South,FALSE,1308.88888888889,NGN per litre,2025-01-01,FALSE,,1,PMS_FEB_2025.xlsx,,Fuel February 2025,34,3,C34
2025-02-01,2025-01-01,STATE,Sokoto,Sokoto,Sokoto,North West,FALSE,1330,NGN per litre,2025-01-01,FALSE,,1,PMS_FEB_2025.xlsx,,Fuel February 2025,35,3,C35
2025-02-01,2025-01-01,STATE,Taraba,Taraba,Taraba,North East,FALSE,1433.33333333333,NGN per litre,2025-01-01,FALSE,,1,PMS_FEB_2025.xlsx,,Fuel February 2025,36,3,C36
2025-02-01,2025-01-01,STATE,Yobe,Yobe,Yobe,North East,FALSE,1112.5,NGN per litre,2025-01-01,FALSE,,1,PMS_FEB_2025.xlsx,,Fuel February 2025,37,3,C37
2025-02-01,2025-01-01,STATE,Zamfara,Zamfara,Zamfara,North West,FALSE,1104.28571428571,NGN per litre,2025-01-01,FALSE,,1,PMS_FEB_2025.xlsx,,Fuel February 2025,38,3,C38
2025-02-01,2025-01-01,NATIONAL,Nigeria,AVERAGE,,,TRUE,1258.3446139544,NGN per litre,2025-01-01,FALSE,,1,PMS_FEB_2025.xlsx,,Fuel February 2025,39,3,C39
2025-02-01,2025-02-01,STATE,Abia,Abia,Abia,South East,FALSE,1272,NGN per litre,2025-02-01,TRUE,,1,PMS_FEB_2025.xlsx,,Fuel February 2025,2,4,D2
2025-02-01,2025-02-01,STATE,Abuja,Abuja,Abuja,North Central,FALSE,1166,NGN per litre,2025-02-01,TRUE,,1,PMS_FEB_2025.xlsx,,Fuel February 2025,3,4,D3
2025-02-01,2025-02-01,STATE,Adamawa,Adamawa,Adamawa,North East,FALSE,1400,NGN per litre,2025-02-01,TRUE,,1,PMS_FEB_2025.xlsx,,Fuel February 2025,4,4,D4
2025-02-01,2025-02-01,STATE,Akwa Ibom,Akwa Ibom,Akwa Ibom,South South,FALSE,1162.5,NGN per litre,2025-02-01,TRUE,,1,PMS_FEB_2025.xlsx,,Fuel February 2025,5,4,D5
2025-02-01,2025-02-01,STATE,Anambra,Anambra,Anambra,South East,FALSE,1021.66666666667,NGN per litre,2025-02-01,TRUE,,1,PMS_FEB_2025.xlsx,,Fuel February 2025,6,4,D6
2025-02-01,2025-02-01,STATE,Bauchi,Bauchi,Bauchi,North East,FALSE,1090,NGN per litre,2025-02-01,TRUE,,1,PMS_FEB_2025.xlsx,,Fuel February 2025,7,4,D7
2025-02-01,2025-02-01,STATE,Bayelsa,Bayelsa,Bayelsa,South South,FALSE,1000,NGN per litre,2025-02-01,TRUE,,1,PMS_FEB_2025.xlsx,,Fuel February 2025,8,4,D8
2025-02-01,2025-02-01,STATE,Benue,Benue,Benue,North Central,FALSE,1450,NGN per litre,2025-02-01,TRUE,,1,PMS_FEB_2025.xlsx,,Fuel February 2025,9,4,D9
2025-02-01,2025-02-01,STATE,Borno,Borno,Borno,North East,FALSE,1066.66666666667,NGN per litre,2025-02-01,TRUE,,1,PMS_FEB_2025.xlsx,,Fuel February 2025,10,4,D10
2025-02-01,2025-02-01,STATE,Cross River,Cross River,Cross River,South South,FALSE,1477.77777777778,NGN per litre,2025-02-01,TRUE,,1,PMS_FEB_2025.xlsx,,Fuel February 2025,11,4,D11
2025-02-01,2025-02-01,STATE,Delta,Delta,Delta,South South,FALSE,1131.42857142857,NGN per litre,2025-02-01,TRUE,,1,PMS_FEB_2025.xlsx,,Fuel February 2025,12,4,D12
2025-02-01,2025-02-01,STATE,Ebonyi,Ebonyi,Ebonyi,South East,FALSE,1140,NGN per litre,2025-02-01,TRUE,,1,PMS_FEB_2025.xlsx,,Fuel February 2025,13,4,D13
2025-02-01,2025-02-01,STATE,Edo,Edo,Edo,South South,FALSE,1280,NGN per litre,2025-02-01,TRUE,,1,PMS_FEB_2025.xlsx,,Fuel February 2025,14,4,D14
2025-02-01,2025-02-01,STATE,Ekiti,Ekiti,Ekiti,South West,FALSE,956.666666666667,NGN per litre,2025-02-01,TRUE,,1,PMS_FEB_2025.xlsx,,Fuel February 2025,15,4,D15
2025-02-01,2025-02-01,STATE,Enugu,Enugu,Enugu,South East,FALSE,1500,NGN per litre,2025-02-01,TRUE,,1,PMS_FEB_2025.xlsx,,Fuel February 2025,16,4,D16
2025-02-01,2025-02-01,STATE,Gombe,Gombe,Gombe,North East,FALSE,1093.33333333333,NGN per litre,2025-02-01,TRUE,,1,PMS_FEB_2025.xlsx,,Fuel February 2025,17,4,D17
2025-02-01,2025-02-01,STATE,Imo,Imo,Imo,South East,FALSE,1500,NGN per litre,2025-02-01,TRUE,,1,PMS_FEB_2025.xlsx,,Fuel February 2025,18,4,D18
2025-02-01,2025-02-01,STATE,Jigawa,Jigawa,Jigawa,North West,FALSE,1730,NGN per litre,2025-02-01,TRUE,,1,PMS_FEB_2025.xlsx,,Fuel February 2025,19,4,D19
2025-02-01,2025-02-01,STATE,Kaduna,Kaduna,Kaduna,North West,FALSE,1660,NGN per litre,2025-02-01,TRUE,,1,PMS_FEB_2025.xlsx,,Fuel February 2025,20,4,D20
2025-02-01,2025-02-01,STATE,Kano,Kano,Kano,North West,FALSE,1587.5,NGN per litre,2025-02-01,TRUE,,1,PMS_FEB_2025.xlsx,,Fuel February 2025,21,4,D21
2025-02-01,2025-02-01,STATE,Katsina,Katsina,Katsina,North West,FALSE,1436.11111116667,NGN per litre,2025-02-01,TRUE,,1,PMS_FEB_2025.xlsx,,Fuel February 2025,22,4,D22
2025-02-01,2025-02-01,STATE,Kebbi,Kebbi,Kebbi,North West,FALSE,1090,NGN per litre,2025-02-01,TRUE,,1,PMS_FEB_2025.xlsx,,Fuel February 2025,23,4,D23
2025-02-01,2025-02-01,STATE,Kogi,Kogi,Kogi,North Central,FALSE,1221.42857142857,NGN per litre,2025-02-01,TRUE,,1,PMS_FEB_2025.xlsx,,Fuel February 2025,24,4,D24
2025-02-01,2025-02-01,STATE,Kwara,Kwara,Kwara,North Central,FALSE,1070,NGN per litre,2025-02-01,TRUE,,1,PMS_FEB_2025.xlsx,,Fuel February 2025,25,4,D25
2025-02-01,2025-02-01,STATE,Lagos,Lagos,Lagos,South West,FALSE,975.555555555556,NGN per litre,2025-02-01,TRUE,,1,PMS_FEB_2025.xlsx,,Fuel February 2025,26,4,D26
2025-02-01,2025-02-01,STATE,Nasarawa,Nassarawa,Nasarawa,North Central,FALSE,1285.5413192,NGN per litre,2025-02-01,TRUE,,1,PMS_FEB_2025.xlsx,,Fuel February 2025,27,4,D27
2025-02-01,2025-02-01,STATE,Niger,Niger,Niger,North Central,FALSE,1386.686215,NGN per litre,2025-02-01,TRUE,,1,PMS_FEB_2025.xlsx,,Fuel February 2025,28,4,D28
2025-02-01,2025-02-01,STATE,Ogun,Ogun,Ogun,South West,FALSE,1105,NGN per litre,2025-02-01,TRUE,,1,PMS_FEB_2025.xlsx,,Fuel February 2025,29,4,D29
2025-02-01,2025-02-01,STATE,Ondo,Ondo,Ondo,South West,FALSE,1005.5571429,NGN per litre,2025-02-01,TRUE,,1,PMS_FEB_2025.xlsx,,Fuel February 2025,30,4,D30
2025-02-01,2025-02-01,STATE,Osun,Osun,Osun,South West,FALSE,972.5,NGN per litre,2025-02-01,TRUE,,1,PMS_FEB_2025.xlsx,,Fuel February 2025,31,4,D31
2025-02-01,2025-02-01,STATE,Oyo,Oyo,Oyo,South West,FALSE,956.666666666667,NGN per litre,2025-02-01,TRUE,,1,PMS_FEB_2025.xlsx,,Fuel February 2025,32,4,D32
2025-02-01,2025-02-01,STATE,Plateau,Plateau,Plateau,North Central,FALSE,1446.992215,NGN per litre,2025-02-01,TRUE,,1,PMS_FEB_2025.xlsx,,Fuel February 2025,33,4,D33
2025-02-01,2025-02-01,STATE,Rivers,Rivers,Rivers,South South,FALSE,1131.11111111111,NGN per litre,2025-02-01,TRUE,,1,PMS_FEB_2025.xlsx,,Fuel February 2025,34,4,D34
2025-02-01,2025-02-01,STATE,Sokoto,Sokoto,Sokoto,North West,FALSE,1680,NGN per litre,2025-02-01,TRUE,,1,PMS_FEB_2025.xlsx,,Fuel February 2025,35,4,D35
2025-02-01,2025-02-01,STATE,Taraba,Taraba,Taraba,North East,FALSE,1366.66666666667,NGN per litre,2025-02-01,TRUE,,1,PMS_FEB_2025.xlsx,,Fuel February 2025,36,4,D36
2025-02-01,2025-02-01,STATE,Yobe,Yobe,Yobe,North East,FALSE,1075,NGN per litre,2025-02-01,TRUE,,1,PMS_FEB_2025.xlsx,,Fuel February 2025,37,4,D37
2025-02-01,2025-02-01,STATE,Zamfara,Zamfara,Zamfara,North West,FALSE,1204.28571428571,NGN per litre,2025-02-01,TRUE,,1,PMS_FEB_2025.xlsx,,Fuel February 2025,38,4,D38
2025-02-01,2025-02-01,ZONE,North Central,North Central,,North Central,TRUE,1289.52118866122,NGN per litre,Average Price,TRUE,,1,PMS_FEB_2025.xlsx,,Fuel February 2025,3,7,G3
2025-02-01,2025-02-01,ZONE,North East,North East,,North East,TRUE,1181.94444444444,NGN per litre,Average Price,TRUE,,1,PMS_FEB_2025.xlsx,,Fuel February 2025,4,7,G4
2025-02-01,2025-02-01,ZONE,North West,North West,,North West,TRUE,1483.98526077891,NGN per litre,Average Price,TRUE,,1,PMS_FEB_2025.xlsx,,Fuel February 2025,7,7,G7
2025-02-01,2025-02-01,ZONE,South East,South East,,South East,TRUE,1286.73333333333,NGN per litre,Average Price,TRUE,,1,PMS_FEB_2025.xlsx,,Fuel February 2025,2,7,G2
2025-02-01,2025-02-01,ZONE,South South,South South,,South South,TRUE,1197.13624338624,NGN per litre,Average Price,TRUE,,1,PMS_FEB_2025.xlsx,,Fuel February 2025,5,7,G5
2025-02-01,2025-02-01,ZONE,South West,South West,,South West,TRUE,995.324338631482,NGN per litre,Average Price,TRUE,,1,PMS_FEB_2025.xlsx,,Fuel February 2025,6,7,G6
2025-02-01,2025-02-01,NATIONAL,Nigeria,AVERAGE,,,TRUE,1245.80113436542,NGN per litre,2025-02-01,TRUE,,1,PMS_FEB_2025.xlsx,,Fuel February 2025,39,4,D39
2025-03-01,2024-03-01,STATE,Abia,Abia,Abia,South East,FALSE,710.833333333333,NGN per litre,2024-03-01,FALSE,,1,PMS Report March 2025.xlsx,,Fuel March 2025,2,2,B2
2025-03-01,2024-03-01,STATE,Abuja,Abuja,Abuja,North Central,FALSE,695.6,NGN per litre,2024-03-01,FALSE,,1,PMS Report March 2025.xlsx,,Fuel March 2025,3,2,B3
2025-03-01,2024-03-01,STATE,Adamawa,Adamawa,Adamawa,North East,FALSE,735,NGN per litre,2024-03-01,FALSE,,1,PMS Report March 2025.xlsx,,Fuel March 2025,4,2,B4
2025-03-01,2024-03-01,STATE,Akwa Ibom,Akwa Ibom,Akwa Ibom,South South,FALSE,704.444444444444,NGN per litre,2024-03-01,FALSE,,1,PMS Report March 2025.xlsx,,Fuel March 2025,5,2,B5
2025-03-01,2024-03-01,STATE,Anambra,Anambra,Anambra,South East,FALSE,701.25,NGN per litre,2024-03-01,FALSE,,1,PMS Report March 2025.xlsx,,Fuel March 2025,6,2,B6
2025-03-01,2024-03-01,STATE,Bauchi,Bauchi,Bauchi,North East,FALSE,707.142857142857,NGN per litre,2024-03-01,FALSE,,1,PMS Report March 2025.xlsx,,Fuel March 2025,7,2,B7
2025-03-01,2024-03-01,STATE,Bayelsa,Bayelsa,Bayelsa,South South,FALSE,702,NGN per litre,2024-03-01,FALSE,,1,PMS Report March 2025.xlsx,,Fuel March 2025,8,2,B8
2025-03-01,2024-03-01,STATE,Benue,Benue,Benue,North Central,FALSE,700.7,NGN per litre,2024-03-01,FALSE,,1,PMS Report March 2025.xlsx,,Fuel March 2025,9,2,B9
2025-03-01,2024-03-01,STATE,Borno,Borno,Borno,North East,FALSE,721.75,NGN per litre,2024-03-01,FALSE,,1,PMS Report March 2025.xlsx,,Fuel March 2025,10,2,B10
2025-03-01,2024-03-01,STATE,Cross River,Cross River,Cross River,South South,FALSE,710,NGN per litre,2024-03-01,FALSE,,1,PMS Report March 2025.xlsx,,Fuel March 2025,11,2,B11
2025-03-01,2024-03-01,STATE,Delta,Delta,Delta,South South,FALSE,696.875,NGN per litre,2024-03-01,FALSE,,1,PMS Report March 2025.xlsx,,Fuel March 2025,12,2,B12
2025-03-01,2024-03-01,STATE,Ebonyi,Ebonyi,Ebonyi,South East,FALSE,710.714285714286,NGN per litre,2024-03-01,FALSE,,1,PMS Report March 2025.xlsx,,Fuel March 2025,13,2,B13
2025-03-01,2024-03-01,STATE,Edo,Edo,Edo,South South,FALSE,685,NGN per litre,2024-03-01,FALSE,,1,PMS Report March 2025.xlsx,,Fuel March 2025,14,2,B14
2025-03-01,2024-03-01,STATE,Ekiti,Ekiti,Ekiti,South West,FALSE,661.5625,NGN per litre,2024-03-01,FALSE,,1,PMS Report March 2025.xlsx,,Fuel March 2025,15,2,B15
2025-03-01,2024-03-01,STATE,Enugu,Enugu,Enugu,South East,FALSE,713.125,NGN per litre,2024-03-01,FALSE,,1,PMS Report March 2025.xlsx,,Fuel March 2025,16,2,B16
2025-03-01,2024-03-01,STATE,Gombe,Gombe,Gombe,North East,FALSE,719.333333333333,NGN per litre,2024-03-01,FALSE,,1,PMS Report March 2025.xlsx,,Fuel March 2025,17,2,B17
2025-03-01,2024-03-01,STATE,Imo,Imo,Imo,South East,FALSE,725.555555555556,NGN per litre,2024-03-01,FALSE,,1,PMS Report March 2025.xlsx,,Fuel March 2025,18,2,B18
2025-03-01,2024-03-01,STATE,Jigawa,Jigawa,Jigawa,North West,FALSE,708.333333333333,NGN per litre,2024-03-01,FALSE,,1,PMS Report March 2025.xlsx,,Fuel March 2025,19,2,B19
2025-03-01,2024-03-01,STATE,Kaduna,Kaduna,Kaduna,North West,FALSE,683.928571428571,NGN per litre,2024-03-01,FALSE,,1,PMS Report March 2025.xlsx,,Fuel March 2025,20,2,B20
2025-03-01,2024-03-01,STATE,Kano,Kano,Kano,North West,FALSE,685.714285714286,NGN per litre,2024-03-01,FALSE,,1,PMS Report March 2025.xlsx,,Fuel March 2025,21,2,B21
2025-03-01,2024-03-01,STATE,Katsina,Katsina,Katsina,North West,FALSE,694.166666666667,NGN per litre,2024-03-01,FALSE,,1,PMS Report March 2025.xlsx,,Fuel March 2025,22,2,B22
2025-03-01,2024-03-01,STATE,Kebbi,Kebbi,Kebbi,North West,FALSE,727.2,NGN per litre,2024-03-01,FALSE,,1,PMS Report March 2025.xlsx,,Fuel March 2025,23,2,B23
2025-03-01,2024-03-01,STATE,Kogi,Kogi,Kogi,North Central,FALSE,690.59375,NGN per litre,2024-03-01,FALSE,,1,PMS Report March 2025.xlsx,,Fuel March 2025,24,2,B24
2025-03-01,2024-03-01,STATE,Kwara,Kwara,Kwara,North Central,FALSE,665.681818181818,NGN per litre,2024-03-01,FALSE,,1,PMS Report March 2025.xlsx,,Fuel March 2025,25,2,B25
2025-03-01,2024-03-01,STATE,Lagos,Lagos,Lagos,South West,FALSE,630.75,NGN per litre,2024-03-01,FALSE,,1,PMS Report March 2025.xlsx,,Fuel March 2025,26,2,B26
2025-03-01,2024-03-01,STATE,Nasarawa,Nassarawa,Nasarawa,North Central,FALSE,700.321428571429,NGN per litre,2024-03-01,FALSE,,1,PMS Report March 2025.xlsx,,Fuel March 2025,27,2,B27
2025-03-01,2024-03-01,STATE,Niger,Niger,Niger,North Central,FALSE,657.153846153846,NGN per litre,2024-03-01,FALSE,,1,PMS Report March 2025.xlsx,,Fuel March 2025,28,2,B28
2025-03-01,2024-03-01,STATE,Ogun,Ogun,Ogun,South West,FALSE,651.25,NGN per litre,2024-03-01,FALSE,,1,PMS Report March 2025.xlsx,,Fuel March 2025,29,2,B29
2025-03-01,2024-03-01,STATE,Ondo,Ondo,Ondo,South West,FALSE,663.846153846154,NGN per litre,2024-03-01,FALSE,,1,PMS Report March 2025.xlsx,,Fuel March 2025,30,2,B30
2025-03-01,2024-03-01,STATE,Osun,Osun,Osun,South West,FALSE,672.142857142857,NGN per litre,2024-03-01,FALSE,,1,PMS Report March 2025.xlsx,,Fuel March 2025,31,2,B31
2025-03-01,2024-03-01,STATE,Oyo,Oyo,Oyo,South West,FALSE,645.882352941176,NGN per litre,2024-03-01,FALSE,,1,PMS Report March 2025.xlsx,,Fuel March 2025,32,2,B32
2025-03-01,2024-03-01,STATE,Plateau,Plateau,Plateau,North Central,FALSE,662.268753051758,NGN per litre,2024-03-01,FALSE,,1,PMS Report March 2025.xlsx,,Fuel March 2025,33,2,B33
2025-03-01,2024-03-01,STATE,Rivers,Rivers,Rivers,South South,FALSE,710.909090909091,NGN per litre,2024-03-01,FALSE,,1,PMS Report March 2025.xlsx,,Fuel March 2025,34,2,B34
2025-03-01,2024-03-01,STATE,Sokoto,Sokoto,Sokoto,North West,FALSE,715,NGN per litre,2024-03-01,FALSE,,1,PMS Report March 2025.xlsx,,Fuel March 2025,35,2,B35
2025-03-01,2024-03-01,STATE,Taraba,Taraba,Taraba,North East,FALSE,761.918634588068,NGN per litre,2024-03-01,FALSE,,1,PMS Report March 2025.xlsx,,Fuel March 2025,36,2,B36
2025-03-01,2024-03-01,STATE,Yobe,Yobe,Yobe,North East,FALSE,749.088628595526,NGN per litre,2024-03-01,FALSE,,1,PMS Report March 2025.xlsx,,Fuel March 2025,37,2,B37
2025-03-01,2024-03-01,STATE,Zamfara,Zamfara,Zamfara,North West,FALSE,704.090909090909,NGN per litre,2024-03-01,FALSE,,1,PMS Report March 2025.xlsx,,Fuel March 2025,38,2,B38
2025-03-01,2024-03-01,NATIONAL,Nigeria,AVERAGE,,,TRUE,696.787226749711,NGN per litre,2024-03-01,FALSE,,1,PMS Report March 2025.xlsx,,Fuel March 2025,39,2,B39
2025-03-01,2025-02-01,STATE,Abia,Abia,Abia,South East,FALSE,1272,NGN per litre,2025-02-01,FALSE,,1,PMS Report March 2025.xlsx,,Fuel March 2025,2,3,C2
2025-03-01,2025-02-01,STATE,Abuja,Abuja,Abuja,North Central,FALSE,1166,NGN per litre,2025-02-01,FALSE,,1,PMS Report March 2025.xlsx,,Fuel March 2025,3,3,C3
2025-03-01,2025-02-01,STATE,Adamawa,Adamawa,Adamawa,North East,FALSE,1400,NGN per litre,2025-02-01,FALSE,,1,PMS Report March 2025.xlsx,,Fuel March 2025,4,3,C4
2025-03-01,2025-02-01,STATE,Akwa Ibom,Akwa Ibom,Akwa Ibom,South South,FALSE,1162.5,NGN per litre,2025-02-01,FALSE,,1,PMS Report March 2025.xlsx,,Fuel March 2025,5,3,C5
2025-03-01,2025-02-01,STATE,Anambra,Anambra,Anambra,South East,FALSE,1021.66666666667,NGN per litre,2025-02-01,FALSE,,1,PMS Report March 2025.xlsx,,Fuel March 2025,6,3,C6
2025-03-01,2025-02-01,STATE,Bauchi,Bauchi,Bauchi,North East,FALSE,1090,NGN per litre,2025-02-01,FALSE,,1,PMS Report March 2025.xlsx,,Fuel March 2025,7,3,C7
2025-03-01,2025-02-01,STATE,Bayelsa,Bayelsa,Bayelsa,South South,FALSE,1000,NGN per litre,2025-02-01,FALSE,,1,PMS Report March 2025.xlsx,,Fuel March 2025,8,3,C8
2025-03-01,2025-02-01,STATE,Benue,Benue,Benue,North Central,FALSE,1450,NGN per litre,2025-02-01,FALSE,,1,PMS Report March 2025.xlsx,,Fuel March 2025,9,3,C9
2025-03-01,2025-02-01,STATE,Borno,Borno,Borno,North East,FALSE,1066.66666666667,NGN per litre,2025-02-01,FALSE,,1,PMS Report March 2025.xlsx,,Fuel March 2025,10,3,C10
2025-03-01,2025-02-01,STATE,Cross River,Cross River,Cross River,South South,FALSE,1477.77777777778,NGN per litre,2025-02-01,FALSE,,1,PMS Report March 2025.xlsx,,Fuel March 2025,11,3,C11
2025-03-01,2025-02-01,STATE,Delta,Delta,Delta,South South,FALSE,1131.42857142857,NGN per litre,2025-02-01,FALSE,,1,PMS Report March 2025.xlsx,,Fuel March 2025,12,3,C12
2025-03-01,2025-02-01,STATE,Ebonyi,Ebonyi,Ebonyi,South East,FALSE,1140,NGN per litre,2025-02-01,FALSE,,1,PMS Report March 2025.xlsx,,Fuel March 2025,13,3,C13
2025-03-01,2025-02-01,STATE,Edo,Edo,Edo,South South,FALSE,1280,NGN per litre,2025-02-01,FALSE,,1,PMS Report March 2025.xlsx,,Fuel March 2025,14,3,C14
2025-03-01,2025-02-01,STATE,Ekiti,Ekiti,Ekiti,South West,FALSE,956.666666666667,NGN per litre,2025-02-01,FALSE,,1,PMS Report March 2025.xlsx,,Fuel March 2025,15,3,C15
2025-03-01,2025-02-01,STATE,Enugu,Enugu,Enugu,South East,FALSE,1500,NGN per litre,2025-02-01,FALSE,,1,PMS Report March 2025.xlsx,,Fuel March 2025,16,3,C16
2025-03-01,2025-02-01,STATE,Gombe,Gombe,Gombe,North East,FALSE,1093.33333333333,NGN per litre,2025-02-01,FALSE,,1,PMS Report March 2025.xlsx,,Fuel March 2025,17,3,C17
2025-03-01,2025-02-01,STATE,Imo,Imo,Imo,South East,FALSE,1500,NGN per litre,2025-02-01,FALSE,,1,PMS Report March 2025.xlsx,,Fuel March 2025,18,3,C18
2025-03-01,2025-02-01,STATE,Jigawa,Jigawa,Jigawa,North West,FALSE,1730,NGN per litre,2025-02-01,FALSE,,1,PMS Report March 2025.xlsx,,Fuel March 2025,19,3,C19
2025-03-01,2025-02-01,STATE,Kaduna,Kaduna,Kaduna,North West,FALSE,1660,NGN per litre,2025-02-01,FALSE,,1,PMS Report March 2025.xlsx,,Fuel March 2025,20,3,C20
2025-03-01,2025-02-01,STATE,Kano,Kano,Kano,North West,FALSE,1587.5,NGN per litre,2025-02-01,FALSE,,1,PMS Report March 2025.xlsx,,Fuel March 2025,21,3,C21
2025-03-01,2025-02-01,STATE,Katsina,Katsina,Katsina,North West,FALSE,1436.11111116667,NGN per litre,2025-02-01,FALSE,,1,PMS Report March 2025.xlsx,,Fuel March 2025,22,3,C22
2025-03-01,2025-02-01,STATE,Kebbi,Kebbi,Kebbi,North West,FALSE,1090,NGN per litre,2025-02-01,FALSE,,1,PMS Report March 2025.xlsx,,Fuel March 2025,23,3,C23
2025-03-01,2025-02-01,STATE,Kogi,Kogi,Kogi,North Central,FALSE,1221.42857142857,NGN per litre,2025-02-01,FALSE,,1,PMS Report March 2025.xlsx,,Fuel March 2025,24,3,C24
2025-03-01,2025-02-01,STATE,Kwara,Kwara,Kwara,North Central,FALSE,1070,NGN per litre,2025-02-01,FALSE,,1,PMS Report March 2025.xlsx,,Fuel March 2025,25,3,C25
2025-03-01,2025-02-01,STATE,Lagos,Lagos,Lagos,South West,FALSE,975.555555555556,NGN per litre,2025-02-01,FALSE,,1,PMS Report March 2025.xlsx,,Fuel March 2025,26,3,C26
2025-03-01,2025-02-01,STATE,Nasarawa,Nassarawa,Nasarawa,North Central,FALSE,1285.5413192,NGN per litre,2025-02-01,FALSE,,1,PMS Report March 2025.xlsx,,Fuel March 2025,27,3,C27
2025-03-01,2025-02-01,STATE,Niger,Niger,Niger,North Central,FALSE,1386.686215,NGN per litre,2025-02-01,FALSE,,1,PMS Report March 2025.xlsx,,Fuel March 2025,28,3,C28
2025-03-01,2025-02-01,STATE,Ogun,Ogun,Ogun,South West,FALSE,1105,NGN per litre,2025-02-01,FALSE,,1,PMS Report March 2025.xlsx,,Fuel March 2025,29,3,C29
2025-03-01,2025-02-01,STATE,Ondo,Ondo,Ondo,South West,FALSE,1005.5571429,NGN per litre,2025-02-01,FALSE,,1,PMS Report March 2025.xlsx,,Fuel March 2025,30,3,C30
2025-03-01,2025-02-01,STATE,Osun,Osun,Osun,South West,FALSE,972.5,NGN per litre,2025-02-01,FALSE,,1,PMS Report March 2025.xlsx,,Fuel March 2025,31,3,C31
2025-03-01,2025-02-01,STATE,Oyo,Oyo,Oyo,South West,FALSE,956.666666666667,NGN per litre,2025-02-01,FALSE,,1,PMS Report March 2025.xlsx,,Fuel March 2025,32,3,C32
2025-03-01,2025-02-01,STATE,Plateau,Plateau,Plateau,North Central,FALSE,1446.992215,NGN per litre,2025-02-01,FALSE,,1,PMS Report March 2025.xlsx,,Fuel March 2025,33,3,C33
2025-03-01,2025-02-01,STATE,Rivers,Rivers,Rivers,South South,FALSE,1131.11111111111,NGN per litre,2025-02-01,FALSE,,1,PMS Report March 2025.xlsx,,Fuel March 2025,34,3,C34
2025-03-01,2025-02-01,STATE,Sokoto,Sokoto,Sokoto,North West,FALSE,1680,NGN per litre,2025-02-01,FALSE,,1,PMS Report March 2025.xlsx,,Fuel March 2025,35,3,C35
2025-03-01,2025-02-01,STATE,Taraba,Taraba,Taraba,North East,FALSE,1366.66666666667,NGN per litre,2025-02-01,FALSE,,1,PMS Report March 2025.xlsx,,Fuel March 2025,36,3,C36
2025-03-01,2025-02-01,STATE,Yobe,Yobe,Yobe,North East,FALSE,1075,NGN per litre,2025-02-01,FALSE,,1,PMS Report March 2025.xlsx,,Fuel March 2025,37,3,C37
2025-03-01,2025-02-01,STATE,Zamfara,Zamfara,Zamfara,North West,FALSE,1204.28571428571,NGN per litre,2025-02-01,FALSE,,1,PMS Report March 2025.xlsx,,Fuel March 2025,38,3,C38
2025-03-01,2025-02-01,NATIONAL,Nigeria,AVERAGE,,,TRUE,1245.80113436542,NGN per litre,2025-02-01,FALSE,,1,PMS Report March 2025.xlsx,,Fuel March 2025,39,3,C39
2025-03-01,2025-03-01,STATE,Abia,Abia,Abia,South East,FALSE,1305,NGN per litre,2025-03-01,TRUE,,1,PMS Report March 2025.xlsx,,Fuel March 2025,2,4,D2
2025-03-01,2025-03-01,STATE,Abuja,Abuja,Abuja,North Central,FALSE,1149.4146,NGN per litre,2025-03-01,TRUE,,1,PMS Report March 2025.xlsx,,Fuel March 2025,3,4,D3
2025-03-01,2025-03-01,STATE,Adamawa,Adamawa,Adamawa,North East,FALSE,1400,NGN per litre,2025-03-01,TRUE,,1,PMS Report March 2025.xlsx,,Fuel March 2025,4,4,D4
2025-03-01,2025-03-01,STATE,Akwa Ibom,Akwa Ibom,Akwa Ibom,South South,FALSE,1184.05625,NGN per litre,2025-03-01,TRUE,,1,PMS Report March 2025.xlsx,,Fuel March 2025,5,4,D5
2025-03-01,2025-03-01,STATE,Anambra,Anambra,Anambra,South East,FALSE,1142.44883333333,NGN per litre,2025-03-01,TRUE,,1,PMS Report March 2025.xlsx,,Fuel March 2025,6,4,D6
2025-03-01,2025-03-01,STATE,Bauchi,Bauchi,Bauchi,North East,FALSE,1125.549,NGN per litre,2025-03-01,TRUE,,1,PMS Report March 2025.xlsx,,Fuel March 2025,7,4,D7
2025-03-01,2025-03-01,STATE,Bayelsa,Bayelsa,Bayelsa,South South,FALSE,1000,NGN per litre,2025-03-01,TRUE,,1,PMS Report March 2025.xlsx,,Fuel March 2025,8,4,D8
2025-03-01,2025-03-01,STATE,Benue,Benue,Benue,North Central,FALSE,1451.69333333333,NGN per litre,2025-03-01,TRUE,,1,PMS Report March 2025.xlsx,,Fuel March 2025,9,4,D9
2025-03-01,2025-03-01,STATE,Borno,Borno,Borno,North East,FALSE,1138.7,NGN per litre,2025-03-01,TRUE,,1,PMS Report March 2025.xlsx,,Fuel March 2025,10,4,D10
2025-03-01,2025-03-01,STATE,Cross River,Cross River,Cross River,South South,FALSE,1563.86388888889,NGN per litre,2025-03-01,TRUE,,1,PMS Report March 2025.xlsx,,Fuel March 2025,11,4,D11
2025-03-01,2025-03-01,STATE,Delta,Delta,Delta,South South,FALSE,1175.93028571429,NGN per litre,2025-03-01,TRUE,,1,PMS Report March 2025.xlsx,,Fuel March 2025,12,4,D12
2025-03-01,2025-03-01,STATE,Ebonyi,Ebonyi,Ebonyi,South East,FALSE,1186.354,NGN per litre,2025-03-01,TRUE,,1,PMS Report March 2025.xlsx,,Fuel March 2025,13,4,D13
2025-03-01,2025-03-01,STATE,Edo,Edo,Edo,South South,FALSE,1256.608,NGN per litre,2025-03-01,TRUE,,1,PMS Report March 2025.xlsx,,Fuel March 2025,14,4,D14
2025-03-01,2025-03-01,STATE,Ekiti,Ekiti,Ekiti,South West,FALSE,963.40233333333,NGN per litre,2025-03-01,TRUE,,1,PMS Report March 2025.xlsx,,Fuel March 2025,15,4,D15
2025-03-01,2025-03-01,STATE,Enugu,Enugu,Enugu,South East,FALSE,1500,NGN per litre,2025-03-01,TRUE,,1,PMS Report March 2025.xlsx,,Fuel March 2025,16,4,D16
2025-03-01,2025-03-01,STATE,Gombe,Gombe,Gombe,North East,FALSE,1155.40833333333,NGN per litre,2025-03-01,TRUE,,1,PMS Report March 2025.xlsx,,Fuel March 2025,17,4,D17
2025-03-01,2025-03-01,STATE,Imo,Imo,Imo,South East,FALSE,1524.15,NGN per litre,2025-03-01,TRUE,,1,PMS Report March 2025.xlsx,,Fuel March 2025,18,4,D18
2025-03-01,2025-03-01,STATE,Jigawa,Jigawa,Jigawa,North West,FALSE,1700,NGN per litre,2025-03-01,TRUE,,1,PMS Report March 2025.xlsx,,Fuel March 2025,19,4,D19
2025-03-01,2025-03-01,STATE,Kaduna,Kaduna,Kaduna,North West,FALSE,1650,NGN per litre,2025-03-01,TRUE,,1,PMS Report March 2025.xlsx,,Fuel March 2025,20,4,D20
2025-03-01,2025-03-01,STATE,Kano,Kano,Kano,North West,FALSE,1530.55875,NGN per litre,2025-03-01,TRUE,,1,PMS Report March 2025.xlsx,,Fuel March 2025,21,4,D21
2025-03-01,2025-03-01,STATE,Katsina,Katsina,Katsina,North West,FALSE,1474.42138895645,NGN per litre,2025-03-01,TRUE,,1,PMS Report March 2025.xlsx,,Fuel March 2025,22,4,D22
2025-03-01,2025-03-01,STATE,Kebbi,Kebbi,Kebbi,North West,FALSE,1125.549,NGN per litre,2025-03-01,TRUE,,1,PMS Report March 2025.xlsx,,Fuel March 2025,23,4,D23
2025-03-01,2025-03-01,STATE,Kogi,Kogi,Kogi,North Central,FALSE,1298.93928571429,NGN per litre,2025-03-01,TRUE,,1,PMS Report March 2025.xlsx,,Fuel March 2025,24,4,D24
2025-03-01,2025-03-01,STATE,Kwara,Kwara,Kwara,North Central,FALSE,1106.143,NGN per litre,2025-03-01,TRUE,,1,PMS Report March 2025.xlsx,,Fuel March 2025,25,4,D25
2025-03-01,2025-03-01,STATE,Lagos,Lagos,Lagos,South West,FALSE,975,NGN per litre,2025-03-01,TRUE,,1,PMS Report March 2025.xlsx,,Fuel March 2025,26,4,D26
2025-03-01,2025-03-01,STATE,Nasarawa,Nassarawa,Nasarawa,North Central,FALSE,1238.21246722192,NGN per litre,2025-03-01,TRUE,,1,PMS Report March 2025.xlsx,,Fuel March 2025,27,4,D27
2025-03-01,2025-03-01,STATE,Niger,Niger,Niger,North Central,FALSE,1309,NGN per litre,2025-03-01,TRUE,,1,PMS Report March 2025.xlsx,,Fuel March 2025,28,4,D28
2025-03-01,2025-03-01,STATE,Ogun,Ogun,Ogun,South West,FALSE,1143.7905,NGN per litre,2025-03-01,TRUE,,1,PMS Report March 2025.xlsx,,Fuel March 2025,29,4,D29
2025-03-01,2025-03-01,STATE,Ondo,Ondo,Ondo,South West,FALSE,1099.6581629,NGN per litre,2025-03-01,TRUE,,1,PMS Report March 2025.xlsx,,Fuel March 2025,30,4,D30
2025-03-01,2025-03-01,STATE,Osun,Osun,Osun,South West,FALSE,980,NGN per litre,2025-03-01,TRUE,,1,PMS Report March 2025.xlsx,,Fuel March 2025,31,4,D31
2025-03-01,2025-03-01,STATE,Oyo,Oyo,Oyo,South West,FALSE,982,NGN per litre,2025-03-01,TRUE,,1,PMS Report March 2025.xlsx,,Fuel March 2025,32,4,D32
2025-03-01,2025-03-01,STATE,Plateau,Plateau,Plateau,North Central,FALSE,1450.79818627383,NGN per litre,2025-03-01,TRUE,,1,PMS Report March 2025.xlsx,,Fuel March 2025,33,4,D33
2025-03-01,2025-03-01,STATE,Rivers,Rivers,Rivers,South South,FALSE,1175.54422222222,NGN per litre,2025-03-01,TRUE,,1,PMS Report March 2025.xlsx,,Fuel March 2025,34,4,D34
2025-03-01,2025-03-01,STATE,Sokoto,Sokoto,Sokoto,North West,FALSE,1550,NGN per litre,2025-03-01,TRUE,,1,PMS Report March 2025.xlsx,,Fuel March 2025,35,4,D35
2025-03-01,2025-03-01,STATE,Taraba,Taraba,Taraba,North East,FALSE,1353.95333333333,NGN per litre,2025-03-01,TRUE,,1,PMS Report March 2025.xlsx,,Fuel March 2025,36,4,D36
2025-03-01,2025-03-01,STATE,Yobe,Yobe,Yobe,North East,FALSE,1114.114375,NGN per litre,2025-03-01,TRUE,,1,PMS Report March 2025.xlsx,,Fuel March 2025,37,4,D37
2025-03-01,2025-03-01,STATE,Zamfara,Zamfara,Zamfara,North West,FALSE,1200.63185714286,NGN per litre,2025-03-01,TRUE,,1,PMS Report March 2025.xlsx,,Fuel March 2025,38,4,D38
2025-03-01,2025-03-01,ZONE,North Central,North Central,,North Central,TRUE,1286.31441036334,NGN per litre,Average Price,TRUE,,1,PMS Report March 2025.xlsx,,Fuel March 2025,3,7,G3
2025-03-01,2025-03-01,ZONE,North East,North East,,North East,TRUE,1214.62084027778,NGN per litre,Average Price,TRUE,,1,PMS Report March 2025.xlsx,,Fuel March 2025,4,7,G4
2025-03-01,2025-03-01,ZONE,North West,North West,,North West,TRUE,1461.59442801419,NGN per litre,Average Price,TRUE,,1,PMS Report March 2025.xlsx,,Fuel March 2025,7,7,G7
2025-03-01,2025-03-01,ZONE,South East,South East,,South East,TRUE,1331.59056666667,NGN per litre,Average Price,TRUE,,1,PMS Report March 2025.xlsx,,Fuel March 2025,2,7,G2
2025-03-01,2025-03-01,ZONE,South South,South South,,South South,TRUE,1226.00044113757,NGN per litre,Average Price,TRUE,,1,PMS Report March 2025.xlsx,,Fuel March 2025,5,7,G5
2025-03-01,2025-03-01,ZONE,South West,South West,,South West,TRUE,1023.97516603889,NGN per litre,Average Price,TRUE,,1,PMS Report March 2025.xlsx,,Fuel March 2025,6,7,G6
2025-03-01,2025-03-01,NATIONAL,Nigeria,AVERAGE,,,TRUE,1261.64576720815,NGN per litre,2025-03-01,TRUE,,1,PMS Report March 2025.xlsx,,Fuel March 2025,39,4,D39
2025-04-01,2024-04-01,STATE,Abia,Abia,Abia,South East,FALSE,706,NGN per litre,2024-04-01,FALSE,,1,Fuel_Report_April_2025.xlsx,,Fuel April 2025,2,2,B2
2025-04-01,2024-04-01,STATE,Abuja,Abuja,Abuja,North Central,FALSE,670,NGN per litre,2024-04-01,FALSE,,1,Fuel_Report_April_2025.xlsx,,Fuel April 2025,3,2,B3
2025-04-01,2024-04-01,STATE,Adamawa,Adamawa,Adamawa,North East,FALSE,741.6666666666666,NGN per litre,2024-04-01,FALSE,,1,Fuel_Report_April_2025.xlsx,,Fuel April 2025,4,2,B4
2025-04-01,2024-04-01,STATE,Akwa Ibom,Akwa Ibom,Akwa Ibom,South South,FALSE,692.5,NGN per litre,2024-04-01,FALSE,,1,Fuel_Report_April_2025.xlsx,,Fuel April 2025,5,2,B5
2025-04-01,2024-04-01,STATE,Anambra,Anambra,Anambra,South East,FALSE,707.8571428571429,NGN per litre,2024-04-01,FALSE,,1,Fuel_Report_April_2025.xlsx,,Fuel April 2025,6,2,B6
2025-04-01,2024-04-01,STATE,Bauchi,Bauchi,Bauchi,North East,FALSE,718.75,NGN per litre,2024-04-01,FALSE,,1,Fuel_Report_April_2025.xlsx,,Fuel April 2025,7,2,B7
2025-04-01,2024-04-01,STATE,Bayelsa,Bayelsa,Bayelsa,South South,FALSE,689,NGN per litre,2024-04-01,FALSE,,1,Fuel_Report_April_2025.xlsx,,Fuel April 2025,8,2,B8
2025-04-01,2024-04-01,STATE,Benue,Benue,Benue,North Central,FALSE,713.6363636363636,NGN per litre,2024-04-01,FALSE,,1,Fuel_Report_April_2025.xlsx,,Fuel April 2025,9,2,B9
2025-04-01,2024-04-01,STATE,Borno,Borno,Borno,North East,FALSE,743.9090909090909,NGN per litre,2024-04-01,FALSE,,1,Fuel_Report_April_2025.xlsx,,Fuel April 2025,10,2,B10
2025-04-01,2024-04-01,STATE,Cross River,Cross River,Cross River,South South,FALSE,682.7777777777778,NGN per litre,2024-04-01,FALSE,,1,Fuel_Report_April_2025.xlsx,,Fuel April 2025,11,2,B11
2025-04-01,2024-04-01,STATE,Delta,Delta,Delta,South South,FALSE,688.75,NGN per litre,2024-04-01,FALSE,,1,Fuel_Report_April_2025.xlsx,,Fuel April 2025,12,2,B12
2025-04-01,2024-04-01,STATE,Ebonyi,Ebonyi,Ebonyi,South East,FALSE,702.5,NGN per litre,2024-04-01,FALSE,,1,Fuel_Report_April_2025.xlsx,,Fuel April 2025,13,2,B13
2025-04-01,2024-04-01,STATE,Edo,Edo,Edo,South South,FALSE,691.25,NGN per litre,2024-04-01,FALSE,,1,Fuel_Report_April_2025.xlsx,,Fuel April 2025,14,2,B14
2025-04-01,2024-04-01,STATE,Ekiti,Ekiti,Ekiti,South West,FALSE,661.6666666666666,NGN per litre,2024-04-01,FALSE,,1,Fuel_Report_April_2025.xlsx,,Fuel April 2025,15,2,B15
2025-04-01,2024-04-01,STATE,Enugu,Enugu,Enugu,South East,FALSE,705.75,NGN per litre,2024-04-01,FALSE,,1,Fuel_Report_April_2025.xlsx,,Fuel April 2025,16,2,B16
2025-04-01,2024-04-01,STATE,Gombe,Gombe,Gombe,North East,FALSE,717,NGN per litre,2024-04-01,FALSE,,1,Fuel_Report_April_2025.xlsx,,Fuel April 2025,17,2,B17
2025-04-01,2024-04-01,STATE,Imo,Imo,Imo,South East,FALSE,712.7777777777778,NGN per litre,2024-04-01,FALSE,,1,Fuel_Report_April_2025.xlsx,,Fuel April 2025,18,2,B18
2025-04-01,2024-04-01,STATE,Jigawa,Jigawa,Jigawa,North West,FALSE,711.5384615384615,NGN per litre,2024-04-01,FALSE,,1,Fuel_Report_April_2025.xlsx,,Fuel April 2025,19,2,B19
2025-04-01,2024-04-01,STATE,Kaduna,Kaduna,Kaduna,North West,FALSE,699.6428571428571,NGN per litre,2024-04-01,FALSE,,1,Fuel_Report_April_2025.xlsx,,Fuel April 2025,20,2,B20
2025-04-01,2024-04-01,STATE,Kano,Kano,Kano,North West,FALSE,700,NGN per litre,2024-04-01,FALSE,,1,Fuel_Report_April_2025.xlsx,,Fuel April 2025,21,2,B21
2025-04-01,2024-04-01,STATE,Katsina,Katsina,Katsina,North West,FALSE,697.7272727272727,NGN per litre,2024-04-01,FALSE,,1,Fuel_Report_April_2025.xlsx,,Fuel April 2025,22,2,B22
2025-04-01,2024-04-01,STATE,Kebbi,Kebbi,Kebbi,North West,FALSE,722.8571428571429,NGN per litre,2024-04-01,FALSE,,1,Fuel_Report_April_2025.xlsx,,Fuel April 2025,23,2,B23
2025-04-01,2024-04-01,STATE,Kogi,Kogi,Kogi,North Central,FALSE,797.7777777777778,NGN per litre,2024-04-01,FALSE,,1,Fuel_Report_April_2025.xlsx,,Fuel April 2025,24,2,B24
2025-04-01,2024-04-01,STATE,Kwara,Kwara,Kwara,North Central,FALSE,650,NGN per litre,2024-04-01,FALSE,,1,Fuel_Report_April_2025.xlsx,,Fuel April 2025,25,2,B25
2025-04-01,2024-04-01,STATE,Lagos,Lagos,Lagos,South West,FALSE,602.55,NGN per litre,2024-04-01,FALSE,,1,Fuel_Report_April_2025.xlsx,,Fuel April 2025,26,2,B26
2025-04-01,2024-04-01,STATE,Nasarawa,Nassarawa,Nasarawa,North Central,FALSE,778.8888888888889,NGN per litre,2024-04-01,FALSE,,1,Fuel_Report_April_2025.xlsx,,Fuel April 2025,27,2,B27
2025-04-01,2024-04-01,STATE,Niger,Niger,Niger,North Central,FALSE,633.75,NGN per litre,2024-04-01,FALSE,,1,Fuel_Report_April_2025.xlsx,,Fuel April 2025,28,2,B28
2025-04-01,2024-04-01,STATE,Ogun,Ogun,Ogun,South West,FALSE,647.1428571428571,NGN per litre,2024-04-01,FALSE,,1,Fuel_Report_April_2025.xlsx,,Fuel April 2025,29,2,B29
2025-04-01,2024-04-01,STATE,Ondo,Ondo,Ondo,South West,FALSE,671.25,NGN per litre,2024-04-01,FALSE,,1,Fuel_Report_April_2025.xlsx,,Fuel April 2025,30,2,B30
2025-04-01,2024-04-01,STATE,Osun,Osun,Osun,South West,FALSE,691,NGN per litre,2024-04-01,FALSE,,1,Fuel_Report_April_2025.xlsx,,Fuel April 2025,31,2,B31
2025-04-01,2024-04-01,STATE,Oyo,Oyo,Oyo,South West,FALSE,660.3333333333334,NGN per litre,2024-04-01,FALSE,,1,Fuel_Report_April_2025.xlsx,,Fuel April 2025,32,2,B32
2025-04-01,2024-04-01,STATE,Plateau,Plateau,Plateau,North Central,FALSE,685.2857142857143,NGN per litre,2024-04-01,FALSE,,1,Fuel_Report_April_2025.xlsx,,Fuel April 2025,33,2,B33
2025-04-01,2024-04-01,STATE,Rivers,Rivers,Rivers,South South,FALSE,696,NGN per litre,2024-04-01,FALSE,,1,Fuel_Report_April_2025.xlsx,,Fuel April 2025,34,2,B34
2025-04-01,2024-04-01,STATE,Sokoto,Sokoto,Sokoto,North West,FALSE,713.3333333333334,NGN per litre,2024-04-01,FALSE,,1,Fuel_Report_April_2025.xlsx,,Fuel April 2025,35,2,B35
2025-04-01,2024-04-01,STATE,Taraba,Taraba,Taraba,North East,FALSE,751.8888888888889,NGN per litre,2024-04-01,FALSE,,1,Fuel_Report_April_2025.xlsx,,Fuel April 2025,36,2,B36
2025-04-01,2024-04-01,STATE,Yobe,Yobe,Yobe,North East,FALSE,735,NGN per litre,2024-04-01,FALSE,,1,Fuel_Report_April_2025.xlsx,,Fuel April 2025,37,2,B37
2025-04-01,2024-04-01,STATE,Zamfara,Zamfara,Zamfara,North West,FALSE,754.2857142857143,NGN per litre,2024-04-01,FALSE,,1,Fuel_Report_April_2025.xlsx,,Fuel April 2025,38,2,B38
2025-04-01,2024-04-01,NATIONAL,Nigeria,AVERAGE,,,TRUE,701.2444250944251,NGN per litre,2024-04-01,FALSE,,1,Fuel_Report_April_2025.xlsx,,Fuel April 2025,39,2,B39
2025-04-01,2025-03-01,STATE,Abia,Abia,Abia,South East,FALSE,1305,NGN per litre,2025-03-01,FALSE,,1,Fuel_Report_April_2025.xlsx,,Fuel April 2025,2,3,C2
2025-04-01,2025-03-01,STATE,Abuja,Abuja,Abuja,North Central,FALSE,1149.4146,NGN per litre,2025-03-01,FALSE,,1,Fuel_Report_April_2025.xlsx,,Fuel April 2025,3,3,C3
2025-04-01,2025-03-01,STATE,Adamawa,Adamawa,Adamawa,North East,FALSE,1400,NGN per litre,2025-03-01,FALSE,,1,Fuel_Report_April_2025.xlsx,,Fuel April 2025,4,3,C4
2025-04-01,2025-03-01,STATE,Akwa Ibom,Akwa Ibom,Akwa Ibom,South South,FALSE,1184.05625,NGN per litre,2025-03-01,FALSE,,1,Fuel_Report_April_2025.xlsx,,Fuel April 2025,5,3,C5
2025-04-01,2025-03-01,STATE,Anambra,Anambra,Anambra,South East,FALSE,1142.44883333333,NGN per litre,2025-03-01,FALSE,,1,Fuel_Report_April_2025.xlsx,,Fuel April 2025,6,3,C6
2025-04-01,2025-03-01,STATE,Bauchi,Bauchi,Bauchi,North East,FALSE,1125.549,NGN per litre,2025-03-01,FALSE,,1,Fuel_Report_April_2025.xlsx,,Fuel April 2025,7,3,C7
2025-04-01,2025-03-01,STATE,Bayelsa,Bayelsa,Bayelsa,South South,FALSE,1000,NGN per litre,2025-03-01,FALSE,,1,Fuel_Report_April_2025.xlsx,,Fuel April 2025,8,3,C8
2025-04-01,2025-03-01,STATE,Benue,Benue,Benue,North Central,FALSE,1451.69333333333,NGN per litre,2025-03-01,FALSE,,1,Fuel_Report_April_2025.xlsx,,Fuel April 2025,9,3,C9
2025-04-01,2025-03-01,STATE,Borno,Borno,Borno,North East,FALSE,1138.7,NGN per litre,2025-03-01,FALSE,,1,Fuel_Report_April_2025.xlsx,,Fuel April 2025,10,3,C10
2025-04-01,2025-03-01,STATE,Cross River,Cross River,Cross River,South South,FALSE,1563.86388888889,NGN per litre,2025-03-01,FALSE,,1,Fuel_Report_April_2025.xlsx,,Fuel April 2025,11,3,C11
2025-04-01,2025-03-01,STATE,Delta,Delta,Delta,South South,FALSE,1175.93028571429,NGN per litre,2025-03-01,FALSE,,1,Fuel_Report_April_2025.xlsx,,Fuel April 2025,12,3,C12
2025-04-01,2025-03-01,STATE,Ebonyi,Ebonyi,Ebonyi,South East,FALSE,1186.354,NGN per litre,2025-03-01,FALSE,,1,Fuel_Report_April_2025.xlsx,,Fuel April 2025,13,3,C13
2025-04-01,2025-03-01,STATE,Edo,Edo,Edo,South South,FALSE,1256.608,NGN per litre,2025-03-01,FALSE,,1,Fuel_Report_April_2025.xlsx,,Fuel April 2025,14,3,C14
2025-04-01,2025-03-01,STATE,Ekiti,Ekiti,Ekiti,South West,FALSE,963.40233333333,NGN per litre,2025-03-01,FALSE,,1,Fuel_Report_April_2025.xlsx,,Fuel April 2025,15,3,C15
2025-04-01,2025-03-01,STATE,Enugu,Enugu,Enugu,South East,FALSE,1500,NGN per litre,2025-03-01,FALSE,,1,Fuel_Report_April_2025.xlsx,,Fuel April 2025,16,3,C16
2025-04-01,2025-03-01,STATE,Gombe,Gombe,Gombe,North East,FALSE,1155.40833333333,NGN per litre,2025-03-01,FALSE,,1,Fuel_Report_April_2025.xlsx,,Fuel April 2025,17,3,C17
2025-04-01,2025-03-01,STATE,Imo,Imo,Imo,South East,FALSE,1524.15,NGN per litre,2025-03-01,FALSE,,1,Fuel_Report_April_2025.xlsx,,Fuel April 2025,18,3,C18
2025-04-01,2025-03-01,STATE,Jigawa,Jigawa,Jigawa,North West,FALSE,1700,NGN per litre,2025-03-01,FALSE,,1,Fuel_Report_April_2025.xlsx,,Fuel April 2025,19,3,C19
2025-04-01,2025-03-01,STATE,Kaduna,Kaduna,Kaduna,North West,FALSE,1650,NGN per litre,2025-03-01,FALSE,,1,Fuel_Report_April_2025.xlsx,,Fuel April 2025,20,3,C20
2025-04-01,2025-03-01,STATE,Kano,Kano,Kano,North West,FALSE,1530.55875,NGN per litre,2025-03-01,FALSE,,1,Fuel_Report_April_2025.xlsx,,Fuel April 2025,21,3,C21
2025-04-01,2025-03-01,STATE,Katsina,Katsina,Katsina,North West,FALSE,1474.42138895645,NGN per litre,2025-03-01,FALSE,,1,Fuel_Report_April_2025.xlsx,,Fuel April 2025,22,3,C22
2025-04-01,2025-03-01,STATE,Kebbi,Kebbi,Kebbi,North West,FALSE,1125.549,NGN per litre,2025-03-01,FALSE,,1,Fuel_Report_April_2025.xlsx,,Fuel April 2025,23,3,C23
2025-04-01,2025-03-01,STATE,Kogi,Kogi,Kogi,North Central,FALSE,1298.93928571429,NGN per litre,2025-03-01,FALSE,,1,Fuel_Report_April_2025.xlsx,,Fuel April 2025,24,3,C24
2025-04-01,2025-03-01,STATE,Kwara,Kwara,Kwara,North Central,FALSE,1106.143,NGN per litre,2025-03-01,FALSE,,1,Fuel_Report_April_2025.xlsx,,Fuel April 2025,25,3,C25
2025-04-01,2025-03-01,STATE,Lagos,Lagos,Lagos,South West,FALSE,975,NGN per litre,2025-03-01,FALSE,,1,Fuel_Report_April_2025.xlsx,,Fuel April 2025,26,3,C26
2025-04-01,2025-03-01,STATE,Nasarawa,Nassarawa,Nasarawa,North Central,FALSE,1238.21246722192,NGN per litre,2025-03-01,FALSE,,1,Fuel_Report_April_2025.xlsx,,Fuel April 2025,27,3,C27
2025-04-01,2025-03-01,STATE,Niger,Niger,Niger,North Central,FALSE,1309,NGN per litre,2025-03-01,FALSE,,1,Fuel_Report_April_2025.xlsx,,Fuel April 2025,28,3,C28
2025-04-01,2025-03-01,STATE,Ogun,Ogun,Ogun,South West,FALSE,1143.7905,NGN per litre,2025-03-01,FALSE,,1,Fuel_Report_April_2025.xlsx,,Fuel April 2025,29,3,C29
2025-04-01,2025-03-01,STATE,Ondo,Ondo,Ondo,South West,FALSE,1099.6581629,NGN per litre,2025-03-01,FALSE,,1,Fuel_Report_April_2025.xlsx,,Fuel April 2025,30,3,C30
2025-04-01,2025-03-01,STATE,Osun,Osun,Osun,South West,FALSE,980,NGN per litre,2025-03-01,FALSE,,1,Fuel_Report_April_2025.xlsx,,Fuel April 2025,31,3,C31
2025-04-01,2025-03-01,STATE,Oyo,Oyo,Oyo,South West,FALSE,982,NGN per litre,2025-03-01,FALSE,,1,Fuel_Report_April_2025.xlsx,,Fuel April 2025,32,3,C32
2025-04-01,2025-03-01,STATE,Plateau,Plateau,Plateau,North Central,FALSE,1450.79818627383,NGN per litre,2025-03-01,FALSE,,1,Fuel_Report_April_2025.xlsx,,Fuel April 2025,33,3,C33
2025-04-01,2025-03-01,STATE,Rivers,Rivers,Rivers,South South,FALSE,1175.54422222222,NGN per litre,2025-03-01,FALSE,,1,Fuel_Report_April_2025.xlsx,,Fuel April 2025,34,3,C34
2025-04-01,2025-03-01,STATE,Sokoto,Sokoto,Sokoto,North West,FALSE,1550,NGN per litre,2025-03-01,FALSE,,1,Fuel_Report_April_2025.xlsx,,Fuel April 2025,35,3,C35
2025-04-01,2025-03-01,STATE,Taraba,Taraba,Taraba,North East,FALSE,1353.95333333333,NGN per litre,2025-03-01,FALSE,,1,Fuel_Report_April_2025.xlsx,,Fuel April 2025,36,3,C36
2025-04-01,2025-03-01,STATE,Yobe,Yobe,Yobe,North East,FALSE,1114.114375,NGN per litre,2025-03-01,FALSE,,1,Fuel_Report_April_2025.xlsx,,Fuel April 2025,37,3,C37
2025-04-01,2025-03-01,STATE,Zamfara,Zamfara,Zamfara,North West,FALSE,1200.63185714286,NGN per litre,2025-03-01,FALSE,,1,Fuel_Report_April_2025.xlsx,,Fuel April 2025,38,3,C38
2025-04-01,2025-03-01,NATIONAL,Nigeria,AVERAGE,,,TRUE,1261.6457672081458,NGN per litre,2025-03-01,FALSE,,1,Fuel_Report_April_2025.xlsx,,Fuel April 2025,39,3,C39
2025-04-01,2025-04-01,STATE,Abia,Abia,Abia,South East,FALSE,1227.1512500000001,NGN per litre,2025-04-01,TRUE,,1,Fuel_Report_April_2025.xlsx,,Fuel April 2025,2,4,D2
2025-04-01,2025-04-01,STATE,Abuja,Abuja,Abuja,North Central,FALSE,1180.41666666667,NGN per litre,2025-04-01,TRUE,,1,Fuel_Report_April_2025.xlsx,,Fuel April 2025,3,4,D3
2025-04-01,2025-04-01,STATE,Adamawa,Adamawa,Adamawa,North East,FALSE,1370,NGN per litre,2025-04-01,TRUE,,1,Fuel_Report_April_2025.xlsx,,Fuel April 2025,4,4,D4
2025-04-01,2025-04-01,STATE,Akwa Ibom,Akwa Ibom,Akwa Ibom,South South,FALSE,1139,NGN per litre,2025-04-01,TRUE,,1,Fuel_Report_April_2025.xlsx,,Fuel April 2025,5,4,D5
2025-04-01,2025-04-01,STATE,Anambra,Anambra,Anambra,South East,FALSE,1240.68815538462,NGN per litre,2025-04-01,TRUE,,1,Fuel_Report_April_2025.xlsx,,Fuel April 2025,6,4,D6
2025-04-01,2025-04-01,STATE,Bauchi,Bauchi,Bauchi,North East,FALSE,1186.9823,NGN per litre,2025-04-01,TRUE,,1,Fuel_Report_April_2025.xlsx,,Fuel April 2025,7,4,D7
2025-04-01,2025-04-01,STATE,Bayelsa,Bayelsa,Bayelsa,South South,FALSE,1185.9,NGN per litre,2025-04-01,TRUE,,1,Fuel_Report_April_2025.xlsx,,Fuel April 2025,8,4,D8
2025-04-01,2025-04-01,STATE,Benue,Benue,Benue,North Central,FALSE,1341.34338461538,NGN per litre,2025-04-01,TRUE,,1,Fuel_Report_April_2025.xlsx,,Fuel April 2025,9,4,D9
2025-04-01,2025-04-01,STATE,Borno,Borno,Borno,North East,FALSE,1153.33333333333,NGN per litre,2025-04-01,TRUE,,1,Fuel_Report_April_2025.xlsx,,Fuel April 2025,10,4,D10
2025-04-01,2025-04-01,STATE,Cross River,Cross River,Cross River,South South,FALSE,1301.6875,NGN per litre,2025-04-01,TRUE,,1,Fuel_Report_April_2025.xlsx,,Fuel April 2025,11,4,D11
2025-04-01,2025-04-01,STATE,Delta,Delta,Delta,South South,FALSE,1161.4136,NGN per litre,2025-04-01,TRUE,,1,Fuel_Report_April_2025.xlsx,,Fuel April 2025,12,4,D12
2025-04-01,2025-04-01,STATE,Ebonyi,Ebonyi,Ebonyi,South East,FALSE,1118.79817142857,NGN per litre,2025-04-01,TRUE,,1,Fuel_Report_April_2025.xlsx,,Fuel April 2025,13,4,D13
2025-04-01,2025-04-01,STATE,Edo,Edo,Edo,South South,FALSE,1283.23633333333,NGN per litre,2025-04-01,TRUE,,1,Fuel_Report_April_2025.xlsx,,Fuel April 2025,14,4,D14
2025-04-01,2025-04-01,STATE,Ekiti,Ekiti,Ekiti,South West,FALSE,1226.29711,NGN per litre,2025-04-01,TRUE,,1,Fuel_Report_April_2025.xlsx,,Fuel April 2025,15,4,D15
2025-04-01,2025-04-01,STATE,Enugu,Enugu,Enugu,South East,FALSE,1533.40833333333,NGN per litre,2025-04-01,TRUE,,1,Fuel_Report_April_2025.xlsx,,Fuel April 2025,16,4,D16
2025-04-01,2025-04-01,STATE,Gombe,Gombe,Gombe,North East,FALSE,1060.926125,NGN per litre,2025-04-01,TRUE,,1,Fuel_Report_April_2025.xlsx,,Fuel April 2025,17,4,D17
2025-04-01,2025-04-01,STATE,Imo,Imo,Imo,South East,FALSE,1588.49857142857,NGN per litre,2025-04-01,TRUE,,1,Fuel_Report_April_2025.xlsx,,Fuel April 2025,18,4,D18
2025-04-01,2025-04-01,STATE,Jigawa,Jigawa,Jigawa,North West,FALSE,1567.8425849999999,NGN per litre,2025-04-01,TRUE,,1,Fuel_Report_April_2025.xlsx,,Fuel April 2025,19,4,D19
2025-04-01,2025-04-01,STATE,Kaduna,Kaduna,Kaduna,North West,FALSE,1395.04436,NGN per litre,2025-04-01,TRUE,,1,Fuel_Report_April_2025.xlsx,,Fuel April 2025,20,4,D20
2025-04-01,2025-04-01,STATE,Kano,Kano,Kano,North West,FALSE,1283.6950192307693,NGN per litre,2025-04-01,TRUE,,1,Fuel_Report_April_2025.xlsx,,Fuel April 2025,21,4,D21
2025-04-01,2025-04-01,STATE,Katsina,Katsina,Katsina,North West,FALSE,1111.9375,NGN per litre,2025-04-01,TRUE,,1,Fuel_Report_April_2025.xlsx,,Fuel April 2025,22,4,D22
2025-04-01,2025-04-01,STATE,Kebbi,Kebbi,Kebbi,North West,FALSE,1148.9099475,NGN per litre,2025-04-01,TRUE,,1,Fuel_Report_April_2025.xlsx,,Fuel April 2025,23,4,D23
2025-04-01,2025-04-01,STATE,Kogi,Kogi,Kogi,North Central,FALSE,1258,NGN per litre,2025-04-01,TRUE,,1,Fuel_Report_April_2025.xlsx,,Fuel April 2025,24,4,D24
2025-04-01,2025-04-01,STATE,Kwara,Kwara,Kwara,North Central,FALSE,1014.85075075,NGN per litre,2025-04-01,TRUE,,1,Fuel_Report_April_2025.xlsx,,Fuel April 2025,25,4,D25
2025-04-01,2025-04-01,STATE,Lagos,Lagos,Lagos,South West,FALSE,1064.5762,NGN per litre,2025-04-01,TRUE,,1,Fuel_Report_April_2025.xlsx,,Fuel April 2025,26,4,D26
2025-04-01,2025-04-01,STATE,Nasarawa,Nassarawa,Nasarawa,North Central,FALSE,1293.8995671,NGN per litre,2025-04-01,TRUE,,1,Fuel_Report_April_2025.xlsx,,Fuel April 2025,27,4,D27
2025-04-01,2025-04-01,STATE,Niger,Niger,Niger,North Central,FALSE,1309.5400190375,NGN per litre,2025-04-01,TRUE,,1,Fuel_Report_April_2025.xlsx,,Fuel April 2025,28,4,D28
2025-04-01,2025-04-01,STATE,Ogun,Ogun,Ogun,South West,FALSE,1166.2385,NGN per litre,2025-04-01,TRUE,,1,Fuel_Report_April_2025.xlsx,,Fuel April 2025,29,4,D29
2025-04-01,2025-04-01,STATE,Ondo,Ondo,Ondo,South West,FALSE,1148.4227133333334,NGN per litre,2025-04-01,TRUE,,1,Fuel_Report_April_2025.xlsx,,Fuel April 2025,30,4,D30
2025-04-01,2025-04-01,STATE,Osun,Osun,Osun,South West,FALSE,1042.49266666667,NGN per litre,2025-04-01,TRUE,,1,Fuel_Report_April_2025.xlsx,,Fuel April 2025,31,4,D31
2025-04-01,2025-04-01,STATE,Oyo,Oyo,Oyo,South West,FALSE,1183.7945,NGN per litre,2025-04-01,TRUE,,1,Fuel_Report_April_2025.xlsx,,Fuel April 2025,32,4,D32
2025-04-01,2025-04-01,STATE,Plateau,Plateau,Plateau,North Central,FALSE,1302.52382749048,NGN per litre,2025-04-01,TRUE,,1,Fuel_Report_April_2025.xlsx,,Fuel April 2025,33,4,D33
2025-04-01,2025-04-01,STATE,Rivers,Rivers,Rivers,South South,FALSE,1263.9822222222222,NGN per litre,2025-04-01,TRUE,,1,Fuel_Report_April_2025.xlsx,,Fuel April 2025,34,4,D34
2025-04-01,2025-04-01,STATE,Sokoto,Sokoto,Sokoto,North West,FALSE,1550,NGN per litre,2025-04-01,TRUE,,1,Fuel_Report_April_2025.xlsx,,Fuel April 2025,35,4,D35
2025-04-01,2025-04-01,STATE,Taraba,Taraba,Taraba,North East,FALSE,1256.386,NGN per litre,2025-04-01,TRUE,,1,Fuel_Report_April_2025.xlsx,,Fuel April 2025,36,4,D36
2025-04-01,2025-04-01,STATE,Yobe,Yobe,Yobe,North East,FALSE,970,NGN per litre,2025-04-01,TRUE,,1,Fuel_Report_April_2025.xlsx,,Fuel April 2025,37,4,D37
2025-04-01,2025-04-01,STATE,Zamfara,Zamfara,Zamfara,North West,FALSE,1223.88591,NGN per litre,2025-04-01,TRUE,,1,Fuel_Report_April_2025.xlsx,,Fuel April 2025,38,4,D38
2025-04-01,2025-04-01,ZONE,North Central,North Central,,North Central,TRUE,1242.9391736657185,NGN per litre,Average Price,TRUE,,1,Fuel_Report_April_2025.xlsx,,Fuel April 2025,3,7,G3
2025-04-01,2025-04-01,ZONE,North East,North East,,North East,TRUE,1166.2712930555551,NGN per litre,Average Price,TRUE,,1,Fuel_Report_April_2025.xlsx,,Fuel April 2025,4,7,G4
2025-04-01,2025-04-01,ZONE,North West,North West,,North West,TRUE,1325.9021888186815,NGN per litre,Average Price,TRUE,,1,Fuel_Report_April_2025.xlsx,,Fuel April 2025,7,7,G7
2025-04-01,2025-04-01,ZONE,South East,South East,,South East,TRUE,1341.7088963150181,NGN per litre,Average Price,TRUE,,1,Fuel_Report_April_2025.xlsx,,Fuel April 2025,2,7,G2
2025-04-01,2025-04-01,ZONE,South South,South South,,South South,TRUE,1222.5366092592587,NGN per litre,Average Price,TRUE,,1,Fuel_Report_April_2025.xlsx,,Fuel April 2025,5,7,G5
2025-04-01,2025-04-01,ZONE,South West,South West,,South West,TRUE,1138.636948333334,NGN per litre,Average Price,TRUE,,1,Fuel_Report_April_2025.xlsx,,Fuel April 2025,6,7,G6
2025-04-01,2025-04-01,NATIONAL,Nigeria,AVERAGE,,,TRUE,1239.3271114285071,NGN per litre,2025-04-01,TRUE,,1,Fuel_Report_April_2025.xlsx,,Fuel April 2025,39,4,D39
2025-05-01,2024-05-01,STATE,Abia,Abia,Abia,South East,FALSE,770,NGN per litre,2024-05-01,FALSE,,1,Fuel_Report_May_2025.xlsx,,Fuel May 2025,2,2,B2
2025-05-01,2024-05-01,STATE,Abuja,Abuja,Abuja,North Central,FALSE,662.7311111111111,NGN per litre,2024-05-01,FALSE,,1,Fuel_Report_May_2025.xlsx,,Fuel May 2025,3,2,B3
2025-05-01,2024-05-01,STATE,Adamawa,Adamawa,Adamawa,North East,FALSE,798.6,NGN per litre,2024-05-01,FALSE,,1,Fuel_Report_May_2025.xlsx,,Fuel May 2025,4,2,B4
2025-05-01,2024-05-01,STATE,Akwa Ibom,Akwa Ibom,Akwa Ibom,South South,FALSE,790,NGN per litre,2024-05-01,FALSE,,1,Fuel_Report_May_2025.xlsx,,Fuel May 2025,5,2,B5
2025-05-01,2024-05-01,STATE,Anambra,Anambra,Anambra,South East,FALSE,766.9444444444445,NGN per litre,2024-05-01,FALSE,,1,Fuel_Report_May_2025.xlsx,,Fuel May 2025,6,2,B6
2025-05-01,2024-05-01,STATE,Bauchi,Bauchi,Bauchi,North East,FALSE,693.8055555555555,NGN per litre,2024-05-01,FALSE,,1,Fuel_Report_May_2025.xlsx,,Fuel May 2025,7,2,B7
2025-05-01,2024-05-01,STATE,Bayelsa,Bayelsa,Bayelsa,South South,FALSE,791,NGN per litre,2024-05-01,FALSE,,1,Fuel_Report_May_2025.xlsx,,Fuel May 2025,8,2,B8
2025-05-01,2024-05-01,STATE,Benue,Benue,Benue,North Central,FALSE,882.2222222222222,NGN per litre,2024-05-01,FALSE,,1,Fuel_Report_May_2025.xlsx,,Fuel May 2025,9,2,B9
2025-05-01,2024-05-01,STATE,Borno,Borno,Borno,North East,FALSE,800.3181818181819,NGN per litre,2024-05-01,FALSE,,1,Fuel_Report_May_2025.xlsx,,Fuel May 2025,10,2,B10
2025-05-01,2024-05-01,STATE,Cross River,Cross River,Cross River,South South,FALSE,740,NGN per litre,2024-05-01,FALSE,,1,Fuel_Report_May_2025.xlsx,,Fuel May 2025,11,2,B11
2025-05-01,2024-05-01,STATE,Delta,Delta,Delta,South South,FALSE,748,NGN per litre,2024-05-01,FALSE,,1,Fuel_Report_May_2025.xlsx,,Fuel May 2025,12,2,B12
2025-05-01,2024-05-01,STATE,Ebonyi,Ebonyi,Ebonyi,South East,FALSE,770,NGN per litre,2024-05-01,FALSE,,1,Fuel_Report_May_2025.xlsx,,Fuel May 2025,13,2,B13
2025-05-01,2024-05-01,STATE,Edo,Edo,Edo,South South,FALSE,768.3333333333334,NGN per litre,2024-05-01,FALSE,,1,Fuel_Report_May_2025.xlsx,,Fuel May 2025,14,2,B14
2025-05-01,2024-05-01,STATE,Ekiti,Ekiti,Ekiti,South West,FALSE,798,NGN per litre,2024-05-01,FALSE,,1,Fuel_Report_May_2025.xlsx,,Fuel May 2025,15,2,B15
2025-05-01,2024-05-01,STATE,Enugu,Enugu,Enugu,South East,FALSE,765,NGN per litre,2024-05-01,FALSE,,1,Fuel_Report_May_2025.xlsx,,Fuel May 2025,16,2,B16
2025-05-01,2024-05-01,STATE,Gombe,Gombe,Gombe,North East,FALSE,766.5375061035156,NGN per litre,2024-05-01,FALSE,,1,Fuel_Report_May_2025.xlsx,,Fuel May 2025,17,2,B17
2025-05-01,2024-05-01,STATE,Imo,Imo,Imo,South East,FALSE,759.0909090909091,NGN per litre,2024-05-01,FALSE,,1,Fuel_Report_May_2025.xlsx,,Fuel May 2025,18,2,B18
2025-05-01,2024-05-01,STATE,Jigawa,Jigawa,Jigawa,North West,FALSE,937.5,NGN per litre,2024-05-01,FALSE,,1,Fuel_Report_May_2025.xlsx,,Fuel May 2025,19,2,B19
2025-05-01,2024-05-01,STATE,Kaduna,Kaduna,Kaduna,North West,FALSE,815.9375,NGN per litre,2024-05-01,FALSE,,1,Fuel_Report_May_2025.xlsx,,Fuel May 2025,20,2,B20
2025-05-01,2024-05-01,STATE,Kano,Kano,Kano,North West,FALSE,792.8571428571429,NGN per litre,2024-05-01,FALSE,,1,Fuel_Report_May_2025.xlsx,,Fuel May 2025,21,2,B21
2025-05-01,2024-05-01,STATE,Katsina,Katsina,Katsina,North West,FALSE,782.222222222222,NGN per litre,2024-05-01,FALSE,,1,Fuel_Report_May_2025.xlsx,,Fuel May 2025,22,2,B22
2025-05-01,2024-05-01,STATE,Kebbi,Kebbi,Kebbi,North West,FALSE,880,NGN per litre,2024-05-01,FALSE,,1,Fuel_Report_May_2025.xlsx,,Fuel May 2025,23,2,B23
2025-05-01,2024-05-01,STATE,Kogi,Kogi,Kogi,North Central,FALSE,697.6646412037037,NGN per litre,2024-05-01,FALSE,,1,Fuel_Report_May_2025.xlsx,,Fuel May 2025,24,2,B24
2025-05-01,2024-05-01,STATE,Kwara,Kwara,Kwara,North Central,FALSE,645.1456694925445,NGN per litre,2024-05-01,FALSE,,1,Fuel_Report_May_2025.xlsx,,Fuel May 2025,25,2,B25
2025-05-01,2024-05-01,STATE,Lagos,Lagos,Lagos,South West,FALSE,636.8,NGN per litre,2024-05-01,FALSE,,1,Fuel_Report_May_2025.xlsx,,Fuel May 2025,26,2,B26
2025-05-01,2024-05-01,STATE,Nasarawa,Nassarawa,Nasarawa,North Central,FALSE,659.4444444444445,NGN per litre,2024-05-01,FALSE,,1,Fuel_Report_May_2025.xlsx,,Fuel May 2025,27,2,B27
2025-05-01,2024-05-01,STATE,Niger,Niger,Niger,North Central,FALSE,642.1605680199431,NGN per litre,2024-05-01,FALSE,,1,Fuel_Report_May_2025.xlsx,,Fuel May 2025,28,2,B28
2025-05-01,2024-05-01,STATE,Ogun,Ogun,Ogun,South West,FALSE,730,NGN per litre,2024-05-01,FALSE,,1,Fuel_Report_May_2025.xlsx,,Fuel May 2025,29,2,B29
2025-05-01,2024-05-01,STATE,Ondo,Ondo,Ondo,South West,FALSE,882.6666666666666,NGN per litre,2024-05-01,FALSE,,1,Fuel_Report_May_2025.xlsx,,Fuel May 2025,30,2,B30
2025-05-01,2024-05-01,STATE,Osun,Osun,Osun,South West,FALSE,790.3571428571429,NGN per litre,2024-05-01,FALSE,,1,Fuel_Report_May_2025.xlsx,,Fuel May 2025,31,2,B31
2025-05-01,2024-05-01,STATE,Oyo,Oyo,Oyo,South West,FALSE,742.5,NGN per litre,2024-05-01,FALSE,,1,Fuel_Report_May_2025.xlsx,,Fuel May 2025,32,2,B32
2025-05-01,2024-05-01,STATE,Plateau,Plateau,Plateau,North Central,FALSE,675.9302835010348,NGN per litre,2024-05-01,FALSE,,1,Fuel_Report_May_2025.xlsx,,Fuel May 2025,33,2,B33
2025-05-01,2024-05-01,STATE,Rivers,Rivers,Rivers,South South,FALSE,782.7272727272727,NGN per litre,2024-05-01,FALSE,,1,Fuel_Report_May_2025.xlsx,,Fuel May 2025,34,2,B34
2025-05-01,2024-05-01,STATE,Sokoto,Sokoto,Sokoto,North West,FALSE,872.5,NGN per litre,2024-05-01,FALSE,,1,Fuel_Report_May_2025.xlsx,,Fuel May 2025,35,2,B35
2025-05-01,2024-05-01,STATE,Taraba,Taraba,Taraba,North East,FALSE,818.3749938964844,NGN per litre,2024-05-01,FALSE,,1,Fuel_Report_May_2025.xlsx,,Fuel May 2025,36,2,B36
2025-05-01,2024-05-01,STATE,Yobe,Yobe,Yobe,North East,FALSE,784.625,NGN per litre,2024-05-01,FALSE,,1,Fuel_Report_May_2025.xlsx,,Fuel May 2025,37,2,B37
2025-05-01,2024-05-01,STATE,Zamfara,Zamfara,Zamfara,North West,FALSE,835.8333333333334,NGN per litre,2024-05-01,FALSE,,1,Fuel_Report_May_2025.xlsx,,Fuel May 2025,38,2,B38
2025-05-01,2024-05-01,NATIONAL,Nigeria,AVERAGE,,,TRUE,769.6170309432758,NGN per litre,2024-05-01,FALSE,,1,Fuel_Report_May_2025.xlsx,,Fuel May 2025,39,2,B39
2025-05-01,2025-04-01,STATE,Abia,Abia,Abia,South East,FALSE,1227.1512500000001,NGN per litre,2025-04-01,FALSE,,1,Fuel_Report_May_2025.xlsx,,Fuel May 2025,2,3,C2
2025-05-01,2025-04-01,STATE,Abuja,Abuja,Abuja,North Central,FALSE,1180.41666666667,NGN per litre,2025-04-01,FALSE,,1,Fuel_Report_May_2025.xlsx,,Fuel May 2025,3,3,C3
2025-05-01,2025-04-01,STATE,Adamawa,Adamawa,Adamawa,North East,FALSE,1370,NGN per litre,2025-04-01,FALSE,,1,Fuel_Report_May_2025.xlsx,,Fuel May 2025,4,3,C4
2025-05-01,2025-04-01,STATE,Akwa Ibom,Akwa Ibom,Akwa Ibom,South South,FALSE,1139,NGN per litre,2025-04-01,FALSE,,1,Fuel_Report_May_2025.xlsx,,Fuel May 2025,5,3,C5
2025-05-01,2025-04-01,STATE,Anambra,Anambra,Anambra,South East,FALSE,1240.68815538462,NGN per litre,2025-04-01,FALSE,,1,Fuel_Report_May_2025.xlsx,,Fuel May 2025,6,3,C6
2025-05-01,2025-04-01,STATE,Bauchi,Bauchi,Bauchi,North East,FALSE,1186.9823,NGN per litre,2025-04-01,FALSE,,1,Fuel_Report_May_2025.xlsx,,Fuel May 2025,7,3,C7
2025-05-01,2025-04-01,STATE,Bayelsa,Bayelsa,Bayelsa,South South,FALSE,1185.9,NGN per litre,2025-04-01,FALSE,,1,Fuel_Report_May_2025.xlsx,,Fuel May 2025,8,3,C8
2025-05-01,2025-04-01,STATE,Benue,Benue,Benue,North Central,FALSE,1341.34338461538,NGN per litre,2025-04-01,FALSE,,1,Fuel_Report_May_2025.xlsx,,Fuel May 2025,9,3,C9
2025-05-01,2025-04-01,STATE,Borno,Borno,Borno,North East,FALSE,1153.33333333333,NGN per litre,2025-04-01,FALSE,,1,Fuel_Report_May_2025.xlsx,,Fuel May 2025,10,3,C10
2025-05-01,2025-04-01,STATE,Cross River,Cross River,Cross River,South South,FALSE,1301.6875,NGN per litre,2025-04-01,FALSE,,1,Fuel_Report_May_2025.xlsx,,Fuel May 2025,11,3,C11
2025-05-01,2025-04-01,STATE,Delta,Delta,Delta,South South,FALSE,1161.4136,NGN per litre,2025-04-01,FALSE,,1,Fuel_Report_May_2025.xlsx,,Fuel May 2025,12,3,C12
2025-05-01,2025-04-01,STATE,Ebonyi,Ebonyi,Ebonyi,South East,FALSE,1118.79817142857,NGN per litre,2025-04-01,FALSE,,1,Fuel_Report_May_2025.xlsx,,Fuel May 2025,13,3,C13
2025-05-01,2025-04-01,STATE,Edo,Edo,Edo,South South,FALSE,1283.23633333333,NGN per litre,2025-04-01,FALSE,,1,Fuel_Report_May_2025.xlsx,,Fuel May 2025,14,3,C14
2025-05-01,2025-04-01,STATE,Ekiti,Ekiti,Ekiti,South West,FALSE,1226.29711,NGN per litre,2025-04-01,FALSE,,1,Fuel_Report_May_2025.xlsx,,Fuel May 2025,15,3,C15
2025-05-01,2025-04-01,STATE,Enugu,Enugu,Enugu,South East,FALSE,1533.40833333333,NGN per litre,2025-04-01,FALSE,,1,Fuel_Report_May_2025.xlsx,,Fuel May 2025,16,3,C16
2025-05-01,2025-04-01,STATE,Gombe,Gombe,Gombe,North East,FALSE,1060.926125,NGN per litre,2025-04-01,FALSE,,1,Fuel_Report_May_2025.xlsx,,Fuel May 2025,17,3,C17
2025-05-01,2025-04-01,STATE,Imo,Imo,Imo,South East,FALSE,1588.49857142857,NGN per litre,2025-04-01,FALSE,,1,Fuel_Report_May_2025.xlsx,,Fuel May 2025,18,3,C18
2025-05-01,2025-04-01,STATE,Jigawa,Jigawa,Jigawa,North West,FALSE,1567.8425849999999,NGN per litre,2025-04-01,FALSE,,1,Fuel_Report_May_2025.xlsx,,Fuel May 2025,19,3,C19
2025-05-01,2025-04-01,STATE,Kaduna,Kaduna,Kaduna,North West,FALSE,1395.04436,NGN per litre,2025-04-01,FALSE,,1,Fuel_Report_May_2025.xlsx,,Fuel May 2025,20,3,C20
2025-05-01,2025-04-01,STATE,Kano,Kano,Kano,North West,FALSE,1283.6950192307693,NGN per litre,2025-04-01,FALSE,,1,Fuel_Report_May_2025.xlsx,,Fuel May 2025,21,3,C21
2025-05-01,2025-04-01,STATE,Katsina,Katsina,Katsina,North West,FALSE,1111.9375,NGN per litre,2025-04-01,FALSE,,1,Fuel_Report_May_2025.xlsx,,Fuel May 2025,22,3,C22
2025-05-01,2025-04-01,STATE,Kebbi,Kebbi,Kebbi,North West,FALSE,1148.9099475,NGN per litre,2025-04-01,FALSE,,1,Fuel_Report_May_2025.xlsx,,Fuel May 2025,23,3,C23
2025-05-01,2025-04-01,STATE,Kogi,Kogi,Kogi,North Central,FALSE,1258,NGN per litre,2025-04-01,FALSE,,1,Fuel_Report_May_2025.xlsx,,Fuel May 2025,24,3,C24
2025-05-01,2025-04-01,STATE,Kwara,Kwara,Kwara,North Central,FALSE,1014.85075075,NGN per litre,2025-04-01,FALSE,,1,Fuel_Report_May_2025.xlsx,,Fuel May 2025,25,3,C25
2025-05-01,2025-04-01,STATE,Lagos,Lagos,Lagos,South West,FALSE,1064.5762,NGN per litre,2025-04-01,FALSE,,1,Fuel_Report_May_2025.xlsx,,Fuel May 2025,26,3,C26
2025-05-01,2025-04-01,STATE,Nasarawa,Nassarawa,Nasarawa,North Central,FALSE,1293.8995671,NGN per litre,2025-04-01,FALSE,,1,Fuel_Report_May_2025.xlsx,,Fuel May 2025,27,3,C27
2025-05-01,2025-04-01,STATE,Niger,Niger,Niger,North Central,FALSE,1309.5400190375,NGN per litre,2025-04-01,FALSE,,1,Fuel_Report_May_2025.xlsx,,Fuel May 2025,28,3,C28
2025-05-01,2025-04-01,STATE,Ogun,Ogun,Ogun,South West,FALSE,1166.2385,NGN per litre,2025-04-01,FALSE,,1,Fuel_Report_May_2025.xlsx,,Fuel May 2025,29,3,C29
2025-05-01,2025-04-01,STATE,Ondo,Ondo,Ondo,South West,FALSE,1148.4227133333334,NGN per litre,2025-04-01,FALSE,,1,Fuel_Report_May_2025.xlsx,,Fuel May 2025,30,3,C30
2025-05-01,2025-04-01,STATE,Osun,Osun,Osun,South West,FALSE,1042.49266666667,NGN per litre,2025-04-01,FALSE,,1,Fuel_Report_May_2025.xlsx,,Fuel May 2025,31,3,C31
2025-05-01,2025-04-01,STATE,Oyo,Oyo,Oyo,South West,FALSE,1183.7945,NGN per litre,2025-04-01,FALSE,,1,Fuel_Report_May_2025.xlsx,,Fuel May 2025,32,3,C32
2025-05-01,2025-04-01,STATE,Plateau,Plateau,Plateau,North Central,FALSE,1302.52382749048,NGN per litre,2025-04-01,FALSE,,1,Fuel_Report_May_2025.xlsx,,Fuel May 2025,33,3,C33
2025-05-01,2025-04-01,STATE,Rivers,Rivers,Rivers,South South,FALSE,1263.9822222222222,NGN per litre,2025-04-01,FALSE,,1,Fuel_Report_May_2025.xlsx,,Fuel May 2025,34,3,C34
2025-05-01,2025-04-01,STATE,Sokoto,Sokoto,Sokoto,North West,FALSE,1550,NGN per litre,2025-04-01,FALSE,,1,Fuel_Report_May_2025.xlsx,,Fuel May 2025,35,3,C35
2025-05-01,2025-04-01,STATE,Taraba,Taraba,Taraba,North East,FALSE,1256.386,NGN per litre,2025-04-01,FALSE,,1,Fuel_Report_May_2025.xlsx,,Fuel May 2025,36,3,C36
2025-05-01,2025-04-01,STATE,Yobe,Yobe,Yobe,North East,FALSE,970,NGN per litre,2025-04-01,FALSE,,1,Fuel_Report_May_2025.xlsx,,Fuel May 2025,37,3,C37
2025-05-01,2025-04-01,STATE,Zamfara,Zamfara,Zamfara,North West,FALSE,1223.88591,NGN per litre,2025-04-01,FALSE,,1,Fuel_Report_May_2025.xlsx,,Fuel May 2025,38,3,C38
2025-05-01,2025-04-01,NATIONAL,Nigeria,AVERAGE,,,TRUE,1239.3271114285071,NGN per litre,2025-04-01,FALSE,,1,Fuel_Report_May_2025.xlsx,,Fuel May 2025,39,3,C39
2025-05-01,2025-05-01,STATE,Abia,Abia,Abia,South East,FALSE,1059.0165,NGN per litre,2025-05-01,TRUE,,1,Fuel_Report_May_2025.xlsx,,Fuel May 2025,2,4,D2
2025-05-01,2025-05-01,STATE,Abuja,Abuja,Abuja,North Central,FALSE,1029.8,NGN per litre,2025-05-01,TRUE,,1,Fuel_Report_May_2025.xlsx,,Fuel May 2025,3,4,D3
2025-05-01,2025-05-01,STATE,Adamawa,Adamawa,Adamawa,North East,FALSE,1053.4,NGN per litre,2025-05-01,TRUE,,1,Fuel_Report_May_2025.xlsx,,Fuel May 2025,4,4,D4
2025-05-01,2025-05-01,STATE,Akwa Ibom,Akwa Ibom,Akwa Ibom,South South,FALSE,1033.4087499999998,NGN per litre,2025-05-01,TRUE,,1,Fuel_Report_May_2025.xlsx,,Fuel May 2025,5,4,D5
2025-05-01,2025-05-01,STATE,Anambra,Anambra,Anambra,South East,FALSE,1084.130802533333,NGN per litre,2025-05-01,TRUE,,1,Fuel_Report_May_2025.xlsx,,Fuel May 2025,6,4,D6
2025-05-01,2025-05-01,STATE,Bauchi,Bauchi,Bauchi,North East,FALSE,1053.731229,NGN per litre,2025-05-01,TRUE,,1,Fuel_Report_May_2025.xlsx,,Fuel May 2025,7,4,D7
2025-05-01,2025-05-01,STATE,Bayelsa,Bayelsa,Bayelsa,South South,FALSE,1006,NGN per litre,2025-05-01,TRUE,,1,Fuel_Report_May_2025.xlsx,,Fuel May 2025,8,4,D8
2025-05-01,2025-05-01,STATE,Benue,Benue,Benue,North Central,FALSE,1009.3076923076923,NGN per litre,2025-05-01,TRUE,,1,Fuel_Report_May_2025.xlsx,,Fuel May 2025,9,4,D9
2025-05-01,2025-05-01,STATE,Borno,Borno,Borno,North East,FALSE,1034.9333333333334,NGN per litre,2025-05-01,TRUE,,1,Fuel_Report_May_2025.xlsx,,Fuel May 2025,10,4,D10
2025-05-01,2025-05-01,STATE,Cross River,Cross River,Cross River,South South,FALSE,1000.55375,NGN per litre,2025-05-01,TRUE,,1,Fuel_Report_May_2025.xlsx,,Fuel May 2025,11,4,D11
2025-05-01,2025-05-01,STATE,Delta,Delta,Delta,South South,FALSE,1067.3394,NGN per litre,2025-05-01,TRUE,,1,Fuel_Report_May_2025.xlsx,,Fuel May 2025,12,4,D12
2025-05-01,2025-05-01,STATE,Ebonyi,Ebonyi,Ebonyi,South East,FALSE,1060.1787673714284,NGN per litre,2025-05-01,TRUE,,1,Fuel_Report_May_2025.xlsx,,Fuel May 2025,13,4,D13
2025-05-01,2025-05-01,STATE,Edo,Edo,Edo,South South,FALSE,1020,NGN per litre,2025-05-01,TRUE,,1,Fuel_Report_May_2025.xlsx,,Fuel May 2025,14,4,D14
2025-05-01,2025-05-01,STATE,Ekiti,Ekiti,Ekiti,South West,FALSE,1001.1949177999999,NGN per litre,2025-05-01,TRUE,,1,Fuel_Report_May_2025.xlsx,,Fuel May 2025,15,4,D15
2025-05-01,2025-05-01,STATE,Enugu,Enugu,Enugu,South East,FALSE,1054.5901666666666,NGN per litre,2025-05-01,TRUE,,1,Fuel_Report_May_2025.xlsx,,Fuel May 2025,16,4,D16
2025-05-01,2025-05-01,STATE,Gombe,Gombe,Gombe,North East,FALSE,990,NGN per litre,2025-05-01,TRUE,,1,Fuel_Report_May_2025.xlsx,,Fuel May 2025,17,4,D17
2025-05-01,2025-05-01,STATE,Imo,Imo,Imo,South East,FALSE,987.8571428571429,NGN per litre,2025-05-01,TRUE,,1,Fuel_Report_May_2025.xlsx,,Fuel May 2025,18,4,D18
2025-05-01,2025-05-01,STATE,Jigawa,Jigawa,Jigawa,North West,FALSE,1079.0163613,NGN per litre,2025-05-01,TRUE,,1,Fuel_Report_May_2025.xlsx,,Fuel May 2025,19,4,D19
2025-05-01,2025-05-01,STATE,Kaduna,Kaduna,Kaduna,North West,FALSE,1020.8271128,NGN per litre,2025-05-01,TRUE,,1,Fuel_Report_May_2025.xlsx,,Fuel May 2025,20,4,D20
2025-05-01,2025-05-01,STATE,Kano,Kano,Kano,North West,FALSE,988.16172,NGN per litre,2025-05-01,TRUE,,1,Fuel_Report_May_2025.xlsx,,Fuel May 2025,21,4,D21
2025-05-01,2025-05-01,STATE,Katsina,Katsina,Katsina,North West,FALSE,992.22125,NGN per litre,2025-05-01,TRUE,,1,Fuel_Report_May_2025.xlsx,,Fuel May 2025,22,4,D22
2025-05-01,2025-05-01,STATE,Kebbi,Kebbi,Kebbi,North West,FALSE,1021.790906425,NGN per litre,2025-05-01,TRUE,,1,Fuel_Report_May_2025.xlsx,,Fuel May 2025,23,4,D23
2025-05-01,2025-05-01,STATE,Kogi,Kogi,Kogi,North Central,FALSE,986.6666666666666,NGN per litre,2025-05-01,TRUE,,1,Fuel_Report_May_2025.xlsx,,Fuel May 2025,24,4,D24
2025-05-01,2025-05-01,STATE,Kwara,Kwara,Kwara,North Central,FALSE,1038.0637257350002,NGN per litre,2025-05-01,TRUE,,1,Fuel_Report_May_2025.xlsx,,Fuel May 2025,25,4,D25
2025-05-01,2025-05-01,STATE,Lagos,Lagos,Lagos,South West,FALSE,1077.050976,NGN per litre,2025-05-01,TRUE,,1,Fuel_Report_May_2025.xlsx,,Fuel May 2025,26,4,D26
2025-05-01,2025-05-01,STATE,Nasarawa,Nassarawa,Nasarawa,North Central,FALSE,992,NGN per litre,2025-05-01,TRUE,,1,Fuel_Report_May_2025.xlsx,,Fuel May 2025,27,4,D27
2025-05-01,2025-05-01,STATE,Niger,Niger,Niger,North Central,FALSE,991.075,NGN per litre,2025-05-01,TRUE,,1,Fuel_Report_May_2025.xlsx,,Fuel May 2025,28,4,D28
2025-05-01,2025-05-01,STATE,Ogun,Ogun,Ogun,South West,FALSE,1013.125,NGN per litre,2025-05-01,TRUE,,1,Fuel_Report_May_2025.xlsx,,Fuel May 2025,29,4,D29
2025-05-01,2025-05-01,STATE,Ondo,Ondo,Ondo,South West,FALSE,1083.4709257333334,NGN per litre,2025-05-01,TRUE,,1,Fuel_Report_May_2025.xlsx,,Fuel May 2025,30,4,D30
2025-05-01,2025-05-01,STATE,Osun,Osun,Osun,South West,FALSE,1060.5752577777776,NGN per litre,2025-05-01,TRUE,,1,Fuel_Report_May_2025.xlsx,,Fuel May 2025,31,4,D31
2025-05-01,2025-05-01,STATE,Oyo,Oyo,Oyo,South West,FALSE,1038.005678627451,NGN per litre,2025-05-01,TRUE,,1,Fuel_Report_May_2025.xlsx,,Fuel May 2025,32,4,D32
2025-05-01,2025-05-01,STATE,Plateau,Plateau,Plateau,North Central,FALSE,991.0518312794999,NGN per litre,2025-05-01,TRUE,,1,Fuel_Report_May_2025.xlsx,,Fuel May 2025,33,4,D33
2025-05-01,2025-05-01,STATE,Rivers,Rivers,Rivers,South South,FALSE,981.6666666666666,NGN per litre,2025-05-01,TRUE,,1,Fuel_Report_May_2025.xlsx,,Fuel May 2025,34,4,D34
2025-05-01,2025-05-01,STATE,Sokoto,Sokoto,Sokoto,North West,FALSE,1100,NGN per litre,2025-05-01,TRUE,,1,Fuel_Report_May_2025.xlsx,,Fuel May 2025,35,4,D35
2025-05-01,2025-05-01,STATE,Taraba,Taraba,Taraba,North East,FALSE,983,NGN per litre,2025-05-01,TRUE,,1,Fuel_Report_May_2025.xlsx,,Fuel May 2025,36,4,D36
2025-05-01,2025-05-01,STATE,Yobe,Yobe,Yobe,North East,FALSE,950.6,NGN per litre,2025-05-01,TRUE,,1,Fuel_Report_May_2025.xlsx,,Fuel May 2025,37,4,D37
2025-05-01,2025-05-01,STATE,Zamfara,Zamfara,Zamfara,North West,FALSE,1093.2114462,NGN per litre,2025-05-01,TRUE,,1,Fuel_Report_May_2025.xlsx,,Fuel May 2025,38,4,D38
2025-05-01,2025-05-01,ZONE,North Central,North Central,,North Central,TRUE,1005.4235594269798,NGN per litre,Average Price,TRUE,,1,Fuel_Report_May_2025.xlsx,,Fuel May 2025,3,7,G3
2025-05-01,2025-05-01,ZONE,North East,North East,,North East,TRUE,1010.9440937222222,NGN per litre,Average Price,TRUE,,1,Fuel_Report_May_2025.xlsx,,Fuel May 2025,4,7,G4
2025-05-01,2025-05-01,ZONE,North West,North West,,North West,TRUE,1042.1755423892857,NGN per litre,Average Price,TRUE,,1,Fuel_Report_May_2025.xlsx,,Fuel May 2025,7,7,G7
2025-05-01,2025-05-01,ZONE,South East,South East,,South East,TRUE,1049.1546758857144,NGN per litre,Average Price,TRUE,,1,Fuel_Report_May_2025.xlsx,,Fuel May 2025,2,7,G2
2025-05-01,2025-05-01,ZONE,South South,South South,,South South,TRUE,1018.1614277777777,NGN per litre,Average Price,TRUE,,1,Fuel_Report_May_2025.xlsx,,Fuel May 2025,5,7,G5
2025-05-01,2025-05-01,ZONE,South West,South West,,South West,TRUE,1045.5704593230937,NGN per litre,Average Price,TRUE,,1,Fuel_Report_May_2025.xlsx,,Fuel May 2025,6,7,G6
2025-05-01,2025-05-01,NATIONAL,Nigeria,AVERAGE,,,TRUE,1027.7573777589457,NGN per litre,2025-05-01,TRUE,,1,Fuel_Report_May_2025.xlsx,,Fuel May 2025,39,4,D39
2025-06-01,2024-06-01,STATE,Abia,Abia,Abia,South East,FALSE,794.9090909090909,NGN per litre,2024-06-01,FALSE,,1,PMS_Report_June_2025.xlsx,,Fuel June 2025,2,2,B2
2025-06-01,2024-06-01,STATE,Abuja,Abuja,Abuja,North Central,FALSE,696,NGN per litre,2024-06-01,FALSE,,1,PMS_Report_June_2025.xlsx,,Fuel June 2025,3,2,B3
2025-06-01,2024-06-01,STATE,Adamawa,Adamawa,Adamawa,North East,FALSE,741.6666666666666,NGN per litre,2024-06-01,FALSE,,1,PMS_Report_June_2025.xlsx,,Fuel June 2025,4,2,B4
2025-06-01,2024-06-01,STATE,Akwa Ibom,Akwa Ibom,Akwa Ibom,South South,FALSE,807.7777777777778,NGN per litre,2024-06-01,FALSE,,1,PMS_Report_June_2025.xlsx,,Fuel June 2025,5,2,B5
2025-06-01,2024-06-01,STATE,Anambra,Anambra,Anambra,South East,FALSE,779.4196428571429,NGN per litre,2024-06-01,FALSE,,1,PMS_Report_June_2025.xlsx,,Fuel June 2025,6,2,B6
2025-06-01,2024-06-01,STATE,Bauchi,Bauchi,Bauchi,North East,FALSE,718.75,NGN per litre,2024-06-01,FALSE,,1,PMS_Report_June_2025.xlsx,,Fuel June 2025,7,2,B7
2025-06-01,2024-06-01,STATE,Bayelsa,Bayelsa,Bayelsa,South South,FALSE,797.2727272727273,NGN per litre,2024-06-01,FALSE,,1,PMS_Report_June_2025.xlsx,,Fuel June 2025,8,2,B8
2025-06-01,2024-06-01,STATE,Benue,Benue,Benue,North Central,FALSE,854.5454545454545,NGN per litre,2024-06-01,FALSE,,1,PMS_Report_June_2025.xlsx,,Fuel June 2025,9,2,B9
2025-06-01,2024-06-01,STATE,Borno,Borno,Borno,North East,FALSE,743.9090909090909,NGN per litre,2024-06-01,FALSE,,1,PMS_Report_June_2025.xlsx,,Fuel June 2025,10,2,B10
2025-06-01,2024-06-01,STATE,Cross River,Cross River,Cross River,South South,FALSE,793.3333333333334,NGN per litre,2024-06-01,FALSE,,1,PMS_Report_June_2025.xlsx,,Fuel June 2025,11,2,B11
2025-06-01,2024-06-01,STATE,Delta,Delta,Delta,South South,FALSE,785.7142857142857,NGN per litre,2024-06-01,FALSE,,1,PMS_Report_June_2025.xlsx,,Fuel June 2025,12,2,B12
2025-06-01,2024-06-01,STATE,Ebonyi,Ebonyi,Ebonyi,South East,FALSE,795.5,NGN per litre,2024-06-01,FALSE,,1,PMS_Report_June_2025.xlsx,,Fuel June 2025,13,2,B13
2025-06-01,2024-06-01,STATE,Edo,Edo,Edo,South South,FALSE,773.75,NGN per litre,2024-06-01,FALSE,,1,PMS_Report_June_2025.xlsx,,Fuel June 2025,14,2,B14
2025-06-01,2024-06-01,STATE,Ekiti,Ekiti,Ekiti,South West,FALSE,747.2222222222222,NGN per litre,2024-06-01,FALSE,,1,PMS_Report_June_2025.xlsx,,Fuel June 2025,15,2,B15
2025-06-01,2024-06-01,STATE,Enugu,Enugu,Enugu,South East,FALSE,797.7894736842105,NGN per litre,2024-06-01,FALSE,,1,PMS_Report_June_2025.xlsx,,Fuel June 2025,16,2,B16
2025-06-01,2024-06-01,STATE,Gombe,Gombe,Gombe,North East,FALSE,727.1428571428571,NGN per litre,2024-06-01,FALSE,,1,PMS_Report_June_2025.xlsx,,Fuel June 2025,17,2,B17
2025-06-01,2024-06-01,STATE,Imo,Imo,Imo,South East,FALSE,796.1538461538462,NGN per litre,2024-06-01,FALSE,,1,PMS_Report_June_2025.xlsx,,Fuel June 2025,18,2,B18
2025-06-01,2024-06-01,STATE,Jigawa,Jigawa,Jigawa,North West,FALSE,847,NGN per litre,2024-06-01,FALSE,,1,PMS_Report_June_2025.xlsx,,Fuel June 2025,19,2,B19
2025-06-01,2024-06-01,STATE,Kaduna,Kaduna,Kaduna,North West,FALSE,709.5833333333334,NGN per litre,2024-06-01,FALSE,,1,PMS_Report_June_2025.xlsx,,Fuel June 2025,20,2,B20
2025-06-01,2024-06-01,STATE,Kano,Kano,Kano,North West,FALSE,715.4545454545455,NGN per litre,2024-06-01,FALSE,,1,PMS_Report_June_2025.xlsx,,Fuel June 2025,21,2,B21
2025-06-01,2024-06-01,STATE,Katsina,Katsina,Katsina,North West,FALSE,742.5,NGN per litre,2024-06-01,FALSE,,1,PMS_Report_June_2025.xlsx,,Fuel June 2025,22,2,B22
2025-06-01,2024-06-01,STATE,Kebbi,Kebbi,Kebbi,North West,FALSE,742.3076923076923,NGN per litre,2024-06-01,FALSE,,1,PMS_Report_June_2025.xlsx,,Fuel June 2025,23,2,B23
2025-06-01,2024-06-01,STATE,Kogi,Kogi,Kogi,North Central,FALSE,789.4736842105264,NGN per litre,2024-06-01,FALSE,,1,PMS_Report_June_2025.xlsx,,Fuel June 2025,24,2,B24
2025-06-01,2024-06-01,STATE,Kwara,Kwara,Kwara,North Central,FALSE,650,NGN per litre,2024-06-01,FALSE,,1,PMS_Report_June_2025.xlsx,,Fuel June 2025,25,2,B25
2025-06-01,2024-06-01,STATE,Lagos,Lagos,Lagos,South West,FALSE,626.9411764705883,NGN per litre,2024-06-01,FALSE,,1,PMS_Report_June_2025.xlsx,,Fuel June 2025,26,2,B26
2025-06-01,2024-06-01,STATE,Nasarawa,Nassarawa,Nasarawa,North Central,FALSE,773.0769230769231,NGN per litre,2024-06-01,FALSE,,1,PMS_Report_June_2025.xlsx,,Fuel June 2025,27,2,B27
2025-06-01,2024-06-01,STATE,Niger,Niger,Niger,North Central,FALSE,704.4666666666667,NGN per litre,2024-06-01,FALSE,,1,PMS_Report_June_2025.xlsx,,Fuel June 2025,28,2,B28
2025-06-01,2024-06-01,STATE,Ogun,Ogun,Ogun,South West,FALSE,670.625,NGN per litre,2024-06-01,FALSE,,1,PMS_Report_June_2025.xlsx,,Fuel June 2025,29,2,B29
2025-06-01,2024-06-01,STATE,Ondo,Ondo,Ondo,South West,FALSE,747.8571428571429,NGN per litre,2024-06-01,FALSE,,1,PMS_Report_June_2025.xlsx,,Fuel June 2025,30,2,B30
2025-06-01,2024-06-01,STATE,Osun,Osun,Osun,South West,FALSE,689.2307692307693,NGN per litre,2024-06-01,FALSE,,1,PMS_Report_June_2025.xlsx,,Fuel June 2025,31,2,B31
2025-06-01,2024-06-01,STATE,Oyo,Oyo,Oyo,South West,FALSE,696.6666666666666,NGN per litre,2024-06-01,FALSE,,1,PMS_Report_June_2025.xlsx,,Fuel June 2025,32,2,B32
2025-06-01,2024-06-01,STATE,Plateau,Plateau,Plateau,North Central,FALSE,719.7272727272727,NGN per litre,2024-06-01,FALSE,,1,PMS_Report_June_2025.xlsx,,Fuel June 2025,33,2,B33
2025-06-01,2024-06-01,STATE,Rivers,Rivers,Rivers,South South,FALSE,810,NGN per litre,2024-06-01,FALSE,,1,PMS_Report_June_2025.xlsx,,Fuel June 2025,34,2,B34
2025-06-01,2024-06-01,STATE,Sokoto,Sokoto,Sokoto,North West,FALSE,723.3333333333334,NGN per litre,2024-06-01,FALSE,,1,PMS_Report_June_2025.xlsx,,Fuel June 2025,35,2,B35
2025-06-01,2024-06-01,STATE,Taraba,Taraba,Taraba,North East,FALSE,751.8888888888889,NGN per litre,2024-06-01,FALSE,,1,PMS_Report_June_2025.xlsx,,Fuel June 2025,36,2,B36
2025-06-01,2024-06-01,STATE,Yobe,Yobe,Yobe,North East,FALSE,735,NGN per litre,2024-06-01,FALSE,,1,PMS_Report_June_2025.xlsx,,Fuel June 2025,37,2,B37
2025-06-01,2024-06-01,STATE,Zamfara,Zamfara,Zamfara,North West,FALSE,760.3846153846154,NGN per litre,2024-06-01,FALSE,,1,PMS_Report_June_2025.xlsx,,Fuel June 2025,38,2,B38
2025-06-01,2024-06-01,NATIONAL,Nigeria,AVERAGE,,,TRUE,750.1722751296668,NGN per litre,2024-06-01,FALSE,,1,PMS_Report_June_2025.xlsx,,Fuel June 2025,39,2,B39
2025-06-01,2025-05-01,STATE,Abia,Abia,Abia,South East,FALSE,1059.0165,NGN per litre,2025-05-01,FALSE,,1,PMS_Report_June_2025.xlsx,,Fuel June 2025,2,3,C2
2025-06-01,2025-05-01,STATE,Abuja,Abuja,Abuja,North Central,FALSE,1029.8,NGN per litre,2025-05-01,FALSE,,1,PMS_Report_June_2025.xlsx,,Fuel June 2025,3,3,C3
2025-06-01,2025-05-01,STATE,Adamawa,Adamawa,Adamawa,North East,FALSE,1053.4,NGN per litre,2025-05-01,FALSE,,1,PMS_Report_June_2025.xlsx,,Fuel June 2025,4,3,C4
2025-06-01,2025-05-01,STATE,Akwa Ibom,Akwa Ibom,Akwa Ibom,South South,FALSE,1033.4087499999998,NGN per litre,2025-05-01,FALSE,,1,PMS_Report_June_2025.xlsx,,Fuel June 2025,5,3,C5
2025-06-01,2025-05-01,STATE,Anambra,Anambra,Anambra,South East,FALSE,1084.130802533333,NGN per litre,2025-05-01,FALSE,,1,PMS_Report_June_2025.xlsx,,Fuel June 2025,6,3,C6
2025-06-01,2025-05-01,STATE,Bauchi,Bauchi,Bauchi,North East,FALSE,1053.731229,NGN per litre,2025-05-01,FALSE,,1,PMS_Report_June_2025.xlsx,,Fuel June 2025,7,3,C7
2025-06-01,2025-05-01,STATE,Bayelsa,Bayelsa,Bayelsa,South South,FALSE,1006,NGN per litre,2025-05-01,FALSE,,1,PMS_Report_June_2025.xlsx,,Fuel June 2025,8,3,C8
2025-06-01,2025-05-01,STATE,Benue,Benue,Benue,North Central,FALSE,1009.3076923076923,NGN per litre,2025-05-01,FALSE,,1,PMS_Report_June_2025.xlsx,,Fuel June 2025,9,3,C9
2025-06-01,2025-05-01,STATE,Borno,Borno,Borno,North East,FALSE,1034.9333333333334,NGN per litre,2025-05-01,FALSE,,1,PMS_Report_June_2025.xlsx,,Fuel June 2025,10,3,C10
2025-06-01,2025-05-01,STATE,Cross River,Cross River,Cross River,South South,FALSE,1000.55375,NGN per litre,2025-05-01,FALSE,,1,PMS_Report_June_2025.xlsx,,Fuel June 2025,11,3,C11
2025-06-01,2025-05-01,STATE,Delta,Delta,Delta,South South,FALSE,1067.3394,NGN per litre,2025-05-01,FALSE,,1,PMS_Report_June_2025.xlsx,,Fuel June 2025,12,3,C12
2025-06-01,2025-05-01,STATE,Ebonyi,Ebonyi,Ebonyi,South East,FALSE,1060.1787673714284,NGN per litre,2025-05-01,FALSE,,1,PMS_Report_June_2025.xlsx,,Fuel June 2025,13,3,C13
2025-06-01,2025-05-01,STATE,Edo,Edo,Edo,South South,FALSE,1020,NGN per litre,2025-05-01,FALSE,,1,PMS_Report_June_2025.xlsx,,Fuel June 2025,14,3,C14
2025-06-01,2025-05-01,STATE,Ekiti,Ekiti,Ekiti,South West,FALSE,1001.1949177999999,NGN per litre,2025-05-01,FALSE,,1,PMS_Report_June_2025.xlsx,,Fuel June 2025,15,3,C15
2025-06-01,2025-05-01,STATE,Enugu,Enugu,Enugu,South East,FALSE,1054.5901666666666,NGN per litre,2025-05-01,FALSE,,1,PMS_Report_June_2025.xlsx,,Fuel June 2025,16,3,C16
2025-06-01,2025-05-01,STATE,Gombe,Gombe,Gombe,North East,FALSE,990,NGN per litre,2025-05-01,FALSE,,1,PMS_Report_June_2025.xlsx,,Fuel June 2025,17,3,C17
2025-06-01,2025-05-01,STATE,Imo,Imo,Imo,South East,FALSE,987.8571428571429,NGN per litre,2025-05-01,FALSE,,1,PMS_Report_June_2025.xlsx,,Fuel June 2025,18,3,C18
2025-06-01,2025-05-01,STATE,Jigawa,Jigawa,Jigawa,North West,FALSE,1079.0163613,NGN per litre,2025-05-01,FALSE,,1,PMS_Report_June_2025.xlsx,,Fuel June 2025,19,3,C19
2025-06-01,2025-05-01,STATE,Kaduna,Kaduna,Kaduna,North West,FALSE,1020.8271128,NGN per litre,2025-05-01,FALSE,,1,PMS_Report_June_2025.xlsx,,Fuel June 2025,20,3,C20
2025-06-01,2025-05-01,STATE,Kano,Kano,Kano,North West,FALSE,988.16172,NGN per litre,2025-05-01,FALSE,,1,PMS_Report_June_2025.xlsx,,Fuel June 2025,21,3,C21
2025-06-01,2025-05-01,STATE,Katsina,Katsina,Katsina,North West,FALSE,992.22125,NGN per litre,2025-05-01,FALSE,,1,PMS_Report_June_2025.xlsx,,Fuel June 2025,22,3,C22
2025-06-01,2025-05-01,STATE,Kebbi,Kebbi,Kebbi,North West,FALSE,1021.790906425,NGN per litre,2025-05-01,FALSE,,1,PMS_Report_June_2025.xlsx,,Fuel June 2025,23,3,C23
2025-06-01,2025-05-01,STATE,Kogi,Kogi,Kogi,North Central,FALSE,986.6666666666666,NGN per litre,2025-05-01,FALSE,,1,PMS_Report_June_2025.xlsx,,Fuel June 2025,24,3,C24
2025-06-01,2025-05-01,STATE,Kwara,Kwara,Kwara,North Central,FALSE,1038.0637257350002,NGN per litre,2025-05-01,FALSE,,1,PMS_Report_June_2025.xlsx,,Fuel June 2025,25,3,C25
2025-06-01,2025-05-01,STATE,Lagos,Lagos,Lagos,South West,FALSE,1077.050976,NGN per litre,2025-05-01,FALSE,,1,PMS_Report_June_2025.xlsx,,Fuel June 2025,26,3,C26
2025-06-01,2025-05-01,STATE,Nasarawa,Nassarawa,Nasarawa,North Central,FALSE,992,NGN per litre,2025-05-01,FALSE,,1,PMS_Report_June_2025.xlsx,,Fuel June 2025,27,3,C27
2025-06-01,2025-05-01,STATE,Niger,Niger,Niger,North Central,FALSE,991.075,NGN per litre,2025-05-01,FALSE,,1,PMS_Report_June_2025.xlsx,,Fuel June 2025,28,3,C28
2025-06-01,2025-05-01,STATE,Ogun,Ogun,Ogun,South West,FALSE,1013.125,NGN per litre,2025-05-01,FALSE,,1,PMS_Report_June_2025.xlsx,,Fuel June 2025,29,3,C29
2025-06-01,2025-05-01,STATE,Ondo,Ondo,Ondo,South West,FALSE,1083.4709257333334,NGN per litre,2025-05-01,FALSE,,1,PMS_Report_June_2025.xlsx,,Fuel June 2025,30,3,C30
2025-06-01,2025-05-01,STATE,Osun,Osun,Osun,South West,FALSE,1060.5752577777776,NGN per litre,2025-05-01,FALSE,,1,PMS_Report_June_2025.xlsx,,Fuel June 2025,31,3,C31
2025-06-01,2025-05-01,STATE,Oyo,Oyo,Oyo,South West,FALSE,1038.005678627451,NGN per litre,2025-05-01,FALSE,,1,PMS_Report_June_2025.xlsx,,Fuel June 2025,32,3,C32
2025-06-01,2025-05-01,STATE,Plateau,Plateau,Plateau,North Central,FALSE,991.0518312794999,NGN per litre,2025-05-01,FALSE,,1,PMS_Report_June_2025.xlsx,,Fuel June 2025,33,3,C33
2025-06-01,2025-05-01,STATE,Rivers,Rivers,Rivers,South South,FALSE,981.6666666666666,NGN per litre,2025-05-01,FALSE,,1,PMS_Report_June_2025.xlsx,,Fuel June 2025,34,3,C34
2025-06-01,2025-05-01,STATE,Sokoto,Sokoto,Sokoto,North West,FALSE,1100,NGN per litre,2025-05-01,FALSE,,1,PMS_Report_June_2025.xlsx,,Fuel June 2025,35,3,C35
2025-06-01,2025-05-01,STATE,Taraba,Taraba,Taraba,North East,FALSE,983,NGN per litre,2025-05-01,FALSE,,1,PMS_Report_June_2025.xlsx,,Fuel June 2025,36,3,C36
2025-06-01,2025-05-01,STATE,Yobe,Yobe,Yobe,North East,FALSE,950.6,NGN per litre,2025-05-01,FALSE,,1,PMS_Report_June_2025.xlsx,,Fuel June 2025,37,3,C37
2025-06-01,2025-05-01,STATE,Zamfara,Zamfara,Zamfara,North West,FALSE,1093.2114462,NGN per litre,2025-05-01,FALSE,,1,PMS_Report_June_2025.xlsx,,Fuel June 2025,38,3,C38
2025-06-01,2025-05-01,NATIONAL,Nigeria,AVERAGE,,,TRUE,1027.7573777589457,NGN per litre,2025-05-01,FALSE,,1,PMS_Report_June_2025.xlsx,,Fuel June 2025,39,3,C39
2025-06-01,2025-06-01,STATE,Abia,Abia,Abia,South East,FALSE,1041.28375,NGN per litre,2025-06-01,TRUE,,1,PMS_Report_June_2025.xlsx,,Fuel June 2025,2,4,D2
2025-06-01,2025-06-01,STATE,Abuja,Abuja,Abuja,North Central,FALSE,1050.36,NGN per litre,2025-06-01,TRUE,,1,PMS_Report_June_2025.xlsx,,Fuel June 2025,3,4,D3
2025-06-01,2025-06-01,STATE,Adamawa,Adamawa,Adamawa,North East,FALSE,1083.4,NGN per litre,2025-06-01,TRUE,,1,PMS_Report_June_2025.xlsx,,Fuel June 2025,4,4,D4
2025-06-01,2025-06-01,STATE,Akwa Ibom,Akwa Ibom,Akwa Ibom,South South,FALSE,1033.4087499999998,NGN per litre,2025-06-01,TRUE,,1,PMS_Report_June_2025.xlsx,,Fuel June 2025,5,4,D5
2025-06-01,2025-06-01,STATE,Anambra,Anambra,Anambra,South East,FALSE,1088.1952092,NGN per litre,2025-06-01,TRUE,,1,PMS_Report_June_2025.xlsx,,Fuel June 2025,6,4,D6
2025-06-01,2025-06-01,STATE,Bauchi,Bauchi,Bauchi,North East,FALSE,1055.342034,NGN per litre,2025-06-01,TRUE,,1,PMS_Report_June_2025.xlsx,,Fuel June 2025,7,4,D7
2025-06-01,2025-06-01,STATE,Bayelsa,Bayelsa,Bayelsa,South South,FALSE,1006,NGN per litre,2025-06-01,TRUE,,1,PMS_Report_June_2025.xlsx,,Fuel June 2025,8,4,D8
2025-06-01,2025-06-01,STATE,Benue,Benue,Benue,North Central,FALSE,1016.07692307692,NGN per litre,2025-06-01,TRUE,,1,PMS_Report_June_2025.xlsx,,Fuel June 2025,9,4,D9
2025-06-01,2025-06-01,STATE,Borno,Borno,Borno,North East,FALSE,1034.9333333333334,NGN per litre,2025-06-01,TRUE,,1,PMS_Report_June_2025.xlsx,,Fuel June 2025,10,4,D10
2025-06-01,2025-06-01,STATE,Cross River,Cross River,Cross River,South South,FALSE,1025.55375,NGN per litre,2025-06-01,TRUE,,1,PMS_Report_June_2025.xlsx,,Fuel June 2025,11,4,D11
2025-06-01,2025-06-01,STATE,Delta,Delta,Delta,South South,FALSE,1067.3394,NGN per litre,2025-06-01,TRUE,,1,PMS_Report_June_2025.xlsx,,Fuel June 2025,12,4,D12
2025-06-01,2025-06-01,STATE,Ebonyi,Ebonyi,Ebonyi,South East,FALSE,1043.9625445142858,NGN per litre,2025-06-01,TRUE,,1,PMS_Report_June_2025.xlsx,,Fuel June 2025,13,4,D13
2025-06-01,2025-06-01,STATE,Edo,Edo,Edo,South South,FALSE,1020,NGN per litre,2025-06-01,TRUE,,1,PMS_Report_June_2025.xlsx,,Fuel June 2025,14,4,D14
2025-06-01,2025-06-01,STATE,Ekiti,Ekiti,Ekiti,South West,FALSE,1001.1949177999999,NGN per litre,2025-06-01,TRUE,,1,PMS_Report_June_2025.xlsx,,Fuel June 2025,15,4,D15
2025-06-01,2025-06-01,STATE,Enugu,Enugu,Enugu,South East,FALSE,1054.5901666666666,NGN per litre,2025-06-01,TRUE,,1,PMS_Report_June_2025.xlsx,,Fuel June 2025,16,4,D16
2025-06-01,2025-06-01,STATE,Gombe,Gombe,Gombe,North East,FALSE,990,NGN per litre,2025-06-01,TRUE,,1,PMS_Report_June_2025.xlsx,,Fuel June 2025,17,4,D17
2025-06-01,2025-06-01,STATE,Imo,Imo,Imo,South East,FALSE,987.8571428571429,NGN per litre,2025-06-01,TRUE,,1,PMS_Report_June_2025.xlsx,,Fuel June 2025,18,4,D18
2025-06-01,2025-06-01,STATE,Jigawa,Jigawa,Jigawa,North West,FALSE,1107.5163613,NGN per litre,2025-06-01,TRUE,,1,PMS_Report_June_2025.xlsx,,Fuel June 2025,19,4,D19
2025-06-01,2025-06-01,STATE,Kaduna,Kaduna,Kaduna,North West,FALSE,1064.7871128,NGN per litre,2025-06-01,TRUE,,1,PMS_Report_June_2025.xlsx,,Fuel June 2025,20,4,D20
2025-06-01,2025-06-01,STATE,Kano,Kano,Kano,North West,FALSE,1015.1232584615384,NGN per litre,2025-06-01,TRUE,,1,PMS_Report_June_2025.xlsx,,Fuel June 2025,21,4,D21
2025-06-01,2025-06-01,STATE,Katsina,Katsina,Katsina,North West,FALSE,1003.48375,NGN per litre,2025-06-01,TRUE,,1,PMS_Report_June_2025.xlsx,,Fuel June 2025,22,4,D22
2025-06-01,2025-06-01,STATE,Kebbi,Kebbi,Kebbi,North West,FALSE,1052.139656425,NGN per litre,2025-06-01,TRUE,,1,PMS_Report_June_2025.xlsx,,Fuel June 2025,23,4,D23
2025-06-01,2025-06-01,STATE,Kogi,Kogi,Kogi,North Central,FALSE,986.6666666666666,NGN per litre,2025-06-01,TRUE,,1,PMS_Report_June_2025.xlsx,,Fuel June 2025,24,4,D24
2025-06-01,2025-06-01,STATE,Kwara,Kwara,Kwara,North Central,FALSE,1031.216675835,NGN per litre,2025-06-01,TRUE,,1,PMS_Report_June_2025.xlsx,,Fuel June 2025,25,4,D25
2025-06-01,2025-06-01,STATE,Lagos,Lagos,Lagos,South West,FALSE,1100.289476,NGN per litre,2025-06-01,TRUE,,1,PMS_Report_June_2025.xlsx,,Fuel June 2025,26,4,D26
2025-06-01,2025-06-01,STATE,Nasarawa,Nassarawa,Nasarawa,North Central,FALSE,992,NGN per litre,2025-06-01,TRUE,,1,PMS_Report_June_2025.xlsx,,Fuel June 2025,27,4,D27
2025-06-01,2025-06-01,STATE,Niger,Niger,Niger,North Central,FALSE,1067.4075,NGN per litre,2025-06-01,TRUE,,1,PMS_Report_June_2025.xlsx,,Fuel June 2025,28,4,D28
2025-06-01,2025-06-01,STATE,Ogun,Ogun,Ogun,South West,FALSE,1012.5,NGN per litre,2025-06-01,TRUE,,1,PMS_Report_June_2025.xlsx,,Fuel June 2025,29,4,D29
2025-06-01,2025-06-01,STATE,Ondo,Ondo,Ondo,South West,FALSE,1104.8042590666666,NGN per litre,2025-06-01,TRUE,,1,PMS_Report_June_2025.xlsx,,Fuel June 2025,30,4,D30
2025-06-01,2025-06-01,STATE,Osun,Osun,Osun,South West,FALSE,1060.5752577777776,NGN per litre,2025-06-01,TRUE,,1,PMS_Report_June_2025.xlsx,,Fuel June 2025,31,4,D31
2025-06-01,2025-06-01,STATE,Oyo,Oyo,Oyo,South West,FALSE,1038.005678627451,NGN per litre,2025-06-01,TRUE,,1,PMS_Report_June_2025.xlsx,,Fuel June 2025,32,4,D32
2025-06-01,2025-06-01,STATE,Plateau,Plateau,Plateau,North Central,FALSE,1009.0518312795,NGN per litre,2025-06-01,TRUE,,1,PMS_Report_June_2025.xlsx,,Fuel June 2025,33,4,D33
2025-06-01,2025-06-01,STATE,Rivers,Rivers,Rivers,South South,FALSE,994.3222222222222,NGN per litre,2025-06-01,TRUE,,1,PMS_Report_June_2025.xlsx,,Fuel June 2025,34,4,D34
2025-06-01,2025-06-01,STATE,Sokoto,Sokoto,Sokoto,North West,FALSE,1100,NGN per litre,2025-06-01,TRUE,,1,PMS_Report_June_2025.xlsx,,Fuel June 2025,35,4,D35
2025-06-01,2025-06-01,STATE,Taraba,Taraba,Taraba,North East,FALSE,1006.6,NGN per litre,2025-06-01,TRUE,,1,PMS_Report_June_2025.xlsx,,Fuel June 2025,36,4,D36
2025-06-01,2025-06-01,STATE,Yobe,Yobe,Yobe,North East,FALSE,950.6,NGN per litre,2025-06-01,TRUE,,1,PMS_Report_June_2025.xlsx,,Fuel June 2025,37,4,D37
2025-06-01,2025-06-01,STATE,Zamfara,Zamfara,Zamfara,North West,FALSE,1096.81125,NGN per litre,2025-06-01,TRUE,,1,PMS_Report_June_2025.xlsx,,Fuel June 2025,38,4,D38
2025-06-01,2025-06-01,ZONE,North Central,North Central,,North Central,TRUE,1021.8256566940124,NGN per litre,Average Price,TRUE,,1,PMS_Report_June_2025.xlsx,,Fuel June 2025,3,7,G3
2025-06-01,2025-06-01,ZONE,North East,North East,,North East,TRUE,1020.1458945555556,NGN per litre,Average Price,TRUE,,1,PMS_Report_June_2025.xlsx,,Fuel June 2025,4,7,G4
2025-06-01,2025-06-01,ZONE,North West,North West,,North West,TRUE,1062.8373412837911,NGN per litre,Average Price,TRUE,,1,PMS_Report_June_2025.xlsx,,Fuel June 2025,7,7,G7
2025-06-01,2025-06-01,ZONE,South East,South East,,South East,TRUE,1043.1777626476191,NGN per litre,Average Price,TRUE,,1,PMS_Report_June_2025.xlsx,,Fuel June 2025,2,7,G2
2025-06-01,2025-06-01,ZONE,South South,South South,,South South,TRUE,1024.4373537037036,NGN per litre,Average Price,TRUE,,1,PMS_Report_June_2025.xlsx,,Fuel June 2025,5,7,G5
2025-06-01,2025-06-01,ZONE,South West,South West,,South West,TRUE,1052.8949315453158,NGN per litre,Average Price,TRUE,,1,PMS_Report_June_2025.xlsx,,Fuel June 2025,6,7,G6
2025-06-01,2025-06-01,NATIONAL,Nigeria,AVERAGE,,,TRUE,1037.6594291327074,NGN per litre,2025-06-01,TRUE,,1,PMS_Report_June_2025.xlsx,,Fuel June 2025,39,4,D39
2025-07-01,2024-07-01,STATE,Abia,Abia,Abia,South East,FALSE,797.4205860811121,NGN per litre,2024-07-01,FALSE,,1,PMS_Report_JULY_2025.zip,Fuel_Report_July_2025.xlsx,Fuel JULY 2025,2,2,B2
2025-07-01,2024-07-01,STATE,Abuja,Abuja,Abuja,North Central,FALSE,677,NGN per litre,2024-07-01,FALSE,,1,PMS_Report_JULY_2025.zip,Fuel_Report_July_2025.xlsx,Fuel JULY 2025,3,2,B3
2025-07-01,2024-07-01,STATE,Adamawa,Adamawa,Adamawa,North East,FALSE,809.7333374023438,NGN per litre,2024-07-01,FALSE,,1,PMS_Report_JULY_2025.zip,Fuel_Report_July_2025.xlsx,Fuel JULY 2025,4,2,B4
2025-07-01,2024-07-01,STATE,Akwa Ibom,Akwa Ibom,Akwa Ibom,South South,FALSE,673.75,NGN per litre,2024-07-01,FALSE,,1,PMS_Report_JULY_2025.zip,Fuel_Report_July_2025.xlsx,Fuel JULY 2025,5,2,B5
2025-07-01,2024-07-01,STATE,Anambra,Anambra,Anambra,South East,FALSE,781.9945417131696,NGN per litre,2024-07-01,FALSE,,1,PMS_Report_JULY_2025.zip,Fuel_Report_July_2025.xlsx,Fuel JULY 2025,6,2,B6
2025-07-01,2024-07-01,STATE,Bauchi,Bauchi,Bauchi,North East,FALSE,816.25,NGN per litre,2024-07-01,FALSE,,1,PMS_Report_JULY_2025.zip,Fuel_Report_July_2025.xlsx,Fuel JULY 2025,7,2,B7
2025-07-01,2024-07-01,STATE,Bayelsa,Bayelsa,Bayelsa,South South,FALSE,684,NGN per litre,2024-07-01,FALSE,,1,PMS_Report_JULY_2025.zip,Fuel_Report_July_2025.xlsx,Fuel JULY 2025,8,2,B8
2025-07-01,2024-07-01,STATE,Benue,Benue,Benue,North Central,FALSE,846.9458211263021,NGN per litre,2024-07-01,FALSE,,1,PMS_Report_JULY_2025.zip,Fuel_Report_July_2025.xlsx,Fuel JULY 2025,9,2,B9
2025-07-01,2024-07-01,STATE,Borno,Borno,Borno,North East,FALSE,829.4642857142857,NGN per litre,2024-07-01,FALSE,,1,PMS_Report_JULY_2025.zip,Fuel_Report_July_2025.xlsx,Fuel JULY 2025,10,2,B10
2025-07-01,2024-07-01,STATE,Cross River,Cross River,Cross River,South South,FALSE,677.7777777777778,NGN per litre,2024-07-01,FALSE,,1,PMS_Report_JULY_2025.zip,Fuel_Report_July_2025.xlsx,Fuel JULY 2025,11,2,B11
2025-07-01,2024-07-01,STATE,Delta,Delta,Delta,South South,FALSE,680,NGN per litre,2024-07-01,FALSE,,1,PMS_Report_JULY_2025.zip,Fuel_Report_July_2025.xlsx,Fuel JULY 2025,12,2,B12
2025-07-01,2024-07-01,STATE,Ebonyi,Ebonyi,Ebonyi,South East,FALSE,780.7714320591518,NGN per litre,2024-07-01,FALSE,,1,PMS_Report_JULY_2025.zip,Fuel_Report_July_2025.xlsx,Fuel JULY 2025,13,2,B13
2025-07-01,2024-07-01,STATE,Edo,Edo,Edo,South South,FALSE,669.75,NGN per litre,2024-07-01,FALSE,,1,PMS_Report_JULY_2025.zip,Fuel_Report_July_2025.xlsx,Fuel JULY 2025,14,2,B14
2025-07-01,2024-07-01,STATE,Ekiti,Ekiti,Ekiti,South West,FALSE,774.375,NGN per litre,2024-07-01,FALSE,,1,PMS_Report_JULY_2025.zip,Fuel_Report_July_2025.xlsx,Fuel JULY 2025,15,2,B15
2025-07-01,2024-07-01,STATE,Enugu,Enugu,Enugu,South East,FALSE,780.2809059836648,NGN per litre,2024-07-01,FALSE,,1,PMS_Report_JULY_2025.zip,Fuel_Report_July_2025.xlsx,Fuel JULY 2025,16,2,B16
2025-07-01,2024-07-01,STATE,Gombe,Gombe,Gombe,North East,FALSE,809.15,NGN per litre,2024-07-01,FALSE,,1,PMS_Report_JULY_2025.zip,Fuel_Report_July_2025.xlsx,Fuel JULY 2025,17,2,B17
2025-07-01,2024-07-01,STATE,Imo,Imo,Imo,South East,FALSE,793.4076913686899,NGN per litre,2024-07-01,FALSE,,1,PMS_Report_JULY_2025.zip,Fuel_Report_July_2025.xlsx,Fuel JULY 2025,18,2,B18
2025-07-01,2024-07-01,STATE,Jigawa,Jigawa,Jigawa,North West,FALSE,903.07692307692,NGN per litre,2024-07-01,FALSE,,1,PMS_Report_JULY_2025.zip,Fuel_Report_July_2025.xlsx,Fuel JULY 2025,19,2,B19
2025-07-01,2024-07-01,STATE,Kaduna,Kaduna,Kaduna,North West,FALSE,763,NGN per litre,2024-07-01,FALSE,,1,PMS_Report_JULY_2025.zip,Fuel_Report_July_2025.xlsx,Fuel JULY 2025,20,2,B20
2025-07-01,2024-07-01,STATE,Kano,Kano,Kano,North West,FALSE,755.3571428571429,NGN per litre,2024-07-01,FALSE,,1,PMS_Report_JULY_2025.zip,Fuel_Report_July_2025.xlsx,Fuel JULY 2025,21,2,B21
2025-07-01,2024-07-01,STATE,Katsina,Katsina,Katsina,North West,FALSE,950,NGN per litre,2024-07-01,FALSE,,1,PMS_Report_JULY_2025.zip,Fuel_Report_July_2025.xlsx,Fuel JULY 2025,22,2,B22
2025-07-01,2024-07-01,STATE,Kebbi,Kebbi,Kebbi,North West,FALSE,822.1428571428571,NGN per litre,2024-07-01,FALSE,,1,PMS_Report_JULY_2025.zip,Fuel_Report_July_2025.xlsx,Fuel JULY 2025,23,2,B23
2025-07-01,2024-07-01,STATE,Kogi,Kogi,Kogi,North Central,FALSE,751.4294146369485,NGN per litre,2024-07-01,FALSE,,1,PMS_Report_JULY_2025.zip,Fuel_Report_July_2025.xlsx,Fuel JULY 2025,24,2,B24
2025-07-01,2024-07-01,STATE,Kwara,Kwara,Kwara,North Central,FALSE,650,NGN per litre,2024-07-01,FALSE,,1,PMS_Report_JULY_2025.zip,Fuel_Report_July_2025.xlsx,Fuel JULY 2025,25,2,B25
2025-07-01,2024-07-01,STATE,Lagos,Lagos,Lagos,South West,FALSE,693.8235294117648,NGN per litre,2024-07-01,FALSE,,1,PMS_Report_JULY_2025.zip,Fuel_Report_July_2025.xlsx,Fuel JULY 2025,26,2,B26
2025-07-01,2024-07-01,STATE,Nasarawa,Nassarawa,Nasarawa,North Central,FALSE,781.9621451241629,NGN per litre,2024-07-01,FALSE,,1,PMS_Report_JULY_2025.zip,Fuel_Report_July_2025.xlsx,Fuel JULY 2025,27,2,B27
2025-07-01,2024-07-01,STATE,Niger,Niger,Niger,North Central,FALSE,745.5199991861979,NGN per litre,2024-07-01,FALSE,,1,PMS_Report_JULY_2025.zip,Fuel_Report_July_2025.xlsx,Fuel JULY 2025,28,2,B28
2025-07-01,2024-07-01,STATE,Ogun,Ogun,Ogun,South West,FALSE,742.2222222222222,NGN per litre,2024-07-01,FALSE,,1,PMS_Report_JULY_2025.zip,Fuel_Report_July_2025.xlsx,Fuel JULY 2025,29,2,B29
2025-07-01,2024-07-01,STATE,Ondo,Ondo,Ondo,South West,FALSE,776.9230769230769,NGN per litre,2024-07-01,FALSE,,1,PMS_Report_JULY_2025.zip,Fuel_Report_July_2025.xlsx,Fuel JULY 2025,30,2,B30
2025-07-01,2024-07-01,STATE,Osun,Osun,Osun,South West,FALSE,842.1428571428571,NGN per litre,2024-07-01,FALSE,,1,PMS_Report_JULY_2025.zip,Fuel_Report_July_2025.xlsx,Fuel JULY 2025,31,2,B31
2025-07-01,2024-07-01,STATE,Oyo,Oyo,Oyo,South West,FALSE,808.8461538461538,NGN per litre,2024-07-01,FALSE,,1,PMS_Report_JULY_2025.zip,Fuel_Report_July_2025.xlsx,Fuel JULY 2025,32,2,B32
2025-07-01,2024-07-01,STATE,Plateau,Plateau,Plateau,North Central,FALSE,782.4166666666666,NGN per litre,2024-07-01,FALSE,,1,PMS_Report_JULY_2025.zip,Fuel_Report_July_2025.xlsx,Fuel JULY 2025,33,2,B33
2025-07-01,2024-07-01,STATE,Rivers,Rivers,Rivers,South South,FALSE,684.5454545454545,NGN per litre,2024-07-01,FALSE,,1,PMS_Report_JULY_2025.zip,Fuel_Report_July_2025.xlsx,Fuel JULY 2025,34,2,B34
2025-07-01,2024-07-01,STATE,Sokoto,Sokoto,Sokoto,North West,FALSE,750,NGN per litre,2024-07-01,FALSE,,1,PMS_Report_JULY_2025.zip,Fuel_Report_July_2025.xlsx,Fuel JULY 2025,35,2,B35
2025-07-01,2024-07-01,STATE,Taraba,Taraba,Taraba,North East,FALSE,826.5454545454545,NGN per litre,2024-07-01,FALSE,,1,PMS_Report_JULY_2025.zip,Fuel_Report_July_2025.xlsx,Fuel JULY 2025,36,2,B36
2025-07-01,2024-07-01,STATE,Yobe,Yobe,Yobe,North East,FALSE,800.8815789473684,NGN per litre,2024-07-01,FALSE,,1,PMS_Report_JULY_2025.zip,Fuel_Report_July_2025.xlsx,Fuel JULY 2025,37,2,B37
2025-07-01,2024-07-01,STATE,Zamfara,Zamfara,Zamfara,North West,FALSE,797.1428571428571,NGN per litre,2024-07-01,FALSE,,1,PMS_Report_JULY_2025.zip,Fuel_Report_July_2025.xlsx,Fuel JULY 2025,38,2,B38
2025-07-01,2024-07-01,NATIONAL,Nigeria,AVERAGE,,,TRUE,770.5418841255301,NGN per litre,2024-07-01,FALSE,,1,PMS_Report_JULY_2025.zip,Fuel_Report_July_2025.xlsx,Fuel JULY 2025,39,2,B39
2025-07-01,2025-06-01,STATE,Abia,Abia,Abia,South East,FALSE,1041.28375,NGN per litre,2025-06-01,FALSE,,1,PMS_Report_JULY_2025.zip,Fuel_Report_July_2025.xlsx,Fuel JULY 2025,2,3,C2
2025-07-01,2025-06-01,STATE,Abuja,Abuja,Abuja,North Central,FALSE,1050.36,NGN per litre,2025-06-01,FALSE,,1,PMS_Report_JULY_2025.zip,Fuel_Report_July_2025.xlsx,Fuel JULY 2025,3,3,C3
2025-07-01,2025-06-01,STATE,Adamawa,Adamawa,Adamawa,North East,FALSE,1083.4,NGN per litre,2025-06-01,FALSE,,1,PMS_Report_JULY_2025.zip,Fuel_Report_July_2025.xlsx,Fuel JULY 2025,4,3,C4
2025-07-01,2025-06-01,STATE,Akwa Ibom,Akwa Ibom,Akwa Ibom,South South,FALSE,1033.4087499999998,NGN per litre,2025-06-01,FALSE,,1,PMS_Report_JULY_2025.zip,Fuel_Report_July_2025.xlsx,Fuel JULY 2025,5,3,C5
2025-07-01,2025-06-01,STATE,Anambra,Anambra,Anambra,South East,FALSE,1088.1952092,NGN per litre,2025-06-01,FALSE,,1,PMS_Report_JULY_2025.zip,Fuel_Report_July_2025.xlsx,Fuel JULY 2025,6,3,C6
2025-07-01,2025-06-01,STATE,Bauchi,Bauchi,Bauchi,North East,FALSE,1055.342034,NGN per litre,2025-06-01,FALSE,,1,PMS_Report_JULY_2025.zip,Fuel_Report_July_2025.xlsx,Fuel JULY 2025,7,3,C7
2025-07-01,2025-06-01,STATE,Bayelsa,Bayelsa,Bayelsa,South South,FALSE,1006,NGN per litre,2025-06-01,FALSE,,1,PMS_Report_JULY_2025.zip,Fuel_Report_July_2025.xlsx,Fuel JULY 2025,8,3,C8
2025-07-01,2025-06-01,STATE,Benue,Benue,Benue,North Central,FALSE,1016.07692307692,NGN per litre,2025-06-01,FALSE,,1,PMS_Report_JULY_2025.zip,Fuel_Report_July_2025.xlsx,Fuel JULY 2025,9,3,C9
2025-07-01,2025-06-01,STATE,Borno,Borno,Borno,North East,FALSE,1034.9333333333334,NGN per litre,2025-06-01,FALSE,,1,PMS_Report_JULY_2025.zip,Fuel_Report_July_2025.xlsx,Fuel JULY 2025,10,3,C10
2025-07-01,2025-06-01,STATE,Cross River,Cross River,Cross River,South South,FALSE,1025.55375,NGN per litre,2025-06-01,FALSE,,1,PMS_Report_JULY_2025.zip,Fuel_Report_July_2025.xlsx,Fuel JULY 2025,11,3,C11
2025-07-01,2025-06-01,STATE,Delta,Delta,Delta,South South,FALSE,1067.3394,NGN per litre,2025-06-01,FALSE,,1,PMS_Report_JULY_2025.zip,Fuel_Report_July_2025.xlsx,Fuel JULY 2025,12,3,C12
2025-07-01,2025-06-01,STATE,Ebonyi,Ebonyi,Ebonyi,South East,FALSE,1043.9625445142858,NGN per litre,2025-06-01,FALSE,,1,PMS_Report_JULY_2025.zip,Fuel_Report_July_2025.xlsx,Fuel JULY 2025,13,3,C13
2025-07-01,2025-06-01,STATE,Edo,Edo,Edo,South South,FALSE,1020,NGN per litre,2025-06-01,FALSE,,1,PMS_Report_JULY_2025.zip,Fuel_Report_July_2025.xlsx,Fuel JULY 2025,14,3,C14
2025-07-01,2025-06-01,STATE,Ekiti,Ekiti,Ekiti,South West,FALSE,1001.1949177999999,NGN per litre,2025-06-01,FALSE,,1,PMS_Report_JULY_2025.zip,Fuel_Report_July_2025.xlsx,Fuel JULY 2025,15,3,C15
2025-07-01,2025-06-01,STATE,Enugu,Enugu,Enugu,South East,FALSE,1054.5901666666666,NGN per litre,2025-06-01,FALSE,,1,PMS_Report_JULY_2025.zip,Fuel_Report_July_2025.xlsx,Fuel JULY 2025,16,3,C16
2025-07-01,2025-06-01,STATE,Gombe,Gombe,Gombe,North East,FALSE,990,NGN per litre,2025-06-01,FALSE,,1,PMS_Report_JULY_2025.zip,Fuel_Report_July_2025.xlsx,Fuel JULY 2025,17,3,C17
2025-07-01,2025-06-01,STATE,Imo,Imo,Imo,South East,FALSE,987.8571428571429,NGN per litre,2025-06-01,FALSE,,1,PMS_Report_JULY_2025.zip,Fuel_Report_July_2025.xlsx,Fuel JULY 2025,18,3,C18
2025-07-01,2025-06-01,STATE,Jigawa,Jigawa,Jigawa,North West,FALSE,1107.5163613,NGN per litre,2025-06-01,FALSE,,1,PMS_Report_JULY_2025.zip,Fuel_Report_July_2025.xlsx,Fuel JULY 2025,19,3,C19
2025-07-01,2025-06-01,STATE,Kaduna,Kaduna,Kaduna,North West,FALSE,1064.7871128,NGN per litre,2025-06-01,FALSE,,1,PMS_Report_JULY_2025.zip,Fuel_Report_July_2025.xlsx,Fuel JULY 2025,20,3,C20
2025-07-01,2025-06-01,STATE,Kano,Kano,Kano,North West,FALSE,1015.1232584615384,NGN per litre,2025-06-01,FALSE,,1,PMS_Report_JULY_2025.zip,Fuel_Report_July_2025.xlsx,Fuel JULY 2025,21,3,C21
2025-07-01,2025-06-01,STATE,Katsina,Katsina,Katsina,North West,FALSE,1003.48375,NGN per litre,2025-06-01,FALSE,,1,PMS_Report_JULY_2025.zip,Fuel_Report_July_2025.xlsx,Fuel JULY 2025,22,3,C22
2025-07-01,2025-06-01,STATE,Kebbi,Kebbi,Kebbi,North West,FALSE,1052.139656425,NGN per litre,2025-06-01,FALSE,,1,PMS_Report_JULY_2025.zip,Fuel_Report_July_2025.xlsx,Fuel JULY 2025,23,3,C23
2025-07-01,2025-06-01,STATE,Kogi,Kogi,Kogi,North Central,FALSE,986.6666666666666,NGN per litre,2025-06-01,FALSE,,1,PMS_Report_JULY_2025.zip,Fuel_Report_July_2025.xlsx,Fuel JULY 2025,24,3,C24
2025-07-01,2025-06-01,STATE,Kwara,Kwara,Kwara,North Central,FALSE,1031.216675835,NGN per litre,2025-06-01,FALSE,,1,PMS_Report_JULY_2025.zip,Fuel_Report_July_2025.xlsx,Fuel JULY 2025,25,3,C25
2025-07-01,2025-06-01,STATE,Lagos,Lagos,Lagos,South West,FALSE,1100.289476,NGN per litre,2025-06-01,FALSE,,1,PMS_Report_JULY_2025.zip,Fuel_Report_July_2025.xlsx,Fuel JULY 2025,26,3,C26
2025-07-01,2025-06-01,STATE,Nasarawa,Nassarawa,Nasarawa,North Central,FALSE,992,NGN per litre,2025-06-01,FALSE,,1,PMS_Report_JULY_2025.zip,Fuel_Report_July_2025.xlsx,Fuel JULY 2025,27,3,C27
2025-07-01,2025-06-01,STATE,Niger,Niger,Niger,North Central,FALSE,1067.4075,NGN per litre,2025-06-01,FALSE,,1,PMS_Report_JULY_2025.zip,Fuel_Report_July_2025.xlsx,Fuel JULY 2025,28,3,C28
2025-07-01,2025-06-01,STATE,Ogun,Ogun,Ogun,South West,FALSE,1012.5,NGN per litre,2025-06-01,FALSE,,1,PMS_Report_JULY_2025.zip,Fuel_Report_July_2025.xlsx,Fuel JULY 2025,29,3,C29
2025-07-01,2025-06-01,STATE,Ondo,Ondo,Ondo,South West,FALSE,1104.8042590666666,NGN per litre,2025-06-01,FALSE,,1,PMS_Report_JULY_2025.zip,Fuel_Report_July_2025.xlsx,Fuel JULY 2025,30,3,C30
2025-07-01,2025-06-01,STATE,Osun,Osun,Osun,South West,FALSE,1060.5752577777776,NGN per litre,2025-06-01,FALSE,,1,PMS_Report_JULY_2025.zip,Fuel_Report_July_2025.xlsx,Fuel JULY 2025,31,3,C31
2025-07-01,2025-06-01,STATE,Oyo,Oyo,Oyo,South West,FALSE,1038.005678627451,NGN per litre,2025-06-01,FALSE,,1,PMS_Report_JULY_2025.zip,Fuel_Report_July_2025.xlsx,Fuel JULY 2025,32,3,C32
2025-07-01,2025-06-01,STATE,Plateau,Plateau,Plateau,North Central,FALSE,1009.0518312795,NGN per litre,2025-06-01,FALSE,,1,PMS_Report_JULY_2025.zip,Fuel_Report_July_2025.xlsx,Fuel JULY 2025,33,3,C33
2025-07-01,2025-06-01,STATE,Rivers,Rivers,Rivers,South South,FALSE,994.3222222222222,NGN per litre,2025-06-01,FALSE,,1,PMS_Report_JULY_2025.zip,Fuel_Report_July_2025.xlsx,Fuel JULY 2025,34,3,C34
2025-07-01,2025-06-01,STATE,Sokoto,Sokoto,Sokoto,North West,FALSE,1100,NGN per litre,2025-06-01,FALSE,,1,PMS_Report_JULY_2025.zip,Fuel_Report_July_2025.xlsx,Fuel JULY 2025,35,3,C35
2025-07-01,2025-06-01,STATE,Taraba,Taraba,Taraba,North East,FALSE,1006.6,NGN per litre,2025-06-01,FALSE,,1,PMS_Report_JULY_2025.zip,Fuel_Report_July_2025.xlsx,Fuel JULY 2025,36,3,C36
2025-07-01,2025-06-01,STATE,Yobe,Yobe,Yobe,North East,FALSE,950.6,NGN per litre,2025-06-01,FALSE,,1,PMS_Report_JULY_2025.zip,Fuel_Report_July_2025.xlsx,Fuel JULY 2025,37,3,C37
2025-07-01,2025-06-01,STATE,Zamfara,Zamfara,Zamfara,North West,FALSE,1096.81125,NGN per litre,2025-06-01,FALSE,,1,PMS_Report_JULY_2025.zip,Fuel_Report_July_2025.xlsx,Fuel JULY 2025,38,3,C38
2025-07-01,2025-06-01,NATIONAL,Nigeria,AVERAGE,,,TRUE,1037.6594291327074,NGN per litre,2025-06-01,FALSE,,1,PMS_Report_JULY_2025.zip,Fuel_Report_July_2025.xlsx,Fuel JULY 2025,39,3,C39
2025-07-01,2025-07-01,STATE,Abia,Abia,Abia,South East,FALSE,1025.75,NGN per litre,2025-07-01,TRUE,,1,PMS_Report_JULY_2025.zip,Fuel_Report_July_2025.xlsx,Fuel JULY 2025,2,4,D2
2025-07-01,2025-07-01,STATE,Abuja,Abuja,Abuja,North Central,FALSE,1033.6933333333334,NGN per litre,2025-07-01,TRUE,,1,PMS_Report_JULY_2025.zip,Fuel_Report_July_2025.xlsx,Fuel JULY 2025,3,4,D3
2025-07-01,2025-07-01,STATE,Adamawa,Adamawa,Adamawa,North East,FALSE,1063.4,NGN per litre,2025-07-01,TRUE,,1,PMS_Report_JULY_2025.zip,Fuel_Report_July_2025.xlsx,Fuel JULY 2025,4,4,D4
2025-07-01,2025-07-01,STATE,Akwa Ibom,Akwa Ibom,Akwa Ibom,South South,FALSE,1033.4087499999998,NGN per litre,2025-07-01,TRUE,,1,PMS_Report_JULY_2025.zip,Fuel_Report_July_2025.xlsx,Fuel JULY 2025,5,4,D5
2025-07-01,2025-07-01,STATE,Anambra,Anambra,Anambra,South East,FALSE,1016.5285425333332,NGN per litre,2025-07-01,TRUE,,1,PMS_Report_JULY_2025.zip,Fuel_Report_July_2025.xlsx,Fuel JULY 2025,6,4,D6
2025-07-01,2025-07-01,STATE,Bauchi,Bauchi,Bauchi,North East,FALSE,1030.342034,NGN per litre,2025-07-01,TRUE,,1,PMS_Report_JULY_2025.zip,Fuel_Report_July_2025.xlsx,Fuel JULY 2025,7,4,D7
2025-07-01,2025-07-01,STATE,Bayelsa,Bayelsa,Bayelsa,South South,FALSE,1006,NGN per litre,2025-07-01,TRUE,,1,PMS_Report_JULY_2025.zip,Fuel_Report_July_2025.xlsx,Fuel JULY 2025,8,4,D8
2025-07-01,2025-07-01,STATE,Benue,Benue,Benue,North Central,FALSE,1021.0769230769231,NGN per litre,2025-07-01,TRUE,,1,PMS_Report_JULY_2025.zip,Fuel_Report_July_2025.xlsx,Fuel JULY 2025,9,4,D9
2025-07-01,2025-07-01,STATE,Borno,Borno,Borno,North East,FALSE,1034.9333333333334,NGN per litre,2025-07-01,TRUE,,1,PMS_Report_JULY_2025.zip,Fuel_Report_July_2025.xlsx,Fuel JULY 2025,10,4,D10
2025-07-01,2025-07-01,STATE,Cross River,Cross River,Cross River,South South,FALSE,1013.05375,NGN per litre,2025-07-01,TRUE,,1,PMS_Report_JULY_2025.zip,Fuel_Report_July_2025.xlsx,Fuel JULY 2025,11,4,D11
2025-07-01,2025-07-01,STATE,Delta,Delta,Delta,South South,FALSE,1047.1994,NGN per litre,2025-07-01,TRUE,,1,PMS_Report_JULY_2025.zip,Fuel_Report_July_2025.xlsx,Fuel JULY 2025,12,4,D12
2025-07-01,2025-07-01,STATE,Ebonyi,Ebonyi,Ebonyi,South East,FALSE,1043.9625445142858,NGN per litre,2025-07-01,TRUE,,1,PMS_Report_JULY_2025.zip,Fuel_Report_July_2025.xlsx,Fuel JULY 2025,13,4,D13
2025-07-01,2025-07-01,STATE,Edo,Edo,Edo,South South,FALSE,1020,NGN per litre,2025-07-01,TRUE,,1,PMS_Report_JULY_2025.zip,Fuel_Report_July_2025.xlsx,Fuel JULY 2025,14,4,D14
2025-07-01,2025-07-01,STATE,Ekiti,Ekiti,Ekiti,South West,FALSE,1001.1949177999999,NGN per litre,2025-07-01,TRUE,,1,PMS_Report_JULY_2025.zip,Fuel_Report_July_2025.xlsx,Fuel JULY 2025,15,4,D15
2025-07-01,2025-07-01,STATE,Enugu,Enugu,Enugu,South East,FALSE,1054.5901666666666,NGN per litre,2025-07-01,TRUE,,1,PMS_Report_JULY_2025.zip,Fuel_Report_July_2025.xlsx,Fuel JULY 2025,16,4,D16
2025-07-01,2025-07-01,STATE,Gombe,Gombe,Gombe,North East,FALSE,990,NGN per litre,2025-07-01,TRUE,,1,PMS_Report_JULY_2025.zip,Fuel_Report_July_2025.xlsx,Fuel JULY 2025,17,4,D17
2025-07-01,2025-07-01,STATE,Imo,Imo,Imo,South East,FALSE,987.8571428571429,NGN per litre,2025-07-01,TRUE,,1,PMS_Report_JULY_2025.zip,Fuel_Report_July_2025.xlsx,Fuel JULY 2025,18,4,D18
2025-07-01,2025-07-01,STATE,Jigawa,Jigawa,Jigawa,North West,FALSE,1107.5163613,NGN per litre,2025-07-01,TRUE,,1,PMS_Report_JULY_2025.zip,Fuel_Report_July_2025.xlsx,Fuel JULY 2025,19,4,D19
2025-07-01,2025-07-01,STATE,Kaduna,Kaduna,Kaduna,North West,FALSE,1045.2271128,NGN per litre,2025-07-01,TRUE,,1,PMS_Report_JULY_2025.zip,Fuel_Report_July_2025.xlsx,Fuel JULY 2025,20,4,D20
2025-07-01,2025-07-01,STATE,Kano,Kano,Kano,North West,FALSE,1005.5078738461538,NGN per litre,2025-07-01,TRUE,,1,PMS_Report_JULY_2025.zip,Fuel_Report_July_2025.xlsx,Fuel JULY 2025,21,4,D21
2025-07-01,2025-07-01,STATE,Katsina,Katsina,Katsina,North West,FALSE,1042.1712499999999,NGN per litre,2025-07-01,TRUE,,1,PMS_Report_JULY_2025.zip,Fuel_Report_July_2025.xlsx,Fuel JULY 2025,22,4,D22
2025-07-01,2025-07-01,STATE,Kebbi,Kebbi,Kebbi,North West,FALSE,1065.8896564249999,NGN per litre,2025-07-01,TRUE,,1,PMS_Report_JULY_2025.zip,Fuel_Report_July_2025.xlsx,Fuel JULY 2025,23,4,D23
2025-07-01,2025-07-01,STATE,Kogi,Kogi,Kogi,North Central,FALSE,986.6666666666666,NGN per litre,2025-07-01,TRUE,,1,PMS_Report_JULY_2025.zip,Fuel_Report_July_2025.xlsx,Fuel JULY 2025,24,4,D24
2025-07-01,2025-07-01,STATE,Kwara,Kwara,Kwara,North Central,FALSE,1031.216675835,NGN per litre,2025-07-01,TRUE,,1,PMS_Report_JULY_2025.zip,Fuel_Report_July_2025.xlsx,Fuel JULY 2025,25,4,D25
2025-07-01,2025-07-01,STATE,Lagos,Lagos,Lagos,South West,FALSE,1100.289476,NGN per litre,2025-07-01,TRUE,,1,PMS_Report_JULY_2025.zip,Fuel_Report_July_2025.xlsx,Fuel JULY 2025,26,4,D26
2025-07-01,2025-07-01,STATE,Nasarawa,Nassarawa,Nasarawa,North Central,FALSE,992,NGN per litre,2025-07-01,TRUE,,1,PMS_Report_JULY_2025.zip,Fuel_Report_July_2025.xlsx,Fuel JULY 2025,27,4,D27
2025-07-01,2025-07-01,STATE,Niger,Niger,Niger,North Central,FALSE,1055.125,NGN per litre,2025-07-01,TRUE,,1,PMS_Report_JULY_2025.zip,Fuel_Report_July_2025.xlsx,Fuel JULY 2025,28,4,D28
2025-07-01,2025-07-01,STATE,Ogun,Ogun,Ogun,South West,FALSE,1000,NGN per litre,2025-07-01,TRUE,,1,PMS_Report_JULY_2025.zip,Fuel_Report_July_2025.xlsx,Fuel JULY 2025,29,4,D29
2025-07-01,2025-07-01,STATE,Ondo,Ondo,Ondo,South West,FALSE,1007.0061110666667,NGN per litre,2025-07-01,TRUE,,1,PMS_Report_JULY_2025.zip,Fuel_Report_July_2025.xlsx,Fuel JULY 2025,30,4,D30
2025-07-01,2025-07-01,STATE,Osun,Osun,Osun,South West,FALSE,1039.92869,NGN per litre,2025-07-01,TRUE,,1,PMS_Report_JULY_2025.zip,Fuel_Report_July_2025.xlsx,Fuel JULY 2025,31,4,D31
2025-07-01,2025-07-01,STATE,Oyo,Oyo,Oyo,South West,FALSE,1038.005678627451,NGN per litre,2025-07-01,TRUE,,1,PMS_Report_JULY_2025.zip,Fuel_Report_July_2025.xlsx,Fuel JULY 2025,32,4,D32
2025-07-01,2025-07-01,STATE,Plateau,Plateau,Plateau,North Central,FALSE,1019.0518312794999,NGN per litre,2025-07-01,TRUE,,1,PMS_Report_JULY_2025.zip,Fuel_Report_July_2025.xlsx,Fuel JULY 2025,33,4,D33
2025-07-01,2025-07-01,STATE,Rivers,Rivers,Rivers,South South,FALSE,994.3222222222222,NGN per litre,2025-07-01,TRUE,,1,PMS_Report_JULY_2025.zip,Fuel_Report_July_2025.xlsx,Fuel JULY 2025,34,4,D34
2025-07-01,2025-07-01,STATE,Sokoto,Sokoto,Sokoto,North West,FALSE,1100,NGN per litre,2025-07-01,TRUE,,1,PMS_Report_JULY_2025.zip,Fuel_Report_July_2025.xlsx,Fuel JULY 2025,35,4,D35
2025-07-01,2025-07-01,STATE,Taraba,Taraba,Taraba,North East,FALSE,1036.6,NGN per litre,2025-07-01,TRUE,,1,PMS_Report_JULY_2025.zip,Fuel_Report_July_2025.xlsx,Fuel JULY 2025,36,4,D36
2025-07-01,2025-07-01,STATE,Yobe,Yobe,Yobe,North East,FALSE,950.6,NGN per litre,2025-07-01,TRUE,,1,PMS_Report_JULY_2025.zip,Fuel_Report_July_2025.xlsx,Fuel JULY 2025,37,4,D37
2025-07-01,2025-07-01,STATE,Zamfara,Zamfara,Zamfara,North West,FALSE,884.6257875,NGN per litre,2025-07-01,TRUE,,1,PMS_Report_JULY_2025.zip,Fuel_Report_July_2025.xlsx,Fuel JULY 2025,38,4,D38
2025-07-01,2025-07-01,ZONE,North Central,North Central,,North Central,TRUE,1019.8329185987748,NGN per litre,Average Price,TRUE,,1,PMS_Report_JULY_2025.zip,Fuel_Report_July_2025.xlsx,Fuel JULY 2025,3,7,G3
2025-07-01,2025-07-01,ZONE,North East,North East,,North East,TRUE,1017.6458945555556,NGN per litre,Average Price,TRUE,,1,PMS_Report_JULY_2025.zip,Fuel_Report_July_2025.xlsx,Fuel JULY 2025,4,7,G4
2025-07-01,2025-07-01,ZONE,North West,North West,,North West,TRUE,1035.848291695879,NGN per litre,Average Price,TRUE,,1,PMS_Report_JULY_2025.zip,Fuel_Report_July_2025.xlsx,Fuel JULY 2025,7,7,G7
2025-07-01,2025-07-01,ZONE,South East,South East,,South East,TRUE,1025.7376793142857,NGN per litre,Average Price,TRUE,,1,PMS_Report_JULY_2025.zip,Fuel_Report_July_2025.xlsx,Fuel JULY 2025,2,7,G2
2025-07-01,2025-07-01,ZONE,South South,South South,,South South,TRUE,1018.9973537037035,NGN per litre,Average Price,TRUE,,1,PMS_Report_JULY_2025.zip,Fuel_Report_July_2025.xlsx,Fuel JULY 2025,5,7,G5
2025-07-01,2025-07-01,ZONE,South West,South West,,South West,TRUE,1031.0708122490196,NGN per litre,Average Price,TRUE,,1,PMS_Report_JULY_2025.zip,Fuel_Report_July_2025.xlsx,Fuel JULY 2025,6,7,G6
2025-07-01,2025-07-01,NATIONAL,Nigeria,AVERAGE,,,TRUE,1024.9930062617211,NGN per litre,2025-07-01,TRUE,,1,PMS_Report_JULY_2025.zip,Fuel_Report_July_2025.xlsx,Fuel JULY 2025,39,4,D39
2025-08-01,2024-08-01,STATE,Abia,Abia,Abia,South East,FALSE,887.7230788010818,NGN per litre,2024-08-01,FALSE,,2,PMS_Report_AUG_SEPT_2025.zip,PMS AUGUST 2025.xlsx,PMS AUGUST 2025,3,2,B3
2025-08-01,2024-08-01,STATE,Abuja,Abuja,Abuja,North Central,FALSE,705.25,NGN per litre,2024-08-01,FALSE,,2,PMS_Report_AUG_SEPT_2025.zip,PMS AUGUST 2025.xlsx,PMS AUGUST 2025,4,2,B4
2025-08-01,2024-08-01,STATE,Adamawa,Adamawa,Adamawa,North East,FALSE,879.5555419921875,NGN per litre,2024-08-01,FALSE,,2,PMS_Report_AUG_SEPT_2025.zip,PMS AUGUST 2025.xlsx,PMS AUGUST 2025,5,2,B5
2025-08-01,2024-08-01,STATE,Akwa Ibom,Akwa Ibom,Akwa Ibom,South South,FALSE,681.4285714285714,NGN per litre,2024-08-01,FALSE,,2,PMS_Report_AUG_SEPT_2025.zip,PMS AUGUST 2025.xlsx,PMS AUGUST 2025,6,2,B6
2025-08-01,2024-08-01,STATE,Anambra,Anambra,Anambra,South East,FALSE,883.7304207938058,NGN per litre,2024-08-01,FALSE,,2,PMS_Report_AUG_SEPT_2025.zip,PMS AUGUST 2025.xlsx,PMS AUGUST 2025,7,2,B7
2025-08-01,2024-08-01,STATE,Bauchi,Bauchi,Bauchi,North East,FALSE,935.7142857142857,NGN per litre,2024-08-01,FALSE,,2,PMS_Report_AUG_SEPT_2025.zip,PMS AUGUST 2025.xlsx,PMS AUGUST 2025,8,2,B8
2025-08-01,2024-08-01,STATE,Bayelsa,Bayelsa,Bayelsa,South South,FALSE,680,NGN per litre,2024-08-01,FALSE,,2,PMS_Report_AUG_SEPT_2025.zip,PMS AUGUST 2025.xlsx,PMS AUGUST 2025,9,2,B9
2025-08-01,2024-08-01,STATE,Benue,Benue,Benue,North Central,FALSE,941.2422318892045,NGN per litre,2024-08-01,FALSE,,2,PMS_Report_AUG_SEPT_2025.zip,PMS AUGUST 2025.xlsx,PMS AUGUST 2025,10,2,B10
2025-08-01,2024-08-01,STATE,Borno,Borno,Borno,North East,FALSE,893.2916666666666,NGN per litre,2024-08-01,FALSE,,2,PMS_Report_AUG_SEPT_2025.zip,PMS AUGUST 2025.xlsx,PMS AUGUST 2025,11,2,B11
2025-08-01,2024-08-01,STATE,Cross River,Cross River,Cross River,South South,FALSE,672,NGN per litre,2024-08-01,FALSE,,2,PMS_Report_AUG_SEPT_2025.zip,PMS AUGUST 2025.xlsx,PMS AUGUST 2025,12,2,B12
2025-08-01,2024-08-01,STATE,Delta,Delta,Delta,South South,FALSE,667.5,NGN per litre,2024-08-01,FALSE,,2,PMS_Report_AUG_SEPT_2025.zip,PMS AUGUST 2025.xlsx,PMS AUGUST 2025,13,2,B13
2025-08-01,2024-08-01,STATE,Ebonyi,Ebonyi,Ebonyi,South East,FALSE,863.3142961774554,NGN per litre,2024-08-01,FALSE,,2,PMS_Report_AUG_SEPT_2025.zip,PMS AUGUST 2025.xlsx,PMS AUGUST 2025,14,2,B14
2025-08-01,2024-08-01,STATE,Edo,Edo,Edo,South South,FALSE,676.25,NGN per litre,2024-08-01,FALSE,,2,PMS_Report_AUG_SEPT_2025.zip,PMS AUGUST 2025.xlsx,PMS AUGUST 2025,15,2,B15
2025-08-01,2024-08-01,STATE,Ekiti,Ekiti,Ekiti,South West,FALSE,830.8333333333334,NGN per litre,2024-08-01,FALSE,,2,PMS_Report_AUG_SEPT_2025.zip,PMS AUGUST 2025.xlsx,PMS AUGUST 2025,16,2,B16
2025-08-01,2024-08-01,STATE,Enugu,Enugu,Enugu,South East,FALSE,871.8877270507812,NGN per litre,2024-08-01,FALSE,,2,PMS_Report_AUG_SEPT_2025.zip,PMS AUGUST 2025.xlsx,PMS AUGUST 2025,17,2,B17
2025-08-01,2024-08-01,STATE,Gombe,Gombe,Gombe,North East,FALSE,925,NGN per litre,2024-08-01,FALSE,,2,PMS_Report_AUG_SEPT_2025.zip,PMS AUGUST 2025.xlsx,PMS AUGUST 2025,18,2,B18
2025-08-01,2024-08-01,STATE,Imo,Imo,Imo,South East,FALSE,891.9272682883523,NGN per litre,2024-08-01,FALSE,,2,PMS_Report_AUG_SEPT_2025.zip,PMS AUGUST 2025.xlsx,PMS AUGUST 2025,19,2,B19
2025-08-01,2024-08-01,STATE,Jigawa,Jigawa,Jigawa,North West,FALSE,902.6666666666666,NGN per litre,2024-08-01,FALSE,,2,PMS_Report_AUG_SEPT_2025.zip,PMS AUGUST 2025.xlsx,PMS AUGUST 2025,20,2,B20
2025-08-01,2024-08-01,STATE,Kaduna,Kaduna,Kaduna,North West,FALSE,887.0555555555555,NGN per litre,2024-08-01,FALSE,,2,PMS_Report_AUG_SEPT_2025.zip,PMS AUGUST 2025.xlsx,PMS AUGUST 2025,21,2,B21
2025-08-01,2024-08-01,STATE,Kano,Kano,Kano,North West,FALSE,881.4285714285714,NGN per litre,2024-08-01,FALSE,,2,PMS_Report_AUG_SEPT_2025.zip,PMS AUGUST 2025.xlsx,PMS AUGUST 2025,22,2,B22
2025-08-01,2024-08-01,STATE,Katsina,Katsina,Katsina,North West,FALSE,781.25,NGN per litre,2024-08-01,FALSE,,2,PMS_Report_AUG_SEPT_2025.zip,PMS AUGUST 2025.xlsx,PMS AUGUST 2025,23,2,B23
2025-08-01,2024-08-01,STATE,Kebbi,Kebbi,Kebbi,North West,FALSE,808.6666666666666,NGN per litre,2024-08-01,FALSE,,2,PMS_Report_AUG_SEPT_2025.zip,PMS AUGUST 2025.xlsx,PMS AUGUST 2025,24,2,B24
2025-08-01,2024-08-01,STATE,Kogi,Kogi,Kogi,North Central,FALSE,842.8055555555555,NGN per litre,2024-08-01,FALSE,,2,PMS_Report_AUG_SEPT_2025.zip,PMS AUGUST 2025.xlsx,PMS AUGUST 2025,25,2,B25
2025-08-01,2024-08-01,STATE,Kwara,Kwara,Kwara,North Central,FALSE,747.5,NGN per litre,2024-08-01,FALSE,,2,PMS_Report_AUG_SEPT_2025.zip,PMS AUGUST 2025.xlsx,PMS AUGUST 2025,26,2,B26
2025-08-01,2024-08-01,STATE,Lagos,Lagos,Lagos,South West,FALSE,765.2941176470588,NGN per litre,2024-08-01,FALSE,,2,PMS_Report_AUG_SEPT_2025.zip,PMS AUGUST 2025.xlsx,PMS AUGUST 2025,27,2,B27
2025-08-01,2024-08-01,STATE,Nasarawa,Nasarawa,Nasarawa,North Central,FALSE,876.0769230769231,NGN per litre,2024-08-01,FALSE,,2,PMS_Report_AUG_SEPT_2025.zip,PMS AUGUST 2025.xlsx,PMS AUGUST 2025,28,2,B28
2025-08-01,2024-08-01,STATE,Niger,Niger,Niger,North Central,FALSE,792.4285714285714,NGN per litre,2024-08-01,FALSE,,2,PMS_Report_AUG_SEPT_2025.zip,PMS AUGUST 2025.xlsx,PMS AUGUST 2025,29,2,B29
2025-08-01,2024-08-01,STATE,Ogun,Ogun,Ogun,South West,FALSE,865.8823529411765,NGN per litre,2024-08-01,FALSE,,2,PMS_Report_AUG_SEPT_2025.zip,PMS AUGUST 2025.xlsx,PMS AUGUST 2025,30,2,B30
2025-08-01,2024-08-01,STATE,Ondo,Ondo,Ondo,South West,FALSE,846.6666666666666,NGN per litre,2024-08-01,FALSE,,2,PMS_Report_AUG_SEPT_2025.zip,PMS AUGUST 2025.xlsx,PMS AUGUST 2025,31,2,B31
2025-08-01,2024-08-01,STATE,Osun,Osun,Osun,South West,FALSE,856.1538461538462,NGN per litre,2024-08-01,FALSE,,2,PMS_Report_AUG_SEPT_2025.zip,PMS AUGUST 2025.xlsx,PMS AUGUST 2025,32,2,B32
2025-08-01,2024-08-01,STATE,Oyo,Oyo,Oyo,South West,FALSE,865.625,NGN per litre,2024-08-01,FALSE,,2,PMS_Report_AUG_SEPT_2025.zip,PMS AUGUST 2025.xlsx,PMS AUGUST 2025,33,2,B33
2025-08-01,2024-08-01,STATE,Plateau,Plateau,Plateau,North Central,FALSE,876.1538461538462,NGN per litre,2024-08-01,FALSE,,2,PMS_Report_AUG_SEPT_2025.zip,PMS AUGUST 2025.xlsx,PMS AUGUST 2025,34,2,B34
2025-08-01,2024-08-01,STATE,Rivers,Rivers,Rivers,South South,FALSE,685.4545454545455,NGN per litre,2024-08-01,FALSE,,2,PMS_Report_AUG_SEPT_2025.zip,PMS AUGUST 2025.xlsx,PMS AUGUST 2025,35,2,B35
2025-08-01,2024-08-01,STATE,Sokoto,Sokoto,Sokoto,North West,FALSE,855.7142857142857,NGN per litre,2024-08-01,FALSE,,2,PMS_Report_AUG_SEPT_2025.zip,PMS AUGUST 2025.xlsx,PMS AUGUST 2025,36,2,B36
2025-08-01,2024-08-01,STATE,Taraba,Taraba,Taraba,North East,FALSE,899.6714274088541,NGN per litre,2024-08-01,FALSE,,2,PMS_Report_AUG_SEPT_2025.zip,PMS AUGUST 2025.xlsx,PMS AUGUST 2025,37,2,B37
2025-08-01,2024-08-01,STATE,Yobe,Yobe,Yobe,North East,FALSE,916,NGN per litre,2024-08-01,FALSE,,2,PMS_Report_AUG_SEPT_2025.zip,PMS AUGUST 2025.xlsx,PMS AUGUST 2025,38,2,B38
2025-08-01,2024-08-01,STATE,Zamfara,Zamfara,Zamfara,North West,FALSE,887.6923076923077,NGN per litre,2024-08-01,FALSE,,2,PMS_Report_AUG_SEPT_2025.zip,PMS AUGUST 2025.xlsx,PMS AUGUST 2025,39,2,B39
2025-08-01,2024-08-01,NATIONAL,Nigeria,AVERAGE,,,TRUE,830.4550088742387,NGN per litre,2024-08-01,FALSE,,2,PMS_Report_AUG_SEPT_2025.zip,PMS AUGUST 2025.xlsx,PMS AUGUST 2025,40,2,B40
2025-08-01,2025-07-01,STATE,Abia,Abia,Abia,South East,FALSE,1025.75,NGN per litre,2025-07-01,FALSE,,2,PMS_Report_AUG_SEPT_2025.zip,PMS AUGUST 2025.xlsx,PMS AUGUST 2025,3,3,C3
2025-08-01,2025-07-01,STATE,Abuja,Abuja,Abuja,North Central,FALSE,1033.6933333333334,NGN per litre,2025-07-01,FALSE,,2,PMS_Report_AUG_SEPT_2025.zip,PMS AUGUST 2025.xlsx,PMS AUGUST 2025,4,3,C4
2025-08-01,2025-07-01,STATE,Adamawa,Adamawa,Adamawa,North East,FALSE,1063.4,NGN per litre,2025-07-01,FALSE,,2,PMS_Report_AUG_SEPT_2025.zip,PMS AUGUST 2025.xlsx,PMS AUGUST 2025,5,3,C5
2025-08-01,2025-07-01,STATE,Akwa Ibom,Akwa Ibom,Akwa Ibom,South South,FALSE,1033.4087499999998,NGN per litre,2025-07-01,FALSE,,2,PMS_Report_AUG_SEPT_2025.zip,PMS AUGUST 2025.xlsx,PMS AUGUST 2025,6,3,C6
2025-08-01,2025-07-01,STATE,Anambra,Anambra,Anambra,South East,FALSE,1016.5285425333332,NGN per litre,2025-07-01,FALSE,,2,PMS_Report_AUG_SEPT_2025.zip,PMS AUGUST 2025.xlsx,PMS AUGUST 2025,7,3,C7
2025-08-01,2025-07-01,STATE,Bauchi,Bauchi,Bauchi,North East,FALSE,1030.342034,NGN per litre,2025-07-01,FALSE,,2,PMS_Report_AUG_SEPT_2025.zip,PMS AUGUST 2025.xlsx,PMS AUGUST 2025,8,3,C8
2025-08-01,2025-07-01,STATE,Bayelsa,Bayelsa,Bayelsa,South South,FALSE,1006,NGN per litre,2025-07-01,FALSE,,2,PMS_Report_AUG_SEPT_2025.zip,PMS AUGUST 2025.xlsx,PMS AUGUST 2025,9,3,C9
2025-08-01,2025-07-01,STATE,Benue,Benue,Benue,North Central,FALSE,1021.0769230769231,NGN per litre,2025-07-01,FALSE,,2,PMS_Report_AUG_SEPT_2025.zip,PMS AUGUST 2025.xlsx,PMS AUGUST 2025,10,3,C10
2025-08-01,2025-07-01,STATE,Borno,Borno,Borno,North East,FALSE,1034.9333333333334,NGN per litre,2025-07-01,FALSE,,2,PMS_Report_AUG_SEPT_2025.zip,PMS AUGUST 2025.xlsx,PMS AUGUST 2025,11,3,C11
2025-08-01,2025-07-01,STATE,Cross River,Cross River,Cross River,South South,FALSE,1013.05375,NGN per litre,2025-07-01,FALSE,,2,PMS_Report_AUG_SEPT_2025.zip,PMS AUGUST 2025.xlsx,PMS AUGUST 2025,12,3,C12
2025-08-01,2025-07-01,STATE,Delta,Delta,Delta,South South,FALSE,1047.1994,NGN per litre,2025-07-01,FALSE,,2,PMS_Report_AUG_SEPT_2025.zip,PMS AUGUST 2025.xlsx,PMS AUGUST 2025,13,3,C13
2025-08-01,2025-07-01,STATE,Ebonyi,Ebonyi,Ebonyi,South East,FALSE,1043.9625445142858,NGN per litre,2025-07-01,FALSE,,2,PMS_Report_AUG_SEPT_2025.zip,PMS AUGUST 2025.xlsx,PMS AUGUST 2025,14,3,C14
2025-08-01,2025-07-01,STATE,Edo,Edo,Edo,South South,FALSE,1020,NGN per litre,2025-07-01,FALSE,,2,PMS_Report_AUG_SEPT_2025.zip,PMS AUGUST 2025.xlsx,PMS AUGUST 2025,15,3,C15
2025-08-01,2025-07-01,STATE,Ekiti,Ekiti,Ekiti,South West,FALSE,1001.1949177999999,NGN per litre,2025-07-01,FALSE,,2,PMS_Report_AUG_SEPT_2025.zip,PMS AUGUST 2025.xlsx,PMS AUGUST 2025,16,3,C16
2025-08-01,2025-07-01,STATE,Enugu,Enugu,Enugu,South East,FALSE,1054.5901666666666,NGN per litre,2025-07-01,FALSE,,2,PMS_Report_AUG_SEPT_2025.zip,PMS AUGUST 2025.xlsx,PMS AUGUST 2025,17,3,C17
2025-08-01,2025-07-01,STATE,Gombe,Gombe,Gombe,North East,FALSE,990,NGN per litre,2025-07-01,FALSE,,2,PMS_Report_AUG_SEPT_2025.zip,PMS AUGUST 2025.xlsx,PMS AUGUST 2025,18,3,C18
2025-08-01,2025-07-01,STATE,Imo,Imo,Imo,South East,FALSE,987.8571428571429,NGN per litre,2025-07-01,FALSE,,2,PMS_Report_AUG_SEPT_2025.zip,PMS AUGUST 2025.xlsx,PMS AUGUST 2025,19,3,C19
2025-08-01,2025-07-01,STATE,Jigawa,Jigawa,Jigawa,North West,FALSE,1107.5163613,NGN per litre,2025-07-01,FALSE,,2,PMS_Report_AUG_SEPT_2025.zip,PMS AUGUST 2025.xlsx,PMS AUGUST 2025,20,3,C20
2025-08-01,2025-07-01,STATE,Kaduna,Kaduna,Kaduna,North West,FALSE,1045.2271128,NGN per litre,2025-07-01,FALSE,,2,PMS_Report_AUG_SEPT_2025.zip,PMS AUGUST 2025.xlsx,PMS AUGUST 2025,21,3,C21
2025-08-01,2025-07-01,STATE,Kano,Kano,Kano,North West,FALSE,1005.5078738461538,NGN per litre,2025-07-01,FALSE,,2,PMS_Report_AUG_SEPT_2025.zip,PMS AUGUST 2025.xlsx,PMS AUGUST 2025,22,3,C22
2025-08-01,2025-07-01,STATE,Katsina,Katsina,Katsina,North West,FALSE,1042.1712499999999,NGN per litre,2025-07-01,FALSE,,2,PMS_Report_AUG_SEPT_2025.zip,PMS AUGUST 2025.xlsx,PMS AUGUST 2025,23,3,C23
2025-08-01,2025-07-01,STATE,Kebbi,Kebbi,Kebbi,North West,FALSE,1065.8896564249999,NGN per litre,2025-07-01,FALSE,,2,PMS_Report_AUG_SEPT_2025.zip,PMS AUGUST 2025.xlsx,PMS AUGUST 2025,24,3,C24
2025-08-01,2025-07-01,STATE,Kogi,Kogi,Kogi,North Central,FALSE,986.6666666666666,NGN per litre,2025-07-01,FALSE,,2,PMS_Report_AUG_SEPT_2025.zip,PMS AUGUST 2025.xlsx,PMS AUGUST 2025,25,3,C25
2025-08-01,2025-07-01,STATE,Kwara,Kwara,Kwara,North Central,FALSE,1031.216675835,NGN per litre,2025-07-01,FALSE,,2,PMS_Report_AUG_SEPT_2025.zip,PMS AUGUST 2025.xlsx,PMS AUGUST 2025,26,3,C26
2025-08-01,2025-07-01,STATE,Lagos,Lagos,Lagos,South West,FALSE,1100.289476,NGN per litre,2025-07-01,FALSE,,2,PMS_Report_AUG_SEPT_2025.zip,PMS AUGUST 2025.xlsx,PMS AUGUST 2025,27,3,C27
2025-08-01,2025-07-01,STATE,Nasarawa,Nasarawa,Nasarawa,North Central,FALSE,992,NGN per litre,2025-07-01,FALSE,,2,PMS_Report_AUG_SEPT_2025.zip,PMS AUGUST 2025.xlsx,PMS AUGUST 2025,28,3,C28
2025-08-01,2025-07-01,STATE,Niger,Niger,Niger,North Central,FALSE,1055.125,NGN per litre,2025-07-01,FALSE,,2,PMS_Report_AUG_SEPT_2025.zip,PMS AUGUST 2025.xlsx,PMS AUGUST 2025,29,3,C29
2025-08-01,2025-07-01,STATE,Ogun,Ogun,Ogun,South West,FALSE,1000,NGN per litre,2025-07-01,FALSE,,2,PMS_Report_AUG_SEPT_2025.zip,PMS AUGUST 2025.xlsx,PMS AUGUST 2025,30,3,C30
2025-08-01,2025-07-01,STATE,Ondo,Ondo,Ondo,South West,FALSE,1007.0061110666667,NGN per litre,2025-07-01,FALSE,,2,PMS_Report_AUG_SEPT_2025.zip,PMS AUGUST 2025.xlsx,PMS AUGUST 2025,31,3,C31
2025-08-01,2025-07-01,STATE,Osun,Osun,Osun,South West,FALSE,1039.92869,NGN per litre,2025-07-01,FALSE,,2,PMS_Report_AUG_SEPT_2025.zip,PMS AUGUST 2025.xlsx,PMS AUGUST 2025,32,3,C32
2025-08-01,2025-07-01,STATE,Oyo,Oyo,Oyo,South West,FALSE,1038.005678627451,NGN per litre,2025-07-01,FALSE,,2,PMS_Report_AUG_SEPT_2025.zip,PMS AUGUST 2025.xlsx,PMS AUGUST 2025,33,3,C33
2025-08-01,2025-07-01,STATE,Plateau,Plateau,Plateau,North Central,FALSE,1019.0518312794999,NGN per litre,2025-07-01,FALSE,,2,PMS_Report_AUG_SEPT_2025.zip,PMS AUGUST 2025.xlsx,PMS AUGUST 2025,34,3,C34
2025-08-01,2025-07-01,STATE,Rivers,Rivers,Rivers,South South,FALSE,994.3222222222222,NGN per litre,2025-07-01,FALSE,,2,PMS_Report_AUG_SEPT_2025.zip,PMS AUGUST 2025.xlsx,PMS AUGUST 2025,35,3,C35
2025-08-01,2025-07-01,STATE,Sokoto,Sokoto,Sokoto,North West,FALSE,1100,NGN per litre,2025-07-01,FALSE,,2,PMS_Report_AUG_SEPT_2025.zip,PMS AUGUST 2025.xlsx,PMS AUGUST 2025,36,3,C36
2025-08-01,2025-07-01,STATE,Taraba,Taraba,Taraba,North East,FALSE,1036.6,NGN per litre,2025-07-01,FALSE,,2,PMS_Report_AUG_SEPT_2025.zip,PMS AUGUST 2025.xlsx,PMS AUGUST 2025,37,3,C37
2025-08-01,2025-07-01,STATE,Yobe,Yobe,Yobe,North East,FALSE,950.6,NGN per litre,2025-07-01,FALSE,,2,PMS_Report_AUG_SEPT_2025.zip,PMS AUGUST 2025.xlsx,PMS AUGUST 2025,38,3,C38
2025-08-01,2025-07-01,STATE,Zamfara,Zamfara,Zamfara,North West,FALSE,884.6257875,NGN per litre,2025-07-01,FALSE,,2,PMS_Report_AUG_SEPT_2025.zip,PMS AUGUST 2025.xlsx,PMS AUGUST 2025,39,3,C39
2025-08-01,2025-07-01,NATIONAL,Nigeria,AVERAGE,,,TRUE,1024.9930062617211,NGN per litre,2025-07-01,FALSE,,2,PMS_Report_AUG_SEPT_2025.zip,PMS AUGUST 2025.xlsx,PMS AUGUST 2025,40,3,C40
2025-08-01,2025-08-01,STATE,Abia,Abia,Abia,South East,FALSE,975,NGN per litre,2025-08-01,TRUE,,2,PMS_Report_AUG_SEPT_2025.zip,PMS AUGUST 2025.xlsx,PMS AUGUST 2025,3,4,D3
2025-08-01,2025-08-01,STATE,Abuja,Abuja,Abuja,North Central,FALSE,1009.9166666666666,NGN per litre,2025-08-01,TRUE,,2,PMS_Report_AUG_SEPT_2025.zip,PMS AUGUST 2025.xlsx,PMS AUGUST 2025,4,4,D4
2025-08-01,2025-08-01,STATE,Adamawa,Adamawa,Adamawa,North East,FALSE,1025.2583333333334,NGN per litre,2025-08-01,TRUE,,2,PMS_Report_AUG_SEPT_2025.zip,PMS AUGUST 2025.xlsx,PMS AUGUST 2025,5,4,D5
2025-08-01,2025-08-01,STATE,Akwa Ibom,Akwa Ibom,Akwa Ibom,South South,FALSE,973.506,NGN per litre,2025-08-01,TRUE,,2,PMS_Report_AUG_SEPT_2025.zip,PMS AUGUST 2025.xlsx,PMS AUGUST 2025,6,4,D6
2025-08-01,2025-08-01,STATE,Anambra,Anambra,Anambra,South East,FALSE,1055.2673368298374,NGN per litre,2025-08-01,TRUE,,2,PMS_Report_AUG_SEPT_2025.zip,PMS AUGUST 2025.xlsx,PMS AUGUST 2025,7,4,D7
2025-08-01,2025-08-01,STATE,Bauchi,Bauchi,Bauchi,North East,FALSE,977.3522222222223,NGN per litre,2025-08-01,TRUE,,2,PMS_Report_AUG_SEPT_2025.zip,PMS AUGUST 2025.xlsx,PMS AUGUST 2025,8,4,D8
2025-08-01,2025-08-01,STATE,Bayelsa,Bayelsa,Bayelsa,South South,FALSE,973.095,NGN per litre,2025-08-01,TRUE,,2,PMS_Report_AUG_SEPT_2025.zip,PMS AUGUST 2025.xlsx,PMS AUGUST 2025,9,4,D9
2025-08-01,2025-08-01,STATE,Benue,Benue,Benue,North Central,FALSE,1031.53,NGN per litre,2025-08-01,TRUE,,2,PMS_Report_AUG_SEPT_2025.zip,PMS AUGUST 2025.xlsx,PMS AUGUST 2025,10,4,D10
2025-08-01,2025-08-01,STATE,Borno,Borno,Borno,North East,FALSE,1145.5,NGN per litre,2025-08-01,TRUE,,2,PMS_Report_AUG_SEPT_2025.zip,PMS AUGUST 2025.xlsx,PMS AUGUST 2025,11,4,D11
2025-08-01,2025-08-01,STATE,Cross River,Cross River,Cross River,South South,FALSE,998.528571428575,NGN per litre,2025-08-01,TRUE,,2,PMS_Report_AUG_SEPT_2025.zip,PMS AUGUST 2025.xlsx,PMS AUGUST 2025,12,4,D12
2025-08-01,2025-08-01,STATE,Delta,Delta,Delta,South South,FALSE,951.3698347107437,NGN per litre,2025-08-01,TRUE,,2,PMS_Report_AUG_SEPT_2025.zip,PMS AUGUST 2025.xlsx,PMS AUGUST 2025,13,4,D13
2025-08-01,2025-08-01,STATE,Ebonyi,Ebonyi,Ebonyi,South East,FALSE,1059.9457142857143,NGN per litre,2025-08-01,TRUE,,2,PMS_Report_AUG_SEPT_2025.zip,PMS AUGUST 2025.xlsx,PMS AUGUST 2025,14,4,D14
2025-08-01,2025-08-01,STATE,Edo,Edo,Edo,South South,FALSE,920.8175,NGN per litre,2025-08-01,TRUE,,2,PMS_Report_AUG_SEPT_2025.zip,PMS AUGUST 2025.xlsx,PMS AUGUST 2025,15,4,D15
2025-08-01,2025-08-01,STATE,Ekiti,Ekiti,Ekiti,South West,FALSE,924.2514285714286,NGN per litre,2025-08-01,TRUE,,2,PMS_Report_AUG_SEPT_2025.zip,PMS AUGUST 2025.xlsx,PMS AUGUST 2025,16,4,D16
2025-08-01,2025-08-01,STATE,Enugu,Enugu,Enugu,South East,FALSE,1011.9,NGN per litre,2025-08-01,TRUE,,2,PMS_Report_AUG_SEPT_2025.zip,PMS AUGUST 2025.xlsx,PMS AUGUST 2025,17,4,D17
2025-08-01,2025-08-01,STATE,Gombe,Gombe,Gombe,North East,FALSE,980.9622222222222,NGN per litre,2025-08-01,TRUE,,2,PMS_Report_AUG_SEPT_2025.zip,PMS AUGUST 2025.xlsx,PMS AUGUST 2025,18,4,D18
2025-08-01,2025-08-01,STATE,Imo,Imo,Imo,South East,FALSE,1021.516806722689,NGN per litre,2025-08-01,TRUE,,2,PMS_Report_AUG_SEPT_2025.zip,PMS AUGUST 2025.xlsx,PMS AUGUST 2025,19,4,D19
2025-08-01,2025-08-01,STATE,Jigawa,Jigawa,Jigawa,North West,FALSE,979.6581818181818,NGN per litre,2025-08-01,TRUE,,2,PMS_Report_AUG_SEPT_2025.zip,PMS AUGUST 2025.xlsx,PMS AUGUST 2025,20,4,D20
2025-08-01,2025-08-01,STATE,Kaduna,Kaduna,Kaduna,North West,FALSE,943.3333333333334,NGN per litre,2025-08-01,TRUE,,2,PMS_Report_AUG_SEPT_2025.zip,PMS AUGUST 2025.xlsx,PMS AUGUST 2025,21,4,D21
2025-08-01,2025-08-01,STATE,Kano,Kano,Kano,North West,FALSE,959.5173333333332,NGN per litre,2025-08-01,TRUE,,2,PMS_Report_AUG_SEPT_2025.zip,PMS AUGUST 2025.xlsx,PMS AUGUST 2025,22,4,D22
2025-08-01,2025-08-01,STATE,Katsina,Katsina,Katsina,North West,FALSE,988.265,NGN per litre,2025-08-01,TRUE,,2,PMS_Report_AUG_SEPT_2025.zip,PMS AUGUST 2025.xlsx,PMS AUGUST 2025,23,4,D23
2025-08-01,2025-08-01,STATE,Kebbi,Kebbi,Kebbi,North West,FALSE,946.958,NGN per litre,2025-08-01,TRUE,,2,PMS_Report_AUG_SEPT_2025.zip,PMS AUGUST 2025.xlsx,PMS AUGUST 2025,24,4,D24
2025-08-01,2025-08-01,STATE,Kogi,Kogi,Kogi,North Central,FALSE,1014.69,NGN per litre,2025-08-01,TRUE,,2,PMS_Report_AUG_SEPT_2025.zip,PMS AUGUST 2025.xlsx,PMS AUGUST 2025,25,4,D25
2025-08-01,2025-08-01,STATE,Kwara,Kwara,Kwara,North Central,FALSE,933.5899999999999,NGN per litre,2025-08-01,TRUE,,2,PMS_Report_AUG_SEPT_2025.zip,PMS AUGUST 2025.xlsx,PMS AUGUST 2025,26,4,D26
2025-08-01,2025-08-01,STATE,Lagos,Lagos,Lagos,South West,FALSE,983.05,NGN per litre,2025-08-01,TRUE,,2,PMS_Report_AUG_SEPT_2025.zip,PMS AUGUST 2025.xlsx,PMS AUGUST 2025,27,4,D27
2025-08-01,2025-08-01,STATE,Nasarawa,Nasarawa,Nasarawa,North Central,FALSE,965.9201376936307,NGN per litre,2025-08-01,TRUE,,2,PMS_Report_AUG_SEPT_2025.zip,PMS AUGUST 2025.xlsx,PMS AUGUST 2025,28,4,D28
2025-08-01,2025-08-01,STATE,Niger,Niger,Niger,North Central,FALSE,1037.8104166666712,NGN per litre,2025-08-01,TRUE,,2,PMS_Report_AUG_SEPT_2025.zip,PMS AUGUST 2025.xlsx,PMS AUGUST 2025,29,4,D29
2025-08-01,2025-08-01,STATE,Ogun,Ogun,Ogun,South West,FALSE,930.0880000000001,NGN per litre,2025-08-01,TRUE,,2,PMS_Report_AUG_SEPT_2025.zip,PMS AUGUST 2025.xlsx,PMS AUGUST 2025,30,4,D30
2025-08-01,2025-08-01,STATE,Ondo,Ondo,Ondo,South West,FALSE,921.407142857143,NGN per litre,2025-08-01,TRUE,,2,PMS_Report_AUG_SEPT_2025.zip,PMS AUGUST 2025.xlsx,PMS AUGUST 2025,31,4,D31
2025-08-01,2025-08-01,STATE,Osun,Osun,Osun,South West,FALSE,926.5486111111112,NGN per litre,2025-08-01,TRUE,,2,PMS_Report_AUG_SEPT_2025.zip,PMS AUGUST 2025.xlsx,PMS AUGUST 2025,32,4,D32
2025-08-01,2025-08-01,STATE,Oyo,Oyo,Oyo,South West,FALSE,953.1356179775281,NGN per litre,2025-08-01,TRUE,,2,PMS_Report_AUG_SEPT_2025.zip,PMS AUGUST 2025.xlsx,PMS AUGUST 2025,33,4,D33
2025-08-01,2025-08-01,STATE,Plateau,Plateau,Plateau,North Central,FALSE,1076.06,NGN per litre,2025-08-01,TRUE,,2,PMS_Report_AUG_SEPT_2025.zip,PMS AUGUST 2025.xlsx,PMS AUGUST 2025,34,4,D34
2025-08-01,2025-08-01,STATE,Rivers,Rivers,Rivers,South South,FALSE,975.3,NGN per litre,2025-08-01,TRUE,,2,PMS_Report_AUG_SEPT_2025.zip,PMS AUGUST 2025.xlsx,PMS AUGUST 2025,35,4,D35
2025-08-01,2025-08-01,STATE,Sokoto,Sokoto,Sokoto,North West,FALSE,1032.684,NGN per litre,2025-08-01,TRUE,,2,PMS_Report_AUG_SEPT_2025.zip,PMS AUGUST 2025.xlsx,PMS AUGUST 2025,36,4,D36
2025-08-01,2025-08-01,STATE,Taraba,Taraba,Taraba,North East,FALSE,953.4,NGN per litre,2025-08-01,TRUE,,2,PMS_Report_AUG_SEPT_2025.zip,PMS AUGUST 2025.xlsx,PMS AUGUST 2025,37,4,D37
2025-08-01,2025-08-01,STATE,Yobe,Yobe,Yobe,North East,FALSE,1014.86,NGN per litre,2025-08-01,TRUE,,2,PMS_Report_AUG_SEPT_2025.zip,PMS AUGUST 2025.xlsx,PMS AUGUST 2025,38,4,D38
2025-08-01,2025-08-01,STATE,Zamfara,Zamfara,Zamfara,North West,FALSE,993.3816666666667,NGN per litre,2025-08-01,TRUE,,2,PMS_Report_AUG_SEPT_2025.zip,PMS AUGUST 2025.xlsx,PMS AUGUST 2025,39,4,D39
2025-08-01,2025-08-01,ZONE,North Central,North Central,,North Central,TRUE,1009.9310315752812,NGN per litre,Average Price,TRUE,,2,PMS_Report_AUG_SEPT_2025.zip,PMS AUGUST 2025.xlsx,PMS AUGUST 2025,4,7,G4
2025-08-01,2025-08-01,ZONE,North East,North East,,North East,TRUE,1016.2221296296296,NGN per litre,Average Price,TRUE,,2,PMS_Report_AUG_SEPT_2025.zip,PMS AUGUST 2025.xlsx,PMS AUGUST 2025,5,7,G5
2025-08-01,2025-08-01,ZONE,North West,North West,,North West,TRUE,977.6853593073592,NGN per litre,Average Price,TRUE,,2,PMS_Report_AUG_SEPT_2025.zip,PMS AUGUST 2025.xlsx,PMS AUGUST 2025,8,7,G8
2025-08-01,2025-08-01,ZONE,South East,South East,,South East,TRUE,1024.725971567648,NGN per litre,Average Price,TRUE,,2,PMS_Report_AUG_SEPT_2025.zip,PMS AUGUST 2025.xlsx,PMS AUGUST 2025,3,7,G3
2025-08-01,2025-08-01,ZONE,South South,South South,,South South,TRUE,965.4361510232198,NGN per litre,Average Price,TRUE,,2,PMS_Report_AUG_SEPT_2025.zip,PMS AUGUST 2025.xlsx,PMS AUGUST 2025,6,7,G6
2025-08-01,2025-08-01,ZONE,South West,South West,,South West,TRUE,939.7468000862018,NGN per litre,Average Price,TRUE,,2,PMS_Report_AUG_SEPT_2025.zip,PMS AUGUST 2025.xlsx,PMS AUGUST 2025,7,7,G7
2025-08-01,2025-08-01,NATIONAL,Nigeria,AVERAGE,,,TRUE,988.2533804986764,NGN per litre,2025-08-01,TRUE,,2,PMS_Report_AUG_SEPT_2025.zip,PMS AUGUST 2025.xlsx,PMS AUGUST 2025,40,4,D40
2025-09-01,2024-09-01,STATE,Abia,Abia,Abia,South East,FALSE,1009,NGN per litre,2024-09-01,FALSE,,2,PMS_Report_AUG_SEPT_2025.zip,PMS_SEPTEMBER_2025.xlsx,PMS SEPTEMBER 2025,3,2,B3
2025-09-01,2024-09-01,STATE,Abuja,Abuja,Abuja,North Central,FALSE,1025,NGN per litre,2024-09-01,FALSE,,2,PMS_Report_AUG_SEPT_2025.zip,PMS_SEPTEMBER_2025.xlsx,PMS SEPTEMBER 2025,4,2,B4
2025-09-01,2024-09-01,STATE,Adamawa,Adamawa,Adamawa,North East,FALSE,1082.5,NGN per litre,2024-09-01,FALSE,,2,PMS_Report_AUG_SEPT_2025.zip,PMS_SEPTEMBER_2025.xlsx,PMS SEPTEMBER 2025,5,2,B5
2025-09-01,2024-09-01,STATE,Akwa Ibom,Akwa Ibom,Akwa Ibom,South South,FALSE,1085.71428571429,NGN per litre,2024-09-01,FALSE,,2,PMS_Report_AUG_SEPT_2025.zip,PMS_SEPTEMBER_2025.xlsx,PMS SEPTEMBER 2025,6,2,B6
2025-09-01,2024-09-01,STATE,Anambra,Anambra,Anambra,South East,FALSE,1084.1571568080358,NGN per litre,2024-09-01,FALSE,,2,PMS_Report_AUG_SEPT_2025.zip,PMS_SEPTEMBER_2025.xlsx,PMS SEPTEMBER 2025,7,2,B7
2025-09-01,2024-09-01,STATE,Bauchi,Bauchi,Bauchi,North East,FALSE,1043.90909090909,NGN per litre,2024-09-01,FALSE,,2,PMS_Report_AUG_SEPT_2025.zip,PMS_SEPTEMBER_2025.xlsx,PMS SEPTEMBER 2025,8,2,B8
2025-09-01,2024-09-01,STATE,Bayelsa,Bayelsa,Bayelsa,South South,FALSE,1002.72727272727,NGN per litre,2024-09-01,FALSE,,2,PMS_Report_AUG_SEPT_2025.zip,PMS_SEPTEMBER_2025.xlsx,PMS SEPTEMBER 2025,9,2,B9
2025-09-01,2024-09-01,STATE,Benue,Benue,Benue,North Central,FALSE,1032.87839577415,NGN per litre,2024-09-01,FALSE,,2,PMS_Report_AUG_SEPT_2025.zip,PMS_SEPTEMBER_2025.xlsx,PMS SEPTEMBER 2025,10,2,B10
2025-09-01,2024-09-01,STATE,Borno,Borno,Borno,North East,FALSE,1004.09090909091,NGN per litre,2024-09-01,FALSE,,2,PMS_Report_AUG_SEPT_2025.zip,PMS_SEPTEMBER_2025.xlsx,PMS SEPTEMBER 2025,11,2,B11
2025-09-01,2024-09-01,STATE,Cross River,Cross River,Cross River,South South,FALSE,1005.55555555556,NGN per litre,2024-09-01,FALSE,,2,PMS_Report_AUG_SEPT_2025.zip,PMS_SEPTEMBER_2025.xlsx,PMS SEPTEMBER 2025,12,2,B12
2025-09-01,2024-09-01,STATE,Delta,Delta,Delta,South South,FALSE,1007.27272727273,NGN per litre,2024-09-01,FALSE,,2,PMS_Report_AUG_SEPT_2025.zip,PMS_SEPTEMBER_2025.xlsx,PMS SEPTEMBER 2025,13,2,B13
2025-09-01,2024-09-01,STATE,Ebonyi,Ebonyi,Ebonyi,South East,FALSE,1090.9375,NGN per litre,2024-09-01,FALSE,,2,PMS_Report_AUG_SEPT_2025.zip,PMS_SEPTEMBER_2025.xlsx,PMS SEPTEMBER 2025,14,2,B14
2025-09-01,2024-09-01,STATE,Edo,Edo,Edo,South South,FALSE,1062.5,NGN per litre,2024-09-01,FALSE,,2,PMS_Report_AUG_SEPT_2025.zip,PMS_SEPTEMBER_2025.xlsx,PMS SEPTEMBER 2025,15,2,B15
2025-09-01,2024-09-01,STATE,Ekiti,Ekiti,Ekiti,South West,FALSE,1039.33333333333,NGN per litre,2024-09-01,FALSE,,2,PMS_Report_AUG_SEPT_2025.zip,PMS_SEPTEMBER_2025.xlsx,PMS SEPTEMBER 2025,16,2,B16
2025-09-01,2024-09-01,STATE,Enugu,Enugu,Enugu,South East,FALSE,990.08749389648,NGN per litre,2024-09-01,FALSE,,2,PMS_Report_AUG_SEPT_2025.zip,PMS_SEPTEMBER_2025.xlsx,PMS SEPTEMBER 2025,17,2,B17
2025-09-01,2024-09-01,STATE,Gombe,Gombe,Gombe,North East,FALSE,990,NGN per litre,2024-09-01,FALSE,,2,PMS_Report_AUG_SEPT_2025.zip,PMS_SEPTEMBER_2025.xlsx,PMS SEPTEMBER 2025,18,2,B18
2025-09-01,2024-09-01,STATE,Imo,Imo,Imo,South East,FALSE,1002.69090964577,NGN per litre,2024-09-01,FALSE,,2,PMS_Report_AUG_SEPT_2025.zip,PMS_SEPTEMBER_2025.xlsx,PMS SEPTEMBER 2025,19,2,B19
2025-09-01,2024-09-01,STATE,Jigawa,Jigawa,Jigawa,North West,FALSE,1063.33333333333,NGN per litre,2024-09-01,FALSE,,2,PMS_Report_AUG_SEPT_2025.zip,PMS_SEPTEMBER_2025.xlsx,PMS SEPTEMBER 2025,20,2,B20
2025-09-01,2024-09-01,STATE,Kaduna,Kaduna,Kaduna,North West,FALSE,1074.61538461538,NGN per litre,2024-09-01,FALSE,,2,PMS_Report_AUG_SEPT_2025.zip,PMS_SEPTEMBER_2025.xlsx,PMS SEPTEMBER 2025,21,2,B21
2025-09-01,2024-09-01,STATE,Kano,Kano,Kano,North West,FALSE,1051.2,NGN per litre,2024-09-01,FALSE,,2,PMS_Report_AUG_SEPT_2025.zip,PMS_SEPTEMBER_2025.xlsx,PMS SEPTEMBER 2025,22,2,B22
2025-09-01,2024-09-01,STATE,Katsina,Katsina,Katsina,North West,FALSE,1096.1538461538462,NGN per litre,2024-09-01,FALSE,,2,PMS_Report_AUG_SEPT_2025.zip,PMS_SEPTEMBER_2025.xlsx,PMS SEPTEMBER 2025,23,2,B23
2025-09-01,2024-09-01,STATE,Kebbi,Kebbi,Kebbi,North West,FALSE,986.6666666666666,NGN per litre,2024-09-01,FALSE,,2,PMS_Report_AUG_SEPT_2025.zip,PMS_SEPTEMBER_2025.xlsx,PMS SEPTEMBER 2025,24,2,B24
2025-09-01,2024-09-01,STATE,Kogi,Kogi,Kogi,North Central,FALSE,1063.090788188733,NGN per litre,2024-09-01,FALSE,,2,PMS_Report_AUG_SEPT_2025.zip,PMS_SEPTEMBER_2025.xlsx,PMS SEPTEMBER 2025,25,2,B25
2025-09-01,2024-09-01,STATE,Kwara,Kwara,Kwara,North Central,FALSE,1045.4375,NGN per litre,2024-09-01,FALSE,,2,PMS_Report_AUG_SEPT_2025.zip,PMS_SEPTEMBER_2025.xlsx,PMS SEPTEMBER 2025,26,2,B26
2025-09-01,2024-09-01,STATE,Lagos,Lagos,Lagos,South West,FALSE,1000.4761904761905,NGN per litre,2024-09-01,FALSE,,2,PMS_Report_AUG_SEPT_2025.zip,PMS_SEPTEMBER_2025.xlsx,PMS SEPTEMBER 2025,27,2,B27
2025-09-01,2024-09-01,STATE,Nasarawa,Nasarawa,Nasarawa,North Central,FALSE,1016.1875,NGN per litre,2024-09-01,FALSE,,2,PMS_Report_AUG_SEPT_2025.zip,PMS_SEPTEMBER_2025.xlsx,PMS SEPTEMBER 2025,28,2,B28
2025-09-01,2024-09-01,STATE,Niger,Niger,Niger,North Central,FALSE,993.8857160295756,NGN per litre,2024-09-01,FALSE,,2,PMS_Report_AUG_SEPT_2025.zip,PMS_SEPTEMBER_2025.xlsx,PMS SEPTEMBER 2025,29,2,B29
2025-09-01,2024-09-01,STATE,Ogun,Ogun,Ogun,South West,FALSE,1016.9230769230769,NGN per litre,2024-09-01,FALSE,,2,PMS_Report_AUG_SEPT_2025.zip,PMS_SEPTEMBER_2025.xlsx,PMS SEPTEMBER 2025,30,2,B30
2025-09-01,2024-09-01,STATE,Ondo,Ondo,Ondo,South West,FALSE,1006.66666666667,NGN per litre,2024-09-01,FALSE,,2,PMS_Report_AUG_SEPT_2025.zip,PMS_SEPTEMBER_2025.xlsx,PMS SEPTEMBER 2025,31,2,B31
2025-09-01,2024-09-01,STATE,Osun,Osun,Osun,South West,FALSE,1009.375,NGN per litre,2024-09-01,FALSE,,2,PMS_Report_AUG_SEPT_2025.zip,PMS_SEPTEMBER_2025.xlsx,PMS SEPTEMBER 2025,32,2,B32
2025-09-01,2024-09-01,STATE,Oyo,Oyo,Oyo,South West,FALSE,1076.111111111111,NGN per litre,2024-09-01,FALSE,,2,PMS_Report_AUG_SEPT_2025.zip,PMS_SEPTEMBER_2025.xlsx,PMS SEPTEMBER 2025,33,2,B33
2025-09-01,2024-09-01,STATE,Plateau,Plateau,Plateau,North Central,FALSE,1073.1818181818182,NGN per litre,2024-09-01,FALSE,,2,PMS_Report_AUG_SEPT_2025.zip,PMS_SEPTEMBER_2025.xlsx,PMS SEPTEMBER 2025,34,2,B34
2025-09-01,2024-09-01,STATE,Rivers,Rivers,Rivers,South South,FALSE,1045,NGN per litre,2024-09-01,FALSE,,2,PMS_Report_AUG_SEPT_2025.zip,PMS_SEPTEMBER_2025.xlsx,PMS SEPTEMBER 2025,35,2,B35
2025-09-01,2024-09-01,STATE,Sokoto,Sokoto,Sokoto,North West,FALSE,961.6666666666666,NGN per litre,2024-09-01,FALSE,,2,PMS_Report_AUG_SEPT_2025.zip,PMS_SEPTEMBER_2025.xlsx,PMS SEPTEMBER 2025,36,2,B36
2025-09-01,2024-09-01,STATE,Taraba,Taraba,Taraba,North East,FALSE,1027.44444444444,NGN per litre,2024-09-01,FALSE,,2,PMS_Report_AUG_SEPT_2025.zip,PMS_SEPTEMBER_2025.xlsx,PMS SEPTEMBER 2025,37,2,B37
2025-09-01,2024-09-01,STATE,Yobe,Yobe,Yobe,North East,FALSE,939.375,NGN per litre,2024-09-01,FALSE,,2,PMS_Report_AUG_SEPT_2025.zip,PMS_SEPTEMBER_2025.xlsx,PMS SEPTEMBER 2025,38,2,B38
2025-09-01,2024-09-01,STATE,Zamfara,Zamfara,Zamfara,North West,FALSE,1022,NGN per litre,2024-09-01,FALSE,,2,PMS_Report_AUG_SEPT_2025.zip,PMS_SEPTEMBER_2025.xlsx,PMS SEPTEMBER 2025,39,2,B39
2025-09-01,2024-09-01,NATIONAL,Nigeria,AVERAGE,,,TRUE,1030.4633875725708,NGN per litre,2024-09-01,FALSE,,2,PMS_Report_AUG_SEPT_2025.zip,PMS_SEPTEMBER_2025.xlsx,PMS SEPTEMBER 2025,40,2,B40
2025-09-01,2025-08-01,STATE,Abia,Abia,Abia,South East,FALSE,975,NGN per litre,2025-08-01,FALSE,,2,PMS_Report_AUG_SEPT_2025.zip,PMS_SEPTEMBER_2025.xlsx,PMS SEPTEMBER 2025,3,3,C3
2025-09-01,2025-08-01,STATE,Abuja,Abuja,Abuja,North Central,FALSE,1009.9166666666666,NGN per litre,2025-08-01,FALSE,,2,PMS_Report_AUG_SEPT_2025.zip,PMS_SEPTEMBER_2025.xlsx,PMS SEPTEMBER 2025,4,3,C4
2025-09-01,2025-08-01,STATE,Adamawa,Adamawa,Adamawa,North East,FALSE,1025.2583333333334,NGN per litre,2025-08-01,FALSE,,2,PMS_Report_AUG_SEPT_2025.zip,PMS_SEPTEMBER_2025.xlsx,PMS SEPTEMBER 2025,5,3,C5
2025-09-01,2025-08-01,STATE,Akwa Ibom,Akwa Ibom,Akwa Ibom,South South,FALSE,973.506,NGN per litre,2025-08-01,FALSE,,2,PMS_Report_AUG_SEPT_2025.zip,PMS_SEPTEMBER_2025.xlsx,PMS SEPTEMBER 2025,6,3,C6
2025-09-01,2025-08-01,STATE,Anambra,Anambra,Anambra,South East,FALSE,1055.2673368298374,NGN per litre,2025-08-01,FALSE,,2,PMS_Report_AUG_SEPT_2025.zip,PMS_SEPTEMBER_2025.xlsx,PMS SEPTEMBER 2025,7,3,C7
2025-09-01,2025-08-01,STATE,Bauchi,Bauchi,Bauchi,North East,FALSE,977.3522222222223,NGN per litre,2025-08-01,FALSE,,2,PMS_Report_AUG_SEPT_2025.zip,PMS_SEPTEMBER_2025.xlsx,PMS SEPTEMBER 2025,8,3,C8
2025-09-01,2025-08-01,STATE,Bayelsa,Bayelsa,Bayelsa,South South,FALSE,973.095,NGN per litre,2025-08-01,FALSE,,2,PMS_Report_AUG_SEPT_2025.zip,PMS_SEPTEMBER_2025.xlsx,PMS SEPTEMBER 2025,9,3,C9
2025-09-01,2025-08-01,STATE,Benue,Benue,Benue,North Central,FALSE,1031.53,NGN per litre,2025-08-01,FALSE,,2,PMS_Report_AUG_SEPT_2025.zip,PMS_SEPTEMBER_2025.xlsx,PMS SEPTEMBER 2025,10,3,C10
2025-09-01,2025-08-01,STATE,Borno,Borno,Borno,North East,FALSE,1145.5,NGN per litre,2025-08-01,FALSE,,2,PMS_Report_AUG_SEPT_2025.zip,PMS_SEPTEMBER_2025.xlsx,PMS SEPTEMBER 2025,11,3,C11
2025-09-01,2025-08-01,STATE,Cross River,Cross River,Cross River,South South,FALSE,998.528571428575,NGN per litre,2025-08-01,FALSE,,2,PMS_Report_AUG_SEPT_2025.zip,PMS_SEPTEMBER_2025.xlsx,PMS SEPTEMBER 2025,12,3,C12
2025-09-01,2025-08-01,STATE,Delta,Delta,Delta,South South,FALSE,951.3698347107437,NGN per litre,2025-08-01,FALSE,,2,PMS_Report_AUG_SEPT_2025.zip,PMS_SEPTEMBER_2025.xlsx,PMS SEPTEMBER 2025,13,3,C13
2025-09-01,2025-08-01,STATE,Ebonyi,Ebonyi,Ebonyi,South East,FALSE,1059.9457142857143,NGN per litre,2025-08-01,FALSE,,2,PMS_Report_AUG_SEPT_2025.zip,PMS_SEPTEMBER_2025.xlsx,PMS SEPTEMBER 2025,14,3,C14
2025-09-01,2025-08-01,STATE,Edo,Edo,Edo,South South,FALSE,920.8175,NGN per litre,2025-08-01,FALSE,,2,PMS_Report_AUG_SEPT_2025.zip,PMS_SEPTEMBER_2025.xlsx,PMS SEPTEMBER 2025,15,3,C15
2025-09-01,2025-08-01,STATE,Ekiti,Ekiti,Ekiti,South West,FALSE,924.2514285714286,NGN per litre,2025-08-01,FALSE,,2,PMS_Report_AUG_SEPT_2025.zip,PMS_SEPTEMBER_2025.xlsx,PMS SEPTEMBER 2025,16,3,C16
2025-09-01,2025-08-01,STATE,Enugu,Enugu,Enugu,South East,FALSE,1011.9,NGN per litre,2025-08-01,FALSE,,2,PMS_Report_AUG_SEPT_2025.zip,PMS_SEPTEMBER_2025.xlsx,PMS SEPTEMBER 2025,17,3,C17
2025-09-01,2025-08-01,STATE,Gombe,Gombe,Gombe,North East,FALSE,980.9622222222222,NGN per litre,2025-08-01,FALSE,,2,PMS_Report_AUG_SEPT_2025.zip,PMS_SEPTEMBER_2025.xlsx,PMS SEPTEMBER 2025,18,3,C18
2025-09-01,2025-08-01,STATE,Imo,Imo,Imo,South East,FALSE,1021.516806722689,NGN per litre,2025-08-01,FALSE,,2,PMS_Report_AUG_SEPT_2025.zip,PMS_SEPTEMBER_2025.xlsx,PMS SEPTEMBER 2025,19,3,C19
2025-09-01,2025-08-01,STATE,Jigawa,Jigawa,Jigawa,North West,FALSE,979.6581818181818,NGN per litre,2025-08-01,FALSE,,2,PMS_Report_AUG_SEPT_2025.zip,PMS_SEPTEMBER_2025.xlsx,PMS SEPTEMBER 2025,20,3,C20
2025-09-01,2025-08-01,STATE,Kaduna,Kaduna,Kaduna,North West,FALSE,943.3333333333334,NGN per litre,2025-08-01,FALSE,,2,PMS_Report_AUG_SEPT_2025.zip,PMS_SEPTEMBER_2025.xlsx,PMS SEPTEMBER 2025,21,3,C21
2025-09-01,2025-08-01,STATE,Kano,Kano,Kano,North West,FALSE,959.5173333333332,NGN per litre,2025-08-01,FALSE,,2,PMS_Report_AUG_SEPT_2025.zip,PMS_SEPTEMBER_2025.xlsx,PMS SEPTEMBER 2025,22,3,C22
2025-09-01,2025-08-01,STATE,Katsina,Katsina,Katsina,North West,FALSE,988.265,NGN per litre,2025-08-01,FALSE,,2,PMS_Report_AUG_SEPT_2025.zip,PMS_SEPTEMBER_2025.xlsx,PMS SEPTEMBER 2025,23,3,C23
2025-09-01,2025-08-01,STATE,Kebbi,Kebbi,Kebbi,North West,FALSE,946.958,NGN per litre,2025-08-01,FALSE,,2,PMS_Report_AUG_SEPT_2025.zip,PMS_SEPTEMBER_2025.xlsx,PMS SEPTEMBER 2025,24,3,C24
2025-09-01,2025-08-01,STATE,Kogi,Kogi,Kogi,North Central,FALSE,1014.69,NGN per litre,2025-08-01,FALSE,,2,PMS_Report_AUG_SEPT_2025.zip,PMS_SEPTEMBER_2025.xlsx,PMS SEPTEMBER 2025,25,3,C25
2025-09-01,2025-08-01,STATE,Kwara,Kwara,Kwara,North Central,FALSE,933.5899999999999,NGN per litre,2025-08-01,FALSE,,2,PMS_Report_AUG_SEPT_2025.zip,PMS_SEPTEMBER_2025.xlsx,PMS SEPTEMBER 2025,26,3,C26
2025-09-01,2025-08-01,STATE,Lagos,Lagos,Lagos,South West,FALSE,983.05,NGN per litre,2025-08-01,FALSE,,2,PMS_Report_AUG_SEPT_2025.zip,PMS_SEPTEMBER_2025.xlsx,PMS SEPTEMBER 2025,27,3,C27
2025-09-01,2025-08-01,STATE,Nasarawa,Nasarawa,Nasarawa,North Central,FALSE,965.9201376936307,NGN per litre,2025-08-01,FALSE,,2,PMS_Report_AUG_SEPT_2025.zip,PMS_SEPTEMBER_2025.xlsx,PMS SEPTEMBER 2025,28,3,C28
2025-09-01,2025-08-01,STATE,Niger,Niger,Niger,North Central,FALSE,1037.8104166666712,NGN per litre,2025-08-01,FALSE,,2,PMS_Report_AUG_SEPT_2025.zip,PMS_SEPTEMBER_2025.xlsx,PMS SEPTEMBER 2025,29,3,C29
2025-09-01,2025-08-01,STATE,Ogun,Ogun,Ogun,South West,FALSE,930.0880000000001,NGN per litre,2025-08-01,FALSE,,2,PMS_Report_AUG_SEPT_2025.zip,PMS_SEPTEMBER_2025.xlsx,PMS SEPTEMBER 2025,30,3,C30
2025-09-01,2025-08-01,STATE,Ondo,Ondo,Ondo,South West,FALSE,921.407142857143,NGN per litre,2025-08-01,FALSE,,2,PMS_Report_AUG_SEPT_2025.zip,PMS_SEPTEMBER_2025.xlsx,PMS SEPTEMBER 2025,31,3,C31
2025-09-01,2025-08-01,STATE,Osun,Osun,Osun,South West,FALSE,926.5486111111112,NGN per litre,2025-08-01,FALSE,,2,PMS_Report_AUG_SEPT_2025.zip,PMS_SEPTEMBER_2025.xlsx,PMS SEPTEMBER 2025,32,3,C32
2025-09-01,2025-08-01,STATE,Oyo,Oyo,Oyo,South West,FALSE,953.1356179775281,NGN per litre,2025-08-01,FALSE,,2,PMS_Report_AUG_SEPT_2025.zip,PMS_SEPTEMBER_2025.xlsx,PMS SEPTEMBER 2025,33,3,C33
2025-09-01,2025-08-01,STATE,Plateau,Plateau,Plateau,North Central,FALSE,1076.06,NGN per litre,2025-08-01,FALSE,,2,PMS_Report_AUG_SEPT_2025.zip,PMS_SEPTEMBER_2025.xlsx,PMS SEPTEMBER 2025,34,3,C34
2025-09-01,2025-08-01,STATE,Rivers,Rivers,Rivers,South South,FALSE,975.3,NGN per litre,2025-08-01,FALSE,,2,PMS_Report_AUG_SEPT_2025.zip,PMS_SEPTEMBER_2025.xlsx,PMS SEPTEMBER 2025,35,3,C35
2025-09-01,2025-08-01,STATE,Sokoto,Sokoto,Sokoto,North West,FALSE,1032.684,NGN per litre,2025-08-01,FALSE,,2,PMS_Report_AUG_SEPT_2025.zip,PMS_SEPTEMBER_2025.xlsx,PMS SEPTEMBER 2025,36,3,C36
2025-09-01,2025-08-01,STATE,Taraba,Taraba,Taraba,North East,FALSE,953.4,NGN per litre,2025-08-01,FALSE,,2,PMS_Report_AUG_SEPT_2025.zip,PMS_SEPTEMBER_2025.xlsx,PMS SEPTEMBER 2025,37,3,C37
2025-09-01,2025-08-01,STATE,Yobe,Yobe,Yobe,North East,FALSE,1014.86,NGN per litre,2025-08-01,FALSE,,2,PMS_Report_AUG_SEPT_2025.zip,PMS_SEPTEMBER_2025.xlsx,PMS SEPTEMBER 2025,38,3,C38
2025-09-01,2025-08-01,STATE,Zamfara,Zamfara,Zamfara,North West,FALSE,993.3816666666667,NGN per litre,2025-08-01,FALSE,,2,PMS_Report_AUG_SEPT_2025.zip,PMS_SEPTEMBER_2025.xlsx,PMS SEPTEMBER 2025,39,3,C39
2025-09-01,2025-08-01,NATIONAL,Nigeria,AVERAGE,,,TRUE,988.2533804986764,NGN per litre,2025-08-01,FALSE,,2,PMS_Report_AUG_SEPT_2025.zip,PMS_SEPTEMBER_2025.xlsx,PMS SEPTEMBER 2025,40,3,C40
2025-09-01,2025-09-01,STATE,Abia,Abia,Abia,South East,FALSE,1000.25,NGN per litre,2025-09-01,TRUE,,2,PMS_Report_AUG_SEPT_2025.zip,PMS_SEPTEMBER_2025.xlsx,PMS SEPTEMBER 2025,3,4,D3
2025-09-01,2025-09-01,STATE,Abuja,Abuja,Abuja,North Central,FALSE,962.6883333333334,NGN per litre,2025-09-01,TRUE,,2,PMS_Report_AUG_SEPT_2025.zip,PMS_SEPTEMBER_2025.xlsx,PMS SEPTEMBER 2025,4,4,D4
2025-09-01,2025-09-01,STATE,Adamawa,Adamawa,Adamawa,North East,FALSE,995.1009166666666,NGN per litre,2025-09-01,TRUE,,2,PMS_Report_AUG_SEPT_2025.zip,PMS_SEPTEMBER_2025.xlsx,PMS SEPTEMBER 2025,5,4,D5
2025-09-01,2025-09-01,STATE,Akwa Ibom,Akwa Ibom,Akwa Ibom,South South,FALSE,957.1400000000001,NGN per litre,2025-09-01,TRUE,,2,PMS_Report_AUG_SEPT_2025.zip,PMS_SEPTEMBER_2025.xlsx,PMS SEPTEMBER 2025,6,4,D6
2025-09-01,2025-09-01,STATE,Anambra,Anambra,Anambra,South East,FALSE,989.0210154428912,NGN per litre,2025-09-01,TRUE,,2,PMS_Report_AUG_SEPT_2025.zip,PMS_SEPTEMBER_2025.xlsx,PMS SEPTEMBER 2025,7,4,D7
2025-09-01,2025-09-01,STATE,Bauchi,Bauchi,Bauchi,North East,FALSE,956.2922222222221,NGN per litre,2025-09-01,TRUE,,2,PMS_Report_AUG_SEPT_2025.zip,PMS_SEPTEMBER_2025.xlsx,PMS SEPTEMBER 2025,8,4,D8
2025-09-01,2025-09-01,STATE,Bayelsa,Bayelsa,Bayelsa,South South,FALSE,929.05525,NGN per litre,2025-09-01,TRUE,,2,PMS_Report_AUG_SEPT_2025.zip,PMS_SEPTEMBER_2025.xlsx,PMS SEPTEMBER 2025,9,4,D9
2025-09-01,2025-09-01,STATE,Benue,Benue,Benue,North Central,FALSE,1096.9685000000002,NGN per litre,2025-09-01,TRUE,,2,PMS_Report_AUG_SEPT_2025.zip,PMS_SEPTEMBER_2025.xlsx,PMS SEPTEMBER 2025,10,4,D10
2025-09-01,2025-09-01,STATE,Borno,Borno,Borno,North East,FALSE,1045,NGN per litre,2025-09-01,TRUE,,2,PMS_Report_AUG_SEPT_2025.zip,PMS_SEPTEMBER_2025.xlsx,PMS SEPTEMBER 2025,11,4,D11
2025-09-01,2025-09-01,STATE,Cross River,Cross River,Cross River,South South,FALSE,964.1071428571463,NGN per litre,2025-09-01,TRUE,,2,PMS_Report_AUG_SEPT_2025.zip,PMS_SEPTEMBER_2025.xlsx,PMS SEPTEMBER 2025,12,4,D12
2025-09-01,2025-09-01,STATE,Delta,Delta,Delta,South South,FALSE,927.7164793388428,NGN per litre,2025-09-01,TRUE,,2,PMS_Report_AUG_SEPT_2025.zip,PMS_SEPTEMBER_2025.xlsx,PMS SEPTEMBER 2025,13,4,D13
2025-09-01,2025-09-01,STATE,Ebonyi,Ebonyi,Ebonyi,South East,FALSE,1055.0912857142857,NGN per litre,2025-09-01,TRUE,,2,PMS_Report_AUG_SEPT_2025.zip,PMS_SEPTEMBER_2025.xlsx,PMS SEPTEMBER 2025,14,4,D14
2025-09-01,2025-09-01,STATE,Edo,Edo,Edo,South South,FALSE,920.909125,NGN per litre,2025-09-01,TRUE,,2,PMS_Report_AUG_SEPT_2025.zip,PMS_SEPTEMBER_2025.xlsx,PMS SEPTEMBER 2025,15,4,D15
2025-09-01,2025-09-01,STATE,Ekiti,Ekiti,Ekiti,South West,FALSE,901.2274285714286,NGN per litre,2025-09-01,TRUE,,2,PMS_Report_AUG_SEPT_2025.zip,PMS_SEPTEMBER_2025.xlsx,PMS SEPTEMBER 2025,16,4,D16
2025-09-01,2025-09-01,STATE,Enugu,Enugu,Enugu,South East,FALSE,1000.0316666666668,NGN per litre,2025-09-01,TRUE,,2,PMS_Report_AUG_SEPT_2025.zip,PMS_SEPTEMBER_2025.xlsx,PMS SEPTEMBER 2025,17,4,D17
2025-09-01,2025-09-01,STATE,Gombe,Gombe,Gombe,North East,FALSE,959.1184444444445,NGN per litre,2025-09-01,TRUE,,2,PMS_Report_AUG_SEPT_2025.zip,PMS_SEPTEMBER_2025.xlsx,PMS SEPTEMBER 2025,18,4,D18
2025-09-01,2025-09-01,STATE,Imo,Imo,Imo,South East,FALSE,987.2981092436975,NGN per litre,2025-09-01,TRUE,,2,PMS_Report_AUG_SEPT_2025.zip,PMS_SEPTEMBER_2025.xlsx,PMS SEPTEMBER 2025,19,4,D19
2025-09-01,2025-09-01,STATE,Jigawa,Jigawa,Jigawa,North West,FALSE,956.6898181818183,NGN per litre,2025-09-01,TRUE,,2,PMS_Report_AUG_SEPT_2025.zip,PMS_SEPTEMBER_2025.xlsx,PMS SEPTEMBER 2025,20,4,D20
2025-09-01,2025-09-01,STATE,Kaduna,Kaduna,Kaduna,North West,FALSE,942.4333333333334,NGN per litre,2025-09-01,TRUE,,2,PMS_Report_AUG_SEPT_2025.zip,PMS_SEPTEMBER_2025.xlsx,PMS SEPTEMBER 2025,21,4,D21
2025-09-01,2025-09-01,STATE,Kano,Kano,Kano,North West,FALSE,939.5583666666666,NGN per litre,2025-09-01,TRUE,,2,PMS_Report_AUG_SEPT_2025.zip,PMS_SEPTEMBER_2025.xlsx,PMS SEPTEMBER 2025,22,4,D22
2025-09-01,2025-09-01,STATE,Katsina,Katsina,Katsina,North West,FALSE,982.5409166666667,NGN per litre,2025-09-01,TRUE,,2,PMS_Report_AUG_SEPT_2025.zip,PMS_SEPTEMBER_2025.xlsx,PMS SEPTEMBER 2025,23,4,D23
2025-09-01,2025-09-01,STATE,Kebbi,Kebbi,Kebbi,North West,FALSE,942.756,NGN per litre,2025-09-01,TRUE,,2,PMS_Report_AUG_SEPT_2025.zip,PMS_SEPTEMBER_2025.xlsx,PMS SEPTEMBER 2025,24,4,D24
2025-09-01,2025-09-01,STATE,Kogi,Kogi,Kogi,North Central,FALSE,963.9555,NGN per litre,2025-09-01,TRUE,,2,PMS_Report_AUG_SEPT_2025.zip,PMS_SEPTEMBER_2025.xlsx,PMS SEPTEMBER 2025,25,4,D25
2025-09-01,2025-09-01,STATE,Kwara,Kwara,Kwara,North Central,FALSE,923.6463,NGN per litre,2025-09-01,TRUE,,2,PMS_Report_AUG_SEPT_2025.zip,PMS_SEPTEMBER_2025.xlsx,PMS SEPTEMBER 2025,26,4,D26
2025-09-01,2025-09-01,STATE,Lagos,Lagos,Lagos,South West,FALSE,958.3815000000001,NGN per litre,2025-09-01,TRUE,,2,PMS_Report_AUG_SEPT_2025.zip,PMS_SEPTEMBER_2025.xlsx,PMS SEPTEMBER 2025,27,4,D27
2025-09-01,2025-09-01,STATE,Nasarawa,Nasarawa,Nasarawa,North Central,FALSE,984.948,NGN per litre,2025-09-01,TRUE,,2,PMS_Report_AUG_SEPT_2025.zip,PMS_SEPTEMBER_2025.xlsx,PMS SEPTEMBER 2025,28,4,D28
2025-09-01,2025-09-01,STATE,Niger,Niger,Niger,North Central,FALSE,1006.8557291666706,NGN per litre,2025-09-01,TRUE,,2,PMS_Report_AUG_SEPT_2025.zip,PMS_SEPTEMBER_2025.xlsx,PMS SEPTEMBER 2025,29,4,D29
2025-09-01,2025-09-01,STATE,Ogun,Ogun,Ogun,South West,FALSE,946.7,NGN per litre,2025-09-01,TRUE,,2,PMS_Report_AUG_SEPT_2025.zip,PMS_SEPTEMBER_2025.xlsx,PMS SEPTEMBER 2025,30,4,D30
2025-09-01,2025-09-01,STATE,Ondo,Ondo,Ondo,South West,FALSE,962.6828571428571,NGN per litre,2025-09-01,TRUE,,2,PMS_Report_AUG_SEPT_2025.zip,PMS_SEPTEMBER_2025.xlsx,PMS SEPTEMBER 2025,31,4,D31
2025-09-01,2025-09-01,STATE,Osun,Osun,Osun,South West,FALSE,933.175,NGN per litre,2025-09-01,TRUE,,2,PMS_Report_AUG_SEPT_2025.zip,PMS_SEPTEMBER_2025.xlsx,PMS SEPTEMBER 2025,32,4,D32
2025-09-01,2025-09-01,STATE,Oyo,Oyo,Oyo,South West,FALSE,912.2288370786516,NGN per litre,2025-09-01,TRUE,,2,PMS_Report_AUG_SEPT_2025.zip,PMS_SEPTEMBER_2025.xlsx,PMS SEPTEMBER 2025,33,4,D33
2025-09-01,2025-09-01,STATE,Plateau,Plateau,Plateau,North Central,FALSE,1013.999,NGN per litre,2025-09-01,TRUE,,2,PMS_Report_AUG_SEPT_2025.zip,PMS_SEPTEMBER_2025.xlsx,PMS SEPTEMBER 2025,34,4,D34
2025-09-01,2025-09-01,STATE,Rivers,Rivers,Rivers,South South,FALSE,980.3549999999999,NGN per litre,2025-09-01,TRUE,,2,PMS_Report_AUG_SEPT_2025.zip,PMS_SEPTEMBER_2025.xlsx,PMS SEPTEMBER 2025,35,4,D35
2025-09-01,2025-09-01,STATE,Sokoto,Sokoto,Sokoto,North West,FALSE,1023.39,NGN per litre,2025-09-01,TRUE,,2,PMS_Report_AUG_SEPT_2025.zip,PMS_SEPTEMBER_2025.xlsx,PMS SEPTEMBER 2025,36,4,D36
2025-09-01,2025-09-01,STATE,Taraba,Taraba,Taraba,North East,FALSE,934.0200000000001,NGN per litre,2025-09-01,TRUE,,2,PMS_Report_AUG_SEPT_2025.zip,PMS_SEPTEMBER_2025.xlsx,PMS SEPTEMBER 2025,37,4,D37
2025-09-01,2025-09-01,STATE,Yobe,Yobe,Yobe,North East,FALSE,988.93675,NGN per litre,2025-09-01,TRUE,,2,PMS_Report_AUG_SEPT_2025.zip,PMS_SEPTEMBER_2025.xlsx,PMS SEPTEMBER 2025,38,4,D38
2025-09-01,2025-09-01,STATE,Zamfara,Zamfara,Zamfara,North West,FALSE,967.4859166666666,NGN per litre,2025-09-01,TRUE,,2,PMS_Report_AUG_SEPT_2025.zip,PMS_SEPTEMBER_2025.xlsx,PMS SEPTEMBER 2025,39,4,D39
2025-09-01,2025-09-01,ZONE,North Central,North Central,,North Central,TRUE,993.2944803571434,NGN per litre,Average Price,TRUE,,2,PMS_Report_AUG_SEPT_2025.zip,PMS_SEPTEMBER_2025.xlsx,PMS SEPTEMBER 2025,4,7,G4
2025-09-01,2025-09-01,ZONE,North East,North East,,North East,TRUE,979.7447222222222,NGN per litre,Average Price,TRUE,,2,PMS_Report_AUG_SEPT_2025.zip,PMS_SEPTEMBER_2025.xlsx,PMS SEPTEMBER 2025,5,7,G5
2025-09-01,2025-09-01,ZONE,North West,North West,,North West,TRUE,964.9791930735931,NGN per litre,Average Price,TRUE,,2,PMS_Report_AUG_SEPT_2025.zip,PMS_SEPTEMBER_2025.xlsx,PMS SEPTEMBER 2025,8,7,G8
2025-09-01,2025-09-01,ZONE,South East,South East,,South East,TRUE,1006.3384154135083,NGN per litre,Average Price,TRUE,,2,PMS_Report_AUG_SEPT_2025.zip,PMS_SEPTEMBER_2025.xlsx,PMS SEPTEMBER 2025,3,7,G3
2025-09-01,2025-09-01,ZONE,South South,South South,,South South,TRUE,946.5471661993315,NGN per litre,Average Price,TRUE,,2,PMS_Report_AUG_SEPT_2025.zip,PMS_SEPTEMBER_2025.xlsx,PMS SEPTEMBER 2025,6,7,G6
2025-09-01,2025-09-01,ZONE,South West,South West,,South West,TRUE,935.7326037988229,NGN per litre,Average Price,TRUE,,2,PMS_Report_AUG_SEPT_2025.zip,PMS_SEPTEMBER_2025.xlsx,PMS SEPTEMBER 2025,7,7,G7
2025-09-01,2025-09-01,NATIONAL,Nigeria,AVERAGE,,,TRUE,970.5879660649986,NGN per litre,2025-09-01,TRUE,,2,PMS_Report_AUG_SEPT_2025.zip,PMS_SEPTEMBER_2025.xlsx,PMS SEPTEMBER 2025,40,4,D40
2025-10-01,2024-10-01,STATE,Abia,Abia,Abia,South East,FALSE,1278.125,NGN per litre,2024-10-01,FALSE,TITLE_ROW_MONTH_WRONG,15,PMS Report OCTOBER 2025.zip,PMS_OCT_2025.xlsx,PMS_OCT_2025,16,2,B16
2025-10-01,2024-10-01,STATE,Abuja,Abuja,Abuja,North Central,FALSE,1124.6125,NGN per litre,2024-10-01,FALSE,TITLE_ROW_MONTH_WRONG,15,PMS Report OCTOBER 2025.zip,PMS_OCT_2025.xlsx,PMS_OCT_2025,17,2,B17
2025-10-01,2024-10-01,STATE,Adamawa,Adamawa,Adamawa,North East,FALSE,1210.9249877929688,NGN per litre,2024-10-01,FALSE,TITLE_ROW_MONTH_WRONG,15,PMS Report OCTOBER 2025.zip,PMS_OCT_2025.xlsx,PMS_OCT_2025,18,2,B18
2025-10-01,2024-10-01,STATE,Akwa Ibom,Akwa Ibom,Akwa Ibom,South South,FALSE,1258.3333333333333,NGN per litre,2024-10-01,FALSE,TITLE_ROW_MONTH_WRONG,15,PMS Report OCTOBER 2025.zip,PMS_OCT_2025.xlsx,PMS_OCT_2025,19,2,B19
2025-10-01,2024-10-01,STATE,Anambra,Anambra,Anambra,South East,FALSE,1283.125,NGN per litre,2024-10-01,FALSE,TITLE_ROW_MONTH_WRONG,15,PMS Report OCTOBER 2025.zip,PMS_OCT_2025.xlsx,PMS_OCT_2025,20,2,B20
2025-10-01,2024-10-01,STATE,Bauchi,Bauchi,Bauchi,North East,FALSE,1194.2857142857142,NGN per litre,2024-10-01,FALSE,TITLE_ROW_MONTH_WRONG,15,PMS Report OCTOBER 2025.zip,PMS_OCT_2025.xlsx,PMS_OCT_2025,21,2,B21
2025-10-01,2024-10-01,STATE,Bayelsa,Bayelsa,Bayelsa,South South,FALSE,1250,NGN per litre,2024-10-01,FALSE,TITLE_ROW_MONTH_WRONG,15,PMS Report OCTOBER 2025.zip,PMS_OCT_2025.xlsx,PMS_OCT_2025,22,2,B22
2025-10-01,2024-10-01,STATE,Benue,Benue,Benue,North Central,FALSE,1127.37284029447,NGN per litre,2024-10-01,FALSE,TITLE_ROW_MONTH_WRONG,15,PMS Report OCTOBER 2025.zip,PMS_OCT_2025.xlsx,PMS_OCT_2025,23,2,B23
2025-10-01,2024-10-01,STATE,Borno,Borno,Borno,North East,FALSE,1283.7857142857142,NGN per litre,2024-10-01,FALSE,TITLE_ROW_MONTH_WRONG,15,PMS Report OCTOBER 2025.zip,PMS_OCT_2025.xlsx,PMS_OCT_2025,24,2,B24
2025-10-01,2024-10-01,STATE,Cross River,Cross River,Cross River,South South,FALSE,1255.5555555555557,NGN per litre,2024-10-01,FALSE,TITLE_ROW_MONTH_WRONG,15,PMS Report OCTOBER 2025.zip,PMS_OCT_2025.xlsx,PMS_OCT_2025,25,2,B25
2025-10-01,2024-10-01,STATE,Delta,Delta,Delta,South South,FALSE,1050,NGN per litre,2024-10-01,FALSE,TITLE_ROW_MONTH_WRONG,15,PMS Report OCTOBER 2025.zip,PMS_OCT_2025.xlsx,PMS_OCT_2025,26,2,B26
2025-10-01,2024-10-01,STATE,Ebonyi,Ebonyi,Ebonyi,South East,FALSE,1292.857142857143,NGN per litre,2024-10-01,FALSE,TITLE_ROW_MONTH_WRONG,15,PMS Report OCTOBER 2025.zip,PMS_OCT_2025.xlsx,PMS_OCT_2025,27,2,B27
2025-10-01,2024-10-01,STATE,Edo,Edo,Edo,South South,FALSE,1227.5,NGN per litre,2024-10-01,FALSE,TITLE_ROW_MONTH_WRONG,15,PMS Report OCTOBER 2025.zip,PMS_OCT_2025.xlsx,PMS_OCT_2025,28,2,B28
2025-10-01,2024-10-01,STATE,Ekiti,Ekiti,Ekiti,South West,FALSE,1116.4705882352941,NGN per litre,2024-10-01,FALSE,TITLE_ROW_MONTH_WRONG,15,PMS Report OCTOBER 2025.zip,PMS_OCT_2025.xlsx,PMS_OCT_2025,29,2,B29
2025-10-01,2024-10-01,STATE,Enugu,Enugu,Enugu,South East,FALSE,1192.2007598876953,NGN per litre,2024-10-01,FALSE,TITLE_ROW_MONTH_WRONG,15,PMS Report OCTOBER 2025.zip,PMS_OCT_2025.xlsx,PMS_OCT_2025,30,2,B30
2025-10-01,2024-10-01,STATE,Gombe,Gombe,Gombe,North East,FALSE,1232.8,NGN per litre,2024-10-01,FALSE,TITLE_ROW_MONTH_WRONG,15,PMS Report OCTOBER 2025.zip,PMS_OCT_2025.xlsx,PMS_OCT_2025,31,2,B31
2025-10-01,2024-10-01,STATE,Imo,Imo,Imo,South East,FALSE,1237.4782608695652,NGN per litre,2024-10-01,FALSE,TITLE_ROW_MONTH_WRONG,15,PMS Report OCTOBER 2025.zip,PMS_OCT_2025.xlsx,PMS_OCT_2025,32,2,B32
2025-10-01,2024-10-01,STATE,Jigawa,Jigawa,Jigawa,North West,FALSE,1288.1818181818182,NGN per litre,2024-10-01,FALSE,TITLE_ROW_MONTH_WRONG,15,PMS Report OCTOBER 2025.zip,PMS_OCT_2025.xlsx,PMS_OCT_2025,33,2,B33
2025-10-01,2024-10-01,STATE,Kaduna,Kaduna,Kaduna,North West,FALSE,1163.7,NGN per litre,2024-10-01,FALSE,TITLE_ROW_MONTH_WRONG,15,PMS Report OCTOBER 2025.zip,PMS_OCT_2025.xlsx,PMS_OCT_2025,34,2,B34
2025-10-01,2024-10-01,STATE,Kano,Kano,Kano,North West,FALSE,1170.8333333333333,NGN per litre,2024-10-01,FALSE,TITLE_ROW_MONTH_WRONG,15,PMS Report OCTOBER 2025.zip,PMS_OCT_2025.xlsx,PMS_OCT_2025,35,2,B35
2025-10-01,2024-10-01,STATE,Katsina,Katsina,Katsina,North West,FALSE,1100,NGN per litre,2024-10-01,FALSE,TITLE_ROW_MONTH_WRONG,15,PMS Report OCTOBER 2025.zip,PMS_OCT_2025.xlsx,PMS_OCT_2025,36,2,B36
2025-10-01,2024-10-01,STATE,Kebbi,Kebbi,Kebbi,North West,FALSE,1189.25,NGN per litre,2024-10-01,FALSE,TITLE_ROW_MONTH_WRONG,15,PMS Report OCTOBER 2025.zip,PMS_OCT_2025.xlsx,PMS_OCT_2025,37,2,B37
2025-10-01,2024-10-01,STATE,Kogi,Kogi,Kogi,North Central,FALSE,1193.1373948317307,NGN per litre,2024-10-01,FALSE,TITLE_ROW_MONTH_WRONG,15,PMS Report OCTOBER 2025.zip,PMS_OCT_2025.xlsx,PMS_OCT_2025,38,2,B38
2025-10-01,2024-10-01,STATE,Kwara,Kwara,Kwara,North Central,FALSE,1162.4615384615386,NGN per litre,2024-10-01,FALSE,TITLE_ROW_MONTH_WRONG,15,PMS Report OCTOBER 2025.zip,PMS_OCT_2025.xlsx,PMS_OCT_2025,39,2,B39
2025-10-01,2024-10-01,STATE,Lagos,Lagos,Lagos,South West,FALSE,1080.952380952381,NGN per litre,2024-10-01,FALSE,TITLE_ROW_MONTH_WRONG,15,PMS Report OCTOBER 2025.zip,PMS_OCT_2025.xlsx,PMS_OCT_2025,40,2,B40
2025-10-01,2024-10-01,STATE,Nasarawa,Nasarawa,Nasarawa,North Central,FALSE,1063.6842105263158,NGN per litre,2024-10-01,FALSE,TITLE_ROW_MONTH_WRONG,15,PMS Report OCTOBER 2025.zip,PMS_OCT_2025.xlsx,PMS_OCT_2025,41,2,B41
2025-10-01,2024-10-01,STATE,Niger,Niger,Niger,North Central,FALSE,1088.0721153846155,NGN per litre,2024-10-01,FALSE,TITLE_ROW_MONTH_WRONG,15,PMS Report OCTOBER 2025.zip,PMS_OCT_2025.xlsx,PMS_OCT_2025,42,2,B42
2025-10-01,2024-10-01,STATE,Ogun,Ogun,Ogun,South West,FALSE,1161.111111111111,NGN per litre,2024-10-01,FALSE,TITLE_ROW_MONTH_WRONG,15,PMS Report OCTOBER 2025.zip,PMS_OCT_2025.xlsx,PMS_OCT_2025,43,2,B43
2025-10-01,2024-10-01,STATE,Ondo,Ondo,Ondo,South West,FALSE,1172.857142857143,NGN per litre,2024-10-01,FALSE,TITLE_ROW_MONTH_WRONG,15,PMS Report OCTOBER 2025.zip,PMS_OCT_2025.xlsx,PMS_OCT_2025,44,2,B44
2025-10-01,2024-10-01,STATE,Osun,Osun,Osun,South West,FALSE,1176.3157894736842,NGN per litre,2024-10-01,FALSE,TITLE_ROW_MONTH_WRONG,15,PMS Report OCTOBER 2025.zip,PMS_OCT_2025.xlsx,PMS_OCT_2025,45,2,B45
2025-10-01,2024-10-01,STATE,Oyo,Oyo,Oyo,South West,FALSE,1188.75,NGN per litre,2024-10-01,FALSE,TITLE_ROW_MONTH_WRONG,15,PMS Report OCTOBER 2025.zip,PMS_OCT_2025.xlsx,PMS_OCT_2025,46,2,B46
2025-10-01,2024-10-01,STATE,Plateau,Plateau,Plateau,North Central,FALSE,1171.25,NGN per litre,2024-10-01,FALSE,TITLE_ROW_MONTH_WRONG,15,PMS Report OCTOBER 2025.zip,PMS_OCT_2025.xlsx,PMS_OCT_2025,47,2,B47
2025-10-01,2024-10-01,STATE,Rivers,Rivers,Rivers,South South,FALSE,1154.27272727273,NGN per litre,2024-10-01,FALSE,TITLE_ROW_MONTH_WRONG,15,PMS Report OCTOBER 2025.zip,PMS_OCT_2025.xlsx,PMS_OCT_2025,48,2,B48
2025-10-01,2024-10-01,STATE,Sokoto,Sokoto,Sokoto,North West,FALSE,1110,NGN per litre,2024-10-01,FALSE,TITLE_ROW_MONTH_WRONG,15,PMS Report OCTOBER 2025.zip,PMS_OCT_2025.xlsx,PMS_OCT_2025,49,2,B49
2025-10-01,2024-10-01,STATE,Taraba,Taraba,Taraba,North East,FALSE,1243.901805530895,NGN per litre,2024-10-01,FALSE,TITLE_ROW_MONTH_WRONG,15,PMS Report OCTOBER 2025.zip,PMS_OCT_2025.xlsx,PMS_OCT_2025,50,2,B50
2025-10-01,2024-10-01,STATE,Yobe,Yobe,Yobe,North East,FALSE,1180.0961538461538,NGN per litre,2024-10-01,FALSE,TITLE_ROW_MONTH_WRONG,15,PMS Report OCTOBER 2025.zip,PMS_OCT_2025.xlsx,PMS_OCT_2025,51,2,B51
2025-10-01,2024-10-01,STATE,Zamfara,Zamfara,Zamfara,North West,FALSE,1164.2857142857142,NGN per litre,2024-10-01,FALSE,TITLE_ROW_MONTH_WRONG,15,PMS Report OCTOBER 2025.zip,PMS_OCT_2025.xlsx,PMS_OCT_2025,52,2,B52
2025-10-01,2024-10-01,NATIONAL,Nigeria,AVERAGE,,,TRUE,1184.8254225255844,NGN per litre,2024-10-01,FALSE,TITLE_ROW_MONTH_WRONG,15,PMS Report OCTOBER 2025.zip,PMS_OCT_2025.xlsx,PMS_OCT_2025,53,2,B53
2025-10-01,2025-09-01,STATE,Abia,Abia,Abia,South East,FALSE,1000.25,NGN per litre,2025-09-01,FALSE,TITLE_ROW_MONTH_WRONG,15,PMS Report OCTOBER 2025.zip,PMS_OCT_2025.xlsx,PMS_OCT_2025,16,3,C16
2025-10-01,2025-09-01,STATE,Abuja,Abuja,Abuja,North Central,FALSE,962.6883333333334,NGN per litre,2025-09-01,FALSE,TITLE_ROW_MONTH_WRONG,15,PMS Report OCTOBER 2025.zip,PMS_OCT_2025.xlsx,PMS_OCT_2025,17,3,C17
2025-10-01,2025-09-01,STATE,Adamawa,Adamawa,Adamawa,North East,FALSE,995.1009166666666,NGN per litre,2025-09-01,FALSE,TITLE_ROW_MONTH_WRONG,15,PMS Report OCTOBER 2025.zip,PMS_OCT_2025.xlsx,PMS_OCT_2025,18,3,C18
2025-10-01,2025-09-01,STATE,Akwa Ibom,Akwa Ibom,Akwa Ibom,South South,FALSE,957.1400000000001,NGN per litre,2025-09-01,FALSE,TITLE_ROW_MONTH_WRONG,15,PMS Report OCTOBER 2025.zip,PMS_OCT_2025.xlsx,PMS_OCT_2025,19,3,C19
2025-10-01,2025-09-01,STATE,Anambra,Anambra,Anambra,South East,FALSE,989.0210154428912,NGN per litre,2025-09-01,FALSE,TITLE_ROW_MONTH_WRONG,15,PMS Report OCTOBER 2025.zip,PMS_OCT_2025.xlsx,PMS_OCT_2025,20,3,C20
2025-10-01,2025-09-01,STATE,Bauchi,Bauchi,Bauchi,North East,FALSE,956.2922222222221,NGN per litre,2025-09-01,FALSE,TITLE_ROW_MONTH_WRONG,15,PMS Report OCTOBER 2025.zip,PMS_OCT_2025.xlsx,PMS_OCT_2025,21,3,C21
2025-10-01,2025-09-01,STATE,Bayelsa,Bayelsa,Bayelsa,South South,FALSE,929.05525,NGN per litre,2025-09-01,FALSE,TITLE_ROW_MONTH_WRONG,15,PMS Report OCTOBER 2025.zip,PMS_OCT_2025.xlsx,PMS_OCT_2025,22,3,C22
2025-10-01,2025-09-01,STATE,Benue,Benue,Benue,North Central,FALSE,1096.9685000000002,NGN per litre,2025-09-01,FALSE,TITLE_ROW_MONTH_WRONG,15,PMS Report OCTOBER 2025.zip,PMS_OCT_2025.xlsx,PMS_OCT_2025,23,3,C23
2025-10-01,2025-09-01,STATE,Borno,Borno,Borno,North East,FALSE,1045,NGN per litre,2025-09-01,FALSE,TITLE_ROW_MONTH_WRONG,15,PMS Report OCTOBER 2025.zip,PMS_OCT_2025.xlsx,PMS_OCT_2025,24,3,C24
2025-10-01,2025-09-01,STATE,Cross River,Cross River,Cross River,South South,FALSE,964.1071428571463,NGN per litre,2025-09-01,FALSE,TITLE_ROW_MONTH_WRONG,15,PMS Report OCTOBER 2025.zip,PMS_OCT_2025.xlsx,PMS_OCT_2025,25,3,C25
2025-10-01,2025-09-01,STATE,Delta,Delta,Delta,South South,FALSE,927.7164793388428,NGN per litre,2025-09-01,FALSE,TITLE_ROW_MONTH_WRONG,15,PMS Report OCTOBER 2025.zip,PMS_OCT_2025.xlsx,PMS_OCT_2025,26,3,C26
2025-10-01,2025-09-01,STATE,Ebonyi,Ebonyi,Ebonyi,South East,FALSE,1055.0912857142857,NGN per litre,2025-09-01,FALSE,TITLE_ROW_MONTH_WRONG,15,PMS Report OCTOBER 2025.zip,PMS_OCT_2025.xlsx,PMS_OCT_2025,27,3,C27
2025-10-01,2025-09-01,STATE,Edo,Edo,Edo,South South,FALSE,920.909125,NGN per litre,2025-09-01,FALSE,TITLE_ROW_MONTH_WRONG,15,PMS Report OCTOBER 2025.zip,PMS_OCT_2025.xlsx,PMS_OCT_2025,28,3,C28
2025-10-01,2025-09-01,STATE,Ekiti,Ekiti,Ekiti,South West,FALSE,901.2274285714286,NGN per litre,2025-09-01,FALSE,TITLE_ROW_MONTH_WRONG,15,PMS Report OCTOBER 2025.zip,PMS_OCT_2025.xlsx,PMS_OCT_2025,29,3,C29
2025-10-01,2025-09-01,STATE,Enugu,Enugu,Enugu,South East,FALSE,1000.0316666666668,NGN per litre,2025-09-01,FALSE,TITLE_ROW_MONTH_WRONG,15,PMS Report OCTOBER 2025.zip,PMS_OCT_2025.xlsx,PMS_OCT_2025,30,3,C30
2025-10-01,2025-09-01,STATE,Gombe,Gombe,Gombe,North East,FALSE,959.1184444444445,NGN per litre,2025-09-01,FALSE,TITLE_ROW_MONTH_WRONG,15,PMS Report OCTOBER 2025.zip,PMS_OCT_2025.xlsx,PMS_OCT_2025,31,3,C31
2025-10-01,2025-09-01,STATE,Imo,Imo,Imo,South East,FALSE,987.2981092436975,NGN per litre,2025-09-01,FALSE,TITLE_ROW_MONTH_WRONG,15,PMS Report OCTOBER 2025.zip,PMS_OCT_2025.xlsx,PMS_OCT_2025,32,3,C32
2025-10-01,2025-09-01,STATE,Jigawa,Jigawa,Jigawa,North West,FALSE,956.6898181818183,NGN per litre,2025-09-01,FALSE,TITLE_ROW_MONTH_WRONG,15,PMS Report OCTOBER 2025.zip,PMS_OCT_2025.xlsx,PMS_OCT_2025,33,3,C33
2025-10-01,2025-09-01,STATE,Kaduna,Kaduna,Kaduna,North West,FALSE,942.4333333333334,NGN per litre,2025-09-01,FALSE,TITLE_ROW_MONTH_WRONG,15,PMS Report OCTOBER 2025.zip,PMS_OCT_2025.xlsx,PMS_OCT_2025,34,3,C34
2025-10-01,2025-09-01,STATE,Kano,Kano,Kano,North West,FALSE,939.5583666666666,NGN per litre,2025-09-01,FALSE,TITLE_ROW_MONTH_WRONG,15,PMS Report OCTOBER 2025.zip,PMS_OCT_2025.xlsx,PMS_OCT_2025,35,3,C35
2025-10-01,2025-09-01,STATE,Katsina,Katsina,Katsina,North West,FALSE,982.5409166666667,NGN per litre,2025-09-01,FALSE,TITLE_ROW_MONTH_WRONG,15,PMS Report OCTOBER 2025.zip,PMS_OCT_2025.xlsx,PMS_OCT_2025,36,3,C36
2025-10-01,2025-09-01,STATE,Kebbi,Kebbi,Kebbi,North West,FALSE,942.756,NGN per litre,2025-09-01,FALSE,TITLE_ROW_MONTH_WRONG,15,PMS Report OCTOBER 2025.zip,PMS_OCT_2025.xlsx,PMS_OCT_2025,37,3,C37
2025-10-01,2025-09-01,STATE,Kogi,Kogi,Kogi,North Central,FALSE,963.9555,NGN per litre,2025-09-01,FALSE,TITLE_ROW_MONTH_WRONG,15,PMS Report OCTOBER 2025.zip,PMS_OCT_2025.xlsx,PMS_OCT_2025,38,3,C38
2025-10-01,2025-09-01,STATE,Kwara,Kwara,Kwara,North Central,FALSE,923.6463,NGN per litre,2025-09-01,FALSE,TITLE_ROW_MONTH_WRONG,15,PMS Report OCTOBER 2025.zip,PMS_OCT_2025.xlsx,PMS_OCT_2025,39,3,C39
2025-10-01,2025-09-01,STATE,Lagos,Lagos,Lagos,South West,FALSE,958.3815000000001,NGN per litre,2025-09-01,FALSE,TITLE_ROW_MONTH_WRONG,15,PMS Report OCTOBER 2025.zip,PMS_OCT_2025.xlsx,PMS_OCT_2025,40,3,C40
2025-10-01,2025-09-01,STATE,Nasarawa,Nasarawa,Nasarawa,North Central,FALSE,984.948,NGN per litre,2025-09-01,FALSE,TITLE_ROW_MONTH_WRONG,15,PMS Report OCTOBER 2025.zip,PMS_OCT_2025.xlsx,PMS_OCT_2025,41,3,C41
2025-10-01,2025-09-01,STATE,Niger,Niger,Niger,North Central,FALSE,1006.8557291666706,NGN per litre,2025-09-01,FALSE,TITLE_ROW_MONTH_WRONG,15,PMS Report OCTOBER 2025.zip,PMS_OCT_2025.xlsx,PMS_OCT_2025,42,3,C42
2025-10-01,2025-09-01,STATE,Ogun,Ogun,Ogun,South West,FALSE,946.7,NGN per litre,2025-09-01,FALSE,TITLE_ROW_MONTH_WRONG,15,PMS Report OCTOBER 2025.zip,PMS_OCT_2025.xlsx,PMS_OCT_2025,43,3,C43
2025-10-01,2025-09-01,STATE,Ondo,Ondo,Ondo,South West,FALSE,962.6828571428571,NGN per litre,2025-09-01,FALSE,TITLE_ROW_MONTH_WRONG,15,PMS Report OCTOBER 2025.zip,PMS_OCT_2025.xlsx,PMS_OCT_2025,44,3,C44
2025-10-01,2025-09-01,STATE,Osun,Osun,Osun,South West,FALSE,933.175,NGN per litre,2025-09-01,FALSE,TITLE_ROW_MONTH_WRONG,15,PMS Report OCTOBER 2025.zip,PMS_OCT_2025.xlsx,PMS_OCT_2025,45,3,C45
2025-10-01,2025-09-01,STATE,Oyo,Oyo,Oyo,South West,FALSE,912.2288370786516,NGN per litre,2025-09-01,FALSE,TITLE_ROW_MONTH_WRONG,15,PMS Report OCTOBER 2025.zip,PMS_OCT_2025.xlsx,PMS_OCT_2025,46,3,C46
2025-10-01,2025-09-01,STATE,Plateau,Plateau,Plateau,North Central,FALSE,1013.999,NGN per litre,2025-09-01,FALSE,TITLE_ROW_MONTH_WRONG,15,PMS Report OCTOBER 2025.zip,PMS_OCT_2025.xlsx,PMS_OCT_2025,47,3,C47
2025-10-01,2025-09-01,STATE,Rivers,Rivers,Rivers,South South,FALSE,980.3549999999999,NGN per litre,2025-09-01,FALSE,TITLE_ROW_MONTH_WRONG,15,PMS Report OCTOBER 2025.zip,PMS_OCT_2025.xlsx,PMS_OCT_2025,48,3,C48
2025-10-01,2025-09-01,STATE,Sokoto,Sokoto,Sokoto,North West,FALSE,1023.39,NGN per litre,2025-09-01,FALSE,TITLE_ROW_MONTH_WRONG,15,PMS Report OCTOBER 2025.zip,PMS_OCT_2025.xlsx,PMS_OCT_2025,49,3,C49
2025-10-01,2025-09-01,STATE,Taraba,Taraba,Taraba,North East,FALSE,934.0200000000001,NGN per litre,2025-09-01,FALSE,TITLE_ROW_MONTH_WRONG,15,PMS Report OCTOBER 2025.zip,PMS_OCT_2025.xlsx,PMS_OCT_2025,50,3,C50
2025-10-01,2025-09-01,STATE,Yobe,Yobe,Yobe,North East,FALSE,988.93675,NGN per litre,2025-09-01,FALSE,TITLE_ROW_MONTH_WRONG,15,PMS Report OCTOBER 2025.zip,PMS_OCT_2025.xlsx,PMS_OCT_2025,51,3,C51
2025-10-01,2025-09-01,STATE,Zamfara,Zamfara,Zamfara,North West,FALSE,967.4859166666666,NGN per litre,2025-09-01,FALSE,TITLE_ROW_MONTH_WRONG,15,PMS Report OCTOBER 2025.zip,PMS_OCT_2025.xlsx,PMS_OCT_2025,52,3,C52
2025-10-01,2025-09-01,NATIONAL,Nigeria,AVERAGE,,,TRUE,970.5879660649986,NGN per litre,2025-09-01,FALSE,TITLE_ROW_MONTH_WRONG,15,PMS Report OCTOBER 2025.zip,PMS_OCT_2025.xlsx,PMS_OCT_2025,53,3,C53
2025-10-01,2025-10-01,STATE,Abia,Abia,Abia,South East,FALSE,1012.5,NGN per litre,2025-10-01,TRUE,TITLE_ROW_MONTH_WRONG,15,PMS Report OCTOBER 2025.zip,PMS_OCT_2025.xlsx,PMS_OCT_2025,16,4,D16
2025-10-01,2025-10-01,STATE,Abuja,Abuja,Abuja,North Central,FALSE,1039.1666666666667,NGN per litre,2025-10-01,TRUE,TITLE_ROW_MONTH_WRONG,15,PMS Report OCTOBER 2025.zip,PMS_OCT_2025.xlsx,PMS_OCT_2025,17,4,D17
2025-10-01,2025-10-01,STATE,Adamawa,Adamawa,Adamawa,North East,FALSE,1053.01,NGN per litre,2025-10-01,TRUE,TITLE_ROW_MONTH_WRONG,15,PMS Report OCTOBER 2025.zip,PMS_OCT_2025.xlsx,PMS_OCT_2025,18,4,D18
2025-10-01,2025-10-01,STATE,Akwa Ibom,Akwa Ibom,Akwa Ibom,South South,FALSE,1064.325,NGN per litre,2025-10-01,TRUE,TITLE_ROW_MONTH_WRONG,15,PMS Report OCTOBER 2025.zip,PMS_OCT_2025.xlsx,PMS_OCT_2025,19,4,D19
2025-10-01,2025-10-01,STATE,Anambra,Anambra,Anambra,South East,FALSE,1068.2381249999999,NGN per litre,2025-10-01,TRUE,TITLE_ROW_MONTH_WRONG,15,PMS Report OCTOBER 2025.zip,PMS_OCT_2025.xlsx,PMS_OCT_2025,20,4,D20
2025-10-01,2025-10-01,STATE,Bauchi,Bauchi,Bauchi,North East,FALSE,1078.3444444444444,NGN per litre,2025-10-01,TRUE,TITLE_ROW_MONTH_WRONG,15,PMS Report OCTOBER 2025.zip,PMS_OCT_2025.xlsx,PMS_OCT_2025,21,4,D21
2025-10-01,2025-10-01,STATE,Bayelsa,Bayelsa,Bayelsa,South South,FALSE,1073.9125,NGN per litre,2025-10-01,TRUE,TITLE_ROW_MONTH_WRONG,15,PMS Report OCTOBER 2025.zip,PMS_OCT_2025.xlsx,PMS_OCT_2025,22,4,D22
2025-10-01,2025-10-01,STATE,Benue,Benue,Benue,North Central,FALSE,1071.3788499999998,NGN per litre,2025-10-01,TRUE,TITLE_ROW_MONTH_WRONG,15,PMS Report OCTOBER 2025.zip,PMS_OCT_2025.xlsx,PMS_OCT_2025,23,4,D23
2025-10-01,2025-10-01,STATE,Borno,Borno,Borno,North East,FALSE,1101.625,NGN per litre,2025-10-01,TRUE,TITLE_ROW_MONTH_WRONG,15,PMS Report OCTOBER 2025.zip,PMS_OCT_2025.xlsx,PMS_OCT_2025,24,4,D24
2025-10-01,2025-10-01,STATE,Cross River,Cross River,Cross River,South South,FALSE,1031.25,NGN per litre,2025-10-01,TRUE,TITLE_ROW_MONTH_WRONG,15,PMS Report OCTOBER 2025.zip,PMS_OCT_2025.xlsx,PMS_OCT_2025,25,4,D25
2025-10-01,2025-10-01,STATE,Delta,Delta,Delta,South South,FALSE,1025.9914136363636,NGN per litre,2025-10-01,TRUE,TITLE_ROW_MONTH_WRONG,15,PMS Report OCTOBER 2025.zip,PMS_OCT_2025.xlsx,PMS_OCT_2025,26,4,D26
2025-10-01,2025-10-01,STATE,Ebonyi,Ebonyi,Ebonyi,South East,FALSE,1036.9892857142856,NGN per litre,2025-10-01,TRUE,TITLE_ROW_MONTH_WRONG,15,PMS Report OCTOBER 2025.zip,PMS_OCT_2025.xlsx,PMS_OCT_2025,27,4,D27
2025-10-01,2025-10-01,STATE,Edo,Edo,Edo,South South,FALSE,1030.046625,NGN per litre,2025-10-01,TRUE,TITLE_ROW_MONTH_WRONG,15,PMS Report OCTOBER 2025.zip,PMS_OCT_2025.xlsx,PMS_OCT_2025,28,4,D28
2025-10-01,2025-10-01,STATE,Ekiti,Ekiti,Ekiti,South West,FALSE,1058.4937457142858,NGN per litre,2025-10-01,TRUE,TITLE_ROW_MONTH_WRONG,15,PMS Report OCTOBER 2025.zip,PMS_OCT_2025.xlsx,PMS_OCT_2025,29,4,D29
2025-10-01,2025-10-01,STATE,Enugu,Enugu,Enugu,South East,FALSE,1030.9216666666666,NGN per litre,2025-10-01,TRUE,TITLE_ROW_MONTH_WRONG,15,PMS Report OCTOBER 2025.zip,PMS_OCT_2025.xlsx,PMS_OCT_2025,30,4,D30
2025-10-01,2025-10-01,STATE,Gombe,Gombe,Gombe,North East,FALSE,1055.7235055555554,NGN per litre,2025-10-01,TRUE,TITLE_ROW_MONTH_WRONG,15,PMS Report OCTOBER 2025.zip,PMS_OCT_2025.xlsx,PMS_OCT_2025,31,4,D31
2025-10-01,2025-10-01,STATE,Imo,Imo,Imo,South East,FALSE,1087.1266807142858,NGN per litre,2025-10-01,TRUE,TITLE_ROW_MONTH_WRONG,15,PMS Report OCTOBER 2025.zip,PMS_OCT_2025.xlsx,PMS_OCT_2025,32,4,D32
2025-10-01,2025-10-01,STATE,Jigawa,Jigawa,Jigawa,North West,FALSE,1059.0913636363637,NGN per litre,2025-10-01,TRUE,TITLE_ROW_MONTH_WRONG,15,PMS Report OCTOBER 2025.zip,PMS_OCT_2025.xlsx,PMS_OCT_2025,33,4,D33
2025-10-01,2025-10-01,STATE,Kaduna,Kaduna,Kaduna,North West,FALSE,1023.3333333333334,NGN per litre,2025-10-01,TRUE,TITLE_ROW_MONTH_WRONG,15,PMS Report OCTOBER 2025.zip,PMS_OCT_2025.xlsx,PMS_OCT_2025,34,4,D34
2025-10-01,2025-10-01,STATE,Kano,Kano,Kano,North West,FALSE,1060.5646666666667,NGN per litre,2025-10-01,TRUE,TITLE_ROW_MONTH_WRONG,15,PMS Report OCTOBER 2025.zip,PMS_OCT_2025.xlsx,PMS_OCT_2025,35,4,D35
2025-10-01,2025-10-01,STATE,Katsina,Katsina,Katsina,North West,FALSE,1053.6455166666667,NGN per litre,2025-10-01,TRUE,TITLE_ROW_MONTH_WRONG,15,PMS Report OCTOBER 2025.zip,PMS_OCT_2025.xlsx,PMS_OCT_2025,36,4,D36
2025-10-01,2025-10-01,STATE,Kebbi,Kebbi,Kebbi,North West,FALSE,1031.64,NGN per litre,2025-10-01,TRUE,TITLE_ROW_MONTH_WRONG,15,PMS Report OCTOBER 2025.zip,PMS_OCT_2025.xlsx,PMS_OCT_2025,37,4,D37
2025-10-01,2025-10-01,STATE,Kogi,Kogi,Kogi,North Central,FALSE,1110,NGN per litre,2025-10-01,TRUE,TITLE_ROW_MONTH_WRONG,15,PMS Report OCTOBER 2025.zip,PMS_OCT_2025.xlsx,PMS_OCT_2025,38,4,D38
2025-10-01,2025-10-01,STATE,Kwara,Kwara,Kwara,North Central,FALSE,1051.1299999999999,NGN per litre,2025-10-01,TRUE,TITLE_ROW_MONTH_WRONG,15,PMS Report OCTOBER 2025.zip,PMS_OCT_2025.xlsx,PMS_OCT_2025,39,4,D39
2025-10-01,2025-10-01,STATE,Lagos,Lagos,Lagos,South West,FALSE,1014,NGN per litre,2025-10-01,TRUE,TITLE_ROW_MONTH_WRONG,15,PMS Report OCTOBER 2025.zip,PMS_OCT_2025.xlsx,PMS_OCT_2025,40,4,D40
2025-10-01,2025-10-01,STATE,Nasarawa,Nasarawa,Nasarawa,North Central,FALSE,1009.3770000000001,NGN per litre,2025-10-01,TRUE,TITLE_ROW_MONTH_WRONG,15,PMS Report OCTOBER 2025.zip,PMS_OCT_2025.xlsx,PMS_OCT_2025,41,4,D41
2025-10-01,2025-10-01,STATE,Niger,Niger,Niger,North Central,FALSE,1061.127816625,NGN per litre,2025-10-01,TRUE,TITLE_ROW_MONTH_WRONG,15,PMS Report OCTOBER 2025.zip,PMS_OCT_2025.xlsx,PMS_OCT_2025,42,4,D42
2025-10-01,2025-10-01,STATE,Ogun,Ogun,Ogun,South West,FALSE,1064.9875,NGN per litre,2025-10-01,TRUE,TITLE_ROW_MONTH_WRONG,15,PMS Report OCTOBER 2025.zip,PMS_OCT_2025.xlsx,PMS_OCT_2025,43,4,D43
2025-10-01,2025-10-01,STATE,Ondo,Ondo,Ondo,South West,FALSE,1017.8285714285713,NGN per litre,2025-10-01,TRUE,TITLE_ROW_MONTH_WRONG,15,PMS Report OCTOBER 2025.zip,PMS_OCT_2025.xlsx,PMS_OCT_2025,44,4,D44
2025-10-01,2025-10-01,STATE,Osun,Osun,Osun,South West,FALSE,1039.76979375,NGN per litre,2025-10-01,TRUE,TITLE_ROW_MONTH_WRONG,15,PMS Report OCTOBER 2025.zip,PMS_OCT_2025.xlsx,PMS_OCT_2025,45,4,D45
2025-10-01,2025-10-01,STATE,Oyo,Oyo,Oyo,South West,FALSE,1001.7860000000001,NGN per litre,2025-10-01,TRUE,TITLE_ROW_MONTH_WRONG,15,PMS Report OCTOBER 2025.zip,PMS_OCT_2025.xlsx,PMS_OCT_2025,46,4,D46
2025-10-01,2025-10-01,STATE,Plateau,Plateau,Plateau,North Central,FALSE,1056.132,NGN per litre,2025-10-01,TRUE,TITLE_ROW_MONTH_WRONG,15,PMS Report OCTOBER 2025.zip,PMS_OCT_2025.xlsx,PMS_OCT_2025,47,4,D47
2025-10-01,2025-10-01,STATE,Rivers,Rivers,Rivers,South South,FALSE,1053.7181249999999,NGN per litre,2025-10-01,TRUE,TITLE_ROW_MONTH_WRONG,15,PMS Report OCTOBER 2025.zip,PMS_OCT_2025.xlsx,PMS_OCT_2025,48,4,D48
2025-10-01,2025-10-01,STATE,Sokoto,Sokoto,Sokoto,North West,FALSE,1105.93315,NGN per litre,2025-10-01,TRUE,TITLE_ROW_MONTH_WRONG,15,PMS Report OCTOBER 2025.zip,PMS_OCT_2025.xlsx,PMS_OCT_2025,49,4,D49
2025-10-01,2025-10-01,STATE,Taraba,Taraba,Taraba,North East,FALSE,1072.152,NGN per litre,2025-10-01,TRUE,TITLE_ROW_MONTH_WRONG,15,PMS Report OCTOBER 2025.zip,PMS_OCT_2025.xlsx,PMS_OCT_2025,50,4,D50
2025-10-01,2025-10-01,STATE,Yobe,Yobe,Yobe,North East,FALSE,1075.5883333333334,NGN per litre,2025-10-01,TRUE,TITLE_ROW_MONTH_WRONG,15,PMS Report OCTOBER 2025.zip,PMS_OCT_2025.xlsx,PMS_OCT_2025,51,4,D51
2025-10-01,2025-10-01,STATE,Zamfara,Zamfara,Zamfara,North West,FALSE,1054.6785695833332,NGN per litre,2025-10-01,TRUE,TITLE_ROW_MONTH_WRONG,15,PMS Report OCTOBER 2025.zip,PMS_OCT_2025.xlsx,PMS_OCT_2025,52,4,D52
2025-10-01,2025-10-01,ZONE,North Central,North Central,,North Central,TRUE,1056.9017618988094,NGN per litre,Average Price,TRUE,TITLE_ROW_MONTH_WRONG,15,PMS Report OCTOBER 2025.zip,PMS_OCT_2025.xlsx,PMS_OCT_2025,17,7,G17
2025-10-01,2025-10-01,ZONE,North East,North East,,North East,TRUE,1072.7405472222222,NGN per litre,Average Price,TRUE,TITLE_ROW_MONTH_WRONG,15,PMS Report OCTOBER 2025.zip,PMS_OCT_2025.xlsx,PMS_OCT_2025,18,7,G18
2025-10-01,2025-10-01,ZONE,North West,North West,,North West,TRUE,1055.5552285551948,NGN per litre,Average Price,TRUE,TITLE_ROW_MONTH_WRONG,15,PMS Report OCTOBER 2025.zip,PMS_OCT_2025.xlsx,PMS_OCT_2025,21,7,G21
2025-10-01,2025-10-01,ZONE,South East,South East,,South East,TRUE,1047.1551516190477,NGN per litre,Average Price,TRUE,TITLE_ROW_MONTH_WRONG,15,PMS Report OCTOBER 2025.zip,PMS_OCT_2025.xlsx,PMS_OCT_2025,16,7,G16
2025-10-01,2025-10-01,ZONE,South South,South South,,South South,TRUE,1046.5406106060607,NGN per litre,Average Price,TRUE,TITLE_ROW_MONTH_WRONG,15,PMS Report OCTOBER 2025.zip,PMS_OCT_2025.xlsx,PMS_OCT_2025,19,7,G19
2025-10-01,2025-10-01,ZONE,South West,South West,,South West,TRUE,1032.8109351488094,NGN per litre,Average Price,TRUE,TITLE_ROW_MONTH_WRONG,15,PMS Report OCTOBER 2025.zip,PMS_OCT_2025.xlsx,PMS_OCT_2025,20,7,G20
2025-10-01,2025-10-01,NATIONAL,Nigeria,AVERAGE,,,TRUE,1052.311547273941,NGN per litre,2025-10-01,TRUE,TITLE_ROW_MONTH_WRONG,15,PMS Report OCTOBER 2025.zip,PMS_OCT_2025.xlsx,PMS_OCT_2025,53,4,D53
2025-11-01,2024-11-01,STATE,Abia,Abia,Abia,South East,FALSE,1260.65625,NGN per litre,2024-11-01,FALSE,,15,PMS_REPORT_NOV_2025.zip,Fuel_NOV_2025.xlsx,Fuel November 2025,16,2,B16
2025-11-01,2024-11-01,STATE,Abuja,Abuja,Abuja,North Central,FALSE,1230.5639892578124,NGN per litre,2024-11-01,FALSE,,15,PMS_REPORT_NOV_2025.zip,Fuel_NOV_2025.xlsx,Fuel November 2025,17,2,B17
2025-11-01,2024-11-01,STATE,Adamawa,Adamawa,Adamawa,North East,FALSE,1319.8472290039062,NGN per litre,2024-11-01,FALSE,,15,PMS_REPORT_NOV_2025.zip,Fuel_NOV_2025.xlsx,Fuel November 2025,18,2,B18
2025-11-01,2024-11-01,STATE,Akwa Ibom,Akwa Ibom,Akwa Ibom,South South,FALSE,1203.9285714285713,NGN per litre,2024-11-01,FALSE,,15,PMS_REPORT_NOV_2025.zip,Fuel_NOV_2025.xlsx,Fuel November 2025,19,2,B19
2025-11-01,2024-11-01,STATE,Anambra,Anambra,Anambra,South East,FALSE,1270.75,NGN per litre,2024-11-01,FALSE,,15,PMS_REPORT_NOV_2025.zip,Fuel_NOV_2025.xlsx,Fuel November 2025,20,2,B20
2025-11-01,2024-11-01,STATE,Bauchi,Bauchi,Bauchi,North East,FALSE,1181.6923076923076,NGN per litre,2024-11-01,FALSE,,15,PMS_REPORT_NOV_2025.zip,Fuel_NOV_2025.xlsx,Fuel November 2025,21,2,B21
2025-11-01,2024-11-01,STATE,Bayelsa,Bayelsa,Bayelsa,South South,FALSE,1209.1666666666667,NGN per litre,2024-11-01,FALSE,,15,PMS_REPORT_NOV_2025.zip,Fuel_NOV_2025.xlsx,Fuel November 2025,22,2,B22
2025-11-01,2024-11-01,STATE,Benue,Benue,Benue,North Central,FALSE,1365.162876674107,NGN per litre,2024-11-01,FALSE,,15,PMS_REPORT_NOV_2025.zip,Fuel_NOV_2025.xlsx,Fuel November 2025,23,2,B23
2025-11-01,2024-11-01,STATE,Borno,Borno,Borno,North East,FALSE,1331.9444444444443,NGN per litre,2024-11-01,FALSE,,15,PMS_REPORT_NOV_2025.zip,Fuel_NOV_2025.xlsx,Fuel November 2025,24,2,B24
2025-11-01,2024-11-01,STATE,Cross River,Cross River,Cross River,South South,FALSE,1218.5416666666667,NGN per litre,2024-11-01,FALSE,,15,PMS_REPORT_NOV_2025.zip,Fuel_NOV_2025.xlsx,Fuel November 2025,25,2,B25
2025-11-01,2024-11-01,STATE,Delta,Delta,Delta,South South,FALSE,1170.357142857143,NGN per litre,2024-11-01,FALSE,,15,PMS_REPORT_NOV_2025.zip,Fuel_NOV_2025.xlsx,Fuel November 2025,26,2,B26
2025-11-01,2024-11-01,STATE,Ebonyi,Ebonyi,Ebonyi,South East,FALSE,1287.5714285714287,NGN per litre,2024-11-01,FALSE,,15,PMS_REPORT_NOV_2025.zip,Fuel_NOV_2025.xlsx,Fuel November 2025,27,2,B27
2025-11-01,2024-11-01,STATE,Edo,Edo,Edo,South South,FALSE,1187.607142857143,NGN per litre,2024-11-01,FALSE,,15,PMS_REPORT_NOV_2025.zip,Fuel_NOV_2025.xlsx,Fuel November 2025,28,2,B28
2025-11-01,2024-11-01,STATE,Ekiti,Ekiti,Ekiti,South West,FALSE,1182.3809523809523,NGN per litre,2024-11-01,FALSE,,15,PMS_REPORT_NOV_2025.zip,Fuel_NOV_2025.xlsx,Fuel November 2025,29,2,B29
2025-11-01,2024-11-01,STATE,Enugu,Enugu,Enugu,South East,FALSE,1245.5555555555557,NGN per litre,2024-11-01,FALSE,,15,PMS_REPORT_NOV_2025.zip,Fuel_NOV_2025.xlsx,Fuel November 2025,30,2,B30
2025-11-01,2024-11-01,STATE,Gombe,Gombe,Gombe,North East,FALSE,1232.8,NGN per litre,2024-11-01,FALSE,,15,PMS_REPORT_NOV_2025.zip,Fuel_NOV_2025.xlsx,Fuel November 2025,31,2,B31
2025-11-01,2024-11-01,STATE,Imo,Imo,Imo,South East,FALSE,1224.0760869565217,NGN per litre,2024-11-01,FALSE,,15,PMS_REPORT_NOV_2025.zip,Fuel_NOV_2025.xlsx,Fuel November 2025,32,2,B32
2025-11-01,2024-11-01,STATE,Jigawa,Jigawa,Jigawa,North West,FALSE,1308.5714285714287,NGN per litre,2024-11-01,FALSE,,15,PMS_REPORT_NOV_2025.zip,Fuel_NOV_2025.xlsx,Fuel November 2025,33,2,B33
2025-11-01,2024-11-01,STATE,Kaduna,Kaduna,Kaduna,North West,FALSE,1193.75,NGN per litre,2024-11-01,FALSE,,15,PMS_REPORT_NOV_2025.zip,Fuel_NOV_2025.xlsx,Fuel November 2025,34,2,B34
2025-11-01,2024-11-01,STATE,Kano,Kano,Kano,North West,FALSE,1152.857142857143,NGN per litre,2024-11-01,FALSE,,15,PMS_REPORT_NOV_2025.zip,Fuel_NOV_2025.xlsx,Fuel November 2025,35,2,B35
2025-11-01,2024-11-01,STATE,Katsina,Katsina,Katsina,North West,FALSE,1121.25,NGN per litre,2024-11-01,FALSE,,15,PMS_REPORT_NOV_2025.zip,Fuel_NOV_2025.xlsx,Fuel November 2025,36,2,B36
2025-11-01,2024-11-01,STATE,Kebbi,Kebbi,Kebbi,North West,FALSE,1186.25,NGN per litre,2024-11-01,FALSE,,15,PMS_REPORT_NOV_2025.zip,Fuel_NOV_2025.xlsx,Fuel November 2025,37,2,B37
2025-11-01,2024-11-01,STATE,Kogi,Kogi,Kogi,North Central,FALSE,1249.9791666666667,NGN per litre,2024-11-01,FALSE,,15,PMS_REPORT_NOV_2025.zip,Fuel_NOV_2025.xlsx,Fuel November 2025,38,2,B38
2025-11-01,2024-11-01,STATE,Kwara,Kwara,Kwara,North Central,FALSE,1173.0615234375,NGN per litre,2024-11-01,FALSE,,15,PMS_REPORT_NOV_2025.zip,Fuel_NOV_2025.xlsx,Fuel November 2025,39,2,B39
2025-11-01,2024-11-01,STATE,Lagos,Lagos,Lagos,South West,FALSE,1092.7894736842106,NGN per litre,2024-11-01,FALSE,,15,PMS_REPORT_NOV_2025.zip,Fuel_NOV_2025.xlsx,Fuel November 2025,40,2,B40
2025-11-01,2024-11-01,STATE,Nasarawa,Nasarawa,Nasarawa,North Central,FALSE,1181.8863636363637,NGN per litre,2024-11-01,FALSE,,15,PMS_REPORT_NOV_2025.zip,Fuel_NOV_2025.xlsx,Fuel November 2025,41,2,B41
2025-11-01,2024-11-01,STATE,Niger,Niger,Niger,North Central,FALSE,1173.1839036207932,NGN per litre,2024-11-01,FALSE,,15,PMS_REPORT_NOV_2025.zip,Fuel_NOV_2025.xlsx,Fuel November 2025,42,2,B42
2025-11-01,2024-11-01,STATE,Ogun,Ogun,Ogun,South West,FALSE,1154.7368421052631,NGN per litre,2024-11-01,FALSE,,15,PMS_REPORT_NOV_2025.zip,Fuel_NOV_2025.xlsx,Fuel November 2025,43,2,B43
2025-11-01,2024-11-01,STATE,Ondo,Ondo,Ondo,South West,FALSE,1155.5555555555557,NGN per litre,2024-11-01,FALSE,,15,PMS_REPORT_NOV_2025.zip,Fuel_NOV_2025.xlsx,Fuel November 2025,44,2,B44
2025-11-01,2024-11-01,STATE,Osun,Osun,Osun,South West,FALSE,1171.875,NGN per litre,2024-11-01,FALSE,,15,PMS_REPORT_NOV_2025.zip,Fuel_NOV_2025.xlsx,Fuel November 2025,45,2,B45
2025-11-01,2024-11-01,STATE,Oyo,Oyo,Oyo,South West,FALSE,1166.3157894736842,NGN per litre,2024-11-01,FALSE,,15,PMS_REPORT_NOV_2025.zip,Fuel_NOV_2025.xlsx,Fuel November 2025,46,2,B46
2025-11-01,2024-11-01,STATE,Plateau,Plateau,Plateau,North Central,FALSE,1227.5,NGN per litre,2024-11-01,FALSE,,15,PMS_REPORT_NOV_2025.zip,Fuel_NOV_2025.xlsx,Fuel November 2025,47,2,B47
2025-11-01,2024-11-01,STATE,Rivers,Rivers,Rivers,South South,FALSE,1257.7777777777778,NGN per litre,2024-11-01,FALSE,,15,PMS_REPORT_NOV_2025.zip,Fuel_NOV_2025.xlsx,Fuel November 2025,48,2,B48
2025-11-01,2024-11-01,STATE,Sokoto,Sokoto,Sokoto,North West,FALSE,1162.857142857143,NGN per litre,2024-11-01,FALSE,,15,PMS_REPORT_NOV_2025.zip,Fuel_NOV_2025.xlsx,Fuel November 2025,49,2,B49
2025-11-01,2024-11-01,STATE,Taraba,Taraba,Taraba,North East,FALSE,1256.3613558682528,NGN per litre,2024-11-01,FALSE,,15,PMS_REPORT_NOV_2025.zip,Fuel_NOV_2025.xlsx,Fuel November 2025,50,2,B50
2025-11-01,2024-11-01,STATE,Yobe,Yobe,Yobe,North East,FALSE,1222.7272727272727,NGN per litre,2024-11-01,FALSE,,15,PMS_REPORT_NOV_2025.zip,Fuel_NOV_2025.xlsx,Fuel November 2025,51,2,B51
2025-11-01,2024-11-01,STATE,Zamfara,Zamfara,Zamfara,North West,FALSE,1192.3076923076924,NGN per litre,2024-11-01,FALSE,,15,PMS_REPORT_NOV_2025.zip,Fuel_NOV_2025.xlsx,Fuel November 2025,52,2,B52
2025-11-01,2024-11-01,NATIONAL,Nigeria,AVERAGE,,,TRUE,1214.1674524908103,NGN per litre,2024-11-01,FALSE,,15,PMS_REPORT_NOV_2025.zip,Fuel_NOV_2025.xlsx,Fuel November 2025,53,2,B53
2025-11-01,2025-10-01,STATE,Abia,Abia,Abia,South East,FALSE,1012.5,NGN per litre,2025-10-01,FALSE,,15,PMS_REPORT_NOV_2025.zip,Fuel_NOV_2025.xlsx,Fuel November 2025,16,3,C16
2025-11-01,2025-10-01,STATE,Abuja,Abuja,Abuja,North Central,FALSE,1039.1666666666667,NGN per litre,2025-10-01,FALSE,,15,PMS_REPORT_NOV_2025.zip,Fuel_NOV_2025.xlsx,Fuel November 2025,17,3,C17
2025-11-01,2025-10-01,STATE,Adamawa,Adamawa,Adamawa,North East,FALSE,1053.01,NGN per litre,2025-10-01,FALSE,,15,PMS_REPORT_NOV_2025.zip,Fuel_NOV_2025.xlsx,Fuel November 2025,18,3,C18
2025-11-01,2025-10-01,STATE,Akwa Ibom,Akwa Ibom,Akwa Ibom,South South,FALSE,1064.325,NGN per litre,2025-10-01,FALSE,,15,PMS_REPORT_NOV_2025.zip,Fuel_NOV_2025.xlsx,Fuel November 2025,19,3,C19
2025-11-01,2025-10-01,STATE,Anambra,Anambra,Anambra,South East,FALSE,1068.2381249999999,NGN per litre,2025-10-01,FALSE,,15,PMS_REPORT_NOV_2025.zip,Fuel_NOV_2025.xlsx,Fuel November 2025,20,3,C20
2025-11-01,2025-10-01,STATE,Bauchi,Bauchi,Bauchi,North East,FALSE,1078.3444444444444,NGN per litre,2025-10-01,FALSE,,15,PMS_REPORT_NOV_2025.zip,Fuel_NOV_2025.xlsx,Fuel November 2025,21,3,C21
2025-11-01,2025-10-01,STATE,Bayelsa,Bayelsa,Bayelsa,South South,FALSE,1073.9125,NGN per litre,2025-10-01,FALSE,,15,PMS_REPORT_NOV_2025.zip,Fuel_NOV_2025.xlsx,Fuel November 2025,22,3,C22
2025-11-01,2025-10-01,STATE,Benue,Benue,Benue,North Central,FALSE,1071.3788499999998,NGN per litre,2025-10-01,FALSE,,15,PMS_REPORT_NOV_2025.zip,Fuel_NOV_2025.xlsx,Fuel November 2025,23,3,C23
2025-11-01,2025-10-01,STATE,Borno,Borno,Borno,North East,FALSE,1101.625,NGN per litre,2025-10-01,FALSE,,15,PMS_REPORT_NOV_2025.zip,Fuel_NOV_2025.xlsx,Fuel November 2025,24,3,C24
2025-11-01,2025-10-01,STATE,Cross River,Cross River,Cross River,South South,FALSE,1031.25,NGN per litre,2025-10-01,FALSE,,15,PMS_REPORT_NOV_2025.zip,Fuel_NOV_2025.xlsx,Fuel November 2025,25,3,C25
2025-11-01,2025-10-01,STATE,Delta,Delta,Delta,South South,FALSE,1025.9914136363636,NGN per litre,2025-10-01,FALSE,,15,PMS_REPORT_NOV_2025.zip,Fuel_NOV_2025.xlsx,Fuel November 2025,26,3,C26
2025-11-01,2025-10-01,STATE,Ebonyi,Ebonyi,Ebonyi,South East,FALSE,1036.9892857142856,NGN per litre,2025-10-01,FALSE,,15,PMS_REPORT_NOV_2025.zip,Fuel_NOV_2025.xlsx,Fuel November 2025,27,3,C27
2025-11-01,2025-10-01,STATE,Edo,Edo,Edo,South South,FALSE,1030.046625,NGN per litre,2025-10-01,FALSE,,15,PMS_REPORT_NOV_2025.zip,Fuel_NOV_2025.xlsx,Fuel November 2025,28,3,C28
2025-11-01,2025-10-01,STATE,Ekiti,Ekiti,Ekiti,South West,FALSE,1058.4937457142858,NGN per litre,2025-10-01,FALSE,,15,PMS_REPORT_NOV_2025.zip,Fuel_NOV_2025.xlsx,Fuel November 2025,29,3,C29
2025-11-01,2025-10-01,STATE,Enugu,Enugu,Enugu,South East,FALSE,1030.9216666666666,NGN per litre,2025-10-01,FALSE,,15,PMS_REPORT_NOV_2025.zip,Fuel_NOV_2025.xlsx,Fuel November 2025,30,3,C30
2025-11-01,2025-10-01,STATE,Gombe,Gombe,Gombe,North East,FALSE,1055.7235055555554,NGN per litre,2025-10-01,FALSE,,15,PMS_REPORT_NOV_2025.zip,Fuel_NOV_2025.xlsx,Fuel November 2025,31,3,C31
2025-11-01,2025-10-01,STATE,Imo,Imo,Imo,South East,FALSE,1087.1266807142858,NGN per litre,2025-10-01,FALSE,,15,PMS_REPORT_NOV_2025.zip,Fuel_NOV_2025.xlsx,Fuel November 2025,32,3,C32
2025-11-01,2025-10-01,STATE,Jigawa,Jigawa,Jigawa,North West,FALSE,1059.0913636363637,NGN per litre,2025-10-01,FALSE,,15,PMS_REPORT_NOV_2025.zip,Fuel_NOV_2025.xlsx,Fuel November 2025,33,3,C33
2025-11-01,2025-10-01,STATE,Kaduna,Kaduna,Kaduna,North West,FALSE,1023.3333333333334,NGN per litre,2025-10-01,FALSE,,15,PMS_REPORT_NOV_2025.zip,Fuel_NOV_2025.xlsx,Fuel November 2025,34,3,C34
2025-11-01,2025-10-01,STATE,Kano,Kano,Kano,North West,FALSE,1060.5646666666667,NGN per litre,2025-10-01,FALSE,,15,PMS_REPORT_NOV_2025.zip,Fuel_NOV_2025.xlsx,Fuel November 2025,35,3,C35
2025-11-01,2025-10-01,STATE,Katsina,Katsina,Katsina,North West,FALSE,1053.6455166666667,NGN per litre,2025-10-01,FALSE,,15,PMS_REPORT_NOV_2025.zip,Fuel_NOV_2025.xlsx,Fuel November 2025,36,3,C36
2025-11-01,2025-10-01,STATE,Kebbi,Kebbi,Kebbi,North West,FALSE,1031.64,NGN per litre,2025-10-01,FALSE,,15,PMS_REPORT_NOV_2025.zip,Fuel_NOV_2025.xlsx,Fuel November 2025,37,3,C37
2025-11-01,2025-10-01,STATE,Kogi,Kogi,Kogi,North Central,FALSE,1110,NGN per litre,2025-10-01,FALSE,,15,PMS_REPORT_NOV_2025.zip,Fuel_NOV_2025.xlsx,Fuel November 2025,38,3,C38
2025-11-01,2025-10-01,STATE,Kwara,Kwara,Kwara,North Central,FALSE,1051.1299999999999,NGN per litre,2025-10-01,FALSE,,15,PMS_REPORT_NOV_2025.zip,Fuel_NOV_2025.xlsx,Fuel November 2025,39,3,C39
2025-11-01,2025-10-01,STATE,Lagos,Lagos,Lagos,South West,FALSE,1014,NGN per litre,2025-10-01,FALSE,,15,PMS_REPORT_NOV_2025.zip,Fuel_NOV_2025.xlsx,Fuel November 2025,40,3,C40
2025-11-01,2025-10-01,STATE,Nasarawa,Nasarawa,Nasarawa,North Central,FALSE,1009.3770000000001,NGN per litre,2025-10-01,FALSE,,15,PMS_REPORT_NOV_2025.zip,Fuel_NOV_2025.xlsx,Fuel November 2025,41,3,C41
2025-11-01,2025-10-01,STATE,Niger,Niger,Niger,North Central,FALSE,1061.127816625,NGN per litre,2025-10-01,FALSE,,15,PMS_REPORT_NOV_2025.zip,Fuel_NOV_2025.xlsx,Fuel November 2025,42,3,C42
2025-11-01,2025-10-01,STATE,Ogun,Ogun,Ogun,South West,FALSE,1064.9875,NGN per litre,2025-10-01,FALSE,,15,PMS_REPORT_NOV_2025.zip,Fuel_NOV_2025.xlsx,Fuel November 2025,43,3,C43
2025-11-01,2025-10-01,STATE,Ondo,Ondo,Ondo,South West,FALSE,1017.8285714285713,NGN per litre,2025-10-01,FALSE,,15,PMS_REPORT_NOV_2025.zip,Fuel_NOV_2025.xlsx,Fuel November 2025,44,3,C44
2025-11-01,2025-10-01,STATE,Osun,Osun,Osun,South West,FALSE,1039.76979375,NGN per litre,2025-10-01,FALSE,,15,PMS_REPORT_NOV_2025.zip,Fuel_NOV_2025.xlsx,Fuel November 2025,45,3,C45
2025-11-01,2025-10-01,STATE,Oyo,Oyo,Oyo,South West,FALSE,1001.7860000000001,NGN per litre,2025-10-01,FALSE,,15,PMS_REPORT_NOV_2025.zip,Fuel_NOV_2025.xlsx,Fuel November 2025,46,3,C46
2025-11-01,2025-10-01,STATE,Plateau,Plateau,Plateau,North Central,FALSE,1056.132,NGN per litre,2025-10-01,FALSE,,15,PMS_REPORT_NOV_2025.zip,Fuel_NOV_2025.xlsx,Fuel November 2025,47,3,C47
2025-11-01,2025-10-01,STATE,Rivers,Rivers,Rivers,South South,FALSE,1053.7181249999999,NGN per litre,2025-10-01,FALSE,,15,PMS_REPORT_NOV_2025.zip,Fuel_NOV_2025.xlsx,Fuel November 2025,48,3,C48
2025-11-01,2025-10-01,STATE,Sokoto,Sokoto,Sokoto,North West,FALSE,1105.93315,NGN per litre,2025-10-01,FALSE,,15,PMS_REPORT_NOV_2025.zip,Fuel_NOV_2025.xlsx,Fuel November 2025,49,3,C49
2025-11-01,2025-10-01,STATE,Taraba,Taraba,Taraba,North East,FALSE,1072.152,NGN per litre,2025-10-01,FALSE,,15,PMS_REPORT_NOV_2025.zip,Fuel_NOV_2025.xlsx,Fuel November 2025,50,3,C50
2025-11-01,2025-10-01,STATE,Yobe,Yobe,Yobe,North East,FALSE,1075.5883333333334,NGN per litre,2025-10-01,FALSE,,15,PMS_REPORT_NOV_2025.zip,Fuel_NOV_2025.xlsx,Fuel November 2025,51,3,C51
2025-11-01,2025-10-01,STATE,Zamfara,Zamfara,Zamfara,North West,FALSE,1054.6785695833332,NGN per litre,2025-10-01,FALSE,,15,PMS_REPORT_NOV_2025.zip,Fuel_NOV_2025.xlsx,Fuel November 2025,52,3,C52
2025-11-01,2025-10-01,NATIONAL,Nigeria,AVERAGE,,,TRUE,1052.311547273941,NGN per litre,2025-10-01,FALSE,,15,PMS_REPORT_NOV_2025.zip,Fuel_NOV_2025.xlsx,Fuel November 2025,53,3,C53
2025-11-01,2025-11-01,STATE,Abia,Abia,Abia,South East,FALSE,1040.4225000000001,NGN per litre,2025-11-01,TRUE,,15,PMS_REPORT_NOV_2025.zip,Fuel_NOV_2025.xlsx,Fuel November 2025,16,4,D16
2025-11-01,2025-11-01,STATE,Abuja,Abuja,Abuja,North Central,FALSE,1065.7433333333333,NGN per litre,2025-11-01,TRUE,,15,PMS_REPORT_NOV_2025.zip,Fuel_NOV_2025.xlsx,Fuel November 2025,17,4,D17
2025-11-01,2025-11-01,STATE,Adamawa,Adamawa,Adamawa,North East,FALSE,1055.7183333333335,NGN per litre,2025-11-01,TRUE,,15,PMS_REPORT_NOV_2025.zip,Fuel_NOV_2025.xlsx,Fuel November 2025,18,4,D18
2025-11-01,2025-11-01,STATE,Akwa Ibom,Akwa Ibom,Akwa Ibom,South South,FALSE,1064.325,NGN per litre,2025-11-01,TRUE,,15,PMS_REPORT_NOV_2025.zip,Fuel_NOV_2025.xlsx,Fuel November 2025,19,4,D19
2025-11-01,2025-11-01,STATE,Anambra,Anambra,Anambra,South East,FALSE,1068.2381249999999,NGN per litre,2025-11-01,TRUE,,15,PMS_REPORT_NOV_2025.zip,Fuel_NOV_2025.xlsx,Fuel November 2025,20,4,D20
2025-11-01,2025-11-01,STATE,Bauchi,Bauchi,Bauchi,North East,FALSE,1082.6033333333332,NGN per litre,2025-11-01,TRUE,,15,PMS_REPORT_NOV_2025.zip,Fuel_NOV_2025.xlsx,Fuel November 2025,21,4,D21
2025-11-01,2025-11-01,STATE,Bayelsa,Bayelsa,Bayelsa,South South,FALSE,1073.9125,NGN per litre,2025-11-01,TRUE,,15,PMS_REPORT_NOV_2025.zip,Fuel_NOV_2025.xlsx,Fuel November 2025,22,4,D22
2025-11-01,2025-11-01,STATE,Benue,Benue,Benue,North Central,FALSE,1080.9188500000002,NGN per litre,2025-11-01,TRUE,,15,PMS_REPORT_NOV_2025.zip,Fuel_NOV_2025.xlsx,Fuel November 2025,23,4,D23
2025-11-01,2025-11-01,STATE,Borno,Borno,Borno,North East,FALSE,1133.86125,NGN per litre,2025-11-01,TRUE,,15,PMS_REPORT_NOV_2025.zip,Fuel_NOV_2025.xlsx,Fuel November 2025,24,4,D24
2025-11-01,2025-11-01,STATE,Cross River,Cross River,Cross River,South South,FALSE,1047.43625,NGN per litre,2025-11-01,TRUE,,15,PMS_REPORT_NOV_2025.zip,Fuel_NOV_2025.xlsx,Fuel November 2025,25,4,D25
2025-11-01,2025-11-01,STATE,Delta,Delta,Delta,South South,FALSE,1035.4186863636367,NGN per litre,2025-11-01,TRUE,,15,PMS_REPORT_NOV_2025.zip,Fuel_NOV_2025.xlsx,Fuel November 2025,26,4,D26
2025-11-01,2025-11-01,STATE,Ebonyi,Ebonyi,Ebonyi,South East,FALSE,1062.076142857143,NGN per litre,2025-11-01,TRUE,,15,PMS_REPORT_NOV_2025.zip,Fuel_NOV_2025.xlsx,Fuel November 2025,27,4,D27
2025-11-01,2025-11-01,STATE,Edo,Edo,Edo,South South,FALSE,1041.233135,NGN per litre,2025-11-01,TRUE,,15,PMS_REPORT_NOV_2025.zip,Fuel_NOV_2025.xlsx,Fuel November 2025,28,4,D28
2025-11-01,2025-11-01,STATE,Ekiti,Ekiti,Ekiti,South West,FALSE,1056.3186522857143,NGN per litre,2025-11-01,TRUE,,15,PMS_REPORT_NOV_2025.zip,Fuel_NOV_2025.xlsx,Fuel November 2025,29,4,D29
2025-11-01,2025-11-01,STATE,Enugu,Enugu,Enugu,South East,FALSE,1037.6753,NGN per litre,2025-11-01,TRUE,,15,PMS_REPORT_NOV_2025.zip,Fuel_NOV_2025.xlsx,Fuel November 2025,30,4,D30
2025-11-01,2025-11-01,STATE,Gombe,Gombe,Gombe,North East,FALSE,1067.5148097777778,NGN per litre,2025-11-01,TRUE,,15,PMS_REPORT_NOV_2025.zip,Fuel_NOV_2025.xlsx,Fuel November 2025,31,4,D31
2025-11-01,2025-11-01,STATE,Imo,Imo,Imo,South East,FALSE,1087.1266807142858,NGN per litre,2025-11-01,TRUE,,15,PMS_REPORT_NOV_2025.zip,Fuel_NOV_2025.xlsx,Fuel November 2025,32,4,D32
2025-11-01,2025-11-01,STATE,Jigawa,Jigawa,Jigawa,North West,FALSE,1070.5763454545454,NGN per litre,2025-11-01,TRUE,,15,PMS_REPORT_NOV_2025.zip,Fuel_NOV_2025.xlsx,Fuel November 2025,33,4,D33
2025-11-01,2025-11-01,STATE,Kaduna,Kaduna,Kaduna,North West,FALSE,1050.9633333333334,NGN per litre,2025-11-01,TRUE,,15,PMS_REPORT_NOV_2025.zip,Fuel_NOV_2025.xlsx,Fuel November 2025,34,4,D34
2025-11-01,2025-11-01,STATE,Kano,Kano,Kano,North West,FALSE,1061.32952,NGN per litre,2025-11-01,TRUE,,15,PMS_REPORT_NOV_2025.zip,Fuel_NOV_2025.xlsx,Fuel November 2025,35,4,D35
2025-11-01,2025-11-01,STATE,Katsina,Katsina,Katsina,North West,FALSE,1060.1121833333334,NGN per litre,2025-11-01,TRUE,,15,PMS_REPORT_NOV_2025.zip,Fuel_NOV_2025.xlsx,Fuel November 2025,36,4,D36
2025-11-01,2025-11-01,STATE,Kebbi,Kebbi,Kebbi,North West,FALSE,1043.758,NGN per litre,2025-11-01,TRUE,,15,PMS_REPORT_NOV_2025.zip,Fuel_NOV_2025.xlsx,Fuel November 2025,37,4,D37
2025-11-01,2025-11-01,STATE,Kogi,Kogi,Kogi,North Central,FALSE,1110,NGN per litre,2025-11-01,TRUE,,15,PMS_REPORT_NOV_2025.zip,Fuel_NOV_2025.xlsx,Fuel November 2025,38,4,D38
2025-11-01,2025-11-01,STATE,Kwara,Kwara,Kwara,North Central,FALSE,1062.675,NGN per litre,2025-11-01,TRUE,,15,PMS_REPORT_NOV_2025.zip,Fuel_NOV_2025.xlsx,Fuel November 2025,39,4,D39
2025-11-01,2025-11-01,STATE,Lagos,Lagos,Lagos,South West,FALSE,1021.144,NGN per litre,2025-11-01,TRUE,,15,PMS_REPORT_NOV_2025.zip,Fuel_NOV_2025.xlsx,Fuel November 2025,40,4,D40
2025-11-01,2025-11-01,STATE,Nasarawa,Nasarawa,Nasarawa,North Central,FALSE,1015.12062,NGN per litre,2025-11-01,TRUE,,15,PMS_REPORT_NOV_2025.zip,Fuel_NOV_2025.xlsx,Fuel November 2025,41,4,D41
2025-11-01,2025-11-01,STATE,Niger,Niger,Niger,North Central,FALSE,1062.5540666250001,NGN per litre,2025-11-01,TRUE,,15,PMS_REPORT_NOV_2025.zip,Fuel_NOV_2025.xlsx,Fuel November 2025,42,4,D42
2025-11-01,2025-11-01,STATE,Ogun,Ogun,Ogun,South West,FALSE,1064.9875,NGN per litre,2025-11-01,TRUE,,15,PMS_REPORT_NOV_2025.zip,Fuel_NOV_2025.xlsx,Fuel November 2025,43,4,D43
2025-11-01,2025-11-01,STATE,Ondo,Ondo,Ondo,South West,FALSE,1025.0414285714285,NGN per litre,2025-11-01,TRUE,,15,PMS_REPORT_NOV_2025.zip,Fuel_NOV_2025.xlsx,Fuel November 2025,44,4,D44
2025-11-01,2025-11-01,STATE,Osun,Osun,Osun,South West,FALSE,1051.81920825,NGN per litre,2025-11-01,TRUE,,15,PMS_REPORT_NOV_2025.zip,Fuel_NOV_2025.xlsx,Fuel November 2025,45,4,D45
2025-11-01,2025-11-01,STATE,Oyo,Oyo,Oyo,South West,FALSE,997.3865600000001,NGN per litre,2025-11-01,TRUE,,15,PMS_REPORT_NOV_2025.zip,Fuel_NOV_2025.xlsx,Fuel November 2025,46,4,D46
2025-11-01,2025-11-01,STATE,Plateau,Plateau,Plateau,North Central,FALSE,1056.132,NGN per litre,2025-11-01,TRUE,,15,PMS_REPORT_NOV_2025.zip,Fuel_NOV_2025.xlsx,Fuel November 2025,47,4,D47
2025-11-01,2025-11-01,STATE,Rivers,Rivers,Rivers,South South,FALSE,1065.428125,NGN per litre,2025-11-01,TRUE,,15,PMS_REPORT_NOV_2025.zip,Fuel_NOV_2025.xlsx,Fuel November 2025,48,4,D48
2025-11-01,2025-11-01,STATE,Sokoto,Sokoto,Sokoto,North West,FALSE,1118.82765,NGN per litre,2025-11-01,TRUE,,15,PMS_REPORT_NOV_2025.zip,Fuel_NOV_2025.xlsx,Fuel November 2025,49,4,D49
2025-11-01,2025-11-01,STATE,Taraba,Taraba,Taraba,North East,FALSE,1079.1799999999998,NGN per litre,2025-11-01,TRUE,,15,PMS_REPORT_NOV_2025.zip,Fuel_NOV_2025.xlsx,Fuel November 2025,50,4,D50
2025-11-01,2025-11-01,STATE,Yobe,Yobe,Yobe,North East,FALSE,1085.3703,NGN per litre,2025-11-01,TRUE,,15,PMS_REPORT_NOV_2025.zip,Fuel_NOV_2025.xlsx,Fuel November 2025,51,4,D51
2025-11-01,2025-11-01,STATE,Zamfara,Zamfara,Zamfara,North West,FALSE,1067.0019029166665,NGN per litre,2025-11-01,TRUE,,15,PMS_REPORT_NOV_2025.zip,Fuel_NOV_2025.xlsx,Fuel November 2025,52,4,D52
2025-11-01,2025-11-01,ZONE,North Central,North Central,,North Central,TRUE,1064.7348385654764,NGN per litre,Average Price,TRUE,,15,PMS_REPORT_NOV_2025.zip,Fuel_NOV_2025.xlsx,Fuel November 2025,17,7,G17
2025-11-01,2025-11-01,ZONE,North East,North East,,North East,TRUE,1084.041337740741,NGN per litre,Average Price,TRUE,,15,PMS_REPORT_NOV_2025.zip,Fuel_NOV_2025.xlsx,Fuel November 2025,18,7,G18
2025-11-01,2025-11-01,ZONE,North West,North West,,North West,TRUE,1067.5098478625544,NGN per litre,Average Price,TRUE,,15,PMS_REPORT_NOV_2025.zip,Fuel_NOV_2025.xlsx,Fuel November 2025,21,7,G21
2025-11-01,2025-11-01,ZONE,South East,South East,,South East,TRUE,1059.1077497142855,NGN per litre,Average Price,TRUE,,15,PMS_REPORT_NOV_2025.zip,Fuel_NOV_2025.xlsx,Fuel November 2025,16,7,G16
2025-11-01,2025-11-01,ZONE,South South,South South,,South South,TRUE,1054.6256160606063,NGN per litre,Average Price,TRUE,,15,PMS_REPORT_NOV_2025.zip,Fuel_NOV_2025.xlsx,Fuel November 2025,19,7,G19
2025-11-01,2025-11-01,ZONE,South West,South West,,South West,TRUE,1036.1162248511905,NGN per litre,Average Price,TRUE,,15,PMS_REPORT_NOV_2025.zip,Fuel_NOV_2025.xlsx,Fuel November 2025,20,7,G20
2025-11-01,2025-11-01,NATIONAL,Nigeria,AVERAGE,,,TRUE,1061.3500169049423,NGN per litre,2025-11-01,TRUE,,15,PMS_REPORT_NOV_2025.zip,Fuel_NOV_2025.xlsx,Fuel November 2025,53,4,D53
2025-12-01,2024-12-01,STATE,Abia,Abia,Abia,South East,FALSE,1224.671875,NGN per litre,2024-12-01,FALSE,,15,PMS_DECEMBER_2025.zip,PMS_DECEMBER_2025.xlsx,Fuel December 2025,16,2,B16
2025-12-01,2024-12-01,STATE,Abuja,Abuja,Abuja,North Central,FALSE,1102.25,NGN per litre,2024-12-01,FALSE,,15,PMS_DECEMBER_2025.zip,PMS_DECEMBER_2025.xlsx,Fuel December 2025,17,2,B17
2025-12-01,2024-12-01,STATE,Adamawa,Adamawa,Adamawa,North East,FALSE,1301.33333333333,NGN per litre,2024-12-01,FALSE,,15,PMS_DECEMBER_2025.zip,PMS_DECEMBER_2025.xlsx,Fuel December 2025,18,2,B18
2025-12-01,2024-12-01,STATE,Akwa Ibom,Akwa Ibom,Akwa Ibom,South South,FALSE,1146.9375,NGN per litre,2024-12-01,FALSE,,15,PMS_DECEMBER_2025.zip,PMS_DECEMBER_2025.xlsx,Fuel December 2025,19,2,B19
2025-12-01,2024-12-01,STATE,Anambra,Anambra,Anambra,South East,FALSE,1238.7611355251736,NGN per litre,2024-12-01,FALSE,,15,PMS_DECEMBER_2025.zip,PMS_DECEMBER_2025.xlsx,Fuel December 2025,20,2,B20
2025-12-01,2024-12-01,STATE,Bauchi,Bauchi,Bauchi,North East,FALSE,1183.4772727272727,NGN per litre,2024-12-01,FALSE,,15,PMS_DECEMBER_2025.zip,PMS_DECEMBER_2025.xlsx,Fuel December 2025,21,2,B21
2025-12-01,2024-12-01,STATE,Bayelsa,Bayelsa,Bayelsa,South South,FALSE,1161.875,NGN per litre,2024-12-01,FALSE,,15,PMS_DECEMBER_2025.zip,PMS_DECEMBER_2025.xlsx,Fuel December 2025,22,2,B22
2025-12-01,2024-12-01,STATE,Benue,Benue,Benue,North Central,FALSE,1234.5454545454545,NGN per litre,2024-12-01,FALSE,,15,PMS_DECEMBER_2025.zip,PMS_DECEMBER_2025.xlsx,Fuel December 2025,23,2,B23
2025-12-01,2024-12-01,STATE,Borno,Borno,Borno,North East,FALSE,1282.3846153846155,NGN per litre,2024-12-01,FALSE,,15,PMS_DECEMBER_2025.zip,PMS_DECEMBER_2025.xlsx,Fuel December 2025,24,2,B24
2025-12-01,2024-12-01,STATE,Cross River,Cross River,Cross River,South South,FALSE,1228.1875,NGN per litre,2024-12-01,FALSE,,15,PMS_DECEMBER_2025.zip,PMS_DECEMBER_2025.xlsx,Fuel December 2025,25,2,B25
2025-12-01,2024-12-01,STATE,Delta,Delta,Delta,South South,FALSE,1282.71428571429,NGN per litre,2024-12-01,FALSE,,15,PMS_DECEMBER_2025.zip,PMS_DECEMBER_2025.xlsx,Fuel December 2025,26,2,B26
2025-12-01,2024-12-01,STATE,Ebonyi,Ebonyi,Ebonyi,South East,FALSE,1280.4135916573662,NGN per litre,2024-12-01,FALSE,,15,PMS_DECEMBER_2025.zip,PMS_DECEMBER_2025.xlsx,Fuel December 2025,27,2,B27
2025-12-01,2024-12-01,STATE,Edo,Edo,Edo,South South,FALSE,1142.4,NGN per litre,2024-12-01,FALSE,,15,PMS_DECEMBER_2025.zip,PMS_DECEMBER_2025.xlsx,Fuel December 2025,28,2,B28
2025-12-01,2024-12-01,STATE,Ekiti,Ekiti,Ekiti,South West,FALSE,1120,NGN per litre,2024-12-01,FALSE,,15,PMS_DECEMBER_2025.zip,PMS_DECEMBER_2025.xlsx,Fuel December 2025,29,2,B29
2025-12-01,2024-12-01,STATE,Enugu,Enugu,Enugu,South East,FALSE,1278.4666544596355,NGN per litre,2024-12-01,FALSE,,15,PMS_DECEMBER_2025.zip,PMS_DECEMBER_2025.xlsx,Fuel December 2025,30,2,B30
2025-12-01,2024-12-01,STATE,Gombe,Gombe,Gombe,North East,FALSE,1176.125,NGN per litre,2024-12-01,FALSE,,15,PMS_DECEMBER_2025.zip,PMS_DECEMBER_2025.xlsx,Fuel December 2025,31,2,B31
2025-12-01,2024-12-01,STATE,Imo,Imo,Imo,South East,FALSE,1198.8891015625,NGN per litre,2024-12-01,FALSE,,15,PMS_DECEMBER_2025.zip,PMS_DECEMBER_2025.xlsx,Fuel December 2025,32,2,B32
2025-12-01,2024-12-01,STATE,Jigawa,Jigawa,Jigawa,North West,FALSE,1258.46153846154,NGN per litre,2024-12-01,FALSE,,15,PMS_DECEMBER_2025.zip,PMS_DECEMBER_2025.xlsx,Fuel December 2025,33,2,B33
2025-12-01,2024-12-01,STATE,Kaduna,Kaduna,Kaduna,North West,FALSE,1161.2,NGN per litre,2024-12-01,FALSE,,15,PMS_DECEMBER_2025.zip,PMS_DECEMBER_2025.xlsx,Fuel December 2025,34,2,B34
2025-12-01,2024-12-01,STATE,Kano,Kano,Kano,North West,FALSE,1152.142857142857,NGN per litre,2024-12-01,FALSE,,15,PMS_DECEMBER_2025.zip,PMS_DECEMBER_2025.xlsx,Fuel December 2025,35,2,B35
2025-12-01,2024-12-01,STATE,Katsina,Katsina,Katsina,North West,FALSE,1187.5,NGN per litre,2024-12-01,FALSE,,15,PMS_DECEMBER_2025.zip,PMS_DECEMBER_2025.xlsx,Fuel December 2025,36,2,B36
2025-12-01,2024-12-01,STATE,Kebbi,Kebbi,Kebbi,North West,FALSE,1194,NGN per litre,2024-12-01,FALSE,,15,PMS_DECEMBER_2025.zip,PMS_DECEMBER_2025.xlsx,Fuel December 2025,37,2,B37
2025-12-01,2024-12-01,STATE,Kogi,Kogi,Kogi,North Central,FALSE,1188.1818181818182,NGN per litre,2024-12-01,FALSE,,15,PMS_DECEMBER_2025.zip,PMS_DECEMBER_2025.xlsx,Fuel December 2025,38,2,B38
2025-12-01,2024-12-01,STATE,Kwara,Kwara,Kwara,North Central,FALSE,1133.076923076923,NGN per litre,2024-12-01,FALSE,,15,PMS_DECEMBER_2025.zip,PMS_DECEMBER_2025.xlsx,Fuel December 2025,39,2,B39
2025-12-01,2024-12-01,STATE,Lagos,Lagos,Lagos,South West,FALSE,1106.3333333333333,NGN per litre,2024-12-01,FALSE,,15,PMS_DECEMBER_2025.zip,PMS_DECEMBER_2025.xlsx,Fuel December 2025,40,2,B40
2025-12-01,2024-12-01,STATE,Nasarawa,Nasarawa,Nasarawa,North Central,FALSE,1157.142857142857,NGN per litre,2024-12-01,FALSE,,15,PMS_DECEMBER_2025.zip,PMS_DECEMBER_2025.xlsx,Fuel December 2025,41,2,B41
2025-12-01,2024-12-01,STATE,Niger,Niger,Niger,North Central,FALSE,1176.0714285714287,NGN per litre,2024-12-01,FALSE,,15,PMS_DECEMBER_2025.zip,PMS_DECEMBER_2025.xlsx,Fuel December 2025,42,2,B42
2025-12-01,2024-12-01,STATE,Ogun,Ogun,Ogun,South West,FALSE,1106.0666666666666,NGN per litre,2024-12-01,FALSE,,15,PMS_DECEMBER_2025.zip,PMS_DECEMBER_2025.xlsx,Fuel December 2025,43,2,B43
2025-12-01,2024-12-01,STATE,Ondo,Ondo,Ondo,South West,FALSE,1137.7777777777778,NGN per litre,2024-12-01,FALSE,,15,PMS_DECEMBER_2025.zip,PMS_DECEMBER_2025.xlsx,Fuel December 2025,44,2,B44
2025-12-01,2024-12-01,STATE,Osun,Osun,Osun,South West,FALSE,1137.0588235294117,NGN per litre,2024-12-01,FALSE,,15,PMS_DECEMBER_2025.zip,PMS_DECEMBER_2025.xlsx,Fuel December 2025,45,2,B45
2025-12-01,2024-12-01,STATE,Oyo,Oyo,Oyo,South West,FALSE,1088.75,NGN per litre,2024-12-01,FALSE,,15,PMS_DECEMBER_2025.zip,PMS_DECEMBER_2025.xlsx,Fuel December 2025,46,2,B46
2025-12-01,2024-12-01,STATE,Plateau,Plateau,Plateau,North Central,FALSE,1260,NGN per litre,2024-12-01,FALSE,,15,PMS_DECEMBER_2025.zip,PMS_DECEMBER_2025.xlsx,Fuel December 2025,47,2,B47
2025-12-01,2024-12-01,STATE,Rivers,Rivers,Rivers,South South,FALSE,1164.90625,NGN per litre,2024-12-01,FALSE,,15,PMS_DECEMBER_2025.zip,PMS_DECEMBER_2025.xlsx,Fuel December 2025,48,2,B48
2025-12-01,2024-12-01,STATE,Sokoto,Sokoto,Sokoto,North West,FALSE,1113.3333333333333,NGN per litre,2024-12-01,FALSE,,15,PMS_DECEMBER_2025.zip,PMS_DECEMBER_2025.xlsx,Fuel December 2025,49,2,B49
2025-12-01,2024-12-01,STATE,Taraba,Taraba,Taraba,North East,FALSE,1307.049871826172,NGN per litre,2024-12-01,FALSE,,15,PMS_DECEMBER_2025.zip,PMS_DECEMBER_2025.xlsx,Fuel December 2025,50,2,B50
2025-12-01,2024-12-01,STATE,Yobe,Yobe,Yobe,North East,FALSE,1225,NGN per litre,2024-12-01,FALSE,,15,PMS_DECEMBER_2025.zip,PMS_DECEMBER_2025.xlsx,Fuel December 2025,51,2,B51
2025-12-01,2024-12-01,STATE,Zamfara,Zamfara,Zamfara,North West,FALSE,1160,NGN per litre,2024-12-01,FALSE,,15,PMS_DECEMBER_2025.zip,PMS_DECEMBER_2025.xlsx,Fuel December 2025,52,2,B52
2025-12-01,2024-12-01,NATIONAL,Nigeria,AVERAGE,,,TRUE,1189.1212378095613,NGN per litre,2024-12-01,FALSE,,15,PMS_DECEMBER_2025.zip,PMS_DECEMBER_2025.xlsx,Fuel December 2025,53,2,B53
2025-12-01,2025-11-01,STATE,Abia,Abia,Abia,South East,FALSE,1040.4225000000001,NGN per litre,2025-11-01,FALSE,,15,PMS_DECEMBER_2025.zip,PMS_DECEMBER_2025.xlsx,Fuel December 2025,16,3,C16
2025-12-01,2025-11-01,STATE,Abuja,Abuja,Abuja,North Central,FALSE,1065.7433333333333,NGN per litre,2025-11-01,FALSE,,15,PMS_DECEMBER_2025.zip,PMS_DECEMBER_2025.xlsx,Fuel December 2025,17,3,C17
2025-12-01,2025-11-01,STATE,Adamawa,Adamawa,Adamawa,North East,FALSE,1055.7183333333335,NGN per litre,2025-11-01,FALSE,,15,PMS_DECEMBER_2025.zip,PMS_DECEMBER_2025.xlsx,Fuel December 2025,18,3,C18
2025-12-01,2025-11-01,STATE,Akwa Ibom,Akwa Ibom,Akwa Ibom,South South,FALSE,1064.325,NGN per litre,2025-11-01,FALSE,,15,PMS_DECEMBER_2025.zip,PMS_DECEMBER_2025.xlsx,Fuel December 2025,19,3,C19
2025-12-01,2025-11-01,STATE,Anambra,Anambra,Anambra,South East,FALSE,1068.2381249999999,NGN per litre,2025-11-01,FALSE,,15,PMS_DECEMBER_2025.zip,PMS_DECEMBER_2025.xlsx,Fuel December 2025,20,3,C20
2025-12-01,2025-11-01,STATE,Bauchi,Bauchi,Bauchi,North East,FALSE,1082.6033333333332,NGN per litre,2025-11-01,FALSE,,15,PMS_DECEMBER_2025.zip,PMS_DECEMBER_2025.xlsx,Fuel December 2025,21,3,C21
2025-12-01,2025-11-01,STATE,Bayelsa,Bayelsa,Bayelsa,South South,FALSE,1073.9125,NGN per litre,2025-11-01,FALSE,,15,PMS_DECEMBER_2025.zip,PMS_DECEMBER_2025.xlsx,Fuel December 2025,22,3,C22
2025-12-01,2025-11-01,STATE,Benue,Benue,Benue,North Central,FALSE,1080.9188500000002,NGN per litre,2025-11-01,FALSE,,15,PMS_DECEMBER_2025.zip,PMS_DECEMBER_2025.xlsx,Fuel December 2025,23,3,C23
2025-12-01,2025-11-01,STATE,Borno,Borno,Borno,North East,FALSE,1133.86125,NGN per litre,2025-11-01,FALSE,,15,PMS_DECEMBER_2025.zip,PMS_DECEMBER_2025.xlsx,Fuel December 2025,24,3,C24
2025-12-01,2025-11-01,STATE,Cross River,Cross River,Cross River,South South,FALSE,1047.43625,NGN per litre,2025-11-01,FALSE,,15,PMS_DECEMBER_2025.zip,PMS_DECEMBER_2025.xlsx,Fuel December 2025,25,3,C25
2025-12-01,2025-11-01,STATE,Delta,Delta,Delta,South South,FALSE,1035.4186863636367,NGN per litre,2025-11-01,FALSE,,15,PMS_DECEMBER_2025.zip,PMS_DECEMBER_2025.xlsx,Fuel December 2025,26,3,C26
2025-12-01,2025-11-01,STATE,Ebonyi,Ebonyi,Ebonyi,South East,FALSE,1062.076142857143,NGN per litre,2025-11-01,FALSE,,15,PMS_DECEMBER_2025.zip,PMS_DECEMBER_2025.xlsx,Fuel December 2025,27,3,C27
2025-12-01,2025-11-01,STATE,Edo,Edo,Edo,South South,FALSE,1041.233135,NGN per litre,2025-11-01,FALSE,,15,PMS_DECEMBER_2025.zip,PMS_DECEMBER_2025.xlsx,Fuel December 2025,28,3,C28
2025-12-01,2025-11-01,STATE,Ekiti,Ekiti,Ekiti,South West,FALSE,1056.3186522857143,NGN per litre,2025-11-01,FALSE,,15,PMS_DECEMBER_2025.zip,PMS_DECEMBER_2025.xlsx,Fuel December 2025,29,3,C29
2025-12-01,2025-11-01,STATE,Enugu,Enugu,Enugu,South East,FALSE,1037.6753,NGN per litre,2025-11-01,FALSE,,15,PMS_DECEMBER_2025.zip,PMS_DECEMBER_2025.xlsx,Fuel December 2025,30,3,C30
2025-12-01,2025-11-01,STATE,Gombe,Gombe,Gombe,North East,FALSE,1067.5148097777778,NGN per litre,2025-11-01,FALSE,,15,PMS_DECEMBER_2025.zip,PMS_DECEMBER_2025.xlsx,Fuel December 2025,31,3,C31
2025-12-01,2025-11-01,STATE,Imo,Imo,Imo,South East,FALSE,1087.1266807142858,NGN per litre,2025-11-01,FALSE,,15,PMS_DECEMBER_2025.zip,PMS_DECEMBER_2025.xlsx,Fuel December 2025,32,3,C32
2025-12-01,2025-11-01,STATE,Jigawa,Jigawa,Jigawa,North West,FALSE,1070.5763454545454,NGN per litre,2025-11-01,FALSE,,15,PMS_DECEMBER_2025.zip,PMS_DECEMBER_2025.xlsx,Fuel December 2025,33,3,C33
2025-12-01,2025-11-01,STATE,Kaduna,Kaduna,Kaduna,North West,FALSE,1050.9633333333334,NGN per litre,2025-11-01,FALSE,,15,PMS_DECEMBER_2025.zip,PMS_DECEMBER_2025.xlsx,Fuel December 2025,34,3,C34
2025-12-01,2025-11-01,STATE,Kano,Kano,Kano,North West,FALSE,1061.32952,NGN per litre,2025-11-01,FALSE,,15,PMS_DECEMBER_2025.zip,PMS_DECEMBER_2025.xlsx,Fuel December 2025,35,3,C35
2025-12-01,2025-11-01,STATE,Katsina,Katsina,Katsina,North West,FALSE,1060.1121833333334,NGN per litre,2025-11-01,FALSE,,15,PMS_DECEMBER_2025.zip,PMS_DECEMBER_2025.xlsx,Fuel December 2025,36,3,C36
2025-12-01,2025-11-01,STATE,Kebbi,Kebbi,Kebbi,North West,FALSE,1043.758,NGN per litre,2025-11-01,FALSE,,15,PMS_DECEMBER_2025.zip,PMS_DECEMBER_2025.xlsx,Fuel December 2025,37,3,C37
2025-12-01,2025-11-01,STATE,Kogi,Kogi,Kogi,North Central,FALSE,1110,NGN per litre,2025-11-01,FALSE,,15,PMS_DECEMBER_2025.zip,PMS_DECEMBER_2025.xlsx,Fuel December 2025,38,3,C38
2025-12-01,2025-11-01,STATE,Kwara,Kwara,Kwara,North Central,FALSE,1062.675,NGN per litre,2025-11-01,FALSE,,15,PMS_DECEMBER_2025.zip,PMS_DECEMBER_2025.xlsx,Fuel December 2025,39,3,C39
2025-12-01,2025-11-01,STATE,Lagos,Lagos,Lagos,South West,FALSE,1021.144,NGN per litre,2025-11-01,FALSE,,15,PMS_DECEMBER_2025.zip,PMS_DECEMBER_2025.xlsx,Fuel December 2025,40,3,C40
2025-12-01,2025-11-01,STATE,Nasarawa,Nasarawa,Nasarawa,North Central,FALSE,1015.12062,NGN per litre,2025-11-01,FALSE,,15,PMS_DECEMBER_2025.zip,PMS_DECEMBER_2025.xlsx,Fuel December 2025,41,3,C41
2025-12-01,2025-11-01,STATE,Niger,Niger,Niger,North Central,FALSE,1062.5540666250001,NGN per litre,2025-11-01,FALSE,,15,PMS_DECEMBER_2025.zip,PMS_DECEMBER_2025.xlsx,Fuel December 2025,42,3,C42
2025-12-01,2025-11-01,STATE,Ogun,Ogun,Ogun,South West,FALSE,1064.9875,NGN per litre,2025-11-01,FALSE,,15,PMS_DECEMBER_2025.zip,PMS_DECEMBER_2025.xlsx,Fuel December 2025,43,3,C43
2025-12-01,2025-11-01,STATE,Ondo,Ondo,Ondo,South West,FALSE,1025.0414285714285,NGN per litre,2025-11-01,FALSE,,15,PMS_DECEMBER_2025.zip,PMS_DECEMBER_2025.xlsx,Fuel December 2025,44,3,C44
2025-12-01,2025-11-01,STATE,Osun,Osun,Osun,South West,FALSE,1051.81920825,NGN per litre,2025-11-01,FALSE,,15,PMS_DECEMBER_2025.zip,PMS_DECEMBER_2025.xlsx,Fuel December 2025,45,3,C45
2025-12-01,2025-11-01,STATE,Oyo,Oyo,Oyo,South West,FALSE,997.3865600000001,NGN per litre,2025-11-01,FALSE,,15,PMS_DECEMBER_2025.zip,PMS_DECEMBER_2025.xlsx,Fuel December 2025,46,3,C46
2025-12-01,2025-11-01,STATE,Plateau,Plateau,Plateau,North Central,FALSE,1056.132,NGN per litre,2025-11-01,FALSE,,15,PMS_DECEMBER_2025.zip,PMS_DECEMBER_2025.xlsx,Fuel December 2025,47,3,C47
2025-12-01,2025-11-01,STATE,Rivers,Rivers,Rivers,South South,FALSE,1065.428125,NGN per litre,2025-11-01,FALSE,,15,PMS_DECEMBER_2025.zip,PMS_DECEMBER_2025.xlsx,Fuel December 2025,48,3,C48
2025-12-01,2025-11-01,STATE,Sokoto,Sokoto,Sokoto,North West,FALSE,1118.82765,NGN per litre,2025-11-01,FALSE,,15,PMS_DECEMBER_2025.zip,PMS_DECEMBER_2025.xlsx,Fuel December 2025,49,3,C49
2025-12-01,2025-11-01,STATE,Taraba,Taraba,Taraba,North East,FALSE,1079.1799999999998,NGN per litre,2025-11-01,FALSE,,15,PMS_DECEMBER_2025.zip,PMS_DECEMBER_2025.xlsx,Fuel December 2025,50,3,C50
2025-12-01,2025-11-01,STATE,Yobe,Yobe,Yobe,North East,FALSE,1085.3703,NGN per litre,2025-11-01,FALSE,,15,PMS_DECEMBER_2025.zip,PMS_DECEMBER_2025.xlsx,Fuel December 2025,51,3,C51
2025-12-01,2025-11-01,STATE,Zamfara,Zamfara,Zamfara,North West,FALSE,1067.0019029166665,NGN per litre,2025-11-01,FALSE,,15,PMS_DECEMBER_2025.zip,PMS_DECEMBER_2025.xlsx,Fuel December 2025,52,3,C52
2025-12-01,2025-11-01,NATIONAL,Nigeria,AVERAGE,,,TRUE,1061.3500169049423,NGN per litre,2025-11-01,FALSE,,15,PMS_DECEMBER_2025.zip,PMS_DECEMBER_2025.xlsx,Fuel December 2025,53,3,C53
2025-12-01,2025-12-01,STATE,Abia,Abia,Abia,South East,FALSE,1032.1181125000003,NGN per litre,2025-12-01,TRUE,,15,PMS_DECEMBER_2025.zip,PMS_DECEMBER_2025.xlsx,Fuel December 2025,16,4,D16
2025-12-01,2025-12-01,STATE,Abuja,Abuja,Abuja,North Central,FALSE,1033.7795666666668,NGN per litre,2025-12-01,TRUE,,15,PMS_DECEMBER_2025.zip,PMS_DECEMBER_2025.xlsx,Fuel December 2025,17,4,D17
2025-12-01,2025-12-01,STATE,Adamawa,Adamawa,Adamawa,North East,FALSE,1052.7499416666667,NGN per litre,2025-12-01,TRUE,,15,PMS_DECEMBER_2025.zip,PMS_DECEMBER_2025.xlsx,Fuel December 2025,18,4,D18
2025-12-01,2025-12-01,STATE,Akwa Ibom,Akwa Ibom,Akwa Ibom,South South,FALSE,1059.426625,NGN per litre,2025-12-01,TRUE,,15,PMS_DECEMBER_2025.zip,PMS_DECEMBER_2025.xlsx,Fuel December 2025,19,4,D19
2025-12-01,2025-12-01,STATE,Anambra,Anambra,Anambra,South East,FALSE,1066.596934375,NGN per litre,2025-12-01,TRUE,,15,PMS_DECEMBER_2025.zip,PMS_DECEMBER_2025.xlsx,Fuel December 2025,20,4,D20
2025-12-01,2025-12-01,STATE,Bauchi,Bauchi,Bauchi,North East,FALSE,1079.612772222222,NGN per litre,2025-12-01,TRUE,,15,PMS_DECEMBER_2025.zip,PMS_DECEMBER_2025.xlsx,Fuel December 2025,21,4,D21
2025-12-01,2025-12-01,STATE,Bayelsa,Bayelsa,Bayelsa,South South,FALSE,1058.0788125,NGN per litre,2025-12-01,TRUE,,15,PMS_DECEMBER_2025.zip,PMS_DECEMBER_2025.xlsx,Fuel December 2025,22,4,D22
2025-12-01,2025-12-01,STATE,Benue,Benue,Benue,North Central,FALSE,1034.42797875,NGN per litre,2025-12-01,TRUE,,15,PMS_DECEMBER_2025.zip,PMS_DECEMBER_2025.xlsx,Fuel December 2025,23,4,D23
2025-12-01,2025-12-01,STATE,Borno,Borno,Borno,North East,FALSE,1072.0421875,NGN per litre,2025-12-01,TRUE,,15,PMS_DECEMBER_2025.zip,PMS_DECEMBER_2025.xlsx,Fuel December 2025,24,4,D24
2025-12-01,2025-12-01,STATE,Cross River,Cross River,Cross River,South South,FALSE,1051.50229375,NGN per litre,2025-12-01,TRUE,,15,PMS_DECEMBER_2025.zip,PMS_DECEMBER_2025.xlsx,Fuel December 2025,25,4,D25
2025-12-01,2025-12-01,STATE,Delta,Delta,Delta,South South,FALSE,1028.6097116136364,NGN per litre,2025-12-01,TRUE,,15,PMS_DECEMBER_2025.zip,PMS_DECEMBER_2025.xlsx,Fuel December 2025,26,4,D26
2025-12-01,2025-12-01,STATE,Ebonyi,Ebonyi,Ebonyi,South East,FALSE,1044.030105,NGN per litre,2025-12-01,TRUE,,15,PMS_DECEMBER_2025.zip,PMS_DECEMBER_2025.xlsx,Fuel December 2025,27,4,D27
2025-12-01,2025-12-01,STATE,Edo,Edo,Edo,South South,FALSE,1029.7772123,NGN per litre,2025-12-01,TRUE,,15,PMS_DECEMBER_2025.zip,PMS_DECEMBER_2025.xlsx,Fuel December 2025,28,4,D28
2025-12-01,2025-12-01,STATE,Ekiti,Ekiti,Ekiti,South West,FALSE,1048.4319404414284,NGN per litre,2025-12-01,TRUE,,15,PMS_DECEMBER_2025.zip,PMS_DECEMBER_2025.xlsx,Fuel December 2025,29,4,D29
2025-12-01,2025-12-01,STATE,Enugu,Enugu,Enugu,South East,FALSE,1017.2834175000002,NGN per litre,2025-12-01,TRUE,,15,PMS_DECEMBER_2025.zip,PMS_DECEMBER_2025.xlsx,Fuel December 2025,30,4,D30
2025-12-01,2025-12-01,STATE,Gombe,Gombe,Gombe,North East,FALSE,1075.7343529900002,NGN per litre,2025-12-01,TRUE,,15,PMS_DECEMBER_2025.zip,PMS_DECEMBER_2025.xlsx,Fuel December 2025,31,4,D31
2025-12-01,2025-12-01,STATE,Imo,Imo,Imo,South East,FALSE,1086.2553498321427,NGN per litre,2025-12-01,TRUE,,15,PMS_DECEMBER_2025.zip,PMS_DECEMBER_2025.xlsx,Fuel December 2025,32,4,D32
2025-12-01,2025-12-01,STATE,Jigawa,Jigawa,Jigawa,North West,FALSE,1059.721914090909,NGN per litre,2025-12-01,TRUE,,15,PMS_DECEMBER_2025.zip,PMS_DECEMBER_2025.xlsx,Fuel December 2025,33,4,D33
2025-12-01,2025-12-01,STATE,Kaduna,Kaduna,Kaduna,North West,FALSE,1052.2651166666667,NGN per litre,2025-12-01,TRUE,,15,PMS_DECEMBER_2025.zip,PMS_DECEMBER_2025.xlsx,Fuel December 2025,34,4,D34
2025-12-01,2025-12-01,STATE,Kano,Kano,Kano,North West,FALSE,1063.0420490666668,NGN per litre,2025-12-01,TRUE,,15,PMS_DECEMBER_2025.zip,PMS_DECEMBER_2025.xlsx,Fuel December 2025,35,4,D35
2025-12-01,2025-12-01,STATE,Katsina,Katsina,Katsina,North West,FALSE,1051.3579994166666,NGN per litre,2025-12-01,TRUE,,15,PMS_DECEMBER_2025.zip,PMS_DECEMBER_2025.xlsx,Fuel December 2025,36,4,D36
2025-12-01,2025-12-01,STATE,Kebbi,Kebbi,Kebbi,North West,FALSE,1003.0774100000001,NGN per litre,2025-12-01,TRUE,,15,PMS_DECEMBER_2025.zip,PMS_DECEMBER_2025.xlsx,Fuel December 2025,37,4,D37
2025-12-01,2025-12-01,STATE,Kogi,Kogi,Kogi,North Central,FALSE,1104.45,NGN per litre,2025-12-01,TRUE,,15,PMS_DECEMBER_2025.zip,PMS_DECEMBER_2025.xlsx,Fuel December 2025,38,4,D38
2025-12-01,2025-12-01,STATE,Kwara,Kwara,Kwara,North Central,FALSE,1028.520375,NGN per litre,2025-12-01,TRUE,,15,PMS_DECEMBER_2025.zip,PMS_DECEMBER_2025.xlsx,Fuel December 2025,39,4,D39
2025-12-01,2025-12-01,STATE,Lagos,Lagos,Lagos,South West,FALSE,1030.7697199999998,NGN per litre,2025-12-01,TRUE,,15,PMS_DECEMBER_2025.zip,PMS_DECEMBER_2025.xlsx,Fuel December 2025,40,4,D40
2025-12-01,2025-12-01,STATE,Nasarawa,Nasarawa,Nasarawa,North Central,FALSE,1011.0494231,NGN per litre,2025-12-01,TRUE,,15,PMS_DECEMBER_2025.zip,PMS_DECEMBER_2025.xlsx,Fuel December 2025,41,4,D41
2025-12-01,2025-12-01,STATE,Niger,Niger,Niger,North Central,FALSE,1061.2113359593752,NGN per litre,2025-12-01,TRUE,,15,PMS_DECEMBER_2025.zip,PMS_DECEMBER_2025.xlsx,Fuel December 2025,42,4,D42
2025-12-01,2025-12-01,STATE,Ogun,Ogun,Ogun,South West,FALSE,1026.3190625,NGN per litre,2025-12-01,TRUE,,15,PMS_DECEMBER_2025.zip,PMS_DECEMBER_2025.xlsx,Fuel December 2025,43,4,D43
2025-12-01,2025-12-01,STATE,Ondo,Ondo,Ondo,South West,FALSE,1028.5236142857143,NGN per litre,2025-12-01,TRUE,,15,PMS_DECEMBER_2025.zip,PMS_DECEMBER_2025.xlsx,Fuel December 2025,44,4,D44
2025-12-01,2025-12-01,STATE,Osun,Osun,Osun,South West,FALSE,1046.48631220875,NGN per litre,2025-12-01,TRUE,,15,PMS_DECEMBER_2025.zip,PMS_DECEMBER_2025.xlsx,Fuel December 2025,45,4,D45
2025-12-01,2025-12-01,STATE,Oyo,Oyo,Oyo,South West,FALSE,996.5464032,NGN per litre,2025-12-01,TRUE,,15,PMS_DECEMBER_2025.zip,PMS_DECEMBER_2025.xlsx,Fuel December 2025,46,4,D46
2025-12-01,2025-12-01,STATE,Plateau,Plateau,Plateau,North Central,FALSE,1046.7132699999997,NGN per litre,2025-12-01,TRUE,,15,PMS_DECEMBER_2025.zip,PMS_DECEMBER_2025.xlsx,Fuel December 2025,47,4,D47
2025-12-01,2025-12-01,STATE,Rivers,Rivers,Rivers,South South,FALSE,1062.2512218749998,NGN per litre,2025-12-01,TRUE,,15,PMS_DECEMBER_2025.zip,PMS_DECEMBER_2025.xlsx,Fuel December 2025,48,4,D48
2025-12-01,2025-12-01,STATE,Sokoto,Sokoto,Sokoto,North West,FALSE,1035.4703965,NGN per litre,2025-12-01,TRUE,,15,PMS_DECEMBER_2025.zip,PMS_DECEMBER_2025.xlsx,Fuel December 2025,49,4,D49
2025-12-01,2025-12-01,STATE,Taraba,Taraba,Taraba,North East,FALSE,1080.06466,NGN per litre,2025-12-01,TRUE,,15,PMS_DECEMBER_2025.zip,PMS_DECEMBER_2025.xlsx,Fuel December 2025,50,4,D50
2025-12-01,2025-12-01,STATE,Yobe,Yobe,Yobe,North East,FALSE,1081.7998045000002,NGN per litre,2025-12-01,TRUE,,15,PMS_DECEMBER_2025.zip,PMS_DECEMBER_2025.xlsx,Fuel December 2025,51,4,D51
2025-12-01,2025-12-01,STATE,Zamfara,Zamfara,Zamfara,North West,FALSE,1059.10669060625,NGN per litre,2025-12-01,TRUE,,15,PMS_DECEMBER_2025.zip,PMS_DECEMBER_2025.xlsx,Fuel December 2025,52,4,D52
2025-12-01,2025-12-01,ZONE,North Central,North Central,,North Central,TRUE,1045.7359927822915,NGN per litre,Average Price,TRUE,,15,PMS_DECEMBER_2025.zip,PMS_DECEMBER_2025.xlsx,Fuel December 2025,17,7,G17
2025-12-01,2025-12-01,ZONE,North East,North East,,North East,TRUE,1073.667286479815,NGN per litre,Average Price,TRUE,,15,PMS_DECEMBER_2025.zip,PMS_DECEMBER_2025.xlsx,Fuel December 2025,18,7,G18
2025-12-01,2025-12-01,ZONE,North West,North West,,North West,TRUE,1046.2916537638798,NGN per litre,Average Price,TRUE,,15,PMS_DECEMBER_2025.zip,PMS_DECEMBER_2025.xlsx,Fuel December 2025,21,7,G21
2025-12-01,2025-12-01,ZONE,South East,South East,,South East,TRUE,1049.2567838414284,NGN per litre,Average Price,TRUE,,15,PMS_DECEMBER_2025.zip,PMS_DECEMBER_2025.xlsx,Fuel December 2025,16,7,G16
2025-12-01,2025-12-01,ZONE,South South,South South,,South South,TRUE,1048.2743128397726,NGN per litre,Average Price,TRUE,,15,PMS_DECEMBER_2025.zip,PMS_DECEMBER_2025.xlsx,Fuel December 2025,19,7,G19
2025-12-01,2025-12-01,ZONE,South West,South West,,South West,TRUE,1029.512842105982,NGN per litre,Average Price,TRUE,,15,PMS_DECEMBER_2025.zip,PMS_DECEMBER_2025.xlsx,Fuel December 2025,20,7,G20
2025-12-01,2025-12-01,NATIONAL,Nigeria,AVERAGE,,,TRUE,1048.6271376644258,NGN per litre,2025-12-01,TRUE,,15,PMS_DECEMBER_2025.zip,PMS_DECEMBER_2025.xlsx,Fuel December 2025,53,4,D53
2026-01-01,2025-01-01,STATE,Abia,Abia,Abia,South East,FALSE,1308.2604734,NGN per litre,2025-01-01,FALSE,MEMBER_FILENAME_YEAR_WRONG,2,PMS_Report_JANUARY_2026.zip,PMS_JANUARY_2025.xlsx,Sheet1,3,2,B3
2026-01-01,2025-01-01,STATE,Abuja,Abuja,Abuja,North Central,FALSE,1182,NGN per litre,2025-01-01,FALSE,MEMBER_FILENAME_YEAR_WRONG,2,PMS_Report_JANUARY_2026.zip,PMS_JANUARY_2025.xlsx,Sheet1,4,2,B4
2026-01-01,2025-01-01,STATE,Adamawa,Adamawa,Adamawa,North East,FALSE,1350,NGN per litre,2025-01-01,FALSE,MEMBER_FILENAME_YEAR_WRONG,2,PMS_Report_JANUARY_2026.zip,PMS_JANUARY_2025.xlsx,Sheet1,5,2,B5
2026-01-01,2025-01-01,STATE,Akwa Ibom,Akwa Ibom,Akwa Ibom,South South,FALSE,1287.5,NGN per litre,2025-01-01,FALSE,MEMBER_FILENAME_YEAR_WRONG,2,PMS_Report_JANUARY_2026.zip,PMS_JANUARY_2025.xlsx,Sheet1,6,2,B6
2026-01-01,2025-01-01,STATE,Anambra,Anambra,Anambra,South East,FALSE,1080,NGN per litre,2025-01-01,FALSE,MEMBER_FILENAME_YEAR_WRONG,2,PMS_Report_JANUARY_2026.zip,PMS_JANUARY_2025.xlsx,Sheet1,7,2,B7
2026-01-01,2025-01-01,STATE,Bauchi,Bauchi,Bauchi,North East,FALSE,1225,NGN per litre,2025-01-01,FALSE,MEMBER_FILENAME_YEAR_WRONG,2,PMS_Report_JANUARY_2026.zip,PMS_JANUARY_2025.xlsx,Sheet1,8,2,B8
2026-01-01,2025-01-01,STATE,Bayelsa,Bayelsa,Bayelsa,South South,FALSE,1000,NGN per litre,2025-01-01,FALSE,MEMBER_FILENAME_YEAR_WRONG,2,PMS_Report_JANUARY_2026.zip,PMS_JANUARY_2025.xlsx,Sheet1,9,2,B9
2026-01-01,2025-01-01,STATE,Benue,Benue,Benue,North Central,FALSE,1411.111111111111,NGN per litre,2025-01-01,FALSE,MEMBER_FILENAME_YEAR_WRONG,2,PMS_Report_JANUARY_2026.zip,PMS_JANUARY_2025.xlsx,Sheet1,10,2,B10
2026-01-01,2025-01-01,STATE,Borno,Borno,Borno,North East,FALSE,1066.6666666666667,NGN per litre,2025-01-01,FALSE,MEMBER_FILENAME_YEAR_WRONG,2,PMS_Report_JANUARY_2026.zip,PMS_JANUARY_2025.xlsx,Sheet1,11,2,B11
2026-01-01,2025-01-01,STATE,Cross River,Cross River,Cross River,South South,FALSE,1483.3333333333333,NGN per litre,2025-01-01,FALSE,MEMBER_FILENAME_YEAR_WRONG,2,PMS_Report_JANUARY_2026.zip,PMS_JANUARY_2025.xlsx,Sheet1,12,2,B12
2026-01-01,2025-01-01,STATE,Delta,Delta,Delta,South South,FALSE,1364.2857142857142,NGN per litre,2025-01-01,FALSE,MEMBER_FILENAME_YEAR_WRONG,2,PMS_Report_JANUARY_2026.zip,PMS_JANUARY_2025.xlsx,Sheet1,13,2,B13
2026-01-01,2025-01-01,STATE,Ebonyi,Ebonyi,Ebonyi,South East,FALSE,1133.33333333333,NGN per litre,2025-01-01,FALSE,MEMBER_FILENAME_YEAR_WRONG,2,PMS_Report_JANUARY_2026.zip,PMS_JANUARY_2025.xlsx,Sheet1,14,2,B14
2026-01-01,2025-01-01,STATE,Edo,Edo,Edo,South South,FALSE,1146,NGN per litre,2025-01-01,FALSE,MEMBER_FILENAME_YEAR_WRONG,2,PMS_Report_JANUARY_2026.zip,PMS_JANUARY_2025.xlsx,Sheet1,15,2,B15
2026-01-01,2025-01-01,STATE,Ekiti,Ekiti,Ekiti,South West,FALSE,1180,NGN per litre,2025-01-01,FALSE,MEMBER_FILENAME_YEAR_WRONG,2,PMS_Report_JANUARY_2026.zip,PMS_JANUARY_2025.xlsx,Sheet1,16,2,B16
2026-01-01,2025-01-01,STATE,Enugu,Enugu,Enugu,South East,FALSE,1433.3333333333333,NGN per litre,2025-01-01,FALSE,MEMBER_FILENAME_YEAR_WRONG,2,PMS_Report_JANUARY_2026.zip,PMS_JANUARY_2025.xlsx,Sheet1,17,2,B17
2026-01-01,2025-01-01,STATE,Gombe,Gombe,Gombe,North East,FALSE,1090,NGN per litre,2025-01-01,FALSE,MEMBER_FILENAME_YEAR_WRONG,2,PMS_Report_JANUARY_2026.zip,PMS_JANUARY_2025.xlsx,Sheet1,18,2,B18
2026-01-01,2025-01-01,STATE,Imo,Imo,Imo,South East,FALSE,1466.6666666666667,NGN per litre,2025-01-01,FALSE,MEMBER_FILENAME_YEAR_WRONG,2,PMS_Report_JANUARY_2026.zip,PMS_JANUARY_2025.xlsx,Sheet1,19,2,B19
2026-01-01,2025-01-01,STATE,Jigawa,Jigawa,Jigawa,North West,FALSE,1530,NGN per litre,2025-01-01,FALSE,MEMBER_FILENAME_YEAR_WRONG,2,PMS_Report_JANUARY_2026.zip,PMS_JANUARY_2025.xlsx,Sheet1,20,2,B20
2026-01-01,2025-01-01,STATE,Kaduna,Kaduna,Kaduna,North West,FALSE,1638.3333333333333,NGN per litre,2025-01-01,FALSE,MEMBER_FILENAME_YEAR_WRONG,2,PMS_Report_JANUARY_2026.zip,PMS_JANUARY_2025.xlsx,Sheet1,21,2,B21
2026-01-01,2025-01-01,STATE,Kano,Kano,Kano,North West,FALSE,1541.6666666666667,NGN per litre,2025-01-01,FALSE,MEMBER_FILENAME_YEAR_WRONG,2,PMS_Report_JANUARY_2026.zip,PMS_JANUARY_2025.xlsx,Sheet1,22,2,B22
2026-01-01,2025-01-01,STATE,Katsina,Katsina,Katsina,North West,FALSE,1469.4444445,NGN per litre,2025-01-01,FALSE,MEMBER_FILENAME_YEAR_WRONG,2,PMS_Report_JANUARY_2026.zip,PMS_JANUARY_2025.xlsx,Sheet1,23,2,B23
2026-01-01,2025-01-01,STATE,Kebbi,Kebbi,Kebbi,North West,FALSE,1090,NGN per litre,2025-01-01,FALSE,MEMBER_FILENAME_YEAR_WRONG,2,PMS_Report_JANUARY_2026.zip,PMS_JANUARY_2025.xlsx,Sheet1,24,2,B24
2026-01-01,2025-01-01,STATE,Kogi,Kogi,Kogi,North Central,FALSE,1114.2857142857142,NGN per litre,2025-01-01,FALSE,MEMBER_FILENAME_YEAR_WRONG,2,PMS_Report_JANUARY_2026.zip,PMS_JANUARY_2025.xlsx,Sheet1,25,2,B25
2026-01-01,2025-01-01,STATE,Kwara,Kwara,Kwara,North Central,FALSE,1171.9968549999999,NGN per litre,2025-01-01,FALSE,MEMBER_FILENAME_YEAR_WRONG,2,PMS_Report_JANUARY_2026.zip,PMS_JANUARY_2025.xlsx,Sheet1,26,2,B26
2026-01-01,2025-01-01,STATE,Lagos,Lagos,Lagos,South West,FALSE,1122.2222222222222,NGN per litre,2025-01-01,FALSE,MEMBER_FILENAME_YEAR_WRONG,2,PMS_Report_JANUARY_2026.zip,PMS_JANUARY_2025.xlsx,Sheet1,27,2,B27
2026-01-01,2025-01-01,STATE,Nasarawa,Nasarawa,Nasarawa,North Central,FALSE,1302.257815,NGN per litre,2025-01-01,FALSE,MEMBER_FILENAME_YEAR_WRONG,2,PMS_Report_JANUARY_2026.zip,PMS_JANUARY_2025.xlsx,Sheet1,28,2,B28
2026-01-01,2025-01-01,STATE,Niger,Niger,Niger,North Central,FALSE,1386.686215,NGN per litre,2025-01-01,FALSE,MEMBER_FILENAME_YEAR_WRONG,2,PMS_Report_JANUARY_2026.zip,PMS_JANUARY_2025.xlsx,Sheet1,29,2,B29
2026-01-01,2025-01-01,STATE,Ogun,Ogun,Ogun,South West,FALSE,1141.6666666666667,NGN per litre,2025-01-01,FALSE,MEMBER_FILENAME_YEAR_WRONG,2,PMS_Report_JANUARY_2026.zip,PMS_JANUARY_2025.xlsx,Sheet1,30,2,B30
2026-01-01,2025-01-01,STATE,Ondo,Ondo,Ondo,South West,FALSE,1141.7,NGN per litre,2025-01-01,FALSE,MEMBER_FILENAME_YEAR_WRONG,2,PMS_Report_JANUARY_2026.zip,PMS_JANUARY_2025.xlsx,Sheet1,31,2,B31
2026-01-01,2025-01-01,STATE,Osun,Osun,Osun,South West,FALSE,950,NGN per litre,2025-01-01,FALSE,MEMBER_FILENAME_YEAR_WRONG,2,PMS_Report_JANUARY_2026.zip,PMS_JANUARY_2025.xlsx,Sheet1,32,2,B32
2026-01-01,2025-01-01,STATE,Oyo,Oyo,Oyo,South West,FALSE,1015,NGN per litre,2025-01-01,FALSE,MEMBER_FILENAME_YEAR_WRONG,2,PMS_Report_JANUARY_2026.zip,PMS_JANUARY_2025.xlsx,Sheet1,33,2,B33
2026-01-01,2025-01-01,STATE,Plateau,Plateau,Plateau,North Central,FALSE,1446.992215,NGN per litre,2025-01-01,FALSE,MEMBER_FILENAME_YEAR_WRONG,2,PMS_Report_JANUARY_2026.zip,PMS_JANUARY_2025.xlsx,Sheet1,34,2,B34
2026-01-01,2025-01-01,STATE,Rivers,Rivers,Rivers,South South,FALSE,1308.888888888889,NGN per litre,2025-01-01,FALSE,MEMBER_FILENAME_YEAR_WRONG,2,PMS_Report_JANUARY_2026.zip,PMS_JANUARY_2025.xlsx,Sheet1,35,2,B35
2026-01-01,2025-01-01,STATE,Sokoto,Sokoto,Sokoto,North West,FALSE,1330,NGN per litre,2025-01-01,FALSE,MEMBER_FILENAME_YEAR_WRONG,2,PMS_Report_JANUARY_2026.zip,PMS_JANUARY_2025.xlsx,Sheet1,36,2,B36
2026-01-01,2025-01-01,STATE,Taraba,Taraba,Taraba,North East,FALSE,1433.3333333333333,NGN per litre,2025-01-01,FALSE,MEMBER_FILENAME_YEAR_WRONG,2,PMS_Report_JANUARY_2026.zip,PMS_JANUARY_2025.xlsx,Sheet1,37,2,B37
2026-01-01,2025-01-01,STATE,Yobe,Yobe,Yobe,North East,FALSE,1112.5,NGN per litre,2025-01-01,FALSE,MEMBER_FILENAME_YEAR_WRONG,2,PMS_Report_JANUARY_2026.zip,PMS_JANUARY_2025.xlsx,Sheet1,38,2,B38
2026-01-01,2025-01-01,STATE,Zamfara,Zamfara,Zamfara,North West,FALSE,1104.28571428571,NGN per litre,2025-01-01,FALSE,MEMBER_FILENAME_YEAR_WRONG,2,PMS_Report_JANUARY_2026.zip,PMS_JANUARY_2025.xlsx,Sheet1,39,2,B39
2026-01-01,2025-01-01,NATIONAL,Nigeria,AVERAGE,,,TRUE,1258.344613954397,NGN per litre,2025-01-01,FALSE,MEMBER_FILENAME_YEAR_WRONG,2,PMS_Report_JANUARY_2026.zip,PMS_JANUARY_2025.xlsx,Sheet1,40,2,B40
2026-01-01,2025-12-01,STATE,Abia,Abia,Abia,South East,FALSE,1032.1181125000003,NGN per litre,2025-12-01,FALSE,MEMBER_FILENAME_YEAR_WRONG,2,PMS_Report_JANUARY_2026.zip,PMS_JANUARY_2025.xlsx,Sheet1,3,3,C3
2026-01-01,2025-12-01,STATE,Abuja,Abuja,Abuja,North Central,FALSE,1033.7795666666668,NGN per litre,2025-12-01,FALSE,MEMBER_FILENAME_YEAR_WRONG,2,PMS_Report_JANUARY_2026.zip,PMS_JANUARY_2025.xlsx,Sheet1,4,3,C4
2026-01-01,2025-12-01,STATE,Adamawa,Adamawa,Adamawa,North East,FALSE,1052.7499416666667,NGN per litre,2025-12-01,FALSE,MEMBER_FILENAME_YEAR_WRONG,2,PMS_Report_JANUARY_2026.zip,PMS_JANUARY_2025.xlsx,Sheet1,5,3,C5
2026-01-01,2025-12-01,STATE,Akwa Ibom,Akwa Ibom,Akwa Ibom,South South,FALSE,1059.426625,NGN per litre,2025-12-01,FALSE,MEMBER_FILENAME_YEAR_WRONG,2,PMS_Report_JANUARY_2026.zip,PMS_JANUARY_2025.xlsx,Sheet1,6,3,C6
2026-01-01,2025-12-01,STATE,Anambra,Anambra,Anambra,South East,FALSE,1066.596934375,NGN per litre,2025-12-01,FALSE,MEMBER_FILENAME_YEAR_WRONG,2,PMS_Report_JANUARY_2026.zip,PMS_JANUARY_2025.xlsx,Sheet1,7,3,C7
2026-01-01,2025-12-01,STATE,Bauchi,Bauchi,Bauchi,North East,FALSE,1079.612772222222,NGN per litre,2025-12-01,FALSE,MEMBER_FILENAME_YEAR_WRONG,2,PMS_Report_JANUARY_2026.zip,PMS_JANUARY_2025.xlsx,Sheet1,8,3,C8
2026-01-01,2025-12-01,STATE,Bayelsa,Bayelsa,Bayelsa,South South,FALSE,1058.0788125,NGN per litre,2025-12-01,FALSE,MEMBER_FILENAME_YEAR_WRONG,2,PMS_Report_JANUARY_2026.zip,PMS_JANUARY_2025.xlsx,Sheet1,9,3,C9
2026-01-01,2025-12-01,STATE,Benue,Benue,Benue,North Central,FALSE,1034.42797875,NGN per litre,2025-12-01,FALSE,MEMBER_FILENAME_YEAR_WRONG,2,PMS_Report_JANUARY_2026.zip,PMS_JANUARY_2025.xlsx,Sheet1,10,3,C10
2026-01-01,2025-12-01,STATE,Borno,Borno,Borno,North East,FALSE,1072.0421875,NGN per litre,2025-12-01,FALSE,MEMBER_FILENAME_YEAR_WRONG,2,PMS_Report_JANUARY_2026.zip,PMS_JANUARY_2025.xlsx,Sheet1,11,3,C11
2026-01-01,2025-12-01,STATE,Cross River,Cross River,Cross River,South South,FALSE,1051.50229375,NGN per litre,2025-12-01,FALSE,MEMBER_FILENAME_YEAR_WRONG,2,PMS_Report_JANUARY_2026.zip,PMS_JANUARY_2025.xlsx,Sheet1,12,3,C12
2026-01-01,2025-12-01,STATE,Delta,Delta,Delta,South South,FALSE,1028.6097116136364,NGN per litre,2025-12-01,FALSE,MEMBER_FILENAME_YEAR_WRONG,2,PMS_Report_JANUARY_2026.zip,PMS_JANUARY_2025.xlsx,Sheet1,13,3,C13
2026-01-01,2025-12-01,STATE,Ebonyi,Ebonyi,Ebonyi,South East,FALSE,1044.030105,NGN per litre,2025-12-01,FALSE,MEMBER_FILENAME_YEAR_WRONG,2,PMS_Report_JANUARY_2026.zip,PMS_JANUARY_2025.xlsx,Sheet1,14,3,C14
2026-01-01,2025-12-01,STATE,Edo,Edo,Edo,South South,FALSE,1029.7772123,NGN per litre,2025-12-01,FALSE,MEMBER_FILENAME_YEAR_WRONG,2,PMS_Report_JANUARY_2026.zip,PMS_JANUARY_2025.xlsx,Sheet1,15,3,C15
2026-01-01,2025-12-01,STATE,Ekiti,Ekiti,Ekiti,South West,FALSE,1048.4319404414284,NGN per litre,2025-12-01,FALSE,MEMBER_FILENAME_YEAR_WRONG,2,PMS_Report_JANUARY_2026.zip,PMS_JANUARY_2025.xlsx,Sheet1,16,3,C16
2026-01-01,2025-12-01,STATE,Enugu,Enugu,Enugu,South East,FALSE,1017.2834175000002,NGN per litre,2025-12-01,FALSE,MEMBER_FILENAME_YEAR_WRONG,2,PMS_Report_JANUARY_2026.zip,PMS_JANUARY_2025.xlsx,Sheet1,17,3,C17
2026-01-01,2025-12-01,STATE,Gombe,Gombe,Gombe,North East,FALSE,1075.7343529900002,NGN per litre,2025-12-01,FALSE,MEMBER_FILENAME_YEAR_WRONG,2,PMS_Report_JANUARY_2026.zip,PMS_JANUARY_2025.xlsx,Sheet1,18,3,C18
2026-01-01,2025-12-01,STATE,Imo,Imo,Imo,South East,FALSE,1086.2553498321427,NGN per litre,2025-12-01,FALSE,MEMBER_FILENAME_YEAR_WRONG,2,PMS_Report_JANUARY_2026.zip,PMS_JANUARY_2025.xlsx,Sheet1,19,3,C19
2026-01-01,2025-12-01,STATE,Jigawa,Jigawa,Jigawa,North West,FALSE,1059.721914090909,NGN per litre,2025-12-01,FALSE,MEMBER_FILENAME_YEAR_WRONG,2,PMS_Report_JANUARY_2026.zip,PMS_JANUARY_2025.xlsx,Sheet1,20,3,C20
2026-01-01,2025-12-01,STATE,Kaduna,Kaduna,Kaduna,North West,FALSE,1052.2651166666667,NGN per litre,2025-12-01,FALSE,MEMBER_FILENAME_YEAR_WRONG,2,PMS_Report_JANUARY_2026.zip,PMS_JANUARY_2025.xlsx,Sheet1,21,3,C21
2026-01-01,2025-12-01,STATE,Kano,Kano,Kano,North West,FALSE,1063.0420490666668,NGN per litre,2025-12-01,FALSE,MEMBER_FILENAME_YEAR_WRONG,2,PMS_Report_JANUARY_2026.zip,PMS_JANUARY_2025.xlsx,Sheet1,22,3,C22
2026-01-01,2025-12-01,STATE,Katsina,Katsina,Katsina,North West,FALSE,1051.3579994166666,NGN per litre,2025-12-01,FALSE,MEMBER_FILENAME_YEAR_WRONG,2,PMS_Report_JANUARY_2026.zip,PMS_JANUARY_2025.xlsx,Sheet1,23,3,C23
2026-01-01,2025-12-01,STATE,Kebbi,Kebbi,Kebbi,North West,FALSE,1003.0774100000001,NGN per litre,2025-12-01,FALSE,MEMBER_FILENAME_YEAR_WRONG,2,PMS_Report_JANUARY_2026.zip,PMS_JANUARY_2025.xlsx,Sheet1,24,3,C24
2026-01-01,2025-12-01,STATE,Kogi,Kogi,Kogi,North Central,FALSE,1104.45,NGN per litre,2025-12-01,FALSE,MEMBER_FILENAME_YEAR_WRONG,2,PMS_Report_JANUARY_2026.zip,PMS_JANUARY_2025.xlsx,Sheet1,25,3,C25
2026-01-01,2025-12-01,STATE,Kwara,Kwara,Kwara,North Central,FALSE,1028.520375,NGN per litre,2025-12-01,FALSE,MEMBER_FILENAME_YEAR_WRONG,2,PMS_Report_JANUARY_2026.zip,PMS_JANUARY_2025.xlsx,Sheet1,26,3,C26
2026-01-01,2025-12-01,STATE,Lagos,Lagos,Lagos,South West,FALSE,1030.7697199999998,NGN per litre,2025-12-01,FALSE,MEMBER_FILENAME_YEAR_WRONG,2,PMS_Report_JANUARY_2026.zip,PMS_JANUARY_2025.xlsx,Sheet1,27,3,C27
2026-01-01,2025-12-01,STATE,Nasarawa,Nasarawa,Nasarawa,North Central,FALSE,1011.0494231,NGN per litre,2025-12-01,FALSE,MEMBER_FILENAME_YEAR_WRONG,2,PMS_Report_JANUARY_2026.zip,PMS_JANUARY_2025.xlsx,Sheet1,28,3,C28
2026-01-01,2025-12-01,STATE,Niger,Niger,Niger,North Central,FALSE,1061.2113359593752,NGN per litre,2025-12-01,FALSE,MEMBER_FILENAME_YEAR_WRONG,2,PMS_Report_JANUARY_2026.zip,PMS_JANUARY_2025.xlsx,Sheet1,29,3,C29
2026-01-01,2025-12-01,STATE,Ogun,Ogun,Ogun,South West,FALSE,1026.3190625,NGN per litre,2025-12-01,FALSE,MEMBER_FILENAME_YEAR_WRONG,2,PMS_Report_JANUARY_2026.zip,PMS_JANUARY_2025.xlsx,Sheet1,30,3,C30
2026-01-01,2025-12-01,STATE,Ondo,Ondo,Ondo,South West,FALSE,1028.5236142857143,NGN per litre,2025-12-01,FALSE,MEMBER_FILENAME_YEAR_WRONG,2,PMS_Report_JANUARY_2026.zip,PMS_JANUARY_2025.xlsx,Sheet1,31,3,C31
2026-01-01,2025-12-01,STATE,Osun,Osun,Osun,South West,FALSE,1046.48631220875,NGN per litre,2025-12-01,FALSE,MEMBER_FILENAME_YEAR_WRONG,2,PMS_Report_JANUARY_2026.zip,PMS_JANUARY_2025.xlsx,Sheet1,32,3,C32
2026-01-01,2025-12-01,STATE,Oyo,Oyo,Oyo,South West,FALSE,996.5464032,NGN per litre,2025-12-01,FALSE,MEMBER_FILENAME_YEAR_WRONG,2,PMS_Report_JANUARY_2026.zip,PMS_JANUARY_2025.xlsx,Sheet1,33,3,C33
2026-01-01,2025-12-01,STATE,Plateau,Plateau,Plateau,North Central,FALSE,1046.7132699999997,NGN per litre,2025-12-01,FALSE,MEMBER_FILENAME_YEAR_WRONG,2,PMS_Report_JANUARY_2026.zip,PMS_JANUARY_2025.xlsx,Sheet1,34,3,C34
2026-01-01,2025-12-01,STATE,Rivers,Rivers,Rivers,South South,FALSE,1062.2512218749998,NGN per litre,2025-12-01,FALSE,MEMBER_FILENAME_YEAR_WRONG,2,PMS_Report_JANUARY_2026.zip,PMS_JANUARY_2025.xlsx,Sheet1,35,3,C35
2026-01-01,2025-12-01,STATE,Sokoto,Sokoto,Sokoto,North West,FALSE,1035.4703965,NGN per litre,2025-12-01,FALSE,MEMBER_FILENAME_YEAR_WRONG,2,PMS_Report_JANUARY_2026.zip,PMS_JANUARY_2025.xlsx,Sheet1,36,3,C36
2026-01-01,2025-12-01,STATE,Taraba,Taraba,Taraba,North East,FALSE,1080.06466,NGN per litre,2025-12-01,FALSE,MEMBER_FILENAME_YEAR_WRONG,2,PMS_Report_JANUARY_2026.zip,PMS_JANUARY_2025.xlsx,Sheet1,37,3,C37
2026-01-01,2025-12-01,STATE,Yobe,Yobe,Yobe,North East,FALSE,1081.7998045000002,NGN per litre,2025-12-01,FALSE,MEMBER_FILENAME_YEAR_WRONG,2,PMS_Report_JANUARY_2026.zip,PMS_JANUARY_2025.xlsx,Sheet1,38,3,C38
2026-01-01,2025-12-01,STATE,Zamfara,Zamfara,Zamfara,North West,FALSE,1059.10669060625,NGN per litre,2025-12-01,FALSE,MEMBER_FILENAME_YEAR_WRONG,2,PMS_Report_JANUARY_2026.zip,PMS_JANUARY_2025.xlsx,Sheet1,39,3,C39
2026-01-01,2025-12-01,NATIONAL,Nigeria,AVERAGE,,,TRUE,1048.6271376644258,NGN per litre,2025-12-01,FALSE,MEMBER_FILENAME_YEAR_WRONG,2,PMS_Report_JANUARY_2026.zip,PMS_JANUARY_2025.xlsx,Sheet1,40,3,C40
2026-01-01,2026-01-01,STATE,Abia,Abia,Abia,South East,FALSE,1054.25,NGN per litre,2026-01-01,TRUE,MEMBER_FILENAME_YEAR_WRONG,2,PMS_Report_JANUARY_2026.zip,PMS_JANUARY_2025.xlsx,Sheet1,3,4,D3
2026-01-01,2026-01-01,STATE,Abuja,Abuja,Abuja,North Central,FALSE,959.6112916666667,NGN per litre,2026-01-01,TRUE,MEMBER_FILENAME_YEAR_WRONG,2,PMS_Report_JANUARY_2026.zip,PMS_JANUARY_2025.xlsx,Sheet1,4,4,D4
2026-01-01,2026-01-01,STATE,Adamawa,Adamawa,Adamawa,North East,FALSE,1090.1947916666668,NGN per litre,2026-01-01,TRUE,MEMBER_FILENAME_YEAR_WRONG,2,PMS_Report_JANUARY_2026.zip,PMS_JANUARY_2025.xlsx,Sheet1,5,4,D5
2026-01-01,2026-01-01,STATE,Akwa Ibom,Akwa Ibom,Akwa Ibom,South South,FALSE,1112.7822536091116,NGN per litre,2026-01-01,TRUE,MEMBER_FILENAME_YEAR_WRONG,2,PMS_Report_JANUARY_2026.zip,PMS_JANUARY_2025.xlsx,Sheet1,6,4,D6
2026-01-01,2026-01-01,STATE,Anambra,Anambra,Anambra,South East,FALSE,980.79375,NGN per litre,2026-01-01,TRUE,MEMBER_FILENAME_YEAR_WRONG,2,PMS_Report_JANUARY_2026.zip,PMS_JANUARY_2025.xlsx,Sheet1,7,4,D7
2026-01-01,2026-01-01,STATE,Bauchi,Bauchi,Bauchi,North East,FALSE,967.0061055555556,NGN per litre,2026-01-01,TRUE,MEMBER_FILENAME_YEAR_WRONG,2,PMS_Report_JANUARY_2026.zip,PMS_JANUARY_2025.xlsx,Sheet1,8,4,D8
2026-01-01,2026-01-01,STATE,Bayelsa,Bayelsa,Bayelsa,South South,FALSE,968.8875,NGN per litre,2026-01-01,TRUE,MEMBER_FILENAME_YEAR_WRONG,2,PMS_Report_JANUARY_2026.zip,PMS_JANUARY_2025.xlsx,Sheet1,9,4,D9
2026-01-01,2026-01-01,STATE,Benue,Benue,Benue,North Central,FALSE,1059.49,NGN per litre,2026-01-01,TRUE,MEMBER_FILENAME_YEAR_WRONG,2,PMS_Report_JANUARY_2026.zip,PMS_JANUARY_2025.xlsx,Sheet1,10,4,D10
2026-01-01,2026-01-01,STATE,Borno,Borno,Borno,North East,FALSE,1079.5,NGN per litre,2026-01-01,TRUE,MEMBER_FILENAME_YEAR_WRONG,2,PMS_Report_JANUARY_2026.zip,PMS_JANUARY_2025.xlsx,Sheet1,11,4,D11
2026-01-01,2026-01-01,STATE,Cross River,Cross River,Cross River,South South,FALSE,1171.765185114841,NGN per litre,2026-01-01,TRUE,MEMBER_FILENAME_YEAR_WRONG,2,PMS_Report_JANUARY_2026.zip,PMS_JANUARY_2025.xlsx,Sheet1,12,4,D12
2026-01-01,2026-01-01,STATE,Delta,Delta,Delta,South South,FALSE,1012.4313442728118,NGN per litre,2026-01-01,TRUE,MEMBER_FILENAME_YEAR_WRONG,2,PMS_Report_JANUARY_2026.zip,PMS_JANUARY_2025.xlsx,Sheet1,13,4,D13
2026-01-01,2026-01-01,STATE,Ebonyi,Ebonyi,Ebonyi,South East,FALSE,1065.8506714285716,NGN per litre,2026-01-01,TRUE,MEMBER_FILENAME_YEAR_WRONG,2,PMS_Report_JANUARY_2026.zip,PMS_JANUARY_2025.xlsx,Sheet1,14,4,D14
2026-01-01,2026-01-01,STATE,Edo,Edo,Edo,South South,FALSE,1029.45,NGN per litre,2026-01-01,TRUE,MEMBER_FILENAME_YEAR_WRONG,2,PMS_Report_JANUARY_2026.zip,PMS_JANUARY_2025.xlsx,Sheet1,15,4,D15
2026-01-01,2026-01-01,STATE,Ekiti,Ekiti,Ekiti,South West,FALSE,946.9009096787142,NGN per litre,2026-01-01,TRUE,MEMBER_FILENAME_YEAR_WRONG,2,PMS_Report_JANUARY_2026.zip,PMS_JANUARY_2025.xlsx,Sheet1,16,4,D16
2026-01-01,2026-01-01,STATE,Enugu,Enugu,Enugu,South East,FALSE,946.9161666666665,NGN per litre,2026-01-01,TRUE,MEMBER_FILENAME_YEAR_WRONG,2,PMS_Report_JANUARY_2026.zip,PMS_JANUARY_2025.xlsx,Sheet1,17,4,D17
2026-01-01,2026-01-01,STATE,Gombe,Gombe,Gombe,North East,FALSE,1016.8226789622222,NGN per litre,2026-01-01,TRUE,MEMBER_FILENAME_YEAR_WRONG,2,PMS_Report_JANUARY_2026.zip,PMS_JANUARY_2025.xlsx,Sheet1,18,4,D18
2026-01-01,2026-01-01,STATE,Imo,Imo,Imo,South East,FALSE,1085.8726891178571,NGN per litre,2026-01-01,TRUE,MEMBER_FILENAME_YEAR_WRONG,2,PMS_Report_JANUARY_2026.zip,PMS_JANUARY_2025.xlsx,Sheet1,19,4,D19
2026-01-01,2026-01-01,STATE,Jigawa,Jigawa,Jigawa,North West,FALSE,983.4598328561914,NGN per litre,2026-01-01,TRUE,MEMBER_FILENAME_YEAR_WRONG,2,PMS_Report_JANUARY_2026.zip,PMS_JANUARY_2025.xlsx,Sheet1,20,4,D20
2026-01-01,2026-01-01,STATE,Kaduna,Kaduna,Kaduna,North West,FALSE,947,NGN per litre,2026-01-01,TRUE,MEMBER_FILENAME_YEAR_WRONG,2,PMS_Report_JANUARY_2026.zip,PMS_JANUARY_2025.xlsx,Sheet1,21,4,D21
2026-01-01,2026-01-01,STATE,Kano,Kano,Kano,North West,FALSE,1014.3976810673672,NGN per litre,2026-01-01,TRUE,MEMBER_FILENAME_YEAR_WRONG,2,PMS_Report_JANUARY_2026.zip,PMS_JANUARY_2025.xlsx,Sheet1,22,4,D22
2026-01-01,2026-01-01,STATE,Katsina,Katsina,Katsina,North West,FALSE,1035.8349583333334,NGN per litre,2026-01-01,TRUE,MEMBER_FILENAME_YEAR_WRONG,2,PMS_Report_JANUARY_2026.zip,PMS_JANUARY_2025.xlsx,Sheet1,23,4,D23
2026-01-01,2026-01-01,STATE,Kebbi,Kebbi,Kebbi,North West,FALSE,1042.89954138021,NGN per litre,2026-01-01,TRUE,MEMBER_FILENAME_YEAR_WRONG,2,PMS_Report_JANUARY_2026.zip,PMS_JANUARY_2025.xlsx,Sheet1,24,4,D24
2026-01-01,2026-01-01,STATE,Kogi,Kogi,Kogi,North Central,FALSE,960,NGN per litre,2026-01-01,TRUE,MEMBER_FILENAME_YEAR_WRONG,2,PMS_Report_JANUARY_2026.zip,PMS_JANUARY_2025.xlsx,Sheet1,25,4,D25
2026-01-01,2026-01-01,STATE,Kwara,Kwara,Kwara,North Central,FALSE,1109.1572490111942,NGN per litre,2026-01-01,TRUE,MEMBER_FILENAME_YEAR_WRONG,2,PMS_Report_JANUARY_2026.zip,PMS_JANUARY_2025.xlsx,Sheet1,26,4,D26
2026-01-01,2026-01-01,STATE,Lagos,Lagos,Lagos,South West,FALSE,1026.10526907287,NGN per litre,2026-01-01,TRUE,MEMBER_FILENAME_YEAR_WRONG,2,PMS_Report_JANUARY_2026.zip,PMS_JANUARY_2025.xlsx,Sheet1,27,4,D27
2026-01-01,2026-01-01,STATE,Nasarawa,Nasarawa,Nasarawa,North Central,FALSE,1149.1342781461683,NGN per litre,2026-01-01,TRUE,MEMBER_FILENAME_YEAR_WRONG,2,PMS_Report_JANUARY_2026.zip,PMS_JANUARY_2025.xlsx,Sheet1,28,4,D28
2026-01-01,2026-01-01,STATE,Niger,Niger,Niger,North Central,FALSE,983.50650475,NGN per litre,2026-01-01,TRUE,MEMBER_FILENAME_YEAR_WRONG,2,PMS_Report_JANUARY_2026.zip,PMS_JANUARY_2025.xlsx,Sheet1,29,4,D29
2026-01-01,2026-01-01,STATE,Ogun,Ogun,Ogun,South West,FALSE,995.6577064402363,NGN per litre,2026-01-01,TRUE,MEMBER_FILENAME_YEAR_WRONG,2,PMS_Report_JANUARY_2026.zip,PMS_JANUARY_2025.xlsx,Sheet1,30,4,D30
2026-01-01,2026-01-01,STATE,Ondo,Ondo,Ondo,South West,FALSE,1036.6688796505362,NGN per litre,2026-01-01,TRUE,MEMBER_FILENAME_YEAR_WRONG,2,PMS_Report_JANUARY_2026.zip,PMS_JANUARY_2025.xlsx,Sheet1,31,4,D31
2026-01-01,2026-01-01,STATE,Osun,Osun,Osun,South West,FALSE,1037.3764624716425,NGN per litre,2026-01-01,TRUE,MEMBER_FILENAME_YEAR_WRONG,2,PMS_Report_JANUARY_2026.zip,PMS_JANUARY_2025.xlsx,Sheet1,32,4,D32
2026-01-01,2026-01-01,STATE,Oyo,Oyo,Oyo,South West,FALSE,1013.1016032,NGN per litre,2026-01-01,TRUE,MEMBER_FILENAME_YEAR_WRONG,2,PMS_Report_JANUARY_2026.zip,PMS_JANUARY_2025.xlsx,Sheet1,33,4,D33
2026-01-01,2026-01-01,STATE,Plateau,Plateau,Plateau,North Central,FALSE,1077.16,NGN per litre,2026-01-01,TRUE,MEMBER_FILENAME_YEAR_WRONG,2,PMS_Report_JANUARY_2026.zip,PMS_JANUARY_2025.xlsx,Sheet1,34,4,D34
2026-01-01,2026-01-01,STATE,Rivers,Rivers,Rivers,South South,FALSE,1160.91714,NGN per litre,2026-01-01,TRUE,MEMBER_FILENAME_YEAR_WRONG,2,PMS_Report_JANUARY_2026.zip,PMS_JANUARY_2025.xlsx,Sheet1,35,4,D35
2026-01-01,2026-01-01,STATE,Sokoto,Sokoto,Sokoto,North West,FALSE,1019.311709859084,NGN per litre,2026-01-01,TRUE,MEMBER_FILENAME_YEAR_WRONG,2,PMS_Report_JANUARY_2026.zip,PMS_JANUARY_2025.xlsx,Sheet1,36,4,D36
2026-01-01,2026-01-01,STATE,Taraba,Taraba,Taraba,North East,FALSE,1048.410751,NGN per litre,2026-01-01,TRUE,MEMBER_FILENAME_YEAR_WRONG,2,PMS_Report_JANUARY_2026.zip,PMS_JANUARY_2025.xlsx,Sheet1,37,4,D37
2026-01-01,2026-01-01,STATE,Yobe,Yobe,Yobe,North East,FALSE,1050.7736628333334,NGN per litre,2026-01-01,TRUE,MEMBER_FILENAME_YEAR_WRONG,2,PMS_Report_JANUARY_2026.zip,PMS_JANUARY_2025.xlsx,Sheet1,38,4,D38
2026-01-01,2026-01-01,STATE,Zamfara,Zamfara,Zamfara,North West,FALSE,1046.5676961057413,NGN per litre,2026-01-01,TRUE,MEMBER_FILENAME_YEAR_WRONG,2,PMS_Report_JANUARY_2026.zip,PMS_JANUARY_2025.xlsx,Sheet1,39,4,D39
2026-01-01,2026-01-01,ZONE,North Central,North Central,,North Central,TRUE,1042.5799033677183,NGN per litre,Average Price,TRUE,MEMBER_FILENAME_YEAR_WRONG;ZONE_BLOCK_BELOW_STATE_BLOCK,44,PMS_Report_JANUARY_2026.zip,PMS_JANUARY_2025.xlsx,Sheet1,46,2,B46
2026-01-01,2026-01-01,ZONE,North East,North East,,North East,TRUE,1042.1179983362963,NGN per litre,Average Price,TRUE,MEMBER_FILENAME_YEAR_WRONG;ZONE_BLOCK_BELOW_STATE_BLOCK,44,PMS_Report_JANUARY_2026.zip,PMS_JANUARY_2025.xlsx,Sheet1,47,2,B47
2026-01-01,2026-01-01,ZONE,North West,North West,,North West,TRUE,1012.781631371704,NGN per litre,Average Price,TRUE,MEMBER_FILENAME_YEAR_WRONG;ZONE_BLOCK_BELOW_STATE_BLOCK,44,PMS_Report_JANUARY_2026.zip,PMS_JANUARY_2025.xlsx,Sheet1,50,2,B50
2026-01-01,2026-01-01,ZONE,South East,South East,,South East,TRUE,1026.736655442619,NGN per litre,Average Price,TRUE,MEMBER_FILENAME_YEAR_WRONG;ZONE_BLOCK_BELOW_STATE_BLOCK,44,PMS_Report_JANUARY_2026.zip,PMS_JANUARY_2025.xlsx,Sheet1,45,2,B45
2026-01-01,2026-01-01,ZONE,South South,South South,,South South,TRUE,1076.038903832794,NGN per litre,Average Price,TRUE,MEMBER_FILENAME_YEAR_WRONG;ZONE_BLOCK_BELOW_STATE_BLOCK,44,PMS_Report_JANUARY_2026.zip,PMS_JANUARY_2025.xlsx,Sheet1,48,2,B48
2026-01-01,2026-01-01,ZONE,South West,South West,,South West,TRUE,1009.3018050856664,NGN per litre,Average Price,TRUE,MEMBER_FILENAME_YEAR_WRONG;ZONE_BLOCK_BELOW_STATE_BLOCK,44,PMS_Report_JANUARY_2026.zip,PMS_JANUARY_2025.xlsx,Sheet1,49,2,B49
2026-01-01,2026-01-01,NATIONAL,Nigeria,AVERAGE,,,TRUE,1034.7558449707458,NGN per litre,2026-01-01,TRUE,MEMBER_FILENAME_YEAR_WRONG,2,PMS_Report_JANUARY_2026.zip,PMS_JANUARY_2025.xlsx,Sheet1,40,4,D40
2026-02-01,2025-02-01,STATE,Abia,Abia,Abia,South East,FALSE,1272,NGN per litre,2025-02-01,FALSE,,2,PMS_Report_FEBRUARY_2026.zip,PMS_FEBRUARY_ 2026.xlsx,Fuel FEBRUARY 2026,3,2,B3
2026-02-01,2025-02-01,STATE,Abuja,Abuja,Abuja,North Central,FALSE,1166,NGN per litre,2025-02-01,FALSE,,2,PMS_Report_FEBRUARY_2026.zip,PMS_FEBRUARY_ 2026.xlsx,Fuel FEBRUARY 2026,4,2,B4
2026-02-01,2025-02-01,STATE,Adamawa,Adamawa,Adamawa,North East,FALSE,1400,NGN per litre,2025-02-01,FALSE,,2,PMS_Report_FEBRUARY_2026.zip,PMS_FEBRUARY_ 2026.xlsx,Fuel FEBRUARY 2026,5,2,B5
2026-02-01,2025-02-01,STATE,Akwa Ibom,Akwa Ibom,Akwa Ibom,South South,FALSE,1162.5,NGN per litre,2025-02-01,FALSE,,2,PMS_Report_FEBRUARY_2026.zip,PMS_FEBRUARY_ 2026.xlsx,Fuel FEBRUARY 2026,6,2,B6
2026-02-01,2025-02-01,STATE,Anambra,Anambra,Anambra,South East,FALSE,1021.6666666666666,NGN per litre,2025-02-01,FALSE,,2,PMS_Report_FEBRUARY_2026.zip,PMS_FEBRUARY_ 2026.xlsx,Fuel FEBRUARY 2026,7,2,B7
2026-02-01,2025-02-01,STATE,Bauchi,Bauchi,Bauchi,North East,FALSE,1090,NGN per litre,2025-02-01,FALSE,,2,PMS_Report_FEBRUARY_2026.zip,PMS_FEBRUARY_ 2026.xlsx,Fuel FEBRUARY 2026,8,2,B8
2026-02-01,2025-02-01,STATE,Bayelsa,Bayelsa,Bayelsa,South South,FALSE,1000,NGN per litre,2025-02-01,FALSE,,2,PMS_Report_FEBRUARY_2026.zip,PMS_FEBRUARY_ 2026.xlsx,Fuel FEBRUARY 2026,9,2,B9
2026-02-01,2025-02-01,STATE,Benue,Benue,Benue,North Central,FALSE,1450,NGN per litre,2025-02-01,FALSE,,2,PMS_Report_FEBRUARY_2026.zip,PMS_FEBRUARY_ 2026.xlsx,Fuel FEBRUARY 2026,10,2,B10
2026-02-01,2025-02-01,STATE,Borno,Borno,Borno,North East,FALSE,1066.6666666666667,NGN per litre,2025-02-01,FALSE,,2,PMS_Report_FEBRUARY_2026.zip,PMS_FEBRUARY_ 2026.xlsx,Fuel FEBRUARY 2026,11,2,B11
2026-02-01,2025-02-01,STATE,Cross River,Cross River,Cross River,South South,FALSE,1477.7777777777778,NGN per litre,2025-02-01,FALSE,,2,PMS_Report_FEBRUARY_2026.zip,PMS_FEBRUARY_ 2026.xlsx,Fuel FEBRUARY 2026,12,2,B12
2026-02-01,2025-02-01,STATE,Delta,Delta,Delta,South South,FALSE,1131.4285714285713,NGN per litre,2025-02-01,FALSE,,2,PMS_Report_FEBRUARY_2026.zip,PMS_FEBRUARY_ 2026.xlsx,Fuel FEBRUARY 2026,13,2,B13
2026-02-01,2025-02-01,STATE,Ebonyi,Ebonyi,Ebonyi,South East,FALSE,1140,NGN per litre,2025-02-01,FALSE,,2,PMS_Report_FEBRUARY_2026.zip,PMS_FEBRUARY_ 2026.xlsx,Fuel FEBRUARY 2026,14,2,B14
2026-02-01,2025-02-01,STATE,Edo,Edo,Edo,South South,FALSE,1280,NGN per litre,2025-02-01,FALSE,,2,PMS_Report_FEBRUARY_2026.zip,PMS_FEBRUARY_ 2026.xlsx,Fuel FEBRUARY 2026,15,2,B15
2026-02-01,2025-02-01,STATE,Ekiti,Ekiti,Ekiti,South West,FALSE,956.6666666666666,NGN per litre,2025-02-01,FALSE,,2,PMS_Report_FEBRUARY_2026.zip,PMS_FEBRUARY_ 2026.xlsx,Fuel FEBRUARY 2026,16,2,B16
2026-02-01,2025-02-01,STATE,Enugu,Enugu,Enugu,South East,FALSE,1500,NGN per litre,2025-02-01,FALSE,,2,PMS_Report_FEBRUARY_2026.zip,PMS_FEBRUARY_ 2026.xlsx,Fuel FEBRUARY 2026,17,2,B17
2026-02-01,2025-02-01,STATE,Gombe,Gombe,Gombe,North East,FALSE,1093.3333333333333,NGN per litre,2025-02-01,FALSE,,2,PMS_Report_FEBRUARY_2026.zip,PMS_FEBRUARY_ 2026.xlsx,Fuel FEBRUARY 2026,18,2,B18
2026-02-01,2025-02-01,STATE,Imo,Imo,Imo,South East,FALSE,1500,NGN per litre,2025-02-01,FALSE,,2,PMS_Report_FEBRUARY_2026.zip,PMS_FEBRUARY_ 2026.xlsx,Fuel FEBRUARY 2026,19,2,B19
2026-02-01,2025-02-01,STATE,Jigawa,Jigawa,Jigawa,North West,FALSE,1730,NGN per litre,2025-02-01,FALSE,,2,PMS_Report_FEBRUARY_2026.zip,PMS_FEBRUARY_ 2026.xlsx,Fuel FEBRUARY 2026,20,2,B20
2026-02-01,2025-02-01,STATE,Kaduna,Kaduna,Kaduna,North West,FALSE,1660,NGN per litre,2025-02-01,FALSE,,2,PMS_Report_FEBRUARY_2026.zip,PMS_FEBRUARY_ 2026.xlsx,Fuel FEBRUARY 2026,21,2,B21
2026-02-01,2025-02-01,STATE,Kano,Kano,Kano,North West,FALSE,1587.5,NGN per litre,2025-02-01,FALSE,,2,PMS_Report_FEBRUARY_2026.zip,PMS_FEBRUARY_ 2026.xlsx,Fuel FEBRUARY 2026,22,2,B22
2026-02-01,2025-02-01,STATE,Katsina,Katsina,Katsina,North West,FALSE,1436.1111111666667,NGN per litre,2025-02-01,FALSE,,2,PMS_Report_FEBRUARY_2026.zip,PMS_FEBRUARY_ 2026.xlsx,Fuel FEBRUARY 2026,23,2,B23
2026-02-01,2025-02-01,STATE,Kebbi,Kebbi,Kebbi,North West,FALSE,1090,NGN per litre,2025-02-01,FALSE,,2,PMS_Report_FEBRUARY_2026.zip,PMS_FEBRUARY_ 2026.xlsx,Fuel FEBRUARY 2026,24,2,B24
2026-02-01,2025-02-01,STATE,Kogi,Kogi,Kogi,North Central,FALSE,1221.4285714285713,NGN per litre,2025-02-01,FALSE,,2,PMS_Report_FEBRUARY_2026.zip,PMS_FEBRUARY_ 2026.xlsx,Fuel FEBRUARY 2026,25,2,B25
2026-02-01,2025-02-01,STATE,Kwara,Kwara,Kwara,North Central,FALSE,1070,NGN per litre,2025-02-01,FALSE,,2,PMS_Report_FEBRUARY_2026.zip,PMS_FEBRUARY_ 2026.xlsx,Fuel FEBRUARY 2026,26,2,B26
2026-02-01,2025-02-01,STATE,Lagos,Lagos,Lagos,South West,FALSE,975.5555555555555,NGN per litre,2025-02-01,FALSE,,2,PMS_Report_FEBRUARY_2026.zip,PMS_FEBRUARY_ 2026.xlsx,Fuel FEBRUARY 2026,27,2,B27
2026-02-01,2025-02-01,STATE,Nasarawa,Nasarawa,Nasarawa,North Central,FALSE,1285.5413192,NGN per litre,2025-02-01,FALSE,,2,PMS_Report_FEBRUARY_2026.zip,PMS_FEBRUARY_ 2026.xlsx,Fuel FEBRUARY 2026,28,2,B28
2026-02-01,2025-02-01,STATE,Niger,Niger,Niger,North Central,FALSE,1386.686215,NGN per litre,2025-02-01,FALSE,,2,PMS_Report_FEBRUARY_2026.zip,PMS_FEBRUARY_ 2026.xlsx,Fuel FEBRUARY 2026,29,2,B29
2026-02-01,2025-02-01,STATE,Ogun,Ogun,Ogun,South West,FALSE,1105,NGN per litre,2025-02-01,FALSE,,2,PMS_Report_FEBRUARY_2026.zip,PMS_FEBRUARY_ 2026.xlsx,Fuel FEBRUARY 2026,30,2,B30
2026-02-01,2025-02-01,STATE,Ondo,Ondo,Ondo,South West,FALSE,1005.5571428999999,NGN per litre,2025-02-01,FALSE,,2,PMS_Report_FEBRUARY_2026.zip,PMS_FEBRUARY_ 2026.xlsx,Fuel FEBRUARY 2026,31,2,B31
2026-02-01,2025-02-01,STATE,Osun,Osun,Osun,South West,FALSE,972.5,NGN per litre,2025-02-01,FALSE,,2,PMS_Report_FEBRUARY_2026.zip,PMS_FEBRUARY_ 2026.xlsx,Fuel FEBRUARY 2026,32,2,B32
2026-02-01,2025-02-01,STATE,Oyo,Oyo,Oyo,South West,FALSE,956.6666666666666,NGN per litre,2025-02-01,FALSE,,2,PMS_Report_FEBRUARY_2026.zip,PMS_FEBRUARY_ 2026.xlsx,Fuel FEBRUARY 2026,33,2,B33
2026-02-01,2025-02-01,STATE,Plateau,Plateau,Plateau,North Central,FALSE,1446.992215,NGN per litre,2025-02-01,FALSE,,2,PMS_Report_FEBRUARY_2026.zip,PMS_FEBRUARY_ 2026.xlsx,Fuel FEBRUARY 2026,34,2,B34
2026-02-01,2025-02-01,STATE,Rivers,Rivers,Rivers,South South,FALSE,1131.111111111111,NGN per litre,2025-02-01,FALSE,,2,PMS_Report_FEBRUARY_2026.zip,PMS_FEBRUARY_ 2026.xlsx,Fuel FEBRUARY 2026,35,2,B35
2026-02-01,2025-02-01,STATE,Sokoto,Sokoto,Sokoto,North West,FALSE,1680,NGN per litre,2025-02-01,FALSE,,2,PMS_Report_FEBRUARY_2026.zip,PMS_FEBRUARY_ 2026.xlsx,Fuel FEBRUARY 2026,36,2,B36
2026-02-01,2025-02-01,STATE,Taraba,Taraba,Taraba,North East,FALSE,1366.6666666666667,NGN per litre,2025-02-01,FALSE,,2,PMS_Report_FEBRUARY_2026.zip,PMS_FEBRUARY_ 2026.xlsx,Fuel FEBRUARY 2026,37,2,B37
2026-02-01,2025-02-01,STATE,Yobe,Yobe,Yobe,North East,FALSE,1075,NGN per litre,2025-02-01,FALSE,,2,PMS_Report_FEBRUARY_2026.zip,PMS_FEBRUARY_ 2026.xlsx,Fuel FEBRUARY 2026,38,2,B38
2026-02-01,2025-02-01,STATE,Zamfara,Zamfara,Zamfara,North West,FALSE,1204.28571428571,NGN per litre,2025-02-01,FALSE,,2,PMS_Report_FEBRUARY_2026.zip,PMS_FEBRUARY_ 2026.xlsx,Fuel FEBRUARY 2026,39,2,B39
2026-02-01,2025-02-01,NATIONAL,Nigeria,AVERAGE,,,TRUE,1245.8011343654223,NGN per litre,2025-02-01,FALSE,,2,PMS_Report_FEBRUARY_2026.zip,PMS_FEBRUARY_ 2026.xlsx,Fuel FEBRUARY 2026,40,2,B40
2026-02-01,2026-01-01,STATE,Abia,Abia,Abia,South East,FALSE,1054.25,NGN per litre,2026-01-01,FALSE,,2,PMS_Report_FEBRUARY_2026.zip,PMS_FEBRUARY_ 2026.xlsx,Fuel FEBRUARY 2026,3,3,C3
2026-02-01,2026-01-01,STATE,Abuja,Abuja,Abuja,North Central,FALSE,959.6112916666667,NGN per litre,2026-01-01,FALSE,,2,PMS_Report_FEBRUARY_2026.zip,PMS_FEBRUARY_ 2026.xlsx,Fuel FEBRUARY 2026,4,3,C4
2026-02-01,2026-01-01,STATE,Adamawa,Adamawa,Adamawa,North East,FALSE,1090.1947916666668,NGN per litre,2026-01-01,FALSE,,2,PMS_Report_FEBRUARY_2026.zip,PMS_FEBRUARY_ 2026.xlsx,Fuel FEBRUARY 2026,5,3,C5
2026-02-01,2026-01-01,STATE,Akwa Ibom,Akwa Ibom,Akwa Ibom,South South,FALSE,1112.7822536091116,NGN per litre,2026-01-01,FALSE,,2,PMS_Report_FEBRUARY_2026.zip,PMS_FEBRUARY_ 2026.xlsx,Fuel FEBRUARY 2026,6,3,C6
2026-02-01,2026-01-01,STATE,Anambra,Anambra,Anambra,South East,FALSE,980.79375,NGN per litre,2026-01-01,FALSE,,2,PMS_Report_FEBRUARY_2026.zip,PMS_FEBRUARY_ 2026.xlsx,Fuel FEBRUARY 2026,7,3,C7
2026-02-01,2026-01-01,STATE,Bauchi,Bauchi,Bauchi,North East,FALSE,967.0061055555556,NGN per litre,2026-01-01,FALSE,,2,PMS_Report_FEBRUARY_2026.zip,PMS_FEBRUARY_ 2026.xlsx,Fuel FEBRUARY 2026,8,3,C8
2026-02-01,2026-01-01,STATE,Bayelsa,Bayelsa,Bayelsa,South South,FALSE,968.8875,NGN per litre,2026-01-01,FALSE,,2,PMS_Report_FEBRUARY_2026.zip,PMS_FEBRUARY_ 2026.xlsx,Fuel FEBRUARY 2026,9,3,C9
2026-02-01,2026-01-01,STATE,Benue,Benue,Benue,North Central,FALSE,1059.49,NGN per litre,2026-01-01,FALSE,,2,PMS_Report_FEBRUARY_2026.zip,PMS_FEBRUARY_ 2026.xlsx,Fuel FEBRUARY 2026,10,3,C10
2026-02-01,2026-01-01,STATE,Borno,Borno,Borno,North East,FALSE,1079.5,NGN per litre,2026-01-01,FALSE,,2,PMS_Report_FEBRUARY_2026.zip,PMS_FEBRUARY_ 2026.xlsx,Fuel FEBRUARY 2026,11,3,C11
2026-02-01,2026-01-01,STATE,Cross River,Cross River,Cross River,South South,FALSE,1171.765185114841,NGN per litre,2026-01-01,FALSE,,2,PMS_Report_FEBRUARY_2026.zip,PMS_FEBRUARY_ 2026.xlsx,Fuel FEBRUARY 2026,12,3,C12
2026-02-01,2026-01-01,STATE,Delta,Delta,Delta,South South,FALSE,1012.4313442728118,NGN per litre,2026-01-01,FALSE,,2,PMS_Report_FEBRUARY_2026.zip,PMS_FEBRUARY_ 2026.xlsx,Fuel FEBRUARY 2026,13,3,C13
2026-02-01,2026-01-01,STATE,Ebonyi,Ebonyi,Ebonyi,South East,FALSE,1065.8506714285716,NGN per litre,2026-01-01,FALSE,,2,PMS_Report_FEBRUARY_2026.zip,PMS_FEBRUARY_ 2026.xlsx,Fuel FEBRUARY 2026,14,3,C14
2026-02-01,2026-01-01,STATE,Edo,Edo,Edo,South South,FALSE,1029.45,NGN per litre,2026-01-01,FALSE,,2,PMS_Report_FEBRUARY_2026.zip,PMS_FEBRUARY_ 2026.xlsx,Fuel FEBRUARY 2026,15,3,C15
2026-02-01,2026-01-01,STATE,Ekiti,Ekiti,Ekiti,South West,FALSE,946.9009096787142,NGN per litre,2026-01-01,FALSE,,2,PMS_Report_FEBRUARY_2026.zip,PMS_FEBRUARY_ 2026.xlsx,Fuel FEBRUARY 2026,16,3,C16
2026-02-01,2026-01-01,STATE,Enugu,Enugu,Enugu,South East,FALSE,946.9161666666665,NGN per litre,2026-01-01,FALSE,,2,PMS_Report_FEBRUARY_2026.zip,PMS_FEBRUARY_ 2026.xlsx,Fuel FEBRUARY 2026,17,3,C17
2026-02-01,2026-01-01,STATE,Gombe,Gombe,Gombe,North East,FALSE,1016.8226789622222,NGN per litre,2026-01-01,FALSE,,2,PMS_Report_FEBRUARY_2026.zip,PMS_FEBRUARY_ 2026.xlsx,Fuel FEBRUARY 2026,18,3,C18
2026-02-01,2026-01-01,STATE,Imo,Imo,Imo,South East,FALSE,1085.8726891178571,NGN per litre,2026-01-01,FALSE,,2,PMS_Report_FEBRUARY_2026.zip,PMS_FEBRUARY_ 2026.xlsx,Fuel FEBRUARY 2026,19,3,C19
2026-02-01,2026-01-01,STATE,Jigawa,Jigawa,Jigawa,North West,FALSE,983.4598328561914,NGN per litre,2026-01-01,FALSE,,2,PMS_Report_FEBRUARY_2026.zip,PMS_FEBRUARY_ 2026.xlsx,Fuel FEBRUARY 2026,20,3,C20
2026-02-01,2026-01-01,STATE,Kaduna,Kaduna,Kaduna,North West,FALSE,947,NGN per litre,2026-01-01,FALSE,,2,PMS_Report_FEBRUARY_2026.zip,PMS_FEBRUARY_ 2026.xlsx,Fuel FEBRUARY 2026,21,3,C21
2026-02-01,2026-01-01,STATE,Kano,Kano,Kano,North West,FALSE,1014.3976810673672,NGN per litre,2026-01-01,FALSE,,2,PMS_Report_FEBRUARY_2026.zip,PMS_FEBRUARY_ 2026.xlsx,Fuel FEBRUARY 2026,22,3,C22
2026-02-01,2026-01-01,STATE,Katsina,Katsina,Katsina,North West,FALSE,1035.8349583333334,NGN per litre,2026-01-01,FALSE,,2,PMS_Report_FEBRUARY_2026.zip,PMS_FEBRUARY_ 2026.xlsx,Fuel FEBRUARY 2026,23,3,C23
2026-02-01,2026-01-01,STATE,Kebbi,Kebbi,Kebbi,North West,FALSE,1042.89954138021,NGN per litre,2026-01-01,FALSE,,2,PMS_Report_FEBRUARY_2026.zip,PMS_FEBRUARY_ 2026.xlsx,Fuel FEBRUARY 2026,24,3,C24
2026-02-01,2026-01-01,STATE,Kogi,Kogi,Kogi,North Central,FALSE,960,NGN per litre,2026-01-01,FALSE,,2,PMS_Report_FEBRUARY_2026.zip,PMS_FEBRUARY_ 2026.xlsx,Fuel FEBRUARY 2026,25,3,C25
2026-02-01,2026-01-01,STATE,Kwara,Kwara,Kwara,North Central,FALSE,1109.1572490111942,NGN per litre,2026-01-01,FALSE,,2,PMS_Report_FEBRUARY_2026.zip,PMS_FEBRUARY_ 2026.xlsx,Fuel FEBRUARY 2026,26,3,C26
2026-02-01,2026-01-01,STATE,Lagos,Lagos,Lagos,South West,FALSE,1026.10526907287,NGN per litre,2026-01-01,FALSE,,2,PMS_Report_FEBRUARY_2026.zip,PMS_FEBRUARY_ 2026.xlsx,Fuel FEBRUARY 2026,27,3,C27
2026-02-01,2026-01-01,STATE,Nasarawa,Nasarawa,Nasarawa,North Central,FALSE,1149.1342781461683,NGN per litre,2026-01-01,FALSE,,2,PMS_Report_FEBRUARY_2026.zip,PMS_FEBRUARY_ 2026.xlsx,Fuel FEBRUARY 2026,28,3,C28
2026-02-01,2026-01-01,STATE,Niger,Niger,Niger,North Central,FALSE,983.50650475,NGN per litre,2026-01-01,FALSE,,2,PMS_Report_FEBRUARY_2026.zip,PMS_FEBRUARY_ 2026.xlsx,Fuel FEBRUARY 2026,29,3,C29
2026-02-01,2026-01-01,STATE,Ogun,Ogun,Ogun,South West,FALSE,995.6577064402363,NGN per litre,2026-01-01,FALSE,,2,PMS_Report_FEBRUARY_2026.zip,PMS_FEBRUARY_ 2026.xlsx,Fuel FEBRUARY 2026,30,3,C30
2026-02-01,2026-01-01,STATE,Ondo,Ondo,Ondo,South West,FALSE,1036.6688796505362,NGN per litre,2026-01-01,FALSE,,2,PMS_Report_FEBRUARY_2026.zip,PMS_FEBRUARY_ 2026.xlsx,Fuel FEBRUARY 2026,31,3,C31
2026-02-01,2026-01-01,STATE,Osun,Osun,Osun,South West,FALSE,1037.3764624716425,NGN per litre,2026-01-01,FALSE,,2,PMS_Report_FEBRUARY_2026.zip,PMS_FEBRUARY_ 2026.xlsx,Fuel FEBRUARY 2026,32,3,C32
2026-02-01,2026-01-01,STATE,Oyo,Oyo,Oyo,South West,FALSE,1013.1016032,NGN per litre,2026-01-01,FALSE,,2,PMS_Report_FEBRUARY_2026.zip,PMS_FEBRUARY_ 2026.xlsx,Fuel FEBRUARY 2026,33,3,C33
2026-02-01,2026-01-01,STATE,Plateau,Plateau,Plateau,North Central,FALSE,1077.16,NGN per litre,2026-01-01,FALSE,,2,PMS_Report_FEBRUARY_2026.zip,PMS_FEBRUARY_ 2026.xlsx,Fuel FEBRUARY 2026,34,3,C34
2026-02-01,2026-01-01,STATE,Rivers,Rivers,Rivers,South South,FALSE,1160.91714,NGN per litre,2026-01-01,FALSE,,2,PMS_Report_FEBRUARY_2026.zip,PMS_FEBRUARY_ 2026.xlsx,Fuel FEBRUARY 2026,35,3,C35
2026-02-01,2026-01-01,STATE,Sokoto,Sokoto,Sokoto,North West,FALSE,1019.311709859084,NGN per litre,2026-01-01,FALSE,,2,PMS_Report_FEBRUARY_2026.zip,PMS_FEBRUARY_ 2026.xlsx,Fuel FEBRUARY 2026,36,3,C36
2026-02-01,2026-01-01,STATE,Taraba,Taraba,Taraba,North East,FALSE,1048.410751,NGN per litre,2026-01-01,FALSE,,2,PMS_Report_FEBRUARY_2026.zip,PMS_FEBRUARY_ 2026.xlsx,Fuel FEBRUARY 2026,37,3,C37
2026-02-01,2026-01-01,STATE,Yobe,Yobe,Yobe,North East,FALSE,1050.7736628333334,NGN per litre,2026-01-01,FALSE,,2,PMS_Report_FEBRUARY_2026.zip,PMS_FEBRUARY_ 2026.xlsx,Fuel FEBRUARY 2026,38,3,C38
2026-02-01,2026-01-01,STATE,Zamfara,Zamfara,Zamfara,North West,FALSE,1046.5676961057413,NGN per litre,2026-01-01,FALSE,,2,PMS_Report_FEBRUARY_2026.zip,PMS_FEBRUARY_ 2026.xlsx,Fuel FEBRUARY 2026,39,3,C39
2026-02-01,2026-01-01,NATIONAL,Nigeria,AVERAGE,,,TRUE,1034.7558449707458,NGN per litre,2026-01-01,FALSE,,2,PMS_Report_FEBRUARY_2026.zip,PMS_FEBRUARY_ 2026.xlsx,Fuel FEBRUARY 2026,40,3,C40
2026-02-01,2026-02-01,STATE,Abia,Abia,Abia,South East,FALSE,1095.1941456475688,NGN per litre,2026-02-01,TRUE,,2,PMS_Report_FEBRUARY_2026.zip,PMS_FEBRUARY_ 2026.xlsx,Fuel FEBRUARY 2026,3,4,D3
2026-02-01,2026-02-01,STATE,Abuja,Abuja,Abuja,North Central,FALSE,1006.32984760697,NGN per litre,2026-02-01,TRUE,,2,PMS_Report_FEBRUARY_2026.zip,PMS_FEBRUARY_ 2026.xlsx,Fuel FEBRUARY 2026,4,4,D4
2026-02-01,2026-02-01,STATE,Adamawa,Adamawa,Adamawa,North East,FALSE,1096.6324641309066,NGN per litre,2026-02-01,TRUE,,2,PMS_Report_FEBRUARY_2026.zip,PMS_FEBRUARY_ 2026.xlsx,Fuel FEBRUARY 2026,5,4,D5
2026-02-01,2026-02-01,STATE,Akwa Ibom,Akwa Ibom,Akwa Ibom,South South,FALSE,1109.4363411565614,NGN per litre,2026-02-01,TRUE,,2,PMS_Report_FEBRUARY_2026.zip,PMS_FEBRUARY_ 2026.xlsx,Fuel FEBRUARY 2026,6,4,D6
2026-02-01,2026-02-01,STATE,Anambra,Anambra,Anambra,South East,FALSE,1077.5079924242414,NGN per litre,2026-02-01,TRUE,,2,PMS_Report_FEBRUARY_2026.zip,PMS_FEBRUARY_ 2026.xlsx,Fuel FEBRUARY 2026,7,4,D7
2026-02-01,2026-02-01,STATE,Bauchi,Bauchi,Bauchi,North East,FALSE,1005.45175870677,NGN per litre,2026-02-01,TRUE,,2,PMS_Report_FEBRUARY_2026.zip,PMS_FEBRUARY_ 2026.xlsx,Fuel FEBRUARY 2026,8,4,D8
2026-02-01,2026-02-01,STATE,Bayelsa,Bayelsa,Bayelsa,South South,FALSE,1050.0275,NGN per litre,2026-02-01,TRUE,,2,PMS_Report_FEBRUARY_2026.zip,PMS_FEBRUARY_ 2026.xlsx,Fuel FEBRUARY 2026,9,4,D9
2026-02-01,2026-02-01,STATE,Benue,Benue,Benue,North Central,FALSE,1069.39713619258,NGN per litre,2026-02-01,TRUE,,2,PMS_Report_FEBRUARY_2026.zip,PMS_FEBRUARY_ 2026.xlsx,Fuel FEBRUARY 2026,10,4,D10
2026-02-01,2026-02-01,STATE,Borno,Borno,Borno,North East,FALSE,1108.0850239171796,NGN per litre,2026-02-01,TRUE,,2,PMS_Report_FEBRUARY_2026.zip,PMS_FEBRUARY_ 2026.xlsx,Fuel FEBRUARY 2026,11,4,D11
2026-02-01,2026-02-01,STATE,Cross River,Cross River,Cross River,South South,FALSE,1068.606344432329,NGN per litre,2026-02-01,TRUE,,2,PMS_Report_FEBRUARY_2026.zip,PMS_FEBRUARY_ 2026.xlsx,Fuel FEBRUARY 2026,12,4,D12
2026-02-01,2026-02-01,STATE,Delta,Delta,Delta,South South,FALSE,1023.8071483574723,NGN per litre,2026-02-01,TRUE,,2,PMS_Report_FEBRUARY_2026.zip,PMS_FEBRUARY_ 2026.xlsx,Fuel FEBRUARY 2026,13,4,D13
2026-02-01,2026-02-01,STATE,Ebonyi,Ebonyi,Ebonyi,South East,FALSE,1095.6565671715173,NGN per litre,2026-02-01,TRUE,,2,PMS_Report_FEBRUARY_2026.zip,PMS_FEBRUARY_ 2026.xlsx,Fuel FEBRUARY 2026,14,4,D14
2026-02-01,2026-02-01,STATE,Edo,Edo,Edo,South South,FALSE,1055.34,NGN per litre,2026-02-01,TRUE,,2,PMS_Report_FEBRUARY_2026.zip,PMS_FEBRUARY_ 2026.xlsx,Fuel FEBRUARY 2026,15,4,D15
2026-02-01,2026-02-01,STATE,Ekiti,Ekiti,Ekiti,South West,FALSE,1015.7126408420496,NGN per litre,2026-02-01,TRUE,,2,PMS_Report_FEBRUARY_2026.zip,PMS_FEBRUARY_ 2026.xlsx,Fuel FEBRUARY 2026,16,4,D16
2026-02-01,2026-02-01,STATE,Enugu,Enugu,Enugu,South East,FALSE,1008.79651891057,NGN per litre,2026-02-01,TRUE,,2,PMS_Report_FEBRUARY_2026.zip,PMS_FEBRUARY_ 2026.xlsx,Fuel FEBRUARY 2026,17,4,D17
2026-02-01,2026-02-01,STATE,Gombe,Gombe,Gombe,North East,FALSE,1106.04498805365,NGN per litre,2026-02-01,TRUE,,2,PMS_Report_FEBRUARY_2026.zip,PMS_FEBRUARY_ 2026.xlsx,Fuel FEBRUARY 2026,18,4,D18
2026-02-01,2026-02-01,STATE,Imo,Imo,Imo,South East,FALSE,1016.586025415284,NGN per litre,2026-02-01,TRUE,,2,PMS_Report_FEBRUARY_2026.zip,PMS_FEBRUARY_ 2026.xlsx,Fuel FEBRUARY 2026,19,4,D19
2026-02-01,2026-02-01,STATE,Jigawa,Jigawa,Jigawa,North West,FALSE,1068.9572309156815,NGN per litre,2026-02-01,TRUE,,2,PMS_Report_FEBRUARY_2026.zip,PMS_FEBRUARY_ 2026.xlsx,Fuel FEBRUARY 2026,20,4,D20
2026-02-01,2026-02-01,STATE,Kaduna,Kaduna,Kaduna,North West,FALSE,1000.0666666666666,NGN per litre,2026-02-01,TRUE,,2,PMS_Report_FEBRUARY_2026.zip,PMS_FEBRUARY_ 2026.xlsx,Fuel FEBRUARY 2026,21,4,D21
2026-02-01,2026-02-01,STATE,Kano,Kano,Kano,North West,FALSE,1032.4446482783387,NGN per litre,2026-02-01,TRUE,,2,PMS_Report_FEBRUARY_2026.zip,PMS_FEBRUARY_ 2026.xlsx,Fuel FEBRUARY 2026,22,4,D22
2026-02-01,2026-02-01,STATE,Katsina,Katsina,Katsina,North West,FALSE,1009.56085349024,NGN per litre,2026-02-01,TRUE,,2,PMS_Report_FEBRUARY_2026.zip,PMS_FEBRUARY_ 2026.xlsx,Fuel FEBRUARY 2026,23,4,D23
2026-02-01,2026-02-01,STATE,Kebbi,Kebbi,Kebbi,North West,FALSE,1047.7039807835356,NGN per litre,2026-02-01,TRUE,,2,PMS_Report_FEBRUARY_2026.zip,PMS_FEBRUARY_ 2026.xlsx,Fuel FEBRUARY 2026,24,4,D24
2026-02-01,2026-02-01,STATE,Kogi,Kogi,Kogi,North Central,FALSE,1002,NGN per litre,2026-02-01,TRUE,,2,PMS_Report_FEBRUARY_2026.zip,PMS_FEBRUARY_ 2026.xlsx,Fuel FEBRUARY 2026,25,4,D25
2026-02-01,2026-02-01,STATE,Kwara,Kwara,Kwara,North Central,FALSE,1064.6276672387444,NGN per litre,2026-02-01,TRUE,,2,PMS_Report_FEBRUARY_2026.zip,PMS_FEBRUARY_ 2026.xlsx,Fuel FEBRUARY 2026,26,4,D26
2026-02-01,2026-02-01,STATE,Lagos,Lagos,Lagos,South West,FALSE,966.6096519306284,NGN per litre,2026-02-01,TRUE,,2,PMS_Report_FEBRUARY_2026.zip,PMS_FEBRUARY_ 2026.xlsx,Fuel FEBRUARY 2026,27,4,D27
2026-02-01,2026-02-01,STATE,Nasarawa,Nasarawa,Nasarawa,North Central,FALSE,1042.6815218774004,NGN per litre,2026-02-01,TRUE,,2,PMS_Report_FEBRUARY_2026.zip,PMS_FEBRUARY_ 2026.xlsx,Fuel FEBRUARY 2026,28,4,D28
2026-02-01,2026-02-01,STATE,Niger,Niger,Niger,North Central,FALSE,1072.6494935481323,NGN per litre,2026-02-01,TRUE,,2,PMS_Report_FEBRUARY_2026.zip,PMS_FEBRUARY_ 2026.xlsx,Fuel FEBRUARY 2026,29,4,D29
2026-02-01,2026-02-01,STATE,Ogun,Ogun,Ogun,South West,FALSE,1029.6665876407706,NGN per litre,2026-02-01,TRUE,,2,PMS_Report_FEBRUARY_2026.zip,PMS_FEBRUARY_ 2026.xlsx,Fuel FEBRUARY 2026,30,4,D30
2026-02-01,2026-02-01,STATE,Ondo,Ondo,Ondo,South West,FALSE,1071.564452689861,NGN per litre,2026-02-01,TRUE,,2,PMS_Report_FEBRUARY_2026.zip,PMS_FEBRUARY_ 2026.xlsx,Fuel FEBRUARY 2026,31,4,D31
2026-02-01,2026-02-01,STATE,Osun,Osun,Osun,South West,FALSE,1086.361315942425,NGN per litre,2026-02-01,TRUE,,2,PMS_Report_FEBRUARY_2026.zip,PMS_FEBRUARY_ 2026.xlsx,Fuel FEBRUARY 2026,32,4,D32
2026-02-01,2026-02-01,STATE,Oyo,Oyo,Oyo,South West,FALSE,973.448729627903,NGN per litre,2026-02-01,TRUE,,2,PMS_Report_FEBRUARY_2026.zip,PMS_FEBRUARY_ 2026.xlsx,Fuel FEBRUARY 2026,33,4,D33
2026-02-01,2026-02-01,STATE,Plateau,Plateau,Plateau,North Central,FALSE,1051.727557265312,NGN per litre,2026-02-01,TRUE,,2,PMS_Report_FEBRUARY_2026.zip,PMS_FEBRUARY_ 2026.xlsx,Fuel FEBRUARY 2026,34,4,D34
2026-02-01,2026-02-01,STATE,Rivers,Rivers,Rivers,South South,FALSE,1030.7429628275222,NGN per litre,2026-02-01,TRUE,,2,PMS_Report_FEBRUARY_2026.zip,PMS_FEBRUARY_ 2026.xlsx,Fuel FEBRUARY 2026,35,4,D35
2026-02-01,2026-02-01,STATE,Sokoto,Sokoto,Sokoto,North West,FALSE,1116.8115997626,NGN per litre,2026-02-01,TRUE,,2,PMS_Report_FEBRUARY_2026.zip,PMS_FEBRUARY_ 2026.xlsx,Fuel FEBRUARY 2026,36,4,D36
2026-02-01,2026-02-01,STATE,Taraba,Taraba,Taraba,North East,FALSE,1055.4908480870617,NGN per litre,2026-02-01,TRUE,,2,PMS_Report_FEBRUARY_2026.zip,PMS_FEBRUARY_ 2026.xlsx,Fuel FEBRUARY 2026,37,4,D37
2026-02-01,2026-02-01,STATE,Yobe,Yobe,Yobe,North East,FALSE,1134.7317862777957,NGN per litre,2026-02-01,TRUE,,2,PMS_Report_FEBRUARY_2026.zip,PMS_FEBRUARY_ 2026.xlsx,Fuel FEBRUARY 2026,38,4,D38
2026-02-01,2026-02-01,STATE,Zamfara,Zamfara,Zamfara,North West,FALSE,1038.0130892545455,NGN per litre,2026-02-01,TRUE,,2,PMS_Report_FEBRUARY_2026.zip,PMS_FEBRUARY_ 2026.xlsx,Fuel FEBRUARY 2026,39,4,D39
2026-02-01,2026-02-01,ZONE,North Central,North Central,,North Central,TRUE,1044.2018891041628,NGN per litre,Average Price,TRUE,,2,PMS_Report_FEBRUARY_2026.zip,PMS_FEBRUARY_ 2026.xlsx,Fuel FEBRUARY 2026,4,7,G4
2026-02-01,2026-02-01,ZONE,North East,North East,,North East,TRUE,1084.4061448622272,NGN per litre,Average Price,TRUE,,2,PMS_Report_FEBRUARY_2026.zip,PMS_FEBRUARY_ 2026.xlsx,Fuel FEBRUARY 2026,5,7,G5
2026-02-01,2026-02-01,ZONE,North West,North West,,North West,TRUE,1044.794009878801,NGN per litre,Average Price,TRUE,,2,PMS_Report_FEBRUARY_2026.zip,PMS_FEBRUARY_ 2026.xlsx,Fuel FEBRUARY 2026,8,7,G8
2026-02-01,2026-02-01,ZONE,South East,South East,,South East,TRUE,1058.7482499138364,NGN per litre,Average Price,TRUE,,2,PMS_Report_FEBRUARY_2026.zip,PMS_FEBRUARY_ 2026.xlsx,Fuel FEBRUARY 2026,3,7,G3
2026-02-01,2026-02-01,ZONE,South South,South South,,South South,TRUE,1056.3267161289807,NGN per litre,Average Price,TRUE,,2,PMS_Report_FEBRUARY_2026.zip,PMS_FEBRUARY_ 2026.xlsx,Fuel FEBRUARY 2026,6,7,G6
2026-02-01,2026-02-01,ZONE,South West,South West,,South West,TRUE,1023.8938964456062,NGN per litre,Average Price,TRUE,,2,PMS_Report_FEBRUARY_2026.zip,PMS_FEBRUARY_ 2026.xlsx,Fuel FEBRUARY 2026,7,7,G7
2026-02-01,2026-02-01,NATIONAL,Nigeria,AVERAGE,,,TRUE,1051.4722455965084,NGN per litre,2026-02-01,TRUE,,2,PMS_Report_FEBRUARY_2026.zip,PMS_FEBRUARY_ 2026.xlsx,Fuel FEBRUARY 2026,40,4,D40
2026-03-01,2025-03-01,STATE,Abia,Abia,Abia,South East,FALSE,1305,NGN per litre,2025-03-01,FALSE,,15,PMS_Report_MARCH_2026.zip,PMS_March_ 2026.xlsx,Fuel MARCH 2026,16,2,B16
2026-03-01,2025-03-01,STATE,Abuja,Abuja,Abuja,North Central,FALSE,1149.4146,NGN per litre,2025-03-01,FALSE,,15,PMS_Report_MARCH_2026.zip,PMS_March_ 2026.xlsx,Fuel MARCH 2026,17,2,B17
2026-03-01,2025-03-01,STATE,Adamawa,Adamawa,Adamawa,North East,FALSE,1400,NGN per litre,2025-03-01,FALSE,,15,PMS_Report_MARCH_2026.zip,PMS_March_ 2026.xlsx,Fuel MARCH 2026,18,2,B18
2026-03-01,2025-03-01,STATE,Akwa Ibom,Akwa Ibom,Akwa Ibom,South South,FALSE,1184.05625,NGN per litre,2025-03-01,FALSE,,15,PMS_Report_MARCH_2026.zip,PMS_March_ 2026.xlsx,Fuel MARCH 2026,19,2,B19
2026-03-01,2025-03-01,STATE,Anambra,Anambra,Anambra,South East,FALSE,1142.44883333333,NGN per litre,2025-03-01,FALSE,,15,PMS_Report_MARCH_2026.zip,PMS_March_ 2026.xlsx,Fuel MARCH 2026,20,2,B20
2026-03-01,2025-03-01,STATE,Bauchi,Bauchi,Bauchi,North East,FALSE,1125.549,NGN per litre,2025-03-01,FALSE,,15,PMS_Report_MARCH_2026.zip,PMS_March_ 2026.xlsx,Fuel MARCH 2026,21,2,B21
2026-03-01,2025-03-01,STATE,Bayelsa,Bayelsa,Bayelsa,South South,FALSE,1000,NGN per litre,2025-03-01,FALSE,,15,PMS_Report_MARCH_2026.zip,PMS_March_ 2026.xlsx,Fuel MARCH 2026,22,2,B22
2026-03-01,2025-03-01,STATE,Benue,Benue,Benue,North Central,FALSE,1451.69333333333,NGN per litre,2025-03-01,FALSE,,15,PMS_Report_MARCH_2026.zip,PMS_March_ 2026.xlsx,Fuel MARCH 2026,23,2,B23
2026-03-01,2025-03-01,STATE,Borno,Borno,Borno,North East,FALSE,1138.7,NGN per litre,2025-03-01,FALSE,,15,PMS_Report_MARCH_2026.zip,PMS_March_ 2026.xlsx,Fuel MARCH 2026,24,2,B24
2026-03-01,2025-03-01,STATE,Cross River,Cross River,Cross River,South South,FALSE,1563.86388888889,NGN per litre,2025-03-01,FALSE,,15,PMS_Report_MARCH_2026.zip,PMS_March_ 2026.xlsx,Fuel MARCH 2026,25,2,B25
2026-03-01,2025-03-01,STATE,Delta,Delta,Delta,South South,FALSE,1175.93028571429,NGN per litre,2025-03-01,FALSE,,15,PMS_Report_MARCH_2026.zip,PMS_March_ 2026.xlsx,Fuel MARCH 2026,26,2,B26
2026-03-01,2025-03-01,STATE,Ebonyi,Ebonyi,Ebonyi,South East,FALSE,1186.354,NGN per litre,2025-03-01,FALSE,,15,PMS_Report_MARCH_2026.zip,PMS_March_ 2026.xlsx,Fuel MARCH 2026,27,2,B27
2026-03-01,2025-03-01,STATE,Edo,Edo,Edo,South South,FALSE,1256.608,NGN per litre,2025-03-01,FALSE,,15,PMS_Report_MARCH_2026.zip,PMS_March_ 2026.xlsx,Fuel MARCH 2026,28,2,B28
2026-03-01,2025-03-01,STATE,Ekiti,Ekiti,Ekiti,South West,FALSE,963.40233333333,NGN per litre,2025-03-01,FALSE,,15,PMS_Report_MARCH_2026.zip,PMS_March_ 2026.xlsx,Fuel MARCH 2026,29,2,B29
2026-03-01,2025-03-01,STATE,Enugu,Enugu,Enugu,South East,FALSE,1500,NGN per litre,2025-03-01,FALSE,,15,PMS_Report_MARCH_2026.zip,PMS_March_ 2026.xlsx,Fuel MARCH 2026,30,2,B30
2026-03-01,2025-03-01,STATE,Gombe,Gombe,Gombe,North East,FALSE,1155.40833333333,NGN per litre,2025-03-01,FALSE,,15,PMS_Report_MARCH_2026.zip,PMS_March_ 2026.xlsx,Fuel MARCH 2026,31,2,B31
2026-03-01,2025-03-01,STATE,Imo,Imo,Imo,South East,FALSE,1524.15,NGN per litre,2025-03-01,FALSE,,15,PMS_Report_MARCH_2026.zip,PMS_March_ 2026.xlsx,Fuel MARCH 2026,32,2,B32
2026-03-01,2025-03-01,STATE,Jigawa,Jigawa,Jigawa,North West,FALSE,1700,NGN per litre,2025-03-01,FALSE,,15,PMS_Report_MARCH_2026.zip,PMS_March_ 2026.xlsx,Fuel MARCH 2026,33,2,B33
2026-03-01,2025-03-01,STATE,Kaduna,Kaduna,Kaduna,North West,FALSE,1650,NGN per litre,2025-03-01,FALSE,,15,PMS_Report_MARCH_2026.zip,PMS_March_ 2026.xlsx,Fuel MARCH 2026,34,2,B34
2026-03-01,2025-03-01,STATE,Kano,Kano,Kano,North West,FALSE,1530.55875,NGN per litre,2025-03-01,FALSE,,15,PMS_Report_MARCH_2026.zip,PMS_March_ 2026.xlsx,Fuel MARCH 2026,35,2,B35
2026-03-01,2025-03-01,STATE,Katsina,Katsina,Katsina,North West,FALSE,1474.42138895645,NGN per litre,2025-03-01,FALSE,,15,PMS_Report_MARCH_2026.zip,PMS_March_ 2026.xlsx,Fuel MARCH 2026,36,2,B36
2026-03-01,2025-03-01,STATE,Kebbi,Kebbi,Kebbi,North West,FALSE,1125.549,NGN per litre,2025-03-01,FALSE,,15,PMS_Report_MARCH_2026.zip,PMS_March_ 2026.xlsx,Fuel MARCH 2026,37,2,B37
2026-03-01,2025-03-01,STATE,Kogi,Kogi,Kogi,North Central,FALSE,1298.93928571429,NGN per litre,2025-03-01,FALSE,,15,PMS_Report_MARCH_2026.zip,PMS_March_ 2026.xlsx,Fuel MARCH 2026,38,2,B38
2026-03-01,2025-03-01,STATE,Kwara,Kwara,Kwara,North Central,FALSE,1106.143,NGN per litre,2025-03-01,FALSE,,15,PMS_Report_MARCH_2026.zip,PMS_March_ 2026.xlsx,Fuel MARCH 2026,39,2,B39
2026-03-01,2025-03-01,STATE,Lagos,Lagos,Lagos,South West,FALSE,975,NGN per litre,2025-03-01,FALSE,,15,PMS_Report_MARCH_2026.zip,PMS_March_ 2026.xlsx,Fuel MARCH 2026,40,2,B40
2026-03-01,2025-03-01,STATE,Nasarawa,Nasarawa,Nasarawa,North Central,FALSE,1238.21246722192,NGN per litre,2025-03-01,FALSE,,15,PMS_Report_MARCH_2026.zip,PMS_March_ 2026.xlsx,Fuel MARCH 2026,41,2,B41
2026-03-01,2025-03-01,STATE,Niger,Niger,Niger,North Central,FALSE,1309,NGN per litre,2025-03-01,FALSE,,15,PMS_Report_MARCH_2026.zip,PMS_March_ 2026.xlsx,Fuel MARCH 2026,42,2,B42
2026-03-01,2025-03-01,STATE,Ogun,Ogun,Ogun,South West,FALSE,1143.7905,NGN per litre,2025-03-01,FALSE,,15,PMS_Report_MARCH_2026.zip,PMS_March_ 2026.xlsx,Fuel MARCH 2026,43,2,B43
2026-03-01,2025-03-01,STATE,Ondo,Ondo,Ondo,South West,FALSE,1099.6581629,NGN per litre,2025-03-01,FALSE,,15,PMS_Report_MARCH_2026.zip,PMS_March_ 2026.xlsx,Fuel MARCH 2026,44,2,B44
2026-03-01,2025-03-01,STATE,Osun,Osun,Osun,South West,FALSE,980,NGN per litre,2025-03-01,FALSE,,15,PMS_Report_MARCH_2026.zip,PMS_March_ 2026.xlsx,Fuel MARCH 2026,45,2,B45
2026-03-01,2025-03-01,STATE,Oyo,Oyo,Oyo,South West,FALSE,982,NGN per litre,2025-03-01,FALSE,,15,PMS_Report_MARCH_2026.zip,PMS_March_ 2026.xlsx,Fuel MARCH 2026,46,2,B46
2026-03-01,2025-03-01,STATE,Plateau,Plateau,Plateau,North Central,FALSE,1450.79818627383,NGN per litre,2025-03-01,FALSE,,15,PMS_Report_MARCH_2026.zip,PMS_March_ 2026.xlsx,Fuel MARCH 2026,47,2,B47
2026-03-01,2025-03-01,STATE,Rivers,Rivers,Rivers,South South,FALSE,1175.54422222222,NGN per litre,2025-03-01,FALSE,,15,PMS_Report_MARCH_2026.zip,PMS_March_ 2026.xlsx,Fuel MARCH 2026,48,2,B48
2026-03-01,2025-03-01,STATE,Sokoto,Sokoto,Sokoto,North West,FALSE,1550,NGN per litre,2025-03-01,FALSE,,15,PMS_Report_MARCH_2026.zip,PMS_March_ 2026.xlsx,Fuel MARCH 2026,49,2,B49
2026-03-01,2025-03-01,STATE,Taraba,Taraba,Taraba,North East,FALSE,1353.95333333333,NGN per litre,2025-03-01,FALSE,,15,PMS_Report_MARCH_2026.zip,PMS_March_ 2026.xlsx,Fuel MARCH 2026,50,2,B50
2026-03-01,2025-03-01,STATE,Yobe,Yobe,Yobe,North East,FALSE,1114.114375,NGN per litre,2025-03-01,FALSE,,15,PMS_Report_MARCH_2026.zip,PMS_March_ 2026.xlsx,Fuel MARCH 2026,51,2,B51
2026-03-01,2025-03-01,STATE,Zamfara,Zamfara,Zamfara,North West,FALSE,1200.63185714286,NGN per litre,2025-03-01,FALSE,,15,PMS_Report_MARCH_2026.zip,PMS_March_ 2026.xlsx,Fuel MARCH 2026,52,2,B52
2026-03-01,2025-03-01,NATIONAL,Nigeria,AVERAGE,,,TRUE,1261.6457672081458,NGN per litre,2025-03-01,FALSE,,15,PMS_Report_MARCH_2026.zip,PMS_March_ 2026.xlsx,Fuel MARCH 2026,53,2,B53
2026-03-01,2026-02-01,STATE,Abia,Abia,Abia,South East,FALSE,1095.1941456475688,NGN per litre,2026-02-01,FALSE,,15,PMS_Report_MARCH_2026.zip,PMS_March_ 2026.xlsx,Fuel MARCH 2026,16,3,C16
2026-03-01,2026-02-01,STATE,Abuja,Abuja,Abuja,North Central,FALSE,1006.32984760697,NGN per litre,2026-02-01,FALSE,,15,PMS_Report_MARCH_2026.zip,PMS_March_ 2026.xlsx,Fuel MARCH 2026,17,3,C17
2026-03-01,2026-02-01,STATE,Adamawa,Adamawa,Adamawa,North East,FALSE,1096.6324641309066,NGN per litre,2026-02-01,FALSE,,15,PMS_Report_MARCH_2026.zip,PMS_March_ 2026.xlsx,Fuel MARCH 2026,18,3,C18
2026-03-01,2026-02-01,STATE,Akwa Ibom,Akwa Ibom,Akwa Ibom,South South,FALSE,1109.4363411565614,NGN per litre,2026-02-01,FALSE,,15,PMS_Report_MARCH_2026.zip,PMS_March_ 2026.xlsx,Fuel MARCH 2026,19,3,C19
2026-03-01,2026-02-01,STATE,Anambra,Anambra,Anambra,South East,FALSE,1077.5079924242414,NGN per litre,2026-02-01,FALSE,,15,PMS_Report_MARCH_2026.zip,PMS_March_ 2026.xlsx,Fuel MARCH 2026,20,3,C20
2026-03-01,2026-02-01,STATE,Bauchi,Bauchi,Bauchi,North East,FALSE,1005.45175870677,NGN per litre,2026-02-01,FALSE,,15,PMS_Report_MARCH_2026.zip,PMS_March_ 2026.xlsx,Fuel MARCH 2026,21,3,C21
2026-03-01,2026-02-01,STATE,Bayelsa,Bayelsa,Bayelsa,South South,FALSE,1050.0275,NGN per litre,2026-02-01,FALSE,,15,PMS_Report_MARCH_2026.zip,PMS_March_ 2026.xlsx,Fuel MARCH 2026,22,3,C22
2026-03-01,2026-02-01,STATE,Benue,Benue,Benue,North Central,FALSE,1069.39713619258,NGN per litre,2026-02-01,FALSE,,15,PMS_Report_MARCH_2026.zip,PMS_March_ 2026.xlsx,Fuel MARCH 2026,23,3,C23
2026-03-01,2026-02-01,STATE,Borno,Borno,Borno,North East,FALSE,1108.0850239171796,NGN per litre,2026-02-01,FALSE,,15,PMS_Report_MARCH_2026.zip,PMS_March_ 2026.xlsx,Fuel MARCH 2026,24,3,C24
2026-03-01,2026-02-01,STATE,Cross River,Cross River,Cross River,South South,FALSE,1068.606344432329,NGN per litre,2026-02-01,FALSE,,15,PMS_Report_MARCH_2026.zip,PMS_March_ 2026.xlsx,Fuel MARCH 2026,25,3,C25
2026-03-01,2026-02-01,STATE,Delta,Delta,Delta,South South,FALSE,1023.8071483574723,NGN per litre,2026-02-01,FALSE,,15,PMS_Report_MARCH_2026.zip,PMS_March_ 2026.xlsx,Fuel MARCH 2026,26,3,C26
2026-03-01,2026-02-01,STATE,Ebonyi,Ebonyi,Ebonyi,South East,FALSE,1095.6565671715173,NGN per litre,2026-02-01,FALSE,,15,PMS_Report_MARCH_2026.zip,PMS_March_ 2026.xlsx,Fuel MARCH 2026,27,3,C27
2026-03-01,2026-02-01,STATE,Edo,Edo,Edo,South South,FALSE,1055.34,NGN per litre,2026-02-01,FALSE,,15,PMS_Report_MARCH_2026.zip,PMS_March_ 2026.xlsx,Fuel MARCH 2026,28,3,C28
2026-03-01,2026-02-01,STATE,Ekiti,Ekiti,Ekiti,South West,FALSE,1015.7126408420496,NGN per litre,2026-02-01,FALSE,,15,PMS_Report_MARCH_2026.zip,PMS_March_ 2026.xlsx,Fuel MARCH 2026,29,3,C29
2026-03-01,2026-02-01,STATE,Enugu,Enugu,Enugu,South East,FALSE,1008.79651891057,NGN per litre,2026-02-01,FALSE,,15,PMS_Report_MARCH_2026.zip,PMS_March_ 2026.xlsx,Fuel MARCH 2026,30,3,C30
2026-03-01,2026-02-01,STATE,Gombe,Gombe,Gombe,North East,FALSE,1106.04498805365,NGN per litre,2026-02-01,FALSE,,15,PMS_Report_MARCH_2026.zip,PMS_March_ 2026.xlsx,Fuel MARCH 2026,31,3,C31
2026-03-01,2026-02-01,STATE,Imo,Imo,Imo,South East,FALSE,1016.586025415284,NGN per litre,2026-02-01,FALSE,,15,PMS_Report_MARCH_2026.zip,PMS_March_ 2026.xlsx,Fuel MARCH 2026,32,3,C32
2026-03-01,2026-02-01,STATE,Jigawa,Jigawa,Jigawa,North West,FALSE,1068.9572309156815,NGN per litre,2026-02-01,FALSE,,15,PMS_Report_MARCH_2026.zip,PMS_March_ 2026.xlsx,Fuel MARCH 2026,33,3,C33
2026-03-01,2026-02-01,STATE,Kaduna,Kaduna,Kaduna,North West,FALSE,1000.0666666666666,NGN per litre,2026-02-01,FALSE,,15,PMS_Report_MARCH_2026.zip,PMS_March_ 2026.xlsx,Fuel MARCH 2026,34,3,C34
2026-03-01,2026-02-01,STATE,Kano,Kano,Kano,North West,FALSE,1032.4446482783387,NGN per litre,2026-02-01,FALSE,,15,PMS_Report_MARCH_2026.zip,PMS_March_ 2026.xlsx,Fuel MARCH 2026,35,3,C35
2026-03-01,2026-02-01,STATE,Katsina,Katsina,Katsina,North West,FALSE,1009.56085349024,NGN per litre,2026-02-01,FALSE,,15,PMS_Report_MARCH_2026.zip,PMS_March_ 2026.xlsx,Fuel MARCH 2026,36,3,C36
2026-03-01,2026-02-01,STATE,Kebbi,Kebbi,Kebbi,North West,FALSE,1047.7039807835356,NGN per litre,2026-02-01,FALSE,,15,PMS_Report_MARCH_2026.zip,PMS_March_ 2026.xlsx,Fuel MARCH 2026,37,3,C37
2026-03-01,2026-02-01,STATE,Kogi,Kogi,Kogi,North Central,FALSE,1002,NGN per litre,2026-02-01,FALSE,,15,PMS_Report_MARCH_2026.zip,PMS_March_ 2026.xlsx,Fuel MARCH 2026,38,3,C38
2026-03-01,2026-02-01,STATE,Kwara,Kwara,Kwara,North Central,FALSE,1064.6276672387444,NGN per litre,2026-02-01,FALSE,,15,PMS_Report_MARCH_2026.zip,PMS_March_ 2026.xlsx,Fuel MARCH 2026,39,3,C39
2026-03-01,2026-02-01,STATE,Lagos,Lagos,Lagos,South West,FALSE,966.6096519306284,NGN per litre,2026-02-01,FALSE,,15,PMS_Report_MARCH_2026.zip,PMS_March_ 2026.xlsx,Fuel MARCH 2026,40,3,C40
2026-03-01,2026-02-01,STATE,Nasarawa,Nasarawa,Nasarawa,North Central,FALSE,1042.6815218774004,NGN per litre,2026-02-01,FALSE,,15,PMS_Report_MARCH_2026.zip,PMS_March_ 2026.xlsx,Fuel MARCH 2026,41,3,C41
2026-03-01,2026-02-01,STATE,Niger,Niger,Niger,North Central,FALSE,1072.6494935481323,NGN per litre,2026-02-01,FALSE,,15,PMS_Report_MARCH_2026.zip,PMS_March_ 2026.xlsx,Fuel MARCH 2026,42,3,C42
2026-03-01,2026-02-01,STATE,Ogun,Ogun,Ogun,South West,FALSE,1029.6665876407706,NGN per litre,2026-02-01,FALSE,,15,PMS_Report_MARCH_2026.zip,PMS_March_ 2026.xlsx,Fuel MARCH 2026,43,3,C43
2026-03-01,2026-02-01,STATE,Ondo,Ondo,Ondo,South West,FALSE,1071.564452689861,NGN per litre,2026-02-01,FALSE,,15,PMS_Report_MARCH_2026.zip,PMS_March_ 2026.xlsx,Fuel MARCH 2026,44,3,C44
2026-03-01,2026-02-01,STATE,Osun,Osun,Osun,South West,FALSE,1086.361315942425,NGN per litre,2026-02-01,FALSE,,15,PMS_Report_MARCH_2026.zip,PMS_March_ 2026.xlsx,Fuel MARCH 2026,45,3,C45
2026-03-01,2026-02-01,STATE,Oyo,Oyo,Oyo,South West,FALSE,973.448729627903,NGN per litre,2026-02-01,FALSE,,15,PMS_Report_MARCH_2026.zip,PMS_March_ 2026.xlsx,Fuel MARCH 2026,46,3,C46
2026-03-01,2026-02-01,STATE,Plateau,Plateau,Plateau,North Central,FALSE,1051.727557265312,NGN per litre,2026-02-01,FALSE,,15,PMS_Report_MARCH_2026.zip,PMS_March_ 2026.xlsx,Fuel MARCH 2026,47,3,C47
2026-03-01,2026-02-01,STATE,Rivers,Rivers,Rivers,South South,FALSE,1030.7429628275222,NGN per litre,2026-02-01,FALSE,,15,PMS_Report_MARCH_2026.zip,PMS_March_ 2026.xlsx,Fuel MARCH 2026,48,3,C48
2026-03-01,2026-02-01,STATE,Sokoto,Sokoto,Sokoto,North West,FALSE,1116.8115997626,NGN per litre,2026-02-01,FALSE,,15,PMS_Report_MARCH_2026.zip,PMS_March_ 2026.xlsx,Fuel MARCH 2026,49,3,C49
2026-03-01,2026-02-01,STATE,Taraba,Taraba,Taraba,North East,FALSE,1055.4908480870617,NGN per litre,2026-02-01,FALSE,,15,PMS_Report_MARCH_2026.zip,PMS_March_ 2026.xlsx,Fuel MARCH 2026,50,3,C50
2026-03-01,2026-02-01,STATE,Yobe,Yobe,Yobe,North East,FALSE,1134.7317862777957,NGN per litre,2026-02-01,FALSE,,15,PMS_Report_MARCH_2026.zip,PMS_March_ 2026.xlsx,Fuel MARCH 2026,51,3,C51
2026-03-01,2026-02-01,STATE,Zamfara,Zamfara,Zamfara,North West,FALSE,1038.0130892545455,NGN per litre,2026-02-01,FALSE,,15,PMS_Report_MARCH_2026.zip,PMS_March_ 2026.xlsx,Fuel MARCH 2026,52,3,C52
2026-03-01,2026-02-01,NATIONAL,Nigeria,AVERAGE,,,TRUE,1051.4722455965084,NGN per litre,2026-02-01,FALSE,,15,PMS_Report_MARCH_2026.zip,PMS_March_ 2026.xlsx,Fuel MARCH 2026,53,3,C53
2026-03-01,2026-03-01,STATE,Abia,Abia,Abia,South East,FALSE,1247.8383212781428,NGN per litre,2026-03-01,TRUE,,15,PMS_Report_MARCH_2026.zip,PMS_March_ 2026.xlsx,Fuel MARCH 2026,16,4,D16
2026-03-01,2026-03-01,STATE,Abuja,Abuja,Abuja,North Central,FALSE,1268.490545484879,NGN per litre,2026-03-01,TRUE,,15,PMS_Report_MARCH_2026.zip,PMS_March_ 2026.xlsx,Fuel MARCH 2026,17,4,D17
2026-03-01,2026-03-01,STATE,Adamawa,Adamawa,Adamawa,North East,FALSE,1350.7321650796703,NGN per litre,2026-03-01,TRUE,,15,PMS_Report_MARCH_2026.zip,PMS_March_ 2026.xlsx,Fuel MARCH 2026,18,4,D18
2026-03-01,2026-03-01,STATE,Akwa Ibom,Akwa Ibom,Akwa Ibom,South South,FALSE,1301.5161371166655,NGN per litre,2026-03-01,TRUE,,15,PMS_Report_MARCH_2026.zip,PMS_March_ 2026.xlsx,Fuel MARCH 2026,19,4,D19
2026-03-01,2026-03-01,STATE,Anambra,Anambra,Anambra,South East,FALSE,1441.2242798133802,NGN per litre,2026-03-01,TRUE,,15,PMS_Report_MARCH_2026.zip,PMS_March_ 2026.xlsx,Fuel MARCH 2026,20,4,D20
2026-03-01,2026-03-01,STATE,Bauchi,Bauchi,Bauchi,North East,FALSE,1290.4728792180795,NGN per litre,2026-03-01,TRUE,,15,PMS_Report_MARCH_2026.zip,PMS_March_ 2026.xlsx,Fuel MARCH 2026,21,4,D21
2026-03-01,2026-03-01,STATE,Bayelsa,Bayelsa,Bayelsa,South South,FALSE,1252.4847963316722,NGN per litre,2026-03-01,TRUE,,15,PMS_Report_MARCH_2026.zip,PMS_March_ 2026.xlsx,Fuel MARCH 2026,22,4,D22
2026-03-01,2026-03-01,STATE,Benue,Benue,Benue,North Central,FALSE,1303.67942923968,NGN per litre,2026-03-01,TRUE,,15,PMS_Report_MARCH_2026.zip,PMS_March_ 2026.xlsx,Fuel MARCH 2026,23,4,D23
2026-03-01,2026-03-01,STATE,Borno,Borno,Borno,North East,FALSE,1375.16229181218,NGN per litre,2026-03-01,TRUE,,15,PMS_Report_MARCH_2026.zip,PMS_March_ 2026.xlsx,Fuel MARCH 2026,24,4,D24
2026-03-01,2026-03-01,STATE,Cross River,Cross River,Cross River,South South,FALSE,1365.0226376598357,NGN per litre,2026-03-01,TRUE,,15,PMS_Report_MARCH_2026.zip,PMS_March_ 2026.xlsx,Fuel MARCH 2026,25,4,D25
2026-03-01,2026-03-01,STATE,Delta,Delta,Delta,South South,FALSE,1279.6018592146163,NGN per litre,2026-03-01,TRUE,,15,PMS_Report_MARCH_2026.zip,PMS_March_ 2026.xlsx,Fuel MARCH 2026,26,4,D26
2026-03-01,2026-03-01,STATE,Ebonyi,Ebonyi,Ebonyi,South East,FALSE,1287.9259111482986,NGN per litre,2026-03-01,TRUE,,15,PMS_Report_MARCH_2026.zip,PMS_March_ 2026.xlsx,Fuel MARCH 2026,27,4,D27
2026-03-01,2026-03-01,STATE,Edo,Edo,Edo,South South,FALSE,1315.084996461098,NGN per litre,2026-03-01,TRUE,,15,PMS_Report_MARCH_2026.zip,PMS_March_ 2026.xlsx,Fuel MARCH 2026,28,4,D28
2026-03-01,2026-03-01,STATE,Ekiti,Ekiti,Ekiti,South West,FALSE,1246.158449253726,NGN per litre,2026-03-01,TRUE,,15,PMS_Report_MARCH_2026.zip,PMS_March_ 2026.xlsx,Fuel MARCH 2026,29,4,D29
2026-03-01,2026-03-01,STATE,Enugu,Enugu,Enugu,South East,FALSE,1308.2152442462375,NGN per litre,2026-03-01,TRUE,,15,PMS_Report_MARCH_2026.zip,PMS_March_ 2026.xlsx,Fuel MARCH 2026,30,4,D30
2026-03-01,2026-03-01,STATE,Gombe,Gombe,Gombe,North East,FALSE,1334.831985967728,NGN per litre,2026-03-01,TRUE,,15,PMS_Report_MARCH_2026.zip,PMS_March_ 2026.xlsx,Fuel MARCH 2026,31,4,D31
2026-03-01,2026-03-01,STATE,Imo,Imo,Imo,South East,FALSE,1291.0984925442067,NGN per litre,2026-03-01,TRUE,,15,PMS_Report_MARCH_2026.zip,PMS_March_ 2026.xlsx,Fuel MARCH 2026,32,4,D32
2026-03-01,2026-03-01,STATE,Jigawa,Jigawa,Jigawa,North West,FALSE,1270.062218949202,NGN per litre,2026-03-01,TRUE,,15,PMS_Report_MARCH_2026.zip,PMS_March_ 2026.xlsx,Fuel MARCH 2026,33,4,D33
2026-03-01,2026-03-01,STATE,Kaduna,Kaduna,Kaduna,North West,FALSE,1193.398,NGN per litre,2026-03-01,TRUE,,15,PMS_Report_MARCH_2026.zip,PMS_March_ 2026.xlsx,Fuel MARCH 2026,34,4,D34
2026-03-01,2026-03-01,STATE,Kano,Kano,Kano,North West,FALSE,1280.1399870269354,NGN per litre,2026-03-01,TRUE,,15,PMS_Report_MARCH_2026.zip,PMS_March_ 2026.xlsx,Fuel MARCH 2026,35,4,D35
2026-03-01,2026-03-01,STATE,Katsina,Katsina,Katsina,North West,FALSE,1356.4050026719995,NGN per litre,2026-03-01,TRUE,,15,PMS_Report_MARCH_2026.zip,PMS_March_ 2026.xlsx,Fuel MARCH 2026,36,4,D36
2026-03-01,2026-03-01,STATE,Kebbi,Kebbi,Kebbi,North West,FALSE,1337.2598090124986,NGN per litre,2026-03-01,TRUE,,15,PMS_Report_MARCH_2026.zip,PMS_March_ 2026.xlsx,Fuel MARCH 2026,37,4,D37
2026-03-01,2026-03-01,STATE,Kogi,Kogi,Kogi,North Central,FALSE,1217.24,NGN per litre,2026-03-01,TRUE,,15,PMS_Report_MARCH_2026.zip,PMS_March_ 2026.xlsx,Fuel MARCH 2026,38,4,D38
2026-03-01,2026-03-01,STATE,Kwara,Kwara,Kwara,North Central,FALSE,1224.2773826855569,NGN per litre,2026-03-01,TRUE,,15,PMS_Report_MARCH_2026.zip,PMS_March_ 2026.xlsx,Fuel MARCH 2026,39,4,D39
2026-03-01,2026-03-01,STATE,Lagos,Lagos,Lagos,South West,FALSE,1162.7059656525198,NGN per litre,2026-03-01,TRUE,,15,PMS_Report_MARCH_2026.zip,PMS_March_ 2026.xlsx,Fuel MARCH 2026,40,4,D40
2026-03-01,2026-03-01,STATE,Nasarawa,Nasarawa,Nasarawa,North Central,FALSE,1213.7957316349139,NGN per litre,2026-03-01,TRUE,,15,PMS_Report_MARCH_2026.zip,PMS_March_ 2026.xlsx,Fuel MARCH 2026,41,4,D41
2026-03-01,2026-03-01,STATE,Niger,Niger,Niger,North Central,FALSE,1328.4224461270396,NGN per litre,2026-03-01,TRUE,,15,PMS_Report_MARCH_2026.zip,PMS_March_ 2026.xlsx,Fuel MARCH 2026,42,4,D42
2026-03-01,2026-03-01,STATE,Ogun,Ogun,Ogun,South West,FALSE,1169.7818393190885,NGN per litre,2026-03-01,TRUE,,15,PMS_Report_MARCH_2026.zip,PMS_March_ 2026.xlsx,Fuel MARCH 2026,43,4,D43
2026-03-01,2026-03-01,STATE,Ondo,Ondo,Ondo,South West,FALSE,1287.8252196603446,NGN per litre,2026-03-01,TRUE,,15,PMS_Report_MARCH_2026.zip,PMS_March_ 2026.xlsx,Fuel MARCH 2026,44,4,D44
2026-03-01,2026-03-01,STATE,Osun,Osun,Osun,South West,FALSE,1256.9570215394829,NGN per litre,2026-03-01,TRUE,,15,PMS_Report_MARCH_2026.zip,PMS_March_ 2026.xlsx,Fuel MARCH 2026,45,4,D45
2026-03-01,2026-03-01,STATE,Oyo,Oyo,Oyo,South West,FALSE,1271.3053739558022,NGN per litre,2026-03-01,TRUE,,15,PMS_Report_MARCH_2026.zip,PMS_March_ 2026.xlsx,Fuel MARCH 2026,46,4,D46
2026-03-01,2026-03-01,STATE,Plateau,Plateau,Plateau,North Central,FALSE,1252.4481732820404,NGN per litre,2026-03-01,TRUE,,15,PMS_Report_MARCH_2026.zip,PMS_March_ 2026.xlsx,Fuel MARCH 2026,47,4,D47
2026-03-01,2026-03-01,STATE,Rivers,Rivers,Rivers,South South,FALSE,1247.837553239143,NGN per litre,2026-03-01,TRUE,,15,PMS_Report_MARCH_2026.zip,PMS_March_ 2026.xlsx,Fuel MARCH 2026,48,4,D48
2026-03-01,2026-03-01,STATE,Sokoto,Sokoto,Sokoto,North West,FALSE,1377.5542414974232,NGN per litre,2026-03-01,TRUE,,15,PMS_Report_MARCH_2026.zip,PMS_March_ 2026.xlsx,Fuel MARCH 2026,49,4,D49
2026-03-01,2026-03-01,STATE,Taraba,Taraba,Taraba,North East,FALSE,1305.7440770852045,NGN per litre,2026-03-01,TRUE,,15,PMS_Report_MARCH_2026.zip,PMS_March_ 2026.xlsx,Fuel MARCH 2026,50,4,D50
2026-03-01,2026-03-01,STATE,Yobe,Yobe,Yobe,North East,FALSE,1362.0517668263194,NGN per litre,2026-03-01,TRUE,,15,PMS_Report_MARCH_2026.zip,PMS_March_ 2026.xlsx,Fuel MARCH 2026,51,4,D51
2026-03-01,2026-03-01,STATE,Zamfara,Zamfara,Zamfara,North West,FALSE,1301.3054876896451,NGN per litre,2026-03-01,TRUE,,15,PMS_Report_MARCH_2026.zip,PMS_March_ 2026.xlsx,Fuel MARCH 2026,52,4,D52
2026-03-01,2026-03-01,ZONE,North Central,North Central,,North Central,TRUE,1258.3362440648727,NGN per litre,Average Price,TRUE,,15,PMS_Report_MARCH_2026.zip,PMS_March_ 2026.xlsx,Fuel MARCH 2026,17,7,G17
2026-03-01,2026-03-01,ZONE,North East,North East,,North East,TRUE,1336.4991943315304,NGN per litre,Average Price,TRUE,,15,PMS_Report_MARCH_2026.zip,PMS_March_ 2026.xlsx,Fuel MARCH 2026,18,7,G18
2026-03-01,2026-03-01,ZONE,North West,North West,,North West,TRUE,1302.3035352639577,NGN per litre,Average Price,TRUE,,15,PMS_Report_MARCH_2026.zip,PMS_March_ 2026.xlsx,Fuel MARCH 2026,21,7,G21
2026-03-01,2026-03-01,ZONE,South East,South East,,South East,TRUE,1315.2604498060532,NGN per litre,Average Price,TRUE,,15,PMS_Report_MARCH_2026.zip,PMS_March_ 2026.xlsx,Fuel MARCH 2026,16,7,G16
2026-03-01,2026-03-01,ZONE,South South,South South,,South South,TRUE,1293.5913300038385,NGN per litre,Average Price,TRUE,,15,PMS_Report_MARCH_2026.zip,PMS_March_ 2026.xlsx,Fuel MARCH 2026,19,7,G19
2026-03-01,2026-03-01,ZONE,South West,South West,,South West,TRUE,1232.4556448968272,NGN per litre,Average Price,TRUE,,15,PMS_Report_MARCH_2026.zip,PMS_March_ 2026.xlsx,Fuel MARCH 2026,20,7,G20
2026-03-01,2026-03-01,NATIONAL,Nigeria,AVERAGE,,,TRUE,1288.5421005331152,NGN per litre,2026-03-01,TRUE,,15,PMS_Report_MARCH_2026.zip,PMS_March_ 2026.xlsx,Fuel MARCH 2026,53,4,D53
2026-04-01,2025-04-01,STATE,Abia,Abia,Abia,South East,FALSE,1227.15125,NGN per litre,2025-04-01,FALSE,,2,PMS_APRIL_2026.zip,Fuel APRIL 2026.xlsx,Fuel APRIL 2026,3,2,B3
2026-04-01,2025-04-01,STATE,Abuja,Abuja,Abuja,North Central,FALSE,1180.41666666667,NGN per litre,2025-04-01,FALSE,,2,PMS_APRIL_2026.zip,Fuel APRIL 2026.xlsx,Fuel APRIL 2026,4,2,B4
2026-04-01,2025-04-01,STATE,Adamawa,Adamawa,Adamawa,North East,FALSE,1370,NGN per litre,2025-04-01,FALSE,,2,PMS_APRIL_2026.zip,Fuel APRIL 2026.xlsx,Fuel APRIL 2026,5,2,B5
2026-04-01,2025-04-01,STATE,Akwa Ibom,Akwa Ibom,Akwa Ibom,South South,FALSE,1139,NGN per litre,2025-04-01,FALSE,,2,PMS_APRIL_2026.zip,Fuel APRIL 2026.xlsx,Fuel APRIL 2026,6,2,B6
2026-04-01,2025-04-01,STATE,Anambra,Anambra,Anambra,South East,FALSE,1240.68815538462,NGN per litre,2025-04-01,FALSE,,2,PMS_APRIL_2026.zip,Fuel APRIL 2026.xlsx,Fuel APRIL 2026,7,2,B7
2026-04-01,2025-04-01,STATE,Bauchi,Bauchi,Bauchi,North East,FALSE,1186.9823,NGN per litre,2025-04-01,FALSE,,2,PMS_APRIL_2026.zip,Fuel APRIL 2026.xlsx,Fuel APRIL 2026,8,2,B8
2026-04-01,2025-04-01,STATE,Bayelsa,Bayelsa,Bayelsa,South South,FALSE,1185.9,NGN per litre,2025-04-01,FALSE,,2,PMS_APRIL_2026.zip,Fuel APRIL 2026.xlsx,Fuel APRIL 2026,9,2,B9
2026-04-01,2025-04-01,STATE,Benue,Benue,Benue,North Central,FALSE,1341.34338461538,NGN per litre,2025-04-01,FALSE,,2,PMS_APRIL_2026.zip,Fuel APRIL 2026.xlsx,Fuel APRIL 2026,10,2,B10
2026-04-01,2025-04-01,STATE,Borno,Borno,Borno,North East,FALSE,1153.33333333333,NGN per litre,2025-04-01,FALSE,,2,PMS_APRIL_2026.zip,Fuel APRIL 2026.xlsx,Fuel APRIL 2026,11,2,B11
2026-04-01,2025-04-01,STATE,Cross River,Cross River,Cross River,South South,FALSE,1301.6875,NGN per litre,2025-04-01,FALSE,,2,PMS_APRIL_2026.zip,Fuel APRIL 2026.xlsx,Fuel APRIL 2026,12,2,B12
2026-04-01,2025-04-01,STATE,Delta,Delta,Delta,South South,FALSE,1161.4136,NGN per litre,2025-04-01,FALSE,,2,PMS_APRIL_2026.zip,Fuel APRIL 2026.xlsx,Fuel APRIL 2026,13,2,B13
2026-04-01,2025-04-01,STATE,Ebonyi,Ebonyi,Ebonyi,South East,FALSE,1118.79817142857,NGN per litre,2025-04-01,FALSE,,2,PMS_APRIL_2026.zip,Fuel APRIL 2026.xlsx,Fuel APRIL 2026,14,2,B14
2026-04-01,2025-04-01,STATE,Edo,Edo,Edo,South South,FALSE,1283.23633333333,NGN per litre,2025-04-01,FALSE,,2,PMS_APRIL_2026.zip,Fuel APRIL 2026.xlsx,Fuel APRIL 2026,15,2,B15
2026-04-01,2025-04-01,STATE,Ekiti,Ekiti,Ekiti,South West,FALSE,1226.29711,NGN per litre,2025-04-01,FALSE,,2,PMS_APRIL_2026.zip,Fuel APRIL 2026.xlsx,Fuel APRIL 2026,16,2,B16
2026-04-01,2025-04-01,STATE,Enugu,Enugu,Enugu,South East,FALSE,1533.40833333333,NGN per litre,2025-04-01,FALSE,,2,PMS_APRIL_2026.zip,Fuel APRIL 2026.xlsx,Fuel APRIL 2026,17,2,B17
2026-04-01,2025-04-01,STATE,Gombe,Gombe,Gombe,North East,FALSE,1060.926125,NGN per litre,2025-04-01,FALSE,,2,PMS_APRIL_2026.zip,Fuel APRIL 2026.xlsx,Fuel APRIL 2026,18,2,B18
2026-04-01,2025-04-01,STATE,Imo,Imo,Imo,South East,FALSE,1588.49857142857,NGN per litre,2025-04-01,FALSE,,2,PMS_APRIL_2026.zip,Fuel APRIL 2026.xlsx,Fuel APRIL 2026,19,2,B19
2026-04-01,2025-04-01,STATE,Jigawa,Jigawa,Jigawa,North West,FALSE,1567.842585,NGN per litre,2025-04-01,FALSE,,2,PMS_APRIL_2026.zip,Fuel APRIL 2026.xlsx,Fuel APRIL 2026,20,2,B20
2026-04-01,2025-04-01,STATE,Kaduna,Kaduna,Kaduna,North West,FALSE,1395.04436,NGN per litre,2025-04-01,FALSE,,2,PMS_APRIL_2026.zip,Fuel APRIL 2026.xlsx,Fuel APRIL 2026,21,2,B21
2026-04-01,2025-04-01,STATE,Kano,Kano,Kano,North West,FALSE,1283.69501923077,NGN per litre,2025-04-01,FALSE,,2,PMS_APRIL_2026.zip,Fuel APRIL 2026.xlsx,Fuel APRIL 2026,22,2,B22
2026-04-01,2025-04-01,STATE,Katsina,Katsina,Katsina,North West,FALSE,1111.9375,NGN per litre,2025-04-01,FALSE,,2,PMS_APRIL_2026.zip,Fuel APRIL 2026.xlsx,Fuel APRIL 2026,23,2,B23
2026-04-01,2025-04-01,STATE,Kebbi,Kebbi,Kebbi,North West,FALSE,1148.9099475,NGN per litre,2025-04-01,FALSE,,2,PMS_APRIL_2026.zip,Fuel APRIL 2026.xlsx,Fuel APRIL 2026,24,2,B24
2026-04-01,2025-04-01,STATE,Kogi,Kogi,Kogi,North Central,FALSE,1258,NGN per litre,2025-04-01,FALSE,,2,PMS_APRIL_2026.zip,Fuel APRIL 2026.xlsx,Fuel APRIL 2026,25,2,B25
2026-04-01,2025-04-01,STATE,Kwara,Kwara,Kwara,North Central,FALSE,1014.85075075,NGN per litre,2025-04-01,FALSE,,2,PMS_APRIL_2026.zip,Fuel APRIL 2026.xlsx,Fuel APRIL 2026,26,2,B26
2026-04-01,2025-04-01,STATE,Lagos,Lagos,Lagos,South West,FALSE,1064.5762,NGN per litre,2025-04-01,FALSE,,2,PMS_APRIL_2026.zip,Fuel APRIL 2026.xlsx,Fuel APRIL 2026,27,2,B27
2026-04-01,2025-04-01,STATE,Nasarawa,Nasarawa,Nasarawa,North Central,FALSE,1293.8995671,NGN per litre,2025-04-01,FALSE,,2,PMS_APRIL_2026.zip,Fuel APRIL 2026.xlsx,Fuel APRIL 2026,28,2,B28
2026-04-01,2025-04-01,STATE,Niger,Niger,Niger,North Central,FALSE,1309.5400190375,NGN per litre,2025-04-01,FALSE,,2,PMS_APRIL_2026.zip,Fuel APRIL 2026.xlsx,Fuel APRIL 2026,29,2,B29
2026-04-01,2025-04-01,STATE,Ogun,Ogun,Ogun,South West,FALSE,1166.2385,NGN per litre,2025-04-01,FALSE,,2,PMS_APRIL_2026.zip,Fuel APRIL 2026.xlsx,Fuel APRIL 2026,30,2,B30
2026-04-01,2025-04-01,STATE,Ondo,Ondo,Ondo,South West,FALSE,1148.42271333333,NGN per litre,2025-04-01,FALSE,,2,PMS_APRIL_2026.zip,Fuel APRIL 2026.xlsx,Fuel APRIL 2026,31,2,B31
2026-04-01,2025-04-01,STATE,Osun,Osun,Osun,South West,FALSE,1042.49266666667,NGN per litre,2025-04-01,FALSE,,2,PMS_APRIL_2026.zip,Fuel APRIL 2026.xlsx,Fuel APRIL 2026,32,2,B32
2026-04-01,2025-04-01,STATE,Oyo,Oyo,Oyo,South West,FALSE,1183.7945,NGN per litre,2025-04-01,FALSE,,2,PMS_APRIL_2026.zip,Fuel APRIL 2026.xlsx,Fuel APRIL 2026,33,2,B33
2026-04-01,2025-04-01,STATE,Plateau,Plateau,Plateau,North Central,FALSE,1302.52382749048,NGN per litre,2025-04-01,FALSE,,2,PMS_APRIL_2026.zip,Fuel APRIL 2026.xlsx,Fuel APRIL 2026,34,2,B34
2026-04-01,2025-04-01,STATE,Rivers,Rivers,Rivers,South South,FALSE,1263.98222222222,NGN per litre,2025-04-01,FALSE,,2,PMS_APRIL_2026.zip,Fuel APRIL 2026.xlsx,Fuel APRIL 2026,35,2,B35
2026-04-01,2025-04-01,STATE,Sokoto,Sokoto,Sokoto,North West,FALSE,1550,NGN per litre,2025-04-01,FALSE,,2,PMS_APRIL_2026.zip,Fuel APRIL 2026.xlsx,Fuel APRIL 2026,36,2,B36
2026-04-01,2025-04-01,STATE,Taraba,Taraba,Taraba,North East,FALSE,1256.386,NGN per litre,2025-04-01,FALSE,,2,PMS_APRIL_2026.zip,Fuel APRIL 2026.xlsx,Fuel APRIL 2026,37,2,B37
2026-04-01,2025-04-01,STATE,Yobe,Yobe,Yobe,North East,FALSE,970,NGN per litre,2025-04-01,FALSE,,2,PMS_APRIL_2026.zip,Fuel APRIL 2026.xlsx,Fuel APRIL 2026,38,2,B38
2026-04-01,2025-04-01,STATE,Zamfara,Zamfara,Zamfara,North West,FALSE,1223.88591,NGN per litre,2025-04-01,FALSE,,2,PMS_APRIL_2026.zip,Fuel APRIL 2026.xlsx,Fuel APRIL 2026,39,2,B39
2026-04-01,2025-04-01,NATIONAL,Nigeria,AVERAGE,,,TRUE,1239.32711142851,NGN per litre,2025-04-01,FALSE,,2,PMS_APRIL_2026.zip,Fuel APRIL 2026.xlsx,Fuel APRIL 2026,40,2,B40
2026-04-01,2026-03-01,STATE,Abia,Abia,Abia,South East,FALSE,1247.83832127814,NGN per litre,2026-03-01,FALSE,,2,PMS_APRIL_2026.zip,Fuel APRIL 2026.xlsx,Fuel APRIL 2026,3,3,C3
2026-04-01,2026-03-01,STATE,Abuja,Abuja,Abuja,North Central,FALSE,1268.49054548488,NGN per litre,2026-03-01,FALSE,,2,PMS_APRIL_2026.zip,Fuel APRIL 2026.xlsx,Fuel APRIL 2026,4,3,C4
2026-04-01,2026-03-01,STATE,Adamawa,Adamawa,Adamawa,North East,FALSE,1350.73216507967,NGN per litre,2026-03-01,FALSE,,2,PMS_APRIL_2026.zip,Fuel APRIL 2026.xlsx,Fuel APRIL 2026,5,3,C5
2026-04-01,2026-03-01,STATE,Akwa Ibom,Akwa Ibom,Akwa Ibom,South South,FALSE,1301.51613711667,NGN per litre,2026-03-01,FALSE,,2,PMS_APRIL_2026.zip,Fuel APRIL 2026.xlsx,Fuel APRIL 2026,6,3,C6
2026-04-01,2026-03-01,STATE,Anambra,Anambra,Anambra,South East,FALSE,1441.22427981338,NGN per litre,2026-03-01,FALSE,,2,PMS_APRIL_2026.zip,Fuel APRIL 2026.xlsx,Fuel APRIL 2026,7,3,C7
2026-04-01,2026-03-01,STATE,Bauchi,Bauchi,Bauchi,North East,FALSE,1290.47287921808,NGN per litre,2026-03-01,FALSE,,2,PMS_APRIL_2026.zip,Fuel APRIL 2026.xlsx,Fuel APRIL 2026,8,3,C8
2026-04-01,2026-03-01,STATE,Bayelsa,Bayelsa,Bayelsa,South South,FALSE,1252.48479633167,NGN per litre,2026-03-01,FALSE,,2,PMS_APRIL_2026.zip,Fuel APRIL 2026.xlsx,Fuel APRIL 2026,9,3,C9
2026-04-01,2026-03-01,STATE,Benue,Benue,Benue,North Central,FALSE,1303.67942923968,NGN per litre,2026-03-01,FALSE,,2,PMS_APRIL_2026.zip,Fuel APRIL 2026.xlsx,Fuel APRIL 2026,10,3,C10
2026-04-01,2026-03-01,STATE,Borno,Borno,Borno,North East,FALSE,1375.16229181218,NGN per litre,2026-03-01,FALSE,,2,PMS_APRIL_2026.zip,Fuel APRIL 2026.xlsx,Fuel APRIL 2026,11,3,C11
2026-04-01,2026-03-01,STATE,Cross River,Cross River,Cross River,South South,FALSE,1365.02263765984,NGN per litre,2026-03-01,FALSE,,2,PMS_APRIL_2026.zip,Fuel APRIL 2026.xlsx,Fuel APRIL 2026,12,3,C12
2026-04-01,2026-03-01,STATE,Delta,Delta,Delta,South South,FALSE,1279.60185921462,NGN per litre,2026-03-01,FALSE,,2,PMS_APRIL_2026.zip,Fuel APRIL 2026.xlsx,Fuel APRIL 2026,13,3,C13
2026-04-01,2026-03-01,STATE,Ebonyi,Ebonyi,Ebonyi,South East,FALSE,1287.9259111483,NGN per litre,2026-03-01,FALSE,,2,PMS_APRIL_2026.zip,Fuel APRIL 2026.xlsx,Fuel APRIL 2026,14,3,C14
2026-04-01,2026-03-01,STATE,Edo,Edo,Edo,South South,FALSE,1315.0849964611,NGN per litre,2026-03-01,FALSE,,2,PMS_APRIL_2026.zip,Fuel APRIL 2026.xlsx,Fuel APRIL 2026,15,3,C15
2026-04-01,2026-03-01,STATE,Ekiti,Ekiti,Ekiti,South West,FALSE,1246.15844925373,NGN per litre,2026-03-01,FALSE,,2,PMS_APRIL_2026.zip,Fuel APRIL 2026.xlsx,Fuel APRIL 2026,16,3,C16
2026-04-01,2026-03-01,STATE,Enugu,Enugu,Enugu,South East,FALSE,1308.21524424624,NGN per litre,2026-03-01,FALSE,,2,PMS_APRIL_2026.zip,Fuel APRIL 2026.xlsx,Fuel APRIL 2026,17,3,C17
2026-04-01,2026-03-01,STATE,Gombe,Gombe,Gombe,North East,FALSE,1334.83198596773,NGN per litre,2026-03-01,FALSE,,2,PMS_APRIL_2026.zip,Fuel APRIL 2026.xlsx,Fuel APRIL 2026,18,3,C18
2026-04-01,2026-03-01,STATE,Imo,Imo,Imo,South East,FALSE,1291.09849254421,NGN per litre,2026-03-01,FALSE,,2,PMS_APRIL_2026.zip,Fuel APRIL 2026.xlsx,Fuel APRIL 2026,19,3,C19
2026-04-01,2026-03-01,STATE,Jigawa,Jigawa,Jigawa,North West,FALSE,1270.0622189492,NGN per litre,2026-03-01,FALSE,,2,PMS_APRIL_2026.zip,Fuel APRIL 2026.xlsx,Fuel APRIL 2026,20,3,C20
2026-04-01,2026-03-01,STATE,Kaduna,Kaduna,Kaduna,North West,FALSE,1193.398,NGN per litre,2026-03-01,FALSE,,2,PMS_APRIL_2026.zip,Fuel APRIL 2026.xlsx,Fuel APRIL 2026,21,3,C21
2026-04-01,2026-03-01,STATE,Kano,Kano,Kano,North West,FALSE,1280.13998702694,NGN per litre,2026-03-01,FALSE,,2,PMS_APRIL_2026.zip,Fuel APRIL 2026.xlsx,Fuel APRIL 2026,22,3,C22
2026-04-01,2026-03-01,STATE,Katsina,Katsina,Katsina,North West,FALSE,1356.405002672,NGN per litre,2026-03-01,FALSE,,2,PMS_APRIL_2026.zip,Fuel APRIL 2026.xlsx,Fuel APRIL 2026,23,3,C23
2026-04-01,2026-03-01,STATE,Kebbi,Kebbi,Kebbi,North West,FALSE,1337.2598090125,NGN per litre,2026-03-01,FALSE,,2,PMS_APRIL_2026.zip,Fuel APRIL 2026.xlsx,Fuel APRIL 2026,24,3,C24
2026-04-01,2026-03-01,STATE,Kogi,Kogi,Kogi,North Central,FALSE,1217.24,NGN per litre,2026-03-01,FALSE,,2,PMS_APRIL_2026.zip,Fuel APRIL 2026.xlsx,Fuel APRIL 2026,25,3,C25
2026-04-01,2026-03-01,STATE,Kwara,Kwara,Kwara,North Central,FALSE,1224.27738268556,NGN per litre,2026-03-01,FALSE,,2,PMS_APRIL_2026.zip,Fuel APRIL 2026.xlsx,Fuel APRIL 2026,26,3,C26
2026-04-01,2026-03-01,STATE,Lagos,Lagos,Lagos,South West,FALSE,1162.70596565252,NGN per litre,2026-03-01,FALSE,,2,PMS_APRIL_2026.zip,Fuel APRIL 2026.xlsx,Fuel APRIL 2026,27,3,C27
2026-04-01,2026-03-01,STATE,Nasarawa,Nasarawa,Nasarawa,North Central,FALSE,1213.79573163491,NGN per litre,2026-03-01,FALSE,,2,PMS_APRIL_2026.zip,Fuel APRIL 2026.xlsx,Fuel APRIL 2026,28,3,C28
2026-04-01,2026-03-01,STATE,Niger,Niger,Niger,North Central,FALSE,1328.42244612704,NGN per litre,2026-03-01,FALSE,,2,PMS_APRIL_2026.zip,Fuel APRIL 2026.xlsx,Fuel APRIL 2026,29,3,C29
2026-04-01,2026-03-01,STATE,Ogun,Ogun,Ogun,South West,FALSE,1169.78183931909,NGN per litre,2026-03-01,FALSE,,2,PMS_APRIL_2026.zip,Fuel APRIL 2026.xlsx,Fuel APRIL 2026,30,3,C30
2026-04-01,2026-03-01,STATE,Ondo,Ondo,Ondo,South West,FALSE,1287.82521966034,NGN per litre,2026-03-01,FALSE,,2,PMS_APRIL_2026.zip,Fuel APRIL 2026.xlsx,Fuel APRIL 2026,31,3,C31
2026-04-01,2026-03-01,STATE,Osun,Osun,Osun,South West,FALSE,1256.95702153948,NGN per litre,2026-03-01,FALSE,,2,PMS_APRIL_2026.zip,Fuel APRIL 2026.xlsx,Fuel APRIL 2026,32,3,C32
2026-04-01,2026-03-01,STATE,Oyo,Oyo,Oyo,South West,FALSE,1271.3053739558,NGN per litre,2026-03-01,FALSE,,2,PMS_APRIL_2026.zip,Fuel APRIL 2026.xlsx,Fuel APRIL 2026,33,3,C33
2026-04-01,2026-03-01,STATE,Plateau,Plateau,Plateau,North Central,FALSE,1252.44817328204,NGN per litre,2026-03-01,FALSE,,2,PMS_APRIL_2026.zip,Fuel APRIL 2026.xlsx,Fuel APRIL 2026,34,3,C34
2026-04-01,2026-03-01,STATE,Rivers,Rivers,Rivers,South South,FALSE,1247.83755323914,NGN per litre,2026-03-01,FALSE,,2,PMS_APRIL_2026.zip,Fuel APRIL 2026.xlsx,Fuel APRIL 2026,35,3,C35
2026-04-01,2026-03-01,STATE,Sokoto,Sokoto,Sokoto,North West,FALSE,1377.55424149742,NGN per litre,2026-03-01,FALSE,,2,PMS_APRIL_2026.zip,Fuel APRIL 2026.xlsx,Fuel APRIL 2026,36,3,C36
2026-04-01,2026-03-01,STATE,Taraba,Taraba,Taraba,North East,FALSE,1305.7440770852,NGN per litre,2026-03-01,FALSE,,2,PMS_APRIL_2026.zip,Fuel APRIL 2026.xlsx,Fuel APRIL 2026,37,3,C37
2026-04-01,2026-03-01,STATE,Yobe,Yobe,Yobe,North East,FALSE,1362.05176682632,NGN per litre,2026-03-01,FALSE,,2,PMS_APRIL_2026.zip,Fuel APRIL 2026.xlsx,Fuel APRIL 2026,38,3,C38
2026-04-01,2026-03-01,STATE,Zamfara,Zamfara,Zamfara,North West,FALSE,1301.30548768965,NGN per litre,2026-03-01,FALSE,,2,PMS_APRIL_2026.zip,Fuel APRIL 2026.xlsx,Fuel APRIL 2026,39,3,C39
2026-04-01,2026-03-01,NATIONAL,Nigeria,AVERAGE,,,TRUE,1288.54210053312,NGN per litre,2026-03-01,FALSE,,2,PMS_APRIL_2026.zip,Fuel APRIL 2026.xlsx,Fuel APRIL 2026,40,3,C40
2026-04-01,2026-04-01,STATE,Abia,Abia,Abia,South East,FALSE,1557.39273955503,NGN per litre,2026-04-01,TRUE,,2,PMS_APRIL_2026.zip,Fuel APRIL 2026.xlsx,Fuel APRIL 2026,3,4,D3
2026-04-01,2026-04-01,STATE,Abuja,Abuja,Abuja,North Central,FALSE,1553.74594061519,NGN per litre,2026-04-01,TRUE,,2,PMS_APRIL_2026.zip,Fuel APRIL 2026.xlsx,Fuel APRIL 2026,4,4,D4
2026-04-01,2026-04-01,STATE,Adamawa,Adamawa,Adamawa,North East,FALSE,1417.58375207038,NGN per litre,2026-04-01,TRUE,,2,PMS_APRIL_2026.zip,Fuel APRIL 2026.xlsx,Fuel APRIL 2026,5,4,D5
2026-04-01,2026-04-01,STATE,Akwa Ibom,Akwa Ibom,Akwa Ibom,South South,FALSE,1585.59740715236,NGN per litre,2026-04-01,TRUE,,2,PMS_APRIL_2026.zip,Fuel APRIL 2026.xlsx,Fuel APRIL 2026,6,4,D6
2026-04-01,2026-04-01,STATE,Anambra,Anambra,Anambra,South East,FALSE,1515.72202546246,NGN per litre,2026-04-01,TRUE,,2,PMS_APRIL_2026.zip,Fuel APRIL 2026.xlsx,Fuel APRIL 2026,7,4,D7
2026-04-01,2026-04-01,STATE,Bauchi,Bauchi,Bauchi,North East,FALSE,1589.06706401095,NGN per litre,2026-04-01,TRUE,,2,PMS_APRIL_2026.zip,Fuel APRIL 2026.xlsx,Fuel APRIL 2026,8,4,D8
2026-04-01,2026-04-01,STATE,Bayelsa,Bayelsa,Bayelsa,South South,FALSE,1536.81018734811,NGN per litre,2026-04-01,TRUE,,2,PMS_APRIL_2026.zip,Fuel APRIL 2026.xlsx,Fuel APRIL 2026,9,4,D9
2026-04-01,2026-04-01,STATE,Benue,Benue,Benue,North Central,FALSE,1582.75418425999,NGN per litre,2026-04-01,TRUE,,2,PMS_APRIL_2026.zip,Fuel APRIL 2026.xlsx,Fuel APRIL 2026,10,4,D10
2026-04-01,2026-04-01,STATE,Borno,Borno,Borno,North East,FALSE,1476.11533851558,NGN per litre,2026-04-01,TRUE,,2,PMS_APRIL_2026.zip,Fuel APRIL 2026.xlsx,Fuel APRIL 2026,11,4,D11
2026-04-01,2026-04-01,STATE,Cross River,Cross River,Cross River,South South,FALSE,1514.14184972602,NGN per litre,2026-04-01,TRUE,,2,PMS_APRIL_2026.zip,Fuel APRIL 2026.xlsx,Fuel APRIL 2026,12,4,D12
2026-04-01,2026-04-01,STATE,Delta,Delta,Delta,South South,FALSE,1588.86307648364,NGN per litre,2026-04-01,TRUE,,2,PMS_APRIL_2026.zip,Fuel APRIL 2026.xlsx,Fuel APRIL 2026,13,4,D13
2026-04-01,2026-04-01,STATE,Ebonyi,Ebonyi,Ebonyi,South East,FALSE,1537.48336652086,NGN per litre,2026-04-01,TRUE,,2,PMS_APRIL_2026.zip,Fuel APRIL 2026.xlsx,Fuel APRIL 2026,14,4,D14
2026-04-01,2026-04-01,STATE,Edo,Edo,Edo,South South,FALSE,1595.74158068873,NGN per litre,2026-04-01,TRUE,,2,PMS_APRIL_2026.zip,Fuel APRIL 2026.xlsx,Fuel APRIL 2026,15,4,D15
2026-04-01,2026-04-01,STATE,Ekiti,Ekiti,Ekiti,South West,FALSE,1547.71967048727,NGN per litre,2026-04-01,TRUE,,2,PMS_APRIL_2026.zip,Fuel APRIL 2026.xlsx,Fuel APRIL 2026,16,4,D16
2026-04-01,2026-04-01,STATE,Enugu,Enugu,Enugu,South East,FALSE,1430.18348494285,NGN per litre,2026-04-01,TRUE,,2,PMS_APRIL_2026.zip,Fuel APRIL 2026.xlsx,Fuel APRIL 2026,17,4,D17
2026-04-01,2026-04-01,STATE,Gombe,Gombe,Gombe,North East,FALSE,1586.62160026871,NGN per litre,2026-04-01,TRUE,,2,PMS_APRIL_2026.zip,Fuel APRIL 2026.xlsx,Fuel APRIL 2026,18,4,D18
2026-04-01,2026-04-01,STATE,Imo,Imo,Imo,South East,FALSE,1573.08297270733,NGN per litre,2026-04-01,TRUE,,2,PMS_APRIL_2026.zip,Fuel APRIL 2026.xlsx,Fuel APRIL 2026,19,4,D19
2026-04-01,2026-04-01,STATE,Jigawa,Jigawa,Jigawa,North West,FALSE,1572.52876508757,NGN per litre,2026-04-01,TRUE,,2,PMS_APRIL_2026.zip,Fuel APRIL 2026.xlsx,Fuel APRIL 2026,20,4,D20
2026-04-01,2026-04-01,STATE,Kaduna,Kaduna,Kaduna,North West,FALSE,1534.10767733333,NGN per litre,2026-04-01,TRUE,,2,PMS_APRIL_2026.zip,Fuel APRIL 2026.xlsx,Fuel APRIL 2026,21,4,D21
2026-04-01,2026-04-01,STATE,Kano,Kano,Kano,North West,FALSE,1579.2999070854,NGN per litre,2026-04-01,TRUE,,2,PMS_APRIL_2026.zip,Fuel APRIL 2026.xlsx,Fuel APRIL 2026,22,4,D22
2026-04-01,2026-04-01,STATE,Katsina,Katsina,Katsina,North West,FALSE,1406.27520612381,NGN per litre,2026-04-01,TRUE,,2,PMS_APRIL_2026.zip,Fuel APRIL 2026.xlsx,Fuel APRIL 2026,23,4,D23
2026-04-01,2026-04-01,STATE,Kebbi,Kebbi,Kebbi,North West,FALSE,1501.02504091734,NGN per litre,2026-04-01,TRUE,,2,PMS_APRIL_2026.zip,Fuel APRIL 2026.xlsx,Fuel APRIL 2026,24,4,D24
2026-04-01,2026-04-01,STATE,Kogi,Kogi,Kogi,North Central,FALSE,1474.31343494922,NGN per litre,2026-04-01,TRUE,,2,PMS_APRIL_2026.zip,Fuel APRIL 2026.xlsx,Fuel APRIL 2026,25,4,D25
2026-04-01,2026-04-01,STATE,Kwara,Kwara,Kwara,North Central,FALSE,1535.78307383459,NGN per litre,2026-04-01,TRUE,,2,PMS_APRIL_2026.zip,Fuel APRIL 2026.xlsx,Fuel APRIL 2026,26,4,D26
2026-04-01,2026-04-01,STATE,Lagos,Lagos,Lagos,South West,FALSE,1486.1679232638,NGN per litre,2026-04-01,TRUE,,2,PMS_APRIL_2026.zip,Fuel APRIL 2026.xlsx,Fuel APRIL 2026,27,4,D27
2026-04-01,2026-04-01,STATE,Nasarawa,Nasarawa,Nasarawa,North Central,FALSE,1546.88663025952,NGN per litre,2026-04-01,TRUE,,2,PMS_APRIL_2026.zip,Fuel APRIL 2026.xlsx,Fuel APRIL 2026,28,4,D28
2026-04-01,2026-04-01,STATE,Niger,Niger,Niger,North Central,FALSE,1403.89101575611,NGN per litre,2026-04-01,TRUE,,2,PMS_APRIL_2026.zip,Fuel APRIL 2026.xlsx,Fuel APRIL 2026,29,4,D29
2026-04-01,2026-04-01,STATE,Ogun,Ogun,Ogun,South West,FALSE,1529.66662722857,NGN per litre,2026-04-01,TRUE,,2,PMS_APRIL_2026.zip,Fuel APRIL 2026.xlsx,Fuel APRIL 2026,30,4,D30
2026-04-01,2026-04-01,STATE,Ondo,Ondo,Ondo,South West,FALSE,1573.55648550312,NGN per litre,2026-04-01,TRUE,,2,PMS_APRIL_2026.zip,Fuel APRIL 2026.xlsx,Fuel APRIL 2026,31,4,D31
2026-04-01,2026-04-01,STATE,Osun,Osun,Osun,South West,FALSE,1521.85181644109,NGN per litre,2026-04-01,TRUE,,2,PMS_APRIL_2026.zip,Fuel APRIL 2026.xlsx,Fuel APRIL 2026,32,4,D32
2026-04-01,2026-04-01,STATE,Oyo,Oyo,Oyo,South West,FALSE,1555.32480941796,NGN per litre,2026-04-01,TRUE,,2,PMS_APRIL_2026.zip,Fuel APRIL 2026.xlsx,Fuel APRIL 2026,33,4,D33
2026-04-01,2026-04-01,STATE,Plateau,Plateau,Plateau,North Central,FALSE,1580.78901471146,NGN per litre,2026-04-01,TRUE,,2,PMS_APRIL_2026.zip,Fuel APRIL 2026.xlsx,Fuel APRIL 2026,34,4,D34
2026-04-01,2026-04-01,STATE,Rivers,Rivers,Rivers,South South,FALSE,1579.40591026747,NGN per litre,2026-04-01,TRUE,,2,PMS_APRIL_2026.zip,Fuel APRIL 2026.xlsx,Fuel APRIL 2026,35,4,D35
2026-04-01,2026-04-01,STATE,Sokoto,Sokoto,Sokoto,North West,FALSE,1404.15931560314,NGN per litre,2026-04-01,TRUE,,2,PMS_APRIL_2026.zip,Fuel APRIL 2026.xlsx,Fuel APRIL 2026,36,4,D36
2026-04-01,2026-04-01,STATE,Taraba,Taraba,Taraba,North East,FALSE,1581.3072072015,NGN per litre,2026-04-01,TRUE,,2,PMS_APRIL_2026.zip,Fuel APRIL 2026.xlsx,Fuel APRIL 2026,37,4,D37
2026-04-01,2026-04-01,STATE,Yobe,Yobe,Yobe,North East,FALSE,1599.05375040894,NGN per litre,2026-04-01,TRUE,,2,PMS_APRIL_2026.zip,Fuel APRIL 2026.xlsx,Fuel APRIL 2026,38,4,D38
2026-04-01,2026-04-01,STATE,Zamfara,Zamfara,Zamfara,North West,FALSE,1564.25017379324,NGN per litre,2026-04-01,TRUE,,2,PMS_APRIL_2026.zip,Fuel APRIL 2026.xlsx,Fuel APRIL 2026,39,4,D39
2026-04-01,2026-04-01,ZONE,North Central,North Central,,North Central,TRUE,1525.45189919801,NGN per litre,Average Price,TRUE,,2,PMS_APRIL_2026.zip,Fuel APRIL 2026.xlsx,Fuel APRIL 2026,4,7,G4
2026-04-01,2026-04-01,ZONE,North East,North East,,North East,TRUE,1541.62478541268,NGN per litre,Average Price,TRUE,,2,PMS_APRIL_2026.zip,Fuel APRIL 2026.xlsx,Fuel APRIL 2026,5,7,G5
2026-04-01,2026-04-01,ZONE,North West,North West,,North West,TRUE,1508.80658370626,NGN per litre,Average Price,TRUE,,2,PMS_APRIL_2026.zip,Fuel APRIL 2026.xlsx,Fuel APRIL 2026,8,7,G8
2026-04-01,2026-04-01,ZONE,South East,South East,,South East,TRUE,1522.77291783771,NGN per litre,Average Price,TRUE,,2,PMS_APRIL_2026.zip,Fuel APRIL 2026.xlsx,Fuel APRIL 2026,3,7,G3
2026-04-01,2026-04-01,ZONE,South South,South South,,South South,TRUE,1566.76000194439,NGN per litre,Average Price,TRUE,,2,PMS_APRIL_2026.zip,Fuel APRIL 2026.xlsx,Fuel APRIL 2026,6,7,G6
2026-04-01,2026-04-01,ZONE,South West,South West,,South West,TRUE,1535.7145553903,NGN per litre,Average Price,TRUE,,2,PMS_APRIL_2026.zip,Fuel APRIL 2026.xlsx,Fuel APRIL 2026,7,7,G7
2026-04-01,2026-04-01,NATIONAL,Nigeria,AVERAGE,,,TRUE,1532.92621691899,NGN per litre,2026-04-01,TRUE,,2,PMS_APRIL_2026.zip,Fuel APRIL 2026.xlsx,Fuel APRIL 2026,40,4,D40
2026-05-01,2025-05-01,STATE,Abia,Abia,Abia,South East,FALSE,1059.0165,NGN per litre,2025-05-01,FALSE,,3,PMS_Report_MAY_2026.zip,Fuel_MAY_2026.xlsx,Fuel MAY 2026,4,2,B4
2026-05-01,2025-05-01,STATE,Abuja,Abuja,Abuja,North Central,FALSE,1029.8,NGN per litre,2025-05-01,FALSE,,3,PMS_Report_MAY_2026.zip,Fuel_MAY_2026.xlsx,Fuel MAY 2026,5,2,B5
2026-05-01,2025-05-01,STATE,Adamawa,Adamawa,Adamawa,North East,FALSE,1053.4,NGN per litre,2025-05-01,FALSE,,3,PMS_Report_MAY_2026.zip,Fuel_MAY_2026.xlsx,Fuel MAY 2026,6,2,B6
2026-05-01,2025-05-01,STATE,Akwa Ibom,Akwa Ibom,Akwa Ibom,South South,FALSE,1033.4087499999998,NGN per litre,2025-05-01,FALSE,,3,PMS_Report_MAY_2026.zip,Fuel_MAY_2026.xlsx,Fuel MAY 2026,7,2,B7
2026-05-01,2025-05-01,STATE,Anambra,Anambra,Anambra,South East,FALSE,1084.130802533333,NGN per litre,2025-05-01,FALSE,,3,PMS_Report_MAY_2026.zip,Fuel_MAY_2026.xlsx,Fuel MAY 2026,8,2,B8
2026-05-01,2025-05-01,STATE,Bauchi,Bauchi,Bauchi,North East,FALSE,1053.731229,NGN per litre,2025-05-01,FALSE,,3,PMS_Report_MAY_2026.zip,Fuel_MAY_2026.xlsx,Fuel MAY 2026,9,2,B9
2026-05-01,2025-05-01,STATE,Bayelsa,Bayelsa,Bayelsa,South South,FALSE,1006,NGN per litre,2025-05-01,FALSE,,3,PMS_Report_MAY_2026.zip,Fuel_MAY_2026.xlsx,Fuel MAY 2026,10,2,B10
2026-05-01,2025-05-01,STATE,Benue,Benue,Benue,North Central,FALSE,1009.3076923076923,NGN per litre,2025-05-01,FALSE,,3,PMS_Report_MAY_2026.zip,Fuel_MAY_2026.xlsx,Fuel MAY 2026,11,2,B11
2026-05-01,2025-05-01,STATE,Borno,Borno,Borno,North East,FALSE,1034.9333333333334,NGN per litre,2025-05-01,FALSE,,3,PMS_Report_MAY_2026.zip,Fuel_MAY_2026.xlsx,Fuel MAY 2026,12,2,B12
2026-05-01,2025-05-01,STATE,Cross River,Cross River,Cross River,South South,FALSE,1000.55375,NGN per litre,2025-05-01,FALSE,,3,PMS_Report_MAY_2026.zip,Fuel_MAY_2026.xlsx,Fuel MAY 2026,13,2,B13
2026-05-01,2025-05-01,STATE,Delta,Delta,Delta,South South,FALSE,1067.3394,NGN per litre,2025-05-01,FALSE,,3,PMS_Report_MAY_2026.zip,Fuel_MAY_2026.xlsx,Fuel MAY 2026,14,2,B14
2026-05-01,2025-05-01,STATE,Ebonyi,Ebonyi,Ebonyi,South East,FALSE,1060.1787673714284,NGN per litre,2025-05-01,FALSE,,3,PMS_Report_MAY_2026.zip,Fuel_MAY_2026.xlsx,Fuel MAY 2026,15,2,B15
2026-05-01,2025-05-01,STATE,Edo,Edo,Edo,South South,FALSE,1020,NGN per litre,2025-05-01,FALSE,,3,PMS_Report_MAY_2026.zip,Fuel_MAY_2026.xlsx,Fuel MAY 2026,16,2,B16
2026-05-01,2025-05-01,STATE,Ekiti,Ekiti,Ekiti,South West,FALSE,1001.1949177999999,NGN per litre,2025-05-01,FALSE,,3,PMS_Report_MAY_2026.zip,Fuel_MAY_2026.xlsx,Fuel MAY 2026,17,2,B17
2026-05-01,2025-05-01,STATE,Enugu,Enugu,Enugu,South East,FALSE,1054.5901666666666,NGN per litre,2025-05-01,FALSE,,3,PMS_Report_MAY_2026.zip,Fuel_MAY_2026.xlsx,Fuel MAY 2026,18,2,B18
2026-05-01,2025-05-01,STATE,Gombe,Gombe,Gombe,North East,FALSE,990,NGN per litre,2025-05-01,FALSE,,3,PMS_Report_MAY_2026.zip,Fuel_MAY_2026.xlsx,Fuel MAY 2026,19,2,B19
2026-05-01,2025-05-01,STATE,Imo,Imo,Imo,South East,FALSE,987.8571428571429,NGN per litre,2025-05-01,FALSE,,3,PMS_Report_MAY_2026.zip,Fuel_MAY_2026.xlsx,Fuel MAY 2026,20,2,B20
2026-05-01,2025-05-01,STATE,Jigawa,Jigawa,Jigawa,North West,FALSE,1079.0163613,NGN per litre,2025-05-01,FALSE,,3,PMS_Report_MAY_2026.zip,Fuel_MAY_2026.xlsx,Fuel MAY 2026,21,2,B21
2026-05-01,2025-05-01,STATE,Kaduna,Kaduna,Kaduna,North West,FALSE,1020.8271128,NGN per litre,2025-05-01,FALSE,,3,PMS_Report_MAY_2026.zip,Fuel_MAY_2026.xlsx,Fuel MAY 2026,22,2,B22
2026-05-01,2025-05-01,STATE,Kano,Kano,Kano,North West,FALSE,988.16172,NGN per litre,2025-05-01,FALSE,,3,PMS_Report_MAY_2026.zip,Fuel_MAY_2026.xlsx,Fuel MAY 2026,23,2,B23
2026-05-01,2025-05-01,STATE,Katsina,Katsina,Katsina,North West,FALSE,992.22125,NGN per litre,2025-05-01,FALSE,,3,PMS_Report_MAY_2026.zip,Fuel_MAY_2026.xlsx,Fuel MAY 2026,24,2,B24
2026-05-01,2025-05-01,STATE,Kebbi,Kebbi,Kebbi,North West,FALSE,1021.790906425,NGN per litre,2025-05-01,FALSE,,3,PMS_Report_MAY_2026.zip,Fuel_MAY_2026.xlsx,Fuel MAY 2026,25,2,B25
2026-05-01,2025-05-01,STATE,Kogi,Kogi,Kogi,North Central,FALSE,986.6666666666666,NGN per litre,2025-05-01,FALSE,,3,PMS_Report_MAY_2026.zip,Fuel_MAY_2026.xlsx,Fuel MAY 2026,26,2,B26
2026-05-01,2025-05-01,STATE,Kwara,Kwara,Kwara,North Central,FALSE,1038.0637257350002,NGN per litre,2025-05-01,FALSE,,3,PMS_Report_MAY_2026.zip,Fuel_MAY_2026.xlsx,Fuel MAY 2026,27,2,B27
2026-05-01,2025-05-01,STATE,Lagos,Lagos,Lagos,South West,FALSE,1077.050976,NGN per litre,2025-05-01,FALSE,,3,PMS_Report_MAY_2026.zip,Fuel_MAY_2026.xlsx,Fuel MAY 2026,28,2,B28
2026-05-01,2025-05-01,STATE,Nasarawa,Nasarawa,Nasarawa,North Central,FALSE,992,NGN per litre,2025-05-01,FALSE,,3,PMS_Report_MAY_2026.zip,Fuel_MAY_2026.xlsx,Fuel MAY 2026,29,2,B29
2026-05-01,2025-05-01,STATE,Niger,Niger,Niger,North Central,FALSE,991.075,NGN per litre,2025-05-01,FALSE,,3,PMS_Report_MAY_2026.zip,Fuel_MAY_2026.xlsx,Fuel MAY 2026,30,2,B30
2026-05-01,2025-05-01,STATE,Ogun,Ogun,Ogun,South West,FALSE,1013.125,NGN per litre,2025-05-01,FALSE,,3,PMS_Report_MAY_2026.zip,Fuel_MAY_2026.xlsx,Fuel MAY 2026,31,2,B31
2026-05-01,2025-05-01,STATE,Ondo,Ondo,Ondo,South West,FALSE,1083.4709257333334,NGN per litre,2025-05-01,FALSE,,3,PMS_Report_MAY_2026.zip,Fuel_MAY_2026.xlsx,Fuel MAY 2026,32,2,B32
2026-05-01,2025-05-01,STATE,Osun,Osun,Osun,South West,FALSE,1060.5752577777776,NGN per litre,2025-05-01,FALSE,,3,PMS_Report_MAY_2026.zip,Fuel_MAY_2026.xlsx,Fuel MAY 2026,33,2,B33
2026-05-01,2025-05-01,STATE,Oyo,Oyo,Oyo,South West,FALSE,1038.005678627451,NGN per litre,2025-05-01,FALSE,,3,PMS_Report_MAY_2026.zip,Fuel_MAY_2026.xlsx,Fuel MAY 2026,34,2,B34
2026-05-01,2025-05-01,STATE,Plateau,Plateau,Plateau,North Central,FALSE,991.0518312794999,NGN per litre,2025-05-01,FALSE,,3,PMS_Report_MAY_2026.zip,Fuel_MAY_2026.xlsx,Fuel MAY 2026,35,2,B35
2026-05-01,2025-05-01,STATE,Rivers,Rivers,Rivers,South South,FALSE,981.6666666666666,NGN per litre,2025-05-01,FALSE,,3,PMS_Report_MAY_2026.zip,Fuel_MAY_2026.xlsx,Fuel MAY 2026,36,2,B36
2026-05-01,2025-05-01,STATE,Sokoto,Sokoto,Sokoto,North West,FALSE,1100,NGN per litre,2025-05-01,FALSE,,3,PMS_Report_MAY_2026.zip,Fuel_MAY_2026.xlsx,Fuel MAY 2026,37,2,B37
2026-05-01,2025-05-01,STATE,Taraba,Taraba,Taraba,North East,FALSE,983,NGN per litre,2025-05-01,FALSE,,3,PMS_Report_MAY_2026.zip,Fuel_MAY_2026.xlsx,Fuel MAY 2026,38,2,B38
2026-05-01,2025-05-01,STATE,Yobe,Yobe,Yobe,North East,FALSE,950.6,NGN per litre,2025-05-01,FALSE,,3,PMS_Report_MAY_2026.zip,Fuel_MAY_2026.xlsx,Fuel MAY 2026,39,2,B39
2026-05-01,2025-05-01,STATE,Zamfara,Zamfara,Zamfara,North West,FALSE,1093.2114462,NGN per litre,2025-05-01,FALSE,,3,PMS_Report_MAY_2026.zip,Fuel_MAY_2026.xlsx,Fuel MAY 2026,40,2,B40
2026-05-01,2025-05-01,NATIONAL,Nigeria,AVERAGE,,,TRUE,1027.7573777589457,NGN per litre,2025-05-01,FALSE,,3,PMS_Report_MAY_2026.zip,Fuel_MAY_2026.xlsx,Fuel MAY 2026,41,2,B41
2026-05-01,2026-04-01,STATE,Abia,Abia,Abia,South East,FALSE,1557.3927395550345,NGN per litre,2026-04-01,FALSE,,3,PMS_Report_MAY_2026.zip,Fuel_MAY_2026.xlsx,Fuel MAY 2026,4,3,C4
2026-05-01,2026-04-01,STATE,Abuja,Abuja,Abuja,North Central,FALSE,1553.7459406151877,NGN per litre,2026-04-01,FALSE,,3,PMS_Report_MAY_2026.zip,Fuel_MAY_2026.xlsx,Fuel MAY 2026,5,3,C5
2026-05-01,2026-04-01,STATE,Adamawa,Adamawa,Adamawa,North East,FALSE,1417.58375207038,NGN per litre,2026-04-01,FALSE,,3,PMS_Report_MAY_2026.zip,Fuel_MAY_2026.xlsx,Fuel MAY 2026,6,3,C6
2026-05-01,2026-04-01,STATE,Akwa Ibom,Akwa Ibom,Akwa Ibom,South South,FALSE,1585.597407152361,NGN per litre,2026-04-01,FALSE,,3,PMS_Report_MAY_2026.zip,Fuel_MAY_2026.xlsx,Fuel MAY 2026,7,3,C7
2026-05-01,2026-04-01,STATE,Anambra,Anambra,Anambra,South East,FALSE,1515.72202546246,NGN per litre,2026-04-01,FALSE,,3,PMS_Report_MAY_2026.zip,Fuel_MAY_2026.xlsx,Fuel MAY 2026,8,3,C8
2026-05-01,2026-04-01,STATE,Bauchi,Bauchi,Bauchi,North East,FALSE,1589.0670640109502,NGN per litre,2026-04-01,FALSE,,3,PMS_Report_MAY_2026.zip,Fuel_MAY_2026.xlsx,Fuel MAY 2026,9,3,C9
2026-05-01,2026-04-01,STATE,Bayelsa,Bayelsa,Bayelsa,South South,FALSE,1536.8101873481082,NGN per litre,2026-04-01,FALSE,,3,PMS_Report_MAY_2026.zip,Fuel_MAY_2026.xlsx,Fuel MAY 2026,10,3,C10
2026-05-01,2026-04-01,STATE,Benue,Benue,Benue,North Central,FALSE,1582.754184259985,NGN per litre,2026-04-01,FALSE,,3,PMS_Report_MAY_2026.zip,Fuel_MAY_2026.xlsx,Fuel MAY 2026,11,3,C11
2026-05-01,2026-04-01,STATE,Borno,Borno,Borno,North East,FALSE,1476.11533851558,NGN per litre,2026-04-01,FALSE,,3,PMS_Report_MAY_2026.zip,Fuel_MAY_2026.xlsx,Fuel MAY 2026,12,3,C12
2026-05-01,2026-04-01,STATE,Cross River,Cross River,Cross River,South South,FALSE,1514.14184972602,NGN per litre,2026-04-01,FALSE,,3,PMS_Report_MAY_2026.zip,Fuel_MAY_2026.xlsx,Fuel MAY 2026,13,3,C13
2026-05-01,2026-04-01,STATE,Delta,Delta,Delta,South South,FALSE,1588.863076483639,NGN per litre,2026-04-01,FALSE,,3,PMS_Report_MAY_2026.zip,Fuel_MAY_2026.xlsx,Fuel MAY 2026,14,3,C14
2026-05-01,2026-04-01,STATE,Ebonyi,Ebonyi,Ebonyi,South East,FALSE,1537.483366520864,NGN per litre,2026-04-01,FALSE,,3,PMS_Report_MAY_2026.zip,Fuel_MAY_2026.xlsx,Fuel MAY 2026,15,3,C15
2026-05-01,2026-04-01,STATE,Edo,Edo,Edo,South South,FALSE,1595.7415806887257,NGN per litre,2026-04-01,FALSE,,3,PMS_Report_MAY_2026.zip,Fuel_MAY_2026.xlsx,Fuel MAY 2026,16,3,C16
2026-05-01,2026-04-01,STATE,Ekiti,Ekiti,Ekiti,South West,FALSE,1547.7196704872742,NGN per litre,2026-04-01,FALSE,,3,PMS_Report_MAY_2026.zip,Fuel_MAY_2026.xlsx,Fuel MAY 2026,17,3,C17
2026-05-01,2026-04-01,STATE,Enugu,Enugu,Enugu,South East,FALSE,1430.18348494285,NGN per litre,2026-04-01,FALSE,,3,PMS_Report_MAY_2026.zip,Fuel_MAY_2026.xlsx,Fuel MAY 2026,18,3,C18
2026-05-01,2026-04-01,STATE,Gombe,Gombe,Gombe,North East,FALSE,1586.6216002687124,NGN per litre,2026-04-01,FALSE,,3,PMS_Report_MAY_2026.zip,Fuel_MAY_2026.xlsx,Fuel MAY 2026,19,3,C19
2026-05-01,2026-04-01,STATE,Imo,Imo,Imo,South East,FALSE,1573.0829727073267,NGN per litre,2026-04-01,FALSE,,3,PMS_Report_MAY_2026.zip,Fuel_MAY_2026.xlsx,Fuel MAY 2026,20,3,C20
2026-05-01,2026-04-01,STATE,Jigawa,Jigawa,Jigawa,North West,FALSE,1572.528765087565,NGN per litre,2026-04-01,FALSE,,3,PMS_Report_MAY_2026.zip,Fuel_MAY_2026.xlsx,Fuel MAY 2026,21,3,C21
2026-05-01,2026-04-01,STATE,Kaduna,Kaduna,Kaduna,North West,FALSE,1534.1076773333334,NGN per litre,2026-04-01,FALSE,,3,PMS_Report_MAY_2026.zip,Fuel_MAY_2026.xlsx,Fuel MAY 2026,22,3,C22
2026-05-01,2026-04-01,STATE,Kano,Kano,Kano,North West,FALSE,1579.2999070853998,NGN per litre,2026-04-01,FALSE,,3,PMS_Report_MAY_2026.zip,Fuel_MAY_2026.xlsx,Fuel MAY 2026,23,3,C23
2026-05-01,2026-04-01,STATE,Katsina,Katsina,Katsina,North West,FALSE,1406.27520612381,NGN per litre,2026-04-01,FALSE,,3,PMS_Report_MAY_2026.zip,Fuel_MAY_2026.xlsx,Fuel MAY 2026,24,3,C24
2026-05-01,2026-04-01,STATE,Kebbi,Kebbi,Kebbi,North West,FALSE,1501.02504091734,NGN per litre,2026-04-01,FALSE,,3,PMS_Report_MAY_2026.zip,Fuel_MAY_2026.xlsx,Fuel MAY 2026,25,3,C25
2026-05-01,2026-04-01,STATE,Kogi,Kogi,Kogi,North Central,FALSE,1474.3134349492225,NGN per litre,2026-04-01,FALSE,,3,PMS_Report_MAY_2026.zip,Fuel_MAY_2026.xlsx,Fuel MAY 2026,26,3,C26
2026-05-01,2026-04-01,STATE,Kwara,Kwara,Kwara,North Central,FALSE,1535.7830738345879,NGN per litre,2026-04-01,FALSE,,3,PMS_Report_MAY_2026.zip,Fuel_MAY_2026.xlsx,Fuel MAY 2026,27,3,C27
2026-05-01,2026-04-01,STATE,Lagos,Lagos,Lagos,South West,FALSE,1486.167923263803,NGN per litre,2026-04-01,FALSE,,3,PMS_Report_MAY_2026.zip,Fuel_MAY_2026.xlsx,Fuel MAY 2026,28,3,C28
2026-05-01,2026-04-01,STATE,Nasarawa,Nasarawa,Nasarawa,North Central,FALSE,1546.886630259521,NGN per litre,2026-04-01,FALSE,,3,PMS_Report_MAY_2026.zip,Fuel_MAY_2026.xlsx,Fuel MAY 2026,29,3,C29
2026-05-01,2026-04-01,STATE,Niger,Niger,Niger,North Central,FALSE,1403.89101575611,NGN per litre,2026-04-01,FALSE,,3,PMS_Report_MAY_2026.zip,Fuel_MAY_2026.xlsx,Fuel MAY 2026,30,3,C30
2026-05-01,2026-04-01,STATE,Ogun,Ogun,Ogun,South West,FALSE,1529.6666272285697,NGN per litre,2026-04-01,FALSE,,3,PMS_Report_MAY_2026.zip,Fuel_MAY_2026.xlsx,Fuel MAY 2026,31,3,C31
2026-05-01,2026-04-01,STATE,Ondo,Ondo,Ondo,South West,FALSE,1573.5564855031187,NGN per litre,2026-04-01,FALSE,,3,PMS_Report_MAY_2026.zip,Fuel_MAY_2026.xlsx,Fuel MAY 2026,32,3,C32
2026-05-01,2026-04-01,STATE,Osun,Osun,Osun,South West,FALSE,1521.851816441092,NGN per litre,2026-04-01,FALSE,,3,PMS_Report_MAY_2026.zip,Fuel_MAY_2026.xlsx,Fuel MAY 2026,33,3,C33
2026-05-01,2026-04-01,STATE,Oyo,Oyo,Oyo,South West,FALSE,1555.3248094179623,NGN per litre,2026-04-01,FALSE,,3,PMS_Report_MAY_2026.zip,Fuel_MAY_2026.xlsx,Fuel MAY 2026,34,3,C34
2026-05-01,2026-04-01,STATE,Plateau,Plateau,Plateau,North Central,FALSE,1580.7890147114554,NGN per litre,2026-04-01,FALSE,,3,PMS_Report_MAY_2026.zip,Fuel_MAY_2026.xlsx,Fuel MAY 2026,35,3,C35
2026-05-01,2026-04-01,STATE,Rivers,Rivers,Rivers,South South,FALSE,1579.4059102674719,NGN per litre,2026-04-01,FALSE,,3,PMS_Report_MAY_2026.zip,Fuel_MAY_2026.xlsx,Fuel MAY 2026,36,3,C36
2026-05-01,2026-04-01,STATE,Sokoto,Sokoto,Sokoto,North West,FALSE,1404.15931560314,NGN per litre,2026-04-01,FALSE,,3,PMS_Report_MAY_2026.zip,Fuel_MAY_2026.xlsx,Fuel MAY 2026,37,3,C37
2026-05-01,2026-04-01,STATE,Taraba,Taraba,Taraba,North East,FALSE,1581.307207201498,NGN per litre,2026-04-01,FALSE,,3,PMS_Report_MAY_2026.zip,Fuel_MAY_2026.xlsx,Fuel MAY 2026,38,3,C38
2026-05-01,2026-04-01,STATE,Yobe,Yobe,Yobe,North East,FALSE,1599.0537504089436,NGN per litre,2026-04-01,FALSE,,3,PMS_Report_MAY_2026.zip,Fuel_MAY_2026.xlsx,Fuel MAY 2026,39,3,C39
2026-05-01,2026-04-01,STATE,Zamfara,Zamfara,Zamfara,North West,FALSE,1564.2501737932378,NGN per litre,2026-04-01,FALSE,,3,PMS_Report_MAY_2026.zip,Fuel_MAY_2026.xlsx,Fuel MAY 2026,40,3,C40
2026-05-01,2026-04-01,NATIONAL,Nigeria,AVERAGE,,,TRUE,1532.9262169189903,NGN per litre,2026-04-01,FALSE,,3,PMS_Report_MAY_2026.zip,Fuel_MAY_2026.xlsx,Fuel MAY 2026,41,3,C41
2026-05-01,2026-05-01,STATE,Abia,Abia,Abia,South East,FALSE,1653.9100201599535,NGN per litre,2026-05-01,TRUE,,3,PMS_Report_MAY_2026.zip,Fuel_MAY_2026.xlsx,Fuel MAY 2026,4,4,D4
2026-05-01,2026-05-01,STATE,Abuja,Abuja,Abuja,North Central,FALSE,1602.6400942377156,NGN per litre,2026-05-01,TRUE,,3,PMS_Report_MAY_2026.zip,Fuel_MAY_2026.xlsx,Fuel MAY 2026,5,4,D5
2026-05-01,2026-05-01,STATE,Adamawa,Adamawa,Adamawa,North East,FALSE,1469.825139498,NGN per litre,2026-05-01,TRUE,,3,PMS_Report_MAY_2026.zip,Fuel_MAY_2026.xlsx,Fuel MAY 2026,6,4,D6
2026-05-01,2026-05-01,STATE,Akwa Ibom,Akwa Ibom,Akwa Ibom,South South,FALSE,1629.080974205716,NGN per litre,2026-05-01,TRUE,,3,PMS_Report_MAY_2026.zip,Fuel_MAY_2026.xlsx,Fuel MAY 2026,7,4,D7
2026-05-01,2026-05-01,STATE,Anambra,Anambra,Anambra,South East,FALSE,1519.71786580286,NGN per litre,2026-05-01,TRUE,,3,PMS_Report_MAY_2026.zip,Fuel_MAY_2026.xlsx,Fuel MAY 2026,8,4,D8
2026-05-01,2026-05-01,STATE,Bauchi,Bauchi,Bauchi,North East,FALSE,1715.4724573985322,NGN per litre,2026-05-01,TRUE,,3,PMS_Report_MAY_2026.zip,Fuel_MAY_2026.xlsx,Fuel MAY 2026,9,4,D9
2026-05-01,2026-05-01,STATE,Bayelsa,Bayelsa,Bayelsa,South South,FALSE,1591.3768118111,NGN per litre,2026-05-01,TRUE,,3,PMS_Report_MAY_2026.zip,Fuel_MAY_2026.xlsx,Fuel MAY 2026,10,4,D10
2026-05-01,2026-05-01,STATE,Benue,Benue,Benue,North Central,FALSE,1698.5679310414282,NGN per litre,2026-05-01,TRUE,,3,PMS_Report_MAY_2026.zip,Fuel_MAY_2026.xlsx,Fuel MAY 2026,11,4,D11
2026-05-01,2026-05-01,STATE,Borno,Borno,Borno,North East,FALSE,1551.06914204654,NGN per litre,2026-05-01,TRUE,,3,PMS_Report_MAY_2026.zip,Fuel_MAY_2026.xlsx,Fuel MAY 2026,12,4,D12
2026-05-01,2026-05-01,STATE,Cross River,Cross River,Cross River,South South,FALSE,1551.21468037851,NGN per litre,2026-05-01,TRUE,,3,PMS_Report_MAY_2026.zip,Fuel_MAY_2026.xlsx,Fuel MAY 2026,13,4,D13
2026-05-01,2026-05-01,STATE,Delta,Delta,Delta,South South,FALSE,1667.6812104287928,NGN per litre,2026-05-01,TRUE,,3,PMS_Report_MAY_2026.zip,Fuel_MAY_2026.xlsx,Fuel MAY 2026,14,4,D14
2026-05-01,2026-05-01,STATE,Ebonyi,Ebonyi,Ebonyi,South East,FALSE,1633.3754884752568,NGN per litre,2026-05-01,TRUE,,3,PMS_Report_MAY_2026.zip,Fuel_MAY_2026.xlsx,Fuel MAY 2026,15,4,D15
2026-05-01,2026-05-01,STATE,Edo,Edo,Edo,South South,FALSE,1722.9119902507102,NGN per litre,2026-05-01,TRUE,,3,PMS_Report_MAY_2026.zip,Fuel_MAY_2026.xlsx,Fuel MAY 2026,16,4,D16
2026-05-01,2026-05-01,STATE,Ekiti,Ekiti,Ekiti,South West,FALSE,1598.5576457010786,NGN per litre,2026-05-01,TRUE,,3,PMS_Report_MAY_2026.zip,Fuel_MAY_2026.xlsx,Fuel MAY 2026,17,4,D17
2026-05-01,2026-05-01,STATE,Enugu,Enugu,Enugu,South East,FALSE,1570.23030170685,NGN per litre,2026-05-01,TRUE,,3,PMS_Report_MAY_2026.zip,Fuel_MAY_2026.xlsx,Fuel MAY 2026,18,4,D18
2026-05-01,2026-05-01,STATE,Gombe,Gombe,Gombe,North East,FALSE,1686.3692200360244,NGN per litre,2026-05-01,TRUE,,3,PMS_Report_MAY_2026.zip,Fuel_MAY_2026.xlsx,Fuel MAY 2026,19,4,D19
2026-05-01,2026-05-01,STATE,Imo,Imo,Imo,South East,FALSE,1592.3352451161,NGN per litre,2026-05-01,TRUE,,3,PMS_Report_MAY_2026.zip,Fuel_MAY_2026.xlsx,Fuel MAY 2026,20,4,D20
2026-05-01,2026-05-01,STATE,Jigawa,Jigawa,Jigawa,North West,FALSE,1650.9879998480176,NGN per litre,2026-05-01,TRUE,,3,PMS_Report_MAY_2026.zip,Fuel_MAY_2026.xlsx,Fuel MAY 2026,21,4,D21
2026-05-01,2026-05-01,STATE,Kaduna,Kaduna,Kaduna,North West,FALSE,1573.46186378622,NGN per litre,2026-05-01,TRUE,,3,PMS_Report_MAY_2026.zip,Fuel_MAY_2026.xlsx,Fuel MAY 2026,22,4,D22
2026-05-01,2026-05-01,STATE,Kano,Kano,Kano,North West,FALSE,1607.26868370446,NGN per litre,2026-05-01,TRUE,,3,PMS_Report_MAY_2026.zip,Fuel_MAY_2026.xlsx,Fuel MAY 2026,23,4,D23
2026-05-01,2026-05-01,STATE,Katsina,Katsina,Katsina,North West,FALSE,1470.63150640735,NGN per litre,2026-05-01,TRUE,,3,PMS_Report_MAY_2026.zip,Fuel_MAY_2026.xlsx,Fuel MAY 2026,24,4,D24
2026-05-01,2026-05-01,STATE,Kebbi,Kebbi,Kebbi,North West,FALSE,1554.94204024772,NGN per litre,2026-05-01,TRUE,,3,PMS_Report_MAY_2026.zip,Fuel_MAY_2026.xlsx,Fuel MAY 2026,25,4,D25
2026-05-01,2026-05-01,STATE,Kogi,Kogi,Kogi,North Central,FALSE,1534.32273771729,NGN per litre,2026-05-01,TRUE,,3,PMS_Report_MAY_2026.zip,Fuel_MAY_2026.xlsx,Fuel MAY 2026,26,4,D26
2026-05-01,2026-05-01,STATE,Kwara,Kwara,Kwara,North Central,FALSE,1555.67216793394,NGN per litre,2026-05-01,TRUE,,3,PMS_Report_MAY_2026.zip,Fuel_MAY_2026.xlsx,Fuel MAY 2026,27,4,D27
2026-05-01,2026-05-01,STATE,Lagos,Lagos,Lagos,South West,FALSE,1561.2165960582454,NGN per litre,2026-05-01,TRUE,,3,PMS_Report_MAY_2026.zip,Fuel_MAY_2026.xlsx,Fuel MAY 2026,28,4,D28
2026-05-01,2026-05-01,STATE,Nasarawa,Nasarawa,Nasarawa,North Central,FALSE,1576.120026251013,NGN per litre,2026-05-01,TRUE,,3,PMS_Report_MAY_2026.zip,Fuel_MAY_2026.xlsx,Fuel MAY 2026,29,4,D29
2026-05-01,2026-05-01,STATE,Niger,Niger,Niger,North Central,FALSE,1538.33072338621,NGN per litre,2026-05-01,TRUE,,3,PMS_Report_MAY_2026.zip,Fuel_MAY_2026.xlsx,Fuel MAY 2026,30,4,D30
2026-05-01,2026-05-01,STATE,Ogun,Ogun,Ogun,South West,FALSE,1598.322943232422,NGN per litre,2026-05-01,TRUE,,3,PMS_Report_MAY_2026.zip,Fuel_MAY_2026.xlsx,Fuel MAY 2026,31,4,D31
2026-05-01,2026-05-01,STATE,Ondo,Ondo,Ondo,South West,FALSE,1598.6974652051867,NGN per litre,2026-05-01,TRUE,,3,PMS_Report_MAY_2026.zip,Fuel_MAY_2026.xlsx,Fuel MAY 2026,32,4,D32
2026-05-01,2026-05-01,STATE,Osun,Osun,Osun,South West,FALSE,1537.00338551256,NGN per litre,2026-05-01,TRUE,,3,PMS_Report_MAY_2026.zip,Fuel_MAY_2026.xlsx,Fuel MAY 2026,33,4,D33
2026-05-01,2026-05-01,STATE,Oyo,Oyo,Oyo,South West,FALSE,1639.966445815278,NGN per litre,2026-05-01,TRUE,,3,PMS_Report_MAY_2026.zip,Fuel_MAY_2026.xlsx,Fuel MAY 2026,34,4,D34
2026-05-01,2026-05-01,STATE,Plateau,Plateau,Plateau,North Central,FALSE,1623.7613630981045,NGN per litre,2026-05-01,TRUE,,3,PMS_Report_MAY_2026.zip,Fuel_MAY_2026.xlsx,Fuel MAY 2026,35,4,D35
2026-05-01,2026-05-01,STATE,Rivers,Rivers,Rivers,South South,FALSE,1580.759307238282,NGN per litre,2026-05-01,TRUE,,3,PMS_Report_MAY_2026.zip,Fuel_MAY_2026.xlsx,Fuel MAY 2026,36,4,D36
2026-05-01,2026-05-01,STATE,Sokoto,Sokoto,Sokoto,North West,FALSE,1489.32779585709,NGN per litre,2026-05-01,TRUE,,3,PMS_Report_MAY_2026.zip,Fuel_MAY_2026.xlsx,Fuel MAY 2026,37,4,D37
2026-05-01,2026-05-01,STATE,Taraba,Taraba,Taraba,North East,FALSE,1647.9425367874926,NGN per litre,2026-05-01,TRUE,,3,PMS_Report_MAY_2026.zip,Fuel_MAY_2026.xlsx,Fuel MAY 2026,38,4,D38
2026-05-01,2026-05-01,STATE,Yobe,Yobe,Yobe,North East,FALSE,1665.90743929548,NGN per litre,2026-05-01,TRUE,,3,PMS_Report_MAY_2026.zip,Fuel_MAY_2026.xlsx,Fuel MAY 2026,39,4,D39
2026-05-01,2026-05-01,STATE,Zamfara,Zamfara,Zamfara,North West,FALSE,1602.11606816957,NGN per litre,2026-05-01,TRUE,,3,PMS_Report_MAY_2026.zip,Fuel_MAY_2026.xlsx,Fuel MAY 2026,40,4,D40
2026-05-01,2026-05-01,ZONE,North Central,North Central,,North Central,TRUE,1589.916434809386,NGN per litre,Average Price,TRUE,,3,PMS_Report_MAY_2026.zip,Fuel_MAY_2026.xlsx,Fuel MAY 2026,5,7,G5
2026-05-01,2026-05-01,ZONE,North East,North East,,North East,TRUE,1622.764322510345,NGN per litre,Average Price,TRUE,,3,PMS_Report_MAY_2026.zip,Fuel_MAY_2026.xlsx,Fuel MAY 2026,6,7,G6
2026-05-01,2026-05-01,ZONE,North West,North West,,North West,TRUE,1564.1051368600613,NGN per litre,Average Price,TRUE,,3,PMS_Report_MAY_2026.zip,Fuel_MAY_2026.xlsx,Fuel MAY 2026,9,7,G9
2026-05-01,2026-05-01,ZONE,South East,South East,,South East,TRUE,1593.913784252204,NGN per litre,Average Price,TRUE,,3,PMS_Report_MAY_2026.zip,Fuel_MAY_2026.xlsx,Fuel MAY 2026,4,7,G4
2026-05-01,2026-05-01,ZONE,South South,South South,,South South,TRUE,1623.8374957188519,NGN per litre,Average Price,TRUE,,3,PMS_Report_MAY_2026.zip,Fuel_MAY_2026.xlsx,Fuel MAY 2026,7,7,G7
2026-05-01,2026-05-01,ZONE,South West,South West,,South West,TRUE,1588.9607469207951,NGN per litre,Average Price,TRUE,,3,PMS_Report_MAY_2026.zip,Fuel_MAY_2026.xlsx,Fuel MAY 2026,8,7,G8
2026-05-01,2026-05-01,NATIONAL,Nigeria,AVERAGE,,,TRUE,1596.2458192931645,NGN per litre,2026-05-01,TRUE,,3,PMS_Report_MAY_2026.zip,Fuel_MAY_2026.xlsx,Fuel MAY 2026,41,4,D41
