disco_code,disco_official_name,disco_raw_label,tariff_class,tariff_class_raw,service_band,mdclass,tariff_ngn_per_kwh,unit,period_start,period_end,period_label_raw,period_position,is_current_period,order_number,order_number_raw,order_effective_date,order_effective_date_raw,order_signed_date,signing_date_raw,signing_date_status,website_publication_date,vat_treatment,extraction_method,validation_status,source_anomaly,source_file,source_page,source_table_label,source_row_label,source_column_index
AEDC,Abuja Electricity Distribution Plc,AEDC,Life-line,Life-line,LIFELINE,NON_MD,4.00,NGN per kWh,2024-04-01,2024-04-30,Apr 2024,COLUMN_1,FALSE,ORDER/NERC/2025/059,ORDER/NERC/2025/059,2025-07-01,1st July 2025,,,NOT_IN_TEXT_LAYER,2025-08-28,UNSTATED,PDF_TEXT_LAYER,VALIDATED,SIGNING_PAGE_NOT_IN_TEXT_LAYER,AEDC_July_2025_059.pdf,4,Table – 2: Approved Allowed Tariffs,Life-line,1
AEDC,Abuja Electricity Distribution Plc,AEDC,Life-line,Life-line,LIFELINE,NON_MD,4.00,NGN per kWh,2024-05-01,2024-06-30,May – Jun 2024,COLUMN_2,FALSE,ORDER/NERC/2025/059,ORDER/NERC/2025/059,2025-07-01,1st July 2025,,,NOT_IN_TEXT_LAYER,2025-08-28,UNSTATED,PDF_TEXT_LAYER,VALIDATED,SIGNING_PAGE_NOT_IN_TEXT_LAYER,AEDC_July_2025_059.pdf,4,Table – 2: Approved Allowed Tariffs,Life-line,2
AEDC,Abuja Electricity Distribution Plc,AEDC,Life-line,Life-line,LIFELINE,NON_MD,4.00,NGN per kWh,2024-07-01,2025-07-31,Jul 2024 – Jul 2025,COLUMN_3,TRUE,ORDER/NERC/2025/059,ORDER/NERC/2025/059,2025-07-01,1st July 2025,,,NOT_IN_TEXT_LAYER,2025-08-28,UNSTATED,PDF_TEXT_LAYER,VALIDATED,SIGNING_PAGE_NOT_IN_TEXT_LAYER,AEDC_July_2025_059.pdf,4,Table – 2: Approved Allowed Tariffs,Life-line,3
AEDC,Abuja Electricity Distribution Plc,AEDC,A - Non-MD,A – Non-MD,A,NON_MD,225.00,NGN per kWh,2024-04-01,2024-04-30,Apr 2024,COLUMN_1,FALSE,ORDER/NERC/2025/059,ORDER/NERC/2025/059,2025-07-01,1st July 2025,,,NOT_IN_TEXT_LAYER,2025-08-28,UNSTATED,PDF_TEXT_LAYER,VALIDATED,SIGNING_PAGE_NOT_IN_TEXT_LAYER,AEDC_July_2025_059.pdf,4,Table – 2: Approved Allowed Tariffs,A – Non-MD,1
AEDC,Abuja Electricity Distribution Plc,AEDC,A - Non-MD,A – Non-MD,A,NON_MD,206.80,NGN per kWh,2024-05-01,2024-06-30,May – Jun 2024,COLUMN_2,FALSE,ORDER/NERC/2025/059,ORDER/NERC/2025/059,2025-07-01,1st July 2025,,,NOT_IN_TEXT_LAYER,2025-08-28,UNSTATED,PDF_TEXT_LAYER,VALIDATED,SIGNING_PAGE_NOT_IN_TEXT_LAYER,AEDC_July_2025_059.pdf,4,Table – 2: Approved Allowed Tariffs,A – Non-MD,2
AEDC,Abuja Electricity Distribution Plc,AEDC,A - Non-MD,A – Non-MD,A,NON_MD,209.50,NGN per kWh,2024-07-01,2025-07-31,Jul 2024 – Jul 2025,COLUMN_3,TRUE,ORDER/NERC/2025/059,ORDER/NERC/2025/059,2025-07-01,1st July 2025,,,NOT_IN_TEXT_LAYER,2025-08-28,UNSTATED,PDF_TEXT_LAYER,VALIDATED,SIGNING_PAGE_NOT_IN_TEXT_LAYER,AEDC_July_2025_059.pdf,4,Table – 2: Approved Allowed Tariffs,A – Non-MD,3
AEDC,Abuja Electricity Distribution Plc,AEDC,A - MD1,A – MD1,A,MD1,225.00,NGN per kWh,2024-04-01,2024-04-30,Apr 2024,COLUMN_1,FALSE,ORDER/NERC/2025/059,ORDER/NERC/2025/059,2025-07-01,1st July 2025,,,NOT_IN_TEXT_LAYER,2025-08-28,UNSTATED,PDF_TEXT_LAYER,VALIDATED,SIGNING_PAGE_NOT_IN_TEXT_LAYER,AEDC_July_2025_059.pdf,4,Table – 2: Approved Allowed Tariffs,A – MD1,1
AEDC,Abuja Electricity Distribution Plc,AEDC,A - MD1,A – MD1,A,MD1,206.80,NGN per kWh,2024-05-01,2024-06-30,May – Jun 2024,COLUMN_2,FALSE,ORDER/NERC/2025/059,ORDER/NERC/2025/059,2025-07-01,1st July 2025,,,NOT_IN_TEXT_LAYER,2025-08-28,UNSTATED,PDF_TEXT_LAYER,VALIDATED,SIGNING_PAGE_NOT_IN_TEXT_LAYER,AEDC_July_2025_059.pdf,4,Table – 2: Approved Allowed Tariffs,A – MD1,2
AEDC,Abuja Electricity Distribution Plc,AEDC,A - MD1,A – MD1,A,MD1,209.50,NGN per kWh,2024-07-01,2025-07-31,Jul 2024 – Jul 2025,COLUMN_3,TRUE,ORDER/NERC/2025/059,ORDER/NERC/2025/059,2025-07-01,1st July 2025,,,NOT_IN_TEXT_LAYER,2025-08-28,UNSTATED,PDF_TEXT_LAYER,VALIDATED,SIGNING_PAGE_NOT_IN_TEXT_LAYER,AEDC_July_2025_059.pdf,4,Table – 2: Approved Allowed Tariffs,A – MD1,3
AEDC,Abuja Electricity Distribution Plc,AEDC,A - MD2,A – MD2,A,MD2,225.00,NGN per kWh,2024-04-01,2024-04-30,Apr 2024,COLUMN_1,FALSE,ORDER/NERC/2025/059,ORDER/NERC/2025/059,2025-07-01,1st July 2025,,,NOT_IN_TEXT_LAYER,2025-08-28,UNSTATED,PDF_TEXT_LAYER,VALIDATED,SIGNING_PAGE_NOT_IN_TEXT_LAYER,AEDC_July_2025_059.pdf,4,Table – 2: Approved Allowed Tariffs,A – MD2,1
AEDC,Abuja Electricity Distribution Plc,AEDC,A - MD2,A – MD2,A,MD2,206.80,NGN per kWh,2024-05-01,2024-06-30,May – Jun 2024,COLUMN_2,FALSE,ORDER/NERC/2025/059,ORDER/NERC/2025/059,2025-07-01,1st July 2025,,,NOT_IN_TEXT_LAYER,2025-08-28,UNSTATED,PDF_TEXT_LAYER,VALIDATED,SIGNING_PAGE_NOT_IN_TEXT_LAYER,AEDC_July_2025_059.pdf,4,Table – 2: Approved Allowed Tariffs,A – MD2,2
AEDC,Abuja Electricity Distribution Plc,AEDC,A - MD2,A – MD2,A,MD2,209.50,NGN per kWh,2024-07-01,2025-07-31,Jul 2024 – Jul 2025,COLUMN_3,TRUE,ORDER/NERC/2025/059,ORDER/NERC/2025/059,2025-07-01,1st July 2025,,,NOT_IN_TEXT_LAYER,2025-08-28,UNSTATED,PDF_TEXT_LAYER,VALIDATED,SIGNING_PAGE_NOT_IN_TEXT_LAYER,AEDC_July_2025_059.pdf,4,Table – 2: Approved Allowed Tariffs,A – MD2,3
AEDC,Abuja Electricity Distribution Plc,AEDC,A - MD2 Special,A – MD2 Special,A,MD2_SPECIAL,225.00,NGN per kWh,2024-04-01,2024-04-30,Apr 2024,COLUMN_1,FALSE,ORDER/NERC/2025/059,ORDER/NERC/2025/059,2025-07-01,1st July 2025,,,NOT_IN_TEXT_LAYER,2025-08-28,UNSTATED,PDF_TEXT_LAYER,VALIDATED,SIGNING_PAGE_NOT_IN_TEXT_LAYER,AEDC_July_2025_059.pdf,4,Table – 2: Approved Allowed Tariffs,A – MD2 Special,1
AEDC,Abuja Electricity Distribution Plc,AEDC,A - MD2 Special,A – MD2 Special,A,MD2_SPECIAL,206.80,NGN per kWh,2024-05-01,2024-06-30,May – Jun 2024,COLUMN_2,FALSE,ORDER/NERC/2025/059,ORDER/NERC/2025/059,2025-07-01,1st July 2025,,,NOT_IN_TEXT_LAYER,2025-08-28,UNSTATED,PDF_TEXT_LAYER,VALIDATED,SIGNING_PAGE_NOT_IN_TEXT_LAYER,AEDC_July_2025_059.pdf,4,Table – 2: Approved Allowed Tariffs,A – MD2 Special,2
AEDC,Abuja Electricity Distribution Plc,AEDC,A - MD2 Special,A – MD2 Special,A,MD2_SPECIAL,209.50,NGN per kWh,2024-07-01,2025-07-31,Jul 2024 – Jul 2025,COLUMN_3,TRUE,ORDER/NERC/2025/059,ORDER/NERC/2025/059,2025-07-01,1st July 2025,,,NOT_IN_TEXT_LAYER,2025-08-28,UNSTATED,PDF_TEXT_LAYER,VALIDATED,SIGNING_PAGE_NOT_IN_TEXT_LAYER,AEDC_July_2025_059.pdf,4,Table – 2: Approved Allowed Tariffs,A – MD2 Special,3
AEDC,Abuja Electricity Distribution Plc,AEDC,B - Non-MD,B – Non-MD,B,NON_MD,63.35,NGN per kWh,2024-04-01,2024-04-30,Apr 2024,COLUMN_1,FALSE,ORDER/NERC/2025/059,ORDER/NERC/2025/059,2025-07-01,1st July 2025,,,NOT_IN_TEXT_LAYER,2025-08-28,UNSTATED,PDF_TEXT_LAYER,VALIDATED,SIGNING_PAGE_NOT_IN_TEXT_LAYER,AEDC_July_2025_059.pdf,4,Table – 2: Approved Allowed Tariffs,B – Non-MD,1
AEDC,Abuja Electricity Distribution Plc,AEDC,B - Non-MD,B – Non-MD,B,NON_MD,63.35,NGN per kWh,2024-05-01,2024-06-30,May – Jun 2024,COLUMN_2,FALSE,ORDER/NERC/2025/059,ORDER/NERC/2025/059,2025-07-01,1st July 2025,,,NOT_IN_TEXT_LAYER,2025-08-28,UNSTATED,PDF_TEXT_LAYER,VALIDATED,SIGNING_PAGE_NOT_IN_TEXT_LAYER,AEDC_July_2025_059.pdf,4,Table – 2: Approved Allowed Tariffs,B – Non-MD,2
AEDC,Abuja Electricity Distribution Plc,AEDC,B - Non-MD,B – Non-MD,B,NON_MD,63.35,NGN per kWh,2024-07-01,2025-07-31,Jul 2024 – Jul 2025,COLUMN_3,TRUE,ORDER/NERC/2025/059,ORDER/NERC/2025/059,2025-07-01,1st July 2025,,,NOT_IN_TEXT_LAYER,2025-08-28,UNSTATED,PDF_TEXT_LAYER,VALIDATED,SIGNING_PAGE_NOT_IN_TEXT_LAYER,AEDC_July_2025_059.pdf,4,Table – 2: Approved Allowed Tariffs,B – Non-MD,3
AEDC,Abuja Electricity Distribution Plc,AEDC,B - MD1,B – MD1,B,MD1,76.15,NGN per kWh,2024-04-01,2024-04-30,Apr 2024,COLUMN_1,FALSE,ORDER/NERC/2025/059,ORDER/NERC/2025/059,2025-07-01,1st July 2025,,,NOT_IN_TEXT_LAYER,2025-08-28,UNSTATED,PDF_TEXT_LAYER,VALIDATED,SIGNING_PAGE_NOT_IN_TEXT_LAYER,AEDC_July_2025_059.pdf,4,Table – 2: Approved Allowed Tariffs,B – MD1,1
AEDC,Abuja Electricity Distribution Plc,AEDC,B - MD1,B – MD1,B,MD1,76.15,NGN per kWh,2024-05-01,2024-06-30,May – Jun 2024,COLUMN_2,FALSE,ORDER/NERC/2025/059,ORDER/NERC/2025/059,2025-07-01,1st July 2025,,,NOT_IN_TEXT_LAYER,2025-08-28,UNSTATED,PDF_TEXT_LAYER,VALIDATED,SIGNING_PAGE_NOT_IN_TEXT_LAYER,AEDC_July_2025_059.pdf,4,Table – 2: Approved Allowed Tariffs,B – MD1,2
AEDC,Abuja Electricity Distribution Plc,AEDC,B - MD1,B – MD1,B,MD1,76.15,NGN per kWh,2024-07-01,2025-07-31,Jul 2024 – Jul 2025,COLUMN_3,TRUE,ORDER/NERC/2025/059,ORDER/NERC/2025/059,2025-07-01,1st July 2025,,,NOT_IN_TEXT_LAYER,2025-08-28,UNSTATED,PDF_TEXT_LAYER,VALIDATED,SIGNING_PAGE_NOT_IN_TEXT_LAYER,AEDC_July_2025_059.pdf,4,Table – 2: Approved Allowed Tariffs,B – MD1,3
AEDC,Abuja Electricity Distribution Plc,AEDC,B - MD2,B – MD2,B,MD2,76.15,NGN per kWh,2024-04-01,2024-04-30,Apr 2024,COLUMN_1,FALSE,ORDER/NERC/2025/059,ORDER/NERC/2025/059,2025-07-01,1st July 2025,,,NOT_IN_TEXT_LAYER,2025-08-28,UNSTATED,PDF_TEXT_LAYER,VALIDATED,SIGNING_PAGE_NOT_IN_TEXT_LAYER,AEDC_July_2025_059.pdf,4,Table – 2: Approved Allowed Tariffs,B – MD2,1
AEDC,Abuja Electricity Distribution Plc,AEDC,B - MD2,B – MD2,B,MD2,76.15,NGN per kWh,2024-05-01,2024-06-30,May – Jun 2024,COLUMN_2,FALSE,ORDER/NERC/2025/059,ORDER/NERC/2025/059,2025-07-01,1st July 2025,,,NOT_IN_TEXT_LAYER,2025-08-28,UNSTATED,PDF_TEXT_LAYER,VALIDATED,SIGNING_PAGE_NOT_IN_TEXT_LAYER,AEDC_July_2025_059.pdf,4,Table – 2: Approved Allowed Tariffs,B – MD2,2
AEDC,Abuja Electricity Distribution Plc,AEDC,B - MD2,B – MD2,B,MD2,76.15,NGN per kWh,2024-07-01,2025-07-31,Jul 2024 – Jul 2025,COLUMN_3,TRUE,ORDER/NERC/2025/059,ORDER/NERC/2025/059,2025-07-01,1st July 2025,,,NOT_IN_TEXT_LAYER,2025-08-28,UNSTATED,PDF_TEXT_LAYER,VALIDATED,SIGNING_PAGE_NOT_IN_TEXT_LAYER,AEDC_July_2025_059.pdf,4,Table – 2: Approved Allowed Tariffs,B – MD2,3
AEDC,Abuja Electricity Distribution Plc,AEDC,C - Non-MD,C – Non-MD,C,NON_MD,51.79,NGN per kWh,2024-04-01,2024-04-30,Apr 2024,COLUMN_1,FALSE,ORDER/NERC/2025/059,ORDER/NERC/2025/059,2025-07-01,1st July 2025,,,NOT_IN_TEXT_LAYER,2025-08-28,UNSTATED,PDF_TEXT_LAYER,VALIDATED,SIGNING_PAGE_NOT_IN_TEXT_LAYER,AEDC_July_2025_059.pdf,4,Table – 2: Approved Allowed Tariffs,C – Non-MD,1
AEDC,Abuja Electricity Distribution Plc,AEDC,C - Non-MD,C – Non-MD,C,NON_MD,51.79,NGN per kWh,2024-05-01,2024-06-30,May – Jun 2024,COLUMN_2,FALSE,ORDER/NERC/2025/059,ORDER/NERC/2025/059,2025-07-01,1st July 2025,,,NOT_IN_TEXT_LAYER,2025-08-28,UNSTATED,PDF_TEXT_LAYER,VALIDATED,SIGNING_PAGE_NOT_IN_TEXT_LAYER,AEDC_July_2025_059.pdf,4,Table – 2: Approved Allowed Tariffs,C – Non-MD,2
AEDC,Abuja Electricity Distribution Plc,AEDC,C - Non-MD,C – Non-MD,C,NON_MD,51.79,NGN per kWh,2024-07-01,2025-07-31,Jul 2024 – Jul 2025,COLUMN_3,TRUE,ORDER/NERC/2025/059,ORDER/NERC/2025/059,2025-07-01,1st July 2025,,,NOT_IN_TEXT_LAYER,2025-08-28,UNSTATED,PDF_TEXT_LAYER,VALIDATED,SIGNING_PAGE_NOT_IN_TEXT_LAYER,AEDC_July_2025_059.pdf,4,Table – 2: Approved Allowed Tariffs,C – Non-MD,3
AEDC,Abuja Electricity Distribution Plc,AEDC,C - MD1,C – MD1,C,MD1,63.44,NGN per kWh,2024-04-01,2024-04-30,Apr 2024,COLUMN_1,FALSE,ORDER/NERC/2025/059,ORDER/NERC/2025/059,2025-07-01,1st July 2025,,,NOT_IN_TEXT_LAYER,2025-08-28,UNSTATED,PDF_TEXT_LAYER,VALIDATED,SIGNING_PAGE_NOT_IN_TEXT_LAYER,AEDC_July_2025_059.pdf,4,Table – 2: Approved Allowed Tariffs,C – MD1,1
AEDC,Abuja Electricity Distribution Plc,AEDC,C - MD1,C – MD1,C,MD1,63.44,NGN per kWh,2024-05-01,2024-06-30,May – Jun 2024,COLUMN_2,FALSE,ORDER/NERC/2025/059,ORDER/NERC/2025/059,2025-07-01,1st July 2025,,,NOT_IN_TEXT_LAYER,2025-08-28,UNSTATED,PDF_TEXT_LAYER,VALIDATED,SIGNING_PAGE_NOT_IN_TEXT_LAYER,AEDC_July_2025_059.pdf,4,Table – 2: Approved Allowed Tariffs,C – MD1,2
AEDC,Abuja Electricity Distribution Plc,AEDC,C - MD1,C – MD1,C,MD1,63.44,NGN per kWh,2024-07-01,2025-07-31,Jul 2024 – Jul 2025,COLUMN_3,TRUE,ORDER/NERC/2025/059,ORDER/NERC/2025/059,2025-07-01,1st July 2025,,,NOT_IN_TEXT_LAYER,2025-08-28,UNSTATED,PDF_TEXT_LAYER,VALIDATED,SIGNING_PAGE_NOT_IN_TEXT_LAYER,AEDC_July_2025_059.pdf,4,Table – 2: Approved Allowed Tariffs,C – MD1,3
AEDC,Abuja Electricity Distribution Plc,AEDC,C - MD2,C – MD2,C,MD2,63.44,NGN per kWh,2024-04-01,2024-04-30,Apr 2024,COLUMN_1,FALSE,ORDER/NERC/2025/059,ORDER/NERC/2025/059,2025-07-01,1st July 2025,,,NOT_IN_TEXT_LAYER,2025-08-28,UNSTATED,PDF_TEXT_LAYER,VALIDATED,SIGNING_PAGE_NOT_IN_TEXT_LAYER,AEDC_July_2025_059.pdf,4,Table – 2: Approved Allowed Tariffs,C – MD2,1
AEDC,Abuja Electricity Distribution Plc,AEDC,C - MD2,C – MD2,C,MD2,63.44,NGN per kWh,2024-05-01,2024-06-30,May – Jun 2024,COLUMN_2,FALSE,ORDER/NERC/2025/059,ORDER/NERC/2025/059,2025-07-01,1st July 2025,,,NOT_IN_TEXT_LAYER,2025-08-28,UNSTATED,PDF_TEXT_LAYER,VALIDATED,SIGNING_PAGE_NOT_IN_TEXT_LAYER,AEDC_July_2025_059.pdf,4,Table – 2: Approved Allowed Tariffs,C – MD2,2
AEDC,Abuja Electricity Distribution Plc,AEDC,C - MD2,C – MD2,C,MD2,63.44,NGN per kWh,2024-07-01,2025-07-31,Jul 2024 – Jul 2025,COLUMN_3,TRUE,ORDER/NERC/2025/059,ORDER/NERC/2025/059,2025-07-01,1st July 2025,,,NOT_IN_TEXT_LAYER,2025-08-28,UNSTATED,PDF_TEXT_LAYER,VALIDATED,SIGNING_PAGE_NOT_IN_TEXT_LAYER,AEDC_July_2025_059.pdf,4,Table – 2: Approved Allowed Tariffs,C – MD2,3
AEDC,Abuja Electricity Distribution Plc,AEDC,D - Non-MD,D – Non-MD,D,NON_MD,33.95,NGN per kWh,2024-04-01,2024-04-30,Apr 2024,COLUMN_1,FALSE,ORDER/NERC/2025/059,ORDER/NERC/2025/059,2025-07-01,1st July 2025,,,NOT_IN_TEXT_LAYER,2025-08-28,UNSTATED,PDF_TEXT_LAYER,VALIDATED,SIGNING_PAGE_NOT_IN_TEXT_LAYER,AEDC_July_2025_059.pdf,4,Table – 2: Approved Allowed Tariffs,D – Non-MD,1
AEDC,Abuja Electricity Distribution Plc,AEDC,D - Non-MD,D – Non-MD,D,NON_MD,33.95,NGN per kWh,2024-05-01,2024-06-30,May – Jun 2024,COLUMN_2,FALSE,ORDER/NERC/2025/059,ORDER/NERC/2025/059,2025-07-01,1st July 2025,,,NOT_IN_TEXT_LAYER,2025-08-28,UNSTATED,PDF_TEXT_LAYER,VALIDATED,SIGNING_PAGE_NOT_IN_TEXT_LAYER,AEDC_July_2025_059.pdf,4,Table – 2: Approved Allowed Tariffs,D – Non-MD,2
AEDC,Abuja Electricity Distribution Plc,AEDC,D - Non-MD,D – Non-MD,D,NON_MD,33.95,NGN per kWh,2024-07-01,2025-07-31,Jul 2024 – Jul 2025,COLUMN_3,TRUE,ORDER/NERC/2025/059,ORDER/NERC/2025/059,2025-07-01,1st July 2025,,,NOT_IN_TEXT_LAYER,2025-08-28,UNSTATED,PDF_TEXT_LAYER,VALIDATED,SIGNING_PAGE_NOT_IN_TEXT_LAYER,AEDC_July_2025_059.pdf,4,Table – 2: Approved Allowed Tariffs,D – Non-MD,3
AEDC,Abuja Electricity Distribution Plc,AEDC,D - MD1,D – MD1,D,MD1,55.82,NGN per kWh,2024-04-01,2024-04-30,Apr 2024,COLUMN_1,FALSE,ORDER/NERC/2025/059,ORDER/NERC/2025/059,2025-07-01,1st July 2025,,,NOT_IN_TEXT_LAYER,2025-08-28,UNSTATED,PDF_TEXT_LAYER,VALIDATED,SIGNING_PAGE_NOT_IN_TEXT_LAYER,AEDC_July_2025_059.pdf,4,Table – 2: Approved Allowed Tariffs,D – MD1,1
AEDC,Abuja Electricity Distribution Plc,AEDC,D - MD1,D – MD1,D,MD1,55.82,NGN per kWh,2024-05-01,2024-06-30,May – Jun 2024,COLUMN_2,FALSE,ORDER/NERC/2025/059,ORDER/NERC/2025/059,2025-07-01,1st July 2025,,,NOT_IN_TEXT_LAYER,2025-08-28,UNSTATED,PDF_TEXT_LAYER,VALIDATED,SIGNING_PAGE_NOT_IN_TEXT_LAYER,AEDC_July_2025_059.pdf,4,Table – 2: Approved Allowed Tariffs,D – MD1,2
AEDC,Abuja Electricity Distribution Plc,AEDC,D - MD1,D – MD1,D,MD1,55.82,NGN per kWh,2024-07-01,2025-07-31,Jul 2024 – Jul 2025,COLUMN_3,TRUE,ORDER/NERC/2025/059,ORDER/NERC/2025/059,2025-07-01,1st July 2025,,,NOT_IN_TEXT_LAYER,2025-08-28,UNSTATED,PDF_TEXT_LAYER,VALIDATED,SIGNING_PAGE_NOT_IN_TEXT_LAYER,AEDC_July_2025_059.pdf,4,Table – 2: Approved Allowed Tariffs,D – MD1,3
AEDC,Abuja Electricity Distribution Plc,AEDC,D - MD2,D - MD2,D,MD2,55.82,NGN per kWh,2024-04-01,2024-04-30,Apr 2024,COLUMN_1,FALSE,ORDER/NERC/2025/059,ORDER/NERC/2025/059,2025-07-01,1st July 2025,,,NOT_IN_TEXT_LAYER,2025-08-28,UNSTATED,PDF_TEXT_LAYER,VALIDATED,SIGNING_PAGE_NOT_IN_TEXT_LAYER,AEDC_July_2025_059.pdf,4,Table – 2: Approved Allowed Tariffs,D - MD2,1
AEDC,Abuja Electricity Distribution Plc,AEDC,D - MD2,D - MD2,D,MD2,55.82,NGN per kWh,2024-05-01,2024-06-30,May – Jun 2024,COLUMN_2,FALSE,ORDER/NERC/2025/059,ORDER/NERC/2025/059,2025-07-01,1st July 2025,,,NOT_IN_TEXT_LAYER,2025-08-28,UNSTATED,PDF_TEXT_LAYER,VALIDATED,SIGNING_PAGE_NOT_IN_TEXT_LAYER,AEDC_July_2025_059.pdf,4,Table – 2: Approved Allowed Tariffs,D - MD2,2
AEDC,Abuja Electricity Distribution Plc,AEDC,D - MD2,D - MD2,D,MD2,55.82,NGN per kWh,2024-07-01,2025-07-31,Jul 2024 – Jul 2025,COLUMN_3,TRUE,ORDER/NERC/2025/059,ORDER/NERC/2025/059,2025-07-01,1st July 2025,,,NOT_IN_TEXT_LAYER,2025-08-28,UNSTATED,PDF_TEXT_LAYER,VALIDATED,SIGNING_PAGE_NOT_IN_TEXT_LAYER,AEDC_July_2025_059.pdf,4,Table – 2: Approved Allowed Tariffs,D - MD2,3
AEDC,Abuja Electricity Distribution Plc,AEDC,E - Non-MD,E – Non-MD,E,NON_MD,33.95,NGN per kWh,2024-04-01,2024-04-30,Apr 2024,COLUMN_1,FALSE,ORDER/NERC/2025/059,ORDER/NERC/2025/059,2025-07-01,1st July 2025,,,NOT_IN_TEXT_LAYER,2025-08-28,UNSTATED,PDF_TEXT_LAYER,VALIDATED,SIGNING_PAGE_NOT_IN_TEXT_LAYER,AEDC_July_2025_059.pdf,4,Table – 2: Approved Allowed Tariffs,E – Non-MD,1
AEDC,Abuja Electricity Distribution Plc,AEDC,E - Non-MD,E – Non-MD,E,NON_MD,33.95,NGN per kWh,2024-05-01,2024-06-30,May – Jun 2024,COLUMN_2,FALSE,ORDER/NERC/2025/059,ORDER/NERC/2025/059,2025-07-01,1st July 2025,,,NOT_IN_TEXT_LAYER,2025-08-28,UNSTATED,PDF_TEXT_LAYER,VALIDATED,SIGNING_PAGE_NOT_IN_TEXT_LAYER,AEDC_July_2025_059.pdf,4,Table – 2: Approved Allowed Tariffs,E – Non-MD,2
AEDC,Abuja Electricity Distribution Plc,AEDC,E - Non-MD,E – Non-MD,E,NON_MD,33.95,NGN per kWh,2024-07-01,2025-07-31,Jul 2024 – Jul 2025,COLUMN_3,TRUE,ORDER/NERC/2025/059,ORDER/NERC/2025/059,2025-07-01,1st July 2025,,,NOT_IN_TEXT_LAYER,2025-08-28,UNSTATED,PDF_TEXT_LAYER,VALIDATED,SIGNING_PAGE_NOT_IN_TEXT_LAYER,AEDC_July_2025_059.pdf,4,Table – 2: Approved Allowed Tariffs,E – Non-MD,3
AEDC,Abuja Electricity Distribution Plc,AEDC,E - MD1,E – MD1,E,MD1,55.82,NGN per kWh,2024-04-01,2024-04-30,Apr 2024,COLUMN_1,FALSE,ORDER/NERC/2025/059,ORDER/NERC/2025/059,2025-07-01,1st July 2025,,,NOT_IN_TEXT_LAYER,2025-08-28,UNSTATED,PDF_TEXT_LAYER,VALIDATED,SIGNING_PAGE_NOT_IN_TEXT_LAYER,AEDC_July_2025_059.pdf,4,Table – 2: Approved Allowed Tariffs,E – MD1,1
AEDC,Abuja Electricity Distribution Plc,AEDC,E - MD1,E – MD1,E,MD1,55.82,NGN per kWh,2024-05-01,2024-06-30,May – Jun 2024,COLUMN_2,FALSE,ORDER/NERC/2025/059,ORDER/NERC/2025/059,2025-07-01,1st July 2025,,,NOT_IN_TEXT_LAYER,2025-08-28,UNSTATED,PDF_TEXT_LAYER,VALIDATED,SIGNING_PAGE_NOT_IN_TEXT_LAYER,AEDC_July_2025_059.pdf,4,Table – 2: Approved Allowed Tariffs,E – MD1,2
AEDC,Abuja Electricity Distribution Plc,AEDC,E - MD1,E – MD1,E,MD1,55.82,NGN per kWh,2024-07-01,2025-07-31,Jul 2024 – Jul 2025,COLUMN_3,TRUE,ORDER/NERC/2025/059,ORDER/NERC/2025/059,2025-07-01,1st July 2025,,,NOT_IN_TEXT_LAYER,2025-08-28,UNSTATED,PDF_TEXT_LAYER,VALIDATED,SIGNING_PAGE_NOT_IN_TEXT_LAYER,AEDC_July_2025_059.pdf,4,Table – 2: Approved Allowed Tariffs,E – MD1,3
AEDC,Abuja Electricity Distribution Plc,AEDC,E - MD2,E – MD2,E,MD2,55.82,NGN per kWh,2024-04-01,2024-04-30,Apr 2024,COLUMN_1,FALSE,ORDER/NERC/2025/059,ORDER/NERC/2025/059,2025-07-01,1st July 2025,,,NOT_IN_TEXT_LAYER,2025-08-28,UNSTATED,PDF_TEXT_LAYER,VALIDATED,SIGNING_PAGE_NOT_IN_TEXT_LAYER,AEDC_July_2025_059.pdf,4,Table – 2: Approved Allowed Tariffs,E – MD2,1
AEDC,Abuja Electricity Distribution Plc,AEDC,E - MD2,E – MD2,E,MD2,55.82,NGN per kWh,2024-05-01,2024-06-30,May – Jun 2024,COLUMN_2,FALSE,ORDER/NERC/2025/059,ORDER/NERC/2025/059,2025-07-01,1st July 2025,,,NOT_IN_TEXT_LAYER,2025-08-28,UNSTATED,PDF_TEXT_LAYER,VALIDATED,SIGNING_PAGE_NOT_IN_TEXT_LAYER,AEDC_July_2025_059.pdf,4,Table – 2: Approved Allowed Tariffs,E – MD2,2
AEDC,Abuja Electricity Distribution Plc,AEDC,E - MD2,E – MD2,E,MD2,55.82,NGN per kWh,2024-07-01,2025-07-31,Jul 2024 – Jul 2025,COLUMN_3,TRUE,ORDER/NERC/2025/059,ORDER/NERC/2025/059,2025-07-01,1st July 2025,,,NOT_IN_TEXT_LAYER,2025-08-28,UNSTATED,PDF_TEXT_LAYER,VALIDATED,SIGNING_PAGE_NOT_IN_TEXT_LAYER,AEDC_July_2025_059.pdf,4,Table – 2: Approved Allowed Tariffs,E – MD2,3
BEDC,Benin Electricity Distribution Plc,BEDC,Life-line,Life-line,LIFELINE,NON_MD,4.00,NGN per kWh,2024-04-01,2024-04-30,Apr 2024,COLUMN_1,FALSE,ORDER/NERC/2025/060,ORDER/NERC/2025/060,2025-07-01,1st July 2025,,,NOT_IN_TEXT_LAYER,2025-08-28,UNSTATED,PDF_TEXT_LAYER,VALIDATED,SIGNING_PAGE_NOT_IN_TEXT_LAYER,BEDC_July_2025_060.pdf,4,Table – 2: Approved Allowed Tariffs,Life-line,1
BEDC,Benin Electricity Distribution Plc,BEDC,Life-line,Life-line,LIFELINE,NON_MD,4.00,NGN per kWh,2024-05-01,2024-06-30,May - Jun 2024,COLUMN_2,FALSE,ORDER/NERC/2025/060,ORDER/NERC/2025/060,2025-07-01,1st July 2025,,,NOT_IN_TEXT_LAYER,2025-08-28,UNSTATED,PDF_TEXT_LAYER,VALIDATED,SIGNING_PAGE_NOT_IN_TEXT_LAYER,BEDC_July_2025_060.pdf,4,Table – 2: Approved Allowed Tariffs,Life-line,2
BEDC,Benin Electricity Distribution Plc,BEDC,Life-line,Life-line,LIFELINE,NON_MD,4.00,NGN per kWh,2024-07-01,2025-07-31,Jul 2024 – Jul 2025,COLUMN_3,TRUE,ORDER/NERC/2025/060,ORDER/NERC/2025/060,2025-07-01,1st July 2025,,,NOT_IN_TEXT_LAYER,2025-08-28,UNSTATED,PDF_TEXT_LAYER,VALIDATED,SIGNING_PAGE_NOT_IN_TEXT_LAYER,BEDC_July_2025_060.pdf,4,Table – 2: Approved Allowed Tariffs,Life-line,3
BEDC,Benin Electricity Distribution Plc,BEDC,A - Non-MD,A – Non-MD,A,NON_MD,225.00,NGN per kWh,2024-04-01,2024-04-30,Apr 2024,COLUMN_1,FALSE,ORDER/NERC/2025/060,ORDER/NERC/2025/060,2025-07-01,1st July 2025,,,NOT_IN_TEXT_LAYER,2025-08-28,UNSTATED,PDF_TEXT_LAYER,VALIDATED,SIGNING_PAGE_NOT_IN_TEXT_LAYER,BEDC_July_2025_060.pdf,4,Table – 2: Approved Allowed Tariffs,A – Non-MD,1
BEDC,Benin Electricity Distribution Plc,BEDC,A - Non-MD,A – Non-MD,A,NON_MD,206.80,NGN per kWh,2024-05-01,2024-06-30,May - Jun 2024,COLUMN_2,FALSE,ORDER/NERC/2025/060,ORDER/NERC/2025/060,2025-07-01,1st July 2025,,,NOT_IN_TEXT_LAYER,2025-08-28,UNSTATED,PDF_TEXT_LAYER,VALIDATED,SIGNING_PAGE_NOT_IN_TEXT_LAYER,BEDC_July_2025_060.pdf,4,Table – 2: Approved Allowed Tariffs,A – Non-MD,2
BEDC,Benin Electricity Distribution Plc,BEDC,A - Non-MD,A – Non-MD,A,NON_MD,209.50,NGN per kWh,2024-07-01,2025-07-31,Jul 2024 – Jul 2025,COLUMN_3,TRUE,ORDER/NERC/2025/060,ORDER/NERC/2025/060,2025-07-01,1st July 2025,,,NOT_IN_TEXT_LAYER,2025-08-28,UNSTATED,PDF_TEXT_LAYER,VALIDATED,SIGNING_PAGE_NOT_IN_TEXT_LAYER,BEDC_July_2025_060.pdf,4,Table – 2: Approved Allowed Tariffs,A – Non-MD,3
BEDC,Benin Electricity Distribution Plc,BEDC,A - MD1,A – MD1,A,MD1,225.00,NGN per kWh,2024-04-01,2024-04-30,Apr 2024,COLUMN_1,FALSE,ORDER/NERC/2025/060,ORDER/NERC/2025/060,2025-07-01,1st July 2025,,,NOT_IN_TEXT_LAYER,2025-08-28,UNSTATED,PDF_TEXT_LAYER,VALIDATED,SIGNING_PAGE_NOT_IN_TEXT_LAYER,BEDC_July_2025_060.pdf,4,Table – 2: Approved Allowed Tariffs,A – MD1,1
BEDC,Benin Electricity Distribution Plc,BEDC,A - MD1,A – MD1,A,MD1,206.80,NGN per kWh,2024-05-01,2024-06-30,May - Jun 2024,COLUMN_2,FALSE,ORDER/NERC/2025/060,ORDER/NERC/2025/060,2025-07-01,1st July 2025,,,NOT_IN_TEXT_LAYER,2025-08-28,UNSTATED,PDF_TEXT_LAYER,VALIDATED,SIGNING_PAGE_NOT_IN_TEXT_LAYER,BEDC_July_2025_060.pdf,4,Table – 2: Approved Allowed Tariffs,A – MD1,2
BEDC,Benin Electricity Distribution Plc,BEDC,A - MD1,A – MD1,A,MD1,209.50,NGN per kWh,2024-07-01,2025-07-31,Jul 2024 – Jul 2025,COLUMN_3,TRUE,ORDER/NERC/2025/060,ORDER/NERC/2025/060,2025-07-01,1st July 2025,,,NOT_IN_TEXT_LAYER,2025-08-28,UNSTATED,PDF_TEXT_LAYER,VALIDATED,SIGNING_PAGE_NOT_IN_TEXT_LAYER,BEDC_July_2025_060.pdf,4,Table – 2: Approved Allowed Tariffs,A – MD1,3
BEDC,Benin Electricity Distribution Plc,BEDC,A - MD2,A – MD2,A,MD2,225.00,NGN per kWh,2024-04-01,2024-04-30,Apr 2024,COLUMN_1,FALSE,ORDER/NERC/2025/060,ORDER/NERC/2025/060,2025-07-01,1st July 2025,,,NOT_IN_TEXT_LAYER,2025-08-28,UNSTATED,PDF_TEXT_LAYER,VALIDATED,SIGNING_PAGE_NOT_IN_TEXT_LAYER,BEDC_July_2025_060.pdf,4,Table – 2: Approved Allowed Tariffs,A – MD2,1
BEDC,Benin Electricity Distribution Plc,BEDC,A - MD2,A – MD2,A,MD2,206.80,NGN per kWh,2024-05-01,2024-06-30,May - Jun 2024,COLUMN_2,FALSE,ORDER/NERC/2025/060,ORDER/NERC/2025/060,2025-07-01,1st July 2025,,,NOT_IN_TEXT_LAYER,2025-08-28,UNSTATED,PDF_TEXT_LAYER,VALIDATED,SIGNING_PAGE_NOT_IN_TEXT_LAYER,BEDC_July_2025_060.pdf,4,Table – 2: Approved Allowed Tariffs,A – MD2,2
BEDC,Benin Electricity Distribution Plc,BEDC,A - MD2,A – MD2,A,MD2,209.50,NGN per kWh,2024-07-01,2025-07-31,Jul 2024 – Jul 2025,COLUMN_3,TRUE,ORDER/NERC/2025/060,ORDER/NERC/2025/060,2025-07-01,1st July 2025,,,NOT_IN_TEXT_LAYER,2025-08-28,UNSTATED,PDF_TEXT_LAYER,VALIDATED,SIGNING_PAGE_NOT_IN_TEXT_LAYER,BEDC_July_2025_060.pdf,4,Table – 2: Approved Allowed Tariffs,A – MD2,3
BEDC,Benin Electricity Distribution Plc,BEDC,B - Non-MD,B – Non-MD,B,NON_MD,68.56,NGN per kWh,2024-04-01,2024-04-30,Apr 2024,COLUMN_1,FALSE,ORDER/NERC/2025/060,ORDER/NERC/2025/060,2025-07-01,1st July 2025,,,NOT_IN_TEXT_LAYER,2025-08-28,UNSTATED,PDF_TEXT_LAYER,VALIDATED,SIGNING_PAGE_NOT_IN_TEXT_LAYER,BEDC_July_2025_060.pdf,4,Table – 2: Approved Allowed Tariffs,B – Non-MD,1
BEDC,Benin Electricity Distribution Plc,BEDC,B - Non-MD,B – Non-MD,B,NON_MD,68.56,NGN per kWh,2024-05-01,2024-06-30,May - Jun 2024,COLUMN_2,FALSE,ORDER/NERC/2025/060,ORDER/NERC/2025/060,2025-07-01,1st July 2025,,,NOT_IN_TEXT_LAYER,2025-08-28,UNSTATED,PDF_TEXT_LAYER,VALIDATED,SIGNING_PAGE_NOT_IN_TEXT_LAYER,BEDC_July_2025_060.pdf,4,Table – 2: Approved Allowed Tariffs,B – Non-MD,2
BEDC,Benin Electricity Distribution Plc,BEDC,B - Non-MD,B – Non-MD,B,NON_MD,68.56,NGN per kWh,2024-07-01,2025-07-31,Jul 2024 – Jul 2025,COLUMN_3,TRUE,ORDER/NERC/2025/060,ORDER/NERC/2025/060,2025-07-01,1st July 2025,,,NOT_IN_TEXT_LAYER,2025-08-28,UNSTATED,PDF_TEXT_LAYER,VALIDATED,SIGNING_PAGE_NOT_IN_TEXT_LAYER,BEDC_July_2025_060.pdf,4,Table – 2: Approved Allowed Tariffs,B – Non-MD,3
BEDC,Benin Electricity Distribution Plc,BEDC,B - MD1,B – MD1,B,MD1,63.88,NGN per kWh,2024-04-01,2024-04-30,Apr 2024,COLUMN_1,FALSE,ORDER/NERC/2025/060,ORDER/NERC/2025/060,2025-07-01,1st July 2025,,,NOT_IN_TEXT_LAYER,2025-08-28,UNSTATED,PDF_TEXT_LAYER,VALIDATED,SIGNING_PAGE_NOT_IN_TEXT_LAYER,BEDC_July_2025_060.pdf,4,Table – 2: Approved Allowed Tariffs,B – MD1,1
BEDC,Benin Electricity Distribution Plc,BEDC,B - MD1,B – MD1,B,MD1,63.88,NGN per kWh,2024-05-01,2024-06-30,May - Jun 2024,COLUMN_2,FALSE,ORDER/NERC/2025/060,ORDER/NERC/2025/060,2025-07-01,1st July 2025,,,NOT_IN_TEXT_LAYER,2025-08-28,UNSTATED,PDF_TEXT_LAYER,VALIDATED,SIGNING_PAGE_NOT_IN_TEXT_LAYER,BEDC_July_2025_060.pdf,4,Table – 2: Approved Allowed Tariffs,B – MD1,2
BEDC,Benin Electricity Distribution Plc,BEDC,B - MD1,B – MD1,B,MD1,63.88,NGN per kWh,2024-07-01,2025-07-31,Jul 2024 – Jul 2025,COLUMN_3,TRUE,ORDER/NERC/2025/060,ORDER/NERC/2025/060,2025-07-01,1st July 2025,,,NOT_IN_TEXT_LAYER,2025-08-28,UNSTATED,PDF_TEXT_LAYER,VALIDATED,SIGNING_PAGE_NOT_IN_TEXT_LAYER,BEDC_July_2025_060.pdf,4,Table – 2: Approved Allowed Tariffs,B – MD1,3
BEDC,Benin Electricity Distribution Plc,BEDC,B - MD2,B – MD2,B,MD2,63.88,NGN per kWh,2024-04-01,2024-04-30,Apr 2024,COLUMN_1,FALSE,ORDER/NERC/2025/060,ORDER/NERC/2025/060,2025-07-01,1st July 2025,,,NOT_IN_TEXT_LAYER,2025-08-28,UNSTATED,PDF_TEXT_LAYER,VALIDATED,SIGNING_PAGE_NOT_IN_TEXT_LAYER,BEDC_July_2025_060.pdf,4,Table – 2: Approved Allowed Tariffs,B – MD2,1
BEDC,Benin Electricity Distribution Plc,BEDC,B - MD2,B – MD2,B,MD2,63.88,NGN per kWh,2024-05-01,2024-06-30,May - Jun 2024,COLUMN_2,FALSE,ORDER/NERC/2025/060,ORDER/NERC/2025/060,2025-07-01,1st July 2025,,,NOT_IN_TEXT_LAYER,2025-08-28,UNSTATED,PDF_TEXT_LAYER,VALIDATED,SIGNING_PAGE_NOT_IN_TEXT_LAYER,BEDC_July_2025_060.pdf,4,Table – 2: Approved Allowed Tariffs,B – MD2,2
BEDC,Benin Electricity Distribution Plc,BEDC,B - MD2,B – MD2,B,MD2,63.88,NGN per kWh,2024-07-01,2025-07-31,Jul 2024 – Jul 2025,COLUMN_3,TRUE,ORDER/NERC/2025/060,ORDER/NERC/2025/060,2025-07-01,1st July 2025,,,NOT_IN_TEXT_LAYER,2025-08-28,UNSTATED,PDF_TEXT_LAYER,VALIDATED,SIGNING_PAGE_NOT_IN_TEXT_LAYER,BEDC_July_2025_060.pdf,4,Table – 2: Approved Allowed Tariffs,B – MD2,3
BEDC,Benin Electricity Distribution Plc,BEDC,C - Non-MD,C – Non-MD,C,NON_MD,56.91,NGN per kWh,2024-04-01,2024-04-30,Apr 2024,COLUMN_1,FALSE,ORDER/NERC/2025/060,ORDER/NERC/2025/060,2025-07-01,1st July 2025,,,NOT_IN_TEXT_LAYER,2025-08-28,UNSTATED,PDF_TEXT_LAYER,VALIDATED,SIGNING_PAGE_NOT_IN_TEXT_LAYER,BEDC_July_2025_060.pdf,4,Table – 2: Approved Allowed Tariffs,C – Non-MD,1
BEDC,Benin Electricity Distribution Plc,BEDC,C - Non-MD,C – Non-MD,C,NON_MD,56.91,NGN per kWh,2024-05-01,2024-06-30,May - Jun 2024,COLUMN_2,FALSE,ORDER/NERC/2025/060,ORDER/NERC/2025/060,2025-07-01,1st July 2025,,,NOT_IN_TEXT_LAYER,2025-08-28,UNSTATED,PDF_TEXT_LAYER,VALIDATED,SIGNING_PAGE_NOT_IN_TEXT_LAYER,BEDC_July_2025_060.pdf,4,Table – 2: Approved Allowed Tariffs,C – Non-MD,2
BEDC,Benin Electricity Distribution Plc,BEDC,C - Non-MD,C – Non-MD,C,NON_MD,56.91,NGN per kWh,2024-07-01,2025-07-31,Jul 2024 – Jul 2025,COLUMN_3,TRUE,ORDER/NERC/2025/060,ORDER/NERC/2025/060,2025-07-01,1st July 2025,,,NOT_IN_TEXT_LAYER,2025-08-28,UNSTATED,PDF_TEXT_LAYER,VALIDATED,SIGNING_PAGE_NOT_IN_TEXT_LAYER,BEDC_July_2025_060.pdf,4,Table – 2: Approved Allowed Tariffs,C – Non-MD,3
BEDC,Benin Electricity Distribution Plc,BEDC,C - MD1,C – MD1,C,MD1,54.98,NGN per kWh,2024-04-01,2024-04-30,Apr 2024,COLUMN_1,FALSE,ORDER/NERC/2025/060,ORDER/NERC/2025/060,2025-07-01,1st July 2025,,,NOT_IN_TEXT_LAYER,2025-08-28,UNSTATED,PDF_TEXT_LAYER,VALIDATED,SIGNING_PAGE_NOT_IN_TEXT_LAYER,BEDC_July_2025_060.pdf,4,Table – 2: Approved Allowed Tariffs,C – MD1,1
BEDC,Benin Electricity Distribution Plc,BEDC,C - MD1,C – MD1,C,MD1,54.98,NGN per kWh,2024-05-01,2024-06-30,May - Jun 2024,COLUMN_2,FALSE,ORDER/NERC/2025/060,ORDER/NERC/2025/060,2025-07-01,1st July 2025,,,NOT_IN_TEXT_LAYER,2025-08-28,UNSTATED,PDF_TEXT_LAYER,VALIDATED,SIGNING_PAGE_NOT_IN_TEXT_LAYER,BEDC_July_2025_060.pdf,4,Table – 2: Approved Allowed Tariffs,C – MD1,2
BEDC,Benin Electricity Distribution Plc,BEDC,C - MD1,C – MD1,C,MD1,54.98,NGN per kWh,2024-07-01,2025-07-31,Jul 2024 – Jul 2025,COLUMN_3,TRUE,ORDER/NERC/2025/060,ORDER/NERC/2025/060,2025-07-01,1st July 2025,,,NOT_IN_TEXT_LAYER,2025-08-28,UNSTATED,PDF_TEXT_LAYER,VALIDATED,SIGNING_PAGE_NOT_IN_TEXT_LAYER,BEDC_July_2025_060.pdf,4,Table – 2: Approved Allowed Tariffs,C – MD1,3
BEDC,Benin Electricity Distribution Plc,BEDC,C - MD2,C – MD2,C,MD2,54.98,NGN per kWh,2024-04-01,2024-04-30,Apr 2024,COLUMN_1,FALSE,ORDER/NERC/2025/060,ORDER/NERC/2025/060,2025-07-01,1st July 2025,,,NOT_IN_TEXT_LAYER,2025-08-28,UNSTATED,PDF_TEXT_LAYER,VALIDATED,SIGNING_PAGE_NOT_IN_TEXT_LAYER,BEDC_July_2025_060.pdf,4,Table – 2: Approved Allowed Tariffs,C – MD2,1
BEDC,Benin Electricity Distribution Plc,BEDC,C - MD2,C – MD2,C,MD2,54.98,NGN per kWh,2024-05-01,2024-06-30,May - Jun 2024,COLUMN_2,FALSE,ORDER/NERC/2025/060,ORDER/NERC/2025/060,2025-07-01,1st July 2025,,,NOT_IN_TEXT_LAYER,2025-08-28,UNSTATED,PDF_TEXT_LAYER,VALIDATED,SIGNING_PAGE_NOT_IN_TEXT_LAYER,BEDC_July_2025_060.pdf,4,Table – 2: Approved Allowed Tariffs,C – MD2,2
BEDC,Benin Electricity Distribution Plc,BEDC,C - MD2,C – MD2,C,MD2,54.98,NGN per kWh,2024-07-01,2025-07-31,Jul 2024 – Jul 2025,COLUMN_3,TRUE,ORDER/NERC/2025/060,ORDER/NERC/2025/060,2025-07-01,1st July 2025,,,NOT_IN_TEXT_LAYER,2025-08-28,UNSTATED,PDF_TEXT_LAYER,VALIDATED,SIGNING_PAGE_NOT_IN_TEXT_LAYER,BEDC_July_2025_060.pdf,4,Table – 2: Approved Allowed Tariffs,C – MD2,3
BEDC,Benin Electricity Distribution Plc,BEDC,D - Non-MD,D – Non-MD,D,NON_MD,41.20,NGN per kWh,2024-04-01,2024-04-30,Apr 2024,COLUMN_1,FALSE,ORDER/NERC/2025/060,ORDER/NERC/2025/060,2025-07-01,1st July 2025,,,NOT_IN_TEXT_LAYER,2025-08-28,UNSTATED,PDF_TEXT_LAYER,VALIDATED,SIGNING_PAGE_NOT_IN_TEXT_LAYER,BEDC_July_2025_060.pdf,4,Table – 2: Approved Allowed Tariffs,D – Non-MD,1
BEDC,Benin Electricity Distribution Plc,BEDC,D - Non-MD,D – Non-MD,D,NON_MD,41.20,NGN per kWh,2024-05-01,2024-06-30,May - Jun 2024,COLUMN_2,FALSE,ORDER/NERC/2025/060,ORDER/NERC/2025/060,2025-07-01,1st July 2025,,,NOT_IN_TEXT_LAYER,2025-08-28,UNSTATED,PDF_TEXT_LAYER,VALIDATED,SIGNING_PAGE_NOT_IN_TEXT_LAYER,BEDC_July_2025_060.pdf,4,Table – 2: Approved Allowed Tariffs,D – Non-MD,2
BEDC,Benin Electricity Distribution Plc,BEDC,D - Non-MD,D – Non-MD,D,NON_MD,41.20,NGN per kWh,2024-07-01,2025-07-31,Jul 2024 – Jul 2025,COLUMN_3,TRUE,ORDER/NERC/2025/060,ORDER/NERC/2025/060,2025-07-01,1st July 2025,,,NOT_IN_TEXT_LAYER,2025-08-28,UNSTATED,PDF_TEXT_LAYER,VALIDATED,SIGNING_PAGE_NOT_IN_TEXT_LAYER,BEDC_July_2025_060.pdf,4,Table – 2: Approved Allowed Tariffs,D – Non-MD,3
BEDC,Benin Electricity Distribution Plc,BEDC,D - MD1,D – MD1,D,MD1,46.64,NGN per kWh,2024-04-01,2024-04-30,Apr 2024,COLUMN_1,FALSE,ORDER/NERC/2025/060,ORDER/NERC/2025/060,2025-07-01,1st July 2025,,,NOT_IN_TEXT_LAYER,2025-08-28,UNSTATED,PDF_TEXT_LAYER,VALIDATED,SIGNING_PAGE_NOT_IN_TEXT_LAYER,BEDC_July_2025_060.pdf,4,Table – 2: Approved Allowed Tariffs,D – MD1,1
BEDC,Benin Electricity Distribution Plc,BEDC,D - MD1,D – MD1,D,MD1,46.64,NGN per kWh,2024-05-01,2024-06-30,May - Jun 2024,COLUMN_2,FALSE,ORDER/NERC/2025/060,ORDER/NERC/2025/060,2025-07-01,1st July 2025,,,NOT_IN_TEXT_LAYER,2025-08-28,UNSTATED,PDF_TEXT_LAYER,VALIDATED,SIGNING_PAGE_NOT_IN_TEXT_LAYER,BEDC_July_2025_060.pdf,4,Table – 2: Approved Allowed Tariffs,D – MD1,2
BEDC,Benin Electricity Distribution Plc,BEDC,D - MD1,D – MD1,D,MD1,46.64,NGN per kWh,2024-07-01,2025-07-31,Jul 2024 – Jul 2025,COLUMN_3,TRUE,ORDER/NERC/2025/060,ORDER/NERC/2025/060,2025-07-01,1st July 2025,,,NOT_IN_TEXT_LAYER,2025-08-28,UNSTATED,PDF_TEXT_LAYER,VALIDATED,SIGNING_PAGE_NOT_IN_TEXT_LAYER,BEDC_July_2025_060.pdf,4,Table – 2: Approved Allowed Tariffs,D – MD1,3
BEDC,Benin Electricity Distribution Plc,BEDC,D - MD2,D - MD2,D,MD2,46.64,NGN per kWh,2024-04-01,2024-04-30,Apr 2024,COLUMN_1,FALSE,ORDER/NERC/2025/060,ORDER/NERC/2025/060,2025-07-01,1st July 2025,,,NOT_IN_TEXT_LAYER,2025-08-28,UNSTATED,PDF_TEXT_LAYER,VALIDATED,SIGNING_PAGE_NOT_IN_TEXT_LAYER,BEDC_July_2025_060.pdf,4,Table – 2: Approved Allowed Tariffs,D - MD2,1
BEDC,Benin Electricity Distribution Plc,BEDC,D - MD2,D - MD2,D,MD2,46.64,NGN per kWh,2024-05-01,2024-06-30,May - Jun 2024,COLUMN_2,FALSE,ORDER/NERC/2025/060,ORDER/NERC/2025/060,2025-07-01,1st July 2025,,,NOT_IN_TEXT_LAYER,2025-08-28,UNSTATED,PDF_TEXT_LAYER,VALIDATED,SIGNING_PAGE_NOT_IN_TEXT_LAYER,BEDC_July_2025_060.pdf,4,Table – 2: Approved Allowed Tariffs,D - MD2,2
BEDC,Benin Electricity Distribution Plc,BEDC,D - MD2,D - MD2,D,MD2,46.64,NGN per kWh,2024-07-01,2025-07-31,Jul 2024 – Jul 2025,COLUMN_3,TRUE,ORDER/NERC/2025/060,ORDER/NERC/2025/060,2025-07-01,1st July 2025,,,NOT_IN_TEXT_LAYER,2025-08-28,UNSTATED,PDF_TEXT_LAYER,VALIDATED,SIGNING_PAGE_NOT_IN_TEXT_LAYER,BEDC_July_2025_060.pdf,4,Table – 2: Approved Allowed Tariffs,D - MD2,3
BEDC,Benin Electricity Distribution Plc,BEDC,E - Non-MD,E – Non-MD,E,NON_MD,41.21,NGN per kWh,2024-04-01,2024-04-30,Apr 2024,COLUMN_1,FALSE,ORDER/NERC/2025/060,ORDER/NERC/2025/060,2025-07-01,1st July 2025,,,NOT_IN_TEXT_LAYER,2025-08-28,UNSTATED,PDF_TEXT_LAYER,VALIDATED,SIGNING_PAGE_NOT_IN_TEXT_LAYER,BEDC_July_2025_060.pdf,4,Table – 2: Approved Allowed Tariffs,E – Non-MD,1
BEDC,Benin Electricity Distribution Plc,BEDC,E - Non-MD,E – Non-MD,E,NON_MD,41.21,NGN per kWh,2024-05-01,2024-06-30,May - Jun 2024,COLUMN_2,FALSE,ORDER/NERC/2025/060,ORDER/NERC/2025/060,2025-07-01,1st July 2025,,,NOT_IN_TEXT_LAYER,2025-08-28,UNSTATED,PDF_TEXT_LAYER,VALIDATED,SIGNING_PAGE_NOT_IN_TEXT_LAYER,BEDC_July_2025_060.pdf,4,Table – 2: Approved Allowed Tariffs,E – Non-MD,2
BEDC,Benin Electricity Distribution Plc,BEDC,E - Non-MD,E – Non-MD,E,NON_MD,41.21,NGN per kWh,2024-07-01,2025-07-31,Jul 2024 – Jul 2025,COLUMN_3,TRUE,ORDER/NERC/2025/060,ORDER/NERC/2025/060,2025-07-01,1st July 2025,,,NOT_IN_TEXT_LAYER,2025-08-28,UNSTATED,PDF_TEXT_LAYER,VALIDATED,SIGNING_PAGE_NOT_IN_TEXT_LAYER,BEDC_July_2025_060.pdf,4,Table – 2: Approved Allowed Tariffs,E – Non-MD,3
BEDC,Benin Electricity Distribution Plc,BEDC,E - MD1,E – MD1,E,MD1,46.64,NGN per kWh,2024-04-01,2024-04-30,Apr 2024,COLUMN_1,FALSE,ORDER/NERC/2025/060,ORDER/NERC/2025/060,2025-07-01,1st July 2025,,,NOT_IN_TEXT_LAYER,2025-08-28,UNSTATED,PDF_TEXT_LAYER,VALIDATED,SIGNING_PAGE_NOT_IN_TEXT_LAYER,BEDC_July_2025_060.pdf,4,Table – 2: Approved Allowed Tariffs,E – MD1,1
BEDC,Benin Electricity Distribution Plc,BEDC,E - MD1,E – MD1,E,MD1,46.64,NGN per kWh,2024-05-01,2024-06-30,May - Jun 2024,COLUMN_2,FALSE,ORDER/NERC/2025/060,ORDER/NERC/2025/060,2025-07-01,1st July 2025,,,NOT_IN_TEXT_LAYER,2025-08-28,UNSTATED,PDF_TEXT_LAYER,VALIDATED,SIGNING_PAGE_NOT_IN_TEXT_LAYER,BEDC_July_2025_060.pdf,4,Table – 2: Approved Allowed Tariffs,E – MD1,2
BEDC,Benin Electricity Distribution Plc,BEDC,E - MD1,E – MD1,E,MD1,46.64,NGN per kWh,2024-07-01,2025-07-31,Jul 2024 – Jul 2025,COLUMN_3,TRUE,ORDER/NERC/2025/060,ORDER/NERC/2025/060,2025-07-01,1st July 2025,,,NOT_IN_TEXT_LAYER,2025-08-28,UNSTATED,PDF_TEXT_LAYER,VALIDATED,SIGNING_PAGE_NOT_IN_TEXT_LAYER,BEDC_July_2025_060.pdf,4,Table – 2: Approved Allowed Tariffs,E – MD1,3
BEDC,Benin Electricity Distribution Plc,BEDC,E - MD2,E – MD2,E,MD2,46.64,NGN per kWh,2024-04-01,2024-04-30,Apr 2024,COLUMN_1,FALSE,ORDER/NERC/2025/060,ORDER/NERC/2025/060,2025-07-01,1st July 2025,,,NOT_IN_TEXT_LAYER,2025-08-28,UNSTATED,PDF_TEXT_LAYER,VALIDATED,SIGNING_PAGE_NOT_IN_TEXT_LAYER,BEDC_July_2025_060.pdf,4,Table – 2: Approved Allowed Tariffs,E – MD2,1
BEDC,Benin Electricity Distribution Plc,BEDC,E - MD2,E – MD2,E,MD2,46.64,NGN per kWh,2024-05-01,2024-06-30,May - Jun 2024,COLUMN_2,FALSE,ORDER/NERC/2025/060,ORDER/NERC/2025/060,2025-07-01,1st July 2025,,,NOT_IN_TEXT_LAYER,2025-08-28,UNSTATED,PDF_TEXT_LAYER,VALIDATED,SIGNING_PAGE_NOT_IN_TEXT_LAYER,BEDC_July_2025_060.pdf,4,Table – 2: Approved Allowed Tariffs,E – MD2,2
BEDC,Benin Electricity Distribution Plc,BEDC,E - MD2,E – MD2,E,MD2,46.64,NGN per kWh,2024-07-01,2025-07-31,Jul 2024 – Jul 2025,COLUMN_3,TRUE,ORDER/NERC/2025/060,ORDER/NERC/2025/060,2025-07-01,1st July 2025,,,NOT_IN_TEXT_LAYER,2025-08-28,UNSTATED,PDF_TEXT_LAYER,VALIDATED,SIGNING_PAGE_NOT_IN_TEXT_LAYER,BEDC_July_2025_060.pdf,4,Table – 2: Approved Allowed Tariffs,E – MD2,3
EEDC,Enugu Electricity Distribution Plc,EEDC,Life-line,Life-line,LIFELINE,NON_MD,4.00,NGN per kWh,2024-04-01,2024-04-30,Apr 2024,COLUMN_1,FALSE,ORDER/NERC/2025/062,ORDER/NERC/2025/062,2025-07-01,1st July 2025,,,NOT_IN_TEXT_LAYER,2025-08-28,UNSTATED,PDF_TEXT_LAYER,VALIDATED,SIGNING_PAGE_NOT_IN_TEXT_LAYER,EEDC_July_2025_062.pdf,4,Table – 2: Approved Allowed Tariffs,Life-line,1
EEDC,Enugu Electricity Distribution Plc,EEDC,Life-line,Life-line,LIFELINE,NON_MD,4.00,NGN per kWh,2024-05-01,2024-06-30,May – Jun 2024,COLUMN_2,FALSE,ORDER/NERC/2025/062,ORDER/NERC/2025/062,2025-07-01,1st July 2025,,,NOT_IN_TEXT_LAYER,2025-08-28,UNSTATED,PDF_TEXT_LAYER,VALIDATED,SIGNING_PAGE_NOT_IN_TEXT_LAYER,EEDC_July_2025_062.pdf,4,Table – 2: Approved Allowed Tariffs,Life-line,2
EEDC,Enugu Electricity Distribution Plc,EEDC,Life-line,Life-line,LIFELINE,NON_MD,4.00,NGN per kWh,2024-07-01,2025-07-31,Jul 2024 – Jul 2025,COLUMN_3,TRUE,ORDER/NERC/2025/062,ORDER/NERC/2025/062,2025-07-01,1st July 2025,,,NOT_IN_TEXT_LAYER,2025-08-28,UNSTATED,PDF_TEXT_LAYER,VALIDATED,SIGNING_PAGE_NOT_IN_TEXT_LAYER,EEDC_July_2025_062.pdf,4,Table – 2: Approved Allowed Tariffs,Life-line,3
EEDC,Enugu Electricity Distribution Plc,EEDC,A - Non-MD,A – Non-MD,A,NON_MD,225.00,NGN per kWh,2024-04-01,2024-04-30,Apr 2024,COLUMN_1,FALSE,ORDER/NERC/2025/062,ORDER/NERC/2025/062,2025-07-01,1st July 2025,,,NOT_IN_TEXT_LAYER,2025-08-28,UNSTATED,PDF_TEXT_LAYER,VALIDATED,SIGNING_PAGE_NOT_IN_TEXT_LAYER,EEDC_July_2025_062.pdf,4,Table – 2: Approved Allowed Tariffs,A – Non-MD,1
EEDC,Enugu Electricity Distribution Plc,EEDC,A - Non-MD,A – Non-MD,A,NON_MD,206.80,NGN per kWh,2024-05-01,2024-06-30,May – Jun 2024,COLUMN_2,FALSE,ORDER/NERC/2025/062,ORDER/NERC/2025/062,2025-07-01,1st July 2025,,,NOT_IN_TEXT_LAYER,2025-08-28,UNSTATED,PDF_TEXT_LAYER,VALIDATED,SIGNING_PAGE_NOT_IN_TEXT_LAYER,EEDC_July_2025_062.pdf,4,Table – 2: Approved Allowed Tariffs,A – Non-MD,2
EEDC,Enugu Electricity Distribution Plc,EEDC,A - Non-MD,A – Non-MD,A,NON_MD,209.50,NGN per kWh,2024-07-01,2025-07-31,Jul 2024 – Jul 2025,COLUMN_3,TRUE,ORDER/NERC/2025/062,ORDER/NERC/2025/062,2025-07-01,1st July 2025,,,NOT_IN_TEXT_LAYER,2025-08-28,UNSTATED,PDF_TEXT_LAYER,VALIDATED,SIGNING_PAGE_NOT_IN_TEXT_LAYER,EEDC_July_2025_062.pdf,4,Table – 2: Approved Allowed Tariffs,A – Non-MD,3
EEDC,Enugu Electricity Distribution Plc,EEDC,A - MD1,A – MD1,A,MD1,225.00,NGN per kWh,2024-04-01,2024-04-30,Apr 2024,COLUMN_1,FALSE,ORDER/NERC/2025/062,ORDER/NERC/2025/062,2025-07-01,1st July 2025,,,NOT_IN_TEXT_LAYER,2025-08-28,UNSTATED,PDF_TEXT_LAYER,VALIDATED,SIGNING_PAGE_NOT_IN_TEXT_LAYER,EEDC_July_2025_062.pdf,4,Table – 2: Approved Allowed Tariffs,A – MD1,1
EEDC,Enugu Electricity Distribution Plc,EEDC,A - MD1,A – MD1,A,MD1,206.80,NGN per kWh,2024-05-01,2024-06-30,May – Jun 2024,COLUMN_2,FALSE,ORDER/NERC/2025/062,ORDER/NERC/2025/062,2025-07-01,1st July 2025,,,NOT_IN_TEXT_LAYER,2025-08-28,UNSTATED,PDF_TEXT_LAYER,VALIDATED,SIGNING_PAGE_NOT_IN_TEXT_LAYER,EEDC_July_2025_062.pdf,4,Table – 2: Approved Allowed Tariffs,A – MD1,2
EEDC,Enugu Electricity Distribution Plc,EEDC,A - MD1,A – MD1,A,MD1,209.50,NGN per kWh,2024-07-01,2025-07-31,Jul 2024 – Jul 2025,COLUMN_3,TRUE,ORDER/NERC/2025/062,ORDER/NERC/2025/062,2025-07-01,1st July 2025,,,NOT_IN_TEXT_LAYER,2025-08-28,UNSTATED,PDF_TEXT_LAYER,VALIDATED,SIGNING_PAGE_NOT_IN_TEXT_LAYER,EEDC_July_2025_062.pdf,4,Table – 2: Approved Allowed Tariffs,A – MD1,3
EEDC,Enugu Electricity Distribution Plc,EEDC,A - MD2,A – MD2,A,MD2,225.00,NGN per kWh,2024-04-01,2024-04-30,Apr 2024,COLUMN_1,FALSE,ORDER/NERC/2025/062,ORDER/NERC/2025/062,2025-07-01,1st July 2025,,,NOT_IN_TEXT_LAYER,2025-08-28,UNSTATED,PDF_TEXT_LAYER,VALIDATED,SIGNING_PAGE_NOT_IN_TEXT_LAYER,EEDC_July_2025_062.pdf,4,Table – 2: Approved Allowed Tariffs,A – MD2,1
EEDC,Enugu Electricity Distribution Plc,EEDC,A - MD2,A – MD2,A,MD2,206.80,NGN per kWh,2024-05-01,2024-06-30,May – Jun 2024,COLUMN_2,FALSE,ORDER/NERC/2025/062,ORDER/NERC/2025/062,2025-07-01,1st July 2025,,,NOT_IN_TEXT_LAYER,2025-08-28,UNSTATED,PDF_TEXT_LAYER,VALIDATED,SIGNING_PAGE_NOT_IN_TEXT_LAYER,EEDC_July_2025_062.pdf,4,Table – 2: Approved Allowed Tariffs,A – MD2,2
EEDC,Enugu Electricity Distribution Plc,EEDC,A - MD2,A – MD2,A,MD2,209.50,NGN per kWh,2024-07-01,2025-07-31,Jul 2024 – Jul 2025,COLUMN_3,TRUE,ORDER/NERC/2025/062,ORDER/NERC/2025/062,2025-07-01,1st July 2025,,,NOT_IN_TEXT_LAYER,2025-08-28,UNSTATED,PDF_TEXT_LAYER,VALIDATED,SIGNING_PAGE_NOT_IN_TEXT_LAYER,EEDC_July_2025_062.pdf,4,Table – 2: Approved Allowed Tariffs,A – MD2,3
EEDC,Enugu Electricity Distribution Plc,EEDC,B - Non-MD,B – Non-MD,B,NON_MD,66.47,NGN per kWh,2024-04-01,2024-04-30,Apr 2024,COLUMN_1,FALSE,ORDER/NERC/2025/062,ORDER/NERC/2025/062,2025-07-01,1st July 2025,,,NOT_IN_TEXT_LAYER,2025-08-28,UNSTATED,PDF_TEXT_LAYER,VALIDATED,SIGNING_PAGE_NOT_IN_TEXT_LAYER,EEDC_July_2025_062.pdf,4,Table – 2: Approved Allowed Tariffs,B – Non-MD,1
EEDC,Enugu Electricity Distribution Plc,EEDC,B - Non-MD,B – Non-MD,B,NON_MD,66.47,NGN per kWh,2024-05-01,2024-06-30,May – Jun 2024,COLUMN_2,FALSE,ORDER/NERC/2025/062,ORDER/NERC/2025/062,2025-07-01,1st July 2025,,,NOT_IN_TEXT_LAYER,2025-08-28,UNSTATED,PDF_TEXT_LAYER,VALIDATED,SIGNING_PAGE_NOT_IN_TEXT_LAYER,EEDC_July_2025_062.pdf,4,Table – 2: Approved Allowed Tariffs,B – Non-MD,2
EEDC,Enugu Electricity Distribution Plc,EEDC,B - Non-MD,B – Non-MD,B,NON_MD,66.47,NGN per kWh,2024-07-01,2025-07-31,Jul 2024 – Jul 2025,COLUMN_3,TRUE,ORDER/NERC/2025/062,ORDER/NERC/2025/062,2025-07-01,1st July 2025,,,NOT_IN_TEXT_LAYER,2025-08-28,UNSTATED,PDF_TEXT_LAYER,VALIDATED,SIGNING_PAGE_NOT_IN_TEXT_LAYER,EEDC_July_2025_062.pdf,4,Table – 2: Approved Allowed Tariffs,B – Non-MD,3
EEDC,Enugu Electricity Distribution Plc,EEDC,B - MD1,B – MD1,B,MD1,62.84,NGN per kWh,2024-04-01,2024-04-30,Apr 2024,COLUMN_1,FALSE,ORDER/NERC/2025/062,ORDER/NERC/2025/062,2025-07-01,1st July 2025,,,NOT_IN_TEXT_LAYER,2025-08-28,UNSTATED,PDF_TEXT_LAYER,VALIDATED,SIGNING_PAGE_NOT_IN_TEXT_LAYER,EEDC_July_2025_062.pdf,4,Table – 2: Approved Allowed Tariffs,B – MD1,1
EEDC,Enugu Electricity Distribution Plc,EEDC,B - MD1,B – MD1,B,MD1,62.84,NGN per kWh,2024-05-01,2024-06-30,May – Jun 2024,COLUMN_2,FALSE,ORDER/NERC/2025/062,ORDER/NERC/2025/062,2025-07-01,1st July 2025,,,NOT_IN_TEXT_LAYER,2025-08-28,UNSTATED,PDF_TEXT_LAYER,VALIDATED,SIGNING_PAGE_NOT_IN_TEXT_LAYER,EEDC_July_2025_062.pdf,4,Table – 2: Approved Allowed Tariffs,B – MD1,2
EEDC,Enugu Electricity Distribution Plc,EEDC,B - MD1,B – MD1,B,MD1,62.84,NGN per kWh,2024-07-01,2025-07-31,Jul 2024 – Jul 2025,COLUMN_3,TRUE,ORDER/NERC/2025/062,ORDER/NERC/2025/062,2025-07-01,1st July 2025,,,NOT_IN_TEXT_LAYER,2025-08-28,UNSTATED,PDF_TEXT_LAYER,VALIDATED,SIGNING_PAGE_NOT_IN_TEXT_LAYER,EEDC_July_2025_062.pdf,4,Table – 2: Approved Allowed Tariffs,B – MD1,3
EEDC,Enugu Electricity Distribution Plc,EEDC,B - MD2,B – MD2,B,MD2,62.84,NGN per kWh,2024-04-01,2024-04-30,Apr 2024,COLUMN_1,FALSE,ORDER/NERC/2025/062,ORDER/NERC/2025/062,2025-07-01,1st July 2025,,,NOT_IN_TEXT_LAYER,2025-08-28,UNSTATED,PDF_TEXT_LAYER,VALIDATED,SIGNING_PAGE_NOT_IN_TEXT_LAYER,EEDC_July_2025_062.pdf,4,Table – 2: Approved Allowed Tariffs,B – MD2,1
EEDC,Enugu Electricity Distribution Plc,EEDC,B - MD2,B – MD2,B,MD2,62.84,NGN per kWh,2024-05-01,2024-06-30,May – Jun 2024,COLUMN_2,FALSE,ORDER/NERC/2025/062,ORDER/NERC/2025/062,2025-07-01,1st July 2025,,,NOT_IN_TEXT_LAYER,2025-08-28,UNSTATED,PDF_TEXT_LAYER,VALIDATED,SIGNING_PAGE_NOT_IN_TEXT_LAYER,EEDC_July_2025_062.pdf,4,Table – 2: Approved Allowed Tariffs,B – MD2,2
EEDC,Enugu Electricity Distribution Plc,EEDC,B - MD2,B – MD2,B,MD2,62.84,NGN per kWh,2024-07-01,2025-07-31,Jul 2024 – Jul 2025,COLUMN_3,TRUE,ORDER/NERC/2025/062,ORDER/NERC/2025/062,2025-07-01,1st July 2025,,,NOT_IN_TEXT_LAYER,2025-08-28,UNSTATED,PDF_TEXT_LAYER,VALIDATED,SIGNING_PAGE_NOT_IN_TEXT_LAYER,EEDC_July_2025_062.pdf,4,Table – 2: Approved Allowed Tariffs,B – MD2,3
EEDC,Enugu Electricity Distribution Plc,EEDC,C - Non-MD,C – Non-MD,C,NON_MD,53.78,NGN per kWh,2024-04-01,2024-04-30,Apr 2024,COLUMN_1,FALSE,ORDER/NERC/2025/062,ORDER/NERC/2025/062,2025-07-01,1st July 2025,,,NOT_IN_TEXT_LAYER,2025-08-28,UNSTATED,PDF_TEXT_LAYER,VALIDATED,SIGNING_PAGE_NOT_IN_TEXT_LAYER,EEDC_July_2025_062.pdf,4,Table – 2: Approved Allowed Tariffs,C – Non-MD,1
EEDC,Enugu Electricity Distribution Plc,EEDC,C - Non-MD,C – Non-MD,C,NON_MD,53.78,NGN per kWh,2024-05-01,2024-06-30,May – Jun 2024,COLUMN_2,FALSE,ORDER/NERC/2025/062,ORDER/NERC/2025/062,2025-07-01,1st July 2025,,,NOT_IN_TEXT_LAYER,2025-08-28,UNSTATED,PDF_TEXT_LAYER,VALIDATED,SIGNING_PAGE_NOT_IN_TEXT_LAYER,EEDC_July_2025_062.pdf,4,Table – 2: Approved Allowed Tariffs,C – Non-MD,2
EEDC,Enugu Electricity Distribution Plc,EEDC,C - Non-MD,C – Non-MD,C,NON_MD,53.78,NGN per kWh,2024-07-01,2025-07-31,Jul 2024 – Jul 2025,COLUMN_3,TRUE,ORDER/NERC/2025/062,ORDER/NERC/2025/062,2025-07-01,1st July 2025,,,NOT_IN_TEXT_LAYER,2025-08-28,UNSTATED,PDF_TEXT_LAYER,VALIDATED,SIGNING_PAGE_NOT_IN_TEXT_LAYER,EEDC_July_2025_062.pdf,4,Table – 2: Approved Allowed Tariffs,C – Non-MD,3
EEDC,Enugu Electricity Distribution Plc,EEDC,C - MD1,C – MD1,C,MD1,50.21,NGN per kWh,2024-04-01,2024-04-30,Apr 2024,COLUMN_1,FALSE,ORDER/NERC/2025/062,ORDER/NERC/2025/062,2025-07-01,1st July 2025,,,NOT_IN_TEXT_LAYER,2025-08-28,UNSTATED,PDF_TEXT_LAYER,VALIDATED,SIGNING_PAGE_NOT_IN_TEXT_LAYER,EEDC_July_2025_062.pdf,4,Table – 2: Approved Allowed Tariffs,C – MD1,1
EEDC,Enugu Electricity Distribution Plc,EEDC,C - MD1,C – MD1,C,MD1,50.21,NGN per kWh,2024-05-01,2024-06-30,May – Jun 2024,COLUMN_2,FALSE,ORDER/NERC/2025/062,ORDER/NERC/2025/062,2025-07-01,1st July 2025,,,NOT_IN_TEXT_LAYER,2025-08-28,UNSTATED,PDF_TEXT_LAYER,VALIDATED,SIGNING_PAGE_NOT_IN_TEXT_LAYER,EEDC_July_2025_062.pdf,4,Table – 2: Approved Allowed Tariffs,C – MD1,2
EEDC,Enugu Electricity Distribution Plc,EEDC,C - MD1,C – MD1,C,MD1,50.21,NGN per kWh,2024-07-01,2025-07-31,Jul 2024 – Jul 2025,COLUMN_3,TRUE,ORDER/NERC/2025/062,ORDER/NERC/2025/062,2025-07-01,1st July 2025,,,NOT_IN_TEXT_LAYER,2025-08-28,UNSTATED,PDF_TEXT_LAYER,VALIDATED,SIGNING_PAGE_NOT_IN_TEXT_LAYER,EEDC_July_2025_062.pdf,4,Table – 2: Approved Allowed Tariffs,C – MD1,3
EEDC,Enugu Electricity Distribution Plc,EEDC,C - MD2,C – MD2,C,MD2,50.21,NGN per kWh,2024-04-01,2024-04-30,Apr 2024,COLUMN_1,FALSE,ORDER/NERC/2025/062,ORDER/NERC/2025/062,2025-07-01,1st July 2025,,,NOT_IN_TEXT_LAYER,2025-08-28,UNSTATED,PDF_TEXT_LAYER,VALIDATED,SIGNING_PAGE_NOT_IN_TEXT_LAYER,EEDC_July_2025_062.pdf,4,Table – 2: Approved Allowed Tariffs,C – MD2,1
EEDC,Enugu Electricity Distribution Plc,EEDC,C - MD2,C – MD2,C,MD2,50.21,NGN per kWh,2024-05-01,2024-06-30,May – Jun 2024,COLUMN_2,FALSE,ORDER/NERC/2025/062,ORDER/NERC/2025/062,2025-07-01,1st July 2025,,,NOT_IN_TEXT_LAYER,2025-08-28,UNSTATED,PDF_TEXT_LAYER,VALIDATED,SIGNING_PAGE_NOT_IN_TEXT_LAYER,EEDC_July_2025_062.pdf,4,Table – 2: Approved Allowed Tariffs,C – MD2,2
EEDC,Enugu Electricity Distribution Plc,EEDC,C - MD2,C – MD2,C,MD2,50.21,NGN per kWh,2024-07-01,2025-07-31,Jul 2024 – Jul 2025,COLUMN_3,TRUE,ORDER/NERC/2025/062,ORDER/NERC/2025/062,2025-07-01,1st July 2025,,,NOT_IN_TEXT_LAYER,2025-08-28,UNSTATED,PDF_TEXT_LAYER,VALIDATED,SIGNING_PAGE_NOT_IN_TEXT_LAYER,EEDC_July_2025_062.pdf,4,Table – 2: Approved Allowed Tariffs,C – MD2,3
EEDC,Enugu Electricity Distribution Plc,EEDC,D - Non-MD,D – Non-MD,D,NON_MD,36.49,NGN per kWh,2024-04-01,2024-04-30,Apr 2024,COLUMN_1,FALSE,ORDER/NERC/2025/062,ORDER/NERC/2025/062,2025-07-01,1st July 2025,,,NOT_IN_TEXT_LAYER,2025-08-28,UNSTATED,PDF_TEXT_LAYER,VALIDATED,SIGNING_PAGE_NOT_IN_TEXT_LAYER,EEDC_July_2025_062.pdf,4,Table – 2: Approved Allowed Tariffs,D – Non-MD,1
EEDC,Enugu Electricity Distribution Plc,EEDC,D - Non-MD,D – Non-MD,D,NON_MD,36.49,NGN per kWh,2024-05-01,2024-06-30,May – Jun 2024,COLUMN_2,FALSE,ORDER/NERC/2025/062,ORDER/NERC/2025/062,2025-07-01,1st July 2025,,,NOT_IN_TEXT_LAYER,2025-08-28,UNSTATED,PDF_TEXT_LAYER,VALIDATED,SIGNING_PAGE_NOT_IN_TEXT_LAYER,EEDC_July_2025_062.pdf,4,Table – 2: Approved Allowed Tariffs,D – Non-MD,2
EEDC,Enugu Electricity Distribution Plc,EEDC,D - Non-MD,D – Non-MD,D,NON_MD,36.49,NGN per kWh,2024-07-01,2025-07-31,Jul 2024 – Jul 2025,COLUMN_3,TRUE,ORDER/NERC/2025/062,ORDER/NERC/2025/062,2025-07-01,1st July 2025,,,NOT_IN_TEXT_LAYER,2025-08-28,UNSTATED,PDF_TEXT_LAYER,VALIDATED,SIGNING_PAGE_NOT_IN_TEXT_LAYER,EEDC_July_2025_062.pdf,4,Table – 2: Approved Allowed Tariffs,D – Non-MD,3
EEDC,Enugu Electricity Distribution Plc,EEDC,D - MD1,D – MD1,D,MD1,47.82,NGN per kWh,2024-04-01,2024-04-30,Apr 2024,COLUMN_1,FALSE,ORDER/NERC/2025/062,ORDER/NERC/2025/062,2025-07-01,1st July 2025,,,NOT_IN_TEXT_LAYER,2025-08-28,UNSTATED,PDF_TEXT_LAYER,VALIDATED,SIGNING_PAGE_NOT_IN_TEXT_LAYER,EEDC_July_2025_062.pdf,4,Table – 2: Approved Allowed Tariffs,D – MD1,1
EEDC,Enugu Electricity Distribution Plc,EEDC,D - MD1,D – MD1,D,MD1,47.82,NGN per kWh,2024-05-01,2024-06-30,May – Jun 2024,COLUMN_2,FALSE,ORDER/NERC/2025/062,ORDER/NERC/2025/062,2025-07-01,1st July 2025,,,NOT_IN_TEXT_LAYER,2025-08-28,UNSTATED,PDF_TEXT_LAYER,VALIDATED,SIGNING_PAGE_NOT_IN_TEXT_LAYER,EEDC_July_2025_062.pdf,4,Table – 2: Approved Allowed Tariffs,D – MD1,2
EEDC,Enugu Electricity Distribution Plc,EEDC,D - MD1,D – MD1,D,MD1,47.82,NGN per kWh,2024-07-01,2025-07-31,Jul 2024 – Jul 2025,COLUMN_3,TRUE,ORDER/NERC/2025/062,ORDER/NERC/2025/062,2025-07-01,1st July 2025,,,NOT_IN_TEXT_LAYER,2025-08-28,UNSTATED,PDF_TEXT_LAYER,VALIDATED,SIGNING_PAGE_NOT_IN_TEXT_LAYER,EEDC_July_2025_062.pdf,4,Table – 2: Approved Allowed Tariffs,D – MD1,3
EEDC,Enugu Electricity Distribution Plc,EEDC,D - MD2,D - MD2,D,MD2,47.60,NGN per kWh,2024-04-01,2024-04-30,Apr 2024,COLUMN_1,FALSE,ORDER/NERC/2025/062,ORDER/NERC/2025/062,2025-07-01,1st July 2025,,,NOT_IN_TEXT_LAYER,2025-08-28,UNSTATED,PDF_TEXT_LAYER,VALIDATED,SIGNING_PAGE_NOT_IN_TEXT_LAYER,EEDC_July_2025_062.pdf,4,Table – 2: Approved Allowed Tariffs,D - MD2,1
EEDC,Enugu Electricity Distribution Plc,EEDC,D - MD2,D - MD2,D,MD2,47.60,NGN per kWh,2024-05-01,2024-06-30,May – Jun 2024,COLUMN_2,FALSE,ORDER/NERC/2025/062,ORDER/NERC/2025/062,2025-07-01,1st July 2025,,,NOT_IN_TEXT_LAYER,2025-08-28,UNSTATED,PDF_TEXT_LAYER,VALIDATED,SIGNING_PAGE_NOT_IN_TEXT_LAYER,EEDC_July_2025_062.pdf,4,Table – 2: Approved Allowed Tariffs,D - MD2,2
EEDC,Enugu Electricity Distribution Plc,EEDC,D - MD2,D - MD2,D,MD2,47.60,NGN per kWh,2024-07-01,2025-07-31,Jul 2024 – Jul 2025,COLUMN_3,TRUE,ORDER/NERC/2025/062,ORDER/NERC/2025/062,2025-07-01,1st July 2025,,,NOT_IN_TEXT_LAYER,2025-08-28,UNSTATED,PDF_TEXT_LAYER,VALIDATED,SIGNING_PAGE_NOT_IN_TEXT_LAYER,EEDC_July_2025_062.pdf,4,Table – 2: Approved Allowed Tariffs,D - MD2,3
EEDC,Enugu Electricity Distribution Plc,EEDC,E - Non-MD,E – Non-MD,E,NON_MD,36.20,NGN per kWh,2024-04-01,2024-04-30,Apr 2024,COLUMN_1,FALSE,ORDER/NERC/2025/062,ORDER/NERC/2025/062,2025-07-01,1st July 2025,,,NOT_IN_TEXT_LAYER,2025-08-28,UNSTATED,PDF_TEXT_LAYER,VALIDATED,SIGNING_PAGE_NOT_IN_TEXT_LAYER,EEDC_July_2025_062.pdf,4,Table – 2: Approved Allowed Tariffs,E – Non-MD,1
EEDC,Enugu Electricity Distribution Plc,EEDC,E - Non-MD,E – Non-MD,E,NON_MD,36.20,NGN per kWh,2024-05-01,2024-06-30,May – Jun 2024,COLUMN_2,FALSE,ORDER/NERC/2025/062,ORDER/NERC/2025/062,2025-07-01,1st July 2025,,,NOT_IN_TEXT_LAYER,2025-08-28,UNSTATED,PDF_TEXT_LAYER,VALIDATED,SIGNING_PAGE_NOT_IN_TEXT_LAYER,EEDC_July_2025_062.pdf,4,Table – 2: Approved Allowed Tariffs,E – Non-MD,2
EEDC,Enugu Electricity Distribution Plc,EEDC,E - Non-MD,E – Non-MD,E,NON_MD,36.20,NGN per kWh,2024-07-01,2025-07-31,Jul 2024 – Jul 2025,COLUMN_3,TRUE,ORDER/NERC/2025/062,ORDER/NERC/2025/062,2025-07-01,1st July 2025,,,NOT_IN_TEXT_LAYER,2025-08-28,UNSTATED,PDF_TEXT_LAYER,VALIDATED,SIGNING_PAGE_NOT_IN_TEXT_LAYER,EEDC_July_2025_062.pdf,4,Table – 2: Approved Allowed Tariffs,E – Non-MD,3
EEDC,Enugu Electricity Distribution Plc,EEDC,E - MD1,E – MD1,E,MD1,47.60,NGN per kWh,2024-04-01,2024-04-30,Apr 2024,COLUMN_1,FALSE,ORDER/NERC/2025/062,ORDER/NERC/2025/062,2025-07-01,1st July 2025,,,NOT_IN_TEXT_LAYER,2025-08-28,UNSTATED,PDF_TEXT_LAYER,VALIDATED,SIGNING_PAGE_NOT_IN_TEXT_LAYER,EEDC_July_2025_062.pdf,4,Table – 2: Approved Allowed Tariffs,E – MD1,1
EEDC,Enugu Electricity Distribution Plc,EEDC,E - MD1,E – MD1,E,MD1,47.60,NGN per kWh,2024-05-01,2024-06-30,May – Jun 2024,COLUMN_2,FALSE,ORDER/NERC/2025/062,ORDER/NERC/2025/062,2025-07-01,1st July 2025,,,NOT_IN_TEXT_LAYER,2025-08-28,UNSTATED,PDF_TEXT_LAYER,VALIDATED,SIGNING_PAGE_NOT_IN_TEXT_LAYER,EEDC_July_2025_062.pdf,4,Table – 2: Approved Allowed Tariffs,E – MD1,2
EEDC,Enugu Electricity Distribution Plc,EEDC,E - MD1,E – MD1,E,MD1,47.60,NGN per kWh,2024-07-01,2025-07-31,Jul 2024 – Jul 2025,COLUMN_3,TRUE,ORDER/NERC/2025/062,ORDER/NERC/2025/062,2025-07-01,1st July 2025,,,NOT_IN_TEXT_LAYER,2025-08-28,UNSTATED,PDF_TEXT_LAYER,VALIDATED,SIGNING_PAGE_NOT_IN_TEXT_LAYER,EEDC_July_2025_062.pdf,4,Table – 2: Approved Allowed Tariffs,E – MD1,3
EEDC,Enugu Electricity Distribution Plc,EEDC,E - MD2,E – MD2,E,MD2,47.54,NGN per kWh,2024-04-01,2024-04-30,Apr 2024,COLUMN_1,FALSE,ORDER/NERC/2025/062,ORDER/NERC/2025/062,2025-07-01,1st July 2025,,,NOT_IN_TEXT_LAYER,2025-08-28,UNSTATED,PDF_TEXT_LAYER,VALIDATED,SIGNING_PAGE_NOT_IN_TEXT_LAYER,EEDC_July_2025_062.pdf,4,Table – 2: Approved Allowed Tariffs,E – MD2,1
EEDC,Enugu Electricity Distribution Plc,EEDC,E - MD2,E – MD2,E,MD2,47.54,NGN per kWh,2024-05-01,2024-06-30,May – Jun 2024,COLUMN_2,FALSE,ORDER/NERC/2025/062,ORDER/NERC/2025/062,2025-07-01,1st July 2025,,,NOT_IN_TEXT_LAYER,2025-08-28,UNSTATED,PDF_TEXT_LAYER,VALIDATED,SIGNING_PAGE_NOT_IN_TEXT_LAYER,EEDC_July_2025_062.pdf,4,Table – 2: Approved Allowed Tariffs,E – MD2,2
EEDC,Enugu Electricity Distribution Plc,EEDC,E - MD2,E – MD2,E,MD2,47.54,NGN per kWh,2024-07-01,2025-07-31,Jul 2024 – Jul 2025,COLUMN_3,TRUE,ORDER/NERC/2025/062,ORDER/NERC/2025/062,2025-07-01,1st July 2025,,,NOT_IN_TEXT_LAYER,2025-08-28,UNSTATED,PDF_TEXT_LAYER,VALIDATED,SIGNING_PAGE_NOT_IN_TEXT_LAYER,EEDC_July_2025_062.pdf,4,Table – 2: Approved Allowed Tariffs,E – MD2,3
EKEDP,Eko Electricity Distribution Plc,EKEDP,Life-line,Life-line,LIFELINE,NON_MD,4.00,NGN per kWh,2024-04-01,2024-04-30,Apr 2024,COLUMN_1,FALSE,ORDER/NERC/2025/061,ORDER/NERC/2025/061,2025-07-01,1st July 2025,,,NOT_IN_TEXT_LAYER,2025-08-28,UNSTATED,PDF_TEXT_LAYER,VALIDATED,SIGNING_PAGE_NOT_IN_TEXT_LAYER,EKEDP_July_2025_061.pdf,4,Table – 2: Approved Allowed Tariffs,Life-line,1
EKEDP,Eko Electricity Distribution Plc,EKEDP,Life-line,Life-line,LIFELINE,NON_MD,4.00,NGN per kWh,2024-05-01,2024-06-30,May – Jun 2024,COLUMN_2,FALSE,ORDER/NERC/2025/061,ORDER/NERC/2025/061,2025-07-01,1st July 2025,,,NOT_IN_TEXT_LAYER,2025-08-28,UNSTATED,PDF_TEXT_LAYER,VALIDATED,SIGNING_PAGE_NOT_IN_TEXT_LAYER,EKEDP_July_2025_061.pdf,4,Table – 2: Approved Allowed Tariffs,Life-line,2
EKEDP,Eko Electricity Distribution Plc,EKEDP,Life-line,Life-line,LIFELINE,NON_MD,4.00,NGN per kWh,2024-07-01,2025-07-31,Jul 2024 – Jul 2025,COLUMN_3,TRUE,ORDER/NERC/2025/061,ORDER/NERC/2025/061,2025-07-01,1st July 2025,,,NOT_IN_TEXT_LAYER,2025-08-28,UNSTATED,PDF_TEXT_LAYER,VALIDATED,SIGNING_PAGE_NOT_IN_TEXT_LAYER,EKEDP_July_2025_061.pdf,4,Table – 2: Approved Allowed Tariffs,Life-line,3
EKEDP,Eko Electricity Distribution Plc,EKEDP,A - Non-MD,A – Non-MD,A,NON_MD,225.00,NGN per kWh,2024-04-01,2024-04-30,Apr 2024,COLUMN_1,FALSE,ORDER/NERC/2025/061,ORDER/NERC/2025/061,2025-07-01,1st July 2025,,,NOT_IN_TEXT_LAYER,2025-08-28,UNSTATED,PDF_TEXT_LAYER,VALIDATED,SIGNING_PAGE_NOT_IN_TEXT_LAYER,EKEDP_July_2025_061.pdf,4,Table – 2: Approved Allowed Tariffs,A – Non-MD,1
EKEDP,Eko Electricity Distribution Plc,EKEDP,A - Non-MD,A – Non-MD,A,NON_MD,206.80,NGN per kWh,2024-05-01,2024-06-30,May – Jun 2024,COLUMN_2,FALSE,ORDER/NERC/2025/061,ORDER/NERC/2025/061,2025-07-01,1st July 2025,,,NOT_IN_TEXT_LAYER,2025-08-28,UNSTATED,PDF_TEXT_LAYER,VALIDATED,SIGNING_PAGE_NOT_IN_TEXT_LAYER,EKEDP_July_2025_061.pdf,4,Table – 2: Approved Allowed Tariffs,A – Non-MD,2
EKEDP,Eko Electricity Distribution Plc,EKEDP,A - Non-MD,A – Non-MD,A,NON_MD,209.50,NGN per kWh,2024-07-01,2025-07-31,Jul 2024 – Jul 2025,COLUMN_3,TRUE,ORDER/NERC/2025/061,ORDER/NERC/2025/061,2025-07-01,1st July 2025,,,NOT_IN_TEXT_LAYER,2025-08-28,UNSTATED,PDF_TEXT_LAYER,VALIDATED,SIGNING_PAGE_NOT_IN_TEXT_LAYER,EKEDP_July_2025_061.pdf,4,Table – 2: Approved Allowed Tariffs,A – Non-MD,3
EKEDP,Eko Electricity Distribution Plc,EKEDP,A - MD1,A – MD1,A,MD1,225.00,NGN per kWh,2024-04-01,2024-04-30,Apr 2024,COLUMN_1,FALSE,ORDER/NERC/2025/061,ORDER/NERC/2025/061,2025-07-01,1st July 2025,,,NOT_IN_TEXT_LAYER,2025-08-28,UNSTATED,PDF_TEXT_LAYER,VALIDATED,SIGNING_PAGE_NOT_IN_TEXT_LAYER,EKEDP_July_2025_061.pdf,4,Table – 2: Approved Allowed Tariffs,A – MD1,1
EKEDP,Eko Electricity Distribution Plc,EKEDP,A - MD1,A – MD1,A,MD1,206.80,NGN per kWh,2024-05-01,2024-06-30,May – Jun 2024,COLUMN_2,FALSE,ORDER/NERC/2025/061,ORDER/NERC/2025/061,2025-07-01,1st July 2025,,,NOT_IN_TEXT_LAYER,2025-08-28,UNSTATED,PDF_TEXT_LAYER,VALIDATED,SIGNING_PAGE_NOT_IN_TEXT_LAYER,EKEDP_July_2025_061.pdf,4,Table – 2: Approved Allowed Tariffs,A – MD1,2
EKEDP,Eko Electricity Distribution Plc,EKEDP,A - MD1,A – MD1,A,MD1,209.50,NGN per kWh,2024-07-01,2025-07-31,Jul 2024 – Jul 2025,COLUMN_3,TRUE,ORDER/NERC/2025/061,ORDER/NERC/2025/061,2025-07-01,1st July 2025,,,NOT_IN_TEXT_LAYER,2025-08-28,UNSTATED,PDF_TEXT_LAYER,VALIDATED,SIGNING_PAGE_NOT_IN_TEXT_LAYER,EKEDP_July_2025_061.pdf,4,Table – 2: Approved Allowed Tariffs,A – MD1,3
EKEDP,Eko Electricity Distribution Plc,EKEDP,A - MD2,A – MD2,A,MD2,225.00,NGN per kWh,2024-04-01,2024-04-30,Apr 2024,COLUMN_1,FALSE,ORDER/NERC/2025/061,ORDER/NERC/2025/061,2025-07-01,1st July 2025,,,NOT_IN_TEXT_LAYER,2025-08-28,UNSTATED,PDF_TEXT_LAYER,VALIDATED,SIGNING_PAGE_NOT_IN_TEXT_LAYER,EKEDP_July_2025_061.pdf,4,Table – 2: Approved Allowed Tariffs,A – MD2,1
EKEDP,Eko Electricity Distribution Plc,EKEDP,A - MD2,A – MD2,A,MD2,206.80,NGN per kWh,2024-05-01,2024-06-30,May – Jun 2024,COLUMN_2,FALSE,ORDER/NERC/2025/061,ORDER/NERC/2025/061,2025-07-01,1st July 2025,,,NOT_IN_TEXT_LAYER,2025-08-28,UNSTATED,PDF_TEXT_LAYER,VALIDATED,SIGNING_PAGE_NOT_IN_TEXT_LAYER,EKEDP_July_2025_061.pdf,4,Table – 2: Approved Allowed Tariffs,A – MD2,2
EKEDP,Eko Electricity Distribution Plc,EKEDP,A - MD2,A – MD2,A,MD2,209.50,NGN per kWh,2024-07-01,2025-07-31,Jul 2024 – Jul 2025,COLUMN_3,TRUE,ORDER/NERC/2025/061,ORDER/NERC/2025/061,2025-07-01,1st July 2025,,,NOT_IN_TEXT_LAYER,2025-08-28,UNSTATED,PDF_TEXT_LAYER,VALIDATED,SIGNING_PAGE_NOT_IN_TEXT_LAYER,EKEDP_July_2025_061.pdf,4,Table – 2: Approved Allowed Tariffs,A – MD2,3
EKEDP,Eko Electricity Distribution Plc,EKEDP,B - Non-MD,B – Non-MD,B,NON_MD,61.00,NGN per kWh,2024-04-01,2024-04-30,Apr 2024,COLUMN_1,FALSE,ORDER/NERC/2025/061,ORDER/NERC/2025/061,2025-07-01,1st July 2025,,,NOT_IN_TEXT_LAYER,2025-08-28,UNSTATED,PDF_TEXT_LAYER,VALIDATED,SIGNING_PAGE_NOT_IN_TEXT_LAYER,EKEDP_July_2025_061.pdf,4,Table – 2: Approved Allowed Tariffs,B – Non-MD,1
EKEDP,Eko Electricity Distribution Plc,EKEDP,B - Non-MD,B – Non-MD,B,NON_MD,61.00,NGN per kWh,2024-05-01,2024-06-30,May – Jun 2024,COLUMN_2,FALSE,ORDER/NERC/2025/061,ORDER/NERC/2025/061,2025-07-01,1st July 2025,,,NOT_IN_TEXT_LAYER,2025-08-28,UNSTATED,PDF_TEXT_LAYER,VALIDATED,SIGNING_PAGE_NOT_IN_TEXT_LAYER,EKEDP_July_2025_061.pdf,4,Table – 2: Approved Allowed Tariffs,B – Non-MD,2
EKEDP,Eko Electricity Distribution Plc,EKEDP,B - Non-MD,B – Non-MD,B,NON_MD,61.00,NGN per kWh,2024-07-01,2025-07-31,Jul 2024 – Jul 2025,COLUMN_3,TRUE,ORDER/NERC/2025/061,ORDER/NERC/2025/061,2025-07-01,1st July 2025,,,NOT_IN_TEXT_LAYER,2025-08-28,UNSTATED,PDF_TEXT_LAYER,VALIDATED,SIGNING_PAGE_NOT_IN_TEXT_LAYER,EKEDP_July_2025_061.pdf,4,Table – 2: Approved Allowed Tariffs,B – Non-MD,3
EKEDP,Eko Electricity Distribution Plc,EKEDP,B - MD1,B – MD1,B,MD1,64.07,NGN per kWh,2024-04-01,2024-04-30,Apr 2024,COLUMN_1,FALSE,ORDER/NERC/2025/061,ORDER/NERC/2025/061,2025-07-01,1st July 2025,,,NOT_IN_TEXT_LAYER,2025-08-28,UNSTATED,PDF_TEXT_LAYER,VALIDATED,SIGNING_PAGE_NOT_IN_TEXT_LAYER,EKEDP_July_2025_061.pdf,4,Table – 2: Approved Allowed Tariffs,B – MD1,1
EKEDP,Eko Electricity Distribution Plc,EKEDP,B - MD1,B – MD1,B,MD1,64.07,NGN per kWh,2024-05-01,2024-06-30,May – Jun 2024,COLUMN_2,FALSE,ORDER/NERC/2025/061,ORDER/NERC/2025/061,2025-07-01,1st July 2025,,,NOT_IN_TEXT_LAYER,2025-08-28,UNSTATED,PDF_TEXT_LAYER,VALIDATED,SIGNING_PAGE_NOT_IN_TEXT_LAYER,EKEDP_July_2025_061.pdf,4,Table – 2: Approved Allowed Tariffs,B – MD1,2
EKEDP,Eko Electricity Distribution Plc,EKEDP,B - MD1,B – MD1,B,MD1,64.07,NGN per kWh,2024-07-01,2025-07-31,Jul 2024 – Jul 2025,COLUMN_3,TRUE,ORDER/NERC/2025/061,ORDER/NERC/2025/061,2025-07-01,1st July 2025,,,NOT_IN_TEXT_LAYER,2025-08-28,UNSTATED,PDF_TEXT_LAYER,VALIDATED,SIGNING_PAGE_NOT_IN_TEXT_LAYER,EKEDP_July_2025_061.pdf,4,Table – 2: Approved Allowed Tariffs,B – MD1,3
EKEDP,Eko Electricity Distribution Plc,EKEDP,B - MD2,B – MD2,B,MD2,64.07,NGN per kWh,2024-04-01,2024-04-30,Apr 2024,COLUMN_1,FALSE,ORDER/NERC/2025/061,ORDER/NERC/2025/061,2025-07-01,1st July 2025,,,NOT_IN_TEXT_LAYER,2025-08-28,UNSTATED,PDF_TEXT_LAYER,VALIDATED,SIGNING_PAGE_NOT_IN_TEXT_LAYER,EKEDP_July_2025_061.pdf,4,Table – 2: Approved Allowed Tariffs,B – MD2,1
EKEDP,Eko Electricity Distribution Plc,EKEDP,B - MD2,B – MD2,B,MD2,64.07,NGN per kWh,2024-05-01,2024-06-30,May – Jun 2024,COLUMN_2,FALSE,ORDER/NERC/2025/061,ORDER/NERC/2025/061,2025-07-01,1st July 2025,,,NOT_IN_TEXT_LAYER,2025-08-28,UNSTATED,PDF_TEXT_LAYER,VALIDATED,SIGNING_PAGE_NOT_IN_TEXT_LAYER,EKEDP_July_2025_061.pdf,4,Table – 2: Approved Allowed Tariffs,B – MD2,2
EKEDP,Eko Electricity Distribution Plc,EKEDP,B - MD2,B – MD2,B,MD2,64.07,NGN per kWh,2024-07-01,2025-07-31,Jul 2024 – Jul 2025,COLUMN_3,TRUE,ORDER/NERC/2025/061,ORDER/NERC/2025/061,2025-07-01,1st July 2025,,,NOT_IN_TEXT_LAYER,2025-08-28,UNSTATED,PDF_TEXT_LAYER,VALIDATED,SIGNING_PAGE_NOT_IN_TEXT_LAYER,EKEDP_July_2025_061.pdf,4,Table – 2: Approved Allowed Tariffs,B – MD2,3
EKEDP,Eko Electricity Distribution Plc,EKEDP,C - Non-MD,C – Non-MD,C,NON_MD,48.53,NGN per kWh,2024-04-01,2024-04-30,Apr 2024,COLUMN_1,FALSE,ORDER/NERC/2025/061,ORDER/NERC/2025/061,2025-07-01,1st July 2025,,,NOT_IN_TEXT_LAYER,2025-08-28,UNSTATED,PDF_TEXT_LAYER,VALIDATED,SIGNING_PAGE_NOT_IN_TEXT_LAYER,EKEDP_July_2025_061.pdf,4,Table – 2: Approved Allowed Tariffs,C – Non-MD,1
EKEDP,Eko Electricity Distribution Plc,EKEDP,C - Non-MD,C – Non-MD,C,NON_MD,48.53,NGN per kWh,2024-05-01,2024-06-30,May – Jun 2024,COLUMN_2,FALSE,ORDER/NERC/2025/061,ORDER/NERC/2025/061,2025-07-01,1st July 2025,,,NOT_IN_TEXT_LAYER,2025-08-28,UNSTATED,PDF_TEXT_LAYER,VALIDATED,SIGNING_PAGE_NOT_IN_TEXT_LAYER,EKEDP_July_2025_061.pdf,4,Table – 2: Approved Allowed Tariffs,C – Non-MD,2
EKEDP,Eko Electricity Distribution Plc,EKEDP,C - Non-MD,C – Non-MD,C,NON_MD,48.53,NGN per kWh,2024-07-01,2025-07-31,Jul 2024 – Jul 2025,COLUMN_3,TRUE,ORDER/NERC/2025/061,ORDER/NERC/2025/061,2025-07-01,1st July 2025,,,NOT_IN_TEXT_LAYER,2025-08-28,UNSTATED,PDF_TEXT_LAYER,VALIDATED,SIGNING_PAGE_NOT_IN_TEXT_LAYER,EKEDP_July_2025_061.pdf,4,Table – 2: Approved Allowed Tariffs,C – Non-MD,3
EKEDP,Eko Electricity Distribution Plc,EKEDP,C - MD1,C – MD1,C,MD1,52.05,NGN per kWh,2024-04-01,2024-04-30,Apr 2024,COLUMN_1,FALSE,ORDER/NERC/2025/061,ORDER/NERC/2025/061,2025-07-01,1st July 2025,,,NOT_IN_TEXT_LAYER,2025-08-28,UNSTATED,PDF_TEXT_LAYER,VALIDATED,SIGNING_PAGE_NOT_IN_TEXT_LAYER,EKEDP_July_2025_061.pdf,4,Table – 2: Approved Allowed Tariffs,C – MD1,1
EKEDP,Eko Electricity Distribution Plc,EKEDP,C - MD1,C – MD1,C,MD1,52.05,NGN per kWh,2024-05-01,2024-06-30,May – Jun 2024,COLUMN_2,FALSE,ORDER/NERC/2025/061,ORDER/NERC/2025/061,2025-07-01,1st July 2025,,,NOT_IN_TEXT_LAYER,2025-08-28,UNSTATED,PDF_TEXT_LAYER,VALIDATED,SIGNING_PAGE_NOT_IN_TEXT_LAYER,EKEDP_July_2025_061.pdf,4,Table – 2: Approved Allowed Tariffs,C – MD1,2
EKEDP,Eko Electricity Distribution Plc,EKEDP,C - MD1,C – MD1,C,MD1,52.05,NGN per kWh,2024-07-01,2025-07-31,Jul 2024 – Jul 2025,COLUMN_3,TRUE,ORDER/NERC/2025/061,ORDER/NERC/2025/061,2025-07-01,1st July 2025,,,NOT_IN_TEXT_LAYER,2025-08-28,UNSTATED,PDF_TEXT_LAYER,VALIDATED,SIGNING_PAGE_NOT_IN_TEXT_LAYER,EKEDP_July_2025_061.pdf,4,Table – 2: Approved Allowed Tariffs,C – MD1,3
EKEDP,Eko Electricity Distribution Plc,EKEDP,C - MD2,C – MD2,C,MD2,52.05,NGN per kWh,2024-04-01,2024-04-30,Apr 2024,COLUMN_1,FALSE,ORDER/NERC/2025/061,ORDER/NERC/2025/061,2025-07-01,1st July 2025,,,NOT_IN_TEXT_LAYER,2025-08-28,UNSTATED,PDF_TEXT_LAYER,VALIDATED,SIGNING_PAGE_NOT_IN_TEXT_LAYER,EKEDP_July_2025_061.pdf,4,Table – 2: Approved Allowed Tariffs,C – MD2,1
EKEDP,Eko Electricity Distribution Plc,EKEDP,C - MD2,C – MD2,C,MD2,52.05,NGN per kWh,2024-05-01,2024-06-30,May – Jun 2024,COLUMN_2,FALSE,ORDER/NERC/2025/061,ORDER/NERC/2025/061,2025-07-01,1st July 2025,,,NOT_IN_TEXT_LAYER,2025-08-28,UNSTATED,PDF_TEXT_LAYER,VALIDATED,SIGNING_PAGE_NOT_IN_TEXT_LAYER,EKEDP_July_2025_061.pdf,4,Table – 2: Approved Allowed Tariffs,C – MD2,2
EKEDP,Eko Electricity Distribution Plc,EKEDP,C - MD2,C – MD2,C,MD2,52.05,NGN per kWh,2024-07-01,2025-07-31,Jul 2024 – Jul 2025,COLUMN_3,TRUE,ORDER/NERC/2025/061,ORDER/NERC/2025/061,2025-07-01,1st July 2025,,,NOT_IN_TEXT_LAYER,2025-08-28,UNSTATED,PDF_TEXT_LAYER,VALIDATED,SIGNING_PAGE_NOT_IN_TEXT_LAYER,EKEDP_July_2025_061.pdf,4,Table – 2: Approved Allowed Tariffs,C – MD2,3
EKEDP,Eko Electricity Distribution Plc,EKEDP,D - Non-MD,D – Non-MD,D,NON_MD,32.48,NGN per kWh,2024-04-01,2024-04-30,Apr 2024,COLUMN_1,FALSE,ORDER/NERC/2025/061,ORDER/NERC/2025/061,2025-07-01,1st July 2025,,,NOT_IN_TEXT_LAYER,2025-08-28,UNSTATED,PDF_TEXT_LAYER,VALIDATED,SIGNING_PAGE_NOT_IN_TEXT_LAYER,EKEDP_July_2025_061.pdf,4,Table – 2: Approved Allowed Tariffs,D – Non-MD,1
EKEDP,Eko Electricity Distribution Plc,EKEDP,D - Non-MD,D – Non-MD,D,NON_MD,32.48,NGN per kWh,2024-05-01,2024-06-30,May – Jun 2024,COLUMN_2,FALSE,ORDER/NERC/2025/061,ORDER/NERC/2025/061,2025-07-01,1st July 2025,,,NOT_IN_TEXT_LAYER,2025-08-28,UNSTATED,PDF_TEXT_LAYER,VALIDATED,SIGNING_PAGE_NOT_IN_TEXT_LAYER,EKEDP_July_2025_061.pdf,4,Table – 2: Approved Allowed Tariffs,D – Non-MD,2
EKEDP,Eko Electricity Distribution Plc,EKEDP,D - Non-MD,D – Non-MD,D,NON_MD,32.48,NGN per kWh,2024-07-01,2025-07-31,Jul 2024 – Jul 2025,COLUMN_3,TRUE,ORDER/NERC/2025/061,ORDER/NERC/2025/061,2025-07-01,1st July 2025,,,NOT_IN_TEXT_LAYER,2025-08-28,UNSTATED,PDF_TEXT_LAYER,VALIDATED,SIGNING_PAGE_NOT_IN_TEXT_LAYER,EKEDP_July_2025_061.pdf,4,Table – 2: Approved Allowed Tariffs,D – Non-MD,3
EKEDP,Eko Electricity Distribution Plc,EKEDP,D - MD1,D – MD1,D,MD1,43.27,NGN per kWh,2024-04-01,2024-04-30,Apr 2024,COLUMN_1,FALSE,ORDER/NERC/2025/061,ORDER/NERC/2025/061,2025-07-01,1st July 2025,,,NOT_IN_TEXT_LAYER,2025-08-28,UNSTATED,PDF_TEXT_LAYER,VALIDATED,SIGNING_PAGE_NOT_IN_TEXT_LAYER,EKEDP_July_2025_061.pdf,4,Table – 2: Approved Allowed Tariffs,D – MD1,1
EKEDP,Eko Electricity Distribution Plc,EKEDP,D - MD1,D – MD1,D,MD1,43.27,NGN per kWh,2024-05-01,2024-06-30,May – Jun 2024,COLUMN_2,FALSE,ORDER/NERC/2025/061,ORDER/NERC/2025/061,2025-07-01,1st July 2025,,,NOT_IN_TEXT_LAYER,2025-08-28,UNSTATED,PDF_TEXT_LAYER,VALIDATED,SIGNING_PAGE_NOT_IN_TEXT_LAYER,EKEDP_July_2025_061.pdf,4,Table – 2: Approved Allowed Tariffs,D – MD1,2
EKEDP,Eko Electricity Distribution Plc,EKEDP,D - MD1,D – MD1,D,MD1,43.27,NGN per kWh,2024-07-01,2025-07-31,Jul 2024 – Jul 2025,COLUMN_3,TRUE,ORDER/NERC/2025/061,ORDER/NERC/2025/061,2025-07-01,1st July 2025,,,NOT_IN_TEXT_LAYER,2025-08-28,UNSTATED,PDF_TEXT_LAYER,VALIDATED,SIGNING_PAGE_NOT_IN_TEXT_LAYER,EKEDP_July_2025_061.pdf,4,Table – 2: Approved Allowed Tariffs,D – MD1,3
EKEDP,Eko Electricity Distribution Plc,EKEDP,D - MD2,D - MD2,D,MD2,43.27,NGN per kWh,2024-04-01,2024-04-30,Apr 2024,COLUMN_1,FALSE,ORDER/NERC/2025/061,ORDER/NERC/2025/061,2025-07-01,1st July 2025,,,NOT_IN_TEXT_LAYER,2025-08-28,UNSTATED,PDF_TEXT_LAYER,VALIDATED,SIGNING_PAGE_NOT_IN_TEXT_LAYER,EKEDP_July_2025_061.pdf,4,Table – 2: Approved Allowed Tariffs,D - MD2,1
EKEDP,Eko Electricity Distribution Plc,EKEDP,D - MD2,D - MD2,D,MD2,43.27,NGN per kWh,2024-05-01,2024-06-30,May – Jun 2024,COLUMN_2,FALSE,ORDER/NERC/2025/061,ORDER/NERC/2025/061,2025-07-01,1st July 2025,,,NOT_IN_TEXT_LAYER,2025-08-28,UNSTATED,PDF_TEXT_LAYER,VALIDATED,SIGNING_PAGE_NOT_IN_TEXT_LAYER,EKEDP_July_2025_061.pdf,4,Table – 2: Approved Allowed Tariffs,D - MD2,2
EKEDP,Eko Electricity Distribution Plc,EKEDP,D - MD2,D - MD2,D,MD2,43.27,NGN per kWh,2024-07-01,2025-07-31,Jul 2024 – Jul 2025,COLUMN_3,TRUE,ORDER/NERC/2025/061,ORDER/NERC/2025/061,2025-07-01,1st July 2025,,,NOT_IN_TEXT_LAYER,2025-08-28,UNSTATED,PDF_TEXT_LAYER,VALIDATED,SIGNING_PAGE_NOT_IN_TEXT_LAYER,EKEDP_July_2025_061.pdf,4,Table – 2: Approved Allowed Tariffs,D - MD2,3
EKEDP,Eko Electricity Distribution Plc,EKEDP,E - Non-MD,E – Non-MD,E,NON_MD,32.44,NGN per kWh,2024-04-01,2024-04-30,Apr 2024,COLUMN_1,FALSE,ORDER/NERC/2025/061,ORDER/NERC/2025/061,2025-07-01,1st July 2025,,,NOT_IN_TEXT_LAYER,2025-08-28,UNSTATED,PDF_TEXT_LAYER,VALIDATED,SIGNING_PAGE_NOT_IN_TEXT_LAYER,EKEDP_July_2025_061.pdf,4,Table – 2: Approved Allowed Tariffs,E – Non-MD,1
EKEDP,Eko Electricity Distribution Plc,EKEDP,E - Non-MD,E – Non-MD,E,NON_MD,32.44,NGN per kWh,2024-05-01,2024-06-30,May – Jun 2024,COLUMN_2,FALSE,ORDER/NERC/2025/061,ORDER/NERC/2025/061,2025-07-01,1st July 2025,,,NOT_IN_TEXT_LAYER,2025-08-28,UNSTATED,PDF_TEXT_LAYER,VALIDATED,SIGNING_PAGE_NOT_IN_TEXT_LAYER,EKEDP_July_2025_061.pdf,4,Table – 2: Approved Allowed Tariffs,E – Non-MD,2
EKEDP,Eko Electricity Distribution Plc,EKEDP,E - Non-MD,E – Non-MD,E,NON_MD,32.44,NGN per kWh,2024-07-01,2025-07-31,Jul 2024 – Jul 2025,COLUMN_3,TRUE,ORDER/NERC/2025/061,ORDER/NERC/2025/061,2025-07-01,1st July 2025,,,NOT_IN_TEXT_LAYER,2025-08-28,UNSTATED,PDF_TEXT_LAYER,VALIDATED,SIGNING_PAGE_NOT_IN_TEXT_LAYER,EKEDP_July_2025_061.pdf,4,Table – 2: Approved Allowed Tariffs,E – Non-MD,3
EKEDP,Eko Electricity Distribution Plc,EKEDP,E - MD1,E – MD1,E,MD1,43.27,NGN per kWh,2024-04-01,2024-04-30,Apr 2024,COLUMN_1,FALSE,ORDER/NERC/2025/061,ORDER/NERC/2025/061,2025-07-01,1st July 2025,,,NOT_IN_TEXT_LAYER,2025-08-28,UNSTATED,PDF_TEXT_LAYER,VALIDATED,SIGNING_PAGE_NOT_IN_TEXT_LAYER,EKEDP_July_2025_061.pdf,4,Table – 2: Approved Allowed Tariffs,E – MD1,1
EKEDP,Eko Electricity Distribution Plc,EKEDP,E - MD1,E – MD1,E,MD1,43.27,NGN per kWh,2024-05-01,2024-06-30,May – Jun 2024,COLUMN_2,FALSE,ORDER/NERC/2025/061,ORDER/NERC/2025/061,2025-07-01,1st July 2025,,,NOT_IN_TEXT_LAYER,2025-08-28,UNSTATED,PDF_TEXT_LAYER,VALIDATED,SIGNING_PAGE_NOT_IN_TEXT_LAYER,EKEDP_July_2025_061.pdf,4,Table – 2: Approved Allowed Tariffs,E – MD1,2
EKEDP,Eko Electricity Distribution Plc,EKEDP,E - MD1,E – MD1,E,MD1,43.27,NGN per kWh,2024-07-01,2025-07-31,Jul 2024 – Jul 2025,COLUMN_3,TRUE,ORDER/NERC/2025/061,ORDER/NERC/2025/061,2025-07-01,1st July 2025,,,NOT_IN_TEXT_LAYER,2025-08-28,UNSTATED,PDF_TEXT_LAYER,VALIDATED,SIGNING_PAGE_NOT_IN_TEXT_LAYER,EKEDP_July_2025_061.pdf,4,Table – 2: Approved Allowed Tariffs,E – MD1,3
EKEDP,Eko Electricity Distribution Plc,EKEDP,E - MD2,E – MD2,E,MD2,43.27,NGN per kWh,2024-04-01,2024-04-30,Apr 2024,COLUMN_1,FALSE,ORDER/NERC/2025/061,ORDER/NERC/2025/061,2025-07-01,1st July 2025,,,NOT_IN_TEXT_LAYER,2025-08-28,UNSTATED,PDF_TEXT_LAYER,VALIDATED,SIGNING_PAGE_NOT_IN_TEXT_LAYER,EKEDP_July_2025_061.pdf,4,Table – 2: Approved Allowed Tariffs,E – MD2,1
EKEDP,Eko Electricity Distribution Plc,EKEDP,E - MD2,E – MD2,E,MD2,43.27,NGN per kWh,2024-05-01,2024-06-30,May – Jun 2024,COLUMN_2,FALSE,ORDER/NERC/2025/061,ORDER/NERC/2025/061,2025-07-01,1st July 2025,,,NOT_IN_TEXT_LAYER,2025-08-28,UNSTATED,PDF_TEXT_LAYER,VALIDATED,SIGNING_PAGE_NOT_IN_TEXT_LAYER,EKEDP_July_2025_061.pdf,4,Table – 2: Approved Allowed Tariffs,E – MD2,2
EKEDP,Eko Electricity Distribution Plc,EKEDP,E - MD2,E – MD2,E,MD2,43.27,NGN per kWh,2024-07-01,2025-07-31,Jul 2024 – Jul 2025,COLUMN_3,TRUE,ORDER/NERC/2025/061,ORDER/NERC/2025/061,2025-07-01,1st July 2025,,,NOT_IN_TEXT_LAYER,2025-08-28,UNSTATED,PDF_TEXT_LAYER,VALIDATED,SIGNING_PAGE_NOT_IN_TEXT_LAYER,EKEDP_July_2025_061.pdf,4,Table – 2: Approved Allowed Tariffs,E – MD2,3
IBEDC,Ibadan Electricity Distribution Plc,IBEDC,Life-line,Life-line,LIFELINE,NON_MD,4.00,NGN per kWh,2024-04-01,2024-04-30,Apr 2024,COLUMN_1,FALSE,ORDER/NERC/2025/063,ORDER/NERC/2025/063,2025-07-01,1st July 2025,,,NOT_IN_TEXT_LAYER,2025-08-28,UNSTATED,PDF_TEXT_LAYER,VALIDATED,SIGNING_PAGE_NOT_IN_TEXT_LAYER,IBEDC_July_2025_063.pdf,4,Table – 2: Approved Allowed Tariffs,Life-line,1
IBEDC,Ibadan Electricity Distribution Plc,IBEDC,Life-line,Life-line,LIFELINE,NON_MD,4.00,NGN per kWh,2024-05-01,2024-06-30,May – Jun 2024,COLUMN_2,FALSE,ORDER/NERC/2025/063,ORDER/NERC/2025/063,2025-07-01,1st July 2025,,,NOT_IN_TEXT_LAYER,2025-08-28,UNSTATED,PDF_TEXT_LAYER,VALIDATED,SIGNING_PAGE_NOT_IN_TEXT_LAYER,IBEDC_July_2025_063.pdf,4,Table – 2: Approved Allowed Tariffs,Life-line,2
IBEDC,Ibadan Electricity Distribution Plc,IBEDC,Life-line,Life-line,LIFELINE,NON_MD,4.00,NGN per kWh,2024-07-01,2025-07-31,Jul 2024 – Jul 2025,COLUMN_3,TRUE,ORDER/NERC/2025/063,ORDER/NERC/2025/063,2025-07-01,1st July 2025,,,NOT_IN_TEXT_LAYER,2025-08-28,UNSTATED,PDF_TEXT_LAYER,VALIDATED,SIGNING_PAGE_NOT_IN_TEXT_LAYER,IBEDC_July_2025_063.pdf,4,Table – 2: Approved Allowed Tariffs,Life-line,3
IBEDC,Ibadan Electricity Distribution Plc,IBEDC,A - Non-MD,A – Non-MD,A,NON_MD,225.00,NGN per kWh,2024-04-01,2024-04-30,Apr 2024,COLUMN_1,FALSE,ORDER/NERC/2025/063,ORDER/NERC/2025/063,2025-07-01,1st July 2025,,,NOT_IN_TEXT_LAYER,2025-08-28,UNSTATED,PDF_TEXT_LAYER,VALIDATED,SIGNING_PAGE_NOT_IN_TEXT_LAYER,IBEDC_July_2025_063.pdf,4,Table – 2: Approved Allowed Tariffs,A – Non-MD,1
IBEDC,Ibadan Electricity Distribution Plc,IBEDC,A - Non-MD,A – Non-MD,A,NON_MD,206.80,NGN per kWh,2024-05-01,2024-06-30,May – Jun 2024,COLUMN_2,FALSE,ORDER/NERC/2025/063,ORDER/NERC/2025/063,2025-07-01,1st July 2025,,,NOT_IN_TEXT_LAYER,2025-08-28,UNSTATED,PDF_TEXT_LAYER,VALIDATED,SIGNING_PAGE_NOT_IN_TEXT_LAYER,IBEDC_July_2025_063.pdf,4,Table – 2: Approved Allowed Tariffs,A – Non-MD,2
IBEDC,Ibadan Electricity Distribution Plc,IBEDC,A - Non-MD,A – Non-MD,A,NON_MD,209.50,NGN per kWh,2024-07-01,2025-07-31,Jul 2024 – Jul 2025,COLUMN_3,TRUE,ORDER/NERC/2025/063,ORDER/NERC/2025/063,2025-07-01,1st July 2025,,,NOT_IN_TEXT_LAYER,2025-08-28,UNSTATED,PDF_TEXT_LAYER,VALIDATED,SIGNING_PAGE_NOT_IN_TEXT_LAYER,IBEDC_July_2025_063.pdf,4,Table – 2: Approved Allowed Tariffs,A – Non-MD,3
IBEDC,Ibadan Electricity Distribution Plc,IBEDC,A - MD1,A – MD1,A,MD1,225.00,NGN per kWh,2024-04-01,2024-04-30,Apr 2024,COLUMN_1,FALSE,ORDER/NERC/2025/063,ORDER/NERC/2025/063,2025-07-01,1st July 2025,,,NOT_IN_TEXT_LAYER,2025-08-28,UNSTATED,PDF_TEXT_LAYER,VALIDATED,SIGNING_PAGE_NOT_IN_TEXT_LAYER,IBEDC_July_2025_063.pdf,4,Table – 2: Approved Allowed Tariffs,A – MD1,1
IBEDC,Ibadan Electricity Distribution Plc,IBEDC,A - MD1,A – MD1,A,MD1,206.80,NGN per kWh,2024-05-01,2024-06-30,May – Jun 2024,COLUMN_2,FALSE,ORDER/NERC/2025/063,ORDER/NERC/2025/063,2025-07-01,1st July 2025,,,NOT_IN_TEXT_LAYER,2025-08-28,UNSTATED,PDF_TEXT_LAYER,VALIDATED,SIGNING_PAGE_NOT_IN_TEXT_LAYER,IBEDC_July_2025_063.pdf,4,Table – 2: Approved Allowed Tariffs,A – MD1,2
IBEDC,Ibadan Electricity Distribution Plc,IBEDC,A - MD1,A – MD1,A,MD1,209.50,NGN per kWh,2024-07-01,2025-07-31,Jul 2024 – Jul 2025,COLUMN_3,TRUE,ORDER/NERC/2025/063,ORDER/NERC/2025/063,2025-07-01,1st July 2025,,,NOT_IN_TEXT_LAYER,2025-08-28,UNSTATED,PDF_TEXT_LAYER,VALIDATED,SIGNING_PAGE_NOT_IN_TEXT_LAYER,IBEDC_July_2025_063.pdf,4,Table – 2: Approved Allowed Tariffs,A – MD1,3
IBEDC,Ibadan Electricity Distribution Plc,IBEDC,A - MD2,A – MD2,A,MD2,225.00,NGN per kWh,2024-04-01,2024-04-30,Apr 2024,COLUMN_1,FALSE,ORDER/NERC/2025/063,ORDER/NERC/2025/063,2025-07-01,1st July 2025,,,NOT_IN_TEXT_LAYER,2025-08-28,UNSTATED,PDF_TEXT_LAYER,VALIDATED,SIGNING_PAGE_NOT_IN_TEXT_LAYER,IBEDC_July_2025_063.pdf,4,Table – 2: Approved Allowed Tariffs,A – MD2,1
IBEDC,Ibadan Electricity Distribution Plc,IBEDC,A - MD2,A – MD2,A,MD2,206.80,NGN per kWh,2024-05-01,2024-06-30,May – Jun 2024,COLUMN_2,FALSE,ORDER/NERC/2025/063,ORDER/NERC/2025/063,2025-07-01,1st July 2025,,,NOT_IN_TEXT_LAYER,2025-08-28,UNSTATED,PDF_TEXT_LAYER,VALIDATED,SIGNING_PAGE_NOT_IN_TEXT_LAYER,IBEDC_July_2025_063.pdf,4,Table – 2: Approved Allowed Tariffs,A – MD2,2
IBEDC,Ibadan Electricity Distribution Plc,IBEDC,A - MD2,A – MD2,A,MD2,209.50,NGN per kWh,2024-07-01,2025-07-31,Jul 2024 – Jul 2025,COLUMN_3,TRUE,ORDER/NERC/2025/063,ORDER/NERC/2025/063,2025-07-01,1st July 2025,,,NOT_IN_TEXT_LAYER,2025-08-28,UNSTATED,PDF_TEXT_LAYER,VALIDATED,SIGNING_PAGE_NOT_IN_TEXT_LAYER,IBEDC_July_2025_063.pdf,4,Table – 2: Approved Allowed Tariffs,A – MD2,3
IBEDC,Ibadan Electricity Distribution Plc,IBEDC,B - Non-MD,B – Non-MD,B,NON_MD,67.25,NGN per kWh,2024-04-01,2024-04-30,Apr 2024,COLUMN_1,FALSE,ORDER/NERC/2025/063,ORDER/NERC/2025/063,2025-07-01,1st July 2025,,,NOT_IN_TEXT_LAYER,2025-08-28,UNSTATED,PDF_TEXT_LAYER,VALIDATED,SIGNING_PAGE_NOT_IN_TEXT_LAYER,IBEDC_July_2025_063.pdf,4,Table – 2: Approved Allowed Tariffs,B – Non-MD,1
IBEDC,Ibadan Electricity Distribution Plc,IBEDC,B - Non-MD,B – Non-MD,B,NON_MD,67.25,NGN per kWh,2024-05-01,2024-06-30,May – Jun 2024,COLUMN_2,FALSE,ORDER/NERC/2025/063,ORDER/NERC/2025/063,2025-07-01,1st July 2025,,,NOT_IN_TEXT_LAYER,2025-08-28,UNSTATED,PDF_TEXT_LAYER,VALIDATED,SIGNING_PAGE_NOT_IN_TEXT_LAYER,IBEDC_July_2025_063.pdf,4,Table – 2: Approved Allowed Tariffs,B – Non-MD,2
IBEDC,Ibadan Electricity Distribution Plc,IBEDC,B - Non-MD,B – Non-MD,B,NON_MD,67.25,NGN per kWh,2024-07-01,2025-07-31,Jul 2024 – Jul 2025,COLUMN_3,TRUE,ORDER/NERC/2025/063,ORDER/NERC/2025/063,2025-07-01,1st July 2025,,,NOT_IN_TEXT_LAYER,2025-08-28,UNSTATED,PDF_TEXT_LAYER,VALIDATED,SIGNING_PAGE_NOT_IN_TEXT_LAYER,IBEDC_July_2025_063.pdf,4,Table – 2: Approved Allowed Tariffs,B – Non-MD,3
IBEDC,Ibadan Electricity Distribution Plc,IBEDC,B - MD1,B – MD1,B,MD1,68.80,NGN per kWh,2024-04-01,2024-04-30,Apr 2024,COLUMN_1,FALSE,ORDER/NERC/2025/063,ORDER/NERC/2025/063,2025-07-01,1st July 2025,,,NOT_IN_TEXT_LAYER,2025-08-28,UNSTATED,PDF_TEXT_LAYER,VALIDATED,SIGNING_PAGE_NOT_IN_TEXT_LAYER,IBEDC_July_2025_063.pdf,4,Table – 2: Approved Allowed Tariffs,B – MD1,1
IBEDC,Ibadan Electricity Distribution Plc,IBEDC,B - MD1,B – MD1,B,MD1,68.80,NGN per kWh,2024-05-01,2024-06-30,May – Jun 2024,COLUMN_2,FALSE,ORDER/NERC/2025/063,ORDER/NERC/2025/063,2025-07-01,1st July 2025,,,NOT_IN_TEXT_LAYER,2025-08-28,UNSTATED,PDF_TEXT_LAYER,VALIDATED,SIGNING_PAGE_NOT_IN_TEXT_LAYER,IBEDC_July_2025_063.pdf,4,Table – 2: Approved Allowed Tariffs,B – MD1,2
IBEDC,Ibadan Electricity Distribution Plc,IBEDC,B - MD1,B – MD1,B,MD1,68.80,NGN per kWh,2024-07-01,2025-07-31,Jul 2024 – Jul 2025,COLUMN_3,TRUE,ORDER/NERC/2025/063,ORDER/NERC/2025/063,2025-07-01,1st July 2025,,,NOT_IN_TEXT_LAYER,2025-08-28,UNSTATED,PDF_TEXT_LAYER,VALIDATED,SIGNING_PAGE_NOT_IN_TEXT_LAYER,IBEDC_July_2025_063.pdf,4,Table – 2: Approved Allowed Tariffs,B – MD1,3
IBEDC,Ibadan Electricity Distribution Plc,IBEDC,B - MD2,B – MD2,B,MD2,70.41,NGN per kWh,2024-04-01,2024-04-30,Apr 2024,COLUMN_1,FALSE,ORDER/NERC/2025/063,ORDER/NERC/2025/063,2025-07-01,1st July 2025,,,NOT_IN_TEXT_LAYER,2025-08-28,UNSTATED,PDF_TEXT_LAYER,VALIDATED,SIGNING_PAGE_NOT_IN_TEXT_LAYER,IBEDC_July_2025_063.pdf,4,Table – 2: Approved Allowed Tariffs,B – MD2,1
IBEDC,Ibadan Electricity Distribution Plc,IBEDC,B - MD2,B – MD2,B,MD2,70.41,NGN per kWh,2024-05-01,2024-06-30,May – Jun 2024,COLUMN_2,FALSE,ORDER/NERC/2025/063,ORDER/NERC/2025/063,2025-07-01,1st July 2025,,,NOT_IN_TEXT_LAYER,2025-08-28,UNSTATED,PDF_TEXT_LAYER,VALIDATED,SIGNING_PAGE_NOT_IN_TEXT_LAYER,IBEDC_July_2025_063.pdf,4,Table – 2: Approved Allowed Tariffs,B – MD2,2
IBEDC,Ibadan Electricity Distribution Plc,IBEDC,B - MD2,B – MD2,B,MD2,70.41,NGN per kWh,2024-07-01,2025-07-31,Jul 2024 – Jul 2025,COLUMN_3,TRUE,ORDER/NERC/2025/063,ORDER/NERC/2025/063,2025-07-01,1st July 2025,,,NOT_IN_TEXT_LAYER,2025-08-28,UNSTATED,PDF_TEXT_LAYER,VALIDATED,SIGNING_PAGE_NOT_IN_TEXT_LAYER,IBEDC_July_2025_063.pdf,4,Table – 2: Approved Allowed Tariffs,B – MD2,3
IBEDC,Ibadan Electricity Distribution Plc,IBEDC,C - Non-MD,C – Non-MD,C,NON_MD,56.40,NGN per kWh,2024-04-01,2024-04-30,Apr 2024,COLUMN_1,FALSE,ORDER/NERC/2025/063,ORDER/NERC/2025/063,2025-07-01,1st July 2025,,,NOT_IN_TEXT_LAYER,2025-08-28,UNSTATED,PDF_TEXT_LAYER,VALIDATED,SIGNING_PAGE_NOT_IN_TEXT_LAYER,IBEDC_July_2025_063.pdf,4,Table – 2: Approved Allowed Tariffs,C – Non-MD,1
IBEDC,Ibadan Electricity Distribution Plc,IBEDC,C - Non-MD,C – Non-MD,C,NON_MD,56.40,NGN per kWh,2024-05-01,2024-06-30,May – Jun 2024,COLUMN_2,FALSE,ORDER/NERC/2025/063,ORDER/NERC/2025/063,2025-07-01,1st July 2025,,,NOT_IN_TEXT_LAYER,2025-08-28,UNSTATED,PDF_TEXT_LAYER,VALIDATED,SIGNING_PAGE_NOT_IN_TEXT_LAYER,IBEDC_July_2025_063.pdf,4,Table – 2: Approved Allowed Tariffs,C – Non-MD,2
IBEDC,Ibadan Electricity Distribution Plc,IBEDC,C - Non-MD,C – Non-MD,C,NON_MD,56.40,NGN per kWh,2024-07-01,2025-07-31,Jul 2024 – Jul 2025,COLUMN_3,TRUE,ORDER/NERC/2025/063,ORDER/NERC/2025/063,2025-07-01,1st July 2025,,,NOT_IN_TEXT_LAYER,2025-08-28,UNSTATED,PDF_TEXT_LAYER,VALIDATED,SIGNING_PAGE_NOT_IN_TEXT_LAYER,IBEDC_July_2025_063.pdf,4,Table – 2: Approved Allowed Tariffs,C – Non-MD,3
IBEDC,Ibadan Electricity Distribution Plc,IBEDC,C - MD1,C – MD1,C,MD1,55.02,NGN per kWh,2024-04-01,2024-04-30,Apr 2024,COLUMN_1,FALSE,ORDER/NERC/2025/063,ORDER/NERC/2025/063,2025-07-01,1st July 2025,,,NOT_IN_TEXT_LAYER,2025-08-28,UNSTATED,PDF_TEXT_LAYER,VALIDATED,SIGNING_PAGE_NOT_IN_TEXT_LAYER,IBEDC_July_2025_063.pdf,4,Table – 2: Approved Allowed Tariffs,C – MD1,1
IBEDC,Ibadan Electricity Distribution Plc,IBEDC,C - MD1,C – MD1,C,MD1,55.02,NGN per kWh,2024-05-01,2024-06-30,May – Jun 2024,COLUMN_2,FALSE,ORDER/NERC/2025/063,ORDER/NERC/2025/063,2025-07-01,1st July 2025,,,NOT_IN_TEXT_LAYER,2025-08-28,UNSTATED,PDF_TEXT_LAYER,VALIDATED,SIGNING_PAGE_NOT_IN_TEXT_LAYER,IBEDC_July_2025_063.pdf,4,Table – 2: Approved Allowed Tariffs,C – MD1,2
IBEDC,Ibadan Electricity Distribution Plc,IBEDC,C - MD1,C – MD1,C,MD1,55.02,NGN per kWh,2024-07-01,2025-07-31,Jul 2024 – Jul 2025,COLUMN_3,TRUE,ORDER/NERC/2025/063,ORDER/NERC/2025/063,2025-07-01,1st July 2025,,,NOT_IN_TEXT_LAYER,2025-08-28,UNSTATED,PDF_TEXT_LAYER,VALIDATED,SIGNING_PAGE_NOT_IN_TEXT_LAYER,IBEDC_July_2025_063.pdf,4,Table – 2: Approved Allowed Tariffs,C – MD1,3
IBEDC,Ibadan Electricity Distribution Plc,IBEDC,C - MD2,C – MD2,C,MD2,53.82,NGN per kWh,2024-04-01,2024-04-30,Apr 2024,COLUMN_1,FALSE,ORDER/NERC/2025/063,ORDER/NERC/2025/063,2025-07-01,1st July 2025,,,NOT_IN_TEXT_LAYER,2025-08-28,UNSTATED,PDF_TEXT_LAYER,VALIDATED,SIGNING_PAGE_NOT_IN_TEXT_LAYER,IBEDC_July_2025_063.pdf,4,Table – 2: Approved Allowed Tariffs,C – MD2,1
IBEDC,Ibadan Electricity Distribution Plc,IBEDC,C - MD2,C – MD2,C,MD2,53.82,NGN per kWh,2024-05-01,2024-06-30,May – Jun 2024,COLUMN_2,FALSE,ORDER/NERC/2025/063,ORDER/NERC/2025/063,2025-07-01,1st July 2025,,,NOT_IN_TEXT_LAYER,2025-08-28,UNSTATED,PDF_TEXT_LAYER,VALIDATED,SIGNING_PAGE_NOT_IN_TEXT_LAYER,IBEDC_July_2025_063.pdf,4,Table – 2: Approved Allowed Tariffs,C – MD2,2
IBEDC,Ibadan Electricity Distribution Plc,IBEDC,C - MD2,C – MD2,C,MD2,53.82,NGN per kWh,2024-07-01,2025-07-31,Jul 2024 – Jul 2025,COLUMN_3,TRUE,ORDER/NERC/2025/063,ORDER/NERC/2025/063,2025-07-01,1st July 2025,,,NOT_IN_TEXT_LAYER,2025-08-28,UNSTATED,PDF_TEXT_LAYER,VALIDATED,SIGNING_PAGE_NOT_IN_TEXT_LAYER,IBEDC_July_2025_063.pdf,4,Table – 2: Approved Allowed Tariffs,C – MD2,3
IBEDC,Ibadan Electricity Distribution Plc,IBEDC,D - Non-MD,D – Non-MD,D,NON_MD,32.44,NGN per kWh,2024-04-01,2024-04-30,Apr 2024,COLUMN_1,FALSE,ORDER/NERC/2025/063,ORDER/NERC/2025/063,2025-07-01,1st July 2025,,,NOT_IN_TEXT_LAYER,2025-08-28,UNSTATED,PDF_TEXT_LAYER,VALIDATED,SIGNING_PAGE_NOT_IN_TEXT_LAYER,IBEDC_July_2025_063.pdf,4,Table – 2: Approved Allowed Tariffs,D – Non-MD,1
IBEDC,Ibadan Electricity Distribution Plc,IBEDC,D - Non-MD,D – Non-MD,D,NON_MD,32.44,NGN per kWh,2024-05-01,2024-06-30,May – Jun 2024,COLUMN_2,FALSE,ORDER/NERC/2025/063,ORDER/NERC/2025/063,2025-07-01,1st July 2025,,,NOT_IN_TEXT_LAYER,2025-08-28,UNSTATED,PDF_TEXT_LAYER,VALIDATED,SIGNING_PAGE_NOT_IN_TEXT_LAYER,IBEDC_July_2025_063.pdf,4,Table – 2: Approved Allowed Tariffs,D – Non-MD,2
IBEDC,Ibadan Electricity Distribution Plc,IBEDC,D - Non-MD,D – Non-MD,D,NON_MD,32.44,NGN per kWh,2024-07-01,2025-07-31,Jul 2024 – Jul 2025,COLUMN_3,TRUE,ORDER/NERC/2025/063,ORDER/NERC/2025/063,2025-07-01,1st July 2025,,,NOT_IN_TEXT_LAYER,2025-08-28,UNSTATED,PDF_TEXT_LAYER,VALIDATED,SIGNING_PAGE_NOT_IN_TEXT_LAYER,IBEDC_July_2025_063.pdf,4,Table – 2: Approved Allowed Tariffs,D – Non-MD,3
IBEDC,Ibadan Electricity Distribution Plc,IBEDC,D - MD1,D – MD1,D,MD1,50.11,NGN per kWh,2024-04-01,2024-04-30,Apr 2024,COLUMN_1,FALSE,ORDER/NERC/2025/063,ORDER/NERC/2025/063,2025-07-01,1st July 2025,,,NOT_IN_TEXT_LAYER,2025-08-28,UNSTATED,PDF_TEXT_LAYER,VALIDATED,SIGNING_PAGE_NOT_IN_TEXT_LAYER,IBEDC_July_2025_063.pdf,4,Table – 2: Approved Allowed Tariffs,D – MD1,1
IBEDC,Ibadan Electricity Distribution Plc,IBEDC,D - MD1,D – MD1,D,MD1,50.11,NGN per kWh,2024-05-01,2024-06-30,May – Jun 2024,COLUMN_2,FALSE,ORDER/NERC/2025/063,ORDER/NERC/2025/063,2025-07-01,1st July 2025,,,NOT_IN_TEXT_LAYER,2025-08-28,UNSTATED,PDF_TEXT_LAYER,VALIDATED,SIGNING_PAGE_NOT_IN_TEXT_LAYER,IBEDC_July_2025_063.pdf,4,Table – 2: Approved Allowed Tariffs,D – MD1,2
IBEDC,Ibadan Electricity Distribution Plc,IBEDC,D - MD1,D – MD1,D,MD1,50.11,NGN per kWh,2024-07-01,2025-07-31,Jul 2024 – Jul 2025,COLUMN_3,TRUE,ORDER/NERC/2025/063,ORDER/NERC/2025/063,2025-07-01,1st July 2025,,,NOT_IN_TEXT_LAYER,2025-08-28,UNSTATED,PDF_TEXT_LAYER,VALIDATED,SIGNING_PAGE_NOT_IN_TEXT_LAYER,IBEDC_July_2025_063.pdf,4,Table – 2: Approved Allowed Tariffs,D – MD1,3
IBEDC,Ibadan Electricity Distribution Plc,IBEDC,D - MD2,D - MD2,D,MD2,50.13,NGN per kWh,2024-04-01,2024-04-30,Apr 2024,COLUMN_1,FALSE,ORDER/NERC/2025/063,ORDER/NERC/2025/063,2025-07-01,1st July 2025,,,NOT_IN_TEXT_LAYER,2025-08-28,UNSTATED,PDF_TEXT_LAYER,VALIDATED,SIGNING_PAGE_NOT_IN_TEXT_LAYER,IBEDC_July_2025_063.pdf,4,Table – 2: Approved Allowed Tariffs,D - MD2,1
IBEDC,Ibadan Electricity Distribution Plc,IBEDC,D - MD2,D - MD2,D,MD2,50.13,NGN per kWh,2024-05-01,2024-06-30,May – Jun 2024,COLUMN_2,FALSE,ORDER/NERC/2025/063,ORDER/NERC/2025/063,2025-07-01,1st July 2025,,,NOT_IN_TEXT_LAYER,2025-08-28,UNSTATED,PDF_TEXT_LAYER,VALIDATED,SIGNING_PAGE_NOT_IN_TEXT_LAYER,IBEDC_July_2025_063.pdf,4,Table – 2: Approved Allowed Tariffs,D - MD2,2
IBEDC,Ibadan Electricity Distribution Plc,IBEDC,D - MD2,D - MD2,D,MD2,50.13,NGN per kWh,2024-07-01,2025-07-31,Jul 2024 – Jul 2025,COLUMN_3,TRUE,ORDER/NERC/2025/063,ORDER/NERC/2025/063,2025-07-01,1st July 2025,,,NOT_IN_TEXT_LAYER,2025-08-28,UNSTATED,PDF_TEXT_LAYER,VALIDATED,SIGNING_PAGE_NOT_IN_TEXT_LAYER,IBEDC_July_2025_063.pdf,4,Table – 2: Approved Allowed Tariffs,D - MD2,3
IBEDC,Ibadan Electricity Distribution Plc,IBEDC,E - Non-MD,E – Non-MD,E,NON_MD,32.26,NGN per kWh,2024-04-01,2024-04-30,Apr 2024,COLUMN_1,FALSE,ORDER/NERC/2025/063,ORDER/NERC/2025/063,2025-07-01,1st July 2025,,,NOT_IN_TEXT_LAYER,2025-08-28,UNSTATED,PDF_TEXT_LAYER,VALIDATED,SIGNING_PAGE_NOT_IN_TEXT_LAYER,IBEDC_July_2025_063.pdf,4,Table – 2: Approved Allowed Tariffs,E – Non-MD,1
IBEDC,Ibadan Electricity Distribution Plc,IBEDC,E - Non-MD,E – Non-MD,E,NON_MD,32.26,NGN per kWh,2024-05-01,2024-06-30,May – Jun 2024,COLUMN_2,FALSE,ORDER/NERC/2025/063,ORDER/NERC/2025/063,2025-07-01,1st July 2025,,,NOT_IN_TEXT_LAYER,2025-08-28,UNSTATED,PDF_TEXT_LAYER,VALIDATED,SIGNING_PAGE_NOT_IN_TEXT_LAYER,IBEDC_July_2025_063.pdf,4,Table – 2: Approved Allowed Tariffs,E – Non-MD,2
IBEDC,Ibadan Electricity Distribution Plc,IBEDC,E - Non-MD,E – Non-MD,E,NON_MD,32.26,NGN per kWh,2024-07-01,2025-07-31,Jul 2024 – Jul 2025,COLUMN_3,TRUE,ORDER/NERC/2025/063,ORDER/NERC/2025/063,2025-07-01,1st July 2025,,,NOT_IN_TEXT_LAYER,2025-08-28,UNSTATED,PDF_TEXT_LAYER,VALIDATED,SIGNING_PAGE_NOT_IN_TEXT_LAYER,IBEDC_July_2025_063.pdf,4,Table – 2: Approved Allowed Tariffs,E – Non-MD,3
IBEDC,Ibadan Electricity Distribution Plc,IBEDC,E - MD1,E – MD1,E,MD1,50.11,NGN per kWh,2024-04-01,2024-04-30,Apr 2024,COLUMN_1,FALSE,ORDER/NERC/2025/063,ORDER/NERC/2025/063,2025-07-01,1st July 2025,,,NOT_IN_TEXT_LAYER,2025-08-28,UNSTATED,PDF_TEXT_LAYER,VALIDATED,SIGNING_PAGE_NOT_IN_TEXT_LAYER,IBEDC_July_2025_063.pdf,4,Table – 2: Approved Allowed Tariffs,E – MD1,1
IBEDC,Ibadan Electricity Distribution Plc,IBEDC,E - MD1,E – MD1,E,MD1,50.11,NGN per kWh,2024-05-01,2024-06-30,May – Jun 2024,COLUMN_2,FALSE,ORDER/NERC/2025/063,ORDER/NERC/2025/063,2025-07-01,1st July 2025,,,NOT_IN_TEXT_LAYER,2025-08-28,UNSTATED,PDF_TEXT_LAYER,VALIDATED,SIGNING_PAGE_NOT_IN_TEXT_LAYER,IBEDC_July_2025_063.pdf,4,Table – 2: Approved Allowed Tariffs,E – MD1,2
IBEDC,Ibadan Electricity Distribution Plc,IBEDC,E - MD1,E – MD1,E,MD1,50.11,NGN per kWh,2024-07-01,2025-07-31,Jul 2024 – Jul 2025,COLUMN_3,TRUE,ORDER/NERC/2025/063,ORDER/NERC/2025/063,2025-07-01,1st July 2025,,,NOT_IN_TEXT_LAYER,2025-08-28,UNSTATED,PDF_TEXT_LAYER,VALIDATED,SIGNING_PAGE_NOT_IN_TEXT_LAYER,IBEDC_July_2025_063.pdf,4,Table – 2: Approved Allowed Tariffs,E – MD1,3
IBEDC,Ibadan Electricity Distribution Plc,IBEDC,E - MD2,E – MD2,E,MD2,50.13,NGN per kWh,2024-04-01,2024-04-30,Apr 2024,COLUMN_1,FALSE,ORDER/NERC/2025/063,ORDER/NERC/2025/063,2025-07-01,1st July 2025,,,NOT_IN_TEXT_LAYER,2025-08-28,UNSTATED,PDF_TEXT_LAYER,VALIDATED,SIGNING_PAGE_NOT_IN_TEXT_LAYER,IBEDC_July_2025_063.pdf,4,Table – 2: Approved Allowed Tariffs,E – MD2,1
IBEDC,Ibadan Electricity Distribution Plc,IBEDC,E - MD2,E – MD2,E,MD2,50.13,NGN per kWh,2024-05-01,2024-06-30,May – Jun 2024,COLUMN_2,FALSE,ORDER/NERC/2025/063,ORDER/NERC/2025/063,2025-07-01,1st July 2025,,,NOT_IN_TEXT_LAYER,2025-08-28,UNSTATED,PDF_TEXT_LAYER,VALIDATED,SIGNING_PAGE_NOT_IN_TEXT_LAYER,IBEDC_July_2025_063.pdf,4,Table – 2: Approved Allowed Tariffs,E – MD2,2
IBEDC,Ibadan Electricity Distribution Plc,IBEDC,E - MD2,E – MD2,E,MD2,50.13,NGN per kWh,2024-07-01,2025-07-31,Jul 2024 – Jul 2025,COLUMN_3,TRUE,ORDER/NERC/2025/063,ORDER/NERC/2025/063,2025-07-01,1st July 2025,,,NOT_IN_TEXT_LAYER,2025-08-28,UNSTATED,PDF_TEXT_LAYER,VALIDATED,SIGNING_PAGE_NOT_IN_TEXT_LAYER,IBEDC_July_2025_063.pdf,4,Table – 2: Approved Allowed Tariffs,E – MD2,3
IE,Ikeja Electric Plc,IE,Life-line,Life-line,LIFELINE,NON_MD,4.00,NGN per kWh,2024-04-01,2024-04-30,Apr 2024,COLUMN_1,FALSE,ORDER/NERC/2025/064,ORDER/NERC/2025/064,2025-07-01,1st July 2025,,,NOT_IN_TEXT_LAYER,2025-08-28,UNSTATED,PDF_TEXT_LAYER,VALIDATED,SIGNING_PAGE_NOT_IN_TEXT_LAYER,IE_July_2025_064.pdf,4,Table – 2: Approved Allowed Tariffs,Life-line,1
IE,Ikeja Electric Plc,IE,Life-line,Life-line,LIFELINE,NON_MD,4.00,NGN per kWh,2024-05-01,2024-06-30,May – Jun 2024,COLUMN_2,FALSE,ORDER/NERC/2025/064,ORDER/NERC/2025/064,2025-07-01,1st July 2025,,,NOT_IN_TEXT_LAYER,2025-08-28,UNSTATED,PDF_TEXT_LAYER,VALIDATED,SIGNING_PAGE_NOT_IN_TEXT_LAYER,IE_July_2025_064.pdf,4,Table – 2: Approved Allowed Tariffs,Life-line,2
IE,Ikeja Electric Plc,IE,Life-line,Life-line,LIFELINE,NON_MD,4.00,NGN per kWh,2024-07-01,2025-07-31,Jul 2024 – Jul 2025,COLUMN_3,TRUE,ORDER/NERC/2025/064,ORDER/NERC/2025/064,2025-07-01,1st July 2025,,,NOT_IN_TEXT_LAYER,2025-08-28,UNSTATED,PDF_TEXT_LAYER,VALIDATED,SIGNING_PAGE_NOT_IN_TEXT_LAYER,IE_July_2025_064.pdf,4,Table – 2: Approved Allowed Tariffs,Life-line,3
IE,Ikeja Electric Plc,IE,A - Non-MD,A – Non-MD,A,NON_MD,225.00,NGN per kWh,2024-04-01,2024-04-30,Apr 2024,COLUMN_1,FALSE,ORDER/NERC/2025/064,ORDER/NERC/2025/064,2025-07-01,1st July 2025,,,NOT_IN_TEXT_LAYER,2025-08-28,UNSTATED,PDF_TEXT_LAYER,VALIDATED,SIGNING_PAGE_NOT_IN_TEXT_LAYER,IE_July_2025_064.pdf,4,Table – 2: Approved Allowed Tariffs,A – Non-MD,1
IE,Ikeja Electric Plc,IE,A - Non-MD,A – Non-MD,A,NON_MD,206.80,NGN per kWh,2024-05-01,2024-06-30,May – Jun 2024,COLUMN_2,FALSE,ORDER/NERC/2025/064,ORDER/NERC/2025/064,2025-07-01,1st July 2025,,,NOT_IN_TEXT_LAYER,2025-08-28,UNSTATED,PDF_TEXT_LAYER,VALIDATED,SIGNING_PAGE_NOT_IN_TEXT_LAYER,IE_July_2025_064.pdf,4,Table – 2: Approved Allowed Tariffs,A – Non-MD,2
IE,Ikeja Electric Plc,IE,A - Non-MD,A – Non-MD,A,NON_MD,209.50,NGN per kWh,2024-07-01,2025-07-31,Jul 2024 – Jul 2025,COLUMN_3,TRUE,ORDER/NERC/2025/064,ORDER/NERC/2025/064,2025-07-01,1st July 2025,,,NOT_IN_TEXT_LAYER,2025-08-28,UNSTATED,PDF_TEXT_LAYER,VALIDATED,SIGNING_PAGE_NOT_IN_TEXT_LAYER,IE_July_2025_064.pdf,4,Table – 2: Approved Allowed Tariffs,A – Non-MD,3
IE,Ikeja Electric Plc,IE,A - MD1,A – MD1,A,MD1,225.00,NGN per kWh,2024-04-01,2024-04-30,Apr 2024,COLUMN_1,FALSE,ORDER/NERC/2025/064,ORDER/NERC/2025/064,2025-07-01,1st July 2025,,,NOT_IN_TEXT_LAYER,2025-08-28,UNSTATED,PDF_TEXT_LAYER,VALIDATED,SIGNING_PAGE_NOT_IN_TEXT_LAYER,IE_July_2025_064.pdf,4,Table – 2: Approved Allowed Tariffs,A – MD1,1
IE,Ikeja Electric Plc,IE,A - MD1,A – MD1,A,MD1,206.80,NGN per kWh,2024-05-01,2024-06-30,May – Jun 2024,COLUMN_2,FALSE,ORDER/NERC/2025/064,ORDER/NERC/2025/064,2025-07-01,1st July 2025,,,NOT_IN_TEXT_LAYER,2025-08-28,UNSTATED,PDF_TEXT_LAYER,VALIDATED,SIGNING_PAGE_NOT_IN_TEXT_LAYER,IE_July_2025_064.pdf,4,Table – 2: Approved Allowed Tariffs,A – MD1,2
IE,Ikeja Electric Plc,IE,A - MD1,A – MD1,A,MD1,209.50,NGN per kWh,2024-07-01,2025-07-31,Jul 2024 – Jul 2025,COLUMN_3,TRUE,ORDER/NERC/2025/064,ORDER/NERC/2025/064,2025-07-01,1st July 2025,,,NOT_IN_TEXT_LAYER,2025-08-28,UNSTATED,PDF_TEXT_LAYER,VALIDATED,SIGNING_PAGE_NOT_IN_TEXT_LAYER,IE_July_2025_064.pdf,4,Table – 2: Approved Allowed Tariffs,A – MD1,3
IE,Ikeja Electric Plc,IE,A - MD2,A – MD2,A,MD2,225.00,NGN per kWh,2024-04-01,2024-04-30,Apr 2024,COLUMN_1,FALSE,ORDER/NERC/2025/064,ORDER/NERC/2025/064,2025-07-01,1st July 2025,,,NOT_IN_TEXT_LAYER,2025-08-28,UNSTATED,PDF_TEXT_LAYER,VALIDATED,SIGNING_PAGE_NOT_IN_TEXT_LAYER,IE_July_2025_064.pdf,4,Table – 2: Approved Allowed Tariffs,A – MD2,1
IE,Ikeja Electric Plc,IE,A - MD2,A – MD2,A,MD2,206.80,NGN per kWh,2024-05-01,2024-06-30,May – Jun 2024,COLUMN_2,FALSE,ORDER/NERC/2025/064,ORDER/NERC/2025/064,2025-07-01,1st July 2025,,,NOT_IN_TEXT_LAYER,2025-08-28,UNSTATED,PDF_TEXT_LAYER,VALIDATED,SIGNING_PAGE_NOT_IN_TEXT_LAYER,IE_July_2025_064.pdf,4,Table – 2: Approved Allowed Tariffs,A – MD2,2
IE,Ikeja Electric Plc,IE,A - MD2,A – MD2,A,MD2,209.50,NGN per kWh,2024-07-01,2025-07-31,Jul 2024 – Jul 2025,COLUMN_3,TRUE,ORDER/NERC/2025/064,ORDER/NERC/2025/064,2025-07-01,1st July 2025,,,NOT_IN_TEXT_LAYER,2025-08-28,UNSTATED,PDF_TEXT_LAYER,VALIDATED,SIGNING_PAGE_NOT_IN_TEXT_LAYER,IE_July_2025_064.pdf,4,Table – 2: Approved Allowed Tariffs,A – MD2,3
IE,Ikeja Electric Plc,IE,A - MD2 Special,A – MD2 Special,A,MD2_SPECIAL,225.00,NGN per kWh,2024-04-01,2024-04-30,Apr 2024,COLUMN_1,FALSE,ORDER/NERC/2025/064,ORDER/NERC/2025/064,2025-07-01,1st July 2025,,,NOT_IN_TEXT_LAYER,2025-08-28,UNSTATED,PDF_TEXT_LAYER,VALIDATED,SIGNING_PAGE_NOT_IN_TEXT_LAYER,IE_July_2025_064.pdf,4,Table – 2: Approved Allowed Tariffs,A – MD2 Special,1
IE,Ikeja Electric Plc,IE,A - MD2 Special,A – MD2 Special,A,MD2_SPECIAL,206.80,NGN per kWh,2024-05-01,2024-06-30,May – Jun 2024,COLUMN_2,FALSE,ORDER/NERC/2025/064,ORDER/NERC/2025/064,2025-07-01,1st July 2025,,,NOT_IN_TEXT_LAYER,2025-08-28,UNSTATED,PDF_TEXT_LAYER,VALIDATED,SIGNING_PAGE_NOT_IN_TEXT_LAYER,IE_July_2025_064.pdf,4,Table – 2: Approved Allowed Tariffs,A – MD2 Special,2
IE,Ikeja Electric Plc,IE,A - MD2 Special,A – MD2 Special,A,MD2_SPECIAL,209.50,NGN per kWh,2024-07-01,2025-07-31,Jul 2024 – Jul 2025,COLUMN_3,TRUE,ORDER/NERC/2025/064,ORDER/NERC/2025/064,2025-07-01,1st July 2025,,,NOT_IN_TEXT_LAYER,2025-08-28,UNSTATED,PDF_TEXT_LAYER,VALIDATED,SIGNING_PAGE_NOT_IN_TEXT_LAYER,IE_July_2025_064.pdf,4,Table – 2: Approved Allowed Tariffs,A – MD2 Special,3
IE,Ikeja Electric Plc,IE,B - Non-MD,B – Non-MD,B,NON_MD,62.48,NGN per kWh,2024-04-01,2024-04-30,Apr 2024,COLUMN_1,FALSE,ORDER/NERC/2025/064,ORDER/NERC/2025/064,2025-07-01,1st July 2025,,,NOT_IN_TEXT_LAYER,2025-08-28,UNSTATED,PDF_TEXT_LAYER,VALIDATED,SIGNING_PAGE_NOT_IN_TEXT_LAYER,IE_July_2025_064.pdf,4,Table – 2: Approved Allowed Tariffs,B – Non-MD,1
IE,Ikeja Electric Plc,IE,B - Non-MD,B – Non-MD,B,NON_MD,62.48,NGN per kWh,2024-05-01,2024-06-30,May – Jun 2024,COLUMN_2,FALSE,ORDER/NERC/2025/064,ORDER/NERC/2025/064,2025-07-01,1st July 2025,,,NOT_IN_TEXT_LAYER,2025-08-28,UNSTATED,PDF_TEXT_LAYER,VALIDATED,SIGNING_PAGE_NOT_IN_TEXT_LAYER,IE_July_2025_064.pdf,4,Table – 2: Approved Allowed Tariffs,B – Non-MD,2
IE,Ikeja Electric Plc,IE,B - Non-MD,B – Non-MD,B,NON_MD,62.48,NGN per kWh,2024-07-01,2025-07-31,Jul 2024 – Jul 2025,COLUMN_3,TRUE,ORDER/NERC/2025/064,ORDER/NERC/2025/064,2025-07-01,1st July 2025,,,NOT_IN_TEXT_LAYER,2025-08-28,UNSTATED,PDF_TEXT_LAYER,VALIDATED,SIGNING_PAGE_NOT_IN_TEXT_LAYER,IE_July_2025_064.pdf,4,Table – 2: Approved Allowed Tariffs,B – Non-MD,3
IE,Ikeja Electric Plc,IE,B - MD1,B – MD1,B,MD1,63.17,NGN per kWh,2024-04-01,2024-04-30,Apr 2024,COLUMN_1,FALSE,ORDER/NERC/2025/064,ORDER/NERC/2025/064,2025-07-01,1st July 2025,,,NOT_IN_TEXT_LAYER,2025-08-28,UNSTATED,PDF_TEXT_LAYER,VALIDATED,SIGNING_PAGE_NOT_IN_TEXT_LAYER,IE_July_2025_064.pdf,4,Table – 2: Approved Allowed Tariffs,B – MD1,1
IE,Ikeja Electric Plc,IE,B - MD1,B – MD1,B,MD1,63.17,NGN per kWh,2024-05-01,2024-06-30,May – Jun 2024,COLUMN_2,FALSE,ORDER/NERC/2025/064,ORDER/NERC/2025/064,2025-07-01,1st July 2025,,,NOT_IN_TEXT_LAYER,2025-08-28,UNSTATED,PDF_TEXT_LAYER,VALIDATED,SIGNING_PAGE_NOT_IN_TEXT_LAYER,IE_July_2025_064.pdf,4,Table – 2: Approved Allowed Tariffs,B – MD1,2
IE,Ikeja Electric Plc,IE,B - MD1,B – MD1,B,MD1,63.17,NGN per kWh,2024-07-01,2025-07-31,Jul 2024 – Jul 2025,COLUMN_3,TRUE,ORDER/NERC/2025/064,ORDER/NERC/2025/064,2025-07-01,1st July 2025,,,NOT_IN_TEXT_LAYER,2025-08-28,UNSTATED,PDF_TEXT_LAYER,VALIDATED,SIGNING_PAGE_NOT_IN_TEXT_LAYER,IE_July_2025_064.pdf,4,Table – 2: Approved Allowed Tariffs,B – MD1,3
IE,Ikeja Electric Plc,IE,B - MD2,B – MD2,B,MD2,69.75,NGN per kWh,2024-04-01,2024-04-30,Apr 2024,COLUMN_1,FALSE,ORDER/NERC/2025/064,ORDER/NERC/2025/064,2025-07-01,1st July 2025,,,NOT_IN_TEXT_LAYER,2025-08-28,UNSTATED,PDF_TEXT_LAYER,VALIDATED,SIGNING_PAGE_NOT_IN_TEXT_LAYER,IE_July_2025_064.pdf,4,Table – 2: Approved Allowed Tariffs,B – MD2,1
IE,Ikeja Electric Plc,IE,B - MD2,B – MD2,B,MD2,69.75,NGN per kWh,2024-05-01,2024-06-30,May – Jun 2024,COLUMN_2,FALSE,ORDER/NERC/2025/064,ORDER/NERC/2025/064,2025-07-01,1st July 2025,,,NOT_IN_TEXT_LAYER,2025-08-28,UNSTATED,PDF_TEXT_LAYER,VALIDATED,SIGNING_PAGE_NOT_IN_TEXT_LAYER,IE_July_2025_064.pdf,4,Table – 2: Approved Allowed Tariffs,B – MD2,2
IE,Ikeja Electric Plc,IE,B - MD2,B – MD2,B,MD2,69.75,NGN per kWh,2024-07-01,2025-07-31,Jul 2024 – Jul 2025,COLUMN_3,TRUE,ORDER/NERC/2025/064,ORDER/NERC/2025/064,2025-07-01,1st July 2025,,,NOT_IN_TEXT_LAYER,2025-08-28,UNSTATED,PDF_TEXT_LAYER,VALIDATED,SIGNING_PAGE_NOT_IN_TEXT_LAYER,IE_July_2025_064.pdf,4,Table – 2: Approved Allowed Tariffs,B – MD2,3
IE,Ikeja Electric Plc,IE,C - Non-MD,C – Non-MD,C,NON_MD,45.80,NGN per kWh,2024-04-01,2024-04-30,Apr 2024,COLUMN_1,FALSE,ORDER/NERC/2025/064,ORDER/NERC/2025/064,2025-07-01,1st July 2025,,,NOT_IN_TEXT_LAYER,2025-08-28,UNSTATED,PDF_TEXT_LAYER,VALIDATED,SIGNING_PAGE_NOT_IN_TEXT_LAYER,IE_July_2025_064.pdf,4,Table – 2: Approved Allowed Tariffs,C – Non-MD,1
IE,Ikeja Electric Plc,IE,C - Non-MD,C – Non-MD,C,NON_MD,45.80,NGN per kWh,2024-05-01,2024-06-30,May – Jun 2024,COLUMN_2,FALSE,ORDER/NERC/2025/064,ORDER/NERC/2025/064,2025-07-01,1st July 2025,,,NOT_IN_TEXT_LAYER,2025-08-28,UNSTATED,PDF_TEXT_LAYER,VALIDATED,SIGNING_PAGE_NOT_IN_TEXT_LAYER,IE_July_2025_064.pdf,4,Table – 2: Approved Allowed Tariffs,C – Non-MD,2
IE,Ikeja Electric Plc,IE,C - Non-MD,C – Non-MD,C,NON_MD,45.80,NGN per kWh,2024-07-01,2025-07-31,Jul 2024 – Jul 2025,COLUMN_3,TRUE,ORDER/NERC/2025/064,ORDER/NERC/2025/064,2025-07-01,1st July 2025,,,NOT_IN_TEXT_LAYER,2025-08-28,UNSTATED,PDF_TEXT_LAYER,VALIDATED,SIGNING_PAGE_NOT_IN_TEXT_LAYER,IE_July_2025_064.pdf,4,Table – 2: Approved Allowed Tariffs,C – Non-MD,3
IE,Ikeja Electric Plc,IE,C - MD1,C – MD1,C,MD1,50.03,NGN per kWh,2024-04-01,2024-04-30,Apr 2024,COLUMN_1,FALSE,ORDER/NERC/2025/064,ORDER/NERC/2025/064,2025-07-01,1st July 2025,,,NOT_IN_TEXT_LAYER,2025-08-28,UNSTATED,PDF_TEXT_LAYER,VALIDATED,SIGNING_PAGE_NOT_IN_TEXT_LAYER,IE_July_2025_064.pdf,4,Table – 2: Approved Allowed Tariffs,C – MD1,1
IE,Ikeja Electric Plc,IE,C - MD1,C – MD1,C,MD1,50.03,NGN per kWh,2024-05-01,2024-06-30,May – Jun 2024,COLUMN_2,FALSE,ORDER/NERC/2025/064,ORDER/NERC/2025/064,2025-07-01,1st July 2025,,,NOT_IN_TEXT_LAYER,2025-08-28,UNSTATED,PDF_TEXT_LAYER,VALIDATED,SIGNING_PAGE_NOT_IN_TEXT_LAYER,IE_July_2025_064.pdf,4,Table – 2: Approved Allowed Tariffs,C – MD1,2
IE,Ikeja Electric Plc,IE,C - MD1,C – MD1,C,MD1,50.03,NGN per kWh,2024-07-01,2025-07-31,Jul 2024 – Jul 2025,COLUMN_3,TRUE,ORDER/NERC/2025/064,ORDER/NERC/2025/064,2025-07-01,1st July 2025,,,NOT_IN_TEXT_LAYER,2025-08-28,UNSTATED,PDF_TEXT_LAYER,VALIDATED,SIGNING_PAGE_NOT_IN_TEXT_LAYER,IE_July_2025_064.pdf,4,Table – 2: Approved Allowed Tariffs,C – MD1,3
IE,Ikeja Electric Plc,IE,C - MD2,C – MD2,C,MD2,53.41,NGN per kWh,2024-04-01,2024-04-30,Apr 2024,COLUMN_1,FALSE,ORDER/NERC/2025/064,ORDER/NERC/2025/064,2025-07-01,1st July 2025,,,NOT_IN_TEXT_LAYER,2025-08-28,UNSTATED,PDF_TEXT_LAYER,VALIDATED,SIGNING_PAGE_NOT_IN_TEXT_LAYER,IE_July_2025_064.pdf,4,Table – 2: Approved Allowed Tariffs,C – MD2,1
IE,Ikeja Electric Plc,IE,C - MD2,C – MD2,C,MD2,53.41,NGN per kWh,2024-05-01,2024-06-30,May – Jun 2024,COLUMN_2,FALSE,ORDER/NERC/2025/064,ORDER/NERC/2025/064,2025-07-01,1st July 2025,,,NOT_IN_TEXT_LAYER,2025-08-28,UNSTATED,PDF_TEXT_LAYER,VALIDATED,SIGNING_PAGE_NOT_IN_TEXT_LAYER,IE_July_2025_064.pdf,4,Table – 2: Approved Allowed Tariffs,C – MD2,2
IE,Ikeja Electric Plc,IE,C - MD2,C – MD2,C,MD2,53.41,NGN per kWh,2024-07-01,2025-07-31,Jul 2024 – Jul 2025,COLUMN_3,TRUE,ORDER/NERC/2025/064,ORDER/NERC/2025/064,2025-07-01,1st July 2025,,,NOT_IN_TEXT_LAYER,2025-08-28,UNSTATED,PDF_TEXT_LAYER,VALIDATED,SIGNING_PAGE_NOT_IN_TEXT_LAYER,IE_July_2025_064.pdf,4,Table – 2: Approved Allowed Tariffs,C – MD2,3
IE,Ikeja Electric Plc,IE,D - Non-MD,D – Non-MD,D,NON_MD,31.24,NGN per kWh,2024-04-01,2024-04-30,Apr 2024,COLUMN_1,FALSE,ORDER/NERC/2025/064,ORDER/NERC/2025/064,2025-07-01,1st July 2025,,,NOT_IN_TEXT_LAYER,2025-08-28,UNSTATED,PDF_TEXT_LAYER,VALIDATED,SIGNING_PAGE_NOT_IN_TEXT_LAYER,IE_July_2025_064.pdf,4,Table – 2: Approved Allowed Tariffs,D – Non-MD,1
IE,Ikeja Electric Plc,IE,D - Non-MD,D – Non-MD,D,NON_MD,31.24,NGN per kWh,2024-05-01,2024-06-30,May – Jun 2024,COLUMN_2,FALSE,ORDER/NERC/2025/064,ORDER/NERC/2025/064,2025-07-01,1st July 2025,,,NOT_IN_TEXT_LAYER,2025-08-28,UNSTATED,PDF_TEXT_LAYER,VALIDATED,SIGNING_PAGE_NOT_IN_TEXT_LAYER,IE_July_2025_064.pdf,4,Table – 2: Approved Allowed Tariffs,D – Non-MD,2
IE,Ikeja Electric Plc,IE,D - Non-MD,D – Non-MD,D,NON_MD,31.24,NGN per kWh,2024-07-01,2025-07-31,Jul 2024 – Jul 2025,COLUMN_3,TRUE,ORDER/NERC/2025/064,ORDER/NERC/2025/064,2025-07-01,1st July 2025,,,NOT_IN_TEXT_LAYER,2025-08-28,UNSTATED,PDF_TEXT_LAYER,VALIDATED,SIGNING_PAGE_NOT_IN_TEXT_LAYER,IE_July_2025_064.pdf,4,Table – 2: Approved Allowed Tariffs,D – Non-MD,3
IE,Ikeja Electric Plc,IE,D - MD1,D – MD1,D,MD1,45.29,NGN per kWh,2024-04-01,2024-04-30,Apr 2024,COLUMN_1,FALSE,ORDER/NERC/2025/064,ORDER/NERC/2025/064,2025-07-01,1st July 2025,,,NOT_IN_TEXT_LAYER,2025-08-28,UNSTATED,PDF_TEXT_LAYER,VALIDATED,SIGNING_PAGE_NOT_IN_TEXT_LAYER,IE_July_2025_064.pdf,4,Table – 2: Approved Allowed Tariffs,D – MD1,1
IE,Ikeja Electric Plc,IE,D - MD1,D – MD1,D,MD1,45.29,NGN per kWh,2024-05-01,2024-06-30,May – Jun 2024,COLUMN_2,FALSE,ORDER/NERC/2025/064,ORDER/NERC/2025/064,2025-07-01,1st July 2025,,,NOT_IN_TEXT_LAYER,2025-08-28,UNSTATED,PDF_TEXT_LAYER,VALIDATED,SIGNING_PAGE_NOT_IN_TEXT_LAYER,IE_July_2025_064.pdf,4,Table – 2: Approved Allowed Tariffs,D – MD1,2
IE,Ikeja Electric Plc,IE,D - MD1,D – MD1,D,MD1,45.29,NGN per kWh,2024-07-01,2025-07-31,Jul 2024 – Jul 2025,COLUMN_3,TRUE,ORDER/NERC/2025/064,ORDER/NERC/2025/064,2025-07-01,1st July 2025,,,NOT_IN_TEXT_LAYER,2025-08-28,UNSTATED,PDF_TEXT_LAYER,VALIDATED,SIGNING_PAGE_NOT_IN_TEXT_LAYER,IE_July_2025_064.pdf,4,Table – 2: Approved Allowed Tariffs,D – MD1,3
IE,Ikeja Electric Plc,IE,D - MD2,D - MD2,D,MD2,45.29,NGN per kWh,2024-04-01,2024-04-30,Apr 2024,COLUMN_1,FALSE,ORDER/NERC/2025/064,ORDER/NERC/2025/064,2025-07-01,1st July 2025,,,NOT_IN_TEXT_LAYER,2025-08-28,UNSTATED,PDF_TEXT_LAYER,VALIDATED,SIGNING_PAGE_NOT_IN_TEXT_LAYER,IE_July_2025_064.pdf,4,Table – 2: Approved Allowed Tariffs,D - MD2,1
IE,Ikeja Electric Plc,IE,D - MD2,D - MD2,D,MD2,45.29,NGN per kWh,2024-05-01,2024-06-30,May – Jun 2024,COLUMN_2,FALSE,ORDER/NERC/2025/064,ORDER/NERC/2025/064,2025-07-01,1st July 2025,,,NOT_IN_TEXT_LAYER,2025-08-28,UNSTATED,PDF_TEXT_LAYER,VALIDATED,SIGNING_PAGE_NOT_IN_TEXT_LAYER,IE_July_2025_064.pdf,4,Table – 2: Approved Allowed Tariffs,D - MD2,2
IE,Ikeja Electric Plc,IE,D - MD2,D - MD2,D,MD2,45.29,NGN per kWh,2024-07-01,2025-07-31,Jul 2024 – Jul 2025,COLUMN_3,TRUE,ORDER/NERC/2025/064,ORDER/NERC/2025/064,2025-07-01,1st July 2025,,,NOT_IN_TEXT_LAYER,2025-08-28,UNSTATED,PDF_TEXT_LAYER,VALIDATED,SIGNING_PAGE_NOT_IN_TEXT_LAYER,IE_July_2025_064.pdf,4,Table – 2: Approved Allowed Tariffs,D - MD2,3
IE,Ikeja Electric Plc,IE,E - Non-MD,E – Non-MD,E,NON_MD,31.24,NGN per kWh,2024-04-01,2024-04-30,Apr 2024,COLUMN_1,FALSE,ORDER/NERC/2025/064,ORDER/NERC/2025/064,2025-07-01,1st July 2025,,,NOT_IN_TEXT_LAYER,2025-08-28,UNSTATED,PDF_TEXT_LAYER,VALIDATED,SIGNING_PAGE_NOT_IN_TEXT_LAYER,IE_July_2025_064.pdf,4,Table – 2: Approved Allowed Tariffs,E – Non-MD,1
IE,Ikeja Electric Plc,IE,E - Non-MD,E – Non-MD,E,NON_MD,31.24,NGN per kWh,2024-05-01,2024-06-30,May – Jun 2024,COLUMN_2,FALSE,ORDER/NERC/2025/064,ORDER/NERC/2025/064,2025-07-01,1st July 2025,,,NOT_IN_TEXT_LAYER,2025-08-28,UNSTATED,PDF_TEXT_LAYER,VALIDATED,SIGNING_PAGE_NOT_IN_TEXT_LAYER,IE_July_2025_064.pdf,4,Table – 2: Approved Allowed Tariffs,E – Non-MD,2
IE,Ikeja Electric Plc,IE,E - Non-MD,E – Non-MD,E,NON_MD,31.24,NGN per kWh,2024-07-01,2025-07-31,Jul 2024 – Jul 2025,COLUMN_3,TRUE,ORDER/NERC/2025/064,ORDER/NERC/2025/064,2025-07-01,1st July 2025,,,NOT_IN_TEXT_LAYER,2025-08-28,UNSTATED,PDF_TEXT_LAYER,VALIDATED,SIGNING_PAGE_NOT_IN_TEXT_LAYER,IE_July_2025_064.pdf,4,Table – 2: Approved Allowed Tariffs,E – Non-MD,3
IE,Ikeja Electric Plc,IE,E - MD1,E – MD1,E,MD1,45.29,NGN per kWh,2024-04-01,2024-04-30,Apr 2024,COLUMN_1,FALSE,ORDER/NERC/2025/064,ORDER/NERC/2025/064,2025-07-01,1st July 2025,,,NOT_IN_TEXT_LAYER,2025-08-28,UNSTATED,PDF_TEXT_LAYER,VALIDATED,SIGNING_PAGE_NOT_IN_TEXT_LAYER,IE_July_2025_064.pdf,4,Table – 2: Approved Allowed Tariffs,E – MD1,1
IE,Ikeja Electric Plc,IE,E - MD1,E – MD1,E,MD1,45.29,NGN per kWh,2024-05-01,2024-06-30,May – Jun 2024,COLUMN_2,FALSE,ORDER/NERC/2025/064,ORDER/NERC/2025/064,2025-07-01,1st July 2025,,,NOT_IN_TEXT_LAYER,2025-08-28,UNSTATED,PDF_TEXT_LAYER,VALIDATED,SIGNING_PAGE_NOT_IN_TEXT_LAYER,IE_July_2025_064.pdf,4,Table – 2: Approved Allowed Tariffs,E – MD1,2
IE,Ikeja Electric Plc,IE,E - MD1,E – MD1,E,MD1,45.29,NGN per kWh,2024-07-01,2025-07-31,Jul 2024 – Jul 2025,COLUMN_3,TRUE,ORDER/NERC/2025/064,ORDER/NERC/2025/064,2025-07-01,1st July 2025,,,NOT_IN_TEXT_LAYER,2025-08-28,UNSTATED,PDF_TEXT_LAYER,VALIDATED,SIGNING_PAGE_NOT_IN_TEXT_LAYER,IE_July_2025_064.pdf,4,Table – 2: Approved Allowed Tariffs,E – MD1,3
IE,Ikeja Electric Plc,IE,E - MD2,E – MD2,E,MD2,45.29,NGN per kWh,2024-04-01,2024-04-30,Apr 2024,COLUMN_1,FALSE,ORDER/NERC/2025/064,ORDER/NERC/2025/064,2025-07-01,1st July 2025,,,NOT_IN_TEXT_LAYER,2025-08-28,UNSTATED,PDF_TEXT_LAYER,VALIDATED,SIGNING_PAGE_NOT_IN_TEXT_LAYER,IE_July_2025_064.pdf,4,Table – 2: Approved Allowed Tariffs,E – MD2,1
IE,Ikeja Electric Plc,IE,E - MD2,E – MD2,E,MD2,45.29,NGN per kWh,2024-05-01,2024-06-30,May – Jun 2024,COLUMN_2,FALSE,ORDER/NERC/2025/064,ORDER/NERC/2025/064,2025-07-01,1st July 2025,,,NOT_IN_TEXT_LAYER,2025-08-28,UNSTATED,PDF_TEXT_LAYER,VALIDATED,SIGNING_PAGE_NOT_IN_TEXT_LAYER,IE_July_2025_064.pdf,4,Table – 2: Approved Allowed Tariffs,E – MD2,2
IE,Ikeja Electric Plc,IE,E - MD2,E – MD2,E,MD2,45.29,NGN per kWh,2024-07-01,2025-07-31,Jul 2024 – Jul 2025,COLUMN_3,TRUE,ORDER/NERC/2025/064,ORDER/NERC/2025/064,2025-07-01,1st July 2025,,,NOT_IN_TEXT_LAYER,2025-08-28,UNSTATED,PDF_TEXT_LAYER,VALIDATED,SIGNING_PAGE_NOT_IN_TEXT_LAYER,IE_July_2025_064.pdf,4,Table – 2: Approved Allowed Tariffs,E – MD2,3
JED,Jos Electricity Distribution Plc,JED,Life-line,Life-line,LIFELINE,NON_MD,4.00,NGN per kWh,2024-04-01,2024-04-30,Apr 2024,COLUMN_1,FALSE,ORDER/NERC/2025/065,ORDER/NERC/2025/065,2025-07-01,1st July 2025,,,NOT_IN_TEXT_LAYER,2025-08-28,UNSTATED,PDF_TEXT_LAYER,VALIDATED,SIGNING_PAGE_NOT_IN_TEXT_LAYER,JED_July_2025_065.pdf,4,Table – 2: Approved Allowed Tariffs,Life-line,1
JED,Jos Electricity Distribution Plc,JED,Life-line,Life-line,LIFELINE,NON_MD,4.00,NGN per kWh,2024-05-01,2024-06-30,May - Jun 2024,COLUMN_2,FALSE,ORDER/NERC/2025/065,ORDER/NERC/2025/065,2025-07-01,1st July 2025,,,NOT_IN_TEXT_LAYER,2025-08-28,UNSTATED,PDF_TEXT_LAYER,VALIDATED,SIGNING_PAGE_NOT_IN_TEXT_LAYER,JED_July_2025_065.pdf,4,Table – 2: Approved Allowed Tariffs,Life-line,2
JED,Jos Electricity Distribution Plc,JED,Life-line,Life-line,LIFELINE,NON_MD,4.00,NGN per kWh,2024-07-01,2025-07-31,Jul 2024 – Jul 2025,COLUMN_3,TRUE,ORDER/NERC/2025/065,ORDER/NERC/2025/065,2025-07-01,1st July 2025,,,NOT_IN_TEXT_LAYER,2025-08-28,UNSTATED,PDF_TEXT_LAYER,VALIDATED,SIGNING_PAGE_NOT_IN_TEXT_LAYER,JED_July_2025_065.pdf,4,Table – 2: Approved Allowed Tariffs,Life-line,3
JED,Jos Electricity Distribution Plc,JED,A - Non-MD,A – Non-MD,A,NON_MD,225.00,NGN per kWh,2024-04-01,2024-04-30,Apr 2024,COLUMN_1,FALSE,ORDER/NERC/2025/065,ORDER/NERC/2025/065,2025-07-01,1st July 2025,,,NOT_IN_TEXT_LAYER,2025-08-28,UNSTATED,PDF_TEXT_LAYER,VALIDATED,SIGNING_PAGE_NOT_IN_TEXT_LAYER,JED_July_2025_065.pdf,4,Table – 2: Approved Allowed Tariffs,A – Non-MD,1
JED,Jos Electricity Distribution Plc,JED,A - Non-MD,A – Non-MD,A,NON_MD,206.80,NGN per kWh,2024-05-01,2024-06-30,May - Jun 2024,COLUMN_2,FALSE,ORDER/NERC/2025/065,ORDER/NERC/2025/065,2025-07-01,1st July 2025,,,NOT_IN_TEXT_LAYER,2025-08-28,UNSTATED,PDF_TEXT_LAYER,VALIDATED,SIGNING_PAGE_NOT_IN_TEXT_LAYER,JED_July_2025_065.pdf,4,Table – 2: Approved Allowed Tariffs,A – Non-MD,2
JED,Jos Electricity Distribution Plc,JED,A - Non-MD,A – Non-MD,A,NON_MD,209.50,NGN per kWh,2024-07-01,2025-07-31,Jul 2024 – Jul 2025,COLUMN_3,TRUE,ORDER/NERC/2025/065,ORDER/NERC/2025/065,2025-07-01,1st July 2025,,,NOT_IN_TEXT_LAYER,2025-08-28,UNSTATED,PDF_TEXT_LAYER,VALIDATED,SIGNING_PAGE_NOT_IN_TEXT_LAYER,JED_July_2025_065.pdf,4,Table – 2: Approved Allowed Tariffs,A – Non-MD,3
JED,Jos Electricity Distribution Plc,JED,A - MD1,A – MD1,A,MD1,225.00,NGN per kWh,2024-04-01,2024-04-30,Apr 2024,COLUMN_1,FALSE,ORDER/NERC/2025/065,ORDER/NERC/2025/065,2025-07-01,1st July 2025,,,NOT_IN_TEXT_LAYER,2025-08-28,UNSTATED,PDF_TEXT_LAYER,VALIDATED,SIGNING_PAGE_NOT_IN_TEXT_LAYER,JED_July_2025_065.pdf,4,Table – 2: Approved Allowed Tariffs,A – MD1,1
JED,Jos Electricity Distribution Plc,JED,A - MD1,A – MD1,A,MD1,206.80,NGN per kWh,2024-05-01,2024-06-30,May - Jun 2024,COLUMN_2,FALSE,ORDER/NERC/2025/065,ORDER/NERC/2025/065,2025-07-01,1st July 2025,,,NOT_IN_TEXT_LAYER,2025-08-28,UNSTATED,PDF_TEXT_LAYER,VALIDATED,SIGNING_PAGE_NOT_IN_TEXT_LAYER,JED_July_2025_065.pdf,4,Table – 2: Approved Allowed Tariffs,A – MD1,2
JED,Jos Electricity Distribution Plc,JED,A - MD1,A – MD1,A,MD1,209.50,NGN per kWh,2024-07-01,2025-07-31,Jul 2024 – Jul 2025,COLUMN_3,TRUE,ORDER/NERC/2025/065,ORDER/NERC/2025/065,2025-07-01,1st July 2025,,,NOT_IN_TEXT_LAYER,2025-08-28,UNSTATED,PDF_TEXT_LAYER,VALIDATED,SIGNING_PAGE_NOT_IN_TEXT_LAYER,JED_July_2025_065.pdf,4,Table – 2: Approved Allowed Tariffs,A – MD1,3
JED,Jos Electricity Distribution Plc,JED,A - MD2,A – MD2,A,MD2,225.00,NGN per kWh,2024-04-01,2024-04-30,Apr 2024,COLUMN_1,FALSE,ORDER/NERC/2025/065,ORDER/NERC/2025/065,2025-07-01,1st July 2025,,,NOT_IN_TEXT_LAYER,2025-08-28,UNSTATED,PDF_TEXT_LAYER,VALIDATED,SIGNING_PAGE_NOT_IN_TEXT_LAYER,JED_July_2025_065.pdf,4,Table – 2: Approved Allowed Tariffs,A – MD2,1
JED,Jos Electricity Distribution Plc,JED,A - MD2,A – MD2,A,MD2,206.80,NGN per kWh,2024-05-01,2024-06-30,May - Jun 2024,COLUMN_2,FALSE,ORDER/NERC/2025/065,ORDER/NERC/2025/065,2025-07-01,1st July 2025,,,NOT_IN_TEXT_LAYER,2025-08-28,UNSTATED,PDF_TEXT_LAYER,VALIDATED,SIGNING_PAGE_NOT_IN_TEXT_LAYER,JED_July_2025_065.pdf,4,Table – 2: Approved Allowed Tariffs,A – MD2,2
JED,Jos Electricity Distribution Plc,JED,A - MD2,A – MD2,A,MD2,209.50,NGN per kWh,2024-07-01,2025-07-31,Jul 2024 – Jul 2025,COLUMN_3,TRUE,ORDER/NERC/2025/065,ORDER/NERC/2025/065,2025-07-01,1st July 2025,,,NOT_IN_TEXT_LAYER,2025-08-28,UNSTATED,PDF_TEXT_LAYER,VALIDATED,SIGNING_PAGE_NOT_IN_TEXT_LAYER,JED_July_2025_065.pdf,4,Table – 2: Approved Allowed Tariffs,A – MD2,3
JED,Jos Electricity Distribution Plc,JED,B - Non-MD,B – Non-MD,B,NON_MD,63.26,NGN per kWh,2024-04-01,2024-04-30,Apr 2024,COLUMN_1,FALSE,ORDER/NERC/2025/065,ORDER/NERC/2025/065,2025-07-01,1st July 2025,,,NOT_IN_TEXT_LAYER,2025-08-28,UNSTATED,PDF_TEXT_LAYER,VALIDATED,SIGNING_PAGE_NOT_IN_TEXT_LAYER,JED_July_2025_065.pdf,4,Table – 2: Approved Allowed Tariffs,B – Non-MD,1
JED,Jos Electricity Distribution Plc,JED,B - Non-MD,B – Non-MD,B,NON_MD,63.26,NGN per kWh,2024-05-01,2024-06-30,May - Jun 2024,COLUMN_2,FALSE,ORDER/NERC/2025/065,ORDER/NERC/2025/065,2025-07-01,1st July 2025,,,NOT_IN_TEXT_LAYER,2025-08-28,UNSTATED,PDF_TEXT_LAYER,VALIDATED,SIGNING_PAGE_NOT_IN_TEXT_LAYER,JED_July_2025_065.pdf,4,Table – 2: Approved Allowed Tariffs,B – Non-MD,2
JED,Jos Electricity Distribution Plc,JED,B - Non-MD,B – Non-MD,B,NON_MD,63.26,NGN per kWh,2024-07-01,2025-07-31,Jul 2024 – Jul 2025,COLUMN_3,TRUE,ORDER/NERC/2025/065,ORDER/NERC/2025/065,2025-07-01,1st July 2025,,,NOT_IN_TEXT_LAYER,2025-08-28,UNSTATED,PDF_TEXT_LAYER,VALIDATED,SIGNING_PAGE_NOT_IN_TEXT_LAYER,JED_July_2025_065.pdf,4,Table – 2: Approved Allowed Tariffs,B – Non-MD,3
JED,Jos Electricity Distribution Plc,JED,B - MD1,B – MD1,B,MD1,68.02,NGN per kWh,2024-04-01,2024-04-30,Apr 2024,COLUMN_1,FALSE,ORDER/NERC/2025/065,ORDER/NERC/2025/065,2025-07-01,1st July 2025,,,NOT_IN_TEXT_LAYER,2025-08-28,UNSTATED,PDF_TEXT_LAYER,VALIDATED,SIGNING_PAGE_NOT_IN_TEXT_LAYER,JED_July_2025_065.pdf,4,Table – 2: Approved Allowed Tariffs,B – MD1,1
JED,Jos Electricity Distribution Plc,JED,B - MD1,B – MD1,B,MD1,68.02,NGN per kWh,2024-05-01,2024-06-30,May - Jun 2024,COLUMN_2,FALSE,ORDER/NERC/2025/065,ORDER/NERC/2025/065,2025-07-01,1st July 2025,,,NOT_IN_TEXT_LAYER,2025-08-28,UNSTATED,PDF_TEXT_LAYER,VALIDATED,SIGNING_PAGE_NOT_IN_TEXT_LAYER,JED_July_2025_065.pdf,4,Table – 2: Approved Allowed Tariffs,B – MD1,2
JED,Jos Electricity Distribution Plc,JED,B - MD1,B – MD1,B,MD1,68.02,NGN per kWh,2024-07-01,2025-07-31,Jul 2024 – Jul 2025,COLUMN_3,TRUE,ORDER/NERC/2025/065,ORDER/NERC/2025/065,2025-07-01,1st July 2025,,,NOT_IN_TEXT_LAYER,2025-08-28,UNSTATED,PDF_TEXT_LAYER,VALIDATED,SIGNING_PAGE_NOT_IN_TEXT_LAYER,JED_July_2025_065.pdf,4,Table – 2: Approved Allowed Tariffs,B – MD1,3
JED,Jos Electricity Distribution Plc,JED,B - MD2,B – MD2,B,MD2,71.97,NGN per kWh,2024-04-01,2024-04-30,Apr 2024,COLUMN_1,FALSE,ORDER/NERC/2025/065,ORDER/NERC/2025/065,2025-07-01,1st July 2025,,,NOT_IN_TEXT_LAYER,2025-08-28,UNSTATED,PDF_TEXT_LAYER,VALIDATED,SIGNING_PAGE_NOT_IN_TEXT_LAYER,JED_July_2025_065.pdf,4,Table – 2: Approved Allowed Tariffs,B – MD2,1
JED,Jos Electricity Distribution Plc,JED,B - MD2,B – MD2,B,MD2,71.97,NGN per kWh,2024-05-01,2024-06-30,May - Jun 2024,COLUMN_2,FALSE,ORDER/NERC/2025/065,ORDER/NERC/2025/065,2025-07-01,1st July 2025,,,NOT_IN_TEXT_LAYER,2025-08-28,UNSTATED,PDF_TEXT_LAYER,VALIDATED,SIGNING_PAGE_NOT_IN_TEXT_LAYER,JED_July_2025_065.pdf,4,Table – 2: Approved Allowed Tariffs,B – MD2,2
JED,Jos Electricity Distribution Plc,JED,B - MD2,B – MD2,B,MD2,71.97,NGN per kWh,2024-07-01,2025-07-31,Jul 2024 – Jul 2025,COLUMN_3,TRUE,ORDER/NERC/2025/065,ORDER/NERC/2025/065,2025-07-01,1st July 2025,,,NOT_IN_TEXT_LAYER,2025-08-28,UNSTATED,PDF_TEXT_LAYER,VALIDATED,SIGNING_PAGE_NOT_IN_TEXT_LAYER,JED_July_2025_065.pdf,4,Table – 2: Approved Allowed Tariffs,B – MD2,3
JED,Jos Electricity Distribution Plc,JED,C - Non-MD,C – Non-MD,C,NON_MD,52.83,NGN per kWh,2024-04-01,2024-04-30,Apr 2024,COLUMN_1,FALSE,ORDER/NERC/2025/065,ORDER/NERC/2025/065,2025-07-01,1st July 2025,,,NOT_IN_TEXT_LAYER,2025-08-28,UNSTATED,PDF_TEXT_LAYER,VALIDATED,SIGNING_PAGE_NOT_IN_TEXT_LAYER,JED_July_2025_065.pdf,4,Table – 2: Approved Allowed Tariffs,C – Non-MD,1
JED,Jos Electricity Distribution Plc,JED,C - Non-MD,C – Non-MD,C,NON_MD,52.83,NGN per kWh,2024-05-01,2024-06-30,May - Jun 2024,COLUMN_2,FALSE,ORDER/NERC/2025/065,ORDER/NERC/2025/065,2025-07-01,1st July 2025,,,NOT_IN_TEXT_LAYER,2025-08-28,UNSTATED,PDF_TEXT_LAYER,VALIDATED,SIGNING_PAGE_NOT_IN_TEXT_LAYER,JED_July_2025_065.pdf,4,Table – 2: Approved Allowed Tariffs,C – Non-MD,2
JED,Jos Electricity Distribution Plc,JED,C - Non-MD,C – Non-MD,C,NON_MD,52.83,NGN per kWh,2024-07-01,2025-07-31,Jul 2024 – Jul 2025,COLUMN_3,TRUE,ORDER/NERC/2025/065,ORDER/NERC/2025/065,2025-07-01,1st July 2025,,,NOT_IN_TEXT_LAYER,2025-08-28,UNSTATED,PDF_TEXT_LAYER,VALIDATED,SIGNING_PAGE_NOT_IN_TEXT_LAYER,JED_July_2025_065.pdf,4,Table – 2: Approved Allowed Tariffs,C – Non-MD,3
JED,Jos Electricity Distribution Plc,JED,C - MD1,C – MD1,C,MD1,58.01,NGN per kWh,2024-04-01,2024-04-30,Apr 2024,COLUMN_1,FALSE,ORDER/NERC/2025/065,ORDER/NERC/2025/065,2025-07-01,1st July 2025,,,NOT_IN_TEXT_LAYER,2025-08-28,UNSTATED,PDF_TEXT_LAYER,VALIDATED,SIGNING_PAGE_NOT_IN_TEXT_LAYER,JED_July_2025_065.pdf,4,Table – 2: Approved Allowed Tariffs,C – MD1,1
JED,Jos Electricity Distribution Plc,JED,C - MD1,C – MD1,C,MD1,58.01,NGN per kWh,2024-05-01,2024-06-30,May - Jun 2024,COLUMN_2,FALSE,ORDER/NERC/2025/065,ORDER/NERC/2025/065,2025-07-01,1st July 2025,,,NOT_IN_TEXT_LAYER,2025-08-28,UNSTATED,PDF_TEXT_LAYER,VALIDATED,SIGNING_PAGE_NOT_IN_TEXT_LAYER,JED_July_2025_065.pdf,4,Table – 2: Approved Allowed Tariffs,C – MD1,2
JED,Jos Electricity Distribution Plc,JED,C - MD1,C – MD1,C,MD1,58.01,NGN per kWh,2024-07-01,2025-07-31,Jul 2024 – Jul 2025,COLUMN_3,TRUE,ORDER/NERC/2025/065,ORDER/NERC/2025/065,2025-07-01,1st July 2025,,,NOT_IN_TEXT_LAYER,2025-08-28,UNSTATED,PDF_TEXT_LAYER,VALIDATED,SIGNING_PAGE_NOT_IN_TEXT_LAYER,JED_July_2025_065.pdf,4,Table – 2: Approved Allowed Tariffs,C – MD1,3
JED,Jos Electricity Distribution Plc,JED,C - MD2,C – MD2,C,MD2,59.45,NGN per kWh,2024-04-01,2024-04-30,Apr 2024,COLUMN_1,FALSE,ORDER/NERC/2025/065,ORDER/NERC/2025/065,2025-07-01,1st July 2025,,,NOT_IN_TEXT_LAYER,2025-08-28,UNSTATED,PDF_TEXT_LAYER,VALIDATED,SIGNING_PAGE_NOT_IN_TEXT_LAYER,JED_July_2025_065.pdf,4,Table – 2: Approved Allowed Tariffs,C – MD2,1
JED,Jos Electricity Distribution Plc,JED,C - MD2,C – MD2,C,MD2,59.45,NGN per kWh,2024-05-01,2024-06-30,May - Jun 2024,COLUMN_2,FALSE,ORDER/NERC/2025/065,ORDER/NERC/2025/065,2025-07-01,1st July 2025,,,NOT_IN_TEXT_LAYER,2025-08-28,UNSTATED,PDF_TEXT_LAYER,VALIDATED,SIGNING_PAGE_NOT_IN_TEXT_LAYER,JED_July_2025_065.pdf,4,Table – 2: Approved Allowed Tariffs,C – MD2,2
JED,Jos Electricity Distribution Plc,JED,C - MD2,C – MD2,C,MD2,59.45,NGN per kWh,2024-07-01,2025-07-31,Jul 2024 – Jul 2025,COLUMN_3,TRUE,ORDER/NERC/2025/065,ORDER/NERC/2025/065,2025-07-01,1st July 2025,,,NOT_IN_TEXT_LAYER,2025-08-28,UNSTATED,PDF_TEXT_LAYER,VALIDATED,SIGNING_PAGE_NOT_IN_TEXT_LAYER,JED_July_2025_065.pdf,4,Table – 2: Approved Allowed Tariffs,C – MD2,3
JED,Jos Electricity Distribution Plc,JED,D - Non-MD,D – Non-MD,D,NON_MD,40.12,NGN per kWh,2024-04-01,2024-04-30,Apr 2024,COLUMN_1,FALSE,ORDER/NERC/2025/065,ORDER/NERC/2025/065,2025-07-01,1st July 2025,,,NOT_IN_TEXT_LAYER,2025-08-28,UNSTATED,PDF_TEXT_LAYER,VALIDATED,SIGNING_PAGE_NOT_IN_TEXT_LAYER,JED_July_2025_065.pdf,4,Table – 2: Approved Allowed Tariffs,D – Non-MD,1
JED,Jos Electricity Distribution Plc,JED,D - Non-MD,D – Non-MD,D,NON_MD,40.12,NGN per kWh,2024-05-01,2024-06-30,May - Jun 2024,COLUMN_2,FALSE,ORDER/NERC/2025/065,ORDER/NERC/2025/065,2025-07-01,1st July 2025,,,NOT_IN_TEXT_LAYER,2025-08-28,UNSTATED,PDF_TEXT_LAYER,VALIDATED,SIGNING_PAGE_NOT_IN_TEXT_LAYER,JED_July_2025_065.pdf,4,Table – 2: Approved Allowed Tariffs,D – Non-MD,2
JED,Jos Electricity Distribution Plc,JED,D - Non-MD,D – Non-MD,D,NON_MD,40.12,NGN per kWh,2024-07-01,2025-07-31,Jul 2024 – Jul 2025,COLUMN_3,TRUE,ORDER/NERC/2025/065,ORDER/NERC/2025/065,2025-07-01,1st July 2025,,,NOT_IN_TEXT_LAYER,2025-08-28,UNSTATED,PDF_TEXT_LAYER,VALIDATED,SIGNING_PAGE_NOT_IN_TEXT_LAYER,JED_July_2025_065.pdf,4,Table – 2: Approved Allowed Tariffs,D – Non-MD,3
JED,Jos Electricity Distribution Plc,JED,D - MD1,D – MD1,D,MD1,54.24,NGN per kWh,2024-04-01,2024-04-30,Apr 2024,COLUMN_1,FALSE,ORDER/NERC/2025/065,ORDER/NERC/2025/065,2025-07-01,1st July 2025,,,NOT_IN_TEXT_LAYER,2025-08-28,UNSTATED,PDF_TEXT_LAYER,VALIDATED,SIGNING_PAGE_NOT_IN_TEXT_LAYER,JED_July_2025_065.pdf,4,Table – 2: Approved Allowed Tariffs,D – MD1,1
JED,Jos Electricity Distribution Plc,JED,D - MD1,D – MD1,D,MD1,54.24,NGN per kWh,2024-05-01,2024-06-30,May - Jun 2024,COLUMN_2,FALSE,ORDER/NERC/2025/065,ORDER/NERC/2025/065,2025-07-01,1st July 2025,,,NOT_IN_TEXT_LAYER,2025-08-28,UNSTATED,PDF_TEXT_LAYER,VALIDATED,SIGNING_PAGE_NOT_IN_TEXT_LAYER,JED_July_2025_065.pdf,4,Table – 2: Approved Allowed Tariffs,D – MD1,2
JED,Jos Electricity Distribution Plc,JED,D - MD1,D – MD1,D,MD1,54.24,NGN per kWh,2024-07-01,2025-07-31,Jul 2024 – Jul 2025,COLUMN_3,TRUE,ORDER/NERC/2025/065,ORDER/NERC/2025/065,2025-07-01,1st July 2025,,,NOT_IN_TEXT_LAYER,2025-08-28,UNSTATED,PDF_TEXT_LAYER,VALIDATED,SIGNING_PAGE_NOT_IN_TEXT_LAYER,JED_July_2025_065.pdf,4,Table – 2: Approved Allowed Tariffs,D – MD1,3
JED,Jos Electricity Distribution Plc,JED,D - MD2,D - MD2,D,MD2,54.24,NGN per kWh,2024-04-01,2024-04-30,Apr 2024,COLUMN_1,FALSE,ORDER/NERC/2025/065,ORDER/NERC/2025/065,2025-07-01,1st July 2025,,,NOT_IN_TEXT_LAYER,2025-08-28,UNSTATED,PDF_TEXT_LAYER,VALIDATED,SIGNING_PAGE_NOT_IN_TEXT_LAYER,JED_July_2025_065.pdf,4,Table – 2: Approved Allowed Tariffs,D - MD2,1
JED,Jos Electricity Distribution Plc,JED,D - MD2,D - MD2,D,MD2,54.24,NGN per kWh,2024-05-01,2024-06-30,May - Jun 2024,COLUMN_2,FALSE,ORDER/NERC/2025/065,ORDER/NERC/2025/065,2025-07-01,1st July 2025,,,NOT_IN_TEXT_LAYER,2025-08-28,UNSTATED,PDF_TEXT_LAYER,VALIDATED,SIGNING_PAGE_NOT_IN_TEXT_LAYER,JED_July_2025_065.pdf,4,Table – 2: Approved Allowed Tariffs,D - MD2,2
JED,Jos Electricity Distribution Plc,JED,D - MD2,D - MD2,D,MD2,54.24,NGN per kWh,2024-07-01,2025-07-31,Jul 2024 – Jul 2025,COLUMN_3,TRUE,ORDER/NERC/2025/065,ORDER/NERC/2025/065,2025-07-01,1st July 2025,,,NOT_IN_TEXT_LAYER,2025-08-28,UNSTATED,PDF_TEXT_LAYER,VALIDATED,SIGNING_PAGE_NOT_IN_TEXT_LAYER,JED_July_2025_065.pdf,4,Table – 2: Approved Allowed Tariffs,D - MD2,3
JED,Jos Electricity Distribution Plc,JED,E - Non-MD,E – Non-MD,E,NON_MD,39.90,NGN per kWh,2024-04-01,2024-04-30,Apr 2024,COLUMN_1,FALSE,ORDER/NERC/2025/065,ORDER/NERC/2025/065,2025-07-01,1st July 2025,,,NOT_IN_TEXT_LAYER,2025-08-28,UNSTATED,PDF_TEXT_LAYER,VALIDATED,SIGNING_PAGE_NOT_IN_TEXT_LAYER,JED_July_2025_065.pdf,4,Table – 2: Approved Allowed Tariffs,E – Non-MD,1
JED,Jos Electricity Distribution Plc,JED,E - Non-MD,E – Non-MD,E,NON_MD,39.90,NGN per kWh,2024-05-01,2024-06-30,May - Jun 2024,COLUMN_2,FALSE,ORDER/NERC/2025/065,ORDER/NERC/2025/065,2025-07-01,1st July 2025,,,NOT_IN_TEXT_LAYER,2025-08-28,UNSTATED,PDF_TEXT_LAYER,VALIDATED,SIGNING_PAGE_NOT_IN_TEXT_LAYER,JED_July_2025_065.pdf,4,Table – 2: Approved Allowed Tariffs,E – Non-MD,2
JED,Jos Electricity Distribution Plc,JED,E - Non-MD,E – Non-MD,E,NON_MD,39.90,NGN per kWh,2024-07-01,2025-07-31,Jul 2024 – Jul 2025,COLUMN_3,TRUE,ORDER/NERC/2025/065,ORDER/NERC/2025/065,2025-07-01,1st July 2025,,,NOT_IN_TEXT_LAYER,2025-08-28,UNSTATED,PDF_TEXT_LAYER,VALIDATED,SIGNING_PAGE_NOT_IN_TEXT_LAYER,JED_July_2025_065.pdf,4,Table – 2: Approved Allowed Tariffs,E – Non-MD,3
JED,Jos Electricity Distribution Plc,JED,E - MD1,E – MD1,E,MD1,52.95,NGN per kWh,2024-04-01,2024-04-30,Apr 2024,COLUMN_1,FALSE,ORDER/NERC/2025/065,ORDER/NERC/2025/065,2025-07-01,1st July 2025,,,NOT_IN_TEXT_LAYER,2025-08-28,UNSTATED,PDF_TEXT_LAYER,VALIDATED,SIGNING_PAGE_NOT_IN_TEXT_LAYER,JED_July_2025_065.pdf,4,Table – 2: Approved Allowed Tariffs,E – MD1,1
JED,Jos Electricity Distribution Plc,JED,E - MD1,E – MD1,E,MD1,52.95,NGN per kWh,2024-05-01,2024-06-30,May - Jun 2024,COLUMN_2,FALSE,ORDER/NERC/2025/065,ORDER/NERC/2025/065,2025-07-01,1st July 2025,,,NOT_IN_TEXT_LAYER,2025-08-28,UNSTATED,PDF_TEXT_LAYER,VALIDATED,SIGNING_PAGE_NOT_IN_TEXT_LAYER,JED_July_2025_065.pdf,4,Table – 2: Approved Allowed Tariffs,E – MD1,2
JED,Jos Electricity Distribution Plc,JED,E - MD1,E – MD1,E,MD1,52.95,NGN per kWh,2024-07-01,2025-07-31,Jul 2024 – Jul 2025,COLUMN_3,TRUE,ORDER/NERC/2025/065,ORDER/NERC/2025/065,2025-07-01,1st July 2025,,,NOT_IN_TEXT_LAYER,2025-08-28,UNSTATED,PDF_TEXT_LAYER,VALIDATED,SIGNING_PAGE_NOT_IN_TEXT_LAYER,JED_July_2025_065.pdf,4,Table – 2: Approved Allowed Tariffs,E – MD1,3
JED,Jos Electricity Distribution Plc,JED,E - MD2,E – MD2,E,MD2,54.24,NGN per kWh,2024-04-01,2024-04-30,Apr 2024,COLUMN_1,FALSE,ORDER/NERC/2025/065,ORDER/NERC/2025/065,2025-07-01,1st July 2025,,,NOT_IN_TEXT_LAYER,2025-08-28,UNSTATED,PDF_TEXT_LAYER,VALIDATED,SIGNING_PAGE_NOT_IN_TEXT_LAYER,JED_July_2025_065.pdf,4,Table – 2: Approved Allowed Tariffs,E – MD2,1
JED,Jos Electricity Distribution Plc,JED,E - MD2,E – MD2,E,MD2,54.24,NGN per kWh,2024-05-01,2024-06-30,May - Jun 2024,COLUMN_2,FALSE,ORDER/NERC/2025/065,ORDER/NERC/2025/065,2025-07-01,1st July 2025,,,NOT_IN_TEXT_LAYER,2025-08-28,UNSTATED,PDF_TEXT_LAYER,VALIDATED,SIGNING_PAGE_NOT_IN_TEXT_LAYER,JED_July_2025_065.pdf,4,Table – 2: Approved Allowed Tariffs,E – MD2,2
JED,Jos Electricity Distribution Plc,JED,E - MD2,E – MD2,E,MD2,54.24,NGN per kWh,2024-07-01,2025-07-31,Jul 2024 – Jul 2025,COLUMN_3,TRUE,ORDER/NERC/2025/065,ORDER/NERC/2025/065,2025-07-01,1st July 2025,,,NOT_IN_TEXT_LAYER,2025-08-28,UNSTATED,PDF_TEXT_LAYER,VALIDATED,SIGNING_PAGE_NOT_IN_TEXT_LAYER,JED_July_2025_065.pdf,4,Table – 2: Approved Allowed Tariffs,E – MD2,3
KAEDC,Kaduna Electricity Distribution Plc,KAEDC,Life-line,Life-line,LIFELINE,NON_MD,4.00,NGN per kWh,2024-04-01,2024-04-30,Apr 2024,COLUMN_1,FALSE,ORDER/NERC/2025/066,ORDER/NERC/2025/066,2025-07-01,1st July 2025,,,NOT_IN_TEXT_LAYER,2025-08-28,UNSTATED,PDF_TEXT_LAYER,VALIDATED,SIGNING_PAGE_NOT_IN_TEXT_LAYER,KAEDC_July_2025_066.pdf,4,Table – 2: Approved Allowed Tariffs,Life-line,1
KAEDC,Kaduna Electricity Distribution Plc,KAEDC,Life-line,Life-line,LIFELINE,NON_MD,4.00,NGN per kWh,2024-05-01,2024-06-30,May – Jun 2024,COLUMN_2,FALSE,ORDER/NERC/2025/066,ORDER/NERC/2025/066,2025-07-01,1st July 2025,,,NOT_IN_TEXT_LAYER,2025-08-28,UNSTATED,PDF_TEXT_LAYER,VALIDATED,SIGNING_PAGE_NOT_IN_TEXT_LAYER,KAEDC_July_2025_066.pdf,4,Table – 2: Approved Allowed Tariffs,Life-line,2
KAEDC,Kaduna Electricity Distribution Plc,KAEDC,Life-line,Life-line,LIFELINE,NON_MD,4.00,NGN per kWh,2024-07-01,2025-07-31,Jul 2024 - Jul 2025,COLUMN_3,TRUE,ORDER/NERC/2025/066,ORDER/NERC/2025/066,2025-07-01,1st July 2025,,,NOT_IN_TEXT_LAYER,2025-08-28,UNSTATED,PDF_TEXT_LAYER,VALIDATED,SIGNING_PAGE_NOT_IN_TEXT_LAYER,KAEDC_July_2025_066.pdf,4,Table – 2: Approved Allowed Tariffs,Life-line,3
KAEDC,Kaduna Electricity Distribution Plc,KAEDC,A - Non-MD,A – Non-MD,A,NON_MD,225.00,NGN per kWh,2024-04-01,2024-04-30,Apr 2024,COLUMN_1,FALSE,ORDER/NERC/2025/066,ORDER/NERC/2025/066,2025-07-01,1st July 2025,,,NOT_IN_TEXT_LAYER,2025-08-28,UNSTATED,PDF_TEXT_LAYER,VALIDATED,SIGNING_PAGE_NOT_IN_TEXT_LAYER,KAEDC_July_2025_066.pdf,4,Table – 2: Approved Allowed Tariffs,A – Non-MD,1
KAEDC,Kaduna Electricity Distribution Plc,KAEDC,A - Non-MD,A – Non-MD,A,NON_MD,206.80,NGN per kWh,2024-05-01,2024-06-30,May – Jun 2024,COLUMN_2,FALSE,ORDER/NERC/2025/066,ORDER/NERC/2025/066,2025-07-01,1st July 2025,,,NOT_IN_TEXT_LAYER,2025-08-28,UNSTATED,PDF_TEXT_LAYER,VALIDATED,SIGNING_PAGE_NOT_IN_TEXT_LAYER,KAEDC_July_2025_066.pdf,4,Table – 2: Approved Allowed Tariffs,A – Non-MD,2
KAEDC,Kaduna Electricity Distribution Plc,KAEDC,A - Non-MD,A – Non-MD,A,NON_MD,209.50,NGN per kWh,2024-07-01,2025-07-31,Jul 2024 - Jul 2025,COLUMN_3,TRUE,ORDER/NERC/2025/066,ORDER/NERC/2025/066,2025-07-01,1st July 2025,,,NOT_IN_TEXT_LAYER,2025-08-28,UNSTATED,PDF_TEXT_LAYER,VALIDATED,SIGNING_PAGE_NOT_IN_TEXT_LAYER,KAEDC_July_2025_066.pdf,4,Table – 2: Approved Allowed Tariffs,A – Non-MD,3
KAEDC,Kaduna Electricity Distribution Plc,KAEDC,A - MD1,A – MD1,A,MD1,225.00,NGN per kWh,2024-04-01,2024-04-30,Apr 2024,COLUMN_1,FALSE,ORDER/NERC/2025/066,ORDER/NERC/2025/066,2025-07-01,1st July 2025,,,NOT_IN_TEXT_LAYER,2025-08-28,UNSTATED,PDF_TEXT_LAYER,VALIDATED,SIGNING_PAGE_NOT_IN_TEXT_LAYER,KAEDC_July_2025_066.pdf,4,Table – 2: Approved Allowed Tariffs,A – MD1,1
KAEDC,Kaduna Electricity Distribution Plc,KAEDC,A - MD1,A – MD1,A,MD1,206.80,NGN per kWh,2024-05-01,2024-06-30,May – Jun 2024,COLUMN_2,FALSE,ORDER/NERC/2025/066,ORDER/NERC/2025/066,2025-07-01,1st July 2025,,,NOT_IN_TEXT_LAYER,2025-08-28,UNSTATED,PDF_TEXT_LAYER,VALIDATED,SIGNING_PAGE_NOT_IN_TEXT_LAYER,KAEDC_July_2025_066.pdf,4,Table – 2: Approved Allowed Tariffs,A – MD1,2
KAEDC,Kaduna Electricity Distribution Plc,KAEDC,A - MD1,A – MD1,A,MD1,209.50,NGN per kWh,2024-07-01,2025-07-31,Jul 2024 - Jul 2025,COLUMN_3,TRUE,ORDER/NERC/2025/066,ORDER/NERC/2025/066,2025-07-01,1st July 2025,,,NOT_IN_TEXT_LAYER,2025-08-28,UNSTATED,PDF_TEXT_LAYER,VALIDATED,SIGNING_PAGE_NOT_IN_TEXT_LAYER,KAEDC_July_2025_066.pdf,4,Table – 2: Approved Allowed Tariffs,A – MD1,3
KAEDC,Kaduna Electricity Distribution Plc,KAEDC,A - MD2,A – MD2,A,MD2,225.00,NGN per kWh,2024-04-01,2024-04-30,Apr 2024,COLUMN_1,FALSE,ORDER/NERC/2025/066,ORDER/NERC/2025/066,2025-07-01,1st July 2025,,,NOT_IN_TEXT_LAYER,2025-08-28,UNSTATED,PDF_TEXT_LAYER,VALIDATED,SIGNING_PAGE_NOT_IN_TEXT_LAYER,KAEDC_July_2025_066.pdf,4,Table – 2: Approved Allowed Tariffs,A – MD2,1
KAEDC,Kaduna Electricity Distribution Plc,KAEDC,A - MD2,A – MD2,A,MD2,206.80,NGN per kWh,2024-05-01,2024-06-30,May – Jun 2024,COLUMN_2,FALSE,ORDER/NERC/2025/066,ORDER/NERC/2025/066,2025-07-01,1st July 2025,,,NOT_IN_TEXT_LAYER,2025-08-28,UNSTATED,PDF_TEXT_LAYER,VALIDATED,SIGNING_PAGE_NOT_IN_TEXT_LAYER,KAEDC_July_2025_066.pdf,4,Table – 2: Approved Allowed Tariffs,A – MD2,2
KAEDC,Kaduna Electricity Distribution Plc,KAEDC,A - MD2,A – MD2,A,MD2,209.50,NGN per kWh,2024-07-01,2025-07-31,Jul 2024 - Jul 2025,COLUMN_3,TRUE,ORDER/NERC/2025/066,ORDER/NERC/2025/066,2025-07-01,1st July 2025,,,NOT_IN_TEXT_LAYER,2025-08-28,UNSTATED,PDF_TEXT_LAYER,VALIDATED,SIGNING_PAGE_NOT_IN_TEXT_LAYER,KAEDC_July_2025_066.pdf,4,Table – 2: Approved Allowed Tariffs,A – MD2,3
KAEDC,Kaduna Electricity Distribution Plc,KAEDC,B - Non-MD,B – Non-MD,B,NON_MD,62.63,NGN per kWh,2024-04-01,2024-04-30,Apr 2024,COLUMN_1,FALSE,ORDER/NERC/2025/066,ORDER/NERC/2025/066,2025-07-01,1st July 2025,,,NOT_IN_TEXT_LAYER,2025-08-28,UNSTATED,PDF_TEXT_LAYER,VALIDATED,SIGNING_PAGE_NOT_IN_TEXT_LAYER,KAEDC_July_2025_066.pdf,4,Table – 2: Approved Allowed Tariffs,B – Non-MD,1
KAEDC,Kaduna Electricity Distribution Plc,KAEDC,B - Non-MD,B – Non-MD,B,NON_MD,62.63,NGN per kWh,2024-05-01,2024-06-30,May – Jun 2024,COLUMN_2,FALSE,ORDER/NERC/2025/066,ORDER/NERC/2025/066,2025-07-01,1st July 2025,,,NOT_IN_TEXT_LAYER,2025-08-28,UNSTATED,PDF_TEXT_LAYER,VALIDATED,SIGNING_PAGE_NOT_IN_TEXT_LAYER,KAEDC_July_2025_066.pdf,4,Table – 2: Approved Allowed Tariffs,B – Non-MD,2
KAEDC,Kaduna Electricity Distribution Plc,KAEDC,B - Non-MD,B – Non-MD,B,NON_MD,62.63,NGN per kWh,2024-07-01,2025-07-31,Jul 2024 - Jul 2025,COLUMN_3,TRUE,ORDER/NERC/2025/066,ORDER/NERC/2025/066,2025-07-01,1st July 2025,,,NOT_IN_TEXT_LAYER,2025-08-28,UNSTATED,PDF_TEXT_LAYER,VALIDATED,SIGNING_PAGE_NOT_IN_TEXT_LAYER,KAEDC_July_2025_066.pdf,4,Table – 2: Approved Allowed Tariffs,B – Non-MD,3
KAEDC,Kaduna Electricity Distribution Plc,KAEDC,B - MD1,B – MD1,B,MD1,66.34,NGN per kWh,2024-04-01,2024-04-30,Apr 2024,COLUMN_1,FALSE,ORDER/NERC/2025/066,ORDER/NERC/2025/066,2025-07-01,1st July 2025,,,NOT_IN_TEXT_LAYER,2025-08-28,UNSTATED,PDF_TEXT_LAYER,VALIDATED,SIGNING_PAGE_NOT_IN_TEXT_LAYER,KAEDC_July_2025_066.pdf,4,Table – 2: Approved Allowed Tariffs,B – MD1,1
KAEDC,Kaduna Electricity Distribution Plc,KAEDC,B - MD1,B – MD1,B,MD1,66.34,NGN per kWh,2024-05-01,2024-06-30,May – Jun 2024,COLUMN_2,FALSE,ORDER/NERC/2025/066,ORDER/NERC/2025/066,2025-07-01,1st July 2025,,,NOT_IN_TEXT_LAYER,2025-08-28,UNSTATED,PDF_TEXT_LAYER,VALIDATED,SIGNING_PAGE_NOT_IN_TEXT_LAYER,KAEDC_July_2025_066.pdf,4,Table – 2: Approved Allowed Tariffs,B – MD1,2
KAEDC,Kaduna Electricity Distribution Plc,KAEDC,B - MD1,B – MD1,B,MD1,66.34,NGN per kWh,2024-07-01,2025-07-31,Jul 2024 - Jul 2025,COLUMN_3,TRUE,ORDER/NERC/2025/066,ORDER/NERC/2025/066,2025-07-01,1st July 2025,,,NOT_IN_TEXT_LAYER,2025-08-28,UNSTATED,PDF_TEXT_LAYER,VALIDATED,SIGNING_PAGE_NOT_IN_TEXT_LAYER,KAEDC_July_2025_066.pdf,4,Table – 2: Approved Allowed Tariffs,B – MD1,3
KAEDC,Kaduna Electricity Distribution Plc,KAEDC,B - MD2,B – MD2,B,MD2,68.78,NGN per kWh,2024-04-01,2024-04-30,Apr 2024,COLUMN_1,FALSE,ORDER/NERC/2025/066,ORDER/NERC/2025/066,2025-07-01,1st July 2025,,,NOT_IN_TEXT_LAYER,2025-08-28,UNSTATED,PDF_TEXT_LAYER,VALIDATED,SIGNING_PAGE_NOT_IN_TEXT_LAYER,KAEDC_July_2025_066.pdf,4,Table – 2: Approved Allowed Tariffs,B – MD2,1
KAEDC,Kaduna Electricity Distribution Plc,KAEDC,B - MD2,B – MD2,B,MD2,68.78,NGN per kWh,2024-05-01,2024-06-30,May – Jun 2024,COLUMN_2,FALSE,ORDER/NERC/2025/066,ORDER/NERC/2025/066,2025-07-01,1st July 2025,,,NOT_IN_TEXT_LAYER,2025-08-28,UNSTATED,PDF_TEXT_LAYER,VALIDATED,SIGNING_PAGE_NOT_IN_TEXT_LAYER,KAEDC_July_2025_066.pdf,4,Table – 2: Approved Allowed Tariffs,B – MD2,2
KAEDC,Kaduna Electricity Distribution Plc,KAEDC,B - MD2,B – MD2,B,MD2,68.78,NGN per kWh,2024-07-01,2025-07-31,Jul 2024 - Jul 2025,COLUMN_3,TRUE,ORDER/NERC/2025/066,ORDER/NERC/2025/066,2025-07-01,1st July 2025,,,NOT_IN_TEXT_LAYER,2025-08-28,UNSTATED,PDF_TEXT_LAYER,VALIDATED,SIGNING_PAGE_NOT_IN_TEXT_LAYER,KAEDC_July_2025_066.pdf,4,Table – 2: Approved Allowed Tariffs,B – MD2,3
KAEDC,Kaduna Electricity Distribution Plc,KAEDC,C - Non-MD,C – Non-MD,C,NON_MD,51.12,NGN per kWh,2024-04-01,2024-04-30,Apr 2024,COLUMN_1,FALSE,ORDER/NERC/2025/066,ORDER/NERC/2025/066,2025-07-01,1st July 2025,,,NOT_IN_TEXT_LAYER,2025-08-28,UNSTATED,PDF_TEXT_LAYER,VALIDATED,SIGNING_PAGE_NOT_IN_TEXT_LAYER,KAEDC_July_2025_066.pdf,4,Table – 2: Approved Allowed Tariffs,C – Non-MD,1
KAEDC,Kaduna Electricity Distribution Plc,KAEDC,C - Non-MD,C – Non-MD,C,NON_MD,51.12,NGN per kWh,2024-05-01,2024-06-30,May – Jun 2024,COLUMN_2,FALSE,ORDER/NERC/2025/066,ORDER/NERC/2025/066,2025-07-01,1st July 2025,,,NOT_IN_TEXT_LAYER,2025-08-28,UNSTATED,PDF_TEXT_LAYER,VALIDATED,SIGNING_PAGE_NOT_IN_TEXT_LAYER,KAEDC_July_2025_066.pdf,4,Table – 2: Approved Allowed Tariffs,C – Non-MD,2
KAEDC,Kaduna Electricity Distribution Plc,KAEDC,C - Non-MD,C – Non-MD,C,NON_MD,51.12,NGN per kWh,2024-07-01,2025-07-31,Jul 2024 - Jul 2025,COLUMN_3,TRUE,ORDER/NERC/2025/066,ORDER/NERC/2025/066,2025-07-01,1st July 2025,,,NOT_IN_TEXT_LAYER,2025-08-28,UNSTATED,PDF_TEXT_LAYER,VALIDATED,SIGNING_PAGE_NOT_IN_TEXT_LAYER,KAEDC_July_2025_066.pdf,4,Table – 2: Approved Allowed Tariffs,C – Non-MD,3
KAEDC,Kaduna Electricity Distribution Plc,KAEDC,C - MD1,C – MD1,C,MD1,52.88,NGN per kWh,2024-04-01,2024-04-30,Apr 2024,COLUMN_1,FALSE,ORDER/NERC/2025/066,ORDER/NERC/2025/066,2025-07-01,1st July 2025,,,NOT_IN_TEXT_LAYER,2025-08-28,UNSTATED,PDF_TEXT_LAYER,VALIDATED,SIGNING_PAGE_NOT_IN_TEXT_LAYER,KAEDC_July_2025_066.pdf,4,Table – 2: Approved Allowed Tariffs,C – MD1,1
KAEDC,Kaduna Electricity Distribution Plc,KAEDC,C - MD1,C – MD1,C,MD1,52.88,NGN per kWh,2024-05-01,2024-06-30,May – Jun 2024,COLUMN_2,FALSE,ORDER/NERC/2025/066,ORDER/NERC/2025/066,2025-07-01,1st July 2025,,,NOT_IN_TEXT_LAYER,2025-08-28,UNSTATED,PDF_TEXT_LAYER,VALIDATED,SIGNING_PAGE_NOT_IN_TEXT_LAYER,KAEDC_July_2025_066.pdf,4,Table – 2: Approved Allowed Tariffs,C – MD1,2
KAEDC,Kaduna Electricity Distribution Plc,KAEDC,C - MD1,C – MD1,C,MD1,52.88,NGN per kWh,2024-07-01,2025-07-31,Jul 2024 - Jul 2025,COLUMN_3,TRUE,ORDER/NERC/2025/066,ORDER/NERC/2025/066,2025-07-01,1st July 2025,,,NOT_IN_TEXT_LAYER,2025-08-28,UNSTATED,PDF_TEXT_LAYER,VALIDATED,SIGNING_PAGE_NOT_IN_TEXT_LAYER,KAEDC_July_2025_066.pdf,4,Table – 2: Approved Allowed Tariffs,C – MD1,3
KAEDC,Kaduna Electricity Distribution Plc,KAEDC,C - MD2,C – MD2,C,MD2,55.52,NGN per kWh,2024-04-01,2024-04-30,Apr 2024,COLUMN_1,FALSE,ORDER/NERC/2025/066,ORDER/NERC/2025/066,2025-07-01,1st July 2025,,,NOT_IN_TEXT_LAYER,2025-08-28,UNSTATED,PDF_TEXT_LAYER,VALIDATED,SIGNING_PAGE_NOT_IN_TEXT_LAYER,KAEDC_July_2025_066.pdf,4,Table – 2: Approved Allowed Tariffs,C – MD2,1
KAEDC,Kaduna Electricity Distribution Plc,KAEDC,C - MD2,C – MD2,C,MD2,55.52,NGN per kWh,2024-05-01,2024-06-30,May – Jun 2024,COLUMN_2,FALSE,ORDER/NERC/2025/066,ORDER/NERC/2025/066,2025-07-01,1st July 2025,,,NOT_IN_TEXT_LAYER,2025-08-28,UNSTATED,PDF_TEXT_LAYER,VALIDATED,SIGNING_PAGE_NOT_IN_TEXT_LAYER,KAEDC_July_2025_066.pdf,4,Table – 2: Approved Allowed Tariffs,C – MD2,2
KAEDC,Kaduna Electricity Distribution Plc,KAEDC,C - MD2,C – MD2,C,MD2,55.52,NGN per kWh,2024-07-01,2025-07-31,Jul 2024 - Jul 2025,COLUMN_3,TRUE,ORDER/NERC/2025/066,ORDER/NERC/2025/066,2025-07-01,1st July 2025,,,NOT_IN_TEXT_LAYER,2025-08-28,UNSTATED,PDF_TEXT_LAYER,VALIDATED,SIGNING_PAGE_NOT_IN_TEXT_LAYER,KAEDC_July_2025_066.pdf,4,Table – 2: Approved Allowed Tariffs,C – MD2,3
KAEDC,Kaduna Electricity Distribution Plc,KAEDC,D - Non-MD,D – Non-MD,D,NON_MD,35.41,NGN per kWh,2024-04-01,2024-04-30,Apr 2024,COLUMN_1,FALSE,ORDER/NERC/2025/066,ORDER/NERC/2025/066,2025-07-01,1st July 2025,,,NOT_IN_TEXT_LAYER,2025-08-28,UNSTATED,PDF_TEXT_LAYER,VALIDATED,SIGNING_PAGE_NOT_IN_TEXT_LAYER,KAEDC_July_2025_066.pdf,4,Table – 2: Approved Allowed Tariffs,D – Non-MD,1
KAEDC,Kaduna Electricity Distribution Plc,KAEDC,D - Non-MD,D – Non-MD,D,NON_MD,35.41,NGN per kWh,2024-05-01,2024-06-30,May – Jun 2024,COLUMN_2,FALSE,ORDER/NERC/2025/066,ORDER/NERC/2025/066,2025-07-01,1st July 2025,,,NOT_IN_TEXT_LAYER,2025-08-28,UNSTATED,PDF_TEXT_LAYER,VALIDATED,SIGNING_PAGE_NOT_IN_TEXT_LAYER,KAEDC_July_2025_066.pdf,4,Table – 2: Approved Allowed Tariffs,D – Non-MD,2
KAEDC,Kaduna Electricity Distribution Plc,KAEDC,D - Non-MD,D – Non-MD,D,NON_MD,35.41,NGN per kWh,2024-07-01,2025-07-31,Jul 2024 - Jul 2025,COLUMN_3,TRUE,ORDER/NERC/2025/066,ORDER/NERC/2025/066,2025-07-01,1st July 2025,,,NOT_IN_TEXT_LAYER,2025-08-28,UNSTATED,PDF_TEXT_LAYER,VALIDATED,SIGNING_PAGE_NOT_IN_TEXT_LAYER,KAEDC_July_2025_066.pdf,4,Table – 2: Approved Allowed Tariffs,D – Non-MD,3
KAEDC,Kaduna Electricity Distribution Plc,KAEDC,D - MD1,D – MD1,D,MD1,46.40,NGN per kWh,2024-04-01,2024-04-30,Apr 2024,COLUMN_1,FALSE,ORDER/NERC/2025/066,ORDER/NERC/2025/066,2025-07-01,1st July 2025,,,NOT_IN_TEXT_LAYER,2025-08-28,UNSTATED,PDF_TEXT_LAYER,VALIDATED,SIGNING_PAGE_NOT_IN_TEXT_LAYER,KAEDC_July_2025_066.pdf,4,Table – 2: Approved Allowed Tariffs,D – MD1,1
KAEDC,Kaduna Electricity Distribution Plc,KAEDC,D - MD1,D – MD1,D,MD1,46.40,NGN per kWh,2024-05-01,2024-06-30,May – Jun 2024,COLUMN_2,FALSE,ORDER/NERC/2025/066,ORDER/NERC/2025/066,2025-07-01,1st July 2025,,,NOT_IN_TEXT_LAYER,2025-08-28,UNSTATED,PDF_TEXT_LAYER,VALIDATED,SIGNING_PAGE_NOT_IN_TEXT_LAYER,KAEDC_July_2025_066.pdf,4,Table – 2: Approved Allowed Tariffs,D – MD1,2
KAEDC,Kaduna Electricity Distribution Plc,KAEDC,D - MD1,D – MD1,D,MD1,46.40,NGN per kWh,2024-07-01,2025-07-31,Jul 2024 - Jul 2025,COLUMN_3,TRUE,ORDER/NERC/2025/066,ORDER/NERC/2025/066,2025-07-01,1st July 2025,,,NOT_IN_TEXT_LAYER,2025-08-28,UNSTATED,PDF_TEXT_LAYER,VALIDATED,SIGNING_PAGE_NOT_IN_TEXT_LAYER,KAEDC_July_2025_066.pdf,4,Table – 2: Approved Allowed Tariffs,D – MD1,3
KAEDC,Kaduna Electricity Distribution Plc,KAEDC,D - MD2,D - MD2,D,MD2,46.40,NGN per kWh,2024-04-01,2024-04-30,Apr 2024,COLUMN_1,FALSE,ORDER/NERC/2025/066,ORDER/NERC/2025/066,2025-07-01,1st July 2025,,,NOT_IN_TEXT_LAYER,2025-08-28,UNSTATED,PDF_TEXT_LAYER,VALIDATED,SIGNING_PAGE_NOT_IN_TEXT_LAYER,KAEDC_July_2025_066.pdf,4,Table – 2: Approved Allowed Tariffs,D - MD2,1
KAEDC,Kaduna Electricity Distribution Plc,KAEDC,D - MD2,D - MD2,D,MD2,46.40,NGN per kWh,2024-05-01,2024-06-30,May – Jun 2024,COLUMN_2,FALSE,ORDER/NERC/2025/066,ORDER/NERC/2025/066,2025-07-01,1st July 2025,,,NOT_IN_TEXT_LAYER,2025-08-28,UNSTATED,PDF_TEXT_LAYER,VALIDATED,SIGNING_PAGE_NOT_IN_TEXT_LAYER,KAEDC_July_2025_066.pdf,4,Table – 2: Approved Allowed Tariffs,D - MD2,2
KAEDC,Kaduna Electricity Distribution Plc,KAEDC,D - MD2,D - MD2,D,MD2,46.40,NGN per kWh,2024-07-01,2025-07-31,Jul 2024 - Jul 2025,COLUMN_3,TRUE,ORDER/NERC/2025/066,ORDER/NERC/2025/066,2025-07-01,1st July 2025,,,NOT_IN_TEXT_LAYER,2025-08-28,UNSTATED,PDF_TEXT_LAYER,VALIDATED,SIGNING_PAGE_NOT_IN_TEXT_LAYER,KAEDC_July_2025_066.pdf,4,Table – 2: Approved Allowed Tariffs,D - MD2,3
KAEDC,Kaduna Electricity Distribution Plc,KAEDC,E - Non-MD,E – Non-MD,E,NON_MD,35.41,NGN per kWh,2024-04-01,2024-04-30,Apr 2024,COLUMN_1,FALSE,ORDER/NERC/2025/066,ORDER/NERC/2025/066,2025-07-01,1st July 2025,,,NOT_IN_TEXT_LAYER,2025-08-28,UNSTATED,PDF_TEXT_LAYER,VALIDATED,SIGNING_PAGE_NOT_IN_TEXT_LAYER,KAEDC_July_2025_066.pdf,4,Table – 2: Approved Allowed Tariffs,E – Non-MD,1
KAEDC,Kaduna Electricity Distribution Plc,KAEDC,E - Non-MD,E – Non-MD,E,NON_MD,35.41,NGN per kWh,2024-05-01,2024-06-30,May – Jun 2024,COLUMN_2,FALSE,ORDER/NERC/2025/066,ORDER/NERC/2025/066,2025-07-01,1st July 2025,,,NOT_IN_TEXT_LAYER,2025-08-28,UNSTATED,PDF_TEXT_LAYER,VALIDATED,SIGNING_PAGE_NOT_IN_TEXT_LAYER,KAEDC_July_2025_066.pdf,4,Table – 2: Approved Allowed Tariffs,E – Non-MD,2
KAEDC,Kaduna Electricity Distribution Plc,KAEDC,E - Non-MD,E – Non-MD,E,NON_MD,35.41,NGN per kWh,2024-07-01,2025-07-31,Jul 2024 - Jul 2025,COLUMN_3,TRUE,ORDER/NERC/2025/066,ORDER/NERC/2025/066,2025-07-01,1st July 2025,,,NOT_IN_TEXT_LAYER,2025-08-28,UNSTATED,PDF_TEXT_LAYER,VALIDATED,SIGNING_PAGE_NOT_IN_TEXT_LAYER,KAEDC_July_2025_066.pdf,4,Table – 2: Approved Allowed Tariffs,E – Non-MD,3
KAEDC,Kaduna Electricity Distribution Plc,KAEDC,E - MD1,E – MD1,E,MD1,46.40,NGN per kWh,2024-04-01,2024-04-30,Apr 2024,COLUMN_1,FALSE,ORDER/NERC/2025/066,ORDER/NERC/2025/066,2025-07-01,1st July 2025,,,NOT_IN_TEXT_LAYER,2025-08-28,UNSTATED,PDF_TEXT_LAYER,VALIDATED,SIGNING_PAGE_NOT_IN_TEXT_LAYER,KAEDC_July_2025_066.pdf,4,Table – 2: Approved Allowed Tariffs,E – MD1,1
KAEDC,Kaduna Electricity Distribution Plc,KAEDC,E - MD1,E – MD1,E,MD1,46.40,NGN per kWh,2024-05-01,2024-06-30,May – Jun 2024,COLUMN_2,FALSE,ORDER/NERC/2025/066,ORDER/NERC/2025/066,2025-07-01,1st July 2025,,,NOT_IN_TEXT_LAYER,2025-08-28,UNSTATED,PDF_TEXT_LAYER,VALIDATED,SIGNING_PAGE_NOT_IN_TEXT_LAYER,KAEDC_July_2025_066.pdf,4,Table – 2: Approved Allowed Tariffs,E – MD1,2
KAEDC,Kaduna Electricity Distribution Plc,KAEDC,E - MD1,E – MD1,E,MD1,46.40,NGN per kWh,2024-07-01,2025-07-31,Jul 2024 - Jul 2025,COLUMN_3,TRUE,ORDER/NERC/2025/066,ORDER/NERC/2025/066,2025-07-01,1st July 2025,,,NOT_IN_TEXT_LAYER,2025-08-28,UNSTATED,PDF_TEXT_LAYER,VALIDATED,SIGNING_PAGE_NOT_IN_TEXT_LAYER,KAEDC_July_2025_066.pdf,4,Table – 2: Approved Allowed Tariffs,E – MD1,3
KAEDC,Kaduna Electricity Distribution Plc,KAEDC,E - MD2,E – MD2,E,MD2,46.40,NGN per kWh,2024-04-01,2024-04-30,Apr 2024,COLUMN_1,FALSE,ORDER/NERC/2025/066,ORDER/NERC/2025/066,2025-07-01,1st July 2025,,,NOT_IN_TEXT_LAYER,2025-08-28,UNSTATED,PDF_TEXT_LAYER,VALIDATED,SIGNING_PAGE_NOT_IN_TEXT_LAYER,KAEDC_July_2025_066.pdf,4,Table – 2: Approved Allowed Tariffs,E – MD2,1
KAEDC,Kaduna Electricity Distribution Plc,KAEDC,E - MD2,E – MD2,E,MD2,46.40,NGN per kWh,2024-05-01,2024-06-30,May – Jun 2024,COLUMN_2,FALSE,ORDER/NERC/2025/066,ORDER/NERC/2025/066,2025-07-01,1st July 2025,,,NOT_IN_TEXT_LAYER,2025-08-28,UNSTATED,PDF_TEXT_LAYER,VALIDATED,SIGNING_PAGE_NOT_IN_TEXT_LAYER,KAEDC_July_2025_066.pdf,4,Table – 2: Approved Allowed Tariffs,E – MD2,2
KAEDC,Kaduna Electricity Distribution Plc,KAEDC,E - MD2,E – MD2,E,MD2,46.40,NGN per kWh,2024-07-01,2025-07-31,Jul 2024 - Jul 2025,COLUMN_3,TRUE,ORDER/NERC/2025/066,ORDER/NERC/2025/066,2025-07-01,1st July 2025,,,NOT_IN_TEXT_LAYER,2025-08-28,UNSTATED,PDF_TEXT_LAYER,VALIDATED,SIGNING_PAGE_NOT_IN_TEXT_LAYER,KAEDC_July_2025_066.pdf,4,Table – 2: Approved Allowed Tariffs,E – MD2,3
KEDCO,Kano Electricity Distribution Plc,KEDCO,Life-line,Life-line,LIFELINE,NON_MD,4.00,NGN per kWh,2024-04-01,2024-04-30,Apr 2024,COLUMN_1,FALSE,ORDER/NERC/2025/067,ORDER/NERC/2025/067,2025-07-01,1st July 2025,,,NOT_IN_TEXT_LAYER,2025-08-28,UNSTATED,PDF_TEXT_LAYER,VALIDATED,SIGNING_PAGE_NOT_IN_TEXT_LAYER,KEDCO_July_2025_067.pdf,4,Table – 2: Approved Allowed Tariffs,Life-line,1
KEDCO,Kano Electricity Distribution Plc,KEDCO,Life-line,Life-line,LIFELINE,NON_MD,4.00,NGN per kWh,2024-05-01,2024-06-30,May – Jun 2024,COLUMN_2,FALSE,ORDER/NERC/2025/067,ORDER/NERC/2025/067,2025-07-01,1st July 2025,,,NOT_IN_TEXT_LAYER,2025-08-28,UNSTATED,PDF_TEXT_LAYER,VALIDATED,SIGNING_PAGE_NOT_IN_TEXT_LAYER,KEDCO_July_2025_067.pdf,4,Table – 2: Approved Allowed Tariffs,Life-line,2
KEDCO,Kano Electricity Distribution Plc,KEDCO,Life-line,Life-line,LIFELINE,NON_MD,4.00,NGN per kWh,2024-07-01,2025-07-31,Jul 2024 – Jul 2025,COLUMN_3,TRUE,ORDER/NERC/2025/067,ORDER/NERC/2025/067,2025-07-01,1st July 2025,,,NOT_IN_TEXT_LAYER,2025-08-28,UNSTATED,PDF_TEXT_LAYER,VALIDATED,SIGNING_PAGE_NOT_IN_TEXT_LAYER,KEDCO_July_2025_067.pdf,4,Table – 2: Approved Allowed Tariffs,Life-line,3
KEDCO,Kano Electricity Distribution Plc,KEDCO,A - Non-MD,A – Non-MD,A,NON_MD,225.00,NGN per kWh,2024-04-01,2024-04-30,Apr 2024,COLUMN_1,FALSE,ORDER/NERC/2025/067,ORDER/NERC/2025/067,2025-07-01,1st July 2025,,,NOT_IN_TEXT_LAYER,2025-08-28,UNSTATED,PDF_TEXT_LAYER,VALIDATED,SIGNING_PAGE_NOT_IN_TEXT_LAYER,KEDCO_July_2025_067.pdf,4,Table – 2: Approved Allowed Tariffs,A – Non-MD,1
KEDCO,Kano Electricity Distribution Plc,KEDCO,A - Non-MD,A – Non-MD,A,NON_MD,206.80,NGN per kWh,2024-05-01,2024-06-30,May – Jun 2024,COLUMN_2,FALSE,ORDER/NERC/2025/067,ORDER/NERC/2025/067,2025-07-01,1st July 2025,,,NOT_IN_TEXT_LAYER,2025-08-28,UNSTATED,PDF_TEXT_LAYER,VALIDATED,SIGNING_PAGE_NOT_IN_TEXT_LAYER,KEDCO_July_2025_067.pdf,4,Table – 2: Approved Allowed Tariffs,A – Non-MD,2
KEDCO,Kano Electricity Distribution Plc,KEDCO,A - Non-MD,A – Non-MD,A,NON_MD,209.50,NGN per kWh,2024-07-01,2025-07-31,Jul 2024 – Jul 2025,COLUMN_3,TRUE,ORDER/NERC/2025/067,ORDER/NERC/2025/067,2025-07-01,1st July 2025,,,NOT_IN_TEXT_LAYER,2025-08-28,UNSTATED,PDF_TEXT_LAYER,VALIDATED,SIGNING_PAGE_NOT_IN_TEXT_LAYER,KEDCO_July_2025_067.pdf,4,Table – 2: Approved Allowed Tariffs,A – Non-MD,3
KEDCO,Kano Electricity Distribution Plc,KEDCO,A - MD1,A – MD1,A,MD1,225.00,NGN per kWh,2024-04-01,2024-04-30,Apr 2024,COLUMN_1,FALSE,ORDER/NERC/2025/067,ORDER/NERC/2025/067,2025-07-01,1st July 2025,,,NOT_IN_TEXT_LAYER,2025-08-28,UNSTATED,PDF_TEXT_LAYER,VALIDATED,SIGNING_PAGE_NOT_IN_TEXT_LAYER,KEDCO_July_2025_067.pdf,4,Table – 2: Approved Allowed Tariffs,A – MD1,1
KEDCO,Kano Electricity Distribution Plc,KEDCO,A - MD1,A – MD1,A,MD1,206.80,NGN per kWh,2024-05-01,2024-06-30,May – Jun 2024,COLUMN_2,FALSE,ORDER/NERC/2025/067,ORDER/NERC/2025/067,2025-07-01,1st July 2025,,,NOT_IN_TEXT_LAYER,2025-08-28,UNSTATED,PDF_TEXT_LAYER,VALIDATED,SIGNING_PAGE_NOT_IN_TEXT_LAYER,KEDCO_July_2025_067.pdf,4,Table – 2: Approved Allowed Tariffs,A – MD1,2
KEDCO,Kano Electricity Distribution Plc,KEDCO,A - MD1,A – MD1,A,MD1,209.50,NGN per kWh,2024-07-01,2025-07-31,Jul 2024 – Jul 2025,COLUMN_3,TRUE,ORDER/NERC/2025/067,ORDER/NERC/2025/067,2025-07-01,1st July 2025,,,NOT_IN_TEXT_LAYER,2025-08-28,UNSTATED,PDF_TEXT_LAYER,VALIDATED,SIGNING_PAGE_NOT_IN_TEXT_LAYER,KEDCO_July_2025_067.pdf,4,Table – 2: Approved Allowed Tariffs,A – MD1,3
KEDCO,Kano Electricity Distribution Plc,KEDCO,A - MD2,A – MD2,A,MD2,225.00,NGN per kWh,2024-04-01,2024-04-30,Apr 2024,COLUMN_1,FALSE,ORDER/NERC/2025/067,ORDER/NERC/2025/067,2025-07-01,1st July 2025,,,NOT_IN_TEXT_LAYER,2025-08-28,UNSTATED,PDF_TEXT_LAYER,VALIDATED,SIGNING_PAGE_NOT_IN_TEXT_LAYER,KEDCO_July_2025_067.pdf,4,Table – 2: Approved Allowed Tariffs,A – MD2,1
KEDCO,Kano Electricity Distribution Plc,KEDCO,A - MD2,A – MD2,A,MD2,206.80,NGN per kWh,2024-05-01,2024-06-30,May – Jun 2024,COLUMN_2,FALSE,ORDER/NERC/2025/067,ORDER/NERC/2025/067,2025-07-01,1st July 2025,,,NOT_IN_TEXT_LAYER,2025-08-28,UNSTATED,PDF_TEXT_LAYER,VALIDATED,SIGNING_PAGE_NOT_IN_TEXT_LAYER,KEDCO_July_2025_067.pdf,4,Table – 2: Approved Allowed Tariffs,A – MD2,2
KEDCO,Kano Electricity Distribution Plc,KEDCO,A - MD2,A – MD2,A,MD2,209.50,NGN per kWh,2024-07-01,2025-07-31,Jul 2024 – Jul 2025,COLUMN_3,TRUE,ORDER/NERC/2025/067,ORDER/NERC/2025/067,2025-07-01,1st July 2025,,,NOT_IN_TEXT_LAYER,2025-08-28,UNSTATED,PDF_TEXT_LAYER,VALIDATED,SIGNING_PAGE_NOT_IN_TEXT_LAYER,KEDCO_July_2025_067.pdf,4,Table – 2: Approved Allowed Tariffs,A – MD2,3
KEDCO,Kano Electricity Distribution Plc,KEDCO,B - Non-MD,B – Non-MD,B,NON_MD,65.29,NGN per kWh,2024-04-01,2024-04-30,Apr 2024,COLUMN_1,FALSE,ORDER/NERC/2025/067,ORDER/NERC/2025/067,2025-07-01,1st July 2025,,,NOT_IN_TEXT_LAYER,2025-08-28,UNSTATED,PDF_TEXT_LAYER,VALIDATED,SIGNING_PAGE_NOT_IN_TEXT_LAYER,KEDCO_July_2025_067.pdf,4,Table – 2: Approved Allowed Tariffs,B – Non-MD,1
KEDCO,Kano Electricity Distribution Plc,KEDCO,B - Non-MD,B – Non-MD,B,NON_MD,65.29,NGN per kWh,2024-05-01,2024-06-30,May – Jun 2024,COLUMN_2,FALSE,ORDER/NERC/2025/067,ORDER/NERC/2025/067,2025-07-01,1st July 2025,,,NOT_IN_TEXT_LAYER,2025-08-28,UNSTATED,PDF_TEXT_LAYER,VALIDATED,SIGNING_PAGE_NOT_IN_TEXT_LAYER,KEDCO_July_2025_067.pdf,4,Table – 2: Approved Allowed Tariffs,B – Non-MD,2
KEDCO,Kano Electricity Distribution Plc,KEDCO,B - Non-MD,B – Non-MD,B,NON_MD,65.29,NGN per kWh,2024-07-01,2025-07-31,Jul 2024 – Jul 2025,COLUMN_3,TRUE,ORDER/NERC/2025/067,ORDER/NERC/2025/067,2025-07-01,1st July 2025,,,NOT_IN_TEXT_LAYER,2025-08-28,UNSTATED,PDF_TEXT_LAYER,VALIDATED,SIGNING_PAGE_NOT_IN_TEXT_LAYER,KEDCO_July_2025_067.pdf,4,Table – 2: Approved Allowed Tariffs,B – Non-MD,3
KEDCO,Kano Electricity Distribution Plc,KEDCO,B - MD1,B – MD1,B,MD1,68.13,NGN per kWh,2024-04-01,2024-04-30,Apr 2024,COLUMN_1,FALSE,ORDER/NERC/2025/067,ORDER/NERC/2025/067,2025-07-01,1st July 2025,,,NOT_IN_TEXT_LAYER,2025-08-28,UNSTATED,PDF_TEXT_LAYER,VALIDATED,SIGNING_PAGE_NOT_IN_TEXT_LAYER,KEDCO_July_2025_067.pdf,4,Table – 2: Approved Allowed Tariffs,B – MD1,1
KEDCO,Kano Electricity Distribution Plc,KEDCO,B - MD1,B – MD1,B,MD1,68.13,NGN per kWh,2024-05-01,2024-06-30,May – Jun 2024,COLUMN_2,FALSE,ORDER/NERC/2025/067,ORDER/NERC/2025/067,2025-07-01,1st July 2025,,,NOT_IN_TEXT_LAYER,2025-08-28,UNSTATED,PDF_TEXT_LAYER,VALIDATED,SIGNING_PAGE_NOT_IN_TEXT_LAYER,KEDCO_July_2025_067.pdf,4,Table – 2: Approved Allowed Tariffs,B – MD1,2
KEDCO,Kano Electricity Distribution Plc,KEDCO,B - MD1,B – MD1,B,MD1,68.13,NGN per kWh,2024-07-01,2025-07-31,Jul 2024 – Jul 2025,COLUMN_3,TRUE,ORDER/NERC/2025/067,ORDER/NERC/2025/067,2025-07-01,1st July 2025,,,NOT_IN_TEXT_LAYER,2025-08-28,UNSTATED,PDF_TEXT_LAYER,VALIDATED,SIGNING_PAGE_NOT_IN_TEXT_LAYER,KEDCO_July_2025_067.pdf,4,Table – 2: Approved Allowed Tariffs,B – MD1,3
KEDCO,Kano Electricity Distribution Plc,KEDCO,B - MD2,B – MD2,B,MD2,71.11,NGN per kWh,2024-04-01,2024-04-30,Apr 2024,COLUMN_1,FALSE,ORDER/NERC/2025/067,ORDER/NERC/2025/067,2025-07-01,1st July 2025,,,NOT_IN_TEXT_LAYER,2025-08-28,UNSTATED,PDF_TEXT_LAYER,VALIDATED,SIGNING_PAGE_NOT_IN_TEXT_LAYER,KEDCO_July_2025_067.pdf,4,Table – 2: Approved Allowed Tariffs,B – MD2,1
KEDCO,Kano Electricity Distribution Plc,KEDCO,B - MD2,B – MD2,B,MD2,71.11,NGN per kWh,2024-05-01,2024-06-30,May – Jun 2024,COLUMN_2,FALSE,ORDER/NERC/2025/067,ORDER/NERC/2025/067,2025-07-01,1st July 2025,,,NOT_IN_TEXT_LAYER,2025-08-28,UNSTATED,PDF_TEXT_LAYER,VALIDATED,SIGNING_PAGE_NOT_IN_TEXT_LAYER,KEDCO_July_2025_067.pdf,4,Table – 2: Approved Allowed Tariffs,B – MD2,2
KEDCO,Kano Electricity Distribution Plc,KEDCO,B - MD2,B – MD2,B,MD2,71.11,NGN per kWh,2024-07-01,2025-07-31,Jul 2024 – Jul 2025,COLUMN_3,TRUE,ORDER/NERC/2025/067,ORDER/NERC/2025/067,2025-07-01,1st July 2025,,,NOT_IN_TEXT_LAYER,2025-08-28,UNSTATED,PDF_TEXT_LAYER,VALIDATED,SIGNING_PAGE_NOT_IN_TEXT_LAYER,KEDCO_July_2025_067.pdf,4,Table – 2: Approved Allowed Tariffs,B – MD2,3
KEDCO,Kano Electricity Distribution Plc,KEDCO,C - Non-MD,C – Non-MD,C,NON_MD,47.57,NGN per kWh,2024-04-01,2024-04-30,Apr 2024,COLUMN_1,FALSE,ORDER/NERC/2025/067,ORDER/NERC/2025/067,2025-07-01,1st July 2025,,,NOT_IN_TEXT_LAYER,2025-08-28,UNSTATED,PDF_TEXT_LAYER,VALIDATED,SIGNING_PAGE_NOT_IN_TEXT_LAYER,KEDCO_July_2025_067.pdf,4,Table – 2: Approved Allowed Tariffs,C – Non-MD,1
KEDCO,Kano Electricity Distribution Plc,KEDCO,C - Non-MD,C – Non-MD,C,NON_MD,47.57,NGN per kWh,2024-05-01,2024-06-30,May – Jun 2024,COLUMN_2,FALSE,ORDER/NERC/2025/067,ORDER/NERC/2025/067,2025-07-01,1st July 2025,,,NOT_IN_TEXT_LAYER,2025-08-28,UNSTATED,PDF_TEXT_LAYER,VALIDATED,SIGNING_PAGE_NOT_IN_TEXT_LAYER,KEDCO_July_2025_067.pdf,4,Table – 2: Approved Allowed Tariffs,C – Non-MD,2
KEDCO,Kano Electricity Distribution Plc,KEDCO,C - Non-MD,C – Non-MD,C,NON_MD,47.57,NGN per kWh,2024-07-01,2025-07-31,Jul 2024 – Jul 2025,COLUMN_3,TRUE,ORDER/NERC/2025/067,ORDER/NERC/2025/067,2025-07-01,1st July 2025,,,NOT_IN_TEXT_LAYER,2025-08-28,UNSTATED,PDF_TEXT_LAYER,VALIDATED,SIGNING_PAGE_NOT_IN_TEXT_LAYER,KEDCO_July_2025_067.pdf,4,Table – 2: Approved Allowed Tariffs,C – Non-MD,3
KEDCO,Kano Electricity Distribution Plc,KEDCO,C - MD1,C – MD1,C,MD1,49.51,NGN per kWh,2024-04-01,2024-04-30,Apr 2024,COLUMN_1,FALSE,ORDER/NERC/2025/067,ORDER/NERC/2025/067,2025-07-01,1st July 2025,,,NOT_IN_TEXT_LAYER,2025-08-28,UNSTATED,PDF_TEXT_LAYER,VALIDATED,SIGNING_PAGE_NOT_IN_TEXT_LAYER,KEDCO_July_2025_067.pdf,4,Table – 2: Approved Allowed Tariffs,C – MD1,1
KEDCO,Kano Electricity Distribution Plc,KEDCO,C - MD1,C – MD1,C,MD1,49.51,NGN per kWh,2024-05-01,2024-06-30,May – Jun 2024,COLUMN_2,FALSE,ORDER/NERC/2025/067,ORDER/NERC/2025/067,2025-07-01,1st July 2025,,,NOT_IN_TEXT_LAYER,2025-08-28,UNSTATED,PDF_TEXT_LAYER,VALIDATED,SIGNING_PAGE_NOT_IN_TEXT_LAYER,KEDCO_July_2025_067.pdf,4,Table – 2: Approved Allowed Tariffs,C – MD1,2
KEDCO,Kano Electricity Distribution Plc,KEDCO,C - MD1,C – MD1,C,MD1,49.51,NGN per kWh,2024-07-01,2025-07-31,Jul 2024 – Jul 2025,COLUMN_3,TRUE,ORDER/NERC/2025/067,ORDER/NERC/2025/067,2025-07-01,1st July 2025,,,NOT_IN_TEXT_LAYER,2025-08-28,UNSTATED,PDF_TEXT_LAYER,VALIDATED,SIGNING_PAGE_NOT_IN_TEXT_LAYER,KEDCO_July_2025_067.pdf,4,Table – 2: Approved Allowed Tariffs,C – MD1,3
KEDCO,Kano Electricity Distribution Plc,KEDCO,C - MD2,C – MD2,C,MD2,54.01,NGN per kWh,2024-04-01,2024-04-30,Apr 2024,COLUMN_1,FALSE,ORDER/NERC/2025/067,ORDER/NERC/2025/067,2025-07-01,1st July 2025,,,NOT_IN_TEXT_LAYER,2025-08-28,UNSTATED,PDF_TEXT_LAYER,VALIDATED,SIGNING_PAGE_NOT_IN_TEXT_LAYER,KEDCO_July_2025_067.pdf,4,Table – 2: Approved Allowed Tariffs,C – MD2,1
KEDCO,Kano Electricity Distribution Plc,KEDCO,C - MD2,C – MD2,C,MD2,54.01,NGN per kWh,2024-05-01,2024-06-30,May – Jun 2024,COLUMN_2,FALSE,ORDER/NERC/2025/067,ORDER/NERC/2025/067,2025-07-01,1st July 2025,,,NOT_IN_TEXT_LAYER,2025-08-28,UNSTATED,PDF_TEXT_LAYER,VALIDATED,SIGNING_PAGE_NOT_IN_TEXT_LAYER,KEDCO_July_2025_067.pdf,4,Table – 2: Approved Allowed Tariffs,C – MD2,2
KEDCO,Kano Electricity Distribution Plc,KEDCO,C - MD2,C – MD2,C,MD2,54.01,NGN per kWh,2024-07-01,2025-07-31,Jul 2024 – Jul 2025,COLUMN_3,TRUE,ORDER/NERC/2025/067,ORDER/NERC/2025/067,2025-07-01,1st July 2025,,,NOT_IN_TEXT_LAYER,2025-08-28,UNSTATED,PDF_TEXT_LAYER,VALIDATED,SIGNING_PAGE_NOT_IN_TEXT_LAYER,KEDCO_July_2025_067.pdf,4,Table – 2: Approved Allowed Tariffs,C – MD2,3
KEDCO,Kano Electricity Distribution Plc,KEDCO,D - Non-MD,D – Non-MD,D,NON_MD,32.02,NGN per kWh,2024-04-01,2024-04-30,Apr 2024,COLUMN_1,FALSE,ORDER/NERC/2025/067,ORDER/NERC/2025/067,2025-07-01,1st July 2025,,,NOT_IN_TEXT_LAYER,2025-08-28,UNSTATED,PDF_TEXT_LAYER,VALIDATED,SIGNING_PAGE_NOT_IN_TEXT_LAYER,KEDCO_July_2025_067.pdf,4,Table – 2: Approved Allowed Tariffs,D – Non-MD,1
KEDCO,Kano Electricity Distribution Plc,KEDCO,D - Non-MD,D – Non-MD,D,NON_MD,32.02,NGN per kWh,2024-05-01,2024-06-30,May – Jun 2024,COLUMN_2,FALSE,ORDER/NERC/2025/067,ORDER/NERC/2025/067,2025-07-01,1st July 2025,,,NOT_IN_TEXT_LAYER,2025-08-28,UNSTATED,PDF_TEXT_LAYER,VALIDATED,SIGNING_PAGE_NOT_IN_TEXT_LAYER,KEDCO_July_2025_067.pdf,4,Table – 2: Approved Allowed Tariffs,D – Non-MD,2
KEDCO,Kano Electricity Distribution Plc,KEDCO,D - Non-MD,D – Non-MD,D,NON_MD,32.02,NGN per kWh,2024-07-01,2025-07-31,Jul 2024 – Jul 2025,COLUMN_3,TRUE,ORDER/NERC/2025/067,ORDER/NERC/2025/067,2025-07-01,1st July 2025,,,NOT_IN_TEXT_LAYER,2025-08-28,UNSTATED,PDF_TEXT_LAYER,VALIDATED,SIGNING_PAGE_NOT_IN_TEXT_LAYER,KEDCO_July_2025_067.pdf,4,Table – 2: Approved Allowed Tariffs,D – Non-MD,3
KEDCO,Kano Electricity Distribution Plc,KEDCO,D - MD1,D – MD1,D,MD1,47.58,NGN per kWh,2024-04-01,2024-04-30,Apr 2024,COLUMN_1,FALSE,ORDER/NERC/2025/067,ORDER/NERC/2025/067,2025-07-01,1st July 2025,,,NOT_IN_TEXT_LAYER,2025-08-28,UNSTATED,PDF_TEXT_LAYER,VALIDATED,SIGNING_PAGE_NOT_IN_TEXT_LAYER,KEDCO_July_2025_067.pdf,4,Table – 2: Approved Allowed Tariffs,D – MD1,1
KEDCO,Kano Electricity Distribution Plc,KEDCO,D - MD1,D – MD1,D,MD1,47.58,NGN per kWh,2024-05-01,2024-06-30,May – Jun 2024,COLUMN_2,FALSE,ORDER/NERC/2025/067,ORDER/NERC/2025/067,2025-07-01,1st July 2025,,,NOT_IN_TEXT_LAYER,2025-08-28,UNSTATED,PDF_TEXT_LAYER,VALIDATED,SIGNING_PAGE_NOT_IN_TEXT_LAYER,KEDCO_July_2025_067.pdf,4,Table – 2: Approved Allowed Tariffs,D – MD1,2
KEDCO,Kano Electricity Distribution Plc,KEDCO,D - MD1,D – MD1,D,MD1,47.58,NGN per kWh,2024-07-01,2025-07-31,Jul 2024 – Jul 2025,COLUMN_3,TRUE,ORDER/NERC/2025/067,ORDER/NERC/2025/067,2025-07-01,1st July 2025,,,NOT_IN_TEXT_LAYER,2025-08-28,UNSTATED,PDF_TEXT_LAYER,VALIDATED,SIGNING_PAGE_NOT_IN_TEXT_LAYER,KEDCO_July_2025_067.pdf,4,Table – 2: Approved Allowed Tariffs,D – MD1,3
KEDCO,Kano Electricity Distribution Plc,KEDCO,D - MD2,D - MD2,D,MD2,47.58,NGN per kWh,2024-04-01,2024-04-30,Apr 2024,COLUMN_1,FALSE,ORDER/NERC/2025/067,ORDER/NERC/2025/067,2025-07-01,1st July 2025,,,NOT_IN_TEXT_LAYER,2025-08-28,UNSTATED,PDF_TEXT_LAYER,VALIDATED,SIGNING_PAGE_NOT_IN_TEXT_LAYER,KEDCO_July_2025_067.pdf,4,Table – 2: Approved Allowed Tariffs,D - MD2,1
KEDCO,Kano Electricity Distribution Plc,KEDCO,D - MD2,D - MD2,D,MD2,47.58,NGN per kWh,2024-05-01,2024-06-30,May – Jun 2024,COLUMN_2,FALSE,ORDER/NERC/2025/067,ORDER/NERC/2025/067,2025-07-01,1st July 2025,,,NOT_IN_TEXT_LAYER,2025-08-28,UNSTATED,PDF_TEXT_LAYER,VALIDATED,SIGNING_PAGE_NOT_IN_TEXT_LAYER,KEDCO_July_2025_067.pdf,4,Table – 2: Approved Allowed Tariffs,D - MD2,2
KEDCO,Kano Electricity Distribution Plc,KEDCO,D - MD2,D - MD2,D,MD2,47.58,NGN per kWh,2024-07-01,2025-07-31,Jul 2024 – Jul 2025,COLUMN_3,TRUE,ORDER/NERC/2025/067,ORDER/NERC/2025/067,2025-07-01,1st July 2025,,,NOT_IN_TEXT_LAYER,2025-08-28,UNSTATED,PDF_TEXT_LAYER,VALIDATED,SIGNING_PAGE_NOT_IN_TEXT_LAYER,KEDCO_July_2025_067.pdf,4,Table – 2: Approved Allowed Tariffs,D - MD2,3
KEDCO,Kano Electricity Distribution Plc,KEDCO,E - Non-MD,E – Non-MD,E,NON_MD,31.88,NGN per kWh,2024-04-01,2024-04-30,Apr 2024,COLUMN_1,FALSE,ORDER/NERC/2025/067,ORDER/NERC/2025/067,2025-07-01,1st July 2025,,,NOT_IN_TEXT_LAYER,2025-08-28,UNSTATED,PDF_TEXT_LAYER,VALIDATED,SIGNING_PAGE_NOT_IN_TEXT_LAYER,KEDCO_July_2025_067.pdf,4,Table – 2: Approved Allowed Tariffs,E – Non-MD,1
KEDCO,Kano Electricity Distribution Plc,KEDCO,E - Non-MD,E – Non-MD,E,NON_MD,31.88,NGN per kWh,2024-05-01,2024-06-30,May – Jun 2024,COLUMN_2,FALSE,ORDER/NERC/2025/067,ORDER/NERC/2025/067,2025-07-01,1st July 2025,,,NOT_IN_TEXT_LAYER,2025-08-28,UNSTATED,PDF_TEXT_LAYER,VALIDATED,SIGNING_PAGE_NOT_IN_TEXT_LAYER,KEDCO_July_2025_067.pdf,4,Table – 2: Approved Allowed Tariffs,E – Non-MD,2
KEDCO,Kano Electricity Distribution Plc,KEDCO,E - Non-MD,E – Non-MD,E,NON_MD,31.88,NGN per kWh,2024-07-01,2025-07-31,Jul 2024 – Jul 2025,COLUMN_3,TRUE,ORDER/NERC/2025/067,ORDER/NERC/2025/067,2025-07-01,1st July 2025,,,NOT_IN_TEXT_LAYER,2025-08-28,UNSTATED,PDF_TEXT_LAYER,VALIDATED,SIGNING_PAGE_NOT_IN_TEXT_LAYER,KEDCO_July_2025_067.pdf,4,Table – 2: Approved Allowed Tariffs,E – Non-MD,3
KEDCO,Kano Electricity Distribution Plc,KEDCO,E - MD1,E – MD1,E,MD1,47.58,NGN per kWh,2024-04-01,2024-04-30,Apr 2024,COLUMN_1,FALSE,ORDER/NERC/2025/067,ORDER/NERC/2025/067,2025-07-01,1st July 2025,,,NOT_IN_TEXT_LAYER,2025-08-28,UNSTATED,PDF_TEXT_LAYER,VALIDATED,SIGNING_PAGE_NOT_IN_TEXT_LAYER,KEDCO_July_2025_067.pdf,4,Table – 2: Approved Allowed Tariffs,E – MD1,1
KEDCO,Kano Electricity Distribution Plc,KEDCO,E - MD1,E – MD1,E,MD1,47.58,NGN per kWh,2024-05-01,2024-06-30,May – Jun 2024,COLUMN_2,FALSE,ORDER/NERC/2025/067,ORDER/NERC/2025/067,2025-07-01,1st July 2025,,,NOT_IN_TEXT_LAYER,2025-08-28,UNSTATED,PDF_TEXT_LAYER,VALIDATED,SIGNING_PAGE_NOT_IN_TEXT_LAYER,KEDCO_July_2025_067.pdf,4,Table – 2: Approved Allowed Tariffs,E – MD1,2
KEDCO,Kano Electricity Distribution Plc,KEDCO,E - MD1,E – MD1,E,MD1,47.58,NGN per kWh,2024-07-01,2025-07-31,Jul 2024 – Jul 2025,COLUMN_3,TRUE,ORDER/NERC/2025/067,ORDER/NERC/2025/067,2025-07-01,1st July 2025,,,NOT_IN_TEXT_LAYER,2025-08-28,UNSTATED,PDF_TEXT_LAYER,VALIDATED,SIGNING_PAGE_NOT_IN_TEXT_LAYER,KEDCO_July_2025_067.pdf,4,Table – 2: Approved Allowed Tariffs,E – MD1,3
KEDCO,Kano Electricity Distribution Plc,KEDCO,E - MD2,E – MD2,E,MD2,47.58,NGN per kWh,2024-04-01,2024-04-30,Apr 2024,COLUMN_1,FALSE,ORDER/NERC/2025/067,ORDER/NERC/2025/067,2025-07-01,1st July 2025,,,NOT_IN_TEXT_LAYER,2025-08-28,UNSTATED,PDF_TEXT_LAYER,VALIDATED,SIGNING_PAGE_NOT_IN_TEXT_LAYER,KEDCO_July_2025_067.pdf,4,Table – 2: Approved Allowed Tariffs,E – MD2,1
KEDCO,Kano Electricity Distribution Plc,KEDCO,E - MD2,E – MD2,E,MD2,47.58,NGN per kWh,2024-05-01,2024-06-30,May – Jun 2024,COLUMN_2,FALSE,ORDER/NERC/2025/067,ORDER/NERC/2025/067,2025-07-01,1st July 2025,,,NOT_IN_TEXT_LAYER,2025-08-28,UNSTATED,PDF_TEXT_LAYER,VALIDATED,SIGNING_PAGE_NOT_IN_TEXT_LAYER,KEDCO_July_2025_067.pdf,4,Table – 2: Approved Allowed Tariffs,E – MD2,2
KEDCO,Kano Electricity Distribution Plc,KEDCO,E - MD2,E – MD2,E,MD2,47.58,NGN per kWh,2024-07-01,2025-07-31,Jul 2024 – Jul 2025,COLUMN_3,TRUE,ORDER/NERC/2025/067,ORDER/NERC/2025/067,2025-07-01,1st July 2025,,,NOT_IN_TEXT_LAYER,2025-08-28,UNSTATED,PDF_TEXT_LAYER,VALIDATED,SIGNING_PAGE_NOT_IN_TEXT_LAYER,KEDCO_July_2025_067.pdf,4,Table – 2: Approved Allowed Tariffs,E – MD2,3
PHED,Port Harcourt Electricity Distribution Plc,PHED,Life-line,Life-line,LIFELINE,NON_MD,4.00,NGN per kWh,2024-04-01,2024-04-30,Apr 2024,COLUMN_1,FALSE,ORDER/NERC/2025/068,ORDER/NERC/2025/068,2025-07-01,1st July 2025,,,NOT_IN_TEXT_LAYER,2025-08-28,UNSTATED,PDF_TEXT_LAYER,VALIDATED,SIGNING_PAGE_NOT_IN_TEXT_LAYER,PHED_July_2025_068.pdf,4,Table – 2: Approved Allowed Tariffs,Life-line,1
PHED,Port Harcourt Electricity Distribution Plc,PHED,Life-line,Life-line,LIFELINE,NON_MD,4.00,NGN per kWh,2024-05-01,2024-06-30,May – Jun 2024,COLUMN_2,FALSE,ORDER/NERC/2025/068,ORDER/NERC/2025/068,2025-07-01,1st July 2025,,,NOT_IN_TEXT_LAYER,2025-08-28,UNSTATED,PDF_TEXT_LAYER,VALIDATED,SIGNING_PAGE_NOT_IN_TEXT_LAYER,PHED_July_2025_068.pdf,4,Table – 2: Approved Allowed Tariffs,Life-line,2
PHED,Port Harcourt Electricity Distribution Plc,PHED,Life-line,Life-line,LIFELINE,NON_MD,4.00,NGN per kWh,2024-07-01,2025-07-31,Jul 2024 – Jul 2025,COLUMN_3,TRUE,ORDER/NERC/2025/068,ORDER/NERC/2025/068,2025-07-01,1st July 2025,,,NOT_IN_TEXT_LAYER,2025-08-28,UNSTATED,PDF_TEXT_LAYER,VALIDATED,SIGNING_PAGE_NOT_IN_TEXT_LAYER,PHED_July_2025_068.pdf,4,Table – 2: Approved Allowed Tariffs,Life-line,3
PHED,Port Harcourt Electricity Distribution Plc,PHED,A - Non-MD,A – Non-MD,A,NON_MD,225.00,NGN per kWh,2024-04-01,2024-04-30,Apr 2024,COLUMN_1,FALSE,ORDER/NERC/2025/068,ORDER/NERC/2025/068,2025-07-01,1st July 2025,,,NOT_IN_TEXT_LAYER,2025-08-28,UNSTATED,PDF_TEXT_LAYER,VALIDATED,SIGNING_PAGE_NOT_IN_TEXT_LAYER,PHED_July_2025_068.pdf,4,Table – 2: Approved Allowed Tariffs,A – Non-MD,1
PHED,Port Harcourt Electricity Distribution Plc,PHED,A - Non-MD,A – Non-MD,A,NON_MD,206.80,NGN per kWh,2024-05-01,2024-06-30,May – Jun 2024,COLUMN_2,FALSE,ORDER/NERC/2025/068,ORDER/NERC/2025/068,2025-07-01,1st July 2025,,,NOT_IN_TEXT_LAYER,2025-08-28,UNSTATED,PDF_TEXT_LAYER,VALIDATED,SIGNING_PAGE_NOT_IN_TEXT_LAYER,PHED_July_2025_068.pdf,4,Table – 2: Approved Allowed Tariffs,A – Non-MD,2
PHED,Port Harcourt Electricity Distribution Plc,PHED,A - Non-MD,A – Non-MD,A,NON_MD,209.50,NGN per kWh,2024-07-01,2025-07-31,Jul 2024 – Jul 2025,COLUMN_3,TRUE,ORDER/NERC/2025/068,ORDER/NERC/2025/068,2025-07-01,1st July 2025,,,NOT_IN_TEXT_LAYER,2025-08-28,UNSTATED,PDF_TEXT_LAYER,VALIDATED,SIGNING_PAGE_NOT_IN_TEXT_LAYER,PHED_July_2025_068.pdf,4,Table – 2: Approved Allowed Tariffs,A – Non-MD,3
PHED,Port Harcourt Electricity Distribution Plc,PHED,A - MD1,A – MD1,A,MD1,225.00,NGN per kWh,2024-04-01,2024-04-30,Apr 2024,COLUMN_1,FALSE,ORDER/NERC/2025/068,ORDER/NERC/2025/068,2025-07-01,1st July 2025,,,NOT_IN_TEXT_LAYER,2025-08-28,UNSTATED,PDF_TEXT_LAYER,VALIDATED,SIGNING_PAGE_NOT_IN_TEXT_LAYER,PHED_July_2025_068.pdf,4,Table – 2: Approved Allowed Tariffs,A – MD1,1
PHED,Port Harcourt Electricity Distribution Plc,PHED,A - MD1,A – MD1,A,MD1,206.80,NGN per kWh,2024-05-01,2024-06-30,May – Jun 2024,COLUMN_2,FALSE,ORDER/NERC/2025/068,ORDER/NERC/2025/068,2025-07-01,1st July 2025,,,NOT_IN_TEXT_LAYER,2025-08-28,UNSTATED,PDF_TEXT_LAYER,VALIDATED,SIGNING_PAGE_NOT_IN_TEXT_LAYER,PHED_July_2025_068.pdf,4,Table – 2: Approved Allowed Tariffs,A – MD1,2
PHED,Port Harcourt Electricity Distribution Plc,PHED,A - MD1,A – MD1,A,MD1,209.50,NGN per kWh,2024-07-01,2025-07-31,Jul 2024 – Jul 2025,COLUMN_3,TRUE,ORDER/NERC/2025/068,ORDER/NERC/2025/068,2025-07-01,1st July 2025,,,NOT_IN_TEXT_LAYER,2025-08-28,UNSTATED,PDF_TEXT_LAYER,VALIDATED,SIGNING_PAGE_NOT_IN_TEXT_LAYER,PHED_July_2025_068.pdf,4,Table – 2: Approved Allowed Tariffs,A – MD1,3
PHED,Port Harcourt Electricity Distribution Plc,PHED,A - MD2,A – MD2,A,MD2,225.00,NGN per kWh,2024-04-01,2024-04-30,Apr 2024,COLUMN_1,FALSE,ORDER/NERC/2025/068,ORDER/NERC/2025/068,2025-07-01,1st July 2025,,,NOT_IN_TEXT_LAYER,2025-08-28,UNSTATED,PDF_TEXT_LAYER,VALIDATED,SIGNING_PAGE_NOT_IN_TEXT_LAYER,PHED_July_2025_068.pdf,4,Table – 2: Approved Allowed Tariffs,A – MD2,1
PHED,Port Harcourt Electricity Distribution Plc,PHED,A - MD2,A – MD2,A,MD2,206.80,NGN per kWh,2024-05-01,2024-06-30,May – Jun 2024,COLUMN_2,FALSE,ORDER/NERC/2025/068,ORDER/NERC/2025/068,2025-07-01,1st July 2025,,,NOT_IN_TEXT_LAYER,2025-08-28,UNSTATED,PDF_TEXT_LAYER,VALIDATED,SIGNING_PAGE_NOT_IN_TEXT_LAYER,PHED_July_2025_068.pdf,4,Table – 2: Approved Allowed Tariffs,A – MD2,2
PHED,Port Harcourt Electricity Distribution Plc,PHED,A - MD2,A – MD2,A,MD2,209.50,NGN per kWh,2024-07-01,2025-07-31,Jul 2024 – Jul 2025,COLUMN_3,TRUE,ORDER/NERC/2025/068,ORDER/NERC/2025/068,2025-07-01,1st July 2025,,,NOT_IN_TEXT_LAYER,2025-08-28,UNSTATED,PDF_TEXT_LAYER,VALIDATED,SIGNING_PAGE_NOT_IN_TEXT_LAYER,PHED_July_2025_068.pdf,4,Table – 2: Approved Allowed Tariffs,A – MD2,3
PHED,Port Harcourt Electricity Distribution Plc,PHED,B - Non-MD,B – Non-MD,B,NON_MD,68.96,NGN per kWh,2024-04-01,2024-04-30,Apr 2024,COLUMN_1,FALSE,ORDER/NERC/2025/068,ORDER/NERC/2025/068,2025-07-01,1st July 2025,,,NOT_IN_TEXT_LAYER,2025-08-28,UNSTATED,PDF_TEXT_LAYER,VALIDATED,SIGNING_PAGE_NOT_IN_TEXT_LAYER,PHED_July_2025_068.pdf,4,Table – 2: Approved Allowed Tariffs,B – Non-MD,1
PHED,Port Harcourt Electricity Distribution Plc,PHED,B - Non-MD,B – Non-MD,B,NON_MD,68.96,NGN per kWh,2024-05-01,2024-06-30,May – Jun 2024,COLUMN_2,FALSE,ORDER/NERC/2025/068,ORDER/NERC/2025/068,2025-07-01,1st July 2025,,,NOT_IN_TEXT_LAYER,2025-08-28,UNSTATED,PDF_TEXT_LAYER,VALIDATED,SIGNING_PAGE_NOT_IN_TEXT_LAYER,PHED_July_2025_068.pdf,4,Table – 2: Approved Allowed Tariffs,B – Non-MD,2
PHED,Port Harcourt Electricity Distribution Plc,PHED,B - Non-MD,B – Non-MD,B,NON_MD,68.96,NGN per kWh,2024-07-01,2025-07-31,Jul 2024 – Jul 2025,COLUMN_3,TRUE,ORDER/NERC/2025/068,ORDER/NERC/2025/068,2025-07-01,1st July 2025,,,NOT_IN_TEXT_LAYER,2025-08-28,UNSTATED,PDF_TEXT_LAYER,VALIDATED,SIGNING_PAGE_NOT_IN_TEXT_LAYER,PHED_July_2025_068.pdf,4,Table – 2: Approved Allowed Tariffs,B – Non-MD,3
PHED,Port Harcourt Electricity Distribution Plc,PHED,B - MD1,B – MD1,B,MD1,67.18,NGN per kWh,2024-04-01,2024-04-30,Apr 2024,COLUMN_1,FALSE,ORDER/NERC/2025/068,ORDER/NERC/2025/068,2025-07-01,1st July 2025,,,NOT_IN_TEXT_LAYER,2025-08-28,UNSTATED,PDF_TEXT_LAYER,VALIDATED,SIGNING_PAGE_NOT_IN_TEXT_LAYER,PHED_July_2025_068.pdf,4,Table – 2: Approved Allowed Tariffs,B – MD1,1
PHED,Port Harcourt Electricity Distribution Plc,PHED,B - MD1,B – MD1,B,MD1,67.18,NGN per kWh,2024-05-01,2024-06-30,May – Jun 2024,COLUMN_2,FALSE,ORDER/NERC/2025/068,ORDER/NERC/2025/068,2025-07-01,1st July 2025,,,NOT_IN_TEXT_LAYER,2025-08-28,UNSTATED,PDF_TEXT_LAYER,VALIDATED,SIGNING_PAGE_NOT_IN_TEXT_LAYER,PHED_July_2025_068.pdf,4,Table – 2: Approved Allowed Tariffs,B – MD1,2
PHED,Port Harcourt Electricity Distribution Plc,PHED,B - MD1,B – MD1,B,MD1,67.18,NGN per kWh,2024-07-01,2025-07-31,Jul 2024 – Jul 2025,COLUMN_3,TRUE,ORDER/NERC/2025/068,ORDER/NERC/2025/068,2025-07-01,1st July 2025,,,NOT_IN_TEXT_LAYER,2025-08-28,UNSTATED,PDF_TEXT_LAYER,VALIDATED,SIGNING_PAGE_NOT_IN_TEXT_LAYER,PHED_July_2025_068.pdf,4,Table – 2: Approved Allowed Tariffs,B – MD1,3
PHED,Port Harcourt Electricity Distribution Plc,PHED,B - MD2,B – MD2,B,MD2,67.12,NGN per kWh,2024-04-01,2024-04-30,Apr 2024,COLUMN_1,FALSE,ORDER/NERC/2025/068,ORDER/NERC/2025/068,2025-07-01,1st July 2025,,,NOT_IN_TEXT_LAYER,2025-08-28,UNSTATED,PDF_TEXT_LAYER,VALIDATED,SIGNING_PAGE_NOT_IN_TEXT_LAYER,PHED_July_2025_068.pdf,4,Table – 2: Approved Allowed Tariffs,B – MD2,1
PHED,Port Harcourt Electricity Distribution Plc,PHED,B - MD2,B – MD2,B,MD2,67.12,NGN per kWh,2024-05-01,2024-06-30,May – Jun 2024,COLUMN_2,FALSE,ORDER/NERC/2025/068,ORDER/NERC/2025/068,2025-07-01,1st July 2025,,,NOT_IN_TEXT_LAYER,2025-08-28,UNSTATED,PDF_TEXT_LAYER,VALIDATED,SIGNING_PAGE_NOT_IN_TEXT_LAYER,PHED_July_2025_068.pdf,4,Table – 2: Approved Allowed Tariffs,B – MD2,2
PHED,Port Harcourt Electricity Distribution Plc,PHED,B - MD2,B – MD2,B,MD2,67.12,NGN per kWh,2024-07-01,2025-07-31,Jul 2024 – Jul 2025,COLUMN_3,TRUE,ORDER/NERC/2025/068,ORDER/NERC/2025/068,2025-07-01,1st July 2025,,,NOT_IN_TEXT_LAYER,2025-08-28,UNSTATED,PDF_TEXT_LAYER,VALIDATED,SIGNING_PAGE_NOT_IN_TEXT_LAYER,PHED_July_2025_068.pdf,4,Table – 2: Approved Allowed Tariffs,B – MD2,3
PHED,Port Harcourt Electricity Distribution Plc,PHED,C - Non-MD,C – Non-MD,C,NON_MD,56.38,NGN per kWh,2024-04-01,2024-04-30,Apr 2024,COLUMN_1,FALSE,ORDER/NERC/2025/068,ORDER/NERC/2025/068,2025-07-01,1st July 2025,,,NOT_IN_TEXT_LAYER,2025-08-28,UNSTATED,PDF_TEXT_LAYER,VALIDATED,SIGNING_PAGE_NOT_IN_TEXT_LAYER,PHED_July_2025_068.pdf,4,Table – 2: Approved Allowed Tariffs,C – Non-MD,1
PHED,Port Harcourt Electricity Distribution Plc,PHED,C - Non-MD,C – Non-MD,C,NON_MD,56.38,NGN per kWh,2024-05-01,2024-06-30,May – Jun 2024,COLUMN_2,FALSE,ORDER/NERC/2025/068,ORDER/NERC/2025/068,2025-07-01,1st July 2025,,,NOT_IN_TEXT_LAYER,2025-08-28,UNSTATED,PDF_TEXT_LAYER,VALIDATED,SIGNING_PAGE_NOT_IN_TEXT_LAYER,PHED_July_2025_068.pdf,4,Table – 2: Approved Allowed Tariffs,C – Non-MD,2
PHED,Port Harcourt Electricity Distribution Plc,PHED,C - Non-MD,C – Non-MD,C,NON_MD,56.38,NGN per kWh,2024-07-01,2025-07-31,Jul 2024 – Jul 2025,COLUMN_3,TRUE,ORDER/NERC/2025/068,ORDER/NERC/2025/068,2025-07-01,1st July 2025,,,NOT_IN_TEXT_LAYER,2025-08-28,UNSTATED,PDF_TEXT_LAYER,VALIDATED,SIGNING_PAGE_NOT_IN_TEXT_LAYER,PHED_July_2025_068.pdf,4,Table – 2: Approved Allowed Tariffs,C – Non-MD,3
PHED,Port Harcourt Electricity Distribution Plc,PHED,C - MD1,C – MD1,C,MD1,54.64,NGN per kWh,2024-04-01,2024-04-30,Apr 2024,COLUMN_1,FALSE,ORDER/NERC/2025/068,ORDER/NERC/2025/068,2025-07-01,1st July 2025,,,NOT_IN_TEXT_LAYER,2025-08-28,UNSTATED,PDF_TEXT_LAYER,VALIDATED,SIGNING_PAGE_NOT_IN_TEXT_LAYER,PHED_July_2025_068.pdf,4,Table – 2: Approved Allowed Tariffs,C – MD1,1
PHED,Port Harcourt Electricity Distribution Plc,PHED,C - MD1,C – MD1,C,MD1,54.64,NGN per kWh,2024-05-01,2024-06-30,May – Jun 2024,COLUMN_2,FALSE,ORDER/NERC/2025/068,ORDER/NERC/2025/068,2025-07-01,1st July 2025,,,NOT_IN_TEXT_LAYER,2025-08-28,UNSTATED,PDF_TEXT_LAYER,VALIDATED,SIGNING_PAGE_NOT_IN_TEXT_LAYER,PHED_July_2025_068.pdf,4,Table – 2: Approved Allowed Tariffs,C – MD1,2
PHED,Port Harcourt Electricity Distribution Plc,PHED,C - MD1,C – MD1,C,MD1,54.64,NGN per kWh,2024-07-01,2025-07-31,Jul 2024 – Jul 2025,COLUMN_3,TRUE,ORDER/NERC/2025/068,ORDER/NERC/2025/068,2025-07-01,1st July 2025,,,NOT_IN_TEXT_LAYER,2025-08-28,UNSTATED,PDF_TEXT_LAYER,VALIDATED,SIGNING_PAGE_NOT_IN_TEXT_LAYER,PHED_July_2025_068.pdf,4,Table – 2: Approved Allowed Tariffs,C – MD1,3
PHED,Port Harcourt Electricity Distribution Plc,PHED,C - MD2,C – MD2,C,MD2,54.64,NGN per kWh,2024-04-01,2024-04-30,Apr 2024,COLUMN_1,FALSE,ORDER/NERC/2025/068,ORDER/NERC/2025/068,2025-07-01,1st July 2025,,,NOT_IN_TEXT_LAYER,2025-08-28,UNSTATED,PDF_TEXT_LAYER,VALIDATED,SIGNING_PAGE_NOT_IN_TEXT_LAYER,PHED_July_2025_068.pdf,4,Table – 2: Approved Allowed Tariffs,C – MD2,1
PHED,Port Harcourt Electricity Distribution Plc,PHED,C - MD2,C – MD2,C,MD2,54.64,NGN per kWh,2024-05-01,2024-06-30,May – Jun 2024,COLUMN_2,FALSE,ORDER/NERC/2025/068,ORDER/NERC/2025/068,2025-07-01,1st July 2025,,,NOT_IN_TEXT_LAYER,2025-08-28,UNSTATED,PDF_TEXT_LAYER,VALIDATED,SIGNING_PAGE_NOT_IN_TEXT_LAYER,PHED_July_2025_068.pdf,4,Table – 2: Approved Allowed Tariffs,C – MD2,2
PHED,Port Harcourt Electricity Distribution Plc,PHED,C - MD2,C – MD2,C,MD2,54.64,NGN per kWh,2024-07-01,2025-07-31,Jul 2024 – Jul 2025,COLUMN_3,TRUE,ORDER/NERC/2025/068,ORDER/NERC/2025/068,2025-07-01,1st July 2025,,,NOT_IN_TEXT_LAYER,2025-08-28,UNSTATED,PDF_TEXT_LAYER,VALIDATED,SIGNING_PAGE_NOT_IN_TEXT_LAYER,PHED_July_2025_068.pdf,4,Table – 2: Approved Allowed Tariffs,C – MD2,3
PHED,Port Harcourt Electricity Distribution Plc,PHED,D - Non-MD,D – Non-MD,D,NON_MD,39.67,NGN per kWh,2024-04-01,2024-04-30,Apr 2024,COLUMN_1,FALSE,ORDER/NERC/2025/068,ORDER/NERC/2025/068,2025-07-01,1st July 2025,,,NOT_IN_TEXT_LAYER,2025-08-28,UNSTATED,PDF_TEXT_LAYER,VALIDATED,SIGNING_PAGE_NOT_IN_TEXT_LAYER,PHED_July_2025_068.pdf,4,Table – 2: Approved Allowed Tariffs,D – Non-MD,1
PHED,Port Harcourt Electricity Distribution Plc,PHED,D - Non-MD,D – Non-MD,D,NON_MD,39.67,NGN per kWh,2024-05-01,2024-06-30,May – Jun 2024,COLUMN_2,FALSE,ORDER/NERC/2025/068,ORDER/NERC/2025/068,2025-07-01,1st July 2025,,,NOT_IN_TEXT_LAYER,2025-08-28,UNSTATED,PDF_TEXT_LAYER,VALIDATED,SIGNING_PAGE_NOT_IN_TEXT_LAYER,PHED_July_2025_068.pdf,4,Table – 2: Approved Allowed Tariffs,D – Non-MD,2
PHED,Port Harcourt Electricity Distribution Plc,PHED,D - Non-MD,D – Non-MD,D,NON_MD,39.67,NGN per kWh,2024-07-01,2025-07-31,Jul 2024 – Jul 2025,COLUMN_3,TRUE,ORDER/NERC/2025/068,ORDER/NERC/2025/068,2025-07-01,1st July 2025,,,NOT_IN_TEXT_LAYER,2025-08-28,UNSTATED,PDF_TEXT_LAYER,VALIDATED,SIGNING_PAGE_NOT_IN_TEXT_LAYER,PHED_July_2025_068.pdf,4,Table – 2: Approved Allowed Tariffs,D – Non-MD,3
PHED,Port Harcourt Electricity Distribution Plc,PHED,D - MD1,D – MD1,D,MD1,55.43,NGN per kWh,2024-04-01,2024-04-30,Apr 2024,COLUMN_1,FALSE,ORDER/NERC/2025/068,ORDER/NERC/2025/068,2025-07-01,1st July 2025,,,NOT_IN_TEXT_LAYER,2025-08-28,UNSTATED,PDF_TEXT_LAYER,VALIDATED,SIGNING_PAGE_NOT_IN_TEXT_LAYER,PHED_July_2025_068.pdf,4,Table – 2: Approved Allowed Tariffs,D – MD1,1
PHED,Port Harcourt Electricity Distribution Plc,PHED,D - MD1,D – MD1,D,MD1,55.43,NGN per kWh,2024-05-01,2024-06-30,May – Jun 2024,COLUMN_2,FALSE,ORDER/NERC/2025/068,ORDER/NERC/2025/068,2025-07-01,1st July 2025,,,NOT_IN_TEXT_LAYER,2025-08-28,UNSTATED,PDF_TEXT_LAYER,VALIDATED,SIGNING_PAGE_NOT_IN_TEXT_LAYER,PHED_July_2025_068.pdf,4,Table – 2: Approved Allowed Tariffs,D – MD1,2
PHED,Port Harcourt Electricity Distribution Plc,PHED,D - MD1,D – MD1,D,MD1,55.43,NGN per kWh,2024-07-01,2025-07-31,Jul 2024 – Jul 2025,COLUMN_3,TRUE,ORDER/NERC/2025/068,ORDER/NERC/2025/068,2025-07-01,1st July 2025,,,NOT_IN_TEXT_LAYER,2025-08-28,UNSTATED,PDF_TEXT_LAYER,VALIDATED,SIGNING_PAGE_NOT_IN_TEXT_LAYER,PHED_July_2025_068.pdf,4,Table – 2: Approved Allowed Tariffs,D – MD1,3
PHED,Port Harcourt Electricity Distribution Plc,PHED,D - MD2,D - MD2,D,MD2,55.43,NGN per kWh,2024-04-01,2024-04-30,Apr 2024,COLUMN_1,FALSE,ORDER/NERC/2025/068,ORDER/NERC/2025/068,2025-07-01,1st July 2025,,,NOT_IN_TEXT_LAYER,2025-08-28,UNSTATED,PDF_TEXT_LAYER,VALIDATED,SIGNING_PAGE_NOT_IN_TEXT_LAYER,PHED_July_2025_068.pdf,4,Table – 2: Approved Allowed Tariffs,D - MD2,1
PHED,Port Harcourt Electricity Distribution Plc,PHED,D - MD2,D - MD2,D,MD2,55.43,NGN per kWh,2024-05-01,2024-06-30,May – Jun 2024,COLUMN_2,FALSE,ORDER/NERC/2025/068,ORDER/NERC/2025/068,2025-07-01,1st July 2025,,,NOT_IN_TEXT_LAYER,2025-08-28,UNSTATED,PDF_TEXT_LAYER,VALIDATED,SIGNING_PAGE_NOT_IN_TEXT_LAYER,PHED_July_2025_068.pdf,4,Table – 2: Approved Allowed Tariffs,D - MD2,2
PHED,Port Harcourt Electricity Distribution Plc,PHED,D - MD2,D - MD2,D,MD2,55.43,NGN per kWh,2024-07-01,2025-07-31,Jul 2024 – Jul 2025,COLUMN_3,TRUE,ORDER/NERC/2025/068,ORDER/NERC/2025/068,2025-07-01,1st July 2025,,,NOT_IN_TEXT_LAYER,2025-08-28,UNSTATED,PDF_TEXT_LAYER,VALIDATED,SIGNING_PAGE_NOT_IN_TEXT_LAYER,PHED_July_2025_068.pdf,4,Table – 2: Approved Allowed Tariffs,D - MD2,3
PHED,Port Harcourt Electricity Distribution Plc,PHED,E - Non-MD,E – Non-MD,E,NON_MD,39.44,NGN per kWh,2024-04-01,2024-04-30,Apr 2024,COLUMN_1,FALSE,ORDER/NERC/2025/068,ORDER/NERC/2025/068,2025-07-01,1st July 2025,,,NOT_IN_TEXT_LAYER,2025-08-28,UNSTATED,PDF_TEXT_LAYER,VALIDATED,SIGNING_PAGE_NOT_IN_TEXT_LAYER,PHED_July_2025_068.pdf,4,Table – 2: Approved Allowed Tariffs,E – Non-MD,1
PHED,Port Harcourt Electricity Distribution Plc,PHED,E - Non-MD,E – Non-MD,E,NON_MD,39.44,NGN per kWh,2024-05-01,2024-06-30,May – Jun 2024,COLUMN_2,FALSE,ORDER/NERC/2025/068,ORDER/NERC/2025/068,2025-07-01,1st July 2025,,,NOT_IN_TEXT_LAYER,2025-08-28,UNSTATED,PDF_TEXT_LAYER,VALIDATED,SIGNING_PAGE_NOT_IN_TEXT_LAYER,PHED_July_2025_068.pdf,4,Table – 2: Approved Allowed Tariffs,E – Non-MD,2
PHED,Port Harcourt Electricity Distribution Plc,PHED,E - Non-MD,E – Non-MD,E,NON_MD,39.44,NGN per kWh,2024-07-01,2025-07-31,Jul 2024 – Jul 2025,COLUMN_3,TRUE,ORDER/NERC/2025/068,ORDER/NERC/2025/068,2025-07-01,1st July 2025,,,NOT_IN_TEXT_LAYER,2025-08-28,UNSTATED,PDF_TEXT_LAYER,VALIDATED,SIGNING_PAGE_NOT_IN_TEXT_LAYER,PHED_July_2025_068.pdf,4,Table – 2: Approved Allowed Tariffs,E – Non-MD,3
PHED,Port Harcourt Electricity Distribution Plc,PHED,E - MD1,E – MD1,E,MD1,55.43,NGN per kWh,2024-04-01,2024-04-30,Apr 2024,COLUMN_1,FALSE,ORDER/NERC/2025/068,ORDER/NERC/2025/068,2025-07-01,1st July 2025,,,NOT_IN_TEXT_LAYER,2025-08-28,UNSTATED,PDF_TEXT_LAYER,VALIDATED,SIGNING_PAGE_NOT_IN_TEXT_LAYER,PHED_July_2025_068.pdf,4,Table – 2: Approved Allowed Tariffs,E – MD1,1
PHED,Port Harcourt Electricity Distribution Plc,PHED,E - MD1,E – MD1,E,MD1,55.43,NGN per kWh,2024-05-01,2024-06-30,May – Jun 2024,COLUMN_2,FALSE,ORDER/NERC/2025/068,ORDER/NERC/2025/068,2025-07-01,1st July 2025,,,NOT_IN_TEXT_LAYER,2025-08-28,UNSTATED,PDF_TEXT_LAYER,VALIDATED,SIGNING_PAGE_NOT_IN_TEXT_LAYER,PHED_July_2025_068.pdf,4,Table – 2: Approved Allowed Tariffs,E – MD1,2
PHED,Port Harcourt Electricity Distribution Plc,PHED,E - MD1,E – MD1,E,MD1,55.43,NGN per kWh,2024-07-01,2025-07-31,Jul 2024 – Jul 2025,COLUMN_3,TRUE,ORDER/NERC/2025/068,ORDER/NERC/2025/068,2025-07-01,1st July 2025,,,NOT_IN_TEXT_LAYER,2025-08-28,UNSTATED,PDF_TEXT_LAYER,VALIDATED,SIGNING_PAGE_NOT_IN_TEXT_LAYER,PHED_July_2025_068.pdf,4,Table – 2: Approved Allowed Tariffs,E – MD1,3
PHED,Port Harcourt Electricity Distribution Plc,PHED,E - MD2,E – MD2,E,MD2,55.43,NGN per kWh,2024-04-01,2024-04-30,Apr 2024,COLUMN_1,FALSE,ORDER/NERC/2025/068,ORDER/NERC/2025/068,2025-07-01,1st July 2025,,,NOT_IN_TEXT_LAYER,2025-08-28,UNSTATED,PDF_TEXT_LAYER,VALIDATED,SIGNING_PAGE_NOT_IN_TEXT_LAYER,PHED_July_2025_068.pdf,4,Table – 2: Approved Allowed Tariffs,E – MD2,1
PHED,Port Harcourt Electricity Distribution Plc,PHED,E - MD2,E – MD2,E,MD2,55.43,NGN per kWh,2024-05-01,2024-06-30,May – Jun 2024,COLUMN_2,FALSE,ORDER/NERC/2025/068,ORDER/NERC/2025/068,2025-07-01,1st July 2025,,,NOT_IN_TEXT_LAYER,2025-08-28,UNSTATED,PDF_TEXT_LAYER,VALIDATED,SIGNING_PAGE_NOT_IN_TEXT_LAYER,PHED_July_2025_068.pdf,4,Table – 2: Approved Allowed Tariffs,E – MD2,2
PHED,Port Harcourt Electricity Distribution Plc,PHED,E - MD2,E – MD2,E,MD2,55.43,NGN per kWh,2024-07-01,2025-07-31,Jul 2024 – Jul 2025,COLUMN_3,TRUE,ORDER/NERC/2025/068,ORDER/NERC/2025/068,2025-07-01,1st July 2025,,,NOT_IN_TEXT_LAYER,2025-08-28,UNSTATED,PDF_TEXT_LAYER,VALIDATED,SIGNING_PAGE_NOT_IN_TEXT_LAYER,PHED_July_2025_068.pdf,4,Table – 2: Approved Allowed Tariffs,E – MD2,3
YEDC,Yola Electricity Distribution Plc,YEDC,Life-line,Life-line,LIFELINE,NON_MD,4.00,NGN per kWh,2024-04-01,2024-04-30,Apr 2024,COLUMN_1,FALSE,ORDER/NERC/2025/069,ORDER/NERC/2025/069,2025-07-01,1st July 2025,,,NOT_IN_TEXT_LAYER,2025-08-28,UNSTATED,PDF_TEXT_LAYER,VALIDATED,SIGNING_PAGE_NOT_IN_TEXT_LAYER,YEDC_July_2025_069.pdf,4,Table – 2: Approved Allowed Tariffs,Life-line,1
YEDC,Yola Electricity Distribution Plc,YEDC,Life-line,Life-line,LIFELINE,NON_MD,4.00,NGN per kWh,2024-05-01,2024-06-30,May – Jun 2024,COLUMN_2,FALSE,ORDER/NERC/2025/069,ORDER/NERC/2025/069,2025-07-01,1st July 2025,,,NOT_IN_TEXT_LAYER,2025-08-28,UNSTATED,PDF_TEXT_LAYER,VALIDATED,SIGNING_PAGE_NOT_IN_TEXT_LAYER,YEDC_July_2025_069.pdf,4,Table – 2: Approved Allowed Tariffs,Life-line,2
YEDC,Yola Electricity Distribution Plc,YEDC,Life-line,Life-line,LIFELINE,NON_MD,4.00,NGN per kWh,2024-07-01,2025-07-31,Jul 2024 – Jul 2025,COLUMN_3,TRUE,ORDER/NERC/2025/069,ORDER/NERC/2025/069,2025-07-01,1st July 2025,,,NOT_IN_TEXT_LAYER,2025-08-28,UNSTATED,PDF_TEXT_LAYER,VALIDATED,SIGNING_PAGE_NOT_IN_TEXT_LAYER,YEDC_July_2025_069.pdf,4,Table – 2: Approved Allowed Tariffs,Life-line,3
YEDC,Yola Electricity Distribution Plc,YEDC,A - Non-MD,A – Non-MD,A,NON_MD,225.00,NGN per kWh,2024-04-01,2024-04-30,Apr 2024,COLUMN_1,FALSE,ORDER/NERC/2025/069,ORDER/NERC/2025/069,2025-07-01,1st July 2025,,,NOT_IN_TEXT_LAYER,2025-08-28,UNSTATED,PDF_TEXT_LAYER,VALIDATED,SIGNING_PAGE_NOT_IN_TEXT_LAYER,YEDC_July_2025_069.pdf,4,Table – 2: Approved Allowed Tariffs,A – Non-MD,1
YEDC,Yola Electricity Distribution Plc,YEDC,A - Non-MD,A – Non-MD,A,NON_MD,206.80,NGN per kWh,2024-05-01,2024-06-30,May – Jun 2024,COLUMN_2,FALSE,ORDER/NERC/2025/069,ORDER/NERC/2025/069,2025-07-01,1st July 2025,,,NOT_IN_TEXT_LAYER,2025-08-28,UNSTATED,PDF_TEXT_LAYER,VALIDATED,SIGNING_PAGE_NOT_IN_TEXT_LAYER,YEDC_July_2025_069.pdf,4,Table – 2: Approved Allowed Tariffs,A – Non-MD,2
YEDC,Yola Electricity Distribution Plc,YEDC,A - Non-MD,A – Non-MD,A,NON_MD,209.50,NGN per kWh,2024-07-01,2025-07-31,Jul 2024 – Jul 2025,COLUMN_3,TRUE,ORDER/NERC/2025/069,ORDER/NERC/2025/069,2025-07-01,1st July 2025,,,NOT_IN_TEXT_LAYER,2025-08-28,UNSTATED,PDF_TEXT_LAYER,VALIDATED,SIGNING_PAGE_NOT_IN_TEXT_LAYER,YEDC_July_2025_069.pdf,4,Table – 2: Approved Allowed Tariffs,A – Non-MD,3
YEDC,Yola Electricity Distribution Plc,YEDC,A - MD1,A – MD1,A,MD1,225.00,NGN per kWh,2024-04-01,2024-04-30,Apr 2024,COLUMN_1,FALSE,ORDER/NERC/2025/069,ORDER/NERC/2025/069,2025-07-01,1st July 2025,,,NOT_IN_TEXT_LAYER,2025-08-28,UNSTATED,PDF_TEXT_LAYER,VALIDATED,SIGNING_PAGE_NOT_IN_TEXT_LAYER,YEDC_July_2025_069.pdf,4,Table – 2: Approved Allowed Tariffs,A – MD1,1
YEDC,Yola Electricity Distribution Plc,YEDC,A - MD1,A – MD1,A,MD1,206.80,NGN per kWh,2024-05-01,2024-06-30,May – Jun 2024,COLUMN_2,FALSE,ORDER/NERC/2025/069,ORDER/NERC/2025/069,2025-07-01,1st July 2025,,,NOT_IN_TEXT_LAYER,2025-08-28,UNSTATED,PDF_TEXT_LAYER,VALIDATED,SIGNING_PAGE_NOT_IN_TEXT_LAYER,YEDC_July_2025_069.pdf,4,Table – 2: Approved Allowed Tariffs,A – MD1,2
YEDC,Yola Electricity Distribution Plc,YEDC,A - MD1,A – MD1,A,MD1,209.50,NGN per kWh,2024-07-01,2025-07-31,Jul 2024 – Jul 2025,COLUMN_3,TRUE,ORDER/NERC/2025/069,ORDER/NERC/2025/069,2025-07-01,1st July 2025,,,NOT_IN_TEXT_LAYER,2025-08-28,UNSTATED,PDF_TEXT_LAYER,VALIDATED,SIGNING_PAGE_NOT_IN_TEXT_LAYER,YEDC_July_2025_069.pdf,4,Table – 2: Approved Allowed Tariffs,A – MD1,3
YEDC,Yola Electricity Distribution Plc,YEDC,A - MD2,A – MD2,A,MD2,225.00,NGN per kWh,2024-04-01,2024-04-30,Apr 2024,COLUMN_1,FALSE,ORDER/NERC/2025/069,ORDER/NERC/2025/069,2025-07-01,1st July 2025,,,NOT_IN_TEXT_LAYER,2025-08-28,UNSTATED,PDF_TEXT_LAYER,VALIDATED,SIGNING_PAGE_NOT_IN_TEXT_LAYER,YEDC_July_2025_069.pdf,4,Table – 2: Approved Allowed Tariffs,A – MD2,1
YEDC,Yola Electricity Distribution Plc,YEDC,A - MD2,A – MD2,A,MD2,206.80,NGN per kWh,2024-05-01,2024-06-30,May – Jun 2024,COLUMN_2,FALSE,ORDER/NERC/2025/069,ORDER/NERC/2025/069,2025-07-01,1st July 2025,,,NOT_IN_TEXT_LAYER,2025-08-28,UNSTATED,PDF_TEXT_LAYER,VALIDATED,SIGNING_PAGE_NOT_IN_TEXT_LAYER,YEDC_July_2025_069.pdf,4,Table – 2: Approved Allowed Tariffs,A – MD2,2
YEDC,Yola Electricity Distribution Plc,YEDC,A - MD2,A – MD2,A,MD2,209.50,NGN per kWh,2024-07-01,2025-07-31,Jul 2024 – Jul 2025,COLUMN_3,TRUE,ORDER/NERC/2025/069,ORDER/NERC/2025/069,2025-07-01,1st July 2025,,,NOT_IN_TEXT_LAYER,2025-08-28,UNSTATED,PDF_TEXT_LAYER,VALIDATED,SIGNING_PAGE_NOT_IN_TEXT_LAYER,YEDC_July_2025_069.pdf,4,Table – 2: Approved Allowed Tariffs,A – MD2,3
YEDC,Yola Electricity Distribution Plc,YEDC,B - Non-MD,B – Non-MD,B,NON_MD,63.33,NGN per kWh,2024-04-01,2024-04-30,Apr 2024,COLUMN_1,FALSE,ORDER/NERC/2025/069,ORDER/NERC/2025/069,2025-07-01,1st July 2025,,,NOT_IN_TEXT_LAYER,2025-08-28,UNSTATED,PDF_TEXT_LAYER,VALIDATED,SIGNING_PAGE_NOT_IN_TEXT_LAYER,YEDC_July_2025_069.pdf,4,Table – 2: Approved Allowed Tariffs,B – Non-MD,1
YEDC,Yola Electricity Distribution Plc,YEDC,B - Non-MD,B – Non-MD,B,NON_MD,63.33,NGN per kWh,2024-05-01,2024-06-30,May – Jun 2024,COLUMN_2,FALSE,ORDER/NERC/2025/069,ORDER/NERC/2025/069,2025-07-01,1st July 2025,,,NOT_IN_TEXT_LAYER,2025-08-28,UNSTATED,PDF_TEXT_LAYER,VALIDATED,SIGNING_PAGE_NOT_IN_TEXT_LAYER,YEDC_July_2025_069.pdf,4,Table – 2: Approved Allowed Tariffs,B – Non-MD,2
YEDC,Yola Electricity Distribution Plc,YEDC,B - Non-MD,B – Non-MD,B,NON_MD,63.33,NGN per kWh,2024-07-01,2025-07-31,Jul 2024 – Jul 2025,COLUMN_3,TRUE,ORDER/NERC/2025/069,ORDER/NERC/2025/069,2025-07-01,1st July 2025,,,NOT_IN_TEXT_LAYER,2025-08-28,UNSTATED,PDF_TEXT_LAYER,VALIDATED,SIGNING_PAGE_NOT_IN_TEXT_LAYER,YEDC_July_2025_069.pdf,4,Table – 2: Approved Allowed Tariffs,B – Non-MD,3
YEDC,Yola Electricity Distribution Plc,YEDC,B - MD1,B – MD1,B,MD1,66.55,NGN per kWh,2024-04-01,2024-04-30,Apr 2024,COLUMN_1,FALSE,ORDER/NERC/2025/069,ORDER/NERC/2025/069,2025-07-01,1st July 2025,,,NOT_IN_TEXT_LAYER,2025-08-28,UNSTATED,PDF_TEXT_LAYER,VALIDATED,SIGNING_PAGE_NOT_IN_TEXT_LAYER,YEDC_July_2025_069.pdf,4,Table – 2: Approved Allowed Tariffs,B – MD1,1
YEDC,Yola Electricity Distribution Plc,YEDC,B - MD1,B – MD1,B,MD1,66.55,NGN per kWh,2024-05-01,2024-06-30,May – Jun 2024,COLUMN_2,FALSE,ORDER/NERC/2025/069,ORDER/NERC/2025/069,2025-07-01,1st July 2025,,,NOT_IN_TEXT_LAYER,2025-08-28,UNSTATED,PDF_TEXT_LAYER,VALIDATED,SIGNING_PAGE_NOT_IN_TEXT_LAYER,YEDC_July_2025_069.pdf,4,Table – 2: Approved Allowed Tariffs,B – MD1,2
YEDC,Yola Electricity Distribution Plc,YEDC,B - MD1,B – MD1,B,MD1,66.55,NGN per kWh,2024-07-01,2025-07-31,Jul 2024 – Jul 2025,COLUMN_3,TRUE,ORDER/NERC/2025/069,ORDER/NERC/2025/069,2025-07-01,1st July 2025,,,NOT_IN_TEXT_LAYER,2025-08-28,UNSTATED,PDF_TEXT_LAYER,VALIDATED,SIGNING_PAGE_NOT_IN_TEXT_LAYER,YEDC_July_2025_069.pdf,4,Table – 2: Approved Allowed Tariffs,B – MD1,3
YEDC,Yola Electricity Distribution Plc,YEDC,B - MD2,B – MD2,B,MD2,68.89,NGN per kWh,2024-04-01,2024-04-30,Apr 2024,COLUMN_1,FALSE,ORDER/NERC/2025/069,ORDER/NERC/2025/069,2025-07-01,1st July 2025,,,NOT_IN_TEXT_LAYER,2025-08-28,UNSTATED,PDF_TEXT_LAYER,VALIDATED,SIGNING_PAGE_NOT_IN_TEXT_LAYER,YEDC_July_2025_069.pdf,4,Table – 2: Approved Allowed Tariffs,B – MD2,1
YEDC,Yola Electricity Distribution Plc,YEDC,B - MD2,B – MD2,B,MD2,68.89,NGN per kWh,2024-05-01,2024-06-30,May – Jun 2024,COLUMN_2,FALSE,ORDER/NERC/2025/069,ORDER/NERC/2025/069,2025-07-01,1st July 2025,,,NOT_IN_TEXT_LAYER,2025-08-28,UNSTATED,PDF_TEXT_LAYER,VALIDATED,SIGNING_PAGE_NOT_IN_TEXT_LAYER,YEDC_July_2025_069.pdf,4,Table – 2: Approved Allowed Tariffs,B – MD2,2
YEDC,Yola Electricity Distribution Plc,YEDC,B - MD2,B – MD2,B,MD2,68.89,NGN per kWh,2024-07-01,2025-07-31,Jul 2024 – Jul 2025,COLUMN_3,TRUE,ORDER/NERC/2025/069,ORDER/NERC/2025/069,2025-07-01,1st July 2025,,,NOT_IN_TEXT_LAYER,2025-08-28,UNSTATED,PDF_TEXT_LAYER,VALIDATED,SIGNING_PAGE_NOT_IN_TEXT_LAYER,YEDC_July_2025_069.pdf,4,Table – 2: Approved Allowed Tariffs,B – MD2,3
YEDC,Yola Electricity Distribution Plc,YEDC,C - Non-MD,C – Non-MD,C,NON_MD,52.51,NGN per kWh,2024-04-01,2024-04-30,Apr 2024,COLUMN_1,FALSE,ORDER/NERC/2025/069,ORDER/NERC/2025/069,2025-07-01,1st July 2025,,,NOT_IN_TEXT_LAYER,2025-08-28,UNSTATED,PDF_TEXT_LAYER,VALIDATED,SIGNING_PAGE_NOT_IN_TEXT_LAYER,YEDC_July_2025_069.pdf,4,Table – 2: Approved Allowed Tariffs,C – Non-MD,1
YEDC,Yola Electricity Distribution Plc,YEDC,C - Non-MD,C – Non-MD,C,NON_MD,52.51,NGN per kWh,2024-05-01,2024-06-30,May – Jun 2024,COLUMN_2,FALSE,ORDER/NERC/2025/069,ORDER/NERC/2025/069,2025-07-01,1st July 2025,,,NOT_IN_TEXT_LAYER,2025-08-28,UNSTATED,PDF_TEXT_LAYER,VALIDATED,SIGNING_PAGE_NOT_IN_TEXT_LAYER,YEDC_July_2025_069.pdf,4,Table – 2: Approved Allowed Tariffs,C – Non-MD,2
YEDC,Yola Electricity Distribution Plc,YEDC,C - Non-MD,C – Non-MD,C,NON_MD,52.51,NGN per kWh,2024-07-01,2025-07-31,Jul 2024 – Jul 2025,COLUMN_3,TRUE,ORDER/NERC/2025/069,ORDER/NERC/2025/069,2025-07-01,1st July 2025,,,NOT_IN_TEXT_LAYER,2025-08-28,UNSTATED,PDF_TEXT_LAYER,VALIDATED,SIGNING_PAGE_NOT_IN_TEXT_LAYER,YEDC_July_2025_069.pdf,4,Table – 2: Approved Allowed Tariffs,C – Non-MD,3
YEDC,Yola Electricity Distribution Plc,YEDC,C - MD1,C – MD1,C,MD1,56.32,NGN per kWh,2024-04-01,2024-04-30,Apr 2024,COLUMN_1,FALSE,ORDER/NERC/2025/069,ORDER/NERC/2025/069,2025-07-01,1st July 2025,,,NOT_IN_TEXT_LAYER,2025-08-28,UNSTATED,PDF_TEXT_LAYER,VALIDATED,SIGNING_PAGE_NOT_IN_TEXT_LAYER,YEDC_July_2025_069.pdf,4,Table – 2: Approved Allowed Tariffs,C – MD1,1
YEDC,Yola Electricity Distribution Plc,YEDC,C - MD1,C – MD1,C,MD1,56.32,NGN per kWh,2024-05-01,2024-06-30,May – Jun 2024,COLUMN_2,FALSE,ORDER/NERC/2025/069,ORDER/NERC/2025/069,2025-07-01,1st July 2025,,,NOT_IN_TEXT_LAYER,2025-08-28,UNSTATED,PDF_TEXT_LAYER,VALIDATED,SIGNING_PAGE_NOT_IN_TEXT_LAYER,YEDC_July_2025_069.pdf,4,Table – 2: Approved Allowed Tariffs,C – MD1,2
YEDC,Yola Electricity Distribution Plc,YEDC,C - MD1,C – MD1,C,MD1,56.32,NGN per kWh,2024-07-01,2025-07-31,Jul 2024 – Jul 2025,COLUMN_3,TRUE,ORDER/NERC/2025/069,ORDER/NERC/2025/069,2025-07-01,1st July 2025,,,NOT_IN_TEXT_LAYER,2025-08-28,UNSTATED,PDF_TEXT_LAYER,VALIDATED,SIGNING_PAGE_NOT_IN_TEXT_LAYER,YEDC_July_2025_069.pdf,4,Table – 2: Approved Allowed Tariffs,C – MD1,3
YEDC,Yola Electricity Distribution Plc,YEDC,C - MD2,C – MD2,C,MD2,57.45,NGN per kWh,2024-04-01,2024-04-30,Apr 2024,COLUMN_1,FALSE,ORDER/NERC/2025/069,ORDER/NERC/2025/069,2025-07-01,1st July 2025,,,NOT_IN_TEXT_LAYER,2025-08-28,UNSTATED,PDF_TEXT_LAYER,VALIDATED,SIGNING_PAGE_NOT_IN_TEXT_LAYER,YEDC_July_2025_069.pdf,4,Table – 2: Approved Allowed Tariffs,C – MD2,1
YEDC,Yola Electricity Distribution Plc,YEDC,C - MD2,C – MD2,C,MD2,57.45,NGN per kWh,2024-05-01,2024-06-30,May – Jun 2024,COLUMN_2,FALSE,ORDER/NERC/2025/069,ORDER/NERC/2025/069,2025-07-01,1st July 2025,,,NOT_IN_TEXT_LAYER,2025-08-28,UNSTATED,PDF_TEXT_LAYER,VALIDATED,SIGNING_PAGE_NOT_IN_TEXT_LAYER,YEDC_July_2025_069.pdf,4,Table – 2: Approved Allowed Tariffs,C – MD2,2
YEDC,Yola Electricity Distribution Plc,YEDC,C - MD2,C – MD2,C,MD2,57.45,NGN per kWh,2024-07-01,2025-07-31,Jul 2024 – Jul 2025,COLUMN_3,TRUE,ORDER/NERC/2025/069,ORDER/NERC/2025/069,2025-07-01,1st July 2025,,,NOT_IN_TEXT_LAYER,2025-08-28,UNSTATED,PDF_TEXT_LAYER,VALIDATED,SIGNING_PAGE_NOT_IN_TEXT_LAYER,YEDC_July_2025_069.pdf,4,Table – 2: Approved Allowed Tariffs,C – MD2,3
YEDC,Yola Electricity Distribution Plc,YEDC,D - Non-MD,D – Non-MD,D,NON_MD,50.01,NGN per kWh,2024-04-01,2024-04-30,Apr 2024,COLUMN_1,FALSE,ORDER/NERC/2025/069,ORDER/NERC/2025/069,2025-07-01,1st July 2025,,,NOT_IN_TEXT_LAYER,2025-08-28,UNSTATED,PDF_TEXT_LAYER,VALIDATED,SIGNING_PAGE_NOT_IN_TEXT_LAYER,YEDC_July_2025_069.pdf,4,Table – 2: Approved Allowed Tariffs,D – Non-MD,1
YEDC,Yola Electricity Distribution Plc,YEDC,D - Non-MD,D – Non-MD,D,NON_MD,50.01,NGN per kWh,2024-05-01,2024-06-30,May – Jun 2024,COLUMN_2,FALSE,ORDER/NERC/2025/069,ORDER/NERC/2025/069,2025-07-01,1st July 2025,,,NOT_IN_TEXT_LAYER,2025-08-28,UNSTATED,PDF_TEXT_LAYER,VALIDATED,SIGNING_PAGE_NOT_IN_TEXT_LAYER,YEDC_July_2025_069.pdf,4,Table – 2: Approved Allowed Tariffs,D – Non-MD,2
YEDC,Yola Electricity Distribution Plc,YEDC,D - Non-MD,D – Non-MD,D,NON_MD,50.01,NGN per kWh,2024-07-01,2025-07-31,Jul 2024 – Jul 2025,COLUMN_3,TRUE,ORDER/NERC/2025/069,ORDER/NERC/2025/069,2025-07-01,1st July 2025,,,NOT_IN_TEXT_LAYER,2025-08-28,UNSTATED,PDF_TEXT_LAYER,VALIDATED,SIGNING_PAGE_NOT_IN_TEXT_LAYER,YEDC_July_2025_069.pdf,4,Table – 2: Approved Allowed Tariffs,D – Non-MD,3
YEDC,Yola Electricity Distribution Plc,YEDC,D - MD1,D – MD1,D,MD1,54.93,NGN per kWh,2024-04-01,2024-04-30,Apr 2024,COLUMN_1,FALSE,ORDER/NERC/2025/069,ORDER/NERC/2025/069,2025-07-01,1st July 2025,,,NOT_IN_TEXT_LAYER,2025-08-28,UNSTATED,PDF_TEXT_LAYER,VALIDATED,SIGNING_PAGE_NOT_IN_TEXT_LAYER,YEDC_July_2025_069.pdf,4,Table – 2: Approved Allowed Tariffs,D – MD1,1
YEDC,Yola Electricity Distribution Plc,YEDC,D - MD1,D – MD1,D,MD1,54.93,NGN per kWh,2024-05-01,2024-06-30,May – Jun 2024,COLUMN_2,FALSE,ORDER/NERC/2025/069,ORDER/NERC/2025/069,2025-07-01,1st July 2025,,,NOT_IN_TEXT_LAYER,2025-08-28,UNSTATED,PDF_TEXT_LAYER,VALIDATED,SIGNING_PAGE_NOT_IN_TEXT_LAYER,YEDC_July_2025_069.pdf,4,Table – 2: Approved Allowed Tariffs,D – MD1,2
YEDC,Yola Electricity Distribution Plc,YEDC,D - MD1,D – MD1,D,MD1,54.93,NGN per kWh,2024-07-01,2025-07-31,Jul 2024 – Jul 2025,COLUMN_3,TRUE,ORDER/NERC/2025/069,ORDER/NERC/2025/069,2025-07-01,1st July 2025,,,NOT_IN_TEXT_LAYER,2025-08-28,UNSTATED,PDF_TEXT_LAYER,VALIDATED,SIGNING_PAGE_NOT_IN_TEXT_LAYER,YEDC_July_2025_069.pdf,4,Table – 2: Approved Allowed Tariffs,D – MD1,3
YEDC,Yola Electricity Distribution Plc,YEDC,D - MD2,D - MD2,D,MD2,54.93,NGN per kWh,2024-04-01,2024-04-30,Apr 2024,COLUMN_1,FALSE,ORDER/NERC/2025/069,ORDER/NERC/2025/069,2025-07-01,1st July 2025,,,NOT_IN_TEXT_LAYER,2025-08-28,UNSTATED,PDF_TEXT_LAYER,VALIDATED,SIGNING_PAGE_NOT_IN_TEXT_LAYER,YEDC_July_2025_069.pdf,4,Table – 2: Approved Allowed Tariffs,D - MD2,1
YEDC,Yola Electricity Distribution Plc,YEDC,D - MD2,D - MD2,D,MD2,54.93,NGN per kWh,2024-05-01,2024-06-30,May – Jun 2024,COLUMN_2,FALSE,ORDER/NERC/2025/069,ORDER/NERC/2025/069,2025-07-01,1st July 2025,,,NOT_IN_TEXT_LAYER,2025-08-28,UNSTATED,PDF_TEXT_LAYER,VALIDATED,SIGNING_PAGE_NOT_IN_TEXT_LAYER,YEDC_July_2025_069.pdf,4,Table – 2: Approved Allowed Tariffs,D - MD2,2
YEDC,Yola Electricity Distribution Plc,YEDC,D - MD2,D - MD2,D,MD2,54.93,NGN per kWh,2024-07-01,2025-07-31,Jul 2024 – Jul 2025,COLUMN_3,TRUE,ORDER/NERC/2025/069,ORDER/NERC/2025/069,2025-07-01,1st July 2025,,,NOT_IN_TEXT_LAYER,2025-08-28,UNSTATED,PDF_TEXT_LAYER,VALIDATED,SIGNING_PAGE_NOT_IN_TEXT_LAYER,YEDC_July_2025_069.pdf,4,Table – 2: Approved Allowed Tariffs,D - MD2,3
