date,jurisdiction,metric_code,value,in_primary_window
2025-02-01,Abia,CPI_ALL_ITEMS_MOM_PCT,1.560062402496115,True
2025-02-01,Abuja,CPI_ALL_ITEMS_MOM_PCT,2.7092675635276464,True
2025-02-01,Adamawa,CPI_ALL_ITEMS_MOM_PCT,2.0246727563800704,True
2025-02-01,Akwa Ibom,CPI_ALL_ITEMS_MOM_PCT,-0.4481374288115063,True
2025-02-01,Anambra,CPI_ALL_ITEMS_MOM_PCT,1.481818181818184,True
2025-02-01,Bauchi,CPI_ALL_ITEMS_MOM_PCT,-1.7445029983645242,True
2025-02-01,Bayelsa,CPI_ALL_ITEMS_MOM_PCT,0.9066267875502518,True
2025-02-01,Benue,CPI_ALL_ITEMS_MOM_PCT,8.36907825755408,True
2025-02-01,Borno,CPI_ALL_ITEMS_MOM_PCT,-1.1375755421258449,True
2025-02-01,Cross River,CPI_ALL_ITEMS_MOM_PCT,1.5904753249113952,True
2025-02-01,Delta,CPI_ALL_ITEMS_MOM_PCT,2.0185635757411973,True
2025-02-01,Ebonyi,CPI_ALL_ITEMS_MOM_PCT,-0.3358305347455399,True
2025-02-01,Edo,CPI_ALL_ITEMS_MOM_PCT,8.868721358612632,True
2025-02-01,Ekiti,CPI_ALL_ITEMS_MOM_PCT,4.274670304683951,True
2025-02-01,Enugu,CPI_ALL_ITEMS_MOM_PCT,4.638590984392721,True
2025-02-01,Gombe,CPI_ALL_ITEMS_MOM_PCT,5.387792565396964,True
2025-02-01,Imo,CPI_ALL_ITEMS_MOM_PCT,2.0718349324955483,True
2025-02-01,Jigawa,CPI_ALL_ITEMS_MOM_PCT,0.9442446043165518,True
2025-02-01,Kaduna,CPI_ALL_ITEMS_MOM_PCT,-8.83121407420309,True
2025-02-01,Kano,CPI_ALL_ITEMS_MOM_PCT,-3.653008621455868,True
2025-02-01,Katsina,CPI_ALL_ITEMS_MOM_PCT,-0.853521855332346,True
2025-02-01,Kebbi,CPI_ALL_ITEMS_MOM_PCT,1.073676416142149,True
2025-02-01,Kogi,CPI_ALL_ITEMS_MOM_PCT,11.384735659141995,True
2025-02-01,Kwara,CPI_ALL_ITEMS_MOM_PCT,5.316617862371899,True
2025-02-01,Lagos,CPI_ALL_ITEMS_MOM_PCT,0.2249010435408536,True
2025-02-01,Nasarawa,CPI_ALL_ITEMS_MOM_PCT,6.887589343729701,True
2025-02-01,Niger,CPI_ALL_ITEMS_MOM_PCT,0.3423390081421189,True
2025-02-01,Ogun,CPI_ALL_ITEMS_MOM_PCT,3.783929534423862,True
2025-02-01,Ondo,CPI_ALL_ITEMS_MOM_PCT,-4.779378859751191,True
2025-02-01,Osun,CPI_ALL_ITEMS_MOM_PCT,-0.1299907149489314,True
2025-02-01,Oyo,CPI_ALL_ITEMS_MOM_PCT,-2.292237442922385,True
2025-02-01,Plateau,CPI_ALL_ITEMS_MOM_PCT,-3.726027397260268,True
2025-02-01,Rivers,CPI_ALL_ITEMS_MOM_PCT,-2.608924806746302,True
2025-02-01,Sokoto,CPI_ALL_ITEMS_MOM_PCT,11.978821972203832,True
2025-02-01,Taraba,CPI_ALL_ITEMS_MOM_PCT,1.790935672514621,True
2025-02-01,Yobe,CPI_ALL_ITEMS_MOM_PCT,1.1654135338345952,True
2025-02-01,Zamfara,CPI_ALL_ITEMS_MOM_PCT,3.2683183974696988,True
2025-03-01,Abia,CPI_ALL_ITEMS_MOM_PCT,0.6186414063833183,True
2025-03-01,Abuja,CPI_ALL_ITEMS_MOM_PCT,5.619479716208844,True
2025-03-01,Adamawa,CPI_ALL_ITEMS_MOM_PCT,3.4184668635776347,True
2025-03-01,Akwa Ibom,CPI_ALL_ITEMS_MOM_PCT,1.1405082997280545,True
2025-03-01,Anambra,CPI_ALL_ITEMS_MOM_PCT,3.905068529965064,True
2025-03-01,Bauchi,CPI_ALL_ITEMS_MOM_PCT,2.2527760310708373,True
2025-03-01,Bayelsa,CPI_ALL_ITEMS_MOM_PCT,-0.4024240459429364,True
2025-03-01,Benue,CPI_ALL_ITEMS_MOM_PCT,1.4343926466707728,True
2025-03-01,Borno,CPI_ALL_ITEMS_MOM_PCT,3.149303308162544,True
2025-03-01,Cross River,CPI_ALL_ITEMS_MOM_PCT,-2.29432456611201,True
2025-03-01,Delta,CPI_ALL_ITEMS_MOM_PCT,2.693694019962905,True
2025-03-01,Ebonyi,CPI_ALL_ITEMS_MOM_PCT,4.637734577501291,True
2025-03-01,Edo,CPI_ALL_ITEMS_MOM_PCT,-0.8844115219544335,True
2025-03-01,Ekiti,CPI_ALL_ITEMS_MOM_PCT,2.094343654600948,True
2025-03-01,Enugu,CPI_ALL_ITEMS_MOM_PCT,-2.9680109990834183,True
2025-03-01,Gombe,CPI_ALL_ITEMS_MOM_PCT,-0.5565929280613062,True
2025-03-01,Imo,CPI_ALL_ITEMS_MOM_PCT,1.3763339156476206,True
2025-03-01,Jigawa,CPI_ALL_ITEMS_MOM_PCT,8.751835189309574,True
2025-03-01,Kaduna,CPI_ALL_ITEMS_MOM_PCT,18.8460030569354,True
2025-03-01,Kano,CPI_ALL_ITEMS_MOM_PCT,12.208452952029504,True
2025-03-01,Katsina,CPI_ALL_ITEMS_MOM_PCT,2.5898452173913142,True
2025-03-01,Kebbi,CPI_ALL_ITEMS_MOM_PCT,12.1631217948718,True
2025-03-01,Kogi,CPI_ALL_ITEMS_MOM_PCT,-0.2669889454290199,True
2025-03-01,Kwara,CPI_ALL_ITEMS_MOM_PCT,-3.685348857415931,True
2025-03-01,Lagos,CPI_ALL_ITEMS_MOM_PCT,7.720369805223953,True
2025-03-01,Nasarawa,CPI_ALL_ITEMS_MOM_PCT,-4.377849761181068,True
2025-03-01,Niger,CPI_ALL_ITEMS_MOM_PCT,4.253052097740891,True
2025-03-01,Ogun,CPI_ALL_ITEMS_MOM_PCT,5.2097116134060855,True
2025-03-01,Ondo,CPI_ALL_ITEMS_MOM_PCT,8.744864178964178,True
2025-03-01,Osun,CPI_ALL_ITEMS_MOM_PCT,16.486801785050204,True
2025-03-01,Oyo,CPI_ALL_ITEMS_MOM_PCT,14.440636508084864,True
2025-03-01,Plateau,CPI_ALL_ITEMS_MOM_PCT,6.245702902675006,True
2025-03-01,Rivers,CPI_ALL_ITEMS_MOM_PCT,6.231201407053291,True
2025-03-01,Sokoto,CPI_ALL_ITEMS_MOM_PCT,-8.662261904761905,True
2025-03-01,Taraba,CPI_ALL_ITEMS_MOM_PCT,1.1477109515260366,True
2025-03-01,Yobe,CPI_ALL_ITEMS_MOM_PCT,3.4727564102563946,True
2025-03-01,Zamfara,CPI_ALL_ITEMS_MOM_PCT,3.8520495150587095,True
2025-04-01,Abia,CPI_ALL_ITEMS_MOM_PCT,2.43147495196159,True
2025-04-01,Abuja,CPI_ALL_ITEMS_MOM_PCT,9.825087327321128,True
2025-04-01,Adamawa,CPI_ALL_ITEMS_MOM_PCT,3.4574300230591177,True
2025-04-01,Akwa Ibom,CPI_ALL_ITEMS_MOM_PCT,6.400849199525666,True
2025-04-01,Anambra,CPI_ALL_ITEMS_MOM_PCT,0.5157509768136919,True
2025-04-01,Bauchi,CPI_ALL_ITEMS_MOM_PCT,4.877749487751188,True
2025-04-01,Bayelsa,CPI_ALL_ITEMS_MOM_PCT,12.19452956818698,True
2025-04-01,Benue,CPI_ALL_ITEMS_MOM_PCT,12.79991197568144,True
2025-04-01,Borno,CPI_ALL_ITEMS_MOM_PCT,4.045353879662343,True
2025-04-01,Cross River,CPI_ALL_ITEMS_MOM_PCT,3.8822365923074926,True
2025-04-01,Delta,CPI_ALL_ITEMS_MOM_PCT,10.70864942344221,True
2025-04-01,Ebonyi,CPI_ALL_ITEMS_MOM_PCT,-1.3389644820467623,True
2025-04-01,Edo,CPI_ALL_ITEMS_MOM_PCT,-1.290593801036806,True
2025-04-01,Ekiti,CPI_ALL_ITEMS_MOM_PCT,11.04932122517721,True
2025-04-01,Enugu,CPI_ALL_ITEMS_MOM_PCT,12.328134310173963,True
2025-04-01,Gombe,CPI_ALL_ITEMS_MOM_PCT,9.037876976584329,True
2025-04-01,Imo,CPI_ALL_ITEMS_MOM_PCT,-3.429051536931283,True
2025-04-01,Jigawa,CPI_ALL_ITEMS_MOM_PCT,0.2589154360913142,True
2025-04-01,Kaduna,CPI_ALL_ITEMS_MOM_PCT,-2.431501143564219,True
2025-04-01,Kano,CPI_ALL_ITEMS_MOM_PCT,-1.3936682172675177,True
2025-04-01,Katsina,CPI_ALL_ITEMS_MOM_PCT,-3.016554570357002,True
2025-04-01,Kebbi,CPI_ALL_ITEMS_MOM_PCT,5.366687283771341,True
2025-04-01,Kogi,CPI_ALL_ITEMS_MOM_PCT,5.5096390532287245,True
2025-04-01,Kwara,CPI_ALL_ITEMS_MOM_PCT,3.390688955985937,True
2025-04-01,Lagos,CPI_ALL_ITEMS_MOM_PCT,-0.5352444139085151,True
2025-04-01,Nasarawa,CPI_ALL_ITEMS_MOM_PCT,16.015516436427532,True
2025-04-01,Niger,CPI_ALL_ITEMS_MOM_PCT,14.73775835857336,True
2025-04-01,Ogun,CPI_ALL_ITEMS_MOM_PCT,-3.2335198266510474,True
2025-04-01,Ondo,CPI_ALL_ITEMS_MOM_PCT,-3.443203030057674,True
2025-04-01,Osun,CPI_ALL_ITEMS_MOM_PCT,-4.537472651423599,True
2025-04-01,Oyo,CPI_ALL_ITEMS_MOM_PCT,-6.447327822625965,True
2025-04-01,Plateau,CPI_ALL_ITEMS_MOM_PCT,1.7730312592476167,True
2025-04-01,Rivers,CPI_ALL_ITEMS_MOM_PCT,-0.7158317639946006,True
2025-04-01,Sokoto,CPI_ALL_ITEMS_MOM_PCT,16.262399566993764,True
2025-04-01,Taraba,CPI_ALL_ITEMS_MOM_PCT,2.516020353175705,True
2025-04-01,Yobe,CPI_ALL_ITEMS_MOM_PCT,9.87332080394259,True
2025-04-01,Zamfara,CPI_ALL_ITEMS_MOM_PCT,4.64353233451223,True
2025-05-01,Abia,CPI_ALL_ITEMS_MOM_PCT,-0.6911599602267984,True
2025-05-01,Abuja,CPI_ALL_ITEMS_MOM_PCT,-0.0556385202803966,True
2025-05-01,Adamawa,CPI_ALL_ITEMS_MOM_PCT,-0.0299696175884491,True
2025-05-01,Akwa Ibom,CPI_ALL_ITEMS_MOM_PCT,2.888711408094281,True
2025-05-01,Anambra,CPI_ALL_ITEMS_MOM_PCT,1.7970262732580409,True
2025-05-01,Bauchi,CPI_ALL_ITEMS_MOM_PCT,4.851079307040166,True
2025-05-01,Bayelsa,CPI_ALL_ITEMS_MOM_PCT,9.106355648986693,True
2025-05-01,Benue,CPI_ALL_ITEMS_MOM_PCT,3.1281055518786616,True
2025-05-01,Borno,CPI_ALL_ITEMS_MOM_PCT,4.424670993541696,True
2025-05-01,Cross River,CPI_ALL_ITEMS_MOM_PCT,4.282343308677227,True
2025-05-01,Delta,CPI_ALL_ITEMS_MOM_PCT,3.104315771507899,True
2025-05-01,Ebonyi,CPI_ALL_ITEMS_MOM_PCT,-2.6161315242254237,True
2025-05-01,Edo,CPI_ALL_ITEMS_MOM_PCT,-2.943058755238752,True
2025-05-01,Ekiti,CPI_ALL_ITEMS_MOM_PCT,1.6229194918902152,True
2025-05-01,Enugu,CPI_ALL_ITEMS_MOM_PCT,1.3111865499027715,True
2025-05-01,Gombe,CPI_ALL_ITEMS_MOM_PCT,1.9649856707305275,True
2025-05-01,Imo,CPI_ALL_ITEMS_MOM_PCT,0.0119935622991533,True
2025-05-01,Jigawa,CPI_ALL_ITEMS_MOM_PCT,-4.397299635455056,True
2025-05-01,Kaduna,CPI_ALL_ITEMS_MOM_PCT,-6.745228911902956,True
2025-05-01,Kano,CPI_ALL_ITEMS_MOM_PCT,-2.439999996465886,True
2025-05-01,Katsina,CPI_ALL_ITEMS_MOM_PCT,-2.5895330779157177,True
2025-05-01,Kebbi,CPI_ALL_ITEMS_MOM_PCT,-1.2755478076097404,True
2025-05-01,Kogi,CPI_ALL_ITEMS_MOM_PCT,2.397284351499124,True
2025-05-01,Kwara,CPI_ALL_ITEMS_MOM_PCT,3.573004226347493,True
2025-05-01,Lagos,CPI_ALL_ITEMS_MOM_PCT,4.376862806235323,True
2025-05-01,Nasarawa,CPI_ALL_ITEMS_MOM_PCT,2.4824549239267384,True
2025-05-01,Niger,CPI_ALL_ITEMS_MOM_PCT,3.512000531988747,True
2025-05-01,Ogun,CPI_ALL_ITEMS_MOM_PCT,2.029284833800986,True
2025-05-01,Ondo,CPI_ALL_ITEMS_MOM_PCT,2.755200222785575,True
2025-05-01,Osun,CPI_ALL_ITEMS_MOM_PCT,1.3587315156015052,True
2025-05-01,Oyo,CPI_ALL_ITEMS_MOM_PCT,-0.7547543585338303,True
2025-05-01,Plateau,CPI_ALL_ITEMS_MOM_PCT,0.4219053548866895,True
2025-05-01,Rivers,CPI_ALL_ITEMS_MOM_PCT,1.0875896352616363,True
2025-05-01,Sokoto,CPI_ALL_ITEMS_MOM_PCT,3.834248889220774,True
2025-05-01,Taraba,CPI_ALL_ITEMS_MOM_PCT,4.247934497457237,True
2025-05-01,Yobe,CPI_ALL_ITEMS_MOM_PCT,0.2787571860041566,True
2025-05-01,Zamfara,CPI_ALL_ITEMS_MOM_PCT,-1.919666604489052,True
2025-06-01,Abia,CPI_ALL_ITEMS_MOM_PCT,4.637337734235004,True
2025-06-01,Abuja,CPI_ALL_ITEMS_MOM_PCT,0.0493201735888675,True
2025-06-01,Adamawa,CPI_ALL_ITEMS_MOM_PCT,1.7112560844983875,True
2025-06-01,Akwa Ibom,CPI_ALL_ITEMS_MOM_PCT,4.3574873982836095,True
2025-06-01,Anambra,CPI_ALL_ITEMS_MOM_PCT,4.3315959026281945,True
2025-06-01,Bauchi,CPI_ALL_ITEMS_MOM_PCT,1.533351666647036,True
2025-06-01,Bayelsa,CPI_ALL_ITEMS_MOM_PCT,-0.700053104225006,True
2025-06-01,Benue,CPI_ALL_ITEMS_MOM_PCT,1.688116234494743,True
2025-06-01,Borno,CPI_ALL_ITEMS_MOM_PCT,-3.561874862682103,True
2025-06-01,Cross River,CPI_ALL_ITEMS_MOM_PCT,0.2767806534206443,True
2025-06-01,Delta,CPI_ALL_ITEMS_MOM_PCT,5.150199328215052,True
2025-06-01,Ebonyi,CPI_ALL_ITEMS_MOM_PCT,2.403711772433155,True
2025-06-01,Edo,CPI_ALL_ITEMS_MOM_PCT,-2.0487325281745683,True
2025-06-01,Ekiti,CPI_ALL_ITEMS_MOM_PCT,5.391731132539505,True
2025-06-01,Enugu,CPI_ALL_ITEMS_MOM_PCT,4.024674120935472,True
2025-06-01,Gombe,CPI_ALL_ITEMS_MOM_PCT,1.3517794117890105,True
2025-06-01,Imo,CPI_ALL_ITEMS_MOM_PCT,5.075921052743084,True
2025-06-01,Jigawa,CPI_ALL_ITEMS_MOM_PCT,-2.429564465197004,True
2025-06-01,Kaduna,CPI_ALL_ITEMS_MOM_PCT,1.5020846956913942,True
2025-06-01,Kano,CPI_ALL_ITEMS_MOM_PCT,0.9395990618853176,True
2025-06-01,Katsina,CPI_ALL_ITEMS_MOM_PCT,3.236977931673991,True
2025-06-01,Kebbi,CPI_ALL_ITEMS_MOM_PCT,1.5521253247194835,True
2025-06-01,Kogi,CPI_ALL_ITEMS_MOM_PCT,0.6356284215714965,True
2025-06-01,Kwara,CPI_ALL_ITEMS_MOM_PCT,-0.8402572623968894,True
2025-06-01,Lagos,CPI_ALL_ITEMS_MOM_PCT,5.134126670951432,True
2025-06-01,Nasarawa,CPI_ALL_ITEMS_MOM_PCT,-2.158926575692149,True
2025-06-01,Niger,CPI_ALL_ITEMS_MOM_PCT,-5.351347697491022,True
2025-06-01,Ogun,CPI_ALL_ITEMS_MOM_PCT,0.4920740750256129,True
2025-06-01,Ondo,CPI_ALL_ITEMS_MOM_PCT,2.7807430201631576,True
2025-06-01,Osun,CPI_ALL_ITEMS_MOM_PCT,3.0258756529474056,True
2025-06-01,Oyo,CPI_ALL_ITEMS_MOM_PCT,-2.0969591900707627,True
2025-06-01,Plateau,CPI_ALL_ITEMS_MOM_PCT,-4.014251446516255,True
2025-06-01,Rivers,CPI_ALL_ITEMS_MOM_PCT,3.746385936952734,True
2025-06-01,Sokoto,CPI_ALL_ITEMS_MOM_PCT,-0.2593805652686569,True
2025-06-01,Taraba,CPI_ALL_ITEMS_MOM_PCT,0.0808488015379964,True
2025-06-01,Yobe,CPI_ALL_ITEMS_MOM_PCT,-0.6755579526733442,True
2025-06-01,Zamfara,CPI_ALL_ITEMS_MOM_PCT,-6.891370697349487,True
2025-07-01,Abia,CPI_ALL_ITEMS_MOM_PCT,0.8763168072542129,True
2025-07-01,Abuja,CPI_ALL_ITEMS_MOM_PCT,1.7843714458986,True
2025-07-01,Adamawa,CPI_ALL_ITEMS_MOM_PCT,0.4245916572721597,True
2025-07-01,Akwa Ibom,CPI_ALL_ITEMS_MOM_PCT,1.8907608623014909,True
2025-07-01,Anambra,CPI_ALL_ITEMS_MOM_PCT,0.374663270328341,True
2025-07-01,Bauchi,CPI_ALL_ITEMS_MOM_PCT,0.2572649901715635,True
2025-07-01,Bayelsa,CPI_ALL_ITEMS_MOM_PCT,0.8760416837423577,True
2025-07-01,Benue,CPI_ALL_ITEMS_MOM_PCT,1.4269550428992943,True
2025-07-01,Borno,CPI_ALL_ITEMS_MOM_PCT,6.114715583669337,True
2025-07-01,Cross River,CPI_ALL_ITEMS_MOM_PCT,1.0318188011173106,True
2025-07-01,Delta,CPI_ALL_ITEMS_MOM_PCT,1.8649065331788817,True
2025-07-01,Ebonyi,CPI_ALL_ITEMS_MOM_PCT,1.6188679803834418,True
2025-07-01,Edo,CPI_ALL_ITEMS_MOM_PCT,2.4826582997410327,True
2025-07-01,Ekiti,CPI_ALL_ITEMS_MOM_PCT,1.5444606114486843,True
2025-07-01,Enugu,CPI_ALL_ITEMS_MOM_PCT,1.1298734637295524,True
2025-07-01,Gombe,CPI_ALL_ITEMS_MOM_PCT,1.3921099497110845,True
2025-07-01,Imo,CPI_ALL_ITEMS_MOM_PCT,1.641160691840568,True
2025-07-01,Jigawa,CPI_ALL_ITEMS_MOM_PCT,3.2221477341652047,True
2025-07-01,Kaduna,CPI_ALL_ITEMS_MOM_PCT,3.433105249767792,True
2025-07-01,Kano,CPI_ALL_ITEMS_MOM_PCT,4.30593990833745,True
2025-07-01,Katsina,CPI_ALL_ITEMS_MOM_PCT,0.2954718764088113,True
2025-07-01,Kebbi,CPI_ALL_ITEMS_MOM_PCT,2.920486543359885,True
2025-07-01,Kogi,CPI_ALL_ITEMS_MOM_PCT,1.8787037536662157,True
2025-07-01,Kwara,CPI_ALL_ITEMS_MOM_PCT,2.494163962227944,True
2025-07-01,Lagos,CPI_ALL_ITEMS_MOM_PCT,0.6203875495424569,True
2025-07-01,Nasarawa,CPI_ALL_ITEMS_MOM_PCT,3.778700566750089,True
2025-07-01,Niger,CPI_ALL_ITEMS_MOM_PCT,3.811657004065566,True
2025-07-01,Ogun,CPI_ALL_ITEMS_MOM_PCT,2.418345837625992,True
2025-07-01,Ondo,CPI_ALL_ITEMS_MOM_PCT,1.107177616864874,True
2025-07-01,Osun,CPI_ALL_ITEMS_MOM_PCT,2.5827179756884107,True
2025-07-01,Oyo,CPI_ALL_ITEMS_MOM_PCT,3.36331445310023,True
2025-07-01,Plateau,CPI_ALL_ITEMS_MOM_PCT,1.9702615718460093,True
2025-07-01,Rivers,CPI_ALL_ITEMS_MOM_PCT,0.6402073646154918,True
2025-07-01,Sokoto,CPI_ALL_ITEMS_MOM_PCT,4.196807870082253,True
2025-07-01,Taraba,CPI_ALL_ITEMS_MOM_PCT,1.7802470601609317,True
2025-07-01,Yobe,CPI_ALL_ITEMS_MOM_PCT,0.8215595904571558,True
2025-07-01,Zamfara,CPI_ALL_ITEMS_MOM_PCT,5.722642142874761,True
2025-08-01,Abia,CPI_ALL_ITEMS_MOM_PCT,2.092685552103162,True
2025-08-01,Abuja,CPI_ALL_ITEMS_MOM_PCT,0.9469213697642688,True
2025-08-01,Adamawa,CPI_ALL_ITEMS_MOM_PCT,4.769208214416537,True
2025-08-01,Akwa Ibom,CPI_ALL_ITEMS_MOM_PCT,0.2819514315110183,True
2025-08-01,Anambra,CPI_ALL_ITEMS_MOM_PCT,-2.5933434680291896,True
2025-08-01,Bauchi,CPI_ALL_ITEMS_MOM_PCT,1.0602940120162003,True
2025-08-01,Bayelsa,CPI_ALL_ITEMS_MOM_PCT,4.3061874711035415,True
2025-08-01,Benue,CPI_ALL_ITEMS_MOM_PCT,0.3438839649425205,True
2025-08-01,Borno,CPI_ALL_ITEMS_MOM_PCT,-3.54098871886302,True
2025-08-01,Cross River,CPI_ALL_ITEMS_MOM_PCT,0.7481202709563632,True
2025-08-01,Delta,CPI_ALL_ITEMS_MOM_PCT,-0.3266212271081343,True
2025-08-01,Ebonyi,CPI_ALL_ITEMS_MOM_PCT,-0.257932203575578,True
2025-08-01,Edo,CPI_ALL_ITEMS_MOM_PCT,2.533718630163335,True
2025-08-01,Ekiti,CPI_ALL_ITEMS_MOM_PCT,6.14009473524348,True
2025-08-01,Enugu,CPI_ALL_ITEMS_MOM_PCT,-5.322733715997771,True
2025-08-01,Gombe,CPI_ALL_ITEMS_MOM_PCT,6.148444097367147,True
2025-08-01,Imo,CPI_ALL_ITEMS_MOM_PCT,-1.808564568590228,True
2025-08-01,Jigawa,CPI_ALL_ITEMS_MOM_PCT,4.8878648750170015,True
2025-08-01,Kaduna,CPI_ALL_ITEMS_MOM_PCT,2.4022798039493125,True
2025-08-01,Kano,CPI_ALL_ITEMS_MOM_PCT,4.251637917635904,True
2025-08-01,Katsina,CPI_ALL_ITEMS_MOM_PCT,8.594620519788947,True
2025-08-01,Kebbi,CPI_ALL_ITEMS_MOM_PCT,2.791279876041358,True
2025-08-01,Kogi,CPI_ALL_ITEMS_MOM_PCT,2.7525653313988983,True
2025-08-01,Kwara,CPI_ALL_ITEMS_MOM_PCT,5.214197982571434,True
2025-08-01,Lagos,CPI_ALL_ITEMS_MOM_PCT,-2.613480098832028,True
2025-08-01,Nasarawa,CPI_ALL_ITEMS_MOM_PCT,-3.5636269272802963,True
2025-08-01,Niger,CPI_ALL_ITEMS_MOM_PCT,0.9102650620196044,True
2025-08-01,Ogun,CPI_ALL_ITEMS_MOM_PCT,3.114298393717391,True
2025-08-01,Ondo,CPI_ALL_ITEMS_MOM_PCT,1.180325006146461,True
2025-08-01,Osun,CPI_ALL_ITEMS_MOM_PCT,0.6601616173895479,True
2025-08-01,Oyo,CPI_ALL_ITEMS_MOM_PCT,4.040071501197076,True
2025-08-01,Plateau,CPI_ALL_ITEMS_MOM_PCT,4.139336721631068,True
2025-08-01,Rivers,CPI_ALL_ITEMS_MOM_PCT,2.385180205436342,True
2025-08-01,Sokoto,CPI_ALL_ITEMS_MOM_PCT,6.57391413997334,True
2025-08-01,Taraba,CPI_ALL_ITEMS_MOM_PCT,-3.636153650501811,True
2025-08-01,Yobe,CPI_ALL_ITEMS_MOM_PCT,9.201713374791808,True
2025-08-01,Zamfara,CPI_ALL_ITEMS_MOM_PCT,1.800064974346128,True
2025-09-01,Abia,CPI_ALL_ITEMS_MOM_PCT,0.972117143002322,True
2025-09-01,Abuja,CPI_ALL_ITEMS_MOM_PCT,-3.223387907000585,True
2025-09-01,Adamawa,CPI_ALL_ITEMS_MOM_PCT,8.154387491525554,True
2025-09-01,Akwa Ibom,CPI_ALL_ITEMS_MOM_PCT,-0.6584191621212625,True
2025-09-01,Anambra,CPI_ALL_ITEMS_MOM_PCT,-0.7042539900417069,True
2025-09-01,Bauchi,CPI_ALL_ITEMS_MOM_PCT,-0.3752126461050693,True
2025-09-01,Bayelsa,CPI_ALL_ITEMS_MOM_PCT,-4.609861747082718,True
2025-09-01,Benue,CPI_ALL_ITEMS_MOM_PCT,-1.302795288389916,True
2025-09-01,Borno,CPI_ALL_ITEMS_MOM_PCT,-3.101642151770079,True
2025-09-01,Cross River,CPI_ALL_ITEMS_MOM_PCT,0.0047104613834676,True
2025-09-01,Delta,CPI_ALL_ITEMS_MOM_PCT,1.273694642967186,True
2025-09-01,Ebonyi,CPI_ALL_ITEMS_MOM_PCT,-2.882958151606573,True
2025-09-01,Edo,CPI_ALL_ITEMS_MOM_PCT,1.7511076628813953,True
2025-09-01,Ekiti,CPI_ALL_ITEMS_MOM_PCT,-3.78510815164266,True
2025-09-01,Enugu,CPI_ALL_ITEMS_MOM_PCT,0.9590913365272088,True
2025-09-01,Gombe,CPI_ALL_ITEMS_MOM_PCT,0.1482861553822658,True
2025-09-01,Imo,CPI_ALL_ITEMS_MOM_PCT,0.6523814654544111,True
2025-09-01,Jigawa,CPI_ALL_ITEMS_MOM_PCT,-3.6951745775686495,True
2025-09-01,Kaduna,CPI_ALL_ITEMS_MOM_PCT,0.1376108453836195,True
2025-09-01,Kano,CPI_ALL_ITEMS_MOM_PCT,-2.8566275462785318,True
2025-09-01,Katsina,CPI_ALL_ITEMS_MOM_PCT,2.405094756911481,True
2025-09-01,Kebbi,CPI_ALL_ITEMS_MOM_PCT,-0.8519110557874541,True
2025-09-01,Kogi,CPI_ALL_ITEMS_MOM_PCT,-1.469375899908698,True
2025-09-01,Kwara,CPI_ALL_ITEMS_MOM_PCT,-3.3304894306955646,True
2025-09-01,Lagos,CPI_ALL_ITEMS_MOM_PCT,6.024039675364861,True
2025-09-01,Nasarawa,CPI_ALL_ITEMS_MOM_PCT,7.486942303073476,True
2025-09-01,Niger,CPI_ALL_ITEMS_MOM_PCT,-8.138547151367192,True
2025-09-01,Ogun,CPI_ALL_ITEMS_MOM_PCT,-2.8880038406300628,True
2025-09-01,Ondo,CPI_ALL_ITEMS_MOM_PCT,1.132920916586542,True
2025-09-01,Osun,CPI_ALL_ITEMS_MOM_PCT,1.5775444370199807,True
2025-09-01,Oyo,CPI_ALL_ITEMS_MOM_PCT,-5.564295427373693,True
2025-09-01,Plateau,CPI_ALL_ITEMS_MOM_PCT,-4.134373840435771,True
2025-09-01,Rivers,CPI_ALL_ITEMS_MOM_PCT,-0.4013343587042897,True
2025-09-01,Sokoto,CPI_ALL_ITEMS_MOM_PCT,-2.6185131506119177,True
2025-09-01,Taraba,CPI_ALL_ITEMS_MOM_PCT,4.431836208795232,True
2025-09-01,Yobe,CPI_ALL_ITEMS_MOM_PCT,0.7143521211716575,True
2025-09-01,Zamfara,CPI_ALL_ITEMS_MOM_PCT,9.36304518806898,True
2025-10-01,Abia,CPI_ALL_ITEMS_MOM_PCT,-0.0159504481046468,True
2025-10-01,Abuja,CPI_ALL_ITEMS_MOM_PCT,0.9547516384558604,True
2025-10-01,Adamawa,CPI_ALL_ITEMS_MOM_PCT,-3.1018198930198797,True
2025-10-01,Akwa Ibom,CPI_ALL_ITEMS_MOM_PCT,-0.9473808308926976,True
2025-10-01,Anambra,CPI_ALL_ITEMS_MOM_PCT,4.89747237968308,True
2025-10-01,Bauchi,CPI_ALL_ITEMS_MOM_PCT,1.5533948109193148,True
2025-10-01,Bayelsa,CPI_ALL_ITEMS_MOM_PCT,-0.1859515291073705,True
2025-10-01,Benue,CPI_ALL_ITEMS_MOM_PCT,1.1387189306458794,True
2025-10-01,Borno,CPI_ALL_ITEMS_MOM_PCT,0.4715943161583027,True
2025-10-01,Cross River,CPI_ALL_ITEMS_MOM_PCT,-0.0531970666276464,True
2025-10-01,Delta,CPI_ALL_ITEMS_MOM_PCT,2.4158152171418266,True
2025-10-01,Ebonyi,CPI_ALL_ITEMS_MOM_PCT,3.810034288945147,True
2025-10-01,Edo,CPI_ALL_ITEMS_MOM_PCT,-4.000376417026715,True
2025-10-01,Ekiti,CPI_ALL_ITEMS_MOM_PCT,2.158438776630206,True
2025-10-01,Enugu,CPI_ALL_ITEMS_MOM_PCT,4.750742047263998,True
2025-10-01,Gombe,CPI_ALL_ITEMS_MOM_PCT,-2.4004051298604026,True
2025-10-01,Imo,CPI_ALL_ITEMS_MOM_PCT,2.844197033605809,True
2025-10-01,Jigawa,CPI_ALL_ITEMS_MOM_PCT,1.7855498115589796,True
2025-10-01,Kaduna,CPI_ALL_ITEMS_MOM_PCT,0.4030632609273397,True
2025-10-01,Kano,CPI_ALL_ITEMS_MOM_PCT,2.037413866629564,True
2025-10-01,Katsina,CPI_ALL_ITEMS_MOM_PCT,-3.264152215141621,True
2025-10-01,Kebbi,CPI_ALL_ITEMS_MOM_PCT,0.305357955997664,True
2025-10-01,Kogi,CPI_ALL_ITEMS_MOM_PCT,-0.8216788609644112,True
2025-10-01,Kwara,CPI_ALL_ITEMS_MOM_PCT,0.4418249676857897,True
2025-10-01,Lagos,CPI_ALL_ITEMS_MOM_PCT,-0.2142480291468302,True
2025-10-01,Nasarawa,CPI_ALL_ITEMS_MOM_PCT,0.627716028914449,True
2025-10-01,Niger,CPI_ALL_ITEMS_MOM_PCT,4.901605905138837,True
2025-10-01,Ogun,CPI_ALL_ITEMS_MOM_PCT,2.989269979776381,True
2025-10-01,Ondo,CPI_ALL_ITEMS_MOM_PCT,1.798129781800256,True
2025-10-01,Osun,CPI_ALL_ITEMS_MOM_PCT,-0.1646257768256305,True
2025-10-01,Oyo,CPI_ALL_ITEMS_MOM_PCT,1.1239877774033855,True
2025-10-01,Plateau,CPI_ALL_ITEMS_MOM_PCT,1.446136691815525,True
2025-10-01,Rivers,CPI_ALL_ITEMS_MOM_PCT,1.174279676205174,True
2025-10-01,Sokoto,CPI_ALL_ITEMS_MOM_PCT,2.670201346472183,True
2025-10-01,Taraba,CPI_ALL_ITEMS_MOM_PCT,1.3551726445079737,True
2025-10-01,Yobe,CPI_ALL_ITEMS_MOM_PCT,1.2631374776000115,True
2025-10-01,Zamfara,CPI_ALL_ITEMS_MOM_PCT,3.418229877408379,True
2025-11-01,Abia,CPI_ALL_ITEMS_MOM_PCT,0.9411353165003788,True
2025-11-01,Abuja,CPI_ALL_ITEMS_MOM_PCT,1.9114139682979496,True
2025-11-01,Adamawa,CPI_ALL_ITEMS_MOM_PCT,-0.6940653969347892,True
2025-11-01,Akwa Ibom,CPI_ALL_ITEMS_MOM_PCT,2.4769966281592843,True
2025-11-01,Anambra,CPI_ALL_ITEMS_MOM_PCT,3.6444624119955193,True
2025-11-01,Bauchi,CPI_ALL_ITEMS_MOM_PCT,2.883994283743192,True
2025-11-01,Bayelsa,CPI_ALL_ITEMS_MOM_PCT,6.579552064867528,True
2025-11-01,Benue,CPI_ALL_ITEMS_MOM_PCT,2.2064390755251537,True
2025-11-01,Borno,CPI_ALL_ITEMS_MOM_PCT,-0.0500039013957263,True
2025-11-01,Cross River,CPI_ALL_ITEMS_MOM_PCT,2.7967873835827106,True
2025-11-01,Delta,CPI_ALL_ITEMS_MOM_PCT,-2.380424866390769,True
2025-11-01,Ebonyi,CPI_ALL_ITEMS_MOM_PCT,1.2871513789425535,True
2025-11-01,Edo,CPI_ALL_ITEMS_MOM_PCT,4.452967662005889,True
2025-11-01,Ekiti,CPI_ALL_ITEMS_MOM_PCT,-0.5286369395713422,True
2025-11-01,Enugu,CPI_ALL_ITEMS_MOM_PCT,3.696838330436563,True
2025-11-01,Gombe,CPI_ALL_ITEMS_MOM_PCT,5.111915621429276,True
2025-11-01,Imo,CPI_ALL_ITEMS_MOM_PCT,-0.0847528187752857,True
2025-11-01,Jigawa,CPI_ALL_ITEMS_MOM_PCT,2.8378430297952377,True
2025-11-01,Kaduna,CPI_ALL_ITEMS_MOM_PCT,-2.2374379665934754,True
2025-11-01,Kano,CPI_ALL_ITEMS_MOM_PCT,-0.8843323095821205,True
2025-11-01,Katsina,CPI_ALL_ITEMS_MOM_PCT,2.365189532593263,True
2025-11-01,Kebbi,CPI_ALL_ITEMS_MOM_PCT,1.1662878117476367,True
2025-11-01,Kogi,CPI_ALL_ITEMS_MOM_PCT,1.5127284554606175,True
2025-11-01,Kwara,CPI_ALL_ITEMS_MOM_PCT,0.0611360321407943,True
2025-11-01,Lagos,CPI_ALL_ITEMS_MOM_PCT,0.2600863485036058,True
2025-11-01,Nasarawa,CPI_ALL_ITEMS_MOM_PCT,-2.1040758739504923,True
2025-11-01,Niger,CPI_ALL_ITEMS_MOM_PCT,3.9146518418130967,True
2025-11-01,Ogun,CPI_ALL_ITEMS_MOM_PCT,1.3830835871223854,True
2025-11-01,Ondo,CPI_ALL_ITEMS_MOM_PCT,1.1157728140993584,True
2025-11-01,Osun,CPI_ALL_ITEMS_MOM_PCT,-0.0583044462959492,True
2025-11-01,Oyo,CPI_ALL_ITEMS_MOM_PCT,3.118392397944476,True
2025-11-01,Plateau,CPI_ALL_ITEMS_MOM_PCT,-2.535830280843172,True
2025-11-01,Rivers,CPI_ALL_ITEMS_MOM_PCT,3.430485848379192,True
2025-11-01,Sokoto,CPI_ALL_ITEMS_MOM_PCT,1.4668577162265848,True
2025-11-01,Taraba,CPI_ALL_ITEMS_MOM_PCT,-0.9644960427973076,True
2025-11-01,Yobe,CPI_ALL_ITEMS_MOM_PCT,2.6728583661891605,True
2025-11-01,Zamfara,CPI_ALL_ITEMS_MOM_PCT,0.4162799420506218,True
2025-12-01,Abia,CPI_ALL_ITEMS_MOM_PCT,2.628005171447299,True
2025-12-01,Abuja,CPI_ALL_ITEMS_MOM_PCT,2.477515191935709,True
2025-12-01,Adamawa,CPI_ALL_ITEMS_MOM_PCT,0.7972417369266083,True
2025-12-01,Akwa Ibom,CPI_ALL_ITEMS_MOM_PCT,-0.9127613502772078,True
2025-12-01,Anambra,CPI_ALL_ITEMS_MOM_PCT,-0.761841772214936,True
2025-12-01,Bauchi,CPI_ALL_ITEMS_MOM_PCT,-1.0551877037900113,True
2025-12-01,Bayelsa,CPI_ALL_ITEMS_MOM_PCT,0.0348800208353594,True
2025-12-01,Benue,CPI_ALL_ITEMS_MOM_PCT,-0.3238994930012495,True
2025-12-01,Borno,CPI_ALL_ITEMS_MOM_PCT,1.8505209243764256,True
2025-12-01,Cross River,CPI_ALL_ITEMS_MOM_PCT,3.1132928718730284,True
2025-12-01,Delta,CPI_ALL_ITEMS_MOM_PCT,2.529836905664723,True
2025-12-01,Ebonyi,CPI_ALL_ITEMS_MOM_PCT,0.7750021297177483,True
2025-12-01,Edo,CPI_ALL_ITEMS_MOM_PCT,0.7213089705490745,True
2025-12-01,Ekiti,CPI_ALL_ITEMS_MOM_PCT,-0.0068921467196929,True
2025-12-01,Enugu,CPI_ALL_ITEMS_MOM_PCT,1.625078625867559,True
2025-12-01,Gombe,CPI_ALL_ITEMS_MOM_PCT,-3.0205413705585897,True
2025-12-01,Imo,CPI_ALL_ITEMS_MOM_PCT,-0.6194162472656188,True
2025-12-01,Jigawa,CPI_ALL_ITEMS_MOM_PCT,-1.9558964546907165,True
2025-12-01,Kaduna,CPI_ALL_ITEMS_MOM_PCT,-1.4194255922150774,True
2025-12-01,Kano,CPI_ALL_ITEMS_MOM_PCT,0.9367647062013448,True
2025-12-01,Katsina,CPI_ALL_ITEMS_MOM_PCT,1.1063663997543929,True
2025-12-01,Kebbi,CPI_ALL_ITEMS_MOM_PCT,1.95239655171828,True
2025-12-01,Kogi,CPI_ALL_ITEMS_MOM_PCT,1.4182006159610694,True
2025-12-01,Kwara,CPI_ALL_ITEMS_MOM_PCT,-0.3564829128763165,True
2025-12-01,Lagos,CPI_ALL_ITEMS_MOM_PCT,2.062064270399034,True
2025-12-01,Nasarawa,CPI_ALL_ITEMS_MOM_PCT,2.39245835324489,True
2025-12-01,Niger,CPI_ALL_ITEMS_MOM_PCT,-0.5985136717562227,True
2025-12-01,Ogun,CPI_ALL_ITEMS_MOM_PCT,1.7636957229840533,True
2025-12-01,Ondo,CPI_ALL_ITEMS_MOM_PCT,-3.740355956861365,True
2025-12-01,Osun,CPI_ALL_ITEMS_MOM_PCT,-1.3740067076325744,True
2025-12-01,Oyo,CPI_ALL_ITEMS_MOM_PCT,-1.1697786870336984,True
2025-12-01,Plateau,CPI_ALL_ITEMS_MOM_PCT,0.601803414343749,True
2025-12-01,Rivers,CPI_ALL_ITEMS_MOM_PCT,-1.0269405090846533,True
2025-12-01,Sokoto,CPI_ALL_ITEMS_MOM_PCT,-1.8896373443016612,True
2025-12-01,Taraba,CPI_ALL_ITEMS_MOM_PCT,0.079506770900295,True
2025-12-01,Yobe,CPI_ALL_ITEMS_MOM_PCT,0.9689285795572856,True
2025-12-01,Zamfara,CPI_ALL_ITEMS_MOM_PCT,-1.2389771533005245,True
2026-01-01,Abia,CPI_ALL_ITEMS_MOM_PCT,-4.680870007557076,True
2026-01-01,Abuja,CPI_ALL_ITEMS_MOM_PCT,-4.522227631570146,True
2026-01-01,Adamawa,CPI_ALL_ITEMS_MOM_PCT,-2.707506466177932,True
2026-01-01,Akwa Ibom,CPI_ALL_ITEMS_MOM_PCT,-0.8744765673994124,True
2026-01-01,Anambra,CPI_ALL_ITEMS_MOM_PCT,-0.5375756952921904,True
2026-01-01,Bauchi,CPI_ALL_ITEMS_MOM_PCT,-1.7478696584636708,True
2026-01-01,Bayelsa,CPI_ALL_ITEMS_MOM_PCT,-5.95984131624931,True
2026-01-01,Benue,CPI_ALL_ITEMS_MOM_PCT,-1.865165586379618,True
2026-01-01,Borno,CPI_ALL_ITEMS_MOM_PCT,-2.6242016753513724,True
2026-01-01,Cross River,CPI_ALL_ITEMS_MOM_PCT,-6.335103166083485,True
2026-01-01,Delta,CPI_ALL_ITEMS_MOM_PCT,-2.784086729859524,True
2026-01-01,Ebonyi,CPI_ALL_ITEMS_MOM_PCT,-3.4907279315477666,True
2026-01-01,Edo,CPI_ALL_ITEMS_MOM_PCT,-4.201579448008204,True
2026-01-01,Ekiti,CPI_ALL_ITEMS_MOM_PCT,-2.998058743948704,True
2026-01-01,Enugu,CPI_ALL_ITEMS_MOM_PCT,-5.2248728060203575,True
2026-01-01,Gombe,CPI_ALL_ITEMS_MOM_PCT,-3.199850100919392,True
2026-01-01,Imo,CPI_ALL_ITEMS_MOM_PCT,1.9348958567407808,True
2026-01-01,Jigawa,CPI_ALL_ITEMS_MOM_PCT,-2.3834655271555505,True
2026-01-01,Kaduna,CPI_ALL_ITEMS_MOM_PCT,0.6664159135957703,True
2026-01-01,Kano,CPI_ALL_ITEMS_MOM_PCT,-3.0367051304027086,True
2026-01-01,Katsina,CPI_ALL_ITEMS_MOM_PCT,-4.387963376562482,True
2026-01-01,Kebbi,CPI_ALL_ITEMS_MOM_PCT,-5.722079091101804,True
2026-01-01,Kogi,CPI_ALL_ITEMS_MOM_PCT,-6.026229748292806,True
2026-01-01,Kwara,CPI_ALL_ITEMS_MOM_PCT,-0.7841652019984338,True
2026-01-01,Lagos,CPI_ALL_ITEMS_MOM_PCT,-3.003026613394482,True
2026-01-01,Nasarawa,CPI_ALL_ITEMS_MOM_PCT,-5.099929129779667,True
2026-01-01,Niger,CPI_ALL_ITEMS_MOM_PCT,-4.199513018700429,True
2026-01-01,Ogun,CPI_ALL_ITEMS_MOM_PCT,-6.297620488347334,True
2026-01-01,Ondo,CPI_ALL_ITEMS_MOM_PCT,1.9316636943785,True
2026-01-01,Osun,CPI_ALL_ITEMS_MOM_PCT,-1.1144857653470126,True
2026-01-01,Oyo,CPI_ALL_ITEMS_MOM_PCT,-1.4561974076513875,True
2026-01-01,Plateau,CPI_ALL_ITEMS_MOM_PCT,0.1436813549550208,True
2026-01-01,Rivers,CPI_ALL_ITEMS_MOM_PCT,-0.8263098386098591,True
2026-01-01,Sokoto,CPI_ALL_ITEMS_MOM_PCT,-3.657360346597045,True
2026-01-01,Taraba,CPI_ALL_ITEMS_MOM_PCT,-0.9305496236093518,True
2026-01-01,Yobe,CPI_ALL_ITEMS_MOM_PCT,-4.543385989404399,True
2026-01-01,Zamfara,CPI_ALL_ITEMS_MOM_PCT,-1.304812468046464,True
2026-02-01,Abia,CPI_ALL_ITEMS_MOM_PCT,2.69796364081094,True
2026-02-01,Abuja,CPI_ALL_ITEMS_MOM_PCT,2.193550815550637,True
2026-02-01,Adamawa,CPI_ALL_ITEMS_MOM_PCT,0.6550605796902715,True
2026-02-01,Akwa Ibom,CPI_ALL_ITEMS_MOM_PCT,3.824154592029231,True
2026-02-01,Anambra,CPI_ALL_ITEMS_MOM_PCT,4.107931450686991,True
2026-02-01,Bauchi,CPI_ALL_ITEMS_MOM_PCT,-1.225585401348653,True
2026-02-01,Bayelsa,CPI_ALL_ITEMS_MOM_PCT,1.860478489535609,True
2026-02-01,Benue,CPI_ALL_ITEMS_MOM_PCT,0.3014006387912076,True
2026-02-01,Borno,CPI_ALL_ITEMS_MOM_PCT,-0.1061820956082613,True
2026-02-01,Cross River,CPI_ALL_ITEMS_MOM_PCT,2.922218231287061,True
2026-02-01,Delta,CPI_ALL_ITEMS_MOM_PCT,1.7932153454722766,True
2026-02-01,Ebonyi,CPI_ALL_ITEMS_MOM_PCT,2.7537819768612053,True
2026-02-01,Edo,CPI_ALL_ITEMS_MOM_PCT,1.450263335967719,True
2026-02-01,Ekiti,CPI_ALL_ITEMS_MOM_PCT,2.782309939995713,True
2026-02-01,Enugu,CPI_ALL_ITEMS_MOM_PCT,5.922286334719473,True
2026-02-01,Gombe,CPI_ALL_ITEMS_MOM_PCT,2.5438811903096763,True
2026-02-01,Imo,CPI_ALL_ITEMS_MOM_PCT,0.948280577376309,True
2026-02-01,Jigawa,CPI_ALL_ITEMS_MOM_PCT,2.2656466027726623,True
2026-02-01,Kaduna,CPI_ALL_ITEMS_MOM_PCT,1.8963019797737248,True
2026-02-01,Kano,CPI_ALL_ITEMS_MOM_PCT,0.2010757910497744,True
2026-02-01,Katsina,CPI_ALL_ITEMS_MOM_PCT,-1.064041740532275,True
2026-02-01,Kebbi,CPI_ALL_ITEMS_MOM_PCT,1.883639557580196,True
2026-02-01,Kogi,CPI_ALL_ITEMS_MOM_PCT,2.1409998587650136,True
2026-02-01,Kwara,CPI_ALL_ITEMS_MOM_PCT,0.9989426303051516,True
2026-02-01,Lagos,CPI_ALL_ITEMS_MOM_PCT,2.7514399900433237,True
2026-02-01,Nasarawa,CPI_ALL_ITEMS_MOM_PCT,0.5088536938544479,True
2026-02-01,Niger,CPI_ALL_ITEMS_MOM_PCT,-0.2900097033435429,True
2026-02-01,Ogun,CPI_ALL_ITEMS_MOM_PCT,4.39150429972392,True
2026-02-01,Ondo,CPI_ALL_ITEMS_MOM_PCT,2.12850806986458,True
2026-02-01,Osun,CPI_ALL_ITEMS_MOM_PCT,1.0204727206877493,True
2026-02-01,Oyo,CPI_ALL_ITEMS_MOM_PCT,4.007219398105917,True
2026-02-01,Plateau,CPI_ALL_ITEMS_MOM_PCT,1.0843034057069332,True
2026-02-01,Rivers,CPI_ALL_ITEMS_MOM_PCT,3.188283633964261,True
2026-02-01,Sokoto,CPI_ALL_ITEMS_MOM_PCT,1.4837513860737062,True
2026-02-01,Taraba,CPI_ALL_ITEMS_MOM_PCT,0.9598147394009686,True
2026-02-01,Yobe,CPI_ALL_ITEMS_MOM_PCT,-0.3287198941720959,True
2026-02-01,Zamfara,CPI_ALL_ITEMS_MOM_PCT,-2.138493402461279,True
2026-03-01,Abia,CPI_ALL_ITEMS_MOM_PCT,2.77655818225864,True
2026-03-01,Abuja,CPI_ALL_ITEMS_MOM_PCT,3.89983991173284,True
2026-03-01,Adamawa,CPI_ALL_ITEMS_MOM_PCT,2.683256158611272,True
2026-03-01,Akwa Ibom,CPI_ALL_ITEMS_MOM_PCT,1.8037587631748693,True
2026-03-01,Anambra,CPI_ALL_ITEMS_MOM_PCT,2.801984796243474,True
2026-03-01,Bauchi,CPI_ALL_ITEMS_MOM_PCT,9.37143337026653,True
2026-03-01,Bayelsa,CPI_ALL_ITEMS_MOM_PCT,8.388403801262868,True
2026-03-01,Benue,CPI_ALL_ITEMS_MOM_PCT,6.416449107074683,True
2026-03-01,Borno,CPI_ALL_ITEMS_MOM_PCT,4.518588275065667,True
2026-03-01,Cross River,CPI_ALL_ITEMS_MOM_PCT,4.005666226619013,True
2026-03-01,Delta,CPI_ALL_ITEMS_MOM_PCT,5.320976794150084,True
2026-03-01,Ebonyi,CPI_ALL_ITEMS_MOM_PCT,5.751861862231266,True
2026-03-01,Edo,CPI_ALL_ITEMS_MOM_PCT,3.9625689384675553,True
2026-03-01,Ekiti,CPI_ALL_ITEMS_MOM_PCT,3.661209732491685,True
2026-03-01,Enugu,CPI_ALL_ITEMS_MOM_PCT,2.62340508693984,True
2026-03-01,Gombe,CPI_ALL_ITEMS_MOM_PCT,7.102710701574537,True
2026-03-01,Imo,CPI_ALL_ITEMS_MOM_PCT,3.783693189484154,True
2026-03-01,Jigawa,CPI_ALL_ITEMS_MOM_PCT,4.33238573054733,True
2026-03-01,Kaduna,CPI_ALL_ITEMS_MOM_PCT,5.353577137852028,True
2026-03-01,Kano,CPI_ALL_ITEMS_MOM_PCT,4.022430227776511,True
2026-03-01,Katsina,CPI_ALL_ITEMS_MOM_PCT,5.564779753485595,True
2026-03-01,Kebbi,CPI_ALL_ITEMS_MOM_PCT,6.699275383147565,True
2026-03-01,Kogi,CPI_ALL_ITEMS_MOM_PCT,5.667024341948974,True
2026-03-01,Kwara,CPI_ALL_ITEMS_MOM_PCT,5.686562518992915,True
2026-03-01,Lagos,CPI_ALL_ITEMS_MOM_PCT,1.5377397533455197,True
2026-03-01,Nasarawa,CPI_ALL_ITEMS_MOM_PCT,3.646389150083309,True
2026-03-01,Niger,CPI_ALL_ITEMS_MOM_PCT,8.397375404382302,True
2026-03-01,Ogun,CPI_ALL_ITEMS_MOM_PCT,3.448915324684137,True
2026-03-01,Ondo,CPI_ALL_ITEMS_MOM_PCT,6.198460400250511,True
2026-03-01,Osun,CPI_ALL_ITEMS_MOM_PCT,2.6044981692957947,True
2026-03-01,Oyo,CPI_ALL_ITEMS_MOM_PCT,2.392063099893477,True
2026-03-01,Plateau,CPI_ALL_ITEMS_MOM_PCT,4.47567187474634,True
2026-03-01,Rivers,CPI_ALL_ITEMS_MOM_PCT,1.8943580305303271,True
2026-03-01,Sokoto,CPI_ALL_ITEMS_MOM_PCT,9.048625240484045,True
2026-03-01,Taraba,CPI_ALL_ITEMS_MOM_PCT,6.350062111424563,True
2026-03-01,Yobe,CPI_ALL_ITEMS_MOM_PCT,5.48269275030097,True
2026-03-01,Zamfara,CPI_ALL_ITEMS_MOM_PCT,10.77480069500237,True
2026-04-01,Abia,CPI_ALL_ITEMS_MOM_PCT,2.677785032316791,True
2026-04-01,Abuja,CPI_ALL_ITEMS_MOM_PCT,2.7155458389638483,True
2026-04-01,Adamawa,CPI_ALL_ITEMS_MOM_PCT,2.224212164701015,True
2026-04-01,Akwa Ibom,CPI_ALL_ITEMS_MOM_PCT,2.4994209144604014,True
2026-04-01,Anambra,CPI_ALL_ITEMS_MOM_PCT,1.1184859682412167,True
2026-04-01,Bauchi,CPI_ALL_ITEMS_MOM_PCT,3.9088313647054775,True
2026-04-01,Bayelsa,CPI_ALL_ITEMS_MOM_PCT,0.6427435057928079,True
2026-04-01,Benue,CPI_ALL_ITEMS_MOM_PCT,1.0968413459133473,True
2026-04-01,Borno,CPI_ALL_ITEMS_MOM_PCT,2.749505880093309,True
2026-04-01,Cross River,CPI_ALL_ITEMS_MOM_PCT,1.6055519584861742,True
2026-04-01,Delta,CPI_ALL_ITEMS_MOM_PCT,1.3806832929809758,True
2026-04-01,Ebonyi,CPI_ALL_ITEMS_MOM_PCT,1.60581545152192,True
2026-04-01,Edo,CPI_ALL_ITEMS_MOM_PCT,2.100621554487645,True
2026-04-01,Ekiti,CPI_ALL_ITEMS_MOM_PCT,1.5110781994282405,True
2026-04-01,Enugu,CPI_ALL_ITEMS_MOM_PCT,0.9832750209307904,True
2026-04-01,Gombe,CPI_ALL_ITEMS_MOM_PCT,2.387668643289814,True
2026-04-01,Imo,CPI_ALL_ITEMS_MOM_PCT,3.0358485125419747,True
2026-04-01,Jigawa,CPI_ALL_ITEMS_MOM_PCT,2.961146250259759,True
2026-04-01,Kaduna,CPI_ALL_ITEMS_MOM_PCT,2.145130797072767,True
2026-04-01,Kano,CPI_ALL_ITEMS_MOM_PCT,4.50316804939736,True
2026-04-01,Katsina,CPI_ALL_ITEMS_MOM_PCT,1.3008624242061018,True
2026-04-01,Kebbi,CPI_ALL_ITEMS_MOM_PCT,1.4862736278843869,True
2026-04-01,Kogi,CPI_ALL_ITEMS_MOM_PCT,3.3389884843912085,True
2026-04-01,Kwara,CPI_ALL_ITEMS_MOM_PCT,2.922559102712753,True
2026-04-01,Lagos,CPI_ALL_ITEMS_MOM_PCT,1.8478643484894093,True
2026-04-01,Nasarawa,CPI_ALL_ITEMS_MOM_PCT,3.501449333010953,True
2026-04-01,Niger,CPI_ALL_ITEMS_MOM_PCT,5.663442528718619,True
2026-04-01,Ogun,CPI_ALL_ITEMS_MOM_PCT,1.0246710294285748,True
2026-04-01,Ondo,CPI_ALL_ITEMS_MOM_PCT,1.8591541941099197,True
2026-04-01,Osun,CPI_ALL_ITEMS_MOM_PCT,2.9457685877012096,True
2026-04-01,Oyo,CPI_ALL_ITEMS_MOM_PCT,1.7174804120992064,True
2026-04-01,Plateau,CPI_ALL_ITEMS_MOM_PCT,4.393705080461245,True
2026-04-01,Rivers,CPI_ALL_ITEMS_MOM_PCT,1.0237002966925246,True
2026-04-01,Sokoto,CPI_ALL_ITEMS_MOM_PCT,3.0260885850726997,True
2026-04-01,Taraba,CPI_ALL_ITEMS_MOM_PCT,2.6270117396921364,True
2026-04-01,Yobe,CPI_ALL_ITEMS_MOM_PCT,3.4329022774525697,True
2026-04-01,Zamfara,CPI_ALL_ITEMS_MOM_PCT,3.457136934574905,True
2026-05-01,Abia,CPI_ALL_ITEMS_MOM_PCT,4.922453008842481,False
2026-05-01,Abuja,CPI_ALL_ITEMS_MOM_PCT,3.07330663864893,False
2026-05-01,Adamawa,CPI_ALL_ITEMS_MOM_PCT,3.5903454833744206,False
2026-05-01,Akwa Ibom,CPI_ALL_ITEMS_MOM_PCT,6.189414853706055,False
2026-05-01,Anambra,CPI_ALL_ITEMS_MOM_PCT,4.813033283462005,False
2026-05-01,Bauchi,CPI_ALL_ITEMS_MOM_PCT,4.411457221456132,False
2026-05-01,Bayelsa,CPI_ALL_ITEMS_MOM_PCT,7.624259268353683,False
2026-05-01,Benue,CPI_ALL_ITEMS_MOM_PCT,8.234097107059824,False
2026-05-01,Borno,CPI_ALL_ITEMS_MOM_PCT,7.289843630092349,False
2026-05-01,Cross River,CPI_ALL_ITEMS_MOM_PCT,6.490429855508168,False
2026-05-01,Delta,CPI_ALL_ITEMS_MOM_PCT,3.7411642788113113,False
2026-05-01,Ebonyi,CPI_ALL_ITEMS_MOM_PCT,2.9033344409264714,False
2026-05-01,Edo,CPI_ALL_ITEMS_MOM_PCT,-1.2754931452777214,False
2026-05-01,Ekiti,CPI_ALL_ITEMS_MOM_PCT,2.8713458672001906,False
2026-05-01,Enugu,CPI_ALL_ITEMS_MOM_PCT,4.2247349373161,False
2026-05-01,Gombe,CPI_ALL_ITEMS_MOM_PCT,-2.496559450674283,False
2026-05-01,Imo,CPI_ALL_ITEMS_MOM_PCT,-1.034881680917252,False
2026-05-01,Jigawa,CPI_ALL_ITEMS_MOM_PCT,2.869899273248592,False
2026-05-01,Kaduna,CPI_ALL_ITEMS_MOM_PCT,4.0091507863998,False
2026-05-01,Kano,CPI_ALL_ITEMS_MOM_PCT,1.891621909463012,False
2026-05-01,Katsina,CPI_ALL_ITEMS_MOM_PCT,-2.2171321471811893,False
2026-05-01,Kebbi,CPI_ALL_ITEMS_MOM_PCT,-2.2016795231453727,False
2026-05-01,Kogi,CPI_ALL_ITEMS_MOM_PCT,1.5156240473035183,False
2026-05-01,Kwara,CPI_ALL_ITEMS_MOM_PCT,-1.0062632423627915,False
2026-05-01,Lagos,CPI_ALL_ITEMS_MOM_PCT,0.6816154883863277,False
2026-05-01,Nasarawa,CPI_ALL_ITEMS_MOM_PCT,1.418883569130756,False
2026-05-01,Niger,CPI_ALL_ITEMS_MOM_PCT,-4.547375763736682,False
2026-05-01,Ogun,CPI_ALL_ITEMS_MOM_PCT,-0.2820257514957802,False
2026-05-01,Ondo,CPI_ALL_ITEMS_MOM_PCT,-0.9095818379449412,False
2026-05-01,Osun,CPI_ALL_ITEMS_MOM_PCT,1.9058244077333055,False
2026-05-01,Oyo,CPI_ALL_ITEMS_MOM_PCT,0.4571221456639733,False
2026-05-01,Plateau,CPI_ALL_ITEMS_MOM_PCT,-0.1931002951711065,False
2026-05-01,Rivers,CPI_ALL_ITEMS_MOM_PCT,2.567677839359277,False
2026-05-01,Sokoto,CPI_ALL_ITEMS_MOM_PCT,1.2482003538582234,False
2026-05-01,Taraba,CPI_ALL_ITEMS_MOM_PCT,-2.6669457891810424,False
2026-05-01,Yobe,CPI_ALL_ITEMS_MOM_PCT,4.102526818640143,False
2026-05-01,Zamfara,CPI_ALL_ITEMS_MOM_PCT,-3.3579710245971057,False
2026-06-01,Abia,CPI_ALL_ITEMS_MOM_PCT,2.599639388584833,False
2026-06-01,Abuja,CPI_ALL_ITEMS_MOM_PCT,4.370994698896439,False
2026-06-01,Adamawa,CPI_ALL_ITEMS_MOM_PCT,1.0553452017954612,False
2026-06-01,Akwa Ibom,CPI_ALL_ITEMS_MOM_PCT,-1.5408759836175392,False
2026-06-01,Anambra,CPI_ALL_ITEMS_MOM_PCT,-4.212016002210646,False
2026-06-01,Bauchi,CPI_ALL_ITEMS_MOM_PCT,-0.8014784423499748,False
2026-06-01,Bayelsa,CPI_ALL_ITEMS_MOM_PCT,-6.482556836306998,False
2026-06-01,Benue,CPI_ALL_ITEMS_MOM_PCT,-5.576073638904873,False
2026-06-01,Borno,CPI_ALL_ITEMS_MOM_PCT,-4.371472026164767,False
2026-06-01,Cross River,CPI_ALL_ITEMS_MOM_PCT,-5.116137697611862,False
2026-06-01,Delta,CPI_ALL_ITEMS_MOM_PCT,-1.350663860190437,False
2026-06-01,Ebonyi,CPI_ALL_ITEMS_MOM_PCT,-2.2154145981205176,False
2026-06-01,Edo,CPI_ALL_ITEMS_MOM_PCT,4.144131974913051,False
2026-06-01,Ekiti,CPI_ALL_ITEMS_MOM_PCT,1.1176193027290822,False
2026-06-01,Enugu,CPI_ALL_ITEMS_MOM_PCT,5.508928914445903,False
2026-06-01,Gombe,CPI_ALL_ITEMS_MOM_PCT,7.059411425584898,False
2026-06-01,Imo,CPI_ALL_ITEMS_MOM_PCT,1.1058112182400066,False
2026-06-01,Jigawa,CPI_ALL_ITEMS_MOM_PCT,0.2695666547935218,False
2026-06-01,Kaduna,CPI_ALL_ITEMS_MOM_PCT,-1.8382815836724689,False
2026-06-01,Kano,CPI_ALL_ITEMS_MOM_PCT,0.2323526148487786,False
2026-06-01,Katsina,CPI_ALL_ITEMS_MOM_PCT,8.131037766812426,False
2026-06-01,Kebbi,CPI_ALL_ITEMS_MOM_PCT,6.962676673943477,False
2026-06-01,Kogi,CPI_ALL_ITEMS_MOM_PCT,3.366406657718372,False
2026-06-01,Kwara,CPI_ALL_ITEMS_MOM_PCT,7.517013706357176,False
2026-06-01,Lagos,CPI_ALL_ITEMS_MOM_PCT,6.36487615794978,False
2026-06-01,Nasarawa,CPI_ALL_ITEMS_MOM_PCT,0.6827555594464769,False
2026-06-01,Niger,CPI_ALL_ITEMS_MOM_PCT,11.64607886196258,False
2026-06-01,Ogun,CPI_ALL_ITEMS_MOM_PCT,4.4198280691260265,False
2026-06-01,Ondo,CPI_ALL_ITEMS_MOM_PCT,3.3922404645745416,False
2026-06-01,Osun,CPI_ALL_ITEMS_MOM_PCT,4.700983582906673,False
2026-06-01,Oyo,CPI_ALL_ITEMS_MOM_PCT,4.414002976459088,False
2026-06-01,Plateau,CPI_ALL_ITEMS_MOM_PCT,6.539801381529628,False
2026-06-01,Rivers,CPI_ALL_ITEMS_MOM_PCT,-0.5367066678132062,False
2026-06-01,Sokoto,CPI_ALL_ITEMS_MOM_PCT,0.5886750449693778,False
2026-06-01,Taraba,CPI_ALL_ITEMS_MOM_PCT,4.683980979967444,False
2026-06-01,Yobe,CPI_ALL_ITEMS_MOM_PCT,-0.3537087263280654,False
2026-06-01,Zamfara,CPI_ALL_ITEMS_MOM_PCT,-0.3231972533007052,False
2026-07-01,Abia,CPI_ALL_ITEMS_MOM_PCT,1.8050065922518428,False
2026-07-01,Abuja,CPI_ALL_ITEMS_MOM_PCT,0.9099944287633548,False
2026-07-01,Adamawa,CPI_ALL_ITEMS_MOM_PCT,12.47897203750965,False
2026-07-01,Akwa Ibom,CPI_ALL_ITEMS_MOM_PCT,6.52938154115175,False
2026-07-01,Anambra,CPI_ALL_ITEMS_MOM_PCT,9.945077463565454,False
2026-07-01,Bauchi,CPI_ALL_ITEMS_MOM_PCT,-0.97704285751729,False
2026-07-01,Bayelsa,CPI_ALL_ITEMS_MOM_PCT,8.038880363004552,False
2026-07-01,Benue,CPI_ALL_ITEMS_MOM_PCT,4.702917937136888,False
2026-07-01,Borno,CPI_ALL_ITEMS_MOM_PCT,6.4978055437815385,False
2026-07-01,Cross River,CPI_ALL_ITEMS_MOM_PCT,5.951664765311193,False
2026-07-01,Delta,CPI_ALL_ITEMS_MOM_PCT,9.542226082830169,False
2026-07-01,Ebonyi,CPI_ALL_ITEMS_MOM_PCT,-0.7794535670805942,False
2026-07-01,Edo,CPI_ALL_ITEMS_MOM_PCT,4.827356458823999,False
2026-07-01,Ekiti,CPI_ALL_ITEMS_MOM_PCT,-0.8667804738612972,False
2026-07-01,Enugu,CPI_ALL_ITEMS_MOM_PCT,-5.7063277626982085,False
2026-07-01,Gombe,CPI_ALL_ITEMS_MOM_PCT,-3.562304264586089,False
2026-07-01,Imo,CPI_ALL_ITEMS_MOM_PCT,1.083490283798611,False
2026-07-01,Jigawa,CPI_ALL_ITEMS_MOM_PCT,-4.063896834552978,False
2026-07-01,Kaduna,CPI_ALL_ITEMS_MOM_PCT,1.1095738349476676,False
2026-07-01,Kano,CPI_ALL_ITEMS_MOM_PCT,0.7767795997482381,False
2026-07-01,Katsina,CPI_ALL_ITEMS_MOM_PCT,-0.843711672776692,False
2026-07-01,Kebbi,CPI_ALL_ITEMS_MOM_PCT,-4.886130272484039,False
2026-07-01,Kogi,CPI_ALL_ITEMS_MOM_PCT,-2.165600987406009,False
2026-07-01,Kwara,CPI_ALL_ITEMS_MOM_PCT,-2.051098915144962,False
2026-07-01,Lagos,CPI_ALL_ITEMS_MOM_PCT,-0.0694176141587235,False
2026-07-01,Nasarawa,CPI_ALL_ITEMS_MOM_PCT,-1.2690551052416623,False
2026-07-01,Niger,CPI_ALL_ITEMS_MOM_PCT,-5.860395881413453,False
2026-07-01,Ogun,CPI_ALL_ITEMS_MOM_PCT,-0.3947900839948062,False
2026-07-01,Ondo,CPI_ALL_ITEMS_MOM_PCT,0.2631826605872618,False
2026-07-01,Osun,CPI_ALL_ITEMS_MOM_PCT,-2.360577320082527,False
2026-07-01,Oyo,CPI_ALL_ITEMS_MOM_PCT,-1.264556695710695,False
2026-07-01,Plateau,CPI_ALL_ITEMS_MOM_PCT,-2.5240548140454706,False
2026-07-01,Rivers,CPI_ALL_ITEMS_MOM_PCT,0.4597866454123362,False
2026-07-01,Sokoto,CPI_ALL_ITEMS_MOM_PCT,-2.167744699513406,False
2026-07-01,Taraba,CPI_ALL_ITEMS_MOM_PCT,-1.1553847042207082,False
2026-07-01,Yobe,CPI_ALL_ITEMS_MOM_PCT,0.7116061041977986,False
2026-07-01,Zamfara,CPI_ALL_ITEMS_MOM_PCT,-1.5894263866836411,False
2025-02-01,Abia,CPI_ALL_ITEMS_YOY_PCT,29.193325536202707,True
2025-02-01,Abuja,CPI_ALL_ITEMS_YOY_PCT,19.931372607050363,True
2025-02-01,Adamawa,CPI_ALL_ITEMS_YOY_PCT,16.536732772313485,True
2025-02-01,Akwa Ibom,CPI_ALL_ITEMS_YOY_PCT,15.52744079831956,True
2025-02-01,Anambra,CPI_ALL_ITEMS_YOY_PCT,23.24561630239907,True
2025-02-01,Bauchi,CPI_ALL_ITEMS_YOY_PCT,21.538687557312144,True
2025-02-01,Bayelsa,CPI_ALL_ITEMS_YOY_PCT,18.64345337843945,True
2025-02-01,Benue,CPI_ALL_ITEMS_YOY_PCT,22.335691259503832,True
2025-02-01,Borno,CPI_ALL_ITEMS_YOY_PCT,19.90451915033213,True
2025-02-01,Cross River,CPI_ALL_ITEMS_YOY_PCT,22.900913113049043,True
2025-02-01,Delta,CPI_ALL_ITEMS_YOY_PCT,21.871045094358493,True
2025-02-01,Ebonyi,CPI_ALL_ITEMS_YOY_PCT,25.07040836680791,True
2025-02-01,Edo,CPI_ALL_ITEMS_YOY_PCT,33.59109790270395,True
2025-02-01,Ekiti,CPI_ALL_ITEMS_YOY_PCT,24.870263356599335,True
2025-02-01,Enugu,CPI_ALL_ITEMS_YOY_PCT,30.722158538516368,True
2025-02-01,Gombe,CPI_ALL_ITEMS_YOY_PCT,26.481194102968782,True
2025-02-01,Imo,CPI_ALL_ITEMS_YOY_PCT,30.07948078783801,True
2025-02-01,Jigawa,CPI_ALL_ITEMS_YOY_PCT,23.23782561004053,True
2025-02-01,Kaduna,CPI_ALL_ITEMS_YOY_PCT,15.451612983022002,True
2025-02-01,Kano,CPI_ALL_ITEMS_YOY_PCT,18.475049645390087,True
2025-02-01,Katsina,CPI_ALL_ITEMS_YOY_PCT,24.016271246557025,True
2025-02-01,Kebbi,CPI_ALL_ITEMS_YOY_PCT,19.695780471760187,True
2025-02-01,Kogi,CPI_ALL_ITEMS_YOY_PCT,24.462828366038764,True
2025-02-01,Kwara,CPI_ALL_ITEMS_YOY_PCT,23.28370467933894,True
2025-02-01,Lagos,CPI_ALL_ITEMS_YOY_PCT,23.21159533234373,True
2025-02-01,Nasarawa,CPI_ALL_ITEMS_YOY_PCT,25.304138428947013,True
2025-02-01,Niger,CPI_ALL_ITEMS_YOY_PCT,18.99370711743775,True
2025-02-01,Ogun,CPI_ALL_ITEMS_YOY_PCT,25.75637285653092,True
2025-02-01,Ondo,CPI_ALL_ITEMS_YOY_PCT,15.818587080230913,True
2025-02-01,Osun,CPI_ALL_ITEMS_YOY_PCT,16.677821908318947,True
2025-02-01,Oyo,CPI_ALL_ITEMS_YOY_PCT,16.77026377205128,True
2025-02-01,Plateau,CPI_ALL_ITEMS_YOY_PCT,15.742228281390696,True
2025-02-01,Rivers,CPI_ALL_ITEMS_YOY_PCT,20.025746261321345,True
2025-02-01,Sokoto,CPI_ALL_ITEMS_YOY_PCT,30.18654609856111,True
2025-02-01,Taraba,CPI_ALL_ITEMS_YOY_PCT,21.187289026242937,True
2025-02-01,Yobe,CPI_ALL_ITEMS_YOY_PCT,17.99270797524926,True
2025-02-01,Zamfara,CPI_ALL_ITEMS_YOY_PCT,29.303983737509668,True
2025-03-01,Abia,CPI_ALL_ITEMS_YOY_PCT,25.12412902911525,True
2025-03-01,Abuja,CPI_ALL_ITEMS_YOY_PCT,22.686125074253734,True
2025-03-01,Adamawa,CPI_ALL_ITEMS_YOY_PCT,18.328366191099704,True
2025-03-01,Akwa Ibom,CPI_ALL_ITEMS_YOY_PCT,12.809591582981112,True
2025-03-01,Anambra,CPI_ALL_ITEMS_YOY_PCT,24.003681553695458,True
2025-03-01,Bauchi,CPI_ALL_ITEMS_YOY_PCT,20.16684676483524,True
2025-03-01,Bayelsa,CPI_ALL_ITEMS_YOY_PCT,14.017515270395478,True
2025-03-01,Benue,CPI_ALL_ITEMS_YOY_PCT,20.83372570152089,True
2025-03-01,Borno,CPI_ALL_ITEMS_YOY_PCT,21.9010980646337,True
2025-03-01,Cross River,CPI_ALL_ITEMS_YOY_PCT,16.186291200397434,True
2025-03-01,Delta,CPI_ALL_ITEMS_YOY_PCT,21.49148287156224,True
2025-03-01,Ebonyi,CPI_ALL_ITEMS_YOY_PCT,27.231991580124657,True
2025-03-01,Edo,CPI_ALL_ITEMS_YOY_PCT,28.302844360328493,True
2025-03-01,Ekiti,CPI_ALL_ITEMS_YOY_PCT,24.10596928216609,True
2025-03-01,Enugu,CPI_ALL_ITEMS_YOY_PCT,23.469884699483657,True
2025-03-01,Gombe,CPI_ALL_ITEMS_YOY_PCT,22.42166083089052,True
2025-03-01,Imo,CPI_ALL_ITEMS_YOY_PCT,28.70788845378152,True
2025-03-01,Jigawa,CPI_ALL_ITEMS_YOY_PCT,29.939697007811844,True
2025-03-01,Kaduna,CPI_ALL_ITEMS_YOY_PCT,33.32800554988836,True
2025-03-01,Kano,CPI_ALL_ITEMS_YOY_PCT,28.93561521079528,True
2025-03-01,Katsina,CPI_ALL_ITEMS_YOY_PCT,23.75096744309502,True
2025-03-01,Kebbi,CPI_ALL_ITEMS_YOY_PCT,30.735459024608275,True
2025-03-01,Kogi,CPI_ALL_ITEMS_YOY_PCT,19.88248950269156,True
2025-03-01,Kwara,CPI_ALL_ITEMS_YOY_PCT,14.917228191855486,True
2025-03-01,Lagos,CPI_ALL_ITEMS_YOY_PCT,28.98850346943084,True
2025-03-01,Nasarawa,CPI_ALL_ITEMS_YOY_PCT,16.78066926189929,True
2025-03-01,Niger,CPI_ALL_ITEMS_YOY_PCT,20.17973724140984,True
2025-03-01,Ogun,CPI_ALL_ITEMS_YOY_PCT,28.268670823469503,True
2025-03-01,Ondo,CPI_ALL_ITEMS_YOY_PCT,21.39409144339301,True
2025-03-01,Osun,CPI_ALL_ITEMS_YOY_PCT,32.07733880068261,True
2025-03-01,Oyo,CPI_ALL_ITEMS_YOY_PCT,29.950068738189884,True
2025-03-01,Plateau,CPI_ALL_ITEMS_YOY_PCT,19.38733920415933,True
2025-03-01,Rivers,CPI_ALL_ITEMS_YOY_PCT,23.65695387735425,True
2025-03-01,Sokoto,CPI_ALL_ITEMS_YOY_PCT,14.82535703237697,True
2025-03-01,Taraba,CPI_ALL_ITEMS_YOY_PCT,18.993577374945687,True
2025-03-01,Yobe,CPI_ALL_ITEMS_YOY_PCT,19.88715586453398,True
2025-03-01,Zamfara,CPI_ALL_ITEMS_YOY_PCT,29.239511978176097,True
2025-04-01,Abia,CPI_ALL_ITEMS_YOY_PCT,25.271328214218077,True
2025-04-01,Abuja,CPI_ALL_ITEMS_YOY_PCT,32.901774944117136,True
2025-04-01,Adamawa,CPI_ALL_ITEMS_YOY_PCT,20.903859980366505,True
2025-04-01,Akwa Ibom,CPI_ALL_ITEMS_YOY_PCT,17.372384403810173,True
2025-04-01,Anambra,CPI_ALL_ITEMS_YOY_PCT,22.031960335040708,True
2025-04-01,Bauchi,CPI_ALL_ITEMS_YOY_PCT,22.513268000214357,True
2025-04-01,Bayelsa,CPI_ALL_ITEMS_YOY_PCT,24.397121050478816,True
2025-04-01,Benue,CPI_ALL_ITEMS_YOY_PCT,34.312885419073524,True
2025-04-01,Borno,CPI_ALL_ITEMS_YOY_PCT,24.94974895147506,True
2025-04-01,Cross River,CPI_ALL_ITEMS_YOY_PCT,17.10877327249014,True
2025-04-01,Delta,CPI_ALL_ITEMS_YOY_PCT,31.94368590401288,True
2025-04-01,Ebonyi,CPI_ALL_ITEMS_YOY_PCT,24.32787180980557,True
2025-04-01,Edo,CPI_ALL_ITEMS_YOY_PCT,22.637335022187344,True
2025-04-01,Ekiti,CPI_ALL_ITEMS_YOY_PCT,33.97702184481776,True
2025-04-01,Enugu,CPI_ALL_ITEMS_YOY_PCT,35.97937550261884,True
2025-04-01,Gombe,CPI_ALL_ITEMS_YOY_PCT,30.96654072642829,True
2025-04-01,Imo,CPI_ALL_ITEMS_YOY_PCT,22.10542382965903,True
2025-04-01,Jigawa,CPI_ALL_ITEMS_YOY_PCT,26.48643586708654,True
2025-04-01,Kaduna,CPI_ALL_ITEMS_YOY_PCT,26.75171843428284,True
2025-04-01,Kano,CPI_ALL_ITEMS_YOY_PCT,26.75678318402768,True
2025-04-01,Katsina,CPI_ALL_ITEMS_YOY_PCT,17.636198014152527,True
2025-04-01,Kebbi,CPI_ALL_ITEMS_YOY_PCT,35.1300027110984,True
2025-04-01,Kogi,CPI_ALL_ITEMS_YOY_PCT,22.88340671143885,True
2025-04-01,Kwara,CPI_ALL_ITEMS_YOY_PCT,17.28360433567049,True
2025-04-01,Lagos,CPI_ALL_ITEMS_YOY_PCT,22.746369136879903,True
2025-04-01,Nasarawa,CPI_ALL_ITEMS_YOY_PCT,33.30359193639103,True
2025-04-01,Niger,CPI_ALL_ITEMS_YOY_PCT,34.84558642494477,True
2025-04-01,Ogun,CPI_ALL_ITEMS_YOY_PCT,20.910826636437235,True
2025-04-01,Ondo,CPI_ALL_ITEMS_YOY_PCT,13.417281306479452,True
2025-04-01,Osun,CPI_ALL_ITEMS_YOY_PCT,23.31708909469725,True
2025-04-01,Oyo,CPI_ALL_ITEMS_YOY_PCT,18.730179777172168,True
2025-04-01,Plateau,CPI_ALL_ITEMS_YOY_PCT,18.869460651372638,True
2025-04-01,Rivers,CPI_ALL_ITEMS_YOY_PCT,19.246242683503567,True
2025-04-01,Sokoto,CPI_ALL_ITEMS_YOY_PCT,30.53631780193686,True
2025-04-01,Taraba,CPI_ALL_ITEMS_YOY_PCT,19.89649443899833,True
2025-04-01,Yobe,CPI_ALL_ITEMS_YOY_PCT,27.93449396771149,True
2025-04-01,Zamfara,CPI_ALL_ITEMS_YOY_PCT,33.239834069104376,True
2025-05-01,Abia,CPI_ALL_ITEMS_YOY_PCT,22.458531850113346,True
2025-05-01,Abuja,CPI_ALL_ITEMS_YOY_PCT,31.092450176514237,True
2025-05-01,Adamawa,CPI_ALL_ITEMS_YOY_PCT,18.201633950096262,True
2025-05-01,Akwa Ibom,CPI_ALL_ITEMS_YOY_PCT,19.03203420977934,True
2025-05-01,Anambra,CPI_ALL_ITEMS_YOY_PCT,20.67446132883306,True
2025-05-01,Bauchi,CPI_ALL_ITEMS_YOY_PCT,23.814826243993977,True
2025-05-01,Bayelsa,CPI_ALL_ITEMS_YOY_PCT,23.86632058081834,True
2025-05-01,Benue,CPI_ALL_ITEMS_YOY_PCT,25.865868537057,True
2025-05-01,Borno,CPI_ALL_ITEMS_YOY_PCT,38.9273895482047,True
2025-05-01,Cross River,CPI_ALL_ITEMS_YOY_PCT,26.0672774876886,True
2025-05-01,Delta,CPI_ALL_ITEMS_YOY_PCT,18.408591775752285,True
2025-05-01,Ebonyi,CPI_ALL_ITEMS_YOY_PCT,24.254517684064723,True
2025-05-01,Edo,CPI_ALL_ITEMS_YOY_PCT,26.007949940090768,True
2025-05-01,Ekiti,CPI_ALL_ITEMS_YOY_PCT,19.55971935945071,True
2025-05-01,Enugu,CPI_ALL_ITEMS_YOY_PCT,23.546009695489147,True
2025-05-01,Gombe,CPI_ALL_ITEMS_YOY_PCT,19.065305699227977,True
2025-05-01,Imo,CPI_ALL_ITEMS_YOY_PCT,20.409284546275455,True
2025-05-01,Jigawa,CPI_ALL_ITEMS_YOY_PCT,25.3710786261302,True
2025-05-01,Kaduna,CPI_ALL_ITEMS_YOY_PCT,24.145306245599272,True
2025-05-01,Kano,CPI_ALL_ITEMS_YOY_PCT,23.14311744055996,True
2025-05-01,Katsina,CPI_ALL_ITEMS_YOY_PCT,16.24880215319031,True
2025-05-01,Kebbi,CPI_ALL_ITEMS_YOY_PCT,23.55944715621689,True
2025-05-01,Kogi,CPI_ALL_ITEMS_YOY_PCT,25.15274753866126,True
2025-05-01,Kwara,CPI_ALL_ITEMS_YOY_PCT,25.62771466284093,True
2025-05-01,Lagos,CPI_ALL_ITEMS_YOY_PCT,20.244867327093477,True
2025-05-01,Nasarawa,CPI_ALL_ITEMS_YOY_PCT,27.37230736989993,True
2025-05-01,Niger,CPI_ALL_ITEMS_YOY_PCT,34.97436500273744,True
2025-05-01,Ogun,CPI_ALL_ITEMS_YOY_PCT,23.410811099840046,True
2025-05-01,Ondo,CPI_ALL_ITEMS_YOY_PCT,18.889364359287384,True
2025-05-01,Osun,CPI_ALL_ITEMS_YOY_PCT,20.804830564075917,True
2025-05-01,Oyo,CPI_ALL_ITEMS_YOY_PCT,28.89301455873249,True
2025-05-01,Plateau,CPI_ALL_ITEMS_YOY_PCT,32.345768594861994,True
2025-05-01,Rivers,CPI_ALL_ITEMS_YOY_PCT,19.641342577640813,True
2025-05-01,Sokoto,CPI_ALL_ITEMS_YOY_PCT,18.51769206930436,True
2025-05-01,Taraba,CPI_ALL_ITEMS_YOY_PCT,26.50552641228745,True
2025-05-01,Yobe,CPI_ALL_ITEMS_YOY_PCT,18.61735055263574,True
2025-05-01,Zamfara,CPI_ALL_ITEMS_YOY_PCT,20.08749493648708,True
2025-06-01,Abia,CPI_ALL_ITEMS_YOY_PCT,24.56552272947292,True
2025-06-01,Abuja,CPI_ALL_ITEMS_YOY_PCT,26.786471699403307,True
2025-06-01,Adamawa,CPI_ALL_ITEMS_YOY_PCT,16.940454804498955,True
2025-06-01,Akwa Ibom,CPI_ALL_ITEMS_YOY_PCT,22.1771682576627,True
2025-06-01,Anambra,CPI_ALL_ITEMS_YOY_PCT,23.10428009860497,True
2025-06-01,Bauchi,CPI_ALL_ITEMS_YOY_PCT,21.65380268633379,True
2025-06-01,Bayelsa,CPI_ALL_ITEMS_YOY_PCT,21.196212098249404,True
2025-06-01,Benue,CPI_ALL_ITEMS_YOY_PCT,25.90586284225489,True
2025-06-01,Borno,CPI_ALL_ITEMS_YOY_PCT,31.633205903414904,True
2025-06-01,Cross River,CPI_ALL_ITEMS_YOY_PCT,22.589847520594677,True
2025-06-01,Delta,CPI_ALL_ITEMS_YOY_PCT,21.683978141083387,True
2025-06-01,Ebonyi,CPI_ALL_ITEMS_YOY_PCT,23.91733706492793,True
2025-06-01,Edo,CPI_ALL_ITEMS_YOY_PCT,20.41742043293493,True
2025-06-01,Ekiti,CPI_ALL_ITEMS_YOY_PCT,23.300132349297925,True
2025-06-01,Enugu,CPI_ALL_ITEMS_YOY_PCT,25.64580148322777,True
2025-06-01,Gombe,CPI_ALL_ITEMS_YOY_PCT,18.740449624287464,True
2025-06-01,Imo,CPI_ALL_ITEMS_YOY_PCT,24.2810225811412,True
2025-06-01,Jigawa,CPI_ALL_ITEMS_YOY_PCT,19.559331998302586,True
2025-06-01,Kaduna,CPI_ALL_ITEMS_YOY_PCT,23.241228115009548,True
2025-06-01,Kano,CPI_ALL_ITEMS_YOY_PCT,22.74328779895292,True
2025-06-01,Katsina,CPI_ALL_ITEMS_YOY_PCT,17.51498846308766,True
2025-06-01,Kebbi,CPI_ALL_ITEMS_YOY_PCT,22.948728161086198,True
2025-06-01,Kogi,CPI_ALL_ITEMS_YOY_PCT,22.63360670383004,True
2025-06-01,Kwara,CPI_ALL_ITEMS_YOY_PCT,21.230247128979517,True
2025-06-01,Lagos,CPI_ALL_ITEMS_YOY_PCT,24.00854491430744,True
2025-06-01,Nasarawa,CPI_ALL_ITEMS_YOY_PCT,23.74233084963456,True
2025-06-01,Niger,CPI_ALL_ITEMS_YOY_PCT,24.72995972177389,True
2025-06-01,Ogun,CPI_ALL_ITEMS_YOY_PCT,20.62415476670489,True
2025-06-01,Ondo,CPI_ALL_ITEMS_YOY_PCT,18.200202510052407,True
2025-06-01,Osun,CPI_ALL_ITEMS_YOY_PCT,23.002480963158817,True
2025-06-01,Oyo,CPI_ALL_ITEMS_YOY_PCT,22.1449828276606,True
2025-06-01,Plateau,CPI_ALL_ITEMS_YOY_PCT,24.70376267150129,True
2025-06-01,Rivers,CPI_ALL_ITEMS_YOY_PCT,21.180189759122285,True
2025-06-01,Sokoto,CPI_ALL_ITEMS_YOY_PCT,15.779037476638976,True
2025-06-01,Taraba,CPI_ALL_ITEMS_YOY_PCT,22.949529909272957,True
2025-06-01,Yobe,CPI_ALL_ITEMS_YOY_PCT,13.514981686323722,True
2025-06-01,Zamfara,CPI_ALL_ITEMS_YOY_PCT,9.89655514002527,True
2025-07-01,Abia,CPI_ALL_ITEMS_YOY_PCT,21.687896461662877,True
2025-07-01,Abuja,CPI_ALL_ITEMS_YOY_PCT,24.1954811505118,True
2025-07-01,Adamawa,CPI_ALL_ITEMS_YOY_PCT,16.304842335513953,True
2025-07-01,Akwa Ibom,CPI_ALL_ITEMS_YOY_PCT,21.795716697794504,True
2025-07-01,Anambra,CPI_ALL_ITEMS_YOY_PCT,20.317231209561243,True
2025-07-01,Bauchi,CPI_ALL_ITEMS_YOY_PCT,18.89747579975472,True
2025-07-01,Bayelsa,CPI_ALL_ITEMS_YOY_PCT,20.304316974516357,True
2025-07-01,Benue,CPI_ALL_ITEMS_YOY_PCT,25.73271481353541,True
2025-07-01,Borno,CPI_ALL_ITEMS_YOY_PCT,34.51724344689728,True
2025-07-01,Cross River,CPI_ALL_ITEMS_YOY_PCT,21.78882429210445,True
2025-07-01,Delta,CPI_ALL_ITEMS_YOY_PCT,22.143656255053106,True
2025-07-01,Ebonyi,CPI_ALL_ITEMS_YOY_PCT,23.54751135915589,True
2025-07-01,Edo,CPI_ALL_ITEMS_YOY_PCT,21.22987451604874,True
2025-07-01,Ekiti,CPI_ALL_ITEMS_YOY_PCT,23.31823232359189,True
2025-07-01,Enugu,CPI_ALL_ITEMS_YOY_PCT,22.46490199787563,True
2025-07-01,Gombe,CPI_ALL_ITEMS_YOY_PCT,17.410743985347764,True
2025-07-01,Imo,CPI_ALL_ITEMS_YOY_PCT,23.12784306751365,True
2025-07-01,Jigawa,CPI_ALL_ITEMS_YOY_PCT,19.411120413182672,True
2025-07-01,Kaduna,CPI_ALL_ITEMS_YOY_PCT,23.642249660844517,True
2025-07-01,Kano,CPI_ALL_ITEMS_YOY_PCT,25.07891066397237,True
2025-07-01,Katsina,CPI_ALL_ITEMS_YOY_PCT,15.640501184153166,True
2025-07-01,Kebbi,CPI_ALL_ITEMS_YOY_PCT,22.61497943617545,True
2025-07-01,Kogi,CPI_ALL_ITEMS_YOY_PCT,21.75998914235906,True
2025-07-01,Kwara,CPI_ALL_ITEMS_YOY_PCT,23.490609833694336,True
2025-07-01,Lagos,CPI_ALL_ITEMS_YOY_PCT,21.431648021643284,True
2025-07-01,Nasarawa,CPI_ALL_ITEMS_YOY_PCT,24.04651465791885,True
2025-07-01,Niger,CPI_ALL_ITEMS_YOY_PCT,27.182657672437657,True
2025-07-01,Ogun,CPI_ALL_ITEMS_YOY_PCT,20.810937408635382,True
2025-07-01,Ondo,CPI_ALL_ITEMS_YOY_PCT,18.429436654531543,True
2025-07-01,Osun,CPI_ALL_ITEMS_YOY_PCT,24.13781232779371,True
2025-07-01,Oyo,CPI_ALL_ITEMS_YOY_PCT,24.59919721229376,True
2025-07-01,Plateau,CPI_ALL_ITEMS_YOY_PCT,23.28521967107345,True
2025-07-01,Rivers,CPI_ALL_ITEMS_YOY_PCT,20.03089681469747,True
2025-07-01,Sokoto,CPI_ALL_ITEMS_YOY_PCT,16.4615229622473,True
2025-07-01,Taraba,CPI_ALL_ITEMS_YOY_PCT,24.92994212636863,True
2025-07-01,Yobe,CPI_ALL_ITEMS_YOY_PCT,11.425732450771392,True
2025-07-01,Zamfara,CPI_ALL_ITEMS_YOY_PCT,12.75231235625165,True
2025-08-01,Abia,CPI_ALL_ITEMS_YOY_PCT,22.017145125953743,True
2025-08-01,Abuja,CPI_ALL_ITEMS_YOY_PCT,24.230360371751274,True
2025-08-01,Adamawa,CPI_ALL_ITEMS_YOY_PCT,17.17153592859617,True
2025-08-01,Akwa Ibom,CPI_ALL_ITEMS_YOY_PCT,20.70545807662856,True
2025-08-01,Anambra,CPI_ALL_ITEMS_YOY_PCT,14.16451285927414,True
2025-08-01,Bauchi,CPI_ALL_ITEMS_YOY_PCT,15.294093223967934,True
2025-08-01,Bayelsa,CPI_ALL_ITEMS_YOY_PCT,23.833770873555807,True
2025-08-01,Benue,CPI_ALL_ITEMS_YOY_PCT,23.72277335558553,True
2025-08-01,Borno,CPI_ALL_ITEMS_YOY_PCT,26.31,True
2025-08-01,Cross River,CPI_ALL_ITEMS_YOY_PCT,19.907907626747985,True
2025-08-01,Delta,CPI_ALL_ITEMS_YOY_PCT,19.409533283841935,True
2025-08-01,Ebonyi,CPI_ALL_ITEMS_YOY_PCT,21.15227949347596,True
2025-08-01,Edo,CPI_ALL_ITEMS_YOY_PCT,21.83882986814312,True
2025-08-01,Ekiti,CPI_ALL_ITEMS_YOY_PCT,28.171812942660807,True
2025-08-01,Enugu,CPI_ALL_ITEMS_YOY_PCT,14.20308222326885,True
2025-08-01,Gombe,CPI_ALL_ITEMS_YOY_PCT,20.852787557579447,True
2025-08-01,Imo,CPI_ALL_ITEMS_YOY_PCT,18.277526653802823,True
2025-08-01,Jigawa,CPI_ALL_ITEMS_YOY_PCT,23.10508095188007,True
2025-08-01,Kaduna,CPI_ALL_ITEMS_YOY_PCT,23.07304647404349,True
2025-08-01,Kano,CPI_ALL_ITEMS_YOY_PCT,27.269202297054008,True
2025-08-01,Katsina,CPI_ALL_ITEMS_YOY_PCT,22.97317004687403,True
2025-08-01,Kebbi,CPI_ALL_ITEMS_YOY_PCT,21.563375410539365,True
2025-08-01,Kogi,CPI_ALL_ITEMS_YOY_PCT,23.700830515307644,True
2025-08-01,Kwara,CPI_ALL_ITEMS_YOY_PCT,24.39896977454245,True
2025-08-01,Lagos,CPI_ALL_ITEMS_YOY_PCT,14.673233318108544,True
2025-08-01,Nasarawa,CPI_ALL_ITEMS_YOY_PCT,16.31795312415987,True
2025-08-01,Niger,CPI_ALL_ITEMS_YOY_PCT,25.45435484120975,True
2025-08-01,Ogun,CPI_ALL_ITEMS_YOY_PCT,24.311625880890617,True
2025-08-01,Ondo,CPI_ALL_ITEMS_YOY_PCT,17.627807490533414,True
2025-08-01,Osun,CPI_ALL_ITEMS_YOY_PCT,22.05550987771548,True
2025-08-01,Oyo,CPI_ALL_ITEMS_YOY_PCT,26.58496720164669,True
2025-08-01,Plateau,CPI_ALL_ITEMS_YOY_PCT,24.76927293729834,True
2025-08-01,Rivers,CPI_ALL_ITEMS_YOY_PCT,21.02146817198671,True
2025-08-01,Sokoto,CPI_ALL_ITEMS_YOY_PCT,22.48158332081222,True
2025-08-01,Taraba,CPI_ALL_ITEMS_YOY_PCT,17.511614564906026,True
2025-08-01,Yobe,CPI_ALL_ITEMS_YOY_PCT,18.063847124173197,True
2025-08-01,Zamfara,CPI_ALL_ITEMS_YOY_PCT,11.82304633774814,True
2025-09-01,Abia,CPI_ALL_ITEMS_YOY_PCT,19.87008170588092,True
2025-09-01,Abuja,CPI_ALL_ITEMS_YOY_PCT,18.0274955279027,True
2025-09-01,Adamawa,CPI_ALL_ITEMS_YOY_PCT,23.686308889095287,True
2025-09-01,Akwa Ibom,CPI_ALL_ITEMS_YOY_PCT,16.254094428152825,True
2025-09-01,Anambra,CPI_ALL_ITEMS_YOY_PCT,9.277858431319146,True
2025-09-01,Bauchi,CPI_ALL_ITEMS_YOY_PCT,12.356589466778573,True
2025-09-01,Bayelsa,CPI_ALL_ITEMS_YOY_PCT,14.751822657927292,True
2025-09-01,Benue,CPI_ALL_ITEMS_YOY_PCT,19.066435757924083,True
2025-09-01,Borno,CPI_ALL_ITEMS_YOY_PCT,19.65243441287423,True
2025-09-01,Cross River,CPI_ALL_ITEMS_YOY_PCT,17.811938029764576,True
2025-09-01,Delta,CPI_ALL_ITEMS_YOY_PCT,18.42011813496896,True
2025-09-01,Ebonyi,CPI_ALL_ITEMS_YOY_PCT,14.768948188686636,True
2025-09-01,Edo,CPI_ALL_ITEMS_YOY_PCT,20.210420572039524,True
2025-09-01,Ekiti,CPI_ALL_ITEMS_YOY_PCT,20.753619459157303,True
2025-09-01,Enugu,CPI_ALL_ITEMS_YOY_PCT,12.37253371858064,True
2025-09-01,Gombe,CPI_ALL_ITEMS_YOY_PCT,16.740715469718694,True
2025-09-01,Imo,CPI_ALL_ITEMS_YOY_PCT,15.803308654302867,True
2025-09-01,Jigawa,CPI_ALL_ITEMS_YOY_PCT,16.261731938175572,True
2025-09-01,Kaduna,CPI_ALL_ITEMS_YOY_PCT,20.55167308972075,True
2025-09-01,Kano,CPI_ALL_ITEMS_YOY_PCT,19.2615389384202,True
2025-09-01,Katsina,CPI_ALL_ITEMS_YOY_PCT,23.528856466029268,True
2025-09-01,Kebbi,CPI_ALL_ITEMS_YOY_PCT,18.277177620470525,True
2025-09-01,Kogi,CPI_ALL_ITEMS_YOY_PCT,19.540955456680592,True
2025-09-01,Kwara,CPI_ALL_ITEMS_YOY_PCT,18.897088099255622,True
2025-09-01,Lagos,CPI_ALL_ITEMS_YOY_PCT,19.410990817993905,True
2025-09-01,Nasarawa,CPI_ALL_ITEMS_YOY_PCT,22.290699151928425,True
2025-09-01,Niger,CPI_ALL_ITEMS_YOY_PCT,11.78541118843583,True
2025-09-01,Ogun,CPI_ALL_ITEMS_YOY_PCT,17.729056157962162,True
2025-09-01,Ondo,CPI_ALL_ITEMS_YOY_PCT,16.262956635587173,True
2025-09-01,Osun,CPI_ALL_ITEMS_YOY_PCT,20.753412761741583,True
2025-09-01,Oyo,CPI_ALL_ITEMS_YOY_PCT,16.908757971686583,True
2025-09-01,Plateau,CPI_ALL_ITEMS_YOY_PCT,17.334362414831745,True
2025-09-01,Rivers,CPI_ALL_ITEMS_YOY_PCT,18.34085803888854,True
2025-09-01,Sokoto,CPI_ALL_ITEMS_YOY_PCT,13.99358282440224,True
2025-09-01,Taraba,CPI_ALL_ITEMS_YOY_PCT,17.919396123251175,True
2025-09-01,Yobe,CPI_ALL_ITEMS_YOY_PCT,16.303295033209025,True
2025-09-01,Zamfara,CPI_ALL_ITEMS_YOY_PCT,18.00662285857277,True
2025-10-01,Abia,CPI_ALL_ITEMS_YOY_PCT,16.549605933366607,True
2025-10-01,Abuja,CPI_ALL_ITEMS_YOY_PCT,15.309134318316936,True
2025-10-01,Adamawa,CPI_ALL_ITEMS_YOY_PCT,15.69597962207932,True
2025-10-01,Akwa Ibom,CPI_ALL_ITEMS_YOY_PCT,12.706890806957745,True
2025-10-01,Anambra,CPI_ALL_ITEMS_YOY_PCT,11.722573609556733,True
2025-10-01,Bauchi,CPI_ALL_ITEMS_YOY_PCT,9.99036923379903,True
2025-10-01,Bayelsa,CPI_ALL_ITEMS_YOY_PCT,12.26519291176136,True
2025-10-01,Benue,CPI_ALL_ITEMS_YOY_PCT,17.08235658629566,True
2025-10-01,Borno,CPI_ALL_ITEMS_YOY_PCT,16.975804782424774,True
2025-10-01,Cross River,CPI_ALL_ITEMS_YOY_PCT,14.150023711897887,True
2025-10-01,Delta,CPI_ALL_ITEMS_YOY_PCT,18.25977709090789,True
2025-10-01,Ebonyi,CPI_ALL_ITEMS_YOY_PCT,16.70951686192626,True
2025-10-01,Edo,CPI_ALL_ITEMS_YOY_PCT,12.743042149903914,True
2025-10-01,Ekiti,CPI_ALL_ITEMS_YOY_PCT,20.13711387039254,True
2025-10-01,Enugu,CPI_ALL_ITEMS_YOY_PCT,15.476474292171162,True
2025-10-01,Gombe,CPI_ALL_ITEMS_YOY_PCT,11.730531152721625,True
2025-10-01,Imo,CPI_ALL_ITEMS_YOY_PCT,16.14692498433314,True
2025-10-01,Jigawa,CPI_ALL_ITEMS_YOY_PCT,15.118814202839827,True
2025-10-01,Kaduna,CPI_ALL_ITEMS_YOY_PCT,17.54413059464241,True
2025-10-01,Kano,CPI_ALL_ITEMS_YOY_PCT,17.27509114934429,True
2025-10-01,Katsina,CPI_ALL_ITEMS_YOY_PCT,16.337769756212325,True
2025-10-01,Kebbi,CPI_ALL_ITEMS_YOY_PCT,14.613471539317445,True
2025-10-01,Kogi,CPI_ALL_ITEMS_YOY_PCT,16.236457386325526,True
2025-10-01,Kwara,CPI_ALL_ITEMS_YOY_PCT,17.929798395366532,True
2025-10-01,Lagos,CPI_ALL_ITEMS_YOY_PCT,16.916581665749362,True
2025-10-01,Nasarawa,CPI_ALL_ITEMS_YOY_PCT,18.9653352480521,True
2025-10-01,Niger,CPI_ALL_ITEMS_YOY_PCT,14.617096414446635,True
2025-10-01,Ogun,CPI_ALL_ITEMS_YOY_PCT,18.314123172218984,True
2025-10-01,Ondo,CPI_ALL_ITEMS_YOY_PCT,16.616091059017933,True
2025-10-01,Osun,CPI_ALL_ITEMS_YOY_PCT,17.788477444134415,True
2025-10-01,Oyo,CPI_ALL_ITEMS_YOY_PCT,14.798628550387122,True
2025-10-01,Plateau,CPI_ALL_ITEMS_YOY_PCT,16.00716682241965,True
2025-10-01,Rivers,CPI_ALL_ITEMS_YOY_PCT,17.166268150594988,True
2025-10-01,Sokoto,CPI_ALL_ITEMS_YOY_PCT,13.060708053634045,True
2025-10-01,Taraba,CPI_ALL_ITEMS_YOY_PCT,16.61089482204268,True
2025-10-01,Yobe,CPI_ALL_ITEMS_YOY_PCT,13.916136151943874,True
2025-10-01,Zamfara,CPI_ALL_ITEMS_YOY_PCT,18.80789657200297,True
2025-11-01,Abia,CPI_ALL_ITEMS_YOY_PCT,13.814582530186854,True
2025-11-01,Abuja,CPI_ALL_ITEMS_YOY_PCT,12.339199590787445,True
2025-11-01,Adamawa,CPI_ALL_ITEMS_YOY_PCT,13.81545661477584,True
2025-11-01,Akwa Ibom,CPI_ALL_ITEMS_YOY_PCT,12.475147664010136,True
2025-11-01,Anambra,CPI_ALL_ITEMS_YOY_PCT,12.204237698496344,True
2025-11-01,Bauchi,CPI_ALL_ITEMS_YOY_PCT,10.86885284450186,True
2025-11-01,Bayelsa,CPI_ALL_ITEMS_YOY_PCT,16.735048860634265,True
2025-11-01,Benue,CPI_ALL_ITEMS_YOY_PCT,16.284053345788934,True
2025-11-01,Borno,CPI_ALL_ITEMS_YOY_PCT,15.087438676601463,True
2025-11-01,Cross River,CPI_ALL_ITEMS_YOY_PCT,15.228046041440948,True
2025-11-01,Delta,CPI_ALL_ITEMS_YOY_PCT,13.602683437149793,True
2025-11-01,Ebonyi,CPI_ALL_ITEMS_YOY_PCT,13.013320908278727,True
2025-11-01,Edo,CPI_ALL_ITEMS_YOY_PCT,13.834524430549692,True
2025-11-01,Ekiti,CPI_ALL_ITEMS_YOY_PCT,16.77141129212987,True
2025-11-01,Enugu,CPI_ALL_ITEMS_YOY_PCT,15.776495582903747,True
2025-11-01,Gombe,CPI_ALL_ITEMS_YOY_PCT,13.732507628349095,True
2025-11-01,Imo,CPI_ALL_ITEMS_YOY_PCT,14.054805693562033,True
2025-11-01,Jigawa,CPI_ALL_ITEMS_YOY_PCT,16.03036754374341,True
2025-11-01,Kaduna,CPI_ALL_ITEMS_YOY_PCT,11.634166709867742,True
2025-11-01,Kano,CPI_ALL_ITEMS_YOY_PCT,10.832076161835417,True
2025-11-01,Katsina,CPI_ALL_ITEMS_YOY_PCT,10.603747506341447,True
2025-11-01,Kebbi,CPI_ALL_ITEMS_YOY_PCT,10.321707321996271,True
2025-11-01,Kogi,CPI_ALL_ITEMS_YOY_PCT,16.4911041041303,True
2025-11-01,Kwara,CPI_ALL_ITEMS_YOY_PCT,15.855539762090046,True
2025-11-01,Lagos,CPI_ALL_ITEMS_YOY_PCT,15.56045888005852,True
2025-11-01,Nasarawa,CPI_ALL_ITEMS_YOY_PCT,12.272621094504103,True
2025-11-01,Niger,CPI_ALL_ITEMS_YOY_PCT,16.18432405379744,True
2025-11-01,Ogun,CPI_ALL_ITEMS_YOY_PCT,17.647321794733514,True
2025-11-01,Ondo,CPI_ALL_ITEMS_YOY_PCT,14.646369149208937,True
2025-11-01,Osun,CPI_ALL_ITEMS_YOY_PCT,16.41935681778625,True
2025-11-01,Oyo,CPI_ALL_ITEMS_YOY_PCT,13.498005010654907,True
2025-11-01,Plateau,CPI_ALL_ITEMS_YOY_PCT,9.128516954689772,True
2025-11-01,Rivers,CPI_ALL_ITEMS_YOY_PCT,17.775406679125723,True
2025-11-01,Sokoto,CPI_ALL_ITEMS_YOY_PCT,12.074451365898083,True
2025-11-01,Taraba,CPI_ALL_ITEMS_YOY_PCT,11.746860036442058,True
2025-11-01,Yobe,CPI_ALL_ITEMS_YOY_PCT,11.245137037408284,True
2025-11-01,Zamfara,CPI_ALL_ITEMS_YOY_PCT,14.221798855023977,True
2025-12-01,Abia,CPI_ALL_ITEMS_YOY_PCT,19.03405795374202,True
2025-12-01,Abuja,CPI_ALL_ITEMS_YOY_PCT,17.993127698635504,True
2025-12-01,Adamawa,CPI_ALL_ITEMS_YOY_PCT,13.339355099458189,True
2025-12-01,Akwa Ibom,CPI_ALL_ITEMS_YOY_PCT,10.935602811015627,True
2025-12-01,Anambra,CPI_ALL_ITEMS_YOY_PCT,12.678985626109252,True
2025-12-01,Bauchi,CPI_ALL_ITEMS_YOY_PCT,10.844474613186335,True
2025-12-01,Bayelsa,CPI_ALL_ITEMS_YOY_PCT,16.834979198562294,True
2025-12-01,Benue,CPI_ALL_ITEMS_YOY_PCT,15.052254215279577,True
2025-12-01,Borno,CPI_ALL_ITEMS_YOY_PCT,17.031750663414,True
2025-12-01,Cross River,CPI_ALL_ITEMS_YOY_PCT,16.85544334347992,True
2025-12-01,Delta,CPI_ALL_ITEMS_YOY_PCT,15.646470154826003,True
2025-12-01,Ebonyi,CPI_ALL_ITEMS_YOY_PCT,14.851063400053732,True
2025-12-01,Edo,CPI_ALL_ITEMS_YOY_PCT,16.3627600609817,True
2025-12-01,Ekiti,CPI_ALL_ITEMS_YOY_PCT,16.868807820713712,True
2025-12-01,Enugu,CPI_ALL_ITEMS_YOY_PCT,16.991391537690077,True
2025-12-01,Gombe,CPI_ALL_ITEMS_YOY_PCT,11.26397030652184,True
2025-12-01,Imo,CPI_ALL_ITEMS_YOY_PCT,13.81284879766804,True
2025-12-01,Jigawa,CPI_ALL_ITEMS_YOY_PCT,13.935951791509764,True
2025-12-01,Kaduna,CPI_ALL_ITEMS_YOY_PCT,10.38139433981189,True
2025-12-01,Kano,CPI_ALL_ITEMS_YOY_PCT,15.411890485642644,True
2025-12-01,Katsina,CPI_ALL_ITEMS_YOY_PCT,18.655808385410538,True
2025-12-01,Kebbi,CPI_ALL_ITEMS_YOY_PCT,13.751902910029813,True
2025-12-01,Kogi,CPI_ALL_ITEMS_YOY_PCT,15.01996922666524,True
2025-12-01,Kwara,CPI_ALL_ITEMS_YOY_PCT,13.587513513668457,True
2025-12-01,Lagos,CPI_ALL_ITEMS_YOY_PCT,17.45414299823389,True
2025-12-01,Nasarawa,CPI_ALL_ITEMS_YOY_PCT,15.365120107010611,True
2025-12-01,Niger,CPI_ALL_ITEMS_YOY_PCT,14.019537018400513,True
2025-12-01,Ogun,CPI_ALL_ITEMS_YOY_PCT,18.798635976436472,True
2025-12-01,Ondo,CPI_ALL_ITEMS_YOY_PCT,10.47537586871978,True
2025-12-01,Osun,CPI_ALL_ITEMS_YOY_PCT,14.259912217937114,True
2025-12-01,Oyo,CPI_ALL_ITEMS_YOY_PCT,13.413423145000069,True
2025-12-01,Plateau,CPI_ALL_ITEMS_YOY_PCT,9.050221048621722,True
2025-12-01,Rivers,CPI_ALL_ITEMS_YOY_PCT,15.962665081748469,True
2025-12-01,Sokoto,CPI_ALL_ITEMS_YOY_PCT,8.610263902619721,True
2025-12-01,Taraba,CPI_ALL_ITEMS_YOY_PCT,11.880759336444015,True
2025-12-01,Yobe,CPI_ALL_ITEMS_YOY_PCT,17.231219604017213,True
2025-12-01,Zamfara,CPI_ALL_ITEMS_YOY_PCT,13.70865649195592,True
2026-01-01,Abia,CPI_ALL_ITEMS_YOY_PCT,11.67079255256813,True
2026-01-01,Abuja,CPI_ALL_ITEMS_YOY_PCT,19.248438208887865,True
2026-01-01,Adamawa,CPI_ALL_ITEMS_YOY_PCT,19.190191563818274,True
2026-01-01,Akwa Ibom,CPI_ALL_ITEMS_YOY_PCT,16.411310777166307,True
2026-01-01,Anambra,CPI_ALL_ITEMS_YOY_PCT,17.27414674142507,True
2026-01-01,Bauchi,CPI_ALL_ITEMS_YOY_PCT,15.01064465504723,True
2026-01-01,Bayelsa,CPI_ALL_ITEMS_YOY_PCT,15.945775023447451,True
2026-01-01,Benue,CPI_ALL_ITEMS_YOY_PCT,22.48214051781359,True
2026-01-01,Borno,CPI_ALL_ITEMS_YOY_PCT,15.00417585417047,True
2026-01-01,Cross River,CPI_ALL_ITEMS_YOY_PCT,14.60552803324022,True
2026-01-01,Delta,CPI_ALL_ITEMS_YOY_PCT,13.579129887507648,True
2026-01-01,Ebonyi,CPI_ALL_ITEMS_YOY_PCT,8.720124908425618,True
2026-01-01,Edo,CPI_ALL_ITEMS_YOY_PCT,13.740962351111747,True
2026-01-01,Ekiti,CPI_ALL_ITEMS_YOY_PCT,16.42598683556149,True
2026-01-01,Enugu,CPI_ALL_ITEMS_YOY_PCT,11.038654446795434,True
2026-01-01,Gombe,CPI_ALL_ITEMS_YOY_PCT,13.737914156895158,True
2026-01-01,Imo,CPI_ALL_ITEMS_YOY_PCT,10.60726363312034,True
2026-01-01,Jigawa,CPI_ALL_ITEMS_YOY_PCT,13.895194235065958,True
2026-01-01,Kaduna,CPI_ALL_ITEMS_YOY_PCT,11.406696888606788,True
2026-01-01,Kano,CPI_ALL_ITEMS_YOY_PCT,13.9401456135283,True
2026-01-01,Katsina,CPI_ALL_ITEMS_YOY_PCT,8.939667842750069,True
2026-01-01,Kebbi,CPI_ALL_ITEMS_YOY_PCT,16.194334615802134,True
2026-01-01,Kogi,CPI_ALL_ITEMS_YOY_PCT,20.97684879883357,True
2026-01-01,Kwara,CPI_ALL_ITEMS_YOY_PCT,16.754601970420552,True
2026-01-01,Lagos,CPI_ALL_ITEMS_YOY_PCT,16.227141772668773,True
2026-01-01,Nasarawa,CPI_ALL_ITEMS_YOY_PCT,17.28637591426289,True
2026-01-01,Niger,CPI_ALL_ITEMS_YOY_PCT,16.8611490990409,True
2026-01-01,Ogun,CPI_ALL_ITEMS_YOY_PCT,12.862018645293787,True
2026-01-01,Ondo,CPI_ALL_ITEMS_YOY_PCT,13.198277006244568,True
2026-01-01,Osun,CPI_ALL_ITEMS_YOY_PCT,18.132058255964463,True
2026-01-01,Oyo,CPI_ALL_ITEMS_YOY_PCT,16.907668122519354,True
2026-01-01,Plateau,CPI_ALL_ITEMS_YOY_PCT,15.799546975427802,True
2026-01-01,Rivers,CPI_ALL_ITEMS_YOY_PCT,14.161631442468774,True
2026-01-01,Sokoto,CPI_ALL_ITEMS_YOY_PCT,16.473298483628,True
2026-01-01,Taraba,CPI_ALL_ITEMS_YOY_PCT,16.234508150448463,True
2026-01-01,Yobe,CPI_ALL_ITEMS_YOY_PCT,19.145632861476106,True
2026-01-01,Zamfara,CPI_ALL_ITEMS_YOY_PCT,14.74689220546172,True
2026-03-01,Abia,CPI_ALL_ITEMS_YOY_PCT,15.34375677410526,True
2026-03-01,Abuja,CPI_ALL_ITEMS_YOY_PCT,16.717885624858837,True
2026-03-01,Adamawa,CPI_ALL_ITEMS_YOY_PCT,16.75418554925659,True
2026-03-01,Akwa Ibom,CPI_ALL_ITEMS_YOY_PCT,22.2032832147944,True
2026-03-01,Anambra,CPI_ALL_ITEMS_YOY_PCT,19.0316972596883,True
2026-03-01,Bauchi,CPI_ALL_ITEMS_YOY_PCT,23.667175515311698,True
2026-03-01,Bayelsa,CPI_ALL_ITEMS_YOY_PCT,27.3723036721275,True
2026-03-01,Benue,CPI_ALL_ITEMS_YOY_PCT,18.93177921920997,True
2026-03-01,Borno,CPI_ALL_ITEMS_YOY_PCT,17.746552829241608,True
2026-03-01,Cross River,CPI_ALL_ITEMS_YOY_PCT,23.59443624108768,True
2026-03-01,Delta,CPI_ALL_ITEMS_YOY_PCT,16.227599343317763,True
2026-03-01,Ebonyi,CPI_ALL_ITEMS_YOY_PCT,13.283954268211003,True
2026-03-01,Edo,CPI_ALL_ITEMS_YOY_PCT,11.17368303998778,True
2026-03-01,Ekiti,CPI_ALL_ITEMS_YOY_PCT,16.520963603629312,True
2026-03-01,Enugu,CPI_ALL_ITEMS_YOY_PCT,18.87790440114894,True
2026-03-01,Gombe,CPI_ALL_ITEMS_YOY_PCT,19.19256609982457,True
2026-03-01,Imo,CPI_ALL_ITEMS_YOY_PCT,11.987407722167774,True
2026-03-01,Jigawa,CPI_ALL_ITEMS_YOY_PCT,10.697076084320514,True
2026-03-01,Kaduna,CPI_ALL_ITEMS_YOY_PCT,10.379457453784696,True
2026-03-01,Kano,CPI_ALL_ITEMS_YOY_PCT,9.853125548829794,True
2026-03-01,Katsina,CPI_ALL_ITEMS_YOY_PCT,11.860714953496782,True
2026-03-01,Kebbi,CPI_ALL_ITEMS_YOY_PCT,11.419889366808718,True
2026-03-01,Kogi,CPI_ALL_ITEMS_YOY_PCT,17.5377142173526,True
2026-03-01,Kwara,CPI_ALL_ITEMS_YOY_PCT,22.86306569291665,True
2026-03-01,Lagos,CPI_ALL_ITEMS_YOY_PCT,12.318034437580708,True
2026-03-01,Nasarawa,CPI_ALL_ITEMS_YOY_PCT,19.541933446825183,True
2026-03-01,Niger,CPI_ALL_ITEMS_YOY_PCT,20.740951719845995,True
2026-03-01,Ogun,CPI_ALL_ITEMS_YOY_PCT,11.622814985699703,True
2026-03-01,Ondo,CPI_ALL_ITEMS_YOY_PCT,18.56738987447841,True
2026-03-01,Osun,CPI_ALL_ITEMS_YOY_PCT,5.252339056612726,True
2026-03-01,Oyo,CPI_ALL_ITEMS_YOY_PCT,11.34313482093694,True
2026-03-01,Plateau,CPI_ALL_ITEMS_YOY_PCT,19.559885085433336,True
2026-03-01,Rivers,CPI_ALL_ITEMS_YOY_PCT,16.019085832518428,True
2026-03-01,Sokoto,CPI_ALL_ITEMS_YOY_PCT,26.025066556619294,True
2026-03-01,Taraba,CPI_ALL_ITEMS_YOY_PCT,21.214956454683477,True
2026-03-01,Yobe,CPI_ALL_ITEMS_YOY_PCT,19.66614285583239,True
2026-03-01,Zamfara,CPI_ALL_ITEMS_YOY_PCT,15.987618113545793,True
2026-04-01,Abia,CPI_ALL_ITEMS_YOY_PCT,15.621115857571668,True
2026-04-01,Abuja,CPI_ALL_ITEMS_YOY_PCT,9.16213827765948,True
2026-04-01,Adamawa,CPI_ALL_ITEMS_YOY_PCT,15.36246960954189,True
2026-04-01,Akwa Ibom,CPI_ALL_ITEMS_YOY_PCT,17.7224226302628,True
2026-04-01,Anambra,CPI_ALL_ITEMS_YOY_PCT,19.745461267809404,True
2026-04-01,Bauchi,CPI_ALL_ITEMS_YOY_PCT,22.52467004807545,True
2026-04-01,Bayelsa,CPI_ALL_ITEMS_YOY_PCT,20.921080306689333,True
2026-04-01,Benue,CPI_ALL_ITEMS_YOY_PCT,14.936952160587254,True
2026-04-01,Borno,CPI_ALL_ITEMS_YOY_PCT,6.71831563199828,True
2026-04-01,Cross River,CPI_ALL_ITEMS_YOY_PCT,14.881549818003576,True
2026-04-01,Delta,CPI_ALL_ITEMS_YOY_PCT,20.74464018243951,True
2026-04-01,Ebonyi,CPI_ALL_ITEMS_YOY_PCT,10.833446338025295,True
2026-04-01,Edo,CPI_ALL_ITEMS_YOY_PCT,5.906224821525655,True
2026-04-01,Ekiti,CPI_ALL_ITEMS_YOY_PCT,18.39874683095894,True
2026-04-01,Enugu,CPI_ALL_ITEMS_YOY_PCT,16.994510479143088,True
2026-04-01,Gombe,CPI_ALL_ITEMS_YOY_PCT,20.630568547299703,True
2026-04-01,Imo,CPI_ALL_ITEMS_YOY_PCT,18.62465284697457,True
2026-04-01,Jigawa,CPI_ALL_ITEMS_YOY_PCT,7.038697199557802,True
2026-04-01,Kaduna,CPI_ALL_ITEMS_YOY_PCT,7.234196734151396,True
2026-04-01,Kano,CPI_ALL_ITEMS_YOY_PCT,12.156850857468044,True
2026-04-01,Katsina,CPI_ALL_ITEMS_YOY_PCT,13.597630332914392,True
2026-04-01,Kebbi,CPI_ALL_ITEMS_YOY_PCT,13.16100883697915,True
2026-04-01,Kogi,CPI_ALL_ITEMS_YOY_PCT,13.749923576148774,True
2026-04-01,Kwara,CPI_ALL_ITEMS_YOY_PCT,16.86977563071143,True
2026-04-01,Lagos,CPI_ALL_ITEMS_YOY_PCT,19.98407448051711,True
2026-04-01,Nasarawa,CPI_ALL_ITEMS_YOY_PCT,11.32615129530987,True
2026-04-01,Niger,CPI_ALL_ITEMS_YOY_PCT,11.769068613642446,True
2026-04-01,Ogun,CPI_ALL_ITEMS_YOY_PCT,14.220929621730832,True
2026-04-01,Ondo,CPI_ALL_ITEMS_YOY_PCT,21.91678836464304,True
2026-04-01,Osun,CPI_ALL_ITEMS_YOY_PCT,13.73039393411834,True
2026-04-01,Oyo,CPI_ALL_ITEMS_YOY_PCT,8.553533633025495,True
2026-04-01,Plateau,CPI_ALL_ITEMS_YOY_PCT,7.762955233675868,True
2026-04-01,Rivers,CPI_ALL_ITEMS_YOY_PCT,17.42725599764485,True
2026-04-01,Sokoto,CPI_ALL_ITEMS_YOY_PCT,25.73621573143288,True
2026-04-01,Taraba,CPI_ALL_ITEMS_YOY_PCT,17.192198117587367,True
2026-04-01,Yobe,CPI_ALL_ITEMS_YOY_PCT,20.351099940471286,True
2026-04-01,Zamfara,CPI_ALL_ITEMS_YOY_PCT,22.02663606801798,True
2026-05-01,Abia,CPI_ALL_ITEMS_YOY_PCT,22.15680991276736,False
2026-05-01,Abuja,CPI_ALL_ITEMS_YOY_PCT,12.579663178967351,False
2026-05-01,Adamawa,CPI_ALL_ITEMS_YOY_PCT,19.54020656945059,False
2026-05-01,Akwa Ibom,CPI_ALL_ITEMS_YOY_PCT,21.49899637371536,False
2026-05-01,Anambra,CPI_ALL_ITEMS_YOY_PCT,23.293238288862668,False
2026-05-01,Bauchi,CPI_ALL_ITEMS_YOY_PCT,22.010945713161405,False
2026-05-01,Bayelsa,CPI_ALL_ITEMS_YOY_PCT,19.278493177839135,False
2026-05-01,Benue,CPI_ALL_ITEMS_YOY_PCT,20.6276133432946,False
2026-05-01,Borno,CPI_ALL_ITEMS_YOY_PCT,9.646420598558224,False
2026-05-01,Cross River,CPI_ALL_ITEMS_YOY_PCT,17.314065204442073,False
2026-05-01,Delta,CPI_ALL_ITEMS_YOY_PCT,21.490448379600565,False
2026-05-01,Ebonyi,CPI_ALL_ITEMS_YOY_PCT,17.115199614394655,False
2026-05-01,Edo,CPI_ALL_ITEMS_YOY_PCT,7.725832735480068,False
2026-05-01,Ekiti,CPI_ALL_ITEMS_YOY_PCT,19.85326239778648,False
2026-05-01,Enugu,CPI_ALL_ITEMS_YOY_PCT,20.359086287114863,False
2026-05-01,Gombe,CPI_ALL_ITEMS_YOY_PCT,15.352298550455217,False
2026-05-01,Imo,CPI_ALL_ITEMS_YOY_PCT,17.382949648414865,False
2026-05-01,Jigawa,CPI_ALL_ITEMS_YOY_PCT,15.175198579869928,False
2026-05-01,Kaduna,CPI_ALL_ITEMS_YOY_PCT,19.60071969984618,False
2026-05-01,Kano,CPI_ALL_ITEMS_YOY_PCT,17.13656664320618,False
2026-05-01,Katsina,CPI_ALL_ITEMS_YOY_PCT,14.031914908298376,False
2026-05-01,Kebbi,CPI_ALL_ITEMS_YOY_PCT,12.099448130198011,False
2026-05-01,Kogi,CPI_ALL_ITEMS_YOY_PCT,12.77051486567835,False
2026-05-01,Kwara,CPI_ALL_ITEMS_YOY_PCT,11.702618748290462,False
2026-05-01,Lagos,CPI_ALL_ITEMS_YOY_PCT,15.736286057983293,False
2026-05-01,Nasarawa,CPI_ALL_ITEMS_YOY_PCT,10.17079933145159,False
2026-05-01,Niger,CPI_ALL_ITEMS_YOY_PCT,3.066802426624605,False
2026-05-01,Ogun,CPI_ALL_ITEMS_YOY_PCT,11.63343678448136,False
2026-05-01,Ondo,CPI_ALL_ITEMS_YOY_PCT,17.568604935172715,False
2026-05-01,Osun,CPI_ALL_ITEMS_YOY_PCT,14.344263989616508,False
2026-05-01,Oyo,CPI_ALL_ITEMS_YOY_PCT,9.879072967501628,False
2026-05-01,Plateau,CPI_ALL_ITEMS_YOY_PCT,7.102991393103196,False
2026-05-01,Rivers,CPI_ALL_ITEMS_YOY_PCT,19.146583731828382,False
2026-05-01,Sokoto,CPI_ALL_ITEMS_YOY_PCT,22.60468678012116,False
2026-05-01,Taraba,CPI_ALL_ITEMS_YOY_PCT,9.418710571597884,False
2026-05-01,Yobe,CPI_ALL_ITEMS_YOY_PCT,24.94025614982789,False
2026-05-01,Zamfara,CPI_ALL_ITEMS_YOY_PCT,20.23716978103268,False
2026-06-01,Abia,CPI_ALL_ITEMS_YOY_PCT,19.77793890114654,False
2026-06-01,Abuja,CPI_ALL_ITEMS_YOY_PCT,17.442591398610418,False
2026-06-01,Adamawa,CPI_ALL_ITEMS_YOY_PCT,18.7693211686812,False
2026-06-01,Akwa Ibom,CPI_ALL_ITEMS_YOY_PCT,14.63178206054046,False
2026-06-01,Anambra,CPI_ALL_ITEMS_YOY_PCT,13.196876114800276,False
2026-06-01,Bauchi,CPI_ALL_ITEMS_YOY_PCT,19.20521907258339,False
2026-06-01,Bayelsa,CPI_ALL_ITEMS_YOY_PCT,12.332584811121606,False
2026-06-01,Benue,CPI_ALL_ITEMS_YOY_PCT,12.010462001046832,False
2026-06-01,Borno,CPI_ALL_ITEMS_YOY_PCT,8.725939917538966,False
2026-06-01,Cross River,CPI_ALL_ITEMS_YOY_PCT,11.004876068605212,False
2026-06-01,Delta,CPI_ALL_ITEMS_YOY_PCT,13.979356734889862,False
2026-06-01,Ebonyi,CPI_ALL_ITEMS_YOY_PCT,11.832481853795514,False
2026-06-01,Edo,CPI_ALL_ITEMS_YOY_PCT,14.536683710991966,False
2026-06-01,Ekiti,CPI_ALL_ITEMS_YOY_PCT,14.992670004522424,False
2026-06-01,Enugu,CPI_ALL_ITEMS_YOY_PCT,22.07640530083752,False
2026-06-01,Gombe,CPI_ALL_ITEMS_YOY_PCT,21.84837070520753,False
2026-06-01,Imo,CPI_ALL_ITEMS_YOY_PCT,12.947840270994078,False
2026-06-01,Jigawa,CPI_ALL_ITEMS_YOY_PCT,18.361337506421364,False
2026-06-01,Kaduna,CPI_ALL_ITEMS_YOY_PCT,15.664739347612326,False
2026-06-01,Kano,CPI_ALL_ITEMS_YOY_PCT,16.31583403334436,False
2026-06-01,Katsina,CPI_ALL_ITEMS_YOY_PCT,19.437720326643586,False
2026-06-01,Kebbi,CPI_ALL_ITEMS_YOY_PCT,18.07194568639116,False
2026-06-01,Kogi,CPI_ALL_ITEMS_YOY_PCT,15.8305769182969,False
2026-06-01,Kwara,CPI_ALL_ITEMS_YOY_PCT,21.117014419618517,False
2026-06-01,Lagos,CPI_ALL_ITEMS_YOY_PCT,17.09114940448518,False
2026-06-01,Nasarawa,CPI_ALL_ITEMS_YOY_PCT,13.370584261410784,False
2026-06-01,Niger,CPI_ALL_ITEMS_YOY_PCT,21.57599788104132,False
2026-06-01,Ogun,CPI_ALL_ITEMS_YOY_PCT,15.99665329922908,False
2026-06-01,Ondo,CPI_ALL_ITEMS_YOY_PCT,18.268083255219157,False
2026-06-01,Osun,CPI_ALL_ITEMS_YOY_PCT,16.20339871805676,False
2026-06-01,Oyo,CPI_ALL_ITEMS_YOY_PCT,17.186491420149125,False
2026-06-01,Plateau,CPI_ALL_ITEMS_YOY_PCT,18.879433690416818,False
2026-06-01,Rivers,CPI_ALL_ITEMS_YOY_PCT,14.22770538193538,False
2026-06-01,Sokoto,CPI_ALL_ITEMS_YOY_PCT,23.647146643059912,False
2026-06-01,Taraba,CPI_ALL_ITEMS_YOY_PCT,14.451329634943022,False
2026-06-01,Yobe,CPI_ALL_ITEMS_YOY_PCT,25.34511042287824,False
2026-06-01,Zamfara,CPI_ALL_ITEMS_YOY_PCT,28.719075179686,False
2026-07-01,Abia,CPI_ALL_ITEMS_YOY_PCT,20.880641218659814,False
2026-07-01,Abuja,CPI_ALL_ITEMS_YOY_PCT,16.433702693075375,False
2026-07-01,Adamawa,CPI_ALL_ITEMS_YOY_PCT,33.025695541164936,False
2026-07-01,Akwa Ibom,CPI_ALL_ITEMS_YOY_PCT,19.850443205274487,False
2026-07-01,Anambra,CPI_ALL_ITEMS_YOY_PCT,23.989848708706177,False
2026-07-01,Bauchi,CPI_ALL_ITEMS_YOY_PCT,17.737635278020633,False
2026-07-01,Bayelsa,CPI_ALL_ITEMS_YOY_PCT,20.30891070571981,False
2026-07-01,Benue,CPI_ALL_ITEMS_YOY_PCT,15.62825883943792,False
2026-07-01,Borno,CPI_ALL_ITEMS_YOY_PCT,9.118456787202804,False
2026-07-01,Cross River,CPI_ALL_ITEMS_YOY_PCT,16.41037008041775,False
2026-07-01,Delta,CPI_ALL_ITEMS_YOY_PCT,22.56971403750447,False
2026-07-01,Ebonyi,CPI_ALL_ITEMS_YOY_PCT,9.19310733342482,False
2026-07-01,Edo,CPI_ALL_ITEMS_YOY_PCT,17.157165613980524,False
2026-07-01,Ekiti,CPI_ALL_ITEMS_YOY_PCT,12.262092198950498,False
2026-07-01,Enugu,CPI_ALL_ITEMS_YOY_PCT,13.82425543599281,False
2026-07-01,Gombe,CPI_ALL_ITEMS_YOY_PCT,15.894383751880966,False
2026-07-01,Imo,CPI_ALL_ITEMS_YOY_PCT,12.328133965569693,False
2026-07-01,Jigawa,CPI_ALL_ITEMS_YOY_PCT,10.00667720129151,False
2026-07-01,Kaduna,CPI_ALL_ITEMS_YOY_PCT,13.066435305476247,False
2026-07-01,Kano,CPI_ALL_ITEMS_YOY_PCT,12.380322545775527,False
2026-07-01,Katsina,CPI_ALL_ITEMS_YOY_PCT,18.08111385575528,False
2026-07-01,Kebbi,CPI_ALL_ITEMS_YOY_PCT,9.116076280483682,False
2026-07-01,Kogi,CPI_ALL_ITEMS_YOY_PCT,11.232421129777222,False
2026-07-01,Kwara,CPI_ALL_ITEMS_YOY_PCT,15.745892316875086,False
2026-07-01,Lagos,CPI_ALL_ITEMS_YOY_PCT,16.288428589648788,False
2026-07-01,Nasarawa,CPI_ALL_ITEMS_YOY_PCT,7.856283093470481,False
2026-07-01,Niger,CPI_ALL_ITEMS_YOY_PCT,10.248854908414812,False
2026-07-01,Ogun,CPI_ALL_ITEMS_YOY_PCT,12.81056051951171,False
2026-07-01,Ondo,CPI_ALL_ITEMS_YOY_PCT,17.28083716538889,False
2026-07-01,Osun,CPI_ALL_ITEMS_YOY_PCT,10.603744842910842,False
2026-07-01,Oyo,CPI_ALL_ITEMS_YOY_PCT,11.939717112038494,False
2026-07-01,Plateau,CPI_ALL_ITEMS_YOY_PCT,13.639849339601966,False
2026-07-01,Rivers,CPI_ALL_ITEMS_YOY_PCT,14.022925947377304,False
2026-07-01,Sokoto,CPI_ALL_ITEMS_YOY_PCT,16.094527892287076,False
2026-07-01,Taraba,CPI_ALL_ITEMS_YOY_PCT,11.150227815515764,False
2026-07-01,Yobe,CPI_ALL_ITEMS_YOY_PCT,25.20841216178664,False
2026-07-01,Zamfara,CPI_ALL_ITEMS_YOY_PCT,19.816510131195315,False
2025-02-01,Abia,CPI_FOOD_MOM_PCT,2.2919329919278084,True
2025-02-01,Abuja,CPI_FOOD_MOM_PCT,3.8567625831849313,True
2025-02-01,Adamawa,CPI_FOOD_MOM_PCT,0.1832360896445237,True
2025-02-01,Akwa Ibom,CPI_FOOD_MOM_PCT,0.4556676641107202,True
2025-02-01,Anambra,CPI_FOOD_MOM_PCT,0.852058345375724,True
2025-02-01,Bauchi,CPI_FOOD_MOM_PCT,-2.079273871797156,True
2025-02-01,Bayelsa,CPI_FOOD_MOM_PCT,-4.482107619221637,True
2025-02-01,Benue,CPI_FOOD_MOM_PCT,8.761509268292684,True
2025-02-01,Borno,CPI_FOOD_MOM_PCT,0.8900425377862433,True
2025-02-01,Cross River,CPI_FOOD_MOM_PCT,1.0201766304347617,True
2025-02-01,Delta,CPI_FOOD_MOM_PCT,-1.9266592387913448,True
2025-02-01,Ebonyi,CPI_FOOD_MOM_PCT,0.5400453456536667,True
2025-02-01,Edo,CPI_FOOD_MOM_PCT,10.308931388736012,True
2025-02-01,Ekiti,CPI_FOOD_MOM_PCT,4.954856775615141,True
2025-02-01,Enugu,CPI_FOOD_MOM_PCT,3.980669580419587,True
2025-02-01,Gombe,CPI_FOOD_MOM_PCT,4.226376284441201,True
2025-02-01,Imo,CPI_FOOD_MOM_PCT,1.1030650684931516,True
2025-02-01,Jigawa,CPI_FOOD_MOM_PCT,2.408708920187792,True
2025-02-01,Kaduna,CPI_FOOD_MOM_PCT,-8.91417728191162,True
2025-02-01,Kano,CPI_FOOD_MOM_PCT,-1.8471426028128943,True
2025-02-01,Katsina,CPI_FOOD_MOM_PCT,0.3539547575037431,True
2025-02-01,Kebbi,CPI_FOOD_MOM_PCT,-0.6932514370480192,True
2025-02-01,Kogi,CPI_FOOD_MOM_PCT,11.65292534027222,True
2025-02-01,Kwara,CPI_FOOD_MOM_PCT,7.417667737494256,True
2025-02-01,Lagos,CPI_FOOD_MOM_PCT,-1.1339201582449192,True
2025-02-01,Nasarawa,CPI_FOOD_MOM_PCT,15.316587655257408,True
2025-02-01,Niger,CPI_FOOD_MOM_PCT,1.17595067771083,True
2025-02-01,Ogun,CPI_FOOD_MOM_PCT,0.2395395207439179,True
2025-02-01,Ondo,CPI_FOOD_MOM_PCT,-9.814354166666677,True
2025-02-01,Osun,CPI_FOOD_MOM_PCT,0.2443464262717327,True
2025-02-01,Oyo,CPI_FOOD_MOM_PCT,-6.418335861515118,True
2025-02-01,Plateau,CPI_FOOD_MOM_PCT,-1.3316316908569803,True
2025-02-01,Rivers,CPI_FOOD_MOM_PCT,-4.507919301683444,True
2025-02-01,Sokoto,CPI_FOOD_MOM_PCT,18.82881250606856,True
2025-02-01,Taraba,CPI_FOOD_MOM_PCT,-0.5246804897667232,True
2025-02-01,Yobe,CPI_FOOD_MOM_PCT,0.016890700540344,True
2025-02-01,Zamfara,CPI_FOOD_MOM_PCT,3.1217654950362146,True
2025-03-01,Abia,CPI_FOOD_MOM_PCT,-1.4608817731639334,True
2025-03-01,Abuja,CPI_FOOD_MOM_PCT,6.010911262131486,True
2025-03-01,Adamawa,CPI_FOOD_MOM_PCT,2.3245263706612747,True
2025-03-01,Akwa Ibom,CPI_FOOD_MOM_PCT,0.7903382763324203,True
2025-03-01,Anambra,CPI_FOOD_MOM_PCT,0.6939301570069603,True
2025-03-01,Bauchi,CPI_FOOD_MOM_PCT,-0.5710156333589538,True
2025-03-01,Bayelsa,CPI_FOOD_MOM_PCT,-1.1587058673142536,True
2025-03-01,Benue,CPI_FOOD_MOM_PCT,4.7453148933688,True
2025-03-01,Borno,CPI_FOOD_MOM_PCT,0.7000422917006404,True
2025-03-01,Cross River,CPI_FOOD_MOM_PCT,-2.630416912965132,True
2025-03-01,Delta,CPI_FOOD_MOM_PCT,0.3708376197613745,True
2025-03-01,Ebonyi,CPI_FOOD_MOM_PCT,2.9168852451134484,True
2025-03-01,Edo,CPI_FOOD_MOM_PCT,-5.776122140985663,True
2025-03-01,Ekiti,CPI_FOOD_MOM_PCT,-2.8296953300751824,True
2025-03-01,Enugu,CPI_FOOD_MOM_PCT,-3.922859653361812,True
2025-03-01,Gombe,CPI_FOOD_MOM_PCT,-1.610658963752428,True
2025-03-01,Imo,CPI_FOOD_MOM_PCT,-0.2184152242583081,True
2025-03-01,Jigawa,CPI_FOOD_MOM_PCT,5.496741780059281,True
2025-03-01,Kaduna,CPI_FOOD_MOM_PCT,17.236227133568832,True
2025-03-01,Kano,CPI_FOOD_MOM_PCT,11.01359072314206,True
2025-03-01,Katsina,CPI_FOOD_MOM_PCT,-2.484213784694916,True
2025-03-01,Kebbi,CPI_FOOD_MOM_PCT,14.028140327056306,True
2025-03-01,Kogi,CPI_FOOD_MOM_PCT,5.4959743456833365,True
2025-03-01,Kwara,CPI_FOOD_MOM_PCT,-4.8841864000279,True
2025-03-01,Lagos,CPI_FOOD_MOM_PCT,5.132739015268385,True
2025-03-01,Nasarawa,CPI_FOOD_MOM_PCT,-9.910510148024969,True
2025-03-01,Niger,CPI_FOOD_MOM_PCT,4.764753859755217,True
2025-03-01,Ogun,CPI_FOOD_MOM_PCT,2.910438043077804,True
2025-03-01,Ondo,CPI_FOOD_MOM_PCT,9.05956294011743,True
2025-03-01,Osun,CPI_FOOD_MOM_PCT,6.558067217028878,True
2025-03-01,Oyo,CPI_FOOD_MOM_PCT,19.744969560572077,True
2025-03-01,Plateau,CPI_FOOD_MOM_PCT,4.689321630759991,True
2025-03-01,Rivers,CPI_FOOD_MOM_PCT,6.377718862096231,True
2025-03-01,Sokoto,CPI_FOOD_MOM_PCT,-14.09559088502985,True
2025-03-01,Taraba,CPI_FOOD_MOM_PCT,1.9420026974131304,True
2025-03-01,Yobe,CPI_FOOD_MOM_PCT,2.811684533178393,True
2025-03-01,Zamfara,CPI_FOOD_MOM_PCT,2.2301717722757104,True
2025-04-01,Abia,CPI_FOOD_MOM_PCT,-1.8190376228465936,True
2025-04-01,Abuja,CPI_FOOD_MOM_PCT,-0.7218251110838025,True
2025-04-01,Adamawa,CPI_FOOD_MOM_PCT,-1.6138831683187789,True
2025-04-01,Akwa Ibom,CPI_FOOD_MOM_PCT,5.820850226453004,True
2025-04-01,Anambra,CPI_FOOD_MOM_PCT,-2.658237389201972,True
2025-04-01,Bauchi,CPI_FOOD_MOM_PCT,2.405152233141578,True
2025-04-01,Bayelsa,CPI_FOOD_MOM_PCT,12.073504612283443,True
2025-04-01,Benue,CPI_FOOD_MOM_PCT,25.588796499805383,True
2025-04-01,Borno,CPI_FOOD_MOM_PCT,2.174671747547279,True
2025-04-01,Cross River,CPI_FOOD_MOM_PCT,2.2317556261555893,True
2025-04-01,Delta,CPI_FOOD_MOM_PCT,2.20453004544477,True
2025-04-01,Ebonyi,CPI_FOOD_MOM_PCT,-14.428803337937538,True
2025-04-01,Edo,CPI_FOOD_MOM_PCT,0.792603626385386,True
2025-04-01,Ekiti,CPI_FOOD_MOM_PCT,16.727720056060917,True
2025-04-01,Enugu,CPI_FOOD_MOM_PCT,3.911075413221951,True
2025-04-01,Gombe,CPI_FOOD_MOM_PCT,5.781068459185804,True
2025-04-01,Imo,CPI_FOOD_MOM_PCT,-5.964467234477411,True
2025-04-01,Jigawa,CPI_FOOD_MOM_PCT,-0.6210029114831173,True
2025-04-01,Kaduna,CPI_FOOD_MOM_PCT,4.353520888670175,True
2025-04-01,Kano,CPI_FOOD_MOM_PCT,-11.36559783853231,True
2025-04-01,Katsina,CPI_FOOD_MOM_PCT,6.350783630947149,True
2025-04-01,Kebbi,CPI_FOOD_MOM_PCT,4.34140310186703,True
2025-04-01,Kogi,CPI_FOOD_MOM_PCT,1.6644973610203522,True
2025-04-01,Kwara,CPI_FOOD_MOM_PCT,2.844789553585116,True
2025-04-01,Lagos,CPI_FOOD_MOM_PCT,1.161829577504463,True
2025-04-01,Nasarawa,CPI_FOOD_MOM_PCT,7.373314384490342,True
2025-04-01,Niger,CPI_FOOD_MOM_PCT,5.6812068654222685,True
2025-04-01,Ogun,CPI_FOOD_MOM_PCT,-7.055802506306364,True
2025-04-01,Ondo,CPI_FOOD_MOM_PCT,5.167058210427584,True
2025-04-01,Osun,CPI_FOOD_MOM_PCT,10.795513358826668,True
2025-04-01,Oyo,CPI_FOOD_MOM_PCT,-7.035536287456594,True
2025-04-01,Plateau,CPI_FOOD_MOM_PCT,11.396777862644656,True
2025-04-01,Rivers,CPI_FOOD_MOM_PCT,1.827791300289988,True
2025-04-01,Sokoto,CPI_FOOD_MOM_PCT,13.134440945150176,True
2025-04-01,Taraba,CPI_FOOD_MOM_PCT,1.363168043105233,True
2025-04-01,Yobe,CPI_FOOD_MOM_PCT,13.921479973632472,True
2025-04-01,Zamfara,CPI_FOOD_MOM_PCT,0.3593317841027499,True
2025-05-01,Abia,CPI_FOOD_MOM_PCT,6.392224925506568,True
2025-05-01,Abuja,CPI_FOOD_MOM_PCT,6.3557039033260025,True
2025-05-01,Adamawa,CPI_FOOD_MOM_PCT,4.248319222556063,True
2025-05-01,Akwa Ibom,CPI_FOOD_MOM_PCT,5.039464802835965,True
2025-05-01,Anambra,CPI_FOOD_MOM_PCT,9.101752957250426,True
2025-05-01,Bauchi,CPI_FOOD_MOM_PCT,6.254111910590069,True
2025-05-01,Bayelsa,CPI_FOOD_MOM_PCT,12.682823223939948,True
2025-05-01,Benue,CPI_FOOD_MOM_PCT,4.0620400384515705,True
2025-05-01,Borno,CPI_FOOD_MOM_PCT,7.987083389231401,True
2025-05-01,Cross River,CPI_FOOD_MOM_PCT,11.14633673400705,True
2025-05-01,Delta,CPI_FOOD_MOM_PCT,4.627417773436136,True
2025-05-01,Ebonyi,CPI_FOOD_MOM_PCT,4.247393342511259,True
2025-05-01,Edo,CPI_FOOD_MOM_PCT,4.293169286873535,True
2025-05-01,Ekiti,CPI_FOOD_MOM_PCT,6.319387171946261,True
2025-05-01,Enugu,CPI_FOOD_MOM_PCT,8.679354218290584,True
2025-05-01,Gombe,CPI_FOOD_MOM_PCT,1.551887768240093,True
2025-05-01,Imo,CPI_FOOD_MOM_PCT,4.359286339928062,True
2025-05-01,Jigawa,CPI_FOOD_MOM_PCT,-4.015032757869406,True
2025-05-01,Kaduna,CPI_FOOD_MOM_PCT,-3.2743671082892547,True
2025-05-01,Kano,CPI_FOOD_MOM_PCT,-2.182450383474276,True
2025-05-01,Katsina,CPI_FOOD_MOM_PCT,-5.422279378575027,True
2025-05-01,Kebbi,CPI_FOOD_MOM_PCT,-0.4795197159021995,True
2025-05-01,Kogi,CPI_FOOD_MOM_PCT,-0.3214711506499697,True
2025-05-01,Kwara,CPI_FOOD_MOM_PCT,2.642125125350788,True
2025-05-01,Lagos,CPI_FOOD_MOM_PCT,-2.73913752459994,True
2025-05-01,Nasarawa,CPI_FOOD_MOM_PCT,0.2041640873414536,True
2025-05-01,Niger,CPI_FOOD_MOM_PCT,0.2477357592996867,True
2025-05-01,Ogun,CPI_FOOD_MOM_PCT,4.981717222960839,True
2025-05-01,Ondo,CPI_FOOD_MOM_PCT,-1.1205558397627584,True
2025-05-01,Osun,CPI_FOOD_MOM_PCT,3.3328686738826008,True
2025-05-01,Oyo,CPI_FOOD_MOM_PCT,-0.0577867506215881,True
2025-05-01,Plateau,CPI_FOOD_MOM_PCT,-1.658739059781496,True
2025-05-01,Rivers,CPI_FOOD_MOM_PCT,1.8954643282552013,True
2025-05-01,Sokoto,CPI_FOOD_MOM_PCT,3.449259580695468,True
2025-05-01,Taraba,CPI_FOOD_MOM_PCT,5.411617165076592,True
2025-05-01,Yobe,CPI_FOOD_MOM_PCT,1.2797195934133327,True
2025-05-01,Zamfara,CPI_FOOD_MOM_PCT,1.0352093587413125,True
2025-06-01,Abia,CPI_FOOD_MOM_PCT,4.319745665242692,True
2025-06-01,Abuja,CPI_FOOD_MOM_PCT,0.1436682844216648,True
2025-06-01,Adamawa,CPI_FOOD_MOM_PCT,2.7760454249409605,True
2025-06-01,Akwa Ibom,CPI_FOOD_MOM_PCT,2.411034064800248,True
2025-06-01,Anambra,CPI_FOOD_MOM_PCT,5.3184346738067205,True
2025-06-01,Bauchi,CPI_FOOD_MOM_PCT,2.084924041093174,True
2025-06-01,Bayelsa,CPI_FOOD_MOM_PCT,-6.343915815886646,True
2025-06-01,Benue,CPI_FOOD_MOM_PCT,3.507167383848355,True
2025-06-01,Borno,CPI_FOOD_MOM_PCT,-7.627780175833791,True
2025-06-01,Cross River,CPI_FOOD_MOM_PCT,1.8383850488892224,True
2025-06-01,Delta,CPI_FOOD_MOM_PCT,7.854844440322225,True
2025-06-01,Ebonyi,CPI_FOOD_MOM_PCT,6.993892107030803,True
2025-06-01,Edo,CPI_FOOD_MOM_PCT,7.730780984983696,True
2025-06-01,Ekiti,CPI_FOOD_MOM_PCT,3.677684288216327,True
2025-06-01,Enugu,CPI_FOOD_MOM_PCT,11.902375848747155,True
2025-06-01,Gombe,CPI_FOOD_MOM_PCT,5.300585281868166,True
2025-06-01,Imo,CPI_FOOD_MOM_PCT,7.378646206266154,True
2025-06-01,Jigawa,CPI_FOOD_MOM_PCT,-5.912241439161718,True
2025-06-01,Kaduna,CPI_FOOD_MOM_PCT,3.150872715826665,True
2025-06-01,Kano,CPI_FOOD_MOM_PCT,0.7502845660859521,True
2025-06-01,Katsina,CPI_FOOD_MOM_PCT,2.170684560677415,True
2025-06-01,Kebbi,CPI_FOOD_MOM_PCT,0.917846474561344,True
2025-06-01,Kogi,CPI_FOOD_MOM_PCT,-1.285526343387872,True
2025-06-01,Kwara,CPI_FOOD_MOM_PCT,9.96779211820315,True
2025-06-01,Lagos,CPI_FOOD_MOM_PCT,7.040165626104539,True
2025-06-01,Nasarawa,CPI_FOOD_MOM_PCT,-1.344389976070289,True
2025-06-01,Niger,CPI_FOOD_MOM_PCT,-2.817870827352536,True
2025-06-01,Ogun,CPI_FOOD_MOM_PCT,2.523006575440718,True
2025-06-01,Ondo,CPI_FOOD_MOM_PCT,6.982466557635775,True
2025-06-01,Osun,CPI_FOOD_MOM_PCT,6.998063577854367,True
2025-06-01,Oyo,CPI_FOOD_MOM_PCT,8.49716243211644,True
2025-06-01,Plateau,CPI_FOOD_MOM_PCT,3.3590438744426763,True
2025-06-01,Rivers,CPI_FOOD_MOM_PCT,9.881584237655886,True
2025-06-01,Sokoto,CPI_FOOD_MOM_PCT,-6.434197293845585,True
2025-06-01,Taraba,CPI_FOOD_MOM_PCT,-4.292474662879542,True
2025-06-01,Yobe,CPI_FOOD_MOM_PCT,0.4400618777360847,True
2025-06-01,Zamfara,CPI_FOOD_MOM_PCT,4.891134446323235,True
2025-07-01,Abia,CPI_FOOD_MOM_PCT,-1.0628128025532677,True
2025-07-01,Abuja,CPI_FOOD_MOM_PCT,2.511632569121943,True
2025-07-01,Adamawa,CPI_FOOD_MOM_PCT,-0.109315435271057,True
2025-07-01,Akwa Ibom,CPI_FOOD_MOM_PCT,1.62619598300995,True
2025-07-01,Anambra,CPI_FOOD_MOM_PCT,0.6643888352044485,True
2025-07-01,Bauchi,CPI_FOOD_MOM_PCT,-2.180863613588059,True
2025-07-01,Bayelsa,CPI_FOOD_MOM_PCT,0.1781762107219435,True
2025-07-01,Benue,CPI_FOOD_MOM_PCT,2.1275654391479577,True
2025-07-01,Borno,CPI_FOOD_MOM_PCT,10.889426741950174,True
2025-07-01,Cross River,CPI_FOOD_MOM_PCT,1.2760418255169697,True
2025-07-01,Delta,CPI_FOOD_MOM_PCT,2.1517847746213192,True
2025-07-01,Ebonyi,CPI_FOOD_MOM_PCT,0.3363036759013624,True
2025-07-01,Edo,CPI_FOOD_MOM_PCT,3.7497475433553262,True
2025-07-01,Ekiti,CPI_FOOD_MOM_PCT,3.896104725505367,True
2025-07-01,Enugu,CPI_FOOD_MOM_PCT,2.8094687844039186,True
2025-07-01,Gombe,CPI_FOOD_MOM_PCT,1.0964941459533009,True
2025-07-01,Imo,CPI_FOOD_MOM_PCT,1.3718970862791195,True
2025-07-01,Jigawa,CPI_FOOD_MOM_PCT,6.773224553999384,True
2025-07-01,Kaduna,CPI_FOOD_MOM_PCT,7.006831728198534,True
2025-07-01,Kano,CPI_FOOD_MOM_PCT,10.864687756452554,True
2025-07-01,Katsina,CPI_FOOD_MOM_PCT,2.692239923108758,True
2025-07-01,Kebbi,CPI_FOOD_MOM_PCT,6.370274358283169,True
2025-07-01,Kogi,CPI_FOOD_MOM_PCT,5.050778981024905,True
2025-07-01,Kwara,CPI_FOOD_MOM_PCT,3.406475155025504,True
2025-07-01,Lagos,CPI_FOOD_MOM_PCT,2.541176703265279,True
2025-07-01,Nasarawa,CPI_FOOD_MOM_PCT,6.603702987704736,True
2025-07-01,Niger,CPI_FOOD_MOM_PCT,4.45707189500753,True
2025-07-01,Ogun,CPI_FOOD_MOM_PCT,2.5611445656096947,True
2025-07-01,Ondo,CPI_FOOD_MOM_PCT,0.7582155290633068,True
2025-07-01,Osun,CPI_FOOD_MOM_PCT,2.704916973671033,True
2025-07-01,Oyo,CPI_FOOD_MOM_PCT,3.1732460994093827,True
2025-07-01,Plateau,CPI_FOOD_MOM_PCT,2.497826392960633,True
2025-07-01,Rivers,CPI_FOOD_MOM_PCT,2.0656102552116806,True
2025-07-01,Sokoto,CPI_FOOD_MOM_PCT,7.426422279704894,True
2025-07-01,Taraba,CPI_FOOD_MOM_PCT,-0.9030123447754476,True
2025-07-01,Yobe,CPI_FOOD_MOM_PCT,0.6219623117496695,True
2025-07-01,Zamfara,CPI_FOOD_MOM_PCT,-5.997580949979934,True
2025-08-01,Abia,CPI_FOOD_MOM_PCT,6.984196689092201,True
2025-08-01,Abuja,CPI_FOOD_MOM_PCT,3.682858129118145,True
2025-08-01,Adamawa,CPI_FOOD_MOM_PCT,7.370443180714375,True
2025-08-01,Akwa Ibom,CPI_FOOD_MOM_PCT,7.871188047061821,True
2025-08-01,Anambra,CPI_FOOD_MOM_PCT,4.396975797045059,True
2025-08-01,Bauchi,CPI_FOOD_MOM_PCT,-0.7007150445535757,True
2025-08-01,Bayelsa,CPI_FOOD_MOM_PCT,-9.518984111263237,True
2025-08-01,Benue,CPI_FOOD_MOM_PCT,2.9519939873807037,True
2025-08-01,Borno,CPI_FOOD_MOM_PCT,-8.737389634763645,True
2025-08-01,Cross River,CPI_FOOD_MOM_PCT,4.771982959999519,True
2025-08-01,Delta,CPI_FOOD_MOM_PCT,4.834948465052975,True
2025-08-01,Ebonyi,CPI_FOOD_MOM_PCT,-8.219098876532797,True
2025-08-01,Edo,CPI_FOOD_MOM_PCT,0.6143838190256048,True
2025-08-01,Ekiti,CPI_FOOD_MOM_PCT,-6.789808412883815,True
2025-08-01,Enugu,CPI_FOOD_MOM_PCT,5.031964619986255,True
2025-08-01,Gombe,CPI_FOOD_MOM_PCT,-4.043475229514215,True
2025-08-01,Imo,CPI_FOOD_MOM_PCT,1.800985880412867,True
2025-08-01,Jigawa,CPI_FOOD_MOM_PCT,6.036805910741364,True
2025-08-01,Kaduna,CPI_FOOD_MOM_PCT,9.368503358976142,True
2025-08-01,Kano,CPI_FOOD_MOM_PCT,5.287414103694573,True
2025-08-01,Katsina,CPI_FOOD_MOM_PCT,9.049129609210055,True
2025-08-01,Kebbi,CPI_FOOD_MOM_PCT,4.64931373739384,True
2025-08-01,Kogi,CPI_FOOD_MOM_PCT,-1.784088024920493,True
2025-08-01,Kwara,CPI_FOOD_MOM_PCT,1.3983284494450745,True
2025-08-01,Lagos,CPI_FOOD_MOM_PCT,4.792519235703253,True
2025-08-01,Nasarawa,CPI_FOOD_MOM_PCT,-6.86886869632626,True
2025-08-01,Niger,CPI_FOOD_MOM_PCT,-6.1073444459298685,True
2025-08-01,Ogun,CPI_FOOD_MOM_PCT,-2.260853596639066,True
2025-08-01,Ondo,CPI_FOOD_MOM_PCT,6.614134224820731,True
2025-08-01,Osun,CPI_FOOD_MOM_PCT,-1.1829875706721396,True
2025-08-01,Oyo,CPI_FOOD_MOM_PCT,3.2038640517150867,True
2025-08-01,Plateau,CPI_FOOD_MOM_PCT,-0.656344687276416,True
2025-08-01,Rivers,CPI_FOOD_MOM_PCT,3.630992613127077,True
2025-08-01,Sokoto,CPI_FOOD_MOM_PCT,-8.923159991998958,True
2025-08-01,Taraba,CPI_FOOD_MOM_PCT,-5.195956484650594,True
2025-08-01,Yobe,CPI_FOOD_MOM_PCT,-6.880176158901932,True
2025-08-01,Zamfara,CPI_FOOD_MOM_PCT,-7.260797257580947,True
2025-09-01,Abia,CPI_FOOD_MOM_PCT,-5.527017062153092,True
2025-09-01,Abuja,CPI_FOOD_MOM_PCT,-7.85236109947401,True
2025-09-01,Adamawa,CPI_FOOD_MOM_PCT,7.27582617911726,True
2025-09-01,Akwa Ibom,CPI_FOOD_MOM_PCT,-12.96790844511368,True
2025-09-01,Anambra,CPI_FOOD_MOM_PCT,-9.501082430839318,True
2025-09-01,Bauchi,CPI_FOOD_MOM_PCT,-4.543112164986624,True
2025-09-01,Bayelsa,CPI_FOOD_MOM_PCT,12.276265426859029,True
2025-09-01,Benue,CPI_FOOD_MOM_PCT,-9.761632996185227,True
2025-09-01,Borno,CPI_FOOD_MOM_PCT,-12.951823824802062,True
2025-09-01,Cross River,CPI_FOOD_MOM_PCT,-10.356925033342009,True
2025-09-01,Delta,CPI_FOOD_MOM_PCT,-5.130164405131509,True
2025-09-01,Ebonyi,CPI_FOOD_MOM_PCT,3.4809811003540005,True
2025-09-01,Edo,CPI_FOOD_MOM_PCT,-4.287679077781476,True
2025-09-01,Ekiti,CPI_FOOD_MOM_PCT,12.765145401635692,True
2025-09-01,Enugu,CPI_FOOD_MOM_PCT,-3.432793747758751,True
2025-09-01,Gombe,CPI_FOOD_MOM_PCT,4.658850301063168,True
2025-09-01,Imo,CPI_FOOD_MOM_PCT,-7.184272835644876,True
2025-09-01,Jigawa,CPI_FOOD_MOM_PCT,-7.663281423887781,True
2025-09-01,Kaduna,CPI_FOOD_MOM_PCT,-6.36249862093554,True
2025-09-01,Kano,CPI_FOOD_MOM_PCT,-6.863510901449018,True
2025-09-01,Katsina,CPI_FOOD_MOM_PCT,6.279799962656483,True
2025-09-01,Kebbi,CPI_FOOD_MOM_PCT,-6.888176472246528,True
2025-09-01,Kogi,CPI_FOOD_MOM_PCT,-1.8448940721828395,True
2025-09-01,Kwara,CPI_FOOD_MOM_PCT,0.116391906652467,True
2025-09-01,Lagos,CPI_FOOD_MOM_PCT,0.14398334117638,True
2025-09-01,Nasarawa,CPI_FOOD_MOM_PCT,9.81148294574554,True
2025-09-01,Niger,CPI_FOOD_MOM_PCT,-1.9234863490896288,True
2025-09-01,Ogun,CPI_FOOD_MOM_PCT,0.6708497162048417,True
2025-09-01,Ondo,CPI_FOOD_MOM_PCT,-8.005710269838957,True
2025-09-01,Osun,CPI_FOOD_MOM_PCT,-2.348428951112425,True
2025-09-01,Oyo,CPI_FOOD_MOM_PCT,-2.100859806893723,True
2025-09-01,Plateau,CPI_FOOD_MOM_PCT,-0.8744150181221642,True
2025-09-01,Rivers,CPI_FOOD_MOM_PCT,4.446174342124067,True
2025-09-01,Sokoto,CPI_FOOD_MOM_PCT,12.546834613434784,True
2025-09-01,Taraba,CPI_FOOD_MOM_PCT,10.86609848030436,True
2025-09-01,Yobe,CPI_FOOD_MOM_PCT,11.115165733421776,True
2025-09-01,Zamfara,CPI_FOOD_MOM_PCT,15.617748217420854,True
2025-10-01,Abia,CPI_FOOD_MOM_PCT,0.5810541759794603,True
2025-10-01,Abuja,CPI_FOOD_MOM_PCT,5.114799765745914,True
2025-10-01,Adamawa,CPI_FOOD_MOM_PCT,-1.2856178639899127,True
2025-10-01,Akwa Ibom,CPI_FOOD_MOM_PCT,-2.829615923470016,True
2025-10-01,Anambra,CPI_FOOD_MOM_PCT,4.457049035994359,True
2025-10-01,Bauchi,CPI_FOOD_MOM_PCT,6.765876436238187,True
2025-10-01,Bayelsa,CPI_FOOD_MOM_PCT,-1.5976900496873156,True
2025-10-01,Benue,CPI_FOOD_MOM_PCT,4.457039483431117,True
2025-10-01,Borno,CPI_FOOD_MOM_PCT,-0.2065252254475496,True
2025-10-01,Cross River,CPI_FOOD_MOM_PCT,2.260815395599394,True
2025-10-01,Delta,CPI_FOOD_MOM_PCT,1.3685891672342765,True
2025-10-01,Ebonyi,CPI_FOOD_MOM_PCT,0.6106440580241497,True
2025-10-01,Edo,CPI_FOOD_MOM_PCT,-0.3970294131923566,True
2025-10-01,Ekiti,CPI_FOOD_MOM_PCT,-4.766300023214242,True
2025-10-01,Enugu,CPI_FOOD_MOM_PCT,0.9029237768557864,True
2025-10-01,Gombe,CPI_FOOD_MOM_PCT,-0.226036016969843,True
2025-10-01,Imo,CPI_FOOD_MOM_PCT,3.733405028823327,True
2025-10-01,Jigawa,CPI_FOOD_MOM_PCT,2.206939841601013,True
2025-10-01,Kaduna,CPI_FOOD_MOM_PCT,-3.3890396367660145,True
2025-10-01,Kano,CPI_FOOD_MOM_PCT,2.093443119053063,True
2025-10-01,Katsina,CPI_FOOD_MOM_PCT,-7.723635094405751,True
2025-10-01,Kebbi,CPI_FOOD_MOM_PCT,0.4498257759596384,True
2025-10-01,Kogi,CPI_FOOD_MOM_PCT,1.333556433034616,True
2025-10-01,Kwara,CPI_FOOD_MOM_PCT,-0.2790944239151116,True
2025-10-01,Lagos,CPI_FOOD_MOM_PCT,-3.809229596672779,True
2025-10-01,Nasarawa,CPI_FOOD_MOM_PCT,1.8475151496157596,True
2025-10-01,Niger,CPI_FOOD_MOM_PCT,4.844503189758953,True
2025-10-01,Ogun,CPI_FOOD_MOM_PCT,2.9299973703600983,True
2025-10-01,Ondo,CPI_FOOD_MOM_PCT,0.3852144671848521,True
2025-10-01,Osun,CPI_FOOD_MOM_PCT,1.742532498533734,True
2025-10-01,Oyo,CPI_FOOD_MOM_PCT,-5.891655081786681,True
2025-10-01,Plateau,CPI_FOOD_MOM_PCT,0.1497553123387831,True
2025-10-01,Rivers,CPI_FOOD_MOM_PCT,-3.1638077798591127,True
2025-10-01,Sokoto,CPI_FOOD_MOM_PCT,-1.274812379553552,True
2025-10-01,Taraba,CPI_FOOD_MOM_PCT,-4.888529264587589,True
2025-10-01,Yobe,CPI_FOOD_MOM_PCT,-3.509654057074058,True
2025-10-01,Zamfara,CPI_FOOD_MOM_PCT,3.3526887968368584,True
2025-11-01,Abia,CPI_FOOD_MOM_PCT,1.7742637734578182,True
2025-11-01,Abuja,CPI_FOOD_MOM_PCT,1.606934871785512,True
2025-11-01,Adamawa,CPI_FOOD_MOM_PCT,0.9357491871669624,True
2025-11-01,Akwa Ibom,CPI_FOOD_MOM_PCT,3.44680434310429,True
2025-11-01,Anambra,CPI_FOOD_MOM_PCT,1.6469019340312483,True
2025-11-01,Bauchi,CPI_FOOD_MOM_PCT,4.23609991058072,True
2025-11-01,Bayelsa,CPI_FOOD_MOM_PCT,-1.7103805783665391,True
2025-11-01,Benue,CPI_FOOD_MOM_PCT,4.387733467808943,True
2025-11-01,Borno,CPI_FOOD_MOM_PCT,1.987851872606328,True
2025-11-01,Cross River,CPI_FOOD_MOM_PCT,3.000804666329685,True
2025-11-01,Delta,CPI_FOOD_MOM_PCT,0.2881626711072726,True
2025-11-01,Ebonyi,CPI_FOOD_MOM_PCT,2.3645982004971278,True
2025-11-01,Edo,CPI_FOOD_MOM_PCT,2.539105824010363,True
2025-11-01,Ekiti,CPI_FOOD_MOM_PCT,-1.8258158473437192,True
2025-11-01,Enugu,CPI_FOOD_MOM_PCT,-2.536436989002823,True
2025-11-01,Gombe,CPI_FOOD_MOM_PCT,4.011677248065155,True
2025-11-01,Imo,CPI_FOOD_MOM_PCT,-6.485857297488593,True
2025-11-01,Jigawa,CPI_FOOD_MOM_PCT,3.122812377319079,True
2025-11-01,Kaduna,CPI_FOOD_MOM_PCT,4.450955707042326,True
2025-11-01,Kano,CPI_FOOD_MOM_PCT,-0.4469415610279839,True
2025-11-01,Katsina,CPI_FOOD_MOM_PCT,6.607727704847193,True
2025-11-01,Kebbi,CPI_FOOD_MOM_PCT,3.6739949160751024,True
2025-11-01,Kogi,CPI_FOOD_MOM_PCT,1.7568544248722304,True
2025-11-01,Kwara,CPI_FOOD_MOM_PCT,-2.32202147836604,True
2025-11-01,Lagos,CPI_FOOD_MOM_PCT,0.357957198411114,True
2025-11-01,Nasarawa,CPI_FOOD_MOM_PCT,-5.480387864168705,True
2025-11-01,Niger,CPI_FOOD_MOM_PCT,3.127673007057524,True
2025-11-01,Ogun,CPI_FOOD_MOM_PCT,-1.8299996017473603,True
2025-11-01,Ondo,CPI_FOOD_MOM_PCT,6.043212399698319,True
2025-11-01,Osun,CPI_FOOD_MOM_PCT,-0.7704598520686545,True
2025-11-01,Oyo,CPI_FOOD_MOM_PCT,0.1008285628758045,True
2025-11-01,Plateau,CPI_FOOD_MOM_PCT,5.889787487108421,True
2025-11-01,Rivers,CPI_FOOD_MOM_PCT,1.7920554416209598,True
2025-11-01,Sokoto,CPI_FOOD_MOM_PCT,3.7652340446854993,True
2025-11-01,Taraba,CPI_FOOD_MOM_PCT,-0.3668608579027506,True
2025-11-01,Yobe,CPI_FOOD_MOM_PCT,9.520515930741638,True
2025-11-01,Zamfara,CPI_FOOD_MOM_PCT,0.2381477687274298,True
2025-12-01,Abia,CPI_FOOD_MOM_PCT,-1.5703458596423587,True
2025-12-01,Abuja,CPI_FOOD_MOM_PCT,-0.9986645325930396,True
2025-12-01,Adamawa,CPI_FOOD_MOM_PCT,-1.6298385432242668,True
2025-12-01,Akwa Ibom,CPI_FOOD_MOM_PCT,0.4410375059933784,True
2025-12-01,Anambra,CPI_FOOD_MOM_PCT,-1.1436009750590443,True
2025-12-01,Bauchi,CPI_FOOD_MOM_PCT,1.1144782140516156,True
2025-12-01,Bayelsa,CPI_FOOD_MOM_PCT,-0.601937261056392,True
2025-12-01,Benue,CPI_FOOD_MOM_PCT,-1.3871278034795864,True
2025-12-01,Borno,CPI_FOOD_MOM_PCT,-0.5945132598497622,True
2025-12-01,Cross River,CPI_FOOD_MOM_PCT,-0.5449362845805013,True
2025-12-01,Delta,CPI_FOOD_MOM_PCT,-0.6136374564989353,True
2025-12-01,Ebonyi,CPI_FOOD_MOM_PCT,-1.7006936356616364,True
2025-12-01,Edo,CPI_FOOD_MOM_PCT,-1.6687000193542474,True
2025-12-01,Ekiti,CPI_FOOD_MOM_PCT,-1.678357965644011,True
2025-12-01,Enugu,CPI_FOOD_MOM_PCT,0.3123641283356875,True
2025-12-01,Gombe,CPI_FOOD_MOM_PCT,-0.6896501206044547,True
2025-12-01,Imo,CPI_FOOD_MOM_PCT,3.194553461016042,True
2025-12-01,Jigawa,CPI_FOOD_MOM_PCT,-1.460527098497025,True
2025-12-01,Kaduna,CPI_FOOD_MOM_PCT,-0.9344368645586344,True
2025-12-01,Kano,CPI_FOOD_MOM_PCT,0.0864846134700059,True
2025-12-01,Katsina,CPI_FOOD_MOM_PCT,0.9678329922133456,True
2025-12-01,Kebbi,CPI_FOOD_MOM_PCT,-1.1226910286323886,True
2025-12-01,Kogi,CPI_FOOD_MOM_PCT,-1.438371704408965,True
2025-12-01,Kwara,CPI_FOOD_MOM_PCT,0.0132331088033481,True
2025-12-01,Lagos,CPI_FOOD_MOM_PCT,-0.5054851738261448,True
2025-12-01,Nasarawa,CPI_FOOD_MOM_PCT,3.155261331959806,True
2025-12-01,Niger,CPI_FOOD_MOM_PCT,-0.6181050748099892,True
2025-12-01,Ogun,CPI_FOOD_MOM_PCT,-0.9102134921782864,True
2025-12-01,Ondo,CPI_FOOD_MOM_PCT,-1.2488613045795065,True
2025-12-01,Osun,CPI_FOOD_MOM_PCT,-1.1068832384231089,True
2025-12-01,Oyo,CPI_FOOD_MOM_PCT,0.5956929905180743,True
2025-12-01,Plateau,CPI_FOOD_MOM_PCT,-2.762808057287643,True
2025-12-01,Rivers,CPI_FOOD_MOM_PCT,-2.4967486972244046,True
2025-12-01,Sokoto,CPI_FOOD_MOM_PCT,-0.878923473603848,True
2025-12-01,Taraba,CPI_FOOD_MOM_PCT,-0.5451150113506884,True
2025-12-01,Yobe,CPI_FOOD_MOM_PCT,1.1817518648825,True
2025-12-01,Zamfara,CPI_FOOD_MOM_PCT,-1.926360154729295,True
2026-01-01,Abia,CPI_FOOD_MOM_PCT,-6.71647740119468,True
2026-01-01,Abuja,CPI_FOOD_MOM_PCT,-7.313696660913322,True
2026-01-01,Adamawa,CPI_FOOD_MOM_PCT,-3.74892321043761,True
2026-01-01,Akwa Ibom,CPI_FOOD_MOM_PCT,-2.213305354279399,True
2026-01-01,Anambra,CPI_FOOD_MOM_PCT,-5.832745622322875,True
2026-01-01,Bauchi,CPI_FOOD_MOM_PCT,-7.36953252240589,True
2026-01-01,Bayelsa,CPI_FOOD_MOM_PCT,-6.895560217783512,True
2026-01-01,Benue,CPI_FOOD_MOM_PCT,-4.662573645484471,True
2026-01-01,Borno,CPI_FOOD_MOM_PCT,-5.235990359145731,True
2026-01-01,Cross River,CPI_FOOD_MOM_PCT,-6.949189306446584,True
2026-01-01,Delta,CPI_FOOD_MOM_PCT,-7.260628880400191,True
2026-01-01,Ebonyi,CPI_FOOD_MOM_PCT,-7.133473278753513,True
2026-01-01,Edo,CPI_FOOD_MOM_PCT,-6.347701842336846,True
2026-01-01,Ekiti,CPI_FOOD_MOM_PCT,-7.044761606345404,True
2026-01-01,Enugu,CPI_FOOD_MOM_PCT,-6.492952618151264,True
2026-01-01,Gombe,CPI_FOOD_MOM_PCT,-7.037052276420667,True
2026-01-01,Imo,CPI_FOOD_MOM_PCT,-1.258579881183266,True
2026-01-01,Jigawa,CPI_FOOD_MOM_PCT,-5.3381340543893145,True
2026-01-01,Kaduna,CPI_FOOD_MOM_PCT,-7.831624474665048,True
2026-01-01,Kano,CPI_FOOD_MOM_PCT,-4.695305155078387,True
2026-01-01,Katsina,CPI_FOOD_MOM_PCT,-5.011173090318337,True
2026-01-01,Kebbi,CPI_FOOD_MOM_PCT,-5.909773657623035,True
2026-01-01,Kogi,CPI_FOOD_MOM_PCT,-6.789219470846163,True
2026-01-01,Kwara,CPI_FOOD_MOM_PCT,-3.2090339478923937,True
2026-01-01,Lagos,CPI_FOOD_MOM_PCT,-8.079277995324787,True
2026-01-01,Nasarawa,CPI_FOOD_MOM_PCT,-9.056605663122824,True
2026-01-01,Niger,CPI_FOOD_MOM_PCT,-7.143844157251607,True
2026-01-01,Ogun,CPI_FOOD_MOM_PCT,-7.266813197060243,True
2026-01-01,Ondo,CPI_FOOD_MOM_PCT,-3.441169607326572,True
2026-01-01,Osun,CPI_FOOD_MOM_PCT,-5.678865779997352,True
2026-01-01,Oyo,CPI_FOOD_MOM_PCT,-3.126249768487938,True
2026-01-01,Plateau,CPI_FOOD_MOM_PCT,-5.108829776163248,True
2026-01-01,Rivers,CPI_FOOD_MOM_PCT,-4.258155290195717,True
2026-01-01,Sokoto,CPI_FOOD_MOM_PCT,-8.313845029312887,True
2026-01-01,Taraba,CPI_FOOD_MOM_PCT,-4.100016088979871,True
2026-01-01,Yobe,CPI_FOOD_MOM_PCT,-11.883822237089973,True
2026-01-01,Zamfara,CPI_FOOD_MOM_PCT,-2.9560619182788628,True
2026-02-01,Abia,CPI_FOOD_MOM_PCT,7.154166051675716,True
2026-02-01,Abuja,CPI_FOOD_MOM_PCT,5.004326441519581,True
2026-02-01,Adamawa,CPI_FOOD_MOM_PCT,4.970550172684014,True
2026-02-01,Akwa Ibom,CPI_FOOD_MOM_PCT,6.474244037145979,True
2026-02-01,Anambra,CPI_FOOD_MOM_PCT,6.590205914795092,True
2026-02-01,Bauchi,CPI_FOOD_MOM_PCT,2.451345902362249,True
2026-02-01,Bayelsa,CPI_FOOD_MOM_PCT,8.811384431402473,True
2026-02-01,Benue,CPI_FOOD_MOM_PCT,2.9623005524623665,True
2026-02-01,Borno,CPI_FOOD_MOM_PCT,3.859443814215453,True
2026-02-01,Cross River,CPI_FOOD_MOM_PCT,5.332405440921463,True
2026-02-01,Delta,CPI_FOOD_MOM_PCT,5.38499680645424,True
2026-02-01,Ebonyi,CPI_FOOD_MOM_PCT,8.512165235910516,True
2026-02-01,Edo,CPI_FOOD_MOM_PCT,7.715177495184335,True
2026-02-01,Ekiti,CPI_FOOD_MOM_PCT,5.713213086726327,True
2026-02-01,Enugu,CPI_FOOD_MOM_PCT,6.831967632921248,True
2026-02-01,Gombe,CPI_FOOD_MOM_PCT,2.839685632652248,True
2026-02-01,Imo,CPI_FOOD_MOM_PCT,3.765921823764046,True
2026-02-01,Jigawa,CPI_FOOD_MOM_PCT,5.347889075457061,True
2026-02-01,Kaduna,CPI_FOOD_MOM_PCT,6.173683641192284,True
2026-02-01,Kano,CPI_FOOD_MOM_PCT,1.3893287181958556,True
2026-02-01,Katsina,CPI_FOOD_MOM_PCT,-0.6952787136027894,True
2026-02-01,Kebbi,CPI_FOOD_MOM_PCT,6.115114961996198,True
2026-02-01,Kogi,CPI_FOOD_MOM_PCT,5.903629973755216,True
2026-02-01,Kwara,CPI_FOOD_MOM_PCT,3.944273771956034,True
2026-02-01,Lagos,CPI_FOOD_MOM_PCT,5.66499751615423,True
2026-02-01,Nasarawa,CPI_FOOD_MOM_PCT,0.1685294574138822,True
2026-02-01,Niger,CPI_FOOD_MOM_PCT,3.526351604811253,True
2026-02-01,Ogun,CPI_FOOD_MOM_PCT,6.799681560735976,True
2026-02-01,Ondo,CPI_FOOD_MOM_PCT,4.371694822101247,True
2026-02-01,Osun,CPI_FOOD_MOM_PCT,4.4209860851157,True
2026-02-01,Oyo,CPI_FOOD_MOM_PCT,5.504695133408788,True
2026-02-01,Plateau,CPI_FOOD_MOM_PCT,3.847779731897404,True
2026-02-01,Rivers,CPI_FOOD_MOM_PCT,7.018687906786042,True
2026-02-01,Sokoto,CPI_FOOD_MOM_PCT,1.82232986628496,True
2026-02-01,Taraba,CPI_FOOD_MOM_PCT,3.179598961951257,True
2026-02-01,Yobe,CPI_FOOD_MOM_PCT,2.925376356193098,True
2026-02-01,Zamfara,CPI_FOOD_MOM_PCT,4.745027105604464,True
2026-03-01,Abia,CPI_FOOD_MOM_PCT,3.3631290054647422,True
2026-03-01,Abuja,CPI_FOOD_MOM_PCT,5.546271159101906,True
2026-03-01,Adamawa,CPI_FOOD_MOM_PCT,1.3008528251866096,True
2026-03-01,Akwa Ibom,CPI_FOOD_MOM_PCT,3.0428589454978976,True
2026-03-01,Anambra,CPI_FOOD_MOM_PCT,3.152435516699839,True
2026-03-01,Bauchi,CPI_FOOD_MOM_PCT,7.814593967827108,True
2026-03-01,Bayelsa,CPI_FOOD_MOM_PCT,5.842492937540172,True
2026-03-01,Benue,CPI_FOOD_MOM_PCT,4.396949215682639,True
2026-03-01,Borno,CPI_FOOD_MOM_PCT,2.626070337785677,True
2026-03-01,Cross River,CPI_FOOD_MOM_PCT,3.996730952738943,True
2026-03-01,Delta,CPI_FOOD_MOM_PCT,6.819834605138041,True
2026-03-01,Ebonyi,CPI_FOOD_MOM_PCT,5.528360618416045,True
2026-03-01,Edo,CPI_FOOD_MOM_PCT,5.407383991703355,True
2026-03-01,Ekiti,CPI_FOOD_MOM_PCT,5.624581509013595,True
2026-03-01,Enugu,CPI_FOOD_MOM_PCT,4.678153540356476,True
2026-03-01,Gombe,CPI_FOOD_MOM_PCT,8.103472986152951,True
2026-03-01,Imo,CPI_FOOD_MOM_PCT,5.624445624229608,True
2026-03-01,Jigawa,CPI_FOOD_MOM_PCT,3.809651357823512,True
2026-03-01,Kaduna,CPI_FOOD_MOM_PCT,5.431039421207444,True
2026-03-01,Kano,CPI_FOOD_MOM_PCT,1.6181265030757572,True
2026-03-01,Katsina,CPI_FOOD_MOM_PCT,0.0881549288060767,True
2026-03-01,Kebbi,CPI_FOOD_MOM_PCT,6.815111595323103,True
2026-03-01,Kogi,CPI_FOOD_MOM_PCT,6.742482117041732,True
2026-03-01,Kwara,CPI_FOOD_MOM_PCT,7.485640254956664,True
2026-03-01,Lagos,CPI_FOOD_MOM_PCT,2.559731169435466,True
2026-03-01,Nasarawa,CPI_FOOD_MOM_PCT,3.785683556508389,True
2026-03-01,Niger,CPI_FOOD_MOM_PCT,8.590379169441164,True
2026-03-01,Ogun,CPI_FOOD_MOM_PCT,0.76617391383121,True
2026-03-01,Ondo,CPI_FOOD_MOM_PCT,4.734820406877731,True
2026-03-01,Osun,CPI_FOOD_MOM_PCT,3.312320452480691,True
2026-03-01,Oyo,CPI_FOOD_MOM_PCT,2.243195174680864,True
2026-03-01,Plateau,CPI_FOOD_MOM_PCT,4.225069421447088,True
2026-03-01,Rivers,CPI_FOOD_MOM_PCT,1.630833076496259,True
2026-03-01,Sokoto,CPI_FOOD_MOM_PCT,11.78261422848604,True
2026-03-01,Taraba,CPI_FOOD_MOM_PCT,3.937273209125536,True
2026-03-01,Yobe,CPI_FOOD_MOM_PCT,5.752189156898851,True
2026-03-01,Zamfara,CPI_FOOD_MOM_PCT,7.444353812056789,True
2026-04-01,Abia,CPI_FOOD_MOM_PCT,2.4580951845554466,True
2026-04-01,Abuja,CPI_FOOD_MOM_PCT,4.35576122754135,True
2026-04-01,Adamawa,CPI_FOOD_MOM_PCT,5.232867079315653,True
2026-04-01,Akwa Ibom,CPI_FOOD_MOM_PCT,1.8290062203595312,True
2026-04-01,Anambra,CPI_FOOD_MOM_PCT,1.7041377406655158,True
2026-04-01,Bauchi,CPI_FOOD_MOM_PCT,6.783588865163011,True
2026-04-01,Bayelsa,CPI_FOOD_MOM_PCT,1.293823529552867,True
2026-04-01,Benue,CPI_FOOD_MOM_PCT,6.638651191984351,True
2026-04-01,Borno,CPI_FOOD_MOM_PCT,5.503026523311917,True
2026-04-01,Cross River,CPI_FOOD_MOM_PCT,2.0933542612633573,True
2026-04-01,Delta,CPI_FOOD_MOM_PCT,2.4541532064245217,True
2026-04-01,Ebonyi,CPI_FOOD_MOM_PCT,1.850926207175263,True
2026-04-01,Edo,CPI_FOOD_MOM_PCT,2.618026172182894,True
2026-04-01,Ekiti,CPI_FOOD_MOM_PCT,3.425451403486065,True
2026-04-01,Enugu,CPI_FOOD_MOM_PCT,1.4169586364954083,True
2026-04-01,Gombe,CPI_FOOD_MOM_PCT,5.168587643114009,True
2026-04-01,Imo,CPI_FOOD_MOM_PCT,2.680352150881248,True
2026-04-01,Jigawa,CPI_FOOD_MOM_PCT,4.592869913368645,True
2026-04-01,Kaduna,CPI_FOOD_MOM_PCT,4.960391377291444,True
2026-04-01,Kano,CPI_FOOD_MOM_PCT,5.80806772791189,True
2026-04-01,Katsina,CPI_FOOD_MOM_PCT,0.4677023731405114,True
2026-04-01,Kebbi,CPI_FOOD_MOM_PCT,0.2328021580049153,True
2026-04-01,Kogi,CPI_FOOD_MOM_PCT,6.719273873578473,True
2026-04-01,Kwara,CPI_FOOD_MOM_PCT,4.763863600657217,True
2026-04-01,Lagos,CPI_FOOD_MOM_PCT,4.119533637765301,True
2026-04-01,Nasarawa,CPI_FOOD_MOM_PCT,6.101953253031283,True
2026-04-01,Niger,CPI_FOOD_MOM_PCT,8.533684701002684,True
2026-04-01,Ogun,CPI_FOOD_MOM_PCT,2.709877801572788,True
2026-04-01,Ondo,CPI_FOOD_MOM_PCT,2.9013485481558945,True
2026-04-01,Osun,CPI_FOOD_MOM_PCT,3.4931123561419355,True
2026-04-01,Oyo,CPI_FOOD_MOM_PCT,3.0269966156862864,True
2026-04-01,Plateau,CPI_FOOD_MOM_PCT,6.22379414645539,True
2026-04-01,Rivers,CPI_FOOD_MOM_PCT,2.44755509406383,True
2026-04-01,Sokoto,CPI_FOOD_MOM_PCT,5.066421662146155,True
2026-04-01,Taraba,CPI_FOOD_MOM_PCT,5.2407530732698575,True
2026-04-01,Yobe,CPI_FOOD_MOM_PCT,4.632165494199441,True
2026-04-01,Zamfara,CPI_FOOD_MOM_PCT,2.913313472172078,True
2026-05-01,Abia,CPI_FOOD_MOM_PCT,5.825897355440588,False
2026-05-01,Abuja,CPI_FOOD_MOM_PCT,4.170149390661777,False
2026-05-01,Adamawa,CPI_FOOD_MOM_PCT,3.837366996019199,False
2026-05-01,Akwa Ibom,CPI_FOOD_MOM_PCT,5.790328412460227,False
2026-05-01,Anambra,CPI_FOOD_MOM_PCT,5.626473051522467,False
2026-05-01,Bauchi,CPI_FOOD_MOM_PCT,7.733698897191715,False
2026-05-01,Bayelsa,CPI_FOOD_MOM_PCT,6.497832501597301,False
2026-05-01,Benue,CPI_FOOD_MOM_PCT,6.294703540150579,False
2026-05-01,Borno,CPI_FOOD_MOM_PCT,6.535736233661922,False
2026-05-01,Cross River,CPI_FOOD_MOM_PCT,5.676100838983118,False
2026-05-01,Delta,CPI_FOOD_MOM_PCT,4.577839804187292,False
2026-05-01,Ebonyi,CPI_FOOD_MOM_PCT,6.106884847449294,False
2026-05-01,Edo,CPI_FOOD_MOM_PCT,2.330302357211039,False
2026-05-01,Ekiti,CPI_FOOD_MOM_PCT,4.898791323598644,False
2026-05-01,Enugu,CPI_FOOD_MOM_PCT,4.704973764303261,False
2026-05-01,Gombe,CPI_FOOD_MOM_PCT,-2.2177866215404265,False
2026-05-01,Imo,CPI_FOOD_MOM_PCT,0.9792141630138927,False
2026-05-01,Jigawa,CPI_FOOD_MOM_PCT,6.689078439141639,False
2026-05-01,Kaduna,CPI_FOOD_MOM_PCT,1.294438970491825,False
2026-05-01,Kano,CPI_FOOD_MOM_PCT,3.3455207076673616,False
2026-05-01,Katsina,CPI_FOOD_MOM_PCT,-3.4824132718710814,False
2026-05-01,Kebbi,CPI_FOOD_MOM_PCT,-0.8204461305153217,False
2026-05-01,Kogi,CPI_FOOD_MOM_PCT,0.2619548287680544,False
2026-05-01,Kwara,CPI_FOOD_MOM_PCT,0.8394879810685012,False
2026-05-01,Lagos,CPI_FOOD_MOM_PCT,-0.219876026366748,False
2026-05-01,Nasarawa,CPI_FOOD_MOM_PCT,1.9310647961456624,False
2026-05-01,Niger,CPI_FOOD_MOM_PCT,-3.542961855150253,False
2026-05-01,Ogun,CPI_FOOD_MOM_PCT,6.859175151569332,False
2026-05-01,Ondo,CPI_FOOD_MOM_PCT,1.9822897118533973,False
2026-05-01,Osun,CPI_FOOD_MOM_PCT,6.545993753350658,False
2026-05-01,Oyo,CPI_FOOD_MOM_PCT,4.8993421249176095,False
2026-05-01,Plateau,CPI_FOOD_MOM_PCT,6.337505323474176,False
2026-05-01,Rivers,CPI_FOOD_MOM_PCT,3.161675441409756,False
2026-05-01,Sokoto,CPI_FOOD_MOM_PCT,-2.149418160486377,False
2026-05-01,Taraba,CPI_FOOD_MOM_PCT,-0.544312132239483,False
2026-05-01,Yobe,CPI_FOOD_MOM_PCT,6.441506734422148,False
2026-05-01,Zamfara,CPI_FOOD_MOM_PCT,-1.1168216573267813,False
2026-06-01,Abia,CPI_FOOD_MOM_PCT,1.6857665596897675,False
2026-06-01,Abuja,CPI_FOOD_MOM_PCT,4.146691048223119,False
2026-06-01,Adamawa,CPI_FOOD_MOM_PCT,2.442789761653813,False
2026-06-01,Akwa Ibom,CPI_FOOD_MOM_PCT,3.603001571906901,False
2026-06-01,Anambra,CPI_FOOD_MOM_PCT,1.2011966171831432,False
2026-06-01,Bauchi,CPI_FOOD_MOM_PCT,-0.9570772461820668,False
2026-06-01,Bayelsa,CPI_FOOD_MOM_PCT,-1.342602009056776,False
2026-06-01,Benue,CPI_FOOD_MOM_PCT,-2.3589411448155038,False
2026-06-01,Borno,CPI_FOOD_MOM_PCT,-3.536821916083838,False
2026-06-01,Cross River,CPI_FOOD_MOM_PCT,1.1890060574606167,False
2026-06-01,Delta,CPI_FOOD_MOM_PCT,1.9115303856082733,False
2026-06-01,Ebonyi,CPI_FOOD_MOM_PCT,1.2681990513826946,False
2026-06-01,Edo,CPI_FOOD_MOM_PCT,1.8059368132019105,False
2026-06-01,Ekiti,CPI_FOOD_MOM_PCT,0.1090003093651148,False
2026-06-01,Enugu,CPI_FOOD_MOM_PCT,7.616434533532114,False
2026-06-01,Gombe,CPI_FOOD_MOM_PCT,8.068100889496861,False
2026-06-01,Imo,CPI_FOOD_MOM_PCT,5.68635226099201,False
2026-06-01,Jigawa,CPI_FOOD_MOM_PCT,0.9838546432997504,False
2026-06-01,Kaduna,CPI_FOOD_MOM_PCT,7.424269411810712,False
2026-06-01,Kano,CPI_FOOD_MOM_PCT,2.2579095173741166,False
2026-06-01,Katsina,CPI_FOOD_MOM_PCT,16.821379427219867,False
2026-06-01,Kebbi,CPI_FOOD_MOM_PCT,9.789265521573554,False
2026-06-01,Kogi,CPI_FOOD_MOM_PCT,5.568135334775775,False
2026-06-01,Kwara,CPI_FOOD_MOM_PCT,5.838436882594095,False
2026-06-01,Lagos,CPI_FOOD_MOM_PCT,7.142855450846014,False
2026-06-01,Nasarawa,CPI_FOOD_MOM_PCT,1.7777940073508771,False
2026-06-01,Niger,CPI_FOOD_MOM_PCT,8.957119639088134,False
2026-06-01,Ogun,CPI_FOOD_MOM_PCT,1.797476130853795,False
2026-06-01,Ondo,CPI_FOOD_MOM_PCT,4.138027618860619,False
2026-06-01,Osun,CPI_FOOD_MOM_PCT,5.721361327189413,False
2026-06-01,Oyo,CPI_FOOD_MOM_PCT,2.4911479549887474,False
2026-06-01,Plateau,CPI_FOOD_MOM_PCT,1.3240237733862443,False
2026-06-01,Rivers,CPI_FOOD_MOM_PCT,-0.922564475423826,False
2026-06-01,Sokoto,CPI_FOOD_MOM_PCT,1.9730346091739928,False
2026-06-01,Taraba,CPI_FOOD_MOM_PCT,3.5430181794621234,False
2026-06-01,Yobe,CPI_FOOD_MOM_PCT,2.1320529544385067,False
2026-06-01,Zamfara,CPI_FOOD_MOM_PCT,2.5312111578156333,False
2026-07-01,Abia,CPI_FOOD_MOM_PCT,3.2405182715391305,False
2026-07-01,Abuja,CPI_FOOD_MOM_PCT,0.214428296765746,False
2026-07-01,Adamawa,CPI_FOOD_MOM_PCT,17.01804501564598,False
2026-07-01,Akwa Ibom,CPI_FOOD_MOM_PCT,3.215568042386323,False
2026-07-01,Anambra,CPI_FOOD_MOM_PCT,4.627005522559941,False
2026-07-01,Bauchi,CPI_FOOD_MOM_PCT,-1.8547121125749584,False
2026-07-01,Bayelsa,CPI_FOOD_MOM_PCT,9.36286731452769,False
2026-07-01,Benue,CPI_FOOD_MOM_PCT,7.965362751026859,False
2026-07-01,Borno,CPI_FOOD_MOM_PCT,13.256083510696628,False
2026-07-01,Cross River,CPI_FOOD_MOM_PCT,8.349475252425336,False
2026-07-01,Delta,CPI_FOOD_MOM_PCT,11.806254693596005,False
2026-07-01,Ebonyi,CPI_FOOD_MOM_PCT,0.7877159028300724,False
2026-07-01,Edo,CPI_FOOD_MOM_PCT,8.139542660648559,False
2026-07-01,Ekiti,CPI_FOOD_MOM_PCT,4.349970928726492,False
2026-07-01,Enugu,CPI_FOOD_MOM_PCT,1.0484040562187715,False
2026-07-01,Gombe,CPI_FOOD_MOM_PCT,4.465368466422888,False
2026-07-01,Imo,CPI_FOOD_MOM_PCT,3.950099556043398,False
2026-07-01,Jigawa,CPI_FOOD_MOM_PCT,-3.684329953472471,False
2026-07-01,Kaduna,CPI_FOOD_MOM_PCT,1.0044206554491666,False
2026-07-01,Kano,CPI_FOOD_MOM_PCT,10.626644499283811,False
2026-07-01,Katsina,CPI_FOOD_MOM_PCT,6.270678464107888,False
2026-07-01,Kebbi,CPI_FOOD_MOM_PCT,-3.668954001609336,False
2026-07-01,Kogi,CPI_FOOD_MOM_PCT,-0.4405708014703435,False
2026-07-01,Kwara,CPI_FOOD_MOM_PCT,3.574397534950748,False
2026-07-01,Lagos,CPI_FOOD_MOM_PCT,13.478060064253029,False
2026-07-01,Nasarawa,CPI_FOOD_MOM_PCT,1.124664631078545,False
2026-07-01,Niger,CPI_FOOD_MOM_PCT,-0.7034423118586233,False
2026-07-01,Ogun,CPI_FOOD_MOM_PCT,10.439543945288053,False
2026-07-01,Ondo,CPI_FOOD_MOM_PCT,5.937481707806597,False
2026-07-01,Osun,CPI_FOOD_MOM_PCT,-1.191553014591065,False
2026-07-01,Oyo,CPI_FOOD_MOM_PCT,5.279768743347162,False
2026-07-01,Plateau,CPI_FOOD_MOM_PCT,0.1429030701356026,False
2026-07-01,Rivers,CPI_FOOD_MOM_PCT,7.738320067431715,False
2026-07-01,Sokoto,CPI_FOOD_MOM_PCT,4.772960908491527,False
2026-07-01,Taraba,CPI_FOOD_MOM_PCT,7.125342750374955,False
2026-07-01,Yobe,CPI_FOOD_MOM_PCT,0.0757491402337819,False
2026-07-01,Zamfara,CPI_FOOD_MOM_PCT,5.240040570812113,False
2025-02-01,Abia,CPI_FOOD_YOY_PCT,31.925521145326968,True
2025-02-01,Abuja,CPI_FOOD_YOY_PCT,23.412130143964816,True
2025-02-01,Adamawa,CPI_FOOD_YOY_PCT,12.18024278809844,True
2025-02-01,Akwa Ibom,CPI_FOOD_YOY_PCT,16.912683705404902,True
2025-02-01,Anambra,CPI_FOOD_YOY_PCT,24.15905537829282,True
2025-02-01,Bauchi,CPI_FOOD_YOY_PCT,21.937076423920047,True
2025-02-01,Bayelsa,CPI_FOOD_YOY_PCT,16.15394389096349,True
2025-02-01,Benue,CPI_FOOD_YOY_PCT,21.97415944583196,True
2025-02-01,Borno,CPI_FOOD_YOY_PCT,22.034347350886748,True
2025-02-01,Cross River,CPI_FOOD_YOY_PCT,25.497268029631684,True
2025-02-01,Delta,CPI_FOOD_YOY_PCT,19.833795854151305,True
2025-02-01,Ebonyi,CPI_FOOD_YOY_PCT,28.140308010580185,True
2025-02-01,Edo,CPI_FOOD_YOY_PCT,35.084102640851825,True
2025-02-01,Ekiti,CPI_FOOD_YOY_PCT,25.79502349053793,True
2025-02-01,Enugu,CPI_FOOD_YOY_PCT,31.559015173254156,True
2025-02-01,Gombe,CPI_FOOD_YOY_PCT,28.542313002290143,True
2025-02-01,Imo,CPI_FOOD_YOY_PCT,28.98318864628294,True
2025-02-01,Jigawa,CPI_FOOD_YOY_PCT,25.327425345073323,True
2025-02-01,Kaduna,CPI_FOOD_YOY_PCT,15.890348535588842,True
2025-02-01,Kano,CPI_FOOD_YOY_PCT,21.509829041904368,True
2025-02-01,Katsina,CPI_FOOD_YOY_PCT,25.288885134995127,True
2025-02-01,Kebbi,CPI_FOOD_YOY_PCT,17.720955842881622,True
2025-02-01,Kogi,CPI_FOOD_YOY_PCT,21.87049960779845,True
2025-02-01,Kwara,CPI_FOOD_YOY_PCT,27.22177732405737,True
2025-02-01,Lagos,CPI_FOOD_YOY_PCT,21.86031064589405,True
2025-02-01,Nasarawa,CPI_FOOD_YOY_PCT,33.53067880969385,True
2025-02-01,Niger,CPI_FOOD_YOY_PCT,20.21401409909855,True
2025-02-01,Ogun,CPI_FOOD_YOY_PCT,23.043527260362808,True
2025-02-01,Ondo,CPI_FOOD_YOY_PCT,13.656286127406617,True
2025-02-01,Osun,CPI_FOOD_YOY_PCT,18.422868643880648,True
2025-02-01,Oyo,CPI_FOOD_YOY_PCT,15.54990436504849,True
2025-02-01,Plateau,CPI_FOOD_YOY_PCT,19.521579609286377,True
2025-02-01,Rivers,CPI_FOOD_YOY_PCT,15.840719522154984,True
2025-02-01,Sokoto,CPI_FOOD_YOY_PCT,38.33720663178679,True
2025-02-01,Taraba,CPI_FOOD_YOY_PCT,23.06019939315213,True
2025-02-01,Yobe,CPI_FOOD_YOY_PCT,17.53190139969452,True
2025-02-01,Zamfara,CPI_FOOD_YOY_PCT,28.158009679484508,True
2025-03-01,Abia,CPI_FOOD_YOY_PCT,23.604675316176422,True
2025-03-01,Abuja,CPI_FOOD_YOY_PCT,25.576931417130595,True
2025-03-01,Adamawa,CPI_FOOD_YOY_PCT,12.408681868052753,True
2025-03-01,Akwa Ibom,CPI_FOOD_YOY_PCT,12.599702524575632,True
2025-03-01,Anambra,CPI_FOOD_YOY_PCT,20.80543037842419,True
2025-03-01,Bauchi,CPI_FOOD_YOY_PCT,17.40190568917413,True
2025-03-01,Bayelsa,CPI_FOOD_YOY_PCT,9.606902526397548,True
2025-03-01,Benue,CPI_FOOD_YOY_PCT,23.319056697241397,True
2025-03-01,Borno,CPI_FOOD_YOY_PCT,20.96890123526569,True
2025-03-01,Cross River,CPI_FOOD_YOY_PCT,16.22297283117078,True
2025-03-01,Delta,CPI_FOOD_YOY_PCT,15.79504923596066,True
2025-03-01,Ebonyi,CPI_FOOD_YOY_PCT,27.32859219023697,True
2025-03-01,Edo,CPI_FOOD_YOY_PCT,21.93294813404694,True
2025-03-01,Ekiti,CPI_FOOD_YOY_PCT,18.70239174278873,True
2025-03-01,Enugu,CPI_FOOD_YOY_PCT,21.780717378197977,True
2025-03-01,Gombe,CPI_FOOD_YOY_PCT,22.43628655522558,True
2025-03-01,Imo,CPI_FOOD_YOY_PCT,25.30171358014914,True
2025-03-01,Jigawa,CPI_FOOD_YOY_PCT,27.83229722691334,True
2025-03-01,Kaduna,CPI_FOOD_YOY_PCT,31.13863575248968,True
2025-03-01,Kano,CPI_FOOD_YOY_PCT,30.68398115490197,True
2025-03-01,Katsina,CPI_FOOD_YOY_PCT,17.626987066214866,True
2025-03-01,Kebbi,CPI_FOOD_YOY_PCT,30.854370672450216,True
2025-03-01,Kogi,CPI_FOOD_YOY_PCT,23.800473242326987,True
2025-03-01,Kwara,CPI_FOOD_YOY_PCT,16.24029231652129,True
2025-03-01,Lagos,CPI_FOOD_YOY_PCT,24.19510147673482,True
2025-03-01,Nasarawa,CPI_FOOD_YOY_PCT,16.88300876625695,True
2025-03-01,Niger,CPI_FOOD_YOY_PCT,21.274917066300677,True
2025-03-01,Ogun,CPI_FOOD_YOY_PCT,21.860830250362184,True
2025-03-01,Ondo,CPI_FOOD_YOY_PCT,18.656359959048643,True
2025-03-01,Osun,CPI_FOOD_YOY_PCT,21.98444190980915,True
2025-03-01,Oyo,CPI_FOOD_YOY_PCT,34.408188888556055,True
2025-03-01,Plateau,CPI_FOOD_YOY_PCT,20.38189950143881,True
2025-03-01,Rivers,CPI_FOOD_YOY_PCT,19.0325675886763,True
2025-03-01,Sokoto,CPI_FOOD_YOY_PCT,13.70980724809796,True
2025-03-01,Taraba,CPI_FOOD_YOY_PCT,20.70653376592375,True
2025-03-01,Yobe,CPI_FOOD_YOY_PCT,18.369567120634287,True
2025-03-01,Zamfara,CPI_FOOD_YOY_PCT,25.398054753332715,True
2025-04-01,Abia,CPI_FOOD_YOY_PCT,18.609931732059408,True
2025-04-01,Abuja,CPI_FOOD_YOY_PCT,22.23076968689097,True
2025-04-01,Adamawa,CPI_FOOD_YOY_PCT,9.516474027133626,True
2025-04-01,Akwa Ibom,CPI_FOOD_YOY_PCT,16.403398892478634,True
2025-04-01,Anambra,CPI_FOOD_YOY_PCT,15.236402234979948,True
2025-04-01,Bauchi,CPI_FOOD_YOY_PCT,17.706878056162267,True
2025-04-01,Bayelsa,CPI_FOOD_YOY_PCT,19.66216022450962,True
2025-04-01,Benue,CPI_FOOD_YOY_PCT,51.75524732547481,True
2025-04-01,Borno,CPI_FOOD_YOY_PCT,21.493379387569743,True
2025-04-01,Cross River,CPI_FOOD_YOY_PCT,14.4999018564842,True
2025-04-01,Delta,CPI_FOOD_YOY_PCT,15.859306248022165,True
2025-04-01,Ebonyi,CPI_FOOD_YOY_PCT,7.189627089241043,True
2025-04-01,Edo,CPI_FOOD_YOY_PCT,18.10980291464888,True
2025-04-01,Ekiti,CPI_FOOD_YOY_PCT,34.04746033341081,True
2025-04-01,Enugu,CPI_FOOD_YOY_PCT,24.44987770038476,True
2025-04-01,Gombe,CPI_FOOD_YOY_PCT,26.360338775568263,True
2025-04-01,Imo,CPI_FOOD_YOY_PCT,14.98984709689779,True
2025-04-01,Jigawa,CPI_FOOD_YOY_PCT,22.681077121073727,True
2025-04-01,Kaduna,CPI_FOOD_YOY_PCT,32.91882583228326,True
2025-04-01,Kano,CPI_FOOD_YOY_PCT,15.28539356861583,True
2025-04-01,Katsina,CPI_FOOD_YOY_PCT,22.064077393004997,True
2025-04-01,Kebbi,CPI_FOOD_YOY_PCT,33.81896210600252,True
2025-04-01,Kogi,CPI_FOOD_YOY_PCT,21.853962809355835,True
2025-04-01,Kwara,CPI_FOOD_YOY_PCT,15.83502001991539,True
2025-04-01,Lagos,CPI_FOOD_YOY_PCT,19.951165677345656,True
2025-04-01,Nasarawa,CPI_FOOD_YOY_PCT,23.30255673274111,True
2025-04-01,Niger,CPI_FOOD_YOY_PCT,24.271345709882567,True
2025-04-01,Ogun,CPI_FOOD_YOY_PCT,9.908909215585354,True
2025-04-01,Ondo,CPI_FOOD_YOY_PCT,20.58702694838968,True
2025-04-01,Osun,CPI_FOOD_YOY_PCT,32.40845815036374,True
2025-04-01,Oyo,CPI_FOOD_YOY_PCT,21.536617895335183,True
2025-04-01,Plateau,CPI_FOOD_YOY_PCT,30.537344296684097,True
2025-04-01,Rivers,CPI_FOOD_YOY_PCT,17.978365142390814,True
2025-04-01,Sokoto,CPI_FOOD_YOY_PCT,25.315801326724667,True
2025-04-01,Taraba,CPI_FOOD_YOY_PCT,20.27417204874253,True
2025-04-01,Yobe,CPI_FOOD_YOY_PCT,29.67238363097184,True
2025-04-01,Zamfara,CPI_FOOD_YOY_PCT,23.992389151333484,True
2025-05-01,Abia,CPI_FOOD_YOY_PCT,24.18702812000764,True
2025-05-01,Abuja,CPI_FOOD_YOY_PCT,26.717303174981534,True
2025-05-01,Adamawa,CPI_FOOD_YOY_PCT,13.014063350307453,True
2025-05-01,Akwa Ibom,CPI_FOOD_YOY_PCT,20.76719785540284,True
2025-05-01,Anambra,CPI_FOOD_YOY_PCT,22.542614639860133,True
2025-05-01,Bauchi,CPI_FOOD_YOY_PCT,21.493844458350807,True
2025-05-01,Bayelsa,CPI_FOOD_YOY_PCT,39.84607385346703,True
2025-05-01,Benue,CPI_FOOD_YOY_PCT,21.955470076667453,True
2025-05-01,Borno,CPI_FOOD_YOY_PCT,64.36279821720447,True
2025-05-01,Cross River,CPI_FOOD_YOY_PCT,27.292527177831644,True
2025-05-01,Delta,CPI_FOOD_YOY_PCT,17.762916341995634,True
2025-05-01,Ebonyi,CPI_FOOD_YOY_PCT,25.949876145090272,True
2025-05-01,Edo,CPI_FOOD_YOY_PCT,19.35263994383033,True
2025-05-01,Ekiti,CPI_FOOD_YOY_PCT,23.78797059134294,True
2025-05-01,Enugu,CPI_FOOD_YOY_PCT,14.021677249162082,True
2025-05-01,Gombe,CPI_FOOD_YOY_PCT,17.956136543074265,True
2025-05-01,Imo,CPI_FOOD_YOY_PCT,20.267815849241217,True
2025-05-01,Jigawa,CPI_FOOD_YOY_PCT,25.39660666000896,True
2025-05-01,Kaduna,CPI_FOOD_YOY_PCT,16.2211926401463,True
2025-05-01,Kano,CPI_FOOD_YOY_PCT,18.440649279434297,True
2025-05-01,Katsina,CPI_FOOD_YOY_PCT,6.904855707243769,True
2025-05-01,Kebbi,CPI_FOOD_YOY_PCT,21.33163317307094,True
2025-05-01,Kogi,CPI_FOOD_YOY_PCT,26.516279940312643,True
2025-05-01,Kwara,CPI_FOOD_YOY_PCT,11.312184942626844,True
2025-05-01,Lagos,CPI_FOOD_YOY_PCT,15.142095900365632,True
2025-05-01,Nasarawa,CPI_FOOD_YOY_PCT,25.25722871023943,True
2025-05-01,Niger,CPI_FOOD_YOY_PCT,30.251518683830312,True
2025-05-01,Ogun,CPI_FOOD_YOY_PCT,26.539497795158653,True
2025-05-01,Ondo,CPI_FOOD_YOY_PCT,14.530748864989988,True
2025-05-01,Osun,CPI_FOOD_YOY_PCT,21.100592192207344,True
2025-05-01,Oyo,CPI_FOOD_YOY_PCT,19.091796555426413,True
2025-05-01,Plateau,CPI_FOOD_YOY_PCT,18.61162112132517,True
2025-05-01,Rivers,CPI_FOOD_YOY_PCT,9.18252005461852,True
2025-05-01,Sokoto,CPI_FOOD_YOY_PCT,27.62340386788442,True
2025-05-01,Taraba,CPI_FOOD_YOY_PCT,38.57544813261555,True
2025-05-01,Yobe,CPI_FOOD_YOY_PCT,22.91065727603853,True
2025-05-01,Zamfara,CPI_FOOD_YOY_PCT,22.32956542367521,True
2025-06-01,Abia,CPI_FOOD_YOY_PCT,25.65609282523475,True
2025-06-01,Abuja,CPI_FOOD_YOY_PCT,22.274250528247634,True
2025-06-01,Adamawa,CPI_FOOD_YOY_PCT,10.896730932392828,True
2025-06-01,Akwa Ibom,CPI_FOOD_YOY_PCT,22.07146860322328,True
2025-06-01,Anambra,CPI_FOOD_YOY_PCT,24.787799872406424,True
2025-06-01,Bauchi,CPI_FOOD_YOY_PCT,21.27123993786239,True
2025-06-01,Bayelsa,CPI_FOOD_YOY_PCT,28.64128106439199,True
2025-06-01,Benue,CPI_FOOD_YOY_PCT,23.81172614409425,True
2025-06-01,Borno,CPI_FOOD_YOY_PCT,47.39716142602413,True
2025-06-01,Cross River,CPI_FOOD_YOY_PCT,25.70927068054752,True
2025-06-01,Delta,CPI_FOOD_YOY_PCT,23.28633970578305,True
2025-06-01,Ebonyi,CPI_FOOD_YOY_PCT,30.615764345923225,True
2025-06-01,Edo,CPI_FOOD_YOY_PCT,23.558239435884214,True
2025-06-01,Ekiti,CPI_FOOD_YOY_PCT,25.035661694114737,True
2025-06-01,Enugu,CPI_FOOD_YOY_PCT,24.77023875923723,True
2025-06-01,Gombe,CPI_FOOD_YOY_PCT,22.10042297287164,True
2025-06-01,Imo,CPI_FOOD_YOY_PCT,26.937296693170268,True
2025-06-01,Jigawa,CPI_FOOD_YOY_PCT,15.473794972917432,True
2025-06-01,Kaduna,CPI_FOOD_YOY_PCT,17.452848241408887,True
2025-06-01,Kano,CPI_FOOD_YOY_PCT,18.19609821255281,True
2025-06-01,Katsina,CPI_FOOD_YOY_PCT,6.208070441483613,True
2025-06-01,Kebbi,CPI_FOOD_YOY_PCT,20.214381596225067,True
2025-06-01,Kogi,CPI_FOOD_YOY_PCT,21.557663943731683,True
2025-06-01,Kwara,CPI_FOOD_YOY_PCT,17.975094679779048,True
2025-06-01,Lagos,CPI_FOOD_YOY_PCT,21.72204796127721,True
2025-06-01,Nasarawa,CPI_FOOD_YOY_PCT,23.39753716332899,True
2025-06-01,Niger,CPI_FOOD_YOY_PCT,21.81386944899633,True
2025-06-01,Ogun,CPI_FOOD_YOY_PCT,25.399886232758305,True
2025-06-01,Ondo,CPI_FOOD_YOY_PCT,17.846313820991185,True
2025-06-01,Osun,CPI_FOOD_YOY_PCT,27.908279110366152,True
2025-06-01,Oyo,CPI_FOOD_YOY_PCT,25.07074123902157,True
2025-06-01,Plateau,CPI_FOOD_YOY_PCT,20.451122100307245,True
2025-06-01,Rivers,CPI_FOOD_YOY_PCT,17.732512617591993,True
2025-06-01,Sokoto,CPI_FOOD_YOY_PCT,15.254366783435543,True
2025-06-01,Taraba,CPI_FOOD_YOY_PCT,27.37913241157021,True
2025-06-01,Yobe,CPI_FOOD_YOY_PCT,17.854426101232363,True
2025-06-01,Zamfara,CPI_FOOD_YOY_PCT,26.158050722883488,True
2025-07-01,Abia,CPI_FOOD_YOY_PCT,19.898156331909945,True
2025-07-01,Abuja,CPI_FOOD_YOY_PCT,22.100903001793725,True
2025-07-01,Adamawa,CPI_FOOD_YOY_PCT,9.902611887611188,True
2025-07-01,Akwa Ibom,CPI_FOOD_YOY_PCT,20.9220831478268,True
2025-07-01,Anambra,CPI_FOOD_YOY_PCT,21.95192550007809,True
2025-07-01,Bauchi,CPI_FOOD_YOY_PCT,15.508040739382906,True
2025-07-01,Bayelsa,CPI_FOOD_YOY_PCT,26.89772617666155,True
2025-07-01,Benue,CPI_FOOD_YOY_PCT,23.470908447435534,True
2025-07-01,Borno,CPI_FOOD_YOY_PCT,55.56476849252408,True
2025-07-01,Cross River,CPI_FOOD_YOY_PCT,25.540835696160585,True
2025-07-01,Delta,CPI_FOOD_YOY_PCT,23.82162119368468,True
2025-07-01,Ebonyi,CPI_FOOD_YOY_PCT,29.061672687033592,True
2025-07-01,Edo,CPI_FOOD_YOY_PCT,26.53301588727149,True
2025-07-01,Ekiti,CPI_FOOD_YOY_PCT,28.339319049677044,True
2025-07-01,Enugu,CPI_FOOD_YOY_PCT,23.135089278986413,True
2025-07-01,Gombe,CPI_FOOD_YOY_PCT,20.28719189241517,True
2025-07-01,Imo,CPI_FOOD_YOY_PCT,25.59949949018745,True
2025-07-01,Jigawa,CPI_FOOD_YOY_PCT,18.858953326001146,True
2025-07-01,Kaduna,CPI_FOOD_YOY_PCT,22.02903913276376,True
2025-07-01,Kano,CPI_FOOD_YOY_PCT,27.393008589495267,True
2025-07-01,Katsina,CPI_FOOD_YOY_PCT,6.607981362817057,True
2025-07-01,Kebbi,CPI_FOOD_YOY_PCT,23.562532263753354,True
2025-07-01,Kogi,CPI_FOOD_YOY_PCT,24.95733020126518,True
2025-07-01,Kwara,CPI_FOOD_YOY_PCT,21.379333386891176,True
2025-07-01,Lagos,CPI_FOOD_YOY_PCT,20.278373389455357,True
2025-07-01,Nasarawa,CPI_FOOD_YOY_PCT,26.59445163560341,True
2025-07-01,Niger,CPI_FOOD_YOY_PCT,24.11530081645364,True
2025-07-01,Ogun,CPI_FOOD_YOY_PCT,26.53856572879478,True
2025-07-01,Ondo,CPI_FOOD_YOY_PCT,17.938206989184295,True
2025-07-01,Osun,CPI_FOOD_YOY_PCT,29.097661543054727,True
2025-07-01,Oyo,CPI_FOOD_YOY_PCT,26.97806108904648,True
2025-07-01,Plateau,CPI_FOOD_YOY_PCT,18.97851664558587,True
2025-07-01,Rivers,CPI_FOOD_YOY_PCT,18.872704316633502,True
2025-07-01,Sokoto,CPI_FOOD_YOY_PCT,17.924083351197908,True
2025-07-01,Taraba,CPI_FOOD_YOY_PCT,25.527827495057707,True
2025-07-01,Yobe,CPI_FOOD_YOY_PCT,15.140032923243863,True
2025-07-01,Zamfara,CPI_FOOD_YOY_PCT,14.724362976364771,True
2025-08-01,Abia,CPI_FOOD_YOY_PCT,25.73458302700398,True
2025-08-01,Abuja,CPI_FOOD_YOY_PCT,23.5047949703026,True
2025-08-01,Adamawa,CPI_FOOD_YOY_PCT,11.889662496052892,True
2025-08-01,Akwa Ibom,CPI_FOOD_YOY_PCT,29.85284449060032,True
2025-08-01,Anambra,CPI_FOOD_YOY_PCT,23.449654214441424,True
2025-08-01,Bauchi,CPI_FOOD_YOY_PCT,11.730823761020858,True
2025-08-01,Bayelsa,CPI_FOOD_YOY_PCT,13.369860557266476,True
2025-08-01,Benue,CPI_FOOD_YOY_PCT,25.13751789813168,True
2025-08-01,Borno,CPI_FOOD_YOY_PCT,36.66592944896627,True
2025-08-01,Cross River,CPI_FOOD_YOY_PCT,28.50975999559674,True
2025-08-01,Delta,CPI_FOOD_YOY_PCT,26.82392438714129,True
2025-08-01,Ebonyi,CPI_FOOD_YOY_PCT,15.76697876745088,True
2025-08-01,Edo,CPI_FOOD_YOY_PCT,24.53529167504331,True
2025-08-01,Ekiti,CPI_FOOD_YOY_PCT,16.772113666025362,True
2025-08-01,Enugu,CPI_FOOD_YOY_PCT,26.88044137084455,True
2025-08-01,Gombe,CPI_FOOD_YOY_PCT,11.126533391480308,True
2025-08-01,Imo,CPI_FOOD_YOY_PCT,24.285719456185944,True
2025-08-01,Jigawa,CPI_FOOD_YOY_PCT,23.264342373149237,True
2025-08-01,Kaduna,CPI_FOOD_YOY_PCT,28.824076802071943,True
2025-08-01,Kano,CPI_FOOD_YOY_PCT,30.4379669333901,True
2025-08-01,Katsina,CPI_FOOD_YOY_PCT,13.21198008416124,True
2025-08-01,Kebbi,CPI_FOOD_YOY_PCT,23.76295366745865,True
2025-08-01,Kogi,CPI_FOOD_YOY_PCT,21.342649226260463,True
2025-08-01,Kwara,CPI_FOOD_YOY_PCT,21.25516429769749,True
2025-08-01,Lagos,CPI_FOOD_YOY_PCT,22.98877716400132,True
2025-08-01,Nasarawa,CPI_FOOD_YOY_PCT,13.693684922611965,True
2025-08-01,Niger,CPI_FOOD_YOY_PCT,14.540833514137532,True
2025-08-01,Ogun,CPI_FOOD_YOY_PCT,23.579045155906314,True
2025-08-01,Ondo,CPI_FOOD_YOY_PCT,23.42286598655467,True
2025-08-01,Osun,CPI_FOOD_YOY_PCT,24.618092944641432,True
2025-08-01,Oyo,CPI_FOOD_YOY_PCT,28.033061984888207,True
2025-08-01,Plateau,CPI_FOOD_YOY_PCT,14.609199731304187,True
2025-08-01,Rivers,CPI_FOOD_YOY_PCT,21.275891906287228,True
2025-08-01,Sokoto,CPI_FOOD_YOY_PCT,6.340244458611011,True
2025-08-01,Taraba,CPI_FOOD_YOY_PCT,16.53199639838867,True
2025-08-01,Yobe,CPI_FOOD_YOY_PCT,3.5985389472420195,True
2025-08-01,Zamfara,CPI_FOOD_YOY_PCT,3.302165255185514,True
2025-09-01,Abia,CPI_FOOD_YOY_PCT,15.332343706324878,True
2025-09-01,Abuja,CPI_FOOD_YOY_PCT,11.02928377013022,True
2025-09-01,Adamawa,CPI_FOOD_YOY_PCT,18.14927887565236,True
2025-09-01,Akwa Ibom,CPI_FOOD_YOY_PCT,9.02561271561153,True
2025-09-01,Anambra,CPI_FOOD_YOY_PCT,8.410007994434338,True
2025-09-01,Bauchi,CPI_FOOD_YOY_PCT,2.813626053811589,True
2025-09-01,Bayelsa,CPI_FOOD_YOY_PCT,21.877261378053788,True
2025-09-01,Benue,CPI_FOOD_YOY_PCT,8.61538220306575,True
2025-09-01,Borno,CPI_FOOD_YOY_PCT,16.359794408203626,True
2025-09-01,Cross River,CPI_FOOD_YOY_PCT,13.73250007400148,True
2025-09-01,Delta,CPI_FOOD_YOY_PCT,17.834956885059427,True
2025-09-01,Ebonyi,CPI_FOOD_YOY_PCT,16.36786946947248,True
2025-09-01,Edo,CPI_FOOD_YOY_PCT,15.843785490484706,True
2025-09-01,Ekiti,CPI_FOOD_YOY_PCT,28.67846286187327,True
2025-09-01,Enugu,CPI_FOOD_YOY_PCT,19.410031983790816,True
2025-09-01,Gombe,CPI_FOOD_YOY_PCT,11.654684392790005,True
2025-09-01,Imo,CPI_FOOD_YOY_PCT,12.434307445196495,True
2025-09-01,Jigawa,CPI_FOOD_YOY_PCT,12.070648689736998,True
2025-09-01,Kaduna,CPI_FOOD_YOY_PCT,18.533637044111643,True
2025-09-01,Kano,CPI_FOOD_YOY_PCT,16.66680779426713,True
2025-09-01,Katsina,CPI_FOOD_YOY_PCT,17.41473229538319,True
2025-09-01,Kebbi,CPI_FOOD_YOY_PCT,13.294594433127614,True
2025-09-01,Kogi,CPI_FOOD_YOY_PCT,17.39669196221368,True
2025-09-01,Kwara,CPI_FOOD_YOY_PCT,20.34110754595207,True
2025-09-01,Lagos,CPI_FOOD_YOY_PCT,21.19110964153063,True
2025-09-01,Nasarawa,CPI_FOOD_YOY_PCT,22.7401537251791,True
2025-09-01,Niger,CPI_FOOD_YOY_PCT,8.383840248155664,True
2025-09-01,Ogun,CPI_FOOD_YOY_PCT,21.364196821641187,True
2025-09-01,Ondo,CPI_FOOD_YOY_PCT,10.556140541967691,True
2025-09-01,Osun,CPI_FOOD_YOY_PCT,18.18468759698237,True
2025-09-01,Oyo,CPI_FOOD_YOY_PCT,22.63225735700462,True
2025-09-01,Plateau,CPI_FOOD_YOY_PCT,11.194122394900148,True
2025-09-01,Rivers,CPI_FOOD_YOY_PCT,24.17900241049476,True
2025-09-01,Sokoto,CPI_FOOD_YOY_PCT,12.976272431012518,True
2025-09-01,Taraba,CPI_FOOD_YOY_PCT,22.161427515512685,True
2025-09-01,Yobe,CPI_FOOD_YOY_PCT,12.76972884149383,True
2025-09-01,Zamfara,CPI_FOOD_YOY_PCT,14.521726252154991,True
2025-10-01,Abia,CPI_FOOD_YOY_PCT,11.974452406271467,True
2025-10-01,Abuja,CPI_FOOD_YOY_PCT,14.00573785424075,True
2025-10-01,Adamawa,CPI_FOOD_YOY_PCT,10.98935579403704,True
2025-10-01,Akwa Ibom,CPI_FOOD_YOY_PCT,3.9839332509313854,True
2025-10-01,Anambra,CPI_FOOD_YOY_PCT,10.008219796307811,True
2025-10-01,Bauchi,CPI_FOOD_YOY_PCT,6.9859822386355575,True
2025-10-01,Bayelsa,CPI_FOOD_YOY_PCT,18.140106352010903,True
2025-10-01,Benue,CPI_FOOD_YOY_PCT,10.682506670353774,True
2025-10-01,Borno,CPI_FOOD_YOY_PCT,11.61381787966782,True
2025-10-01,Cross River,CPI_FOOD_YOY_PCT,12.514041245013146,True
2025-10-01,Delta,CPI_FOOD_YOY_PCT,16.757807861117996,True
2025-10-01,Ebonyi,CPI_FOOD_YOY_PCT,13.842864217557292,True
2025-10-01,Edo,CPI_FOOD_YOY_PCT,11.16611411206432,True
2025-10-01,Ekiti,CPI_FOOD_YOY_PCT,19.70013685545598,True
2025-10-01,Enugu,CPI_FOOD_YOY_PCT,18.53669214709757,True
2025-10-01,Gombe,CPI_FOOD_YOY_PCT,8.766280509334635,True
2025-10-01,Imo,CPI_FOOD_YOY_PCT,13.690171028845796,True
2025-10-01,Jigawa,CPI_FOOD_YOY_PCT,10.5310180752125,True
2025-10-01,Kaduna,CPI_FOOD_YOY_PCT,10.445206844843597,True
2025-10-01,Kano,CPI_FOOD_YOY_PCT,14.31025896257212,True
2025-10-01,Katsina,CPI_FOOD_YOY_PCT,4.152155556118359,True
2025-10-01,Kebbi,CPI_FOOD_YOY_PCT,9.589774628771991,True
2025-10-01,Kogi,CPI_FOOD_YOY_PCT,17.200172319684825,True
2025-10-01,Kwara,CPI_FOOD_YOY_PCT,18.69162067266484,True
2025-10-01,Lagos,CPI_FOOD_YOY_PCT,14.76482328283835,True
2025-10-01,Nasarawa,CPI_FOOD_YOY_PCT,19.96320294894474,True
2025-10-01,Niger,CPI_FOOD_YOY_PCT,11.14336963912605,True
2025-10-01,Ogun,CPI_FOOD_YOY_PCT,20.85225275065341,True
2025-10-01,Ondo,CPI_FOOD_YOY_PCT,9.544730859170002,True
2025-10-01,Osun,CPI_FOOD_YOY_PCT,16.73080614535209,True
2025-10-01,Oyo,CPI_FOOD_YOY_PCT,11.791522102173474,True
2025-10-01,Plateau,CPI_FOOD_YOY_PCT,8.114176405744928,True
2025-10-01,Rivers,CPI_FOOD_YOY_PCT,17.994203343807996,True
2025-10-01,Sokoto,CPI_FOOD_YOY_PCT,6.367904364845728,True
2025-10-01,Taraba,CPI_FOOD_YOY_PCT,13.658362219451249,True
2025-10-01,Yobe,CPI_FOOD_YOY_PCT,4.287140426442562,True
2025-10-01,Zamfara,CPI_FOOD_YOY_PCT,14.532422820726154,True
2025-11-01,Abia,CPI_FOOD_YOY_PCT,9.670429666134538,True
2025-11-01,Abuja,CPI_FOOD_YOY_PCT,10.449507331760016,True
2025-11-01,Adamawa,CPI_FOOD_YOY_PCT,11.025838899901387,True
2025-11-01,Akwa Ibom,CPI_FOOD_YOY_PCT,4.5216785065628216,True
2025-11-01,Anambra,CPI_FOOD_YOY_PCT,7.426980149309088,True
2025-11-01,Bauchi,CPI_FOOD_YOY_PCT,8.060570644091086,True
2025-11-01,Bayelsa,CPI_FOOD_YOY_PCT,13.70892459166626,True
2025-11-01,Benue,CPI_FOOD_YOY_PCT,13.138621254858675,True
2025-11-01,Borno,CPI_FOOD_YOY_PCT,12.97527091962678,True
2025-11-01,Cross River,CPI_FOOD_YOY_PCT,14.423666011404748,True
2025-11-01,Delta,CPI_FOOD_YOY_PCT,14.108073524661677,True
2025-11-01,Ebonyi,CPI_FOOD_YOY_PCT,12.459244848770282,True
2025-11-01,Edo,CPI_FOOD_YOY_PCT,8.755640249640393,True
2025-11-01,Ekiti,CPI_FOOD_YOY_PCT,14.327745439055192,True
2025-11-01,Enugu,CPI_FOOD_YOY_PCT,11.310780879718322,True
2025-11-01,Gombe,CPI_FOOD_YOY_PCT,8.852791872921898,True
2025-11-01,Imo,CPI_FOOD_YOY_PCT,3.518737902375804,True
2025-11-01,Jigawa,CPI_FOOD_YOY_PCT,12.175110900085556,True
2025-11-01,Kaduna,CPI_FOOD_YOY_PCT,12.047912958184057,True
2025-11-01,Kano,CPI_FOOD_YOY_PCT,7.410973490869026,True
2025-11-01,Katsina,CPI_FOOD_YOY_PCT,3.65496998476047,True
2025-11-01,Kebbi,CPI_FOOD_YOY_PCT,7.51108222549712,True
2025-11-01,Kogi,CPI_FOOD_YOY_PCT,17.833133030115704,True
2025-11-01,Kwara,CPI_FOOD_YOY_PCT,13.432270417800837,True
2025-11-01,Lagos,CPI_FOOD_YOY_PCT,13.602821608362632,True
2025-11-01,Nasarawa,CPI_FOOD_YOY_PCT,9.244711522752084,True
2025-11-01,Niger,CPI_FOOD_YOY_PCT,10.088036989539034,True
2025-11-01,Ogun,CPI_FOOD_YOY_PCT,16.5165320713448,True
2025-11-01,Ondo,CPI_FOOD_YOY_PCT,12.002699019601335,True
2025-11-01,Osun,CPI_FOOD_YOY_PCT,14.407752916024949,True
2025-11-01,Oyo,CPI_FOOD_YOY_PCT,6.977165982252444,True
2025-11-01,Plateau,CPI_FOOD_YOY_PCT,10.074274727199011,True
2025-11-01,Rivers,CPI_FOOD_YOY_PCT,16.111215809479916,True
2025-11-01,Sokoto,CPI_FOOD_YOY_PCT,7.891633557812682,True
2025-11-01,Taraba,CPI_FOOD_YOY_PCT,9.805826244992645,True
2025-11-01,Yobe,CPI_FOOD_YOY_PCT,7.227261110209611,True
2025-11-01,Zamfara,CPI_FOOD_YOY_PCT,8.970148484012014,True
2025-12-01,Abia,CPI_FOOD_YOY_PCT,10.15542497378854,True
2025-12-01,Abuja,CPI_FOOD_YOY_PCT,13.243278750889928,True
2025-12-01,Adamawa,CPI_FOOD_YOY_PCT,7.346343128689313,True
2025-12-01,Akwa Ibom,CPI_FOOD_YOY_PCT,4.340640881301951,True
2025-12-01,Anambra,CPI_FOOD_YOY_PCT,8.153828880566678,True
2025-12-01,Bauchi,CPI_FOOD_YOY_PCT,10.56955845080509,True
2025-12-01,Bayelsa,CPI_FOOD_YOY_PCT,12.131398045440164,True
2025-12-01,Benue,CPI_FOOD_YOY_PCT,10.251304072289996,True
2025-12-01,Borno,CPI_FOOD_YOY_PCT,11.838264615699812,True
2025-12-01,Cross River,CPI_FOOD_YOY_PCT,10.727410895334955,True
2025-12-01,Delta,CPI_FOOD_YOY_PCT,12.52932273615481,True
2025-12-01,Ebonyi,CPI_FOOD_YOY_PCT,9.69902351751874,True
2025-12-01,Edo,CPI_FOOD_YOY_PCT,9.319384879752562,True
2025-12-01,Ekiti,CPI_FOOD_YOY_PCT,12.559569843528791,True
2025-12-01,Enugu,CPI_FOOD_YOY_PCT,10.70995536846118,True
2025-12-01,Gombe,CPI_FOOD_YOY_PCT,10.113312590242089,True
2025-12-01,Imo,CPI_FOOD_YOY_PCT,8.264312848989903,True
2025-12-01,Jigawa,CPI_FOOD_YOY_PCT,10.728877670145891,True
2025-12-01,Kaduna,CPI_FOOD_YOY_PCT,11.304306999237523,True
2025-12-01,Kano,CPI_FOOD_YOY_PCT,12.020316742969726,True
2025-12-01,Katsina,CPI_FOOD_YOY_PCT,11.168015494261825,True
2025-12-01,Kebbi,CPI_FOOD_YOY_PCT,7.568217739896198,True
2025-12-01,Kogi,CPI_FOOD_YOY_PCT,11.92434744008007,True
2025-12-01,Kwara,CPI_FOOD_YOY_PCT,10.413432526059635,True
2025-12-01,Lagos,CPI_FOOD_YOY_PCT,12.479120398835091,True
2025-12-01,Nasarawa,CPI_FOOD_YOY_PCT,12.540779585966774,True
2025-12-01,Niger,CPI_FOOD_YOY_PCT,9.599912087654843,True
2025-12-01,Ogun,CPI_FOOD_YOY_PCT,14.11959958764848,True
2025-12-01,Ondo,CPI_FOOD_YOY_PCT,11.071838326085512,True
2025-12-01,Osun,CPI_FOOD_YOY_PCT,11.943458767989256,True
2025-12-01,Oyo,CPI_FOOD_YOY_PCT,9.158077751672138,True
2025-12-01,Plateau,CPI_FOOD_YOY_PCT,6.193418002778969,True
2025-12-01,Rivers,CPI_FOOD_YOY_PCT,12.299849632391386,True
2025-12-01,Sokoto,CPI_FOOD_YOY_PCT,4.615315831839737,True
2025-12-01,Taraba,CPI_FOOD_YOY_PCT,8.418812309680604,True
2025-12-01,Yobe,CPI_FOOD_YOY_PCT,15.246179003768276,True
2025-12-01,Zamfara,CPI_FOOD_YOY_PCT,7.846753837671329,True
2026-01-01,Abia,CPI_FOOD_YOY_PCT,3.2346808063170585,True
2026-01-01,Abuja,CPI_FOOD_YOY_PCT,11.745892669903752,True
2026-01-01,Adamawa,CPI_FOOD_YOY_PCT,17.293949555215633,True
2026-01-01,Akwa Ibom,CPI_FOOD_YOY_PCT,8.566628850675741,True
2026-01-01,Anambra,CPI_FOOD_YOY_PCT,6.774401607620348,True
2026-01-01,Bauchi,CPI_FOOD_YOY_PCT,4.522991794320035,True
2026-01-01,Bayelsa,CPI_FOOD_YOY_PCT,9.314523982597024,True
2026-01-01,Benue,CPI_FOOD_YOY_PCT,18.37871648369413,True
2026-01-01,Borno,CPI_FOOD_YOY_PCT,11.820618420662512,True
2026-01-01,Cross River,CPI_FOOD_YOY_PCT,9.030329616749924,True
2026-01-01,Delta,CPI_FOOD_YOY_PCT,6.302029156904567,True
2026-01-01,Ebonyi,CPI_FOOD_YOY_PCT,1.6916788349153933,True
2026-01-01,Edo,CPI_FOOD_YOY_PCT,9.309853428255453,True
2026-01-01,Ekiti,CPI_FOOD_YOY_PCT,9.669710489178172,True
2026-01-01,Enugu,CPI_FOOD_YOY_PCT,5.823705969353227,True
2026-01-01,Gombe,CPI_FOOD_YOY_PCT,8.786450059817838,True
2026-01-01,Imo,CPI_FOOD_YOY_PCT,3.742301867346725,True
2026-01-01,Jigawa,CPI_FOOD_YOY_PCT,8.66382770827758,True
2026-01-01,Kaduna,CPI_FOOD_YOY_PCT,5.10305675643265,True
2026-01-01,Kano,CPI_FOOD_YOY_PCT,10.298156695840971,True
2026-01-01,Katsina,CPI_FOOD_YOY_PCT,5.826253342870473,True
2026-01-01,Kebbi,CPI_FOOD_YOY_PCT,11.197541495965766,True
2026-01-01,Kogi,CPI_FOOD_YOY_PCT,19.837154884084683,True
2026-01-01,Kwara,CPI_FOOD_YOY_PCT,11.25989117686241,True
2026-01-01,Lagos,CPI_FOOD_YOY_PCT,5.152570018339816,True
2026-01-01,Nasarawa,CPI_FOOD_YOY_PCT,14.041043350346923,True
2026-01-01,Niger,CPI_FOOD_YOY_PCT,12.16417342337786,True
2026-01-01,Ogun,CPI_FOOD_YOY_PCT,7.896051436114007,True
2026-01-01,Ondo,CPI_FOOD_YOY_PCT,5.450095185846664,True
2026-01-01,Osun,CPI_FOOD_YOY_PCT,11.007049471724416,True
2026-01-01,Oyo,CPI_FOOD_YOY_PCT,8.933742401350784,True
2026-01-01,Plateau,CPI_FOOD_YOY_PCT,10.448158203346395,True
2026-01-01,Rivers,CPI_FOOD_YOY_PCT,8.709645828730544,True
2026-01-01,Sokoto,CPI_FOOD_YOY_PCT,14.811347180419148,True
2026-01-01,Taraba,CPI_FOOD_YOY_PCT,9.206534511813588,True
2026-01-01,Yobe,CPI_FOOD_YOY_PCT,10.437866392403931,True
2026-01-01,Zamfara,CPI_FOOD_YOY_PCT,11.429743960519716,True
2026-03-01,Abia,CPI_FOOD_YOY_PCT,13.435834577270825,True
2026-03-01,Abuja,CPI_FOOD_YOY_PCT,12.4854393691965,True
2026-03-01,Adamawa,CPI_FOOD_YOY_PCT,21.66940552582571,True
2026-03-01,Akwa Ibom,CPI_FOOD_YOY_PCT,17.642831912715252,True
2026-03-01,Anambra,CPI_FOOD_YOY_PCT,15.60480233732531,True
2026-03-01,Bauchi,CPI_FOOD_YOY_PCT,18.58217816388689,True
2026-03-01,Bayelsa,CPI_FOOD_YOY_PCT,33.34879948429071,True
2026-03-01,Benue,CPI_FOOD_YOY_PCT,11.69399884924522,True
2026-03-01,Borno,CPI_FOOD_YOY_PCT,17.31340056018726,True
2026-03-01,Cross River,CPI_FOOD_YOY_PCT,21.422055622939155,True
2026-03-01,Delta,CPI_FOOD_YOY_PCT,21.566447266443348,True
2026-03-01,Ebonyi,CPI_FOOD_YOY_PCT,12.540107938260276,True
2026-03-01,Edo,CPI_FOOD_YOY_PCT,19.40859740939796,True
2026-03-01,Ekiti,CPI_FOOD_YOY_PCT,20.07286317680025,True
2026-03-01,Enugu,CPI_FOOD_YOY_PCT,18.45886557325925,True
2026-03-01,Gombe,CPI_FOOD_YOY_PCT,17.93684389626415,True
2026-03-01,Imo,CPI_FOOD_YOY_PCT,12.709455533105512,True
2026-03-01,Jigawa,CPI_FOOD_YOY_PCT,9.99492084940306,True
2026-03-01,Kaduna,CPI_FOOD_YOY_PCT,10.176279144401091,True
2026-03-01,Kano,CPI_FOOD_YOY_PCT,4.292382478472973,True
2026-03-01,Katsina,CPI_FOOD_YOY_PCT,7.482208712066551,True
2026-03-01,Kebbi,CPI_FOOD_YOY_PCT,11.304911482056085,True
2026-03-01,Kogi,CPI_FOOD_YOY_PCT,15.00947993273995,True
2026-03-01,Kwara,CPI_FOOD_YOY_PCT,21.66375101056022,True
2026-03-01,Lagos,CPI_FOOD_YOY_PCT,9.633333453305596,True
2026-03-01,Nasarawa,CPI_FOOD_YOY_PCT,14.12059302107606,True
2026-03-01,Niger,CPI_FOOD_YOY_PCT,18.96081426871888,True
2026-03-01,Ogun,CPI_FOOD_YOY_PCT,12.561996704032424,True
2026-03-01,Ondo,CPI_FOOD_YOY_PCT,17.19784649121796,True
2026-03-01,Osun,CPI_FOOD_YOY_PCT,12.109971574557576,True
2026-03-01,Oyo,CPI_FOOD_YOY_PCT,4.862590481833266,True
2026-03-01,Plateau,CPI_FOOD_YOY_PCT,15.730426863992392,True
2026-03-01,Rivers,CPI_FOOD_YOY_PCT,16.395223574008426,True
2026-03-01,Sokoto,CPI_FOOD_YOY_PCT,28.01618869686814,True
2026-03-01,Taraba,CPI_FOOD_YOY_PCT,15.490237955227244,True
2026-03-01,Yobe,CPI_FOOD_YOY_PCT,16.899866078239256,True
2026-03-01,Zamfara,CPI_FOOD_YOY_PCT,18.956646944180264,True
2026-04-01,Abia,CPI_FOOD_YOY_PCT,18.37752711988105,True
2026-04-01,Abuja,CPI_FOOD_YOY_PCT,18.238511792962868,True
2026-04-01,Adamawa,CPI_FOOD_YOY_PCT,30.136454122109317,True
2026-04-01,Akwa Ibom,CPI_FOOD_YOY_PCT,13.20503130512536,True
2026-04-01,Anambra,CPI_FOOD_YOY_PCT,20.78563635022465,True
2026-04-01,Bauchi,CPI_FOOD_YOY_PCT,23.65228002356289,True
2026-04-01,Bayelsa,CPI_FOOD_YOY_PCT,12.147831913488332,True
2026-04-01,Benue,CPI_FOOD_YOY_PCT,20.087175464499538,True
2026-04-01,Borno,CPI_FOOD_YOY_PCT,1.671943091108659,True
2026-04-01,Cross River,CPI_FOOD_YOY_PCT,17.368452462324896,True
2026-04-01,Delta,CPI_FOOD_YOY_PCT,23.89952242960496,True
2026-04-01,Ebonyi,CPI_FOOD_YOY_PCT,16.549688837967878,True
2026-04-01,Edo,CPI_FOOD_YOY_PCT,23.01392384497328,True
2026-04-01,Ekiti,CPI_FOOD_YOY_PCT,18.78673712130734,True
2026-04-01,Enugu,CPI_FOOD_YOY_PCT,32.673240003871456,True
2026-04-01,Gombe,CPI_FOOD_YOY_PCT,21.617341321973683,True
2026-04-01,Imo,CPI_FOOD_YOY_PCT,19.39847240458643,True
2026-04-01,Jigawa,CPI_FOOD_YOY_PCT,6.173431979872618,True
2026-04-01,Kaduna,CPI_FOOD_YOY_PCT,18.36474199002535,True
2026-04-01,Kano,CPI_FOOD_YOY_PCT,13.234045595143868,True
2026-04-01,Katsina,CPI_FOOD_YOY_PCT,8.352635570048236,True
2026-04-01,Kebbi,CPI_FOOD_YOY_PCT,14.58345840557007,True
2026-04-01,Kogi,CPI_FOOD_YOY_PCT,13.882884505746487,True
2026-04-01,Kwara,CPI_FOOD_YOY_PCT,30.77133350762693,True
2026-04-01,Lagos,CPI_FOOD_YOY_PCT,11.6031223098162,True
2026-04-01,Nasarawa,CPI_FOOD_YOY_PCT,7.361734767997646,True
2026-04-01,Niger,CPI_FOOD_YOY_PCT,14.088307084395922,True
2026-04-01,Ogun,CPI_FOOD_YOY_PCT,11.47357055790097,True
2026-04-01,Ondo,CPI_FOOD_YOY_PCT,19.35933084065684,True
2026-04-01,Osun,CPI_FOOD_YOY_PCT,15.2090378574498,True
2026-04-01,Oyo,CPI_FOOD_YOY_PCT,15.323501514585814,True
2026-04-01,Plateau,CPI_FOOD_YOY_PCT,15.419239727383529,True
2026-04-01,Rivers,CPI_FOOD_YOY_PCT,26.823746759630552,True
2026-04-01,Sokoto,CPI_FOOD_YOY_PCT,18.6663890745632,True
2026-04-01,Taraba,CPI_FOOD_YOY_PCT,7.189219374327635,True
2026-04-01,Yobe,CPI_FOOD_YOY_PCT,13.645426215533648,True
2026-04-01,Zamfara,CPI_FOOD_YOY_PCT,21.98390004131268,True
2026-05-01,Abia,CPI_FOOD_YOY_PCT,17.747401588328685,False
2026-05-01,Abuja,CPI_FOOD_YOY_PCT,15.808771745783972,False
2026-05-01,Adamawa,CPI_FOOD_YOY_PCT,29.62344953868848,False
2026-05-01,Akwa Ibom,CPI_FOOD_YOY_PCT,14.014265611421068,False
2026-05-01,Anambra,CPI_FOOD_YOY_PCT,16.938183091861575,False
2026-05-01,Bauchi,CPI_FOOD_YOY_PCT,25.374136251964075,False
2026-05-01,Bayelsa,CPI_FOOD_YOY_PCT,5.992206059694482,False
2026-05-01,Benue,CPI_FOOD_YOY_PCT,22.66366016134617,False
2026-05-01,Borno,CPI_FOOD_YOY_PCT,-6.534275370777905,False
2026-05-01,Cross River,CPI_FOOD_YOY_PCT,11.59198568466296,False
2026-05-01,Delta,CPI_FOOD_YOY_PCT,23.840812324321973,False
2026-05-01,Ebonyi,CPI_FOOD_YOY_PCT,18.62862001647049,False
2026-05-01,Edo,CPI_FOOD_YOY_PCT,20.69871984211909,False
2026-05-01,Ekiti,CPI_FOOD_YOY_PCT,17.199557679420806,False
2026-05-01,Enugu,CPI_FOOD_YOY_PCT,27.821408341535214,False
2026-05-01,Gombe,CPI_FOOD_YOY_PCT,17.10282379787877,False
2026-05-01,Imo,CPI_FOOD_YOY_PCT,15.53129902026265,False
2026-05-01,Jigawa,CPI_FOOD_YOY_PCT,18.0137467159702,False
2026-05-01,Kaduna,CPI_FOOD_YOY_PCT,23.95566485659184,False
2026-05-01,Kano,CPI_FOOD_YOY_PCT,19.633250370124443,False
2026-05-01,Katsina,CPI_FOOD_YOY_PCT,10.575036405396403,False
2026-05-01,Kebbi,CPI_FOOD_YOY_PCT,14.190930882223457,False
2026-05-01,Kogi,CPI_FOOD_YOY_PCT,14.549449654717847,False
2026-05-01,Kwara,CPI_FOOD_YOY_PCT,28.47468130074512,False
2026-05-01,Lagos,CPI_FOOD_YOY_PCT,14.493878591037143,False
2026-05-01,Nasarawa,CPI_FOOD_YOY_PCT,9.211987774526406,False
2026-05-01,Niger,CPI_FOOD_YOY_PCT,9.77425180697952,False
2026-05-01,Ogun,CPI_FOOD_YOY_PCT,13.4671266209033,False
2026-05-01,Ondo,CPI_FOOD_YOY_PCT,23.1048370162644,False
2026-05-01,Osun,CPI_FOOD_YOY_PCT,18.791451214127648,False
2026-05-01,Oyo,CPI_FOOD_YOY_PCT,21.04354153370953,False
2026-05-01,Plateau,CPI_FOOD_YOY_PCT,24.804114789650345,False
2026-05-01,Rivers,CPI_FOOD_YOY_PCT,28.39973091768508,False
2026-05-01,Sokoto,CPI_FOOD_YOY_PCT,12.24415972433826,False
2026-05-01,Taraba,CPI_FOOD_YOY_PCT,1.1328526360370006,False
2026-05-01,Yobe,CPI_FOOD_YOY_PCT,19.437439681099747,False
2026-05-01,Zamfara,CPI_FOOD_YOY_PCT,19.3856658414135,False
2026-06-01,Abia,CPI_FOOD_YOY_PCT,14.77438633087162,False
2026-06-01,Abuja,CPI_FOOD_YOY_PCT,20.43797254787177,False
2026-06-01,Adamawa,CPI_FOOD_YOY_PCT,29.203140034903043,False
2026-06-01,Akwa Ibom,CPI_FOOD_YOY_PCT,15.341283751570373,False
2026-06-01,Anambra,CPI_FOOD_YOY_PCT,12.366691508366046,False
2026-06-01,Bauchi,CPI_FOOD_YOY_PCT,21.63814597277289,False
2026-06-01,Bayelsa,CPI_FOOD_YOY_PCT,11.652279168672775,False
2026-06-01,Benue,CPI_FOOD_YOY_PCT,15.711887050203345,False
2026-06-01,Borno,CPI_FOOD_YOY_PCT,-2.394888237901,False
2026-06-01,Cross River,CPI_FOOD_YOY_PCT,10.880412233447757,False
2026-06-01,Delta,CPI_FOOD_YOY_PCT,17.016595533192216,False
2026-06-01,Ebonyi,CPI_FOOD_YOY_PCT,12.280303748566553,False
2026-06-01,Edo,CPI_FOOD_YOY_PCT,14.060681017377078,False
2026-06-01,Ekiti,CPI_FOOD_YOY_PCT,13.165438025896336,False
2026-06-01,Enugu,CPI_FOOD_YOY_PCT,22.925756655636803,False
2026-06-01,Gombe,CPI_FOOD_YOY_PCT,20.180526468671303,False
2026-06-01,Imo,CPI_FOOD_YOY_PCT,13.710518774569463,False
2026-06-01,Jigawa,CPI_FOOD_YOY_PCT,26.66348127074085,False
2026-06-01,Kaduna,CPI_FOOD_YOY_PCT,29.09097505513941,False
2026-06-01,Kano,CPI_FOOD_YOY_PCT,21.423439589326108,False
2026-06-01,Katsina,CPI_FOOD_YOY_PCT,26.43086750996528,False
2026-06-01,Kebbi,CPI_FOOD_YOY_PCT,24.229151421144397,False
2026-06-01,Kogi,CPI_FOOD_YOY_PCT,22.502520205286373,False
2026-06-01,Kwara,CPI_FOOD_YOY_PCT,23.65038149756103,False
2026-06-01,Lagos,CPI_FOOD_YOY_PCT,14.6037191939334,False
2026-06-01,Nasarawa,CPI_FOOD_YOY_PCT,12.66825264323998,False
2026-06-01,Niger,CPI_FOOD_YOY_PCT,23.074956159644078,False
2026-06-01,Ogun,CPI_FOOD_YOY_PCT,12.664147293890608,False
2026-06-01,Ondo,CPI_FOOD_YOY_PCT,19.83173813167305,False
2026-06-01,Osun,CPI_FOOD_YOY_PCT,17.374030112721627,False
2026-06-01,Oyo,CPI_FOOD_YOY_PCT,14.34300442732092,False
2026-06-01,Plateau,CPI_FOOD_YOY_PCT,22.346866030654297,False
2026-06-01,Rivers,CPI_FOOD_YOY_PCT,15.774778363727606,False
2026-06-01,Sokoto,CPI_FOOD_YOY_PCT,22.32971078326173,False
2026-06-01,Taraba,CPI_FOOD_YOY_PCT,9.412512361476756,False
2026-06-01,Yobe,CPI_FOOD_YOY_PCT,21.44945638426148,False
2026-06-01,Zamfara,CPI_FOOD_YOY_PCT,16.699633178878855,False
2026-07-01,Abia,CPI_FOOD_YOY_PCT,19.76656568424093,False
2026-07-01,Abuja,CPI_FOOD_YOY_PCT,17.739053233477506,False
2026-07-01,Adamawa,CPI_FOOD_YOY_PCT,51.35644452381294,False
2026-07-01,Akwa Ibom,CPI_FOOD_YOY_PCT,17.145151464162822,False
2026-07-01,Anambra,CPI_FOOD_YOY_PCT,16.789965041600468,False
2026-07-01,Bauchi,CPI_FOOD_YOY_PCT,22.043715530581665,False
2026-07-01,Bayelsa,CPI_FOOD_YOY_PCT,21.88895679637335,False
2026-07-01,Benue,CPI_FOOD_YOY_PCT,22.32618888212754,False
2026-07-01,Borno,CPI_FOOD_YOY_PCT,-0.3117518631988503,False
2026-07-01,Cross River,CPI_FOOD_YOY_PCT,18.624644730534115,False
2026-07-01,Delta,CPI_FOOD_YOY_PCT,28.075953958388368,False
2026-07-01,Ebonyi,CPI_FOOD_YOY_PCT,12.785451936196536,False
2026-07-01,Edo,CPI_FOOD_YOY_PCT,18.886745971375987,False
2026-07-01,Ekiti,CPI_FOOD_YOY_PCT,13.659796960991798,False
2026-07-01,Enugu,CPI_FOOD_YOY_PCT,20.82011194419799,False
2026-07-01,Gombe,CPI_FOOD_YOY_PCT,24.185344764905253,False
2026-07-01,Imo,CPI_FOOD_YOY_PCT,16.602530749971805,False
2026-07-01,Jigawa,CPI_FOOD_YOY_PCT,14.25784057731947,False
2026-07-01,Kaduna,CPI_FOOD_YOY_PCT,21.84978226820455,False
2026-07-01,Kano,CPI_FOOD_YOY_PCT,21.16272509455412,False
2026-07-01,Katsina,CPI_FOOD_YOY_PCT,30.83650798882104,False
2026-07-01,Kebbi,CPI_FOOD_YOY_PCT,12.504401930776892,False
2026-07-01,Kogi,CPI_FOOD_YOY_PCT,16.09891050139329,False
2026-07-01,Kwara,CPI_FOOD_YOY_PCT,23.851178075421416,False
2026-07-01,Lagos,CPI_FOOD_YOY_PCT,26.827174686223728,False
2026-07-01,Nasarawa,CPI_FOOD_YOY_PCT,6.877518733391085,False
2026-07-01,Niger,CPI_FOOD_YOY_PCT,16.994658787249264,False
2026-07-01,Ogun,CPI_FOOD_YOY_PCT,21.31862508771401,False
2026-07-01,Ondo,CPI_FOOD_YOY_PCT,25.99143900754233,False
2026-07-01,Osun,CPI_FOOD_YOY_PCT,12.921036047667926,False
2026-07-01,Oyo,CPI_FOOD_YOY_PCT,16.677583759737686,False
2026-07-01,Plateau,CPI_FOOD_YOY_PCT,19.535904096832013,False
2026-07-01,Rivers,CPI_FOOD_YOY_PCT,22.20943073673864,False
2026-07-01,Sokoto,CPI_FOOD_YOY_PCT,19.30813419877921,False
2026-07-01,Taraba,CPI_FOOD_YOY_PCT,18.27658100649532,False
2026-07-01,Yobe,CPI_FOOD_YOY_PCT,20.790183883244268,False
2026-07-01,Zamfara,CPI_FOOD_YOY_PCT,30.650617871960804,False
2025-01-01,Abia,DIESEL_PRICE_NGN_PER_LITRE,1508.10127633333,False
2025-01-01,Abuja,DIESEL_PRICE_NGN_PER_LITRE,1960.0,False
2025-01-01,Adamawa,DIESEL_PRICE_NGN_PER_LITRE,1800.0,False
2025-01-01,Akwa Ibom,DIESEL_PRICE_NGN_PER_LITRE,1714.28571428571,False
2025-01-01,Anambra,DIESEL_PRICE_NGN_PER_LITRE,1225.0,False
2025-01-01,Bauchi,DIESEL_PRICE_NGN_PER_LITRE,2000.0,False
2025-01-01,Bayelsa,DIESEL_PRICE_NGN_PER_LITRE,1700.0,False
2025-01-01,Benue,DIESEL_PRICE_NGN_PER_LITRE,1925.0,False
2025-01-01,Borno,DIESEL_PRICE_NGN_PER_LITRE,1550.0,False
2025-01-01,Cross River,DIESEL_PRICE_NGN_PER_LITRE,1433.33333333333,False
2025-01-01,Delta,DIESEL_PRICE_NGN_PER_LITRE,1385.71428571429,False
2025-01-01,Ebonyi,DIESEL_PRICE_NGN_PER_LITRE,1293.3735715,False
2025-01-01,Edo,DIESEL_PRICE_NGN_PER_LITRE,1372.22222222222,False
2025-01-01,Ekiti,DIESEL_PRICE_NGN_PER_LITRE,1288.57142857143,False
2025-01-01,Enugu,DIESEL_PRICE_NGN_PER_LITRE,1500.0,False
2025-01-01,Gombe,DIESEL_PRICE_NGN_PER_LITRE,1400.0,False
2025-01-01,Imo,DIESEL_PRICE_NGN_PER_LITRE,1360.0,False
2025-01-01,Jigawa,DIESEL_PRICE_NGN_PER_LITRE,1250.0,False
2025-01-01,Kaduna,DIESEL_PRICE_NGN_PER_LITRE,1320.0,False
2025-01-01,Kano,DIESEL_PRICE_NGN_PER_LITRE,1670.0,False
2025-01-01,Katsina,DIESEL_PRICE_NGN_PER_LITRE,1463.33333333333,False
2025-01-01,Kebbi,DIESEL_PRICE_NGN_PER_LITRE,1296.0,False
2025-01-01,Kogi,DIESEL_PRICE_NGN_PER_LITRE,1200.0,False
2025-01-01,Kwara,DIESEL_PRICE_NGN_PER_LITRE,1465.084015,False
2025-01-01,Lagos,DIESEL_PRICE_NGN_PER_LITRE,1324.44444444444,False
2025-01-01,Nasarawa,DIESEL_PRICE_NGN_PER_LITRE,1735.0683142,False
2025-01-01,Niger,DIESEL_PRICE_NGN_PER_LITRE,1475.16373214286,False
2025-01-01,Ogun,DIESEL_PRICE_NGN_PER_LITRE,1250.0,False
2025-01-01,Ondo,DIESEL_PRICE_NGN_PER_LITRE,1401.0,False
2025-01-01,Osun,DIESEL_PRICE_NGN_PER_LITRE,1388.88888888889,False
2025-01-01,Oyo,DIESEL_PRICE_NGN_PER_LITRE,1315.0,False
2025-01-01,Plateau,DIESEL_PRICE_NGN_PER_LITRE,2002.441007,False
2025-01-01,Rivers,DIESEL_PRICE_NGN_PER_LITRE,1406.25,False
2025-01-01,Sokoto,DIESEL_PRICE_NGN_PER_LITRE,1600.0,False
2025-01-01,Taraba,DIESEL_PRICE_NGN_PER_LITRE,1700.0,False
2025-01-01,Yobe,DIESEL_PRICE_NGN_PER_LITRE,1600.0,False
2025-01-01,Zamfara,DIESEL_PRICE_NGN_PER_LITRE,1280.0,False
2025-02-01,Abia,DIESEL_PRICE_NGN_PER_LITRE,1508.948902,True
2025-02-01,Abuja,DIESEL_PRICE_NGN_PER_LITRE,2080.0,True
2025-02-01,Adamawa,DIESEL_PRICE_NGN_PER_LITRE,2000.0,True
2025-02-01,Akwa Ibom,DIESEL_PRICE_NGN_PER_LITRE,1558.16326514286,True
2025-02-01,Anambra,DIESEL_PRICE_NGN_PER_LITRE,1241.66666666667,True
2025-02-01,Bauchi,DIESEL_PRICE_NGN_PER_LITRE,1900.0,True
2025-02-01,Bayelsa,DIESEL_PRICE_NGN_PER_LITRE,1700.0,True
2025-02-01,Benue,DIESEL_PRICE_NGN_PER_LITRE,1975.0,True
2025-02-01,Borno,DIESEL_PRICE_NGN_PER_LITRE,1550.0,True
2025-02-01,Cross River,DIESEL_PRICE_NGN_PER_LITRE,1733.33333333333,True
2025-02-01,Delta,DIESEL_PRICE_NGN_PER_LITRE,1242.85714285714,True
2025-02-01,Ebonyi,DIESEL_PRICE_NGN_PER_LITRE,1293.87525816667,True
2025-02-01,Edo,DIESEL_PRICE_NGN_PER_LITRE,1249.44444444444,True
2025-02-01,Ekiti,DIESEL_PRICE_NGN_PER_LITRE,1271.42857142857,True
2025-02-01,Enugu,DIESEL_PRICE_NGN_PER_LITRE,1500.0,True
2025-02-01,Gombe,DIESEL_PRICE_NGN_PER_LITRE,1350.0,True
2025-02-01,Imo,DIESEL_PRICE_NGN_PER_LITRE,1360.0,True
2025-02-01,Jigawa,DIESEL_PRICE_NGN_PER_LITRE,1250.0,True
2025-02-01,Kaduna,DIESEL_PRICE_NGN_PER_LITRE,1500.0,True
2025-02-01,Kano,DIESEL_PRICE_NGN_PER_LITRE,1720.0,True
2025-02-01,Katsina,DIESEL_PRICE_NGN_PER_LITRE,1433.33333333333,True
2025-02-01,Kebbi,DIESEL_PRICE_NGN_PER_LITRE,1345.25,True
2025-02-01,Kogi,DIESEL_PRICE_NGN_PER_LITRE,1200.0,True
2025-02-01,Kwara,DIESEL_PRICE_NGN_PER_LITRE,1450.0,True
2025-02-01,Lagos,DIESEL_PRICE_NGN_PER_LITRE,1222.22222222222,True
2025-02-01,Nasarawa,DIESEL_PRICE_NGN_PER_LITRE,1500.0,True
2025-02-01,Niger,DIESEL_PRICE_NGN_PER_LITRE,1515.11720428571,True
2025-02-01,Ogun,DIESEL_PRICE_NGN_PER_LITRE,1275.0,True
2025-02-01,Ondo,DIESEL_PRICE_NGN_PER_LITRE,1396.2857143,True
2025-02-01,Osun,DIESEL_PRICE_NGN_PER_LITRE,1333.33333333333,True
2025-02-01,Oyo,DIESEL_PRICE_NGN_PER_LITRE,1415.0,True
2025-02-01,Plateau,DIESEL_PRICE_NGN_PER_LITRE,2000.0,True
2025-02-01,Rivers,DIESEL_PRICE_NGN_PER_LITRE,1318.75,True
2025-02-01,Sokoto,DIESEL_PRICE_NGN_PER_LITRE,1600.0,True
2025-02-01,Taraba,DIESEL_PRICE_NGN_PER_LITRE,1600.0,True
2025-02-01,Yobe,DIESEL_PRICE_NGN_PER_LITRE,1650.0,True
2025-02-01,Zamfara,DIESEL_PRICE_NGN_PER_LITRE,1300.0,True
2025-03-01,Abia,DIESEL_PRICE_NGN_PER_LITRE,1635.0327597222,True
2025-03-01,Abuja,DIESEL_PRICE_NGN_PER_LITRE,2100.0,True
2025-03-01,Adamawa,DIESEL_PRICE_NGN_PER_LITRE,2132.2,True
2025-03-01,Akwa Ibom,DIESEL_PRICE_NGN_PER_LITRE,1709.11448959737,True
2025-03-01,Anambra,DIESEL_PRICE_NGN_PER_LITRE,1309.99083333333,True
2025-03-01,Bauchi,DIESEL_PRICE_NGN_PER_LITRE,2067.37,True
2025-03-01,Bayelsa,DIESEL_PRICE_NGN_PER_LITRE,1700.0,True
2025-03-01,Benue,DIESEL_PRICE_NGN_PER_LITRE,2115.465,True
2025-03-01,Borno,DIESEL_PRICE_NGN_PER_LITRE,1550.0,True
2025-03-01,Cross River,DIESEL_PRICE_NGN_PER_LITRE,1733.33333333333,True
2025-03-01,Delta,DIESEL_PRICE_NGN_PER_LITRE,1389.82857142857,True
2025-03-01,Ebonyi,DIESEL_PRICE_NGN_PER_LITRE,1445.33661525,True
2025-03-01,Edo,DIESEL_PRICE_NGN_PER_LITRE,1397.83938888889,True
2025-03-01,Ekiti,DIESEL_PRICE_NGN_PER_LITRE,1325.78571428571,True
2025-03-01,Enugu,DIESEL_PRICE_NGN_PER_LITRE,1624.15,True
2025-03-01,Gombe,DIESEL_PRICE_NGN_PER_LITRE,1441.735,True
2025-03-01,Imo,DIESEL_PRICE_NGN_PER_LITRE,1453.896,True
2025-03-01,Jigawa,DIESEL_PRICE_NGN_PER_LITRE,1330.08333333333,True
2025-03-01,Kaduna,DIESEL_PRICE_NGN_PER_LITRE,1724.15,True
2025-03-01,Kano,DIESEL_PRICE_NGN_PER_LITRE,1800.692,True
2025-03-01,Katsina,DIESEL_PRICE_NGN_PER_LITRE,1643.07666666667,True
2025-03-01,Kebbi,DIESEL_PRICE_NGN_PER_LITRE,1635.958525,True
2025-03-01,Kogi,DIESEL_PRICE_NGN_PER_LITRE,1300.0,True
2025-03-01,Kwara,DIESEL_PRICE_NGN_PER_LITRE,1350.0,True
2025-03-01,Lagos,DIESEL_PRICE_NGN_PER_LITRE,1386.34444444444,True
2025-03-01,Nasarawa,DIESEL_PRICE_NGN_PER_LITRE,1781.82432332876,True
2025-03-01,Niger,DIESEL_PRICE_NGN_PER_LITRE,1742.02220428571,True
2025-03-01,Ogun,DIESEL_PRICE_NGN_PER_LITRE,1350.5275,True
2025-03-01,Ondo,DIESEL_PRICE_NGN_PER_LITRE,1396.2857143,True
2025-03-01,Osun,DIESEL_PRICE_NGN_PER_LITRE,1451.83444444444,True
2025-03-01,Oyo,DIESEL_PRICE_NGN_PER_LITRE,1497.47816666667,True
2025-03-01,Plateau,DIESEL_PRICE_NGN_PER_LITRE,2042.441007,True
2025-03-01,Rivers,DIESEL_PRICE_NGN_PER_LITRE,1464.56375,True
2025-03-01,Sokoto,DIESEL_PRICE_NGN_PER_LITRE,1600.0,True
2025-03-01,Taraba,DIESEL_PRICE_NGN_PER_LITRE,1645.76,True
2025-03-01,Yobe,DIESEL_PRICE_NGN_PER_LITRE,1600.0,True
2025-03-01,Zamfara,DIESEL_PRICE_NGN_PER_LITRE,1300.0,True
2025-04-01,Abia,DIESEL_PRICE_NGN_PER_LITRE,1786.8504675776,True
2025-04-01,Abuja,DIESEL_PRICE_NGN_PER_LITRE,1764.1666666666667,True
2025-04-01,Adamawa,DIESEL_PRICE_NGN_PER_LITRE,2284.32,True
2025-04-01,Akwa Ibom,DIESEL_PRICE_NGN_PER_LITRE,1693.526785625,True
2025-04-01,Anambra,DIESEL_PRICE_NGN_PER_LITRE,1359.27497685185,True
2025-04-01,Bauchi,DIESEL_PRICE_NGN_PER_LITRE,1824.47,True
2025-04-01,Bayelsa,DIESEL_PRICE_NGN_PER_LITRE,1868.4,True
2025-04-01,Benue,DIESEL_PRICE_NGN_PER_LITRE,2419.30230769231,True
2025-04-01,Borno,DIESEL_PRICE_NGN_PER_LITRE,1400.0,True
2025-04-01,Cross River,DIESEL_PRICE_NGN_PER_LITRE,2009.1875,True
2025-04-01,Delta,DIESEL_PRICE_NGN_PER_LITRE,1660.5252,True
2025-04-01,Ebonyi,DIESEL_PRICE_NGN_PER_LITRE,1564.70033828571,True
2025-04-01,Edo,DIESEL_PRICE_NGN_PER_LITRE,1909.8577333333333,True
2025-04-01,Ekiti,DIESEL_PRICE_NGN_PER_LITRE,1517.884375,True
2025-04-01,Enugu,DIESEL_PRICE_NGN_PER_LITRE,1778.7416666666668,True
2025-04-01,Gombe,DIESEL_PRICE_NGN_PER_LITRE,1375.0,True
2025-04-01,Imo,DIESEL_PRICE_NGN_PER_LITRE,1665.847142857143,True
2025-04-01,Jigawa,DIESEL_PRICE_NGN_PER_LITRE,1644.33258333333,True
2025-04-01,Kaduna,DIESEL_PRICE_NGN_PER_LITRE,1867.6980000000003,True
2025-04-01,Kano,DIESEL_PRICE_NGN_PER_LITRE,2003.29784615385,True
2025-04-01,Katsina,DIESEL_PRICE_NGN_PER_LITRE,1780.9,True
2025-04-01,Kebbi,DIESEL_PRICE_NGN_PER_LITRE,1661.516775,True
2025-04-01,Kogi,DIESEL_PRICE_NGN_PER_LITRE,1300.0,True
2025-04-01,Kwara,DIESEL_PRICE_NGN_PER_LITRE,1559.4052509375,True
2025-04-01,Lagos,DIESEL_PRICE_NGN_PER_LITRE,1489.688,True
2025-04-01,Nasarawa,DIESEL_PRICE_NGN_PER_LITRE,1931.375026978,True
2025-04-01,Niger,DIESEL_PRICE_NGN_PER_LITRE,1896.39694089375,True
2025-04-01,Ogun,DIESEL_PRICE_NGN_PER_LITRE,1463.2175000000002,True
2025-04-01,Ondo,DIESEL_PRICE_NGN_PER_LITRE,1313.3333333333333,True
2025-04-01,Osun,DIESEL_PRICE_NGN_PER_LITRE,1759.62795,True
2025-04-01,Oyo,DIESEL_PRICE_NGN_PER_LITRE,1522.90575,True
2025-04-01,Plateau,DIESEL_PRICE_NGN_PER_LITRE,2205.12728399167,True
2025-04-01,Rivers,DIESEL_PRICE_NGN_PER_LITRE,1852.861955555556,True
2025-04-01,Sokoto,DIESEL_PRICE_NGN_PER_LITRE,1593.75,True
2025-04-01,Taraba,DIESEL_PRICE_NGN_PER_LITRE,1899.9974,True
2025-04-01,Yobe,DIESEL_PRICE_NGN_PER_LITRE,1600.0,True
2025-04-01,Zamfara,DIESEL_PRICE_NGN_PER_LITRE,1503.2857142857142,True
2025-05-01,Abia,DIESEL_PRICE_NGN_PER_LITRE,1729.79850498381,True
2025-05-01,Abuja,DIESEL_PRICE_NGN_PER_LITRE,1800.16666666667,True
2025-05-01,Adamawa,DIESEL_PRICE_NGN_PER_LITRE,2350.32,True
2025-05-01,Akwa Ibom,DIESEL_PRICE_NGN_PER_LITRE,1666.1899999175,True
2025-05-01,Anambra,DIESEL_PRICE_NGN_PER_LITRE,1361.016975,True
2025-05-01,Bauchi,DIESEL_PRICE_NGN_PER_LITRE,1852.9601,True
2025-05-01,Bayelsa,DIESEL_PRICE_NGN_PER_LITRE,1915.472,True
2025-05-01,Benue,DIESEL_PRICE_NGN_PER_LITRE,2441.46187692308,True
2025-05-01,Borno,DIESEL_PRICE_NGN_PER_LITRE,1446.91,True
2025-05-01,Cross River,DIESEL_PRICE_NGN_PER_LITRE,2028.3375,True
2025-05-01,Delta,DIESEL_PRICE_NGN_PER_LITRE,1710.167216,True
2025-05-01,Ebonyi,DIESEL_PRICE_NGN_PER_LITRE,1533.73350820571,True
2025-05-01,Edo,DIESEL_PRICE_NGN_PER_LITRE,1962.646352,True
2025-05-01,Ekiti,DIESEL_PRICE_NGN_PER_LITRE,1551.310125,True
2025-05-01,Enugu,DIESEL_PRICE_NGN_PER_LITRE,1921.041,True
2025-05-01,Gombe,DIESEL_PRICE_NGN_PER_LITRE,1385.0,True
2025-05-01,Imo,DIESEL_PRICE_NGN_PER_LITRE,1616.06134285714,True
2025-05-01,Jigawa,DIESEL_PRICE_NGN_PER_LITRE,1655.22995875,True
2025-05-01,Kaduna,DIESEL_PRICE_NGN_PER_LITRE,1979.736,True
2025-05-01,Kano,DIESEL_PRICE_NGN_PER_LITRE,2028.69350769231,True
2025-05-01,Katsina,DIESEL_PRICE_NGN_PER_LITRE,1902.57375,True
2025-05-01,Kebbi,DIESEL_PRICE_NGN_PER_LITRE,1753.9358375,True
2025-05-01,Kogi,DIESEL_PRICE_NGN_PER_LITRE,1360.0,True
2025-05-01,Kwara,DIESEL_PRICE_NGN_PER_LITRE,1700.7826710125,True
2025-05-01,Lagos,DIESEL_PRICE_NGN_PER_LITRE,1458.25748,True
2025-05-01,Nasarawa,DIESEL_PRICE_NGN_PER_LITRE,2006.58962812184,True
2025-05-01,Niger,DIESEL_PRICE_NGN_PER_LITRE,1932.79576228375,True
2025-05-01,Ogun,DIESEL_PRICE_NGN_PER_LITRE,1504.44156666667,True
2025-05-01,Ondo,DIESEL_PRICE_NGN_PER_LITRE,1318.4,True
2025-05-01,Osun,DIESEL_PRICE_NGN_PER_LITRE,1843.040572222222,True
2025-05-01,Oyo,DIESEL_PRICE_NGN_PER_LITRE,1643.6715433333331,True
2025-05-01,Plateau,DIESEL_PRICE_NGN_PER_LITRE,2201.51685115833,True
2025-05-01,Rivers,DIESEL_PRICE_NGN_PER_LITRE,1860.34938477778,True
2025-05-01,Sokoto,DIESEL_PRICE_NGN_PER_LITRE,1500.0,True
2025-05-01,Taraba,DIESEL_PRICE_NGN_PER_LITRE,1940.0674,True
2025-05-01,Yobe,DIESEL_PRICE_NGN_PER_LITRE,1628.0,True
2025-05-01,Zamfara,DIESEL_PRICE_NGN_PER_LITRE,1564.80285714286,True
2025-06-01,Abia,DIESEL_PRICE_NGN_PER_LITRE,1775.10026018681,True
2025-06-01,Abuja,DIESEL_PRICE_NGN_PER_LITRE,1818.83333333333,True
2025-06-01,Adamawa,DIESEL_PRICE_NGN_PER_LITRE,2355.32,True
2025-06-01,Akwa Ibom,DIESEL_PRICE_NGN_PER_LITRE,1766.1899999175,True
2025-06-01,Anambra,DIESEL_PRICE_NGN_PER_LITRE,1391.016975,True
2025-06-01,Bauchi,DIESEL_PRICE_NGN_PER_LITRE,1852.9601,True
2025-06-01,Bayelsa,DIESEL_PRICE_NGN_PER_LITRE,2015.472,True
2025-06-01,Benue,DIESEL_PRICE_NGN_PER_LITRE,2541.461876923077,True
2025-06-01,Borno,DIESEL_PRICE_NGN_PER_LITRE,1536.91,True
2025-06-01,Cross River,DIESEL_PRICE_NGN_PER_LITRE,2128.3375,True
2025-06-01,Delta,DIESEL_PRICE_NGN_PER_LITRE,1810.1672160000005,True
2025-06-01,Ebonyi,DIESEL_PRICE_NGN_PER_LITRE,1652.61922249143,True
2025-06-01,Edo,DIESEL_PRICE_NGN_PER_LITRE,2062.646352,True
2025-06-01,Ekiti,DIESEL_PRICE_NGN_PER_LITRE,1651.310125,True
2025-06-01,Enugu,DIESEL_PRICE_NGN_PER_LITRE,1921.041,True
2025-06-01,Gombe,DIESEL_PRICE_NGN_PER_LITRE,1485.0,True
2025-06-01,Imo,DIESEL_PRICE_NGN_PER_LITRE,1716.06134285714,True
2025-06-01,Jigawa,DIESEL_PRICE_NGN_PER_LITRE,1655.22995875,True
2025-06-01,Kaduna,DIESEL_PRICE_NGN_PER_LITRE,2023.736,True
2025-06-01,Kano,DIESEL_PRICE_NGN_PER_LITRE,2151.77043076923,True
2025-06-01,Katsina,DIESEL_PRICE_NGN_PER_LITRE,1902.57375,True
2025-06-01,Kebbi,DIESEL_PRICE_NGN_PER_LITRE,1753.9358375,True
2025-06-01,Kogi,DIESEL_PRICE_NGN_PER_LITRE,1400.0,True
2025-06-01,Kwara,DIESEL_PRICE_NGN_PER_LITRE,1733.4526710125,True
2025-06-01,Lagos,DIESEL_PRICE_NGN_PER_LITRE,1558.25748,True
2025-06-01,Nasarawa,DIESEL_PRICE_NGN_PER_LITRE,2046.58962812184,True
2025-06-01,Niger,DIESEL_PRICE_NGN_PER_LITRE,1931.93826228375,True
2025-06-01,Ogun,DIESEL_PRICE_NGN_PER_LITRE,1650.4395666666665,True
2025-06-01,Ondo,DIESEL_PRICE_NGN_PER_LITRE,1365.70666666667,True
2025-06-01,Osun,DIESEL_PRICE_NGN_PER_LITRE,1843.040572222222,True
2025-06-01,Oyo,DIESEL_PRICE_NGN_PER_LITRE,1643.6715433333331,True
2025-06-01,Plateau,DIESEL_PRICE_NGN_PER_LITRE,2236.41778517667,True
2025-06-01,Rivers,DIESEL_PRICE_NGN_PER_LITRE,2000.34938477778,True
2025-06-01,Sokoto,DIESEL_PRICE_NGN_PER_LITRE,1607.195,True
2025-06-01,Taraba,DIESEL_PRICE_NGN_PER_LITRE,1928.0,True
2025-06-01,Yobe,DIESEL_PRICE_NGN_PER_LITRE,1638.0,True
2025-06-01,Zamfara,DIESEL_PRICE_NGN_PER_LITRE,1560.17085714286,True
2025-07-01,Abia,DIESEL_PRICE_NGN_PER_LITRE,1850.100260186808,True
2025-07-01,Abuja,DIESEL_PRICE_NGN_PER_LITRE,1718.83333333333,True
2025-07-01,Adamawa,DIESEL_PRICE_NGN_PER_LITRE,2163.88,True
2025-07-01,Akwa Ibom,DIESEL_PRICE_NGN_PER_LITRE,1866.1899999175,True
2025-07-01,Anambra,DIESEL_PRICE_NGN_PER_LITRE,1493.07833333333,True
2025-07-01,Bauchi,DIESEL_PRICE_NGN_PER_LITRE,1852.9601,True
2025-07-01,Bayelsa,DIESEL_PRICE_NGN_PER_LITRE,1943.472,True
2025-07-01,Benue,DIESEL_PRICE_NGN_PER_LITRE,2341.46187692308,True
2025-07-01,Borno,DIESEL_PRICE_NGN_PER_LITRE,1536.91,True
2025-07-01,Cross River,DIESEL_PRICE_NGN_PER_LITRE,2036.5,True
2025-07-01,Delta,DIESEL_PRICE_NGN_PER_LITRE,1810.1672160000005,True
2025-07-01,Ebonyi,DIESEL_PRICE_NGN_PER_LITRE,1748.05074285714,True
2025-07-01,Edo,DIESEL_PRICE_NGN_PER_LITRE,2011.5967593333332,True
2025-07-01,Ekiti,DIESEL_PRICE_NGN_PER_LITRE,1602.68,True
2025-07-01,Enugu,DIESEL_PRICE_NGN_PER_LITRE,1858.3743333333332,True
2025-07-01,Gombe,DIESEL_PRICE_NGN_PER_LITRE,1485.0,True
2025-07-01,Imo,DIESEL_PRICE_NGN_PER_LITRE,1816.0613428571428,True
2025-07-01,Jigawa,DIESEL_PRICE_NGN_PER_LITRE,1758.2,True
2025-07-01,Kaduna,DIESEL_PRICE_NGN_PER_LITRE,1994.518,True
2025-07-01,Kano,DIESEL_PRICE_NGN_PER_LITRE,2027.9242769230768,True
2025-07-01,Katsina,DIESEL_PRICE_NGN_PER_LITRE,1848.5487500000004,True
2025-07-01,Kebbi,DIESEL_PRICE_NGN_PER_LITRE,1686.7315625,True
2025-07-01,Kogi,DIESEL_PRICE_NGN_PER_LITRE,1500.0,True
2025-07-01,Kwara,DIESEL_PRICE_NGN_PER_LITRE,1737.0826710125,True
2025-07-01,Lagos,DIESEL_PRICE_NGN_PER_LITRE,1658.2574799999998,True
2025-07-01,Nasarawa,DIESEL_PRICE_NGN_PER_LITRE,1901.057041084,True
2025-07-01,Niger,DIESEL_PRICE_NGN_PER_LITRE,1889.432838765,True
2025-07-01,Ogun,DIESEL_PRICE_NGN_PER_LITRE,1650.4395666666665,True
2025-07-01,Ondo,DIESEL_PRICE_NGN_PER_LITRE,1465.7066666666667,True
2025-07-01,Osun,DIESEL_PRICE_NGN_PER_LITRE,1757.1704,True
2025-07-01,Oyo,DIESEL_PRICE_NGN_PER_LITRE,1580.1048766666663,True
2025-07-01,Plateau,DIESEL_PRICE_NGN_PER_LITRE,2029.710331285,True
2025-07-01,Rivers,DIESEL_PRICE_NGN_PER_LITRE,1983.92666666667,True
2025-07-01,Sokoto,DIESEL_PRICE_NGN_PER_LITRE,1600.0,True
2025-07-01,Taraba,DIESEL_PRICE_NGN_PER_LITRE,1807.195,True
2025-07-01,Yobe,DIESEL_PRICE_NGN_PER_LITRE,1728.0,True
2025-07-01,Zamfara,DIESEL_PRICE_NGN_PER_LITRE,1470.34864571429,True
2025-08-01,Abia,DIESEL_PRICE_NGN_PER_LITRE,1606.0,True
2025-08-01,Abuja,DIESEL_PRICE_NGN_PER_LITRE,1510.93833333333,True
2025-08-01,Adamawa,DIESEL_PRICE_NGN_PER_LITRE,1765.44172707889,True
2025-08-01,Akwa Ibom,DIESEL_PRICE_NGN_PER_LITRE,1608.985,True
2025-08-01,Anambra,DIESEL_PRICE_NGN_PER_LITRE,1301.13636363636,True
2025-08-01,Bauchi,DIESEL_PRICE_NGN_PER_LITRE,1616.9,True
2025-08-01,Bayelsa,DIESEL_PRICE_NGN_PER_LITRE,1611.8575,True
2025-08-01,Benue,DIESEL_PRICE_NGN_PER_LITRE,1724.17989417989,True
2025-08-01,Borno,DIESEL_PRICE_NGN_PER_LITRE,1350.0,True
2025-08-01,Cross River,DIESEL_PRICE_NGN_PER_LITRE,1664.80718954248,True
2025-08-01,Delta,DIESEL_PRICE_NGN_PER_LITRE,1610.71898601399,True
2025-08-01,Ebonyi,DIESEL_PRICE_NGN_PER_LITRE,1524.29142857143,True
2025-08-01,Edo,DIESEL_PRICE_NGN_PER_LITRE,1777.0,True
2025-08-01,Ekiti,DIESEL_PRICE_NGN_PER_LITRE,1434.01833333333,True
2025-08-01,Enugu,DIESEL_PRICE_NGN_PER_LITRE,1612.5,True
2025-08-01,Gombe,DIESEL_PRICE_NGN_PER_LITRE,1270.83333333333,True
2025-08-01,Imo,DIESEL_PRICE_NGN_PER_LITRE,1655.96638655462,True
2025-08-01,Jigawa,DIESEL_PRICE_NGN_PER_LITRE,1496.00833333333,True
2025-08-01,Kaduna,DIESEL_PRICE_NGN_PER_LITRE,1804.93333333333,True
2025-08-01,Kano,DIESEL_PRICE_NGN_PER_LITRE,1789.59,True
2025-08-01,Katsina,DIESEL_PRICE_NGN_PER_LITRE,1650.83851851852,True
2025-08-01,Kebbi,DIESEL_PRICE_NGN_PER_LITRE,1418.302,True
2025-08-01,Kogi,DIESEL_PRICE_NGN_PER_LITRE,1339.51,True
2025-08-01,Kwara,DIESEL_PRICE_NGN_PER_LITRE,1554.70666666667,True
2025-08-01,Lagos,DIESEL_PRICE_NGN_PER_LITRE,1515.6,True
2025-08-01,Nasarawa,DIESEL_PRICE_NGN_PER_LITRE,1708.027100271,True
2025-08-01,Niger,DIESEL_PRICE_NGN_PER_LITRE,1512.62476190477,True
2025-08-01,Ogun,DIESEL_PRICE_NGN_PER_LITRE,1468.66742857143,True
2025-08-01,Ondo,DIESEL_PRICE_NGN_PER_LITRE,1282.0,True
2025-08-01,Osun,DIESEL_PRICE_NGN_PER_LITRE,1523.84285714286,True
2025-08-01,Oyo,DIESEL_PRICE_NGN_PER_LITRE,1345.24028571429,True
2025-08-01,Plateau,DIESEL_PRICE_NGN_PER_LITRE,1831.83,True
2025-08-01,Rivers,DIESEL_PRICE_NGN_PER_LITRE,1721.375,True
2025-08-01,Sokoto,DIESEL_PRICE_NGN_PER_LITRE,1443.5,True
2025-08-01,Taraba,DIESEL_PRICE_NGN_PER_LITRE,1606.4,True
2025-08-01,Yobe,DIESEL_PRICE_NGN_PER_LITRE,1510.68235294118,True
2025-08-01,Zamfara,DIESEL_PRICE_NGN_PER_LITRE,1250.34714285714,True
2025-09-01,Abia,DIESEL_PRICE_NGN_PER_LITRE,1311.0,True
2025-09-01,Abuja,DIESEL_PRICE_NGN_PER_LITRE,1283.81808333333,True
2025-09-01,Adamawa,DIESEL_PRICE_NGN_PER_LITRE,1517.93106929638,True
2025-09-01,Akwa Ibom,DIESEL_PRICE_NGN_PER_LITRE,1277.381666666667,True
2025-09-01,Anambra,DIESEL_PRICE_NGN_PER_LITRE,1257.3295454545455,True
2025-09-01,Bauchi,DIESEL_PRICE_NGN_PER_LITRE,1277.355,True
2025-09-01,Bayelsa,DIESEL_PRICE_NGN_PER_LITRE,1231.9825,True
2025-09-01,Benue,DIESEL_PRICE_NGN_PER_LITRE,1227.857142857143,True
2025-09-01,Borno,DIESEL_PRICE_NGN_PER_LITRE,1500.0,True
2025-09-01,Cross River,DIESEL_PRICE_NGN_PER_LITRE,1350.2067973856208,True
2025-09-01,Delta,DIESEL_PRICE_NGN_PER_LITRE,1193.8239458041958,True
2025-09-01,Ebonyi,DIESEL_PRICE_NGN_PER_LITRE,1265.932857142857,True
2025-09-01,Edo,DIESEL_PRICE_NGN_PER_LITRE,1330.625,True
2025-09-01,Ekiti,DIESEL_PRICE_NGN_PER_LITRE,1145.3966666666668,True
2025-09-01,Enugu,DIESEL_PRICE_NGN_PER_LITRE,1299.9,True
2025-09-01,Gombe,DIESEL_PRICE_NGN_PER_LITRE,1332.134,True
2025-09-01,Imo,DIESEL_PRICE_NGN_PER_LITRE,1242.8823529411764,True
2025-09-01,Jigawa,DIESEL_PRICE_NGN_PER_LITRE,1177.856375,True
2025-09-01,Kaduna,DIESEL_PRICE_NGN_PER_LITRE,1294.6866666666667,True
2025-09-01,Kano,DIESEL_PRICE_NGN_PER_LITRE,1279.4305,True
2025-09-01,Katsina,DIESEL_PRICE_NGN_PER_LITRE,1184.5806666666667,True
2025-09-01,Kebbi,DIESEL_PRICE_NGN_PER_LITRE,1234.8869,True
2025-09-01,Kogi,DIESEL_PRICE_NGN_PER_LITRE,1177.5345,True
2025-09-01,Kwara,DIESEL_PRICE_NGN_PER_LITRE,1175.338166666667,True
2025-09-01,Lagos,DIESEL_PRICE_NGN_PER_LITRE,1168.11,True
2025-09-01,Nasarawa,DIESEL_PRICE_NGN_PER_LITRE,1519.6776422764233,True
2025-09-01,Niger,DIESEL_PRICE_NGN_PER_LITRE,1386.5595238095295,True
2025-09-01,Ogun,DIESEL_PRICE_NGN_PER_LITRE,1180.7740571428571,True
2025-09-01,Ondo,DIESEL_PRICE_NGN_PER_LITRE,1150.76,True
2025-09-01,Osun,DIESEL_PRICE_NGN_PER_LITRE,1245.3007142857143,True
2025-09-01,Oyo,DIESEL_PRICE_NGN_PER_LITRE,1202.0497,True
2025-09-01,Plateau,DIESEL_PRICE_NGN_PER_LITRE,1312.5525,True
2025-09-01,Rivers,DIESEL_PRICE_NGN_PER_LITRE,1220.44375,True
2025-09-01,Sokoto,DIESEL_PRICE_NGN_PER_LITRE,1266.325,True
2025-09-01,Taraba,DIESEL_PRICE_NGN_PER_LITRE,1348.198,True
2025-09-01,Yobe,DIESEL_PRICE_NGN_PER_LITRE,1365.6482352941175,True
2025-09-01,Zamfara,DIESEL_PRICE_NGN_PER_LITRE,1342.6657142857143,True
2025-10-01,Abia,DIESEL_PRICE_NGN_PER_LITRE,1425.22,True
2025-10-01,Abuja,DIESEL_PRICE_NGN_PER_LITRE,1370.1833333333334,True
2025-10-01,Adamawa,DIESEL_PRICE_NGN_PER_LITRE,1402.775714285714,True
2025-10-01,Akwa Ibom,DIESEL_PRICE_NGN_PER_LITRE,1435.22,True
2025-10-01,Anambra,DIESEL_PRICE_NGN_PER_LITRE,1393.3175,True
2025-10-01,Bauchi,DIESEL_PRICE_NGN_PER_LITRE,1386.2275000000002,True
2025-10-01,Bayelsa,DIESEL_PRICE_NGN_PER_LITRE,1400.8525000000002,True
2025-10-01,Benue,DIESEL_PRICE_NGN_PER_LITRE,1357.7942857142857,True
2025-10-01,Borno,DIESEL_PRICE_NGN_PER_LITRE,1435.22,True
2025-10-01,Cross River,DIESEL_PRICE_NGN_PER_LITRE,1429.664444444444,True
2025-10-01,Delta,DIESEL_PRICE_NGN_PER_LITRE,1377.9853293181818,True
2025-10-01,Ebonyi,DIESEL_PRICE_NGN_PER_LITRE,1398.01329,True
2025-10-01,Edo,DIESEL_PRICE_NGN_PER_LITRE,1307.835,True
2025-10-01,Ekiti,DIESEL_PRICE_NGN_PER_LITRE,1412.8376916666666,True
2025-10-01,Enugu,DIESEL_PRICE_NGN_PER_LITRE,1468.2900000000002,True
2025-10-01,Gombe,DIESEL_PRICE_NGN_PER_LITRE,1382.198,True
2025-10-01,Imo,DIESEL_PRICE_NGN_PER_LITRE,1394.3966387142857,True
2025-10-01,Jigawa,DIESEL_PRICE_NGN_PER_LITRE,1437.4020833333332,True
2025-10-01,Kaduna,DIESEL_PRICE_NGN_PER_LITRE,1418.5533333333333,True
2025-10-01,Kano,DIESEL_PRICE_NGN_PER_LITRE,1422.0487692307688,True
2025-10-01,Katsina,DIESEL_PRICE_NGN_PER_LITRE,1301.2388733333337,True
2025-10-01,Kebbi,DIESEL_PRICE_NGN_PER_LITRE,1308.9432315,True
2025-10-01,Kogi,DIESEL_PRICE_NGN_PER_LITRE,1435.22,True
2025-10-01,Kwara,DIESEL_PRICE_NGN_PER_LITRE,1396.9044444444444,True
2025-10-01,Lagos,DIESEL_PRICE_NGN_PER_LITRE,1435.22,True
2025-10-01,Nasarawa,DIESEL_PRICE_NGN_PER_LITRE,1321.863875,True
2025-10-01,Niger,DIESEL_PRICE_NGN_PER_LITRE,1465.6915238,True
2025-10-01,Ogun,DIESEL_PRICE_NGN_PER_LITRE,1399.6148572000002,True
2025-10-01,Ondo,DIESEL_PRICE_NGN_PER_LITRE,1393.2333333333336,True
2025-10-01,Osun,DIESEL_PRICE_NGN_PER_LITRE,1419.4742857142858,True
2025-10-01,Oyo,DIESEL_PRICE_NGN_PER_LITRE,1393.7257,True
2025-10-01,Plateau,DIESEL_PRICE_NGN_PER_LITRE,1422.72,True
2025-10-01,Rivers,DIESEL_PRICE_NGN_PER_LITRE,1371.52125,True
2025-10-01,Sokoto,DIESEL_PRICE_NGN_PER_LITRE,1428.810125,True
2025-10-01,Taraba,DIESEL_PRICE_NGN_PER_LITRE,1368.1760000000002,True
2025-10-01,Yobe,DIESEL_PRICE_NGN_PER_LITRE,1425.22,True
2025-10-01,Zamfara,DIESEL_PRICE_NGN_PER_LITRE,1403.66,True
2025-11-01,Abia,DIESEL_PRICE_NGN_PER_LITRE,1425.22,True
2025-11-01,Abuja,DIESEL_PRICE_NGN_PER_LITRE,1370.1833333333334,True
2025-11-01,Adamawa,DIESEL_PRICE_NGN_PER_LITRE,1428.8539714285712,True
2025-11-01,Akwa Ibom,DIESEL_PRICE_NGN_PER_LITRE,1437.6770666666669,True
2025-11-01,Anambra,DIESEL_PRICE_NGN_PER_LITRE,1399.0675,True
2025-11-01,Bauchi,DIESEL_PRICE_NGN_PER_LITRE,1386.2275,True
2025-11-01,Bayelsa,DIESEL_PRICE_NGN_PER_LITRE,1435.0208,True
2025-11-01,Benue,DIESEL_PRICE_NGN_PER_LITRE,1390.1334285714286,True
2025-11-01,Borno,DIESEL_PRICE_NGN_PER_LITRE,1442.5911999999998,True
2025-11-01,Cross River,DIESEL_PRICE_NGN_PER_LITRE,1437.288133333333,True
2025-11-01,Delta,DIESEL_PRICE_NGN_PER_LITRE,1377.9853293181818,True
2025-11-01,Ebonyi,DIESEL_PRICE_NGN_PER_LITRE,1398.01329,True
2025-11-01,Edo,DIESEL_PRICE_NGN_PER_LITRE,1327.371,True
2025-11-01,Ekiti,DIESEL_PRICE_NGN_PER_LITRE,1421.695094833333,True
2025-11-01,Enugu,DIESEL_PRICE_NGN_PER_LITRE,1468.2900000000002,True
2025-11-01,Gombe,DIESEL_PRICE_NGN_PER_LITRE,1395.92064,True
2025-11-01,Imo,DIESEL_PRICE_NGN_PER_LITRE,1406.1113815714284,True
2025-11-01,Jigawa,DIESEL_PRICE_NGN_PER_LITRE,1477.3075333333334,True
2025-11-01,Kaduna,DIESEL_PRICE_NGN_PER_LITRE,1445.66653333333,True
2025-11-01,Kano,DIESEL_PRICE_NGN_PER_LITRE,1442.8452061538458,True
2025-11-01,Katsina,DIESEL_PRICE_NGN_PER_LITRE,1315.7789323999998,True
2025-11-01,Kebbi,DIESEL_PRICE_NGN_PER_LITRE,1308.9432315,True
2025-11-01,Kogi,DIESEL_PRICE_NGN_PER_LITRE,1435.22,True
2025-11-01,Kwara,DIESEL_PRICE_NGN_PER_LITRE,1400.9027111111109,True
2025-11-01,Lagos,DIESEL_PRICE_NGN_PER_LITRE,1435.22,True
2025-11-01,Nasarawa,DIESEL_PRICE_NGN_PER_LITRE,1325.293875,True
2025-11-01,Niger,DIESEL_PRICE_NGN_PER_LITRE,1477.5657638,True
2025-11-01,Ogun,DIESEL_PRICE_NGN_PER_LITRE,1402.3645257120002,True
2025-11-01,Ondo,DIESEL_PRICE_NGN_PER_LITRE,1402.944066666667,True
2025-11-01,Osun,DIESEL_PRICE_NGN_PER_LITRE,1436.4396571428572,True
2025-11-01,Oyo,DIESEL_PRICE_NGN_PER_LITRE,1403.30434,True
2025-11-01,Plateau,DIESEL_PRICE_NGN_PER_LITRE,1443.7861,True
2025-11-01,Rivers,DIESEL_PRICE_NGN_PER_LITRE,1388.13575,True
2025-11-01,Sokoto,DIESEL_PRICE_NGN_PER_LITRE,1428.810125,True
2025-11-01,Taraba,DIESEL_PRICE_NGN_PER_LITRE,1389.448,True
2025-11-01,Yobe,DIESEL_PRICE_NGN_PER_LITRE,1425.22,True
2025-11-01,Zamfara,DIESEL_PRICE_NGN_PER_LITRE,1422.77228571429,True
2025-12-01,Abia,DIESEL_PRICE_NGN_PER_LITRE,1412.3920400000002,True
2025-12-01,Abuja,DIESEL_PRICE_NGN_PER_LITRE,1383.214516666667,True
2025-12-01,Adamawa,DIESEL_PRICE_NGN_PER_LITRE,1420.041155857143,True
2025-12-01,Akwa Ibom,DIESEL_PRICE_NGN_PER_LITRE,1435.309604,True
2025-12-01,Anambra,DIESEL_PRICE_NGN_PER_LITRE,1400.3192375,True
2025-12-01,Bauchi,DIESEL_PRICE_NGN_PER_LITRE,1368.7822124999998,True
2025-12-01,Bayelsa,DIESEL_PRICE_NGN_PER_LITRE,1441.6170625,True
2025-12-01,Benue,DIESEL_PRICE_NGN_PER_LITRE,1376.0218671428572,True
2025-12-01,Borno,DIESEL_PRICE_NGN_PER_LITRE,1435.3782439999998,True
2025-12-01,Cross River,DIESEL_PRICE_NGN_PER_LITRE,1439.1740666666667,True
2025-12-01,Delta,DIESEL_PRICE_NGN_PER_LITRE,1371.7786286920457,True
2025-12-01,Ebonyi,DIESEL_PRICE_NGN_PER_LITRE,1383.84045355,True
2025-12-01,Edo,DIESEL_PRICE_NGN_PER_LITRE,1311.960435,True
2025-12-01,Ekiti,DIESEL_PRICE_NGN_PER_LITRE,1405.902825,True
2025-12-01,Enugu,DIESEL_PRICE_NGN_PER_LITRE,1465.686225,True
2025-12-01,Gombe,DIESEL_PRICE_NGN_PER_LITRE,1394.08769,True
2025-12-01,Imo,DIESEL_PRICE_NGN_PER_LITRE,1409.2204385807145,True
2025-12-01,Jigawa,DIESEL_PRICE_NGN_PER_LITRE,1436.8039415000003,True
2025-12-01,Kaduna,DIESEL_PRICE_NGN_PER_LITRE,1449.6965,True
2025-12-01,Kano,DIESEL_PRICE_NGN_PER_LITRE,1408.0264537692308,True
2025-12-01,Katsina,DIESEL_PRICE_NGN_PER_LITRE,1297.23665909,True
2025-12-01,Kebbi,DIESEL_PRICE_NGN_PER_LITRE,1301.0956053,True
2025-12-01,Kogi,DIESEL_PRICE_NGN_PER_LITRE,1413.6917,True
2025-12-01,Kwara,DIESEL_PRICE_NGN_PER_LITRE,1396.05888,True
2025-12-01,Lagos,DIESEL_PRICE_NGN_PER_LITRE,1425.17346,True
2025-12-01,Nasarawa,DIESEL_PRICE_NGN_PER_LITRE,1313.24733375,True
2025-12-01,Niger,DIESEL_PRICE_NGN_PER_LITRE,1432.98793977,True
2025-12-01,Ogun,DIESEL_PRICE_NGN_PER_LITRE,1403.9373430834398,True
2025-12-01,Ondo,DIESEL_PRICE_NGN_PER_LITRE,1404.5620256666668,True
2025-12-01,Osun,DIESEL_PRICE_NGN_PER_LITRE,1427.2569954285714,True
2025-12-01,Oyo,DIESEL_PRICE_NGN_PER_LITRE,1389.6622212999998,True
2025-12-01,Plateau,DIESEL_PRICE_NGN_PER_LITRE,1428.349468,True
2025-12-01,Rivers,DIESEL_PRICE_NGN_PER_LITRE,1383.15328125,True
2025-12-01,Sokoto,DIESEL_PRICE_NGN_PER_LITRE,1434.204175625,True
2025-12-01,Taraba,DIESEL_PRICE_NGN_PER_LITRE,1396.7567600000002,True
2025-12-01,Yobe,DIESEL_PRICE_NGN_PER_LITRE,1429.61468,True
2025-12-01,Zamfara,DIESEL_PRICE_NGN_PER_LITRE,1434.0524414285717,True
2026-01-01,Abia,DIESEL_PRICE_NGN_PER_LITRE,1282.5,True
2026-01-01,Abuja,DIESEL_PRICE_NGN_PER_LITRE,1332.3665533333333,True
2026-01-01,Adamawa,DIESEL_PRICE_NGN_PER_LITRE,1422.912508,True
2026-01-01,Akwa Ibom,DIESEL_PRICE_NGN_PER_LITRE,1558.5228796133335,True
2026-01-01,Anambra,DIESEL_PRICE_NGN_PER_LITRE,1243.075,True
2026-01-01,Bauchi,DIESEL_PRICE_NGN_PER_LITRE,1449.618465625,True
2026-01-01,Bayelsa,DIESEL_PRICE_NGN_PER_LITRE,1294.510975,True
2026-01-01,Benue,DIESEL_PRICE_NGN_PER_LITRE,1309.2055107142858,True
2026-01-01,Borno,DIESEL_PRICE_NGN_PER_LITRE,1480.0,True
2026-01-01,Cross River,DIESEL_PRICE_NGN_PER_LITRE,1295.915445104355,True
2026-01-01,Delta,DIESEL_PRICE_NGN_PER_LITRE,1323.4226258930692,True
2026-01-01,Ebonyi,DIESEL_PRICE_NGN_PER_LITRE,1344.406683,True
2026-01-01,Edo,DIESEL_PRICE_NGN_PER_LITRE,1414.11220295,True
2026-01-01,Ekiti,DIESEL_PRICE_NGN_PER_LITRE,1311.5833333333333,True
2026-01-01,Enugu,DIESEL_PRICE_NGN_PER_LITRE,1251.687075,True
2026-01-01,Gombe,DIESEL_PRICE_NGN_PER_LITRE,1403.3044384452,True
2026-01-01,Imo,DIESEL_PRICE_NGN_PER_LITRE,1319.327731152143,True
2026-01-01,Jigawa,DIESEL_PRICE_NGN_PER_LITRE,1353.36941375,True
2026-01-01,Kaduna,DIESEL_PRICE_NGN_PER_LITRE,1266.66666666667,True
2026-01-01,Kano,DIESEL_PRICE_NGN_PER_LITRE,1281.920358544149,True
2026-01-01,Katsina,DIESEL_PRICE_NGN_PER_LITRE,1310.6561766666666,True
2026-01-01,Kebbi,DIESEL_PRICE_NGN_PER_LITRE,1382.3348168,True
2026-01-01,Kogi,DIESEL_PRICE_NGN_PER_LITRE,1200.0,True
2026-01-01,Kwara,DIESEL_PRICE_NGN_PER_LITRE,1397.7621086071438,True
2026-01-01,Lagos,DIESEL_PRICE_NGN_PER_LITRE,1560.82320461578,True
2026-01-01,Nasarawa,DIESEL_PRICE_NGN_PER_LITRE,1379.349025,True
2026-01-01,Niger,DIESEL_PRICE_NGN_PER_LITRE,1276.0,True
2026-01-01,Ogun,DIESEL_PRICE_NGN_PER_LITRE,1230.5158197305,True
2026-01-01,Ondo,DIESEL_PRICE_NGN_PER_LITRE,1382.3071723432276,True
2026-01-01,Osun,DIESEL_PRICE_NGN_PER_LITRE,1427.59337402571,True
2026-01-01,Oyo,DIESEL_PRICE_NGN_PER_LITRE,1459.780045664,True
2026-01-01,Plateau,DIESEL_PRICE_NGN_PER_LITRE,1449.77882725,True
2026-01-01,Rivers,DIESEL_PRICE_NGN_PER_LITRE,1439.610234635011,True
2026-01-01,Sokoto,DIESEL_PRICE_NGN_PER_LITRE,1470.45542508762,True
2026-01-01,Taraba,DIESEL_PRICE_NGN_PER_LITRE,1453.5,True
2026-01-01,Yobe,DIESEL_PRICE_NGN_PER_LITRE,1376.41756,True
2026-01-01,Zamfara,DIESEL_PRICE_NGN_PER_LITRE,1242.8235629449737,True
2026-02-01,Abia,DIESEL_PRICE_NGN_PER_LITRE,1390.1170759560416,True
2026-02-01,Abuja,DIESEL_PRICE_NGN_PER_LITRE,1409.6666666666667,True
2026-02-01,Adamawa,DIESEL_PRICE_NGN_PER_LITRE,1492.9243857876277,True
2026-02-01,Akwa Ibom,DIESEL_PRICE_NGN_PER_LITRE,1587.18814467903,True
2026-02-01,Anambra,DIESEL_PRICE_NGN_PER_LITRE,1256.764672399671,True
2026-02-01,Bauchi,DIESEL_PRICE_NGN_PER_LITRE,1524.8721097725909,True
2026-02-01,Bayelsa,DIESEL_PRICE_NGN_PER_LITRE,1336.8486379967517,True
2026-02-01,Benue,DIESEL_PRICE_NGN_PER_LITRE,1404.5404958677686,True
2026-02-01,Borno,DIESEL_PRICE_NGN_PER_LITRE,1616.2524399938554,True
2026-02-01,Cross River,DIESEL_PRICE_NGN_PER_LITRE,1395.4901183963611,True
2026-02-01,Delta,DIESEL_PRICE_NGN_PER_LITRE,1371.330454217665,True
2026-02-01,Ebonyi,DIESEL_PRICE_NGN_PER_LITRE,1479.11651581965,True
2026-02-01,Edo,DIESEL_PRICE_NGN_PER_LITRE,1429.3814035166663,True
2026-02-01,Ekiti,DIESEL_PRICE_NGN_PER_LITRE,1364.5750255809066,True
2026-02-01,Enugu,DIESEL_PRICE_NGN_PER_LITRE,1369.172240214863,True
2026-02-01,Gombe,DIESEL_PRICE_NGN_PER_LITRE,1483.5178350334934,True
2026-02-01,Imo,DIESEL_PRICE_NGN_PER_LITRE,1423.672792521842,True
2026-02-01,Jigawa,DIESEL_PRICE_NGN_PER_LITRE,1432.22783746278,True
2026-02-01,Kaduna,DIESEL_PRICE_NGN_PER_LITRE,1280.0,True
2026-02-01,Kano,DIESEL_PRICE_NGN_PER_LITRE,1399.620177240457,True
2026-02-01,Katsina,DIESEL_PRICE_NGN_PER_LITRE,1309.990750779514,True
2026-02-01,Kebbi,DIESEL_PRICE_NGN_PER_LITRE,1468.8168164019394,True
2026-02-01,Kogi,DIESEL_PRICE_NGN_PER_LITRE,1220.0,True
2026-02-01,Kwara,DIESEL_PRICE_NGN_PER_LITRE,1310.582525165432,True
2026-02-01,Lagos,DIESEL_PRICE_NGN_PER_LITRE,1625.109836067412,True
2026-02-01,Nasarawa,DIESEL_PRICE_NGN_PER_LITRE,1381.2339132284,True
2026-02-01,Niger,DIESEL_PRICE_NGN_PER_LITRE,1385.6,True
2026-02-01,Ogun,DIESEL_PRICE_NGN_PER_LITRE,1183.3073939422811,True
2026-02-01,Ondo,DIESEL_PRICE_NGN_PER_LITRE,1496.9733802889484,True
2026-02-01,Osun,DIESEL_PRICE_NGN_PER_LITRE,1466.43469556873,True
2026-02-01,Oyo,DIESEL_PRICE_NGN_PER_LITRE,1470.6048669541103,True
2026-02-01,Plateau,DIESEL_PRICE_NGN_PER_LITRE,1563.5410580758492,True
2026-02-01,Rivers,DIESEL_PRICE_NGN_PER_LITRE,1478.2722708540864,True
2026-02-01,Sokoto,DIESEL_PRICE_NGN_PER_LITRE,1554.63539830301,True
2026-02-01,Taraba,DIESEL_PRICE_NGN_PER_LITRE,1525.5,True
2026-02-01,Yobe,DIESEL_PRICE_NGN_PER_LITRE,1335.85189531262,True
2026-02-01,Zamfara,DIESEL_PRICE_NGN_PER_LITRE,1322.6197238383206,True
2026-03-01,Abia,DIESEL_PRICE_NGN_PER_LITRE,1653.00930943672,True
2026-03-01,Abuja,DIESEL_PRICE_NGN_PER_LITRE,1718.34946735224,True
2026-03-01,Adamawa,DIESEL_PRICE_NGN_PER_LITRE,1757.45396392392,True
2026-03-01,Akwa Ibom,DIESEL_PRICE_NGN_PER_LITRE,1895.71829347274,True
2026-03-01,Anambra,DIESEL_PRICE_NGN_PER_LITRE,1698.29103573163,True
2026-03-01,Bauchi,DIESEL_PRICE_NGN_PER_LITRE,1592.7295940492,True
2026-03-01,Bayelsa,DIESEL_PRICE_NGN_PER_LITRE,1489.65417382643,True
2026-03-01,Benue,DIESEL_PRICE_NGN_PER_LITRE,1506.93199527745,True
2026-03-01,Borno,DIESEL_PRICE_NGN_PER_LITRE,1616.25243999386,True
2026-03-01,Cross River,DIESEL_PRICE_NGN_PER_LITRE,1603.89282636239,True
2026-03-01,Delta,DIESEL_PRICE_NGN_PER_LITRE,1541.96867190898,True
2026-03-01,Ebonyi,DIESEL_PRICE_NGN_PER_LITRE,2262.28701701891,True
2026-03-01,Edo,DIESEL_PRICE_NGN_PER_LITRE,1748.84570733906,True
2026-03-01,Ekiti,DIESEL_PRICE_NGN_PER_LITRE,1491.18993121322,True
2026-03-01,Enugu,DIESEL_PRICE_NGN_PER_LITRE,1480.05843295234,True
2026-03-01,Gombe,DIESEL_PRICE_NGN_PER_LITRE,1856.25642535919,True
2026-03-01,Imo,DIESEL_PRICE_NGN_PER_LITRE,1557.06312770642,True
2026-03-01,Jigawa,DIESEL_PRICE_NGN_PER_LITRE,1600.1151508916,True
2026-03-01,Kaduna,DIESEL_PRICE_NGN_PER_LITRE,1678.93333333333,True
2026-03-01,Kano,DIESEL_PRICE_NGN_PER_LITRE,1610.85626999538,True
2026-03-01,Katsina,DIESEL_PRICE_NGN_PER_LITRE,1438.24618612635,True
2026-03-01,Kebbi,DIESEL_PRICE_NGN_PER_LITRE,1577.18001133757,True
2026-03-01,Kogi,DIESEL_PRICE_NGN_PER_LITRE,1383.4,True
2026-03-01,Kwara,DIESEL_PRICE_NGN_PER_LITRE,1488.59254093477,True
2026-03-01,Lagos,DIESEL_PRICE_NGN_PER_LITRE,1642.67198339207,True
2026-03-01,Nasarawa,DIESEL_PRICE_NGN_PER_LITRE,1852.35872765864,True
2026-03-01,Niger,DIESEL_PRICE_NGN_PER_LITRE,1548.04906119033,True
2026-03-01,Ogun,DIESEL_PRICE_NGN_PER_LITRE,1532.64753918342,True
2026-03-01,Ondo,DIESEL_PRICE_NGN_PER_LITRE,1660.44319975532,True
2026-03-01,Osun,DIESEL_PRICE_NGN_PER_LITRE,1872.15383014903,True
2026-03-01,Oyo,DIESEL_PRICE_NGN_PER_LITRE,1621.94789593881,True
2026-03-01,Plateau,DIESEL_PRICE_NGN_PER_LITRE,1654.05822242122,True
2026-03-01,Rivers,DIESEL_PRICE_NGN_PER_LITRE,1572.94408165672,True
2026-03-01,Sokoto,DIESEL_PRICE_NGN_PER_LITRE,1759.04789830301,True
2026-03-01,Taraba,DIESEL_PRICE_NGN_PER_LITRE,1757.835,True
2026-03-01,Yobe,DIESEL_PRICE_NGN_PER_LITRE,1755.12740795035,True
2026-03-01,Zamfara,DIESEL_PRICE_NGN_PER_LITRE,1502.4969159425,True
2026-04-01,Abia,DIESEL_PRICE_NGN_PER_LITRE,2405.5882395888034,True
2026-04-01,Abuja,DIESEL_PRICE_NGN_PER_LITRE,2492.9780197935456,True
2026-04-01,Adamawa,DIESEL_PRICE_NGN_PER_LITRE,2684.9450820178085,True
2026-04-01,Akwa Ibom,DIESEL_PRICE_NGN_PER_LITRE,2496.7299486807337,True
2026-04-01,Anambra,DIESEL_PRICE_NGN_PER_LITRE,2694.2246977999994,True
2026-04-01,Bauchi,DIESEL_PRICE_NGN_PER_LITRE,2515.6611892013943,True
2026-04-01,Bayelsa,DIESEL_PRICE_NGN_PER_LITRE,2369.0057837414606,True
2026-04-01,Benue,DIESEL_PRICE_NGN_PER_LITRE,2309.7580321133414,True
2026-04-01,Borno,DIESEL_PRICE_NGN_PER_LITRE,2524.7808979177403,True
2026-04-01,Cross River,DIESEL_PRICE_NGN_PER_LITRE,2457.045055736704,True
2026-04-01,Delta,DIESEL_PRICE_NGN_PER_LITRE,2379.315188053994,True
2026-04-01,Ebonyi,DIESEL_PRICE_NGN_PER_LITRE,2754.0622645420963,True
2026-04-01,Edo,DIESEL_PRICE_NGN_PER_LITRE,2640.1026324589848,True
2026-04-01,Ekiti,DIESEL_PRICE_NGN_PER_LITRE,2352.739007916696,True
2026-04-01,Enugu,DIESEL_PRICE_NGN_PER_LITRE,2342.408680421654,True
2026-04-01,Gombe,DIESEL_PRICE_NGN_PER_LITRE,2494.6902669002884,True
2026-04-01,Imo,DIESEL_PRICE_NGN_PER_LITRE,2385.4542293831846,True
2026-04-01,Jigawa,DIESEL_PRICE_NGN_PER_LITRE,2472.0440903203885,True
2026-04-01,Kaduna,DIESEL_PRICE_NGN_PER_LITRE,2552.2008,True
2026-04-01,Kano,DIESEL_PRICE_NGN_PER_LITRE,2483.810980534766,True
2026-04-01,Katsina,DIESEL_PRICE_NGN_PER_LITRE,2269.141196767494,True
2026-04-01,Kebbi,DIESEL_PRICE_NGN_PER_LITRE,2180.279510608932,True
2026-04-01,Kogi,DIESEL_PRICE_NGN_PER_LITRE,2192.7040682645284,True
2026-04-01,Kwara,DIESEL_PRICE_NGN_PER_LITRE,2279.6758403417284,True
2026-04-01,Lagos,DIESEL_PRICE_NGN_PER_LITRE,2293.274084108524,True
2026-04-01,Nasarawa,DIESEL_PRICE_NGN_PER_LITRE,2818.938152028743,True
2026-04-01,Niger,DIESEL_PRICE_NGN_PER_LITRE,2430.421780176143,True
2026-04-01,Ogun,DIESEL_PRICE_NGN_PER_LITRE,2425.9442317860603,True
2026-04-01,Ondo,DIESEL_PRICE_NGN_PER_LITRE,2317.210009487878,True
2026-04-01,Osun,DIESEL_PRICE_NGN_PER_LITRE,2616.967874838856,True
2026-04-01,Oyo,DIESEL_PRICE_NGN_PER_LITRE,2507.7830794434594,True
2026-04-01,Plateau,DIESEL_PRICE_NGN_PER_LITRE,2655.2982550844617,True
2026-04-01,Rivers,DIESEL_PRICE_NGN_PER_LITRE,2462.501754733621,True
2026-04-01,Sokoto,DIESEL_PRICE_NGN_PER_LITRE,2570.562521626698,True
2026-04-01,Taraba,DIESEL_PRICE_NGN_PER_LITRE,2704.759092012532,True
2026-04-01,Yobe,DIESEL_PRICE_NGN_PER_LITRE,2693.165195986742,True
2026-04-01,Zamfara,DIESEL_PRICE_NGN_PER_LITRE,2337.36348853602,True
2026-05-01,Abia,DIESEL_PRICE_NGN_PER_LITRE,3215.379369339974,False
2026-05-01,Abuja,DIESEL_PRICE_NGN_PER_LITRE,3319.388228589593,False
2026-05-01,Adamawa,DIESEL_PRICE_NGN_PER_LITRE,3275.4309954948667,False
2026-05-01,Akwa Ibom,DIESEL_PRICE_NGN_PER_LITRE,3249.955042939069,False
2026-05-01,Anambra,DIESEL_PRICE_NGN_PER_LITRE,3365.48837150961,False
2026-05-01,Bauchi,DIESEL_PRICE_NGN_PER_LITRE,3160.044754524091,False
2026-05-01,Bayelsa,DIESEL_PRICE_NGN_PER_LITRE,3131.628174674528,False
2026-05-01,Benue,DIESEL_PRICE_NGN_PER_LITRE,2961.325532846098,False
2026-05-01,Borno,DIESEL_PRICE_NGN_PER_LITRE,3226.6699875388717,False
2026-05-01,Cross River,DIESEL_PRICE_NGN_PER_LITRE,3388.8536407474394,False
2026-05-01,Delta,DIESEL_PRICE_NGN_PER_LITRE,3198.6380993537605,False
2026-05-01,Ebonyi,DIESEL_PRICE_NGN_PER_LITRE,3574.754611957276,False
2026-05-01,Edo,DIESEL_PRICE_NGN_PER_LITRE,3314.347832407356,False
2026-05-01,Ekiti,DIESEL_PRICE_NGN_PER_LITRE,3208.231181742028,False
2026-05-01,Enugu,DIESEL_PRICE_NGN_PER_LITRE,3157.4369456857785,False
2026-05-01,Gombe,DIESEL_PRICE_NGN_PER_LITRE,3192.0807225399985,False
2026-05-01,Imo,DIESEL_PRICE_NGN_PER_LITRE,3171.9609343762672,False
2026-05-01,Jigawa,DIESEL_PRICE_NGN_PER_LITRE,3442.977337824841,False
2026-05-01,Kaduna,DIESEL_PRICE_NGN_PER_LITRE,3535.842620729816,False
2026-05-01,Kano,DIESEL_PRICE_NGN_PER_LITRE,3302.9629353308774,False
2026-05-01,Katsina,DIESEL_PRICE_NGN_PER_LITRE,3131.7088520724938,False
2026-05-01,Kebbi,DIESEL_PRICE_NGN_PER_LITRE,3016.1448249285263,False
2026-05-01,Kogi,DIESEL_PRICE_NGN_PER_LITRE,2823.852839379679,False
2026-05-01,Kwara,DIESEL_PRICE_NGN_PER_LITRE,3136.144649693465,False
2026-05-01,Lagos,DIESEL_PRICE_NGN_PER_LITRE,3150.4505949897484,False
2026-05-01,Nasarawa,DIESEL_PRICE_NGN_PER_LITRE,3785.836482582041,False
2026-05-01,Niger,DIESEL_PRICE_NGN_PER_LITRE,3167.461622811281,False
2026-05-01,Ogun,DIESEL_PRICE_NGN_PER_LITRE,3249.557760335826,False
2026-05-01,Ondo,DIESEL_PRICE_NGN_PER_LITRE,3028.601234855,False
2026-05-01,Osun,DIESEL_PRICE_NGN_PER_LITRE,3421.3214500429526,False
2026-05-01,Oyo,DIESEL_PRICE_NGN_PER_LITRE,3307.1551911729694,False
2026-05-01,Plateau,DIESEL_PRICE_NGN_PER_LITRE,3576.4010805755147,False
2026-05-01,Rivers,DIESEL_PRICE_NGN_PER_LITRE,3428.715524513849,False
2026-05-01,Sokoto,DIESEL_PRICE_NGN_PER_LITRE,3514.1643949935237,False
2026-05-01,Taraba,DIESEL_PRICE_NGN_PER_LITRE,3489.197843160826,False
2026-05-01,Yobe,DIESEL_PRICE_NGN_PER_LITRE,3394.995885535807,False
2026-05-01,Zamfara,DIESEL_PRICE_NGN_PER_LITRE,3251.426816043828,False
2025-01-01,Abia,LPG_REFILL_12_5KG_NGN,16334.33318,False
2025-01-01,Abuja,LPG_REFILL_12_5KG_NGN,17550.0,False
2025-01-01,Adamawa,LPG_REFILL_12_5KG_NGN,16700.0,False
2025-01-01,Akwa Ibom,LPG_REFILL_12_5KG_NGN,18500.0,False
2025-01-01,Anambra,LPG_REFILL_12_5KG_NGN,17187.5,False
2025-01-01,Bauchi,LPG_REFILL_12_5KG_NGN,18300.0,False
2025-01-01,Bayelsa,LPG_REFILL_12_5KG_NGN,17500.0,False
2025-01-01,Benue,LPG_REFILL_12_5KG_NGN,17975.0,False
2025-01-01,Borno,LPG_REFILL_12_5KG_NGN,16890.0,False
2025-01-01,Cross River,LPG_REFILL_12_5KG_NGN,17475.0,False
2025-01-01,Delta,LPG_REFILL_12_5KG_NGN,16540.0,False
2025-01-01,Ebonyi,LPG_REFILL_12_5KG_NGN,17580.0,False
2025-01-01,Edo,LPG_REFILL_12_5KG_NGN,17561.1111111111,False
2025-01-01,Ekiti,LPG_REFILL_12_5KG_NGN,17732.0,False
2025-01-01,Enugu,LPG_REFILL_12_5KG_NGN,17736.1111111111,False
2025-01-01,Gombe,LPG_REFILL_12_5KG_NGN,18150.0,False
2025-01-01,Imo,LPG_REFILL_12_5KG_NGN,17638.9749270833,False
2025-01-01,Jigawa,LPG_REFILL_12_5KG_NGN,18343.75,False
2025-01-01,Kaduna,LPG_REFILL_12_5KG_NGN,16968.75,False
2025-01-01,Kano,LPG_REFILL_12_5KG_NGN,16770.0,False
2025-01-01,Katsina,LPG_REFILL_12_5KG_NGN,17400.0,False
2025-01-01,Kebbi,LPG_REFILL_12_5KG_NGN,15993.75,False
2025-01-01,Kogi,LPG_REFILL_12_5KG_NGN,16693.3333333333,False
2025-01-01,Kwara,LPG_REFILL_12_5KG_NGN,16964.8549875,False
2025-01-01,Lagos,LPG_REFILL_12_5KG_NGN,16166.666666666666,False
2025-01-01,Nasarawa,LPG_REFILL_12_5KG_NGN,15880.0,False
2025-01-01,Niger,LPG_REFILL_12_5KG_NGN,16330.0,False
2025-01-01,Ogun,LPG_REFILL_12_5KG_NGN,17557.1428571429,False
2025-01-01,Ondo,LPG_REFILL_12_5KG_NGN,16484.1666666667,False
2025-01-01,Osun,LPG_REFILL_12_5KG_NGN,18055.5555555556,False
2025-01-01,Oyo,LPG_REFILL_12_5KG_NGN,18214.285714285717,False
2025-01-01,Plateau,LPG_REFILL_12_5KG_NGN,18991.9926875,False
2025-01-01,Rivers,LPG_REFILL_12_5KG_NGN,18761.1111111111,False
2025-01-01,Sokoto,LPG_REFILL_12_5KG_NGN,17516.666666666668,False
2025-01-01,Taraba,LPG_REFILL_12_5KG_NGN,18300.0,False
2025-01-01,Yobe,LPG_REFILL_12_5KG_NGN,19400.0,False
2025-01-01,Zamfara,LPG_REFILL_12_5KG_NGN,16875.0,False
2025-02-01,Abia,LPG_REFILL_12_5KG_NGN,16299.863175,True
2025-02-01,Abuja,LPG_REFILL_12_5KG_NGN,17550.0,True
2025-02-01,Adamawa,LPG_REFILL_12_5KG_NGN,17000.0,True
2025-02-01,Akwa Ibom,LPG_REFILL_12_5KG_NGN,18600.0,True
2025-02-01,Anambra,LPG_REFILL_12_5KG_NGN,18751.875,True
2025-02-01,Bauchi,LPG_REFILL_12_5KG_NGN,18450.0,True
2025-02-01,Bayelsa,LPG_REFILL_12_5KG_NGN,17550.0,True
2025-02-01,Benue,LPG_REFILL_12_5KG_NGN,17950.0,True
2025-02-01,Borno,LPG_REFILL_12_5KG_NGN,17220.0,True
2025-02-01,Cross River,LPG_REFILL_12_5KG_NGN,17575.0,True
2025-02-01,Delta,LPG_REFILL_12_5KG_NGN,16750.0,True
2025-02-01,Ebonyi,LPG_REFILL_12_5KG_NGN,17778.7125,True
2025-02-01,Edo,LPG_REFILL_12_5KG_NGN,17461.1111111111,True
2025-02-01,Ekiti,LPG_REFILL_12_5KG_NGN,17832.0,True
2025-02-01,Enugu,LPG_REFILL_12_5KG_NGN,17616.1111111111,True
2025-02-01,Gombe,LPG_REFILL_12_5KG_NGN,18200.0,True
2025-02-01,Imo,LPG_REFILL_12_5KG_NGN,17779.1666666667,True
2025-02-01,Jigawa,LPG_REFILL_12_5KG_NGN,18443.75,True
2025-02-01,Kaduna,LPG_REFILL_12_5KG_NGN,16906.25,True
2025-02-01,Kano,LPG_REFILL_12_5KG_NGN,16775.0,True
2025-02-01,Katsina,LPG_REFILL_12_5KG_NGN,17550.0,True
2025-02-01,Kebbi,LPG_REFILL_12_5KG_NGN,16250.0,True
2025-02-01,Kogi,LPG_REFILL_12_5KG_NGN,16800.0,True
2025-02-01,Kwara,LPG_REFILL_12_5KG_NGN,17250.0,True
2025-02-01,Lagos,LPG_REFILL_12_5KG_NGN,15750.0,True
2025-02-01,Nasarawa,LPG_REFILL_12_5KG_NGN,16250.0,True
2025-02-01,Niger,LPG_REFILL_12_5KG_NGN,16450.0,True
2025-02-01,Ogun,LPG_REFILL_12_5KG_NGN,17757.1428571429,True
2025-02-01,Ondo,LPG_REFILL_12_5KG_NGN,16547.26190475,True
2025-02-01,Osun,LPG_REFILL_12_5KG_NGN,18455.5555555556,True
2025-02-01,Oyo,LPG_REFILL_12_5KG_NGN,17142.85714285714,True
2025-02-01,Plateau,LPG_REFILL_12_5KG_NGN,17916.666666666664,True
2025-02-01,Rivers,LPG_REFILL_12_5KG_NGN,18861.1111111111,True
2025-02-01,Sokoto,LPG_REFILL_12_5KG_NGN,17550.0,True
2025-02-01,Taraba,LPG_REFILL_12_5KG_NGN,18625.0,True
2025-02-01,Yobe,LPG_REFILL_12_5KG_NGN,19000.0,True
2025-02-01,Zamfara,LPG_REFILL_12_5KG_NGN,16575.0,True
2025-03-01,Abia,LPG_REFILL_12_5KG_NGN,18820.122656826,True
2025-03-01,Abuja,LPG_REFILL_12_5KG_NGN,17110.476,True
2025-03-01,Adamawa,LPG_REFILL_12_5KG_NGN,18289.2,True
2025-03-01,Akwa Ibom,LPG_REFILL_12_5KG_NGN,20623.8,True
2025-03-01,Anambra,LPG_REFILL_12_5KG_NGN,18280.68285,True
2025-03-01,Bauchi,LPG_REFILL_12_5KG_NGN,19752.0,True
2025-03-01,Bayelsa,LPG_REFILL_12_5KG_NGN,19475.0,True
2025-03-01,Benue,LPG_REFILL_12_5KG_NGN,18770.26,True
2025-03-01,Borno,LPG_REFILL_12_5KG_NGN,17239.6,True
2025-03-01,Cross River,LPG_REFILL_12_5KG_NGN,20934.225,True
2025-03-01,Delta,LPG_REFILL_12_5KG_NGN,20038.26,True
2025-03-01,Ebonyi,LPG_REFILL_12_5KG_NGN,19870.332043,True
2025-03-01,Edo,LPG_REFILL_12_5KG_NGN,19185.8944444444,True
2025-03-01,Ekiti,LPG_REFILL_12_5KG_NGN,16739.307999999997,True
2025-03-01,Enugu,LPG_REFILL_12_5KG_NGN,18750.9055555555,True
2025-03-01,Gombe,LPG_REFILL_12_5KG_NGN,18797.280865,True
2025-03-01,Imo,LPG_REFILL_12_5KG_NGN,19970.1283333333,True
2025-03-01,Jigawa,LPG_REFILL_12_5KG_NGN,17606.93125,True
2025-03-01,Kaduna,LPG_REFILL_12_5KG_NGN,18331.3375,True
2025-03-01,Kano,LPG_REFILL_12_5KG_NGN,19873.9,True
2025-03-01,Katsina,LPG_REFILL_12_5KG_NGN,18395.8625,True
2025-03-01,Kebbi,LPG_REFILL_12_5KG_NGN,15840.7,True
2025-03-01,Kogi,LPG_REFILL_12_5KG_NGN,18165.2,True
2025-03-01,Kwara,LPG_REFILL_12_5KG_NGN,16820.22,True
2025-03-01,Lagos,LPG_REFILL_12_5KG_NGN,18199.25,True
2025-03-01,Nasarawa,LPG_REFILL_12_5KG_NGN,15661.3042862968,True
2025-03-01,Niger,LPG_REFILL_12_5KG_NGN,17078.874422285,True
2025-03-01,Ogun,LPG_REFILL_12_5KG_NGN,17988.957142857143,True
2025-03-01,Ondo,LPG_REFILL_12_5KG_NGN,17403.98226189025,True
2025-03-01,Osun,LPG_REFILL_12_5KG_NGN,18352.722222222223,True
2025-03-01,Oyo,LPG_REFILL_12_5KG_NGN,16710.7714285714,True
2025-03-01,Plateau,LPG_REFILL_12_5KG_NGN,17470.2333333333,True
2025-03-01,Rivers,LPG_REFILL_12_5KG_NGN,20964.7944444445,True
2025-03-01,Sokoto,LPG_REFILL_12_5KG_NGN,20393.45,True
2025-03-01,Taraba,LPG_REFILL_12_5KG_NGN,20141.875,True
2025-03-01,Yobe,LPG_REFILL_12_5KG_NGN,17066.0,True
2025-03-01,Zamfara,LPG_REFILL_12_5KG_NGN,17766.925,True
2025-04-01,Abia,LPG_REFILL_12_5KG_NGN,20549.2004776424,True
2025-04-01,Abuja,LPG_REFILL_12_5KG_NGN,19248.60776,True
2025-04-01,Adamawa,LPG_REFILL_12_5KG_NGN,20851.5166666667,True
2025-04-01,Akwa Ibom,LPG_REFILL_12_5KG_NGN,21638.98425,True
2025-04-01,Anambra,LPG_REFILL_12_5KG_NGN,20994.6309981667,True
2025-04-01,Bauchi,LPG_REFILL_12_5KG_NGN,21171.8125,True
2025-04-01,Bayelsa,LPG_REFILL_12_5KG_NGN,21476.51,True
2025-04-01,Benue,LPG_REFILL_12_5KG_NGN,20494.1678461538,True
2025-04-01,Borno,LPG_REFILL_12_5KG_NGN,19780.7243333333,True
2025-04-01,Cross River,LPG_REFILL_12_5KG_NGN,21105.614,True
2025-04-01,Delta,LPG_REFILL_12_5KG_NGN,22831.7013333333,True
2025-04-01,Ebonyi,LPG_REFILL_12_5KG_NGN,22168.0895646,True
2025-04-01,Edo,LPG_REFILL_12_5KG_NGN,19404.3626666667,True
2025-04-01,Ekiti,LPG_REFILL_12_5KG_NGN,18249.80173,True
2025-04-01,Enugu,LPG_REFILL_12_5KG_NGN,20990.51825,True
2025-04-01,Gombe,LPG_REFILL_12_5KG_NGN,20188.426905,True
2025-04-01,Imo,LPG_REFILL_12_5KG_NGN,22938.7339333333,True
2025-04-01,Jigawa,LPG_REFILL_12_5KG_NGN,18671.0402777778,True
2025-04-01,Kaduna,LPG_REFILL_12_5KG_NGN,20134.1914,True
2025-04-01,Kano,LPG_REFILL_12_5KG_NGN,21799.9042666667,True
2025-04-01,Katsina,LPG_REFILL_12_5KG_NGN,18193.8083333333,True
2025-04-01,Kebbi,LPG_REFILL_12_5KG_NGN,18080.272,True
2025-04-01,Kogi,LPG_REFILL_12_5KG_NGN,19988.0,True
2025-04-01,Kwara,LPG_REFILL_12_5KG_NGN,18173.673210055,True
2025-04-01,Lagos,LPG_REFILL_12_5KG_NGN,18944.058666666664,True
2025-04-01,Nasarawa,LPG_REFILL_12_5KG_NGN,18106.846826214,True
2025-04-01,Niger,LPG_REFILL_12_5KG_NGN,19265.3648838714,True
2025-04-01,Ogun,LPG_REFILL_12_5KG_NGN,20193.08125,True
2025-04-01,Ondo,LPG_REFILL_12_5KG_NGN,19143.812666666665,True
2025-04-01,Osun,LPG_REFILL_12_5KG_NGN,20995.611,True
2025-04-01,Oyo,LPG_REFILL_12_5KG_NGN,19432.437142857143,True
2025-04-01,Plateau,LPG_REFILL_12_5KG_NGN,20037.1679824964,True
2025-04-01,Rivers,LPG_REFILL_12_5KG_NGN,22759.56075,True
2025-04-01,Sokoto,LPG_REFILL_12_5KG_NGN,20699.425,True
2025-04-01,Taraba,LPG_REFILL_12_5KG_NGN,22010.2671875,True
2025-04-01,Yobe,LPG_REFILL_12_5KG_NGN,18488.666666666668,True
2025-04-01,Zamfara,LPG_REFILL_12_5KG_NGN,20717.579,True
2025-05-01,Abia,LPG_REFILL_12_5KG_NGN,22953.0091207173,True
2025-05-01,Abuja,LPG_REFILL_12_5KG_NGN,20635.898924,True
2025-05-01,Adamawa,LPG_REFILL_12_5KG_NGN,21712.5775,True
2025-05-01,Akwa Ibom,LPG_REFILL_12_5KG_NGN,20797.3318875,True
2025-05-01,Anambra,LPG_REFILL_12_5KG_NGN,21093.8256478917,True
2025-05-01,Bauchi,LPG_REFILL_12_5KG_NGN,20535.084375,True
2025-05-01,Bayelsa,LPG_REFILL_12_5KG_NGN,22147.9865,True
2025-05-01,Benue,LPG_REFILL_12_5KG_NGN,21686.6007153846,True
2025-05-01,Borno,LPG_REFILL_12_5KG_NGN,20900.8169833333,True
2025-05-01,Cross River,LPG_REFILL_12_5KG_NGN,22571.4561,True
2025-05-01,Delta,LPG_REFILL_12_5KG_NGN,23356.4565333333,True
2025-05-01,Ebonyi,LPG_REFILL_12_5KG_NGN,22943.30299929,True
2025-05-01,Edo,LPG_REFILL_12_5KG_NGN,20348.3504,True
2025-05-01,Ekiti,LPG_REFILL_12_5KG_NGN,20137.2719895,True
2025-05-01,Enugu,LPG_REFILL_12_5KG_NGN,20489.0959875,True
2025-05-01,Gombe,LPG_REFILL_12_5KG_NGN,20666.69094075,True
2025-05-01,Imo,LPG_REFILL_12_5KG_NGN,21579.5440233333,True
2025-05-01,Jigawa,LPG_REFILL_12_5KG_NGN,20699.4740972222,True
2025-05-01,Kaduna,LPG_REFILL_12_5KG_NGN,20454.32011,True
2025-05-01,Kano,LPG_REFILL_12_5KG_NGN,20881.5565733333,True
2025-05-01,Katsina,LPG_REFILL_12_5KG_NGN,19111.51125,True
2025-05-01,Kebbi,LPG_REFILL_12_5KG_NGN,18606.5985142857,True
2025-05-01,Kogi,LPG_REFILL_12_5KG_NGN,19386.2,True
2025-05-01,Kwara,LPG_REFILL_12_5KG_NGN,19159.7241915633,True
2025-05-01,Lagos,LPG_REFILL_12_5KG_NGN,18535.9954666667,True
2025-05-01,Nasarawa,LPG_REFILL_12_5KG_NGN,19122.8738501461,True
2025-05-01,Niger,LPG_REFILL_12_5KG_NGN,20355.1696164521,True
2025-05-01,Ogun,LPG_REFILL_12_5KG_NGN,20097.0434375,True
2025-05-01,Ondo,LPG_REFILL_12_5KG_NGN,20390.3845666667,True
2025-05-01,Osun,LPG_REFILL_12_5KG_NGN,20243.90905,True
2025-05-01,Oyo,LPG_REFILL_12_5KG_NGN,20291.2268357143,True
2025-05-01,Plateau,LPG_REFILL_12_5KG_NGN,20442.7431798709,True
2025-05-01,Rivers,LPG_REFILL_12_5KG_NGN,22935.9948625,True
2025-05-01,Sokoto,LPG_REFILL_12_5KG_NGN,20304.33875,True
2025-05-01,Taraba,LPG_REFILL_12_5KG_NGN,22611.807265625,True
2025-05-01,Yobe,LPG_REFILL_12_5KG_NGN,18500.0,True
2025-05-01,Zamfara,LPG_REFILL_12_5KG_NGN,19550.91478,True
2025-06-01,Abia,LPG_REFILL_12_5KG_NGN,21659.2955729466,True
2025-06-01,Abuja,LPG_REFILL_12_5KG_NGN,20302.15567652,True
2025-06-01,Adamawa,LPG_REFILL_12_5KG_NGN,22825.281825,True
2025-06-01,Akwa Ibom,LPG_REFILL_12_5KG_NGN,20974.155721625,True
2025-06-01,Anambra,LPG_REFILL_12_5KG_NGN,21555.4055469067,True
2025-06-01,Bauchi,LPG_REFILL_12_5KG_NGN,20558.15378125,True
2025-06-01,Bayelsa,LPG_REFILL_12_5KG_NGN,22622.023395,True
2025-06-01,Benue,LPG_REFILL_12_5KG_NGN,21079.4599395385,True
2025-06-01,Borno,LPG_REFILL_12_5KG_NGN,20628.0048895,True
2025-06-01,Cross River,LPG_REFILL_12_5KG_NGN,22982.891003,True
2025-06-01,Delta,LPG_REFILL_12_5KG_NGN,23108.441536,True
2025-06-01,Ebonyi,LPG_REFILL_12_5KG_NGN,22600.2626891267,True
2025-06-01,Edo,LPG_REFILL_12_5KG_NGN,20415.6899586667,True
2025-06-01,Ekiti,LPG_REFILL_12_5KG_NGN,20509.157047085,True
2025-06-01,Enugu,LPG_REFILL_12_5KG_NGN,20691.519870875,True
2025-06-01,Gombe,LPG_REFILL_12_5KG_NGN,20800.0298571225,True
2025-06-01,Imo,LPG_REFILL_12_5KG_NGN,21612.8391487,True
2025-06-01,Jigawa,LPG_REFILL_12_5KG_NGN,20025.9409173611,True
2025-06-01,Kaduna,LPG_REFILL_12_5KG_NGN,20998.8137353,True
2025-06-01,Kano,LPG_REFILL_12_5KG_NGN,20064.3145852,True
2025-06-01,Katsina,LPG_REFILL_12_5KG_NGN,20168.7573375,True
2025-06-01,Kebbi,LPG_REFILL_12_5KG_NGN,20036.1161725714,True
2025-06-01,Kogi,LPG_REFILL_12_5KG_NGN,20765.026,True
2025-06-01,Kwara,LPG_REFILL_12_5KG_NGN,20946.4607556228,True
2025-06-01,Lagos,LPG_REFILL_12_5KG_NGN,20719.274424,True
2025-06-01,Nasarawa,LPG_REFILL_12_5KG_NGN,20940.2568114897,True
2025-06-01,Niger,LPG_REFILL_12_5KG_NGN,19242.4787744278,True
2025-06-01,Ogun,LPG_REFILL_12_5KG_NGN,20442.14419375,True
2025-06-01,Ondo,LPG_REFILL_12_5KG_NGN,20540.173017,True
2025-06-01,Osun,LPG_REFILL_12_5KG_NGN,20145.537869,True
2025-06-01,Oyo,LPG_REFILL_12_5KG_NGN,20058.2248657857,True
2025-06-01,Plateau,LPG_REFILL_12_5KG_NGN,20166.7812540983,True
2025-06-01,Rivers,LPG_REFILL_12_5KG_NGN,22971.273680875,True
2025-06-01,Sokoto,LPG_REFILL_12_5KG_NGN,20424.3366625,True
2025-06-01,Taraba,LPG_REFILL_12_5KG_NGN,22509.3979367188,True
2025-06-01,Yobe,LPG_REFILL_12_5KG_NGN,19000.0,True
2025-06-01,Zamfara,LPG_REFILL_12_5KG_NGN,22300.556754400004,True
2025-07-01,Abia,LPG_REFILL_12_5KG_NGN,21000.0,True
2025-07-01,Abuja,LPG_REFILL_12_5KG_NGN,20100.0,True
2025-07-01,Adamawa,LPG_REFILL_12_5KG_NGN,22528.3912934833,True
2025-07-01,Akwa Ibom,LPG_REFILL_12_5KG_NGN,20570.2836505359,True
2025-07-01,Anambra,LPG_REFILL_12_5KG_NGN,21311.0922339142,True
2025-07-01,Bauchi,LPG_REFILL_12_5KG_NGN,20112.9488195938,True
2025-07-01,Bayelsa,LPG_REFILL_12_5KG_NGN,22263.953259,True
2025-07-01,Benue,LPG_REFILL_12_5KG_NGN,21006.5111845884,True
2025-07-01,Borno,LPG_REFILL_12_5KG_NGN,20115.8267583062,True
2025-07-01,Cross River,LPG_REFILL_12_5KG_NGN,22016.8360802981,True
2025-07-01,Delta,LPG_REFILL_12_5KG_NGN,20240.510768,True
2025-07-01,Ebonyi,LPG_REFILL_12_5KG_NGN,21271.8638164012,True
2025-07-01,Edo,LPG_REFILL_12_5KG_NGN,20064.7859512525,True
2025-07-01,Ekiti,LPG_REFILL_12_5KG_NGN,20291.7888384674,True
2025-07-01,Enugu,LPG_REFILL_12_5KG_NGN,20367.4771302334,True
2025-07-01,Gombe,LPG_REFILL_12_5KG_NGN,20128.1928995822,True
2025-07-01,Imo,LPG_REFILL_12_5KG_NGN,20064.0092793592,True
2025-07-01,Jigawa,LPG_REFILL_12_5KG_NGN,20026.6932867374,True
2025-07-01,Kaduna,LPG_REFILL_12_5KG_NGN,20661.85716765,True
2025-07-01,Kano,LPG_REFILL_12_5KG_NGN,21925.8267354766,True
2025-07-01,Katsina,LPG_REFILL_12_5KG_NGN,20050.2154076479,True
2025-07-01,Kebbi,LPG_REFILL_12_5KG_NGN,20021.0834227304,True
2025-07-01,Kogi,LPG_REFILL_12_5KG_NGN,20555.018028,True
2025-07-01,Kwara,LPG_REFILL_12_5KG_NGN,20425.0197715632,True
2025-07-01,Lagos,LPG_REFILL_12_5KG_NGN,20298.2548991,True
2025-07-01,Nasarawa,LPG_REFILL_12_5KG_NGN,20000.6203635282,True
2025-07-01,Niger,LPG_REFILL_12_5KG_NGN,19154.9913670114,True
2025-07-01,Ogun,LPG_REFILL_12_5KG_NGN,20332.7280937297,True
2025-07-01,Ondo,LPG_REFILL_12_5KG_NGN,20118.5670091683,True
2025-07-01,Osun,LPG_REFILL_12_5KG_NGN,20050.81258865,True
2025-07-01,Oyo,LPG_REFILL_12_5KG_NGN,20016.5863137254,True
2025-07-01,Plateau,LPG_REFILL_12_5KG_NGN,20137.3667624762,True
2025-07-01,Rivers,LPG_REFILL_12_5KG_NGN,22512.49493483,True
2025-07-01,Sokoto,LPG_REFILL_12_5KG_NGN,20344.438456875,True
2025-07-01,Taraba,LPG_REFILL_12_5KG_NGN,22363.5734495313,True
2025-07-01,Yobe,LPG_REFILL_12_5KG_NGN,19030.0,True
2025-07-01,Zamfara,LPG_REFILL_12_5KG_NGN,21070.2042070787,True
2025-08-01,Abia,LPG_REFILL_12_5KG_NGN,16638.333333333332,True
2025-08-01,Abuja,LPG_REFILL_12_5KG_NGN,16794.92375,True
2025-08-01,Adamawa,LPG_REFILL_12_5KG_NGN,16872.4,True
2025-08-01,Akwa Ibom,LPG_REFILL_12_5KG_NGN,16505.4285714286,True
2025-08-01,Anambra,LPG_REFILL_12_5KG_NGN,16522.14285714286,True
2025-08-01,Bauchi,LPG_REFILL_12_5KG_NGN,16484.375,True
2025-08-01,Bayelsa,LPG_REFILL_12_5KG_NGN,16527.5,True
2025-08-01,Benue,LPG_REFILL_12_5KG_NGN,15102.5,True
2025-08-01,Borno,LPG_REFILL_12_5KG_NGN,15176.39,True
2025-08-01,Cross River,LPG_REFILL_12_5KG_NGN,15563.89,True
2025-08-01,Delta,LPG_REFILL_12_5KG_NGN,16343.75,True
2025-08-01,Ebonyi,LPG_REFILL_12_5KG_NGN,16859.1666666667,True
2025-08-01,Edo,LPG_REFILL_12_5KG_NGN,16212.5,True
2025-08-01,Ekiti,LPG_REFILL_12_5KG_NGN,15657.5,True
2025-08-01,Enugu,LPG_REFILL_12_5KG_NGN,16525.833333333332,True
2025-08-01,Gombe,LPG_REFILL_12_5KG_NGN,16321.0916666667,True
2025-08-01,Imo,LPG_REFILL_12_5KG_NGN,15177.578,True
2025-08-01,Jigawa,LPG_REFILL_12_5KG_NGN,16120.0975,True
2025-08-01,Kaduna,LPG_REFILL_12_5KG_NGN,16153.7966666667,True
2025-08-01,Kano,LPG_REFILL_12_5KG_NGN,16487.758333333335,True
2025-08-01,Katsina,LPG_REFILL_12_5KG_NGN,16363.0357142857,True
2025-08-01,Kebbi,LPG_REFILL_12_5KG_NGN,16142.9166666667,True
2025-08-01,Kogi,LPG_REFILL_12_5KG_NGN,15904.5,True
2025-08-01,Kwara,LPG_REFILL_12_5KG_NGN,16018.125,True
2025-08-01,Lagos,LPG_REFILL_12_5KG_NGN,16363.035714285714,True
2025-08-01,Nasarawa,LPG_REFILL_12_5KG_NGN,15765.2371428571,True
2025-08-01,Niger,LPG_REFILL_12_5KG_NGN,16106.25,True
2025-08-01,Ogun,LPG_REFILL_12_5KG_NGN,15204.4285714286,True
2025-08-01,Ondo,LPG_REFILL_12_5KG_NGN,15801.5,True
2025-08-01,Osun,LPG_REFILL_12_5KG_NGN,16542.166666666668,True
2025-08-01,Oyo,LPG_REFILL_12_5KG_NGN,15622.38,True
2025-08-01,Plateau,LPG_REFILL_12_5KG_NGN,16761.06,True
2025-08-01,Rivers,LPG_REFILL_12_5KG_NGN,16216.2314285714,True
2025-08-01,Sokoto,LPG_REFILL_12_5KG_NGN,16398.8571428571,True
2025-08-01,Taraba,LPG_REFILL_12_5KG_NGN,16232.7955555556,True
2025-08-01,Yobe,LPG_REFILL_12_5KG_NGN,16887.42,True
2025-08-01,Zamfara,LPG_REFILL_12_5KG_NGN,16840.60125,True
2025-09-01,Abia,LPG_REFILL_12_5KG_NGN,16672.986666666668,True
2025-09-01,Abuja,LPG_REFILL_12_5KG_NGN,16785.847775,True
2025-09-01,Adamawa,LPG_REFILL_12_5KG_NGN,16600.426,True
2025-09-01,Akwa Ibom,LPG_REFILL_12_5KG_NGN,16764.0107142857,True
2025-09-01,Anambra,LPG_REFILL_12_5KG_NGN,16286.860714285713,True
2025-09-01,Bauchi,LPG_REFILL_12_5KG_NGN,16348.2875,True
2025-09-01,Bayelsa,LPG_REFILL_12_5KG_NGN,16198.11,True
2025-09-01,Benue,LPG_REFILL_12_5KG_NGN,15120.396875,True
2025-09-01,Borno,LPG_REFILL_12_5KG_NGN,15179.75,True
2025-09-01,Cross River,LPG_REFILL_12_5KG_NGN,15454.861,True
2025-09-01,Delta,LPG_REFILL_12_5KG_NGN,16454.6381818182,True
2025-09-01,Ebonyi,LPG_REFILL_12_5KG_NGN,16854.1142857143,True
2025-09-01,Edo,LPG_REFILL_12_5KG_NGN,16511.875,True
2025-09-01,Ekiti,LPG_REFILL_12_5KG_NGN,15651.9068,True
2025-09-01,Enugu,LPG_REFILL_12_5KG_NGN,16514.066666666666,True
2025-09-01,Gombe,LPG_REFILL_12_5KG_NGN,16460.3618666667,True
2025-09-01,Imo,LPG_REFILL_12_5KG_NGN,15042.8333333333,True
2025-09-01,Jigawa,LPG_REFILL_12_5KG_NGN,16137.475,True
2025-09-01,Kaduna,LPG_REFILL_12_5KG_NGN,16148.8925,True
2025-09-01,Kano,LPG_REFILL_12_5KG_NGN,16213.899166666668,True
2025-09-01,Katsina,LPG_REFILL_12_5KG_NGN,16200.15852,True
2025-09-01,Kebbi,LPG_REFILL_12_5KG_NGN,16197.69555,True
2025-09-01,Kogi,LPG_REFILL_12_5KG_NGN,15730.7207333333,True
2025-09-01,Kwara,LPG_REFILL_12_5KG_NGN,16060.2277777778,True
2025-09-01,Lagos,LPG_REFILL_12_5KG_NGN,16135.589285714286,True
2025-09-01,Nasarawa,LPG_REFILL_12_5KG_NGN,15609.6716,True
2025-09-01,Niger,LPG_REFILL_12_5KG_NGN,16108.0583333333,True
2025-09-01,Ogun,LPG_REFILL_12_5KG_NGN,15526.41,True
2025-09-01,Ondo,LPG_REFILL_12_5KG_NGN,15810.3291666667,True
2025-09-01,Osun,LPG_REFILL_12_5KG_NGN,16482.9666666667,True
2025-09-01,Oyo,LPG_REFILL_12_5KG_NGN,15730.779542857144,True
2025-09-01,Plateau,LPG_REFILL_12_5KG_NGN,16534.125,True
2025-09-01,Rivers,LPG_REFILL_12_5KG_NGN,16205.34,True
2025-09-01,Sokoto,LPG_REFILL_12_5KG_NGN,16236.095,True
2025-09-01,Taraba,LPG_REFILL_12_5KG_NGN,16238.2122666667,True
2025-09-01,Yobe,LPG_REFILL_12_5KG_NGN,16748.7916666667,True
2025-09-01,Zamfara,LPG_REFILL_12_5KG_NGN,16781.58625,True
2025-10-01,Abia,LPG_REFILL_12_5KG_NGN,18786.27025,True
2025-10-01,Abuja,LPG_REFILL_12_5KG_NGN,18236.42225,True
2025-10-01,Adamawa,LPG_REFILL_12_5KG_NGN,18866.6757,True
2025-10-01,Akwa Ibom,LPG_REFILL_12_5KG_NGN,17783.7933571429,True
2025-10-01,Anambra,LPG_REFILL_12_5KG_NGN,17787.4092857143,True
2025-10-01,Bauchi,LPG_REFILL_12_5KG_NGN,18475.3555,True
2025-10-01,Bayelsa,LPG_REFILL_12_5KG_NGN,18269.0718333333,True
2025-10-01,Benue,LPG_REFILL_12_5KG_NGN,19150.7956875,True
2025-10-01,Borno,LPG_REFILL_12_5KG_NGN,19391.56875,True
2025-10-01,Cross River,LPG_REFILL_12_5KG_NGN,18354.07475,True
2025-10-01,Delta,LPG_REFILL_12_5KG_NGN,18233.5622727273,True
2025-10-01,Ebonyi,LPG_REFILL_12_5KG_NGN,17610.8842142857,True
2025-10-01,Edo,LPG_REFILL_12_5KG_NGN,17865.4865,True
2025-10-01,Ekiti,LPG_REFILL_12_5KG_NGN,17905.5412857143,True
2025-10-01,Enugu,LPG_REFILL_12_5KG_NGN,18700.079,True
2025-10-01,Gombe,LPG_REFILL_12_5KG_NGN,18624.3635555556,True
2025-10-01,Imo,LPG_REFILL_12_5KG_NGN,18417.6408333333,True
2025-10-01,Jigawa,LPG_REFILL_12_5KG_NGN,19046.085375,True
2025-10-01,Kaduna,LPG_REFILL_12_5KG_NGN,18972.6315,True
2025-10-01,Kano,LPG_REFILL_12_5KG_NGN,18543.7057916667,True
2025-10-01,Katsina,LPG_REFILL_12_5KG_NGN,18532.3936,True
2025-10-01,Kebbi,LPG_REFILL_12_5KG_NGN,19068.5795,True
2025-10-01,Kogi,LPG_REFILL_12_5KG_NGN,18774.6456666667,True
2025-10-01,Kwara,LPG_REFILL_12_5KG_NGN,18504.9411111111,True
2025-10-01,Lagos,LPG_REFILL_12_5KG_NGN,18504.2390714286,True
2025-10-01,Nasarawa,LPG_REFILL_12_5KG_NGN,18754.9628,True
2025-10-01,Niger,LPG_REFILL_12_5KG_NGN,19072.7456666667,True
2025-10-01,Ogun,LPG_REFILL_12_5KG_NGN,18774.321125,True
2025-10-01,Ondo,LPG_REFILL_12_5KG_NGN,19289.645,True
2025-10-01,Osun,LPG_REFILL_12_5KG_NGN,18859.7855,True
2025-10-01,Oyo,LPG_REFILL_12_5KG_NGN,18589.1465714286,True
2025-10-01,Plateau,LPG_REFILL_12_5KG_NGN,18839.900625,True
2025-10-01,Rivers,LPG_REFILL_12_5KG_NGN,18739.8827142857,True
2025-10-01,Sokoto,LPG_REFILL_12_5KG_NGN,19081.8085,True
2025-10-01,Taraba,LPG_REFILL_12_5KG_NGN,19025.6803333333,True
2025-10-01,Yobe,LPG_REFILL_12_5KG_NGN,19339.5146666667,True
2025-10-01,Zamfara,LPG_REFILL_12_5KG_NGN,18786.6974375,True
2025-11-01,Abia,LPG_REFILL_12_5KG_NGN,14381.3091675,True
2025-11-01,Abuja,LPG_REFILL_12_5KG_NGN,12804.9718075,True
2025-11-01,Adamawa,LPG_REFILL_12_5KG_NGN,13908.837599,True
2025-11-01,Akwa Ibom,LPG_REFILL_12_5KG_NGN,14203.375035,True
2025-11-01,Anambra,LPG_REFILL_12_5KG_NGN,13180.9840585714,True
2025-11-01,Bauchi,LPG_REFILL_12_5KG_NGN,12608.630385,True
2025-11-01,Bayelsa,LPG_REFILL_12_5KG_NGN,12737.9068616667,True
2025-11-01,Benue,LPG_REFILL_12_5KG_NGN,14078.795464375,True
2025-11-01,Borno,LPG_REFILL_12_5KG_NGN,13378.9785625,True
2025-11-01,Cross River,LPG_REFILL_12_5KG_NGN,12727.497795,True
2025-11-01,Delta,LPG_REFILL_12_5KG_NGN,14459.9116318182,True
2025-11-01,Ebonyi,LPG_REFILL_12_5KG_NGN,13158.8345378571,True
2025-11-01,Edo,LPG_REFILL_12_5KG_NGN,12536.070555,True
2025-11-01,Ekiti,LPG_REFILL_12_5KG_NGN,13628.9291757143,True
2025-11-01,Enugu,LPG_REFILL_12_5KG_NGN,14289.08453,True
2025-11-01,Gombe,LPG_REFILL_12_5KG_NGN,12175.0864266667,True
2025-11-01,Imo,LPG_REFILL_12_5KG_NGN,12626.8756916667,True
2025-11-01,Jigawa,LPG_REFILL_12_5KG_NGN,14659.31135125,True
2025-11-01,Kaduna,LPG_REFILL_12_5KG_NGN,14440.785195,True
2025-11-01,Kano,LPG_REFILL_12_5KG_NGN,13950.4824654167,True
2025-11-01,Katsina,LPG_REFILL_12_5KG_NGN,12319.661152,True
2025-11-01,Kebbi,LPG_REFILL_12_5KG_NGN,13793.380065,True
2025-11-01,Kogi,LPG_REFILL_12_5KG_NGN,13718.8708633333,True
2025-11-01,Kwara,LPG_REFILL_12_5KG_NGN,13849.7382,True
2025-11-01,Lagos,LPG_REFILL_12_5KG_NGN,13219.5358064286,True
2025-11-01,Nasarawa,LPG_REFILL_12_5KG_NGN,13446.529076,True
2025-11-01,Niger,LPG_REFILL_12_5KG_NGN,14232.9331966667,True
2025-11-01,Ogun,LPG_REFILL_12_5KG_NGN,13508.52360375,True
2025-11-01,Ondo,LPG_REFILL_12_5KG_NGN,14989.92015,True
2025-11-01,Osun,LPG_REFILL_12_5KG_NGN,14529.970485,True
2025-11-01,Oyo,LPG_REFILL_12_5KG_NGN,13510.3868314286,True
2025-11-01,Plateau,LPG_REFILL_12_5KG_NGN,13788.69366875,True
2025-11-01,Rivers,LPG_REFILL_12_5KG_NGN,13075.6745042857,True
2025-11-01,Sokoto,LPG_REFILL_12_5KG_NGN,12687.535095,True
2025-11-01,Taraba,LPG_REFILL_12_5KG_NGN,13283.4779566667,True
2025-11-01,Yobe,LPG_REFILL_12_5KG_NGN,13202.4443833333,True
2025-11-01,Zamfara,LPG_REFILL_12_5KG_NGN,13841.176445625,True
2025-12-01,Abia,LPG_REFILL_12_5KG_NGN,14489.958305975,True
2025-12-01,Abuja,LPG_REFILL_12_5KG_NGN,13337.903234775,True
2025-12-01,Adamawa,LPG_REFILL_12_5KG_NGN,13945.39064256,True
2025-12-01,Akwa Ibom,LPG_REFILL_12_5KG_NGN,14288.3184882857,True
2025-12-01,Anambra,LPG_REFILL_12_5KG_NGN,13190.6177368643,True
2025-12-01,Bauchi,LPG_REFILL_12_5KG_NGN,12614.08519865,True
2025-12-01,Bayelsa,LPG_REFILL_12_5KG_NGN,12620.4743459833,True
2025-12-01,Benue,LPG_REFILL_12_5KG_NGN,13053.8066066375,True
2025-12-01,Borno,LPG_REFILL_12_5KG_NGN,13750.111835625,True
2025-12-01,Cross River,LPG_REFILL_12_5KG_NGN,13227.497222725,True
2025-12-01,Delta,LPG_REFILL_12_5KG_NGN,14393.1657488864,True
2025-12-01,Ebonyi,LPG_REFILL_12_5KG_NGN,13509.37722315,True
2025-12-01,Edo,LPG_REFILL_12_5KG_NGN,12262.525538625,True
2025-12-01,Ekiti,LPG_REFILL_12_5KG_NGN,13648.4789980643,True
2025-12-01,Enugu,LPG_REFILL_12_5KG_NGN,14209.2752961667,True
2025-12-01,Gombe,LPG_REFILL_12_5KG_NGN,12214.0880117944,True
2025-12-01,Imo,LPG_REFILL_12_5KG_NGN,12924.7217707917,True
2025-12-01,Jigawa,LPG_REFILL_12_5KG_NGN,14162.7140512,True
2025-12-01,Kaduna,LPG_REFILL_12_5KG_NGN,14296.65015835,True
2025-12-01,Kano,LPG_REFILL_12_5KG_NGN,13947.7470168917,True
2025-12-01,Katsina,LPG_REFILL_12_5KG_NGN,12139.48804344,True
2025-12-01,Kebbi,LPG_REFILL_12_5KG_NGN,13420.2626235,True
2025-12-01,Kogi,LPG_REFILL_12_5KG_NGN,13622.676218,True
2025-12-01,Kwara,LPG_REFILL_12_5KG_NGN,13597.3349967667,True
2025-12-01,Lagos,LPG_REFILL_12_5KG_NGN,13207.7067295714,True
2025-12-01,Nasarawa,LPG_REFILL_12_5KG_NGN,13514.47709452,True
2025-12-01,Niger,LPG_REFILL_12_5KG_NGN,13039.6459242,True
2025-12-01,Ogun,LPG_REFILL_12_5KG_NGN,13342.1496563,True
2025-12-01,Ondo,LPG_REFILL_12_5KG_NGN,13181.8056109583,True
2025-12-01,Osun,LPG_REFILL_12_5KG_NGN,14444.5047569667,True
2025-12-01,Oyo,LPG_REFILL_12_5KG_NGN,13689.7978442714,True
2025-12-01,Plateau,LPG_REFILL_12_5KG_NGN,13660.8764322125,True
2025-12-01,Rivers,LPG_REFILL_12_5KG_NGN,13052.0281345643,True
2025-12-01,Sokoto,LPG_REFILL_12_5KG_NGN,12745.60960862,True
2025-12-01,Taraba,LPG_REFILL_12_5KG_NGN,13305.5505264667,True
2025-12-01,Yobe,LPG_REFILL_12_5KG_NGN,13205.7004030833,True
2025-12-01,Zamfara,LPG_REFILL_12_5KG_NGN,13982.8752552063,True
2026-01-01,Abia,LPG_REFILL_12_5KG_NGN,14572.9355498434,True
2026-01-01,Abuja,LPG_REFILL_12_5KG_NGN,13193.65625,True
2026-01-01,Adamawa,LPG_REFILL_12_5KG_NGN,13386.0,True
2026-01-01,Akwa Ibom,LPG_REFILL_12_5KG_NGN,14474.6233284372,True
2026-01-01,Anambra,LPG_REFILL_12_5KG_NGN,13446.49887757,True
2026-01-01,Bauchi,LPG_REFILL_12_5KG_NGN,12385.0,True
2026-01-01,Bayelsa,LPG_REFILL_12_5KG_NGN,12229.6640476633,True
2026-01-01,Benue,LPG_REFILL_12_5KG_NGN,13198.5605357475,True
2026-01-01,Borno,LPG_REFILL_12_5KG_NGN,13296.875,True
2026-01-01,Cross River,LPG_REFILL_12_5KG_NGN,13472.833723185,True
2026-01-01,Delta,LPG_REFILL_12_5KG_NGN,14407.9992857264,True
2026-01-01,Ebonyi,LPG_REFILL_12_5KG_NGN,13208.99887757,True
2026-01-01,Edo,LPG_REFILL_12_5KG_NGN,12586.9033247651,True
2026-01-01,Ekiti,LPG_REFILL_12_5KG_NGN,14012.0168599792,True
2026-01-01,Enugu,LPG_REFILL_12_5KG_NGN,14464.5833333333,True
2026-01-01,Gombe,LPG_REFILL_12_5KG_NGN,12779.0321649912,True
2026-01-01,Imo,LPG_REFILL_12_5KG_NGN,13081.3320238317,True
2026-01-01,Jigawa,LPG_REFILL_12_5KG_NGN,14732.1875,True
2026-01-01,Kaduna,LPG_REFILL_12_5KG_NGN,14431.75,True
2026-01-01,Kano,LPG_REFILL_12_5KG_NGN,13284.1666666667,True
2026-01-01,Katsina,LPG_REFILL_12_5KG_NGN,12534.5,True
2026-01-01,Kebbi,LPG_REFILL_12_5KG_NGN,13056.1476621136,True
2026-01-01,Kogi,LPG_REFILL_12_5KG_NGN,14004.1666666667,True
2026-01-01,Kwara,LPG_REFILL_12_5KG_NGN,13981.6935714433,True
2026-01-01,Lagos,LPG_REFILL_12_5KG_NGN,14114.0345918557,True
2026-01-01,Nasarawa,LPG_REFILL_12_5KG_NGN,14029.9,True
2026-01-01,Niger,LPG_REFILL_12_5KG_NGN,13268.4195835086,True
2026-01-01,Ogun,LPG_REFILL_12_5KG_NGN,13737.5,True
2026-01-01,Ondo,LPG_REFILL_12_5KG_NGN,13250.2916666667,True
2026-01-01,Osun,LPG_REFILL_12_5KG_NGN,14045.6236904983,True
2026-01-01,Oyo,LPG_REFILL_12_5KG_NGN,13686.4285714286,True
2026-01-01,Plateau,LPG_REFILL_12_5KG_NGN,13805.0,True
2026-01-01,Rivers,LPG_REFILL_12_5KG_NGN,13550.4487384837,True
2026-01-01,Sokoto,LPG_REFILL_12_5KG_NGN,12520.9,True
2026-01-01,Taraba,LPG_REFILL_12_5KG_NGN,13916.6666666667,True
2026-01-01,Yobe,LPG_REFILL_12_5KG_NGN,13777.6666666667,True
2026-01-01,Zamfara,LPG_REFILL_12_5KG_NGN,13462.3125,True
2026-02-01,Abia,LPG_REFILL_12_5KG_NGN,17181.67,True
2026-02-01,Abuja,LPG_REFILL_12_5KG_NGN,16387.5,True
2026-02-01,Adamawa,LPG_REFILL_12_5KG_NGN,17139.43,True
2026-02-01,Akwa Ibom,LPG_REFILL_12_5KG_NGN,17135.29,True
2026-02-01,Anambra,LPG_REFILL_12_5KG_NGN,17099.16,True
2026-02-01,Bauchi,LPG_REFILL_12_5KG_NGN,16121.96,True
2026-02-01,Bayelsa,LPG_REFILL_12_5KG_NGN,14886.48,True
2026-02-01,Benue,LPG_REFILL_12_5KG_NGN,16296.69,True
2026-02-01,Borno,LPG_REFILL_12_5KG_NGN,17147.22,True
2026-02-01,Cross River,LPG_REFILL_12_5KG_NGN,15724.259999999998,True
2026-02-01,Delta,LPG_REFILL_12_5KG_NGN,17048.45,True
2026-02-01,Ebonyi,LPG_REFILL_12_5KG_NGN,16584.17,True
2026-02-01,Edo,LPG_REFILL_12_5KG_NGN,14635.0,True
2026-02-01,Ekiti,LPG_REFILL_12_5KG_NGN,17269.99,True
2026-02-01,Enugu,LPG_REFILL_12_5KG_NGN,18372.79,True
2026-02-01,Gombe,LPG_REFILL_12_5KG_NGN,16550.66,True
2026-02-01,Imo,LPG_REFILL_12_5KG_NGN,16173.38,True
2026-02-01,Jigawa,LPG_REFILL_12_5KG_NGN,19053.17,True
2026-02-01,Kaduna,LPG_REFILL_12_5KG_NGN,18855.25,True
2026-02-01,Kano,LPG_REFILL_12_5KG_NGN,16597.56,True
2026-02-01,Katsina,LPG_REFILL_12_5KG_NGN,16268.35,True
2026-02-01,Kebbi,LPG_REFILL_12_5KG_NGN,16887.12,True
2026-02-01,Kogi,LPG_REFILL_12_5KG_NGN,17571.29,True
2026-02-01,Kwara,LPG_REFILL_12_5KG_NGN,17373.53,True
2026-02-01,Lagos,LPG_REFILL_12_5KG_NGN,18098.73,True
2026-02-01,Nasarawa,LPG_REFILL_12_5KG_NGN,17601.7,True
2026-02-01,Niger,LPG_REFILL_12_5KG_NGN,16392.2,True
2026-02-01,Ogun,LPG_REFILL_12_5KG_NGN,16824.59,True
2026-02-01,Ondo,LPG_REFILL_12_5KG_NGN,16847.49,True
2026-02-01,Osun,LPG_REFILL_12_5KG_NGN,17683.74,True
2026-02-01,Oyo,LPG_REFILL_12_5KG_NGN,17392.38,True
2026-02-01,Plateau,LPG_REFILL_12_5KG_NGN,17660.23,True
2026-02-01,Rivers,LPG_REFILL_12_5KG_NGN,16266.44,True
2026-02-01,Sokoto,LPG_REFILL_12_5KG_NGN,16386.27,True
2026-02-01,Taraba,LPG_REFILL_12_5KG_NGN,17944.44,True
2026-02-01,Yobe,LPG_REFILL_12_5KG_NGN,17912.93,True
2026-02-01,Zamfara,LPG_REFILL_12_5KG_NGN,17552.44,True
2026-03-01,Abia,LPG_REFILL_12_5KG_NGN,17638.5811298169,True
2026-03-01,Abuja,LPG_REFILL_12_5KG_NGN,18942.034146224,True
2026-03-01,Adamawa,LPG_REFILL_12_5KG_NGN,21390.8569287241,True
2026-03-01,Akwa Ibom,LPG_REFILL_12_5KG_NGN,22816.7420956204,True
2026-03-01,Anambra,LPG_REFILL_12_5KG_NGN,16948.7425263945,True
2026-03-01,Bauchi,LPG_REFILL_12_5KG_NGN,15738.502982275,True
2026-03-01,Bayelsa,LPG_REFILL_12_5KG_NGN,20166.915124391,True
2026-03-01,Benue,LPG_REFILL_12_5KG_NGN,19272.5172143999,True
2026-03-01,Borno,LPG_REFILL_12_5KG_NGN,22413.0557116755,True
2026-03-01,Cross River,LPG_REFILL_12_5KG_NGN,18507.0641415335,True
2026-03-01,Delta,LPG_REFILL_12_5KG_NGN,18520.3439258716,True
2026-03-01,Ebonyi,LPG_REFILL_12_5KG_NGN,18367.7127474643,True
2026-03-01,Edo,LPG_REFILL_12_5KG_NGN,18263.5622854618,True
2026-03-01,Ekiti,LPG_REFILL_12_5KG_NGN,19223.6065086362,True
2026-03-01,Enugu,LPG_REFILL_12_5KG_NGN,20487.7216859287,True
2026-03-01,Gombe,LPG_REFILL_12_5KG_NGN,20160.5481487316,True
2026-03-01,Imo,LPG_REFILL_12_5KG_NGN,18720.3805830366,True
2026-03-01,Jigawa,LPG_REFILL_12_5KG_NGN,20256.7127924588,True
2026-03-01,Kaduna,LPG_REFILL_12_5KG_NGN,23030.5221612,True
2026-03-01,Kano,LPG_REFILL_12_5KG_NGN,20395.0814938102,True
2026-03-01,Katsina,LPG_REFILL_12_5KG_NGN,21703.2582998224,True
2026-03-01,Kebbi,LPG_REFILL_12_5KG_NGN,19674.8240253573,True
2026-03-01,Kogi,LPG_REFILL_12_5KG_NGN,19747.6749073335,True
2026-03-01,Kwara,LPG_REFILL_12_5KG_NGN,18165.3988308532,True
2026-03-01,Lagos,LPG_REFILL_12_5KG_NGN,22274.3268357427,True
2026-03-01,Nasarawa,LPG_REFILL_12_5KG_NGN,23418.1170690619,True
2026-03-01,Niger,LPG_REFILL_12_5KG_NGN,21653.4892399179,True
2026-03-01,Ogun,LPG_REFILL_12_5KG_NGN,18774.9146777948,True
2026-03-01,Ondo,LPG_REFILL_12_5KG_NGN,16495.2458990302,True
2026-03-01,Osun,LPG_REFILL_12_5KG_NGN,16143.3822002542,True
2026-03-01,Oyo,LPG_REFILL_12_5KG_NGN,18658.3048712107,True
2026-03-01,Plateau,LPG_REFILL_12_5KG_NGN,18688.7982050951,True
2026-03-01,Rivers,LPG_REFILL_12_5KG_NGN,18239.5761262409,True
2026-03-01,Sokoto,LPG_REFILL_12_5KG_NGN,18949.4692128058,True
2026-03-01,Taraba,LPG_REFILL_12_5KG_NGN,22006.9459130816,True
2026-03-01,Yobe,LPG_REFILL_12_5KG_NGN,20398.0194651843,True
2026-03-01,Zamfara,LPG_REFILL_12_5KG_NGN,20901.7629592247,True
2026-04-01,Abia,LPG_REFILL_12_5KG_NGN,20714.00506842552,True
2026-04-01,Abuja,LPG_REFILL_12_5KG_NGN,23387.659849825257,True
2026-04-01,Adamawa,LPG_REFILL_12_5KG_NGN,22507.978210396705,True
2026-04-01,Akwa Ibom,LPG_REFILL_12_5KG_NGN,24374.97295727886,True
2026-04-01,Anambra,LPG_REFILL_12_5KG_NGN,20511.89651150515,True
2026-04-01,Bauchi,LPG_REFILL_12_5KG_NGN,20178.8694051415,True
2026-04-01,Bayelsa,LPG_REFILL_12_5KG_NGN,23556.84216526443,True
2026-04-01,Benue,LPG_REFILL_12_5KG_NGN,22014.25528908349,True
2026-04-01,Borno,LPG_REFILL_12_5KG_NGN,22413.05571167554,True
2026-04-01,Cross River,LPG_REFILL_12_5KG_NGN,22682.23170012011,True
2026-04-01,Delta,LPG_REFILL_12_5KG_NGN,21335.876978457552,True
2026-04-01,Ebonyi,LPG_REFILL_12_5KG_NGN,21343.66381710376,True
2026-04-01,Edo,LPG_REFILL_12_5KG_NGN,21779.876868733827,True
2026-04-01,Ekiti,LPG_REFILL_12_5KG_NGN,21909.073204352007,True
2026-04-01,Enugu,LPG_REFILL_12_5KG_NGN,22113.2712576343,True
2026-04-01,Gombe,LPG_REFILL_12_5KG_NGN,24438.969210722225,True
2026-04-01,Imo,LPG_REFILL_12_5KG_NGN,20621.764169155067,True
2026-04-01,Jigawa,LPG_REFILL_12_5KG_NGN,22934.531376644394,True
2026-04-01,Kaduna,LPG_REFILL_12_5KG_NGN,22298.22664432033,True
2026-04-01,Kano,LPG_REFILL_12_5KG_NGN,22702.80333922461,True
2026-04-01,Katsina,LPG_REFILL_12_5KG_NGN,25596.71260873459,True
2026-04-01,Kebbi,LPG_REFILL_12_5KG_NGN,23604.00181461517,True
2026-04-01,Kogi,LPG_REFILL_12_5KG_NGN,24558.248782257942,True
2026-04-01,Kwara,LPG_REFILL_12_5KG_NGN,21833.139069175755,True
2026-04-01,Lagos,LPG_REFILL_12_5KG_NGN,24362.753198627364,True
2026-04-01,Nasarawa,LPG_REFILL_12_5KG_NGN,23629.259840774765,True
2026-04-01,Niger,LPG_REFILL_12_5KG_NGN,22068.48320191813,True
2026-04-01,Ogun,LPG_REFILL_12_5KG_NGN,19564.362862608054,True
2026-04-01,Ondo,LPG_REFILL_12_5KG_NGN,21848.72550827476,True
2026-04-01,Osun,LPG_REFILL_12_5KG_NGN,20572.701252990395,True
2026-04-01,Oyo,LPG_REFILL_12_5KG_NGN,21748.037193435957,True
2026-04-01,Plateau,LPG_REFILL_12_5KG_NGN,22565.985163032365,True
2026-04-01,Rivers,LPG_REFILL_12_5KG_NGN,20898.05021481314,True
2026-04-01,Sokoto,LPG_REFILL_12_5KG_NGN,22373.79700608301,True
2026-04-01,Taraba,LPG_REFILL_12_5KG_NGN,22598.0253424112,True
2026-04-01,Yobe,LPG_REFILL_12_5KG_NGN,23070.56505198428,True
2026-04-01,Zamfara,LPG_REFILL_12_5KG_NGN,23428.588833918824,True
2025-01-01,Abia,LPG_REFILL_5KG_NGN,6773.733272,False
2025-01-01,Abuja,LPG_REFILL_5KG_NGN,7150.0,False
2025-01-01,Adamawa,LPG_REFILL_5KG_NGN,6680.0,False
2025-01-01,Akwa Ibom,LPG_REFILL_5KG_NGN,7300.0,False
2025-01-01,Anambra,LPG_REFILL_5KG_NGN,6875.0,False
2025-01-01,Bauchi,LPG_REFILL_5KG_NGN,7320.0,False
2025-01-01,Bayelsa,LPG_REFILL_5KG_NGN,6870.0,False
2025-01-01,Benue,LPG_REFILL_5KG_NGN,7190.0,False
2025-01-01,Borno,LPG_REFILL_5KG_NGN,6756.0,False
2025-01-01,Cross River,LPG_REFILL_5KG_NGN,6990.0,False
2025-01-01,Delta,LPG_REFILL_5KG_NGN,6616.0,False
2025-01-01,Ebonyi,LPG_REFILL_5KG_NGN,7032.0,False
2025-01-01,Edo,LPG_REFILL_5KG_NGN,6964.44444444444,False
2025-01-01,Ekiti,LPG_REFILL_5KG_NGN,7092.799999999999,False
2025-01-01,Enugu,LPG_REFILL_5KG_NGN,7094.444444444439,False
2025-01-01,Gombe,LPG_REFILL_5KG_NGN,7260.0,False
2025-01-01,Imo,LPG_REFILL_5KG_NGN,7055.589970833321,False
2025-01-01,Jigawa,LPG_REFILL_5KG_NGN,7137.5,False
2025-01-01,Kaduna,LPG_REFILL_5KG_NGN,6787.5,False
2025-01-01,Kano,LPG_REFILL_5KG_NGN,6708.0,False
2025-01-01,Katsina,LPG_REFILL_5KG_NGN,6960.0,False
2025-01-01,Kebbi,LPG_REFILL_5KG_NGN,6397.5,False
2025-01-01,Kogi,LPG_REFILL_5KG_NGN,6677.333333333319,False
2025-01-01,Kwara,LPG_REFILL_5KG_NGN,6785.941994999999,False
2025-01-01,Lagos,LPG_REFILL_5KG_NGN,7466.66666666667,False
2025-01-01,Nasarawa,LPG_REFILL_5KG_NGN,7052.0,False
2025-01-01,Niger,LPG_REFILL_5KG_NGN,6660.0,False
2025-01-01,Ogun,LPG_REFILL_5KG_NGN,7022.85714285716,False
2025-01-01,Ondo,LPG_REFILL_5KG_NGN,6593.666666666681,False
2025-01-01,Osun,LPG_REFILL_5KG_NGN,7222.22222222224,False
2025-01-01,Oyo,LPG_REFILL_5KG_NGN,7285.714285714285,False
2025-01-01,Plateau,LPG_REFILL_5KG_NGN,7596.797074999999,False
2025-01-01,Rivers,LPG_REFILL_5KG_NGN,7504.444444444439,False
2025-01-01,Sokoto,LPG_REFILL_5KG_NGN,7006.666666666668,False
2025-01-01,Taraba,LPG_REFILL_5KG_NGN,8120.0,False
2025-01-01,Yobe,LPG_REFILL_5KG_NGN,7760.0,False
2025-01-01,Zamfara,LPG_REFILL_5KG_NGN,6750.0,False
2025-02-01,Abia,LPG_REFILL_5KG_NGN,6719.94527,True
2025-02-01,Abuja,LPG_REFILL_5KG_NGN,7020.0,True
2025-02-01,Adamawa,LPG_REFILL_5KG_NGN,6800.0,True
2025-02-01,Akwa Ibom,LPG_REFILL_5KG_NGN,7440.0,True
2025-02-01,Anambra,LPG_REFILL_5KG_NGN,6800.75,True
2025-02-01,Bauchi,LPG_REFILL_5KG_NGN,7380.0,True
2025-02-01,Bayelsa,LPG_REFILL_5KG_NGN,6900.0,True
2025-02-01,Benue,LPG_REFILL_5KG_NGN,7180.0,True
2025-02-01,Borno,LPG_REFILL_5KG_NGN,6888.0,True
2025-02-01,Cross River,LPG_REFILL_5KG_NGN,7030.0,True
2025-02-01,Delta,LPG_REFILL_5KG_NGN,6700.0,True
2025-02-01,Ebonyi,LPG_REFILL_5KG_NGN,7111.485000000001,True
2025-02-01,Edo,LPG_REFILL_5KG_NGN,7164.44444444444,True
2025-02-01,Ekiti,LPG_REFILL_5KG_NGN,7132.799999999999,True
2025-02-01,Enugu,LPG_REFILL_5KG_NGN,7206.44444444444,True
2025-02-01,Gombe,LPG_REFILL_5KG_NGN,7280.0,True
2025-02-01,Imo,LPG_REFILL_5KG_NGN,7111.66666666668,True
2025-02-01,Jigawa,LPG_REFILL_5KG_NGN,7377.5,True
2025-02-01,Kaduna,LPG_REFILL_5KG_NGN,6762.5,True
2025-02-01,Kano,LPG_REFILL_5KG_NGN,6710.0,True
2025-02-01,Katsina,LPG_REFILL_5KG_NGN,7000.0,True
2025-02-01,Kebbi,LPG_REFILL_5KG_NGN,6500.0,True
2025-02-01,Kogi,LPG_REFILL_5KG_NGN,6720.0,True
2025-02-01,Kwara,LPG_REFILL_5KG_NGN,6900.0,True
2025-02-01,Lagos,LPG_REFILL_5KG_NGN,7630.0,True
2025-02-01,Nasarawa,LPG_REFILL_5KG_NGN,7180.0,True
2025-02-01,Niger,LPG_REFILL_5KG_NGN,6580.0,True
2025-02-01,Ogun,LPG_REFILL_5KG_NGN,7102.85714285716,True
2025-02-01,Ondo,LPG_REFILL_5KG_NGN,6618.904761900001,True
2025-02-01,Osun,LPG_REFILL_5KG_NGN,7382.22222222224,True
2025-02-01,Oyo,LPG_REFILL_5KG_NGN,6857.142857142857,True
2025-02-01,Plateau,LPG_REFILL_5KG_NGN,7166.666666666665,True
2025-02-01,Rivers,LPG_REFILL_5KG_NGN,7544.444444444439,True
2025-02-01,Sokoto,LPG_REFILL_5KG_NGN,7120.0,True
2025-02-01,Taraba,LPG_REFILL_5KG_NGN,8250.0,True
2025-02-01,Yobe,LPG_REFILL_5KG_NGN,7800.0,True
2025-02-01,Zamfara,LPG_REFILL_5KG_NGN,6600.0,True
2025-03-01,Abia,LPG_REFILL_5KG_NGN,7508.0490627304,True
2025-03-01,Abuja,LPG_REFILL_5KG_NGN,7144.1904,True
2025-03-01,Adamawa,LPG_REFILL_5KG_NGN,7315.68,True
2025-03-01,Akwa Ibom,LPG_REFILL_5KG_NGN,8049.52,True
2025-03-01,Anambra,LPG_REFILL_5KG_NGN,7112.27314,True
2025-03-01,Bauchi,LPG_REFILL_5KG_NGN,7900.6,True
2025-03-01,Bayelsa,LPG_REFILL_5KG_NGN,7190.0,True
2025-03-01,Benue,LPG_REFILL_5KG_NGN,7508.103999999999,True
2025-03-01,Borno,LPG_REFILL_5KG_NGN,6895.84,True
2025-03-01,Cross River,LPG_REFILL_5KG_NGN,7473.69,True
2025-03-01,Delta,LPG_REFILL_5KG_NGN,7015.304,True
2025-03-01,Ebonyi,LPG_REFILL_5KG_NGN,7248.1328172,True
2025-03-01,Edo,LPG_REFILL_5KG_NGN,7774.35777777776,True
2025-03-01,Ekiti,LPG_REFILL_5KG_NGN,7195.7232,True
2025-03-01,Enugu,LPG_REFILL_5KG_NGN,7500.3622222222,True
2025-03-01,Gombe,LPG_REFILL_5KG_NGN,7518.912346000001,True
2025-03-01,Imo,LPG_REFILL_5KG_NGN,7988.05133333332,True
2025-03-01,Jigawa,LPG_REFILL_5KG_NGN,7042.772500000001,True
2025-03-01,Kaduna,LPG_REFILL_5KG_NGN,7332.535,True
2025-03-01,Kano,LPG_REFILL_5KG_NGN,7949.56,True
2025-03-01,Katsina,LPG_REFILL_5KG_NGN,7358.344999999999,True
2025-03-01,Kebbi,LPG_REFILL_5KG_NGN,6336.280000000001,True
2025-03-01,Kogi,LPG_REFILL_5KG_NGN,7266.080000000001,True
2025-03-01,Kwara,LPG_REFILL_5KG_NGN,6728.088,True
2025-03-01,Lagos,LPG_REFILL_5KG_NGN,7279.700000000001,True
2025-03-01,Nasarawa,LPG_REFILL_5KG_NGN,6864.52171451872,True
2025-03-01,Niger,LPG_REFILL_5KG_NGN,6831.549768914,True
2025-03-01,Ogun,LPG_REFILL_5KG_NGN,7195.582857142857,True
2025-03-01,Ondo,LPG_REFILL_5KG_NGN,6961.5929047561,True
2025-03-01,Osun,LPG_REFILL_5KG_NGN,7341.088888888889,True
2025-03-01,Oyo,LPG_REFILL_5KG_NGN,6684.30857142856,True
2025-03-01,Plateau,LPG_REFILL_5KG_NGN,6988.09333333332,True
2025-03-01,Rivers,LPG_REFILL_5KG_NGN,8085.9177777778,True
2025-03-01,Sokoto,LPG_REFILL_5KG_NGN,8157.380000000001,True
2025-03-01,Taraba,LPG_REFILL_5KG_NGN,8056.75,True
2025-03-01,Yobe,LPG_REFILL_5KG_NGN,7026.4,True
2025-03-01,Zamfara,LPG_REFILL_5KG_NGN,7106.77,True
2025-04-01,Abia,LPG_REFILL_5KG_NGN,8219.680191056961,True
2025-04-01,Abuja,LPG_REFILL_5KG_NGN,7699.443104,True
2025-04-01,Adamawa,LPG_REFILL_5KG_NGN,8040.60666666668,True
2025-04-01,Akwa Ibom,LPG_REFILL_5KG_NGN,8655.593700000001,True
2025-04-01,Anambra,LPG_REFILL_5KG_NGN,8397.852399266681,True
2025-04-01,Bauchi,LPG_REFILL_5KG_NGN,8068.725,True
2025-04-01,Bayelsa,LPG_REFILL_5KG_NGN,8590.604,True
2025-04-01,Benue,LPG_REFILL_5KG_NGN,8097.66713846152,True
2025-04-01,Borno,LPG_REFILL_5KG_NGN,7512.28973333332,True
2025-04-01,Cross River,LPG_REFILL_5KG_NGN,8442.245600000002,True
2025-04-01,Delta,LPG_REFILL_5KG_NGN,8132.68053333332,True
2025-04-01,Ebonyi,LPG_REFILL_5KG_NGN,8867.23582584,True
2025-04-01,Edo,LPG_REFILL_5KG_NGN,7761.74506666668,True
2025-04-01,Ekiti,LPG_REFILL_5KG_NGN,7299.920692,True
2025-04-01,Enugu,LPG_REFILL_5KG_NGN,8096.2073,True
2025-04-01,Gombe,LPG_REFILL_5KG_NGN,8175.370762,True
2025-04-01,Imo,LPG_REFILL_5KG_NGN,8175.49357333332,True
2025-04-01,Jigawa,LPG_REFILL_5KG_NGN,7268.41611111112,True
2025-04-01,Kaduna,LPG_REFILL_5KG_NGN,8153.67656,True
2025-04-01,Kano,LPG_REFILL_5KG_NGN,8419.96170666668,True
2025-04-01,Katsina,LPG_REFILL_5KG_NGN,7177.52333333332,True
2025-04-01,Kebbi,LPG_REFILL_5KG_NGN,7032.1088,True
2025-04-01,Kogi,LPG_REFILL_5KG_NGN,7595.2,True
2025-04-01,Kwara,LPG_REFILL_5KG_NGN,7369.469284022,True
2025-04-01,Lagos,LPG_REFILL_5KG_NGN,7477.62346666667,True
2025-04-01,Nasarawa,LPG_REFILL_5KG_NGN,7242.7387304856,True
2025-04-01,Niger,LPG_REFILL_5KG_NGN,7006.14595354856,True
2025-04-01,Ogun,LPG_REFILL_5KG_NGN,8177.2325,True
2025-04-01,Ondo,LPG_REFILL_5KG_NGN,7257.52506666667,True
2025-04-01,Osun,LPG_REFILL_5KG_NGN,8098.2444,True
2025-04-01,Oyo,LPG_REFILL_5KG_NGN,7072.97485714286,True
2025-04-01,Plateau,LPG_REFILL_5KG_NGN,7014.86719299856,True
2025-04-01,Rivers,LPG_REFILL_5KG_NGN,9103.8243,True
2025-04-01,Sokoto,LPG_REFILL_5KG_NGN,8179.77,True
2025-04-01,Taraba,LPG_REFILL_5KG_NGN,8404.106875,True
2025-04-01,Yobe,LPG_REFILL_5KG_NGN,7395.466666666667,True
2025-04-01,Zamfara,LPG_REFILL_5KG_NGN,8087.0316,True
2025-05-01,Abia,LPG_REFILL_5KG_NGN,9181.20364828692,True
2025-05-01,Abuja,LPG_REFILL_5KG_NGN,8254.3595696,True
2025-05-01,Adamawa,LPG_REFILL_5KG_NGN,8685.031,True
2025-05-01,Akwa Ibom,LPG_REFILL_5KG_NGN,8318.932755000002,True
2025-05-01,Anambra,LPG_REFILL_5KG_NGN,8437.53025915668,True
2025-05-01,Bauchi,LPG_REFILL_5KG_NGN,8214.03375,True
2025-05-01,Bayelsa,LPG_REFILL_5KG_NGN,8859.194599999999,True
2025-05-01,Benue,LPG_REFILL_5KG_NGN,8674.64028615384,True
2025-05-01,Borno,LPG_REFILL_5KG_NGN,8060.32679333332,True
2025-05-01,Cross River,LPG_REFILL_5KG_NGN,9028.58244,True
2025-05-01,Delta,LPG_REFILL_5KG_NGN,9042.58261333332,True
2025-05-01,Ebonyi,LPG_REFILL_5KG_NGN,9177.321199716,True
2025-05-01,Edo,LPG_REFILL_5KG_NGN,8139.34016,True
2025-05-01,Ekiti,LPG_REFILL_5KG_NGN,8054.908795800001,True
2025-05-01,Enugu,LPG_REFILL_5KG_NGN,8195.638395000002,True
2025-05-01,Gombe,LPG_REFILL_5KG_NGN,8266.6763763,True
2025-05-01,Imo,LPG_REFILL_5KG_NGN,8631.817609333319,True
2025-05-01,Jigawa,LPG_REFILL_5KG_NGN,7879.78963888888,True
2025-05-01,Kaduna,LPG_REFILL_5KG_NGN,8181.728044,True
2025-05-01,Kano,LPG_REFILL_5KG_NGN,8352.62262933332,True
2025-05-01,Katsina,LPG_REFILL_5KG_NGN,7644.6045,True
2025-05-01,Kebbi,LPG_REFILL_5KG_NGN,7442.63940571428,True
2025-05-01,Kogi,LPG_REFILL_5KG_NGN,7754.48,True
2025-05-01,Kwara,LPG_REFILL_5KG_NGN,7663.88967662532,True
2025-05-01,Lagos,LPG_REFILL_5KG_NGN,7414.39818666668,True
2025-05-01,Nasarawa,LPG_REFILL_5KG_NGN,7649.149540058441,True
2025-05-01,Niger,LPG_REFILL_5KG_NGN,7142.06784658084,True
2025-05-01,Ogun,LPG_REFILL_5KG_NGN,8038.817375,True
2025-05-01,Ondo,LPG_REFILL_5KG_NGN,7856.15382666668,True
2025-05-01,Osun,LPG_REFILL_5KG_NGN,8097.56362,True
2025-05-01,Oyo,LPG_REFILL_5KG_NGN,7116.49073428572,True
2025-05-01,Plateau,LPG_REFILL_5KG_NGN,7177.09727194836,True
2025-05-01,Rivers,LPG_REFILL_5KG_NGN,9174.397945,True
2025-05-01,Sokoto,LPG_REFILL_5KG_NGN,8121.7355,True
2025-05-01,Taraba,LPG_REFILL_5KG_NGN,9044.72290625,True
2025-05-01,Yobe,LPG_REFILL_5KG_NGN,7400.0,True
2025-05-01,Zamfara,LPG_REFILL_5KG_NGN,7820.365911999999,True
2025-06-01,Abia,LPG_REFILL_5KG_NGN,8663.718229178641,True
2025-06-01,Abuja,LPG_REFILL_5KG_NGN,8120.862270608,True
2025-06-01,Adamawa,LPG_REFILL_5KG_NGN,9130.11273,True
2025-06-01,Akwa Ibom,LPG_REFILL_5KG_NGN,8389.66228865,True
2025-06-01,Anambra,LPG_REFILL_5KG_NGN,8622.16221876268,True
2025-06-01,Bauchi,LPG_REFILL_5KG_NGN,8223.2615125,True
2025-06-01,Bayelsa,LPG_REFILL_5KG_NGN,9048.809358,True
2025-06-01,Benue,LPG_REFILL_5KG_NGN,8431.7839758154,True
2025-06-01,Borno,LPG_REFILL_5KG_NGN,8251.2019558,True
2025-06-01,Cross River,LPG_REFILL_5KG_NGN,9193.1564012,True
2025-06-01,Delta,LPG_REFILL_5KG_NGN,9243.3766144,True
2025-06-01,Ebonyi,LPG_REFILL_5KG_NGN,9040.10507565068,True
2025-06-01,Edo,LPG_REFILL_5KG_NGN,8166.275983466679,True
2025-06-01,Ekiti,LPG_REFILL_5KG_NGN,8203.662818833998,True
2025-06-01,Enugu,LPG_REFILL_5KG_NGN,8276.60794835,True
2025-06-01,Gombe,LPG_REFILL_5KG_NGN,8320.011942849,True
2025-06-01,Imo,LPG_REFILL_5KG_NGN,8645.13565948,True
2025-06-01,Jigawa,LPG_REFILL_5KG_NGN,8010.376366944439,True
2025-06-01,Kaduna,LPG_REFILL_5KG_NGN,8399.52549412,True
2025-06-01,Kano,LPG_REFILL_5KG_NGN,8025.72583408,True
2025-06-01,Katsina,LPG_REFILL_5KG_NGN,8067.502935,True
2025-06-01,Kebbi,LPG_REFILL_5KG_NGN,8014.44646902856,True
2025-06-01,Kogi,LPG_REFILL_5KG_NGN,8306.0104,True
2025-06-01,Kwara,LPG_REFILL_5KG_NGN,8378.58430224912,True
2025-06-01,Lagos,LPG_REFILL_5KG_NGN,8007.7097696,True
2025-06-01,Nasarawa,LPG_REFILL_5KG_NGN,8376.10272459588,True
2025-06-01,Niger,LPG_REFILL_5KG_NGN,7696.99150977112,True
2025-06-01,Ogun,LPG_REFILL_5KG_NGN,8176.8576775,True
2025-06-01,Ondo,LPG_REFILL_5KG_NGN,8216.0692068,True
2025-06-01,Osun,LPG_REFILL_5KG_NGN,8058.2151476,True
2025-06-01,Oyo,LPG_REFILL_5KG_NGN,7100.0,True
2025-06-01,Plateau,LPG_REFILL_5KG_NGN,7200.0,True
2025-06-01,Rivers,LPG_REFILL_5KG_NGN,9188.50947235,True
2025-06-01,Sokoto,LPG_REFILL_5KG_NGN,8169.734665000001,True
2025-06-01,Taraba,LPG_REFILL_5KG_NGN,9003.75917468752,True
2025-06-01,Yobe,LPG_REFILL_5KG_NGN,7600.0,True
2025-06-01,Zamfara,LPG_REFILL_5KG_NGN,8020.22270176,True
2025-07-01,Abia,LPG_REFILL_5KG_NGN,8400.0,True
2025-07-01,Abuja,LPG_REFILL_5KG_NGN,8040.0,True
2025-07-01,Adamawa,LPG_REFILL_5KG_NGN,9011.35651739332,True
2025-07-01,Akwa Ibom,LPG_REFILL_5KG_NGN,8228.113460214361,True
2025-07-01,Anambra,LPG_REFILL_5KG_NGN,8524.43689356568,True
2025-07-01,Bauchi,LPG_REFILL_5KG_NGN,8045.179527837519,True
2025-07-01,Bayelsa,LPG_REFILL_5KG_NGN,8905.5813036,True
2025-07-01,Benue,LPG_REFILL_5KG_NGN,8402.60447383536,True
2025-07-01,Borno,LPG_REFILL_5KG_NGN,8046.330703322481,True
2025-07-01,Cross River,LPG_REFILL_5KG_NGN,8806.73443211924,True
2025-07-01,Delta,LPG_REFILL_5KG_NGN,8096.204307200001,True
2025-07-01,Ebonyi,LPG_REFILL_5KG_NGN,8508.74552656048,True
2025-07-01,Edo,LPG_REFILL_5KG_NGN,8025.914380501,True
2025-07-01,Ekiti,LPG_REFILL_5KG_NGN,8116.71553538696,True
2025-07-01,Enugu,LPG_REFILL_5KG_NGN,8146.99085209336,True
2025-07-01,Gombe,LPG_REFILL_5KG_NGN,8051.277159832881,True
2025-07-01,Imo,LPG_REFILL_5KG_NGN,8025.60371174368,True
2025-07-01,Jigawa,LPG_REFILL_5KG_NGN,8010.67731469496,True
2025-07-01,Kaduna,LPG_REFILL_5KG_NGN,8264.742867059998,True
2025-07-01,Kano,LPG_REFILL_5KG_NGN,8770.33069419064,True
2025-07-01,Katsina,LPG_REFILL_5KG_NGN,8020.086163059159,True
2025-07-01,Kebbi,LPG_REFILL_5KG_NGN,8008.433369092159,True
2025-07-01,Kogi,LPG_REFILL_5KG_NGN,8222.0072112,True
2025-07-01,Kwara,LPG_REFILL_5KG_NGN,8170.00790862528,True
2025-07-01,Lagos,LPG_REFILL_5KG_NGN,8119.301959640001,True
2025-07-01,Nasarawa,LPG_REFILL_5KG_NGN,8000.248145411279,True
2025-07-01,Niger,LPG_REFILL_5KG_NGN,7661.996546804559,True
2025-07-01,Ogun,LPG_REFILL_5KG_NGN,8133.09123749188,True
2025-07-01,Ondo,LPG_REFILL_5KG_NGN,8047.42680366732,True
2025-07-01,Osun,LPG_REFILL_5KG_NGN,8020.325035459999,True
2025-07-01,Oyo,LPG_REFILL_5KG_NGN,8006.634525490159,True
2025-07-01,Plateau,LPG_REFILL_5KG_NGN,8054.94670499048,True
2025-07-01,Rivers,LPG_REFILL_5KG_NGN,9004.997973932,True
2025-07-01,Sokoto,LPG_REFILL_5KG_NGN,8137.77538275,True
2025-07-01,Taraba,LPG_REFILL_5KG_NGN,8945.42937981252,True
2025-07-01,Yobe,LPG_REFILL_5KG_NGN,7612.0,True
2025-07-01,Zamfara,LPG_REFILL_5KG_NGN,8428.08168283148,True
2025-08-01,Abia,LPG_REFILL_5KG_NGN,6655.333333333333,True
2025-08-01,Abuja,LPG_REFILL_5KG_NGN,6317.9695,True
2025-08-01,Adamawa,LPG_REFILL_5KG_NGN,6824.96,True
2025-08-01,Akwa Ibom,LPG_REFILL_5KG_NGN,6122.17142857144,True
2025-08-01,Anambra,LPG_REFILL_5KG_NGN,6608.857142857143,True
2025-08-01,Bauchi,LPG_REFILL_5KG_NGN,5721.75,True
2025-08-01,Bayelsa,LPG_REFILL_5KG_NGN,6611.0,True
2025-08-01,Benue,LPG_REFILL_5KG_NGN,6090.0,True
2025-08-01,Borno,LPG_REFILL_5KG_NGN,6070.5560000000005,True
2025-08-01,Cross River,LPG_REFILL_5KG_NGN,6225.5560000000005,True
2025-08-01,Delta,LPG_REFILL_5KG_NGN,5657.5,True
2025-08-01,Ebonyi,LPG_REFILL_5KG_NGN,6343.666666666681,True
2025-08-01,Edo,LPG_REFILL_5KG_NGN,6485.0,True
2025-08-01,Ekiti,LPG_REFILL_5KG_NGN,6263.0,True
2025-08-01,Enugu,LPG_REFILL_5KG_NGN,6386.65,True
2025-08-01,Gombe,LPG_REFILL_5KG_NGN,6528.43666666668,True
2025-08-01,Imo,LPG_REFILL_5KG_NGN,6071.031199999999,True
2025-08-01,Jigawa,LPG_REFILL_5KG_NGN,6448.039,True
2025-08-01,Kaduna,LPG_REFILL_5KG_NGN,6461.51866666668,True
2025-08-01,Kano,LPG_REFILL_5KG_NGN,6267.666666666681,True
2025-08-01,Katsina,LPG_REFILL_5KG_NGN,6945.214285714286,True
2025-08-01,Kebbi,LPG_REFILL_5KG_NGN,6457.166666666681,True
2025-08-01,Kogi,LPG_REFILL_5KG_NGN,6361.799999999999,True
2025-08-01,Kwara,LPG_REFILL_5KG_NGN,6407.25,True
2025-08-01,Lagos,LPG_REFILL_5KG_NGN,6545.214285714286,True
2025-08-01,Nasarawa,LPG_REFILL_5KG_NGN,6306.09485714284,True
2025-08-01,Niger,LPG_REFILL_5KG_NGN,6442.5,True
2025-08-01,Ogun,LPG_REFILL_5KG_NGN,6081.771428571439,True
2025-08-01,Ondo,LPG_REFILL_5KG_NGN,6320.599999999999,True
2025-08-01,Osun,LPG_REFILL_5KG_NGN,6616.866666666667,True
2025-08-01,Oyo,LPG_REFILL_5KG_NGN,6248.952,True
2025-08-01,Plateau,LPG_REFILL_5KG_NGN,6784.424,True
2025-08-01,Rivers,LPG_REFILL_5KG_NGN,6886.49257142856,True
2025-08-01,Sokoto,LPG_REFILL_5KG_NGN,6559.54285714284,True
2025-08-01,Taraba,LPG_REFILL_5KG_NGN,6893.11822222224,True
2025-08-01,Yobe,LPG_REFILL_5KG_NGN,6754.967999999999,True
2025-08-01,Zamfara,LPG_REFILL_5KG_NGN,6176.2405,True
2025-09-01,Abia,LPG_REFILL_5KG_NGN,6669.194666666667,True
2025-09-01,Abuja,LPG_REFILL_5KG_NGN,6394.33911,True
2025-09-01,Adamawa,LPG_REFILL_5KG_NGN,6640.1704,True
2025-09-01,Akwa Ibom,LPG_REFILL_5KG_NGN,6125.60428571428,True
2025-09-01,Anambra,LPG_REFILL_5KG_NGN,6514.744285714285,True
2025-09-01,Bauchi,LPG_REFILL_5KG_NGN,5539.315,True
2025-09-01,Bayelsa,LPG_REFILL_5KG_NGN,6679.244,True
2025-09-01,Benue,LPG_REFILL_5KG_NGN,6048.1587500000005,True
2025-09-01,Borno,LPG_REFILL_5KG_NGN,6061.5,True
2025-09-01,Cross River,LPG_REFILL_5KG_NGN,6617.9444,True
2025-09-01,Delta,LPG_REFILL_5KG_NGN,5781.85527272727,True
2025-09-01,Ebonyi,LPG_REFILL_5KG_NGN,6541.64571428571,True
2025-09-01,Edo,LPG_REFILL_5KG_NGN,6404.75,True
2025-09-01,Ekiti,LPG_REFILL_5KG_NGN,6160.76272,True
2025-09-01,Enugu,LPG_REFILL_5KG_NGN,6305.62666666667,True
2025-09-01,Gombe,LPG_REFILL_5KG_NGN,6524.14474666667,True
2025-09-01,Imo,LPG_REFILL_5KG_NGN,6077.13333333333,True
2025-09-01,Jigawa,LPG_REFILL_5KG_NGN,6450.99,True
2025-09-01,Kaduna,LPG_REFILL_5KG_NGN,6467.557,True
2025-09-01,Kano,LPG_REFILL_5KG_NGN,6485.559666666667,True
2025-09-01,Katsina,LPG_REFILL_5KG_NGN,6950.063408,True
2025-09-01,Kebbi,LPG_REFILL_5KG_NGN,6279.07822,True
2025-09-01,Kogi,LPG_REFILL_5KG_NGN,6292.28829333333,True
2025-09-01,Kwara,LPG_REFILL_5KG_NGN,6344.09111111111,True
2025-09-01,Lagos,LPG_REFILL_5KG_NGN,6454.2357142857145,True
2025-09-01,Nasarawa,LPG_REFILL_5KG_NGN,6243.86864,True
2025-09-01,Niger,LPG_REFILL_5KG_NGN,6473.6233333333,True
2025-09-01,Ogun,LPG_REFILL_5KG_NGN,6110.564,True
2025-09-01,Ondo,LPG_REFILL_5KG_NGN,6424.13166666667,True
2025-09-01,Osun,LPG_REFILL_5KG_NGN,6873.1866666666665,True
2025-09-01,Oyo,LPG_REFILL_5KG_NGN,6292.311817142858,True
2025-09-01,Plateau,LPG_REFILL_5KG_NGN,6553.65,True
2025-09-01,Rivers,LPG_REFILL_5KG_NGN,6842.136,True
2025-09-01,Sokoto,LPG_REFILL_5KG_NGN,6454.438,True
2025-09-01,Taraba,LPG_REFILL_5KG_NGN,6895.28490666667,True
2025-09-01,Yobe,LPG_REFILL_5KG_NGN,6459.51666666667,True
2025-09-01,Zamfara,LPG_REFILL_5KG_NGN,6212.6345,True
2025-10-01,Abia,LPG_REFILL_5KG_NGN,8161.797960992909,True
2025-10-01,Abuja,LPG_REFILL_5KG_NGN,7966.81640070922,True
2025-10-01,Adamawa,LPG_REFILL_5KG_NGN,8190.310531914893,True
2025-10-01,Akwa Ibom,LPG_REFILL_5KG_NGN,7806.309701114504,True
2025-10-01,Anambra,LPG_REFILL_5KG_NGN,7807.591945288759,True
2025-10-01,Bauchi,LPG_REFILL_5KG_NGN,7051.5445035461,True
2025-10-01,Bayelsa,LPG_REFILL_5KG_NGN,7978.394267139468,True
2025-10-01,Benue,LPG_REFILL_5KG_NGN,8291.062300531916,True
2025-10-01,Borno,LPG_REFILL_5KG_NGN,8376.442819148935,True
2025-10-01,Cross River,LPG_REFILL_5KG_NGN,8008.537145390072,True
2025-10-01,Delta,LPG_REFILL_5KG_NGN,7965.802224371383,True
2025-10-01,Ebonyi,LPG_REFILL_5KG_NGN,7744.994402228972,True
2025-10-01,Edo,LPG_REFILL_5KG_NGN,7835.27890070922,True
2025-10-01,Ekiti,LPG_REFILL_5KG_NGN,7849.482725430603,True
2025-10-01,Enugu,LPG_REFILL_5KG_NGN,8131.233687943263,True
2025-10-01,Gombe,LPG_REFILL_5KG_NGN,8104.3842395587235,True
2025-10-01,Imo,LPG_REFILL_5KG_NGN,8031.07830969266,True
2025-10-01,Jigawa,LPG_REFILL_5KG_NGN,8253.930984042552,True
2025-10-01,Kaduna,LPG_REFILL_5KG_NGN,8227.883510638298,True
2025-10-01,Kano,LPG_REFILL_5KG_NGN,8075.78219562649,True
2025-10-01,Katsina,LPG_REFILL_5KG_NGN,8071.770780141844,True
2025-10-01,Kebbi,LPG_REFILL_5KG_NGN,8261.907624113475,True
2025-10-01,Kogi,LPG_REFILL_5KG_NGN,8157.675768321525,True
2025-10-01,Kwara,LPG_REFILL_5KG_NGN,8062.035855003936,True
2025-10-01,Lagos,LPG_REFILL_5KG_NGN,8061.786904761916,True
2025-10-01,Nasarawa,LPG_REFILL_5KG_NGN,8150.696028368795,True
2025-10-01,Niger,LPG_REFILL_5KG_NGN,8263.384988179681,True
2025-10-01,Ogun,LPG_REFILL_5KG_NGN,8157.560682624114,True
2025-10-01,Ondo,LPG_REFILL_5KG_NGN,8340.29964539007,True
2025-10-01,Osun,LPG_REFILL_5KG_NGN,8187.867198581561,True
2025-10-01,Oyo,LPG_REFILL_5KG_NGN,8091.895947315106,True
2025-10-01,Plateau,LPG_REFILL_5KG_NGN,8180.815824468085,True
2025-10-01,Rivers,LPG_REFILL_5KG_NGN,8145.348480243157,True
2025-10-01,Sokoto,LPG_REFILL_5KG_NGN,8266.598758865248,True
2025-10-01,Taraba,LPG_REFILL_5KG_NGN,8246.695153664292,True
2025-10-01,Yobe,LPG_REFILL_5KG_NGN,8357.983924349894,True
2025-10-01,Zamfara,LPG_REFILL_5KG_NGN,8161.949445921986,True
2025-11-01,Abia,LPG_REFILL_5KG_NGN,5752.523667,True
2025-11-01,Abuja,LPG_REFILL_5KG_NGN,5301.988723,True
2025-11-01,Adamawa,LPG_REFILL_5KG_NGN,5563.5350396,True
2025-11-01,Akwa Ibom,LPG_REFILL_5KG_NGN,5681.350014,True
2025-11-01,Anambra,LPG_REFILL_5KG_NGN,5272.39362342856,True
2025-11-01,Bauchi,LPG_REFILL_5KG_NGN,5043.4521540000005,True
2025-11-01,Bayelsa,LPG_REFILL_5KG_NGN,5095.162744666679,True
2025-11-01,Benue,LPG_REFILL_5KG_NGN,5631.51818575,True
2025-11-01,Borno,LPG_REFILL_5KG_NGN,5351.5914250000005,True
2025-11-01,Cross River,LPG_REFILL_5KG_NGN,5090.999118,True
2025-11-01,Delta,LPG_REFILL_5KG_NGN,5783.964652727281,True
2025-11-01,Ebonyi,LPG_REFILL_5KG_NGN,5263.5338151428405,True
2025-11-01,Edo,LPG_REFILL_5KG_NGN,5014.4282220000005,True
2025-11-01,Ekiti,LPG_REFILL_5KG_NGN,5451.57167028572,True
2025-11-01,Enugu,LPG_REFILL_5KG_NGN,5715.633812,True
2025-11-01,Gombe,LPG_REFILL_5KG_NGN,5070.03457066668,True
2025-11-01,Imo,LPG_REFILL_5KG_NGN,5050.75027666668,True
2025-11-01,Jigawa,LPG_REFILL_5KG_NGN,5863.724540499999,True
2025-11-01,Kaduna,LPG_REFILL_5KG_NGN,5776.314078,True
2025-11-01,Kano,LPG_REFILL_5KG_NGN,5580.19298616668,True
2025-11-01,Katsina,LPG_REFILL_5KG_NGN,5027.8644608,True
2025-11-01,Kebbi,LPG_REFILL_5KG_NGN,5517.352026,True
2025-11-01,Kogi,LPG_REFILL_5KG_NGN,5487.548345333321,True
2025-11-01,Kwara,LPG_REFILL_5KG_NGN,5539.89528,True
2025-11-01,Lagos,LPG_REFILL_5KG_NGN,5287.814322571439,True
2025-11-01,Nasarawa,LPG_REFILL_5KG_NGN,5378.611630400001,True
2025-11-01,Niger,LPG_REFILL_5KG_NGN,5693.17327866668,True
2025-11-01,Ogun,LPG_REFILL_5KG_NGN,5403.4094415,True
2025-11-01,Ondo,LPG_REFILL_5KG_NGN,5495.96806,True
2025-11-01,Osun,LPG_REFILL_5KG_NGN,5811.9881940000005,True
2025-11-01,Oyo,LPG_REFILL_5KG_NGN,5404.15473257144,True
2025-11-01,Plateau,LPG_REFILL_5KG_NGN,5515.4774675,True
2025-11-01,Rivers,LPG_REFILL_5KG_NGN,5630.26980171428,True
2025-11-01,Sokoto,LPG_REFILL_5KG_NGN,5075.014038,True
2025-11-01,Taraba,LPG_REFILL_5KG_NGN,5313.391182666681,True
2025-11-01,Yobe,LPG_REFILL_5KG_NGN,5280.97775333332,True
2025-11-01,Zamfara,LPG_REFILL_5KG_NGN,5536.4705782500005,True
2025-12-01,Abia,LPG_REFILL_5KG_NGN,5755.9833223900005,True
2025-12-01,Abuja,LPG_REFILL_5KG_NGN,4935.16129391,True
2025-12-01,Adamawa,LPG_REFILL_5KG_NGN,5578.156257024,True
2025-12-01,Akwa Ibom,LPG_REFILL_5KG_NGN,5715.32739531428,True
2025-12-01,Anambra,LPG_REFILL_5KG_NGN,5276.2470947457205,True
2025-12-01,Bauchi,LPG_REFILL_5KG_NGN,5045.63407946,True
2025-12-01,Bayelsa,LPG_REFILL_5KG_NGN,5048.18973839332,True
2025-12-01,Benue,LPG_REFILL_5KG_NGN,5221.522642655,True
2025-12-01,Borno,LPG_REFILL_5KG_NGN,5500.04473425,True
2025-12-01,Cross River,LPG_REFILL_5KG_NGN,4890.99888909,True
2025-12-01,Delta,LPG_REFILL_5KG_NGN,5757.26629955456,True
2025-12-01,Ebonyi,LPG_REFILL_5KG_NGN,5403.75088926,True
2025-12-01,Edo,LPG_REFILL_5KG_NGN,4905.01021545,True
2025-12-01,Ekiti,LPG_REFILL_5KG_NGN,5459.39159922572,True
2025-12-01,Enugu,LPG_REFILL_5KG_NGN,5683.71011846668,True
2025-12-01,Gombe,LPG_REFILL_5KG_NGN,4885.63520471776,True
2025-12-01,Imo,LPG_REFILL_5KG_NGN,5169.88870831668,True
2025-12-01,Jigawa,LPG_REFILL_5KG_NGN,5825.08562048,True
2025-12-01,Kaduna,LPG_REFILL_5KG_NGN,5838.660063339999,True
2025-12-01,Kano,LPG_REFILL_5KG_NGN,5579.09880675668,True
2025-12-01,Katsina,LPG_REFILL_5KG_NGN,4855.795217376,True
2025-12-01,Kebbi,LPG_REFILL_5KG_NGN,5368.1050494,True
2025-12-01,Kogi,LPG_REFILL_5KG_NGN,5449.070487200001,True
2025-12-01,Kwara,LPG_REFILL_5KG_NGN,5438.93399870668,True
2025-12-01,Lagos,LPG_REFILL_5KG_NGN,5283.08269182856,True
2025-12-01,Nasarawa,LPG_REFILL_5KG_NGN,5405.790837808,True
2025-12-01,Niger,LPG_REFILL_5KG_NGN,5215.85836968,True
2025-12-01,Ogun,LPG_REFILL_5KG_NGN,5336.85986252,True
2025-12-01,Ondo,LPG_REFILL_5KG_NGN,5272.72224438332,True
2025-12-01,Osun,LPG_REFILL_5KG_NGN,5777.801902786679,True
2025-12-01,Oyo,LPG_REFILL_5KG_NGN,5475.91913770856,True
2025-12-01,Plateau,LPG_REFILL_5KG_NGN,5464.3505728850005,True
2025-12-01,Rivers,LPG_REFILL_5KG_NGN,5220.811253825719,True
2025-12-01,Sokoto,LPG_REFILL_5KG_NGN,5098.243843448,True
2025-12-01,Taraba,LPG_REFILL_5KG_NGN,5322.22021058668,True
2025-12-01,Yobe,LPG_REFILL_5KG_NGN,5282.28016123332,True
2025-12-01,Zamfara,LPG_REFILL_5KG_NGN,5593.15010208252,True
2026-01-01,Abia,LPG_REFILL_5KG_NGN,5829.174219937359,True
2026-01-01,Abuja,LPG_REFILL_5KG_NGN,5077.4625,True
2026-01-01,Adamawa,LPG_REFILL_5KG_NGN,5354.400000000001,True
2026-01-01,Akwa Ibom,LPG_REFILL_5KG_NGN,5789.84933137488,True
2026-01-01,Anambra,LPG_REFILL_5KG_NGN,5378.599551028,True
2026-01-01,Bauchi,LPG_REFILL_5KG_NGN,5054.0,True
2026-01-01,Bayelsa,LPG_REFILL_5KG_NGN,4891.86561906532,True
2026-01-01,Benue,LPG_REFILL_5KG_NGN,5279.424214299001,True
2026-01-01,Borno,LPG_REFILL_5KG_NGN,5318.75,True
2026-01-01,Cross River,LPG_REFILL_5KG_NGN,5089.133489274,True
2026-01-01,Delta,LPG_REFILL_5KG_NGN,5763.19971429056,True
2026-01-01,Ebonyi,LPG_REFILL_5KG_NGN,5283.599551028,True
2026-01-01,Edo,LPG_REFILL_5KG_NGN,5034.76132990604,True
2026-01-01,Ekiti,LPG_REFILL_5KG_NGN,5604.80674399168,True
2026-01-01,Enugu,LPG_REFILL_5KG_NGN,5785.83333333332,True
2026-01-01,Gombe,LPG_REFILL_5KG_NGN,5111.61286599648,True
2026-01-01,Imo,LPG_REFILL_5KG_NGN,5232.53280953268,True
2026-01-01,Jigawa,LPG_REFILL_5KG_NGN,5892.875,True
2026-01-01,Kaduna,LPG_REFILL_5KG_NGN,5772.7,True
2026-01-01,Kano,LPG_REFILL_5KG_NGN,5313.666666666681,True
2026-01-01,Katsina,LPG_REFILL_5KG_NGN,5013.8,True
2026-01-01,Kebbi,LPG_REFILL_5KG_NGN,5222.45906484544,True
2026-01-01,Kogi,LPG_REFILL_5KG_NGN,5601.66666666668,True
2026-01-01,Kwara,LPG_REFILL_5KG_NGN,5592.677428577321,True
2026-01-01,Lagos,LPG_REFILL_5KG_NGN,5445.61383674228,True
2026-01-01,Nasarawa,LPG_REFILL_5KG_NGN,5611.96,True
2026-01-01,Niger,LPG_REFILL_5KG_NGN,5307.36783340344,True
2026-01-01,Ogun,LPG_REFILL_5KG_NGN,5495.0,True
2026-01-01,Ondo,LPG_REFILL_5KG_NGN,5300.11666666668,True
2026-01-01,Osun,LPG_REFILL_5KG_NGN,5618.24947619932,True
2026-01-01,Oyo,LPG_REFILL_5KG_NGN,5474.571428571439,True
2026-01-01,Plateau,LPG_REFILL_5KG_NGN,5522.0,True
2026-01-01,Rivers,LPG_REFILL_5KG_NGN,5420.1794953934805,True
2026-01-01,Sokoto,LPG_REFILL_5KG_NGN,5008.360000000001,True
2026-01-01,Taraba,LPG_REFILL_5KG_NGN,5566.66666666668,True
2026-01-01,Yobe,LPG_REFILL_5KG_NGN,5511.06666666668,True
2026-01-01,Zamfara,LPG_REFILL_5KG_NGN,5384.924999999999,True
2026-02-01,Abia,LPG_REFILL_5KG_NGN,6872.667999999999,True
2026-02-01,Abuja,LPG_REFILL_5KG_NGN,6555.0,True
2026-02-01,Adamawa,LPG_REFILL_5KG_NGN,6855.772000000001,True
2026-02-01,Akwa Ibom,LPG_REFILL_5KG_NGN,6854.116,True
2026-02-01,Anambra,LPG_REFILL_5KG_NGN,6839.664000000001,True
2026-02-01,Bauchi,LPG_REFILL_5KG_NGN,6448.784,True
2026-02-01,Bayelsa,LPG_REFILL_5KG_NGN,5954.592000000001,True
2026-02-01,Benue,LPG_REFILL_5KG_NGN,6518.676,True
2026-02-01,Borno,LPG_REFILL_5KG_NGN,6858.888000000001,True
2026-02-01,Cross River,LPG_REFILL_5KG_NGN,6289.704,True
2026-02-01,Delta,LPG_REFILL_5KG_NGN,6819.38,True
2026-02-01,Ebonyi,LPG_REFILL_5KG_NGN,6633.667999999999,True
2026-02-01,Edo,LPG_REFILL_5KG_NGN,5854.0,True
2026-02-01,Ekiti,LPG_REFILL_5KG_NGN,6907.996000000001,True
2026-02-01,Enugu,LPG_REFILL_5KG_NGN,7349.116,True
2026-02-01,Gombe,LPG_REFILL_5KG_NGN,6620.263999999999,True
2026-02-01,Imo,LPG_REFILL_5KG_NGN,6469.352,True
2026-02-01,Jigawa,LPG_REFILL_5KG_NGN,7621.267999999999,True
2026-02-01,Kaduna,LPG_REFILL_5KG_NGN,7542.1,True
2026-02-01,Kano,LPG_REFILL_5KG_NGN,6639.024,True
2026-02-01,Katsina,LPG_REFILL_5KG_NGN,6507.339999999999,True
2026-02-01,Kebbi,LPG_REFILL_5KG_NGN,6754.848,True
2026-02-01,Kogi,LPG_REFILL_5KG_NGN,7028.5160000000005,True
2026-02-01,Kwara,LPG_REFILL_5KG_NGN,6949.412,True
2026-02-01,Lagos,LPG_REFILL_5KG_NGN,7239.492,True
2026-02-01,Nasarawa,LPG_REFILL_5KG_NGN,7040.68,True
2026-02-01,Niger,LPG_REFILL_5KG_NGN,6556.88,True
2026-02-01,Ogun,LPG_REFILL_5KG_NGN,6729.836,True
2026-02-01,Ondo,LPG_REFILL_5KG_NGN,6738.996000000001,True
2026-02-01,Osun,LPG_REFILL_5KG_NGN,7073.496,True
2026-02-01,Oyo,LPG_REFILL_5KG_NGN,6956.952,True
2026-02-01,Plateau,LPG_REFILL_5KG_NGN,7064.092,True
2026-02-01,Rivers,LPG_REFILL_5KG_NGN,6506.576,True
2026-02-01,Sokoto,LPG_REFILL_5KG_NGN,6554.508000000001,True
2026-02-01,Taraba,LPG_REFILL_5KG_NGN,7177.775999999999,True
2026-02-01,Yobe,LPG_REFILL_5KG_NGN,7165.1720000000005,True
2026-02-01,Zamfara,LPG_REFILL_5KG_NGN,7020.976,True
2026-03-01,Abia,LPG_REFILL_5KG_NGN,7055.43245192675,True
2026-03-01,Abuja,LPG_REFILL_5KG_NGN,7276.81365848959,True
2026-03-01,Adamawa,LPG_REFILL_5KG_NGN,8056.34277148964,True
2026-03-01,Akwa Ibom,LPG_REFILL_5KG_NGN,7126.69683824815,True
2026-03-01,Anambra,LPG_REFILL_5KG_NGN,6779.49701055779,True
2026-03-01,Bauchi,LPG_REFILL_5KG_NGN,6295.40119291,True
2026-03-01,Bayelsa,LPG_REFILL_5KG_NGN,7266.7660497564,True
2026-03-01,Benue,LPG_REFILL_5KG_NGN,7709.00688575996,True
2026-03-01,Borno,LPG_REFILL_5KG_NGN,7965.22228467022,True
2026-03-01,Cross River,LPG_REFILL_5KG_NGN,7402.82565661342,True
2026-03-01,Delta,LPG_REFILL_5KG_NGN,7408.13757034864,True
2026-03-01,Ebonyi,LPG_REFILL_5KG_NGN,7347.0850989857,True
2026-03-01,Edo,LPG_REFILL_5KG_NGN,7305.4249141847,True
2026-03-01,Ekiti,LPG_REFILL_5KG_NGN,7689.44260345449,True
2026-03-01,Enugu,LPG_REFILL_5KG_NGN,8195.08867437149,True
2026-03-01,Gombe,LPG_REFILL_5KG_NGN,8064.21925949264,True
2026-03-01,Imo,LPG_REFILL_5KG_NGN,7488.15223321465,True
2026-03-01,Jigawa,LPG_REFILL_5KG_NGN,8102.68511698352,True
2026-03-01,Kaduna,LPG_REFILL_5KG_NGN,9212.20886447999,True
2026-03-01,Kano,LPG_REFILL_5KG_NGN,8158.03259752406,True
2026-03-01,Katsina,LPG_REFILL_5KG_NGN,8681.30331992897,True
2026-03-01,Kebbi,LPG_REFILL_5KG_NGN,7869.92961014291,True
2026-03-01,Kogi,LPG_REFILL_5KG_NGN,7899.0699629334,True
2026-03-01,Kwara,LPG_REFILL_5KG_NGN,7266.15953234129,True
2026-03-01,Lagos,LPG_REFILL_5KG_NGN,8909.73073429708,True
2026-03-01,Nasarawa,LPG_REFILL_5KG_NGN,8367.24682762476,True
2026-03-01,Niger,LPG_REFILL_5KG_NGN,7661.39569596715,True
2026-03-01,Ogun,LPG_REFILL_5KG_NGN,7509.96587111791,True
2026-03-01,Ondo,LPG_REFILL_5KG_NGN,6598.09835961209,True
2026-03-01,Osun,LPG_REFILL_5KG_NGN,6457.35288010168,True
2026-03-01,Oyo,LPG_REFILL_5KG_NGN,7463.32194848429,True
2026-03-01,Plateau,LPG_REFILL_5KG_NGN,7475.51928203804,True
2026-03-01,Rivers,LPG_REFILL_5KG_NGN,7295.83045049638,True
2026-03-01,Sokoto,LPG_REFILL_5KG_NGN,7579.78768512234,True
2026-03-01,Taraba,LPG_REFILL_5KG_NGN,8802.77836523266,True
2026-03-01,Yobe,LPG_REFILL_5KG_NGN,8159.20778607373,True
2026-03-01,Zamfara,LPG_REFILL_5KG_NGN,7360.70518368988,True
2026-04-01,Abia,LPG_REFILL_5KG_NGN,8285.602027370209,True
2026-04-01,Abuja,LPG_REFILL_5KG_NGN,8055.0639399301,True
2026-04-01,Adamawa,LPG_REFILL_5KG_NGN,9003.191284158682,True
2026-04-01,Akwa Ibom,LPG_REFILL_5KG_NGN,8749.98918291154,True
2026-04-01,Anambra,LPG_REFILL_5KG_NGN,7204.75860460206,True
2026-04-01,Bauchi,LPG_REFILL_5KG_NGN,8071.5477620566,True
2026-04-01,Bayelsa,LPG_REFILL_5KG_NGN,9422.736866105772,True
2026-04-01,Benue,LPG_REFILL_5KG_NGN,8805.702115633398,True
2026-04-01,Borno,LPG_REFILL_5KG_NGN,8965.222284670215,True
2026-04-01,Cross River,LPG_REFILL_5KG_NGN,9072.892680048046,True
2026-04-01,Delta,LPG_REFILL_5KG_NGN,8534.35079138302,True
2026-04-01,Ebonyi,LPG_REFILL_5KG_NGN,8537.4655268415,True
2026-04-01,Edo,LPG_REFILL_5KG_NGN,8711.95074749353,True
2026-04-01,Ekiti,LPG_REFILL_5KG_NGN,8763.629281740803,True
2026-04-01,Enugu,LPG_REFILL_5KG_NGN,8845.30850305372,True
2026-04-01,Gombe,LPG_REFILL_5KG_NGN,8775.58768428889,True
2026-04-01,Imo,LPG_REFILL_5KG_NGN,8248.705667662027,True
2026-04-01,Jigawa,LPG_REFILL_5KG_NGN,9173.812550657758,True
2026-04-01,Kaduna,LPG_REFILL_5KG_NGN,9119.29065772813,True
2026-04-01,Kano,LPG_REFILL_5KG_NGN,9081.121335689844,True
2026-04-01,Katsina,LPG_REFILL_5KG_NGN,9038.6850434938,True
2026-04-01,Kebbi,LPG_REFILL_5KG_NGN,8441.60072584607,True
2026-04-01,Kogi,LPG_REFILL_5KG_NGN,8523.29951290318,True
2026-04-01,Kwara,LPG_REFILL_5KG_NGN,8733.255627670302,True
2026-04-01,Lagos,LPG_REFILL_5KG_NGN,9745.101279450946,True
2026-04-01,Nasarawa,LPG_REFILL_5KG_NGN,9451.703936309908,True
2026-04-01,Niger,LPG_REFILL_5KG_NGN,8827.393280767254,True
2026-04-01,Ogun,LPG_REFILL_5KG_NGN,7825.745145043221,True
2026-04-01,Ondo,LPG_REFILL_5KG_NGN,7239.4902033099,True
2026-04-01,Osun,LPG_REFILL_5KG_NGN,8229.080501196158,True
2026-04-01,Oyo,LPG_REFILL_5KG_NGN,8699.214877374381,True
2026-04-01,Plateau,LPG_REFILL_5KG_NGN,9026.394065212946,True
2026-04-01,Rivers,LPG_REFILL_5KG_NGN,8359.220085925257,True
2026-04-01,Sokoto,LPG_REFILL_5KG_NGN,8949.518802433204,True
2026-04-01,Taraba,LPG_REFILL_5KG_NGN,9039.21013696448,True
2026-04-01,Yobe,LPG_REFILL_5KG_NGN,9228.22602079371,True
2026-04-01,Zamfara,LPG_REFILL_5KG_NGN,9371.43553356753,True
2025-01-01,Abia,PETROL_PRICE_NGN_PER_LITRE,1308.2604734,False
2025-01-01,Abuja,PETROL_PRICE_NGN_PER_LITRE,1182.0,False
2025-01-01,Adamawa,PETROL_PRICE_NGN_PER_LITRE,1350.0,False
2025-01-01,Akwa Ibom,PETROL_PRICE_NGN_PER_LITRE,1287.5,False
2025-01-01,Anambra,PETROL_PRICE_NGN_PER_LITRE,1080.0,False
2025-01-01,Bauchi,PETROL_PRICE_NGN_PER_LITRE,1225.0,False
2025-01-01,Bayelsa,PETROL_PRICE_NGN_PER_LITRE,1000.0,False
2025-01-01,Benue,PETROL_PRICE_NGN_PER_LITRE,1411.11111111111,False
2025-01-01,Borno,PETROL_PRICE_NGN_PER_LITRE,1066.66666666667,False
2025-01-01,Cross River,PETROL_PRICE_NGN_PER_LITRE,1483.33333333333,False
2025-01-01,Delta,PETROL_PRICE_NGN_PER_LITRE,1364.28571428571,False
2025-01-01,Ebonyi,PETROL_PRICE_NGN_PER_LITRE,1133.33333333333,False
2025-01-01,Edo,PETROL_PRICE_NGN_PER_LITRE,1146.0,False
2025-01-01,Ekiti,PETROL_PRICE_NGN_PER_LITRE,1180.0,False
2025-01-01,Enugu,PETROL_PRICE_NGN_PER_LITRE,1433.33333333333,False
2025-01-01,Gombe,PETROL_PRICE_NGN_PER_LITRE,1090.0,False
2025-01-01,Imo,PETROL_PRICE_NGN_PER_LITRE,1466.66666666667,False
2025-01-01,Jigawa,PETROL_PRICE_NGN_PER_LITRE,1530.0,False
2025-01-01,Kaduna,PETROL_PRICE_NGN_PER_LITRE,1638.33333333333,False
2025-01-01,Kano,PETROL_PRICE_NGN_PER_LITRE,1541.66666666667,False
2025-01-01,Katsina,PETROL_PRICE_NGN_PER_LITRE,1469.4444445,False
2025-01-01,Kebbi,PETROL_PRICE_NGN_PER_LITRE,1090.0,False
2025-01-01,Kogi,PETROL_PRICE_NGN_PER_LITRE,1114.28571428571,False
2025-01-01,Kwara,PETROL_PRICE_NGN_PER_LITRE,1171.996855,False
2025-01-01,Lagos,PETROL_PRICE_NGN_PER_LITRE,1122.22222222222,False
2025-01-01,Nasarawa,PETROL_PRICE_NGN_PER_LITRE,1302.257815,False
2025-01-01,Niger,PETROL_PRICE_NGN_PER_LITRE,1386.686215,False
2025-01-01,Ogun,PETROL_PRICE_NGN_PER_LITRE,1141.66666666667,False
2025-01-01,Ondo,PETROL_PRICE_NGN_PER_LITRE,1141.7,False
2025-01-01,Osun,PETROL_PRICE_NGN_PER_LITRE,950.0,False
2025-01-01,Oyo,PETROL_PRICE_NGN_PER_LITRE,1015.0,False
2025-01-01,Plateau,PETROL_PRICE_NGN_PER_LITRE,1446.992215,False
2025-01-01,Rivers,PETROL_PRICE_NGN_PER_LITRE,1308.88888888889,False
2025-01-01,Sokoto,PETROL_PRICE_NGN_PER_LITRE,1330.0,False
2025-01-01,Taraba,PETROL_PRICE_NGN_PER_LITRE,1433.33333333333,False
2025-01-01,Yobe,PETROL_PRICE_NGN_PER_LITRE,1112.5,False
2025-01-01,Zamfara,PETROL_PRICE_NGN_PER_LITRE,1104.28571428571,False
2025-02-01,Abia,PETROL_PRICE_NGN_PER_LITRE,1272.0,True
2025-02-01,Abuja,PETROL_PRICE_NGN_PER_LITRE,1166.0,True
2025-02-01,Adamawa,PETROL_PRICE_NGN_PER_LITRE,1400.0,True
2025-02-01,Akwa Ibom,PETROL_PRICE_NGN_PER_LITRE,1162.5,True
2025-02-01,Anambra,PETROL_PRICE_NGN_PER_LITRE,1021.66666666667,True
2025-02-01,Bauchi,PETROL_PRICE_NGN_PER_LITRE,1090.0,True
2025-02-01,Bayelsa,PETROL_PRICE_NGN_PER_LITRE,1000.0,True
2025-02-01,Benue,PETROL_PRICE_NGN_PER_LITRE,1450.0,True
2025-02-01,Borno,PETROL_PRICE_NGN_PER_LITRE,1066.66666666667,True
2025-02-01,Cross River,PETROL_PRICE_NGN_PER_LITRE,1477.77777777778,True
2025-02-01,Delta,PETROL_PRICE_NGN_PER_LITRE,1131.42857142857,True
2025-02-01,Ebonyi,PETROL_PRICE_NGN_PER_LITRE,1140.0,True
2025-02-01,Edo,PETROL_PRICE_NGN_PER_LITRE,1280.0,True
2025-02-01,Ekiti,PETROL_PRICE_NGN_PER_LITRE,956.666666666667,True
2025-02-01,Enugu,PETROL_PRICE_NGN_PER_LITRE,1500.0,True
2025-02-01,Gombe,PETROL_PRICE_NGN_PER_LITRE,1093.33333333333,True
2025-02-01,Imo,PETROL_PRICE_NGN_PER_LITRE,1500.0,True
2025-02-01,Jigawa,PETROL_PRICE_NGN_PER_LITRE,1730.0,True
2025-02-01,Kaduna,PETROL_PRICE_NGN_PER_LITRE,1660.0,True
2025-02-01,Kano,PETROL_PRICE_NGN_PER_LITRE,1587.5,True
2025-02-01,Katsina,PETROL_PRICE_NGN_PER_LITRE,1436.11111116667,True
2025-02-01,Kebbi,PETROL_PRICE_NGN_PER_LITRE,1090.0,True
2025-02-01,Kogi,PETROL_PRICE_NGN_PER_LITRE,1221.42857142857,True
2025-02-01,Kwara,PETROL_PRICE_NGN_PER_LITRE,1070.0,True
2025-02-01,Lagos,PETROL_PRICE_NGN_PER_LITRE,975.555555555556,True
2025-02-01,Nasarawa,PETROL_PRICE_NGN_PER_LITRE,1285.5413192,True
2025-02-01,Niger,PETROL_PRICE_NGN_PER_LITRE,1386.686215,True
2025-02-01,Ogun,PETROL_PRICE_NGN_PER_LITRE,1105.0,True
2025-02-01,Ondo,PETROL_PRICE_NGN_PER_LITRE,1005.5571429,True
2025-02-01,Osun,PETROL_PRICE_NGN_PER_LITRE,972.5,True
2025-02-01,Oyo,PETROL_PRICE_NGN_PER_LITRE,956.666666666667,True
2025-02-01,Plateau,PETROL_PRICE_NGN_PER_LITRE,1446.992215,True
2025-02-01,Rivers,PETROL_PRICE_NGN_PER_LITRE,1131.11111111111,True
2025-02-01,Sokoto,PETROL_PRICE_NGN_PER_LITRE,1680.0,True
2025-02-01,Taraba,PETROL_PRICE_NGN_PER_LITRE,1366.66666666667,True
2025-02-01,Yobe,PETROL_PRICE_NGN_PER_LITRE,1075.0,True
2025-02-01,Zamfara,PETROL_PRICE_NGN_PER_LITRE,1204.28571428571,True
2025-03-01,Abia,PETROL_PRICE_NGN_PER_LITRE,1305.0,True
2025-03-01,Abuja,PETROL_PRICE_NGN_PER_LITRE,1149.4146,True
2025-03-01,Adamawa,PETROL_PRICE_NGN_PER_LITRE,1400.0,True
2025-03-01,Akwa Ibom,PETROL_PRICE_NGN_PER_LITRE,1184.05625,True
2025-03-01,Anambra,PETROL_PRICE_NGN_PER_LITRE,1142.44883333333,True
2025-03-01,Bauchi,PETROL_PRICE_NGN_PER_LITRE,1125.549,True
2025-03-01,Bayelsa,PETROL_PRICE_NGN_PER_LITRE,1000.0,True
2025-03-01,Benue,PETROL_PRICE_NGN_PER_LITRE,1451.69333333333,True
2025-03-01,Borno,PETROL_PRICE_NGN_PER_LITRE,1138.7,True
2025-03-01,Cross River,PETROL_PRICE_NGN_PER_LITRE,1563.86388888889,True
2025-03-01,Delta,PETROL_PRICE_NGN_PER_LITRE,1175.93028571429,True
2025-03-01,Ebonyi,PETROL_PRICE_NGN_PER_LITRE,1186.354,True
2025-03-01,Edo,PETROL_PRICE_NGN_PER_LITRE,1256.608,True
2025-03-01,Ekiti,PETROL_PRICE_NGN_PER_LITRE,963.40233333333,True
2025-03-01,Enugu,PETROL_PRICE_NGN_PER_LITRE,1500.0,True
2025-03-01,Gombe,PETROL_PRICE_NGN_PER_LITRE,1155.40833333333,True
2025-03-01,Imo,PETROL_PRICE_NGN_PER_LITRE,1524.15,True
2025-03-01,Jigawa,PETROL_PRICE_NGN_PER_LITRE,1700.0,True
2025-03-01,Kaduna,PETROL_PRICE_NGN_PER_LITRE,1650.0,True
2025-03-01,Kano,PETROL_PRICE_NGN_PER_LITRE,1530.55875,True
2025-03-01,Katsina,PETROL_PRICE_NGN_PER_LITRE,1474.42138895645,True
2025-03-01,Kebbi,PETROL_PRICE_NGN_PER_LITRE,1125.549,True
2025-03-01,Kogi,PETROL_PRICE_NGN_PER_LITRE,1298.93928571429,True
2025-03-01,Kwara,PETROL_PRICE_NGN_PER_LITRE,1106.143,True
2025-03-01,Lagos,PETROL_PRICE_NGN_PER_LITRE,975.0,True
2025-03-01,Nasarawa,PETROL_PRICE_NGN_PER_LITRE,1238.21246722192,True
2025-03-01,Niger,PETROL_PRICE_NGN_PER_LITRE,1309.0,True
2025-03-01,Ogun,PETROL_PRICE_NGN_PER_LITRE,1143.7905,True
2025-03-01,Ondo,PETROL_PRICE_NGN_PER_LITRE,1099.6581629,True
2025-03-01,Osun,PETROL_PRICE_NGN_PER_LITRE,980.0,True
2025-03-01,Oyo,PETROL_PRICE_NGN_PER_LITRE,982.0,True
2025-03-01,Plateau,PETROL_PRICE_NGN_PER_LITRE,1450.79818627383,True
2025-03-01,Rivers,PETROL_PRICE_NGN_PER_LITRE,1175.54422222222,True
2025-03-01,Sokoto,PETROL_PRICE_NGN_PER_LITRE,1550.0,True
2025-03-01,Taraba,PETROL_PRICE_NGN_PER_LITRE,1353.95333333333,True
2025-03-01,Yobe,PETROL_PRICE_NGN_PER_LITRE,1114.114375,True
2025-03-01,Zamfara,PETROL_PRICE_NGN_PER_LITRE,1200.63185714286,True
2025-04-01,Abia,PETROL_PRICE_NGN_PER_LITRE,1227.15125,True
2025-04-01,Abuja,PETROL_PRICE_NGN_PER_LITRE,1180.41666666667,True
2025-04-01,Adamawa,PETROL_PRICE_NGN_PER_LITRE,1370.0,True
2025-04-01,Akwa Ibom,PETROL_PRICE_NGN_PER_LITRE,1139.0,True
2025-04-01,Anambra,PETROL_PRICE_NGN_PER_LITRE,1240.68815538462,True
2025-04-01,Bauchi,PETROL_PRICE_NGN_PER_LITRE,1186.9823,True
2025-04-01,Bayelsa,PETROL_PRICE_NGN_PER_LITRE,1185.9,True
2025-04-01,Benue,PETROL_PRICE_NGN_PER_LITRE,1341.34338461538,True
2025-04-01,Borno,PETROL_PRICE_NGN_PER_LITRE,1153.33333333333,True
2025-04-01,Cross River,PETROL_PRICE_NGN_PER_LITRE,1301.6875,True
2025-04-01,Delta,PETROL_PRICE_NGN_PER_LITRE,1161.4136,True
2025-04-01,Ebonyi,PETROL_PRICE_NGN_PER_LITRE,1118.79817142857,True
2025-04-01,Edo,PETROL_PRICE_NGN_PER_LITRE,1283.23633333333,True
2025-04-01,Ekiti,PETROL_PRICE_NGN_PER_LITRE,1226.29711,True
2025-04-01,Enugu,PETROL_PRICE_NGN_PER_LITRE,1533.40833333333,True
2025-04-01,Gombe,PETROL_PRICE_NGN_PER_LITRE,1060.926125,True
2025-04-01,Imo,PETROL_PRICE_NGN_PER_LITRE,1588.49857142857,True
2025-04-01,Jigawa,PETROL_PRICE_NGN_PER_LITRE,1567.842585,True
2025-04-01,Kaduna,PETROL_PRICE_NGN_PER_LITRE,1395.04436,True
2025-04-01,Kano,PETROL_PRICE_NGN_PER_LITRE,1283.6950192307693,True
2025-04-01,Katsina,PETROL_PRICE_NGN_PER_LITRE,1111.9375,True
2025-04-01,Kebbi,PETROL_PRICE_NGN_PER_LITRE,1148.9099475,True
2025-04-01,Kogi,PETROL_PRICE_NGN_PER_LITRE,1258.0,True
2025-04-01,Kwara,PETROL_PRICE_NGN_PER_LITRE,1014.85075075,True
2025-04-01,Lagos,PETROL_PRICE_NGN_PER_LITRE,1064.5762,True
2025-04-01,Nasarawa,PETROL_PRICE_NGN_PER_LITRE,1293.8995671,True
2025-04-01,Niger,PETROL_PRICE_NGN_PER_LITRE,1309.5400190375,True
2025-04-01,Ogun,PETROL_PRICE_NGN_PER_LITRE,1166.2385,True
2025-04-01,Ondo,PETROL_PRICE_NGN_PER_LITRE,1148.4227133333334,True
2025-04-01,Osun,PETROL_PRICE_NGN_PER_LITRE,1042.49266666667,True
2025-04-01,Oyo,PETROL_PRICE_NGN_PER_LITRE,1183.7945,True
2025-04-01,Plateau,PETROL_PRICE_NGN_PER_LITRE,1302.52382749048,True
2025-04-01,Rivers,PETROL_PRICE_NGN_PER_LITRE,1263.9822222222222,True
2025-04-01,Sokoto,PETROL_PRICE_NGN_PER_LITRE,1550.0,True
2025-04-01,Taraba,PETROL_PRICE_NGN_PER_LITRE,1256.386,True
2025-04-01,Yobe,PETROL_PRICE_NGN_PER_LITRE,970.0,True
2025-04-01,Zamfara,PETROL_PRICE_NGN_PER_LITRE,1223.88591,True
2025-05-01,Abia,PETROL_PRICE_NGN_PER_LITRE,1059.0165,True
2025-05-01,Abuja,PETROL_PRICE_NGN_PER_LITRE,1029.8,True
2025-05-01,Adamawa,PETROL_PRICE_NGN_PER_LITRE,1053.4,True
2025-05-01,Akwa Ibom,PETROL_PRICE_NGN_PER_LITRE,1033.4087499999998,True
2025-05-01,Anambra,PETROL_PRICE_NGN_PER_LITRE,1084.130802533333,True
2025-05-01,Bauchi,PETROL_PRICE_NGN_PER_LITRE,1053.731229,True
2025-05-01,Bayelsa,PETROL_PRICE_NGN_PER_LITRE,1006.0,True
2025-05-01,Benue,PETROL_PRICE_NGN_PER_LITRE,1009.3076923076924,True
2025-05-01,Borno,PETROL_PRICE_NGN_PER_LITRE,1034.9333333333334,True
2025-05-01,Cross River,PETROL_PRICE_NGN_PER_LITRE,1000.55375,True
2025-05-01,Delta,PETROL_PRICE_NGN_PER_LITRE,1067.3394,True
2025-05-01,Ebonyi,PETROL_PRICE_NGN_PER_LITRE,1060.1787673714284,True
2025-05-01,Edo,PETROL_PRICE_NGN_PER_LITRE,1020.0,True
2025-05-01,Ekiti,PETROL_PRICE_NGN_PER_LITRE,1001.1949178,True
2025-05-01,Enugu,PETROL_PRICE_NGN_PER_LITRE,1054.5901666666666,True
2025-05-01,Gombe,PETROL_PRICE_NGN_PER_LITRE,990.0,True
2025-05-01,Imo,PETROL_PRICE_NGN_PER_LITRE,987.8571428571428,True
2025-05-01,Jigawa,PETROL_PRICE_NGN_PER_LITRE,1079.0163613,True
2025-05-01,Kaduna,PETROL_PRICE_NGN_PER_LITRE,1020.8271128,True
2025-05-01,Kano,PETROL_PRICE_NGN_PER_LITRE,988.16172,True
2025-05-01,Katsina,PETROL_PRICE_NGN_PER_LITRE,992.22125,True
2025-05-01,Kebbi,PETROL_PRICE_NGN_PER_LITRE,1021.790906425,True
2025-05-01,Kogi,PETROL_PRICE_NGN_PER_LITRE,986.6666666666666,True
2025-05-01,Kwara,PETROL_PRICE_NGN_PER_LITRE,1038.0637257350002,True
2025-05-01,Lagos,PETROL_PRICE_NGN_PER_LITRE,1077.050976,True
2025-05-01,Nasarawa,PETROL_PRICE_NGN_PER_LITRE,992.0,True
2025-05-01,Niger,PETROL_PRICE_NGN_PER_LITRE,991.075,True
2025-05-01,Ogun,PETROL_PRICE_NGN_PER_LITRE,1013.125,True
2025-05-01,Ondo,PETROL_PRICE_NGN_PER_LITRE,1083.4709257333334,True
2025-05-01,Osun,PETROL_PRICE_NGN_PER_LITRE,1060.5752577777776,True
2025-05-01,Oyo,PETROL_PRICE_NGN_PER_LITRE,1038.005678627451,True
2025-05-01,Plateau,PETROL_PRICE_NGN_PER_LITRE,991.0518312795,True
2025-05-01,Rivers,PETROL_PRICE_NGN_PER_LITRE,981.6666666666666,True
2025-05-01,Sokoto,PETROL_PRICE_NGN_PER_LITRE,1100.0,True
2025-05-01,Taraba,PETROL_PRICE_NGN_PER_LITRE,983.0,True
2025-05-01,Yobe,PETROL_PRICE_NGN_PER_LITRE,950.6,True
2025-05-01,Zamfara,PETROL_PRICE_NGN_PER_LITRE,1093.2114462,True
2025-06-01,Abia,PETROL_PRICE_NGN_PER_LITRE,1041.28375,True
2025-06-01,Abuja,PETROL_PRICE_NGN_PER_LITRE,1050.36,True
2025-06-01,Adamawa,PETROL_PRICE_NGN_PER_LITRE,1083.4,True
2025-06-01,Akwa Ibom,PETROL_PRICE_NGN_PER_LITRE,1033.4087499999998,True
2025-06-01,Anambra,PETROL_PRICE_NGN_PER_LITRE,1088.1952092,True
2025-06-01,Bauchi,PETROL_PRICE_NGN_PER_LITRE,1055.342034,True
2025-06-01,Bayelsa,PETROL_PRICE_NGN_PER_LITRE,1006.0,True
2025-06-01,Benue,PETROL_PRICE_NGN_PER_LITRE,1016.07692307692,True
2025-06-01,Borno,PETROL_PRICE_NGN_PER_LITRE,1034.9333333333334,True
2025-06-01,Cross River,PETROL_PRICE_NGN_PER_LITRE,1025.55375,True
2025-06-01,Delta,PETROL_PRICE_NGN_PER_LITRE,1067.3394,True
2025-06-01,Ebonyi,PETROL_PRICE_NGN_PER_LITRE,1043.9625445142858,True
2025-06-01,Edo,PETROL_PRICE_NGN_PER_LITRE,1020.0,True
2025-06-01,Ekiti,PETROL_PRICE_NGN_PER_LITRE,1001.1949178,True
2025-06-01,Enugu,PETROL_PRICE_NGN_PER_LITRE,1054.5901666666666,True
2025-06-01,Gombe,PETROL_PRICE_NGN_PER_LITRE,990.0,True
2025-06-01,Imo,PETROL_PRICE_NGN_PER_LITRE,987.8571428571428,True
2025-06-01,Jigawa,PETROL_PRICE_NGN_PER_LITRE,1107.5163613,True
2025-06-01,Kaduna,PETROL_PRICE_NGN_PER_LITRE,1064.7871128,True
2025-06-01,Kano,PETROL_PRICE_NGN_PER_LITRE,1015.1232584615384,True
2025-06-01,Katsina,PETROL_PRICE_NGN_PER_LITRE,1003.48375,True
2025-06-01,Kebbi,PETROL_PRICE_NGN_PER_LITRE,1052.139656425,True
2025-06-01,Kogi,PETROL_PRICE_NGN_PER_LITRE,986.6666666666666,True
2025-06-01,Kwara,PETROL_PRICE_NGN_PER_LITRE,1031.216675835,True
2025-06-01,Lagos,PETROL_PRICE_NGN_PER_LITRE,1100.289476,True
2025-06-01,Nasarawa,PETROL_PRICE_NGN_PER_LITRE,992.0,True
2025-06-01,Niger,PETROL_PRICE_NGN_PER_LITRE,1067.4075,True
2025-06-01,Ogun,PETROL_PRICE_NGN_PER_LITRE,1012.5,True
2025-06-01,Ondo,PETROL_PRICE_NGN_PER_LITRE,1104.8042590666666,True
2025-06-01,Osun,PETROL_PRICE_NGN_PER_LITRE,1060.5752577777776,True
2025-06-01,Oyo,PETROL_PRICE_NGN_PER_LITRE,1038.005678627451,True
2025-06-01,Plateau,PETROL_PRICE_NGN_PER_LITRE,1009.0518312795,True
2025-06-01,Rivers,PETROL_PRICE_NGN_PER_LITRE,994.3222222222222,True
2025-06-01,Sokoto,PETROL_PRICE_NGN_PER_LITRE,1100.0,True
2025-06-01,Taraba,PETROL_PRICE_NGN_PER_LITRE,1006.6,True
2025-06-01,Yobe,PETROL_PRICE_NGN_PER_LITRE,950.6,True
2025-06-01,Zamfara,PETROL_PRICE_NGN_PER_LITRE,1096.81125,True
2025-07-01,Abia,PETROL_PRICE_NGN_PER_LITRE,1025.75,True
2025-07-01,Abuja,PETROL_PRICE_NGN_PER_LITRE,1033.6933333333334,True
2025-07-01,Adamawa,PETROL_PRICE_NGN_PER_LITRE,1063.4,True
2025-07-01,Akwa Ibom,PETROL_PRICE_NGN_PER_LITRE,1033.4087499999998,True
2025-07-01,Anambra,PETROL_PRICE_NGN_PER_LITRE,1016.5285425333332,True
2025-07-01,Bauchi,PETROL_PRICE_NGN_PER_LITRE,1030.342034,True
2025-07-01,Bayelsa,PETROL_PRICE_NGN_PER_LITRE,1006.0,True
2025-07-01,Benue,PETROL_PRICE_NGN_PER_LITRE,1021.0769230769232,True
2025-07-01,Borno,PETROL_PRICE_NGN_PER_LITRE,1034.9333333333334,True
2025-07-01,Cross River,PETROL_PRICE_NGN_PER_LITRE,1013.05375,True
2025-07-01,Delta,PETROL_PRICE_NGN_PER_LITRE,1047.1994,True
2025-07-01,Ebonyi,PETROL_PRICE_NGN_PER_LITRE,1043.9625445142858,True
2025-07-01,Edo,PETROL_PRICE_NGN_PER_LITRE,1020.0,True
2025-07-01,Ekiti,PETROL_PRICE_NGN_PER_LITRE,1001.1949178,True
2025-07-01,Enugu,PETROL_PRICE_NGN_PER_LITRE,1054.5901666666666,True
2025-07-01,Gombe,PETROL_PRICE_NGN_PER_LITRE,990.0,True
2025-07-01,Imo,PETROL_PRICE_NGN_PER_LITRE,987.8571428571428,True
2025-07-01,Jigawa,PETROL_PRICE_NGN_PER_LITRE,1107.5163613,True
2025-07-01,Kaduna,PETROL_PRICE_NGN_PER_LITRE,1045.2271128,True
2025-07-01,Kano,PETROL_PRICE_NGN_PER_LITRE,1005.5078738461538,True
2025-07-01,Katsina,PETROL_PRICE_NGN_PER_LITRE,1042.17125,True
2025-07-01,Kebbi,PETROL_PRICE_NGN_PER_LITRE,1065.889656425,True
2025-07-01,Kogi,PETROL_PRICE_NGN_PER_LITRE,986.6666666666666,True
2025-07-01,Kwara,PETROL_PRICE_NGN_PER_LITRE,1031.216675835,True
2025-07-01,Lagos,PETROL_PRICE_NGN_PER_LITRE,1100.289476,True
2025-07-01,Nasarawa,PETROL_PRICE_NGN_PER_LITRE,992.0,True
2025-07-01,Niger,PETROL_PRICE_NGN_PER_LITRE,1055.125,True
2025-07-01,Ogun,PETROL_PRICE_NGN_PER_LITRE,1000.0,True
2025-07-01,Ondo,PETROL_PRICE_NGN_PER_LITRE,1007.0061110666668,True
2025-07-01,Osun,PETROL_PRICE_NGN_PER_LITRE,1039.92869,True
2025-07-01,Oyo,PETROL_PRICE_NGN_PER_LITRE,1038.005678627451,True
2025-07-01,Plateau,PETROL_PRICE_NGN_PER_LITRE,1019.0518312795,True
2025-07-01,Rivers,PETROL_PRICE_NGN_PER_LITRE,994.3222222222222,True
2025-07-01,Sokoto,PETROL_PRICE_NGN_PER_LITRE,1100.0,True
2025-07-01,Taraba,PETROL_PRICE_NGN_PER_LITRE,1036.6,True
2025-07-01,Yobe,PETROL_PRICE_NGN_PER_LITRE,950.6,True
2025-07-01,Zamfara,PETROL_PRICE_NGN_PER_LITRE,884.6257875,True
2025-08-01,Abia,PETROL_PRICE_NGN_PER_LITRE,975.0,True
2025-08-01,Abuja,PETROL_PRICE_NGN_PER_LITRE,1009.9166666666666,True
2025-08-01,Adamawa,PETROL_PRICE_NGN_PER_LITRE,1025.2583333333334,True
2025-08-01,Akwa Ibom,PETROL_PRICE_NGN_PER_LITRE,973.506,True
2025-08-01,Anambra,PETROL_PRICE_NGN_PER_LITRE,1055.2673368298374,True
2025-08-01,Bauchi,PETROL_PRICE_NGN_PER_LITRE,977.3522222222224,True
2025-08-01,Bayelsa,PETROL_PRICE_NGN_PER_LITRE,973.095,True
2025-08-01,Benue,PETROL_PRICE_NGN_PER_LITRE,1031.53,True
2025-08-01,Borno,PETROL_PRICE_NGN_PER_LITRE,1145.5,True
2025-08-01,Cross River,PETROL_PRICE_NGN_PER_LITRE,998.528571428575,True
2025-08-01,Delta,PETROL_PRICE_NGN_PER_LITRE,951.3698347107436,True
2025-08-01,Ebonyi,PETROL_PRICE_NGN_PER_LITRE,1059.9457142857143,True
2025-08-01,Edo,PETROL_PRICE_NGN_PER_LITRE,920.8175,True
2025-08-01,Ekiti,PETROL_PRICE_NGN_PER_LITRE,924.2514285714286,True
2025-08-01,Enugu,PETROL_PRICE_NGN_PER_LITRE,1011.9,True
2025-08-01,Gombe,PETROL_PRICE_NGN_PER_LITRE,980.9622222222222,True
2025-08-01,Imo,PETROL_PRICE_NGN_PER_LITRE,1021.516806722689,True
2025-08-01,Jigawa,PETROL_PRICE_NGN_PER_LITRE,979.6581818181818,True
2025-08-01,Kaduna,PETROL_PRICE_NGN_PER_LITRE,943.3333333333334,True
2025-08-01,Kano,PETROL_PRICE_NGN_PER_LITRE,959.5173333333332,True
2025-08-01,Katsina,PETROL_PRICE_NGN_PER_LITRE,988.265,True
2025-08-01,Kebbi,PETROL_PRICE_NGN_PER_LITRE,946.958,True
2025-08-01,Kogi,PETROL_PRICE_NGN_PER_LITRE,1014.69,True
2025-08-01,Kwara,PETROL_PRICE_NGN_PER_LITRE,933.59,True
2025-08-01,Lagos,PETROL_PRICE_NGN_PER_LITRE,983.05,True
2025-08-01,Nasarawa,PETROL_PRICE_NGN_PER_LITRE,965.9201376936307,True
2025-08-01,Niger,PETROL_PRICE_NGN_PER_LITRE,1037.8104166666712,True
2025-08-01,Ogun,PETROL_PRICE_NGN_PER_LITRE,930.088,True
2025-08-01,Ondo,PETROL_PRICE_NGN_PER_LITRE,921.407142857143,True
2025-08-01,Osun,PETROL_PRICE_NGN_PER_LITRE,926.5486111111112,True
2025-08-01,Oyo,PETROL_PRICE_NGN_PER_LITRE,953.135617977528,True
2025-08-01,Plateau,PETROL_PRICE_NGN_PER_LITRE,1076.06,True
2025-08-01,Rivers,PETROL_PRICE_NGN_PER_LITRE,975.3,True
2025-08-01,Sokoto,PETROL_PRICE_NGN_PER_LITRE,1032.684,True
2025-08-01,Taraba,PETROL_PRICE_NGN_PER_LITRE,953.4,True
2025-08-01,Yobe,PETROL_PRICE_NGN_PER_LITRE,1014.86,True
2025-08-01,Zamfara,PETROL_PRICE_NGN_PER_LITRE,993.3816666666668,True
2025-09-01,Abia,PETROL_PRICE_NGN_PER_LITRE,1000.25,True
2025-09-01,Abuja,PETROL_PRICE_NGN_PER_LITRE,962.6883333333334,True
2025-09-01,Adamawa,PETROL_PRICE_NGN_PER_LITRE,995.1009166666666,True
2025-09-01,Akwa Ibom,PETROL_PRICE_NGN_PER_LITRE,957.14,True
2025-09-01,Anambra,PETROL_PRICE_NGN_PER_LITRE,989.0210154428912,True
2025-09-01,Bauchi,PETROL_PRICE_NGN_PER_LITRE,956.292222222222,True
2025-09-01,Bayelsa,PETROL_PRICE_NGN_PER_LITRE,929.05525,True
2025-09-01,Benue,PETROL_PRICE_NGN_PER_LITRE,1096.9685000000002,True
2025-09-01,Borno,PETROL_PRICE_NGN_PER_LITRE,1045.0,True
2025-09-01,Cross River,PETROL_PRICE_NGN_PER_LITRE,964.1071428571464,True
2025-09-01,Delta,PETROL_PRICE_NGN_PER_LITRE,927.7164793388428,True
2025-09-01,Ebonyi,PETROL_PRICE_NGN_PER_LITRE,1055.0912857142855,True
2025-09-01,Edo,PETROL_PRICE_NGN_PER_LITRE,920.909125,True
2025-09-01,Ekiti,PETROL_PRICE_NGN_PER_LITRE,901.2274285714286,True
2025-09-01,Enugu,PETROL_PRICE_NGN_PER_LITRE,1000.0316666666668,True
2025-09-01,Gombe,PETROL_PRICE_NGN_PER_LITRE,959.1184444444444,True
2025-09-01,Imo,PETROL_PRICE_NGN_PER_LITRE,987.2981092436976,True
2025-09-01,Jigawa,PETROL_PRICE_NGN_PER_LITRE,956.6898181818184,True
2025-09-01,Kaduna,PETROL_PRICE_NGN_PER_LITRE,942.4333333333334,True
2025-09-01,Kano,PETROL_PRICE_NGN_PER_LITRE,939.5583666666666,True
2025-09-01,Katsina,PETROL_PRICE_NGN_PER_LITRE,982.5409166666668,True
2025-09-01,Kebbi,PETROL_PRICE_NGN_PER_LITRE,942.756,True
2025-09-01,Kogi,PETROL_PRICE_NGN_PER_LITRE,963.9555,True
2025-09-01,Kwara,PETROL_PRICE_NGN_PER_LITRE,923.6463,True
2025-09-01,Lagos,PETROL_PRICE_NGN_PER_LITRE,958.3815,True
2025-09-01,Nasarawa,PETROL_PRICE_NGN_PER_LITRE,984.948,True
2025-09-01,Niger,PETROL_PRICE_NGN_PER_LITRE,1006.8557291666706,True
2025-09-01,Ogun,PETROL_PRICE_NGN_PER_LITRE,946.7,True
2025-09-01,Ondo,PETROL_PRICE_NGN_PER_LITRE,962.6828571428572,True
2025-09-01,Osun,PETROL_PRICE_NGN_PER_LITRE,933.175,True
2025-09-01,Oyo,PETROL_PRICE_NGN_PER_LITRE,912.2288370786516,True
2025-09-01,Plateau,PETROL_PRICE_NGN_PER_LITRE,1013.999,True
2025-09-01,Rivers,PETROL_PRICE_NGN_PER_LITRE,980.355,True
2025-09-01,Sokoto,PETROL_PRICE_NGN_PER_LITRE,1023.39,True
2025-09-01,Taraba,PETROL_PRICE_NGN_PER_LITRE,934.02,True
2025-09-01,Yobe,PETROL_PRICE_NGN_PER_LITRE,988.93675,True
2025-09-01,Zamfara,PETROL_PRICE_NGN_PER_LITRE,967.4859166666666,True
2025-10-01,Abia,PETROL_PRICE_NGN_PER_LITRE,1012.5,True
2025-10-01,Abuja,PETROL_PRICE_NGN_PER_LITRE,1039.1666666666667,True
2025-10-01,Adamawa,PETROL_PRICE_NGN_PER_LITRE,1053.01,True
2025-10-01,Akwa Ibom,PETROL_PRICE_NGN_PER_LITRE,1064.325,True
2025-10-01,Anambra,PETROL_PRICE_NGN_PER_LITRE,1068.238125,True
2025-10-01,Bauchi,PETROL_PRICE_NGN_PER_LITRE,1078.3444444444444,True
2025-10-01,Bayelsa,PETROL_PRICE_NGN_PER_LITRE,1073.9125,True
2025-10-01,Benue,PETROL_PRICE_NGN_PER_LITRE,1071.3788499999998,True
2025-10-01,Borno,PETROL_PRICE_NGN_PER_LITRE,1101.625,True
2025-10-01,Cross River,PETROL_PRICE_NGN_PER_LITRE,1031.25,True
2025-10-01,Delta,PETROL_PRICE_NGN_PER_LITRE,1025.9914136363636,True
2025-10-01,Ebonyi,PETROL_PRICE_NGN_PER_LITRE,1036.9892857142856,True
2025-10-01,Edo,PETROL_PRICE_NGN_PER_LITRE,1030.046625,True
2025-10-01,Ekiti,PETROL_PRICE_NGN_PER_LITRE,1058.4937457142858,True
2025-10-01,Enugu,PETROL_PRICE_NGN_PER_LITRE,1030.9216666666666,True
2025-10-01,Gombe,PETROL_PRICE_NGN_PER_LITRE,1055.7235055555554,True
2025-10-01,Imo,PETROL_PRICE_NGN_PER_LITRE,1087.1266807142858,True
2025-10-01,Jigawa,PETROL_PRICE_NGN_PER_LITRE,1059.0913636363637,True
2025-10-01,Kaduna,PETROL_PRICE_NGN_PER_LITRE,1023.3333333333334,True
2025-10-01,Kano,PETROL_PRICE_NGN_PER_LITRE,1060.5646666666669,True
2025-10-01,Katsina,PETROL_PRICE_NGN_PER_LITRE,1053.6455166666667,True
2025-10-01,Kebbi,PETROL_PRICE_NGN_PER_LITRE,1031.64,True
2025-10-01,Kogi,PETROL_PRICE_NGN_PER_LITRE,1110.0,True
2025-10-01,Kwara,PETROL_PRICE_NGN_PER_LITRE,1051.13,True
2025-10-01,Lagos,PETROL_PRICE_NGN_PER_LITRE,1014.0,True
2025-10-01,Nasarawa,PETROL_PRICE_NGN_PER_LITRE,1009.377,True
2025-10-01,Niger,PETROL_PRICE_NGN_PER_LITRE,1061.127816625,True
2025-10-01,Ogun,PETROL_PRICE_NGN_PER_LITRE,1064.9875,True
2025-10-01,Ondo,PETROL_PRICE_NGN_PER_LITRE,1017.8285714285712,True
2025-10-01,Osun,PETROL_PRICE_NGN_PER_LITRE,1039.76979375,True
2025-10-01,Oyo,PETROL_PRICE_NGN_PER_LITRE,1001.786,True
2025-10-01,Plateau,PETROL_PRICE_NGN_PER_LITRE,1056.132,True
2025-10-01,Rivers,PETROL_PRICE_NGN_PER_LITRE,1053.718125,True
2025-10-01,Sokoto,PETROL_PRICE_NGN_PER_LITRE,1105.93315,True
2025-10-01,Taraba,PETROL_PRICE_NGN_PER_LITRE,1072.152,True
2025-10-01,Yobe,PETROL_PRICE_NGN_PER_LITRE,1075.5883333333334,True
2025-10-01,Zamfara,PETROL_PRICE_NGN_PER_LITRE,1054.6785695833332,True
2025-11-01,Abia,PETROL_PRICE_NGN_PER_LITRE,1040.4225,True
2025-11-01,Abuja,PETROL_PRICE_NGN_PER_LITRE,1065.743333333333,True
2025-11-01,Adamawa,PETROL_PRICE_NGN_PER_LITRE,1055.7183333333337,True
2025-11-01,Akwa Ibom,PETROL_PRICE_NGN_PER_LITRE,1064.325,True
2025-11-01,Anambra,PETROL_PRICE_NGN_PER_LITRE,1068.238125,True
2025-11-01,Bauchi,PETROL_PRICE_NGN_PER_LITRE,1082.6033333333332,True
2025-11-01,Bayelsa,PETROL_PRICE_NGN_PER_LITRE,1073.9125,True
2025-11-01,Benue,PETROL_PRICE_NGN_PER_LITRE,1080.9188500000002,True
2025-11-01,Borno,PETROL_PRICE_NGN_PER_LITRE,1133.86125,True
2025-11-01,Cross River,PETROL_PRICE_NGN_PER_LITRE,1047.43625,True
2025-11-01,Delta,PETROL_PRICE_NGN_PER_LITRE,1035.4186863636369,True
2025-11-01,Ebonyi,PETROL_PRICE_NGN_PER_LITRE,1062.076142857143,True
2025-11-01,Edo,PETROL_PRICE_NGN_PER_LITRE,1041.233135,True
2025-11-01,Ekiti,PETROL_PRICE_NGN_PER_LITRE,1056.3186522857145,True
2025-11-01,Enugu,PETROL_PRICE_NGN_PER_LITRE,1037.6753,True
2025-11-01,Gombe,PETROL_PRICE_NGN_PER_LITRE,1067.5148097777778,True
2025-11-01,Imo,PETROL_PRICE_NGN_PER_LITRE,1087.1266807142858,True
2025-11-01,Jigawa,PETROL_PRICE_NGN_PER_LITRE,1070.5763454545454,True
2025-11-01,Kaduna,PETROL_PRICE_NGN_PER_LITRE,1050.9633333333334,True
2025-11-01,Kano,PETROL_PRICE_NGN_PER_LITRE,1061.32952,True
2025-11-01,Katsina,PETROL_PRICE_NGN_PER_LITRE,1060.1121833333334,True
2025-11-01,Kebbi,PETROL_PRICE_NGN_PER_LITRE,1043.758,True
2025-11-01,Kogi,PETROL_PRICE_NGN_PER_LITRE,1110.0,True
2025-11-01,Kwara,PETROL_PRICE_NGN_PER_LITRE,1062.675,True
2025-11-01,Lagos,PETROL_PRICE_NGN_PER_LITRE,1021.144,True
2025-11-01,Nasarawa,PETROL_PRICE_NGN_PER_LITRE,1015.12062,True
2025-11-01,Niger,PETROL_PRICE_NGN_PER_LITRE,1062.554066625,True
2025-11-01,Ogun,PETROL_PRICE_NGN_PER_LITRE,1064.9875,True
2025-11-01,Ondo,PETROL_PRICE_NGN_PER_LITRE,1025.0414285714285,True
2025-11-01,Osun,PETROL_PRICE_NGN_PER_LITRE,1051.81920825,True
2025-11-01,Oyo,PETROL_PRICE_NGN_PER_LITRE,997.38656,True
2025-11-01,Plateau,PETROL_PRICE_NGN_PER_LITRE,1056.132,True
2025-11-01,Rivers,PETROL_PRICE_NGN_PER_LITRE,1065.428125,True
2025-11-01,Sokoto,PETROL_PRICE_NGN_PER_LITRE,1118.82765,True
2025-11-01,Taraba,PETROL_PRICE_NGN_PER_LITRE,1079.1799999999998,True
2025-11-01,Yobe,PETROL_PRICE_NGN_PER_LITRE,1085.3703,True
2025-11-01,Zamfara,PETROL_PRICE_NGN_PER_LITRE,1067.0019029166665,True
2025-12-01,Abia,PETROL_PRICE_NGN_PER_LITRE,1032.1181125000005,True
2025-12-01,Abuja,PETROL_PRICE_NGN_PER_LITRE,1033.7795666666668,True
2025-12-01,Adamawa,PETROL_PRICE_NGN_PER_LITRE,1052.7499416666667,True
2025-12-01,Akwa Ibom,PETROL_PRICE_NGN_PER_LITRE,1059.426625,True
2025-12-01,Anambra,PETROL_PRICE_NGN_PER_LITRE,1066.596934375,True
2025-12-01,Bauchi,PETROL_PRICE_NGN_PER_LITRE,1079.612772222222,True
2025-12-01,Bayelsa,PETROL_PRICE_NGN_PER_LITRE,1058.0788125,True
2025-12-01,Benue,PETROL_PRICE_NGN_PER_LITRE,1034.42797875,True
2025-12-01,Borno,PETROL_PRICE_NGN_PER_LITRE,1072.0421875,True
2025-12-01,Cross River,PETROL_PRICE_NGN_PER_LITRE,1051.50229375,True
2025-12-01,Delta,PETROL_PRICE_NGN_PER_LITRE,1028.6097116136364,True
2025-12-01,Ebonyi,PETROL_PRICE_NGN_PER_LITRE,1044.030105,True
2025-12-01,Edo,PETROL_PRICE_NGN_PER_LITRE,1029.7772123,True
2025-12-01,Ekiti,PETROL_PRICE_NGN_PER_LITRE,1048.4319404414284,True
2025-12-01,Enugu,PETROL_PRICE_NGN_PER_LITRE,1017.2834175000002,True
2025-12-01,Gombe,PETROL_PRICE_NGN_PER_LITRE,1075.7343529900002,True
2025-12-01,Imo,PETROL_PRICE_NGN_PER_LITRE,1086.2553498321429,True
2025-12-01,Jigawa,PETROL_PRICE_NGN_PER_LITRE,1059.721914090909,True
2025-12-01,Kaduna,PETROL_PRICE_NGN_PER_LITRE,1052.2651166666667,True
2025-12-01,Kano,PETROL_PRICE_NGN_PER_LITRE,1063.0420490666668,True
2025-12-01,Katsina,PETROL_PRICE_NGN_PER_LITRE,1051.3579994166666,True
2025-12-01,Kebbi,PETROL_PRICE_NGN_PER_LITRE,1003.07741,True
2025-12-01,Kogi,PETROL_PRICE_NGN_PER_LITRE,1104.45,True
2025-12-01,Kwara,PETROL_PRICE_NGN_PER_LITRE,1028.520375,True
2025-12-01,Lagos,PETROL_PRICE_NGN_PER_LITRE,1030.7697199999998,True
2025-12-01,Nasarawa,PETROL_PRICE_NGN_PER_LITRE,1011.0494231,True
2025-12-01,Niger,PETROL_PRICE_NGN_PER_LITRE,1061.2113359593752,True
2025-12-01,Ogun,PETROL_PRICE_NGN_PER_LITRE,1026.3190625,True
2025-12-01,Ondo,PETROL_PRICE_NGN_PER_LITRE,1028.5236142857143,True
2025-12-01,Osun,PETROL_PRICE_NGN_PER_LITRE,1046.48631220875,True
2025-12-01,Oyo,PETROL_PRICE_NGN_PER_LITRE,996.5464032,True
2025-12-01,Plateau,PETROL_PRICE_NGN_PER_LITRE,1046.7132699999995,True
2025-12-01,Rivers,PETROL_PRICE_NGN_PER_LITRE,1062.2512218749998,True
2025-12-01,Sokoto,PETROL_PRICE_NGN_PER_LITRE,1035.4703965,True
2025-12-01,Taraba,PETROL_PRICE_NGN_PER_LITRE,1080.06466,True
2025-12-01,Yobe,PETROL_PRICE_NGN_PER_LITRE,1081.7998045000002,True
2025-12-01,Zamfara,PETROL_PRICE_NGN_PER_LITRE,1059.10669060625,True
2026-01-01,Abia,PETROL_PRICE_NGN_PER_LITRE,1054.25,True
2026-01-01,Abuja,PETROL_PRICE_NGN_PER_LITRE,959.6112916666668,True
2026-01-01,Adamawa,PETROL_PRICE_NGN_PER_LITRE,1090.1947916666668,True
2026-01-01,Akwa Ibom,PETROL_PRICE_NGN_PER_LITRE,1112.7822536091116,True
2026-01-01,Anambra,PETROL_PRICE_NGN_PER_LITRE,980.79375,True
2026-01-01,Bauchi,PETROL_PRICE_NGN_PER_LITRE,967.0061055555556,True
2026-01-01,Bayelsa,PETROL_PRICE_NGN_PER_LITRE,968.8875,True
2026-01-01,Benue,PETROL_PRICE_NGN_PER_LITRE,1059.49,True
2026-01-01,Borno,PETROL_PRICE_NGN_PER_LITRE,1079.5,True
2026-01-01,Cross River,PETROL_PRICE_NGN_PER_LITRE,1171.765185114841,True
2026-01-01,Delta,PETROL_PRICE_NGN_PER_LITRE,1012.4313442728118,True
2026-01-01,Ebonyi,PETROL_PRICE_NGN_PER_LITRE,1065.8506714285716,True
2026-01-01,Edo,PETROL_PRICE_NGN_PER_LITRE,1029.45,True
2026-01-01,Ekiti,PETROL_PRICE_NGN_PER_LITRE,946.9009096787142,True
2026-01-01,Enugu,PETROL_PRICE_NGN_PER_LITRE,946.9161666666664,True
2026-01-01,Gombe,PETROL_PRICE_NGN_PER_LITRE,1016.8226789622222,True
2026-01-01,Imo,PETROL_PRICE_NGN_PER_LITRE,1085.8726891178571,True
2026-01-01,Jigawa,PETROL_PRICE_NGN_PER_LITRE,983.4598328561914,True
2026-01-01,Kaduna,PETROL_PRICE_NGN_PER_LITRE,947.0,True
2026-01-01,Kano,PETROL_PRICE_NGN_PER_LITRE,1014.3976810673672,True
2026-01-01,Katsina,PETROL_PRICE_NGN_PER_LITRE,1035.8349583333334,True
2026-01-01,Kebbi,PETROL_PRICE_NGN_PER_LITRE,1042.89954138021,True
2026-01-01,Kogi,PETROL_PRICE_NGN_PER_LITRE,960.0,True
2026-01-01,Kwara,PETROL_PRICE_NGN_PER_LITRE,1109.1572490111942,True
2026-01-01,Lagos,PETROL_PRICE_NGN_PER_LITRE,1026.10526907287,True
2026-01-01,Nasarawa,PETROL_PRICE_NGN_PER_LITRE,1149.1342781461683,True
2026-01-01,Niger,PETROL_PRICE_NGN_PER_LITRE,983.50650475,True
2026-01-01,Ogun,PETROL_PRICE_NGN_PER_LITRE,995.6577064402364,True
2026-01-01,Ondo,PETROL_PRICE_NGN_PER_LITRE,1036.6688796505362,True
2026-01-01,Osun,PETROL_PRICE_NGN_PER_LITRE,1037.3764624716423,True
2026-01-01,Oyo,PETROL_PRICE_NGN_PER_LITRE,1013.1016032,True
2026-01-01,Plateau,PETROL_PRICE_NGN_PER_LITRE,1077.16,True
2026-01-01,Rivers,PETROL_PRICE_NGN_PER_LITRE,1160.91714,True
2026-01-01,Sokoto,PETROL_PRICE_NGN_PER_LITRE,1019.311709859084,True
2026-01-01,Taraba,PETROL_PRICE_NGN_PER_LITRE,1048.410751,True
2026-01-01,Yobe,PETROL_PRICE_NGN_PER_LITRE,1050.7736628333334,True
2026-01-01,Zamfara,PETROL_PRICE_NGN_PER_LITRE,1046.567696105741,True
2026-02-01,Abia,PETROL_PRICE_NGN_PER_LITRE,1095.1941456475688,True
2026-02-01,Abuja,PETROL_PRICE_NGN_PER_LITRE,1006.32984760697,True
2026-02-01,Adamawa,PETROL_PRICE_NGN_PER_LITRE,1096.6324641309066,True
2026-02-01,Akwa Ibom,PETROL_PRICE_NGN_PER_LITRE,1109.4363411565614,True
2026-02-01,Anambra,PETROL_PRICE_NGN_PER_LITRE,1077.5079924242414,True
2026-02-01,Bauchi,PETROL_PRICE_NGN_PER_LITRE,1005.45175870677,True
2026-02-01,Bayelsa,PETROL_PRICE_NGN_PER_LITRE,1050.0275,True
2026-02-01,Benue,PETROL_PRICE_NGN_PER_LITRE,1069.39713619258,True
2026-02-01,Borno,PETROL_PRICE_NGN_PER_LITRE,1108.0850239171796,True
2026-02-01,Cross River,PETROL_PRICE_NGN_PER_LITRE,1068.606344432329,True
2026-02-01,Delta,PETROL_PRICE_NGN_PER_LITRE,1023.8071483574724,True
2026-02-01,Ebonyi,PETROL_PRICE_NGN_PER_LITRE,1095.6565671715173,True
2026-02-01,Edo,PETROL_PRICE_NGN_PER_LITRE,1055.34,True
2026-02-01,Ekiti,PETROL_PRICE_NGN_PER_LITRE,1015.7126408420496,True
2026-02-01,Enugu,PETROL_PRICE_NGN_PER_LITRE,1008.79651891057,True
2026-02-01,Gombe,PETROL_PRICE_NGN_PER_LITRE,1106.04498805365,True
2026-02-01,Imo,PETROL_PRICE_NGN_PER_LITRE,1016.586025415284,True
2026-02-01,Jigawa,PETROL_PRICE_NGN_PER_LITRE,1068.9572309156815,True
2026-02-01,Kaduna,PETROL_PRICE_NGN_PER_LITRE,1000.0666666666666,True
2026-02-01,Kano,PETROL_PRICE_NGN_PER_LITRE,1032.4446482783387,True
2026-02-01,Katsina,PETROL_PRICE_NGN_PER_LITRE,1009.56085349024,True
2026-02-01,Kebbi,PETROL_PRICE_NGN_PER_LITRE,1047.7039807835356,True
2026-02-01,Kogi,PETROL_PRICE_NGN_PER_LITRE,1002.0,True
2026-02-01,Kwara,PETROL_PRICE_NGN_PER_LITRE,1064.6276672387444,True
2026-02-01,Lagos,PETROL_PRICE_NGN_PER_LITRE,966.6096519306284,True
2026-02-01,Nasarawa,PETROL_PRICE_NGN_PER_LITRE,1042.6815218774004,True
2026-02-01,Niger,PETROL_PRICE_NGN_PER_LITRE,1072.6494935481323,True
2026-02-01,Ogun,PETROL_PRICE_NGN_PER_LITRE,1029.6665876407706,True
2026-02-01,Ondo,PETROL_PRICE_NGN_PER_LITRE,1071.564452689861,True
2026-02-01,Osun,PETROL_PRICE_NGN_PER_LITRE,1086.361315942425,True
2026-02-01,Oyo,PETROL_PRICE_NGN_PER_LITRE,973.448729627903,True
2026-02-01,Plateau,PETROL_PRICE_NGN_PER_LITRE,1051.727557265312,True
2026-02-01,Rivers,PETROL_PRICE_NGN_PER_LITRE,1030.7429628275222,True
2026-02-01,Sokoto,PETROL_PRICE_NGN_PER_LITRE,1116.8115997626,True
2026-02-01,Taraba,PETROL_PRICE_NGN_PER_LITRE,1055.4908480870615,True
2026-02-01,Yobe,PETROL_PRICE_NGN_PER_LITRE,1134.7317862777957,True
2026-02-01,Zamfara,PETROL_PRICE_NGN_PER_LITRE,1038.0130892545455,True
2026-03-01,Abia,PETROL_PRICE_NGN_PER_LITRE,1247.8383212781428,True
2026-03-01,Abuja,PETROL_PRICE_NGN_PER_LITRE,1268.490545484879,True
2026-03-01,Adamawa,PETROL_PRICE_NGN_PER_LITRE,1350.7321650796705,True
2026-03-01,Akwa Ibom,PETROL_PRICE_NGN_PER_LITRE,1301.5161371166655,True
2026-03-01,Anambra,PETROL_PRICE_NGN_PER_LITRE,1441.2242798133802,True
2026-03-01,Bauchi,PETROL_PRICE_NGN_PER_LITRE,1290.4728792180797,True
2026-03-01,Bayelsa,PETROL_PRICE_NGN_PER_LITRE,1252.4847963316722,True
2026-03-01,Benue,PETROL_PRICE_NGN_PER_LITRE,1303.67942923968,True
2026-03-01,Borno,PETROL_PRICE_NGN_PER_LITRE,1375.16229181218,True
2026-03-01,Cross River,PETROL_PRICE_NGN_PER_LITRE,1365.0226376598357,True
2026-03-01,Delta,PETROL_PRICE_NGN_PER_LITRE,1279.6018592146163,True
2026-03-01,Ebonyi,PETROL_PRICE_NGN_PER_LITRE,1287.9259111482986,True
2026-03-01,Edo,PETROL_PRICE_NGN_PER_LITRE,1315.084996461098,True
2026-03-01,Ekiti,PETROL_PRICE_NGN_PER_LITRE,1246.158449253726,True
2026-03-01,Enugu,PETROL_PRICE_NGN_PER_LITRE,1308.2152442462375,True
2026-03-01,Gombe,PETROL_PRICE_NGN_PER_LITRE,1334.831985967728,True
2026-03-01,Imo,PETROL_PRICE_NGN_PER_LITRE,1291.0984925442067,True
2026-03-01,Jigawa,PETROL_PRICE_NGN_PER_LITRE,1270.062218949202,True
2026-03-01,Kaduna,PETROL_PRICE_NGN_PER_LITRE,1193.398,True
2026-03-01,Kano,PETROL_PRICE_NGN_PER_LITRE,1280.1399870269354,True
2026-03-01,Katsina,PETROL_PRICE_NGN_PER_LITRE,1356.4050026719997,True
2026-03-01,Kebbi,PETROL_PRICE_NGN_PER_LITRE,1337.2598090124986,True
2026-03-01,Kogi,PETROL_PRICE_NGN_PER_LITRE,1217.24,True
2026-03-01,Kwara,PETROL_PRICE_NGN_PER_LITRE,1224.2773826855569,True
2026-03-01,Lagos,PETROL_PRICE_NGN_PER_LITRE,1162.7059656525198,True
2026-03-01,Nasarawa,PETROL_PRICE_NGN_PER_LITRE,1213.795731634914,True
2026-03-01,Niger,PETROL_PRICE_NGN_PER_LITRE,1328.4224461270396,True
2026-03-01,Ogun,PETROL_PRICE_NGN_PER_LITRE,1169.7818393190885,True
2026-03-01,Ondo,PETROL_PRICE_NGN_PER_LITRE,1287.8252196603446,True
2026-03-01,Osun,PETROL_PRICE_NGN_PER_LITRE,1256.9570215394829,True
2026-03-01,Oyo,PETROL_PRICE_NGN_PER_LITRE,1271.3053739558022,True
2026-03-01,Plateau,PETROL_PRICE_NGN_PER_LITRE,1252.4481732820404,True
2026-03-01,Rivers,PETROL_PRICE_NGN_PER_LITRE,1247.837553239143,True
2026-03-01,Sokoto,PETROL_PRICE_NGN_PER_LITRE,1377.5542414974232,True
2026-03-01,Taraba,PETROL_PRICE_NGN_PER_LITRE,1305.7440770852045,True
2026-03-01,Yobe,PETROL_PRICE_NGN_PER_LITRE,1362.0517668263194,True
2026-03-01,Zamfara,PETROL_PRICE_NGN_PER_LITRE,1301.3054876896451,True
2026-04-01,Abia,PETROL_PRICE_NGN_PER_LITRE,1557.39273955503,True
2026-04-01,Abuja,PETROL_PRICE_NGN_PER_LITRE,1553.74594061519,True
2026-04-01,Adamawa,PETROL_PRICE_NGN_PER_LITRE,1417.58375207038,True
2026-04-01,Akwa Ibom,PETROL_PRICE_NGN_PER_LITRE,1585.59740715236,True
2026-04-01,Anambra,PETROL_PRICE_NGN_PER_LITRE,1515.72202546246,True
2026-04-01,Bauchi,PETROL_PRICE_NGN_PER_LITRE,1589.06706401095,True
2026-04-01,Bayelsa,PETROL_PRICE_NGN_PER_LITRE,1536.81018734811,True
2026-04-01,Benue,PETROL_PRICE_NGN_PER_LITRE,1582.75418425999,True
2026-04-01,Borno,PETROL_PRICE_NGN_PER_LITRE,1476.11533851558,True
2026-04-01,Cross River,PETROL_PRICE_NGN_PER_LITRE,1514.14184972602,True
2026-04-01,Delta,PETROL_PRICE_NGN_PER_LITRE,1588.86307648364,True
2026-04-01,Ebonyi,PETROL_PRICE_NGN_PER_LITRE,1537.48336652086,True
2026-04-01,Edo,PETROL_PRICE_NGN_PER_LITRE,1595.74158068873,True
2026-04-01,Ekiti,PETROL_PRICE_NGN_PER_LITRE,1547.71967048727,True
2026-04-01,Enugu,PETROL_PRICE_NGN_PER_LITRE,1430.18348494285,True
2026-04-01,Gombe,PETROL_PRICE_NGN_PER_LITRE,1586.62160026871,True
2026-04-01,Imo,PETROL_PRICE_NGN_PER_LITRE,1573.08297270733,True
2026-04-01,Jigawa,PETROL_PRICE_NGN_PER_LITRE,1572.52876508757,True
2026-04-01,Kaduna,PETROL_PRICE_NGN_PER_LITRE,1534.10767733333,True
2026-04-01,Kano,PETROL_PRICE_NGN_PER_LITRE,1579.2999070854,True
2026-04-01,Katsina,PETROL_PRICE_NGN_PER_LITRE,1406.27520612381,True
2026-04-01,Kebbi,PETROL_PRICE_NGN_PER_LITRE,1501.02504091734,True
2026-04-01,Kogi,PETROL_PRICE_NGN_PER_LITRE,1474.31343494922,True
2026-04-01,Kwara,PETROL_PRICE_NGN_PER_LITRE,1535.78307383459,True
2026-04-01,Lagos,PETROL_PRICE_NGN_PER_LITRE,1486.1679232638,True
2026-04-01,Nasarawa,PETROL_PRICE_NGN_PER_LITRE,1546.88663025952,True
2026-04-01,Niger,PETROL_PRICE_NGN_PER_LITRE,1403.89101575611,True
2026-04-01,Ogun,PETROL_PRICE_NGN_PER_LITRE,1529.66662722857,True
2026-04-01,Ondo,PETROL_PRICE_NGN_PER_LITRE,1573.55648550312,True
2026-04-01,Osun,PETROL_PRICE_NGN_PER_LITRE,1521.85181644109,True
2026-04-01,Oyo,PETROL_PRICE_NGN_PER_LITRE,1555.32480941796,True
2026-04-01,Plateau,PETROL_PRICE_NGN_PER_LITRE,1580.78901471146,True
2026-04-01,Rivers,PETROL_PRICE_NGN_PER_LITRE,1579.40591026747,True
2026-04-01,Sokoto,PETROL_PRICE_NGN_PER_LITRE,1404.15931560314,True
2026-04-01,Taraba,PETROL_PRICE_NGN_PER_LITRE,1581.3072072015,True
2026-04-01,Yobe,PETROL_PRICE_NGN_PER_LITRE,1599.05375040894,True
2026-04-01,Zamfara,PETROL_PRICE_NGN_PER_LITRE,1564.25017379324,True
2026-05-01,Abia,PETROL_PRICE_NGN_PER_LITRE,1653.9100201599535,False
2026-05-01,Abuja,PETROL_PRICE_NGN_PER_LITRE,1602.6400942377156,False
2026-05-01,Adamawa,PETROL_PRICE_NGN_PER_LITRE,1469.825139498,False
2026-05-01,Akwa Ibom,PETROL_PRICE_NGN_PER_LITRE,1629.080974205716,False
2026-05-01,Anambra,PETROL_PRICE_NGN_PER_LITRE,1519.71786580286,False
2026-05-01,Bauchi,PETROL_PRICE_NGN_PER_LITRE,1715.4724573985322,False
2026-05-01,Bayelsa,PETROL_PRICE_NGN_PER_LITRE,1591.3768118111,False
2026-05-01,Benue,PETROL_PRICE_NGN_PER_LITRE,1698.5679310414282,False
2026-05-01,Borno,PETROL_PRICE_NGN_PER_LITRE,1551.06914204654,False
2026-05-01,Cross River,PETROL_PRICE_NGN_PER_LITRE,1551.21468037851,False
2026-05-01,Delta,PETROL_PRICE_NGN_PER_LITRE,1667.6812104287928,False
2026-05-01,Ebonyi,PETROL_PRICE_NGN_PER_LITRE,1633.3754884752568,False
2026-05-01,Edo,PETROL_PRICE_NGN_PER_LITRE,1722.9119902507102,False
2026-05-01,Ekiti,PETROL_PRICE_NGN_PER_LITRE,1598.5576457010786,False
2026-05-01,Enugu,PETROL_PRICE_NGN_PER_LITRE,1570.23030170685,False
2026-05-01,Gombe,PETROL_PRICE_NGN_PER_LITRE,1686.3692200360244,False
2026-05-01,Imo,PETROL_PRICE_NGN_PER_LITRE,1592.3352451161,False
2026-05-01,Jigawa,PETROL_PRICE_NGN_PER_LITRE,1650.9879998480176,False
2026-05-01,Kaduna,PETROL_PRICE_NGN_PER_LITRE,1573.46186378622,False
2026-05-01,Kano,PETROL_PRICE_NGN_PER_LITRE,1607.26868370446,False
2026-05-01,Katsina,PETROL_PRICE_NGN_PER_LITRE,1470.63150640735,False
2026-05-01,Kebbi,PETROL_PRICE_NGN_PER_LITRE,1554.94204024772,False
2026-05-01,Kogi,PETROL_PRICE_NGN_PER_LITRE,1534.32273771729,False
2026-05-01,Kwara,PETROL_PRICE_NGN_PER_LITRE,1555.67216793394,False
2026-05-01,Lagos,PETROL_PRICE_NGN_PER_LITRE,1561.2165960582454,False
2026-05-01,Nasarawa,PETROL_PRICE_NGN_PER_LITRE,1576.120026251013,False
2026-05-01,Niger,PETROL_PRICE_NGN_PER_LITRE,1538.33072338621,False
2026-05-01,Ogun,PETROL_PRICE_NGN_PER_LITRE,1598.322943232422,False
2026-05-01,Ondo,PETROL_PRICE_NGN_PER_LITRE,1598.6974652051867,False
2026-05-01,Osun,PETROL_PRICE_NGN_PER_LITRE,1537.00338551256,False
2026-05-01,Oyo,PETROL_PRICE_NGN_PER_LITRE,1639.966445815278,False
2026-05-01,Plateau,PETROL_PRICE_NGN_PER_LITRE,1623.7613630981043,False
2026-05-01,Rivers,PETROL_PRICE_NGN_PER_LITRE,1580.759307238282,False
2026-05-01,Sokoto,PETROL_PRICE_NGN_PER_LITRE,1489.32779585709,False
2026-05-01,Taraba,PETROL_PRICE_NGN_PER_LITRE,1647.9425367874926,False
2026-05-01,Yobe,PETROL_PRICE_NGN_PER_LITRE,1665.90743929548,False
2026-05-01,Zamfara,PETROL_PRICE_NGN_PER_LITRE,1602.11606816957,False
2025-01-01,Abia,TRANSPORT_AIR_NGN_PER_JOURNEY,126550.0,False
2025-01-01,Abuja,TRANSPORT_AIR_NGN_PER_JOURNEY,129350.0,False
2025-01-01,Adamawa,TRANSPORT_AIR_NGN_PER_JOURNEY,124750.0,False
2025-01-01,Akwa Ibom,TRANSPORT_AIR_NGN_PER_JOURNEY,126666.666666667,False
2025-01-01,Anambra,TRANSPORT_AIR_NGN_PER_JOURNEY,127100.0,False
2025-01-01,Bauchi,TRANSPORT_AIR_NGN_PER_JOURNEY,123550.0,False
2025-01-01,Bayelsa,TRANSPORT_AIR_NGN_PER_JOURNEY,124500.0,False
2025-01-01,Benue,TRANSPORT_AIR_NGN_PER_JOURNEY,124950.0,False
2025-01-01,Borno,TRANSPORT_AIR_NGN_PER_JOURNEY,130000.0,False
2025-01-01,Cross River,TRANSPORT_AIR_NGN_PER_JOURNEY,126666.666666667,False
2025-01-01,Delta,TRANSPORT_AIR_NGN_PER_JOURNEY,124000.0,False
2025-01-01,Ebonyi,TRANSPORT_AIR_NGN_PER_JOURNEY,123500.0,False
2025-01-01,Edo,TRANSPORT_AIR_NGN_PER_JOURNEY,124500.0,False
2025-01-01,Ekiti,TRANSPORT_AIR_NGN_PER_JOURNEY,123110.0,False
2025-01-01,Enugu,TRANSPORT_AIR_NGN_PER_JOURNEY,127850.0,False
2025-01-01,Gombe,TRANSPORT_AIR_NGN_PER_JOURNEY,127000.0,False
2025-01-01,Imo,TRANSPORT_AIR_NGN_PER_JOURNEY,128700.0,False
2025-01-01,Jigawa,TRANSPORT_AIR_NGN_PER_JOURNEY,128500.0,False
2025-01-01,Kaduna,TRANSPORT_AIR_NGN_PER_JOURNEY,127550.0,False
2025-01-01,Kano,TRANSPORT_AIR_NGN_PER_JOURNEY,125500.0,False
2025-01-01,Katsina,TRANSPORT_AIR_NGN_PER_JOURNEY,127000.0,False
2025-01-01,Kebbi,TRANSPORT_AIR_NGN_PER_JOURNEY,125110.0,False
2025-01-01,Kogi,TRANSPORT_AIR_NGN_PER_JOURNEY,127000.0,False
2025-01-01,Kwara,TRANSPORT_AIR_NGN_PER_JOURNEY,130000.0,False
2025-01-01,Lagos,TRANSPORT_AIR_NGN_PER_JOURNEY,120000.0,False
2025-01-01,Nasarawa,TRANSPORT_AIR_NGN_PER_JOURNEY,120650.953015,False
2025-01-01,Niger,TRANSPORT_AIR_NGN_PER_JOURNEY,128110.0,False
2025-01-01,Ogun,TRANSPORT_AIR_NGN_PER_JOURNEY,128650.953015,False
2025-01-01,Ondo,TRANSPORT_AIR_NGN_PER_JOURNEY,126510.0,False
2025-01-01,Osun,TRANSPORT_AIR_NGN_PER_JOURNEY,130000.0,False
2025-01-01,Oyo,TRANSPORT_AIR_NGN_PER_JOURNEY,140110.0,False
2025-01-01,Plateau,TRANSPORT_AIR_NGN_PER_JOURNEY,126450.0,False
2025-01-01,Rivers,TRANSPORT_AIR_NGN_PER_JOURNEY,130000.0,False
2025-01-01,Sokoto,TRANSPORT_AIR_NGN_PER_JOURNEY,127150.0,False
2025-01-01,Taraba,TRANSPORT_AIR_NGN_PER_JOURNEY,127850.0,False
2025-01-01,Yobe,TRANSPORT_AIR_NGN_PER_JOURNEY,129700.0,False
2025-01-01,Zamfara,TRANSPORT_AIR_NGN_PER_JOURNEY,127000.0,False
2025-02-01,Abia,TRANSPORT_AIR_NGN_PER_JOURNEY,126700.0,True
2025-02-01,Abuja,TRANSPORT_AIR_NGN_PER_JOURNEY,129440.0,True
2025-02-01,Adamawa,TRANSPORT_AIR_NGN_PER_JOURNEY,125500.0,True
2025-02-01,Akwa Ibom,TRANSPORT_AIR_NGN_PER_JOURNEY,125666.666666667,True
2025-02-01,Anambra,TRANSPORT_AIR_NGN_PER_JOURNEY,127500.0,True
2025-02-01,Bauchi,TRANSPORT_AIR_NGN_PER_JOURNEY,125400.0,True
2025-02-01,Bayelsa,TRANSPORT_AIR_NGN_PER_JOURNEY,124580.0,True
2025-02-01,Benue,TRANSPORT_AIR_NGN_PER_JOURNEY,125000.0,True
2025-02-01,Borno,TRANSPORT_AIR_NGN_PER_JOURNEY,132000.0,True
2025-02-01,Cross River,TRANSPORT_AIR_NGN_PER_JOURNEY,126766.666666667,True
2025-02-01,Delta,TRANSPORT_AIR_NGN_PER_JOURNEY,124500.0,True
2025-02-01,Ebonyi,TRANSPORT_AIR_NGN_PER_JOURNEY,124200.0,True
2025-02-01,Edo,TRANSPORT_AIR_NGN_PER_JOURNEY,124550.0,True
2025-02-01,Ekiti,TRANSPORT_AIR_NGN_PER_JOURNEY,123500.0,True
2025-02-01,Enugu,TRANSPORT_AIR_NGN_PER_JOURNEY,120000.0,True
2025-02-01,Gombe,TRANSPORT_AIR_NGN_PER_JOURNEY,128000.0,True
2025-02-01,Imo,TRANSPORT_AIR_NGN_PER_JOURNEY,128800.0,True
2025-02-01,Jigawa,TRANSPORT_AIR_NGN_PER_JOURNEY,129500.0,True
2025-02-01,Kaduna,TRANSPORT_AIR_NGN_PER_JOURNEY,128000.0,True
2025-02-01,Kano,TRANSPORT_AIR_NGN_PER_JOURNEY,95000.0,True
2025-02-01,Katsina,TRANSPORT_AIR_NGN_PER_JOURNEY,127600.0,True
2025-02-01,Kebbi,TRANSPORT_AIR_NGN_PER_JOURNEY,125500.0,True
2025-02-01,Kogi,TRANSPORT_AIR_NGN_PER_JOURNEY,127550.0,True
2025-02-01,Kwara,TRANSPORT_AIR_NGN_PER_JOURNEY,132000.0,True
2025-02-01,Lagos,TRANSPORT_AIR_NGN_PER_JOURNEY,124000.0,True
2025-02-01,Nasarawa,TRANSPORT_AIR_NGN_PER_JOURNEY,123631.432757,True
2025-02-01,Niger,TRANSPORT_AIR_NGN_PER_JOURNEY,129000.0,True
2025-02-01,Ogun,TRANSPORT_AIR_NGN_PER_JOURNEY,127631.432757,True
2025-02-01,Ondo,TRANSPORT_AIR_NGN_PER_JOURNEY,127000.0,True
2025-02-01,Osun,TRANSPORT_AIR_NGN_PER_JOURNEY,132000.0,True
2025-02-01,Oyo,TRANSPORT_AIR_NGN_PER_JOURNEY,143000.0,True
2025-02-01,Plateau,TRANSPORT_AIR_NGN_PER_JOURNEY,126400.0,True
2025-02-01,Rivers,TRANSPORT_AIR_NGN_PER_JOURNEY,132000.0,True
2025-02-01,Sokoto,TRANSPORT_AIR_NGN_PER_JOURNEY,127200.0,True
2025-02-01,Taraba,TRANSPORT_AIR_NGN_PER_JOURNEY,127880.0,True
2025-02-01,Yobe,TRANSPORT_AIR_NGN_PER_JOURNEY,130200.0,True
2025-02-01,Zamfara,TRANSPORT_AIR_NGN_PER_JOURNEY,126500.0,True
2025-03-01,Abia,TRANSPORT_AIR_NGN_PER_JOURNEY,127432.0,True
2025-03-01,Abuja,TRANSPORT_AIR_NGN_PER_JOURNEY,130932.0,True
2025-03-01,Adamawa,TRANSPORT_AIR_NGN_PER_JOURNEY,135932.0,True
2025-03-01,Akwa Ibom,TRANSPORT_AIR_NGN_PER_JOURNEY,125861.4,True
2025-03-01,Anambra,TRANSPORT_AIR_NGN_PER_JOURNEY,126932.0,True
2025-03-01,Bauchi,TRANSPORT_AIR_NGN_PER_JOURNEY,125550.0,True
2025-03-01,Bayelsa,TRANSPORT_AIR_NGN_PER_JOURNEY,125000.0,True
2025-03-01,Benue,TRANSPORT_AIR_NGN_PER_JOURNEY,125550.0,True
2025-03-01,Borno,TRANSPORT_AIR_NGN_PER_JOURNEY,133000.0,True
2025-03-01,Cross River,TRANSPORT_AIR_NGN_PER_JOURNEY,127361.4,True
2025-03-01,Delta,TRANSPORT_AIR_NGN_PER_JOURNEY,124400.0,True
2025-03-01,Ebonyi,TRANSPORT_AIR_NGN_PER_JOURNEY,124294.25,True
2025-03-01,Edo,TRANSPORT_AIR_NGN_PER_JOURNEY,124794.25,True
2025-03-01,Ekiti,TRANSPORT_AIR_NGN_PER_JOURNEY,125000.0,True
2025-03-01,Enugu,TRANSPORT_AIR_NGN_PER_JOURNEY,125932.0,True
2025-03-01,Gombe,TRANSPORT_AIR_NGN_PER_JOURNEY,128500.5,True
2025-03-01,Imo,TRANSPORT_AIR_NGN_PER_JOURNEY,129454.25,True
2025-03-01,Jigawa,TRANSPORT_AIR_NGN_PER_JOURNEY,129594.25,True
2025-03-01,Kaduna,TRANSPORT_AIR_NGN_PER_JOURNEY,128698.0,True
2025-03-01,Kano,TRANSPORT_AIR_NGN_PER_JOURNEY,125529.5,True
2025-03-01,Katsina,TRANSPORT_AIR_NGN_PER_JOURNEY,128000.0,True
2025-03-01,Kebbi,TRANSPORT_AIR_NGN_PER_JOURNEY,126000.0,True
2025-03-01,Kogi,TRANSPORT_AIR_NGN_PER_JOURNEY,128000.0,True
2025-03-01,Kwara,TRANSPORT_AIR_NGN_PER_JOURNEY,132550.0,True
2025-03-01,Lagos,TRANSPORT_AIR_NGN_PER_JOURNEY,125550.0,True
2025-03-01,Nasarawa,TRANSPORT_AIR_NGN_PER_JOURNEY,124631.432757,True
2025-03-01,Niger,TRANSPORT_AIR_NGN_PER_JOURNEY,130000.0,True
2025-03-01,Ogun,TRANSPORT_AIR_NGN_PER_JOURNEY,127700.432757,True
2025-03-01,Ondo,TRANSPORT_AIR_NGN_PER_JOURNEY,128000.0,True
2025-03-01,Osun,TRANSPORT_AIR_NGN_PER_JOURNEY,134300.0,True
2025-03-01,Oyo,TRANSPORT_AIR_NGN_PER_JOURNEY,142500.0,True
2025-03-01,Plateau,TRANSPORT_AIR_NGN_PER_JOURNEY,128400.0,True
2025-03-01,Rivers,TRANSPORT_AIR_NGN_PER_JOURNEY,133783.5,True
2025-03-01,Sokoto,TRANSPORT_AIR_NGN_PER_JOURNEY,128000.0,True
2025-03-01,Taraba,TRANSPORT_AIR_NGN_PER_JOURNEY,128350.0,True
2025-03-01,Yobe,TRANSPORT_AIR_NGN_PER_JOURNEY,128500.0,True
2025-03-01,Zamfara,TRANSPORT_AIR_NGN_PER_JOURNEY,128000.5,True
2025-04-01,Abia,TRANSPORT_AIR_NGN_PER_JOURNEY,127530.0,True
2025-04-01,Abuja,TRANSPORT_AIR_NGN_PER_JOURNEY,133240.0,True
2025-04-01,Adamawa,TRANSPORT_AIR_NGN_PER_JOURNEY,136430.0,True
2025-04-01,Akwa Ibom,TRANSPORT_AIR_NGN_PER_JOURNEY,125960.4,True
2025-04-01,Anambra,TRANSPORT_AIR_NGN_PER_JOURNEY,127950.0,True
2025-04-01,Bauchi,TRANSPORT_AIR_NGN_PER_JOURNEY,126450.800714,True
2025-04-01,Bayelsa,TRANSPORT_AIR_NGN_PER_JOURNEY,125500.0,True
2025-04-01,Benue,TRANSPORT_AIR_NGN_PER_JOURNEY,126500.0,True
2025-04-01,Borno,TRANSPORT_AIR_NGN_PER_JOURNEY,134000.0,True
2025-04-01,Cross River,TRANSPORT_AIR_NGN_PER_JOURNEY,127550.9075,True
2025-04-01,Delta,TRANSPORT_AIR_NGN_PER_JOURNEY,130120.5,True
2025-04-01,Ebonyi,TRANSPORT_AIR_NGN_PER_JOURNEY,124540.25,True
2025-04-01,Edo,TRANSPORT_AIR_NGN_PER_JOURNEY,125666.666666667,True
2025-04-01,Ekiti,TRANSPORT_AIR_NGN_PER_JOURNEY,125500.0,True
2025-04-01,Enugu,TRANSPORT_AIR_NGN_PER_JOURNEY,126000.0,True
2025-04-01,Gombe,TRANSPORT_AIR_NGN_PER_JOURNEY,128800.0,True
2025-04-01,Imo,TRANSPORT_AIR_NGN_PER_JOURNEY,132450.25,True
2025-04-01,Jigawa,TRANSPORT_AIR_NGN_PER_JOURNEY,129890.25,True
2025-04-01,Kaduna,TRANSPORT_AIR_NGN_PER_JOURNEY,128750.6,True
2025-04-01,Kano,TRANSPORT_AIR_NGN_PER_JOURNEY,115454.425,True
2025-04-01,Katsina,TRANSPORT_AIR_NGN_PER_JOURNEY,128500.0,True
2025-04-01,Kebbi,TRANSPORT_AIR_NGN_PER_JOURNEY,126500.0,True
2025-04-01,Kogi,TRANSPORT_AIR_NGN_PER_JOURNEY,128500.0,True
2025-04-01,Kwara,TRANSPORT_AIR_NGN_PER_JOURNEY,134450.0,True
2025-04-01,Lagos,TRANSPORT_AIR_NGN_PER_JOURNEY,126960.75,True
2025-04-01,Nasarawa,TRANSPORT_AIR_NGN_PER_JOURNEY,124770.3128215,True
2025-04-01,Niger,TRANSPORT_AIR_NGN_PER_JOURNEY,130500.0,True
2025-04-01,Ogun,TRANSPORT_AIR_NGN_PER_JOURNEY,127800.432757,True
2025-04-01,Ondo,TRANSPORT_AIR_NGN_PER_JOURNEY,141795.83333333334,True
2025-04-01,Osun,TRANSPORT_AIR_NGN_PER_JOURNEY,135800.0,True
2025-04-01,Oyo,TRANSPORT_AIR_NGN_PER_JOURNEY,143000.0,True
2025-04-01,Plateau,TRANSPORT_AIR_NGN_PER_JOURNEY,130610.0,True
2025-04-01,Rivers,TRANSPORT_AIR_NGN_PER_JOURNEY,157896.404375,True
2025-04-01,Sokoto,TRANSPORT_AIR_NGN_PER_JOURNEY,128450.0,True
2025-04-01,Taraba,TRANSPORT_AIR_NGN_PER_JOURNEY,128450.0,True
2025-04-01,Yobe,TRANSPORT_AIR_NGN_PER_JOURNEY,132355.0,True
2025-04-01,Zamfara,TRANSPORT_AIR_NGN_PER_JOURNEY,134400.525,True
2025-05-01,Abia,TRANSPORT_AIR_NGN_PER_JOURNEY,127550.0,True
2025-05-01,Abuja,TRANSPORT_AIR_NGN_PER_JOURNEY,133550.0,True
2025-05-01,Adamawa,TRANSPORT_AIR_NGN_PER_JOURNEY,136550.0,True
2025-05-01,Akwa Ibom,TRANSPORT_AIR_NGN_PER_JOURNEY,125980.0,True
2025-05-01,Anambra,TRANSPORT_AIR_NGN_PER_JOURNEY,127980.0,True
2025-05-01,Bauchi,TRANSPORT_AIR_NGN_PER_JOURNEY,126980.0,True
2025-05-01,Bayelsa,TRANSPORT_AIR_NGN_PER_JOURNEY,125600.0,True
2025-05-01,Benue,TRANSPORT_AIR_NGN_PER_JOURNEY,126550.0,True
2025-05-01,Borno,TRANSPORT_AIR_NGN_PER_JOURNEY,134000.0,True
2025-05-01,Cross River,TRANSPORT_AIR_NGN_PER_JOURNEY,127610.7551,True
2025-05-01,Delta,TRANSPORT_AIR_NGN_PER_JOURNEY,130262.5,True
2025-05-01,Ebonyi,TRANSPORT_AIR_NGN_PER_JOURNEY,124562.5,True
2025-05-01,Edo,TRANSPORT_AIR_NGN_PER_JOURNEY,125672.5,True
2025-05-01,Ekiti,TRANSPORT_AIR_NGN_PER_JOURNEY,125600.5,True
2025-05-01,Enugu,TRANSPORT_AIR_NGN_PER_JOURNEY,126100.5,True
2025-05-01,Gombe,TRANSPORT_AIR_NGN_PER_JOURNEY,129000.0,True
2025-05-01,Imo,TRANSPORT_AIR_NGN_PER_JOURNEY,132500.5,True
2025-05-01,Jigawa,TRANSPORT_AIR_NGN_PER_JOURNEY,129950.0,True
2025-05-01,Kaduna,TRANSPORT_AIR_NGN_PER_JOURNEY,128856.368,True
2025-05-01,Kano,TRANSPORT_AIR_NGN_PER_JOURNEY,115615.779,True
2025-05-01,Katsina,TRANSPORT_AIR_NGN_PER_JOURNEY,128615.779,True
2025-05-01,Kebbi,TRANSPORT_AIR_NGN_PER_JOURNEY,126615.779,True
2025-05-01,Kogi,TRANSPORT_AIR_NGN_PER_JOURNEY,128615.779,True
2025-05-01,Kwara,TRANSPORT_AIR_NGN_PER_JOURNEY,134615.779,True
2025-05-01,Lagos,TRANSPORT_AIR_NGN_PER_JOURNEY,127067.29375,True
2025-05-01,Nasarawa,TRANSPORT_AIR_NGN_PER_JOURNEY,125000.29375,True
2025-05-01,Niger,TRANSPORT_AIR_NGN_PER_JOURNEY,130600.29375,True
2025-05-01,Ogun,TRANSPORT_AIR_NGN_PER_JOURNEY,127900.29375,True
2025-05-01,Ondo,TRANSPORT_AIR_NGN_PER_JOURNEY,141900.0,True
2025-05-01,Osun,TRANSPORT_AIR_NGN_PER_JOURNEY,135900.0,True
2025-05-01,Oyo,TRANSPORT_AIR_NGN_PER_JOURNEY,143200.0,True
2025-05-01,Plateau,TRANSPORT_AIR_NGN_PER_JOURNEY,130700.0,True
2025-05-01,Rivers,TRANSPORT_AIR_NGN_PER_JOURNEY,157988.116725,True
2025-05-01,Sokoto,TRANSPORT_AIR_NGN_PER_JOURNEY,128650.0,True
2025-05-01,Taraba,TRANSPORT_AIR_NGN_PER_JOURNEY,128509.0,True
2025-05-01,Yobe,TRANSPORT_AIR_NGN_PER_JOURNEY,132509.0,True
2025-05-01,Zamfara,TRANSPORT_AIR_NGN_PER_JOURNEY,134529.0,True
2025-06-01,Abia,TRANSPORT_AIR_NGN_PER_JOURNEY,127608.15,True
2025-06-01,Abuja,TRANSPORT_AIR_NGN_PER_JOURNEY,134000.0,True
2025-06-01,Adamawa,TRANSPORT_AIR_NGN_PER_JOURNEY,134650.0,True
2025-06-01,Akwa Ibom,TRANSPORT_AIR_NGN_PER_JOURNEY,125600.2198,True
2025-06-01,Anambra,TRANSPORT_AIR_NGN_PER_JOURNEY,128018.52198,True
2025-06-01,Bauchi,TRANSPORT_AIR_NGN_PER_JOURNEY,127043.61698,True
2025-06-01,Bayelsa,TRANSPORT_AIR_NGN_PER_JOURNEY,125625.8736,True
2025-06-01,Benue,TRANSPORT_AIR_NGN_PER_JOURNEY,126650.0,True
2025-06-01,Borno,TRANSPORT_AIR_NGN_PER_JOURNEY,133700.0,True
2025-06-01,Cross River,TRANSPORT_AIR_NGN_PER_JOURNEY,127682.21712285596,True
2025-06-01,Delta,TRANSPORT_AIR_NGN_PER_JOURNEY,130280.65,True
2025-06-01,Ebonyi,TRANSPORT_AIR_NGN_PER_JOURNEY,124566.5,True
2025-06-01,Edo,TRANSPORT_AIR_NGN_PER_JOURNEY,125672.5,True
2025-06-01,Ekiti,TRANSPORT_AIR_NGN_PER_JOURNEY,125600.85,True
2025-06-01,Enugu,TRANSPORT_AIR_NGN_PER_JOURNEY,126400.85,True
2025-06-01,Gombe,TRANSPORT_AIR_NGN_PER_JOURNEY,129041.9,True
2025-06-01,Imo,TRANSPORT_AIR_NGN_PER_JOURNEY,132560.54,True
2025-06-01,Jigawa,TRANSPORT_AIR_NGN_PER_JOURNEY,130000.8485,True
2025-06-01,Kaduna,TRANSPORT_AIR_NGN_PER_JOURNEY,128882.396986336,True
2025-06-01,Kano,TRANSPORT_AIR_NGN_PER_JOURNEY,125667.803041016,True
2025-06-01,Katsina,TRANSPORT_AIR_NGN_PER_JOURNEY,127749.53941016,True
2025-06-01,Kebbi,TRANSPORT_AIR_NGN_PER_JOURNEY,126753.79019911,True
2025-06-01,Kogi,TRANSPORT_AIR_NGN_PER_JOURNEY,128670.4779,True
2025-06-01,Kwara,TRANSPORT_AIR_NGN_PER_JOURNEY,134660.1779,True
2025-06-01,Lagos,TRANSPORT_AIR_NGN_PER_JOURNEY,127149.0,True
2025-06-01,Nasarawa,TRANSPORT_AIR_NGN_PER_JOURNEY,125000.99375,True
2025-06-01,Niger,TRANSPORT_AIR_NGN_PER_JOURNEY,130680.99375,True
2025-06-01,Ogun,TRANSPORT_AIR_NGN_PER_JOURNEY,127980.0,True
2025-06-01,Ondo,TRANSPORT_AIR_NGN_PER_JOURNEY,138979.9,True
2025-06-01,Osun,TRANSPORT_AIR_NGN_PER_JOURNEY,135912.9,True
2025-06-01,Oyo,TRANSPORT_AIR_NGN_PER_JOURNEY,140275.92,True
2025-06-01,Plateau,TRANSPORT_AIR_NGN_PER_JOURNEY,131070.04,True
2025-06-01,Rivers,TRANSPORT_AIR_NGN_PER_JOURNEY,152799.772937373,True
2025-06-01,Sokoto,TRANSPORT_AIR_NGN_PER_JOURNEY,128765.56665,True
2025-06-01,Taraba,TRANSPORT_AIR_NGN_PER_JOURNEY,128735.98689,True
2025-06-01,Yobe,TRANSPORT_AIR_NGN_PER_JOURNEY,133437.4489,True
2025-06-01,Zamfara,TRANSPORT_AIR_NGN_PER_JOURNEY,134902.54109,True
2025-07-01,Abia,TRANSPORT_AIR_NGN_PER_JOURNEY,127665.783943,True
2025-07-01,Abuja,TRANSPORT_AIR_NGN_PER_JOURNEY,134200.0,True
2025-07-01,Adamawa,TRANSPORT_AIR_NGN_PER_JOURNEY,135850.9505,True
2025-07-01,Akwa Ibom,TRANSPORT_AIR_NGN_PER_JOURNEY,126000.9198,True
2025-07-01,Anambra,TRANSPORT_AIR_NGN_PER_JOURNEY,128031.45185071998,True
2025-07-01,Bauchi,TRANSPORT_AIR_NGN_PER_JOURNEY,127095.32373211088,True
2025-07-01,Bayelsa,TRANSPORT_AIR_NGN_PER_JOURNEY,125639.76782162016,True
2025-07-01,Benue,TRANSPORT_AIR_NGN_PER_JOURNEY,126700.8,True
2025-07-01,Borno,TRANSPORT_AIR_NGN_PER_JOURNEY,134080.668,True
2025-07-01,Cross River,TRANSPORT_AIR_NGN_PER_JOURNEY,127720.287881296,True
2025-07-01,Delta,TRANSPORT_AIR_NGN_PER_JOURNEY,130283.55,True
2025-07-01,Ebonyi,TRANSPORT_AIR_NGN_PER_JOURNEY,124620.063595,True
2025-07-01,Edo,TRANSPORT_AIR_NGN_PER_JOURNEY,125680.53,True
2025-07-01,Ekiti,TRANSPORT_AIR_NGN_PER_JOURNEY,125600.5667,True
2025-07-01,Enugu,TRANSPORT_AIR_NGN_PER_JOURNEY,126450.95,True
2025-07-01,Gombe,TRANSPORT_AIR_NGN_PER_JOURNEY,129259.29,True
2025-07-01,Imo,TRANSPORT_AIR_NGN_PER_JOURNEY,132600.25,True
2025-07-01,Jigawa,TRANSPORT_AIR_NGN_PER_JOURNEY,130086.4475,True
2025-07-01,Kaduna,TRANSPORT_AIR_NGN_PER_JOURNEY,129117.94642704,True
2025-07-01,Kano,TRANSPORT_AIR_NGN_PER_JOURNEY,125742.9563569,True
2025-07-01,Katsina,TRANSPORT_AIR_NGN_PER_JOURNEY,127852.11172574,True
2025-07-01,Kebbi,TRANSPORT_AIR_NGN_PER_JOURNEY,126762.65330364,True
2025-07-01,Kogi,TRANSPORT_AIR_NGN_PER_JOURNEY,128690.55779,True
2025-07-01,Kwara,TRANSPORT_AIR_NGN_PER_JOURNEY,134660.98779,True
2025-07-01,Lagos,TRANSPORT_AIR_NGN_PER_JOURNEY,127200.0,True
2025-07-01,Nasarawa,TRANSPORT_AIR_NGN_PER_JOURNEY,125100.0399375,True
2025-07-01,Niger,TRANSPORT_AIR_NGN_PER_JOURNEY,130700.99375,True
2025-07-01,Ogun,TRANSPORT_AIR_NGN_PER_JOURNEY,128000.0,True
2025-07-01,Ondo,TRANSPORT_AIR_NGN_PER_JOURNEY,137286.6,True
2025-07-01,Osun,TRANSPORT_AIR_NGN_PER_JOURNEY,135950.16,True
2025-07-01,Oyo,TRANSPORT_AIR_NGN_PER_JOURNEY,140186.288,True
2025-07-01,Plateau,TRANSPORT_AIR_NGN_PER_JOURNEY,131370.34,True
2025-07-01,Rivers,TRANSPORT_AIR_NGN_PER_JOURNEY,156048.281767094,True
2025-07-01,Sokoto,TRANSPORT_AIR_NGN_PER_JOURNEY,128917.7596,True
2025-07-01,Taraba,TRANSPORT_AIR_NGN_PER_JOURNEY,128938.6084736,True
2025-07-01,Yobe,TRANSPORT_AIR_NGN_PER_JOURNEY,133462.00736,True
2025-07-01,Zamfara,TRANSPORT_AIR_NGN_PER_JOURNEY,137628.54816,True
2025-08-01,Abia,TRANSPORT_AIR_NGN_PER_JOURNEY,127681.659088916,True
2025-08-01,Abuja,TRANSPORT_AIR_NGN_PER_JOURNEY,134886.83684436558,True
2025-08-01,Adamawa,TRANSPORT_AIR_NGN_PER_JOURNEY,136653.549868228,True
2025-08-01,Akwa Ibom,TRANSPORT_AIR_NGN_PER_JOURNEY,126426.214722753,True
2025-08-01,Anambra,TRANSPORT_AIR_NGN_PER_JOURNEY,128058.6533846146,True
2025-08-01,Bauchi,TRANSPORT_AIR_NGN_PER_JOURNEY,127204.10308502051,True
2025-08-01,Bayelsa,TRANSPORT_AIR_NGN_PER_JOURNEY,124768.688268539,True
2025-08-01,Benue,TRANSPORT_AIR_NGN_PER_JOURNEY,126404.666829778,True
2025-08-01,Borno,TRANSPORT_AIR_NGN_PER_JOURNEY,134344.374166191,True
2025-08-01,Cross River,TRANSPORT_AIR_NGN_PER_JOURNEY,127550.287881296,True
2025-08-01,Delta,TRANSPORT_AIR_NGN_PER_JOURNEY,125889.948056369,True
2025-08-01,Ebonyi,TRANSPORT_AIR_NGN_PER_JOURNEY,124727.52428984392,True
2025-08-01,Edo,TRANSPORT_AIR_NGN_PER_JOURNEY,121697.414146371,True
2025-08-01,Ekiti,TRANSPORT_AIR_NGN_PER_JOURNEY,125601.21484320232,True
2025-08-01,Enugu,TRANSPORT_AIR_NGN_PER_JOURNEY,120557.479343921,True
2025-08-01,Gombe,TRANSPORT_AIR_NGN_PER_JOURNEY,123494.701851912,True
2025-08-01,Imo,TRANSPORT_AIR_NGN_PER_JOURNEY,132782.228898584,True
2025-08-01,Jigawa,TRANSPORT_AIR_NGN_PER_JOURNEY,130261.98611662,True
2025-08-01,Kaduna,TRANSPORT_AIR_NGN_PER_JOURNEY,128599.959305699,True
2025-08-01,Kano,TRANSPORT_AIR_NGN_PER_JOURNEY,125896.74515818838,True
2025-08-01,Katsina,TRANSPORT_AIR_NGN_PER_JOURNEY,126462.00896411,True
2025-08-01,Kebbi,TRANSPORT_AIR_NGN_PER_JOURNEY,126941.139599756,True
2025-08-01,Kogi,TRANSPORT_AIR_NGN_PER_JOURNEY,128690.655779,True
2025-08-01,Kwara,TRANSPORT_AIR_NGN_PER_JOURNEY,134000.618375633,True
2025-08-01,Lagos,TRANSPORT_AIR_NGN_PER_JOURNEY,127402.6804471,True
2025-08-01,Nasarawa,TRANSPORT_AIR_NGN_PER_JOURNEY,125299.26351900744,True
2025-08-01,Niger,TRANSPORT_AIR_NGN_PER_JOURNEY,130841.22217,True
2025-08-01,Ogun,TRANSPORT_AIR_NGN_PER_JOURNEY,128000.22842,True
2025-08-01,Ondo,TRANSPORT_AIR_NGN_PER_JOURNEY,136482.711407,True
2025-08-01,Osun,TRANSPORT_AIR_NGN_PER_JOURNEY,134005.0604246,True
2025-08-01,Oyo,TRANSPORT_AIR_NGN_PER_JOURNEY,140447.16096128,True
2025-08-01,Plateau,TRANSPORT_AIR_NGN_PER_JOURNEY,131274.906963,True
2025-08-01,Rivers,TRANSPORT_AIR_NGN_PER_JOURNEY,155017.091471673,True
2025-08-01,Sokoto,TRANSPORT_AIR_NGN_PER_JOURNEY,128525.508964195,True
2025-08-01,Taraba,TRANSPORT_AIR_NGN_PER_JOURNEY,128647.853158845,True
2025-08-01,Yobe,TRANSPORT_AIR_NGN_PER_JOURNEY,133387.329588106,True
2025-08-01,Zamfara,TRANSPORT_AIR_NGN_PER_JOURNEY,137650.334049877,True
2025-09-01,Abia,TRANSPORT_AIR_NGN_PER_JOURNEY,127700.178965908,True
2025-09-01,Abuja,TRANSPORT_AIR_NGN_PER_JOURNEY,134888.846636844,True
2025-09-01,Adamawa,TRANSPORT_AIR_NGN_PER_JOURNEY,136666.154986822,True
2025-09-01,Akwa Ibom,TRANSPORT_AIR_NGN_PER_JOURNEY,126486.965214722,True
2025-09-01,Anambra,TRANSPORT_AIR_NGN_PER_JOURNEY,128068.656533846,True
2025-09-01,Bauchi,TRANSPORT_AIR_NGN_PER_JOURNEY,127245.13803085,True
2025-09-01,Bayelsa,TRANSPORT_AIR_NGN_PER_JOURNEY,124770.468826853,True
2025-09-01,Benue,TRANSPORT_AIR_NGN_PER_JOURNEY,126804.6668297778,True
2025-09-01,Borno,TRANSPORT_AIR_NGN_PER_JOURNEY,134385.643741661,True
2025-09-01,Cross River,TRANSPORT_AIR_NGN_PER_JOURNEY,127280.782878812,True
2025-09-01,Delta,TRANSPORT_AIR_NGN_PER_JOURNEY,126289.998056369,True
2025-09-01,Ebonyi,TRANSPORT_AIR_NGN_PER_JOURNEY,124727.924289844,True
2025-09-01,Edo,TRANSPORT_AIR_NGN_PER_JOURNEY,117698.471414637,True
2025-09-01,Ekiti,TRANSPORT_AIR_NGN_PER_JOURNEY,125650.214843202,True
2025-09-01,Enugu,TRANSPORT_AIR_NGN_PER_JOURNEY,121577.472357934,True
2025-09-01,Gombe,TRANSPORT_AIR_NGN_PER_JOURNEY,123650.033701851,True
2025-09-01,Imo,TRANSPORT_AIR_NGN_PER_JOURNEY,132785.428898584,True
2025-09-01,Jigawa,TRANSPORT_AIR_NGN_PER_JOURNEY,130280.619861166,True
2025-09-01,Kaduna,TRANSPORT_AIR_NGN_PER_JOURNEY,128609.959305699,True
2025-09-01,Kano,TRANSPORT_AIR_NGN_PER_JOURNEY,125898.127451581,True
2025-09-01,Katsina,TRANSPORT_AIR_NGN_PER_JOURNEY,126067.766089641,True
2025-09-01,Kebbi,TRANSPORT_AIR_NGN_PER_JOURNEY,126980.188959975,True
2025-09-01,Kogi,TRANSPORT_AIR_NGN_PER_JOURNEY,128697.67755779,True
2025-09-01,Kwara,TRANSPORT_AIR_NGN_PER_JOURNEY,134070.061837563,True
2025-09-01,Lagos,TRANSPORT_AIR_NGN_PER_JOURNEY,127405.16804471,True
2025-09-01,Nasarawa,TRANSPORT_AIR_NGN_PER_JOURNEY,125301.2363519,True
2025-09-01,Niger,TRANSPORT_AIR_NGN_PER_JOURNEY,130844.622217,True
2025-09-01,Ogun,TRANSPORT_AIR_NGN_PER_JOURNEY,128050.242842,True
2025-09-01,Ondo,TRANSPORT_AIR_NGN_PER_JOURNEY,136788.7711407,True
2025-09-01,Osun,TRANSPORT_AIR_NGN_PER_JOURNEY,134307.30604246,True
2025-09-01,Oyo,TRANSPORT_AIR_NGN_PER_JOURNEY,140448.216096128,True
2025-09-01,Plateau,TRANSPORT_AIR_NGN_PER_JOURNEY,131575.9406963,True
2025-09-01,Rivers,TRANSPORT_AIR_NGN_PER_JOURNEY,155319.309147167,True
2025-09-01,Sokoto,TRANSPORT_AIR_NGN_PER_JOURNEY,128226.520896419,True
2025-09-01,Taraba,TRANSPORT_AIR_NGN_PER_JOURNEY,128548.805315884,True
2025-09-01,Yobe,TRANSPORT_AIR_NGN_PER_JOURNEY,133289.30295881,True
2025-09-01,Zamfara,TRANSPORT_AIR_NGN_PER_JOURNEY,137015.303404987,True
2025-10-01,Abia,TRANSPORT_AIR_NGN_PER_JOURNEY,129900.178965908,True
2025-10-01,Abuja,TRANSPORT_AIR_NGN_PER_JOURNEY,136339.088,True
2025-10-01,Adamawa,TRANSPORT_AIR_NGN_PER_JOURNEY,138677.154986822,True
2025-10-01,Akwa Ibom,TRANSPORT_AIR_NGN_PER_JOURNEY,126880.679652147,True
2025-10-01,Anambra,TRANSPORT_AIR_NGN_PER_JOURNEY,128972.236565338,True
2025-10-01,Bauchi,TRANSPORT_AIR_NGN_PER_JOURNEY,127972.236565338,True
2025-10-01,Bayelsa,TRANSPORT_AIR_NGN_PER_JOURNEY,126972.236565338,True
2025-10-01,Benue,TRANSPORT_AIR_NGN_PER_JOURNEY,126979.236565338,True
2025-10-01,Borno,TRANSPORT_AIR_NGN_PER_JOURNEY,135925.643741661,True
2025-10-01,Cross River,TRANSPORT_AIR_NGN_PER_JOURNEY,128990.647828788,True
2025-10-01,Delta,TRANSPORT_AIR_NGN_PER_JOURNEY,131990.647828788,True
2025-10-01,Ebonyi,TRANSPORT_AIR_NGN_PER_JOURNEY,125990.647828788,True
2025-10-01,Edo,TRANSPORT_AIR_NGN_PER_JOURNEY,126090.647828788,True
2025-10-01,Ekiti,TRANSPORT_AIR_NGN_PER_JOURNEY,126190.651647828,True
2025-10-01,Enugu,TRANSPORT_AIR_NGN_PER_JOURNEY,127977.472357934,True
2025-10-01,Gombe,TRANSPORT_AIR_NGN_PER_JOURNEY,130077.472357934,True
2025-10-01,Imo,TRANSPORT_AIR_NGN_PER_JOURNEY,133977.472357934,True
2025-10-01,Jigawa,TRANSPORT_AIR_NGN_PER_JOURNEY,131277.472357934,True
2025-10-01,Kaduna,TRANSPORT_AIR_NGN_PER_JOURNEY,128613.472357934,True
2025-10-01,Kano,TRANSPORT_AIR_NGN_PER_JOURNEY,127012.144723579,True
2025-10-01,Katsina,TRANSPORT_AIR_NGN_PER_JOURNEY,129200.766089641,True
2025-10-01,Kebbi,TRANSPORT_AIR_NGN_PER_JOURNEY,128200.712660896,True
2025-10-01,Kogi,TRANSPORT_AIR_NGN_PER_JOURNEY,129884.877677557,True
2025-10-01,Kwara,TRANSPORT_AIR_NGN_PER_JOURNEY,135884.238877677,True
2025-10-01,Lagos,TRANSPORT_AIR_NGN_PER_JOURNEY,129450.852388776,True
2025-10-01,Nasarawa,TRANSPORT_AIR_NGN_PER_JOURNEY,126300.552363519,True
2025-10-01,Niger,TRANSPORT_AIR_NGN_PER_JOURNEY,131300.552363519,True
2025-10-01,Ogun,TRANSPORT_AIR_NGN_PER_JOURNEY,129800.43242842,True
2025-10-01,Ondo,TRANSPORT_AIR_NGN_PER_JOURNEY,138688.447711407,True
2025-10-01,Osun,TRANSPORT_AIR_NGN_PER_JOURNEY,136688.447711407,True
2025-10-01,Oyo,TRANSPORT_AIR_NGN_PER_JOURNEY,140550.855216096,True
2025-10-01,Plateau,TRANSPORT_AIR_NGN_PER_JOURNEY,131650.855216096,True
2025-10-01,Rivers,TRANSPORT_AIR_NGN_PER_JOURNEY,155750.585521609,True
2025-10-01,Sokoto,TRANSPORT_AIR_NGN_PER_JOURNEY,129450.843520896,True
2025-10-01,Taraba,TRANSPORT_AIR_NGN_PER_JOURNEY,130000.458053158,True
2025-10-01,Yobe,TRANSPORT_AIR_NGN_PER_JOURNEY,130862.5,True
2025-10-01,Zamfara,TRANSPORT_AIR_NGN_PER_JOURNEY,137155.303404987,True
2025-11-01,Abia,TRANSPORT_AIR_NGN_PER_JOURNEY,130406.455,True
2025-11-01,Abuja,TRANSPORT_AIR_NGN_PER_JOURNEY,136964.58824,True
2025-11-01,Adamawa,TRANSPORT_AIR_NGN_PER_JOURNEY,148677.154986822,True
2025-11-01,Akwa Ibom,TRANSPORT_AIR_NGN_PER_JOURNEY,127406.455,True
2025-11-01,Anambra,TRANSPORT_AIR_NGN_PER_JOURNEY,129064.58824,True
2025-11-01,Bauchi,TRANSPORT_AIR_NGN_PER_JOURNEY,128064.58824,True
2025-11-01,Bayelsa,TRANSPORT_AIR_NGN_PER_JOURNEY,136972.236565338,True
2025-11-01,Benue,TRANSPORT_AIR_NGN_PER_JOURNEY,127079.236565338,True
2025-11-01,Borno,TRANSPORT_AIR_NGN_PER_JOURNEY,136525.643741661,True
2025-11-01,Cross River,TRANSPORT_AIR_NGN_PER_JOURNEY,129185.52162,True
2025-11-01,Delta,TRANSPORT_AIR_NGN_PER_JOURNEY,132185.226192,True
2025-11-01,Ebonyi,TRANSPORT_AIR_NGN_PER_JOURNEY,126264.58824,True
2025-11-01,Edo,TRANSPORT_AIR_NGN_PER_JOURNEY,126690.647828788,True
2025-11-01,Ekiti,TRANSPORT_AIR_NGN_PER_JOURNEY,126690.651647828,True
2025-11-01,Enugu,TRANSPORT_AIR_NGN_PER_JOURNEY,131188.4224,True
2025-11-01,Gombe,TRANSPORT_AIR_NGN_PER_JOURNEY,134064.58824,True
2025-11-01,Imo,TRANSPORT_AIR_NGN_PER_JOURNEY,135185.52162,True
2025-11-01,Jigawa,TRANSPORT_AIR_NGN_PER_JOURNEY,133277.472357934,True
2025-11-01,Kaduna,TRANSPORT_AIR_NGN_PER_JOURNEY,129613.472357934,True
2025-11-01,Kano,TRANSPORT_AIR_NGN_PER_JOURNEY,128064.58824,True
2025-11-01,Katsina,TRANSPORT_AIR_NGN_PER_JOURNEY,129500.766089641,True
2025-11-01,Kebbi,TRANSPORT_AIR_NGN_PER_JOURNEY,128800.712660896,True
2025-11-01,Kogi,TRANSPORT_AIR_NGN_PER_JOURNEY,129954.877677557,True
2025-11-01,Kwara,TRANSPORT_AIR_NGN_PER_JOURNEY,136554.93208,True
2025-11-01,Lagos,TRANSPORT_AIR_NGN_PER_JOURNEY,130406.455,True
2025-11-01,Nasarawa,TRANSPORT_AIR_NGN_PER_JOURNEY,126600.552363519,True
2025-11-01,Niger,TRANSPORT_AIR_NGN_PER_JOURNEY,131964.58824,True
2025-11-01,Ogun,TRANSPORT_AIR_NGN_PER_JOURNEY,129850.43242842,True
2025-11-01,Ondo,TRANSPORT_AIR_NGN_PER_JOURNEY,138964.58824,True
2025-11-01,Osun,TRANSPORT_AIR_NGN_PER_JOURNEY,136798.447711407,True
2025-11-01,Oyo,TRANSPORT_AIR_NGN_PER_JOURNEY,140664.50824,True
2025-11-01,Plateau,TRANSPORT_AIR_NGN_PER_JOURNEY,134564.58824,True
2025-11-01,Rivers,TRANSPORT_AIR_NGN_PER_JOURNEY,172846.8133373,True
2025-11-01,Sokoto,TRANSPORT_AIR_NGN_PER_JOURNEY,130450.0,True
2025-11-01,Taraba,TRANSPORT_AIR_NGN_PER_JOURNEY,132000.458053158,True
2025-11-01,Yobe,TRANSPORT_AIR_NGN_PER_JOURNEY,135406.455,True
2025-11-01,Zamfara,TRANSPORT_AIR_NGN_PER_JOURNEY,137455.303404987,True
2025-12-01,Abia,TRANSPORT_AIR_NGN_PER_JOURNEY,310072.65022500005,True
2025-12-01,Abuja,TRANSPORT_AIR_NGN_PER_JOURNEY,297427.5905952002,True
2025-12-01,Adamawa,TRANSPORT_AIR_NGN_PER_JOURNEY,213677.154986822,True
2025-12-01,Akwa Ibom,TRANSPORT_AIR_NGN_PER_JOURNEY,312146.7147750001,True
2025-12-01,Anambra,TRANSPORT_AIR_NGN_PER_JOURNEY,302451.7053012001,True
2025-12-01,Bauchi,TRANSPORT_AIR_NGN_PER_JOURNEY,252403.4758892,True
2025-12-01,Bayelsa,TRANSPORT_AIR_NGN_PER_JOURNEY,210972.236565338,True
2025-12-01,Benue,TRANSPORT_AIR_NGN_PER_JOURNEY,216979.236565338,True
2025-12-01,Borno,TRANSPORT_AIR_NGN_PER_JOURNEY,203525.643741661,True
2025-12-01,Cross River,TRANSPORT_AIR_NGN_PER_JOURNEY,304236.4272138,True
2025-12-01,Delta,TRANSPORT_AIR_NGN_PER_JOURNEY,300321.27945672,True
2025-12-01,Ebonyi,TRANSPORT_AIR_NGN_PER_JOURNEY,202451.7053012,True
2025-12-01,Edo,TRANSPORT_AIR_NGN_PER_JOURNEY,212090.647828788,True
2025-12-01,Ekiti,TRANSPORT_AIR_NGN_PER_JOURNEY,206190.651647828,True
2025-12-01,Enugu,TRANSPORT_AIR_NGN_PER_JOURNEY,305126.691488,True
2025-12-01,Gombe,TRANSPORT_AIR_NGN_PER_JOURNEY,252491.9400024,True
2025-12-01,Imo,TRANSPORT_AIR_NGN_PER_JOURNEY,257580.1113756,True
2025-12-01,Jigawa,TRANSPORT_AIR_NGN_PER_JOURNEY,191277.472357934,True
2025-12-01,Kaduna,TRANSPORT_AIR_NGN_PER_JOURNEY,258613.472357934,True
2025-12-01,Kano,TRANSPORT_AIR_NGN_PER_JOURNEY,290393.8300068001,True
2025-12-01,Katsina,TRANSPORT_AIR_NGN_PER_JOURNEY,224500.766089641,True
2025-12-01,Kebbi,TRANSPORT_AIR_NGN_PER_JOURNEY,228200.712660896,True
2025-12-01,Kogi,TRANSPORT_AIR_NGN_PER_JOURNEY,181884.877677557,True
2025-12-01,Kwara,TRANSPORT_AIR_NGN_PER_JOURNEY,235143.3175642,True
2025-12-01,Lagos,TRANSPORT_AIR_NGN_PER_JOURNEY,323850.456575,True
2025-12-01,Nasarawa,TRANSPORT_AIR_NGN_PER_JOURNEY,133300.552363519,True
2025-12-01,Niger,TRANSPORT_AIR_NGN_PER_JOURNEY,158432.4135364,True
2025-12-01,Ogun,TRANSPORT_AIR_NGN_PER_JOURNEY,189800.43242842,True
2025-12-01,Ondo,TRANSPORT_AIR_NGN_PER_JOURNEY,258432.4135364,True
2025-12-01,Osun,TRANSPORT_AIR_NGN_PER_JOURNEY,236688.447711407,True
2025-12-01,Oyo,TRANSPORT_AIR_NGN_PER_JOURNEY,302451.7053012001,True
2025-12-01,Plateau,TRANSPORT_AIR_NGN_PER_JOURNEY,230442.0594188,True
2025-12-01,Rivers,TRANSPORT_AIR_NGN_PER_JOURNEY,356992.113405772,True
2025-12-01,Sokoto,TRANSPORT_AIR_NGN_PER_JOURNEY,245000.0,True
2025-12-01,Taraba,TRANSPORT_AIR_NGN_PER_JOURNEY,230000.458053158,True
2025-12-01,Yobe,TRANSPORT_AIR_NGN_PER_JOURNEY,207998.585675,True
2025-12-01,Zamfara,TRANSPORT_AIR_NGN_PER_JOURNEY,175000.0,True
2026-01-01,Abia,TRANSPORT_AIR_NGN_PER_JOURNEY,163000.0,True
2026-01-01,Abuja,TRANSPORT_AIR_NGN_PER_JOURNEY,155031.010795297,True
2026-01-01,Adamawa,TRANSPORT_AIR_NGN_PER_JOURNEY,150980.154986822,True
2026-01-01,Akwa Ibom,TRANSPORT_AIR_NGN_PER_JOURNEY,160046.714775,True
2026-01-01,Anambra,TRANSPORT_AIR_NGN_PER_JOURNEY,140193.60844578,True
2026-01-01,Bauchi,TRANSPORT_AIR_NGN_PER_JOURNEY,133406.25,True
2026-01-01,Bayelsa,TRANSPORT_AIR_NGN_PER_JOURNEY,162072.041236565,True
2026-01-01,Benue,TRANSPORT_AIR_NGN_PER_JOURNEY,140979.236565338,True
2026-01-01,Borno,TRANSPORT_AIR_NGN_PER_JOURNEY,140025.110643741,True
2026-01-01,Cross River,TRANSPORT_AIR_NGN_PER_JOURNEY,176940.348428257,True
2026-01-01,Delta,TRANSPORT_AIR_NGN_PER_JOURNEY,152237.198299432,True
2026-01-01,Ebonyi,TRANSPORT_AIR_NGN_PER_JOURNEY,140000.647828788,True
2026-01-01,Edo,TRANSPORT_AIR_NGN_PER_JOURNEY,141000.647828788,True
2026-01-01,Ekiti,TRANSPORT_AIR_NGN_PER_JOURNEY,150090.065164782,True
2026-01-01,Enugu,TRANSPORT_AIR_NGN_PER_JOURNEY,144000.0,True
2026-01-01,Gombe,TRANSPORT_AIR_NGN_PER_JOURNEY,130500.065,True
2026-01-01,Imo,TRANSPORT_AIR_NGN_PER_JOURNEY,154080.675111375,True
2026-01-01,Jigawa,TRANSPORT_AIR_NGN_PER_JOURNEY,140077.72357934,True
2026-01-01,Kaduna,TRANSPORT_AIR_NGN_PER_JOURNEY,144613.472357934,True
2026-01-01,Kano,TRANSPORT_AIR_NGN_PER_JOURNEY,150852.0,True
2026-01-01,Katsina,TRANSPORT_AIR_NGN_PER_JOURNEY,160000.766089641,True
2026-01-01,Kebbi,TRANSPORT_AIR_NGN_PER_JOURNEY,152200.12660896,True
2026-01-01,Kogi,TRANSPORT_AIR_NGN_PER_JOURNEY,150084.087767755,True
2026-01-01,Kwara,TRANSPORT_AIR_NGN_PER_JOURNEY,152874.448385852,True
2026-01-01,Lagos,TRANSPORT_AIR_NGN_PER_JOURNEY,170850.398456575,True
2026-01-01,Nasarawa,TRANSPORT_AIR_NGN_PER_JOURNEY,136000.552363519,True
2026-01-01,Niger,TRANSPORT_AIR_NGN_PER_JOURNEY,150072.666666667,True
2026-01-01,Ogun,TRANSPORT_AIR_NGN_PER_JOURNEY,175000.806643242,True
2026-01-01,Ondo,TRANSPORT_AIR_NGN_PER_JOURNEY,145616.468724216,True
2026-01-01,Osun,TRANSPORT_AIR_NGN_PER_JOURNEY,140688.447711407,True
2026-01-01,Oyo,TRANSPORT_AIR_NGN_PER_JOURNEY,160003.94950602,True
2026-01-01,Plateau,TRANSPORT_AIR_NGN_PER_JOURNEY,140000.678485853,True
2026-01-01,Rivers,TRANSPORT_AIR_NGN_PER_JOURNEY,174035.95931639,True
2026-01-01,Sokoto,TRANSPORT_AIR_NGN_PER_JOURNEY,142000.0,True
2026-01-01,Taraba,TRANSPORT_AIR_NGN_PER_JOURNEY,160000.458053158,True
2026-01-01,Yobe,TRANSPORT_AIR_NGN_PER_JOURNEY,150598.585675,True
2026-01-01,Zamfara,TRANSPORT_AIR_NGN_PER_JOURNEY,170000.0,True
2026-02-01,Abia,TRANSPORT_AIR_NGN_PER_JOURNEY,165000.0,True
2026-02-01,Abuja,TRANSPORT_AIR_NGN_PER_JOURNEY,158000.78,True
2026-02-01,Adamawa,TRANSPORT_AIR_NGN_PER_JOURNEY,154480.154986822,True
2026-02-01,Akwa Ibom,TRANSPORT_AIR_NGN_PER_JOURNEY,162146.714775,True
2026-02-01,Anambra,TRANSPORT_AIR_NGN_PER_JOURNEY,145800.0,True
2026-02-01,Bauchi,TRANSPORT_AIR_NGN_PER_JOURNEY,135650.875,True
2026-02-01,Bayelsa,TRANSPORT_AIR_NGN_PER_JOURNEY,163072.041236565,True
2026-02-01,Benue,TRANSPORT_AIR_NGN_PER_JOURNEY,144550.236565338,True
2026-02-01,Borno,TRANSPORT_AIR_NGN_PER_JOURNEY,140000.0,True
2026-02-01,Cross River,TRANSPORT_AIR_NGN_PER_JOURNEY,165196.551864146,True
2026-02-01,Delta,TRANSPORT_AIR_NGN_PER_JOURNEY,153667.75966663,True
2026-02-01,Ebonyi,TRANSPORT_AIR_NGN_PER_JOURNEY,141550.23333354,True
2026-02-01,Edo,TRANSPORT_AIR_NGN_PER_JOURNEY,141200.647828788,True
2026-02-01,Ekiti,TRANSPORT_AIR_NGN_PER_JOURNEY,148650.0,True
2026-02-01,Enugu,TRANSPORT_AIR_NGN_PER_JOURNEY,143420.0,True
2026-02-01,Gombe,TRANSPORT_AIR_NGN_PER_JOURNEY,131290.0,True
2026-02-01,Imo,TRANSPORT_AIR_NGN_PER_JOURNEY,164500.0,True
2026-02-01,Jigawa,TRANSPORT_AIR_NGN_PER_JOURNEY,141500.72357934,True
2026-02-01,Kaduna,TRANSPORT_AIR_NGN_PER_JOURNEY,146650.502357934,True
2026-02-01,Kano,TRANSPORT_AIR_NGN_PER_JOURNEY,187742.4,True
2026-02-01,Katsina,TRANSPORT_AIR_NGN_PER_JOURNEY,162000.456089641,True
2026-02-01,Kebbi,TRANSPORT_AIR_NGN_PER_JOURNEY,152300.02660896,True
2026-02-01,Kogi,TRANSPORT_AIR_NGN_PER_JOURNEY,151000.087767755,True
2026-02-01,Kwara,TRANSPORT_AIR_NGN_PER_JOURNEY,153732.556343867,True
2026-02-01,Lagos,TRANSPORT_AIR_NGN_PER_JOURNEY,171552.542847111,True
2026-02-01,Nasarawa,TRANSPORT_AIR_NGN_PER_JOURNEY,137000.452363519,True
2026-02-01,Niger,TRANSPORT_AIR_NGN_PER_JOURNEY,149528.52000014,True
2026-02-01,Ogun,TRANSPORT_AIR_NGN_PER_JOURNEY,175500.003242,True
2026-02-01,Ondo,TRANSPORT_AIR_NGN_PER_JOURNEY,146502.21060888,True
2026-02-01,Osun,TRANSPORT_AIR_NGN_PER_JOURNEY,141688.447711407,True
2026-02-01,Oyo,TRANSPORT_AIR_NGN_PER_JOURNEY,161500.0,True
2026-02-01,Plateau,TRANSPORT_AIR_NGN_PER_JOURNEY,149800.0,True
2026-02-01,Rivers,TRANSPORT_AIR_NGN_PER_JOURNEY,174300.098685211,True
2026-02-01,Sokoto,TRANSPORT_AIR_NGN_PER_JOURNEY,142500.0,True
2026-02-01,Taraba,TRANSPORT_AIR_NGN_PER_JOURNEY,160000.458053158,True
2026-02-01,Yobe,TRANSPORT_AIR_NGN_PER_JOURNEY,157998.585675,True
2026-02-01,Zamfara,TRANSPORT_AIR_NGN_PER_JOURNEY,164000.0,True
2026-03-01,Abia,TRANSPORT_AIR_NGN_PER_JOURNEY,167400.09,True
2026-03-01,Abuja,TRANSPORT_AIR_NGN_PER_JOURNEY,159480.429,True
2026-03-01,Adamawa,TRANSPORT_AIR_NGN_PER_JOURNEY,160968.32149626853,True
2026-03-01,Akwa Ibom,TRANSPORT_AIR_NGN_PER_JOURNEY,165546.413255925,True
2026-03-01,Anambra,TRANSPORT_AIR_NGN_PER_JOURNEY,150738.6,True
2026-03-01,Bauchi,TRANSPORT_AIR_NGN_PER_JOURNEY,141796.625625,True
2026-03-01,Bayelsa,TRANSPORT_AIR_NGN_PER_JOURNEY,164921.066968501,True
2026-03-01,Benue,TRANSPORT_AIR_NGN_PER_JOURNEY,150621.3465010822,True
2026-03-01,Borno,TRANSPORT_AIR_NGN_PER_JOURNEY,145880.0,True
2026-03-01,Cross River,TRANSPORT_AIR_NGN_PER_JOURNEY,169482.582913609,True
2026-03-01,Delta,TRANSPORT_AIR_NGN_PER_JOURNEY,157230.209950959,True
2026-03-01,Ebonyi,TRANSPORT_AIR_NGN_PER_JOURNEY,144789.322300229,True
2026-03-01,Edo,TRANSPORT_AIR_NGN_PER_JOURNEY,147131.0750375971,True
2026-03-01,Ekiti,TRANSPORT_AIR_NGN_PER_JOURNEY,148893.3,True
2026-03-01,Enugu,TRANSPORT_AIR_NGN_PER_JOURNEY,147325.94,True
2026-03-01,Gombe,TRANSPORT_AIR_NGN_PER_JOURNEY,135594.33,True
2026-03-01,Imo,TRANSPORT_AIR_NGN_PER_JOURNEY,166800.5,True
2026-03-01,Jigawa,TRANSPORT_AIR_NGN_PER_JOURNEY,147443.75396967228,True
2026-03-01,Kaduna,TRANSPORT_AIR_NGN_PER_JOURNEY,146809.823456967,True
2026-03-01,Kano,TRANSPORT_AIR_NGN_PER_JOURNEY,187830.8368,True
2026-03-01,Katsina,TRANSPORT_AIR_NGN_PER_JOURNEY,168804.47524540592,True
2026-03-01,Kebbi,TRANSPORT_AIR_NGN_PER_JOURNEY,158696.62772653633,True
2026-03-01,Kogi,TRANSPORT_AIR_NGN_PER_JOURNEY,157342.0914540007,True
2026-03-01,Kwara,TRANSPORT_AIR_NGN_PER_JOURNEY,156246.43987266,True
2026-03-01,Lagos,TRANSPORT_AIR_NGN_PER_JOURNEY,174654.664931752,True
2026-03-01,Nasarawa,TRANSPORT_AIR_NGN_PER_JOURNEY,138754.471362787,True
2026-03-01,Niger,TRANSPORT_AIR_NGN_PER_JOURNEY,151928.071640155,True
2026-03-01,Ogun,TRANSPORT_AIR_NGN_PER_JOURNEY,175871.003378164,True
2026-03-01,Ondo,TRANSPORT_AIR_NGN_PER_JOURNEY,149499.64714403,True
2026-03-01,Osun,TRANSPORT_AIR_NGN_PER_JOURNEY,147639.3625152861,True
2026-03-01,Oyo,TRANSPORT_AIR_NGN_PER_JOURNEY,165458.0,True
2026-03-01,Plateau,TRANSPORT_AIR_NGN_PER_JOURNEY,149838.6,True
2026-03-01,Rivers,TRANSPORT_AIR_NGN_PER_JOURNEY,174489.209244529,True
2026-03-01,Sokoto,TRANSPORT_AIR_NGN_PER_JOURNEY,148485.0,True
2026-03-01,Taraba,TRANSPORT_AIR_NGN_PER_JOURNEY,166720.47729139065,True
2026-03-01,Yobe,TRANSPORT_AIR_NGN_PER_JOURNEY,158289.209244529,True
2026-03-01,Zamfara,TRANSPORT_AIR_NGN_PER_JOURNEY,167888.0,True
2026-04-01,Abia,TRANSPORT_AIR_NGN_PER_JOURNEY,167450.458709,True
2026-04-01,Abuja,TRANSPORT_AIR_NGN_PER_JOURNEY,159600.45429,True
2026-04-01,Adamawa,TRANSPORT_AIR_NGN_PER_JOURNEY,161090.496269,True
2026-04-01,Akwa Ibom,TRANSPORT_AIR_NGN_PER_JOURNEY,165600.3255925,True
2026-04-01,Anambra,TRANSPORT_AIR_NGN_PER_JOURNEY,151250.31042,True
2026-04-01,Bauchi,TRANSPORT_AIR_NGN_PER_JOURNEY,142096.983456256,True
2026-04-01,Bayelsa,TRANSPORT_AIR_NGN_PER_JOURNEY,164990.956850001,True
2026-04-01,Benue,TRANSPORT_AIR_NGN_PER_JOURNEY,151155.6501082,True
2026-04-01,Borno,TRANSPORT_AIR_NGN_PER_JOURNEY,146450.34590123,True
2026-04-01,Cross River,TRANSPORT_AIR_NGN_PER_JOURNEY,169500.13609,True
2026-04-01,Delta,TRANSPORT_AIR_NGN_PER_JOURNEY,157300.654320995,True
2026-04-01,Ebonyi,TRANSPORT_AIR_NGN_PER_JOURNEY,144805.7653223,True
2026-04-01,Edo,TRANSPORT_AIR_NGN_PER_JOURNEY,147200.5037597,True
2026-04-01,Ekiti,TRANSPORT_AIR_NGN_PER_JOURNEY,148930.2026513,True
2026-04-01,Enugu,TRANSPORT_AIR_NGN_PER_JOURNEY,147458.6590194,True
2026-04-01,Gombe,TRANSPORT_AIR_NGN_PER_JOURNEY,135650.7509833,True
2026-04-01,Imo,TRANSPORT_AIR_NGN_PER_JOURNEY,166900.761204579,True
2026-04-01,Jigawa,TRANSPORT_AIR_NGN_PER_JOURNEY,147560.3969672,True
2026-04-01,Kaduna,TRANSPORT_AIR_NGN_PER_JOURNEY,146894.756823456,True
2026-04-01,Kano,TRANSPORT_AIR_NGN_PER_JOURNEY,183835.209183847,True
2026-04-01,Katsina,TRANSPORT_AIR_NGN_PER_JOURNEY,169854.245406,True
2026-04-01,Kebbi,TRANSPORT_AIR_NGN_PER_JOURNEY,158750.7726536,True
2026-04-01,Kogi,TRANSPORT_AIR_NGN_PER_JOURNEY,157590.91454001,True
2026-04-01,Kwara,TRANSPORT_AIR_NGN_PER_JOURNEY,157087.987266,True
2026-04-01,Lagos,TRANSPORT_AIR_NGN_PER_JOURNEY,176659.4931752,True
2026-04-01,Nasarawa,TRANSPORT_AIR_NGN_PER_JOURNEY,138880.1362787,True
2026-04-01,Niger,TRANSPORT_AIR_NGN_PER_JOURNEY,151945.640155,True
2026-04-01,Ogun,TRANSPORT_AIR_NGN_PER_JOURNEY,173087.923378164,True
2026-04-01,Ondo,TRANSPORT_AIR_NGN_PER_JOURNEY,149699.64714403,True
2026-04-01,Osun,TRANSPORT_AIR_NGN_PER_JOURNEY,147865.515286902,True
2026-04-01,Oyo,TRANSPORT_AIR_NGN_PER_JOURNEY,166531.541675,True
2026-04-01,Plateau,TRANSPORT_AIR_NGN_PER_JOURNEY,149850.855210886,True
2026-04-01,Rivers,TRANSPORT_AIR_NGN_PER_JOURNEY,175506.9244529,True
2026-04-01,Sokoto,TRANSPORT_AIR_NGN_PER_JOURNEY,148788.0,True
2026-04-01,Taraba,TRANSPORT_AIR_NGN_PER_JOURNEY,167756.9291391,True
2026-04-01,Yobe,TRANSPORT_AIR_NGN_PER_JOURNEY,158585.9244529,True
2026-04-01,Zamfara,TRANSPORT_AIR_NGN_PER_JOURNEY,168000.871022643,True
2026-05-01,Abia,TRANSPORT_AIR_NGN_PER_JOURNEY,167755.904,False
2026-05-01,Abuja,TRANSPORT_AIR_NGN_PER_JOURNEY,160006.40755,False
2026-05-01,Adamawa,TRANSPORT_AIR_NGN_PER_JOURNEY,161390.496269,False
2026-05-01,Akwa Ibom,TRANSPORT_AIR_NGN_PER_JOURNEY,165722.684712502,False
2026-05-01,Anambra,TRANSPORT_AIR_NGN_PER_JOURNEY,151451.67,False
2026-05-01,Bauchi,TRANSPORT_AIR_NGN_PER_JOURNEY,142386.79434375,False
2026-05-01,Bayelsa,TRANSPORT_AIR_NGN_PER_JOURNEY,165000.8795685,False
2026-05-01,Benue,TRANSPORT_AIR_NGN_PER_JOURNEY,151273.244991946,False
2026-05-01,Borno,TRANSPORT_AIR_NGN_PER_JOURNEY,146650.34590123,False
2026-05-01,Cross River,TRANSPORT_AIR_NGN_PER_JOURNEY,169613.440989665,False
2026-05-01,Delta,TRANSPORT_AIR_NGN_PER_JOURNEY,157641.308243211,False
2026-05-01,Ebonyi,TRANSPORT_AIR_NGN_PER_JOURNEY,144999.856185218,False
2026-05-01,Edo,TRANSPORT_AIR_NGN_PER_JOURNEY,147300.5037597,False
2026-05-01,Ekiti,TRANSPORT_AIR_NGN_PER_JOURNEY,149030.2026513,False
2026-05-01,Enugu,TRANSPORT_AIR_NGN_PER_JOURNEY,147659.643,False
2026-05-01,Gombe,TRANSPORT_AIR_NGN_PER_JOURNEY,135800.6135,False
2026-05-01,Imo,TRANSPORT_AIR_NGN_PER_JOURNEY,167200.03466,False
2026-05-01,Jigawa,TRANSPORT_AIR_NGN_PER_JOURNEY,147780.3969672,False
2026-05-01,Kaduna,TRANSPORT_AIR_NGN_PER_JOURNEY,146980.756823456,False
2026-05-01,Kano,TRANSPORT_AIR_NGN_PER_JOURNEY,184139.29496,False
2026-05-01,Katsina,TRANSPORT_AIR_NGN_PER_JOURNEY,169995.876245406,False
2026-05-01,Kebbi,TRANSPORT_AIR_NGN_PER_JOURNEY,159150.7726536,False
2026-05-01,Kogi,TRANSPORT_AIR_NGN_PER_JOURNEY,157590.91454001,False
2026-05-01,Kwara,TRANSPORT_AIR_NGN_PER_JOURNEY,157198.434899027,False
2026-05-01,Lagos,TRANSPORT_AIR_NGN_PER_JOURNEY,176971.64829194,False
2026-05-01,Nasarawa,TRANSPORT_AIR_NGN_PER_JOURNEY,138999.1362787,False
2026-05-01,Niger,TRANSPORT_AIR_NGN_PER_JOURNEY,152098.668058147,False
2026-05-01,Ogun,TRANSPORT_AIR_NGN_PER_JOURNEY,173225.679233781,False
2026-05-01,Ondo,TRANSPORT_AIR_NGN_PER_JOURNEY,149879.664786829,False
2026-05-01,Osun,TRANSPORT_AIR_NGN_PER_JOURNEY,148022.229510626,False
2026-05-01,Oyo,TRANSPORT_AIR_NGN_PER_JOURNEY,166695.1,False
2026-05-01,Plateau,TRANSPORT_AIR_NGN_PER_JOURNEY,149974.67,False
2026-05-01,Rivers,TRANSPORT_AIR_NGN_PER_JOURNEY,175774.748782303,False
2026-05-01,Sokoto,TRANSPORT_AIR_NGN_PER_JOURNEY,148998.923765434,False
2026-05-01,Taraba,TRANSPORT_AIR_NGN_PER_JOURNEY,167950.194502392,False
2026-05-01,Yobe,TRANSPORT_AIR_NGN_PER_JOURNEY,158843.383857378,False
2026-05-01,Zamfara,TRANSPORT_AIR_NGN_PER_JOURNEY,168276.418122976,False
2025-01-01,Abia,TRANSPORT_BUS_INTERCITY_NGN_PER_JOURNEY,8551.686624,False
2025-01-01,Abuja,TRANSPORT_BUS_INTERCITY_NGN_PER_JOURNEY,8288.0,False
2025-01-01,Adamawa,TRANSPORT_BUS_INTERCITY_NGN_PER_JOURNEY,7800.0,False
2025-01-01,Akwa Ibom,TRANSPORT_BUS_INTERCITY_NGN_PER_JOURNEY,8300.0,False
2025-01-01,Anambra,TRANSPORT_BUS_INTERCITY_NGN_PER_JOURNEY,9700.0,False
2025-01-01,Bauchi,TRANSPORT_BUS_INTERCITY_NGN_PER_JOURNEY,6450.0,False
2025-01-01,Bayelsa,TRANSPORT_BUS_INTERCITY_NGN_PER_JOURNEY,8200.0,False
2025-01-01,Benue,TRANSPORT_BUS_INTERCITY_NGN_PER_JOURNEY,6700.0,False
2025-01-01,Borno,TRANSPORT_BUS_INTERCITY_NGN_PER_JOURNEY,6750.0,False
2025-01-01,Cross River,TRANSPORT_BUS_INTERCITY_NGN_PER_JOURNEY,8340.0,False
2025-01-01,Delta,TRANSPORT_BUS_INTERCITY_NGN_PER_JOURNEY,8564.28571428571,False
2025-01-01,Ebonyi,TRANSPORT_BUS_INTERCITY_NGN_PER_JOURNEY,5780.33333333333,False
2025-01-01,Edo,TRANSPORT_BUS_INTERCITY_NGN_PER_JOURNEY,6475.0,False
2025-01-01,Ekiti,TRANSPORT_BUS_INTERCITY_NGN_PER_JOURNEY,7600.0,False
2025-01-01,Enugu,TRANSPORT_BUS_INTERCITY_NGN_PER_JOURNEY,7218.7,False
2025-01-01,Gombe,TRANSPORT_BUS_INTERCITY_NGN_PER_JOURNEY,8560.0,False
2025-01-01,Imo,TRANSPORT_BUS_INTERCITY_NGN_PER_JOURNEY,9432.567654,False
2025-01-01,Jigawa,TRANSPORT_BUS_INTERCITY_NGN_PER_JOURNEY,6650.0,False
2025-01-01,Kaduna,TRANSPORT_BUS_INTERCITY_NGN_PER_JOURNEY,7459.375,False
2025-01-01,Kano,TRANSPORT_BUS_INTERCITY_NGN_PER_JOURNEY,7641.11111111111,False
2025-01-01,Katsina,TRANSPORT_BUS_INTERCITY_NGN_PER_JOURNEY,7400.0,False
2025-01-01,Kebbi,TRANSPORT_BUS_INTERCITY_NGN_PER_JOURNEY,7400.0,False
2025-01-01,Kogi,TRANSPORT_BUS_INTERCITY_NGN_PER_JOURNEY,9233.33333333333,False
2025-01-01,Kwara,TRANSPORT_BUS_INTERCITY_NGN_PER_JOURNEY,5728.557139,False
2025-01-01,Lagos,TRANSPORT_BUS_INTERCITY_NGN_PER_JOURNEY,7400.0,False
2025-01-01,Nasarawa,TRANSPORT_BUS_INTERCITY_NGN_PER_JOURNEY,6786.377495,False
2025-01-01,Niger,TRANSPORT_BUS_INTERCITY_NGN_PER_JOURNEY,7438.881671,False
2025-01-01,Ogun,TRANSPORT_BUS_INTERCITY_NGN_PER_JOURNEY,9550.0,False
2025-01-01,Ondo,TRANSPORT_BUS_INTERCITY_NGN_PER_JOURNEY,7650.0,False
2025-01-01,Osun,TRANSPORT_BUS_INTERCITY_NGN_PER_JOURNEY,6922.22222222222,False
2025-01-01,Oyo,TRANSPORT_BUS_INTERCITY_NGN_PER_JOURNEY,9625.0,False
2025-01-01,Plateau,TRANSPORT_BUS_INTERCITY_NGN_PER_JOURNEY,8200.0,False
2025-01-01,Rivers,TRANSPORT_BUS_INTERCITY_NGN_PER_JOURNEY,4433.33333333333,False
2025-01-01,Sokoto,TRANSPORT_BUS_INTERCITY_NGN_PER_JOURNEY,6915.0,False
2025-01-01,Taraba,TRANSPORT_BUS_INTERCITY_NGN_PER_JOURNEY,6160.0,False
2025-01-01,Yobe,TRANSPORT_BUS_INTERCITY_NGN_PER_JOURNEY,7350.0,False
2025-01-01,Zamfara,TRANSPORT_BUS_INTERCITY_NGN_PER_JOURNEY,7557.5,False
2025-02-01,Abia,TRANSPORT_BUS_INTERCITY_NGN_PER_JOURNEY,8657.6169832,True
2025-02-01,Abuja,TRANSPORT_BUS_INTERCITY_NGN_PER_JOURNEY,8330.0,True
2025-02-01,Adamawa,TRANSPORT_BUS_INTERCITY_NGN_PER_JOURNEY,7850.0,True
2025-02-01,Akwa Ibom,TRANSPORT_BUS_INTERCITY_NGN_PER_JOURNEY,8464.2857142,True
2025-02-01,Anambra,TRANSPORT_BUS_INTERCITY_NGN_PER_JOURNEY,9750.0,True
2025-02-01,Bauchi,TRANSPORT_BUS_INTERCITY_NGN_PER_JOURNEY,6650.0,True
2025-02-01,Bayelsa,TRANSPORT_BUS_INTERCITY_NGN_PER_JOURNEY,8300.0,True
2025-02-01,Benue,TRANSPORT_BUS_INTERCITY_NGN_PER_JOURNEY,6750.0,True
2025-02-01,Borno,TRANSPORT_BUS_INTERCITY_NGN_PER_JOURNEY,6840.0,True
2025-02-01,Cross River,TRANSPORT_BUS_INTERCITY_NGN_PER_JOURNEY,8400.0,True
2025-02-01,Delta,TRANSPORT_BUS_INTERCITY_NGN_PER_JOURNEY,8664.28571428571,True
2025-02-01,Ebonyi,TRANSPORT_BUS_INTERCITY_NGN_PER_JOURNEY,5900.0,True
2025-02-01,Edo,TRANSPORT_BUS_INTERCITY_NGN_PER_JOURNEY,6540.0,True
2025-02-01,Ekiti,TRANSPORT_BUS_INTERCITY_NGN_PER_JOURNEY,7866.6666666667,True
2025-02-01,Enugu,TRANSPORT_BUS_INTERCITY_NGN_PER_JOURNEY,7266.66666666667,True
2025-02-01,Gombe,TRANSPORT_BUS_INTERCITY_NGN_PER_JOURNEY,8750.0,True
2025-02-01,Imo,TRANSPORT_BUS_INTERCITY_NGN_PER_JOURNEY,9440.0,True
2025-02-01,Jigawa,TRANSPORT_BUS_INTERCITY_NGN_PER_JOURNEY,6730.0,True
2025-02-01,Kaduna,TRANSPORT_BUS_INTERCITY_NGN_PER_JOURNEY,7494.375,True
2025-02-01,Kano,TRANSPORT_BUS_INTERCITY_NGN_PER_JOURNEY,7477.77777777778,True
2025-02-01,Katsina,TRANSPORT_BUS_INTERCITY_NGN_PER_JOURNEY,7450.0,True
2025-02-01,Kebbi,TRANSPORT_BUS_INTERCITY_NGN_PER_JOURNEY,7450.0,True
2025-02-01,Kogi,TRANSPORT_BUS_INTERCITY_NGN_PER_JOURNEY,9300.0,True
2025-02-01,Kwara,TRANSPORT_BUS_INTERCITY_NGN_PER_JOURNEY,5828.557139,True
2025-02-01,Lagos,TRANSPORT_BUS_INTERCITY_NGN_PER_JOURNEY,7457.14285714286,True
2025-02-01,Nasarawa,TRANSPORT_BUS_INTERCITY_NGN_PER_JOURNEY,6877.0,True
2025-02-01,Niger,TRANSPORT_BUS_INTERCITY_NGN_PER_JOURNEY,7448.707772,True
2025-02-01,Ogun,TRANSPORT_BUS_INTERCITY_NGN_PER_JOURNEY,9650.0,True
2025-02-01,Ondo,TRANSPORT_BUS_INTERCITY_NGN_PER_JOURNEY,7700.0,True
2025-02-01,Osun,TRANSPORT_BUS_INTERCITY_NGN_PER_JOURNEY,7122.22222222222,True
2025-02-01,Oyo,TRANSPORT_BUS_INTERCITY_NGN_PER_JOURNEY,9425.0,True
2025-02-01,Plateau,TRANSPORT_BUS_INTERCITY_NGN_PER_JOURNEY,8247.590073,True
2025-02-01,Rivers,TRANSPORT_BUS_INTERCITY_NGN_PER_JOURNEY,4442.22222222222,True
2025-02-01,Sokoto,TRANSPORT_BUS_INTERCITY_NGN_PER_JOURNEY,6960.0,True
2025-02-01,Taraba,TRANSPORT_BUS_INTERCITY_NGN_PER_JOURNEY,6200.0,True
2025-02-01,Yobe,TRANSPORT_BUS_INTERCITY_NGN_PER_JOURNEY,7400.0,True
2025-02-01,Zamfara,TRANSPORT_BUS_INTERCITY_NGN_PER_JOURNEY,7612.5,True
2025-03-01,Abia,TRANSPORT_BUS_INTERCITY_NGN_PER_JOURNEY,8680.22801326952,True
2025-03-01,Abuja,TRANSPORT_BUS_INTERCITY_NGN_PER_JOURNEY,8409.355,True
2025-03-01,Adamawa,TRANSPORT_BUS_INTERCITY_NGN_PER_JOURNEY,7880.0,True
2025-03-01,Akwa Ibom,TRANSPORT_BUS_INTERCITY_NGN_PER_JOURNEY,8520.96785703862,True
2025-03-01,Anambra,TRANSPORT_BUS_INTERCITY_NGN_PER_JOURNEY,9800.0,True
2025-03-01,Bauchi,TRANSPORT_BUS_INTERCITY_NGN_PER_JOURNEY,6700.0,True
2025-03-01,Bayelsa,TRANSPORT_BUS_INTERCITY_NGN_PER_JOURNEY,8400.65,True
2025-03-01,Benue,TRANSPORT_BUS_INTERCITY_NGN_PER_JOURNEY,6850.0,True
2025-03-01,Borno,TRANSPORT_BUS_INTERCITY_NGN_PER_JOURNEY,7000.0,True
2025-03-01,Cross River,TRANSPORT_BUS_INTERCITY_NGN_PER_JOURNEY,8450.0,True
2025-03-01,Delta,TRANSPORT_BUS_INTERCITY_NGN_PER_JOURNEY,8723.50785714286,True
2025-03-01,Ebonyi,TRANSPORT_BUS_INTERCITY_NGN_PER_JOURNEY,6000.0,True
2025-03-01,Edo,TRANSPORT_BUS_INTERCITY_NGN_PER_JOURNEY,6562.5,True
2025-03-01,Ekiti,TRANSPORT_BUS_INTERCITY_NGN_PER_JOURNEY,7990.3433333333,True
2025-03-01,Enugu,TRANSPORT_BUS_INTERCITY_NGN_PER_JOURNEY,7400.23333333333,True
2025-03-01,Gombe,TRANSPORT_BUS_INTERCITY_NGN_PER_JOURNEY,8800.0,True
2025-03-01,Imo,TRANSPORT_BUS_INTERCITY_NGN_PER_JOURNEY,9580.5,True
2025-03-01,Jigawa,TRANSPORT_BUS_INTERCITY_NGN_PER_JOURNEY,6752.153,True
2025-03-01,Kaduna,TRANSPORT_BUS_INTERCITY_NGN_PER_JOURNEY,7679.1694375,True
2025-03-01,Kano,TRANSPORT_BUS_INTERCITY_NGN_PER_JOURNEY,7558.84666666667,True
2025-03-01,Katsina,TRANSPORT_BUS_INTERCITY_NGN_PER_JOURNEY,7590.0,True
2025-03-01,Kebbi,TRANSPORT_BUS_INTERCITY_NGN_PER_JOURNEY,7430.0,True
2025-03-01,Kogi,TRANSPORT_BUS_INTERCITY_NGN_PER_JOURNEY,9400.0,True
2025-03-01,Kwara,TRANSPORT_BUS_INTERCITY_NGN_PER_JOURNEY,5900.557139,True
2025-03-01,Lagos,TRANSPORT_BUS_INTERCITY_NGN_PER_JOURNEY,7618.57285714286,True
2025-03-01,Nasarawa,TRANSPORT_BUS_INTERCITY_NGN_PER_JOURNEY,6980.0,True
2025-03-01,Niger,TRANSPORT_BUS_INTERCITY_NGN_PER_JOURNEY,7488.707772,True
2025-03-01,Ogun,TRANSPORT_BUS_INTERCITY_NGN_PER_JOURNEY,9733.255,True
2025-03-01,Ondo,TRANSPORT_BUS_INTERCITY_NGN_PER_JOURNEY,7750.0,True
2025-03-01,Osun,TRANSPORT_BUS_INTERCITY_NGN_PER_JOURNEY,7101.59777777778,True
2025-03-01,Oyo,TRANSPORT_BUS_INTERCITY_NGN_PER_JOURNEY,9524.4625,True
2025-03-01,Plateau,TRANSPORT_BUS_INTERCITY_NGN_PER_JOURNEY,8428.090073,True
2025-03-01,Rivers,TRANSPORT_BUS_INTERCITY_NGN_PER_JOURNEY,4522.22222222222,True
2025-03-01,Sokoto,TRANSPORT_BUS_INTERCITY_NGN_PER_JOURNEY,6950.0,True
2025-03-01,Taraba,TRANSPORT_BUS_INTERCITY_NGN_PER_JOURNEY,6428.8,True
2025-03-01,Yobe,TRANSPORT_BUS_INTERCITY_NGN_PER_JOURNEY,7450.0,True
2025-03-01,Zamfara,TRANSPORT_BUS_INTERCITY_NGN_PER_JOURNEY,7680.0,True
2025-04-01,Abia,TRANSPORT_BUS_INTERCITY_NGN_PER_JOURNEY,8706.97550770297,True
2025-04-01,Abuja,TRANSPORT_BUS_INTERCITY_NGN_PER_JOURNEY,8414.4625,True
2025-04-01,Adamawa,TRANSPORT_BUS_INTERCITY_NGN_PER_JOURNEY,7719.857999999998,True
2025-04-01,Akwa Ibom,TRANSPORT_BUS_INTERCITY_NGN_PER_JOURNEY,8588.8392856875,True
2025-04-01,Anambra,TRANSPORT_BUS_INTERCITY_NGN_PER_JOURNEY,9821.93633650934,True
2025-04-01,Bauchi,TRANSPORT_BUS_INTERCITY_NGN_PER_JOURNEY,6755.74,True
2025-04-01,Bayelsa,TRANSPORT_BUS_INTERCITY_NGN_PER_JOURNEY,8475.0,True
2025-04-01,Benue,TRANSPORT_BUS_INTERCITY_NGN_PER_JOURNEY,6965.38461538462,True
2025-04-01,Borno,TRANSPORT_BUS_INTERCITY_NGN_PER_JOURNEY,8187.5,True
2025-04-01,Cross River,TRANSPORT_BUS_INTERCITY_NGN_PER_JOURNEY,8525.0,True
2025-04-01,Delta,TRANSPORT_BUS_INTERCITY_NGN_PER_JOURNEY,8355.524,True
2025-04-01,Ebonyi,TRANSPORT_BUS_INTERCITY_NGN_PER_JOURNEY,6232.757496,True
2025-04-01,Edo,TRANSPORT_BUS_INTERCITY_NGN_PER_JOURNEY,6570.8333333333,True
2025-04-01,Ekiti,TRANSPORT_BUS_INTERCITY_NGN_PER_JOURNEY,8780.1875,True
2025-04-01,Enugu,TRANSPORT_BUS_INTERCITY_NGN_PER_JOURNEY,7913.030416666666,True
2025-04-01,Gombe,TRANSPORT_BUS_INTERCITY_NGN_PER_JOURNEY,8850.0,True
2025-04-01,Imo,TRANSPORT_BUS_INTERCITY_NGN_PER_JOURNEY,9650.06428571429,True
2025-04-01,Jigawa,TRANSPORT_BUS_INTERCITY_NGN_PER_JOURNEY,7534.991700000001,True
2025-04-01,Kaduna,TRANSPORT_BUS_INTERCITY_NGN_PER_JOURNEY,7547.523999999999,True
2025-04-01,Kano,TRANSPORT_BUS_INTERCITY_NGN_PER_JOURNEY,7971.88023076923,True
2025-04-01,Katsina,TRANSPORT_BUS_INTERCITY_NGN_PER_JOURNEY,7551.1034375,True
2025-04-01,Kebbi,TRANSPORT_BUS_INTERCITY_NGN_PER_JOURNEY,7677.5,True
2025-04-01,Kogi,TRANSPORT_BUS_INTERCITY_NGN_PER_JOURNEY,9200.66666666667,True
2025-04-01,Kwara,TRANSPORT_BUS_INTERCITY_NGN_PER_JOURNEY,5965.886784075,True
2025-04-01,Lagos,TRANSPORT_BUS_INTERCITY_NGN_PER_JOURNEY,7827.97163,True
2025-04-01,Nasarawa,TRANSPORT_BUS_INTERCITY_NGN_PER_JOURNEY,6950.0,True
2025-04-01,Niger,TRANSPORT_BUS_INTERCITY_NGN_PER_JOURNEY,7496.65573670625,True
2025-04-01,Ogun,TRANSPORT_BUS_INTERCITY_NGN_PER_JOURNEY,9460.0625,True
2025-04-01,Ondo,TRANSPORT_BUS_INTERCITY_NGN_PER_JOURNEY,7666.6666666667,True
2025-04-01,Osun,TRANSPORT_BUS_INTERCITY_NGN_PER_JOURNEY,7354.82,True
2025-04-01,Oyo,TRANSPORT_BUS_INTERCITY_NGN_PER_JOURNEY,9559.6625,True
2025-04-01,Plateau,TRANSPORT_BUS_INTERCITY_NGN_PER_JOURNEY,8506.3250608333,True
2025-04-01,Rivers,TRANSPORT_BUS_INTERCITY_NGN_PER_JOURNEY,6088.88888888889,True
2025-04-01,Sokoto,TRANSPORT_BUS_INTERCITY_NGN_PER_JOURNEY,6970.0,True
2025-04-01,Taraba,TRANSPORT_BUS_INTERCITY_NGN_PER_JOURNEY,6927.456,True
2025-04-01,Yobe,TRANSPORT_BUS_INTERCITY_NGN_PER_JOURNEY,7600.0,True
2025-04-01,Zamfara,TRANSPORT_BUS_INTERCITY_NGN_PER_JOURNEY,8005.89128571429,True
2025-05-01,Abia,TRANSPORT_BUS_INTERCITY_NGN_PER_JOURNEY,8720.97550770297,True
2025-05-01,Abuja,TRANSPORT_BUS_INTERCITY_NGN_PER_JOURNEY,8800.9528333333,True
2025-05-01,Adamawa,TRANSPORT_BUS_INTERCITY_NGN_PER_JOURNEY,7805.9528333333,True
2025-05-01,Akwa Ibom,TRANSPORT_BUS_INTERCITY_NGN_PER_JOURNEY,8531.964285695,True
2025-05-01,Anambra,TRANSPORT_BUS_INTERCITY_NGN_PER_JOURNEY,9858.35791009675,True
2025-05-01,Bauchi,TRANSPORT_BUS_INTERCITY_NGN_PER_JOURNEY,6872.3992,True
2025-05-01,Bayelsa,TRANSPORT_BUS_INTERCITY_NGN_PER_JOURNEY,8550.0,True
2025-05-01,Benue,TRANSPORT_BUS_INTERCITY_NGN_PER_JOURNEY,6983.84615384615,True
2025-05-01,Borno,TRANSPORT_BUS_INTERCITY_NGN_PER_JOURNEY,8192.5,True
2025-05-01,Cross River,TRANSPORT_BUS_INTERCITY_NGN_PER_JOURNEY,8614.5,True
2025-05-01,Delta,TRANSPORT_BUS_INTERCITY_NGN_PER_JOURNEY,8423.96592,True
2025-05-01,Ebonyi,TRANSPORT_BUS_INTERCITY_NGN_PER_JOURNEY,6350.96592,True
2025-05-01,Edo,TRANSPORT_BUS_INTERCITY_NGN_PER_JOURNEY,6583.8333333333,True
2025-05-01,Ekiti,TRANSPORT_BUS_INTERCITY_NGN_PER_JOURNEY,8783.8333333333,True
2025-05-01,Enugu,TRANSPORT_BUS_INTERCITY_NGN_PER_JOURNEY,7954.40618333333,True
2025-05-01,Gombe,TRANSPORT_BUS_INTERCITY_NGN_PER_JOURNEY,8885.0,True
2025-05-01,Imo,TRANSPORT_BUS_INTERCITY_NGN_PER_JOURNEY,9702.46371428571,True
2025-05-01,Jigawa,TRANSPORT_BUS_INTERCITY_NGN_PER_JOURNEY,7689.591036,True
2025-05-01,Kaduna,TRANSPORT_BUS_INTERCITY_NGN_PER_JOURNEY,7570.32592,True
2025-05-01,Kano,TRANSPORT_BUS_INTERCITY_NGN_PER_JOURNEY,7990.32592,True
2025-05-01,Katsina,TRANSPORT_BUS_INTERCITY_NGN_PER_JOURNEY,7586.9579625,True
2025-05-01,Kebbi,TRANSPORT_BUS_INTERCITY_NGN_PER_JOURNEY,7706.9579625,True
2025-05-01,Kogi,TRANSPORT_BUS_INTERCITY_NGN_PER_JOURNEY,9216.9579625,True
2025-05-01,Kwara,TRANSPORT_BUS_INTERCITY_NGN_PER_JOURNEY,5986.9579625,True
2025-05-01,Lagos,TRANSPORT_BUS_INTERCITY_NGN_PER_JOURNEY,7906.2093604,True
2025-05-01,Nasarawa,TRANSPORT_BUS_INTERCITY_NGN_PER_JOURNEY,7007.0,True
2025-05-01,Niger,TRANSPORT_BUS_INTERCITY_NGN_PER_JOURNEY,7539.45262245525,True
2025-05-01,Ogun,TRANSPORT_BUS_INTERCITY_NGN_PER_JOURNEY,9538.05,True
2025-05-01,Ondo,TRANSPORT_BUS_INTERCITY_NGN_PER_JOURNEY,7689.0,True
2025-05-01,Osun,TRANSPORT_BUS_INTERCITY_NGN_PER_JOURNEY,7380.16115555556,True
2025-05-01,Oyo,TRANSPORT_BUS_INTERCITY_NGN_PER_JOURNEY,9580.16115555556,True
2025-05-01,Plateau,TRANSPORT_BUS_INTERCITY_NGN_PER_JOURNEY,8580.16115555556,True
2025-05-01,Rivers,TRANSPORT_BUS_INTERCITY_NGN_PER_JOURNEY,6109.88888888889,True
2025-05-01,Sokoto,TRANSPORT_BUS_INTERCITY_NGN_PER_JOURNEY,6992.0,True
2025-05-01,Taraba,TRANSPORT_BUS_INTERCITY_NGN_PER_JOURNEY,6979.35248,True
2025-05-01,Yobe,TRANSPORT_BUS_INTERCITY_NGN_PER_JOURNEY,7679.35248,True
2025-05-01,Zamfara,TRANSPORT_BUS_INTERCITY_NGN_PER_JOURNEY,8079.35248,True
2025-06-01,Abia,TRANSPORT_BUS_INTERCITY_NGN_PER_JOURNEY,8754.34818930311,True
2025-06-01,Abuja,TRANSPORT_BUS_INTERCITY_NGN_PER_JOURNEY,9000.07695283333,True
2025-06-01,Adamawa,TRANSPORT_BUS_INTERCITY_NGN_PER_JOURNEY,7808.59528333333,True
2025-06-01,Akwa Ibom,TRANSPORT_BUS_INTERCITY_NGN_PER_JOURNEY,8549.113533909247,True
2025-06-01,Anambra,TRANSPORT_BUS_INTERCITY_NGN_PER_JOURNEY,9761.32527582769,True
2025-06-01,Bauchi,TRANSPORT_BUS_INTERCITY_NGN_PER_JOURNEY,6875.8422719992,True
2025-06-01,Bayelsa,TRANSPORT_BUS_INTERCITY_NGN_PER_JOURNEY,8565.7613,True
2025-06-01,Benue,TRANSPORT_BUS_INTERCITY_NGN_PER_JOURNEY,6947.74615384615,True
2025-06-01,Borno,TRANSPORT_BUS_INTERCITY_NGN_PER_JOURNEY,8195.5,True
2025-06-01,Cross River,TRANSPORT_BUS_INTERCITY_NGN_PER_JOURNEY,8610.32412,True
2025-06-01,Delta,TRANSPORT_BUS_INTERCITY_NGN_PER_JOURNEY,8426.496592,True
2025-06-01,Ebonyi,TRANSPORT_BUS_INTERCITY_NGN_PER_JOURNEY,6355.8896592,True
2025-06-01,Edo,TRANSPORT_BUS_INTERCITY_NGN_PER_JOURNEY,6584.78333333333,True
2025-06-01,Ekiti,TRANSPORT_BUS_INTERCITY_NGN_PER_JOURNEY,8786.58333333333,True
2025-06-01,Enugu,TRANSPORT_BUS_INTERCITY_NGN_PER_JOURNEY,7956.46061833333,True
2025-06-01,Gombe,TRANSPORT_BUS_INTERCITY_NGN_PER_JOURNEY,8894.773500000001,True
2025-06-01,Imo,TRANSPORT_BUS_INTERCITY_NGN_PER_JOURNEY,9705.46371428571,True
2025-06-01,Jigawa,TRANSPORT_BUS_INTERCITY_NGN_PER_JOURNEY,7690.51131476708,True
2025-06-01,Kaduna,TRANSPORT_BUS_INTERCITY_NGN_PER_JOURNEY,7650.85512583584,True
2025-06-01,Kano,TRANSPORT_BUS_INTERCITY_NGN_PER_JOURNEY,7995.15691389568,True
2025-06-01,Katsina,TRANSPORT_BUS_INTERCITY_NGN_PER_JOURNEY,7594.848398781,True
2025-06-01,Kebbi,TRANSPORT_BUS_INTERCITY_NGN_PER_JOURNEY,7745.35854667912,True
2025-06-01,Kogi,TRANSPORT_BUS_INTERCITY_NGN_PER_JOURNEY,9256.8579625,True
2025-06-01,Kwara,TRANSPORT_BUS_INTERCITY_NGN_PER_JOURNEY,5989.889579625,True
2025-06-01,Lagos,TRANSPORT_BUS_INTERCITY_NGN_PER_JOURNEY,7930.0,True
2025-06-01,Nasarawa,TRANSPORT_BUS_INTERCITY_NGN_PER_JOURNEY,7017.0,True
2025-06-01,Niger,TRANSPORT_BUS_INTERCITY_NGN_PER_JOURNEY,7540.55262245525,True
2025-06-01,Ogun,TRANSPORT_BUS_INTERCITY_NGN_PER_JOURNEY,9548.0,True
2025-06-01,Ondo,TRANSPORT_BUS_INTERCITY_NGN_PER_JOURNEY,7690.469,True
2025-06-01,Osun,TRANSPORT_BUS_INTERCITY_NGN_PER_JOURNEY,7385.94615137778,True
2025-06-01,Oyo,TRANSPORT_BUS_INTERCITY_NGN_PER_JOURNEY,9605.66126669334,True
2025-06-01,Plateau,TRANSPORT_BUS_INTERCITY_NGN_PER_JOURNEY,8590.96115555556,True
2025-06-01,Rivers,TRANSPORT_BUS_INTERCITY_NGN_PER_JOURNEY,6143.81854444445,True
2025-06-01,Sokoto,TRANSPORT_BUS_INTERCITY_NGN_PER_JOURNEY,7092.846032,True
2025-06-01,Taraba,TRANSPORT_BUS_INTERCITY_NGN_PER_JOURNEY,6980.8181440208,True
2025-06-01,Yobe,TRANSPORT_BUS_INTERCITY_NGN_PER_JOURNEY,7789.066169808,True
2025-06-01,Zamfara,TRANSPORT_BUS_INTERCITY_NGN_PER_JOURNEY,8088.8426688208,True
2025-07-01,Abia,TRANSPORT_BUS_INTERCITY_NGN_PER_JOURNEY,8845.126094094057,True
2025-07-01,Abuja,TRANSPORT_BUS_INTERCITY_NGN_PER_JOURNEY,9020.87076952833,True
2025-07-01,Adamawa,TRANSPORT_BUS_INTERCITY_NGN_PER_JOURNEY,7814.139385984497,True
2025-07-01,Akwa Ibom,TRANSPORT_BUS_INTERCITY_NGN_PER_JOURNEY,8549.61353390925,True
2025-07-01,Anambra,TRANSPORT_BUS_INTERCITY_NGN_PER_JOURNEY,9862.321269680548,True
2025-07-01,Bauchi,TRANSPORT_BUS_INTERCITY_NGN_PER_JOURNEY,6878.640739803905,True
2025-07-01,Bayelsa,TRANSPORT_BUS_INTERCITY_NGN_PER_JOURNEY,8562.70712479978,True
2025-07-01,Benue,TRANSPORT_BUS_INTERCITY_NGN_PER_JOURNEY,6990.47461538461,True
2025-07-01,Borno,TRANSPORT_BUS_INTERCITY_NGN_PER_JOURNEY,8197.431885,True
2025-07-01,Cross River,TRANSPORT_BUS_INTERCITY_NGN_PER_JOURNEY,8621.96163318072,True
2025-07-01,Delta,TRANSPORT_BUS_INTERCITY_NGN_PER_JOURNEY,8437.66178368,True
2025-07-01,Ebonyi,TRANSPORT_BUS_INTERCITY_NGN_PER_JOURNEY,6358.622691753456,True
2025-07-01,Edo,TRANSPORT_BUS_INTERCITY_NGN_PER_JOURNEY,6585.48333333333,True
2025-07-01,Ekiti,TRANSPORT_BUS_INTERCITY_NGN_PER_JOURNEY,8783.77833333333,True
2025-07-01,Enugu,TRANSPORT_BUS_INTERCITY_NGN_PER_JOURNEY,7958.40618333333,True
2025-07-01,Gombe,TRANSPORT_BUS_INTERCITY_NGN_PER_JOURNEY,8902.85885,True
2025-07-01,Imo,TRANSPORT_BUS_INTERCITY_NGN_PER_JOURNEY,9710.46371428571,True
2025-07-01,Jigawa,TRANSPORT_BUS_INTERCITY_NGN_PER_JOURNEY,7697.665106587799,True
2025-07-01,Kaduna,TRANSPORT_BUS_INTERCITY_NGN_PER_JOURNEY,7750.6936816176,True
2025-07-01,Kano,TRANSPORT_BUS_INTERCITY_NGN_PER_JOURNEY,7999.115278512001,True
2025-07-01,Katsina,TRANSPORT_BUS_INTERCITY_NGN_PER_JOURNEY,7620.00013794025,True
2025-07-01,Kebbi,TRANSPORT_BUS_INTERCITY_NGN_PER_JOURNEY,7715.8980337365,True
2025-07-01,Kogi,TRANSPORT_BUS_INTERCITY_NGN_PER_JOURNEY,9258.58579625,True
2025-07-01,Kwara,TRANSPORT_BUS_INTERCITY_NGN_PER_JOURNEY,5990.99889579625,True
2025-07-01,Lagos,TRANSPORT_BUS_INTERCITY_NGN_PER_JOURNEY,7950.0,True
2025-07-01,Nasarawa,TRANSPORT_BUS_INTERCITY_NGN_PER_JOURNEY,7020.06,True
2025-07-01,Niger,TRANSPORT_BUS_INTERCITY_NGN_PER_JOURNEY,7550.66262245525,True
2025-07-01,Ogun,TRANSPORT_BUS_INTERCITY_NGN_PER_JOURNEY,9560.0,True
2025-07-01,Ondo,TRANSPORT_BUS_INTERCITY_NGN_PER_JOURNEY,7796.646,True
2025-07-01,Osun,TRANSPORT_BUS_INTERCITY_NGN_PER_JOURNEY,7619.27837699556,True
2025-07-01,Oyo,TRANSPORT_BUS_INTERCITY_NGN_PER_JOURNEY,9707.96050537067,True
2025-07-01,Plateau,TRANSPORT_BUS_INTERCITY_NGN_PER_JOURNEY,8598.98115555556,True
2025-07-01,Rivers,TRANSPORT_BUS_INTERCITY_NGN_PER_JOURNEY,6189.56184,True
2025-07-01,Sokoto,TRANSPORT_BUS_INTERCITY_NGN_PER_JOURNEY,7100.117568,True
2025-07-01,Taraba,TRANSPORT_BUS_INTERCITY_NGN_PER_JOURNEY,7030.96052281139,True
2025-07-01,Yobe,TRANSPORT_BUS_INTERCITY_NGN_PER_JOURNEY,7856.284761139199,True
2025-07-01,Zamfara,TRANSPORT_BUS_INTERCITY_NGN_PER_JOURNEY,8095.5007611392,True
2025-08-01,Abia,TRANSPORT_BUS_INTERCITY_NGN_PER_JOURNEY,9064.698518676338,True
2025-08-01,Abuja,TRANSPORT_BUS_INTERCITY_NGN_PER_JOURNEY,9144.786791503017,True
2025-08-01,Adamawa,TRANSPORT_BUS_INTERCITY_NGN_PER_JOURNEY,7829.301052773594,True
2025-08-01,Akwa Ibom,TRANSPORT_BUS_INTERCITY_NGN_PER_JOURNEY,8550.730902782372,True
2025-08-01,Anambra,TRANSPORT_BUS_INTERCITY_NGN_PER_JOURNEY,9550.7940785358,True
2025-08-01,Bauchi,TRANSPORT_BUS_INTERCITY_NGN_PER_JOURNEY,6884.528085353698,True
2025-08-01,Bayelsa,TRANSPORT_BUS_INTERCITY_NGN_PER_JOURNEY,8586.860953074307,True
2025-08-01,Benue,TRANSPORT_BUS_INTERCITY_NGN_PER_JOURNEY,7077.838194937403,True
2025-08-01,Borno,TRANSPORT_BUS_INTERCITY_NGN_PER_JOURNEY,8201.307683561665,True
2025-08-01,Cross River,TRANSPORT_BUS_INTERCITY_NGN_PER_JOURNEY,8630.29616331807,True
2025-08-01,Delta,TRANSPORT_BUS_INTERCITY_NGN_PER_JOURNEY,8462.294723590918,True
2025-08-01,Ebonyi,TRANSPORT_BUS_INTERCITY_NGN_PER_JOURNEY,6364.105773634452,True
2025-08-01,Edo,TRANSPORT_BUS_INTERCITY_NGN_PER_JOURNEY,6586.95517672803,True
2025-08-01,Ekiti,TRANSPORT_BUS_INTERCITY_NGN_PER_JOURNEY,8793.44563692428,True
2025-08-01,Enugu,TRANSPORT_BUS_INTERCITY_NGN_PER_JOURNEY,7962.543104750608,True
2025-08-01,Gombe,TRANSPORT_BUS_INTERCITY_NGN_PER_JOURNEY,8919.323324804824,True
2025-08-01,Imo,TRANSPORT_BUS_INTERCITY_NGN_PER_JOURNEY,9720.59538533571,True
2025-08-01,Jigawa,TRANSPORT_BUS_INTERCITY_NGN_PER_JOURNEY,7712.304155521756,True
2025-08-01,Kaduna,TRANSPORT_BUS_INTERCITY_NGN_PER_JOURNEY,7854.99673379081,True
2025-08-01,Kano,TRANSPORT_BUS_INTERCITY_NGN_PER_JOURNEY,8007.215415442032,True
2025-08-01,Katsina,TRANSPORT_BUS_INTERCITY_NGN_PER_JOURNEY,7671.469002222821,True
2025-08-01,Kebbi,TRANSPORT_BUS_INTERCITY_NGN_PER_JOURNEY,7746.991214816721,True
2025-08-01,Kogi,TRANSPORT_BUS_INTERCITY_NGN_PER_JOURNEY,9262.086964886816,True
2025-08-01,Kwara,TRANSPORT_BUS_INTERCITY_NGN_PER_JOURNEY,5993.232328746038,True
2025-08-01,Lagos,TRANSPORT_BUS_INTERCITY_NGN_PER_JOURNEY,7990.266842,True
2025-08-01,Nasarawa,TRANSPORT_BUS_INTERCITY_NGN_PER_JOURNEY,7026.214948260002,True
2025-08-01,Niger,TRANSPORT_BUS_INTERCITY_NGN_PER_JOURNEY,7570.998088765251,True
2025-08-01,Ogun,TRANSPORT_BUS_INTERCITY_NGN_PER_JOURNEY,9584.137052,True
2025-08-01,Ondo,TRANSPORT_BUS_INTERCITY_NGN_PER_JOURNEY,7810.08406717,True
2025-08-01,Osun,TRANSPORT_BUS_INTERCITY_NGN_PER_JOURNEY,7688.32515025468,True
2025-08-01,Oyo,TRANSPORT_BUS_INTERCITY_NGN_PER_JOURNEY,9913.910355668257,True
2025-08-01,Plateau,TRANSPORT_BUS_INTERCITY_NGN_PER_JOURNEY,8685.12709975556,True
2025-08-01,Rivers,TRANSPORT_BUS_INTERCITY_NGN_PER_JOURNEY,6282.059357942879,True
2025-08-01,Sokoto,TRANSPORT_BUS_INTERCITY_NGN_PER_JOURNEY,7214.8213409456,True
2025-08-01,Taraba,TRANSPORT_BUS_INTERCITY_NGN_PER_JOURNEY,7082.662329582367,True
2025-08-01,Yobe,TRANSPORT_BUS_INTERCITY_NGN_PER_JOURNEY,7889.5938506608,True
2025-08-01,Zamfara,TRANSPORT_BUS_INTERCITY_NGN_PER_JOURNEY,8100.3659201287,True
2025-09-01,Abia,TRANSPORT_BUS_INTERCITY_NGN_PER_JOURNEY,9066.82698518676,True
2025-09-01,Abuja,TRANSPORT_BUS_INTERCITY_NGN_PER_JOURNEY,9146.72286791503,True
2025-09-01,Adamawa,TRANSPORT_BUS_INTERCITY_NGN_PER_JOURNEY,7830.24730105277,True
2025-09-01,Akwa Ibom,TRANSPORT_BUS_INTERCITY_NGN_PER_JOURNEY,8562.22730902782,True
2025-09-01,Anambra,TRANSPORT_BUS_INTERCITY_NGN_PER_JOURNEY,9681.2794078535,True
2025-09-01,Bauchi,TRANSPORT_BUS_INTERCITY_NGN_PER_JOURNEY,6884.76628085353,True
2025-09-01,Bayelsa,TRANSPORT_BUS_INTERCITY_NGN_PER_JOURNEY,8588.12860953074,True
2025-09-01,Benue,TRANSPORT_BUS_INTERCITY_NGN_PER_JOURNEY,7079.25668381949,True
2025-09-01,Borno,TRANSPORT_BUS_INTERCITY_NGN_PER_JOURNEY,8208.30768356166,True
2025-09-01,Cross River,TRANSPORT_BUS_INTERCITY_NGN_PER_JOURNEY,8640.2496163318,True
2025-09-01,Delta,TRANSPORT_BUS_INTERCITY_NGN_PER_JOURNEY,8462.99472359092,True
2025-09-01,Ebonyi,TRANSPORT_BUS_INTERCITY_NGN_PER_JOURNEY,6364.80577363445,True
2025-09-01,Edo,TRANSPORT_BUS_INTERCITY_NGN_PER_JOURNEY,6588.55517672803,True
2025-09-01,Ekiti,TRANSPORT_BUS_INTERCITY_NGN_PER_JOURNEY,8795.44563692428,True
2025-09-01,Enugu,TRANSPORT_BUS_INTERCITY_NGN_PER_JOURNEY,7966.23431047506,True
2025-09-01,Gombe,TRANSPORT_BUS_INTERCITY_NGN_PER_JOURNEY,8921.49323324804,True
2025-09-01,Imo,TRANSPORT_BUS_INTERCITY_NGN_PER_JOURNEY,9722.62595385335,True
2025-09-01,Jigawa,TRANSPORT_BUS_INTERCITY_NGN_PER_JOURNEY,7718.55304155521,True
2025-09-01,Kaduna,TRANSPORT_BUS_INTERCITY_NGN_PER_JOURNEY,7856.0899673379,True
2025-09-01,Kano,TRANSPORT_BUS_INTERCITY_NGN_PER_JOURNEY,8007.77321541544,True
2025-09-01,Katsina,TRANSPORT_BUS_INTERCITY_NGN_PER_JOURNEY,7672.64690022228,True
2025-09-01,Kebbi,TRANSPORT_BUS_INTERCITY_NGN_PER_JOURNEY,7750.02299121481,True
2025-09-01,Kogi,TRANSPORT_BUS_INTERCITY_NGN_PER_JOURNEY,9264.90869648868,True
2025-09-01,Kwara,TRANSPORT_BUS_INTERCITY_NGN_PER_JOURNEY,5995.2732328746,True
2025-09-01,Lagos,TRANSPORT_BUS_INTERCITY_NGN_PER_JOURNEY,7994.4266842,True
2025-09-01,Nasarawa,TRANSPORT_BUS_INTERCITY_NGN_PER_JOURNEY,7027.121494826,True
2025-09-01,Niger,TRANSPORT_BUS_INTERCITY_NGN_PER_JOURNEY,7575.19980887652,True
2025-09-01,Ogun,TRANSPORT_BUS_INTERCITY_NGN_PER_JOURNEY,9585.1637052,True
2025-09-01,Ondo,TRANSPORT_BUS_INTERCITY_NGN_PER_JOURNEY,7813.108406717,True
2025-09-01,Osun,TRANSPORT_BUS_INTERCITY_NGN_PER_JOURNEY,7689.31251502546,True
2025-09-01,Oyo,TRANSPORT_BUS_INTERCITY_NGN_PER_JOURNEY,9917.19103556682,True
2025-09-01,Plateau,TRANSPORT_BUS_INTERCITY_NGN_PER_JOURNEY,8686.31270997555,True
2025-09-01,Rivers,TRANSPORT_BUS_INTERCITY_NGN_PER_JOURNEY,6285.20593579428,True
2025-09-01,Sokoto,TRANSPORT_BUS_INTERCITY_NGN_PER_JOURNEY,7216.80213409456,True
2025-09-01,Taraba,TRANSPORT_BUS_INTERCITY_NGN_PER_JOURNEY,7086.60623295823,True
2025-09-01,Yobe,TRANSPORT_BUS_INTERCITY_NGN_PER_JOURNEY,7930.50938506608,True
2025-09-01,Zamfara,TRANSPORT_BUS_INTERCITY_NGN_PER_JOURNEY,8104.30659201287,True
2025-10-01,Abia,TRANSPORT_BUS_INTERCITY_NGN_PER_JOURNEY,9071.08269851867,True
2025-10-01,Abuja,TRANSPORT_BUS_INTERCITY_NGN_PER_JOURNEY,9150.1722867915,True
2025-10-01,Adamawa,TRANSPORT_BUS_INTERCITY_NGN_PER_JOURNEY,7850.22473010527,True
2025-10-01,Akwa Ibom,TRANSPORT_BUS_INTERCITY_NGN_PER_JOURNEY,8566.55227309027,True
2025-10-01,Anambra,TRANSPORT_BUS_INTERCITY_NGN_PER_JOURNEY,10101.1102794078,True
2025-10-01,Bauchi,TRANSPORT_BUS_INTERCITY_NGN_PER_JOURNEY,6887.14766280853,True
2025-10-01,Bayelsa,TRANSPORT_BUS_INTERCITY_NGN_PER_JOURNEY,8598.8712860953,True
2025-10-01,Benue,TRANSPORT_BUS_INTERCITY_NGN_PER_JOURNEY,7109.25668381949,True
2025-10-01,Borno,TRANSPORT_BUS_INTERCITY_NGN_PER_JOURNEY,8518.76543307683,True
2025-10-01,Cross River,TRANSPORT_BUS_INTERCITY_NGN_PER_JOURNEY,8660.45249616331,True
2025-10-01,Delta,TRANSPORT_BUS_INTERCITY_NGN_PER_JOURNEY,8620.98452496163,True
2025-10-01,Ebonyi,TRANSPORT_BUS_INTERCITY_NGN_PER_JOURNEY,6620.98452496163,True
2025-10-01,Edo,TRANSPORT_BUS_INTERCITY_NGN_PER_JOURNEY,6720.98452496163,True
2025-10-01,Ekiti,TRANSPORT_BUS_INTERCITY_NGN_PER_JOURNEY,8899.43984524961,True
2025-10-01,Enugu,TRANSPORT_BUS_INTERCITY_NGN_PER_JOURNEY,8066.84234310475,True
2025-10-01,Gombe,TRANSPORT_BUS_INTERCITY_NGN_PER_JOURNEY,9066.84234310475,True
2025-10-01,Imo,TRANSPORT_BUS_INTERCITY_NGN_PER_JOURNEY,9866.84234310475,True
2025-10-01,Jigawa,TRANSPORT_BUS_INTERCITY_NGN_PER_JOURNEY,7866.22842343104,True
2025-10-01,Kaduna,TRANSPORT_BUS_INTERCITY_NGN_PER_JOURNEY,8000.16612284234,True
2025-10-01,Kano,TRANSPORT_BUS_INTERCITY_NGN_PER_JOURNEY,8188.88475116612,True
2025-10-01,Katsina,TRANSPORT_BUS_INTERCITY_NGN_PER_JOURNEY,7790.83646900222,True
2025-10-01,Kebbi,TRANSPORT_BUS_INTERCITY_NGN_PER_JOURNEY,7790.83646900222,True
2025-10-01,Kogi,TRANSPORT_BUS_INTERCITY_NGN_PER_JOURNEY,9305.90869648868,True
2025-10-01,Kwara,TRANSPORT_BUS_INTERCITY_NGN_PER_JOURNEY,6059.65222908696,True
2025-10-01,Lagos,TRANSPORT_BUS_INTERCITY_NGN_PER_JOURNEY,8050.39486652229,True
2025-10-01,Nasarawa,TRANSPORT_BUS_INTERCITY_NGN_PER_JOURNEY,7076.66121494826,True
2025-10-01,Niger,TRANSPORT_BUS_INTERCITY_NGN_PER_JOURNEY,7776.33661214948,True
2025-10-01,Ogun,TRANSPORT_BUS_INTERCITY_NGN_PER_JOURNEY,9705.541637052,True
2025-10-01,Ondo,TRANSPORT_BUS_INTERCITY_NGN_PER_JOURNEY,7883.68910840671,True
2025-10-01,Osun,TRANSPORT_BUS_INTERCITY_NGN_PER_JOURNEY,7883.68910840671,True
2025-10-01,Oyo,TRANSPORT_BUS_INTERCITY_NGN_PER_JOURNEY,10200.191035566,True
2025-10-01,Plateau,TRANSPORT_BUS_INTERCITY_NGN_PER_JOURNEY,9200.191035566,True
2025-10-01,Rivers,TRANSPORT_BUS_INTERCITY_NGN_PER_JOURNEY,6399.76341910355,True
2025-10-01,Sokoto,TRANSPORT_BUS_INTERCITY_NGN_PER_JOURNEY,7446.23802134094,True
2025-10-01,Taraba,TRANSPORT_BUS_INTERCITY_NGN_PER_JOURNEY,7156.97606232958,True
2025-10-01,Yobe,TRANSPORT_BUS_INTERCITY_NGN_PER_JOURNEY,7958.921765305,True
2025-10-01,Zamfara,TRANSPORT_BUS_INTERCITY_NGN_PER_JOURNEY,8180.116965,True
2025-11-01,Abia,TRANSPORT_BUS_INTERCITY_NGN_PER_JOURNEY,9087.128072,True
2025-11-01,Abuja,TRANSPORT_BUS_INTERCITY_NGN_PER_JOURNEY,9170.37458,True
2025-11-01,Adamawa,TRANSPORT_BUS_INTERCITY_NGN_PER_JOURNEY,7404.78413,True
2025-11-01,Akwa Ibom,TRANSPORT_BUS_INTERCITY_NGN_PER_JOURNEY,8643.06442,True
2025-11-01,Anambra,TRANSPORT_BUS_INTERCITY_NGN_PER_JOURNEY,10121.058345,True
2025-11-01,Bauchi,TRANSPORT_BUS_INTERCITY_NGN_PER_JOURNEY,7442.829822,True
2025-11-01,Bayelsa,TRANSPORT_BUS_INTERCITY_NGN_PER_JOURNEY,8660.56188,True
2025-11-01,Benue,TRANSPORT_BUS_INTERCITY_NGN_PER_JOURNEY,7162.97797996,True
2025-11-01,Borno,TRANSPORT_BUS_INTERCITY_NGN_PER_JOURNEY,8866.50384,True
2025-11-01,Cross River,TRANSPORT_BUS_INTERCITY_NGN_PER_JOURNEY,8849.815275,True
2025-11-01,Delta,TRANSPORT_BUS_INTERCITY_NGN_PER_JOURNEY,8786.6829122909,True
2025-11-01,Ebonyi,TRANSPORT_BUS_INTERCITY_NGN_PER_JOURNEY,6706.2260871429,True
2025-11-01,Edo,TRANSPORT_BUS_INTERCITY_NGN_PER_JOURNEY,6807.08201,True
2025-11-01,Ekiti,TRANSPORT_BUS_INTERCITY_NGN_PER_JOURNEY,9099.780301,True
2025-11-01,Enugu,TRANSPORT_BUS_INTERCITY_NGN_PER_JOURNEY,8166.203784,True
2025-11-01,Gombe,TRANSPORT_BUS_INTERCITY_NGN_PER_JOURNEY,9184.667465,True
2025-11-01,Imo,TRANSPORT_BUS_INTERCITY_NGN_PER_JOURNEY,9875.1487342857,True
2025-11-01,Jigawa,TRANSPORT_BUS_INTERCITY_NGN_PER_JOURNEY,7883.5120889,True
2025-11-01,Kaduna,TRANSPORT_BUS_INTERCITY_NGN_PER_JOURNEY,8250.87756,True
2025-11-01,Kano,TRANSPORT_BUS_INTERCITY_NGN_PER_JOURNEY,8191.4358995,True
2025-11-01,Katsina,TRANSPORT_BUS_INTERCITY_NGN_PER_JOURNEY,7890.548849095,True
2025-11-01,Kebbi,TRANSPORT_BUS_INTERCITY_NGN_PER_JOURNEY,7818.00488,True
2025-11-01,Kogi,TRANSPORT_BUS_INTERCITY_NGN_PER_JOURNEY,9319.625,True
2025-11-01,Kwara,TRANSPORT_BUS_INTERCITY_NGN_PER_JOURNEY,6142.17298,True
2025-11-01,Lagos,TRANSPORT_BUS_INTERCITY_NGN_PER_JOURNEY,8450.87756,True
2025-11-01,Nasarawa,TRANSPORT_BUS_INTERCITY_NGN_PER_JOURNEY,7239.00517728,True
2025-11-01,Niger,TRANSPORT_BUS_INTERCITY_NGN_PER_JOURNEY,7897.1124847667,True
2025-11-01,Ogun,TRANSPORT_BUS_INTERCITY_NGN_PER_JOURNEY,9748.28916,True
2025-11-01,Ondo,TRANSPORT_BUS_INTERCITY_NGN_PER_JOURNEY,7897.6546114286,True
2025-11-01,Osun,TRANSPORT_BUS_INTERCITY_NGN_PER_JOURNEY,7950.1416075,True
2025-11-01,Oyo,TRANSPORT_BUS_INTERCITY_NGN_PER_JOURNEY,10359.44406,True
2025-11-01,Plateau,TRANSPORT_BUS_INTERCITY_NGN_PER_JOURNEY,9268.470058,True
2025-11-01,Rivers,TRANSPORT_BUS_INTERCITY_NGN_PER_JOURNEY,6754.202545,True
2025-11-01,Sokoto,TRANSPORT_BUS_INTERCITY_NGN_PER_JOURNEY,7565.37552,True
2025-11-01,Taraba,TRANSPORT_BUS_INTERCITY_NGN_PER_JOURNEY,7186.67192,True
2025-11-01,Yobe,TRANSPORT_BUS_INTERCITY_NGN_PER_JOURNEY,7969.9612726333,True
2025-11-01,Zamfara,TRANSPORT_BUS_INTERCITY_NGN_PER_JOURNEY,8366.28386695,True
2025-12-01,Abia,TRANSPORT_BUS_INTERCITY_NGN_PER_JOURNEY,9524.48508364,True
2025-12-01,Abuja,TRANSPORT_BUS_INTERCITY_NGN_PER_JOURNEY,9562.5550633,True
2025-12-01,Adamawa,TRANSPORT_BUS_INTERCITY_NGN_PER_JOURNEY,8095.76717405,True
2025-12-01,Akwa Ibom,TRANSPORT_BUS_INTERCITY_NGN_PER_JOURNEY,8833.9385135,True
2025-12-01,Anambra,TRANSPORT_BUS_INTERCITY_NGN_PER_JOURNEY,10154.520275875,True
2025-12-01,Bauchi,TRANSPORT_BUS_INTERCITY_NGN_PER_JOURNEY,7889.47633247,True
2025-12-01,Bayelsa,TRANSPORT_BUS_INTERCITY_NGN_PER_JOURNEY,8827.0882282,True
2025-12-01,Benue,TRANSPORT_BUS_INTERCITY_NGN_PER_JOURNEY,8224.1860814874,True
2025-12-01,Borno,TRANSPORT_BUS_INTERCITY_NGN_PER_JOURNEY,9109.780184,True
2025-12-01,Cross River,TRANSPORT_BUS_INTERCITY_NGN_PER_JOURNEY,9003.773954325,True
2025-12-01,Delta,TRANSPORT_BUS_INTERCITY_NGN_PER_JOURNEY,9091.2840603186,True
2025-12-01,Ebonyi,TRANSPORT_BUS_INTERCITY_NGN_PER_JOURNEY,7486.7856934643,True
2025-12-01,Edo,TRANSPORT_BUS_INTERCITY_NGN_PER_JOURNEY,7082.53299855,True
2025-12-01,Ekiti,TRANSPORT_BUS_INTERCITY_NGN_PER_JOURNEY,9219.4243123234,True
2025-12-01,Enugu,TRANSPORT_BUS_INTERCITY_NGN_PER_JOURNEY,8563.29126388,True
2025-12-01,Gombe,TRANSPORT_BUS_INTERCITY_NGN_PER_JOURNEY,9459.374285525,True
2025-12-01,Imo,TRANSPORT_BUS_INTERCITY_NGN_PER_JOURNEY,9961.5618938286,True
2025-12-01,Jigawa,TRANSPORT_BUS_INTERCITY_NGN_PER_JOURNEY,8407.7490850265,True
2025-12-01,Kaduna,TRANSPORT_BUS_INTERCITY_NGN_PER_JOURNEY,8766.580331,True
2025-12-01,Kano,TRANSPORT_BUS_INTERCITY_NGN_PER_JOURNEY,8629.5457126275,True
2025-12-01,Katsina,TRANSPORT_BUS_INTERCITY_NGN_PER_JOURNEY,8055.1321600921,True
2025-12-01,Kebbi,TRANSPORT_BUS_INTERCITY_NGN_PER_JOURNEY,8406.0152544,True
2025-12-01,Kogi,TRANSPORT_BUS_INTERCITY_NGN_PER_JOURNEY,9480.180625,True
2025-12-01,Kwara,TRANSPORT_BUS_INTERCITY_NGN_PER_JOURNEY,6295.67237674,True
2025-12-01,Lagos,TRANSPORT_BUS_INTERCITY_NGN_PER_JOURNEY,8534.5165426,True
2025-12-01,Nasarawa,TRANSPORT_BUS_INTERCITY_NGN_PER_JOURNEY,7510.46224572,True
2025-12-01,Niger,TRANSPORT_BUS_INTERCITY_NGN_PER_JOURNEY,8048.6954348495,True
2025-12-01,Ogun,TRANSPORT_BUS_INTERCITY_NGN_PER_JOURNEY,9848.2003248,True
2025-12-01,Ondo,TRANSPORT_BUS_INTERCITY_NGN_PER_JOURNEY,8246.9532775714,True
2025-12-01,Osun,TRANSPORT_BUS_INTERCITY_NGN_PER_JOURNEY,8150.1491084125,True
2025-12-01,Oyo,TRANSPORT_BUS_INTERCITY_NGN_PER_JOURNEY,10486.4391597,True
2025-12-01,Plateau,TRANSPORT_BUS_INTERCITY_NGN_PER_JOURNEY,9494.36143076,True
2025-12-01,Rivers,TRANSPORT_BUS_INTERCITY_NGN_PER_JOURNEY,8659.853027325,True
2025-12-01,Sokoto,TRANSPORT_BUS_INTERCITY_NGN_PER_JOURNEY,8730.6026536,True
2025-12-01,Taraba,TRANSPORT_BUS_INTERCITY_NGN_PER_JOURNEY,7660.60549,True
2025-12-01,Yobe,TRANSPORT_BUS_INTERCITY_NGN_PER_JOURNEY,8033.1516769813,True
2025-12-01,Zamfara,TRANSPORT_BUS_INTERCITY_NGN_PER_JOURNEY,9479.3690526648,True
2026-01-01,Abia,TRANSPORT_BUS_INTERCITY_NGN_PER_JOURNEY,9464.08879223856,True
2026-01-01,Abuja,TRANSPORT_BUS_INTERCITY_NGN_PER_JOURNEY,9374.32415683429,True
2026-01-01,Adamawa,TRANSPORT_BUS_INTERCITY_NGN_PER_JOURNEY,8179.54456285,True
2026-01-01,Akwa Ibom,TRANSPORT_BUS_INTERCITY_NGN_PER_JOURNEY,8075.6910834437,True
2026-01-01,Anambra,TRANSPORT_BUS_INTERCITY_NGN_PER_JOURNEY,9230.7179325591,True
2026-01-01,Bauchi,TRANSPORT_BUS_INTERCITY_NGN_PER_JOURNEY,7792.3767792733,True
2026-01-01,Bayelsa,TRANSPORT_BUS_INTERCITY_NGN_PER_JOURNEY,8083.97532578765,True
2026-01-01,Benue,TRANSPORT_BUS_INTERCITY_NGN_PER_JOURNEY,8113.9030297306,True
2026-01-01,Borno,TRANSPORT_BUS_INTERCITY_NGN_PER_JOURNEY,9042.1294400683,True
2026-01-01,Cross River,TRANSPORT_BUS_INTERCITY_NGN_PER_JOURNEY,9152.1121026027,True
2026-01-01,Delta,TRANSPORT_BUS_INTERCITY_NGN_PER_JOURNEY,9241.32857468455,True
2026-01-01,Ebonyi,TRANSPORT_BUS_INTERCITY_NGN_PER_JOURNEY,7429.9478125,True
2026-01-01,Edo,TRANSPORT_BUS_INTERCITY_NGN_PER_JOURNEY,7429.29478125,True
2026-01-01,Ekiti,TRANSPORT_BUS_INTERCITY_NGN_PER_JOURNEY,8142.034423080566,True
2026-01-01,Enugu,TRANSPORT_BUS_INTERCITY_NGN_PER_JOURNEY,8874.90053162372,True
2026-01-01,Gombe,TRANSPORT_BUS_INTERCITY_NGN_PER_JOURNEY,9499.6687808765,True
2026-01-01,Imo,TRANSPORT_BUS_INTERCITY_NGN_PER_JOURNEY,9404.4309387428,True
2026-01-01,Jigawa,TRANSPORT_BUS_INTERCITY_NGN_PER_JOURNEY,8466.64314554468,True
2026-01-01,Kaduna,TRANSPORT_BUS_INTERCITY_NGN_PER_JOURNEY,8443.86512676328,True
2026-01-01,Kano,TRANSPORT_BUS_INTERCITY_NGN_PER_JOURNEY,8281.533236408,True
2026-01-01,Katsina,TRANSPORT_BUS_INTERCITY_NGN_PER_JOURNEY,8000.8407158,True
2026-01-01,Kebbi,TRANSPORT_BUS_INTERCITY_NGN_PER_JOURNEY,8584.96989977049,True
2026-01-01,Kogi,TRANSPORT_BUS_INTERCITY_NGN_PER_JOURNEY,8450.180625,True
2026-01-01,Kwara,TRANSPORT_BUS_INTERCITY_NGN_PER_JOURNEY,6101.433110428,True
2026-01-01,Lagos,TRANSPORT_BUS_INTERCITY_NGN_PER_JOURNEY,8400.79337696729,True
2026-01-01,Nasarawa,TRANSPORT_BUS_INTERCITY_NGN_PER_JOURNEY,7599.0663744766,True
2026-01-01,Niger,TRANSPORT_BUS_INTERCITY_NGN_PER_JOURNEY,8125.0,True
2026-01-01,Ogun,TRANSPORT_BUS_INTERCITY_NGN_PER_JOURNEY,9563.10660066654,True
2026-01-01,Ondo,TRANSPORT_BUS_INTERCITY_NGN_PER_JOURNEY,8521.7266640526,True
2026-01-01,Osun,TRANSPORT_BUS_INTERCITY_NGN_PER_JOURNEY,8353.88255228111,True
2026-01-01,Oyo,TRANSPORT_BUS_INTERCITY_NGN_PER_JOURNEY,9580.0138315516,True
2026-01-01,Plateau,TRANSPORT_BUS_INTERCITY_NGN_PER_JOURNEY,9235.7124039834,True
2026-01-01,Rivers,TRANSPORT_BUS_INTERCITY_NGN_PER_JOURNEY,8850.8053767908,True
2026-01-01,Sokoto,TRANSPORT_BUS_INTERCITY_NGN_PER_JOURNEY,8840.5960416667,True
2026-01-01,Taraba,TRANSPORT_BUS_INTERCITY_NGN_PER_JOURNEY,7462.1371219385,True
2026-01-01,Yobe,TRANSPORT_BUS_INTERCITY_NGN_PER_JOURNEY,8019.1958437147,True
2026-01-01,Zamfara,TRANSPORT_BUS_INTERCITY_NGN_PER_JOURNEY,9250.6321928117,True
2026-02-01,Abia,TRANSPORT_BUS_INTERCITY_NGN_PER_JOURNEY,9490.94540378444,True
2026-02-01,Abuja,TRANSPORT_BUS_INTERCITY_NGN_PER_JOURNEY,9385.458142988,True
2026-02-01,Adamawa,TRANSPORT_BUS_INTERCITY_NGN_PER_JOURNEY,7560.0,True
2026-02-01,Akwa Ibom,TRANSPORT_BUS_INTERCITY_NGN_PER_JOURNEY,8268.683854336863,True
2026-02-01,Anambra,TRANSPORT_BUS_INTERCITY_NGN_PER_JOURNEY,8770.0,True
2026-02-01,Bauchi,TRANSPORT_BUS_INTERCITY_NGN_PER_JOURNEY,7459.245516854204,True
2026-02-01,Bayelsa,TRANSPORT_BUS_INTERCITY_NGN_PER_JOURNEY,7140.0,True
2026-02-01,Benue,TRANSPORT_BUS_INTERCITY_NGN_PER_JOURNEY,8242.68840499653,True
2026-02-01,Borno,TRANSPORT_BUS_INTERCITY_NGN_PER_JOURNEY,8014.71064706994,True
2026-02-01,Cross River,TRANSPORT_BUS_INTERCITY_NGN_PER_JOURNEY,8559.2964613285,True
2026-02-01,Delta,TRANSPORT_BUS_INTERCITY_NGN_PER_JOURNEY,7680.75751448257,True
2026-02-01,Ebonyi,TRANSPORT_BUS_INTERCITY_NGN_PER_JOURNEY,7461.84568804756,True
2026-02-01,Edo,TRANSPORT_BUS_INTERCITY_NGN_PER_JOURNEY,6650.0,True
2026-02-01,Ekiti,TRANSPORT_BUS_INTERCITY_NGN_PER_JOURNEY,8354.770356563296,True
2026-02-01,Enugu,TRANSPORT_BUS_INTERCITY_NGN_PER_JOURNEY,8211.61809997446,True
2026-02-01,Gombe,TRANSPORT_BUS_INTERCITY_NGN_PER_JOURNEY,8244.13874036005,True
2026-02-01,Imo,TRANSPORT_BUS_INTERCITY_NGN_PER_JOURNEY,8602.85714285714,True
2026-02-01,Jigawa,TRANSPORT_BUS_INTERCITY_NGN_PER_JOURNEY,8467.41178103823,True
2026-02-01,Kaduna,TRANSPORT_BUS_INTERCITY_NGN_PER_JOURNEY,8487.8630454067,True
2026-02-01,Kano,TRANSPORT_BUS_INTERCITY_NGN_PER_JOURNEY,7391.51,True
2026-02-01,Katsina,TRANSPORT_BUS_INTERCITY_NGN_PER_JOURNEY,8286.78537515841,True
2026-02-01,Kebbi,TRANSPORT_BUS_INTERCITY_NGN_PER_JOURNEY,8100.551755002416,True
2026-02-01,Kogi,TRANSPORT_BUS_INTERCITY_NGN_PER_JOURNEY,8360.48278841779,True
2026-02-01,Kwara,TRANSPORT_BUS_INTERCITY_NGN_PER_JOURNEY,6190.499675738,True
2026-02-01,Lagos,TRANSPORT_BUS_INTERCITY_NGN_PER_JOURNEY,8463.16443650431,True
2026-02-01,Nasarawa,TRANSPORT_BUS_INTERCITY_NGN_PER_JOURNEY,7600.44195245535,True
2026-02-01,Niger,TRANSPORT_BUS_INTERCITY_NGN_PER_JOURNEY,8280.66666666667,True
2026-02-01,Ogun,TRANSPORT_BUS_INTERCITY_NGN_PER_JOURNEY,9402.26475267124,True
2026-02-01,Ondo,TRANSPORT_BUS_INTERCITY_NGN_PER_JOURNEY,8700.64780544709,True
2026-02-01,Osun,TRANSPORT_BUS_INTERCITY_NGN_PER_JOURNEY,8000.0,True
2026-02-01,Oyo,TRANSPORT_BUS_INTERCITY_NGN_PER_JOURNEY,7876.654553274576,True
2026-02-01,Plateau,TRANSPORT_BUS_INTERCITY_NGN_PER_JOURNEY,8553.20879669046,True
2026-02-01,Rivers,TRANSPORT_BUS_INTERCITY_NGN_PER_JOURNEY,8120.481576518274,True
2026-02-01,Sokoto,TRANSPORT_BUS_INTERCITY_NGN_PER_JOURNEY,8344.983976204354,True
2026-02-01,Taraba,TRANSPORT_BUS_INTERCITY_NGN_PER_JOURNEY,7309.44988651554,True
2026-02-01,Yobe,TRANSPORT_BUS_INTERCITY_NGN_PER_JOURNEY,7672.356833628164,True
2026-02-01,Zamfara,TRANSPORT_BUS_INTERCITY_NGN_PER_JOURNEY,8319.42828963899,True
2026-03-01,Abia,TRANSPORT_BUS_INTERCITY_NGN_PER_JOURNEY,10996.1730859021,True
2026-03-01,Abuja,TRANSPORT_BUS_INTERCITY_NGN_PER_JOURNEY,10944.8874942631,True
2026-03-01,Adamawa,TRANSPORT_BUS_INTERCITY_NGN_PER_JOURNEY,8892.407853773919,True
2026-03-01,Akwa Ibom,TRANSPORT_BUS_INTERCITY_NGN_PER_JOURNEY,9823.0285500055,True
2026-03-01,Anambra,TRANSPORT_BUS_INTERCITY_NGN_PER_JOURNEY,8937.19,True
2026-03-01,Bauchi,TRANSPORT_BUS_INTERCITY_NGN_PER_JOURNEY,8579.373285784757,True
2026-03-01,Bayelsa,TRANSPORT_BUS_INTERCITY_NGN_PER_JOURNEY,8189.98,True
2026-03-01,Benue,TRANSPORT_BUS_INTERCITY_NGN_PER_JOURNEY,8697.8026948395,True
2026-03-01,Borno,TRANSPORT_BUS_INTERCITY_NGN_PER_JOURNEY,9829.48468630642,True
2026-03-01,Cross River,TRANSPORT_BUS_INTERCITY_NGN_PER_JOURNEY,9956.70599715773,True
2026-03-01,Delta,TRANSPORT_BUS_INTERCITY_NGN_PER_JOURNEY,9493.60493216857,True
2026-03-01,Ebonyi,TRANSPORT_BUS_INTERCITY_NGN_PER_JOURNEY,8657.19902542393,True
2026-03-01,Edo,TRANSPORT_BUS_INTERCITY_NGN_PER_JOURNEY,7808.75,True
2026-03-01,Ekiti,TRANSPORT_BUS_INTERCITY_NGN_PER_JOURNEY,9423.315706059688,True
2026-03-01,Enugu,TRANSPORT_BUS_INTERCITY_NGN_PER_JOURNEY,10197.261236671728,True
2026-03-01,Gombe,TRANSPORT_BUS_INTERCITY_NGN_PER_JOURNEY,9386.924482501634,True
2026-03-01,Imo,TRANSPORT_BUS_INTERCITY_NGN_PER_JOURNEY,9786.30492269813,True
2026-03-01,Jigawa,TRANSPORT_BUS_INTERCITY_NGN_PER_JOURNEY,9885.33396903194,True
2026-03-01,Kaduna,TRANSPORT_BUS_INTERCITY_NGN_PER_JOURNEY,11499.36439126518,True
2026-03-01,Kano,TRANSPORT_BUS_INTERCITY_NGN_PER_JOURNEY,9260.60346704929,True
2026-03-01,Katsina,TRANSPORT_BUS_INTERCITY_NGN_PER_JOURNEY,10215.4411669126,True
2026-03-01,Kebbi,TRANSPORT_BUS_INTERCITY_NGN_PER_JOURNEY,9867.31079278767,True
2026-03-01,Kogi,TRANSPORT_BUS_INTERCITY_NGN_PER_JOURNEY,9441.7971897199,True
2026-03-01,Kwara,TRANSPORT_BUS_INTERCITY_NGN_PER_JOURNEY,7879.83299818482,True
2026-03-01,Lagos,TRANSPORT_BUS_INTERCITY_NGN_PER_JOURNEY,9945.13408205746,True
2026-03-01,Nasarawa,TRANSPORT_BUS_INTERCITY_NGN_PER_JOURNEY,9132.006000486655,True
2026-03-01,Niger,TRANSPORT_BUS_INTERCITY_NGN_PER_JOURNEY,9796.13045597949,True
2026-03-01,Ogun,TRANSPORT_BUS_INTERCITY_NGN_PER_JOURNEY,10683.2463641452,True
2026-03-01,Ondo,TRANSPORT_BUS_INTERCITY_NGN_PER_JOURNEY,10783.065451782222,True
2026-03-01,Osun,TRANSPORT_BUS_INTERCITY_NGN_PER_JOURNEY,9681.56550400844,True
2026-03-01,Oyo,TRANSPORT_BUS_INTERCITY_NGN_PER_JOURNEY,8896.569988829697,True
2026-03-01,Plateau,TRANSPORT_BUS_INTERCITY_NGN_PER_JOURNEY,9668.42081793634,True
2026-03-01,Rivers,TRANSPORT_BUS_INTERCITY_NGN_PER_JOURNEY,9398.26545465484,True
2026-03-01,Sokoto,TRANSPORT_BUS_INTERCITY_NGN_PER_JOURNEY,9744.56392832489,True
2026-03-01,Taraba,TRANSPORT_BUS_INTERCITY_NGN_PER_JOURNEY,9829.294176914256,True
2026-03-01,Yobe,TRANSPORT_BUS_INTERCITY_NGN_PER_JOURNEY,8678.75618422843,True
2026-03-01,Zamfara,TRANSPORT_BUS_INTERCITY_NGN_PER_JOURNEY,9985.16531227103,True
2026-04-01,Abia,TRANSPORT_BUS_INTERCITY_NGN_PER_JOURNEY,10998.8863085902,True
2026-04-01,Abuja,TRANSPORT_BUS_INTERCITY_NGN_PER_JOURNEY,10950.4942631,True
2026-04-01,Adamawa,TRANSPORT_BUS_INTERCITY_NGN_PER_JOURNEY,8893.785377392,True
2026-04-01,Akwa Ibom,TRANSPORT_BUS_INTERCITY_NGN_PER_JOURNEY,9882.85500055,True
2026-04-01,Anambra,TRANSPORT_BUS_INTERCITY_NGN_PER_JOURNEY,8987.0,True
2026-04-01,Bauchi,TRANSPORT_BUS_INTERCITY_NGN_PER_JOURNEY,8579.73278476,True
2026-04-01,Bayelsa,TRANSPORT_BUS_INTERCITY_NGN_PER_JOURNEY,8208.5430998,True
2026-04-01,Benue,TRANSPORT_BUS_INTERCITY_NGN_PER_JOURNEY,8767.948395,True
2026-04-01,Borno,TRANSPORT_BUS_INTERCITY_NGN_PER_JOURNEY,9833.8630642,True
2026-04-01,Cross River,TRANSPORT_BUS_INTERCITY_NGN_PER_JOURNEY,10056.599715773,True
2026-04-01,Delta,TRANSPORT_BUS_INTERCITY_NGN_PER_JOURNEY,9510.93216857,True
2026-04-01,Ebonyi,TRANSPORT_BUS_INTERCITY_NGN_PER_JOURNEY,8677.9902542393,True
2026-04-01,Edo,TRANSPORT_BUS_INTERCITY_NGN_PER_JOURNEY,7953.1265475,True
2026-04-01,Ekiti,TRANSPORT_BUS_INTERCITY_NGN_PER_JOURNEY,9485.605969,True
2026-04-01,Enugu,TRANSPORT_BUS_INTERCITY_NGN_PER_JOURNEY,10230.7826123667,True
2026-04-01,Gombe,TRANSPORT_BUS_INTERCITY_NGN_PER_JOURNEY,9408.448250163,True
2026-04-01,Imo,TRANSPORT_BUS_INTERCITY_NGN_PER_JOURNEY,9790.4792269813,True
2026-04-01,Jigawa,TRANSPORT_BUS_INTERCITY_NGN_PER_JOURNEY,9978.96903194,True
2026-04-01,Kaduna,TRANSPORT_BUS_INTERCITY_NGN_PER_JOURNEY,10560.1265207541,True
2026-04-01,Kano,TRANSPORT_BUS_INTERCITY_NGN_PER_JOURNEY,9300.60346704929,True
2026-04-01,Katsina,TRANSPORT_BUS_INTERCITY_NGN_PER_JOURNEY,10402.11669126,True
2026-04-01,Kebbi,TRANSPORT_BUS_INTERCITY_NGN_PER_JOURNEY,9872.79278767,True
2026-04-01,Kogi,TRANSPORT_BUS_INTERCITY_NGN_PER_JOURNEY,9500.971897199,True
2026-04-01,Kwara,TRANSPORT_BUS_INTERCITY_NGN_PER_JOURNEY,7900.09818482,True
2026-04-01,Lagos,TRANSPORT_BUS_INTERCITY_NGN_PER_JOURNEY,10045.08205746,True
2026-04-01,Nasarawa,TRANSPORT_BUS_INTERCITY_NGN_PER_JOURNEY,9583.23860216,True
2026-04-01,Niger,TRANSPORT_BUS_INTERCITY_NGN_PER_JOURNEY,9850.45597949,True
2026-04-01,Ogun,TRANSPORT_BUS_INTERCITY_NGN_PER_JOURNEY,10773.63641452,True
2026-04-01,Ondo,TRANSPORT_BUS_INTERCITY_NGN_PER_JOURNEY,10978.0654517822,True
2026-04-01,Osun,TRANSPORT_BUS_INTERCITY_NGN_PER_JOURNEY,9841.0400844,True
2026-04-01,Oyo,TRANSPORT_BUS_INTERCITY_NGN_PER_JOURNEY,9039.599888297,True
2026-04-01,Plateau,TRANSPORT_BUS_INTERCITY_NGN_PER_JOURNEY,9782.81793634,True
2026-04-01,Rivers,TRANSPORT_BUS_INTERCITY_NGN_PER_JOURNEY,9489.83526545465,True
2026-04-01,Sokoto,TRANSPORT_BUS_INTERCITY_NGN_PER_JOURNEY,9750.6392832489,True
2026-04-01,Taraba,TRANSPORT_BUS_INTERCITY_NGN_PER_JOURNEY,9833.41769142,True
2026-04-01,Yobe,TRANSPORT_BUS_INTERCITY_NGN_PER_JOURNEY,8687.98657561842,True
2026-04-01,Zamfara,TRANSPORT_BUS_INTERCITY_NGN_PER_JOURNEY,10085.531227103,True
2026-05-01,Abia,TRANSPORT_BUS_INTERCITY_NGN_PER_JOURNEY,11066.1266587633,False
2026-05-01,Abuja,TRANSPORT_BUS_INTERCITY_NGN_PER_JOURNEY,11024.9350029713,False
2026-05-01,Adamawa,TRANSPORT_BUS_INTERCITY_NGN_PER_JOURNEY,8991.3834763424,False
2026-05-01,Akwa Ibom,TRANSPORT_BUS_INTERCITY_NGN_PER_JOURNEY,9973.0618467848,False
2026-05-01,Anambra,TRANSPORT_BUS_INTERCITY_NGN_PER_JOURNEY,9082.0594931125,False
2026-05-01,Bauchi,TRANSPORT_BUS_INTERCITY_NGN_PER_JOURNEY,8700.458348758,False
2026-05-01,Bayelsa,TRANSPORT_BUS_INTERCITY_NGN_PER_JOURNEY,8300.5857333333,False
2026-05-01,Benue,TRANSPORT_BUS_INTERCITY_NGN_PER_JOURNEY,8817.9529413716,False
2026-05-01,Borno,TRANSPORT_BUS_INTERCITY_NGN_PER_JOURNEY,9894.9437605419,False
2026-05-01,Cross River,TRANSPORT_BUS_INTERCITY_NGN_PER_JOURNEY,10138.587305655,False
2026-05-01,Delta,TRANSPORT_BUS_INTERCITY_NGN_PER_JOURNEY,9586.7892392053,False
2026-05-01,Ebonyi,TRANSPORT_BUS_INTERCITY_NGN_PER_JOURNEY,8756.1185682787,False
2026-05-01,Edo,TRANSPORT_BUS_INTERCITY_NGN_PER_JOURNEY,8000.606881323,False
2026-05-01,Ekiti,TRANSPORT_BUS_INTERCITY_NGN_PER_JOURNEY,9584.8060381636,False
2026-05-01,Enugu,TRANSPORT_BUS_INTERCITY_NGN_PER_JOURNEY,10344.6326109966,False
2026-05-01,Gombe,TRANSPORT_BUS_INTERCITY_NGN_PER_JOURNEY,9541.8914242871,False
2026-05-01,Imo,TRANSPORT_BUS_INTERCITY_NGN_PER_JOURNEY,9855.0879989867,False
2026-05-01,Jigawa,TRANSPORT_BUS_INTERCITY_NGN_PER_JOURNEY,10002.5397776507,False
2026-05-01,Kaduna,TRANSPORT_BUS_INTERCITY_NGN_PER_JOURNEY,10683.7184251314,False
2026-05-01,Kano,TRANSPORT_BUS_INTERCITY_NGN_PER_JOURNEY,9410.8092358626,False
2026-05-01,Katsina,TRANSPORT_BUS_INTERCITY_NGN_PER_JOURNEY,10539.1822104881,False
2026-05-01,Kebbi,TRANSPORT_BUS_INTERCITY_NGN_PER_JOURNEY,9892.5310206775,False
2026-05-01,Kogi,TRANSPORT_BUS_INTERCITY_NGN_PER_JOURNEY,9500.971897199,False
2026-05-01,Kwara,TRANSPORT_BUS_INTERCITY_NGN_PER_JOURNEY,7969.2919383774,False
2026-05-01,Lagos,TRANSPORT_BUS_INTERCITY_NGN_PER_JOURNEY,10195.312516808,False
2026-05-01,Nasarawa,TRANSPORT_BUS_INTERCITY_NGN_PER_JOURNEY,9666.3993828154,False
2026-05-01,Niger,TRANSPORT_BUS_INTERCITY_NGN_PER_JOURNEY,9970.5292101164,False
2026-05-01,Ogun,TRANSPORT_BUS_INTERCITY_NGN_PER_JOURNEY,10863.8840055081,False
2026-05-01,Ondo,TRANSPORT_BUS_INTERCITY_NGN_PER_JOURNEY,11080.00287906,False
2026-05-01,Osun,TRANSPORT_BUS_INTERCITY_NGN_PER_JOURNEY,9964.9892070561,False
2026-05-01,Oyo,TRANSPORT_BUS_INTERCITY_NGN_PER_JOURNEY,9143.8063283779,False
2026-05-01,Plateau,TRANSPORT_BUS_INTERCITY_NGN_PER_JOURNEY,9884.5537620158,False
2026-05-01,Rivers,TRANSPORT_BUS_INTERCITY_NGN_PER_JOURNEY,9599.308724075,False
2026-05-01,Sokoto,TRANSPORT_BUS_INTERCITY_NGN_PER_JOURNEY,9850.99548959169,False
2026-05-01,Taraba,TRANSPORT_BUS_INTERCITY_NGN_PER_JOURNEY,9935.97713704038,False
2026-05-01,Yobe,TRANSPORT_BUS_INTERCITY_NGN_PER_JOURNEY,8863.3252294205,False
2026-05-01,Zamfara,TRANSPORT_BUS_INTERCITY_NGN_PER_JOURNEY,10205.2407604999,False
2025-01-01,Abia,TRANSPORT_BUS_INTRACITY_NGN_PER_JOURNEY,470.0,False
2025-01-01,Abuja,TRANSPORT_BUS_INTRACITY_NGN_PER_JOURNEY,860.0,False
2025-01-01,Adamawa,TRANSPORT_BUS_INTRACITY_NGN_PER_JOURNEY,460.0,False
2025-01-01,Akwa Ibom,TRANSPORT_BUS_INTRACITY_NGN_PER_JOURNEY,930.0,False
2025-01-01,Anambra,TRANSPORT_BUS_INTRACITY_NGN_PER_JOURNEY,940.0,False
2025-01-01,Bauchi,TRANSPORT_BUS_INTRACITY_NGN_PER_JOURNEY,950.0,False
2025-01-01,Bayelsa,TRANSPORT_BUS_INTRACITY_NGN_PER_JOURNEY,800.0,False
2025-01-01,Benue,TRANSPORT_BUS_INTRACITY_NGN_PER_JOURNEY,850.0,False
2025-01-01,Borno,TRANSPORT_BUS_INTRACITY_NGN_PER_JOURNEY,850.0,False
2025-01-01,Cross River,TRANSPORT_BUS_INTRACITY_NGN_PER_JOURNEY,880.0,False
2025-01-01,Delta,TRANSPORT_BUS_INTRACITY_NGN_PER_JOURNEY,970.0,False
2025-01-01,Ebonyi,TRANSPORT_BUS_INTRACITY_NGN_PER_JOURNEY,850.0,False
2025-01-01,Edo,TRANSPORT_BUS_INTRACITY_NGN_PER_JOURNEY,970.0,False
2025-01-01,Ekiti,TRANSPORT_BUS_INTRACITY_NGN_PER_JOURNEY,950.0,False
2025-01-01,Enugu,TRANSPORT_BUS_INTRACITY_NGN_PER_JOURNEY,1150.0,False
2025-01-01,Gombe,TRANSPORT_BUS_INTRACITY_NGN_PER_JOURNEY,1060.0,False
2025-01-01,Imo,TRANSPORT_BUS_INTRACITY_NGN_PER_JOURNEY,1150.0,False
2025-01-01,Jigawa,TRANSPORT_BUS_INTRACITY_NGN_PER_JOURNEY,1080.0,False
2025-01-01,Kaduna,TRANSPORT_BUS_INTRACITY_NGN_PER_JOURNEY,960.0,False
2025-01-01,Kano,TRANSPORT_BUS_INTRACITY_NGN_PER_JOURNEY,600.0,False
2025-01-01,Katsina,TRANSPORT_BUS_INTRACITY_NGN_PER_JOURNEY,950.0,False
2025-01-01,Kebbi,TRANSPORT_BUS_INTRACITY_NGN_PER_JOURNEY,930.0,False
2025-01-01,Kogi,TRANSPORT_BUS_INTRACITY_NGN_PER_JOURNEY,930.0,False
2025-01-01,Kwara,TRANSPORT_BUS_INTRACITY_NGN_PER_JOURNEY,1123.3248875,False
2025-01-01,Lagos,TRANSPORT_BUS_INTRACITY_NGN_PER_JOURNEY,1150.0,False
2025-01-01,Nasarawa,TRANSPORT_BUS_INTRACITY_NGN_PER_JOURNEY,1204.562095,False
2025-01-01,Niger,TRANSPORT_BUS_INTRACITY_NGN_PER_JOURNEY,857.982415,False
2025-01-01,Ogun,TRANSPORT_BUS_INTRACITY_NGN_PER_JOURNEY,954.66666666667,False
2025-01-01,Ondo,TRANSPORT_BUS_INTRACITY_NGN_PER_JOURNEY,1173.33333333333,False
2025-01-01,Osun,TRANSPORT_BUS_INTRACITY_NGN_PER_JOURNEY,700.0,False
2025-01-01,Oyo,TRANSPORT_BUS_INTRACITY_NGN_PER_JOURNEY,800.0,False
2025-01-01,Plateau,TRANSPORT_BUS_INTRACITY_NGN_PER_JOURNEY,995.6759446,False
2025-01-01,Rivers,TRANSPORT_BUS_INTRACITY_NGN_PER_JOURNEY,650.0,False
2025-01-01,Sokoto,TRANSPORT_BUS_INTRACITY_NGN_PER_JOURNEY,700.0,False
2025-01-01,Taraba,TRANSPORT_BUS_INTRACITY_NGN_PER_JOURNEY,1184.0,False
2025-01-01,Yobe,TRANSPORT_BUS_INTRACITY_NGN_PER_JOURNEY,845.0,False
2025-01-01,Zamfara,TRANSPORT_BUS_INTRACITY_NGN_PER_JOURNEY,1140.0,False
2025-02-01,Abia,TRANSPORT_BUS_INTRACITY_NGN_PER_JOURNEY,475.0,True
2025-02-01,Abuja,TRANSPORT_BUS_INTRACITY_NGN_PER_JOURNEY,870.0,True
2025-02-01,Adamawa,TRANSPORT_BUS_INTRACITY_NGN_PER_JOURNEY,480.0,True
2025-02-01,Akwa Ibom,TRANSPORT_BUS_INTRACITY_NGN_PER_JOURNEY,950.0,True
2025-02-01,Anambra,TRANSPORT_BUS_INTRACITY_NGN_PER_JOURNEY,950.0,True
2025-02-01,Bauchi,TRANSPORT_BUS_INTRACITY_NGN_PER_JOURNEY,980.0,True
2025-02-01,Bayelsa,TRANSPORT_BUS_INTRACITY_NGN_PER_JOURNEY,840.0,True
2025-02-01,Benue,TRANSPORT_BUS_INTRACITY_NGN_PER_JOURNEY,880.0,True
2025-02-01,Borno,TRANSPORT_BUS_INTRACITY_NGN_PER_JOURNEY,880.0,True
2025-02-01,Cross River,TRANSPORT_BUS_INTRACITY_NGN_PER_JOURNEY,900.0,True
2025-02-01,Delta,TRANSPORT_BUS_INTRACITY_NGN_PER_JOURNEY,1000.0,True
2025-02-01,Ebonyi,TRANSPORT_BUS_INTRACITY_NGN_PER_JOURNEY,870.0,True
2025-02-01,Edo,TRANSPORT_BUS_INTRACITY_NGN_PER_JOURNEY,1000.0,True
2025-02-01,Ekiti,TRANSPORT_BUS_INTRACITY_NGN_PER_JOURNEY,980.0,True
2025-02-01,Enugu,TRANSPORT_BUS_INTRACITY_NGN_PER_JOURNEY,1160.0,True
2025-02-01,Gombe,TRANSPORT_BUS_INTRACITY_NGN_PER_JOURNEY,1150.0,True
2025-02-01,Imo,TRANSPORT_BUS_INTRACITY_NGN_PER_JOURNEY,1170.0,True
2025-02-01,Jigawa,TRANSPORT_BUS_INTRACITY_NGN_PER_JOURNEY,1088.0,True
2025-02-01,Kaduna,TRANSPORT_BUS_INTRACITY_NGN_PER_JOURNEY,1000.0,True
2025-02-01,Kano,TRANSPORT_BUS_INTRACITY_NGN_PER_JOURNEY,650.0,True
2025-02-01,Katsina,TRANSPORT_BUS_INTRACITY_NGN_PER_JOURNEY,970.0,True
2025-02-01,Kebbi,TRANSPORT_BUS_INTRACITY_NGN_PER_JOURNEY,950.0,True
2025-02-01,Kogi,TRANSPORT_BUS_INTRACITY_NGN_PER_JOURNEY,950.0,True
2025-02-01,Kwara,TRANSPORT_BUS_INTRACITY_NGN_PER_JOURNEY,1115.0,True
2025-02-01,Lagos,TRANSPORT_BUS_INTRACITY_NGN_PER_JOURNEY,1250.0,True
2025-02-01,Nasarawa,TRANSPORT_BUS_INTRACITY_NGN_PER_JOURNEY,1200.0,True
2025-02-01,Niger,TRANSPORT_BUS_INTRACITY_NGN_PER_JOURNEY,860.0,True
2025-02-01,Ogun,TRANSPORT_BUS_INTRACITY_NGN_PER_JOURNEY,965.0,True
2025-02-01,Ondo,TRANSPORT_BUS_INTRACITY_NGN_PER_JOURNEY,1160.0,True
2025-02-01,Osun,TRANSPORT_BUS_INTRACITY_NGN_PER_JOURNEY,800.0,True
2025-02-01,Oyo,TRANSPORT_BUS_INTRACITY_NGN_PER_JOURNEY,850.0,True
2025-02-01,Plateau,TRANSPORT_BUS_INTRACITY_NGN_PER_JOURNEY,940.0,True
2025-02-01,Rivers,TRANSPORT_BUS_INTRACITY_NGN_PER_JOURNEY,700.0,True
2025-02-01,Sokoto,TRANSPORT_BUS_INTRACITY_NGN_PER_JOURNEY,750.0,True
2025-02-01,Taraba,TRANSPORT_BUS_INTRACITY_NGN_PER_JOURNEY,1188.0,True
2025-02-01,Yobe,TRANSPORT_BUS_INTRACITY_NGN_PER_JOURNEY,850.0,True
2025-02-01,Zamfara,TRANSPORT_BUS_INTRACITY_NGN_PER_JOURNEY,1145.0,True
2025-03-01,Abia,TRANSPORT_BUS_INTRACITY_NGN_PER_JOURNEY,477.0,True
2025-03-01,Abuja,TRANSPORT_BUS_INTRACITY_NGN_PER_JOURNEY,900.0,True
2025-03-01,Adamawa,TRANSPORT_BUS_INTRACITY_NGN_PER_JOURNEY,500.0,True
2025-03-01,Akwa Ibom,TRANSPORT_BUS_INTRACITY_NGN_PER_JOURNEY,980.0,True
2025-03-01,Anambra,TRANSPORT_BUS_INTRACITY_NGN_PER_JOURNEY,980.0,True
2025-03-01,Bauchi,TRANSPORT_BUS_INTRACITY_NGN_PER_JOURNEY,1000.0,True
2025-03-01,Bayelsa,TRANSPORT_BUS_INTRACITY_NGN_PER_JOURNEY,880.0,True
2025-03-01,Benue,TRANSPORT_BUS_INTRACITY_NGN_PER_JOURNEY,920.0,True
2025-03-01,Borno,TRANSPORT_BUS_INTRACITY_NGN_PER_JOURNEY,900.0,True
2025-03-01,Cross River,TRANSPORT_BUS_INTRACITY_NGN_PER_JOURNEY,930.0,True
2025-03-01,Delta,TRANSPORT_BUS_INTRACITY_NGN_PER_JOURNEY,1040.0,True
2025-03-01,Ebonyi,TRANSPORT_BUS_INTRACITY_NGN_PER_JOURNEY,900.0,True
2025-03-01,Edo,TRANSPORT_BUS_INTRACITY_NGN_PER_JOURNEY,1050.0,True
2025-03-01,Ekiti,TRANSPORT_BUS_INTRACITY_NGN_PER_JOURNEY,1000.0,True
2025-03-01,Enugu,TRANSPORT_BUS_INTRACITY_NGN_PER_JOURNEY,1180.0,True
2025-03-01,Gombe,TRANSPORT_BUS_INTRACITY_NGN_PER_JOURNEY,1170.0,True
2025-03-01,Imo,TRANSPORT_BUS_INTRACITY_NGN_PER_JOURNEY,1180.0,True
2025-03-01,Jigawa,TRANSPORT_BUS_INTRACITY_NGN_PER_JOURNEY,1100.0,True
2025-03-01,Kaduna,TRANSPORT_BUS_INTRACITY_NGN_PER_JOURNEY,1050.0,True
2025-03-01,Kano,TRANSPORT_BUS_INTRACITY_NGN_PER_JOURNEY,680.0,True
2025-03-01,Katsina,TRANSPORT_BUS_INTRACITY_NGN_PER_JOURNEY,980.0,True
2025-03-01,Kebbi,TRANSPORT_BUS_INTRACITY_NGN_PER_JOURNEY,970.0,True
2025-03-01,Kogi,TRANSPORT_BUS_INTRACITY_NGN_PER_JOURNEY,980.0,True
2025-03-01,Kwara,TRANSPORT_BUS_INTRACITY_NGN_PER_JOURNEY,1200.0,True
2025-03-01,Lagos,TRANSPORT_BUS_INTRACITY_NGN_PER_JOURNEY,1300.0,True
2025-03-01,Nasarawa,TRANSPORT_BUS_INTRACITY_NGN_PER_JOURNEY,1200.0,True
2025-03-01,Niger,TRANSPORT_BUS_INTRACITY_NGN_PER_JOURNEY,880.32,True
2025-03-01,Ogun,TRANSPORT_BUS_INTRACITY_NGN_PER_JOURNEY,986.22833333333,True
2025-03-01,Ondo,TRANSPORT_BUS_INTRACITY_NGN_PER_JOURNEY,1168.21666666667,True
2025-03-01,Osun,TRANSPORT_BUS_INTRACITY_NGN_PER_JOURNEY,850.0,True
2025-03-01,Oyo,TRANSPORT_BUS_INTRACITY_NGN_PER_JOURNEY,880.0,True
2025-03-01,Plateau,TRANSPORT_BUS_INTRACITY_NGN_PER_JOURNEY,1000.0,True
2025-03-01,Rivers,TRANSPORT_BUS_INTRACITY_NGN_PER_JOURNEY,750.0,True
2025-03-01,Sokoto,TRANSPORT_BUS_INTRACITY_NGN_PER_JOURNEY,800.0,True
2025-03-01,Taraba,TRANSPORT_BUS_INTRACITY_NGN_PER_JOURNEY,1190.0,True
2025-03-01,Yobe,TRANSPORT_BUS_INTRACITY_NGN_PER_JOURNEY,855.0,True
2025-03-01,Zamfara,TRANSPORT_BUS_INTRACITY_NGN_PER_JOURNEY,1150.0,True
2025-04-01,Abia,TRANSPORT_BUS_INTRACITY_NGN_PER_JOURNEY,489.388051806387,True
2025-04-01,Abuja,TRANSPORT_BUS_INTRACITY_NGN_PER_JOURNEY,920.0,True
2025-04-01,Adamawa,TRANSPORT_BUS_INTRACITY_NGN_PER_JOURNEY,550.0,True
2025-04-01,Akwa Ibom,TRANSPORT_BUS_INTRACITY_NGN_PER_JOURNEY,1000.28571425,True
2025-04-01,Anambra,TRANSPORT_BUS_INTRACITY_NGN_PER_JOURNEY,1068.88123135,True
2025-04-01,Bauchi,TRANSPORT_BUS_INTRACITY_NGN_PER_JOURNEY,1235.4175132625,True
2025-04-01,Bayelsa,TRANSPORT_BUS_INTRACITY_NGN_PER_JOURNEY,900.0,True
2025-04-01,Benue,TRANSPORT_BUS_INTRACITY_NGN_PER_JOURNEY,950.153846153846,True
2025-04-01,Borno,TRANSPORT_BUS_INTRACITY_NGN_PER_JOURNEY,950.0,True
2025-04-01,Cross River,TRANSPORT_BUS_INTRACITY_NGN_PER_JOURNEY,945.0,True
2025-04-01,Delta,TRANSPORT_BUS_INTRACITY_NGN_PER_JOURNEY,1060.0,True
2025-04-01,Ebonyi,TRANSPORT_BUS_INTRACITY_NGN_PER_JOURNEY,950.21764212734,True
2025-04-01,Edo,TRANSPORT_BUS_INTRACITY_NGN_PER_JOURNEY,1080.0,True
2025-04-01,Ekiti,TRANSPORT_BUS_INTRACITY_NGN_PER_JOURNEY,1058.94,True
2025-04-01,Enugu,TRANSPORT_BUS_INTRACITY_NGN_PER_JOURNEY,1242.348345333333,True
2025-04-01,Gombe,TRANSPORT_BUS_INTRACITY_NGN_PER_JOURNEY,1180.0,True
2025-04-01,Imo,TRANSPORT_BUS_INTRACITY_NGN_PER_JOURNEY,1175.95142857142,True
2025-04-01,Jigawa,TRANSPORT_BUS_INTRACITY_NGN_PER_JOURNEY,1155.762,True
2025-04-01,Kaduna,TRANSPORT_BUS_INTRACITY_NGN_PER_JOURNEY,1131.059,True
2025-04-01,Kano,TRANSPORT_BUS_INTRACITY_NGN_PER_JOURNEY,700.0,True
2025-04-01,Katsina,TRANSPORT_BUS_INTRACITY_NGN_PER_JOURNEY,960.1580356875,True
2025-04-01,Kebbi,TRANSPORT_BUS_INTRACITY_NGN_PER_JOURNEY,955.0,True
2025-04-01,Kogi,TRANSPORT_BUS_INTRACITY_NGN_PER_JOURNEY,930.0,True
2025-04-01,Kwara,TRANSPORT_BUS_INTRACITY_NGN_PER_JOURNEY,1233.3592,True
2025-04-01,Lagos,TRANSPORT_BUS_INTRACITY_NGN_PER_JOURNEY,1330.66,True
2025-04-01,Nasarawa,TRANSPORT_BUS_INTRACITY_NGN_PER_JOURNEY,1220.0,True
2025-04-01,Niger,TRANSPORT_BUS_INTRACITY_NGN_PER_JOURNEY,910.997801875,True
2025-04-01,Ogun,TRANSPORT_BUS_INTRACITY_NGN_PER_JOURNEY,1022.5,True
2025-04-01,Ondo,TRANSPORT_BUS_INTRACITY_NGN_PER_JOURNEY,1180.225,True
2025-04-01,Osun,TRANSPORT_BUS_INTRACITY_NGN_PER_JOURNEY,856.524505555556,True
2025-04-01,Oyo,TRANSPORT_BUS_INTRACITY_NGN_PER_JOURNEY,915.2,True
2025-04-01,Plateau,TRANSPORT_BUS_INTRACITY_NGN_PER_JOURNEY,860.2001845833333,True
2025-04-01,Rivers,TRANSPORT_BUS_INTRACITY_NGN_PER_JOURNEY,760.0,True
2025-04-01,Sokoto,TRANSPORT_BUS_INTRACITY_NGN_PER_JOURNEY,830.0,True
2025-04-01,Taraba,TRANSPORT_BUS_INTRACITY_NGN_PER_JOURNEY,1194.0,True
2025-04-01,Yobe,TRANSPORT_BUS_INTRACITY_NGN_PER_JOURNEY,900.0,True
2025-04-01,Zamfara,TRANSPORT_BUS_INTRACITY_NGN_PER_JOURNEY,1170.66666666666,True
2025-05-01,Abia,TRANSPORT_BUS_INTRACITY_NGN_PER_JOURNEY,500.388051806387,True
2025-05-01,Abuja,TRANSPORT_BUS_INTRACITY_NGN_PER_JOURNEY,950.0,True
2025-05-01,Adamawa,TRANSPORT_BUS_INTRACITY_NGN_PER_JOURNEY,589.5,True
2025-05-01,Akwa Ibom,TRANSPORT_BUS_INTRACITY_NGN_PER_JOURNEY,1020.8464285275,True
2025-05-01,Anambra,TRANSPORT_BUS_INTRACITY_NGN_PER_JOURNEY,1069.389829858,True
2025-05-01,Bauchi,TRANSPORT_BUS_INTRACITY_NGN_PER_JOURNEY,1243.8509143235,True
2025-05-01,Bayelsa,TRANSPORT_BUS_INTRACITY_NGN_PER_JOURNEY,970.5,True
2025-05-01,Benue,TRANSPORT_BUS_INTRACITY_NGN_PER_JOURNEY,974.586153846154,True
2025-05-01,Borno,TRANSPORT_BUS_INTRACITY_NGN_PER_JOURNEY,960.0,True
2025-05-01,Cross River,TRANSPORT_BUS_INTRACITY_NGN_PER_JOURNEY,970.225,True
2025-05-01,Delta,TRANSPORT_BUS_INTRACITY_NGN_PER_JOURNEY,1064.3,True
2025-05-01,Ebonyi,TRANSPORT_BUS_INTRACITY_NGN_PER_JOURNEY,964.3,True
2025-05-01,Edo,TRANSPORT_BUS_INTRACITY_NGN_PER_JOURNEY,1090.20333333333,True
2025-05-01,Ekiti,TRANSPORT_BUS_INTRACITY_NGN_PER_JOURNEY,1090.20333333333,True
2025-05-01,Enugu,TRANSPORT_BUS_INTRACITY_NGN_PER_JOURNEY,1277.88304781333,True
2025-05-01,Gombe,TRANSPORT_BUS_INTRACITY_NGN_PER_JOURNEY,1199.0,True
2025-05-01,Imo,TRANSPORT_BUS_INTRACITY_NGN_PER_JOURNEY,1182.10754285714,True
2025-05-01,Jigawa,TRANSPORT_BUS_INTRACITY_NGN_PER_JOURNEY,1232.22296,True
2025-05-01,Kaduna,TRANSPORT_BUS_INTRACITY_NGN_PER_JOURNEY,1231.54372,True
2025-05-01,Kano,TRANSPORT_BUS_INTRACITY_NGN_PER_JOURNEY,734.30372615385,True
2025-05-01,Katsina,TRANSPORT_BUS_INTRACITY_NGN_PER_JOURNEY,976.5639285425,True
2025-05-01,Kebbi,TRANSPORT_BUS_INTRACITY_NGN_PER_JOURNEY,966.5639285425,True
2025-05-01,Kogi,TRANSPORT_BUS_INTRACITY_NGN_PER_JOURNEY,966.5639285425,True
2025-05-01,Kwara,TRANSPORT_BUS_INTRACITY_NGN_PER_JOURNEY,1266.5639285425,True
2025-05-01,Lagos,TRANSPORT_BUS_INTRACITY_NGN_PER_JOURNEY,1371.6328,True
2025-05-01,Nasarawa,TRANSPORT_BUS_INTRACITY_NGN_PER_JOURNEY,1296.0,True
2025-05-01,Niger,TRANSPORT_BUS_INTRACITY_NGN_PER_JOURNEY,1002.620126025,True
2025-05-01,Ogun,TRANSPORT_BUS_INTRACITY_NGN_PER_JOURNEY,1138.05,True
2025-05-01,Ondo,TRANSPORT_BUS_INTRACITY_NGN_PER_JOURNEY,1198.05,True
2025-05-01,Osun,TRANSPORT_BUS_INTRACITY_NGN_PER_JOURNEY,862.154632666667,True
2025-05-01,Oyo,TRANSPORT_BUS_INTRACITY_NGN_PER_JOURNEY,942.154632666667,True
2025-05-01,Plateau,TRANSPORT_BUS_INTRACITY_NGN_PER_JOURNEY,902.154632666667,True
2025-05-01,Rivers,TRANSPORT_BUS_INTRACITY_NGN_PER_JOURNEY,786.441866666667,True
2025-05-01,Sokoto,TRANSPORT_BUS_INTRACITY_NGN_PER_JOURNEY,860.0,True
2025-05-01,Taraba,TRANSPORT_BUS_INTRACITY_NGN_PER_JOURNEY,1210.0,True
2025-05-01,Yobe,TRANSPORT_BUS_INTRACITY_NGN_PER_JOURNEY,920.0,True
2025-05-01,Zamfara,TRANSPORT_BUS_INTRACITY_NGN_PER_JOURNEY,1220.0,True
2025-06-01,Abia,TRANSPORT_BUS_INTRACITY_NGN_PER_JOURNEY,504.89309647987,True
2025-06-01,Abuja,TRANSPORT_BUS_INTRACITY_NGN_PER_JOURNEY,950.0,True
2025-06-01,Adamawa,TRANSPORT_BUS_INTRACITY_NGN_PER_JOURNEY,570.0,True
2025-06-01,Akwa Ibom,TRANSPORT_BUS_INTRACITY_NGN_PER_JOURNEY,1010.8464285275,True
2025-06-01,Anambra,TRANSPORT_BUS_INTRACITY_NGN_PER_JOURNEY,1079.71171619679,True
2025-06-01,Bauchi,TRANSPORT_BUS_INTRACITY_NGN_PER_JOURNEY,1204.47408363158,True
2025-06-01,Bayelsa,TRANSPORT_BUS_INTRACITY_NGN_PER_JOURNEY,960.699923,True
2025-06-01,Benue,TRANSPORT_BUS_INTRACITY_NGN_PER_JOURNEY,960.586153846154,True
2025-06-01,Borno,TRANSPORT_BUS_INTRACITY_NGN_PER_JOURNEY,900.0,True
2025-06-01,Cross River,TRANSPORT_BUS_INTRACITY_NGN_PER_JOURNEY,940.768326,True
2025-06-01,Delta,TRANSPORT_BUS_INTRACITY_NGN_PER_JOURNEY,1068.53,True
2025-06-01,Ebonyi,TRANSPORT_BUS_INTRACITY_NGN_PER_JOURNEY,964.5,True
2025-06-01,Edo,TRANSPORT_BUS_INTRACITY_NGN_PER_JOURNEY,1095.32033333333,True
2025-06-01,Ekiti,TRANSPORT_BUS_INTRACITY_NGN_PER_JOURNEY,1090.26333333333,True
2025-06-01,Enugu,TRANSPORT_BUS_INTRACITY_NGN_PER_JOURNEY,1279.48830478133,True
2025-06-01,Gombe,TRANSPORT_BUS_INTRACITY_NGN_PER_JOURNEY,1160.3189,True
2025-06-01,Imo,TRANSPORT_BUS_INTRACITY_NGN_PER_JOURNEY,1162.60754285714,True
2025-06-01,Jigawa,TRANSPORT_BUS_INTRACITY_NGN_PER_JOURNEY,1133.4921496488,True
2025-06-01,Kaduna,TRANSPORT_BUS_INTRACITY_NGN_PER_JOURNEY,1140.79249183144,True
2025-06-01,Kano,TRANSPORT_BUS_INTRACITY_NGN_PER_JOURNEY,714.38009374137,True
2025-06-01,Katsina,TRANSPORT_BUS_INTRACITY_NGN_PER_JOURNEY,987.579555028184,True
2025-06-01,Kebbi,TRANSPORT_BUS_INTRACITY_NGN_PER_JOURNEY,900.0,True
2025-06-01,Kogi,TRANSPORT_BUS_INTRACITY_NGN_PER_JOURNEY,970.45639285425,True
2025-06-01,Kwara,TRANSPORT_BUS_INTRACITY_NGN_PER_JOURNEY,1268.2639285425,True
2025-06-01,Lagos,TRANSPORT_BUS_INTRACITY_NGN_PER_JOURNEY,1380.0,True
2025-06-01,Nasarawa,TRANSPORT_BUS_INTRACITY_NGN_PER_JOURNEY,1300.0,True
2025-06-01,Niger,TRANSPORT_BUS_INTRACITY_NGN_PER_JOURNEY,1000.620126025,True
2025-06-01,Ogun,TRANSPORT_BUS_INTRACITY_NGN_PER_JOURNEY,1140.0,True
2025-06-01,Ondo,TRANSPORT_BUS_INTRACITY_NGN_PER_JOURNEY,1200.20905,True
2025-06-01,Osun,TRANSPORT_BUS_INTRACITY_NGN_PER_JOURNEY,888.8814262793336,True
2025-06-01,Oyo,TRANSPORT_BUS_INTRACITY_NGN_PER_JOURNEY,944.4968583546,True
2025-06-01,Plateau,TRANSPORT_BUS_INTRACITY_NGN_PER_JOURNEY,908.515463266666,True
2025-06-01,Rivers,TRANSPORT_BUS_INTRACITY_NGN_PER_JOURNEY,789.957813253334,True
2025-06-01,Sokoto,TRANSPORT_BUS_INTRACITY_NGN_PER_JOURNEY,870.10406,True
2025-06-01,Taraba,TRANSPORT_BUS_INTRACITY_NGN_PER_JOURNEY,1230.2541,True
2025-06-01,Yobe,TRANSPORT_BUS_INTRACITY_NGN_PER_JOURNEY,940.332,True
2025-06-01,Zamfara,TRANSPORT_BUS_INTRACITY_NGN_PER_JOURNEY,1242.4562,True
2025-07-01,Abia,TRANSPORT_BUS_INTRACITY_NGN_PER_JOURNEY,507.51150605757545,True
2025-07-01,Abuja,TRANSPORT_BUS_INTRACITY_NGN_PER_JOURNEY,960.55,True
2025-07-01,Adamawa,TRANSPORT_BUS_INTRACITY_NGN_PER_JOURNEY,580.0,True
2025-07-01,Akwa Ibom,TRANSPORT_BUS_INTRACITY_NGN_PER_JOURNEY,1020.9464285275,True
2025-07-01,Anambra,TRANSPORT_BUS_INTRACITY_NGN_PER_JOURNEY,1069.8197570801233,True
2025-07-01,Bauchi,TRANSPORT_BUS_INTRACITY_NGN_PER_JOURNEY,1214.98058458361,True
2025-07-01,Bayelsa,TRANSPORT_BUS_INTRACITY_NGN_PER_JOURNEY,970.8072824114836,True
2025-07-01,Benue,TRANSPORT_BUS_INTRACITY_NGN_PER_JOURNEY,980.986153846154,True
2025-07-01,Borno,TRANSPORT_BUS_INTRACITY_NGN_PER_JOURNEY,920.57792,True
2025-07-01,Cross River,TRANSPORT_BUS_INTRACITY_NGN_PER_JOURNEY,955.065381107756,True
2025-07-01,Delta,TRANSPORT_BUS_INTRACITY_NGN_PER_JOURNEY,1068.5572,True
2025-07-01,Ebonyi,TRANSPORT_BUS_INTRACITY_NGN_PER_JOURNEY,964.714649,True
2025-07-01,Edo,TRANSPORT_BUS_INTRACITY_NGN_PER_JOURNEY,1097.20333333333,True
2025-07-01,Ekiti,TRANSPORT_BUS_INTRACITY_NGN_PER_JOURNEY,1090.35203333333,True
2025-07-01,Enugu,TRANSPORT_BUS_INTRACITY_NGN_PER_JOURNEY,1279.88304781333,True
2025-07-01,Gombe,TRANSPORT_BUS_INTRACITY_NGN_PER_JOURNEY,1170.40999,True
2025-07-01,Imo,TRANSPORT_BUS_INTRACITY_NGN_PER_JOURNEY,1160.10754285714,True
2025-07-01,Jigawa,TRANSPORT_BUS_INTRACITY_NGN_PER_JOURNEY,1137.516794108,True
2025-07-01,Kaduna,TRANSPORT_BUS_INTRACITY_NGN_PER_JOURNEY,1164.0437537516,True
2025-07-01,Kano,TRANSPORT_BUS_INTRACITY_NGN_PER_JOURNEY,710.111460252619,True
2025-07-01,Katsina,TRANSPORT_BUS_INTRACITY_NGN_PER_JOURNEY,977.5990863067552,True
2025-07-01,Kebbi,TRANSPORT_BUS_INTRACITY_NGN_PER_JOURNEY,850.0,True
2025-07-01,Kogi,TRANSPORT_BUS_INTRACITY_NGN_PER_JOURNEY,970.75639285425,True
2025-07-01,Kwara,TRANSPORT_BUS_INTRACITY_NGN_PER_JOURNEY,1269.4639285425,True
2025-07-01,Lagos,TRANSPORT_BUS_INTRACITY_NGN_PER_JOURNEY,1384.0,True
2025-07-01,Nasarawa,TRANSPORT_BUS_INTRACITY_NGN_PER_JOURNEY,1305.53,True
2025-07-01,Niger,TRANSPORT_BUS_INTRACITY_NGN_PER_JOURNEY,1022.2620126025,True
2025-07-01,Ogun,TRANSPORT_BUS_INTRACITY_NGN_PER_JOURNEY,1148.0,True
2025-07-01,Ondo,TRANSPORT_BUS_INTRACITY_NGN_PER_JOURNEY,1226.8032,True
2025-07-01,Osun,TRANSPORT_BUS_INTRACITY_NGN_PER_JOURNEY,890.088442765067,True
2025-07-01,Oyo,TRANSPORT_BUS_INTRACITY_NGN_PER_JOURNEY,954.7229754664404,True
2025-07-01,Plateau,TRANSPORT_BUS_INTRACITY_NGN_PER_JOURNEY,912.555463266666,True
2025-07-01,Rivers,TRANSPORT_BUS_INTRACITY_NGN_PER_JOURNEY,796.6970686080003,True
2025-07-01,Sokoto,TRANSPORT_BUS_INTRACITY_NGN_PER_JOURNEY,876.12144,True
2025-07-01,Taraba,TRANSPORT_BUS_INTRACITY_NGN_PER_JOURNEY,1250.278784,True
2025-07-01,Yobe,TRANSPORT_BUS_INTRACITY_NGN_PER_JOURNEY,945.1968,True
2025-07-01,Zamfara,TRANSPORT_BUS_INTRACITY_NGN_PER_JOURNEY,1248.1088,True
2025-08-01,Abia,TRANSPORT_BUS_INTRACITY_NGN_PER_JOURNEY,512.9566127492405,True
2025-08-01,Abuja,TRANSPORT_BUS_INTRACITY_NGN_PER_JOURNEY,965.009510410576,True
2025-08-01,Adamawa,TRANSPORT_BUS_INTRACITY_NGN_PER_JOURNEY,607.3473774622634,True
2025-08-01,Akwa Ibom,TRANSPORT_BUS_INTRACITY_NGN_PER_JOURNEY,1043.5172797643856,True
2025-08-01,Anambra,TRANSPORT_BUS_INTRACITY_NGN_PER_JOURNEY,1080.047050748677,True
2025-08-01,Bauchi,TRANSPORT_BUS_INTRACITY_NGN_PER_JOURNEY,1237.0838946591643,True
2025-08-01,Bayelsa,TRANSPORT_BUS_INTRACITY_NGN_PER_JOURNEY,991.4035159104382,True
2025-08-01,Benue,TRANSPORT_BUS_INTRACITY_NGN_PER_JOURNEY,1022.6964555679424,True
2025-08-01,Borno,TRANSPORT_BUS_INTRACITY_NGN_PER_JOURNEY,961.8618850072664,True
2025-08-01,Cross River,TRANSPORT_BUS_INTRACITY_NGN_PER_JOURNEY,955.906538110775,True
2025-08-01,Delta,TRANSPORT_BUS_INTRACITY_NGN_PER_JOURNEY,1068.6172093562905,True
2025-08-01,Ebonyi,TRANSPORT_BUS_INTRACITY_NGN_PER_JOURNEY,965.1452834764116,True
2025-08-01,Edo,TRANSPORT_BUS_INTRACITY_NGN_PER_JOURNEY,1101.162592065073,True
2025-08-01,Ekiti,TRANSPORT_BUS_INTRACITY_NGN_PER_JOURNEY,1090.540639177757,True
2025-08-01,Enugu,TRANSPORT_BUS_INTRACITY_NGN_PER_JOURNEY,1280.722403426431,True
2025-08-01,Gombe,TRANSPORT_BUS_INTRACITY_NGN_PER_JOURNEY,1193.95882178319,True
2025-08-01,Imo,TRANSPORT_BUS_INTRACITY_NGN_PER_JOURNEY,1164.1207099621402,True
2025-08-01,Jigawa,TRANSPORT_BUS_INTRACITY_NGN_PER_JOURNEY,1145.98525617479,True
2025-08-01,Kaduna,TRANSPORT_BUS_INTRACITY_NGN_PER_JOURNEY,1211.6236064444936,True
2025-08-01,Kano,TRANSPORT_BUS_INTRACITY_NGN_PER_JOURNEY,716.6080805646362,True
2025-08-01,Katsina,TRANSPORT_BUS_INTRACITY_NGN_PER_JOURNEY,990.6853880402598,True
2025-08-01,Kebbi,TRANSPORT_BUS_INTRACITY_NGN_PER_JOURNEY,900.3167105,True
2025-08-01,Kogi,TRANSPORT_BUS_INTRACITY_NGN_PER_JOURNEY,971.36429311725,True
2025-08-01,Kwara,TRANSPORT_BUS_INTRACITY_NGN_PER_JOURNEY,1271.8799390625002,True
2025-08-01,Lagos,TRANSPORT_BUS_INTRACITY_NGN_PER_JOURNEY,1398.0533684,True
2025-08-01,Nasarawa,TRANSPORT_BUS_INTRACITY_NGN_PER_JOURNEY,1316.6531581299998,True
2025-08-01,Niger,TRANSPORT_BUS_INTRACITY_NGN_PER_JOURNEY,1065.7929577441018,True
2025-08-01,Ogun,TRANSPORT_BUS_INTRACITY_NGN_PER_JOURNEY,1166.091368,True
2025-08-01,Ondo,TRANSPORT_BUS_INTRACITY_NGN_PER_JOURNEY,1280.2630262715004,True
2025-08-01,Osun,TRANSPORT_BUS_INTRACITY_NGN_PER_JOURNEY,892.5147993748533,True
2025-08-01,Oyo,TRANSPORT_BUS_INTRACITY_NGN_PER_JOURNEY,995.310296697168,True
2025-08-01,Plateau,TRANSPORT_BUS_INTRACITY_NGN_PER_JOURNEY,950.688831666666,True
2025-08-01,Rivers,TRANSPORT_BUS_INTRACITY_NGN_PER_JOURNEY,810.324516860671,True
2025-08-01,Sokoto,TRANSPORT_BUS_INTRACITY_NGN_PER_JOURNEY,888.289184098,True
2025-08-01,Taraba,TRANSPORT_BUS_INTRACITY_NGN_PER_JOURNEY,1270.9262356724,True
2025-08-01,Yobe,TRANSPORT_BUS_INTRACITY_NGN_PER_JOURNEY,950.87621289528,True
2025-08-01,Zamfara,TRANSPORT_BUS_INTRACITY_NGN_PER_JOURNEY,1253.93719586,True
2025-09-01,Abia,TRANSPORT_BUS_INTRACITY_NGN_PER_JOURNEY,542.439566127492,True
2025-09-01,Abuja,TRANSPORT_BUS_INTRACITY_NGN_PER_JOURNEY,972.647095104105,True
2025-09-01,Adamawa,TRANSPORT_BUS_INTRACITY_NGN_PER_JOURNEY,611.355473774622,True
2025-09-01,Akwa Ibom,TRANSPORT_BUS_INTRACITY_NGN_PER_JOURNEY,1052.35172797643,True
2025-09-01,Anambra,TRANSPORT_BUS_INTRACITY_NGN_PER_JOURNEY,1085.49884705074,True
2025-09-01,Bauchi,TRANSPORT_BUS_INTRACITY_NGN_PER_JOURNEY,1237.58389465916,True
2025-09-01,Bayelsa,TRANSPORT_BUS_INTRACITY_NGN_PER_JOURNEY,995.640351591043,True
2025-09-01,Benue,TRANSPORT_BUS_INTRACITY_NGN_PER_JOURNEY,1026.73696455567,True
2025-09-01,Borno,TRANSPORT_BUS_INTRACITY_NGN_PER_JOURNEY,961.877885007266,True
2025-09-01,Cross River,TRANSPORT_BUS_INTRACITY_NGN_PER_JOURNEY,960.190653811077,True
2025-09-01,Delta,TRANSPORT_BUS_INTRACITY_NGN_PER_JOURNEY,1068.81720935629,True
2025-09-01,Ebonyi,TRANSPORT_BUS_INTRACITY_NGN_PER_JOURNEY,965.705283476412,True
2025-09-01,Edo,TRANSPORT_BUS_INTRACITY_NGN_PER_JOURNEY,1101.46259206507,True
2025-09-01,Ekiti,TRANSPORT_BUS_INTRACITY_NGN_PER_JOURNEY,1090.84063917776,True
2025-09-01,Enugu,TRANSPORT_BUS_INTRACITY_NGN_PER_JOURNEY,1280.92272240342,True
2025-09-01,Gombe,TRANSPORT_BUS_INTRACITY_NGN_PER_JOURNEY,1196.19588217831,True
2025-09-01,Imo,TRANSPORT_BUS_INTRACITY_NGN_PER_JOURNEY,1164.22070996214,True
2025-09-01,Jigawa,TRANSPORT_BUS_INTRACITY_NGN_PER_JOURNEY,1147.41985256174,True
2025-09-01,Kaduna,TRANSPORT_BUS_INTRACITY_NGN_PER_JOURNEY,1218.26236064444,True
2025-09-01,Kano,TRANSPORT_BUS_INTRACITY_NGN_PER_JOURNEY,716.633208080564,True
2025-09-01,Katsina,TRANSPORT_BUS_INTRACITY_NGN_PER_JOURNEY,990.88538804026,True
2025-09-01,Kebbi,TRANSPORT_BUS_INTRACITY_NGN_PER_JOURNEY,900.8167105,True
2025-09-01,Kogi,TRANSPORT_BUS_INTRACITY_NGN_PER_JOURNEY,978.86429311725,True
2025-09-01,Kwara,TRANSPORT_BUS_INTRACITY_NGN_PER_JOURNEY,1274.38799390625,True
2025-09-01,Lagos,TRANSPORT_BUS_INTRACITY_NGN_PER_JOURNEY,1399.50533684,True
2025-09-01,Nasarawa,TRANSPORT_BUS_INTRACITY_NGN_PER_JOURNEY,1326.25315813,True
2025-09-01,Niger,TRANSPORT_BUS_INTRACITY_NGN_PER_JOURNEY,1066.71929577441,True
2025-09-01,Ogun,TRANSPORT_BUS_INTRACITY_NGN_PER_JOURNEY,1168.7091368,True
2025-09-01,Ondo,TRANSPORT_BUS_INTRACITY_NGN_PER_JOURNEY,1284.12630262715,True
2025-09-01,Osun,TRANSPORT_BUS_INTRACITY_NGN_PER_JOURNEY,895.714799374853,True
2025-09-01,Oyo,TRANSPORT_BUS_INTRACITY_NGN_PER_JOURNEY,998.331029669716,True
2025-09-01,Plateau,TRANSPORT_BUS_INTRACITY_NGN_PER_JOURNEY,952.628883166666,True
2025-09-01,Rivers,TRANSPORT_BUS_INTRACITY_NGN_PER_JOURNEY,813.352451686067,True
2025-09-01,Sokoto,TRANSPORT_BUS_INTRACITY_NGN_PER_JOURNEY,889.6289184098,True
2025-09-01,Taraba,TRANSPORT_BUS_INTRACITY_NGN_PER_JOURNEY,1275.90262356724,True
2025-09-01,Yobe,TRANSPORT_BUS_INTRACITY_NGN_PER_JOURNEY,951.807621289528,True
2025-09-01,Zamfara,TRANSPORT_BUS_INTRACITY_NGN_PER_JOURNEY,1254.903719586,True
2025-10-01,Abia,TRANSPORT_BUS_INTRACITY_NGN_PER_JOURNEY,548.443956612749,True
2025-10-01,Abuja,TRANSPORT_BUS_INTRACITY_NGN_PER_JOURNEY,973.867095104105,True
2025-10-01,Adamawa,TRANSPORT_BUS_INTRACITY_NGN_PER_JOURNEY,631.435547377462,True
2025-10-01,Akwa Ibom,TRANSPORT_BUS_INTRACITY_NGN_PER_JOURNEY,1066.53517279764,True
2025-10-01,Anambra,TRANSPORT_BUS_INTRACITY_NGN_PER_JOURNEY,1085.9979884705,True
2025-10-01,Bauchi,TRANSPORT_BUS_INTRACITY_NGN_PER_JOURNEY,1247.65838946591,True
2025-10-01,Bayelsa,TRANSPORT_BUS_INTRACITY_NGN_PER_JOURNEY,995.940351591043,True
2025-10-01,Benue,TRANSPORT_BUS_INTRACITY_NGN_PER_JOURNEY,1031.82336964555,True
2025-10-01,Borno,TRANSPORT_BUS_INTRACITY_NGN_PER_JOURNEY,1031.82336964555,True
2025-10-01,Cross River,TRANSPORT_BUS_INTRACITY_NGN_PER_JOURNEY,1031.82336964555,True
2025-10-01,Delta,TRANSPORT_BUS_INTRACITY_NGN_PER_JOURNEY,1081.55823369645,True
2025-10-01,Ebonyi,TRANSPORT_BUS_INTRACITY_NGN_PER_JOURNEY,1081.55823369645,True
2025-10-01,Edo,TRANSPORT_BUS_INTRACITY_NGN_PER_JOURNEY,1181.55823369645,True
2025-10-01,Ekiti,TRANSPORT_BUS_INTRACITY_NGN_PER_JOURNEY,1110.97582336964,True
2025-10-01,Enugu,TRANSPORT_BUS_INTRACITY_NGN_PER_JOURNEY,1296.2219227224,True
2025-10-01,Gombe,TRANSPORT_BUS_INTRACITY_NGN_PER_JOURNEY,1129.98543219227,True
2025-10-01,Imo,TRANSPORT_BUS_INTRACITY_NGN_PER_JOURNEY,1019.25432192272,True
2025-10-01,Jigawa,TRANSPORT_BUS_INTRACITY_NGN_PER_JOURNEY,1100.08119854321,True
2025-10-01,Kaduna,TRANSPORT_BUS_INTRACITY_NGN_PER_JOURNEY,1200.67119854321,True
2025-10-01,Kano,TRANSPORT_BUS_INTRACITY_NGN_PER_JOURNEY,810.033641671198,True
2025-10-01,Katsina,TRANSPORT_BUS_INTRACITY_NGN_PER_JOURNEY,1010.75488538804,True
2025-10-01,Kebbi,TRANSPORT_BUS_INTRACITY_NGN_PER_JOURNEY,910.75488538804,True
2025-10-01,Kogi,TRANSPORT_BUS_INTRACITY_NGN_PER_JOURNEY,994.228642931172,True
2025-10-01,Kwara,TRANSPORT_BUS_INTRACITY_NGN_PER_JOURNEY,1300.01267228642,True
2025-10-01,Lagos,TRANSPORT_BUS_INTRACITY_NGN_PER_JOURNEY,1405.85432012672,True
2025-10-01,Nasarawa,TRANSPORT_BUS_INTRACITY_NGN_PER_JOURNEY,1326.76652531581,True
2025-10-01,Niger,TRANSPORT_BUS_INTRACITY_NGN_PER_JOURNEY,1026.01766525315,True
2025-10-01,Ogun,TRANSPORT_BUS_INTRACITY_NGN_PER_JOURNEY,1208.327091368,True
2025-10-01,Ondo,TRANSPORT_BUS_INTRACITY_NGN_PER_JOURNEY,1290.65126302627,True
2025-10-01,Osun,TRANSPORT_BUS_INTRACITY_NGN_PER_JOURNEY,899.997147993748,True
2025-10-01,Oyo,TRANSPORT_BUS_INTRACITY_NGN_PER_JOURNEY,1000.0,True
2025-10-01,Plateau,TRANSPORT_BUS_INTRACITY_NGN_PER_JOURNEY,960.22653310296,True
2025-10-01,Rivers,TRANSPORT_BUS_INTRACITY_NGN_PER_JOURNEY,820.45052265331,True
2025-10-01,Sokoto,TRANSPORT_BUS_INTRACITY_NGN_PER_JOURNEY,895.556289184098,True
2025-10-01,Taraba,TRANSPORT_BUS_INTRACITY_NGN_PER_JOURNEY,1238.19902623567,True
2025-10-01,Yobe,TRANSPORT_BUS_INTRACITY_NGN_PER_JOURNEY,968.76272,True
2025-10-01,Zamfara,TRANSPORT_BUS_INTRACITY_NGN_PER_JOURNEY,1255.78839,True
2025-11-01,Abia,TRANSPORT_BUS_INTRACITY_NGN_PER_JOURNEY,577.128072,True
2025-11-01,Abuja,TRANSPORT_BUS_INTRACITY_NGN_PER_JOURNEY,985.24494,True
2025-11-01,Adamawa,TRANSPORT_BUS_INTRACITY_NGN_PER_JOURNEY,666.50384,True
2025-11-01,Akwa Ibom,TRANSPORT_BUS_INTRACITY_NGN_PER_JOURNEY,1078.376536,True
2025-11-01,Anambra,TRANSPORT_BUS_INTRACITY_NGN_PER_JOURNEY,1153.702495,True
2025-11-01,Bauchi,TRANSPORT_BUS_INTRACITY_NGN_PER_JOURNEY,1286.7695162667,True
2025-11-01,Bayelsa,TRANSPORT_BUS_INTRACITY_NGN_PER_JOURNEY,1100.00168,True
2025-11-01,Benue,TRANSPORT_BUS_INTRACITY_NGN_PER_JOURNEY,1062.3505904857,True
2025-11-01,Borno,TRANSPORT_BUS_INTRACITY_NGN_PER_JOURNEY,1166.50384,True
2025-11-01,Cross River,TRANSPORT_BUS_INTRACITY_NGN_PER_JOURNEY,1050.87756,True
2025-11-01,Delta,TRANSPORT_BUS_INTRACITY_NGN_PER_JOURNEY,1088.0878514,True
2025-11-01,Ebonyi,TRANSPORT_BUS_INTRACITY_NGN_PER_JOURNEY,1090.529950897,True
2025-11-01,Edo,TRANSPORT_BUS_INTRACITY_NGN_PER_JOURNEY,1234.69893125,True
2025-11-01,Ekiti,TRANSPORT_BUS_INTRACITY_NGN_PER_JOURNEY,1177.37976108286,True
2025-11-01,Enugu,TRANSPORT_BUS_INTRACITY_NGN_PER_JOURNEY,1298.75841625,True
2025-11-01,Gombe,TRANSPORT_BUS_INTRACITY_NGN_PER_JOURNEY,1187.3352348232,True
2025-11-01,Imo,TRANSPORT_BUS_INTRACITY_NGN_PER_JOURNEY,1027.4401874286,True
2025-11-01,Jigawa,TRANSPORT_BUS_INTRACITY_NGN_PER_JOURNEY,1170.4917754545,True
2025-11-01,Kaduna,TRANSPORT_BUS_INTRACITY_NGN_PER_JOURNEY,1250.87756,True
2025-11-01,Kano,TRANSPORT_BUS_INTRACITY_NGN_PER_JOURNEY,816.5889755929,True
2025-11-01,Katsina,TRANSPORT_BUS_INTRACITY_NGN_PER_JOURNEY,1052.822657,True
2025-11-01,Kebbi,TRANSPORT_BUS_INTRACITY_NGN_PER_JOURNEY,907.44942,True
2025-11-01,Kogi,TRANSPORT_BUS_INTRACITY_NGN_PER_JOURNEY,1019.625,True
2025-11-01,Kwara,TRANSPORT_BUS_INTRACITY_NGN_PER_JOURNEY,1360.1927568182,True
2025-11-01,Lagos,TRANSPORT_BUS_INTRACITY_NGN_PER_JOURNEY,1450.87756,True
2025-11-01,Nasarawa,TRANSPORT_BUS_INTRACITY_NGN_PER_JOURNEY,1343.28630134,True
2025-11-01,Niger,TRANSPORT_BUS_INTRACITY_NGN_PER_JOURNEY,1056.91676,True
2025-11-01,Ogun,TRANSPORT_BUS_INTRACITY_NGN_PER_JOURNEY,1259.75803125,True
2025-11-01,Ondo,TRANSPORT_BUS_INTRACITY_NGN_PER_JOURNEY,1306.247815,True
2025-11-01,Osun,TRANSPORT_BUS_INTRACITY_NGN_PER_JOURNEY,967.049868,True
2025-11-01,Oyo,TRANSPORT_BUS_INTRACITY_NGN_PER_JOURNEY,1068.045072,True
2025-11-01,Plateau,TRANSPORT_BUS_INTRACITY_NGN_PER_JOURNEY,983.20603,True
2025-11-01,Rivers,TRANSPORT_BUS_INTRACITY_NGN_PER_JOURNEY,846.2539197,True
2025-11-01,Sokoto,TRANSPORT_BUS_INTRACITY_NGN_PER_JOURNEY,899.1311368,True
2025-11-01,Taraba,TRANSPORT_BUS_INTRACITY_NGN_PER_JOURNEY,1247.279316,True
2025-11-01,Yobe,TRANSPORT_BUS_INTRACITY_NGN_PER_JOURNEY,1033.4881456,True
2025-11-01,Zamfara,TRANSPORT_BUS_INTRACITY_NGN_PER_JOURNEY,1245.7897197,True
2025-12-01,Abia,TRANSPORT_BUS_INTRACITY_NGN_PER_JOURNEY,640.08899148,True
2025-12-01,Abuja,TRANSPORT_BUS_INTRACITY_NGN_PER_JOURNEY,1016.2505169,True
2025-12-01,Adamawa,TRANSPORT_BUS_INTRACITY_NGN_PER_JOURNEY,714.1078184,True
2025-12-01,Akwa Ibom,TRANSPORT_BUS_INTRACITY_NGN_PER_JOURNEY,1132.30922164,True
2025-12-01,Anambra,TRANSPORT_BUS_INTRACITY_NGN_PER_JOURNEY,1389.244637425,True
2025-12-01,Bauchi,TRANSPORT_BUS_INTRACITY_NGN_PER_JOURNEY,1423.542479096,True
2025-12-01,Bayelsa,TRANSPORT_BUS_INTRACITY_NGN_PER_JOURNEY,1210.1123564,True
2025-12-01,Benue,TRANSPORT_BUS_INTRACITY_NGN_PER_JOURNEY,1462.4055247919,True
2025-12-01,Borno,TRANSPORT_BUS_INTRACITY_NGN_PER_JOURNEY,1355.1102608,True
2025-12-01,Cross River,TRANSPORT_BUS_INTRACITY_NGN_PER_JOURNEY,1389.8466194,True
2025-12-01,Delta,TRANSPORT_BUS_INTRACITY_NGN_PER_JOURNEY,1236.5324475625,True
2025-12-01,Ebonyi,TRANSPORT_BUS_INTRACITY_NGN_PER_JOURNEY,1160.3701924465,True
2025-12-01,Edo,TRANSPORT_BUS_INTRACITY_NGN_PER_JOURNEY,1359.4657072812,True
2025-12-01,Ekiti,TRANSPORT_BUS_INTRACITY_NGN_PER_JOURNEY,1183.5646701426,True
2025-12-01,Enugu,TRANSPORT_BUS_INTRACITY_NGN_PER_JOURNEY,1307.9023749688,True
2025-12-01,Gombe,TRANSPORT_BUS_INTRACITY_NGN_PER_JOURNEY,1261.3553875525,True
2025-12-01,Imo,TRANSPORT_BUS_INTRACITY_NGN_PER_JOURNEY,1216.2837294971,True
2025-12-01,Jigawa,TRANSPORT_BUS_INTRACITY_NGN_PER_JOURNEY,1321.1199436909,True
2025-12-01,Kaduna,TRANSPORT_BUS_INTRACITY_NGN_PER_JOURNEY,1368.4240682,True
2025-12-01,Kano,TRANSPORT_BUS_INTRACITY_NGN_PER_JOURNEY,889.1018893418,True
2025-12-01,Katsina,TRANSPORT_BUS_INTRACITY_NGN_PER_JOURNEY,1146.558221495,True
2025-12-01,Kebbi,TRANSPORT_BUS_INTRACITY_NGN_PER_JOURNEY,945.0468257,True
2025-12-01,Kogi,TRANSPORT_BUS_INTRACITY_NGN_PER_JOURNEY,1123.788125,True
2025-12-01,Kwara,TRANSPORT_BUS_INTRACITY_NGN_PER_JOURNEY,1390.0904265818,True
2025-12-01,Lagos,TRANSPORT_BUS_INTRACITY_NGN_PER_JOURNEY,1529.9071996,True
2025-12-01,Nasarawa,TRANSPORT_BUS_INTRACITY_NGN_PER_JOURNEY,1737.4088835689,True
2025-12-01,Niger,TRANSPORT_BUS_INTRACITY_NGN_PER_JOURNEY,1168.3601302,True
2025-12-01,Ogun,TRANSPORT_BUS_INTRACITY_NGN_PER_JOURNEY,1359.8443501063,True
2025-12-01,Ondo,TRANSPORT_BUS_INTRACITY_NGN_PER_JOURNEY,1378.584727025,True
2025-12-01,Osun,TRANSPORT_BUS_INTRACITY_NGN_PER_JOURNEY,1123.44523586,True
2025-12-01,Oyo,TRANSPORT_BUS_INTRACITY_NGN_PER_JOURNEY,1259.1834772,True
2025-12-01,Plateau,TRANSPORT_BUS_INTRACITY_NGN_PER_JOURNEY,1144.25574743,True
2025-12-01,Rivers,TRANSPORT_BUS_INTRACITY_NGN_PER_JOURNEY,972.3491395875,True
2025-12-01,Sokoto,TRANSPORT_BUS_INTRACITY_NGN_PER_JOURNEY,935.158385396,True
2025-12-01,Taraba,TRANSPORT_BUS_INTRACITY_NGN_PER_JOURNEY,1386.93130502,True
2025-12-01,Yobe,TRANSPORT_BUS_INTRACITY_NGN_PER_JOURNEY,1478.366821528,True
2025-12-01,Zamfara,TRANSPORT_BUS_INTRACITY_NGN_PER_JOURNEY,1385.2728613105,True
2026-01-01,Abia,TRANSPORT_BUS_INTRACITY_NGN_PER_JOURNEY,649.0,True
2026-01-01,Abuja,TRANSPORT_BUS_INTRACITY_NGN_PER_JOURNEY,1007.77041328728,True
2026-01-01,Adamawa,TRANSPORT_BUS_INTRACITY_NGN_PER_JOURNEY,695.59095226667,True
2026-01-01,Akwa Ibom,TRANSPORT_BUS_INTRACITY_NGN_PER_JOURNEY,1110.91601917239,True
2026-01-01,Anambra,TRANSPORT_BUS_INTRACITY_NGN_PER_JOURNEY,1166.25,True
2026-01-01,Bauchi,TRANSPORT_BUS_INTRACITY_NGN_PER_JOURNEY,1222.79766364053,True
2026-01-01,Bayelsa,TRANSPORT_BUS_INTRACITY_NGN_PER_JOURNEY,1081.66666666666,True
2026-01-01,Benue,TRANSPORT_BUS_INTRACITY_NGN_PER_JOURNEY,1247.43257941971,True
2026-01-01,Borno,TRANSPORT_BUS_INTRACITY_NGN_PER_JOURNEY,1326.0394548178,True
2026-01-01,Cross River,TRANSPORT_BUS_INTRACITY_NGN_PER_JOURNEY,1230.1816737484,True
2026-01-01,Delta,TRANSPORT_BUS_INTRACITY_NGN_PER_JOURNEY,1228.17489846198,True
2026-01-01,Ebonyi,TRANSPORT_BUS_INTRACITY_NGN_PER_JOURNEY,1103.0389375,True
2026-01-01,Edo,TRANSPORT_BUS_INTRACITY_NGN_PER_JOURNEY,1283.0389375,True
2026-01-01,Ekiti,TRANSPORT_BUS_INTRACITY_NGN_PER_JOURNEY,1185.34073711887,True
2026-01-01,Enugu,TRANSPORT_BUS_INTRACITY_NGN_PER_JOURNEY,1308.023749688,True
2026-01-01,Gombe,TRANSPORT_BUS_INTRACITY_NGN_PER_JOURNEY,1165.3097947007,True
2026-01-01,Imo,TRANSPORT_BUS_INTRACITY_NGN_PER_JOURNEY,1217.0357435429,True
2026-01-01,Jigawa,TRANSPORT_BUS_INTRACITY_NGN_PER_JOURNEY,1325.97128260727,True
2026-01-01,Kaduna,TRANSPORT_BUS_INTRACITY_NGN_PER_JOURNEY,1370.33333333333,True
2026-01-01,Kano,TRANSPORT_BUS_INTRACITY_NGN_PER_JOURNEY,891.42792530822,True
2026-01-01,Katsina,TRANSPORT_BUS_INTRACITY_NGN_PER_JOURNEY,1148.81751653334,True
2026-01-01,Kebbi,TRANSPORT_BUS_INTRACITY_NGN_PER_JOURNEY,955.3913132,True
2026-01-01,Kogi,TRANSPORT_BUS_INTRACITY_NGN_PER_JOURNEY,1125.122788125,True
2026-01-01,Kwara,TRANSPORT_BUS_INTRACITY_NGN_PER_JOURNEY,1393.23419237455,True
2026-01-01,Lagos,TRANSPORT_BUS_INTRACITY_NGN_PER_JOURNEY,1566.03120472917,True
2026-01-01,Nasarawa,TRANSPORT_BUS_INTRACITY_NGN_PER_JOURNEY,1338.082667304,True
2026-01-01,Niger,TRANSPORT_BUS_INTRACITY_NGN_PER_JOURNEY,1170.66666666666,True
2026-01-01,Ogun,TRANSPORT_BUS_INTRACITY_NGN_PER_JOURNEY,1376.77315303591,True
2026-01-01,Ondo,TRANSPORT_BUS_INTRACITY_NGN_PER_JOURNEY,1379.6175479757,True
2026-01-01,Osun,TRANSPORT_BUS_INTRACITY_NGN_PER_JOURNEY,1127.51216588367,True
2026-01-01,Oyo,TRANSPORT_BUS_INTRACITY_NGN_PER_JOURNEY,1306.09312205434,True
2026-01-01,Plateau,TRANSPORT_BUS_INTRACITY_NGN_PER_JOURNEY,1145.5898878587,True
2026-01-01,Rivers,TRANSPORT_BUS_INTRACITY_NGN_PER_JOURNEY,973.4718327499,True
2026-01-01,Sokoto,TRANSPORT_BUS_INTRACITY_NGN_PER_JOURNEY,950.0,True
2026-01-01,Taraba,TRANSPORT_BUS_INTRACITY_NGN_PER_JOURNEY,1378.5521282296,True
2026-01-01,Yobe,TRANSPORT_BUS_INTRACITY_NGN_PER_JOURNEY,1380.480765528,True
2026-01-01,Zamfara,TRANSPORT_BUS_INTRACITY_NGN_PER_JOURNEY,1387.38843676856,True
2026-02-01,Abia,TRANSPORT_BUS_INTRACITY_NGN_PER_JOURNEY,699.16633371879,True
2026-02-01,Abuja,TRANSPORT_BUS_INTRACITY_NGN_PER_JOURNEY,1223.1001461678595,True
2026-02-01,Adamawa,TRANSPORT_BUS_INTRACITY_NGN_PER_JOURNEY,700.0,True
2026-02-01,Akwa Ibom,TRANSPORT_BUS_INTRACITY_NGN_PER_JOURNEY,1197.17897016062,True
2026-02-01,Anambra,TRANSPORT_BUS_INTRACITY_NGN_PER_JOURNEY,1173.375,True
2026-02-01,Bauchi,TRANSPORT_BUS_INTRACITY_NGN_PER_JOURNEY,1276.54601574,True
2026-02-01,Bayelsa,TRANSPORT_BUS_INTRACITY_NGN_PER_JOURNEY,1089.3,True
2026-02-01,Benue,TRANSPORT_BUS_INTRACITY_NGN_PER_JOURNEY,1249.47467388849,True
2026-02-01,Borno,TRANSPORT_BUS_INTRACITY_NGN_PER_JOURNEY,1389.32857182516,True
2026-02-01,Cross River,TRANSPORT_BUS_INTRACITY_NGN_PER_JOURNEY,1205.27150815402,True
2026-02-01,Delta,TRANSPORT_BUS_INTRACITY_NGN_PER_JOURNEY,1295.01268991756,True
2026-02-01,Ebonyi,TRANSPORT_BUS_INTRACITY_NGN_PER_JOURNEY,1140.91128103773,True
2026-02-01,Edo,TRANSPORT_BUS_INTRACITY_NGN_PER_JOURNEY,1294.6230158375,True
2026-02-01,Ekiti,TRANSPORT_BUS_INTRACITY_NGN_PER_JOURNEY,1190.34073711887,True
2026-02-01,Enugu,TRANSPORT_BUS_INTRACITY_NGN_PER_JOURNEY,1340.85460702608,True
2026-02-01,Gombe,TRANSPORT_BUS_INTRACITY_NGN_PER_JOURNEY,1149.08224582066,True
2026-02-01,Imo,TRANSPORT_BUS_INTRACITY_NGN_PER_JOURNEY,1226.21473135503,True
2026-02-01,Jigawa,TRANSPORT_BUS_INTRACITY_NGN_PER_JOURNEY,1076.5279997399086,True
2026-02-01,Kaduna,TRANSPORT_BUS_INTRACITY_NGN_PER_JOURNEY,1325.3333333333333,True
2026-02-01,Kano,TRANSPORT_BUS_INTRACITY_NGN_PER_JOURNEY,895.48987344493,True
2026-02-01,Katsina,TRANSPORT_BUS_INTRACITY_NGN_PER_JOURNEY,1152.72445707488,True
2026-02-01,Kebbi,TRANSPORT_BUS_INTRACITY_NGN_PER_JOURNEY,1157.2551108865398,True
2026-02-01,Kogi,TRANSPORT_BUS_INTRACITY_NGN_PER_JOURNEY,1140.12581670327,True
2026-02-01,Kwara,TRANSPORT_BUS_INTRACITY_NGN_PER_JOURNEY,1316.95193229761,True
2026-02-01,Lagos,TRANSPORT_BUS_INTRACITY_NGN_PER_JOURNEY,1537.08624241245,True
2026-02-01,Nasarawa,TRANSPORT_BUS_INTRACITY_NGN_PER_JOURNEY,1343.52337276091,True
2026-02-01,Niger,TRANSPORT_BUS_INTRACITY_NGN_PER_JOURNEY,1172.37800609971,True
2026-02-01,Ogun,TRANSPORT_BUS_INTRACITY_NGN_PER_JOURNEY,1380.74408943745,True
2026-02-01,Ondo,TRANSPORT_BUS_INTRACITY_NGN_PER_JOURNEY,1389.85,True
2026-02-01,Osun,TRANSPORT_BUS_INTRACITY_NGN_PER_JOURNEY,1220.52661902946,True
2026-02-01,Oyo,TRANSPORT_BUS_INTRACITY_NGN_PER_JOURNEY,1242.2496416273862,True
2026-02-01,Plateau,TRANSPORT_BUS_INTRACITY_NGN_PER_JOURNEY,1189.04823367884,True
2026-02-01,Rivers,TRANSPORT_BUS_INTRACITY_NGN_PER_JOURNEY,928.43985688749,True
2026-02-01,Sokoto,TRANSPORT_BUS_INTRACITY_NGN_PER_JOURNEY,945.09474662741,True
2026-02-01,Taraba,TRANSPORT_BUS_INTRACITY_NGN_PER_JOURNEY,1405.35572020621,True
2026-02-01,Yobe,TRANSPORT_BUS_INTRACITY_NGN_PER_JOURNEY,1228.9234143586905,True
2026-02-01,Zamfara,TRANSPORT_BUS_INTRACITY_NGN_PER_JOURNEY,1355.35194098,True
2026-03-01,Abia,TRANSPORT_BUS_INTRACITY_NGN_PER_JOURNEY,850.1771314267,True
2026-03-01,Abuja,TRANSPORT_BUS_INTRACITY_NGN_PER_JOURNEY,1353.971861807819,True
2026-03-01,Adamawa,TRANSPORT_BUS_INTRACITY_NGN_PER_JOURNEY,911.16,True
2026-03-01,Akwa Ibom,TRANSPORT_BUS_INTRACITY_NGN_PER_JOURNEY,1375.07711996781,True
2026-03-01,Anambra,TRANSPORT_BUS_INTRACITY_NGN_PER_JOURNEY,1289.926125,True
2026-03-01,Bauchi,TRANSPORT_BUS_INTRACITY_NGN_PER_JOURNEY,1413.1364394241798,True
2026-03-01,Bayelsa,TRANSPORT_BUS_INTRACITY_NGN_PER_JOURNEY,1273.7551,True
2026-03-01,Benue,TRANSPORT_BUS_INTRACITY_NGN_PER_JOURNEY,1573.8280192109569,True
2026-03-01,Borno,TRANSPORT_BUS_INTRACITY_NGN_PER_JOURNEY,1499.78672901046,True
2026-03-01,Cross River,TRANSPORT_BUS_INTRACITY_NGN_PER_JOURNEY,1474.20366175533,True
2026-03-01,Delta,TRANSPORT_BUS_INTRACITY_NGN_PER_JOURNEY,1480.32072737649,True
2026-03-01,Ebonyi,TRANSPORT_BUS_INTRACITY_NGN_PER_JOURNEY,1362.0481337466,True
2026-03-01,Edo,TRANSPORT_BUS_INTRACITY_NGN_PER_JOURNEY,1398.74767853211,True
2026-03-01,Ekiti,TRANSPORT_BUS_INTRACITY_NGN_PER_JOURNEY,1353.73451172662,True
2026-03-01,Enugu,TRANSPORT_BUS_INTRACITY_NGN_PER_JOURNEY,1561.1163833112078,True
2026-03-01,Gombe,TRANSPORT_BUS_INTRACITY_NGN_PER_JOURNEY,1312.89545292909,True
2026-03-01,Imo,TRANSPORT_BUS_INTRACITY_NGN_PER_JOURNEY,1390.02789512223,True
2026-03-01,Jigawa,TRANSPORT_BUS_INTRACITY_NGN_PER_JOURNEY,1208.3887777190955,True
2026-03-01,Kaduna,TRANSPORT_BUS_INTRACITY_NGN_PER_JOURNEY,1467.1440000000002,True
2026-03-01,Kano,TRANSPORT_BUS_INTRACITY_NGN_PER_JOURNEY,1046.31441188803,True
2026-03-01,Katsina,TRANSPORT_BUS_INTRACITY_NGN_PER_JOURNEY,1398.1538953059014,True
2026-03-01,Kebbi,TRANSPORT_BUS_INTRACITY_NGN_PER_JOURNEY,1281.0814077514,True
2026-03-01,Kogi,TRANSPORT_BUS_INTRACITY_NGN_PER_JOURNEY,1326.66227909052,True
2026-03-01,Kwara,TRANSPORT_BUS_INTRACITY_NGN_PER_JOURNEY,1474.95746135559,True
2026-03-01,Lagos,TRANSPORT_BUS_INTRACITY_NGN_PER_JOURNEY,1694.47260379457,True
2026-03-01,Nasarawa,TRANSPORT_BUS_INTRACITY_NGN_PER_JOURNEY,1484.3033859534,True
2026-03-01,Niger,TRANSPORT_BUS_INTRACITY_NGN_PER_JOURNEY,1313.06534984427,True
2026-03-01,Ogun,TRANSPORT_BUS_INTRACITY_NGN_PER_JOURNEY,1489.56370700726,True
2026-03-01,Ondo,TRANSPORT_BUS_INTRACITY_NGN_PER_JOURNEY,1491.82895,True
2026-03-01,Osun,TRANSPORT_BUS_INTRACITY_NGN_PER_JOURNEY,1594.4481432384234,True
2026-03-01,Oyo,TRANSPORT_BUS_INTRACITY_NGN_PER_JOURNEY,1375.170353281516,True
2026-03-01,Plateau,TRANSPORT_BUS_INTRACITY_NGN_PER_JOURNEY,1301.87639468248,True
2026-03-01,Rivers,TRANSPORT_BUS_INTRACITY_NGN_PER_JOURNEY,1088.28292157445,True
2026-03-01,Sokoto,TRANSPORT_BUS_INTRACITY_NGN_PER_JOURNEY,1117.6198845165,True
2026-03-01,Taraba,TRANSPORT_BUS_INTRACITY_NGN_PER_JOURNEY,1678.20878226828,True
2026-03-01,Yobe,TRANSPORT_BUS_INTRACITY_NGN_PER_JOURNEY,1391.8475438803575,True
2026-03-01,Zamfara,TRANSPORT_BUS_INTRACITY_NGN_PER_JOURNEY,1721.7745986648602,True
2026-04-01,Abia,TRANSPORT_BUS_INTRACITY_NGN_PER_JOURNEY,850.9771314267,True
2026-04-01,Abuja,TRANSPORT_BUS_INTRACITY_NGN_PER_JOURNEY,1380.0,True
2026-04-01,Adamawa,TRANSPORT_BUS_INTRACITY_NGN_PER_JOURNEY,911.653410016,True
2026-04-01,Akwa Ibom,TRANSPORT_BUS_INTRACITY_NGN_PER_JOURNEY,1380.11996781,True
2026-04-01,Anambra,TRANSPORT_BUS_INTRACITY_NGN_PER_JOURNEY,1290.6125,True
2026-04-01,Bauchi,TRANSPORT_BUS_INTRACITY_NGN_PER_JOURNEY,1413.942418,True
2026-04-01,Bayelsa,TRANSPORT_BUS_INTRACITY_NGN_PER_JOURNEY,1273.96551,True
2026-04-01,Benue,TRANSPORT_BUS_INTRACITY_NGN_PER_JOURNEY,1578.921096,True
2026-04-01,Borno,TRANSPORT_BUS_INTRACITY_NGN_PER_JOURNEY,1500.2901046,True
2026-04-01,Cross River,TRANSPORT_BUS_INTRACITY_NGN_PER_JOURNEY,1524.20366175533,True
2026-04-01,Delta,TRANSPORT_BUS_INTRACITY_NGN_PER_JOURNEY,1485.737649,True
2026-04-01,Ebonyi,TRANSPORT_BUS_INTRACITY_NGN_PER_JOURNEY,1375.81337466,True
2026-04-01,Edo,TRANSPORT_BUS_INTRACITY_NGN_PER_JOURNEY,1400.56234767853,True
2026-04-01,Ekiti,TRANSPORT_BUS_INTRACITY_NGN_PER_JOURNEY,1367.451172662,True
2026-04-01,Enugu,TRANSPORT_BUS_INTRACITY_NGN_PER_JOURNEY,1565.638331121,True
2026-04-01,Gombe,TRANSPORT_BUS_INTRACITY_NGN_PER_JOURNEY,1350.89545292909,True
2026-04-01,Imo,TRANSPORT_BUS_INTRACITY_NGN_PER_JOURNEY,1390.789512223,True
2026-04-01,Jigawa,TRANSPORT_BUS_INTRACITY_NGN_PER_JOURNEY,1256.4887777191,True
2026-04-01,Kaduna,TRANSPORT_BUS_INTRACITY_NGN_PER_JOURNEY,1527.94991988088,True
2026-04-01,Kano,TRANSPORT_BUS_INTRACITY_NGN_PER_JOURNEY,1048.88441188803,True
2026-04-01,Katsina,TRANSPORT_BUS_INTRACITY_NGN_PER_JOURNEY,1448.38953059,True
2026-04-01,Kebbi,TRANSPORT_BUS_INTRACITY_NGN_PER_JOURNEY,1295.92376140775,True
2026-04-01,Kogi,TRANSPORT_BUS_INTRACITY_NGN_PER_JOURNEY,1326.93227909052,True
2026-04-01,Kwara,TRANSPORT_BUS_INTRACITY_NGN_PER_JOURNEY,1490.746135559,True
2026-04-01,Lagos,TRANSPORT_BUS_INTRACITY_NGN_PER_JOURNEY,1704.03410726037,True
2026-04-01,Nasarawa,TRANSPORT_BUS_INTRACITY_NGN_PER_JOURNEY,1502.1133859534,True
2026-04-01,Niger,TRANSPORT_BUS_INTRACITY_NGN_PER_JOURNEY,1368.64984427,True
2026-04-01,Ogun,TRANSPORT_BUS_INTRACITY_NGN_PER_JOURNEY,1582.370700726,True
2026-04-01,Ondo,TRANSPORT_BUS_INTRACITY_NGN_PER_JOURNEY,1500.082895,True
2026-04-01,Osun,TRANSPORT_BUS_INTRACITY_NGN_PER_JOURNEY,1600.48034814323,True
2026-04-01,Oyo,TRANSPORT_BUS_INTRACITY_NGN_PER_JOURNEY,1396.35328152,True
2026-04-01,Plateau,TRANSPORT_BUS_INTRACITY_NGN_PER_JOURNEY,1397.22876394682,True
2026-04-01,Rivers,TRANSPORT_BUS_INTRACITY_NGN_PER_JOURNEY,1122.92157445,True
2026-04-01,Sokoto,TRANSPORT_BUS_INTRACITY_NGN_PER_JOURNEY,1175.98845165,True
2026-04-01,Taraba,TRANSPORT_BUS_INTRACITY_NGN_PER_JOURNEY,1703.878226828,True
2026-04-01,Yobe,TRANSPORT_BUS_INTRACITY_NGN_PER_JOURNEY,1404.94475438803,True
2026-04-01,Zamfara,TRANSPORT_BUS_INTRACITY_NGN_PER_JOURNEY,1803.10237745986,True
2026-05-01,Abia,TRANSPORT_BUS_INTRACITY_NGN_PER_JOURNEY,890.04794993408,False
2026-05-01,Abuja,TRANSPORT_BUS_INTRACITY_NGN_PER_JOURNEY,1409.81363545014,False
2026-05-01,Adamawa,TRANSPORT_BUS_INTRACITY_NGN_PER_JOURNEY,918.4719694,False
2026-05-01,Akwa Ibom,TRANSPORT_BUS_INTRACITY_NGN_PER_JOURNEY,1396.93983957197,False
2026-05-01,Anambra,TRANSPORT_BUS_INTRACITY_NGN_PER_JOURNEY,1321.1197706875,False
2026-05-01,Bauchi,TRANSPORT_BUS_INTRACITY_NGN_PER_JOURNEY,1463.24325572743,False
2026-05-01,Bayelsa,TRANSPORT_BUS_INTRACITY_NGN_PER_JOURNEY,1302.33356966667,False
2026-05-01,Benue,TRANSPORT_BUS_INTRACITY_NGN_PER_JOURNEY,1591.54270193968,False
2026-05-01,Borno,TRANSPORT_BUS_INTRACITY_NGN_PER_JOURNEY,1510.83558670737,False
2026-05-01,Cross River,TRANSPORT_BUS_INTRACITY_NGN_PER_JOURNEY,1587.10699972237,False
2026-05-01,Delta,TRANSPORT_BUS_INTRACITY_NGN_PER_JOURNEY,1523.79536006117,False
2026-05-01,Ebonyi,TRANSPORT_BUS_INTRACITY_NGN_PER_JOURNEY,1389.21066822905,False
2026-05-01,Edo,TRANSPORT_BUS_INTRACITY_NGN_PER_JOURNEY,1410.67042046331,False
2026-05-01,Ekiti,TRANSPORT_BUS_INTRACITY_NGN_PER_JOURNEY,1379.38682118672,False
2026-05-01,Enugu,TRANSPORT_BUS_INTRACITY_NGN_PER_JOURNEY,1664.09410384772,False
2026-05-01,Gombe,TRANSPORT_BUS_INTRACITY_NGN_PER_JOURNEY,1384.2284044571,False
2026-05-01,Imo,TRANSPORT_BUS_INTRACITY_NGN_PER_JOURNEY,1407.33413045458,False
2026-05-01,Jigawa,TRANSPORT_BUS_INTRACITY_NGN_PER_JOURNEY,1264.61004237232,False
2026-05-01,Kaduna,TRANSPORT_BUS_INTRACITY_NGN_PER_JOURNEY,1576.04003353952,False
2026-05-01,Kano,TRANSPORT_BUS_INTRACITY_NGN_PER_JOURNEY,1066.00259848854,False
2026-05-01,Katsina,TRANSPORT_BUS_INTRACITY_NGN_PER_JOURNEY,1466.75794047405,False
2026-05-01,Kebbi,TRANSPORT_BUS_INTRACITY_NGN_PER_JOURNEY,1304.24955583383,False
2026-05-01,Kogi,TRANSPORT_BUS_INTRACITY_NGN_PER_JOURNEY,1340.77708748919,False
2026-05-01,Kwara,TRANSPORT_BUS_INTRACITY_NGN_PER_JOURNEY,1509.53766519831,False
2026-05-01,Lagos,TRANSPORT_BUS_INTRACITY_NGN_PER_JOURNEY,1741.42578638561,False
2026-05-01,Nasarawa,TRANSPORT_BUS_INTRACITY_NGN_PER_JOURNEY,1513.81369757975,False
2026-05-01,Niger,TRANSPORT_BUS_INTRACITY_NGN_PER_JOURNEY,1389.19000589371,False
2026-05-01,Ogun,TRANSPORT_BUS_INTRACITY_NGN_PER_JOURNEY,1597.82920765053,False
2026-05-01,Ondo,TRANSPORT_BUS_INTRACITY_NGN_PER_JOURNEY,1570.40145662901,False
2026-05-01,Osun,TRANSPORT_BUS_INTRACITY_NGN_PER_JOURNEY,1651.78160235433,False
2026-05-01,Oyo,TRANSPORT_BUS_INTRACITY_NGN_PER_JOURNEY,1445.04868368712,False
2026-05-01,Plateau,TRANSPORT_BUS_INTRACITY_NGN_PER_JOURNEY,1466.31137503846,False
2026-05-01,Rivers,TRANSPORT_BUS_INTRACITY_NGN_PER_JOURNEY,1187.77718297745,False
2026-05-01,Sokoto,TRANSPORT_BUS_INTRACITY_NGN_PER_JOURNEY,1195.6562232751,False
2026-05-01,Taraba,TRANSPORT_BUS_INTRACITY_NGN_PER_JOURNEY,1771.95542230446,False
2026-05-01,Yobe,TRANSPORT_BUS_INTRACITY_NGN_PER_JOURNEY,1468.12177090337,False
2026-05-01,Zamfara,TRANSPORT_BUS_INTRACITY_NGN_PER_JOURNEY,1878.80187629228,False
2025-01-01,Abia,TRANSPORT_OKADA_NGN_PER_JOURNEY,509.49204,False
2025-01-01,Abuja,TRANSPORT_OKADA_NGN_PER_JOURNEY,680.0,False
2025-01-01,Adamawa,TRANSPORT_OKADA_NGN_PER_JOURNEY,500.0,False
2025-01-01,Akwa Ibom,TRANSPORT_OKADA_NGN_PER_JOURNEY,450.0,False
2025-01-01,Anambra,TRANSPORT_OKADA_NGN_PER_JOURNEY,350.0,False
2025-01-01,Bauchi,TRANSPORT_OKADA_NGN_PER_JOURNEY,450.0,False
2025-01-01,Bayelsa,TRANSPORT_OKADA_NGN_PER_JOURNEY,450.0,False
2025-01-01,Benue,TRANSPORT_OKADA_NGN_PER_JOURNEY,600.0,False
2025-01-01,Borno,TRANSPORT_OKADA_NGN_PER_JOURNEY,530.0,False
2025-01-01,Cross River,TRANSPORT_OKADA_NGN_PER_JOURNEY,680.0,False
2025-01-01,Delta,TRANSPORT_OKADA_NGN_PER_JOURNEY,666.6666666666666,False
2025-01-01,Ebonyi,TRANSPORT_OKADA_NGN_PER_JOURNEY,533.3333333333334,False
2025-01-01,Edo,TRANSPORT_OKADA_NGN_PER_JOURNEY,483.333333333333,False
2025-01-01,Ekiti,TRANSPORT_OKADA_NGN_PER_JOURNEY,430.0,False
2025-01-01,Enugu,TRANSPORT_OKADA_NGN_PER_JOURNEY,500.66666666667,False
2025-01-01,Gombe,TRANSPORT_OKADA_NGN_PER_JOURNEY,600.0,False
2025-01-01,Imo,TRANSPORT_OKADA_NGN_PER_JOURNEY,750.0,False
2025-01-01,Jigawa,TRANSPORT_OKADA_NGN_PER_JOURNEY,520.0,False
2025-01-01,Kaduna,TRANSPORT_OKADA_NGN_PER_JOURNEY,650.0,False
2025-01-01,Kano,TRANSPORT_OKADA_NGN_PER_JOURNEY,650.0,False
2025-01-01,Katsina,TRANSPORT_OKADA_NGN_PER_JOURNEY,436.444444444444,False
2025-01-01,Kebbi,TRANSPORT_OKADA_NGN_PER_JOURNEY,540.0,False
2025-01-01,Kogi,TRANSPORT_OKADA_NGN_PER_JOURNEY,580.0,False
2025-01-01,Kwara,TRANSPORT_OKADA_NGN_PER_JOURNEY,550.0,False
2025-01-01,Lagos,TRANSPORT_OKADA_NGN_PER_JOURNEY,950.0,False
2025-01-01,Nasarawa,TRANSPORT_OKADA_NGN_PER_JOURNEY,570.0,False
2025-01-01,Niger,TRANSPORT_OKADA_NGN_PER_JOURNEY,545.2245358000001,False
2025-01-01,Ogun,TRANSPORT_OKADA_NGN_PER_JOURNEY,586.666666666667,False
2025-01-01,Ondo,TRANSPORT_OKADA_NGN_PER_JOURNEY,820.0,False
2025-01-01,Osun,TRANSPORT_OKADA_NGN_PER_JOURNEY,525.0,False
2025-01-01,Oyo,TRANSPORT_OKADA_NGN_PER_JOURNEY,645.0,False
2025-01-01,Plateau,TRANSPORT_OKADA_NGN_PER_JOURNEY,570.857698333333,False
2025-01-01,Rivers,TRANSPORT_OKADA_NGN_PER_JOURNEY,708.333333333333,False
2025-01-01,Sokoto,TRANSPORT_OKADA_NGN_PER_JOURNEY,475.0,False
2025-01-01,Taraba,TRANSPORT_OKADA_NGN_PER_JOURNEY,770.0,False
2025-01-01,Yobe,TRANSPORT_OKADA_NGN_PER_JOURNEY,736.25,False
2025-01-01,Zamfara,TRANSPORT_OKADA_NGN_PER_JOURNEY,523.75,False
2025-02-01,Abia,TRANSPORT_OKADA_NGN_PER_JOURNEY,530.5869605,True
2025-02-01,Abuja,TRANSPORT_OKADA_NGN_PER_JOURNEY,640.0,True
2025-02-01,Adamawa,TRANSPORT_OKADA_NGN_PER_JOURNEY,550.0,True
2025-02-01,Akwa Ibom,TRANSPORT_OKADA_NGN_PER_JOURNEY,480.0,True
2025-02-01,Anambra,TRANSPORT_OKADA_NGN_PER_JOURNEY,380.0,True
2025-02-01,Bauchi,TRANSPORT_OKADA_NGN_PER_JOURNEY,500.0,True
2025-02-01,Bayelsa,TRANSPORT_OKADA_NGN_PER_JOURNEY,500.0,True
2025-02-01,Benue,TRANSPORT_OKADA_NGN_PER_JOURNEY,650.0,True
2025-02-01,Borno,TRANSPORT_OKADA_NGN_PER_JOURNEY,550.0,True
2025-02-01,Cross River,TRANSPORT_OKADA_NGN_PER_JOURNEY,700.0,True
2025-02-01,Delta,TRANSPORT_OKADA_NGN_PER_JOURNEY,680.0,True
2025-02-01,Ebonyi,TRANSPORT_OKADA_NGN_PER_JOURNEY,580.0,True
2025-02-01,Edo,TRANSPORT_OKADA_NGN_PER_JOURNEY,490.0,True
2025-02-01,Ekiti,TRANSPORT_OKADA_NGN_PER_JOURNEY,450.0,True
2025-02-01,Enugu,TRANSPORT_OKADA_NGN_PER_JOURNEY,550.0,True
2025-02-01,Gombe,TRANSPORT_OKADA_NGN_PER_JOURNEY,650.0,True
2025-02-01,Imo,TRANSPORT_OKADA_NGN_PER_JOURNEY,765.0,True
2025-02-01,Jigawa,TRANSPORT_OKADA_NGN_PER_JOURNEY,550.0,True
2025-02-01,Kaduna,TRANSPORT_OKADA_NGN_PER_JOURNEY,650.0,True
2025-02-01,Kano,TRANSPORT_OKADA_NGN_PER_JOURNEY,680.0,True
2025-02-01,Katsina,TRANSPORT_OKADA_NGN_PER_JOURNEY,466.666666666667,True
2025-02-01,Kebbi,TRANSPORT_OKADA_NGN_PER_JOURNEY,550.0,True
2025-02-01,Kogi,TRANSPORT_OKADA_NGN_PER_JOURNEY,600.0,True
2025-02-01,Kwara,TRANSPORT_OKADA_NGN_PER_JOURNEY,580.0,True
2025-02-01,Lagos,TRANSPORT_OKADA_NGN_PER_JOURNEY,980.0,True
2025-02-01,Nasarawa,TRANSPORT_OKADA_NGN_PER_JOURNEY,600.690795,True
2025-02-01,Niger,TRANSPORT_OKADA_NGN_PER_JOURNEY,568.6580280000001,True
2025-02-01,Ogun,TRANSPORT_OKADA_NGN_PER_JOURNEY,545.0,True
2025-02-01,Ondo,TRANSPORT_OKADA_NGN_PER_JOURNEY,837.1428571,True
2025-02-01,Osun,TRANSPORT_OKADA_NGN_PER_JOURNEY,550.0,True
2025-02-01,Oyo,TRANSPORT_OKADA_NGN_PER_JOURNEY,655.0,True
2025-02-01,Plateau,TRANSPORT_OKADA_NGN_PER_JOURNEY,600.143698333333,True
2025-02-01,Rivers,TRANSPORT_OKADA_NGN_PER_JOURNEY,716.666666666667,True
2025-02-01,Sokoto,TRANSPORT_OKADA_NGN_PER_JOURNEY,400.0,True
2025-02-01,Taraba,TRANSPORT_OKADA_NGN_PER_JOURNEY,775.0,True
2025-02-01,Yobe,TRANSPORT_OKADA_NGN_PER_JOURNEY,746.25,True
2025-02-01,Zamfara,TRANSPORT_OKADA_NGN_PER_JOURNEY,537.5,True
2025-03-01,Abia,TRANSPORT_OKADA_NGN_PER_JOURNEY,550.0,True
2025-03-01,Abuja,TRANSPORT_OKADA_NGN_PER_JOURNEY,778.304,True
2025-03-01,Adamawa,TRANSPORT_OKADA_NGN_PER_JOURNEY,500.0,True
2025-03-01,Akwa Ibom,TRANSPORT_OKADA_NGN_PER_JOURNEY,550.0,True
2025-03-01,Anambra,TRANSPORT_OKADA_NGN_PER_JOURNEY,430.0,True
2025-03-01,Bauchi,TRANSPORT_OKADA_NGN_PER_JOURNEY,550.0,True
2025-03-01,Bayelsa,TRANSPORT_OKADA_NGN_PER_JOURNEY,550.0,True
2025-03-01,Benue,TRANSPORT_OKADA_NGN_PER_JOURNEY,680.0,True
2025-03-01,Borno,TRANSPORT_OKADA_NGN_PER_JOURNEY,600.0,True
2025-03-01,Cross River,TRANSPORT_OKADA_NGN_PER_JOURNEY,730.0,True
2025-03-01,Delta,TRANSPORT_OKADA_NGN_PER_JOURNEY,729.66,True
2025-03-01,Ebonyi,TRANSPORT_OKADA_NGN_PER_JOURNEY,648.5866666666666,True
2025-03-01,Edo,TRANSPORT_OKADA_NGN_PER_JOURNEY,534.792222222222,True
2025-03-01,Ekiti,TRANSPORT_OKADA_NGN_PER_JOURNEY,460.0,True
2025-03-01,Enugu,TRANSPORT_OKADA_NGN_PER_JOURNEY,600.0,True
2025-03-01,Gombe,TRANSPORT_OKADA_NGN_PER_JOURNEY,660.045714285714,True
2025-03-01,Imo,TRANSPORT_OKADA_NGN_PER_JOURNEY,800.0,True
2025-03-01,Jigawa,TRANSPORT_OKADA_NGN_PER_JOURNEY,580.245,True
2025-03-01,Kaduna,TRANSPORT_OKADA_NGN_PER_JOURNEY,700.0,True
2025-03-01,Kano,TRANSPORT_OKADA_NGN_PER_JOURNEY,700.0,True
2025-03-01,Katsina,TRANSPORT_OKADA_NGN_PER_JOURNEY,500.0,True
2025-03-01,Kebbi,TRANSPORT_OKADA_NGN_PER_JOURNEY,580.0,True
2025-03-01,Kogi,TRANSPORT_OKADA_NGN_PER_JOURNEY,650.0,True
2025-03-01,Kwara,TRANSPORT_OKADA_NGN_PER_JOURNEY,600.0,True
2025-03-01,Lagos,TRANSPORT_OKADA_NGN_PER_JOURNEY,1000.0,True
2025-03-01,Nasarawa,TRANSPORT_OKADA_NGN_PER_JOURNEY,650.0,True
2025-03-01,Niger,TRANSPORT_OKADA_NGN_PER_JOURNEY,590.2680280000002,True
2025-03-01,Ogun,TRANSPORT_OKADA_NGN_PER_JOURNEY,649.801666666667,True
2025-03-01,Ondo,TRANSPORT_OKADA_NGN_PER_JOURNEY,847.1428571,True
2025-03-01,Osun,TRANSPORT_OKADA_NGN_PER_JOURNEY,636.44,True
2025-03-01,Oyo,TRANSPORT_OKADA_NGN_PER_JOURNEY,656.8425,True
2025-03-01,Plateau,TRANSPORT_OKADA_NGN_PER_JOURNEY,638.267751543167,True
2025-03-01,Rivers,TRANSPORT_OKADA_NGN_PER_JOURNEY,726.878333333333,True
2025-03-01,Sokoto,TRANSPORT_OKADA_NGN_PER_JOURNEY,480.0,True
2025-03-01,Taraba,TRANSPORT_OKADA_NGN_PER_JOURNEY,780.0,True
2025-03-01,Yobe,TRANSPORT_OKADA_NGN_PER_JOURNEY,755.148,True
2025-03-01,Zamfara,TRANSPORT_OKADA_NGN_PER_JOURNEY,540.43375,True
2025-04-01,Abia,TRANSPORT_OKADA_NGN_PER_JOURNEY,671.8168099601498,True
2025-04-01,Abuja,TRANSPORT_OKADA_NGN_PER_JOURNEY,707.6266666666667,True
2025-04-01,Adamawa,TRANSPORT_OKADA_NGN_PER_JOURNEY,550.0,True
2025-04-01,Akwa Ibom,TRANSPORT_OKADA_NGN_PER_JOURNEY,580.0,True
2025-04-01,Anambra,TRANSPORT_OKADA_NGN_PER_JOURNEY,500.0,True
2025-04-01,Bauchi,TRANSPORT_OKADA_NGN_PER_JOURNEY,585.11625,True
2025-04-01,Bayelsa,TRANSPORT_OKADA_NGN_PER_JOURNEY,557.5,True
2025-04-01,Benue,TRANSPORT_OKADA_NGN_PER_JOURNEY,700.76,True
2025-04-01,Borno,TRANSPORT_OKADA_NGN_PER_JOURNEY,630.0,True
2025-04-01,Cross River,TRANSPORT_OKADA_NGN_PER_JOURNEY,735.0,True
2025-04-01,Delta,TRANSPORT_OKADA_NGN_PER_JOURNEY,725.2116666666667,True
2025-04-01,Ebonyi,TRANSPORT_OKADA_NGN_PER_JOURNEY,660.3858,True
2025-04-01,Edo,TRANSPORT_OKADA_NGN_PER_JOURNEY,550.0,True
2025-04-01,Ekiti,TRANSPORT_OKADA_NGN_PER_JOURNEY,488.75,True
2025-04-01,Enugu,TRANSPORT_OKADA_NGN_PER_JOURNEY,630.0,True
2025-04-01,Gombe,TRANSPORT_OKADA_NGN_PER_JOURNEY,688.898,True
2025-04-01,Imo,TRANSPORT_OKADA_NGN_PER_JOURNEY,850.0,True
2025-04-01,Jigawa,TRANSPORT_OKADA_NGN_PER_JOURNEY,590.1817,True
2025-04-01,Kaduna,TRANSPORT_OKADA_NGN_PER_JOURNEY,753.5456,True
2025-04-01,Kano,TRANSPORT_OKADA_NGN_PER_JOURNEY,730.0,True
2025-04-01,Katsina,TRANSPORT_OKADA_NGN_PER_JOURNEY,550.0,True
2025-04-01,Kebbi,TRANSPORT_OKADA_NGN_PER_JOURNEY,598.401125,True
2025-04-01,Kogi,TRANSPORT_OKADA_NGN_PER_JOURNEY,680.0,True
2025-04-01,Kwara,TRANSPORT_OKADA_NGN_PER_JOURNEY,650.066134185,True
2025-04-01,Lagos,TRANSPORT_OKADA_NGN_PER_JOURNEY,1050.0,True
2025-04-01,Nasarawa,TRANSPORT_OKADA_NGN_PER_JOURNEY,688.9214011824,True
2025-04-01,Niger,TRANSPORT_OKADA_NGN_PER_JOURNEY,595.8035913750001,True
2025-04-01,Ogun,TRANSPORT_OKADA_NGN_PER_JOURNEY,676.0,True
2025-04-01,Ondo,TRANSPORT_OKADA_NGN_PER_JOURNEY,850.666666666667,True
2025-04-01,Osun,TRANSPORT_OKADA_NGN_PER_JOURNEY,649.764444444444,True
2025-04-01,Oyo,TRANSPORT_OKADA_NGN_PER_JOURNEY,676.285,True
2025-04-01,Plateau,TRANSPORT_OKADA_NGN_PER_JOURNEY,654.2244453317462,True
2025-04-01,Rivers,TRANSPORT_OKADA_NGN_PER_JOURNEY,736.181666666667,True
2025-04-01,Sokoto,TRANSPORT_OKADA_NGN_PER_JOURNEY,500.0,True
2025-04-01,Taraba,TRANSPORT_OKADA_NGN_PER_JOURNEY,762.0930000000001,True
2025-04-01,Yobe,TRANSPORT_OKADA_NGN_PER_JOURNEY,780.0,True
2025-04-01,Zamfara,TRANSPORT_OKADA_NGN_PER_JOURNEY,550.0,True
2025-05-01,Abia,TRANSPORT_OKADA_NGN_PER_JOURNEY,672.228168099601,True
2025-05-01,Abuja,TRANSPORT_OKADA_NGN_PER_JOURNEY,761.0701333333333,True
2025-05-01,Adamawa,TRANSPORT_OKADA_NGN_PER_JOURNEY,560.070133333333,True
2025-05-01,Akwa Ibom,TRANSPORT_OKADA_NGN_PER_JOURNEY,640.25,True
2025-05-01,Anambra,TRANSPORT_OKADA_NGN_PER_JOURNEY,528.42654,True
2025-05-01,Bauchi,TRANSPORT_OKADA_NGN_PER_JOURNEY,595.92555,True
2025-05-01,Bayelsa,TRANSPORT_OKADA_NGN_PER_JOURNEY,600.0,True
2025-05-01,Benue,TRANSPORT_OKADA_NGN_PER_JOURNEY,706.1,True
2025-05-01,Borno,TRANSPORT_OKADA_NGN_PER_JOURNEY,650.0,True
2025-05-01,Cross River,TRANSPORT_OKADA_NGN_PER_JOURNEY,763.0,True
2025-05-01,Delta,TRANSPORT_OKADA_NGN_PER_JOURNEY,740.0,True
2025-05-01,Ebonyi,TRANSPORT_OKADA_NGN_PER_JOURNEY,675.895266666667,True
2025-05-01,Edo,TRANSPORT_OKADA_NGN_PER_JOURNEY,575.195266666667,True
2025-05-01,Ekiti,TRANSPORT_OKADA_NGN_PER_JOURNEY,495.195266666667,True
2025-05-01,Enugu,TRANSPORT_OKADA_NGN_PER_JOURNEY,672.55738666667,True
2025-05-01,Gombe,TRANSPORT_OKADA_NGN_PER_JOURNEY,694.40984,True
2025-05-01,Imo,TRANSPORT_OKADA_NGN_PER_JOURNEY,870.24266285714,True
2025-05-01,Jigawa,TRANSPORT_OKADA_NGN_PER_JOURNEY,598.076236,True
2025-05-01,Kaduna,TRANSPORT_OKADA_NGN_PER_JOURNEY,801.029248,True
2025-05-01,Kano,TRANSPORT_OKADA_NGN_PER_JOURNEY,786.507692307692,True
2025-05-01,Katsina,TRANSPORT_OKADA_NGN_PER_JOURNEY,636.5639285425,True
2025-05-01,Kebbi,TRANSPORT_OKADA_NGN_PER_JOURNEY,636.5639285425,True
2025-05-01,Kogi,TRANSPORT_OKADA_NGN_PER_JOURNEY,698.5639285425,True
2025-05-01,Kwara,TRANSPORT_OKADA_NGN_PER_JOURNEY,698.5639285425,True
2025-05-01,Lagos,TRANSPORT_OKADA_NGN_PER_JOURNEY,1070.608,True
2025-05-01,Nasarawa,TRANSPORT_OKADA_NGN_PER_JOURNEY,700.608,True
2025-05-01,Niger,TRANSPORT_OKADA_NGN_PER_JOURNEY,650.608,True
2025-05-01,Ogun,TRANSPORT_OKADA_NGN_PER_JOURNEY,1138.05,True
2025-05-01,Ondo,TRANSPORT_OKADA_NGN_PER_JOURNEY,878.05,True
2025-05-01,Osun,TRANSPORT_OKADA_NGN_PER_JOURNEY,678.05,True
2025-05-01,Oyo,TRANSPORT_OKADA_NGN_PER_JOURNEY,678.05,True
2025-05-01,Plateau,TRANSPORT_OKADA_NGN_PER_JOURNEY,678.05,True
2025-05-01,Rivers,TRANSPORT_OKADA_NGN_PER_JOURNEY,778.05,True
2025-05-01,Sokoto,TRANSPORT_OKADA_NGN_PER_JOURNEY,546.0,True
2025-05-01,Taraba,TRANSPORT_OKADA_NGN_PER_JOURNEY,788.77439,True
2025-05-01,Yobe,TRANSPORT_OKADA_NGN_PER_JOURNEY,800.77439,True
2025-05-01,Zamfara,TRANSPORT_OKADA_NGN_PER_JOURNEY,588.77439,True
2025-06-01,Abia,TRANSPORT_OKADA_NGN_PER_JOURNEY,675.967134284896,True
2025-06-01,Abuja,TRANSPORT_OKADA_NGN_PER_JOURNEY,769.957013333333,True
2025-06-01,Adamawa,TRANSPORT_OKADA_NGN_PER_JOURNEY,560.070133333333,True
2025-06-01,Akwa Ibom,TRANSPORT_OKADA_NGN_PER_JOURNEY,648.5369025,True
2025-06-01,Anambra,TRANSPORT_OKADA_NGN_PER_JOURNEY,530.58559638854,True
2025-06-01,Bauchi,TRANSPORT_OKADA_NGN_PER_JOURNEY,600.22410870055,True
2025-06-01,Bayelsa,TRANSPORT_OKADA_NGN_PER_JOURNEY,605.1236,True
2025-06-01,Benue,TRANSPORT_OKADA_NGN_PER_JOURNEY,710.61,True
2025-06-01,Borno,TRANSPORT_OKADA_NGN_PER_JOURNEY,650.0,True
2025-06-01,Cross River,TRANSPORT_OKADA_NGN_PER_JOURNEY,753.42728,True
2025-06-01,Delta,TRANSPORT_OKADA_NGN_PER_JOURNEY,750.0,True
2025-06-01,Ebonyi,TRANSPORT_OKADA_NGN_PER_JOURNEY,670.895266666667,True
2025-06-01,Edo,TRANSPORT_OKADA_NGN_PER_JOURNEY,575.395266666667,True
2025-06-01,Ekiti,TRANSPORT_OKADA_NGN_PER_JOURNEY,495.501952666666,True
2025-06-01,Enugu,TRANSPORT_OKADA_NGN_PER_JOURNEY,674.255738666667,True
2025-06-01,Gombe,TRANSPORT_OKADA_NGN_PER_JOURNEY,695.1736908240001,True
2025-06-01,Imo,TRANSPORT_OKADA_NGN_PER_JOURNEY,870.26266285714,True
2025-06-01,Jigawa,TRANSPORT_OKADA_NGN_PER_JOURNEY,600.69225452308,True
2025-06-01,Kaduna,TRANSPORT_OKADA_NGN_PER_JOURNEY,800.191055908096,True
2025-06-01,Kano,TRANSPORT_OKADA_NGN_PER_JOURNEY,750.589489107692,True
2025-06-01,Katsina,TRANSPORT_OKADA_NGN_PER_JOURNEY,640.225955028184,True
2025-06-01,Kebbi,TRANSPORT_OKADA_NGN_PER_JOURNEY,640.257783224611,True
2025-06-01,Kogi,TRANSPORT_OKADA_NGN_PER_JOURNEY,700.75639285425,True
2025-06-01,Kwara,TRANSPORT_OKADA_NGN_PER_JOURNEY,698.65639285425,True
2025-06-01,Lagos,TRANSPORT_OKADA_NGN_PER_JOURNEY,1078.0,True
2025-06-01,Nasarawa,TRANSPORT_OKADA_NGN_PER_JOURNEY,700.888,True
2025-06-01,Niger,TRANSPORT_OKADA_NGN_PER_JOURNEY,660.8808,True
2025-06-01,Ogun,TRANSPORT_OKADA_NGN_PER_JOURNEY,1145.0,True
2025-06-01,Ondo,TRANSPORT_OKADA_NGN_PER_JOURNEY,880.48905,True
2025-06-01,Osun,TRANSPORT_OKADA_NGN_PER_JOURNEY,699.0695499999999,True
2025-06-01,Oyo,TRANSPORT_OKADA_NGN_PER_JOURNEY,680.932455,True
2025-06-01,Plateau,TRANSPORT_OKADA_NGN_PER_JOURNEY,680.95,True
2025-06-01,Rivers,TRANSPORT_OKADA_NGN_PER_JOURNEY,780.464405,True
2025-06-01,Sokoto,TRANSPORT_OKADA_NGN_PER_JOURNEY,560.066066,True
2025-06-01,Taraba,TRANSPORT_OKADA_NGN_PER_JOURNEY,789.9400326219,True
2025-06-01,Yobe,TRANSPORT_OKADA_NGN_PER_JOURNEY,820.471504019,True
2025-06-01,Zamfara,TRANSPORT_OKADA_NGN_PER_JOURNEY,600.7857765219,True
2025-07-01,Abia,TRANSPORT_OKADA_NGN_PER_JOURNEY,680.797914188723,True
2025-07-01,Abuja,TRANSPORT_OKADA_NGN_PER_JOURNEY,770.109570133333,True
2025-07-01,Adamawa,TRANSPORT_OKADA_NGN_PER_JOURNEY,580.467783128,True
2025-07-01,Akwa Ibom,TRANSPORT_OKADA_NGN_PER_JOURNEY,646.5369025,True
2025-07-01,Anambra,TRANSPORT_OKADA_NGN_PER_JOURNEY,534.0,True
2025-07-01,Bauchi,TRANSPORT_OKADA_NGN_PER_JOURNEY,650.0,True
2025-07-01,Bayelsa,TRANSPORT_OKADA_NGN_PER_JOURNEY,610.18997367016,True
2025-07-01,Benue,TRANSPORT_OKADA_NGN_PER_JOURNEY,740.11,True
2025-07-01,Borno,TRANSPORT_OKADA_NGN_PER_JOURNEY,650.3913,True
2025-07-01,Cross River,TRANSPORT_OKADA_NGN_PER_JOURNEY,763.6608887476798,True
2025-07-01,Delta,TRANSPORT_OKADA_NGN_PER_JOURNEY,752.96,True
2025-07-01,Ebonyi,TRANSPORT_OKADA_NGN_PER_JOURNEY,676.1859016313336,True
2025-07-01,Edo,TRANSPORT_OKADA_NGN_PER_JOURNEY,577.195266666667,True
2025-07-01,Ekiti,TRANSPORT_OKADA_NGN_PER_JOURNEY,495.895266666667,True
2025-07-01,Enugu,TRANSPORT_OKADA_NGN_PER_JOURNEY,675.55738666667,True
2025-07-01,Gombe,TRANSPORT_OKADA_NGN_PER_JOURNEY,690.8056037784,True
2025-07-01,Imo,TRANSPORT_OKADA_NGN_PER_JOURNEY,850.994266285714,True
2025-07-01,Jigawa,TRANSPORT_OKADA_NGN_PER_JOURNEY,618.7042160478,True
2025-07-01,Kaduna,TRANSPORT_OKADA_NGN_PER_JOURNEY,780.65533737344,True
2025-07-01,Kano,TRANSPORT_OKADA_NGN_PER_JOURNEY,757.37285076923,True
2025-07-01,Katsina,TRANSPORT_OKADA_NGN_PER_JOURNEY,645.238686306755,True
2025-07-01,Kebbi,TRANSPORT_OKADA_NGN_PER_JOURNEY,652.302342699609,True
2025-07-01,Kogi,TRANSPORT_OKADA_NGN_PER_JOURNEY,750.75639285425,True
2025-07-01,Kwara,TRANSPORT_OKADA_NGN_PER_JOURNEY,705.65639285425,True
2025-07-01,Lagos,TRANSPORT_OKADA_NGN_PER_JOURNEY,1085.0,True
2025-07-01,Nasarawa,TRANSPORT_OKADA_NGN_PER_JOURNEY,710.0888,True
2025-07-01,Niger,TRANSPORT_OKADA_NGN_PER_JOURNEY,660.908,True
2025-07-01,Ogun,TRANSPORT_OKADA_NGN_PER_JOURNEY,1150.0,True
2025-07-01,Ondo,TRANSPORT_OKADA_NGN_PER_JOURNEY,890.3426999999999,True
2025-07-01,Osun,TRANSPORT_OKADA_NGN_PER_JOURNEY,700.0188199999999,True
2025-07-01,Oyo,TRANSPORT_OKADA_NGN_PER_JOURNEY,687.0951869999999,True
2025-07-01,Plateau,TRANSPORT_OKADA_NGN_PER_JOURNEY,685.98,True
2025-07-01,Rivers,TRANSPORT_OKADA_NGN_PER_JOURNEY,788.1957719999999,True
2025-07-01,Sokoto,TRANSPORT_OKADA_NGN_PER_JOURNEY,566.711984,True
2025-07-01,Taraba,TRANSPORT_OKADA_NGN_PER_JOURNEY,792.956123619456,True
2025-07-01,Yobe,TRANSPORT_OKADA_NGN_PER_JOURNEY,828.2242319456,True
2025-07-01,Zamfara,TRANSPORT_OKADA_NGN_PER_JOURNEY,602.3397519456,True
2025-08-01,Abia,TRANSPORT_OKADA_NGN_PER_JOURNEY,681.605107681358,True
2025-08-01,Abuja,TRANSPORT_OKADA_NGN_PER_JOURNEY,773.077423357562,True
2025-08-01,Adamawa,TRANSPORT_OKADA_NGN_PER_JOURNEY,636.2500059557813,True
2025-08-01,Akwa Ibom,TRANSPORT_OKADA_NGN_PER_JOURNEY,653.1198393133161,True
2025-08-01,Anambra,TRANSPORT_OKADA_NGN_PER_JOURNEY,541.1831356692174,True
2025-08-01,Bauchi,TRANSPORT_OKADA_NGN_PER_JOURNEY,754.7172569347425,True
2025-08-01,Bayelsa,TRANSPORT_OKADA_NGN_PER_JOURNEY,620.5139574977277,True
2025-08-01,Benue,TRANSPORT_OKADA_NGN_PER_JOURNEY,800.4263676859196,True
2025-08-01,Borno,TRANSPORT_OKADA_NGN_PER_JOURNEY,651.1763363645764,True
2025-08-01,Cross River,TRANSPORT_OKADA_NGN_PER_JOURNEY,763.96088874768,True
2025-08-01,Delta,TRANSPORT_OKADA_NGN_PER_JOURNEY,759.4904299492617,True
2025-08-01,Ebonyi,TRANSPORT_OKADA_NGN_PER_JOURNEY,686.80011282214,True
2025-08-01,Edo,TRANSPORT_OKADA_NGN_PER_JOURNEY,580.9800068244668,True
2025-08-01,Ekiti,TRANSPORT_OKADA_NGN_PER_JOURNEY,499.857917890141,True
2025-08-01,Enugu,TRANSPORT_OKADA_NGN_PER_JOURNEY,678.3251253384547,True
2025-08-01,Gombe,TRANSPORT_OKADA_NGN_PER_JOURNEY,700.1287239551867,True
2025-08-01,Imo,TRANSPORT_OKADA_NGN_PER_JOURNEY,948.135094591187,True
2025-08-01,Jigawa,TRANSPORT_OKADA_NGN_PER_JOURNEY,655.5627091050382,True
2025-08-01,Kaduna,TRANSPORT_OKADA_NGN_PER_JOURNEY,825.9760860990424,True
2025-08-01,Kano,TRANSPORT_OKADA_NGN_PER_JOURNEY,771.2538757960377,True
2025-08-01,Katsina,TRANSPORT_OKADA_NGN_PER_JOURNEY,655.4964098076318,True
2025-08-01,Kebbi,TRANSPORT_OKADA_NGN_PER_JOURNEY,656.445303508177,True
2025-08-01,Kogi,TRANSPORT_OKADA_NGN_PER_JOURNEY,802.07310335425,True
2025-08-01,Kwara,TRANSPORT_OKADA_NGN_PER_JOURNEY,719.74978755425,True
2025-08-01,Lagos,TRANSPORT_OKADA_NGN_PER_JOURNEY,1099.0933947,True
2025-08-01,Nasarawa,TRANSPORT_OKADA_NGN_PER_JOURNEY,728.5954823367999,True
2025-08-01,Niger,TRANSPORT_OKADA_NGN_PER_JOURNEY,660.9627106512,True
2025-08-01,Ogun,TRANSPORT_OKADA_NGN_PER_JOURNEY,1180.057105,True
2025-08-01,Ondo,TRANSPORT_OKADA_NGN_PER_JOURNEY,910.1506057664998,True
2025-08-01,Osun,TRANSPORT_OKADA_NGN_PER_JOURNEY,720.9270520467,True
2025-08-01,Oyo,TRANSPORT_OKADA_NGN_PER_JOURNEY,699.5020606897197,True
2025-08-01,Plateau,TRANSPORT_OKADA_NGN_PER_JOURNEY,696.1064463,True
2025-08-01,Rivers,TRANSPORT_OKADA_NGN_PER_JOURNEY,803.8293692106996,True
2025-08-01,Sokoto,TRANSPORT_OKADA_NGN_PER_JOURNEY,580.1506947878001,True
2025-08-01,Taraba,TRANSPORT_OKADA_NGN_PER_JOURNEY,796.066015047036,True
2025-08-01,Yobe,TRANSPORT_OKADA_NGN_PER_JOURNEY,836.218069710717,True
2025-08-01,Zamfara,TRANSPORT_OKADA_NGN_PER_JOURNEY,633.942056004977,True
2025-09-01,Abia,TRANSPORT_OKADA_NGN_PER_JOURNEY,687.178605107681,True
2025-09-01,Abuja,TRANSPORT_OKADA_NGN_PER_JOURNEY,777.167774233575,True
2025-09-01,Adamawa,TRANSPORT_OKADA_NGN_PER_JOURNEY,641.132500059557,True
2025-09-01,Akwa Ibom,TRANSPORT_OKADA_NGN_PER_JOURNEY,663.851983931331,True
2025-09-01,Anambra,TRANSPORT_OKADA_NGN_PER_JOURNEY,552.688183135669,True
2025-09-01,Bauchi,TRANSPORT_OKADA_NGN_PER_JOURNEY,755.567172569347,True
2025-09-01,Bayelsa,TRANSPORT_OKADA_NGN_PER_JOURNEY,627.765139574977,True
2025-09-01,Benue,TRANSPORT_OKADA_NGN_PER_JOURNEY,800.577426367685,True
2025-09-01,Borno,TRANSPORT_OKADA_NGN_PER_JOURNEY,654.134763363645,True
2025-09-01,Cross River,TRANSPORT_OKADA_NGN_PER_JOURNEY,766.86088874768,True
2025-09-01,Delta,TRANSPORT_OKADA_NGN_PER_JOURNEY,759.890429949262,True
2025-09-01,Ebonyi,TRANSPORT_OKADA_NGN_PER_JOURNEY,686.87011282214,True
2025-09-01,Edo,TRANSPORT_OKADA_NGN_PER_JOURNEY,582.259800068244,True
2025-09-01,Ekiti,TRANSPORT_OKADA_NGN_PER_JOURNEY,500.857917890141,True
2025-09-01,Enugu,TRANSPORT_OKADA_NGN_PER_JOURNEY,688.532512533845,True
2025-09-01,Gombe,TRANSPORT_OKADA_NGN_PER_JOURNEY,700.934528723955,True
2025-09-01,Imo,TRANSPORT_OKADA_NGN_PER_JOURNEY,949.535094591187,True
2025-09-01,Jigawa,TRANSPORT_OKADA_NGN_PER_JOURNEY,655.83562709105,True
2025-09-01,Kaduna,TRANSPORT_OKADA_NGN_PER_JOURNEY,835.927608609904,True
2025-09-01,Kano,TRANSPORT_OKADA_NGN_PER_JOURNEY,775.62253875796,True
2025-09-01,Katsina,TRANSPORT_OKADA_NGN_PER_JOURNEY,655.896409807632,True
2025-09-01,Kebbi,TRANSPORT_OKADA_NGN_PER_JOURNEY,659.933453035081,True
2025-09-01,Kogi,TRANSPORT_OKADA_NGN_PER_JOURNEY,807.255073103354,True
2025-09-01,Kwara,TRANSPORT_OKADA_NGN_PER_JOURNEY,721.487497875542,True
2025-09-01,Lagos,TRANSPORT_OKADA_NGN_PER_JOURNEY,1100.330933947,True
2025-09-01,Nasarawa,TRANSPORT_OKADA_NGN_PER_JOURNEY,734.265954823368,True
2025-09-01,Niger,TRANSPORT_OKADA_NGN_PER_JOURNEY,661.49627106512,True
2025-09-01,Ogun,TRANSPORT_OKADA_NGN_PER_JOURNEY,1182.3057105,True
2025-09-01,Ondo,TRANSPORT_OKADA_NGN_PER_JOURNEY,911.13506057665,True
2025-09-01,Osun,TRANSPORT_OKADA_NGN_PER_JOURNEY,722.95270520467,True
2025-09-01,Oyo,TRANSPORT_OKADA_NGN_PER_JOURNEY,701.550206068972,True
2025-09-01,Plateau,TRANSPORT_OKADA_NGN_PER_JOURNEY,698.41064463,True
2025-09-01,Rivers,TRANSPORT_OKADA_NGN_PER_JOURNEY,807.48293692107,True
2025-09-01,Sokoto,TRANSPORT_OKADA_NGN_PER_JOURNEY,583.31506947878,True
2025-09-01,Taraba,TRANSPORT_OKADA_NGN_PER_JOURNEY,797.206601504703,True
2025-09-01,Yobe,TRANSPORT_OKADA_NGN_PER_JOURNEY,848.201806971071,True
2025-09-01,Zamfara,TRANSPORT_OKADA_NGN_PER_JOURNEY,635.904205600497,True
2025-10-01,Abia,TRANSPORT_OKADA_NGN_PER_JOURNEY,690.661786051076,True
2025-10-01,Abuja,TRANSPORT_OKADA_NGN_PER_JOURNEY,779.216777423357,True
2025-10-01,Adamawa,TRANSPORT_OKADA_NGN_PER_JOURNEY,647.13250005955,True
2025-10-01,Akwa Ibom,TRANSPORT_OKADA_NGN_PER_JOURNEY,680.538519839313,True
2025-10-01,Anambra,TRANSPORT_OKADA_NGN_PER_JOURNEY,560.688183135,True
2025-10-01,Bauchi,TRANSPORT_OKADA_NGN_PER_JOURNEY,759.225671725693,True
2025-10-01,Bayelsa,TRANSPORT_OKADA_NGN_PER_JOURNEY,630.765139574977,True
2025-10-01,Benue,TRANSPORT_OKADA_NGN_PER_JOURNEY,800.885774263676,True
2025-10-01,Borno,TRANSPORT_OKADA_NGN_PER_JOURNEY,800.885774263676,True
2025-10-01,Cross River,TRANSPORT_OKADA_NGN_PER_JOURNEY,800.885774263676,True
2025-10-01,Delta,TRANSPORT_OKADA_NGN_PER_JOURNEY,800.040123488577,True
2025-10-01,Ebonyi,TRANSPORT_OKADA_NGN_PER_JOURNEY,800.040123488577,True
2025-10-01,Edo,TRANSPORT_OKADA_NGN_PER_JOURNEY,612.990401234885,True
2025-10-01,Ekiti,TRANSPORT_OKADA_NGN_PER_JOURNEY,602.299040123488,True
2025-10-01,Enugu,TRANSPORT_OKADA_NGN_PER_JOURNEY,708.545325125338,True
2025-10-01,Gombe,TRANSPORT_OKADA_NGN_PER_JOURNEY,878.754532512533,True
2025-10-01,Imo,TRANSPORT_OKADA_NGN_PER_JOURNEY,978.754532512533,True
2025-10-01,Jigawa,TRANSPORT_OKADA_NGN_PER_JOURNEY,778.754532512533,True
2025-10-01,Kaduna,TRANSPORT_OKADA_NGN_PER_JOURNEY,878.557545325125,True
2025-10-01,Kano,TRANSPORT_OKADA_NGN_PER_JOURNEY,878.255754532512,True
2025-10-01,Katsina,TRANSPORT_OKADA_NGN_PER_JOURNEY,682.338964098076,True
2025-10-01,Kebbi,TRANSPORT_OKADA_NGN_PER_JOURNEY,682.87338964098,True
2025-10-01,Kogi,TRANSPORT_OKADA_NGN_PER_JOURNEY,815.645255073103,True
2025-10-01,Kwara,TRANSPORT_OKADA_NGN_PER_JOURNEY,785.936452550731,True
2025-10-01,Lagos,TRANSPORT_OKADA_NGN_PER_JOURNEY,1115.93645255073,True
2025-10-01,Nasarawa,TRANSPORT_OKADA_NGN_PER_JOURNEY,744.623226595482,True
2025-10-01,Niger,TRANSPORT_OKADA_NGN_PER_JOURNEY,714.556232265954,True
2025-10-01,Ogun,TRANSPORT_OKADA_NGN_PER_JOURNEY,1204.3057105,True
2025-10-01,Ondo,TRANSPORT_OKADA_NGN_PER_JOURNEY,916.541350605766,True
2025-10-01,Osun,TRANSPORT_OKADA_NGN_PER_JOURNEY,806.645413506057,True
2025-10-01,Oyo,TRANSPORT_OKADA_NGN_PER_JOURNEY,720.485502060689,True
2025-10-01,Plateau,TRANSPORT_OKADA_NGN_PER_JOURNEY,720.478550206068,True
2025-10-01,Rivers,TRANSPORT_OKADA_NGN_PER_JOURNEY,820.61478550206,True
2025-10-01,Sokoto,TRANSPORT_OKADA_NGN_PER_JOURNEY,600.333150694787,True
2025-10-01,Taraba,TRANSPORT_OKADA_NGN_PER_JOURNEY,805.872066015047,True
2025-10-01,Yobe,TRANSPORT_OKADA_NGN_PER_JOURNEY,894.881375,True
2025-10-01,Zamfara,TRANSPORT_OKADA_NGN_PER_JOURNEY,760.1498775,True
2025-11-01,Abia,TRANSPORT_OKADA_NGN_PER_JOURNEY,702.25712,True
2025-11-01,Abuja,TRANSPORT_OKADA_NGN_PER_JOURNEY,792.25712,True
2025-11-01,Adamawa,TRANSPORT_OKADA_NGN_PER_JOURNEY,676.13769,True
2025-11-01,Akwa Ibom,TRANSPORT_OKADA_NGN_PER_JOURNEY,724.3341714286,True
2025-11-01,Anambra,TRANSPORT_OKADA_NGN_PER_JOURNEY,636.8244,True
2025-11-01,Bauchi,TRANSPORT_OKADA_NGN_PER_JOURNEY,780.7766434,True
2025-11-01,Bayelsa,TRANSPORT_OKADA_NGN_PER_JOURNEY,708.01,True
2025-11-01,Benue,TRANSPORT_OKADA_NGN_PER_JOURNEY,853.09797146154,True
2025-11-01,Borno,TRANSPORT_OKADA_NGN_PER_JOURNEY,830.79314,True
2025-11-01,Cross River,TRANSPORT_OKADA_NGN_PER_JOURNEY,814.7976,True
2025-11-01,Delta,TRANSPORT_OKADA_NGN_PER_JOURNEY,826.65438,True
2025-11-01,Ebonyi,TRANSPORT_OKADA_NGN_PER_JOURNEY,846.5672171429,True
2025-11-01,Edo,TRANSPORT_OKADA_NGN_PER_JOURNEY,631.7607725,True
2025-11-01,Ekiti,TRANSPORT_OKADA_NGN_PER_JOURNEY,684.33216967143,True
2025-11-01,Enugu,TRANSPORT_OKADA_NGN_PER_JOURNEY,726.8392,True
2025-11-01,Gombe,TRANSPORT_OKADA_NGN_PER_JOURNEY,882.0545774,True
2025-11-01,Imo,TRANSPORT_OKADA_NGN_PER_JOURNEY,998.7946285714,True
2025-11-01,Jigawa,TRANSPORT_OKADA_NGN_PER_JOURNEY,806.026519,True
2025-11-01,Kaduna,TRANSPORT_OKADA_NGN_PER_JOURNEY,884.7976,True
2025-11-01,Kano,TRANSPORT_OKADA_NGN_PER_JOURNEY,884.0175006571,True
2025-11-01,Katsina,TRANSPORT_OKADA_NGN_PER_JOURNEY,739.4057528,True
2025-11-01,Kebbi,TRANSPORT_OKADA_NGN_PER_JOURNEY,693.533799375,True
2025-11-01,Kogi,TRANSPORT_OKADA_NGN_PER_JOURNEY,846.1488,True
2025-11-01,Kwara,TRANSPORT_OKADA_NGN_PER_JOURNEY,808.3977018182,True
2025-11-01,Lagos,TRANSPORT_OKADA_NGN_PER_JOURNEY,1164.7976,True
2025-11-01,Nasarawa,TRANSPORT_OKADA_NGN_PER_JOURNEY,760.016019604,True
2025-11-01,Niger,TRANSPORT_OKADA_NGN_PER_JOURNEY,722.2857666667,True
2025-11-01,Ogun,TRANSPORT_OKADA_NGN_PER_JOURNEY,1205.174015,True
2025-11-01,Ondo,TRANSPORT_OKADA_NGN_PER_JOURNEY,951.144,True
2025-11-01,Osun,TRANSPORT_OKADA_NGN_PER_JOURNEY,857.6663875,True
2025-11-01,Oyo,TRANSPORT_OKADA_NGN_PER_JOURNEY,753.64542,True
2025-11-01,Plateau,TRANSPORT_OKADA_NGN_PER_JOURNEY,776.89544,True
2025-11-01,Rivers,TRANSPORT_OKADA_NGN_PER_JOURNEY,875.65695,True
2025-11-01,Sokoto,TRANSPORT_OKADA_NGN_PER_JOURNEY,603.63887455,True
2025-11-01,Taraba,TRANSPORT_OKADA_NGN_PER_JOURNEY,837.927575,True
2025-11-01,Yobe,TRANSPORT_OKADA_NGN_PER_JOURNEY,898.35409125,True
2025-11-01,Zamfara,TRANSPORT_OKADA_NGN_PER_JOURNEY,800.594349325,True
2025-12-01,Abia,TRANSPORT_OKADA_NGN_PER_JOURNEY,780.96354,True
2025-12-01,Abuja,TRANSPORT_OKADA_NGN_PER_JOURNEY,850.2839336,True
2025-12-01,Adamawa,TRANSPORT_OKADA_NGN_PER_JOURNEY,707.53204565,True
2025-12-01,Akwa Ibom,TRANSPORT_OKADA_NGN_PER_JOURNEY,776.0842822857,True
2025-12-01,Anambra,TRANSPORT_OKADA_NGN_PER_JOURNEY,738.710574,True
2025-12-01,Bauchi,TRANSPORT_OKADA_NGN_PER_JOURNEY,889.834216943,True
2025-12-01,Bayelsa,TRANSPORT_OKADA_NGN_PER_JOURNEY,850.21375,True
2025-12-01,Benue,TRANSPORT_OKADA_NGN_PER_JOURNEY,876.5479934519,True
2025-12-01,Borno,TRANSPORT_OKADA_NGN_PER_JOURNEY,905.7088419,True
2025-12-01,Cross River,TRANSPORT_OKADA_NGN_PER_JOURNEY,936.885212,True
2025-12-01,Delta,TRANSPORT_OKADA_NGN_PER_JOURNEY,907.8447539,True
2025-12-01,Ebonyi,TRANSPORT_OKADA_NGN_PER_JOURNEY,1044.7806032857,True
2025-12-01,Edo,TRANSPORT_OKADA_NGN_PER_JOURNEY,783.5404158375,True
2025-12-01,Ekiti,TRANSPORT_OKADA_NGN_PER_JOURNEY,796.0720176309,True
2025-12-01,Enugu,TRANSPORT_OKADA_NGN_PER_JOURNEY,757.172088,True
2025-12-01,Gombe,TRANSPORT_OKADA_NGN_PER_JOURNEY,937.608963425,True
2025-12-01,Imo,TRANSPORT_OKADA_NGN_PER_JOURNEY,1156.8015582857,True
2025-12-01,Jigawa,TRANSPORT_OKADA_NGN_PER_JOURNEY,873.212075425,True
2025-12-01,Kaduna,TRANSPORT_OKADA_NGN_PER_JOURNEY,1011.285212,True
2025-12-01,Kano,TRANSPORT_OKADA_NGN_PER_JOURNEY,947.6553850613,True
2025-12-01,Katsina,TRANSPORT_OKADA_NGN_PER_JOURNEY,857.066897696,True
2025-12-01,Kebbi,TRANSPORT_OKADA_NGN_PER_JOURNEY,718.6483121469,True
2025-12-01,Kogi,TRANSPORT_OKADA_NGN_PER_JOURNEY,913.627576,True
2025-12-01,Kwara,TRANSPORT_OKADA_NGN_PER_JOURNEY,852.3740690909,True
2025-12-01,Lagos,TRANSPORT_OKADA_NGN_PER_JOURNEY,1209.783188,True
2025-12-01,Nasarawa,TRANSPORT_OKADA_NGN_PER_JOURNEY,836.4207516651,True
2025-12-01,Niger,TRANSPORT_OKADA_NGN_PER_JOURNEY,756.1150328333,True
2025-12-01,Ogun,TRANSPORT_OKADA_NGN_PER_JOURNEY,1288.107074025,True
2025-12-01,Ondo,TRANSPORT_OKADA_NGN_PER_JOURNEY,984.4294525714,True
2025-12-01,Osun,TRANSPORT_OKADA_NGN_PER_JOURNEY,970.6524354375,True
2025-12-01,Oyo,TRANSPORT_OKADA_NGN_PER_JOURNEY,854.6375201,True
2025-12-01,Plateau,TRANSPORT_OKADA_NGN_PER_JOURNEY,876.3953596,True
2025-12-01,Rivers,TRANSPORT_OKADA_NGN_PER_JOURNEY,1090.54426025,True
2025-12-01,Sokoto,TRANSPORT_OKADA_NGN_PER_JOURNEY,670.75667749725,True
2025-12-01,Taraba,TRANSPORT_OKADA_NGN_PER_JOURNEY,866.229327125,True
2025-12-01,Yobe,TRANSPORT_OKADA_NGN_PER_JOURNEY,953.7002372937,True
2025-12-01,Zamfara,TRANSPORT_OKADA_NGN_PER_JOURNEY,923.0271933874,True
2026-01-01,Abia,TRANSPORT_OKADA_NGN_PER_JOURNEY,785.0,True
2026-01-01,Abuja,TRANSPORT_OKADA_NGN_PER_JOURNEY,843.64944272,True
2026-01-01,Adamawa,TRANSPORT_OKADA_NGN_PER_JOURNEY,628.2865456,True
2026-01-01,Akwa Ibom,TRANSPORT_OKADA_NGN_PER_JOURNEY,645.4526563501,True
2026-01-01,Anambra,TRANSPORT_OKADA_NGN_PER_JOURNEY,730.0,True
2026-01-01,Bauchi,TRANSPORT_OKADA_NGN_PER_JOURNEY,816.2751116,True
2026-01-01,Bayelsa,TRANSPORT_OKADA_NGN_PER_JOURNEY,846.5875,True
2026-01-01,Benue,TRANSPORT_OKADA_NGN_PER_JOURNEY,825.38126292453,True
2026-01-01,Borno,TRANSPORT_OKADA_NGN_PER_JOURNEY,900.0,True
2026-01-01,Cross River,TRANSPORT_OKADA_NGN_PER_JOURNEY,925.1335373356,True
2026-01-01,Delta,TRANSPORT_OKADA_NGN_PER_JOURNEY,826.4292973689847,True
2026-01-01,Ebonyi,TRANSPORT_OKADA_NGN_PER_JOURNEY,849.60625,True
2026-01-01,Edo,TRANSPORT_OKADA_NGN_PER_JOURNEY,740.60625,True
2026-01-01,Ekiti,TRANSPORT_OKADA_NGN_PER_JOURNEY,768.571428571429,True
2026-01-01,Enugu,TRANSPORT_OKADA_NGN_PER_JOURNEY,758.01221066667,True
2026-01-01,Gombe,TRANSPORT_OKADA_NGN_PER_JOURNEY,935.24872006233,True
2026-01-01,Imo,TRANSPORT_OKADA_NGN_PER_JOURNEY,1112.274,True
2026-01-01,Jigawa,TRANSPORT_OKADA_NGN_PER_JOURNEY,875.0599508,True
2026-01-01,Kaduna,TRANSPORT_OKADA_NGN_PER_JOURNEY,956.0,True
2026-01-01,Kano,TRANSPORT_OKADA_NGN_PER_JOURNEY,945.17755538271,True
2026-01-01,Katsina,TRANSPORT_OKADA_NGN_PER_JOURNEY,827.34433919319,True
2026-01-01,Kebbi,TRANSPORT_OKADA_NGN_PER_JOURNEY,692.02996704227,True
2026-01-01,Kogi,TRANSPORT_OKADA_NGN_PER_JOURNEY,904.0485307391,True
2026-01-01,Kwara,TRANSPORT_OKADA_NGN_PER_JOURNEY,810.33624545455,True
2026-01-01,Lagos,TRANSPORT_OKADA_NGN_PER_JOURNEY,1384.61513384483,True
2026-01-01,Nasarawa,TRANSPORT_OKADA_NGN_PER_JOURNEY,816.6175,True
2026-01-01,Niger,TRANSPORT_OKADA_NGN_PER_JOURNEY,751.666666666667,True
2026-01-01,Ogun,TRANSPORT_OKADA_NGN_PER_JOURNEY,1172.87646226061,True
2026-01-01,Ondo,TRANSPORT_OKADA_NGN_PER_JOURNEY,989.8385218733,True
2026-01-01,Osun,TRANSPORT_OKADA_NGN_PER_JOURNEY,848.625,True
2026-01-01,Oyo,TRANSPORT_OKADA_NGN_PER_JOURNEY,860.0,True
2026-01-01,Plateau,TRANSPORT_OKADA_NGN_PER_JOURNEY,965.129302098,True
2026-01-01,Rivers,TRANSPORT_OKADA_NGN_PER_JOURNEY,1094.7479043446,True
2026-01-01,Sokoto,TRANSPORT_OKADA_NGN_PER_JOURNEY,672.32154225,True
2026-01-01,Taraba,TRANSPORT_OKADA_NGN_PER_JOURNEY,868.82664275635,True
2026-01-01,Yobe,TRANSPORT_OKADA_NGN_PER_JOURNEY,1209.2547526271,True
2026-01-01,Zamfara,TRANSPORT_OKADA_NGN_PER_JOURNEY,927.15313422124,True
2026-02-01,Abia,TRANSPORT_OKADA_NGN_PER_JOURNEY,1409.1640199545104,True
2026-02-01,Abuja,TRANSPORT_OKADA_NGN_PER_JOURNEY,860.0,True
2026-02-01,Adamawa,TRANSPORT_OKADA_NGN_PER_JOURNEY,650.0,True
2026-02-01,Akwa Ibom,TRANSPORT_OKADA_NGN_PER_JOURNEY,650.0,True
2026-02-01,Anambra,TRANSPORT_OKADA_NGN_PER_JOURNEY,750.0,True
2026-02-01,Bauchi,TRANSPORT_OKADA_NGN_PER_JOURNEY,830.0,True
2026-02-01,Bayelsa,TRANSPORT_OKADA_NGN_PER_JOURNEY,850.0,True
2026-02-01,Benue,TRANSPORT_OKADA_NGN_PER_JOURNEY,850.0,True
2026-02-01,Borno,TRANSPORT_OKADA_NGN_PER_JOURNEY,920.0,True
2026-02-01,Cross River,TRANSPORT_OKADA_NGN_PER_JOURNEY,940.0,True
2026-02-01,Delta,TRANSPORT_OKADA_NGN_PER_JOURNEY,854.7400179,True
2026-02-01,Ebonyi,TRANSPORT_OKADA_NGN_PER_JOURNEY,850.57142857143,True
2026-02-01,Edo,TRANSPORT_OKADA_NGN_PER_JOURNEY,750.0,True
2026-02-01,Ekiti,TRANSPORT_OKADA_NGN_PER_JOURNEY,787.14285714286,True
2026-02-01,Enugu,TRANSPORT_OKADA_NGN_PER_JOURNEY,768.33333333333,True
2026-02-01,Gombe,TRANSPORT_OKADA_NGN_PER_JOURNEY,948.763417,True
2026-02-01,Imo,TRANSPORT_OKADA_NGN_PER_JOURNEY,1123.13114285714,True
2026-02-01,Jigawa,TRANSPORT_OKADA_NGN_PER_JOURNEY,880.0,True
2026-02-01,Kaduna,TRANSPORT_OKADA_NGN_PER_JOURNEY,1500.0,True
2026-02-01,Kano,TRANSPORT_OKADA_NGN_PER_JOURNEY,947.75266071429,True
2026-02-01,Katsina,TRANSPORT_OKADA_NGN_PER_JOURNEY,848.1914332,True
2026-02-01,Kebbi,TRANSPORT_OKADA_NGN_PER_JOURNEY,700.0,True
2026-02-01,Kogi,TRANSPORT_OKADA_NGN_PER_JOURNEY,910.0,True
2026-02-01,Kwara,TRANSPORT_OKADA_NGN_PER_JOURNEY,815.45454545455,True
2026-02-01,Lagos,TRANSPORT_OKADA_NGN_PER_JOURNEY,1416.6666666666667,True
2026-02-01,Nasarawa,TRANSPORT_OKADA_NGN_PER_JOURNEY,820.0,True
2026-02-01,Niger,TRANSPORT_OKADA_NGN_PER_JOURNEY,750.0,True
2026-02-01,Ogun,TRANSPORT_OKADA_NGN_PER_JOURNEY,1163.0,True
2026-02-01,Ondo,TRANSPORT_OKADA_NGN_PER_JOURNEY,1000.0,True
2026-02-01,Osun,TRANSPORT_OKADA_NGN_PER_JOURNEY,856.25,True
2026-02-01,Oyo,TRANSPORT_OKADA_NGN_PER_JOURNEY,879.83254616667,True
2026-02-01,Plateau,TRANSPORT_OKADA_NGN_PER_JOURNEY,950.0,True
2026-02-01,Rivers,TRANSPORT_OKADA_NGN_PER_JOURNEY,1083.675033,True
2026-02-01,Sokoto,TRANSPORT_OKADA_NGN_PER_JOURNEY,688.69966725,True
2026-02-01,Taraba,TRANSPORT_OKADA_NGN_PER_JOURNEY,870.0,True
2026-02-01,Yobe,TRANSPORT_OKADA_NGN_PER_JOURNEY,1238.31100266667,True
2026-02-01,Zamfara,TRANSPORT_OKADA_NGN_PER_JOURNEY,965.543119,True
2026-03-01,Abia,TRANSPORT_OKADA_NGN_PER_JOURNEY,1559.9445700896426,True
2026-03-01,Abuja,TRANSPORT_OKADA_NGN_PER_JOURNEY,1050.8,True
2026-03-01,Adamawa,TRANSPORT_OKADA_NGN_PER_JOURNEY,710.5,True
2026-03-01,Akwa Ibom,TRANSPORT_OKADA_NGN_PER_JOURNEY,720.7,True
2026-03-01,Anambra,TRANSPORT_OKADA_NGN_PER_JOURNEY,805.87235,True
2026-03-01,Bauchi,TRANSPORT_OKADA_NGN_PER_JOURNEY,880.95219744421,True
2026-03-01,Bayelsa,TRANSPORT_OKADA_NGN_PER_JOURNEY,920.5,True
2026-03-01,Benue,TRANSPORT_OKADA_NGN_PER_JOURNEY,908.19230769231,True
2026-03-01,Borno,TRANSPORT_OKADA_NGN_PER_JOURNEY,1120.5,True
2026-03-01,Cross River,TRANSPORT_OKADA_NGN_PER_JOURNEY,1100.54284432105,True
2026-03-01,Delta,TRANSPORT_OKADA_NGN_PER_JOURNEY,905.0071998153,True
2026-03-01,Ebonyi,TRANSPORT_OKADA_NGN_PER_JOURNEY,980.42857142857,True
2026-03-01,Edo,TRANSPORT_OKADA_NGN_PER_JOURNEY,830.5,True
2026-03-01,Ekiti,TRANSPORT_OKADA_NGN_PER_JOURNEY,846.26714285714,True
2026-03-01,Enugu,TRANSPORT_OKADA_NGN_PER_JOURNEY,821.98833333333,True
2026-03-01,Gombe,TRANSPORT_OKADA_NGN_PER_JOURNEY,998.98526102619,True
2026-03-01,Imo,TRANSPORT_OKADA_NGN_PER_JOURNEY,1180.71617514286,True
2026-03-01,Jigawa,TRANSPORT_OKADA_NGN_PER_JOURNEY,960.5,True
2026-03-01,Kaduna,TRANSPORT_OKADA_NGN_PER_JOURNEY,1660.5,True
2026-03-01,Kano,TRANSPORT_OKADA_NGN_PER_JOURNEY,1007.40511509704,True
2026-03-01,Katsina,TRANSPORT_OKADA_NGN_PER_JOURNEY,953.1479165524,True
2026-03-01,Kebbi,TRANSPORT_OKADA_NGN_PER_JOURNEY,764.37045305591,True
2026-03-01,Kogi,TRANSPORT_OKADA_NGN_PER_JOURNEY,980.55885,True
2026-03-01,Kwara,TRANSPORT_OKADA_NGN_PER_JOURNEY,874.39818181818,True
2026-03-01,Lagos,TRANSPORT_OKADA_NGN_PER_JOURNEY,1568.25,True
2026-03-01,Nasarawa,TRANSPORT_OKADA_NGN_PER_JOURNEY,880.5,True
2026-03-01,Niger,TRANSPORT_OKADA_NGN_PER_JOURNEY,800.85,True
2026-03-01,Ogun,TRANSPORT_OKADA_NGN_PER_JOURNEY,1214.521,True
2026-03-01,Ondo,TRANSPORT_OKADA_NGN_PER_JOURNEY,1060.5,True
2026-03-01,Osun,TRANSPORT_OKADA_NGN_PER_JOURNEY,916.06875,True
2026-03-01,Oyo,TRANSPORT_OKADA_NGN_PER_JOURNEY,943.8946286065,True
2026-03-01,Plateau,TRANSPORT_OKADA_NGN_PER_JOURNEY,1016.5,True
2026-03-01,Rivers,TRANSPORT_OKADA_NGN_PER_JOURNEY,1172.428261531,True
2026-03-01,Sokoto,TRANSPORT_OKADA_NGN_PER_JOURNEY,759.43053164575,True
2026-03-01,Taraba,TRANSPORT_OKADA_NGN_PER_JOURNEY,920.5,True
2026-03-01,Yobe,TRANSPORT_OKADA_NGN_PER_JOURNEY,1341.510279952,True
2026-03-01,Zamfara,TRANSPORT_OKADA_NGN_PER_JOURNEY,1022.356232733,True
2026-04-01,Abia,TRANSPORT_OKADA_NGN_PER_JOURNEY,1560.4457008964,True
2026-04-01,Abuja,TRANSPORT_OKADA_NGN_PER_JOURNEY,1052.6549998,True
2026-04-01,Adamawa,TRANSPORT_OKADA_NGN_PER_JOURNEY,730.23944125,True
2026-04-01,Akwa Ibom,TRANSPORT_OKADA_NGN_PER_JOURNEY,740.88125017,True
2026-04-01,Anambra,TRANSPORT_OKADA_NGN_PER_JOURNEY,810.235,True
2026-04-01,Bauchi,TRANSPORT_OKADA_NGN_PER_JOURNEY,880.978921974442,True
2026-04-01,Bayelsa,TRANSPORT_OKADA_NGN_PER_JOURNEY,945.76505,True
2026-04-01,Benue,TRANSPORT_OKADA_NGN_PER_JOURNEY,913.59230769231,True
2026-04-01,Borno,TRANSPORT_OKADA_NGN_PER_JOURNEY,1180.854634295,True
2026-04-01,Cross River,TRANSPORT_OKADA_NGN_PER_JOURNEY,1155.84432105,True
2026-04-01,Delta,TRANSPORT_OKADA_NGN_PER_JOURNEY,925.0071998153,True
2026-04-01,Ebonyi,TRANSPORT_OKADA_NGN_PER_JOURNEY,988.76857142857,True
2026-04-01,Edo,TRANSPORT_OKADA_NGN_PER_JOURNEY,839.85,True
2026-04-01,Ekiti,TRANSPORT_OKADA_NGN_PER_JOURNEY,870.714285714,True
2026-04-01,Enugu,TRANSPORT_OKADA_NGN_PER_JOURNEY,860.450239883333,True
2026-04-01,Gombe,TRANSPORT_OKADA_NGN_PER_JOURNEY,998.99526102619,True
2026-04-01,Imo,TRANSPORT_OKADA_NGN_PER_JOURNEY,1200.617514286,True
2026-04-01,Jigawa,TRANSPORT_OKADA_NGN_PER_JOURNEY,960.6109435678,True
2026-04-01,Kaduna,TRANSPORT_OKADA_NGN_PER_JOURNEY,1690.90771256309,True
2026-04-01,Kano,TRANSPORT_OKADA_NGN_PER_JOURNEY,1007.98511509704,True
2026-04-01,Katsina,TRANSPORT_OKADA_NGN_PER_JOURNEY,977.165524,True
2026-04-01,Kebbi,TRANSPORT_OKADA_NGN_PER_JOURNEY,769.45305591,True
2026-04-01,Kogi,TRANSPORT_OKADA_NGN_PER_JOURNEY,980.88552319,True
2026-04-01,Kwara,TRANSPORT_OKADA_NGN_PER_JOURNEY,895.818181818,True
2026-04-01,Lagos,TRANSPORT_OKADA_NGN_PER_JOURNEY,1590.87125,True
2026-04-01,Nasarawa,TRANSPORT_OKADA_NGN_PER_JOURNEY,950.12904375,True
2026-04-01,Niger,TRANSPORT_OKADA_NGN_PER_JOURNEY,880.7085,True
2026-04-01,Ogun,TRANSPORT_OKADA_NGN_PER_JOURNEY,1334.59541021,True
2026-04-01,Ondo,TRANSPORT_OKADA_NGN_PER_JOURNEY,1150.503819655,True
2026-04-01,Osun,TRANSPORT_OKADA_NGN_PER_JOURNEY,948.91287446875,True
2026-04-01,Oyo,TRANSPORT_OKADA_NGN_PER_JOURNEY,979.01238946286,True
2026-04-01,Plateau,TRANSPORT_OKADA_NGN_PER_JOURNEY,1067.3055815,True
2026-04-01,Rivers,TRANSPORT_OKADA_NGN_PER_JOURNEY,1250.8261531,True
2026-04-01,Sokoto,TRANSPORT_OKADA_NGN_PER_JOURNEY,800.053164575,True
2026-04-01,Taraba,TRANSPORT_OKADA_NGN_PER_JOURNEY,950.361405365,True
2026-04-01,Yobe,TRANSPORT_OKADA_NGN_PER_JOURNEY,1396.76279952,True
2026-04-01,Zamfara,TRANSPORT_OKADA_NGN_PER_JOURNEY,1081.6232733,True
2026-05-01,Abia,TRANSPORT_OKADA_NGN_PER_JOURNEY,1562.00201895987,False
2026-05-01,Abuja,TRANSPORT_OKADA_NGN_PER_JOURNEY,1081.31255793733,False
2026-05-01,Adamawa,TRANSPORT_OKADA_NGN_PER_JOURNEY,761.31562853423,False
2026-05-01,Akwa Ibom,TRANSPORT_OKADA_NGN_PER_JOURNEY,778.06465320793,False
2026-05-01,Anambra,TRANSPORT_OKADA_NGN_PER_JOURNEY,854.3173,False
2026-05-01,Bauchi,TRANSPORT_OKADA_NGN_PER_JOURNEY,937.37145026059,False
2026-05-01,Bayelsa,TRANSPORT_OKADA_NGN_PER_JOURNEY,981.64829146102,False
2026-05-01,Benue,TRANSPORT_OKADA_NGN_PER_JOURNEY,941.52372388186,False
2026-05-01,Borno,TRANSPORT_OKADA_NGN_PER_JOURNEY,1203.6531,False
2026-05-01,Cross River,TRANSPORT_OKADA_NGN_PER_JOURNEY,1173.37671564055,False
2026-05-01,Delta,TRANSPORT_OKADA_NGN_PER_JOURNEY,979.69000605477,False
2026-05-01,Ebonyi,TRANSPORT_OKADA_NGN_PER_JOURNEY,999.65366994611,False
2026-05-01,Edo,TRANSPORT_OKADA_NGN_PER_JOURNEY,881.94478505238,False
2026-05-01,Ekiti,TRANSPORT_OKADA_NGN_PER_JOURNEY,892.38398343408,False
2026-05-01,Enugu,TRANSPORT_OKADA_NGN_PER_JOURNEY,887.62732593629,False
2026-05-01,Gombe,TRANSPORT_OKADA_NGN_PER_JOURNEY,1000.871882406,False
2026-05-01,Imo,TRANSPORT_OKADA_NGN_PER_JOURNEY,1254.28683032319,False
2026-05-01,Jigawa,TRANSPORT_OKADA_NGN_PER_JOURNEY,980.998487671961,False
2026-05-01,Kaduna,TRANSPORT_OKADA_NGN_PER_JOURNEY,1720.7559821005,False
2026-05-01,Kano,TRANSPORT_OKADA_NGN_PER_JOURNEY,1053.1798337804,False
2026-05-01,Katsina,TRANSPORT_OKADA_NGN_PER_JOURNEY,998.18959731089,False
2026-05-01,Kebbi,TRANSPORT_OKADA_NGN_PER_JOURNEY,805.79539650695,False
2026-05-01,Kogi,TRANSPORT_OKADA_NGN_PER_JOURNEY,1000.92288379052,False
2026-05-01,Kwara,TRANSPORT_OKADA_NGN_PER_JOURNEY,976.90926431907,False
2026-05-01,Lagos,TRANSPORT_OKADA_NGN_PER_JOURNEY,1659.9977104562,False
2026-05-01,Nasarawa,TRANSPORT_OKADA_NGN_PER_JOURNEY,997.00212165904,False
2026-05-01,Niger,TRANSPORT_OKADA_NGN_PER_JOURNEY,903.4835667757,False
2026-05-01,Ogun,TRANSPORT_OKADA_NGN_PER_JOURNEY,1381.88909317148,False
2026-05-01,Ondo,TRANSPORT_OKADA_NGN_PER_JOURNEY,1177.38726944862,False
2026-05-01,Osun,TRANSPORT_OKADA_NGN_PER_JOURNEY,993.49597920731,False
2026-05-01,Oyo,TRANSPORT_OKADA_NGN_PER_JOURNEY,999.769769790251,False
2026-05-01,Plateau,TRANSPORT_OKADA_NGN_PER_JOURNEY,1087.52793172811,False
2026-05-01,Rivers,TRANSPORT_OKADA_NGN_PER_JOURNEY,1298.25915220238,False
2026-05-01,Sokoto,TRANSPORT_OKADA_NGN_PER_JOURNEY,849.980838695,False
2026-05-01,Taraba,TRANSPORT_OKADA_NGN_PER_JOURNEY,998.73054879796,False
2026-05-01,Yobe,TRANSPORT_OKADA_NGN_PER_JOURNEY,1458.59806770825,False
2026-05-01,Zamfara,TRANSPORT_OKADA_NGN_PER_JOURNEY,1169.04248286185,False
2025-01-01,Abia,TRANSPORT_WATER_NGN_PER_JOURNEY,780.0,False
2025-01-01,Abuja,TRANSPORT_WATER_NGN_PER_JOURNEY,700.0,False
2025-01-01,Adamawa,TRANSPORT_WATER_NGN_PER_JOURNEY,1350.0,False
2025-01-01,Akwa Ibom,TRANSPORT_WATER_NGN_PER_JOURNEY,2500.0,False
2025-01-01,Anambra,TRANSPORT_WATER_NGN_PER_JOURNEY,930.0,False
2025-01-01,Bauchi,TRANSPORT_WATER_NGN_PER_JOURNEY,1000.0,False
2025-01-01,Bayelsa,TRANSPORT_WATER_NGN_PER_JOURNEY,4650.0,False
2025-01-01,Benue,TRANSPORT_WATER_NGN_PER_JOURNEY,1150.0,False
2025-01-01,Borno,TRANSPORT_WATER_NGN_PER_JOURNEY,550.0,False
2025-01-01,Cross River,TRANSPORT_WATER_NGN_PER_JOURNEY,3250.0,False
2025-01-01,Delta,TRANSPORT_WATER_NGN_PER_JOURNEY,4300.0,False
2025-01-01,Ebonyi,TRANSPORT_WATER_NGN_PER_JOURNEY,1350.0,False
2025-01-01,Edo,TRANSPORT_WATER_NGN_PER_JOURNEY,3280.0,False
2025-01-01,Ekiti,TRANSPORT_WATER_NGN_PER_JOURNEY,1000.0,False
2025-01-01,Enugu,TRANSPORT_WATER_NGN_PER_JOURNEY,1250.0,False
2025-01-01,Gombe,TRANSPORT_WATER_NGN_PER_JOURNEY,700.0,False
2025-01-01,Imo,TRANSPORT_WATER_NGN_PER_JOURNEY,1200.0,False
2025-01-01,Jigawa,TRANSPORT_WATER_NGN_PER_JOURNEY,1130.0,False
2025-01-01,Kaduna,TRANSPORT_WATER_NGN_PER_JOURNEY,950.0,False
2025-01-01,Kano,TRANSPORT_WATER_NGN_PER_JOURNEY,950.0,False
2025-01-01,Katsina,TRANSPORT_WATER_NGN_PER_JOURNEY,1000.0,False
2025-01-01,Kebbi,TRANSPORT_WATER_NGN_PER_JOURNEY,850.0,False
2025-01-01,Kogi,TRANSPORT_WATER_NGN_PER_JOURNEY,1550.0,False
2025-01-01,Kwara,TRANSPORT_WATER_NGN_PER_JOURNEY,1450.0,False
2025-01-01,Lagos,TRANSPORT_WATER_NGN_PER_JOURNEY,1840.0,False
2025-01-01,Nasarawa,TRANSPORT_WATER_NGN_PER_JOURNEY,970.0,False
2025-01-01,Niger,TRANSPORT_WATER_NGN_PER_JOURNEY,950.0,False
2025-01-01,Ogun,TRANSPORT_WATER_NGN_PER_JOURNEY,2350.0,False
2025-01-01,Ondo,TRANSPORT_WATER_NGN_PER_JOURNEY,1655.0,False
2025-01-01,Osun,TRANSPORT_WATER_NGN_PER_JOURNEY,1250.0,False
2025-01-01,Oyo,TRANSPORT_WATER_NGN_PER_JOURNEY,1050.0,False
2025-01-01,Plateau,TRANSPORT_WATER_NGN_PER_JOURNEY,1100.0,False
2025-01-01,Rivers,TRANSPORT_WATER_NGN_PER_JOURNEY,4600.0,False
2025-01-01,Sokoto,TRANSPORT_WATER_NGN_PER_JOURNEY,1200.0,False
2025-01-01,Taraba,TRANSPORT_WATER_NGN_PER_JOURNEY,850.0,False
2025-01-01,Yobe,TRANSPORT_WATER_NGN_PER_JOURNEY,920.0,False
2025-01-01,Zamfara,TRANSPORT_WATER_NGN_PER_JOURNEY,830.0,False
2025-02-01,Abia,TRANSPORT_WATER_NGN_PER_JOURNEY,800.0,True
2025-02-01,Abuja,TRANSPORT_WATER_NGN_PER_JOURNEY,730.0,True
2025-02-01,Adamawa,TRANSPORT_WATER_NGN_PER_JOURNEY,1380.0,True
2025-02-01,Akwa Ibom,TRANSPORT_WATER_NGN_PER_JOURNEY,2550.0,True
2025-02-01,Anambra,TRANSPORT_WATER_NGN_PER_JOURNEY,950.0,True
2025-02-01,Bauchi,TRANSPORT_WATER_NGN_PER_JOURNEY,1050.0,True
2025-02-01,Bayelsa,TRANSPORT_WATER_NGN_PER_JOURNEY,4700.0,True
2025-02-01,Benue,TRANSPORT_WATER_NGN_PER_JOURNEY,1200.0,True
2025-02-01,Borno,TRANSPORT_WATER_NGN_PER_JOURNEY,600.0,True
2025-02-01,Cross River,TRANSPORT_WATER_NGN_PER_JOURNEY,3400.0,True
2025-02-01,Delta,TRANSPORT_WATER_NGN_PER_JOURNEY,4350.0,True
2025-02-01,Ebonyi,TRANSPORT_WATER_NGN_PER_JOURNEY,1380.0,True
2025-02-01,Edo,TRANSPORT_WATER_NGN_PER_JOURNEY,3290.91666666667,True
2025-02-01,Ekiti,TRANSPORT_WATER_NGN_PER_JOURNEY,1050.0,True
2025-02-01,Enugu,TRANSPORT_WATER_NGN_PER_JOURNEY,1260.0,True
2025-02-01,Gombe,TRANSPORT_WATER_NGN_PER_JOURNEY,750.0,True
2025-02-01,Imo,TRANSPORT_WATER_NGN_PER_JOURNEY,1250.0,True
2025-02-01,Jigawa,TRANSPORT_WATER_NGN_PER_JOURNEY,1140.0,True
2025-02-01,Kaduna,TRANSPORT_WATER_NGN_PER_JOURNEY,980.0,True
2025-02-01,Kano,TRANSPORT_WATER_NGN_PER_JOURNEY,970.0,True
2025-02-01,Katsina,TRANSPORT_WATER_NGN_PER_JOURNEY,1050.0,True
2025-02-01,Kebbi,TRANSPORT_WATER_NGN_PER_JOURNEY,880.875,True
2025-02-01,Kogi,TRANSPORT_WATER_NGN_PER_JOURNEY,1580.0,True
2025-02-01,Kwara,TRANSPORT_WATER_NGN_PER_JOURNEY,1480.0,True
2025-02-01,Lagos,TRANSPORT_WATER_NGN_PER_JOURNEY,1870.0,True
2025-02-01,Nasarawa,TRANSPORT_WATER_NGN_PER_JOURNEY,1000.0,True
2025-02-01,Niger,TRANSPORT_WATER_NGN_PER_JOURNEY,980.0,True
2025-02-01,Ogun,TRANSPORT_WATER_NGN_PER_JOURNEY,2300.0,True
2025-02-01,Ondo,TRANSPORT_WATER_NGN_PER_JOURNEY,1680.0,True
2025-02-01,Osun,TRANSPORT_WATER_NGN_PER_JOURNEY,1300.0,True
2025-02-01,Oyo,TRANSPORT_WATER_NGN_PER_JOURNEY,1100.0,True
2025-02-01,Plateau,TRANSPORT_WATER_NGN_PER_JOURNEY,1150.0,True
2025-02-01,Rivers,TRANSPORT_WATER_NGN_PER_JOURNEY,4655.0,True
2025-02-01,Sokoto,TRANSPORT_WATER_NGN_PER_JOURNEY,1500.0,True
2025-02-01,Taraba,TRANSPORT_WATER_NGN_PER_JOURNEY,855.0,True
2025-02-01,Yobe,TRANSPORT_WATER_NGN_PER_JOURNEY,930.0,True
2025-02-01,Zamfara,TRANSPORT_WATER_NGN_PER_JOURNEY,850.0,True
2025-03-01,Abia,TRANSPORT_WATER_NGN_PER_JOURNEY,840.0,True
2025-03-01,Abuja,TRANSPORT_WATER_NGN_PER_JOURNEY,750.0,True
2025-03-01,Adamawa,TRANSPORT_WATER_NGN_PER_JOURNEY,1400.0,True
2025-03-01,Akwa Ibom,TRANSPORT_WATER_NGN_PER_JOURNEY,2580.0,True
2025-03-01,Anambra,TRANSPORT_WATER_NGN_PER_JOURNEY,970.0,True
2025-03-01,Bauchi,TRANSPORT_WATER_NGN_PER_JOURNEY,1060.0,True
2025-03-01,Bayelsa,TRANSPORT_WATER_NGN_PER_JOURNEY,4750.0,True
2025-03-01,Benue,TRANSPORT_WATER_NGN_PER_JOURNEY,1250.0,True
2025-03-01,Borno,TRANSPORT_WATER_NGN_PER_JOURNEY,650.0,True
2025-03-01,Cross River,TRANSPORT_WATER_NGN_PER_JOURNEY,3550.0,True
2025-03-01,Delta,TRANSPORT_WATER_NGN_PER_JOURNEY,4380.0,True
2025-03-01,Ebonyi,TRANSPORT_WATER_NGN_PER_JOURNEY,1400.0,True
2025-03-01,Edo,TRANSPORT_WATER_NGN_PER_JOURNEY,3500.0,True
2025-03-01,Ekiti,TRANSPORT_WATER_NGN_PER_JOURNEY,1150.0,True
2025-03-01,Enugu,TRANSPORT_WATER_NGN_PER_JOURNEY,1300.0,True
2025-03-01,Gombe,TRANSPORT_WATER_NGN_PER_JOURNEY,800.0,True
2025-03-01,Imo,TRANSPORT_WATER_NGN_PER_JOURNEY,1300.0,True
2025-03-01,Jigawa,TRANSPORT_WATER_NGN_PER_JOURNEY,1200.0,True
2025-03-01,Kaduna,TRANSPORT_WATER_NGN_PER_JOURNEY,1000.0,True
2025-03-01,Kano,TRANSPORT_WATER_NGN_PER_JOURNEY,1000.0,True
2025-03-01,Katsina,TRANSPORT_WATER_NGN_PER_JOURNEY,1100.0,True
2025-03-01,Kebbi,TRANSPORT_WATER_NGN_PER_JOURNEY,900.0,True
2025-03-01,Kogi,TRANSPORT_WATER_NGN_PER_JOURNEY,1600.0,True
2025-03-01,Kwara,TRANSPORT_WATER_NGN_PER_JOURNEY,1500.0,True
2025-03-01,Lagos,TRANSPORT_WATER_NGN_PER_JOURNEY,1900.0,True
2025-03-01,Nasarawa,TRANSPORT_WATER_NGN_PER_JOURNEY,1050.0,True
2025-03-01,Niger,TRANSPORT_WATER_NGN_PER_JOURNEY,1100.0,True
2025-03-01,Ogun,TRANSPORT_WATER_NGN_PER_JOURNEY,2368.3,True
2025-03-01,Ondo,TRANSPORT_WATER_NGN_PER_JOURNEY,2000.0,True
2025-03-01,Osun,TRANSPORT_WATER_NGN_PER_JOURNEY,1348.3,True
2025-03-01,Oyo,TRANSPORT_WATER_NGN_PER_JOURNEY,1148.3,True
2025-03-01,Plateau,TRANSPORT_WATER_NGN_PER_JOURNEY,1048.3,True
2025-03-01,Rivers,TRANSPORT_WATER_NGN_PER_JOURNEY,5000.0,True
2025-03-01,Sokoto,TRANSPORT_WATER_NGN_PER_JOURNEY,1524.15,True
2025-03-01,Taraba,TRANSPORT_WATER_NGN_PER_JOURNEY,858.0,True
2025-03-01,Yobe,TRANSPORT_WATER_NGN_PER_JOURNEY,935.0,True
2025-03-01,Zamfara,TRANSPORT_WATER_NGN_PER_JOURNEY,864.15,True
2025-04-01,Abia,TRANSPORT_WATER_NGN_PER_JOURNEY,850.0,True
2025-04-01,Abuja,TRANSPORT_WATER_NGN_PER_JOURNEY,750.0,True
2025-04-01,Adamawa,TRANSPORT_WATER_NGN_PER_JOURNEY,1400.0,True
2025-04-01,Akwa Ibom,TRANSPORT_WATER_NGN_PER_JOURNEY,2750.0,True
2025-04-01,Anambra,TRANSPORT_WATER_NGN_PER_JOURNEY,980.0,True
2025-04-01,Bauchi,TRANSPORT_WATER_NGN_PER_JOURNEY,1100.0,True
2025-04-01,Bayelsa,TRANSPORT_WATER_NGN_PER_JOURNEY,4720.0,True
2025-04-01,Benue,TRANSPORT_WATER_NGN_PER_JOURNEY,1375.0,True
2025-04-01,Borno,TRANSPORT_WATER_NGN_PER_JOURNEY,650.0,True
2025-04-01,Cross River,TRANSPORT_WATER_NGN_PER_JOURNEY,3725.0,True
2025-04-01,Delta,TRANSPORT_WATER_NGN_PER_JOURNEY,4387.0526,True
2025-04-01,Ebonyi,TRANSPORT_WATER_NGN_PER_JOURNEY,1456.0,True
2025-04-01,Edo,TRANSPORT_WATER_NGN_PER_JOURNEY,3600.0,True
2025-04-01,Ekiti,TRANSPORT_WATER_NGN_PER_JOURNEY,1180.0,True
2025-04-01,Enugu,TRANSPORT_WATER_NGN_PER_JOURNEY,1350.0,True
2025-04-01,Gombe,TRANSPORT_WATER_NGN_PER_JOURNEY,800.0,True
2025-04-01,Imo,TRANSPORT_WATER_NGN_PER_JOURNEY,1330.0,True
2025-04-01,Jigawa,TRANSPORT_WATER_NGN_PER_JOURNEY,1250.0,True
2025-04-01,Kaduna,TRANSPORT_WATER_NGN_PER_JOURNEY,1040.0,True
2025-04-01,Kano,TRANSPORT_WATER_NGN_PER_JOURNEY,1050.0,True
2025-04-01,Katsina,TRANSPORT_WATER_NGN_PER_JOURNEY,1140.0,True
2025-04-01,Kebbi,TRANSPORT_WATER_NGN_PER_JOURNEY,945.5175,True
2025-04-01,Kogi,TRANSPORT_WATER_NGN_PER_JOURNEY,1500.0,True
2025-04-01,Kwara,TRANSPORT_WATER_NGN_PER_JOURNEY,1530.0,True
2025-04-01,Lagos,TRANSPORT_WATER_NGN_PER_JOURNEY,1948.88888888889,True
2025-04-01,Nasarawa,TRANSPORT_WATER_NGN_PER_JOURNEY,1085.6108667412,True
2025-04-01,Niger,TRANSPORT_WATER_NGN_PER_JOURNEY,1120.0,True
2025-04-01,Ogun,TRANSPORT_WATER_NGN_PER_JOURNEY,2455.37,True
2025-04-01,Ondo,TRANSPORT_WATER_NGN_PER_JOURNEY,2000.0,True
2025-04-01,Osun,TRANSPORT_WATER_NGN_PER_JOURNEY,1438.3,True
2025-04-01,Oyo,TRANSPORT_WATER_NGN_PER_JOURNEY,1183.5,True
2025-04-01,Plateau,TRANSPORT_WATER_NGN_PER_JOURNEY,1074.5075,True
2025-04-01,Rivers,TRANSPORT_WATER_NGN_PER_JOURNEY,5465.0,True
2025-04-01,Sokoto,TRANSPORT_WATER_NGN_PER_JOURNEY,1550.0,True
2025-04-01,Taraba,TRANSPORT_WATER_NGN_PER_JOURNEY,850.0,True
2025-04-01,Yobe,TRANSPORT_WATER_NGN_PER_JOURNEY,950.0,True
2025-04-01,Zamfara,TRANSPORT_WATER_NGN_PER_JOURNEY,880.0,True
2025-05-01,Abia,TRANSPORT_WATER_NGN_PER_JOURNEY,850.0,True
2025-05-01,Abuja,TRANSPORT_WATER_NGN_PER_JOURNEY,850.0,True
2025-05-01,Adamawa,TRANSPORT_WATER_NGN_PER_JOURNEY,1450.0,True
2025-05-01,Akwa Ibom,TRANSPORT_WATER_NGN_PER_JOURNEY,2780.0,True
2025-05-01,Anambra,TRANSPORT_WATER_NGN_PER_JOURNEY,985.0,True
2025-05-01,Bauchi,TRANSPORT_WATER_NGN_PER_JOURNEY,1185.0,True
2025-05-01,Bayelsa,TRANSPORT_WATER_NGN_PER_JOURNEY,4800.0226,True
2025-05-01,Benue,TRANSPORT_WATER_NGN_PER_JOURNEY,1376.66666666667,True
2025-05-01,Borno,TRANSPORT_WATER_NGN_PER_JOURNEY,676.66666666667,True
2025-05-01,Cross River,TRANSPORT_WATER_NGN_PER_JOURNEY,4003.0,True
2025-05-01,Delta,TRANSPORT_WATER_NGN_PER_JOURNEY,4485.726808,True
2025-05-01,Ebonyi,TRANSPORT_WATER_NGN_PER_JOURNEY,1485.7116808,True
2025-05-01,Edo,TRANSPORT_WATER_NGN_PER_JOURNEY,3685.786808,True
2025-05-01,Ekiti,TRANSPORT_WATER_NGN_PER_JOURNEY,1185.616808,True
2025-05-01,Enugu,TRANSPORT_WATER_NGN_PER_JOURNEY,1385.736808,True
2025-05-01,Gombe,TRANSPORT_WATER_NGN_PER_JOURNEY,855.506808,True
2025-05-01,Imo,TRANSPORT_WATER_NGN_PER_JOURNEY,1385.516808,True
2025-05-01,Jigawa,TRANSPORT_WATER_NGN_PER_JOURNEY,1275.466808,True
2025-05-01,Kaduna,TRANSPORT_WATER_NGN_PER_JOURNEY,1075.710808,True
2025-05-01,Kano,TRANSPORT_WATER_NGN_PER_JOURNEY,1075.302808,True
2025-05-01,Katsina,TRANSPORT_WATER_NGN_PER_JOURNEY,1175.436808,True
2025-05-01,Kebbi,TRANSPORT_WATER_NGN_PER_JOURNEY,975.613808,True
2025-05-01,Kogi,TRANSPORT_WATER_NGN_PER_JOURNEY,1515.716808,True
2025-05-01,Kwara,TRANSPORT_WATER_NGN_PER_JOURNEY,1555.743808,True
2025-05-01,Lagos,TRANSPORT_WATER_NGN_PER_JOURNEY,1975.316808,True
2025-05-01,Nasarawa,TRANSPORT_WATER_NGN_PER_JOURNEY,1095.424808,True
2025-05-01,Niger,TRANSPORT_WATER_NGN_PER_JOURNEY,1125.656808,True
2025-05-01,Ogun,TRANSPORT_WATER_NGN_PER_JOURNEY,2475.766808,True
2025-05-01,Ondo,TRANSPORT_WATER_NGN_PER_JOURNEY,2015.556808,True
2025-05-01,Osun,TRANSPORT_WATER_NGN_PER_JOURNEY,1455.446808,True
2025-05-01,Oyo,TRANSPORT_WATER_NGN_PER_JOURNEY,1195.74808,True
2025-05-01,Plateau,TRANSPORT_WATER_NGN_PER_JOURNEY,1095.216808,True
2025-05-01,Rivers,TRANSPORT_WATER_NGN_PER_JOURNEY,5495.650808,True
2025-05-01,Sokoto,TRANSPORT_WATER_NGN_PER_JOURNEY,1568.0,True
2025-05-01,Taraba,TRANSPORT_WATER_NGN_PER_JOURNEY,888.0,True
2025-05-01,Yobe,TRANSPORT_WATER_NGN_PER_JOURNEY,997.0,True
2025-05-01,Zamfara,TRANSPORT_WATER_NGN_PER_JOURNEY,897.0,True
2025-06-01,Abia,TRANSPORT_WATER_NGN_PER_JOURNEY,856.05,True
2025-06-01,Abuja,TRANSPORT_WATER_NGN_PER_JOURNEY,900.075,True
2025-06-01,Adamawa,TRANSPORT_WATER_NGN_PER_JOURNEY,1450.0,True
2025-06-01,Akwa Ibom,TRANSPORT_WATER_NGN_PER_JOURNEY,2780.0,True
2025-06-01,Anambra,TRANSPORT_WATER_NGN_PER_JOURNEY,985.296485,True
2025-06-01,Bauchi,TRANSPORT_WATER_NGN_PER_JOURNEY,1185.593685,True
2025-06-01,Bayelsa,TRANSPORT_WATER_NGN_PER_JOURNEY,4850.0114046556,True
2025-06-01,Benue,TRANSPORT_WATER_NGN_PER_JOURNEY,1430.56666666666,True
2025-06-01,Borno,TRANSPORT_WATER_NGN_PER_JOURNEY,680.506666666666,True
2025-06-01,Cross River,TRANSPORT_WATER_NGN_PER_JOURNEY,4000.24168,True
2025-06-01,Delta,TRANSPORT_WATER_NGN_PER_JOURNEY,4500.5726808,True
2025-06-01,Ebonyi,TRANSPORT_WATER_NGN_PER_JOURNEY,1486.867116808,True
2025-06-01,Edo,TRANSPORT_WATER_NGN_PER_JOURNEY,3689.3786808,True
2025-06-01,Ekiti,TRANSPORT_WATER_NGN_PER_JOURNEY,1185.88616808,True
2025-06-01,Enugu,TRANSPORT_WATER_NGN_PER_JOURNEY,1387.6736808,True
2025-06-01,Gombe,TRANSPORT_WATER_NGN_PER_JOURNEY,856.4478654888001,True
2025-06-01,Imo,TRANSPORT_WATER_NGN_PER_JOURNEY,1380.5716808,True
2025-06-01,Jigawa,TRANSPORT_WATER_NGN_PER_JOURNEY,1276.78053881224,True
2025-06-01,Kaduna,TRANSPORT_WATER_NGN_PER_JOURNEY,1075.9281015832162,True
2025-06-01,Kano,TRANSPORT_WATER_NGN_PER_JOURNEY,1075.414639492032,True
2025-06-01,Katsina,TRANSPORT_WATER_NGN_PER_JOURNEY,1176.6592622803198,True
2025-06-01,Kebbi,TRANSPORT_WATER_NGN_PER_JOURNEY,976.67722705072,True
2025-06-01,Kogi,TRANSPORT_WATER_NGN_PER_JOURNEY,1555.716808,True
2025-06-01,Kwara,TRANSPORT_WATER_NGN_PER_JOURNEY,1560.5743808,True
2025-06-01,Lagos,TRANSPORT_WATER_NGN_PER_JOURNEY,1980.0,True
2025-06-01,Nasarawa,TRANSPORT_WATER_NGN_PER_JOURNEY,1100.55424808,True
2025-06-01,Niger,TRANSPORT_WATER_NGN_PER_JOURNEY,1135.856808,True
2025-06-01,Ogun,TRANSPORT_WATER_NGN_PER_JOURNEY,2485.0,True
2025-06-01,Ondo,TRANSPORT_WATER_NGN_PER_JOURNEY,2057.883500968,True
2025-06-01,Osun,TRANSPORT_WATER_NGN_PER_JOURNEY,1470.565659048,True
2025-06-01,Oyo,TRANSPORT_WATER_NGN_PER_JOURNEY,1200.412379848,True
2025-06-01,Plateau,TRANSPORT_WATER_NGN_PER_JOURNEY,1096.66216808,True
2025-06-01,Rivers,TRANSPORT_WATER_NGN_PER_JOURNEY,5562.1481827768,True
2025-06-01,Sokoto,TRANSPORT_WATER_NGN_PER_JOURNEY,1578.189728,True
2025-06-01,Taraba,TRANSPORT_WATER_NGN_PER_JOURNEY,888.1864800000001,True
2025-06-01,Yobe,TRANSPORT_WATER_NGN_PER_JOURNEY,1000.0337,True
2025-06-01,Zamfara,TRANSPORT_WATER_NGN_PER_JOURNEY,906.15837,True
2025-07-01,Abia,TRANSPORT_WATER_NGN_PER_JOURNEY,862.100481,True
2025-07-01,Abuja,TRANSPORT_WATER_NGN_PER_JOURNEY,900.775,True
2025-07-01,Adamawa,TRANSPORT_WATER_NGN_PER_JOURNEY,1455.1295,True
2025-07-01,Akwa Ibom,TRANSPORT_WATER_NGN_PER_JOURNEY,2790.0,True
2025-07-01,Anambra,TRANSPORT_WATER_NGN_PER_JOURNEY,987.395999944985,True
2025-07-01,Bauchi,TRANSPORT_WATER_NGN_PER_JOURNEY,1126.0762216298,True
2025-07-01,Bayelsa,TRANSPORT_WATER_NGN_PER_JOURNEY,4900.54239651695,True
2025-07-01,Benue,TRANSPORT_WATER_NGN_PER_JOURNEY,1450.06556666666,True
2025-07-01,Borno,TRANSPORT_WATER_NGN_PER_JOURNEY,680.9163316799993,True
2025-07-01,Cross River,TRANSPORT_WATER_NGN_PER_JOURNEY,4010.46728395408,True
2025-07-01,Delta,TRANSPORT_WATER_NGN_PER_JOURNEY,4503.669715232,True
2025-07-01,Ebonyi,TRANSPORT_WATER_NGN_PER_JOURNEY,1487.5064696682273,True
2025-07-01,Edo,TRANSPORT_WATER_NGN_PER_JOURNEY,3689.855786808,True
2025-07-01,Ekiti,TRANSPORT_WATER_NGN_PER_JOURNEY,1188.616808,True
2025-07-01,Enugu,TRANSPORT_WATER_NGN_PER_JOURNEY,1387.7736808,True
2025-07-01,Gombe,TRANSPORT_WATER_NGN_PER_JOURNEY,857.22637668408,True
2025-07-01,Imo,TRANSPORT_WATER_NGN_PER_JOURNEY,1388.516808,True
2025-07-01,Jigawa,TRANSPORT_WATER_NGN_PER_JOURNEY,1286.8060481484,True
2025-07-01,Kaduna,TRANSPORT_WATER_NGN_PER_JOURNEY,1077.89450094024,True
2025-07-01,Kano,TRANSPORT_WATER_NGN_PER_JOURNEY,1076.4856410888,True
2025-07-01,Katsina,TRANSPORT_WATER_NGN_PER_JOURNEY,1186.68277101648,True
2025-07-01,Kebbi,TRANSPORT_WATER_NGN_PER_JOURNEY,986.74552001728,True
2025-07-01,Kogi,TRANSPORT_WATER_NGN_PER_JOURNEY,1568.4716808,True
2025-07-01,Kwara,TRANSPORT_WATER_NGN_PER_JOURNEY,1570.25743808,True
2025-07-01,Lagos,TRANSPORT_WATER_NGN_PER_JOURNEY,1983.0,True
2025-07-01,Nasarawa,TRANSPORT_WATER_NGN_PER_JOURNEY,1150.155424808,True
2025-07-01,Niger,TRANSPORT_WATER_NGN_PER_JOURNEY,1140.1856808,True
2025-07-01,Ogun,TRANSPORT_WATER_NGN_PER_JOURNEY,2510.427543312,True
2025-07-01,Ondo,TRANSPORT_WATER_NGN_PER_JOURNEY,2043.774603312,True
2025-07-01,Osun,TRANSPORT_WATER_NGN_PER_JOURNEY,1502.6032845792,True
2025-07-01,Oyo,TRANSPORT_WATER_NGN_PER_JOURNEY,1211.6993593872,True
2025-07-01,Plateau,TRANSPORT_WATER_NGN_PER_JOURNEY,1098.76216808,True
2025-07-01,Rivers,TRANSPORT_WATER_NGN_PER_JOURNEY,5567.31409453632,True
2025-07-01,Sokoto,TRANSPORT_WATER_NGN_PER_JOURNEY,1579.044672,True
2025-07-01,Taraba,TRANSPORT_WATER_NGN_PER_JOURNEY,898.2045952,True
2025-07-01,Yobe,TRANSPORT_WATER_NGN_PER_JOURNEY,1019.97088,True
2025-07-01,Zamfara,TRANSPORT_WATER_NGN_PER_JOURNEY,917.66688,True
2025-08-01,Abia,TRANSPORT_WATER_NGN_PER_JOURNEY,866.205458629643,True
2025-08-01,Abuja,TRANSPORT_WATER_NGN_PER_JOURNEY,905.675581431642,True
2025-08-01,Adamawa,TRANSPORT_WATER_NGN_PER_JOURNEY,1469.157337269268,True
2025-08-01,Akwa Ibom,TRANSPORT_WATER_NGN_PER_JOURNEY,2812.3473774622635,True
2025-08-01,Anambra,TRANSPORT_WATER_NGN_PER_JOURNEY,991.812906206084,True
2025-08-01,Bauchi,TRANSPORT_WATER_NGN_PER_JOURNEY,1187.0913699460646,True
2025-08-01,Bayelsa,TRANSPORT_WATER_NGN_PER_JOURNEY,4951.62442317863,True
2025-08-01,Benue,TRANSPORT_WATER_NGN_PER_JOURNEY,1489.9334589334728,True
2025-08-01,Borno,TRANSPORT_WATER_NGN_PER_JOURNEY,681.7382124179532,True
2025-08-01,Cross River,TRANSPORT_WATER_NGN_PER_JOURNEY,4060.76467283954,True
2025-08-01,Delta,TRANSPORT_WATER_NGN_PER_JOURNEY,4510.502474153835,True
2025-08-01,Ebonyi,TRANSPORT_WATER_NGN_PER_JOURNEY,1488.7891562132677,True
2025-08-01,Edo,TRANSPORT_WATER_NGN_PER_JOURNEY,3690.858965845781,True
2025-08-01,Ekiti,TRANSPORT_WATER_NGN_PER_JOURNEY,1194.4230610770876,True
2025-08-01,Enugu,TRANSPORT_WATER_NGN_PER_JOURNEY,1387.9863142209997,True
2025-08-01,Gombe,TRANSPORT_WATER_NGN_PER_JOURNEY,858.8116856638967,True
2025-08-01,Imo,TRANSPORT_WATER_NGN_PER_JOURNEY,1404.616291048162,True
2025-08-01,Jigawa,TRANSPORT_WATER_NGN_PER_JOURNEY,1307.3215908756586,True
2025-08-01,Kaduna,TRANSPORT_WATER_NGN_PER_JOURNEY,1081.91841121504,True
2025-08-01,Kano,TRANSPORT_WATER_NGN_PER_JOURNEY,1078.6772682952314,True
2025-08-01,Katsina,TRANSPORT_WATER_NGN_PER_JOURNEY,1207.1942198475183,True
2025-08-01,Kebbi,TRANSPORT_WATER_NGN_PER_JOURNEY,996.878839043917,True
2025-08-01,Kogi,TRANSPORT_WATER_NGN_PER_JOURNEY,1600.31731589884,True
2025-08-01,Kwara,TRANSPORT_WATER_NGN_PER_JOURNEY,1589.7527449585352,True
2025-08-01,Lagos,TRANSPORT_WATER_NGN_PER_JOURNEY,1990.0400263,True
2025-08-01,Nasarawa,TRANSPORT_WATER_NGN_PER_JOURNEY,1249.9242733034102,True
2025-08-01,Niger,TRANSPORT_WATER_NGN_PER_JOURNEY,1148.8928664562488,True
2025-08-01,Ogun,TRANSPORT_WATER_NGN_PER_JOURNEY,2560.57303790817,True
2025-08-01,Ondo,TRANSPORT_WATER_NGN_PER_JOURNEY,2045.41275615493,True
2025-08-01,Osun,TRANSPORT_WATER_NGN_PER_JOURNEY,1567.0056397982733,True
2025-08-01,Oyo,TRANSPORT_WATER_NGN_PER_JOURNEY,1234.422419465313,True
2025-08-01,Plateau,TRANSPORT_WATER_NGN_PER_JOURNEY,1100.98990908,True
2025-08-01,Rivers,TRANSPORT_WATER_NGN_PER_JOURNEY,5877.76008470525,True
2025-08-01,Sokoto,TRANSPORT_WATER_NGN_PER_JOURNEY,1586.7734542624,True
2025-08-01,Taraba,TRANSPORT_WATER_NGN_PER_JOURNEY,908.53427378272,True
2025-08-01,Yobe,TRANSPORT_WATER_NGN_PER_JOURNEY,1025.528106298,True
2025-08-01,Zamfara,TRANSPORT_WATER_NGN_PER_JOURNEY,930.533304661,True
2025-09-01,Abia,TRANSPORT_WATER_NGN_PER_JOURNEY,868.566720545862,True
2025-09-01,Abuja,TRANSPORT_WATER_NGN_PER_JOURNEY,908.456785467558,True
2025-09-01,Adamawa,TRANSPORT_WATER_NGN_PER_JOURNEY,1470.34157337269,True
2025-09-01,Akwa Ibom,TRANSPORT_WATER_NGN_PER_JOURNEY,2864.53473774622,True
2025-09-01,Anambra,TRANSPORT_WATER_NGN_PER_JOURNEY,996.95498129062,True
2025-09-01,Bauchi,TRANSPORT_WATER_NGN_PER_JOURNEY,1187.85529136994,True
2025-09-01,Bayelsa,TRANSPORT_WATER_NGN_PER_JOURNEY,4960.98824423178,True
2025-09-01,Benue,TRANSPORT_WATER_NGN_PER_JOURNEY,1499.99433345893,True
2025-09-01,Borno,TRANSPORT_WATER_NGN_PER_JOURNEY,687.073821241795,True
2025-09-01,Cross River,TRANSPORT_WATER_NGN_PER_JOURNEY,4100.76467283954,True
2025-09-01,Delta,TRANSPORT_WATER_NGN_PER_JOURNEY,4539.58247415383,True
2025-09-01,Ebonyi,TRANSPORT_WATER_NGN_PER_JOURNEY,1488.88915621327,True
2025-09-01,Edo,TRANSPORT_WATER_NGN_PER_JOURNEY,3698.95896584578,True
2025-09-01,Ekiti,TRANSPORT_WATER_NGN_PER_JOURNEY,1199.08742306107,True
2025-09-01,Enugu,TRANSPORT_WATER_NGN_PER_JOURNEY,1389.39986314221,True
2025-09-01,Gombe,TRANSPORT_WATER_NGN_PER_JOURNEY,866.720811685663,True
2025-09-01,Imo,TRANSPORT_WATER_NGN_PER_JOURNEY,1457.88162910481,True
2025-09-01,Jigawa,TRANSPORT_WATER_NGN_PER_JOURNEY,1337.13215908756,True
2025-09-01,Kaduna,TRANSPORT_WATER_NGN_PER_JOURNEY,1089.86791841121,True
2025-09-01,Kano,TRANSPORT_WATER_NGN_PER_JOURNEY,1080.21677268295,True
2025-09-01,Katsina,TRANSPORT_WATER_NGN_PER_JOURNEY,1208.69421984752,True
2025-09-01,Kebbi,TRANSPORT_WATER_NGN_PER_JOURNEY,1000.0112878839,True
2025-09-01,Kogi,TRANSPORT_WATER_NGN_PER_JOURNEY,1615.54173158988,True
2025-09-01,Kwara,TRANSPORT_WATER_NGN_PER_JOURNEY,1599.87527449585,True
2025-09-01,Lagos,TRANSPORT_WATER_NGN_PER_JOURNEY,2002.12890400263,True
2025-09-01,Nasarawa,TRANSPORT_WATER_NGN_PER_JOURNEY,1250.11924273303,True
2025-09-01,Niger,TRANSPORT_WATER_NGN_PER_JOURNEY,1168.09286645625,True
2025-09-01,Ogun,TRANSPORT_WATER_NGN_PER_JOURNEY,2562.05730379081,True
2025-09-01,Ondo,TRANSPORT_WATER_NGN_PER_JOURNEY,2050.45127561549,True
2025-09-01,Osun,TRANSPORT_WATER_NGN_PER_JOURNEY,1570.66005639798,True
2025-09-01,Oyo,TRANSPORT_WATER_NGN_PER_JOURNEY,1236.82241946531,True
2025-09-01,Plateau,TRANSPORT_WATER_NGN_PER_JOURNEY,1106.98990908,True
2025-09-01,Rivers,TRANSPORT_WATER_NGN_PER_JOURNEY,5887.77600847052,True
2025-09-01,Sokoto,TRANSPORT_WATER_NGN_PER_JOURNEY,1587.75734542624,True
2025-09-01,Taraba,TRANSPORT_WATER_NGN_PER_JOURNEY,910.503427378272,True
2025-09-01,Yobe,TRANSPORT_WATER_NGN_PER_JOURNEY,1043.5028106298,True
2025-09-01,Zamfara,TRANSPORT_WATER_NGN_PER_JOURNEY,935.5033304661,True
2025-10-01,Abia,TRANSPORT_WATER_NGN_PER_JOURNEY,870.745667205458,True
2025-10-01,Abuja,TRANSPORT_WATER_NGN_PER_JOURNEY,928.345678546755,True
2025-10-01,Adamawa,TRANSPORT_WATER_NGN_PER_JOURNEY,1470.86341573372,True
2025-10-01,Akwa Ibom,TRANSPORT_WATER_NGN_PER_JOURNEY,2874.25534737746,True
2025-10-01,Anambra,TRANSPORT_WATER_NGN_PER_JOURNEY,997.779549812906,True
2025-10-01,Bauchi,TRANSPORT_WATER_NGN_PER_JOURNEY,1190.95529136994,True
2025-10-01,Bayelsa,TRANSPORT_WATER_NGN_PER_JOURNEY,4966.17859882442,True
2025-10-01,Benue,TRANSPORT_WATER_NGN_PER_JOURNEY,1590.11099433345,True
2025-10-01,Borno,TRANSPORT_WATER_NGN_PER_JOURNEY,790.11099433345,True
2025-10-01,Cross River,TRANSPORT_WATER_NGN_PER_JOURNEY,4150.63476467283,True
2025-10-01,Delta,TRANSPORT_WATER_NGN_PER_JOURNEY,4650.63476467283,True
2025-10-01,Ebonyi,TRANSPORT_WATER_NGN_PER_JOURNEY,1650.63476467283,True
2025-10-01,Edo,TRANSPORT_WATER_NGN_PER_JOURNEY,3706.63476467283,True
2025-10-01,Ekiti,TRANSPORT_WATER_NGN_PER_JOURNEY,1296.16347646728,True
2025-10-01,Enugu,TRANSPORT_WATER_NGN_PER_JOURNEY,1403.22399863142,True
2025-10-01,Gombe,TRANSPORT_WATER_NGN_PER_JOURNEY,1000.38223998631,True
2025-10-01,Imo,TRANSPORT_WATER_NGN_PER_JOURNEY,1500.38223998631,True
2025-10-01,Jigawa,TRANSPORT_WATER_NGN_PER_JOURNEY,1400.38223998631,True
2025-10-01,Kaduna,TRANSPORT_WATER_NGN_PER_JOURNEY,1100.51382239986,True
2025-10-01,Kano,TRANSPORT_WATER_NGN_PER_JOURNEY,1100.43513822399,True
2025-10-01,Katsina,TRANSPORT_WATER_NGN_PER_JOURNEY,1213.694219847,True
2025-10-01,Kebbi,TRANSPORT_WATER_NGN_PER_JOURNEY,1053.694219847,True
2025-10-01,Kogi,TRANSPORT_WATER_NGN_PER_JOURNEY,1640.21354173158,True
2025-10-01,Kwara,TRANSPORT_WATER_NGN_PER_JOURNEY,1670.77213541731,True
2025-10-01,Lagos,TRANSPORT_WATER_NGN_PER_JOURNEY,2070.43772135417,True
2025-10-01,Nasarawa,TRANSPORT_WATER_NGN_PER_JOURNEY,1255.83119242733,True
2025-10-01,Niger,TRANSPORT_WATER_NGN_PER_JOURNEY,1155.18311924273,True
2025-10-01,Ogun,TRANSPORT_WATER_NGN_PER_JOURNEY,2580.4305730379,True
2025-10-01,Ondo,TRANSPORT_WATER_NGN_PER_JOURNEY,2058.88451275615,True
2025-10-01,Osun,TRANSPORT_WATER_NGN_PER_JOURNEY,1658.82184512756,True
2025-10-01,Oyo,TRANSPORT_WATER_NGN_PER_JOURNEY,1244.28822419465,True
2025-10-01,Plateau,TRANSPORT_WATER_NGN_PER_JOURNEY,1224.56288224194,True
2025-10-01,Rivers,TRANSPORT_WATER_NGN_PER_JOURNEY,6425.56288224194,True
2025-10-01,Sokoto,TRANSPORT_WATER_NGN_PER_JOURNEY,1614.08757345426,True
2025-10-01,Taraba,TRANSPORT_WATER_NGN_PER_JOURNEY,946.765503427378,True
2025-10-01,Yobe,TRANSPORT_WATER_NGN_PER_JOURNEY,1075.82750281062,True
2025-10-01,Zamfara,TRANSPORT_WATER_NGN_PER_JOURNEY,968.96,True
2025-11-01,Abia,TRANSPORT_WATER_NGN_PER_JOURNEY,1000.0,True
2025-11-01,Abuja,TRANSPORT_WATER_NGN_PER_JOURNEY,958.345678546755,True
2025-11-01,Adamawa,TRANSPORT_WATER_NGN_PER_JOURNEY,1571.152,True
2025-11-01,Akwa Ibom,TRANSPORT_WATER_NGN_PER_JOURNEY,2983.4464,True
2025-11-01,Anambra,TRANSPORT_WATER_NGN_PER_JOURNEY,983.4464,True
2025-11-01,Bauchi,TRANSPORT_WATER_NGN_PER_JOURNEY,1250.95529136994,True
2025-11-01,Bayelsa,TRANSPORT_WATER_NGN_PER_JOURNEY,5039.3732,True
2025-11-01,Benue,TRANSPORT_WATER_NGN_PER_JOURNEY,1765.58576,True
2025-11-01,Borno,TRANSPORT_WATER_NGN_PER_JOURNEY,803.4464,True
2025-11-01,Cross River,TRANSPORT_WATER_NGN_PER_JOURNEY,4175.5248,True
2025-11-01,Delta,TRANSPORT_WATER_NGN_PER_JOURNEY,4852.2354,True
2025-11-01,Ebonyi,TRANSPORT_WATER_NGN_PER_JOURNEY,1750.63476467283,True
2025-11-01,Edo,TRANSPORT_WATER_NGN_PER_JOURNEY,3906.63476467283,True
2025-11-01,Ekiti,TRANSPORT_WATER_NGN_PER_JOURNEY,1306.16347646728,True
2025-11-01,Enugu,TRANSPORT_WATER_NGN_PER_JOURNEY,1462.985,True
2025-11-01,Gombe,TRANSPORT_WATER_NGN_PER_JOURNEY,1014.0208,True
2025-11-01,Imo,TRANSPORT_WATER_NGN_PER_JOURNEY,1600.38223998631,True
2025-11-01,Jigawa,TRANSPORT_WATER_NGN_PER_JOURNEY,1420.38223998631,True
2025-11-01,Kaduna,TRANSPORT_WATER_NGN_PER_JOURNEY,1150.0,True
2025-11-01,Kano,TRANSPORT_WATER_NGN_PER_JOURNEY,1180.177,True
2025-11-01,Katsina,TRANSPORT_WATER_NGN_PER_JOURNEY,1234.65289585,True
2025-11-01,Kebbi,TRANSPORT_WATER_NGN_PER_JOURNEY,1071.152,True
2025-11-01,Kogi,TRANSPORT_WATER_NGN_PER_JOURNEY,1657.5,True
2025-11-01,Kwara,TRANSPORT_WATER_NGN_PER_JOURNEY,1700.0,True
2025-11-01,Lagos,TRANSPORT_WATER_NGN_PER_JOURNEY,2170.7604,True
2025-11-01,Nasarawa,TRANSPORT_WATER_NGN_PER_JOURNEY,1275.83119242733,True
2025-11-01,Niger,TRANSPORT_WATER_NGN_PER_JOURNEY,1165.4592724,True
2025-11-01,Ogun,TRANSPORT_WATER_NGN_PER_JOURNEY,2588.284838,True
2025-11-01,Ondo,TRANSPORT_WATER_NGN_PER_JOURNEY,2092.824892,True
2025-11-01,Osun,TRANSPORT_WATER_NGN_PER_JOURNEY,1784.0208,True
2025-11-01,Oyo,TRANSPORT_WATER_NGN_PER_JOURNEY,1284.0208,True
2025-11-01,Plateau,TRANSPORT_WATER_NGN_PER_JOURNEY,1250.0,True
2025-11-01,Rivers,TRANSPORT_WATER_NGN_PER_JOURNEY,6513.82855,True
2025-11-01,Sokoto,TRANSPORT_WATER_NGN_PER_JOURNEY,1634.08757345426,True
2025-11-01,Taraba,TRANSPORT_WATER_NGN_PER_JOURNEY,966.765503427378,True
2025-11-01,Yobe,TRANSPORT_WATER_NGN_PER_JOURNEY,1175.82750281062,True
2025-11-01,Zamfara,TRANSPORT_WATER_NGN_PER_JOURNEY,1214.0208,True
2025-12-01,Abia,TRANSPORT_WATER_NGN_PER_JOURNEY,1100.0,True
2025-12-01,Abuja,TRANSPORT_WATER_NGN_PER_JOURNEY,1028.34567854675,True
2025-12-01,Adamawa,TRANSPORT_WATER_NGN_PER_JOURNEY,1644.2764,True
2025-12-01,Akwa Ibom,TRANSPORT_WATER_NGN_PER_JOURNEY,3091.907728,True
2025-12-01,Anambra,TRANSPORT_WATER_NGN_PER_JOURNEY,1052.2388,True
2025-12-01,Bauchi,TRANSPORT_WATER_NGN_PER_JOURNEY,1390.95529136994,True
2025-12-01,Bayelsa,TRANSPORT_WATER_NGN_PER_JOURNEY,5147.085112,True
2025-12-01,Benue,TRANSPORT_WATER_NGN_PER_JOURNEY,1804.5231264,True
2025-12-01,Borno,TRANSPORT_WATER_NGN_PER_JOURNEY,874.550704,True
2025-12-01,Cross River,TRANSPORT_WATER_NGN_PER_JOURNEY,4378.6716,True
2025-12-01,Delta,TRANSPORT_WATER_NGN_PER_JOURNEY,4927.971973,True
2025-12-01,Ebonyi,TRANSPORT_WATER_NGN_PER_JOURNEY,1860.63476467283,True
2025-12-01,Edo,TRANSPORT_WATER_NGN_PER_JOURNEY,4306.63476467283,True
2025-12-01,Ekiti,TRANSPORT_WATER_NGN_PER_JOURNEY,1396.16347646728,True
2025-12-01,Enugu,TRANSPORT_WATER_NGN_PER_JOURNEY,1546.974525,True
2025-12-01,Gombe,TRANSPORT_WATER_NGN_PER_JOURNEY,1160.944368,True
2025-12-01,Imo,TRANSPORT_WATER_NGN_PER_JOURNEY,1650.38223998631,True
2025-12-01,Jigawa,TRANSPORT_WATER_NGN_PER_JOURNEY,1500.38223998631,True
2025-12-01,Kaduna,TRANSPORT_WATER_NGN_PER_JOURNEY,1240.0,True
2025-12-01,Kano,TRANSPORT_WATER_NGN_PER_JOURNEY,1393.04072,True
2025-12-01,Katsina,TRANSPORT_WATER_NGN_PER_JOURNEY,1540.0,True
2025-12-01,Kebbi,TRANSPORT_WATER_NGN_PER_JOURNEY,1144.2764,True
2025-12-01,Kogi,TRANSPORT_WATER_NGN_PER_JOURNEY,1800.3125,True
2025-12-01,Kwara,TRANSPORT_WATER_NGN_PER_JOURNEY,1800.0,True
2025-12-01,Lagos,TRANSPORT_WATER_NGN_PER_JOURNEY,2540.02055,True
2025-12-01,Nasarawa,TRANSPORT_WATER_NGN_PER_JOURNEY,1355.83119242733,True
2025-12-01,Niger,TRANSPORT_WATER_NGN_PER_JOURNEY,1288.86408969,True
2025-12-01,Ogun,TRANSPORT_WATER_NGN_PER_JOURNEY,2745.23017865,True
2025-12-01,Ondo,TRANSPORT_WATER_NGN_PER_JOURNEY,2263.87016506,True
2025-12-01,Osun,TRANSPORT_WATER_NGN_PER_JOURNEY,1851.717768,True
2025-12-01,Oyo,TRANSPORT_WATER_NGN_PER_JOURNEY,1350.0,True
2025-12-01,Plateau,TRANSPORT_WATER_NGN_PER_JOURNEY,1700.0,True
2025-12-01,Rivers,TRANSPORT_WATER_NGN_PER_JOURNEY,6830.40898875,True
2025-12-01,Sokoto,TRANSPORT_WATER_NGN_PER_JOURNEY,1764.08757345426,True
2025-12-01,Taraba,TRANSPORT_WATER_NGN_PER_JOURNEY,1046.76550342737,True
2025-12-01,Yobe,TRANSPORT_WATER_NGN_PER_JOURNEY,1370.82750281062,True
2025-12-01,Zamfara,TRANSPORT_WATER_NGN_PER_JOURNEY,1460.944368,True
2026-01-01,Abia,TRANSPORT_WATER_NGN_PER_JOURNEY,1150.0,True
2026-01-01,Abuja,TRANSPORT_WATER_NGN_PER_JOURNEY,1025.4567854675,True
2026-01-01,Adamawa,TRANSPORT_WATER_NGN_PER_JOURNEY,1660.0,True
2026-01-01,Akwa Ibom,TRANSPORT_WATER_NGN_PER_JOURNEY,3200.0,True
2026-01-01,Anambra,TRANSPORT_WATER_NGN_PER_JOURNEY,1050.0,True
2026-01-01,Bauchi,TRANSPORT_WATER_NGN_PER_JOURNEY,1370.54955291369,True
2026-01-01,Bayelsa,TRANSPORT_WATER_NGN_PER_JOURNEY,5247.773595,True
2026-01-01,Benue,TRANSPORT_WATER_NGN_PER_JOURNEY,1803.1354346887,True
2026-01-01,Borno,TRANSPORT_WATER_NGN_PER_JOURNEY,872.4883477125,True
2026-01-01,Cross River,TRANSPORT_WATER_NGN_PER_JOURNEY,4787.6057989326,True
2026-01-01,Delta,TRANSPORT_WATER_NGN_PER_JOURNEY,4903.07489251403,True
2026-01-01,Ebonyi,TRANSPORT_WATER_NGN_PER_JOURNEY,1806.10634764672,True
2026-01-01,Edo,TRANSPORT_WATER_NGN_PER_JOURNEY,4306.11634764672,True
2026-01-01,Ekiti,TRANSPORT_WATER_NGN_PER_JOURNEY,1396.01634764672,True
2026-01-01,Enugu,TRANSPORT_WATER_NGN_PER_JOURNEY,1500.0344,True
2026-01-01,Gombe,TRANSPORT_WATER_NGN_PER_JOURNEY,1150.86,True
2026-01-01,Imo,TRANSPORT_WATER_NGN_PER_JOURNEY,1652.03822399863,True
2026-01-01,Jigawa,TRANSPORT_WATER_NGN_PER_JOURNEY,1500.38223998631,True
2026-01-01,Kaduna,TRANSPORT_WATER_NGN_PER_JOURNEY,1240.0,True
2026-01-01,Kano,TRANSPORT_WATER_NGN_PER_JOURNEY,1298.987604072,True
2026-01-01,Katsina,TRANSPORT_WATER_NGN_PER_JOURNEY,1340.0,True
2026-01-01,Kebbi,TRANSPORT_WATER_NGN_PER_JOURNEY,1224.7632,True
2026-01-01,Kogi,TRANSPORT_WATER_NGN_PER_JOURNEY,2000.0,True
2026-01-01,Kwara,TRANSPORT_WATER_NGN_PER_JOURNEY,1800.0,True
2026-01-01,Lagos,TRANSPORT_WATER_NGN_PER_JOURNEY,2700.0,True
2026-01-01,Nasarawa,TRANSPORT_WATER_NGN_PER_JOURNEY,1358.83119242733,True
2026-01-01,Niger,TRANSPORT_WATER_NGN_PER_JOURNEY,1288.9986408969,True
2026-01-01,Ogun,TRANSPORT_WATER_NGN_PER_JOURNEY,2745.23017865,True
2026-01-01,Ondo,TRANSPORT_WATER_NGN_PER_JOURNEY,2273.77016506,True
2026-01-01,Osun,TRANSPORT_WATER_NGN_PER_JOURNEY,1863.1687134004,True
2026-01-01,Oyo,TRANSPORT_WATER_NGN_PER_JOURNEY,1390.0,True
2026-01-01,Plateau,TRANSPORT_WATER_NGN_PER_JOURNEY,1705.0,True
2026-01-01,Rivers,TRANSPORT_WATER_NGN_PER_JOURNEY,6838.3446859605,True
2026-01-01,Sokoto,TRANSPORT_WATER_NGN_PER_JOURNEY,1770.08757345426,True
2026-01-01,Taraba,TRANSPORT_WATER_NGN_PER_JOURNEY,1055.76550342737,True
2026-01-01,Yobe,TRANSPORT_WATER_NGN_PER_JOURNEY,1370.82750281062,True
2026-01-01,Zamfara,TRANSPORT_WATER_NGN_PER_JOURNEY,1532.01720464,True
2026-02-01,Abia,TRANSPORT_WATER_NGN_PER_JOURNEY,1200.0,True
2026-02-01,Abuja,TRANSPORT_WATER_NGN_PER_JOURNEY,1060.0,True
2026-02-01,Adamawa,TRANSPORT_WATER_NGN_PER_JOURNEY,1690.0,True
2026-02-01,Akwa Ibom,TRANSPORT_WATER_NGN_PER_JOURNEY,3272.1984185826,True
2026-02-01,Anambra,TRANSPORT_WATER_NGN_PER_JOURNEY,1100.0,True
2026-02-01,Bauchi,TRANSPORT_WATER_NGN_PER_JOURNEY,1380.54955291369,True
2026-02-01,Bayelsa,TRANSPORT_WATER_NGN_PER_JOURNEY,5338.4900730396,True
2026-02-01,Benue,TRANSPORT_WATER_NGN_PER_JOURNEY,1760.6666666667,True
2026-02-01,Borno,TRANSPORT_WATER_NGN_PER_JOURNEY,880.0,True
2026-02-01,Cross River,TRANSPORT_WATER_NGN_PER_JOURNEY,4870.9397878801,True
2026-02-01,Delta,TRANSPORT_WATER_NGN_PER_JOURNEY,4782.2949905208,True
2026-02-01,Ebonyi,TRANSPORT_WATER_NGN_PER_JOURNEY,1810.10634764672,True
2026-02-01,Edo,TRANSPORT_WATER_NGN_PER_JOURNEY,4350.0,True
2026-02-01,Ekiti,TRANSPORT_WATER_NGN_PER_JOURNEY,1406.01634764672,True
2026-02-01,Enugu,TRANSPORT_WATER_NGN_PER_JOURNEY,1520.0,True
2026-02-01,Gombe,TRANSPORT_WATER_NGN_PER_JOURNEY,1180.0,True
2026-02-01,Imo,TRANSPORT_WATER_NGN_PER_JOURNEY,1682.03822399863,True
2026-02-01,Jigawa,TRANSPORT_WATER_NGN_PER_JOURNEY,1500.0,True
2026-02-01,Kaduna,TRANSPORT_WATER_NGN_PER_JOURNEY,1250.0,True
2026-02-01,Kano,TRANSPORT_WATER_NGN_PER_JOURNEY,1300.8575994581,True
2026-02-01,Katsina,TRANSPORT_WATER_NGN_PER_JOURNEY,1350.0,True
2026-02-01,Kebbi,TRANSPORT_WATER_NGN_PER_JOURNEY,1324.968799729,True
2026-02-01,Kogi,TRANSPORT_WATER_NGN_PER_JOURNEY,2000.0,True
2026-02-01,Kwara,TRANSPORT_WATER_NGN_PER_JOURNEY,1850.1,True
2026-02-01,Lagos,TRANSPORT_WATER_NGN_PER_JOURNEY,2714.0,True
2026-02-01,Nasarawa,TRANSPORT_WATER_NGN_PER_JOURNEY,1360.83119242733,True
2026-02-01,Niger,TRANSPORT_WATER_NGN_PER_JOURNEY,1300.0,True
2026-02-01,Ogun,TRANSPORT_WATER_NGN_PER_JOURNEY,2755.23017865,True
2026-02-01,Ondo,TRANSPORT_WATER_NGN_PER_JOURNEY,2283.07016506,True
2026-02-01,Osun,TRANSPORT_WATER_NGN_PER_JOURNEY,1874.4389097879,True
2026-02-01,Oyo,TRANSPORT_WATER_NGN_PER_JOURNEY,1400.0,True
2026-02-01,Plateau,TRANSPORT_WATER_NGN_PER_JOURNEY,1720.0,True
2026-02-01,Rivers,TRANSPORT_WATER_NGN_PER_JOURNEY,6560.0054810307,True
2026-02-01,Sokoto,TRANSPORT_WATER_NGN_PER_JOURNEY,1789.10757345426,True
2026-02-01,Taraba,TRANSPORT_WATER_NGN_PER_JOURNEY,1055.76550342737,True
2026-02-01,Yobe,TRANSPORT_WATER_NGN_PER_JOURNEY,1378.35100266667,True
2026-02-01,Zamfara,TRANSPORT_WATER_NGN_PER_JOURNEY,1550.0,True
2026-03-01,Abia,TRANSPORT_WATER_NGN_PER_JOURNEY,1265.09343,True
2026-03-01,Abuja,TRANSPORT_WATER_NGN_PER_JOURNEY,1125.09343,True
2026-03-01,Adamawa,TRANSPORT_WATER_NGN_PER_JOURNEY,1788.879,True
2026-03-01,Akwa Ibom,TRANSPORT_WATER_NGN_PER_JOURNEY,3532.6236493709,True
2026-03-01,Anambra,TRANSPORT_WATER_NGN_PER_JOURNEY,1160.0,True
2026-03-01,Bauchi,TRANSPORT_WATER_NGN_PER_JOURNEY,1450.35495529136,True
2026-03-01,Bayelsa,TRANSPORT_WATER_NGN_PER_JOURNEY,5468.5085108548,True
2026-03-01,Benue,TRANSPORT_WATER_NGN_PER_JOURNEY,1836.045,True
2026-03-01,Borno,TRANSPORT_WATER_NGN_PER_JOURNEY,980.09234,True
2026-03-01,Cross River,TRANSPORT_WATER_NGN_PER_JOURNEY,4895.2373451832,True
2026-03-01,Delta,TRANSPORT_WATER_NGN_PER_JOURNEY,4983.0005545065,True
2026-03-01,Ebonyi,TRANSPORT_WATER_NGN_PER_JOURNEY,1905.19977764672,True
2026-03-01,Edo,TRANSPORT_WATER_NGN_PER_JOURNEY,4457.09876,True
2026-03-01,Ekiti,TRANSPORT_WATER_NGN_PER_JOURNEY,1498.46701634764,True
2026-03-01,Enugu,TRANSPORT_WATER_NGN_PER_JOURNEY,1586.54,True
2026-03-01,Gombe,TRANSPORT_WATER_NGN_PER_JOURNEY,1273.2,True
2026-03-01,Imo,TRANSPORT_WATER_NGN_PER_JOURNEY,1772.22399863,True
2026-03-01,Jigawa,TRANSPORT_WATER_NGN_PER_JOURNEY,1565.09343,True
2026-03-01,Kaduna,TRANSPORT_WATER_NGN_PER_JOURNEY,1315.09343,True
2026-03-01,Kano,TRANSPORT_WATER_NGN_PER_JOURNEY,1405.5223626001,True
2026-03-01,Katsina,TRANSPORT_WATER_NGN_PER_JOURNEY,1415.09343,True
2026-03-01,Kebbi,TRANSPORT_WATER_NGN_PER_JOURNEY,1404.67813001,True
2026-03-01,Kogi,TRANSPORT_WATER_NGN_PER_JOURNEY,2135.0,True
2026-03-01,Kwara,TRANSPORT_WATER_NGN_PER_JOURNEY,1910.99876551,True
2026-03-01,Lagos,TRANSPORT_WATER_NGN_PER_JOURNEY,2880.0979999999,True
2026-03-01,Nasarawa,TRANSPORT_WATER_NGN_PER_JOURNEY,1439.08311924273,True
2026-03-01,Niger,TRANSPORT_WATER_NGN_PER_JOURNEY,1408.0654329801,True
2026-03-01,Ogun,TRANSPORT_WATER_NGN_PER_JOURNEY,2820.32360865,True
2026-03-01,Ondo,TRANSPORT_WATER_NGN_PER_JOURNEY,2348.16359506,True
2026-03-01,Osun,TRANSPORT_WATER_NGN_PER_JOURNEY,1988.7838731352,True
2026-03-01,Oyo,TRANSPORT_WATER_NGN_PER_JOURNEY,1465.09343,True
2026-03-01,Plateau,TRANSPORT_WATER_NGN_PER_JOURNEY,1785.09343,True
2026-03-01,Rivers,TRANSPORT_WATER_NGN_PER_JOURNEY,6764.626067501,True
2026-03-01,Sokoto,TRANSPORT_WATER_NGN_PER_JOURNEY,1858.757345426,True
2026-03-01,Taraba,TRANSPORT_WATER_NGN_PER_JOURNEY,1160.85893342737,True
2026-03-01,Yobe,TRANSPORT_WATER_NGN_PER_JOURNEY,1478.44443266667,True
2026-03-01,Zamfara,TRANSPORT_WATER_NGN_PER_JOURNEY,1635.0168350168,True
2026-04-01,Abia,TRANSPORT_WATER_NGN_PER_JOURNEY,1280.09343,True
2026-04-01,Abuja,TRANSPORT_WATER_NGN_PER_JOURNEY,1125.29343,True
2026-04-01,Adamawa,TRANSPORT_WATER_NGN_PER_JOURNEY,1790.0123879,True
2026-04-01,Akwa Ibom,TRANSPORT_WATER_NGN_PER_JOURNEY,3532.6236493709,True
2026-04-01,Anambra,TRANSPORT_WATER_NGN_PER_JOURNEY,1160.907541,True
2026-04-01,Bauchi,TRANSPORT_WATER_NGN_PER_JOURNEY,1450.95529136,True
2026-04-01,Bayelsa,TRANSPORT_WATER_NGN_PER_JOURNEY,5468.85108548,True
2026-04-01,Benue,TRANSPORT_WATER_NGN_PER_JOURNEY,1842.12233045,True
2026-04-01,Borno,TRANSPORT_WATER_NGN_PER_JOURNEY,980.877655409234,True
2026-04-01,Cross River,TRANSPORT_WATER_NGN_PER_JOURNEY,4905.73451832,True
2026-04-01,Delta,TRANSPORT_WATER_NGN_PER_JOURNEY,4985.5545065,True
2026-04-01,Ebonyi,TRANSPORT_WATER_NGN_PER_JOURNEY,1945.77764672,True
2026-04-01,Edo,TRANSPORT_WATER_NGN_PER_JOURNEY,4460.67543909876,True
2026-04-01,Ekiti,TRANSPORT_WATER_NGN_PER_JOURNEY,1498.701634764,True
2026-04-01,Enugu,TRANSPORT_WATER_NGN_PER_JOURNEY,1590.7554,True
2026-04-01,Gombe,TRANSPORT_WATER_NGN_PER_JOURNEY,1280.4578232,True
2026-04-01,Imo,TRANSPORT_WATER_NGN_PER_JOURNEY,1795.99863,True
2026-04-01,Jigawa,TRANSPORT_WATER_NGN_PER_JOURNEY,1665.09343,True
2026-04-01,Kaduna,TRANSPORT_WATER_NGN_PER_JOURNEY,1355.56012239343,True
2026-04-01,Kano,TRANSPORT_WATER_NGN_PER_JOURNEY,1405.87546522362,True
2026-04-01,Katsina,TRANSPORT_WATER_NGN_PER_JOURNEY,1438.172038343,True
2026-04-01,Kebbi,TRANSPORT_WATER_NGN_PER_JOURNEY,1495.87813001,True
2026-04-01,Kogi,TRANSPORT_WATER_NGN_PER_JOURNEY,2255.504329876,True
2026-04-01,Kwara,TRANSPORT_WATER_NGN_PER_JOURNEY,1980.876551,True
2026-04-01,Lagos,TRANSPORT_WATER_NGN_PER_JOURNEY,2950.873109799,True
2026-04-01,Nasarawa,TRANSPORT_WATER_NGN_PER_JOURNEY,1496.311924273,True
2026-04-01,Niger,TRANSPORT_WATER_NGN_PER_JOURNEY,1450.80904565432,True
2026-04-01,Ogun,TRANSPORT_WATER_NGN_PER_JOURNEY,2850.7360865,True
2026-04-01,Ondo,TRANSPORT_WATER_NGN_PER_JOURNEY,2400.0359506,True
2026-04-01,Osun,TRANSPORT_WATER_NGN_PER_JOURNEY,2028.43738731352,True
2026-04-01,Oyo,TRANSPORT_WATER_NGN_PER_JOURNEY,1555.81200923763,True
2026-04-01,Plateau,TRANSPORT_WATER_NGN_PER_JOURNEY,1805.721909343,True
2026-04-01,Rivers,TRANSPORT_WATER_NGN_PER_JOURNEY,6777.44506067501,True
2026-04-01,Sokoto,TRANSPORT_WATER_NGN_PER_JOURNEY,1905.20766734542,True
2026-04-01,Taraba,TRANSPORT_WATER_NGN_PER_JOURNEY,1200.75893342737,True
2026-04-01,Yobe,TRANSPORT_WATER_NGN_PER_JOURNEY,1500.92104444326,True
2026-04-01,Zamfara,TRANSPORT_WATER_NGN_PER_JOURNEY,1635.1068350168,True
2026-05-01,Abia,TRANSPORT_WATER_NGN_PER_JOURNEY,1280.89343,False
2026-05-01,Abuja,TRANSPORT_WATER_NGN_PER_JOURNEY,1128.6804329343,False
2026-05-01,Adamawa,TRANSPORT_WATER_NGN_PER_JOURNEY,1853.6,False
2026-05-01,Akwa Ibom,TRANSPORT_WATER_NGN_PER_JOURNEY,3600.4924669024,False
2026-05-01,Anambra,TRANSPORT_WATER_NGN_PER_JOURNEY,1246.5,False
2026-05-01,Bauchi,TRANSPORT_WATER_NGN_PER_JOURNEY,1500.30823738776,False
2026-05-01,Bayelsa,TRANSPORT_WATER_NGN_PER_JOURNEY,5600.0226156243,False
2026-05-01,Benue,TRANSPORT_WATER_NGN_PER_JOURNEY,1855.8760833333,False
2026-05-01,Borno,TRANSPORT_WATER_NGN_PER_JOURNEY,1010.5,False
2026-05-01,Cross River,TRANSPORT_WATER_NGN_PER_JOURNEY,5089.8086158838,False
2026-05-01,Delta,TRANSPORT_WATER_NGN_PER_JOURNEY,4995.9905791621,False
2026-05-01,Ebonyi,TRANSPORT_WATER_NGN_PER_JOURNEY,1998.01559,False
2026-05-01,Edo,TRANSPORT_WATER_NGN_PER_JOURNEY,4495.21375028068,False
2026-05-01,Ekiti,TRANSPORT_WATER_NGN_PER_JOURNEY,1510.04027921474,False
2026-05-01,Enugu,TRANSPORT_WATER_NGN_PER_JOURNEY,1620.673,False
2026-05-01,Gombe,TRANSPORT_WATER_NGN_PER_JOURNEY,1300.84,False
2026-05-01,Imo,TRANSPORT_WATER_NGN_PER_JOURNEY,1870.59518712857,False
2026-05-01,Jigawa,TRANSPORT_WATER_NGN_PER_JOURNEY,1708.83279021805,False
2026-05-01,Kaduna,TRANSPORT_WATER_NGN_PER_JOURNEY,1378.27584514909,False
2026-05-01,Kano,TRANSPORT_WATER_NGN_PER_JOURNEY,1482.0325768728,False
2026-05-01,Katsina,TRANSPORT_WATER_NGN_PER_JOURNEY,1449.42856979456,False
2026-05-01,Kebbi,TRANSPORT_WATER_NGN_PER_JOURNEY,1550.3417651111,False
2026-05-01,Kogi,TRANSPORT_WATER_NGN_PER_JOURNEY,2263.0396,False
2026-05-01,Kwara,TRANSPORT_WATER_NGN_PER_JOURNEY,1992.13347293964,False
2026-05-01,Lagos,TRANSPORT_WATER_NGN_PER_JOURNEY,3060.89765431,False
2026-05-01,Nasarawa,TRANSPORT_WATER_NGN_PER_JOURNEY,1527.32975683383,False
2026-05-01,Niger,TRANSPORT_WATER_NGN_PER_JOURNEY,1509.001275423,False
2026-05-01,Ogun,TRANSPORT_WATER_NGN_PER_JOURNEY,2919.23760584496,False
2026-05-01,Ondo,TRANSPORT_WATER_NGN_PER_JOURNEY,2500.39634341793,False
2026-05-01,Osun,TRANSPORT_WATER_NGN_PER_JOURNEY,2088.90238765467,False
2026-05-01,Oyo,TRANSPORT_WATER_NGN_PER_JOURNEY,1598.68037730011,False
2026-05-01,Plateau,TRANSPORT_WATER_NGN_PER_JOURNEY,1891.99401203771,False
2026-05-01,Rivers,TRANSPORT_WATER_NGN_PER_JOURNEY,6893.5515697665,False
2026-05-01,Sokoto,TRANSPORT_WATER_NGN_PER_JOURNEY,1967.35399414136,False
2026-05-01,Taraba,TRANSPORT_WATER_NGN_PER_JOURNEY,1230.91200237654,False
2026-05-01,Yobe,TRANSPORT_WATER_NGN_PER_JOURNEY,1573.43821238577,False
2026-05-01,Zamfara,TRANSPORT_WATER_NGN_PER_JOURNEY,1686.0809586802,False
